reference_date,train_end,y_true_move,proba_move,pred_move,train_majority_pred
2017-03-15,2017-03-14,1,0.7094810441156553,1,0
2017-03-16,2017-03-14,1,0.6335553848297529,1,0
2017-03-17,2017-03-14,1,0.8374587713162022,1,0
2017-03-20,2017-03-14,1,0.8050498694805508,1,0
2017-03-21,2017-03-14,1,0.7391841392200221,1,0
2017-03-22,2017-03-14,1,0.7430597495988839,1,0
2017-03-23,2017-03-14,1,0.651532270209508,1,0
2017-03-24,2017-03-14,1,0.5135382210801266,1,0
2017-03-27,2017-03-14,1,0.40886768647747346,0,0
2017-03-29,2017-03-14,1,0.33287851609901764,0,0
2017-03-30,2017-03-14,1,0.26076634521371805,0,0
2017-03-31,2017-03-14,1,0.5835892633001744,1,0
2017-04-03,2017-03-14,1,0.3552643766617132,0,0
2017-04-04,2017-03-14,1,0.8791697896169351,1,0
2017-04-05,2017-03-14,1,0.9024811728525527,1,0
2017-04-06,2017-03-14,1,0.7678662018793119,1,0
2017-04-07,2017-03-14,1,0.6743711448393458,1,0
2017-04-10,2017-03-14,0,0.6148468451144835,1,0
2017-04-11,2017-03-14,1,0.6390331420931707,1,0
2017-04-12,2017-03-14,0,0.5578151910628714,1,0
2017-04-13,2017-03-14,0,0.5420767954512045,1,0
2017-04-17,2017-03-14,1,0.6062239592779004,1,0
2017-04-18,2017-03-14,1,0.6105090264935347,1,0
2017-04-20,2017-03-14,1,0.5946895291598828,1,0
2017-04-21,2017-03-14,1,0.4777574544171565,0,0
2017-04-25,2017-03-14,1,0.4009386428541327,0,0
2017-04-26,2017-03-14,1,0.3566917355745389,0,0
2017-04-27,2017-03-14,1,0.3556118006431056,0,0
2017-04-28,2017-03-14,1,0.2915589398904328,0,0
2017-05-02,2017-03-14,1,0.2476492250822953,0,0
2017-05-03,2017-03-14,1,0.39894866845289384,0,0
2017-05-04,2017-03-14,1,0.17621691184624233,0,0
2017-05-05,2017-03-14,1,0.09269715049382019,0,0
2017-05-08,2017-03-14,1,0.0655256475428718,0,0
2017-05-09,2017-03-14,1,0.0563959069939582,0,0
2017-05-10,2017-03-14,1,0.07229248406462506,0,0
2017-05-12,2017-03-14,1,0.416077711000601,0,0
2017-05-15,2017-03-14,1,0.5323833918626742,1,0
2017-05-16,2017-03-14,1,0.425931252139381,0,0
2017-05-17,2017-03-14,1,0.38835654373093687,0,0
2017-05-18,2017-03-14,1,0.5497680494342094,1,0
2017-05-19,2017-03-14,1,0.6363417803833721,1,0
2017-05-22,2017-03-14,1,0.4920080797125288,0,0
2017-05-23,2017-03-14,1,0.36544784612817477,0,0
2017-05-24,2017-03-14,1,0.2647169162342988,0,0
2017-05-26,2017-03-14,1,0.28269965153312787,0,0
2017-05-29,2017-03-14,0,0.2805183855744527,0,0
2017-05-30,2017-03-14,1,0.3078533302149577,0,0
2017-05-31,2017-03-14,0,0.44666763035296075,0,0
2017-06-02,2017-03-14,1,0.35444201954283194,0,0
2017-06-05,2017-03-14,1,0.32509281160434594,0,0
2017-06-06,2017-03-14,0,0.29996474515520366,0,0
2017-06-07,2017-03-14,0,0.19727786073395984,0,0
2017-06-08,2017-03-14,0,0.17100097577811066,0,0
2017-06-09,2017-03-14,0,0.17433936754023055,0,0
2017-06-12,2017-03-14,0,0.170927340725401,0,0
2017-06-13,2017-03-14,0,0.15312604844986585,0,0
2017-06-14,2017-03-14,0,0.15764032069621498,0,0
2017-06-15,2017-03-14,0,0.1498611202327768,0,0
2017-06-16,2017-03-14,0,0.17004803698595553,0,0
2017-06-19,2017-03-14,0,0.20940535572616606,0,0
2017-06-20,2017-03-14,0,0.18243711345030694,0,0
2017-06-21,2017-03-14,0,0.16299768468751777,0,0
2017-06-22,2017-03-14,0,0.1606759929178141,0,0
2017-07-03,2017-03-14,0,0.2443840417138582,0,0
2017-07-04,2017-03-14,0,0.23216126473962714,0,0
2017-07-05,2017-03-14,0,0.23328773913651624,0,0
2017-07-06,2017-03-14,0,0.226800782583912,0,0
2017-07-07,2017-03-14,0,0.208738755317371,0,0
2017-07-10,2017-03-14,0,0.1941013806042564,0,0
2017-07-11,2017-03-14,0,0.19119619213912567,0,0
2017-07-12,2017-03-14,0,0.19031548305733806,0,0
2017-07-13,2017-03-14,0,0.19510592342632724,0,0
2017-07-14,2017-03-14,0,0.19970864229447502,0,0
2017-07-17,2017-03-14,0,0.2043802608379964,0,0
2017-07-18,2017-03-14,0,0.2087697805394245,0,0
2017-07-19,2017-03-14,0,0.21474412099783804,0,0
2017-07-20,2017-03-14,0,0.19875106163221734,0,0
2017-07-21,2017-03-14,0,0.1847730154666173,0,0
2017-07-24,2017-03-14,0,0.18265026524013583,0,0
2017-07-25,2017-03-14,0,0.18610381166406711,0,0
2017-07-26,2017-03-14,0,0.18923255599966907,0,0
2017-07-27,2017-03-14,0,0.19240547462776073,0,0
2017-07-28,2017-03-14,0,0.20687875557970167,0,0
2017-07-31,2017-03-14,0,0.2798118053568642,0,0
2017-08-01,2017-03-14,0,0.27623279702702,0,0
2017-08-02,2017-03-14,0,0.2803503473524198,0,0
2017-08-03,2017-03-14,0,0.3014428345902379,0,0
2017-08-04,2017-03-14,0,0.2732768390237175,0,0
2017-08-07,2017-03-14,0,0.22228982618604268,0,0
2017-08-08,2017-03-14,0,0.22556570417992158,0,0
2017-08-09,2017-03-14,0,0.22618393094081718,0,0
2017-08-10,2017-03-14,0,0.23608721922933282,0,0
2017-08-11,2017-03-14,0,0.22696016394681506,0,0
2017-08-14,2017-03-14,0,0.23064258961850984,0,0
2017-08-15,2017-03-14,0,0.23561323407968165,0,0
2017-08-16,2017-03-14,0,0.23752937373584276,0,0
2017-08-18,2017-03-14,0,0.23790262411472182,0,0
2017-08-21,2017-03-14,0,0.24713914655271763,0,0
2017-08-22,2017-03-14,0,0.26368330542350266,0,0
2017-08-23,2017-03-14,0,0.25755966407170705,0,0
2017-08-24,2017-03-14,0,0.2564722332011909,0,0
2017-08-25,2017-03-14,0,0.369539310854556,0,0
2017-08-28,2017-03-14,0,0.4976474486986272,0,0
2017-08-29,2017-03-14,0,0.33368231875947957,0,0
2017-08-30,2017-03-14,0,0.33061538915289135,0,0
2017-08-31,2017-03-14,0,0.7437653873994937,1,0
2017-09-04,2017-03-14,0,0.3403732829186944,0,0
2017-09-05,2017-03-14,0,0.34077965495896867,0,0
2017-09-06,2017-03-14,0,0.364889732573031,0,0
2017-09-07,2017-03-14,0,0.27046721619885755,0,0
2017-09-08,2017-03-14,0,0.2727742085153754,0,0
2017-09-11,2017-03-14,0,0.2956324178273516,0,0
2017-09-12,2017-03-14,0,0.295568162331831,0,0
2017-09-13,2017-03-14,0,0.2809416270709756,0,0
2017-09-14,2017-03-14,0,0.2823895994983935,0,0
2017-09-15,2017-03-14,0,0.28541730497640033,0,0
2017-09-18,2017-03-14,0,0.45118615074070767,0,0
2017-09-19,2017-03-14,0,0.32279923067591826,0,0
2017-09-20,2017-03-14,0,0.38276379884054573,0,0
2017-09-22,2017-03-14,0,0.3409561227133207,0,0
2017-09-25,2017-03-14,0,0.3069451142263924,0,0
2017-09-26,2017-03-14,0,0.3057186588530139,0,0
2017-09-27,2017-03-14,0,0.2910477199771963,0,0
2017-09-28,2017-03-14,0,0.29498710382753857,0,0
2017-09-29,2017-03-14,0,0.2961108359171813,0,0
2017-10-02,2017-09-29,0,0.09565835494418419,0,0
2017-10-03,2017-09-29,0,0.09711997750782868,0,0
2017-10-04,2017-09-29,0,0.0983559937069852,0,0
2017-10-05,2017-09-29,0,0.09723908567796043,0,0
2017-10-06,2017-09-29,0,0.06647484774517616,0,0
2017-10-09,2017-09-29,0,0.06649701143746205,0,0
2017-10-10,2017-09-29,0,0.06747768672605099,0,0
2017-10-11,2017-09-29,0,0.06639407711579767,0,0
2017-10-12,2017-09-29,0,0.0668870364070425,0,0
2017-10-13,2017-09-29,0,0.06656987549948112,0,0
2017-10-16,2017-09-29,0,0.0667511657800853,0,0
2017-10-17,2017-09-29,0,0.0664832877249272,0,0
2017-10-18,2017-09-29,0,0.06699084485158441,0,0
2017-10-19,2017-09-29,0,0.06679840619528697,0,0
2017-10-20,2017-09-29,0,0.06798371284333729,0,0
2017-10-23,2017-09-29,0,0.05566429025450651,0,0
2017-10-24,2017-09-29,0,0.1038686011748898,0,0
2017-10-25,2017-09-29,0,0.08853244401829335,0,0
2017-10-26,2017-09-29,0,0.07496180616243969,0,0
2017-10-27,2017-09-29,0,0.1286029040856077,0,0
2017-10-30,2017-09-29,0,0.12673367671606006,0,0
2017-10-31,2017-09-29,0,0.3017403365115381,0,0
2017-11-01,2017-09-29,0,0.10831652371979693,0,0
2017-11-02,2017-09-29,0,0.09934189091996544,0,0
2017-11-03,2017-09-29,0,0.09676450858746277,0,0
2017-11-06,2017-09-29,0,0.10070835883439315,0,0
2017-11-07,2017-09-29,0,0.06878791930001897,0,0
2017-11-08,2017-09-29,0,0.0677124527291375,0,0
2017-11-09,2017-09-29,0,0.07242843352856276,0,0
2017-11-10,2017-09-29,0,0.06819113152991617,0,0
2017-11-13,2017-09-29,0,0.06995295112853205,0,0
2017-11-14,2017-09-29,0,0.06812017355368263,0,0
2017-11-15,2017-09-29,0,0.06860477081664206,0,0
2017-11-16,2017-09-29,0,0.06813526580524332,0,0
2017-11-17,2017-09-29,0,0.06832782256738923,0,0
2017-11-20,2017-09-29,0,0.06734767586220318,0,0
2017-11-21,2017-09-29,0,0.06753966859380924,0,0
2017-11-22,2017-09-29,0,0.06825331990693755,0,0
2017-11-23,2017-09-29,0,0.16024244093206738,0,0
2017-11-24,2017-09-29,0,0.08684467716007033,0,0
2017-11-27,2017-09-29,0,0.08790674711901685,0,0
2017-11-28,2017-09-29,0,0.11128581215864215,0,0
2017-11-29,2017-09-29,0,0.11186250779323648,0,0
2017-11-30,2017-09-29,0,0.08199403378015126,0,0
2017-12-01,2017-09-29,0,0.06911631366078815,0,0
2017-12-04,2017-09-29,0,0.0687100752243217,0,0
2017-12-05,2017-09-29,0,0.06859567119223081,0,0
2017-12-06,2017-09-29,0,0.06859938994757152,0,0
2017-12-07,2017-09-29,0,0.06628643226999473,0,0
2017-12-08,2017-09-29,0,0.06642892831091106,0,0
2017-12-11,2017-09-29,0,0.06748784654635401,0,0
2017-12-12,2017-09-29,0,0.06797505350619858,0,0
2017-12-13,2017-09-29,0,0.06813537952480582,0,0
2017-12-14,2017-09-29,0,0.06754971576365076,0,0
2017-12-15,2017-09-29,0,0.06711487828324797,0,0
2017-12-18,2017-09-29,0,0.06687020779361734,0,0
2017-12-19,2017-09-29,0,0.06710860502034727,0,0
2017-12-20,2017-09-29,0,0.06933616748596204,0,0
2017-12-21,2017-09-29,0,0.07344465918386782,0,0
2017-12-22,2017-09-29,0,0.0738601444601153,0,0
2017-12-27,2017-09-29,0,0.07000573734221574,0,0
2017-12-28,2017-09-29,0,0.09246591033704799,0,0
2017-12-29,2017-09-29,0,0.0911575650470089,0,0
2018-01-02,2017-09-29,0,0.18757378615798523,0,0
2018-01-03,2017-09-29,0,0.17792920798859377,0,0
2018-01-04,2017-09-29,1,0.18754781134298765,0,0
2018-01-05,2017-09-29,0,0.09643399986530499,0,0
2018-01-08,2017-09-29,1,0.11033240197997787,0,0
2018-01-09,2017-09-29,0,0.11031480582370735,0,0
2018-01-10,2017-09-29,0,0.11026505544307261,0,0
2018-01-11,2017-09-29,1,0.39246542270789636,0,0
2018-01-12,2017-09-29,0,0.25889377268588076,0,0
2018-01-15,2017-09-29,0,0.42260673795521914,0,0
2018-01-16,2017-09-29,1,0.33899725091215444,0,0
2018-01-17,2017-09-29,1,0.4221188831201065,0,0
2018-01-18,2017-09-29,1,0.2532944742321384,0,0
2018-01-19,2017-09-29,1,0.3436690363908853,0,0
2018-01-22,2017-09-29,0,0.40958557731777834,0,0
2018-01-23,2017-09-29,1,0.47692151425607326,0,0
2018-01-24,2017-09-29,1,0.578361281412575,1,0
2018-01-25,2017-09-29,1,0.6790626561861091,1,0
2018-01-26,2017-09-29,1,0.7181970599785422,1,0
2018-01-29,2017-09-29,1,0.584593769647833,1,0
2018-01-30,2017-09-29,0,0.5455383554189843,1,0
2018-01-31,2017-09-29,1,0.9905185312475325,1,0
2018-02-01,2017-09-29,0,0.7650602460871365,1,0
2018-02-02,2017-09-29,1,0.7519102874812302,1,0
2018-02-05,2017-09-29,0,0.5984155598135437,1,0
2018-02-06,2017-09-29,0,0.7368198478359176,1,0
2018-02-07,2017-09-29,0,0.3340382162566716,0,0
2018-02-08,2017-09-29,0,0.6681280775477028,1,0
2018-02-09,2017-09-29,0,0.49915249306076165,0,0
2018-02-12,2017-09-29,0,0.5370491358731951,1,0
2018-02-13,2017-09-29,0,0.48407093731781137,0,0
2018-02-14,2017-09-29,1,0.4550697702891664,0,0
2018-02-15,2017-09-29,1,0.4262676525164579,0,0
2018-02-19,2017-09-29,1,0.4061574842163152,0,0
2018-02-20,2017-09-29,1,0.1939586981920805,0,0
2018-02-21,2017-09-29,1,0.9602695721672528,1,0
2018-02-22,2017-09-29,1,0.9288029971604789,1,0
2018-02-23,2017-09-29,1,0.9005931222027681,1,0
2018-02-26,2017-09-29,1,0.8545931120519212,1,0
2018-02-27,2017-09-29,1,0.8902324704984255,1,0
2018-02-28,2017-09-29,1,0.7385738745125723,1,0
2018-03-01,2017-09-29,1,0.790611708682097,1,0
2018-03-02,2017-09-29,1,0.823175401772543,1,0
2018-03-05,2017-09-29,1,0.8532063213743128,1,0
2018-03-06,2017-09-29,1,0.8206493890453919,1,0
2018-03-07,2017-09-29,1,0.9149147005863681,1,0
2018-03-08,2017-09-29,1,0.7989212251850866,1,0
2018-03-09,2017-09-29,1,0.8112017670181823,1,0
2018-03-12,2017-09-29,0,0.8392943003170431,1,0
2018-03-13,2017-09-29,0,0.6432347456157219,1,0
2018-03-14,2017-09-29,1,0.6803742656414382,1,0
2018-03-15,2017-09-29,1,0.6022481153452399,1,0
2018-03-16,2017-09-29,1,0.5479401056292231,1,0
2018-03-19,2017-09-29,1,0.5241491220510579,1,0
2018-03-20,2017-09-29,0,0.36500355393003886,0,0
2018-03-21,2017-09-29,1,0.883673901083907,1,0
2018-03-22,2017-09-29,1,0.7177654995774507,1,0
2018-03-23,2017-09-29,1,0.6154786104286205,1,0
2018-03-26,2017-09-29,1,0.5902590616240458,1,0
2018-03-27,2017-09-29,0,0.5112600393680848,1,0
2018-03-28,2017-09-29,0,0.18884568162907864,0,0
2018-03-29,2017-09-29,0,0.390114507642977,0,0
2018-04-02,2017-09-29,0,0.38194102301016203,0,0
2018-04-03,2018-04-02,0,0.29802705152293907,0,0
2018-04-04,2018-04-02,0,0.27755203933717176,0,0
2018-04-05,2018-04-02,0,0.23567718905295834,0,0
2018-04-06,2018-04-02,0,0.20297357931543464,0,0
2018-04-09,2018-04-02,0,0.21244732642036374,0,0
2018-04-10,2018-04-02,0,0.16267722022873413,0,0
2018-04-11,2018-04-02,0,0.19440720586078922,0,0
2018-04-12,2018-04-02,0,0.14670634638439684,0,0
2018-04-13,2018-04-02,0,0.09150188218520804,0,0
2018-04-16,2018-04-02,0,0.06224131589280795,0,0
2018-04-17,2018-04-02,0,0.119875843621257,0,0
2018-04-18,2018-04-02,0,0.07589263046009367,0,0
2018-04-19,2018-04-02,0,0.06971943900423225,0,0
2018-04-20,2018-04-02,0,0.09445942378924334,0,0
2018-04-23,2018-04-02,0,0.07946111446030645,0,0
2018-04-24,2018-04-02,0,0.07427431833522091,0,0
2018-04-25,2018-04-02,0,0.07451534669770586,0,0
2018-04-26,2018-04-02,0,0.07428494694428739,0,0
2018-04-27,2018-04-02,0,0.07041558248558458,0,0
2018-04-30,2018-04-02,0,0.0831966820051212,0,0
2018-05-02,2018-04-02,0,0.05786488723042836,0,0
2018-05-03,2018-04-02,0,0.05873657993241944,0,0
2018-05-04,2018-04-02,0,0.052036615024054184,0,0
2018-05-07,2018-04-02,0,0.05081710318966441,0,0
2018-05-08,2018-04-02,0,0.0458759237435225,0,0
2018-05-09,2018-04-02,0,0.04673758592666344,0,0
2018-05-11,2018-04-02,0,0.04739613381727813,0,0
2018-05-14,2018-04-02,0,0.046164369684556596,0,0
2018-05-15,2018-04-02,0,0.04725648141072933,0,0
2018-05-16,2018-04-02,0,0.04653076838105522,0,0
2018-05-17,2018-04-02,0,0.04771880715246581,0,0
2018-05-18,2018-04-02,0,0.04711186841453265,0,0
2018-05-21,2018-04-02,0,0.04749722136227128,0,0
2018-05-22,2018-04-02,0,0.04130336817702582,0,0
2018-05-23,2018-04-02,0,0.04158568413752107,0,0
2018-05-24,2018-04-02,0,0.041607101253855514,0,0
2018-05-25,2018-04-02,0,0.04191569738982398,0,0
2018-05-28,2018-04-02,0,0.09905219478999999,0,0
2018-05-30,2018-04-02,0,0.04920546366203575,0,0
2018-05-31,2018-04-02,0,0.06736743387292436,0,0
2018-06-04,2018-04-02,0,0.04375925335006647,0,0
2018-06-05,2018-04-02,0,0.045462676073202285,0,0
2018-06-06,2018-04-02,0,0.05613405708378133,0,0
2018-06-07,2018-04-02,0,0.04356723468435687,0,0
2018-06-08,2018-04-02,0,0.04356616266297862,0,0
2018-06-20,2018-04-02,0,0.04314338410808967,0,0
2018-06-21,2018-04-02,0,0.04320333076643687,0,0
2018-06-22,2018-04-02,0,0.044336005223679496,0,0
2018-06-25,2018-04-02,0,0.04466785537471994,0,0
2018-06-26,2018-04-02,0,0.049511813872548834,0,0
2018-06-27,2018-04-02,0,0.044597188578146624,0,0
2018-06-28,2018-04-02,0,0.04588898884295742,0,0
2018-06-29,2018-04-02,0,0.04820348118003995,0,0
2018-07-02,2018-04-02,0,0.061588472996797296,0,0
2018-07-03,2018-04-02,0,0.06486827560148296,0,0
2018-07-04,2018-04-02,0,0.06426616348475,0,0
2018-07-05,2018-04-02,0,0.06439052277998074,0,0
2018-07-06,2018-04-02,0,0.04358174303864854,0,0
2018-07-09,2018-04-02,0,0.04349699096024411,0,0
2018-07-10,2018-04-02,0,0.048445761875907906,0,0
2018-07-11,2018-04-02,0,0.12362617749056726,0,0
2018-07-12,2018-04-02,0,0.05370772125375074,0,0
2018-07-13,2018-04-02,0,0.05311280914051315,0,0
2018-07-16,2018-04-02,0,0.052827850555520965,0,0
2018-07-17,2018-04-02,0,0.05172319729296146,0,0
2018-07-18,2018-04-02,0,0.044527897220069834,0,0
2018-07-19,2018-04-02,0,0.043555053105185634,0,0
2018-07-20,2018-04-02,0,0.04318799568067111,0,0
2018-07-23,2018-04-02,0,0.0433467981725402,0,0
2018-07-24,2018-04-02,0,0.04329630966122914,0,0
2018-07-25,2018-04-02,0,0.043725488882250044,0,0
2018-07-26,2018-04-02,0,0.05096129542667477,0,0
2018-07-27,2018-04-02,0,0.04915830367872268,0,0
2018-07-30,2018-04-02,0,0.045043544836704114,0,0
2018-07-31,2018-04-02,0,0.03936505122269923,0,0
2018-08-01,2018-04-02,0,0.0471521038685728,0,0
2018-08-02,2018-04-02,0,0.051024522433276626,0,0
2018-08-03,2018-04-02,0,0.04567528666948131,0,0
2018-08-06,2018-04-02,0,0.04654246379172314,0,0
2018-08-07,2018-04-02,0,0.04335037740609333,0,0
2018-08-08,2018-04-02,0,0.04470020865617138,0,0
2018-08-09,2018-04-02,0,0.043809780441543676,0,0
2018-08-10,2018-04-02,0,0.04363764516484409,0,0
2018-08-13,2018-04-02,0,0.04274494252844576,0,0
2018-08-14,2018-04-02,0,0.047413614388823994,0,0
2018-08-15,2018-04-02,0,0.04323075825489536,0,0
2018-08-16,2018-04-02,0,0.0431280185019197,0,0
2018-08-20,2018-04-02,0,0.04553079053563631,0,0
2018-08-21,2018-04-02,0,0.04570692072655124,0,0
2018-08-23,2018-04-02,0,0.0477876052848909,0,0
2018-08-24,2018-04-02,0,0.04746230030873904,0,0
2018-08-27,2018-04-02,0,0.04497338953656761,0,0
2018-08-28,2018-04-02,0,0.06317076704884493,0,0
2018-08-29,2018-04-02,0,0.04612401212816582,0,0
2018-08-30,2018-04-02,0,0.05544379792920162,0,0
2018-08-31,2018-04-02,0,0.2117941383257261,0,0
2018-09-03,2018-04-02,0,0.055731759961570045,0,0
2018-09-04,2018-04-02,0,0.0544000051069538,0,0
2018-09-05,2018-04-02,0,0.05971401638588136,0,0
2018-09-06,2018-04-02,0,0.05402837739365009,0,0
2018-09-07,2018-04-02,0,0.042600707058360276,0,0
2018-09-10,2018-04-02,0,0.05599714895478764,0,0
2018-09-12,2018-04-02,0,0.07576815646518746,0,0
2018-09-13,2018-04-02,0,0.04849178557518579,0,0
2018-09-14,2018-04-02,0,0.049844082961873246,0,0
2018-09-17,2018-04-02,0,0.04885737858689432,0,0
2018-09-18,2018-04-02,0,0.04882856474160082,0,0
2018-09-19,2018-04-02,0,0.04238422705282817,0,0
2018-09-20,2018-04-02,0,0.04203124898772199,0,0
2018-09-21,2018-04-02,0,0.04268554204460116,0,0
2018-09-24,2018-04-02,0,0.041932427642318706,0,0
2018-09-25,2018-04-02,0,0.04242611592796335,0,0
2018-09-26,2018-04-02,0,0.042785170110437434,0,0
2018-09-27,2018-04-02,0,0.0421172630056647,0,0
2018-09-28,2018-04-02,0,0.04285457664590585,0,0
2018-10-01,2018-04-02,0,0.05518373778471655,0,0
2018-10-02,2018-04-02,0,0.05515511478758601,0,0
2018-10-03,2018-04-02,0,0.05588413555579535,0,0
2018-10-04,2018-04-02,0,0.05357555443649148,0,0
2018-10-05,2018-04-02,0,0.04204774641179679,0,0
2018-10-08,2018-04-02,0,0.04176587774603927,0,0
2018-10-09,2018-04-02,0,0.041764255252901616,0,0
2018-10-10,2018-04-02,0,0.04473396536996592,0,0
2018-10-11,2018-04-02,0,0.04170378552539134,0,0
2018-10-12,2018-04-02,0,0.04255885997602162,0,0
2018-10-15,2018-04-02,0,0.05154678278523188,0,0
2018-10-16,2018-10-15,0,0.0034231591621523665,0,0
2018-10-17,2018-10-15,0,0.0033904648119743226,0,0
2018-10-18,2018-10-15,0,0.0034446073149183,0,0
2018-10-19,2018-10-15,0,0.0033800696961194957,0,0
2018-10-22,2018-10-15,0,0.003284400192143394,0,0
2018-10-23,2018-10-15,0,0.0032748154036217974,0,0
2018-10-24,2018-10-15,0,0.0032991577492775606,0,0
2018-10-25,2018-10-15,0,0.0032867289464109254,0,0
2018-10-26,2018-10-15,0,0.059040558220302734,0,0
2018-10-29,2018-10-15,0,0.005225782681215073,0,0
2018-10-30,2018-10-15,0,0.004306317821466873,0,0
2018-10-31,2018-10-15,0,0.011452554830316023,0,0
2018-11-01,2018-10-15,0,0.005234937490004771,0,0
2018-11-02,2018-10-15,0,0.004145765536444275,0,0
2018-11-05,2018-10-15,0,0.00408458279316725,0,0
2018-11-06,2018-10-15,0,0.0038946286815505072,0,0
2018-11-07,2018-10-15,0,0.004365503399190878,0,0
2018-11-08,2018-10-15,0,0.0033606442640324863,0,0
2018-11-09,2018-10-15,0,0.0033291169752299715,0,0
2018-11-12,2018-10-15,0,0.003320080220183862,0,0
2018-11-13,2018-10-15,0,0.0033132211692208998,0,0
2018-11-14,2018-10-15,0,0.0031884222600479183,0,0
2018-11-15,2018-10-15,0,0.0031909913088168386,0,0
2018-11-16,2018-10-15,0,0.003182430013656506,0,0
2018-11-19,2018-10-15,0,0.003174583261899611,0,0
2018-11-21,2018-10-15,0,0.003637260640482572,0,0
2018-11-22,2018-10-15,0,0.004100774182078161,0,0
2018-11-23,2018-10-15,0,0.003741355243206994,0,0
2018-11-26,2018-10-15,0,0.0037314605432679925,0,0
2018-11-27,2018-10-15,0,0.003803492837361392,0,0
2018-11-28,2018-10-15,0,0.003447510349940676,0,0
2018-11-29,2018-10-15,0,0.003329505866179611,0,0
2018-11-30,2018-10-15,0,0.006675954147866674,0,0
2018-12-03,2018-10-15,0,0.003967347017090302,0,0
2018-12-04,2018-10-15,0,0.0037586016257968907,0,0
2018-12-05,2018-10-15,0,0.00487682268085696,0,0
2018-12-06,2018-10-15,0,0.003872336496257621,0,0
2018-12-07,2018-10-15,0,0.003346003718601585,0,0
2018-12-10,2018-10-15,0,0.0032332452870397137,0,0
2018-12-11,2018-10-15,0,0.0032105490686130888,0,0
2018-12-12,2018-10-15,0,0.08373940815890704,0,0
2018-12-13,2018-10-15,0,0.08321528835547806,0,0
2018-12-14,2018-10-15,0,0.0827666171366277,0,0
2018-12-17,2018-10-15,0,0.08260224767988722,0,0
2018-12-18,2018-10-15,0,0.0824517933753959,0,0
2018-12-19,2018-10-15,0,0.11428926025864898,0,0
2018-12-20,2018-10-15,0,0.09537043977290068,0,0
2018-12-21,2018-10-15,0,0.10726281495135581,0,0
2018-12-26,2018-10-15,0,0.093091117436611,0,0
2018-12-27,2018-10-15,0,0.09631603870370815,0,0
2018-12-28,2018-10-15,0,0.09388741757059678,0,0
2019-01-02,2018-10-15,0,0.1271411172222254,0,0
2019-01-03,2018-10-15,0,0.1268261881428626,0,0
2019-01-04,2018-10-15,0,0.12689002816896428,0,0
2019-01-07,2018-10-15,0,0.0999505782518317,0,0
2019-01-08,2018-10-15,0,0.0846399107330155,0,0
2019-01-09,2018-10-15,0,0.08381079290982944,0,0
2019-01-10,2018-10-15,0,0.09171596621973703,0,0
2019-01-11,2018-10-15,0,0.0860004365091261,0,0
2019-01-14,2018-10-15,0,0.09896386386779422,0,0
2019-01-15,2018-10-15,0,0.09423933222401966,0,0
2019-01-16,2018-10-15,0,0.1271201608171796,0,0
2019-01-17,2018-10-15,0,0.10641618717604515,0,0
2019-01-18,2018-10-15,0,0.11201418119527254,0,0
2019-01-21,2018-10-15,0,0.09552967005996095,0,0
2019-01-22,2018-10-15,0,0.09220477108767598,0,0
2019-01-23,2018-10-15,0,0.08924934977568232,0,0
2019-01-24,2018-10-15,0,0.0821880023533137,0,0
2019-01-25,2018-10-15,0,0.08010940234152643,0,0
2019-01-28,2018-10-15,0,0.07999548287517758,0,0
2019-01-29,2018-10-15,0,0.08086435583344893,0,0
2019-01-30,2018-10-15,0,0.08133171601304896,0,0
2019-01-31,2018-10-15,0,0.1025693225711786,0,0
2019-02-01,2018-10-15,0,0.08159431397798295,0,0
2019-02-04,2018-10-15,0,0.08230571667116682,0,0
2019-02-06,2018-10-15,0,0.08285512522164203,0,0
2019-02-07,2018-10-15,0,0.08290831158806933,0,0
2019-02-08,2018-10-15,0,0.0791852775167067,0,0
2019-02-11,2018-10-15,0,0.080831756453544,0,0
2019-02-12,2018-10-15,0,0.07923705970851239,0,0
2019-02-13,2018-10-15,0,0.08510468639506026,0,0
2019-02-14,2018-10-15,0,0.09419857689671536,0,0
2019-02-15,2018-10-15,0,0.08574719207747941,0,0
2019-02-18,2018-10-15,0,0.08618164238160471,0,0
2019-02-19,2018-10-15,0,0.09247954293828183,0,0
2019-02-20,2018-10-15,0,0.08284696055646101,0,0
2019-02-21,2018-10-15,0,0.08389674732568068,0,0
2019-02-22,2018-10-15,0,0.0790185984152137,0,0
2019-02-25,2018-10-15,0,0.10052463572977757,0,0
2019-02-26,2018-10-15,0,0.08287720652748591,0,0
2019-02-27,2018-10-15,0,0.08523376124712832,0,0
2019-02-28,2018-10-15,0,0.5429684889629812,1,0
2019-03-01,2018-10-15,0,0.11173872706259139,0,0
2019-03-04,2018-10-15,0,0.11384006636547375,0,0
2019-03-05,2018-10-15,0,0.11172765399087964,0,0
2019-03-06,2018-10-15,0,0.11382030236010054,0,0
2019-03-08,2018-10-15,0,0.07876072094745419,0,0
2019-03-11,2018-10-15,0,0.08186852097405826,0,0
2019-03-12,2018-10-15,0,0.09546646560741909,0,0
2019-03-13,2018-10-15,0,0.09618073613449402,0,0
2019-03-14,2018-10-15,0,0.08371196339119856,0,0
2019-03-15,2018-10-15,0,0.08028342665760203,0,0
2019-03-18,2018-10-15,0,0.07212735905753268,0,0
2019-03-19,2018-10-15,0,0.08126806985247187,0,0
2019-03-20,2018-10-15,0,0.07980797987317562,0,0
2019-03-21,2018-10-15,0,0.08399179442837452,0,0
2019-03-22,2018-10-15,0,0.08481268430049056,0,0
2019-03-25,2018-10-15,0,0.07583471380292361,0,0
2019-03-26,2018-10-15,0,0.0764964912765425,0,0
2019-03-27,2018-10-15,0,0.07577174590991144,0,0
2019-03-28,2018-10-15,0,0.07591789304714767,0,0
2019-03-29,2018-10-15,0,0.07608210311533826,0,0
2019-04-01,2018-10-15,0,0.08508945555546772,0,0
2019-04-02,2018-10-15,0,0.08334102043939208,0,0
2019-04-04,2018-10-15,0,0.08734545968350867,0,0
2019-04-05,2018-10-15,0,0.07792661366443372,0,0
2019-04-08,2018-10-15,0,0.07442897453175971,0,0
2019-04-09,2018-10-15,0,0.074422773493075,0,0
2019-04-10,2018-10-15,0,0.07462966504991075,0,0
2019-04-11,2018-10-15,0,0.07402440209632796,0,0
2019-04-12,2018-10-15,0,0.07345786550994353,0,0
2019-04-15,2018-10-15,0,0.07617729958302476,0,0
2019-04-16,2018-10-15,0,0.07355124912252992,0,0
2019-04-18,2018-10-15,0,0.20098162322916807,0,0
2019-04-22,2018-10-15,0,0.08907817201493944,0,0
2019-04-23,2018-10-15,0,0.08897785167214786,0,0
2019-04-24,2019-04-23,0,0.05864406034300831,0,0
2019-04-25,2019-04-23,0,0.0502211795585653,0,0
2019-04-26,2019-04-23,0,0.047259210449417374,0,0
2019-04-29,2019-04-23,0,0.04719554946401938,0,0
2019-04-30,2019-04-23,0,0.09883151356504635,0,0
2019-05-02,2019-04-23,0,0.057848517100818286,0,0
2019-05-03,2019-04-23,0,0.05848871143130446,0,0
2019-05-06,2019-04-23,0,0.05681112980550993,0,0
2019-05-07,2019-04-23,0,0.04890046622150188,0,0
2019-05-08,2019-04-23,0,0.04697964269201829,0,0
2019-05-09,2019-04-23,0,0.04937101593755885,0,0
2019-05-10,2019-04-23,0,0.04701064269625196,0,0
2019-05-13,2019-04-23,0,0.04611926315945608,0,0
2019-05-14,2019-04-23,0,0.03994045808605346,0,0
2019-05-15,2019-04-23,0,0.04838672808399036,0,0
2019-05-16,2019-04-23,0,0.0685922016819694,0,0
2019-05-17,2019-04-23,0,0.05290574269892999,0,0
2019-05-20,2019-04-23,0,0.057696594699578725,0,0
2019-05-21,2019-04-23,0,0.04818827273743497,0,0
2019-05-22,2019-04-23,0,0.047907924480050525,0,0
2019-05-23,2019-04-23,0,0.04589315159380984,0,0
2019-05-24,2019-04-23,0,0.04598453926434805,0,0
2019-05-27,2019-04-23,0,0.04524069147339103,0,0
2019-05-28,2019-04-23,0,0.0438089815111998,0,0
2019-05-29,2019-04-23,0,0.06115918468453848,0,0
2019-05-31,2019-04-23,0,0.3203820738975817,0,0
2019-06-10,2019-04-23,0,0.04593861944051824,0,0
2019-06-11,2019-04-23,0,0.046078194323284166,0,0
2019-06-12,2019-04-23,0,0.04538052072307386,0,0
2019-06-13,2019-04-23,0,0.04533708410371417,0,0
2019-06-14,2019-04-23,0,0.04525125330503977,0,0
2019-06-17,2019-04-23,0,0.05408994894553975,0,0
2019-06-18,2019-04-23,0,0.04658461235284014,0,0
2019-06-19,2019-04-23,0,0.04510228493597021,0,0
2019-06-20,2019-04-23,0,0.0415502904020601,0,0
2019-06-21,2019-04-23,0,0.05227506700156227,0,0
2019-06-24,2019-04-23,0,0.050594224618886935,0,0
2019-06-25,2019-04-23,0,0.058008039573069346,0,0
2019-06-26,2019-04-23,0,0.04832592733778127,0,0
2019-06-27,2019-04-23,0,0.04600966676819014,0,0
2019-06-28,2019-04-23,0,0.2058035372070254,0,0
2019-07-01,2019-04-23,0,0.07245999076621618,0,0
2019-07-02,2019-04-23,0,0.07346819113120254,0,0
2019-07-03,2019-04-23,0,0.07489851413816766,0,0
2019-07-04,2019-04-23,0,0.06516548672116722,0,0
2019-07-05,2019-04-23,0,0.04585977811221239,0,0
2019-07-08,2019-04-23,0,0.054849499380310945,0,0
2019-07-09,2019-04-23,0,0.0414303450907233,0,0
2019-07-10,2019-04-23,0,0.04866983648044074,0,0
2019-07-11,2019-04-23,0,0.05436043198749458,0,0
2019-07-12,2019-04-23,0,0.05514878331765736,0,0
2019-07-15,2019-04-23,0,0.06524258590889308,0,0
2019-07-16,2019-04-23,0,0.052883382430492606,0,0
2019-07-17,2019-04-23,0,0.05249605570382714,0,0
2019-07-18,2019-04-23,0,0.046717782843711766,0,0
2019-07-19,2019-04-23,0,0.04634544879620185,0,0
2019-07-22,2019-04-23,0,0.04531286869582804,0,0
2019-07-23,2019-04-23,0,0.044593944027389795,0,0
2019-07-24,2019-04-23,0,0.04435676636731022,0,0
2019-07-25,2019-04-23,0,0.04442591569403659,0,0
2019-07-26,2019-04-23,0,0.044459800223959324,0,0
2019-07-29,2019-04-23,0,0.04427893948807121,0,0
2019-07-30,2019-04-23,0,0.04501534779321049,0,0
2019-07-31,2019-04-23,0,0.047718808291201856,0,0
2019-08-01,2019-04-23,0,0.048232219174918725,0,0
2019-08-02,2019-04-23,0,0.048284710999778435,0,0
2019-08-05,2019-04-23,0,0.0485038253452123,0,0
2019-08-06,2019-04-23,0,0.05778013543184811,0,0
2019-08-07,2019-04-23,0,0.04516363811407024,0,0
2019-08-08,2019-04-23,0,0.04589564842319661,0,0
2019-08-09,2019-04-23,0,0.04598275683086903,0,0
2019-08-12,2019-04-23,0,0.047084383781077245,0,0
2019-08-13,2019-04-23,0,0.04454610945815621,0,0
2019-08-14,2019-04-23,0,0.04593072093309442,0,0
2019-08-15,2019-04-23,0,0.04781315468045679,0,0
2019-08-16,2019-04-23,0,0.047705833209953516,0,0
2019-08-19,2019-04-23,0,0.05965763654471071,0,0
2019-08-20,2019-04-23,0,0.05017535165425649,0,0
2019-08-21,2019-04-23,0,0.04770328956897295,0,0
2019-08-22,2019-04-23,0,0.045619944519261636,0,0
2019-08-23,2019-04-23,0,0.045599213707949116,0,0
2019-08-26,2019-04-23,0,0.04424085020774743,0,0
2019-08-27,2019-04-23,0,0.04416360383443033,0,0
2019-08-28,2019-04-23,0,0.14224306283857238,0,0
2019-08-29,2019-04-23,0,0.05676603581345029,0,0
2019-08-30,2019-04-23,0,0.06388152713977667,0,0
2019-09-02,2019-04-23,0,0.07150116364289241,0,0
2019-09-03,2019-04-23,0,0.06800856870063625,0,0
2019-09-04,2019-04-23,0,0.06833777747060651,0,0
2019-09-05,2019-04-23,0,0.06761264942646648,0,0
2019-09-06,2019-04-23,0,0.04364892136813282,0,0
2019-09-09,2019-04-23,0,0.047351479105005465,0,0
2019-09-10,2019-04-23,0,0.04568928199663131,0,0
2019-09-11,2019-04-23,0,0.0500851052001546,0,0
2019-09-12,2019-04-23,0,0.053690240657805345,0,0
2019-09-13,2019-04-23,0,0.04858106228666505,0,0
2019-09-16,2019-04-23,0,0.06942228108092569,0,0
2019-09-17,2019-04-23,0,0.06650427757063182,0,0
2019-09-18,2019-04-23,0,0.05445520084308339,0,0
2019-09-19,2019-04-23,0,0.05143149703862616,0,0
2019-09-20,2019-04-23,0,0.05134660106843793,0,0
2019-09-23,2019-04-23,0,0.04539279511809102,0,0
2019-09-24,2019-04-23,0,0.03820357250944063,0,0
2019-09-25,2019-04-23,0,0.046032439850263694,0,0
2019-09-26,2019-04-23,0,0.04597245436918441,0,0
2019-09-27,2019-04-23,0,0.04896223836267459,0,0
2019-09-30,2019-04-23,0,0.35797788175063083,0,0
2019-10-01,2019-04-23,0,0.06352245239741994,0,0
2019-10-02,2019-04-23,0,0.06351668027938702,0,0
2019-10-03,2019-04-23,0,0.003556271778492387,0,0
2019-10-04,2019-04-23,0,0.004121631219575325,0,0
2019-10-07,2019-04-23,0,0.0027530911962327567,0,0
2019-10-08,2019-04-23,0,0.0034443222161438503,0,0
2019-10-09,2019-04-23,0,0.003523466243215191,0,0
2019-10-10,2019-04-23,0,0.0029928190761719623,0,0
2019-10-11,2019-04-23,0,0.002919179421882502,0,0
2019-10-14,2019-04-23,0,0.002755665971868326,0,0
2019-10-15,2019-04-23,0,0.002681576264167595,0,0
2019-10-16,2019-04-23,0,0.003235888978064621,0,0
2019-10-17,2019-04-23,0,0.0026210116895501547,0,0
2019-10-18,2019-04-23,0,0.0024362812135263283,0,0
2019-10-21,2019-04-23,0,0.0032677761096716095,0,0
2019-10-22,2019-04-23,0,0.002834796377124388,0,0
2019-10-23,2019-04-23,0,0.0027603632614742876,0,0
2019-10-24,2019-04-23,0,0.0027696265009404357,0,0
2019-10-25,2019-04-23,0,0.0026078953259274576,0,0
2019-10-28,2019-10-25,0,0.0021609371500449902,0,0
2019-10-29,2019-10-25,0,0.0021375253400814365,0,0
2019-10-30,2019-10-25,0,0.002123484079782975,0,0
2019-10-31,2019-10-25,0,0.0048864589671505565,0,0
2019-11-01,2019-10-25,0,0.002092500333653786,0,0
2019-11-04,2019-10-25,0,0.002699550784816429,0,0
2019-11-05,2019-10-25,0,0.0027738606132784835,0,0
2019-11-06,2019-10-25,0,0.002934409934774108,0,0
2019-11-07,2019-10-25,0,0.001985760534380791,0,0
2019-11-08,2019-10-25,0,0.002271174053531981,0,0
2019-11-11,2019-10-25,0,0.002268749989224172,0,0
2019-11-12,2019-10-25,0,0.002302594481172796,0,0
2019-11-13,2019-10-25,0,0.0022690140723027083,0,0
2019-11-14,2019-10-25,0,0.0021037640162332137,0,0
2019-11-15,2019-10-25,0,0.002103340324138183,0,0
2019-11-18,2019-10-25,0,0.0021191030427887645,0,0
2019-11-19,2019-10-25,0,0.0021160781431156135,0,0
2019-11-20,2019-10-25,0,0.002188089874932583,0,0
2019-11-21,2019-10-25,0,0.0021228447895857558,0,0
2019-11-22,2019-10-25,0,0.002113548522397668,0,0
2019-11-25,2019-10-25,0,0.002111379395069835,0,0
2019-11-26,2019-10-25,0,0.002108654927814792,0,0
2019-11-27,2019-10-25,0,0.002116931716331569,0,0
2019-11-28,2019-10-25,0,0.002869480142299779,0,0
2019-11-29,2019-10-25,0,0.0028954421894556892,0,0
2019-12-02,2019-10-25,0,0.002677951270517105,0,0
2019-12-03,2019-10-25,0,0.00327634460886518,0,0
2019-12-04,2019-10-25,0,0.0033376315128025584,0,0
2019-12-05,2019-10-25,0,0.004844398903873507,0,0
2019-12-06,2019-10-25,0,0.002601864964554121,0,0
2019-12-09,2019-10-25,0,0.002468766132730319,0,0
2019-12-10,2019-10-25,0,0.0024881949404466325,0,0
2019-12-11,2019-10-25,0,0.002583498857457071,0,0
2019-12-12,2019-10-25,0,0.0021134866281658647,0,0
2019-12-13,2019-10-25,0,0.0021605116254272295,0,0
2019-12-16,2019-10-25,0,0.0021530453123105057,0,0
2019-12-17,2019-10-25,0,0.0021360215293377816,0,0
2019-12-18,2019-10-25,0,0.002381600465794409,0,0
2019-12-19,2019-10-25,0,0.0021553031717691015,0,0
2019-12-20,2019-10-25,0,0.0021347150721616566,0,0
2019-12-23,2019-10-25,0,0.0021364993915930232,0,0
2019-12-26,2019-10-25,0,0.0021443248158362817,0,0
2019-12-27,2019-10-25,0,0.00216791884704796,0,0
2019-12-30,2019-10-25,0,0.0022385720337165624,0,0
2020-01-02,2019-10-25,0,0.002890889450431756,0,0
2020-01-03,2019-10-25,0,0.0026832127465013,0,0
2020-01-06,2019-10-25,0,0.0026427248180579945,0,0
2020-01-07,2019-10-25,0,0.003207770292647137,0,0
2020-01-08,2019-10-25,0,0.0021475644906813144,0,0
2020-01-09,2019-10-25,0,0.002099396142848295,0,0
2020-01-10,2019-10-25,0,0.0021282590159832186,0,0
2020-01-13,2019-10-25,0,0.0022897796970820393,0,0
2020-01-14,2019-10-25,0,0.0021516457121189456,0,0
2020-01-15,2019-10-25,0,0.07201672759575774,0,0
2020-01-16,2019-10-25,0,0.042387220267137066,0,0
2020-01-17,2019-10-25,0,0.04230386776593825,0,0
2020-01-20,2019-10-25,0,0.04241031167391212,0,0
2020-01-21,2019-10-25,0,0.050453207568418396,0,0
2020-01-22,2019-10-25,0,0.03558142808242188,0,0
2020-01-23,2019-10-25,0,0.038729714169363924,0,0
2020-01-24,2019-10-25,0,0.036013515223034365,0,0
2020-01-27,2019-10-25,0,0.036046767654084086,0,0
2020-01-28,2019-10-25,0,0.002140258521778828,0,0
2020-01-29,2019-10-25,0,0.002166805593381401,0,0
2020-01-30,2019-10-25,0,0.0021102316587104037,0,0
2020-01-31,2019-10-25,0,0.001768189801018144,0,0
2020-02-03,2019-10-25,0,0.002285469153257578,0,0
2020-02-04,2019-10-25,0,0.002249260171334907,0,0
2020-02-05,2019-10-25,0,0.0026808623401649466,0,0
2020-02-06,2019-10-25,0,0.0022953348879625156,0,0
2020-02-07,2019-10-25,0,0.0021635366768877704,0,0
2020-02-10,2019-10-25,0,0.0021588340410400434,0,0
2020-02-11,2019-10-25,0,0.0021582648128247272,0,0
2020-02-12,2019-10-25,0,0.0021152146552563082,0,0
2020-02-13,2019-10-25,0,0.002116788377934574,0,0
2020-02-14,2019-10-25,0,0.0021052667899778654,0,0
2020-02-17,2019-10-25,0,0.0021180040432616583,0,0
2020-02-18,2019-10-25,0,0.002108820497013672,0,0
2020-02-19,2019-10-25,0,0.0021437829984104874,0,0
2020-02-20,2019-10-25,0,0.0020674155877981773,0,0
2020-02-21,2019-10-25,0,0.002336825291093387,0,0
2020-02-24,2019-10-25,0,0.0022961773018518638,0,0
2020-02-25,2019-10-25,0,0.0023188661577691477,0,0
2020-02-26,2019-10-25,0,0.0019073458471491592,0,0
2020-02-27,2019-10-25,0,0.0022597446543131867,0,0
2020-02-28,2019-10-25,0,0.002467809902413659,0,0
2020-03-02,2019-10-25,0,0.0031644034543979733,0,0
2020-03-03,2019-10-25,0,0.0032300134281791648,0,0
2020-03-04,2019-10-25,0,0.0034149738818997134,0,0
2020-03-05,2019-10-25,0,0.0033905339913069296,0,0
2020-03-06,2019-10-25,0,0.002393073865034061,0,0
2020-03-09,2019-10-25,0,0.0023358448294233383,0,0
2020-03-10,2019-10-25,0,0.0021255397460317967,0,0
2020-03-11,2019-10-25,0,0.0021705496646999374,0,0
2020-03-12,2019-10-25,0,0.0021109317643425544,0,0
2020-03-13,2019-10-25,0,0.0021168758602235853,0,0
2020-03-16,2019-10-25,0,0.0021326038585217366,0,0
2020-03-17,2019-10-25,0,0.00239904132909103,0,0
2020-03-18,2019-10-25,0,0.0021425959852040028,0,0
2020-03-19,2019-10-25,0,0.0021424280875736285,0,0
2020-03-20,2019-10-25,0,0.002139941750776125,0,0
2020-03-23,2019-10-25,0,0.0022916385234156176,0,0
2020-03-24,2019-10-25,0,0.002456734774116245,0,0
2020-03-26,2019-10-25,0,0.0023228684631101016,0,0
2020-03-27,2019-10-25,0,0.002528289623893144,0,0
2020-03-30,2019-10-25,0,0.007546404416203875,0,0
2020-03-31,2019-10-25,0,0.04794622930581231,0,0
2020-04-01,2019-10-25,0,0.0036560339892526554,0,0
2020-04-02,2019-10-25,0,0.0036535846187947417,0,0
2020-04-03,2019-10-25,0,0.0036541680623619083,0,0
2020-04-06,2019-10-25,0,0.0037455937372144316,0,0
2020-04-07,2019-10-25,0,0.0023269513667405132,0,0
2020-04-08,2019-10-25,0,0.0023267722814644893,0,0
2020-04-09,2019-10-25,0,0.0023483702445243186,0,0
2020-04-13,2019-10-25,0,0.0023333370747972548,0,0
2020-04-14,2019-10-25,0,0.0021695476529647543,0,0
2020-04-15,2019-10-25,0,0.004658267927975917,0,0
2020-04-16,2019-10-25,0,0.002670992901741968,0,0
2020-04-17,2019-10-25,0,0.0025627522364456375,0,0
2020-04-20,2019-10-25,0,0.002565094865181345,0,0
2020-04-21,2019-10-25,0,0.002554409681839648,0,0
2020-04-22,2019-10-25,0,0.0021014539677302875,0,0
2020-04-23,2019-10-25,0,0.0020915434337699227,0,0
2020-04-24,2019-10-25,0,0.0021046778247550864,0,0
2020-04-27,2019-10-25,0,0.0020995142100124855,0,0
2020-04-28,2019-10-25,0,0.002093820310596172,0,0
2020-04-29,2020-04-28,0,0.0016530925188375412,0,0
2020-04-30,2020-04-28,0,0.0025089249233439396,0,0
2020-05-04,2020-04-28,0,0.002014987904557262,0,0
2020-05-05,2020-04-28,0,0.002049790962388624,0,0
2020-05-06,2020-04-28,0,0.0021418014733010893,0,0
2020-05-08,2020-04-28,0,0.0021272598570336435,0,0
2020-05-11,2020-04-28,0,0.0018474394548967422,0,0
2020-05-12,2020-04-28,0,0.001646899950275741,0,0
2020-05-13,2020-04-28,0,0.0016443495003307194,0,0
2020-05-14,2020-04-28,0,0.001641520992477377,0,0
2020-05-15,2020-04-28,0,0.001700054445119239,0,0
2020-05-18,2020-04-28,0,0.0016599349038224104,0,0
2020-05-19,2020-04-28,0,0.0016576929170274935,0,0
2020-05-20,2020-04-28,0,0.001655823421260822,0,0
2020-05-26,2020-04-28,0,0.001663801913527077,0,0
2020-05-27,2020-04-28,0,0.0016498137029782572,0,0
2020-05-28,2020-04-28,0,0.0021759243194882797,0,0
2020-05-29,2020-04-28,0,0.0017084275422800577,0,0
2020-06-02,2020-04-28,0,0.0025528521531034886,0,0
2020-06-03,2020-04-28,0,0.0025497601806032093,0,0
2020-06-04,2020-04-28,0,0.002679739863847795,0,0
2020-06-05,2020-04-28,0,0.003642839683996031,0,0
2020-06-08,2020-04-28,0,0.0019006564454220074,0,0
2020-06-09,2020-04-28,0,0.0018970904267682828,0,0
2020-06-10,2020-04-28,0,0.0018950143508096227,0,0
2020-06-11,2020-04-28,0,0.00176764838099412,0,0
2020-06-12,2020-04-28,0,0.0018113162039751075,0,0
2020-06-15,2020-04-28,0,0.002087248695050169,0,0
2020-06-16,2020-04-28,0,0.0018738015255751117,0,0
2020-06-17,2020-04-28,0,0.0024119854615642982,0,0
2020-06-18,2020-04-28,0,0.0018494063416895903,0,0
2020-06-19,2020-04-28,0,0.0017732397716610723,0,0
2020-06-22,2020-04-28,0,0.00181786986647445,0,0
2020-06-23,2020-04-28,0,0.0017348336951216574,0,0
2020-06-24,2020-04-28,0,0.002240072395441801,0,0
2020-06-25,2020-04-28,0,0.0017598095694179264,0,0
2020-06-26,2020-04-28,0,0.001733828992224193,0,0
2020-06-29,2020-04-28,0,0.0018098417941458439,0,0
2020-06-30,2020-04-28,0,0.0114111753386072,0,0
2020-07-01,2020-04-28,0,0.0023424842231736923,0,0
2020-07-02,2020-04-28,0,0.002334216848351238,0,0
2020-07-03,2020-04-28,0,0.002457246034535138,0,0
2020-07-06,2020-04-28,0,0.002593665887800067,0,0
2020-07-07,2020-04-28,0,0.0016519823951748167,0,0
2020-07-08,2020-04-28,0,0.001658655327477895,0,0
2020-07-09,2020-04-28,0,0.0016556082040973267,0,0
2020-07-10,2020-04-28,0,0.0016539910208576542,0,0
2020-07-13,2020-04-28,0,0.0016390303770381378,0,0
2020-07-14,2020-04-28,0,0.00164203567365461,0,0
2020-07-15,2020-04-28,0,0.0013653535908373458,0,0
2020-07-16,2020-04-28,0,0.0017438014052335927,0,0
2020-07-17,2020-04-28,0,0.0017827524756452316,0,0
2020-07-20,2020-04-28,0,0.0017545240862027332,0,0
2020-07-21,2020-04-28,0,0.0017499419660486875,0,0
2020-07-22,2020-04-28,0,0.0016432046555083805,0,0
2020-07-23,2020-04-28,0,0.0040544513420098715,0,0
2020-07-24,2020-04-28,0,0.0020267032851609525,0,0
2020-07-27,2020-04-28,0,0.002584341071275263,0,0
2020-07-28,2020-04-28,0,0.002621441086876157,0,0
2020-07-29,2020-04-28,0,0.0026227977184324494,0,0
2020-07-30,2020-04-28,0,0.001757413654999226,0,0
2020-08-03,2020-04-28,0,0.0018679714074864525,0,0
2020-08-04,2020-04-28,0,0.0018687669131993124,0,0
2020-08-05,2020-04-28,0,0.001958581675087171,0,0
2020-08-06,2020-04-28,0,0.0018780465807126023,0,0
2020-08-07,2020-04-28,0,0.0016545236058852484,0,0
2020-08-10,2020-04-28,0,0.0016483917568935508,0,0
2020-08-11,2020-04-28,0,0.001647788814341833,0,0
2020-08-12,2020-04-28,0,0.0016652840528389135,0,0
2020-08-13,2020-04-28,0,0.00164158451564359,0,0
2020-08-14,2020-04-28,0,0.0016405656881706106,0,0
2020-08-18,2020-04-28,0,0.001640181713285179,0,0
2020-08-19,2020-04-28,0,0.0016875842971335014,0,0
2020-08-24,2020-04-28,0,0.001682822786447638,0,0
2020-08-25,2020-04-28,0,0.0016664695132403685,0,0
2020-08-26,2020-04-28,0,0.0017752856062532025,0,0
2020-08-27,2020-04-28,0,0.004777435968454514,0,0
2020-08-28,2020-04-28,0,0.002102875940114114,0,0
2020-08-31,2020-04-28,0,0.04132739640847566,0,0
2020-09-01,2020-04-28,0,0.002949933163420338,0,0
2020-09-02,2020-04-28,0,0.003769218705987489,0,0
2020-09-03,2020-04-28,0,0.006122356124166469,0,0
2020-09-04,2020-04-28,0,0.002897204564809068,0,0
2020-09-07,2020-04-28,0,0.0021094440194896345,0,0
2020-09-08,2020-04-28,0,0.0021016798282414684,0,0
2020-09-09,2020-04-28,0,0.002049150505404592,0,0
2020-09-10,2020-04-28,0,0.0016370439475425738,0,0
2020-09-11,2020-04-28,0,0.001633983288670142,0,0
2020-09-14,2020-04-28,0,0.001633872237007645,0,0
2020-09-15,2020-04-28,0,0.0022898114335038766,0,0
2020-09-16,2020-04-28,0,0.0017119937945030686,0,0
2020-09-17,2020-04-28,0,0.0017117668477798663,0,0
2020-09-18,2020-04-28,0,0.001711798564296767,0,0
2020-09-21,2020-04-28,0,0.0017115796420010111,0,0
2020-09-22,2020-04-28,0,0.0016380141328286835,0,0
2020-09-23,2020-04-28,0,0.0016336112822017451,0,0
2020-09-24,2020-04-28,0,0.0016336058688864613,0,0
2020-09-25,2020-04-28,0,0.0016334011303631598,0,0
2020-09-28,2020-04-28,0,0.0016350294376083002,0,0
2020-09-29,2020-04-28,0,0.0016329187093048563,0,0
2020-09-30,2020-04-28,0,0.001893312632000917,0,0
2020-10-01,2020-04-28,0,0.0017935463634402042,0,0
2020-10-02,2020-04-28,0,0.0018038185958235968,0,0
2020-10-05,2020-04-28,0,0.001796284572760621,0,0
2020-10-06,2020-04-28,0,0.0022021123644054594,0,0
2020-10-07,2020-04-28,0,0.0016822448979385018,0,0
2020-10-08,2020-04-28,0,0.0018000808935611844,0,0
2020-10-09,2020-04-28,0,0.002032857861599621,0,0
2020-10-12,2020-04-28,0,0.0017363334479983455,0,0
2020-10-13,2020-04-28,0,0.001860455070570973,0,0
2020-10-14,2020-04-28,0,0.0018941783969096144,0,0
2020-10-15,2020-04-28,0,0.0018530158797922674,0,0
2020-10-16,2020-04-28,0,0.0016456005029602703,0,0
2020-10-19,2020-04-28,0,0.0020756891191619237,0,0
2020-10-20,2020-04-28,0,0.0018663557376960697,0,0
2020-10-21,2020-04-28,0,0.0018029958168404951,0,0
2020-10-22,2020-04-28,0,0.0017187597610266682,0,0
2020-10-23,2020-04-28,0,0.0017191069701056815,0,0
2020-10-26,2020-04-28,0,0.0018823339839384588,0,0
2020-10-27,2020-04-28,0,0.001670508210128174,0,0
2020-11-02,2020-04-28,0,0.0028620931169670216,0,0
2020-11-03,2020-04-28,0,0.00286470397564439,0,0
2020-11-04,2020-04-28,0,0.002859885110805766,0,0
2020-11-05,2020-04-28,0,0.0028678245827956092,0,0
2020-11-06,2020-04-28,0,0.0016356194722210555,0,0
2020-11-09,2020-04-28,0,0.0017502339915553239,0,0
2020-11-10,2020-11-09,0,0.0013460794842091103,0,0
2020-11-11,2020-11-09,0,0.0013502253893541711,0,0
2020-11-12,2020-11-09,0,0.001345823699727438,0,0
2020-11-13,2020-11-09,0,0.0013449891419811096,0,0
2020-11-16,2020-11-09,0,0.0013359013651233933,0,0
2020-11-17,2020-11-09,0,0.0013387562861864504,0,0
2020-11-18,2020-11-09,0,0.0013319721980245838,0,0
2020-11-19,2020-11-09,0,0.0013364767527658903,0,0
2020-11-20,2020-11-09,0,0.001346921570848414,0,0
2020-11-23,2020-11-09,0,0.0013412437248325015,0,0
2020-11-24,2020-11-09,0,0.03472050940476726,0,0
2020-11-25,2020-11-09,0,0.06146339084862761,0,0
2020-11-26,2020-11-09,0,0.04541788146510931,0,0
2020-11-27,2020-11-09,0,0.07264754619227523,0,0
2020-11-30,2020-11-09,0,0.14649493398252855,0,0
2020-12-01,2020-11-09,0,0.055366403098629,0,0
2020-12-02,2020-11-09,0,0.04845565390972035,0,0
2020-12-03,2020-11-09,0,0.04369910348848307,0,0
2020-12-04,2020-11-09,0,0.045483412559678124,0,0
2020-12-07,2020-11-09,0,0.04431574182259002,0,0
2020-12-08,2020-11-09,0,0.03559978066028062,0,0
2020-12-10,2020-11-09,0,0.03465118235635976,0,0
2020-12-11,2020-11-09,0,0.03452934906852403,0,0
2020-12-14,2020-11-09,0,0.03446804757014059,0,0
2020-12-15,2020-11-09,0,0.03292531680667393,0,0
2020-12-16,2020-11-09,0,0.03303001183824471,0,0
2020-12-17,2020-11-09,0,0.0444546085106513,0,0
2020-12-18,2020-11-09,0,0.034738125625447626,0,0
2020-12-21,2020-11-09,0,0.03836745004183636,0,0
2020-12-22,2020-11-09,0,0.036999586394740214,0,0
2020-12-23,2020-11-09,0,0.036967666083675264,0,0
2020-12-28,2020-11-09,0,0.03633796740898241,0,0
2020-12-29,2020-11-09,0,0.033266651687485126,0,0
2020-12-30,2020-11-09,0,0.032958585719516896,0,0
2021-01-04,2020-11-09,0,0.27965755235607115,0,0
2021-01-05,2020-11-09,0,0.2796758182803625,0,0
2021-01-06,2020-11-09,0,0.279614541367028,0,0
2021-01-07,2020-11-09,0,0.27961340296625076,0,0
2021-01-08,2020-11-09,1,0.18116190485824812,0,0
2021-01-11,2020-11-09,1,0.18115549958136107,0,0
2021-01-12,2020-11-09,1,0.1811434515344174,0,0
2021-01-13,2020-11-09,1,0.1818112329857017,0,0
2021-01-14,2020-11-09,1,0.18483933716518056,0,0
2021-01-15,2020-11-09,1,0.6645888167758031,1,0
2021-01-18,2020-11-09,1,0.9998163333227618,1,0
2021-01-19,2020-11-09,1,0.9992615607647067,1,0
2021-01-20,2020-11-09,1,0.9936400281534512,1,0
2021-01-21,2020-11-09,1,0.7429584333402913,1,0
2021-01-22,2020-11-09,1,0.32639299472793065,0,0
2021-01-25,2020-11-09,1,0.025506442507671666,0,0
2021-01-26,2020-11-09,0,0.035187895895871325,0,0
2021-01-27,2020-11-09,0,0.06912538965296695,0,0
2021-01-28,2020-11-09,0,0.13591246670636203,0,0
2021-01-29,2020-11-09,0,0.24071889898328908,0,0
2021-02-01,2020-11-09,0,0.47875702578440504,0,0
2021-02-02,2020-11-09,0,0.6023694558869067,1,0
2021-02-03,2020-11-09,0,0.4102257216684129,0,0
2021-02-04,2020-11-09,0,0.28146552280831394,0,0
2021-02-05,2020-11-09,0,0.17304969108315024,0,0
2021-02-08,2020-11-09,0,0.13693081257993645,0,0
2021-02-09,2020-11-09,0,0.10322336721564007,0,0
2021-02-10,2020-11-09,0,0.08522653262798385,0,0
2021-02-11,2020-11-09,0,0.05616626769536893,0,0
2021-02-15,2020-11-09,0,0.18201600576085047,0,0
2021-02-16,2020-11-09,0,0.13522745618996534,0,0
2021-02-17,2020-11-09,0,0.09476491859937769,0,0
2021-02-18,2020-11-09,0,0.062262481923588076,0,0
2021-02-19,2020-11-09,0,0.029774868595767744,0,0
2021-02-22,2020-11-09,0,0.03479058002725152,0,0
2021-02-23,2020-11-09,0,0.02396614966675645,0,0
2021-02-24,2020-11-09,0,0.024169939634447597,0,0
2021-02-25,2020-11-09,0,0.02486131757575409,0,0
2021-02-26,2020-11-09,0,0.025103489394278488,0,0
2021-03-01,2020-11-09,0,0.04983914714201135,0,0
2021-03-02,2020-11-09,0,0.05844947819967644,0,0
2021-03-03,2020-11-09,0,0.05920130318691329,0,0
2021-03-04,2020-11-09,0,0.05982407961922521,0,0
2021-03-05,2020-11-09,0,0.03599971324534613,0,0
2021-03-08,2020-11-09,0,0.036342943211799,0,0
2021-03-09,2020-11-09,0,0.03662565516613539,0,0
2021-03-10,2020-11-09,0,0.03691636780761021,0,0
2021-03-12,2020-11-09,0,0.0373482565051591,0,0
2021-03-15,2020-11-09,0,0.037491273349195144,0,0
2021-03-16,2020-11-09,0,0.038075549680156244,0,0
2021-03-17,2020-11-09,0,0.03801418603282243,0,0
2021-03-18,2020-11-09,0,0.038312289317420554,0,0
2021-03-19,2020-11-09,0,0.02703832234044957,0,0
2021-03-22,2020-11-09,0,0.035444418621998604,0,0
2021-03-23,2020-11-09,0,0.1135332077269127,0,0
2021-03-24,2020-11-09,0,0.06150913727190821,0,0
2021-03-25,2020-11-09,0,0.05937033015423998,0,0
2021-03-26,2020-11-09,0,0.05747240715509115,0,0
2021-03-29,2020-11-09,0,0.07155222743791684,0,0
2021-03-30,2020-11-09,0,0.04685288215828804,0,0
2021-03-31,2020-11-09,0,0.04703285256374468,0,0
2021-04-01,2020-11-09,0,0.0466697864439383,0,0
2021-04-05,2020-11-09,0,0.04680140464134612,0,0
2021-04-06,2020-11-09,0,0.046941617947996596,0,0
2021-04-07,2020-11-09,0,0.04712923233995014,0,0
2021-04-08,2020-11-09,0,0.047172257911175706,0,0
2021-04-09,2020-11-09,0,0.04408013371250308,0,0
2021-04-12,2020-11-09,0,0.044068700617270286,0,0
2021-04-13,2020-11-09,0,0.03263826294052304,0,0
2021-04-14,2020-11-09,0,0.030332826104141102,0,0
2021-04-15,2020-11-09,0,0.030401089402861896,0,0
2021-04-16,2020-11-09,0,0.030475607420911145,0,0
2021-04-19,2020-11-09,0,0.030528534858909114,0,0
2021-04-20,2020-11-09,0,0.030594603973525106,0,0
2021-04-21,2020-11-09,0,0.03095182377147873,0,0
2021-04-22,2020-11-09,0,0.03261389558407665,0,0
2021-04-23,2020-11-09,0,0.03669073674029163,0,0
2021-04-26,2020-11-09,0,0.0342111512057141,0,0
2021-04-27,2020-11-09,0,0.03459844749496036,0,0
2021-04-28,2020-11-09,0,0.03569934100364718,0,0
2021-04-29,2020-11-09,0,0.03603907848215799,0,0
2021-04-30,2020-11-09,0,0.1192952199445362,0,0
2021-05-03,2020-11-09,0,0.054482583487352965,0,0
2021-05-04,2020-11-09,0,0.054864635797214914,0,0
2021-05-05,2020-11-09,0,0.04596326742189088,0,0
2021-05-06,2020-11-09,0,0.04445034612163786,0,0
2021-05-07,2020-11-09,0,0.04489733139832423,0,0
2021-05-10,2020-11-09,0,0.0396288303414508,0,0
2021-05-11,2020-11-09,0,0.036189479305143595,0,0
2021-05-17,2020-11-09,0,0.03631226551307077,0,0
2021-05-18,2020-11-09,0,0.047184023686375545,0,0
2021-05-19,2020-11-09,0,0.03555132907499804,0,0
2021-05-20,2021-05-19,0,0.032545582480603116,0,0
2021-05-21,2021-05-19,0,0.03244507961459565,0,0
2021-05-24,2021-05-19,0,0.03329642093801134,0,0
2021-05-25,2021-05-19,0,0.03192350259548789,0,0
2021-05-27,2021-05-19,0,0.03182800456481466,0,0
2021-05-28,2021-05-19,0,0.03255410959456262,0,0
2021-05-31,2021-05-19,0,0.10197632326051974,0,0
2021-06-02,2021-05-19,0,0.03387654077877846,0,0
2021-06-03,2021-05-19,0,0.03279555585040348,0,0
2021-06-04,2021-05-19,0,0.03048168657347103,0,0
2021-06-07,2021-05-19,0,0.037758947667108696,0,0
2021-06-08,2021-05-19,0,0.03537430119918893,0,0
2021-06-09,2021-05-19,0,0.03727246987519656,0,0
2021-06-10,2021-05-19,0,0.03392503692451927,0,0
2021-06-11,2021-05-19,0,0.04424047938787656,0,0
2021-06-14,2021-05-19,0,0.03386118888349653,0,0
2021-06-15,2021-05-19,0,0.03325873544971283,0,0
2021-06-16,2021-05-19,0,0.03268374259699171,0,0
2021-06-17,2021-05-19,0,0.033023894295029284,0,0
2021-06-18,2021-05-19,0,0.03288032688536106,0,0
2021-06-21,2021-05-19,0,0.03258269894292449,0,0
2021-06-22,2021-05-19,0,0.03212693849956995,0,0
2021-06-23,2021-05-19,0,0.039848277286455236,0,0
2021-06-24,2021-05-19,0,0.03564842863739742,0,0
2021-06-25,2021-05-19,0,0.03510472626854814,0,0
2021-06-28,2021-05-19,0,0.0322833145811716,0,0
2021-06-29,2021-05-19,0,0.03406472801575277,0,0
2021-06-30,2021-05-19,0,0.08901051750289919,0,0
2021-07-01,2021-05-19,0,0.03327891964670522,0,0
2021-07-02,2021-05-19,0,0.03331212033595182,0,0
2021-07-05,2021-05-19,0,0.03327988244625184,0,0
2021-07-06,2021-05-19,0,0.038412150681835185,0,0
2021-07-07,2021-05-19,0,0.035917987332550465,0,0
2021-07-08,2021-05-19,0,0.03459207698517642,0,0
2021-07-09,2021-05-19,0,0.03281584566488141,0,0
2021-07-12,2021-05-19,0,0.04267163377629629,0,0
2021-07-13,2021-05-19,0,0.0323773530690169,0,0
2021-07-14,2021-05-19,0,0.03232240946746051,0,0
2021-07-15,2021-05-19,0,0.033081455690160265,0,0
2021-07-16,2021-05-19,0,0.032245563823067626,0,0
2021-07-19,2021-05-19,0,0.032400505889173946,0,0
2021-07-21,2021-05-19,0,0.03223048555678897,0,0
2021-07-22,2021-05-19,0,0.03272508145608247,0,0
2021-07-23,2021-05-19,0,0.04422558779975736,0,0
2021-07-26,2021-05-19,0,0.0325091558370772,0,0
2021-07-27,2021-05-19,0,0.03246713165652962,0,0
2021-07-28,2021-05-19,0,0.034172404062576926,0,0
2021-07-29,2021-05-19,0,0.03685208450380483,0,0
2021-07-30,2021-05-19,0,0.032681218469381434,0,0
2021-08-02,2021-05-19,0,0.041393714808183824,0,0
2021-08-03,2021-05-19,0,0.03705321009806829,0,0
2021-08-04,2021-05-19,0,0.0357695167851852,0,0
2021-08-05,2021-05-19,0,0.03365729657723931,0,0
2021-08-06,2021-05-19,0,0.03284070806345807,0,0
2021-08-09,2021-05-19,0,0.03245221970404147,0,0
2021-08-10,2021-05-19,0,0.029455092055168445,0,0
2021-08-12,2021-05-19,0,0.03284451269815554,0,0
2021-08-13,2021-05-19,0,0.0324169055419846,0,0
2021-08-16,2021-05-19,0,0.037933706923222024,0,0
2021-08-18,2021-05-19,0,0.034730482833459336,0,0
2021-08-19,2021-05-19,0,0.033666562711805174,0,0
2021-08-20,2021-05-19,0,0.03377884334017799,0,0
2021-08-23,2021-05-19,0,0.0325029950486427,0,0
2021-08-24,2021-05-19,0,0.032473591422355515,0,0
2021-08-25,2021-05-19,0,0.03696050245953974,0,0
2021-08-26,2021-05-19,0,0.03298009693187995,0,0
2021-08-27,2021-05-19,0,0.029536648848245542,0,0
2021-08-30,2021-05-19,0,0.033322781906352184,0,0
2021-08-31,2021-05-19,0,0.29201200081461975,0,0
2021-09-01,2021-05-19,0,0.03457711691842512,0,0
2021-09-02,2021-05-19,0,0.03416770016424729,0,0
2021-09-03,2021-05-19,0,0.0342725641428561,0,0
2021-09-06,2021-05-19,0,0.03633722891118837,0,0
2021-09-07,2021-05-19,0,0.03269380246248263,0,0
2021-09-08,2021-05-19,0,0.032987219010153224,0,0
2021-09-09,2021-05-19,0,0.032846823345863994,0,0
2021-09-10,2021-05-19,0,0.03564779659887437,0,0
2021-09-13,2021-05-19,0,0.0333731355880403,0,0
2021-09-14,2021-05-19,0,0.03261056029862693,0,0
2021-09-15,2021-05-19,0,0.03261976699828892,0,0
2021-09-16,2021-05-19,0,0.03233329721113532,0,0
2021-09-17,2021-05-19,0,0.032372015800643,0,0
2021-09-20,2021-05-19,0,0.032524589879301104,0,0
2021-09-21,2021-05-19,0,0.03224495714387671,0,0
2021-09-22,2021-05-19,0,0.03236742974285768,0,0
2021-09-23,2021-05-19,0,0.03253138761523489,0,0
2021-09-24,2021-05-19,0,0.03563386681782197,0,0
2021-09-27,2021-05-19,0,0.0342211055044133,0,0
2021-09-28,2021-05-19,0,0.09437504979821762,0,0
2021-09-29,2021-05-19,0,0.14245897357210832,0,0
2021-09-30,2021-05-19,0,0.5056291578249953,1,0
2021-10-01,2021-05-19,0,0.04364841573308496,0,0
2021-10-04,2021-05-19,0,0.12014821649114371,0,0
2021-10-05,2021-05-19,0,0.07867201472624795,0,0
2021-10-06,2021-05-19,0,0.08416833460946477,0,0
2021-10-07,2021-05-19,0,0.07258452256023391,0,0
2021-10-08,2021-05-19,0,0.07256129974167722,0,0
2021-10-11,2021-05-19,0,0.07124347484822728,0,0
2021-10-12,2021-05-19,0,0.07114825367341686,0,0
2021-10-13,2021-05-19,0,0.07013552293492882,0,0
2021-10-14,2021-05-19,0,0.07012372479769795,0,0
2021-10-15,2021-05-19,0,0.07016725132063198,0,0
2021-10-18,2021-05-19,0,0.07026618081338089,0,0
2021-10-19,2021-05-19,0,0.07014037519892227,0,0
2021-10-21,2021-05-19,0,0.05576654235359241,0,0
2021-10-22,2021-05-19,0,0.05573678416095037,0,0
2021-10-25,2021-05-19,0,0.044313176079482576,0,0
2021-10-26,2021-05-19,0,0.03490061839523986,0,0
2021-10-27,2021-05-19,0,0.03225188478192898,0,0
2021-10-28,2021-05-19,0,0.03224729648443157,0,0
2021-10-29,2021-05-19,0,0.032261641318161345,0,0
2021-11-01,2021-05-19,0,0.032275430966479585,0,0
2021-11-02,2021-05-19,0,0.03245446757508627,0,0
2021-11-03,2021-05-19,0,0.03424477647795484,0,0
2021-11-04,2021-05-19,0,0.03325221584024133,0,0
2021-11-05,2021-05-19,0,0.03239834460108508,0,0
2021-11-08,2021-05-19,0,0.03236145052489135,0,0
2021-11-09,2021-05-19,0,0.03431807955744189,0,0
2021-11-10,2021-05-19,0,0.03576115604498414,0,0
2021-11-11,2021-05-19,0,0.03860632156609604,0,0
2021-11-12,2021-05-19,0,0.03418225910867557,0,0
2021-11-15,2021-05-19,0,0.03332523609607004,0,0
2021-11-16,2021-05-19,0,0.034304900403009576,0,0
2021-11-17,2021-05-19,0,0.037996006628151224,0,0
2021-11-18,2021-05-19,0,0.03949156990924955,0,0
2021-11-19,2021-05-19,0,0.03408057788972831,0,0
2021-11-22,2021-11-19,0,0.02764043533409881,0,0
2021-11-23,2021-11-19,0,0.02800120166590651,0,0
2021-11-24,2021-11-19,0,0.02917532233582323,0,0
2021-11-25,2021-11-19,0,0.027990267754004768,0,0
2021-11-26,2021-11-19,0,0.02805304590956844,0,0
2021-11-29,2021-11-19,0,0.029691594820305787,0,0
2021-11-30,2021-11-19,0,0.08106238981241042,0,0
2021-12-01,2021-11-19,0,0.027661839043078753,0,0
2021-12-02,2021-11-19,0,0.02885290950417467,0,0
2021-12-03,2021-11-19,0,0.029162018849747336,0,0
2021-12-06,2021-11-19,0,0.027790108987640085,0,0
2021-12-07,2021-11-19,0,0.027117797112294617,0,0
2021-12-08,2021-11-19,0,0.027151362532716612,0,0
2021-12-09,2021-11-19,0,0.027207084845641504,0,0
2021-12-10,2021-11-19,0,0.027178091318366845,0,0
2021-12-13,2021-11-19,0,0.027619630229412072,0,0
2021-12-14,2021-11-19,0,0.03390523324885355,0,0
2021-12-15,2021-11-19,0,0.03488778414212711,0,0
2021-12-16,2021-11-19,0,0.03038140430123582,0,0
2021-12-17,2021-11-19,0,0.02817238360983706,0,0
2021-12-20,2021-11-19,0,0.02843780782147124,0,0
2021-12-21,2021-11-19,0,0.027415773013978136,0,0
2021-12-22,2021-11-19,0,0.02764693297943835,0,0
2021-12-23,2021-11-19,0,0.02906276937995682,0,0
2021-12-24,2021-11-19,0,0.028097631706858306,0,0
2021-12-27,2021-11-19,0,0.027117606662429683,0,0
2021-12-28,2021-11-19,0,0.0325962472362934,0,0
2021-12-29,2021-11-19,0,0.027361343387495875,0,0
2021-12-30,2021-11-19,0,0.029328653496641134,0,0
2022-01-03,2021-11-19,0,0.027484286196255876,0,0
2022-01-04,2021-11-19,0,0.02726708416652785,0,0
2022-01-05,2021-11-19,0,0.027592471525999952,0,0
2022-01-06,2021-11-19,0,0.02736032997888072,0,0
2022-01-07,2021-11-19,0,0.02911000357104794,0,0
2022-01-10,2021-11-19,0,0.028514106357168407,0,0
2022-01-11,2021-11-19,0,0.02715617155270916,0,0
2022-01-12,2021-11-19,0,0.027210232443559444,0,0
2022-01-13,2021-11-19,0,0.027810245574350044,0,0
2022-01-14,2021-11-19,0,0.027187548280352313,0,0
2022-01-17,2021-11-19,0,0.027367047302028918,0,0
2022-01-18,2021-11-19,0,0.029610863838736685,0,0
2022-01-19,2021-11-19,0,0.028921425646629285,0,0
2022-01-20,2021-11-19,0,0.029727767428791557,0,0
2022-01-21,2021-11-19,0,0.031083359331498323,0,0
2022-01-24,2021-11-19,0,0.02772452114961506,0,0
2022-01-25,2021-11-19,0,0.02894050901452172,0,0
2022-01-26,2021-11-19,0,0.027472409376155034,0,0
2022-01-27,2021-11-19,0,0.02768631182942175,0,0
2022-01-28,2021-11-19,0,0.02898465457372337,0,0
2022-01-31,2021-11-19,0,0.1768547618634129,0,0
2022-02-02,2021-11-19,0,0.02811182531081343,0,0
2022-02-03,2021-11-19,0,0.02775873524599641,0,0
2022-02-04,2021-11-19,0,0.029454860559727975,0,0
2022-02-07,2021-11-19,0,0.027782860188538996,0,0
2022-02-08,2021-11-19,0,0.031976138374048314,0,0
2022-02-09,2021-11-19,0,0.031165841279444495,0,0
2022-02-10,2021-11-19,0,0.03476968409715106,0,0
2022-02-11,2021-11-19,0,0.030475778460801604,0,0
2022-02-14,2021-11-19,0,0.028060673174915986,0,0
2022-02-15,2021-11-19,0,0.0314063607459225,0,0
2022-02-16,2021-11-19,0,0.030837427616302142,0,0
2022-02-17,2021-11-19,0,0.02760584177870733,0,0
2022-02-18,2021-11-19,0,0.027500715803992284,0,0
2022-02-21,2021-11-19,1,0.027240506902564663,0,0
2022-02-22,2021-11-19,0,0.027125128378980467,0,0
2022-02-23,2021-11-19,0,0.028333712686281848,0,0
2022-02-24,2021-11-19,0,0.027132356040355132,0,0
2022-02-25,2021-11-19,0,0.02733873243910295,0,0
2022-03-01,2021-11-19,0,0.10124134028262192,0,0
2022-03-02,2021-11-19,0,0.08918508447255123,0,0
2022-03-04,2021-11-19,0,0.09655224511969283,0,0
2022-03-07,2021-11-19,0,0.09108160395537102,0,0
2022-03-08,2021-11-19,0,0.050641189972764115,0,0
2022-03-09,2021-11-19,0,0.07740242637599584,0,0
2022-03-10,2021-11-19,0,0.07790344679860811,0,0
2022-03-11,2021-11-19,0,0.07839320934887754,0,0
2022-03-14,2021-11-19,0,0.07885002927047302,0,0
2022-03-15,2021-11-19,0,0.07925080254913343,0,0
2022-03-16,2021-11-19,0,0.07963204111314336,0,0
2022-03-17,2021-11-19,0,0.0799804904572014,0,0
2022-03-18,2021-11-19,0,0.0803097588401693,0,0
2022-03-21,2021-11-19,0,0.05291729125844735,0,0
2022-03-22,2021-11-19,0,0.021958583213814914,0,0
2022-03-23,2021-11-19,1,0.022017142081915353,0,0
2022-03-24,2021-11-19,1,0.022094876431444907,0,0
2022-03-25,2021-11-19,1,0.022552726070662294,0,0
2022-03-28,2021-11-19,1,0.022542343183498844,0,0
2022-03-29,2021-11-19,1,0.11395066530297852,0,0
2022-03-30,2021-11-19,1,0.7578428928836004,1,0
2022-03-31,2021-11-19,1,0.9813817460905515,1,0
2022-04-01,2021-11-19,1,0.5830984169922503,1,0
2022-04-04,2021-11-19,1,0.8537938499128402,1,0
2022-04-05,2021-11-19,1,0.8886767262487278,1,0
2022-04-06,2021-11-19,1,0.7128988312751054,1,0
2022-04-07,2021-11-19,1,0.961337866640797,1,0
2022-04-08,2021-11-19,1,0.9987160652989499,1,0
2022-04-11,2021-11-19,1,0.9997941845094576,1,0
2022-04-12,2021-11-19,1,0.999334762947048,1,0
2022-04-13,2021-11-19,1,0.999547212848753,1,0
2022-04-14,2021-11-19,1,0.9997781808345766,1,0
2022-04-18,2021-11-19,1,0.9983127279118461,1,0
2022-04-19,2021-11-19,1,0.9866171047287677,1,0
2022-04-20,2021-11-19,1,0.9643920912447222,1,0
2022-04-21,2021-11-19,1,0.5386257299447,1,0
2022-04-22,2021-11-19,1,0.18453430899262088,0,0
2022-04-25,2021-11-19,1,0.13843758051940652,0,0
2022-04-26,2021-11-19,1,0.13598424158851755,0,0
2022-04-27,2021-11-19,0,0.5319654115649453,1,0
2022-04-28,2021-11-19,1,0.8549984401370486,1,0
2022-05-09,2021-11-19,1,0.8061160034633108,1,0
2022-05-10,2021-11-19,1,0.8663950319047707,1,0
2022-05-11,2021-11-19,1,0.6764494129091564,1,0
2022-05-12,2021-11-19,1,0.503143848482577,1,0
2022-05-13,2021-11-19,1,0.8241381377028155,1,0
2022-05-17,2021-11-19,1,0.8131181258817834,1,0
2022-05-18,2021-11-19,0,0.9282911225284697,1,0
2022-05-19,2021-11-19,1,0.890568620064677,1,0
2022-05-20,2021-11-19,1,0.9311783523951095,1,0
2022-05-23,2021-11-19,0,0.9196533484030868,1,0
2022-05-24,2021-11-19,0,0.8708798219392956,1,0
2022-05-25,2021-11-19,1,0.8375351172730859,1,0
2022-05-27,2021-11-19,0,0.6939933790145403,1,0
2022-05-30,2021-11-19,1,0.38511218784331874,0,0
2022-05-31,2021-11-19,1,0.841839959458051,1,0
2022-06-02,2021-11-19,1,0.4432226395606874,0,0
2022-06-03,2021-11-19,0,0.3022151014756094,0,0
2022-06-06,2022-06-03,1,0.5684103848795472,1,0
2022-06-07,2022-06-03,1,0.7476491985453755,1,0
2022-06-08,2022-06-03,1,0.5949907161526717,1,0
2022-06-09,2022-06-03,1,0.5966697350917494,1,0
2022-06-10,2022-06-03,1,0.5306392235831346,1,0
2022-06-13,2022-06-03,1,0.4198375271595927,0,0
2022-06-14,2022-06-03,1,0.2809252793148049,0,0
2022-06-15,2022-06-03,1,0.9262301578173915,1,0
2022-06-16,2022-06-03,0,0.94558858081536,1,0
2022-06-17,2022-06-03,1,0.9792183999740525,1,0
2022-06-20,2022-06-03,1,0.9910964835266581,1,0
2022-06-21,2022-06-03,1,0.9689707184953968,1,0
2022-06-22,2022-06-03,1,0.8686601935973901,1,0
2022-06-23,2022-06-03,1,0.8118130664969053,1,0
2022-06-24,2022-06-03,1,0.8346029479772323,1,0
2022-06-27,2022-06-03,1,0.6058072202360241,1,0
2022-06-28,2022-06-03,1,0.547444581183463,1,0
2022-06-29,2022-06-03,1,0.5761723218126136,1,0
2022-06-30,2022-06-03,1,0.933036349303087,1,0
2022-07-01,2022-06-03,1,0.71424163411443,1,0
2022-07-04,2022-06-03,1,0.740414593045496,1,0
2022-07-05,2022-06-03,1,0.7738606239678492,1,0
2022-07-06,2022-06-03,1,0.7588034968417438,1,0
2022-07-07,2022-06-03,1,0.5980297756329809,1,0
2022-07-08,2022-06-03,0,0.6902972271550915,1,0
2022-07-11,2022-06-03,1,0.6124409863047412,1,0
2022-07-12,2022-06-03,1,0.7156087276542175,1,0
2022-07-13,2022-06-03,1,0.8071038514905152,1,0
2022-07-14,2022-06-03,1,0.7235768759573019,1,0
2022-07-15,2022-06-03,1,0.7065880884640116,1,0
2022-07-18,2022-06-03,1,0.645842413417285,1,0
2022-07-19,2022-06-03,1,0.603626514678029,1,0
2022-07-20,2022-06-03,1,0.36961873739273376,0,0
2022-07-21,2022-06-03,1,0.38151168402577323,0,0
2022-07-22,2022-06-03,1,0.7584186654267527,1,0
2022-07-25,2022-06-03,1,0.7807086502234498,1,0
2022-07-26,2022-06-03,1,0.7792233861110981,1,0
2022-07-27,2022-06-03,0,0.47149258071873823,0,0
2022-07-28,2022-06-03,1,0.47890331910592665,0,0
2022-07-29,2022-06-03,1,0.3914892514288696,0,0
2022-08-01,2022-06-03,1,0.9572418730851895,1,0
2022-08-02,2022-06-03,1,0.950317225899757,1,0
2022-08-03,2022-06-03,1,0.9841945181815224,1,0
2022-08-04,2022-06-03,1,0.9867477716762897,1,0
2022-08-05,2022-06-03,1,0.8947696819211505,1,0
2022-08-08,2022-06-03,1,0.9883455884053791,1,0
2022-08-09,2022-06-03,1,0.9992680427952718,1,0
2022-08-10,2022-06-03,1,0.9984650258545176,1,0
2022-08-11,2022-06-03,1,0.9992369940359008,1,0
2022-08-12,2022-06-03,1,0.9997436058554263,1,0
2022-08-15,2022-06-03,1,0.999646509283798,1,0
2022-08-16,2022-06-03,1,0.998921746979427,1,0
2022-08-18,2022-06-03,1,0.999308825216959,1,0
2022-08-19,2022-06-03,1,0.9968775645760366,1,0
2022-08-22,2022-06-03,1,0.9667695672574239,1,0
2022-08-23,2022-06-03,1,0.9567788169899265,1,0
2022-08-24,2022-06-03,1,0.9186754958868281,1,0
2022-08-25,2022-06-03,1,0.9428390000770237,1,0
2022-08-26,2022-06-03,1,0.9229318105372828,1,0
2022-08-29,2022-06-03,1,0.9998751644487743,1,0
2022-08-30,2022-06-03,1,0.9967508956355471,1,0
2022-08-31,2022-06-03,1,0.9881965133037571,1,0
2022-09-01,2022-06-03,1,0.9995896254302377,1,0
2022-09-02,2022-06-03,1,0.9998292863287236,1,0
2022-09-05,2022-06-03,1,0.9980652103805152,1,0
2022-09-06,2022-06-03,1,0.9997544590006509,1,0
2022-09-07,2022-06-03,1,0.9999913577168632,1,0
2022-09-08,2022-06-03,1,0.999449137327699,1,0
2022-09-09,2022-06-03,1,0.9996463704459915,1,0
2022-09-12,2022-06-03,1,0.9994605228944348,1,0
2022-09-13,2022-06-03,1,0.9984531057249887,1,0
2022-09-14,2022-06-03,1,0.9977476158885672,1,0
2022-09-15,2022-06-03,1,0.9967289137940417,1,0
2022-09-16,2022-06-03,1,0.9852730401127239,1,0
2022-09-19,2022-06-03,1,0.9555089673514823,1,0
2022-09-20,2022-06-03,1,0.7131358229748216,1,0
2022-09-21,2022-06-03,1,0.20219279771605553,0,0
2022-09-22,2022-06-03,1,0.36112311982592127,0,0
2022-09-23,2022-06-03,0,0.28717626101377736,0,0
2022-09-26,2022-06-03,1,0.34422119074291624,0,0
2022-09-27,2022-06-03,1,0.399572217548428,0,0
2022-09-28,2022-06-03,1,0.11655836460695472,0,0
2022-09-29,2022-06-03,1,0.26658041223172746,0,0
2022-09-30,2022-06-03,1,0.9157327588506626,1,0
2022-10-03,2022-06-03,1,0.8899749058691838,1,0
2022-10-04,2022-06-03,0,0.9288390248217295,1,0
2022-10-05,2022-06-03,1,0.981656762025109,1,0
2022-10-06,2022-06-03,1,0.9779480157653826,1,0
2022-10-07,2022-06-03,1,0.9855961635916448,1,0
2022-10-10,2022-06-03,1,0.9676363282950545,1,0
2022-10-11,2022-06-03,1,0.8951297963077092,1,0
2022-10-12,2022-06-03,1,0.9179156703329453,1,0
2022-10-13,2022-06-03,1,0.8677652034991731,1,0
2022-10-14,2022-06-03,1,0.6900487644857678,1,0
2022-10-17,2022-06-03,1,0.6592264288208455,1,0
2022-10-18,2022-06-03,1,0.7671025266870373,1,0
2022-10-19,2022-06-03,1,0.4912386010822706,0,0
2022-10-20,2022-06-03,0,0.47638640280607314,0,0
2022-10-21,2022-06-03,1,0.661502895779251,1,0
2022-10-24,2022-06-03,1,0.6363945752912934,1,0
2022-10-25,2022-06-03,1,0.6092099062109381,1,0
2022-10-26,2022-06-03,1,0.5415930494846586,1,0
2022-10-27,2022-06-03,1,0.36965451727473164,0,0
2022-10-28,2022-06-03,1,0.3230417717438767,0,0
2022-10-31,2022-06-03,1,0.33820097603215454,0,0
2022-11-01,2022-06-03,1,0.2907130687621512,0,0
2022-11-02,2022-06-03,1,0.2925823963559259,0,0
2022-11-03,2022-06-03,1,0.3082808543051044,0,0
2022-11-04,2022-06-03,1,0.4370183376940506,0,0
2022-11-07,2022-06-03,0,0.48857042060127703,0,0
2022-11-08,2022-06-03,1,0.5523635218008914,1,0
2022-11-09,2022-06-03,1,0.6765359474486484,1,0
2022-11-10,2022-06-03,1,0.5552038018772641,1,0
2022-11-11,2022-06-03,1,0.47242203917700093,0,0
2022-11-14,2022-06-03,0,0.36728522970980143,0,0
2022-11-15,2022-06-03,1,0.30324841441361217,0,0
2022-11-16,2022-06-03,1,0.19931347454251327,0,0
2022-11-17,2022-06-03,1,0.19337509723287305,0,0
2022-11-18,2022-06-03,1,0.3312387023671574,0,0
2022-11-21,2022-06-03,1,0.3297831805928018,0,0
2022-11-22,2022-06-03,1,0.35179306741637134,0,0
2022-11-23,2022-06-03,1,0.4355617374080639,0,0
2022-11-24,2022-06-03,0,0.3687757895944246,0,0
2022-11-25,2022-06-03,1,0.2829111828207401,0,0
2022-11-28,2022-06-03,0,0.13495721843862765,0,0
2022-11-29,2022-06-03,1,0.14243463285560687,0,0
2022-11-30,2022-11-29,1,0.41004163416077233,0,0
2022-12-01,2022-11-29,1,0.6033323235936668,1,0
2022-12-02,2022-11-29,1,0.500089380395836,1,0
2022-12-05,2022-11-29,1,0.4204413541316608,0,0
2022-12-06,2022-11-29,1,0.550218354103181,1,0
2022-12-07,2022-11-29,1,0.6073658551435991,1,0
2022-12-08,2022-11-29,1,0.44169396973808234,0,0
2022-12-09,2022-11-29,1,0.4163603657353852,0,0
2022-12-12,2022-11-29,1,0.39720991267277483,0,0
2022-12-13,2022-11-29,1,0.4296782521445674,0,0
2022-12-14,2022-11-29,1,0.3810712388521127,0,0
2022-12-15,2022-11-29,1,0.4158460246450587,0,0
2022-12-16,2022-11-29,1,0.3829396595731157,0,0
2022-12-19,2022-11-29,1,0.43426319777814,0,0
2022-12-20,2022-11-29,1,0.24070628305567218,0,0
2022-12-21,2022-11-29,1,0.16557014398019884,0,0
2022-12-22,2022-11-29,1,0.22563624721465966,0,0
2022-12-23,2022-11-29,1,0.29696620599014956,0,0
2022-12-26,2022-11-29,1,0.36954105601558673,0,0
2022-12-27,2022-11-29,0,0.3369965191408414,0,0
2022-12-28,2022-11-29,1,0.24230182543967943,0,0
2022-12-29,2022-11-29,1,0.44617499325718946,0,0
2022-12-30,2022-11-29,1,0.34581423015313556,0,0
2023-01-02,2022-11-29,0,0.5832721152553595,1,0
2023-01-03,2022-11-29,1,0.6556795344576636,1,0
2023-01-04,2022-11-29,0,0.021996280114145984,0,0
2023-01-05,2022-11-29,1,0.010007746817655093,0,0
2023-01-06,2022-11-29,1,0.013632021728013536,0,0
2023-01-09,2022-11-29,1,0.017964090294349915,0,0
2023-01-10,2022-11-29,0,0.01369504503144217,0,0
2023-01-11,2022-11-29,1,0.014858368842125286,0,0
2023-01-12,2022-11-29,1,0.011765042320011881,0,0
2023-01-13,2022-11-29,1,0.010974924422173491,0,0
2023-01-16,2022-11-29,1,0.014316318268686514,0,0
2023-01-17,2022-11-29,1,0.01369357724372625,0,0
2023-01-18,2022-11-29,1,0.016450081165845773,0,0
2023-01-19,2022-11-29,1,0.01738718254588127,0,0
2023-01-20,2022-11-29,1,0.014861915813848055,0,0
2023-01-24,2022-11-29,1,0.051950422505826516,0,0
2023-01-25,2022-11-29,1,0.04513075193487112,0,0
2023-01-26,2022-11-29,1,0.024624069582719555,0,0
2023-01-27,2022-11-29,1,0.03306793350836295,0,0
2023-01-30,2022-11-29,1,0.04855587867930428,0,0
2023-01-31,2022-11-29,1,0.017362869051266383,0,0
2023-02-01,2022-11-29,1,0.18727846448041024,0,0
2023-02-02,2022-11-29,1,0.13211538440683643,0,0
2023-02-03,2022-11-29,1,0.034244023355855364,0,0
2023-02-06,2022-11-29,0,0.09757497462790435,0,0
2023-02-07,2022-11-29,1,0.17253118878182844,0,0
2023-02-08,2022-11-29,0,0.05833706452754799,0,0
2023-02-09,2022-11-29,0,0.03733605827811309,0,0
2023-02-10,2022-11-29,0,0.05051985304982484,0,0
2023-02-13,2022-11-29,1,0.04241976643536273,0,0
2023-02-14,2022-11-29,1,0.06256350827927268,0,0
2023-02-15,2022-11-29,1,0.037715518875419254,0,0
2023-02-16,2022-11-29,1,0.03761067251814458,0,0
2023-02-17,2022-11-29,1,0.054809080688617715,0,0
2023-02-20,2022-11-29,1,0.0156614287344011,0,0
2023-02-21,2022-11-29,1,0.007625888252072088,0,0
2023-02-22,2022-11-29,1,0.008943452455784477,0,0
2023-02-23,2022-11-29,1,0.00617285660762865,0,0
2023-02-24,2022-11-29,1,0.005068158617329205,0,0
2023-02-27,2022-11-29,0,0.005375111022393472,0,0
2023-02-28,2022-11-29,0,0.004013249260996895,0,0
2023-03-01,2022-11-29,1,0.00940562586897892,0,0
2023-03-02,2022-11-29,1,0.005764255349903651,0,0
2023-03-03,2022-11-29,0,0.00449723999517798,0,0
2023-03-06,2022-11-29,1,0.007212095606856311,0,0
2023-03-07,2022-11-29,0,0.005064892011285873,0,0
2023-03-08,2022-11-29,0,0.002803347815498925,0,0
2023-03-09,2022-11-29,0,0.0029538904316349915,0,0
2023-03-10,2022-11-29,0,0.002592460596108382,0,0
2023-03-13,2022-11-29,0,0.002315070026144822,0,0
2023-03-14,2022-11-29,0,0.0026748666611765165,0,0
2023-03-15,2022-11-29,0,0.002047319080213993,0,0
2023-03-16,2022-11-29,0,0.0016852983946726479,0,0
2023-03-17,2022-11-29,0,0.001379393261574737,0,0
2023-03-20,2022-11-29,0,0.0010279090497795262,0,0
2023-03-21,2022-11-29,0,0.0009047502939225004,0,0
2023-03-24,2022-11-29,0,0.0008759655031296864,0,0
2023-03-27,2022-11-29,0,0.0008040432209720264,0,0
2023-03-28,2022-11-29,0,0.0006699139757154066,0,0
2023-03-29,2022-11-29,0,0.0006167967152806723,0,0
2023-03-30,2022-11-29,0,0.0005807278211956867,0,0
2023-03-31,2022-11-29,0,0.0007787315101442286,0,0
2023-04-03,2022-11-29,0,0.0006440956452632353,0,0
2023-04-04,2022-11-29,0,0.0006468001053084009,0,0
2023-04-05,2022-11-29,0,0.0006629046730456679,0,0
2023-04-06,2022-11-29,0,0.0006268101160763929,0,0
2023-04-10,2022-11-29,0,0.0006327014992405513,0,0
2023-04-11,2022-11-29,0,0.0006490009797434193,0,0
2023-04-12,2022-11-29,0,0.000670815861707777,0,0
2023-04-13,2022-11-29,0,0.0006812249364936818,0,0
2023-04-14,2022-11-29,0,0.0006969249733087333,0,0
2023-04-17,2022-11-29,0,0.0007129246252555035,0,0
2023-04-18,2022-11-29,0,0.0007318754871959346,0,0
2023-04-26,2022-11-29,0,0.0007719205373076701,0,0
2023-04-27,2022-11-29,0,0.000774858172966481,0,0
2023-04-28,2022-11-29,0,0.0007976052136924234,0,0
2023-05-02,2022-11-29,0,0.0008394990638434816,0,0
2023-05-03,2022-11-29,0,0.0008736708832763118,0,0
2023-05-04,2022-11-29,0,0.0008898211167988248,0,0
2023-05-05,2022-11-29,0,0.0009064732867996855,0,0
2023-05-08,2022-11-29,0,0.0014889734836349726,0,0
2023-05-09,2022-11-29,0,0.0009591436058195694,0,0
2023-05-10,2022-11-29,0,0.000965772400400552,0,0
2023-05-11,2022-11-29,0,0.0009959659427986216,0,0
2023-05-12,2022-11-29,0,0.0010216757467563483,0,0
2023-05-15,2022-11-29,0,0.0009503022654134704,0,0
2023-05-16,2022-11-29,0,0.0010714394323964333,0,0
2023-05-17,2022-11-29,0,0.0009586503763740673,0,0
2023-05-19,2022-11-29,0,0.00098043720298515,0,0
2023-05-22,2022-11-29,0,0.000981721205702788,0,0
2023-05-23,2022-11-29,0,0.0009895839829053832,0,0
2023-05-24,2022-11-29,1,0.001009563529657869,0,0
2023-05-25,2022-11-29,0,0.0010108635426012591,0,0
2023-05-26,2022-11-29,0,0.0010254466523821944,0,0
2023-05-29,2022-11-29,0,0.0010356155202299652,0,0
2023-05-30,2022-11-29,0,0.001038985900908909,0,0
2023-05-31,2022-11-29,1,0.1339536685565491,0,0
2023-06-05,2022-11-29,0,0.007558773177629164,0,0
2023-06-06,2022-11-29,0,0.007722777861238043,0,0
2023-06-07,2022-11-29,1,0.009600974885338882,0,0
2023-06-08,2022-11-29,1,0.00790395150030838,0,0
2023-06-09,2022-11-29,1,0.005514460593198697,0,0
2023-06-12,2022-11-29,1,0.006978242712693019,0,0
2023-06-13,2023-06-12,1,0.2213044639584046,0,0
2023-06-14,2023-06-12,1,0.9821577062405923,1,0
2023-06-15,2023-06-12,1,0.933116657197757,1,0
2023-06-16,2023-06-12,1,0.915405885560138,1,0
2023-06-19,2023-06-12,1,0.9850478055145139,1,0
2023-06-20,2023-06-12,1,0.9744295032412544,1,0
2023-06-21,2023-06-12,0,0.9421398653305744,1,0
2023-06-22,2023-06-12,1,0.8043519682016173,1,0
2023-06-23,2023-06-12,0,0.7349690173973917,1,0
2023-06-26,2023-06-12,1,0.7181251664297741,1,0
2023-06-27,2023-06-12,1,0.7536218710913112,1,0
2023-07-03,2023-06-12,0,0.8717950003778153,1,0
2023-07-04,2023-06-12,1,0.9361522968562597,1,0
2023-07-05,2023-06-12,1,0.9577793837909878,1,0
2023-07-06,2023-06-12,1,0.9508965140692605,1,0
2023-07-07,2023-06-12,1,0.6419099926503894,1,0
2023-07-10,2023-06-12,1,0.5652903418069126,1,0
2023-07-11,2023-06-12,0,0.7245674303199354,1,0
2023-07-12,2023-06-12,1,0.6558269925946907,1,0
2023-07-13,2023-06-12,1,0.5265608822547291,1,0
2023-07-14,2023-06-12,1,0.8952022641350819,1,0
2023-07-17,2023-06-12,1,0.8147689083782481,1,0
2023-07-18,2023-06-12,1,0.6675251566374852,1,0
2023-07-20,2023-06-12,1,0.842282588776338,1,0
2023-07-21,2023-06-12,0,0.7304125748807117,1,0
2023-07-24,2023-06-12,1,0.6661237710152531,1,0
2023-07-25,2023-06-12,1,0.6735687316806273,1,0
2023-07-26,2023-06-12,1,0.5114229309080736,1,0
2023-07-27,2023-06-12,1,0.35712985798416874,0,0
2023-07-28,2023-06-12,1,0.4210573499152648,0,0
2023-07-31,2023-06-12,1,0.9966697269629443,1,0
2023-08-01,2023-06-12,1,0.6649206852372443,1,0
2023-08-02,2023-06-12,1,0.7489469556771973,1,0
2023-08-03,2023-06-12,1,0.9738488311401381,1,0
2023-08-04,2023-06-12,1,0.8978085293338669,1,0
2023-08-07,2023-06-12,1,0.880963214781906,1,0
2023-08-08,2023-06-12,0,0.9742759663531533,1,0
2023-08-09,2023-06-12,1,0.9500919083197378,1,0
2023-08-10,2023-06-12,0,0.9603561400480088,1,0
2023-08-11,2023-06-12,1,0.9628781442627892,1,0
2023-08-14,2023-06-12,1,0.9634811220246752,1,0
2023-08-15,2023-06-12,0,0.9052446682099891,1,0
2023-08-16,2023-06-12,1,0.8946765981416127,1,0
2023-08-18,2023-06-12,1,0.9109473366467239,1,0
2023-08-21,2023-06-12,0,0.8920078171884672,1,0
2023-08-22,2023-06-12,1,0.685275007629003,1,0
2023-08-23,2023-06-12,1,0.594002057022196,1,0
2023-08-24,2023-06-12,1,0.62241426602137,1,0
2023-08-25,2023-06-12,1,0.5900536475630681,1,0
2023-08-28,2023-06-12,1,0.5442897244747872,1,0
2023-08-29,2023-06-12,0,0.9683380645288195,1,0
2023-08-30,2023-06-12,1,0.7966331996724404,1,0
2023-08-31,2023-06-12,1,0.999542929823377,1,0
2023-09-01,2023-06-12,0,0.9705119960523583,1,0
2023-09-04,2023-06-12,1,0.9879084768100381,1,0
2023-09-05,2023-06-12,1,0.9934774533557424,1,0
2023-09-06,2023-06-12,1,0.9801644149900886,1,0
2023-09-07,2023-06-12,0,0.9339683889026937,1,0
2023-09-08,2023-06-12,0,0.9510841041136369,1,0
2023-09-11,2023-06-12,1,0.9621363940302672,1,0
2023-09-12,2023-06-12,0,0.9526999517295628,1,0
2023-09-13,2023-06-12,0,0.9448943904233691,1,0
2023-09-14,2023-06-12,1,0.958925220617755,1,0
2023-09-15,2023-06-12,0,0.9427341279903316,1,0
2023-09-18,2023-06-12,1,0.9247261735990264,1,0
2023-09-19,2023-06-12,1,0.9354190453960562,1,0
2023-09-20,2023-06-12,1,0.7243763488605913,1,0
2023-09-21,2023-06-12,1,0.3644918929854344,0,0
2023-09-22,2023-06-12,1,0.38452810523844416,0,0
2023-09-25,2023-06-12,1,0.9232421682648643,1,0
2023-09-26,2023-06-12,1,0.8415766218784891,1,0
2023-09-27,2023-06-12,1,0.9847696183384146,1,0
2023-09-29,2023-06-12,1,0.9997275473475387,1,0
2023-10-02,2023-06-12,1,0.99545797060616,1,0
2023-10-03,2023-06-12,1,0.9952158458377767,1,0
2023-10-04,2023-06-12,0,0.9718578946999361,1,0
2023-10-05,2023-06-12,1,0.9596135994371967,1,0
2023-10-06,2023-06-12,1,0.9482894102873914,1,0
2023-10-09,2023-06-12,1,0.9462042234004073,1,0
2023-10-10,2023-06-12,1,0.941031037814284,1,0
2023-10-11,2023-06-12,1,0.93472748809422,1,0
2023-10-12,2023-06-12,0,0.9771320143016204,1,0
2023-10-13,2023-06-12,1,0.9656968543830282,1,0
2023-10-16,2023-06-12,1,0.927952988264352,1,0
2023-10-17,2023-06-12,1,0.9262487758351625,1,0
2023-10-18,2023-06-12,1,0.8611653451853073,1,0
2023-10-19,2023-06-12,1,0.7391524765197584,1,0
2023-10-20,2023-06-12,1,0.6151584349795536,1,0
2023-10-23,2023-06-12,1,0.7109307310123104,1,0
2023-10-24,2023-06-12,1,0.5330548472161347,1,0
2023-10-25,2023-06-12,1,0.6525553852233921,1,0
2023-10-26,2023-06-12,1,0.5893537304392581,1,0
2023-10-27,2023-06-12,1,0.6396214250219154,1,0
2023-10-30,2023-06-12,1,0.8049514498898666,1,0
2023-10-31,2023-06-12,1,0.9597576795622738,1,0
2023-11-01,2023-06-12,1,0.989873280966036,1,0
2023-11-02,2023-06-12,1,0.9932734941756961,1,0
2023-11-03,2023-06-12,1,0.9831958596565319,1,0
2023-11-06,2023-06-12,1,0.992090724040387,1,0
2023-11-07,2023-06-12,1,0.9909511611925325,1,0
2023-11-08,2023-06-12,1,0.9959233884242356,1,0
2023-11-09,2023-06-12,1,0.9953230591260814,1,0
2023-11-10,2023-06-12,0,0.9907566814934617,1,0
2023-11-13,2023-06-12,0,0.9940763345007924,1,0
2023-11-14,2023-06-12,0,0.9964389901117546,1,0
2023-11-15,2023-06-12,1,0.9976218265731976,1,0
2023-11-16,2023-06-12,1,0.9978262797919683,1,0
2023-11-17,2023-06-12,1,0.9968060780252602,1,0
2023-11-20,2023-06-12,1,0.9714895500415018,1,0
2023-11-21,2023-06-12,1,0.9102326367809597,1,0
2023-11-22,2023-06-12,1,0.8908584173930298,1,0
2023-11-23,2023-06-12,1,0.8929010036820025,1,0
2023-11-24,2023-06-12,1,0.8521810676331959,1,0
2023-11-27,2023-06-12,1,0.4599815488565811,0,0
2023-11-28,2023-06-12,1,0.32126421260704224,0,0
2023-11-29,2023-06-12,1,0.5031951566150231,1,0
2023-11-30,2023-06-12,1,0.7780891021210762,1,0
2023-12-01,2023-06-12,1,0.9683872899449545,1,0
2023-12-04,2023-06-12,1,0.9952478053925368,1,0
2023-12-05,2023-06-12,1,0.9572514601420246,1,0
2023-12-06,2023-06-12,1,0.9964113567423594,1,0
2023-12-07,2023-06-12,1,0.9961398534129554,1,0
2023-12-08,2023-06-12,1,0.9944274690171561,1,0
2023-12-11,2023-06-12,1,0.9824968845783517,1,0
2023-12-12,2023-06-12,1,0.9710897415310399,1,0
2023-12-13,2023-06-12,1,0.9699580580111162,1,0
2023-12-14,2023-12-13,1,0.899892307006681,1,0
2023-12-15,2023-12-13,1,0.9394849703856567,1,0
2023-12-18,2023-12-13,1,0.9587384121255353,1,0
2023-12-19,2023-12-13,1,0.8846020803291469,1,0
2023-12-20,2023-12-13,1,0.4089286364583929,0,0
2023-12-21,2023-12-13,0,0.5333737770524034,1,0
2023-12-22,2023-12-13,1,0.5087795888664437,1,0
2023-12-27,2023-12-13,1,0.3711634856417266,0,0
2023-12-28,2023-12-13,1,0.3853341577153458,0,0
2023-12-29,2023-12-13,1,0.30446433130276856,0,0
2024-01-02,2023-12-13,1,0.916212567752264,1,0
2024-01-03,2023-12-13,1,0.9059108354811267,1,0
2024-01-04,2023-12-13,1,0.9071898703434669,1,0
2024-01-05,2023-12-13,1,0.9359753052648524,1,0
2024-01-08,2023-12-13,1,0.8611454659628796,1,0
2024-01-09,2023-12-13,1,0.7754076231094735,1,0
2024-01-10,2023-12-13,1,0.6204051462400364,1,0
2024-01-11,2023-12-13,1,0.5267938221878445,1,0
2024-01-12,2023-12-13,1,0.5165268599589738,1,0
2024-01-15,2023-12-13,1,0.45322650689192734,0,0
2024-01-16,2023-12-13,1,0.3278536769298955,0,0
2024-01-17,2023-12-13,1,0.327151941849194,0,0
2024-01-18,2023-12-13,1,0.48801331547373206,0,0
2024-01-19,2023-12-13,1,0.23163036121579464,0,0
2024-01-22,2023-12-13,1,0.09233439980835552,0,0
2024-01-23,2023-12-13,1,0.0952787929671658,0,0
2024-01-24,2023-12-13,1,0.07769328440401968,0,0
2024-01-25,2023-12-13,0,0.06574126089929959,0,0
2024-01-26,2023-12-13,0,0.04979186692343181,0,0
2024-01-29,2023-12-13,0,0.07877755223022907,0,0
2024-01-30,2023-12-13,1,0.1971734215794802,0,0
2024-01-31,2023-12-13,1,0.21867656122569315,0,0
2024-02-01,2023-12-13,1,0.3480991591125307,0,0
2024-02-02,2023-12-13,0,0.3124093535602984,0,0
2024-02-05,2023-12-13,0,0.28565897168483007,0,0
2024-02-06,2023-12-13,1,0.26827360590292904,0,0
2024-02-07,2023-12-13,1,0.22270252112167177,0,0
2024-02-12,2023-12-13,1,0.2193706377419589,0,0
2024-02-13,2023-12-13,1,0.2521959058642998,0,0
2024-02-15,2023-12-13,1,0.29641374323760583,0,0
2024-02-16,2023-12-13,1,0.28719492804381724,0,0
2024-02-19,2023-12-13,1,0.3044065423448563,0,0
2024-02-20,2023-12-13,1,0.35317254330052084,0,0
2024-02-21,2023-12-13,1,0.22857550359315615,0,0
2024-02-22,2023-12-13,1,0.4570526148760687,0,0
2024-02-23,2023-12-13,1,0.2961650546164752,0,0
2024-02-26,2023-12-13,1,0.18931544098994033,0,0
2024-02-27,2023-12-13,1,0.20716504599742602,0,0
2024-02-28,2023-12-13,1,0.18288040896996485,0,0
2024-02-29,2023-12-13,1,0.6828765852061334,1,0
2024-03-01,2023-12-13,1,0.2386001526126215,0,0
2024-03-04,2023-12-13,0,0.2944438700219765,0,0
2024-03-05,2023-12-13,1,0.46421235515940906,0,0
2024-03-06,2023-12-13,1,0.40143390096132237,0,0
2024-03-07,2023-12-13,1,0.3006811595726877,0,0
2024-03-08,2023-12-13,0,0.30982946782855236,0,0
2024-03-13,2023-12-13,1,0.3034596682788069,0,0
2024-03-14,2023-12-13,1,0.36516028056686933,0,0
2024-03-15,2023-12-13,1,0.18811656601098117,0,0
2024-03-18,2023-12-13,1,0.17898204467695716,0,0
2024-03-19,2023-12-13,1,0.37149180626709627,0,0
2024-03-20,2023-12-13,1,0.39187092487699127,0,0
2024-03-21,2023-12-13,0,0.47701877064222803,0,0
2024-03-22,2023-12-13,0,0.41154006059165715,0,0
2024-03-25,2023-12-13,1,0.44157681959233297,0,0
2024-03-26,2023-12-13,0,0.5245019100358548,1,0
2024-03-27,2023-12-13,1,0.5624903108315462,1,0
2024-03-28,2023-12-13,0,0.3271339744899639,0,0
2024-04-01,2023-12-13,1,0.7812672814921194,1,0
2024-04-02,2023-12-13,1,0.5139959389236675,1,0
2024-04-03,2023-12-13,1,0.5363439065216979,1,0
2024-04-04,2023-12-13,0,0.5425421445388656,1,0
2024-04-05,2023-12-13,0,0.7216858045594531,1,0
2024-04-16,2023-12-13,1,0.6937611594341976,1,0
2024-04-17,2023-12-13,1,0.7115180068002196,1,0
2024-04-18,2023-12-13,1,0.6379505474750027,1,0
2024-04-19,2023-12-13,1,0.6505645463784232,1,0
2024-04-22,2023-12-13,1,0.6378938848036426,1,0
2024-04-23,2023-12-13,1,0.6883738657202965,1,0
2024-04-24,2023-12-13,1,0.6988626911438444,1,0
2024-04-25,2023-12-13,1,0.6933545434805555,1,0
2024-04-26,2023-12-13,1,0.5537659720395582,1,0
2024-04-29,2023-12-13,1,0.4673511976549253,0,0
2024-04-30,2023-12-13,1,0.5853469831875584,1,0
2024-05-02,2023-12-13,1,0.43022460309747346,0,0
2024-05-03,2023-12-13,1,0.5538534832572333,1,0
2024-05-06,2023-12-13,1,0.5484714212315939,1,0
2024-05-07,2023-12-13,0,0.3748219865207301,0,0
2024-05-08,2023-12-13,1,0.40000285590018086,0,0
2024-05-13,2023-12-13,1,0.4068672181629403,0,0
2024-05-14,2023-12-13,1,0.37416699631967915,0,0
2024-05-15,2023-12-13,1,0.28013608553949204,0,0
2024-05-16,2023-12-13,0,0.2850975055174635,0,0
2024-05-17,2023-12-13,1,0.39011528795219197,0,0
2024-05-20,2023-12-13,1,0.42147641212669745,0,0
2024-05-21,2023-12-13,1,0.37922739486116597,0,0
2024-05-22,2023-12-13,0,0.33412065765761206,0,0
2024-05-27,2023-12-13,1,0.23988339794245023,0,0
2024-05-28,2023-12-13,1,0.2627298498338362,0,0
2024-05-29,2023-12-13,1,0.25706094819432335,0,0
2024-05-30,2023-12-13,1,0.19722682497584243,0,0
2024-05-31,2023-12-13,0,0.2790188403186362,0,0
2024-06-03,2023-12-13,1,0.4081894774479258,0,0
2024-06-04,2023-12-13,1,0.3817573220668875,0,0
2024-06-05,2023-12-13,1,0.30461304207917644,0,0
2024-06-06,2023-12-13,1,0.3749689610016019,0,0
2024-06-07,2023-12-13,1,0.2984834957450305,0,0
2024-06-10,2023-12-13,0,0.19569376427804805,0,0
2024-06-11,2023-12-13,1,0.23623305826633242,0,0
2024-06-12,2023-12-13,1,0.18179503872365804,0,0
2024-06-13,2023-12-13,1,0.17104044576345628,0,0
2024-06-14,2023-12-13,1,0.19715774976337408,0,0
2024-06-19,2023-12-13,1,0.21771768226571944,0,0
2024-06-20,2023-12-13,1,0.23110049899970914,0,0
2024-06-21,2023-12-13,1,0.3330731998550383,0,0
2024-06-24,2023-12-13,1,0.24357397272085243,0,0
2024-06-25,2023-12-13,1,0.22416023376844207,0,0
2024-06-26,2023-12-13,1,0.3938479423364776,0,0
2024-06-27,2023-12-13,1,0.26269469886514096,0,0
2024-06-28,2023-12-13,1,0.322512134856047,0,0
2024-07-01,2023-12-13,1,0.7166803490534482,1,0
2024-07-02,2023-12-13,1,0.7891585348522718,1,0
2024-07-03,2023-12-13,1,0.9751171935196613,1,0
2024-07-04,2023-12-13,1,0.9191886924721531,1,0
2024-07-05,2023-12-13,1,0.8595471962963864,1,0
2024-07-08,2023-12-13,1,0.9497116368358631,1,0
2024-07-09,2024-07-08,1,0.9229234364022029,1,0
2024-07-10,2024-07-08,1,0.8480056165816645,1,0
2024-07-11,2024-07-08,1,0.9616127451274044,1,0
2024-07-12,2024-07-08,1,0.926966499864365,1,0
2024-07-15,2024-07-08,1,0.8638963830503571,1,0
2024-07-16,2024-07-08,1,0.9230221352682144,1,0
2024-07-17,2024-07-08,1,0.9274065837114286,1,0
2024-07-18,2024-07-08,1,0.7595795055725596,1,0
2024-07-19,2024-07-08,1,0.5595929414438232,1,0
2024-07-22,2024-07-08,0,0.5612599295972719,1,0
2024-07-23,2024-07-08,1,0.44830848819771424,0,0
2024-07-24,2024-07-08,1,0.3197066804035271,0,0
2024-07-25,2024-07-08,1,0.32104391051166115,0,0
2024-07-26,2024-07-08,1,0.7814111712903837,1,0
2024-07-29,2024-07-08,1,0.5251121713727396,1,0
2024-07-30,2024-07-08,1,0.47311415410168584,0,0
2024-07-31,2024-07-08,1,0.851300595180872,1,0
2024-08-01,2024-07-08,1,0.7932374918600882,1,0
2024-08-02,2024-07-08,1,0.7226159183192322,1,0
2024-08-05,2024-07-08,1,0.6526716030910299,1,0
2024-08-06,2024-07-08,1,0.6375783969555924,1,0
2024-08-07,2024-07-08,1,0.6060807440488263,1,0
2024-08-08,2024-07-08,1,0.5900893131991861,1,0
2024-08-09,2024-07-08,1,0.6890668400793137,1,0
2024-08-12,2024-07-08,1,0.6971233280725561,1,0
2024-08-13,2024-07-08,1,0.6641940974419233,1,0
2024-08-14,2024-07-08,1,0.6665320375629868,1,0
2024-08-15,2024-07-08,1,0.6892283501119774,1,0
2024-08-16,2024-07-08,0,0.5738067841251824,1,0
2024-08-19,2024-07-08,0,0.5561363593654417,1,0
2024-08-20,2024-07-08,1,0.43988802139558925,0,0
2024-08-21,2024-07-08,1,0.4837141254856082,0,0
2024-08-22,2024-07-08,0,0.2052939015100669,0,0
2024-08-23,2024-07-08,1,0.39722006816972755,0,0
2024-08-26,2024-07-08,1,0.37295437317429514,0,0
2024-08-27,2024-07-08,1,0.2518272346507046,0,0
2024-08-28,2024-07-08,1,0.26896344426088825,0,0
2024-08-29,2024-07-08,1,0.26241336842920593,0,0
2024-08-30,2024-07-08,0,0.3060557199235458,0,0
2024-09-02,2024-07-08,1,0.3228148465890213,0,0
2024-09-03,2024-07-08,1,0.5426505888615485,1,0
2024-09-04,2024-07-08,1,0.5034414738911479,1,0
2024-09-05,2024-07-08,1,0.4203157063351573,0,0
2024-09-06,2024-07-08,1,0.40769347297036046,0,0
2024-09-09,2024-07-08,1,0.37287396849338295,0,0
2024-09-10,2024-07-08,1,0.3330676311619737,0,0
2024-09-11,2024-07-08,1,0.3797523057102694,0,0
2024-09-12,2024-07-08,1,0.3641898750043069,0,0
2024-09-13,2024-07-08,1,0.30228008507185805,0,0
2024-09-17,2024-07-08,1,0.5721449208474609,1,0
2024-09-18,2024-07-08,1,0.5739438991699022,1,0
2024-09-19,2024-07-08,0,0.608442666545155,1,0
2024-09-20,2024-07-08,1,0.5837363096701869,1,0
2024-09-23,2024-07-08,1,0.6386527447814828,1,0
2024-09-24,2024-07-08,1,0.6687235316816581,1,0
2024-09-25,2024-07-08,1,0.5960917146082572,1,0
2024-09-26,2024-07-08,1,0.5619606146063871,1,0
2024-09-27,2024-07-08,1,0.618813543634991,1,0
2024-09-30,2024-07-08,1,0.9999281546234576,1,0
2024-10-01,2024-07-08,1,0.980772445042672,1,0
2024-10-02,2024-07-08,1,0.9897001302506644,1,0
2024-10-03,2024-07-08,1,0.9982690362529295,1,0
2024-10-04,2024-07-08,1,0.9923428912062431,1,0
2024-10-07,2024-07-08,1,0.9470643519270423,1,0
2024-10-08,2024-07-08,1,0.9767998804205784,1,0
2024-10-09,2024-07-08,1,0.9809171299618893,1,0
2024-10-10,2024-07-08,1,0.9850722993552161,1,0
2024-10-11,2024-07-08,1,0.9904135332928632,1,0
2024-10-14,2024-07-08,1,0.9912139815116693,1,0
2024-10-15,2024-07-08,1,0.9965881869710166,1,0
2024-10-16,2024-07-08,1,0.9961745649299532,1,0
2024-10-17,2024-07-08,1,0.9993678662421696,1,0
2024-10-18,2024-07-08,1,0.9962911071196398,1,0
2024-10-21,2024-07-08,0,0.9955202311137513,1,0
2024-10-22,2024-07-08,1,0.9991558281989557,1,0
2024-10-23,2024-07-08,1,0.9988641471044886,1,0
2024-10-24,2024-07-08,1,0.9937145867962435,1,0
2024-10-25,2024-07-08,1,0.9900447869705378,1,0
2024-10-28,2024-07-08,1,0.9995022850989279,1,0
2024-10-29,2024-07-08,1,0.9723998906518485,1,0
2024-10-30,2024-07-08,1,0.9245546309404991,1,0
2024-10-31,2024-07-08,1,0.9995754821678873,1,0
2024-11-01,2024-07-08,1,0.996670662636144,1,0
2024-11-04,2024-07-08,1,0.9976867772330403,1,0
2024-11-05,2024-07-08,1,0.9993850667945617,1,0
2024-11-06,2024-07-08,1,0.9946194008700745,1,0
2024-11-07,2024-07-08,1,0.9823993203346187,1,0
2024-11-08,2024-07-08,1,0.9982600630496326,1,0
2024-11-11,2024-07-08,1,0.9983288254595234,1,0
2024-11-12,2024-07-08,1,0.9995991905425203,1,0
2024-11-13,2024-07-08,1,0.999896985494788,1,0
2024-11-14,2024-07-08,1,0.9998438649064717,1,0
2024-11-15,2024-07-08,1,0.9999234845209971,1,0
2024-11-18,2024-07-08,0,0.9999893654498997,1,0
2024-11-19,2024-07-08,1,0.9999589671111256,1,0
2024-11-20,2024-07-08,1,0.9994926278892986,1,0
2024-11-21,2024-07-08,1,0.9983302507824876,1,0
2024-11-22,2024-07-08,1,0.9958345273883692,1,0
2024-11-25,2024-07-08,1,0.9972293515255105,1,0
2024-11-26,2024-07-08,1,0.9949546451554167,1,0
2024-11-28,2024-07-08,1,0.9890354344398937,1,0
2024-11-29,2024-07-08,1,0.9962483910447358,1,0
2024-12-02,2024-07-08,1,0.980049768383205,1,0
2024-12-03,2024-07-08,1,0.9773987508355736,1,0
2024-12-04,2024-07-08,1,0.9950234271463617,1,0
2024-12-05,2024-07-08,1,0.9702472727483545,1,0
2024-12-06,2024-07-08,1,0.9084508093401307,1,0
2024-12-09,2024-07-08,1,0.989282431749543,1,0
2024-12-10,2024-07-08,1,0.9980947610250068,1,0
2024-12-11,2024-07-08,1,0.9953708307558483,1,0
2024-12-12,2024-07-08,1,0.9908915173521944,1,0
2024-12-13,2024-07-08,1,0.9772943954082602,1,0
2024-12-16,2024-07-08,1,0.969653779635454,1,0
2024-12-17,2024-07-08,1,0.912163190966521,1,0
2024-12-18,2024-07-08,1,0.9372652849650392,1,0
2024-12-19,2024-07-08,1,0.7388453530445924,1,0
2024-12-20,2024-07-08,1,0.7468261886020301,1,0
2024-12-23,2024-07-08,1,0.6692182961683021,1,0
2024-12-24,2024-07-08,1,0.5705702473817225,1,0
2024-12-27,2024-07-08,1,0.3355271960538818,0,0
2024-12-30,2024-07-08,1,0.6170117145761997,1,0
2025-01-02,2024-07-08,1,0.8672411137420705,1,0
2025-01-03,2024-07-08,1,0.8864892105474079,1,0
2025-01-06,2024-07-08,1,0.9296966710247072,1,0
2025-01-07,2024-07-08,1,0.9330853204638299,1,0
2025-01-08,2024-07-08,1,0.8580238278379155,1,0
2025-01-09,2025-01-08,1,0.823737525373325,1,0
2025-01-10,2025-01-08,1,0.9541667961736231,1,0
2025-01-13,2025-01-08,1,0.8787588514558746,1,0
2025-01-14,2025-01-08,0,0.9145972848820074,1,0
2025-01-15,2025-01-08,1,0.9347746607930363,1,0
2025-01-16,2025-01-08,1,0.9607798274852252,1,0
2025-01-17,2025-01-08,1,0.8765865615855186,1,0
2025-01-20,2025-01-08,1,0.9465257176629412,1,0
2025-01-21,2025-01-08,1,0.8342057988749543,1,0
2025-01-22,2025-01-08,1,0.7564705444970813,1,0
2025-01-23,2025-01-08,1,0.7853530599472314,1,0
2025-01-24,2025-01-08,0,0.7022030702054737,1,0
2025-01-30,2025-01-08,1,0.5950884008607538,1,0
2025-01-31,2025-01-08,1,0.9942064618437563,1,0
2025-02-03,2025-01-08,1,0.9514895698393675,1,0
2025-02-04,2025-01-08,1,0.9666469344422524,1,0
2025-02-05,2025-01-08,1,0.9905213054457247,1,0
2025-02-06,2025-01-08,1,0.9756057357340056,1,0
2025-02-07,2025-01-08,1,0.9592022091768639,1,0
2025-02-10,2025-01-08,1,0.948627460699974,1,0
2025-02-11,2025-01-08,1,0.9733908384269814,1,0
2025-02-12,2025-01-08,1,0.9834324476898586,1,0
2025-02-13,2025-01-08,1,0.9863842012959341,1,0
2025-02-14,2025-01-08,1,0.9954579695785328,1,0
2025-02-17,2025-01-08,1,0.9987274955740381,1,0
2025-02-18,2025-01-08,1,0.9994879030797877,1,0
2025-02-19,2025-01-08,1,0.9992166318182173,1,0
2025-02-20,2025-01-08,1,0.9974911714513274,1,0
2025-02-21,2025-01-08,1,0.9948114647887043,1,0
2025-02-24,2025-01-08,1,0.9708390684686168,1,0
2025-02-25,2025-01-08,1,0.9426360112562061,1,0
2025-02-26,2025-01-08,1,0.9515474931450507,1,0
2025-02-27,2025-01-08,1,0.8881530358582066,1,0
2025-02-28,2025-01-08,1,0.8959299415457328,1,0
2025-03-03,2025-01-08,1,0.9913235175916897,1,0
2025-03-04,2025-01-08,0,0.9839976674530165,1,0
2025-03-05,2025-01-08,1,0.8721300419760172,1,0
2025-03-06,2025-01-08,1,0.9739460417910498,1,0
2025-03-07,2025-01-08,1,0.991123629219691,1,0
2025-03-10,2025-01-08,1,0.8841240058584112,1,0
2025-03-11,2025-01-08,1,0.9481666971142274,1,0
2025-03-12,2025-01-08,1,0.8981643401818015,1,0
2025-03-13,2025-01-08,1,0.9333758301648425,1,0
2025-03-14,2025-01-08,1,0.9358074918997725,1,0
2025-03-17,2025-01-08,1,0.9649943421072992,1,0
2025-03-18,2025-01-08,1,0.9782765817038319,1,0
2025-03-19,2025-01-08,1,0.9789608481038857,1,0
2025-03-20,2025-01-08,0,0.9282981085366414,1,0
2025-03-21,2025-01-08,1,0.7250928557313101,1,0
2025-03-24,2025-01-08,1,0.5896382868408439,1,0
2025-03-25,2025-01-08,1,0.786557146002585,1,0
2025-03-26,2025-01-08,1,0.8572412398825007,1,0
2025-03-27,2025-01-08,1,0.8339087036931462,1,0
2025-04-08,2025-01-08,1,0.991911316222857,1,0
2025-04-09,2025-01-08,1,0.9937118397370042,1,0
2025-04-10,2025-01-08,1,0.9988345444480469,1,0
2025-04-11,2025-01-08,1,0.9937264844892296,1,0
2025-04-14,2025-01-08,1,0.9882059605398124,1,0
2025-04-15,2025-01-08,1,0.9979525229631876,1,0
2025-04-16,2025-01-08,1,0.9993689536817966,1,0
2025-04-17,2025-01-08,1,0.9989775668735578,1,0
2025-04-21,2025-01-08,1,0.9980453145650969,1,0
2025-04-22,2025-01-08,1,0.9968946962200386,1,0
2025-04-23,2025-01-08,1,0.9966909234746404,1,0
2025-04-24,2025-01-08,1,0.9899756922387972,1,0
2025-04-25,2025-01-08,1,0.994019534471577,1,0
2025-04-28,2025-01-08,1,0.9447844169447535,1,0
2025-04-29,2025-01-08,1,0.9364995759299178,1,0
2025-04-30,2025-01-08,1,0.9992708363861611,1,0
2025-05-02,2025-01-08,1,0.9857259236639717,1,0
2025-05-05,2025-01-08,1,0.9894614820296906,1,0
2025-05-06,2025-01-08,1,0.9985607397681152,1,0
2025-05-07,2025-01-08,1,0.9973164189870437,1,0
2025-05-08,2025-01-08,1,0.691377353288015,1,0
2025-05-09,2025-01-08,1,0.8632668823533034,1,0
2025-05-14,2025-01-08,1,0.9899545502509498,1,0
2025-05-15,2025-01-08,1,0.9849386338170937,1,0
2025-05-16,2025-01-08,1,0.9939271824956899,1,0
2025-05-19,2025-01-08,0,0.9926900839694501,1,0
2025-05-20,2025-01-08,1,0.9853098993556568,1,0
2025-05-21,2025-01-08,1,0.958740569653465,1,0
2025-05-22,2025-01-08,1,0.9498491977598261,1,0
2025-05-23,2025-01-08,1,0.9235393240101244,1,0
2025-05-26,2025-01-08,1,0.8245671901609026,1,0
2025-05-27,2025-01-08,1,0.8757393697174716,1,0
2025-05-28,2025-01-08,1,0.8441673651392732,1,0
2025-06-02,2025-01-08,1,0.9728721324906678,1,0
2025-06-03,2025-01-08,1,0.9952164007215109,1,0
2025-06-04,2025-01-08,1,0.9957482560640079,1,0
2025-06-05,2025-01-08,1,0.9735208219077688,1,0
2025-06-10,2025-01-08,1,0.9837721288773489,1,0
2025-06-11,2025-01-08,1,0.9976966626755962,1,0
2025-06-12,2025-01-08,1,0.995481791115393,1,0
2025-06-13,2025-01-08,1,0.9873091320617076,1,0
2025-06-16,2025-01-08,1,0.9960320289788719,1,0
2025-06-17,2025-01-08,1,0.9894739723885785,1,0
2025-06-18,2025-01-08,1,0.9726241725449017,1,0
2025-06-19,2025-01-08,1,0.9560372107372728,1,0
2025-06-20,2025-01-08,1,0.9395913687360289,1,0
2025-06-23,2025-01-08,1,0.8572522440614025,1,0
2025-06-24,2025-01-08,1,0.7866565199934451,1,0
2025-06-25,2025-01-08,1,0.8366873724397713,1,0
2025-06-26,2025-01-08,1,0.7725255061472346,1,0
2025-06-30,2025-01-08,1,0.9985537683497974,1,0
2025-07-01,2025-01-08,1,0.9659134630665345,1,0
2025-07-02,2025-01-08,1,0.9742496642689045,1,0
2025-07-03,2025-01-08,1,0.9940992041763125,1,0
2025-07-04,2025-01-08,1,0.9692074584776498,1,0
2025-07-07,2025-01-08,1,0.952756905641379,1,0
2025-07-08,2025-01-08,1,0.9879056002849521,1,0
2025-07-09,2025-01-08,1,0.9850439997720277,1,0
2025-07-10,2025-01-08,1,0.9781311202377326,1,0
2025-07-11,2025-01-08,1,0.9737869070544141,1,0
2025-07-14,2025-01-08,1,0.9503461622670992,1,0
2025-07-15,2025-01-08,1,0.9559724247195914,1,0
2025-07-16,2025-01-08,1,0.9793121760957564,1,0
2025-07-17,2025-01-08,1,0.9647040471976536,1,0
2025-07-18,2025-01-08,1,0.8386596483895334,1,0
2025-07-21,2025-01-08,1,0.9766730473069555,1,0
2025-07-22,2025-01-08,1,0.929575065907284,1,0
2025-07-23,2025-01-08,1,0.9725851394833515,1,0
2025-07-24,2025-01-08,1,0.9777126694373733,1,0
2025-07-25,2025-01-08,1,0.9694208019369973,1,0
2025-07-28,2025-01-08,1,0.9981100389524906,1,0
2025-07-29,2025-01-08,1,0.9779765184387046,1,0
2025-07-30,2025-01-08,1,0.9483114944488815,1,0
2025-07-31,2025-07-30,1,0.9886689069746971,1,0
2025-08-01,2025-07-30,0,0.9691430776785538,1,0
2025-08-04,2025-07-30,1,0.9745595934283905,1,0
2025-08-05,2025-07-30,1,0.9440980203195533,1,0
2025-08-06,2025-07-30,1,0.9575712702500093,1,0
2025-08-07,2025-07-30,0,0.9609398059808708,1,0
2025-08-08,2025-07-30,1,0.8886525242350191,1,0
2025-08-11,2025-07-30,0,0.8615999658051727,1,0
2025-08-12,2025-07-30,1,0.9081938745964461,1,0
2025-08-13,2025-07-30,1,0.8546054009996938,1,0
2025-08-14,2025-07-30,1,0.8379114628352391,1,0
2025-08-15,2025-07-30,1,0.7793127740865413,1,0
2025-08-19,2025-07-30,1,0.9030507632184654,1,0
2025-08-20,2025-07-30,1,0.9381030335842357,1,0
2025-08-21,2025-07-30,1,0.8952230239761836,1,0
2025-08-22,2025-07-30,1,0.8011289089941684,1,0
2025-08-25,2025-07-30,1,0.8821554126254679,1,0
2025-08-26,2025-07-30,1,0.8799988029949914,1,0
2025-08-27,2025-07-30,1,0.7693225416988645,1,0
2025-08-28,2025-07-30,1,0.8962799872605671,1,0
2025-08-29,2025-07-30,1,0.862764522191034,1,0
2025-09-01,2025-07-30,0,0.962334332380215,1,0
2025-09-02,2025-07-30,1,0.9639776494791507,1,0
2025-09-03,2025-07-30,1,0.9878449234731662,1,0
2025-09-04,2025-07-30,1,0.9684509660116583,1,0
2025-09-08,2025-07-30,1,0.9116894410135519,1,0
2025-09-09,2025-07-30,1,0.9704393041688751,1,0
2025-09-10,2025-07-30,1,0.9594205343185752,1,0
2025-09-11,2025-07-30,1,0.936384136736729,1,0
2025-09-12,2025-07-30,1,0.962871184874182,1,0
2025-09-15,2025-07-30,1,0.9705223293390216,1,0
2025-09-16,2025-07-30,1,0.9678677496884452,1,0
2025-09-17,2025-07-30,1,0.9680412164956278,1,0
2025-09-18,2025-07-30,1,0.9467676813815546,1,0
2025-09-19,2025-07-30,1,0.6969671374546231,1,0
2025-09-22,2025-07-30,1,0.868318653066898,1,0
2025-09-23,2025-07-30,1,0.9472979897141294,1,0
2025-09-24,2025-07-30,1,0.955075956214121,1,0
2025-09-25,2025-07-30,1,0.9918738818222917,1,0
2025-09-26,2025-07-30,1,0.9906299476531605,1,0
2025-09-29,2025-07-30,1,0.9977887510019353,1,0
2025-09-30,2025-07-30,1,0.9997102905612777,1,0
2025-10-01,2025-07-30,1,0.9961922288688195,1,0
2025-10-02,2025-07-30,1,0.9994844731300341,1,0
2025-10-03,2025-07-30,1,0.9994633163219522,1,0
2025-10-06,2025-07-30,1,0.9965299517314634,1,0
2025-10-07,2025-07-30,1,0.9990869555257552,1,0
2025-10-08,2025-07-30,1,0.9993668147273943,1,0
2025-10-09,2025-07-30,1,0.9974403706563474,1,0
2025-10-10,2025-07-30,1,0.9976827054641643,1,0
2025-10-13,2025-07-30,1,0.9981589047547311,1,0
2025-10-14,2025-07-30,1,0.9952910915041537,1,0
2025-10-15,2025-07-30,1,0.9945172840140528,1,0
2025-10-16,2025-07-30,1,0.993603703597283,1,0
2025-10-17,2025-07-30,1,0.9869589567474488,1,0
2025-10-20,2025-07-30,1,0.9792044607766802,1,0
2025-10-21,2025-07-30,1,0.9919260828544832,1,0
2025-10-22,2025-07-30,1,0.9774480124486515,1,0
2025-10-23,2025-07-30,1,0.9862928513761081,1,0
2025-10-24,2025-07-30,1,0.9873246882700172,1,0
2025-10-27,2025-07-30,1,0.9612386084590945,1,0
2025-10-28,2025-07-30,1,0.9903810720605457,1,0
2025-10-29,2025-07-30,1,0.963352727605776,1,0
2025-10-30,2025-07-30,1,0.9885296814207307,1,0
2025-10-31,2025-07-30,1,0.999989350680082,1,0
2025-11-03,2025-07-30,1,0.9983399658064537,1,0
2025-11-04,2025-07-30,1,0.9988097879194289,1,0
2025-11-05,2025-07-30,1,0.9998771765006647,1,0
2025-11-06,2025-07-30,1,0.9986406875617392,1,0
2025-11-07,2025-07-30,1,0.9932481063488593,1,0
2025-11-10,2025-07-30,1,0.9998630667968489,1,0
2025-11-11,2025-07-30,1,0.9998941725358839,1,0
2025-11-12,2025-07-30,1,0.9994658923518234,1,0
2025-11-13,2025-07-30,1,0.9998665128689149,1,0
2025-11-14,2025-07-30,1,0.9994301813361335,1,0
2025-11-17,2025-07-30,1,0.9984266137589944,1,0
2025-11-18,2025-07-30,1,0.997734961637565,1,0
2025-11-19,2025-07-30,0,0.998510732808258,1,0
2025-11-20,2025-07-30,1,0.9811612429199605,1,0
2025-11-21,2025-07-30,1,0.9598343724844426,1,0
2025-11-24,2025-07-30,1,0.9197076021572081,1,0
2025-11-25,2025-07-30,1,0.915264694910907,1,0
2025-11-26,2025-07-30,1,0.8996827807678398,1,0
2025-11-27,2025-07-30,1,0.9332777757116167,1,0
2025-11-28,2025-07-30,1,0.9887819990808538,1,0
2025-12-01,2025-07-30,1,0.9972899954730701,1,0
2025-12-02,2025-07-30,1,0.9986882569227319,1,0
2025-12-03,2025-07-30,1,0.9995131099608945,1,0
2025-12-04,2025-07-30,1,0.9969419726152069,1,0
2025-12-05,2025-07-30,1,0.990969823047103,1,0
2025-12-08,2025-07-30,1,0.9997383070690626,1,0
2025-12-09,2025-07-30,1,0.9997424533509377,1,0
2025-12-10,2025-07-30,1,0.9997023544593896,1,0
2025-12-11,2025-07-30,1,0.9999621176519671,1,0
2025-12-12,2025-07-30,1,0.9999950747659571,1,0
2025-12-15,2025-07-30,1,0.9999450082070084,1,0
2025-12-16,2025-07-30,1,0.9999545318068171,1,0
2025-12-17,2025-07-30,0,0.999971584782373,1,0
2025-12-18,2025-07-30,1,0.997832418679918,1,0
2025-12-19,2025-07-30,1,0.9795441922330694,1,0
2025-12-22,2025-07-30,1,0.9948523812728154,1,0
2025-12-23,2025-07-30,1,0.9951743541810378,1,0
2025-12-24,2025-07-30,1,0.9883796916359386,1,0
2025-12-29,2025-07-30,1,0.999790283809855,1,0
2025-12-30,2025-07-30,1,0.999984681018997,1,0
2026-01-02,2025-07-30,1,0.9999968385905168,1,0
2026-01-05,2025-07-30,1,0.9999855250581383,1,0
2026-01-06,2025-07-30,1,0.9994216408280479,1,0
2026-01-07,2025-07-30,1,0.999608330657607,1,0
2026-01-08,2025-07-30,1,0.9999662588739164,1,0
2026-01-09,2025-07-30,1,0.9998457060806147,1,0
2026-01-12,2025-07-30,1,0.9997348844196832,1,0
2026-01-13,2025-07-30,1,0.9995872609716657,1,0
2026-01-14,2025-07-30,1,0.9999129549716049,1,0
2026-01-15,2025-07-30,1,0.9996297982544844,1,0
2026-01-19,2025-07-30,1,0.998917121372398,1,0
2026-01-20,2025-07-30,1,0.9991223745273407,1,0
2026-01-21,2025-07-30,1,0.9984547003957717,1,0
2026-01-22,2025-07-30,1,0.9734087940980921,1,0
2026-01-23,2025-07-30,1,0.9723463955178744,1,0
2026-01-26,2025-07-30,1,0.955039928097822,1,0
2026-01-27,2025-07-30,1,0.9237614606705242,1,0
2026-01-28,2025-07-30,1,0.9637556649436052,1,0
2026-01-29,2025-07-30,1,0.9739093979097738,1,0
2026-01-30,2025-07-30,1,0.9596326485633847,1,0
2026-02-02,2025-07-30,1,0.9942198826703211,1,0
