date,open,high,low,close,adj_close,volume,dividends,splits,source
2008-07-16,1500.0,1760.0,1500.0,1730.0,325.6363525390625,789786000,0.0,0.0,yfinance_raw_daily
2008-07-17,1700.0,1760.0,1700.0,1700.0,319.9894104003906,383602500,0.0,0.0,yfinance_raw_daily
2008-07-18,1640.0,1700.0,1640.0,1640.0,308.6956787109375,95396000,0.0,0.0,yfinance_raw_daily
2008-07-21,1680.0,1690.0,1640.0,1680.0,316.2248229980469,49749000,0.0,0.0,yfinance_raw_daily
2008-07-22,1670.0,1690.0,1660.0,1670.0,314.34259033203125,29585500,0.0,0.0,yfinance_raw_daily
2008-07-23,1660.0,1670.0,1650.0,1660.0,312.46026611328125,42075000,0.0,0.0,yfinance_raw_daily
2008-07-24,1630.0,1650.0,1610.0,1630.0,306.81341552734375,74595000,0.0,0.0,yfinance_raw_daily
2008-07-25,1630.0,1650.0,1600.0,1630.0,306.81341552734375,76357500,0.0,0.0,yfinance_raw_daily
2008-07-28,1670.0,1680.0,1620.0,1670.0,314.34259033203125,75732500,0.0,0.0,yfinance_raw_daily
2008-07-29,1680.0,1690.0,1650.0,1680.0,316.2248229980469,49173500,0.0,0.0,yfinance_raw_daily
2008-07-31,1690.0,1710.0,1680.0,1690.0,318.1070556640625,42381500,0.0,0.0,yfinance_raw_daily
2008-08-01,1630.0,1680.0,1620.0,1630.0,306.81341552734375,78478500,0.0,0.0,yfinance_raw_daily
2008-08-04,1590.0,1630.0,1590.0,1590.0,299.2842102050781,43837000,0.0,0.0,yfinance_raw_daily
2008-08-05,1550.0,1580.0,1540.0,1550.0,291.75506591796875,50244500,0.0,0.0,yfinance_raw_daily
2008-08-06,1540.0,1570.0,1540.0,1540.0,289.87274169921875,48545500,0.0,0.0,yfinance_raw_daily
2008-08-07,1560.0,1570.0,1540.0,1560.0,293.6373596191406,50999500,0.0,0.0,yfinance_raw_daily
2008-08-08,1600.0,1600.0,1560.0,1600.0,301.16656494140625,39360500,0.0,0.0,yfinance_raw_daily
2008-08-11,1540.0,1600.0,1540.0,1540.0,289.87274169921875,39079000,0.0,0.0,yfinance_raw_daily
2008-08-12,1510.0,1560.0,1510.0,1510.0,284.2259216308594,38431000,0.0,0.0,yfinance_raw_daily
2008-08-13,1500.0,1510.0,1500.0,1500.0,282.3435974121094,28072500,0.0,0.0,yfinance_raw_daily
2008-08-14,1520.0,1540.0,1510.0,1520.0,286.1082458496094,33205000,0.0,0.0,yfinance_raw_daily
2008-08-15,1530.0,1540.0,1510.0,1530.0,287.9905090332031,24960000,0.0,0.0,yfinance_raw_daily
2008-08-19,1490.0,1510.0,1490.0,1490.0,280.4612731933594,25006500,0.0,0.0,yfinance_raw_daily
2008-08-20,1530.0,1540.0,1490.0,1530.0,287.9905090332031,39692000,0.0,0.0,yfinance_raw_daily
2008-08-21,1530.0,1540.0,1530.0,1530.0,287.9905090332031,28790500,0.0,0.0,yfinance_raw_daily
2008-08-22,1560.0,1570.0,1550.0,1560.0,293.6373596191406,27394000,0.0,0.0,yfinance_raw_daily
2008-08-25,1540.0,1550.0,1520.0,1540.0,289.87274169921875,29753000,0.0,0.0,yfinance_raw_daily
2008-08-26,1540.0,1560.0,1530.0,1540.0,289.87274169921875,28639000,0.0,0.0,yfinance_raw_daily
2008-08-27,1530.0,1540.0,1530.0,1530.0,287.9905090332031,23323500,0.0,0.0,yfinance_raw_daily
2008-08-28,1530.0,1540.0,1530.0,1530.0,287.9905090332031,29418500,0.0,0.0,yfinance_raw_daily
2008-08-29,1540.0,1550.0,1530.0,1540.0,289.87274169921875,26630000,0.0,0.0,yfinance_raw_daily
2008-09-01,1530.0,1550.0,1530.0,1530.0,287.9905090332031,21011500,0.0,0.0,yfinance_raw_daily
2008-09-02,1510.0,1520.0,1500.0,1510.0,284.2259216308594,26971500,0.0,0.0,yfinance_raw_daily
2008-09-03,1480.0,1510.0,1480.0,1480.0,278.5789794921875,25662000,0.0,0.0,yfinance_raw_daily
2008-09-04,1490.0,1490.0,1470.0,1490.0,280.4612731933594,20080000,0.0,0.0,yfinance_raw_daily
2008-09-05,1450.0,1470.0,1440.0,1450.0,272.9320983886719,30259000,0.0,0.0,yfinance_raw_daily
2008-09-08,1450.0,1480.0,1450.0,1450.0,272.9320983886719,25948000,0.0,0.0,yfinance_raw_daily
2008-09-09,1410.0,1450.0,1400.0,1410.0,265.4030456542969,49851500,0.0,0.0,yfinance_raw_daily
2008-09-10,1410.0,1410.0,1340.0,1410.0,265.4030456542969,35819000,0.0,0.0,yfinance_raw_daily
2008-09-11,1400.0,1410.0,1390.0,1400.0,263.5207214355469,19940000,0.0,0.0,yfinance_raw_daily
2008-09-12,1390.0,1400.0,1380.0,1390.0,261.6385192871094,17619500,0.0,0.0,yfinance_raw_daily
2008-09-15,1360.0,1390.0,1360.0,1360.0,255.99148559570312,25371000,0.0,0.0,yfinance_raw_daily
2008-09-16,1320.0,1340.0,1240.0,1320.0,248.46234130859375,44673500,0.0,0.0,yfinance_raw_daily
2008-09-17,1350.0,1380.0,1330.0,1350.0,254.10923767089844,45475500,0.0,0.0,yfinance_raw_daily
2008-09-18,1430.0,1430.0,1300.0,1430.0,269.1676025390625,3,0.0,0.0,yfinance_raw_daily
2008-09-19,1510.0,1530.0,1440.0,1510.0,284.2259216308594,110096500,0.0,0.0,yfinance_raw_daily
2008-09-22,1510.0,1540.0,1510.0,1510.0,284.2259216308594,18809500,0.0,0.0,yfinance_raw_daily
2008-09-23,1510.0,1540.0,1510.0,1510.0,284.2259216308594,27651500,0.0,0.0,yfinance_raw_daily
2008-09-24,1510.0,1510.0,1500.0,1510.0,284.2259216308594,18974000,0.0,0.0,yfinance_raw_daily
2008-09-25,1490.0,1510.0,1490.0,1490.0,280.4612731933594,30922500,0.0,0.0,yfinance_raw_daily
2008-09-26,1440.0,1490.0,1430.0,1440.0,271.04986572265625,71104000,0.0,0.0,yfinance_raw_daily
2008-10-06,1210.0,1350.0,1190.0,1210.0,227.75718688964844,3,0.0,0.0,yfinance_raw_daily
2008-10-07,1000.0,1100.0,980.0,1000.0,188.22906494140625,3,0.0,0.0,yfinance_raw_daily
2008-10-08,810.0,910.0,780.0,810.0,152.46554565429688,3,0.0,0.0,yfinance_raw_daily
2008-10-09,810.0,810.0,810.0,810.0,152.46554565429688,0,0.0,0.0,yfinance_raw_daily
2008-10-10,810.0,810.0,810.0,810.0,152.46554565429688,0,0.0,0.0,yfinance_raw_daily
2008-10-13,730.0,810.0,730.0,730.0,137.40724182128906,3,0.0,0.0,yfinance_raw_daily
2008-10-14,730.0,730.0,730.0,730.0,137.40724182128906,0,0.0,0.0,yfinance_raw_daily
2008-10-15,730.0,730.0,730.0,730.0,137.40724182128906,0,0.0,0.0,yfinance_raw_daily
2008-10-16,740.0,800.0,660.0,740.0,139.28948974609375,71792000,0.0,0.0,yfinance_raw_daily
2008-10-17,740.0,770.0,720.0,740.0,139.28948974609375,17754000,0.0,0.0,yfinance_raw_daily
2008-10-20,790.0,800.0,710.0,790.0,148.7009735107422,3,0.0,0.0,yfinance_raw_daily
2008-10-21,760.0,830.0,760.0,760.0,143.0541229248047,7740000,0.0,0.0,yfinance_raw_daily
2008-10-22,730.0,750.0,710.0,730.0,137.40724182128906,5129000,0.0,0.0,yfinance_raw_daily
2008-10-23,690.0,710.0,680.0,690.0,129.87808227539062,7275000,0.0,0.0,yfinance_raw_daily
2008-10-24,690.0,700.0,630.0,700.0,131.76036071777344,9426000,0.0,0.0,yfinance_raw_daily
2008-10-27,630.0,640.0,630.0,630.0,118.58433532714844,3456000,0.0,0.0,yfinance_raw_daily
2008-10-28,570.0,600.0,570.0,570.0,107.29056549072266,21728000,0.0,0.0,yfinance_raw_daily
2008-10-29,520.0,600.0,520.0,520.0,97.87909698486328,3,0.0,0.0,yfinance_raw_daily
2008-10-30,570.0,570.0,490.0,570.0,107.29056549072266,3,0.0,0.0,yfinance_raw_daily
2008-10-31,680.0,680.0,540.0,680.0,127.99574279785156,3,0.0,0.0,yfinance_raw_daily
2008-11-03,810.0,810.0,710.0,810.0,152.46554565429688,3,0.0,0.0,yfinance_raw_daily
2008-11-04,810.0,850.0,770.0,810.0,152.46554565429688,20380000,0.0,0.0,yfinance_raw_daily
2008-11-05,770.0,850.0,760.0,770.0,144.93637084960938,3,0.0,0.0,yfinance_raw_daily
2008-11-06,700.0,700.0,700.0,700.0,131.76036071777344,1358000,0.0,0.0,yfinance_raw_daily
2008-11-07,660.0,670.0,630.0,660.0,124.23117065429688,40742500,0.0,0.0,yfinance_raw_daily
2008-11-10,620.0,690.0,620.0,620.0,116.70201873779297,3,0.0,0.0,yfinance_raw_daily
2008-11-11,640.0,660.0,600.0,640.0,120.46660614013672,12207000,0.0,0.0,yfinance_raw_daily
2008-11-12,640.0,650.0,610.0,640.0,120.46660614013672,6343000,0.0,0.0,yfinance_raw_daily
2008-11-13,580.0,620.0,580.0,580.0,109.17285919189453,3,0.0,0.0,yfinance_raw_daily
2008-11-14,560.0,610.0,560.0,560.0,105.40827941894531,3,0.0,0.0,yfinance_raw_daily
2008-11-17,530.0,560.0,530.0,530.0,99.76139831542969,3,0.0,0.0,yfinance_raw_daily
2008-11-18,520.0,520.0,480.0,520.0,97.87909698486328,11869000,0.0,0.0,yfinance_raw_daily
2008-11-19,500.0,510.0,480.0,500.0,94.11453247070312,6924000,0.0,0.0,yfinance_raw_daily
2008-11-20,490.0,500.0,470.0,490.0,92.23223876953125,5832000,0.0,0.0,yfinance_raw_daily
2008-11-21,480.0,485.0,460.0,480.0,90.3499526977539,21885000,0.0,0.0,yfinance_raw_daily
2008-11-24,470.0,485.0,465.0,470.0,88.4676513671875,3996000,0.0,0.0,yfinance_raw_daily
2008-11-25,480.0,500.0,470.0,480.0,90.3499526977539,27690500,0.0,0.0,yfinance_raw_daily
2008-11-26,530.0,550.0,485.0,530.0,99.76139831542969,3,0.0,0.0,yfinance_raw_daily
2008-11-27,500.0,570.0,480.0,500.0,94.11453247070312,3,0.0,0.0,yfinance_raw_daily
2008-11-28,490.0,530.0,490.0,520.0,97.87909698486328,19648000,0.0,0.0,yfinance_raw_daily
2008-12-01,510.0,540.0,500.0,510.0,95.99681854248047,13396500,0.0,0.0,yfinance_raw_daily
2008-12-02,470.0,480.0,460.0,470.0,88.4676513671875,12917000,0.0,0.0,yfinance_raw_daily
2008-12-03,470.0,485.0,465.0,470.0,88.4676513671875,5268000,0.0,0.0,yfinance_raw_daily
2008-12-04,495.0,500.0,480.0,495.0,93.17337799072266,12923000,0.0,0.0,yfinance_raw_daily
2008-12-05,475.0,490.0,470.0,475.0,89.4088134765625,13778000,0.0,0.0,yfinance_raw_daily
2008-12-09,490.0,505.0,485.0,490.0,92.23223876953125,11217000,0.0,0.0,yfinance_raw_daily
2008-12-10,520.0,530.0,480.0,520.0,97.87909698486328,3,0.0,0.0,yfinance_raw_daily
2008-12-11,530.0,550.0,510.0,530.0,99.76139831542969,60031000,0.0,0.0,yfinance_raw_daily
2008-12-12,500.0,530.0,490.0,500.0,94.11453247070312,24431500,0.0,0.0,yfinance_raw_daily
2008-12-15,490.0,540.0,490.0,490.0,92.23223876953125,3,0.0,0.0,yfinance_raw_daily
2008-12-16,500.0,505.0,490.0,500.0,94.11453247070312,8261000,0.0,0.0,yfinance_raw_daily
2008-12-17,510.0,520.0,500.0,510.0,95.99681854248047,17197000,0.0,0.0,yfinance_raw_daily
2008-12-18,500.0,510.0,490.0,500.0,94.11453247070312,17704000,0.0,0.0,yfinance_raw_daily
2008-12-19,480.0,500.0,480.0,480.0,90.3499526977539,10967000,0.0,0.0,yfinance_raw_daily
2008-12-22,485.0,495.0,475.0,485.0,91.29110717773438,5012000,0.0,0.0,yfinance_raw_daily
2008-12-23,485.0,490.0,480.0,485.0,91.29110717773438,1856500,0.0,0.0,yfinance_raw_daily
2008-12-24,490.0,500.0,485.0,490.0,92.23223876953125,2823000,0.0,0.0,yfinance_raw_daily
2008-12-30,485.0,495.0,485.0,485.0,91.29110717773438,2691000,0.0,0.0,yfinance_raw_daily
2008-12-31,485.0,485.0,485.0,485.0,91.29110717773438,0,0.0,0.0,yfinance_raw_daily
2009-01-05,520.0,520.0,485.0,520.0,97.87909698486328,3,0.0,0.0,yfinance_raw_daily
2009-01-06,520.0,540.0,510.0,510.0,95.99681854248047,11781500,0.0,0.0,yfinance_raw_daily
2009-01-07,520.0,550.0,510.0,520.0,97.87909698486328,27035500,0.0,0.0,yfinance_raw_daily
2009-01-08,500.0,510.0,500.0,500.0,94.11453247070312,2130000,0.0,0.0,yfinance_raw_daily
2009-01-09,510.0,520.0,510.0,510.0,95.99681854248047,1698000,0.0,0.0,yfinance_raw_daily
2009-01-12,550.0,580.0,510.0,550.0,103.5260009765625,3,0.0,0.0,yfinance_raw_daily
2009-01-13,660.0,660.0,540.0,660.0,124.23117065429688,3,0.0,0.0,yfinance_raw_daily
2009-01-14,680.0,750.0,660.0,680.0,127.99574279785156,118802500,0.0,0.0,yfinance_raw_daily
2009-01-15,660.0,690.0,620.0,660.0,124.23117065429688,38034500,0.0,0.0,yfinance_raw_daily
2009-01-16,670.0,700.0,650.0,670.0,126.11344909667969,26462500,0.0,0.0,yfinance_raw_daily
2009-01-19,650.0,680.0,640.0,650.0,122.34889221191406,8579500,0.0,0.0,yfinance_raw_daily
2009-01-20,630.0,650.0,610.0,630.0,118.58433532714844,26961000,0.0,0.0,yfinance_raw_daily
2009-01-21,640.0,680.0,600.0,640.0,120.46660614013672,32071000,0.0,0.0,yfinance_raw_daily
2009-01-22,640.0,670.0,630.0,640.0,120.46660614013672,7662000,0.0,0.0,yfinance_raw_daily
2009-01-23,640.0,640.0,620.0,640.0,120.46660614013672,3696500,0.0,0.0,yfinance_raw_daily
2009-01-27,690.0,690.0,650.0,690.0,129.87808227539062,3,0.0,0.0,yfinance_raw_daily
2009-01-28,690.0,690.0,680.0,690.0,129.87808227539062,6889500,0.0,0.0,yfinance_raw_daily
2009-01-29,720.0,740.0,700.0,720.0,135.52493286132812,75027000,0.0,0.0,yfinance_raw_daily
2009-01-30,740.0,760.0,710.0,740.0,139.28948974609375,31744000,0.0,0.0,yfinance_raw_daily
2009-02-02,730.0,750.0,710.0,730.0,137.40724182128906,16230000,0.0,0.0,yfinance_raw_daily
2009-02-03,730.0,740.0,710.0,730.0,137.40724182128906,7222500,0.0,0.0,yfinance_raw_daily
2009-02-04,770.0,770.0,730.0,770.0,144.93637084960938,3,0.0,0.0,yfinance_raw_daily
2009-02-05,820.0,830.0,770.0,820.0,154.34783935546875,3,0.0,0.0,yfinance_raw_daily
2009-02-06,870.0,870.0,830.0,870.0,163.75927734375,62025000,0.0,0.0,yfinance_raw_daily
2009-02-09,830.0,890.0,820.0,830.0,156.23013305664062,3,0.0,0.0,yfinance_raw_daily
2009-02-10,850.0,870.0,810.0,850.0,159.9947052001953,12250000,0.0,0.0,yfinance_raw_daily
2009-02-11,860.0,870.0,830.0,860.0,161.87701416015625,12423000,0.0,0.0,yfinance_raw_daily
2009-02-12,850.0,860.0,830.0,850.0,159.9947052001953,5682000,0.0,0.0,yfinance_raw_daily
2009-02-13,840.0,850.0,830.0,840.0,158.11241149902344,6425000,0.0,0.0,yfinance_raw_daily
2009-02-16,830.0,850.0,820.0,830.0,156.23013305664062,3942000,0.0,0.0,yfinance_raw_daily
2009-02-17,800.0,830.0,790.0,800.0,150.58328247070312,6605000,0.0,0.0,yfinance_raw_daily
2009-02-18,820.0,830.0,770.0,820.0,154.34783935546875,11894000,0.0,0.0,yfinance_raw_daily
2009-02-19,810.0,820.0,800.0,810.0,152.46554565429688,6976500,0.0,0.0,yfinance_raw_daily
2009-02-20,790.0,820.0,770.0,790.0,148.7009735107422,10847500,0.0,0.0,yfinance_raw_daily
2009-02-23,800.0,820.0,780.0,800.0,150.58328247070312,14914000,0.0,0.0,yfinance_raw_daily
2009-02-24,780.0,790.0,760.0,780.0,146.8186798095703,8408500,0.0,0.0,yfinance_raw_daily
2009-02-25,780.0,790.0,770.0,780.0,146.8186798095703,5669500,0.0,0.0,yfinance_raw_daily
2009-02-26,770.0,790.0,760.0,770.0,144.93637084960938,6637500,0.0,0.0,yfinance_raw_daily
2009-02-27,770.0,790.0,770.0,770.0,144.93637084960938,4059000,0.0,0.0,yfinance_raw_daily
2009-03-02,730.0,780.0,730.0,730.0,137.40724182128906,3,0.0,0.0,yfinance_raw_daily
2009-03-03,720.0,740.0,710.0,720.0,135.52493286132812,5855500,0.0,0.0,yfinance_raw_daily
2009-03-04,760.0,760.0,720.0,760.0,143.0541229248047,3,0.0,0.0,yfinance_raw_daily
2009-03-05,760.0,800.0,760.0,760.0,143.0541229248047,22316500,0.0,0.0,yfinance_raw_daily
2009-03-06,750.0,770.0,750.0,750.0,141.1717987060547,1650000,0.0,0.0,yfinance_raw_daily
2009-03-10,770.0,780.0,760.0,770.0,144.93637084960938,2072500,0.0,0.0,yfinance_raw_daily
2009-03-11,770.0,790.0,770.0,770.0,144.93637084960938,10249000,0.0,0.0,yfinance_raw_daily
2009-03-12,770.0,790.0,760.0,770.0,144.93637084960938,3955500,0.0,0.0,yfinance_raw_daily
2009-03-13,770.0,790.0,770.0,770.0,144.93637084960938,4976000,0.0,0.0,yfinance_raw_daily
2009-03-16,750.0,790.0,750.0,750.0,141.1717987060547,2698000,0.0,0.0,yfinance_raw_daily
2009-03-17,740.0,760.0,730.0,740.0,139.28948974609375,9686500,0.0,0.0,yfinance_raw_daily
2009-03-18,740.0,750.0,730.0,740.0,139.28948974609375,4155500,0.0,0.0,yfinance_raw_daily
2009-03-19,740.0,760.0,740.0,740.0,139.28948974609375,4216500,0.0,0.0,yfinance_raw_daily
2009-03-20,780.0,790.0,750.0,780.0,146.8186798095703,15422500,0.0,0.0,yfinance_raw_daily
2009-03-23,820.0,830.0,790.0,820.0,154.34783935546875,32856500,0.0,0.0,yfinance_raw_daily
2009-03-24,890.0,1000.0,820.0,890.0,167.52389526367188,3,0.0,0.0,yfinance_raw_daily
2009-03-25,890.0,930.0,880.0,890.0,167.52389526367188,43654500,0.0,0.0,yfinance_raw_daily
2009-03-27,940.0,950.0,910.0,940.0,176.935302734375,34683000,0.0,0.0,yfinance_raw_daily
2009-03-30,890.0,940.0,880.0,890.0,167.52389526367188,3,0.0,0.0,yfinance_raw_daily
2009-03-31,880.0,910.0,880.0,880.0,165.64158630371094,33468000,0.0,0.0,yfinance_raw_daily
2009-04-01,890.0,910.0,880.0,890.0,167.52389526367188,34532000,0.0,0.0,yfinance_raw_daily
2009-04-02,890.0,920.0,880.0,890.0,167.52389526367188,38749500,0.0,0.0,yfinance_raw_daily
2009-04-03,890.0,900.0,880.0,890.0,167.52389526367188,17417500,0.0,0.0,yfinance_raw_daily
2009-04-06,910.0,940.0,890.0,910.0,171.2884979248047,68659000,0.0,0.0,yfinance_raw_daily
2009-04-07,900.0,920.0,890.0,900.0,169.40623474121094,20180000,0.0,0.0,yfinance_raw_daily
2009-04-08,900.0,920.0,890.0,900.0,169.40623474121094,28796500,0.0,0.0,yfinance_raw_daily
2009-04-09,900.0,900.0,900.0,900.0,169.40623474121094,0,0.0,0.0,yfinance_raw_daily
2009-04-13,950.0,950.0,910.0,950.0,178.817626953125,72351500,0.0,0.0,yfinance_raw_daily
2009-04-14,970.0,980.0,940.0,970.0,182.58221435546875,78133500,0.0,0.0,yfinance_raw_daily
2009-04-15,970.0,980.0,940.0,970.0,182.58221435546875,58857500,0.0,0.0,yfinance_raw_daily
2009-04-16,950.0,1000.0,940.0,950.0,178.817626953125,45997500,0.0,0.0,yfinance_raw_daily
2009-04-17,960.0,980.0,930.0,950.0,178.817626953125,56614500,0.0,0.0,yfinance_raw_daily
2009-04-20,980.0,980.0,950.0,980.0,184.4644775390625,39176000,0.0,0.0,yfinance_raw_daily
2009-04-22,970.0,1060.0,950.0,970.0,182.58221435546875,241693000,0.0,0.0,yfinance_raw_daily
2009-04-23,1010.0,1040.0,970.0,1010.0,190.111328125,87039500,0.0,0.0,yfinance_raw_daily
2009-04-24,1000.0,1050.0,990.0,1000.0,188.22906494140625,70989000,0.0,0.0,yfinance_raw_daily
2009-04-27,1020.0,1050.0,1000.0,1020.0,191.99363708496094,61275500,0.0,0.0,yfinance_raw_daily
2009-04-28,1000.0,1040.0,980.0,1000.0,188.22906494140625,49386000,0.0,0.0,yfinance_raw_daily
2009-04-29,1010.0,1020.0,1000.0,1010.0,190.111328125,31192000,0.0,0.0,yfinance_raw_daily
2009-04-30,1020.0,1040.0,1010.0,1020.0,191.99363708496094,75866500,0.0,0.0,yfinance_raw_daily
2009-05-01,1060.0,1090.0,1030.0,1060.0,199.52279663085938,151475500,0.0,0.0,yfinance_raw_daily
2009-05-04,1140.0,1150.0,1080.0,1140.0,214.5811309814453,127750000,0.0,0.0,yfinance_raw_daily
2009-05-05,1130.0,1200.0,1130.0,1130.0,212.6988525390625,147614000,0.0,0.0,yfinance_raw_daily
2009-05-06,1160.0,1170.0,1120.0,1160.0,218.34571838378906,60704000,0.0,0.0,yfinance_raw_daily
2009-05-07,1200.0,1210.0,1180.0,1200.0,225.87484741210938,65399000,0.0,0.0,yfinance_raw_daily
2009-05-08,1180.0,1200.0,1170.0,1180.0,222.1102752685547,31256000,0.0,0.0,yfinance_raw_daily
2009-05-11,1180.0,1240.0,1160.0,1180.0,222.1102752685547,75539000,0.0,0.0,yfinance_raw_daily
2009-05-12,1170.0,1180.0,1110.0,1170.0,220.22805786132812,31850500,0.0,0.0,yfinance_raw_daily
2009-05-13,1180.0,1200.0,1170.0,1180.0,222.1102752685547,34319500,0.0,0.0,yfinance_raw_daily
2009-05-14,1100.0,1170.0,1100.0,1100.0,207.052001953125,18250000,0.0,0.0,yfinance_raw_daily
2009-05-15,1070.0,1140.0,1010.0,1070.0,201.40513610839844,31214500,0.0,0.0,yfinance_raw_daily
2009-05-18,1080.0,1100.0,1000.0,1080.0,203.28741455078125,16524000,0.0,0.0,yfinance_raw_daily
2009-05-19,1120.0,1150.0,1100.0,1120.0,210.81655883789062,22487500,0.0,0.0,yfinance_raw_daily
2009-05-20,1130.0,1150.0,1110.0,1130.0,212.6988525390625,22823000,0.0,0.0,yfinance_raw_daily
2009-05-21,1130.0,1130.0,1130.0,1130.0,212.6988525390625,0,0.0,0.0,yfinance_raw_daily
2009-05-22,1280.0,1280.0,1080.0,1280.0,240.93321228027344,3,0.0,0.0,yfinance_raw_daily
2009-05-25,1310.0,1360.0,1260.0,1310.0,246.580078125,221283000,0.0,0.0,yfinance_raw_daily
2009-05-26,1230.0,1330.0,1220.0,1230.0,231.52175903320312,3,0.0,0.0,yfinance_raw_daily
2009-05-27,1280.0,1330.0,1240.0,1280.0,240.93321228027344,94593000,0.0,0.0,yfinance_raw_daily
2009-05-28,1290.0,1310.0,1250.0,1290.0,242.81549072265625,53833500,0.0,0.0,yfinance_raw_daily
2009-05-29,1340.0,1350.0,1300.0,1340.0,252.22689819335938,87271000,0.0,0.0,yfinance_raw_daily
2009-06-01,1380.0,1380.0,1340.0,1380.0,259.75616455078125,77876500,0.0,0.0,yfinance_raw_daily
2009-06-02,1370.0,1450.0,1360.0,1370.0,257.8738708496094,132243500,0.0,0.0,yfinance_raw_daily
2009-06-03,1300.0,1410.0,1260.0,1300.0,244.69778442382812,3,0.0,0.0,yfinance_raw_daily
2009-06-04,1340.0,1340.0,1270.0,1340.0,252.22689819335938,153433500,0.0,0.0,yfinance_raw_daily
2009-06-05,1320.0,1360.0,1310.0,1320.0,248.46234130859375,145485000,0.0,0.0,yfinance_raw_daily
2009-06-08,1290.0,1340.0,1280.0,1290.0,242.81549072265625,65897500,0.0,0.0,yfinance_raw_daily
2009-06-09,1300.0,1320.0,1270.0,1300.0,244.69778442382812,107812500,0.0,0.0,yfinance_raw_daily
2009-06-10,1310.0,1330.0,1300.0,1310.0,246.580078125,65582500,0.0,0.0,yfinance_raw_daily
2009-06-11,1310.0,1340.0,1290.0,1310.0,246.580078125,92919500,0.0,0.0,yfinance_raw_daily
2009-06-12,1300.0,1320.0,1290.0,1300.0,244.69778442382812,65201500,0.0,0.0,yfinance_raw_daily
2009-06-15,1260.0,1300.0,1260.0,1260.0,237.16867065429688,56236500,0.0,0.0,yfinance_raw_daily
2009-06-16,1260.0,1260.0,1210.0,1260.0,237.16867065429688,71196000,0.0,0.0,yfinance_raw_daily
2009-06-17,1240.0,1260.0,1220.0,1240.0,233.40403747558594,44316500,0.0,0.0,yfinance_raw_daily
2009-06-18,1180.0,1260.0,1170.0,1180.0,222.1102752685547,62030000,0.0,0.0,yfinance_raw_daily
2009-06-19,1240.0,1240.0,1150.0,1240.0,233.40403747558594,71462500,0.0,0.0,yfinance_raw_daily
2009-06-22,1180.0,1250.0,1170.0,1180.0,222.1102752685547,36167000,0.0,0.0,yfinance_raw_daily
2009-06-23,1080.0,1130.0,1050.0,1080.0,203.28741455078125,114047500,0.0,0.0,yfinance_raw_daily
2009-06-24,1180.0,1180.0,1070.0,1180.0,222.1102752685547,3,0.0,0.0,yfinance_raw_daily
2009-06-25,1250.0,1270.0,1170.0,1250.0,235.286376953125,3,0.0,0.0,yfinance_raw_daily
2009-06-26,1240.0,1280.0,1220.0,1240.0,233.40403747558594,34088000,0.0,0.0,yfinance_raw_daily
2009-06-29,1220.0,1240.0,1200.0,1220.0,229.6394500732422,12817500,0.0,0.0,yfinance_raw_daily
2009-06-30,1200.0,1260.0,1190.0,1200.0,225.87484741210938,25128500,0.0,0.0,yfinance_raw_daily
2009-07-01,1200.0,1210.0,1180.0,1200.0,225.87484741210938,13504000,0.0,0.0,yfinance_raw_daily
2009-07-02,1210.0,1220.0,1180.0,1180.0,222.1102752685547,14006000,0.0,0.0,yfinance_raw_daily
2009-07-03,1170.0,1180.0,1150.0,1170.0,220.22805786132812,27818500,0.0,0.0,yfinance_raw_daily
2009-07-06,1130.0,1160.0,1120.0,1130.0,212.6988525390625,14766000,0.0,0.0,yfinance_raw_daily
2009-07-07,1190.0,1200.0,1130.0,1190.0,223.99256896972656,3,0.0,0.0,yfinance_raw_daily
2009-07-08,1190.0,1190.0,1190.0,1190.0,223.99256896972656,0,0.0,0.0,yfinance_raw_daily
2009-07-09,1150.0,1220.0,1140.0,1150.0,216.46339416503906,43365000,0.0,0.0,yfinance_raw_daily
2009-07-10,1170.0,1170.0,1130.0,1140.0,214.5811309814453,16811500,0.0,0.0,yfinance_raw_daily
2009-07-13,1100.0,1140.0,1070.0,1100.0,207.052001953125,26557000,0.0,0.0,yfinance_raw_daily
2009-07-14,1160.0,1160.0,1100.0,1160.0,218.34571838378906,23358000,0.0,0.0,yfinance_raw_daily
2009-07-15,1180.0,1190.0,1150.0,1180.0,222.1102752685547,30125500,0.0,0.0,yfinance_raw_daily
2009-07-16,1160.0,1210.0,1140.0,1160.0,218.34571838378906,23115500,0.0,0.0,yfinance_raw_daily
2009-07-17,1150.0,1150.0,1100.0,1150.0,216.46339416503906,28239000,0.0,0.0,yfinance_raw_daily
2009-07-20,1150.0,1150.0,1150.0,1150.0,216.46339416503906,0,0.0,0.0,yfinance_raw_daily
2009-07-21,1200.0,1200.0,1170.0,1200.0,225.87484741210938,48898000,0.0,0.0,yfinance_raw_daily
2009-07-22,1180.0,1220.0,1170.0,1180.0,222.1102752685547,50685500,0.0,0.0,yfinance_raw_daily
2009-07-23,1200.0,1200.0,1180.0,1200.0,225.87484741210938,36416000,0.0,0.0,yfinance_raw_daily
2009-07-24,1210.0,1230.0,1180.0,1210.0,227.75718688964844,102735500,0.0,0.0,yfinance_raw_daily
2009-07-27,1250.0,1260.0,1220.0,1250.0,235.286376953125,123477000,0.0,0.0,yfinance_raw_daily
2009-07-28,1270.0,1280.0,1240.0,1270.0,239.0509490966797,102495000,0.0,0.0,yfinance_raw_daily
2009-07-29,1240.0,1270.0,1200.0,1240.0,233.40403747558594,79389000,0.0,0.0,yfinance_raw_daily
2009-07-30,1260.0,1260.0,1210.0,1260.0,237.16867065429688,88987000,0.0,0.0,yfinance_raw_daily
2009-07-31,1280.0,1300.0,1260.0,1280.0,240.93321228027344,74016000,0.0,0.0,yfinance_raw_daily
2009-08-03,1280.0,1310.0,1260.0,1280.0,240.93321228027344,100805000,0.0,0.0,yfinance_raw_daily
2009-08-04,1330.0,1360.0,1300.0,1330.0,250.3446807861328,258960500,0.0,0.0,yfinance_raw_daily
2009-08-05,1360.0,1370.0,1320.0,1360.0,255.99148559570312,186502000,0.0,0.0,yfinance_raw_daily
2009-08-06,1370.0,1460.0,1360.0,1460.0,274.8144836425781,297075500,0.0,0.0,yfinance_raw_daily
2009-08-07,1450.0,1520.0,1430.0,1450.0,272.9320983886719,168963500,0.0,0.0,yfinance_raw_daily
2009-08-10,1480.0,1520.0,1460.0,1480.0,278.5789794921875,119141500,0.0,0.0,yfinance_raw_daily
2009-08-11,1460.0,1490.0,1440.0,1460.0,274.8144836425781,51619000,0.0,0.0,yfinance_raw_daily
2009-08-12,1440.0,1440.0,1350.0,1410.0,265.4030456542969,100515000,0.0,0.0,yfinance_raw_daily
2009-08-13,1460.0,1480.0,1440.0,1460.0,274.8144836425781,69541000,0.0,0.0,yfinance_raw_daily
2009-08-14,1450.0,1480.0,1430.0,1450.0,272.9320983886719,26574000,0.0,0.0,yfinance_raw_daily
2009-08-18,1420.0,1420.0,1370.0,1420.0,267.2852783203125,68319500,0.0,0.0,yfinance_raw_daily
2009-08-19,1330.0,1430.0,1310.0,1330.0,250.3446807861328,3,0.0,0.0,yfinance_raw_daily
2009-08-20,1410.0,1430.0,1360.0,1410.0,265.4030456542969,75345500,0.0,0.0,yfinance_raw_daily
2009-08-21,1390.0,1410.0,1360.0,1390.0,261.6385192871094,27116000,0.0,0.0,yfinance_raw_daily
2009-08-24,1440.0,1450.0,1420.0,1440.0,271.04986572265625,61470500,0.0,0.0,yfinance_raw_daily
2009-08-25,1390.0,1430.0,1380.0,1390.0,261.6385192871094,123972500,0.0,0.0,yfinance_raw_daily
2009-08-26,1390.0,1400.0,1380.0,1390.0,263.8785400390625,50450500,11.8,0.0,yfinance_raw_daily
2009-08-27,1350.0,1390.0,1340.0,1350.0,256.2849426269531,74207500,0.0,0.0,yfinance_raw_daily
2009-08-28,1350.0,1370.0,1320.0,1350.0,256.2849426269531,56353000,0.0,0.0,yfinance_raw_daily
2009-08-31,1360.0,1420.0,1360.0,1360.0,258.183349609375,155797000,0.0,0.0,yfinance_raw_daily
2009-09-01,1360.0,1390.0,1350.0,1360.0,258.183349609375,41791000,0.0,0.0,yfinance_raw_daily
2009-09-02,1350.0,1360.0,1320.0,1350.0,256.2849426269531,52582500,0.0,0.0,yfinance_raw_daily
2009-09-03,1350.0,1370.0,1330.0,1350.0,256.2849426269531,94129000,0.0,0.0,yfinance_raw_daily
2009-09-04,1340.0,1350.0,1330.0,1340.0,254.38653564453125,29657000,0.0,0.0,yfinance_raw_daily
2009-09-07,1330.0,1350.0,1320.0,1330.0,252.48806762695312,22099000,0.0,0.0,yfinance_raw_daily
2009-09-08,1380.0,1380.0,1310.0,1380.0,261.9801940917969,103898000,0.0,0.0,yfinance_raw_daily
2009-09-09,1360.0,1400.0,1350.0,1360.0,258.183349609375,65541500,0.0,0.0,yfinance_raw_daily
2009-09-10,1370.0,1380.0,1360.0,1370.0,260.0816955566406,43461500,0.0,0.0,yfinance_raw_daily
2009-09-11,1370.0,1390.0,1360.0,1370.0,260.0816955566406,47976000,0.0,0.0,yfinance_raw_daily
2009-09-14,1350.0,1370.0,1340.0,1350.0,256.2849426269531,34895000,0.0,0.0,yfinance_raw_daily
2009-09-15,1350.0,1380.0,1350.0,1350.0,256.2849426269531,48492000,0.0,0.0,yfinance_raw_daily
2009-09-16,1370.0,1380.0,1360.0,1370.0,260.0816955566406,36220000,0.0,0.0,yfinance_raw_daily
2009-09-17,1390.0,1420.0,1370.0,1390.0,263.8785400390625,174021500,0.0,0.0,yfinance_raw_daily
2009-09-24,1400.0,1420.0,1380.0,1400.0,265.7770080566406,70917000,0.0,0.0,yfinance_raw_daily
2009-09-25,1400.0,1420.0,1370.0,1400.0,265.7770080566406,31764500,0.0,0.0,yfinance_raw_daily
2009-09-28,1410.0,1420.0,1380.0,1410.0,267.6753845214844,42514500,0.0,0.0,yfinance_raw_daily
2009-09-29,1420.0,1440.0,1410.0,1420.0,269.5738220214844,42666000,0.0,0.0,yfinance_raw_daily
2009-09-30,1430.0,1440.0,1400.0,1430.0,271.4721984863281,47690000,0.0,0.0,yfinance_raw_daily
2009-10-01,1420.0,1430.0,1410.0,1420.0,269.5738220214844,20927500,0.0,0.0,yfinance_raw_daily
2009-10-02,1400.0,1410.0,1390.0,1400.0,265.7770080566406,56182000,0.0,0.0,yfinance_raw_daily
2009-10-05,1420.0,1420.0,1390.0,1420.0,269.5738220214844,17955000,0.0,0.0,yfinance_raw_daily
2009-10-06,1440.0,1460.0,1420.0,1440.0,273.3705749511719,131097500,0.0,0.0,yfinance_raw_daily
2009-10-07,1410.0,1460.0,1400.0,1410.0,267.6753845214844,68913000,0.0,0.0,yfinance_raw_daily
2009-10-08,1390.0,1430.0,1390.0,1390.0,263.8785400390625,36239000,0.0,0.0,yfinance_raw_daily
2009-10-09,1400.0,1420.0,1390.0,1400.0,265.7770080566406,15256000,0.0,0.0,yfinance_raw_daily
2009-10-12,1380.0,1410.0,1370.0,1380.0,261.9801940917969,25759000,0.0,0.0,yfinance_raw_daily
2009-10-13,1390.0,1410.0,1380.0,1390.0,263.8785400390625,35548500,0.0,0.0,yfinance_raw_daily
2009-10-14,1430.0,1430.0,1400.0,1430.0,271.4721984863281,54991500,0.0,0.0,yfinance_raw_daily
2009-10-15,1450.0,1470.0,1430.0,1450.0,275.26885986328125,127273000,0.0,0.0,yfinance_raw_daily
2009-10-16,1460.0,1470.0,1440.0,1460.0,277.1673583984375,40549500,0.0,0.0,yfinance_raw_daily
2009-10-19,1530.0,1530.0,1430.0,1530.0,290.4562072753906,3,0.0,0.0,yfinance_raw_daily
2009-10-20,1510.0,1550.0,1500.0,1510.0,286.659423828125,147739500,0.0,0.0,yfinance_raw_daily
2009-10-21,1560.0,1570.0,1490.0,1560.0,296.1513977050781,181260000,0.0,0.0,yfinance_raw_daily
2009-10-22,1520.0,1570.0,1510.0,1520.0,288.55780029296875,97783000,0.0,0.0,yfinance_raw_daily
2009-10-23,1620.0,1630.0,1520.0,1620.0,307.54180908203125,3,0.0,0.0,yfinance_raw_daily
2009-10-26,1600.0,1630.0,1580.0,1600.0,303.7451171875,72724000,0.0,0.0,yfinance_raw_daily
2009-10-27,1570.0,1600.0,1550.0,1570.0,298.04986572265625,102455000,0.0,0.0,yfinance_raw_daily
2009-10-28,1520.0,1570.0,1480.0,1520.0,288.55780029296875,98314500,0.0,0.0,yfinance_raw_daily
2009-10-29,1540.0,1550.0,1440.0,1540.0,292.3545837402344,214886500,0.0,0.0,yfinance_raw_daily
2009-10-30,1540.0,1590.0,1530.0,1540.0,292.3545837402344,121464500,0.0,0.0,yfinance_raw_daily
2009-11-02,1580.0,1590.0,1490.0,1580.0,299.9482116699219,3,0.0,0.0,yfinance_raw_daily
2009-11-03,1510.0,1590.0,1510.0,1510.0,286.659423828125,83275500,0.0,0.0,yfinance_raw_daily
2009-11-04,1560.0,1570.0,1530.0,1560.0,296.1513977050781,35743500,0.0,0.0,yfinance_raw_daily
2009-11-05,1540.0,1550.0,1520.0,1540.0,292.3545837402344,27438000,0.0,0.0,yfinance_raw_daily
2009-11-06,1540.0,1570.0,1540.0,1540.0,292.3545837402344,21206000,0.0,0.0,yfinance_raw_daily
2009-11-09,1540.0,1560.0,1530.0,1540.0,292.3545837402344,21785000,0.0,0.0,yfinance_raw_daily
2009-11-10,1510.0,1570.0,1510.0,1510.0,286.659423828125,49441500,0.0,0.0,yfinance_raw_daily
2009-11-11,1550.0,1560.0,1510.0,1550.0,294.2530517578125,60859000,0.0,0.0,yfinance_raw_daily
2009-11-12,1620.0,1660.0,1570.0,1620.0,307.54180908203125,360070000,0.0,0.0,yfinance_raw_daily
2009-11-13,1710.0,1710.0,1600.0,1710.0,324.6275634765625,3,0.0,0.0,yfinance_raw_daily
2009-11-16,1710.0,1720.0,1680.0,1710.0,324.6275634765625,248125000,0.0,0.0,yfinance_raw_daily
2009-11-17,1700.0,1720.0,1680.0,1700.0,322.72906494140625,105671000,0.0,0.0,yfinance_raw_daily
2009-11-18,1700.0,1730.0,1690.0,1700.0,322.72906494140625,134411000,0.0,0.0,yfinance_raw_daily
2009-11-19,1680.0,1710.0,1670.0,1680.0,318.9322509765625,59499500,0.0,0.0,yfinance_raw_daily
2009-11-20,1700.0,1710.0,1660.0,1700.0,322.72906494140625,114824500,0.0,0.0,yfinance_raw_daily
2009-11-23,1770.0,1770.0,1680.0,1770.0,336.01800537109375,177054500,0.0,0.0,yfinance_raw_daily
2009-11-24,1710.0,1770.0,1700.0,1710.0,324.6275634765625,188194500,0.0,0.0,yfinance_raw_daily
2009-11-25,1720.0,1750.0,1710.0,1720.0,326.52593994140625,154569000,0.0,0.0,yfinance_raw_daily
2009-11-26,1670.0,1720.0,1650.0,1670.0,317.0339660644531,158381000,0.0,0.0,yfinance_raw_daily
2009-11-30,1740.0,1750.0,1670.0,1740.0,330.3227233886719,408977000,0.0,0.0,yfinance_raw_daily
2009-12-01,1740.0,1740.0,1710.0,1740.0,330.3227233886719,57534500,0.0,0.0,yfinance_raw_daily
2009-12-02,1750.0,1750.0,1720.0,1730.0,328.42431640625,43264500,0.0,0.0,yfinance_raw_daily
2009-12-03,1730.0,1750.0,1720.0,1730.0,328.42431640625,43264500,0.0,0.0,yfinance_raw_daily
2009-12-04,1740.0,1760.0,1730.0,1750.0,332.2211608886719,76057500,0.0,0.0,yfinance_raw_daily
2009-12-07,1750.0,1780.0,1730.0,1750.0,332.2211608886719,243079504,0.0,0.0,yfinance_raw_daily
2009-12-08,1710.0,1730.0,1700.0,1700.0,322.72906494140625,28128000,0.0,0.0,yfinance_raw_daily
2009-12-09,1740.0,1740.0,1700.0,1740.0,330.3227233886719,30674000,0.0,0.0,yfinance_raw_daily
2009-12-10,1730.0,1760.0,1720.0,1730.0,328.42431640625,52123000,0.0,0.0,yfinance_raw_daily
2009-12-11,1750.0,1750.0,1730.0,1750.0,332.2211608886719,40925000,0.0,0.0,yfinance_raw_daily
2009-12-14,1740.0,1740.0,1720.0,1740.0,332.6033935546875,37502000,12.0,0.0,yfinance_raw_daily
2009-12-15,1730.0,1740.0,1720.0,1730.0,330.69195556640625,22284000,0.0,0.0,yfinance_raw_daily
2009-12-16,1750.0,1760.0,1710.0,1750.0,334.5149841308594,106054500,0.0,0.0,yfinance_raw_daily
2009-12-17,1720.0,1760.0,1720.0,1720.0,328.7804260253906,42637000,0.0,0.0,yfinance_raw_daily
2009-12-21,1680.0,1730.0,1650.0,1680.0,321.1343078613281,87699500,0.0,0.0,yfinance_raw_daily
2009-12-22,1710.0,1710.0,1690.0,1710.0,326.8689880371094,41277000,0.0,0.0,yfinance_raw_daily
2009-12-23,1700.0,1720.0,1690.0,1700.0,324.9573669433594,11899000,0.0,0.0,yfinance_raw_daily
2009-12-28,1710.0,1740.0,1710.0,1720.0,328.7804260253906,26388000,0.0,0.0,yfinance_raw_daily
2009-12-29,1730.0,1730.0,1720.0,1730.0,330.69195556640625,14286500,0.0,0.0,yfinance_raw_daily
2009-12-30,1730.0,1740.0,1720.0,1730.0,330.69195556640625,51654000,0.0,0.0,yfinance_raw_daily
2010-01-04,1750.0,1750.0,1730.0,1750.0,334.5149841308594,26001500,0.0,0.0,yfinance_raw_daily
2010-01-05,1790.0,1800.0,1750.0,1790.0,342.16107177734375,212590500,0.0,0.0,yfinance_raw_daily
2010-01-06,1800.0,1830.0,1790.0,1800.0,344.0726318359375,230174500,0.0,0.0,yfinance_raw_daily
2010-01-07,1840.0,1850.0,1810.0,1840.0,351.7186279296875,152755000,0.0,0.0,yfinance_raw_daily
2010-01-08,1960.0,1980.0,1840.0,1960.0,374.65679931640625,3,0.0,0.0,yfinance_raw_daily
2010-01-11,1980.0,2025.0,1970.0,1980.0,378.47979736328125,161806500,0.0,0.0,yfinance_raw_daily
2010-01-12,1960.0,1970.0,1920.0,1960.0,374.65679931640625,115809000,0.0,0.0,yfinance_raw_daily
2010-01-13,1960.0,1960.0,1910.0,1960.0,374.65679931640625,68364500,0.0,0.0,yfinance_raw_daily
2010-01-14,2050.0,2075.0,1970.0,2050.0,391.8604736328125,263906000,0.0,0.0,yfinance_raw_daily
2010-01-15,1990.0,2050.0,1980.0,1990.0,380.3913269042969,94313500,0.0,0.0,yfinance_raw_daily
2010-01-18,1950.0,2025.0,1950.0,1990.0,380.3913269042969,63910500,0.0,0.0,yfinance_raw_daily
2010-01-19,1990.0,2000.0,1980.0,1990.0,380.3913269042969,46697000,0.0,0.0,yfinance_raw_daily
2010-01-20,1970.0,2000.0,1960.0,1970.0,376.5683288574219,89282000,0.0,0.0,yfinance_raw_daily
2010-01-21,1960.0,1990.0,1950.0,1960.0,374.65679931640625,77028000,0.0,0.0,yfinance_raw_daily
2010-01-22,1940.0,1940.0,1900.0,1940.0,370.83380126953125,170996000,0.0,0.0,yfinance_raw_daily
2010-01-25,1940.0,1950.0,1910.0,1940.0,370.83380126953125,78580000,0.0,0.0,yfinance_raw_daily
2010-01-26,1950.0,1950.0,1860.0,1880.0,359.3646545410156,185529500,0.0,0.0,yfinance_raw_daily
2010-01-27,1840.0,1910.0,1820.0,1840.0,351.7186279296875,140035500,0.0,0.0,yfinance_raw_daily
2010-01-28,1900.0,1910.0,1860.0,1900.0,363.18768310546875,87198500,0.0,0.0,yfinance_raw_daily
2010-01-29,1890.0,1890.0,1840.0,1890.0,361.2762756347656,67205500,0.0,0.0,yfinance_raw_daily
2010-02-01,1850.0,1880.0,1830.0,1850.0,353.6301574707031,89144000,0.0,0.0,yfinance_raw_daily
2010-02-02,1860.0,1890.0,1850.0,1860.0,355.5416259765625,59905000,0.0,0.0,yfinance_raw_daily
2010-02-03,1920.0,1950.0,1870.0,1920.0,367.0107727050781,200966000,0.0,0.0,yfinance_raw_daily
2010-02-04,1930.0,1960.0,1910.0,1930.0,368.9222717285156,97917500,0.0,0.0,yfinance_raw_daily
2010-02-05,1860.0,1880.0,1840.0,1860.0,355.5416259765625,170831000,0.0,0.0,yfinance_raw_daily
2010-02-08,1840.0,1860.0,1760.0,1840.0,351.7186279296875,191326000,0.0,0.0,yfinance_raw_daily
2010-02-09,1830.0,1840.0,1780.0,1830.0,349.80712890625,146246000,0.0,0.0,yfinance_raw_daily
2010-02-10,1790.0,1850.0,1790.0,1790.0,342.16107177734375,99367500,0.0,0.0,yfinance_raw_daily
2010-02-11,1810.0,1830.0,1780.0,1810.0,345.9841003417969,64897500,0.0,0.0,yfinance_raw_daily
2010-02-12,1840.0,1850.0,1810.0,1840.0,351.7186279296875,86135000,0.0,0.0,yfinance_raw_daily
2010-02-15,1830.0,1840.0,1810.0,1830.0,349.80712890625,24525500,0.0,0.0,yfinance_raw_daily
2010-02-16,1860.0,1870.0,1810.0,1860.0,355.5416259765625,57664000,0.0,0.0,yfinance_raw_daily
2010-02-17,1860.0,1890.0,1840.0,1860.0,355.5416259765625,137723000,0.0,0.0,yfinance_raw_daily
2010-02-18,1810.0,1860.0,1800.0,1810.0,345.9841003417969,111675500,0.0,0.0,yfinance_raw_daily
2010-02-19,1800.0,1810.0,1780.0,1800.0,344.0726318359375,98042000,0.0,0.0,yfinance_raw_daily
2010-02-22,1810.0,1830.0,1790.0,1810.0,345.9841003417969,78213000,0.0,0.0,yfinance_raw_daily
2010-02-23,1840.0,1850.0,1790.0,1840.0,351.7186279296875,109941000,0.0,0.0,yfinance_raw_daily
2010-02-24,1860.0,1860.0,1810.0,1860.0,355.5416259765625,102389000,0.0,0.0,yfinance_raw_daily
2010-02-25,1830.0,1870.0,1820.0,1830.0,349.80712890625,83807000,0.0,0.0,yfinance_raw_daily
2010-03-01,1840.0,1860.0,1820.0,1840.0,351.7186279296875,52729500,0.0,0.0,yfinance_raw_daily
2010-03-02,1830.0,1850.0,1820.0,1830.0,349.80712890625,47068500,0.0,0.0,yfinance_raw_daily
2010-03-03,1840.0,1860.0,1820.0,1840.0,351.7186279296875,114970000,0.0,0.0,yfinance_raw_daily
2010-03-04,1840.0,1860.0,1830.0,1840.0,351.7186279296875,60844000,0.0,0.0,yfinance_raw_daily
2010-03-05,1850.0,1860.0,1840.0,1850.0,353.6301574707031,35850500,0.0,0.0,yfinance_raw_daily
2010-03-08,1860.0,1880.0,1860.0,1860.0,355.5416259765625,81749500,0.0,0.0,yfinance_raw_daily
2010-03-09,1870.0,1880.0,1860.0,1870.0,357.4531555175781,52123000,0.0,0.0,yfinance_raw_daily
2010-03-10,1890.0,1910.0,1860.0,1890.0,361.2762756347656,136544000,0.0,0.0,yfinance_raw_daily
2010-03-11,1890.0,1900.0,1870.0,1890.0,361.2762756347656,47044500,0.0,0.0,yfinance_raw_daily
2010-03-12,1880.0,1890.0,1870.0,1880.0,359.3646545410156,24129500,0.0,0.0,yfinance_raw_daily
2010-03-15,1870.0,1880.0,1860.0,1870.0,357.4531555175781,31597500,0.0,0.0,yfinance_raw_daily
2010-03-17,1920.0,1920.0,1880.0,1920.0,367.0107727050781,194101000,0.0,0.0,yfinance_raw_daily
2010-03-18,1900.0,1930.0,1890.0,1900.0,363.18768310546875,100901500,0.0,0.0,yfinance_raw_daily
2010-03-19,1880.0,1910.0,1880.0,1880.0,359.3646545410156,91620500,0.0,0.0,yfinance_raw_daily
2010-03-22,1840.0,1880.0,1830.0,1840.0,351.7186279296875,74255000,0.0,0.0,yfinance_raw_daily
2010-03-23,1830.0,1860.0,1820.0,1830.0,349.80712890625,59109000,0.0,0.0,yfinance_raw_daily
2010-03-24,1880.0,1880.0,1830.0,1880.0,359.3646545410156,112399000,0.0,0.0,yfinance_raw_daily
2010-03-25,1860.0,1890.0,1860.0,1860.0,355.5416259765625,100361000,0.0,0.0,yfinance_raw_daily
2010-03-26,1870.0,1890.0,1860.0,1870.0,357.4531555175781,63653500,0.0,0.0,yfinance_raw_daily
2010-03-29,1890.0,1910.0,1870.0,1890.0,361.2762756347656,122076000,0.0,0.0,yfinance_raw_daily
2010-03-30,1910.0,1930.0,1900.0,1910.0,365.0992736816406,116515000,0.0,0.0,yfinance_raw_daily
2010-03-31,1960.0,1980.0,1890.0,1960.0,374.65679931640625,298866000,0.0,0.0,yfinance_raw_daily
2010-04-01,2025.0,2050.0,1970.0,2025.0,387.08160400390625,285992000,0.0,0.0,yfinance_raw_daily
2010-04-05,2025.0,2100.0,2025.0,2075.0,396.6391906738281,148704000,0.0,0.0,yfinance_raw_daily
2010-04-06,2100.0,2150.0,2050.0,2100.0,401.4179992675781,198836500,0.0,0.0,yfinance_raw_daily
2010-04-07,2150.0,2200.0,2100.0,2150.0,410.9756164550781,173661000,0.0,0.0,yfinance_raw_daily
2010-04-08,2100.0,2150.0,2075.0,2100.0,401.4179992675781,86537000,0.0,0.0,yfinance_raw_daily
2010-04-09,2125.0,2150.0,2100.0,2125.0,406.1968688964844,58389000,0.0,0.0,yfinance_raw_daily
2010-04-12,2150.0,2175.0,2125.0,2150.0,410.9756164550781,56845500,0.0,0.0,yfinance_raw_daily
2010-04-13,2150.0,2175.0,2100.0,2175.0,415.75433349609375,75380500,0.0,0.0,yfinance_raw_daily
2010-04-14,2150.0,2175.0,2125.0,2150.0,410.9756164550781,63514500,0.0,0.0,yfinance_raw_daily
2010-04-15,2200.0,2225.0,2150.0,2200.0,420.5331115722656,158957500,0.0,0.0,yfinance_raw_daily
2010-04-16,2225.0,2250.0,2175.0,2225.0,425.31195068359375,115278500,0.0,0.0,yfinance_raw_daily
2010-04-19,2175.0,2200.0,2125.0,2175.0,415.75433349609375,137157500,0.0,0.0,yfinance_raw_daily
2010-04-20,2200.0,2200.0,2150.0,2200.0,420.5331115722656,61955500,0.0,0.0,yfinance_raw_daily
2010-04-21,2200.0,2225.0,2175.0,2200.0,420.5331115722656,81381500,0.0,0.0,yfinance_raw_daily
2010-04-22,2250.0,2250.0,2175.0,2250.0,430.0907287597656,85029000,0.0,0.0,yfinance_raw_daily
2010-04-23,2200.0,2250.0,2175.0,2200.0,420.5331115722656,49570500,0.0,0.0,yfinance_raw_daily
2010-04-26,2200.0,2225.0,2175.0,2200.0,420.5331115722656,39372500,0.0,0.0,yfinance_raw_daily
2010-04-27,2200.0,2200.0,2150.0,2200.0,420.5331115722656,44070500,0.0,0.0,yfinance_raw_daily
2010-04-28,2150.0,2200.0,2125.0,2150.0,410.9756164550781,68618500,0.0,0.0,yfinance_raw_daily
2010-04-29,2125.0,2175.0,2125.0,2125.0,406.1968688964844,29307500,0.0,0.0,yfinance_raw_daily
2010-04-30,2200.0,2225.0,2150.0,2200.0,420.5331115722656,78900500,0.0,0.0,yfinance_raw_daily
2010-05-03,2125.0,2175.0,2125.0,2125.0,406.1968688964844,44896000,0.0,0.0,yfinance_raw_daily
2010-05-04,2125.0,2175.0,2100.0,2125.0,406.1968688964844,53630000,0.0,0.0,yfinance_raw_daily
2010-05-05,1980.0,2100.0,1970.0,1980.0,378.47979736328125,225471500,0.0,0.0,yfinance_raw_daily
2010-05-06,2000.0,2025.0,1930.0,2000.0,382.30291748046875,116565500,0.0,0.0,yfinance_raw_daily
2010-05-07,1930.0,1970.0,1900.0,1930.0,368.9222717285156,134949000,0.0,0.0,yfinance_raw_daily
2010-05-10,1970.0,2025.0,1950.0,2000.0,382.30291748046875,99329000,0.0,0.0,yfinance_raw_daily
2010-05-11,2025.0,2125.0,1990.0,2050.0,391.8604736328125,189316000,0.0,0.0,yfinance_raw_daily
2010-05-12,2100.0,2100.0,2050.0,2100.0,401.4179992675781,54026000,0.0,0.0,yfinance_raw_daily
2010-05-14,2075.0,2125.0,2075.0,2075.0,396.6391906738281,40455500,0.0,0.0,yfinance_raw_daily
2010-05-17,2050.0,2075.0,2000.0,2050.0,391.8604736328125,63171500,0.0,0.0,yfinance_raw_daily
2010-05-18,2050.0,2075.0,2025.0,2050.0,391.8604736328125,22905000,0.0,0.0,yfinance_raw_daily
2010-05-19,1950.0,2025.0,1950.0,1950.0,372.7452087402344,133169500,0.0,0.0,yfinance_raw_daily
2010-05-20,1920.0,1990.0,1900.0,1920.0,367.0107727050781,117755000,0.0,0.0,yfinance_raw_daily
2010-05-21,1840.0,1870.0,1810.0,1840.0,351.7186279296875,165991000,0.0,0.0,yfinance_raw_daily
2010-05-24,1800.0,1880.0,1790.0,1800.0,344.0726318359375,102780000,0.0,0.0,yfinance_raw_daily
2010-05-25,1720.0,1790.0,1700.0,1720.0,328.7804260253906,174021500,0.0,0.0,yfinance_raw_daily
2010-05-26,1890.0,1900.0,1760.0,1890.0,361.2762756347656,3,0.0,0.0,yfinance_raw_daily
2010-05-27,1910.0,1930.0,1810.0,1910.0,365.0992736816406,112036000,0.0,0.0,yfinance_raw_daily
2010-05-31,2000.0,2025.0,1920.0,2000.0,382.30291748046875,140424500,0.0,0.0,yfinance_raw_daily
2010-06-01,1920.0,1990.0,1910.0,1920.0,367.0107727050781,78072000,0.0,0.0,yfinance_raw_daily
2010-06-02,1930.0,1970.0,1880.0,1930.0,368.9222717285156,89736500,0.0,0.0,yfinance_raw_daily
2010-06-03,1950.0,1980.0,1940.0,1950.0,376.0577697753906,91680500,17.0,0.0,yfinance_raw_daily
2010-06-04,1940.0,1940.0,1910.0,1940.0,374.1292724609375,39245500,0.0,0.0,yfinance_raw_daily
2010-06-07,1840.0,1870.0,1820.0,1840.0,354.84417724609375,117793000,0.0,0.0,yfinance_raw_daily
2010-06-08,1850.0,1860.0,1830.0,1850.0,356.772705078125,50464500,0.0,0.0,yfinance_raw_daily
2010-06-09,1860.0,1870.0,1830.0,1860.0,358.7013244628906,45883000,0.0,0.0,yfinance_raw_daily
2010-06-10,1860.0,1870.0,1850.0,1860.0,358.7013244628906,27144000,0.0,0.0,yfinance_raw_daily
2010-06-11,1870.0,1890.0,1860.0,1870.0,360.62969970703125,43398000,0.0,0.0,yfinance_raw_daily
2010-06-14,1890.0,1900.0,1870.0,1890.0,364.48681640625,24821500,0.0,0.0,yfinance_raw_daily
2010-06-15,1880.0,1900.0,1870.0,1880.0,362.5583190917969,34836000,0.0,0.0,yfinance_raw_daily
2010-06-16,1970.0,2000.0,1900.0,1970.0,379.9146728515625,227316000,0.0,0.0,yfinance_raw_daily
2010-06-17,1980.0,1990.0,1960.0,1980.0,381.8432312011719,65421000,0.0,0.0,yfinance_raw_daily
2010-06-18,1980.0,2000.0,1970.0,1980.0,381.8432312011719,80183000,0.0,0.0,yfinance_raw_daily
2010-06-21,2075.0,2100.0,2000.0,2075.0,400.1639404296875,214058000,0.0,0.0,yfinance_raw_daily
2010-06-22,2000.0,2075.0,1990.0,2000.0,385.7002868652344,97657500,0.0,0.0,yfinance_raw_daily
2010-06-23,2025.0,2025.0,1990.0,2025.0,390.5214538574219,55183500,0.0,0.0,yfinance_raw_daily
2010-06-24,1990.0,2050.0,1990.0,1990.0,383.77166748046875,35276500,0.0,0.0,yfinance_raw_daily
2010-06-25,2025.0,2025.0,1990.0,2025.0,390.5214538574219,24382000,0.0,0.0,yfinance_raw_daily
2010-06-28,2050.0,2075.0,2025.0,2050.0,395.3428039550781,28703500,0.0,0.0,yfinance_raw_daily
2010-06-29,1970.0,2050.0,1960.0,1970.0,379.9146728515625,56475000,0.0,0.0,yfinance_raw_daily
2010-06-30,1990.0,2000.0,1930.0,1990.0,383.77166748046875,56187000,0.0,0.0,yfinance_raw_daily
2010-07-01,1970.0,1980.0,1940.0,1970.0,379.9146728515625,36407500,0.0,0.0,yfinance_raw_daily
2010-07-02,1990.0,1990.0,1980.0,1990.0,383.77166748046875,39110500,0.0,0.0,yfinance_raw_daily
2010-07-05,1990.0,2000.0,1980.0,1990.0,383.77166748046875,27733500,0.0,0.0,yfinance_raw_daily
2010-07-06,2025.0,2050.0,1980.0,2025.0,390.5214538574219,50155000,0.0,0.0,yfinance_raw_daily
2010-07-07,1990.0,2025.0,1980.0,1990.0,383.77166748046875,30593000,0.0,0.0,yfinance_raw_daily
2010-07-08,2025.0,2050.0,2000.0,2025.0,390.5214538574219,91244000,0.0,0.0,yfinance_raw_daily
2010-07-09,2050.0,2050.0,2000.0,2050.0,395.3428039550781,81778000,0.0,0.0,yfinance_raw_daily
2010-07-12,2025.0,2050.0,2000.0,2025.0,390.5214538574219,63066000,0.0,0.0,yfinance_raw_daily
2010-07-13,2025.0,2025.0,2000.0,2025.0,390.5214538574219,27180000,0.0,0.0,yfinance_raw_daily
2010-07-14,2050.0,2075.0,2025.0,2050.0,395.3428039550781,74311500,0.0,0.0,yfinance_raw_daily
2010-07-15,2025.0,2050.0,2000.0,2025.0,390.5214538574219,50396500,0.0,0.0,yfinance_raw_daily
2010-07-16,2025.0,2025.0,1990.0,2025.0,390.5214538574219,27517500,0.0,0.0,yfinance_raw_daily
2010-07-19,1990.0,2000.0,1980.0,1990.0,383.77166748046875,11243000,0.0,0.0,yfinance_raw_daily
2010-07-20,2000.0,2025.0,1990.0,2000.0,385.7002868652344,32258000,0.0,0.0,yfinance_raw_daily
2010-07-21,2025.0,2025.0,1990.0,2025.0,390.5214538574219,56157000,0.0,0.0,yfinance_raw_daily
2010-07-22,2025.0,2025.0,1990.0,2025.0,390.5214538574219,26389000,0.0,0.0,yfinance_raw_daily
2010-07-23,2050.0,2075.0,2025.0,2050.0,395.3428039550781,106837000,0.0,0.0,yfinance_raw_daily
2010-07-26,2025.0,2075.0,2025.0,2025.0,390.5214538574219,102692000,0.0,0.0,yfinance_raw_daily
2010-07-27,2025.0,2100.0,2025.0,2025.0,390.5214538574219,83911500,0.0,0.0,yfinance_raw_daily
2010-07-28,2075.0,2075.0,2025.0,2075.0,400.1639404296875,72382000,0.0,0.0,yfinance_raw_daily
2010-07-29,2050.0,2075.0,2025.0,2050.0,395.3428039550781,57503500,0.0,0.0,yfinance_raw_daily
2010-07-30,2000.0,2050.0,2000.0,2000.0,385.7002868652344,23752000,0.0,0.0,yfinance_raw_daily
2010-08-02,2050.0,2050.0,2000.0,2050.0,395.3428039550781,62943000,0.0,0.0,yfinance_raw_daily
2010-08-03,2025.0,2100.0,2000.0,2025.0,390.5214538574219,82788500,0.0,0.0,yfinance_raw_daily
2010-08-04,2025.0,2050.0,2000.0,2025.0,390.5214538574219,30807500,0.0,0.0,yfinance_raw_daily
2010-08-05,2050.0,2050.0,2025.0,2050.0,395.3428039550781,33380000,0.0,0.0,yfinance_raw_daily
2010-08-06,2125.0,2125.0,2025.0,2125.0,409.8064880371094,113584500,0.0,0.0,yfinance_raw_daily
2010-08-09,2125.0,2150.0,2100.0,2125.0,409.8064880371094,51556000,0.0,0.0,yfinance_raw_daily
2010-08-10,2100.0,2125.0,2050.0,2100.0,404.985107421875,47041000,0.0,0.0,yfinance_raw_daily
2010-08-11,2075.0,2100.0,2050.0,2075.0,400.1639404296875,29407000,0.0,0.0,yfinance_raw_daily
2010-08-12,2050.0,2050.0,2000.0,2050.0,395.3428039550781,48748000,0.0,0.0,yfinance_raw_daily
2010-08-13,2075.0,2075.0,2025.0,2075.0,400.1639404296875,26049000,0.0,0.0,yfinance_raw_daily
2010-08-16,2050.0,2075.0,2025.0,2050.0,395.3428039550781,25861000,0.0,0.0,yfinance_raw_daily
2010-08-18,2100.0,2100.0,2025.0,2100.0,404.985107421875,41630500,0.0,0.0,yfinance_raw_daily
2010-08-19,2100.0,2125.0,2050.0,2100.0,404.985107421875,67908500,0.0,0.0,yfinance_raw_daily
2010-08-20,2100.0,2100.0,2050.0,2100.0,404.985107421875,14999500,0.0,0.0,yfinance_raw_daily
2010-08-23,2075.0,2100.0,2050.0,2075.0,400.1639404296875,19670000,0.0,0.0,yfinance_raw_daily
2010-08-24,2050.0,2075.0,2025.0,2050.0,395.3428039550781,26609500,0.0,0.0,yfinance_raw_daily
2010-08-25,2050.0,2050.0,2025.0,2050.0,395.3428039550781,27810500,0.0,0.0,yfinance_raw_daily
2010-08-26,2025.0,2050.0,1990.0,2025.0,390.5214538574219,94836500,0.0,0.0,yfinance_raw_daily
2010-08-27,1990.0,2025.0,1970.0,1990.0,383.77166748046875,60531000,0.0,0.0,yfinance_raw_daily
2010-08-30,1980.0,2025.0,1960.0,1980.0,381.8432312011719,55301500,0.0,0.0,yfinance_raw_daily
2010-08-31,1900.0,1960.0,1880.0,1900.0,366.4151611328125,161802500,0.0,0.0,yfinance_raw_daily
2010-09-01,1870.0,1900.0,1840.0,1870.0,360.62969970703125,186639500,0.0,0.0,yfinance_raw_daily
2010-09-02,1790.0,1880.0,1760.0,1790.0,345.2016296386719,294859500,0.0,0.0,yfinance_raw_daily
2010-09-03,1840.0,1850.0,1810.0,1840.0,354.84417724609375,121359500,0.0,0.0,yfinance_raw_daily
2010-09-06,1920.0,1950.0,1850.0,1920.0,370.2722473144531,215561000,0.0,0.0,yfinance_raw_daily
2010-09-07,1940.0,1960.0,1900.0,1940.0,374.1292724609375,101304000,0.0,0.0,yfinance_raw_daily
2010-09-15,1970.0,2025.0,1960.0,2000.0,385.7002868652344,201779500,0.0,0.0,yfinance_raw_daily
2010-09-16,2100.0,2100.0,2000.0,2100.0,404.985107421875,156250000,0.0,0.0,yfinance_raw_daily
2010-09-17,2150.0,2150.0,2075.0,2150.0,414.6278076171875,155222500,0.0,0.0,yfinance_raw_daily
2010-09-20,2050.0,2150.0,2025.0,2050.0,395.3428039550781,44473000,0.0,0.0,yfinance_raw_daily
2010-09-21,2025.0,2075.0,1990.0,2025.0,390.5214538574219,66406000,0.0,0.0,yfinance_raw_daily
2010-09-22,1980.0,2025.0,1950.0,1980.0,381.8432312011719,54815000,0.0,0.0,yfinance_raw_daily
2010-09-23,1980.0,1990.0,1960.0,1980.0,381.8432312011719,17062000,0.0,0.0,yfinance_raw_daily
2010-09-24,2025.0,2025.0,1980.0,2025.0,390.5214538574219,28690500,0.0,0.0,yfinance_raw_daily
2010-09-27,2075.0,2100.0,2025.0,2075.0,400.1639404296875,102206000,0.0,0.0,yfinance_raw_daily
2010-09-28,2050.0,2125.0,2025.0,2050.0,395.3428039550781,121368000,0.0,0.0,yfinance_raw_daily
2010-09-29,2050.0,2075.0,2025.0,2050.0,395.3428039550781,20505000,0.0,0.0,yfinance_raw_daily
2010-09-30,2025.0,2075.0,2000.0,2025.0,390.5214538574219,71403500,0.0,0.0,yfinance_raw_daily
2010-10-01,2050.0,2075.0,2025.0,2050.0,395.3428039550781,47987000,0.0,0.0,yfinance_raw_daily
2010-10-04,2025.0,2100.0,2025.0,2025.0,390.5214538574219,33272500,0.0,0.0,yfinance_raw_daily
2010-10-05,2050.0,2050.0,2000.0,2050.0,395.3428039550781,53478500,0.0,0.0,yfinance_raw_daily
2010-10-06,2100.0,2100.0,2050.0,2100.0,404.985107421875,93891500,0.0,0.0,yfinance_raw_daily
2010-10-07,2050.0,2100.0,2025.0,2050.0,395.3428039550781,63328000,0.0,0.0,yfinance_raw_daily
2010-10-08,2050.0,2075.0,2025.0,2050.0,395.3428039550781,43965000,0.0,0.0,yfinance_raw_daily
2010-10-11,2075.0,2075.0,2025.0,2075.0,400.1639404296875,139750000,0.0,0.0,yfinance_raw_daily
2010-10-12,2050.0,2075.0,2025.0,2050.0,395.3428039550781,17197500,0.0,0.0,yfinance_raw_daily
2010-10-13,2100.0,2100.0,2050.0,2100.0,404.985107421875,55923500,0.0,0.0,yfinance_raw_daily
2010-10-14,2175.0,2200.0,2075.0,2175.0,419.44903564453125,172124500,0.0,0.0,yfinance_raw_daily
2010-10-15,2225.0,2250.0,2150.0,2225.0,429.09149169921875,93850500,0.0,0.0,yfinance_raw_daily
2010-10-18,2175.0,2225.0,2150.0,2175.0,419.44903564453125,66456000,0.0,0.0,yfinance_raw_daily
2010-10-19,2175.0,2175.0,2150.0,2175.0,419.44903564453125,16708000,0.0,0.0,yfinance_raw_daily
2010-10-20,2125.0,2150.0,2100.0,2125.0,409.8064880371094,49341000,0.0,0.0,yfinance_raw_daily
2010-10-21,2125.0,2150.0,2100.0,2125.0,409.8064880371094,23250000,0.0,0.0,yfinance_raw_daily
2010-10-22,2250.0,2300.0,2125.0,2250.0,433.91278076171875,149841000,0.0,0.0,yfinance_raw_daily
2010-10-25,2175.0,2250.0,2150.0,2175.0,419.44903564453125,82744000,0.0,0.0,yfinance_raw_daily
2010-10-26,2200.0,2225.0,2175.0,2200.0,424.27032470703125,23376000,0.0,0.0,yfinance_raw_daily
2010-10-27,2100.0,2200.0,2075.0,2100.0,404.985107421875,56521500,0.0,0.0,yfinance_raw_daily
2010-10-28,2125.0,2125.0,2100.0,2125.0,409.8064880371094,15057000,0.0,0.0,yfinance_raw_daily
2010-10-29,2100.0,2125.0,2075.0,2100.0,404.985107421875,15114000,0.0,0.0,yfinance_raw_daily
2010-11-01,2125.0,2150.0,2100.0,2125.0,409.8064880371094,34748000,0.0,0.0,yfinance_raw_daily
2010-11-02,2125.0,2150.0,2100.0,2125.0,409.8064880371094,23941000,0.0,0.0,yfinance_raw_daily
2010-11-03,2150.0,2200.0,2125.0,2150.0,414.6278076171875,50069000,0.0,0.0,yfinance_raw_daily
2010-11-04,2225.0,2225.0,2175.0,2225.0,429.09149169921875,114360000,0.0,0.0,yfinance_raw_daily
2010-11-05,2275.0,2325.0,2225.0,2275.0,438.7340393066406,202973500,0.0,0.0,yfinance_raw_daily
2010-11-08,2350.0,2400.0,2275.0,2350.0,453.19781494140625,163219500,0.0,0.0,yfinance_raw_daily
2010-11-09,2500.0,2500.0,2350.0,2500.0,482.125244140625,178930500,0.0,0.0,yfinance_raw_daily
2010-11-10,2400.0,2500.0,2400.0,2400.0,462.84027099609375,113166500,0.0,0.0,yfinance_raw_daily
2010-11-11,2450.0,2450.0,2400.0,2450.0,472.48284912109375,28490000,0.0,0.0,yfinance_raw_daily
2010-11-12,2400.0,2450.0,2375.0,2400.0,462.84027099609375,52552500,0.0,0.0,yfinance_raw_daily
2010-11-15,2400.0,2450.0,2350.0,2400.0,462.84027099609375,24191500,0.0,0.0,yfinance_raw_daily
2010-11-16,2475.0,2500.0,2425.0,2475.0,477.3039855957031,47455000,0.0,0.0,yfinance_raw_daily
2010-11-18,2450.0,2475.0,2400.0,2450.0,472.48284912109375,51183000,0.0,0.0,yfinance_raw_daily
2010-11-19,2450.0,2500.0,2425.0,2450.0,472.48284912109375,63008500,0.0,0.0,yfinance_raw_daily
2010-11-22,2450.0,2475.0,2450.0,2450.0,472.48284912109375,25019500,0.0,0.0,yfinance_raw_daily
2010-11-23,2425.0,2450.0,2350.0,2425.0,467.6615295410156,37022000,0.0,0.0,yfinance_raw_daily
2010-11-24,2400.0,2425.0,2325.0,2400.0,462.84027099609375,33234000,0.0,0.0,yfinance_raw_daily
2010-11-25,2350.0,2425.0,2350.0,2350.0,453.19781494140625,22404000,0.0,0.0,yfinance_raw_daily
2010-11-26,2325.0,2350.0,2300.0,2325.0,448.3764953613281,53527500,0.0,0.0,yfinance_raw_daily
2010-11-29,2300.0,2325.0,2275.0,2300.0,445.4423828125,26296500,9.85,0.0,yfinance_raw_daily
2010-11-30,2325.0,2375.0,2300.0,2325.0,450.2841491699219,68138000,0.0,0.0,yfinance_raw_daily
2010-12-01,2375.0,2375.0,2300.0,2375.0,459.9676513671875,22694500,0.0,0.0,yfinance_raw_daily
2010-12-02,2400.0,2475.0,2375.0,2400.0,464.8094787597656,74685500,0.0,0.0,yfinance_raw_daily
2010-12-03,2375.0,2450.0,2350.0,2375.0,459.9676513671875,42967500,0.0,0.0,yfinance_raw_daily
2010-12-06,2475.0,2475.0,2400.0,2475.0,479.3347473144531,83583500,0.0,0.0,yfinance_raw_daily
2010-12-08,2625.0,2625.0,2475.0,2625.0,508.3852844238281,177109000,0.0,0.0,yfinance_raw_daily
2010-12-09,2625.0,2650.0,2575.0,2625.0,508.3852844238281,97324500,0.0,0.0,yfinance_raw_daily
2010-12-10,2600.0,2625.0,2575.0,2600.0,503.5434875488281,40128000,0.0,0.0,yfinance_raw_daily
2010-12-13,2575.0,2650.0,2550.0,2575.0,498.70184326171875,22359500,0.0,0.0,yfinance_raw_daily
2010-12-14,2550.0,2600.0,2525.0,2550.0,493.8599548339844,24063000,0.0,0.0,yfinance_raw_daily
2010-12-15,2550.0,2550.0,2500.0,2550.0,493.8599548339844,40172500,0.0,0.0,yfinance_raw_daily
2010-12-16,2525.0,2550.0,2500.0,2525.0,489.0182800292969,58893500,0.0,0.0,yfinance_raw_daily
2010-12-17,2300.0,2600.0,2250.0,2300.0,445.4423828125,81162500,0.0,0.0,yfinance_raw_daily
2010-12-20,2500.0,2575.0,2475.0,2500.0,484.176513671875,30452000,0.0,0.0,yfinance_raw_daily
2010-12-21,2550.0,2575.0,2500.0,2550.0,493.8599548339844,22062500,0.0,0.0,yfinance_raw_daily
2010-12-22,2475.0,2550.0,2425.0,2475.0,479.3347473144531,16659500,0.0,0.0,yfinance_raw_daily
2010-12-23,2525.0,2550.0,2450.0,2525.0,489.0182800292969,14708500,0.0,0.0,yfinance_raw_daily
2010-12-27,2525.0,2525.0,2500.0,2525.0,489.0182800292969,8199500,0.0,0.0,yfinance_raw_daily
2010-12-28,2500.0,2525.0,2500.0,2500.0,484.176513671875,8293500,0.0,0.0,yfinance_raw_daily
2010-12-29,2525.0,2550.0,2500.0,2525.0,489.0182800292969,14375000,0.0,0.0,yfinance_raw_daily
2010-12-30,2550.0,2550.0,2500.0,2550.0,493.8599548339844,19802000,0.0,0.0,yfinance_raw_daily
2011-01-03,2675.0,2675.0,2525.0,2675.0,518.0689697265625,147849500,0.0,0.0,yfinance_raw_daily
2011-01-04,2875.0,2900.0,2675.0,2875.0,556.8030395507812,94667500,0.0,0.0,yfinance_raw_daily
2011-01-05,2850.0,2850.0,2750.0,2850.0,551.9613647460938,56025500,0.0,0.0,yfinance_raw_daily
2011-01-06,2775.0,2850.0,2725.0,2775.0,537.4358520507812,44333500,0.0,0.0,yfinance_raw_daily
2011-01-07,2700.0,2725.0,2650.0,2700.0,522.91064453125,43283500,0.0,0.0,yfinance_raw_daily
2011-01-10,2500.0,2700.0,2500.0,2500.0,484.176513671875,101623500,0.0,0.0,yfinance_raw_daily
2011-01-11,2475.0,2600.0,2450.0,2475.0,479.3347473144531,61287000,0.0,0.0,yfinance_raw_daily
2011-01-12,2625.0,2625.0,2500.0,2625.0,508.3852844238281,78434000,0.0,0.0,yfinance_raw_daily
2011-01-13,2625.0,2675.0,2575.0,2625.0,508.3852844238281,58937500,0.0,0.0,yfinance_raw_daily
2011-01-14,2625.0,2625.0,2550.0,2625.0,508.3852844238281,25063000,0.0,0.0,yfinance_raw_daily
2011-01-17,2575.0,2625.0,2525.0,2575.0,498.70184326171875,45514000,0.0,0.0,yfinance_raw_daily
2011-01-18,2675.0,2675.0,2550.0,2675.0,518.0689697265625,83178500,0.0,0.0,yfinance_raw_daily
2011-01-19,2650.0,2725.0,2600.0,2650.0,513.227294921875,55959000,0.0,0.0,yfinance_raw_daily
2011-01-20,2450.0,2625.0,2425.0,2450.0,474.4930114746094,69369500,0.0,0.0,yfinance_raw_daily
2011-01-21,2350.0,2425.0,2300.0,2350.0,455.12603759765625,102465500,0.0,0.0,yfinance_raw_daily
2011-01-24,2350.0,2375.0,2300.0,2350.0,455.12603759765625,56096000,0.0,0.0,yfinance_raw_daily
2011-01-25,2475.0,2475.0,2350.0,2475.0,479.3347473144531,54391500,0.0,0.0,yfinance_raw_daily
2011-01-26,2400.0,2475.0,2375.0,2400.0,464.8094787597656,47472000,0.0,0.0,yfinance_raw_daily
2011-01-27,2425.0,2475.0,2400.0,2425.0,469.6512145996094,42968000,0.0,0.0,yfinance_raw_daily
2011-01-28,2375.0,2400.0,2325.0,2375.0,459.9676513671875,87570500,0.0,0.0,yfinance_raw_daily
2011-01-31,2250.0,2350.0,2225.0,2250.0,435.75897216796875,119446500,0.0,0.0,yfinance_raw_daily
2011-02-01,2400.0,2400.0,2275.0,2400.0,464.8094787597656,132754500,0.0,0.0,yfinance_raw_daily
2011-02-02,2500.0,2500.0,2450.0,2500.0,484.176513671875,73500000,0.0,0.0,yfinance_raw_daily
2011-02-04,2450.0,2500.0,2425.0,2450.0,474.4930114746094,27018000,0.0,0.0,yfinance_raw_daily
2011-02-07,2400.0,2475.0,2375.0,2400.0,464.8094787597656,69352500,0.0,0.0,yfinance_raw_daily
2011-02-08,2350.0,2425.0,2350.0,2350.0,455.12603759765625,58314500,0.0,0.0,yfinance_raw_daily
2011-02-09,2300.0,2375.0,2275.0,2300.0,445.4423828125,48013500,0.0,0.0,yfinance_raw_daily
2011-02-10,2300.0,2325.0,2250.0,2300.0,445.4423828125,56384500,0.0,0.0,yfinance_raw_daily
2011-02-11,2375.0,2400.0,2250.0,2375.0,459.9676513671875,43984000,0.0,0.0,yfinance_raw_daily
2011-02-14,2425.0,2425.0,2375.0,2425.0,469.6512145996094,26623000,0.0,0.0,yfinance_raw_daily
2011-02-16,2375.0,2400.0,2350.0,2375.0,459.9676513671875,44981500,0.0,0.0,yfinance_raw_daily
2011-02-17,2375.0,2375.0,2325.0,2375.0,459.9676513671875,27802000,0.0,0.0,yfinance_raw_daily
2011-02-18,2425.0,2475.0,2350.0,2425.0,469.6512145996094,50201500,0.0,0.0,yfinance_raw_daily
2011-02-21,2475.0,2475.0,2425.0,2475.0,479.3347473144531,43370500,0.0,0.0,yfinance_raw_daily
2011-02-22,2375.0,2425.0,2375.0,2375.0,459.9676513671875,50539000,0.0,0.0,yfinance_raw_daily
2011-02-23,2450.0,2500.0,2375.0,2450.0,474.4930114746094,51379000,0.0,0.0,yfinance_raw_daily
2011-02-24,2450.0,2475.0,2400.0,2450.0,474.4930114746094,52395500,0.0,0.0,yfinance_raw_daily
2011-02-25,2475.0,2500.0,2425.0,2475.0,479.3347473144531,57902000,0.0,0.0,yfinance_raw_daily
2011-02-28,2450.0,2450.0,2400.0,2450.0,474.4930114746094,23987000,0.0,0.0,yfinance_raw_daily
2011-03-01,2425.0,2475.0,2400.0,2425.0,469.6512145996094,32059500,0.0,0.0,yfinance_raw_daily
2011-03-02,2350.0,2425.0,2325.0,2350.0,455.12603759765625,52159500,0.0,0.0,yfinance_raw_daily
2011-03-03,2325.0,2375.0,2325.0,2325.0,450.2841491699219,27893000,0.0,0.0,yfinance_raw_daily
2011-03-04,2375.0,2375.0,2325.0,2375.0,459.9676513671875,37845000,0.0,0.0,yfinance_raw_daily
2011-03-07,2375.0,2400.0,2350.0,2375.0,459.9676513671875,26502500,0.0,0.0,yfinance_raw_daily
2011-03-08,2400.0,2425.0,2375.0,2400.0,464.8094787597656,33728000,0.0,0.0,yfinance_raw_daily
2011-03-09,2350.0,2400.0,2350.0,2350.0,455.12603759765625,33953000,0.0,0.0,yfinance_raw_daily
2011-03-10,2325.0,2375.0,2325.0,2325.0,450.2841491699219,26646000,0.0,0.0,yfinance_raw_daily
2011-03-11,2325.0,2350.0,2275.0,2325.0,450.2841491699219,36429000,0.0,0.0,yfinance_raw_daily
2011-03-14,2400.0,2425.0,2300.0,2400.0,464.8094787597656,77861000,0.0,0.0,yfinance_raw_daily
2011-03-15,2400.0,2400.0,2325.0,2400.0,464.8094787597656,66820500,0.0,0.0,yfinance_raw_daily
2011-03-16,2375.0,2400.0,2350.0,2375.0,459.9676513671875,34260000,0.0,0.0,yfinance_raw_daily
2011-03-17,2375.0,2400.0,2325.0,2375.0,459.9676513671875,29756000,0.0,0.0,yfinance_raw_daily
2011-03-18,2375.0,2400.0,2325.0,2375.0,459.9676513671875,56890000,0.0,0.0,yfinance_raw_daily
2011-03-21,2325.0,2375.0,2275.0,2325.0,450.2841491699219,98817500,0.0,0.0,yfinance_raw_daily
2011-03-22,2225.0,2325.0,2200.0,2225.0,430.91717529296875,119662500,0.0,0.0,yfinance_raw_daily
2011-03-23,2225.0,2225.0,2225.0,2225.0,430.91717529296875,0,0.0,0.0,yfinance_raw_daily
2011-03-24,2275.0,2300.0,2225.0,2275.0,440.60064697265625,100761500,0.0,0.0,yfinance_raw_daily
2011-03-25,2275.0,2325.0,2250.0,2275.0,440.60064697265625,80552000,0.0,0.0,yfinance_raw_daily
2011-03-28,2300.0,2300.0,2250.0,2300.0,445.4423828125,18235000,0.0,0.0,yfinance_raw_daily
2011-03-29,2275.0,2300.0,2250.0,2275.0,440.60064697265625,51185500,0.0,0.0,yfinance_raw_daily
2011-03-30,2225.0,2300.0,2225.0,2225.0,430.91717529296875,60939000,0.0,0.0,yfinance_raw_daily
2011-03-31,2200.0,2250.0,2175.0,2200.0,426.075439453125,111031000,0.0,0.0,yfinance_raw_daily
2011-04-01,2275.0,2300.0,2200.0,2275.0,440.60064697265625,139141500,0.0,0.0,yfinance_raw_daily
2011-04-04,2350.0,2350.0,2250.0,2350.0,455.12603759765625,84109000,0.0,0.0,yfinance_raw_daily
2011-04-05,2300.0,2350.0,2300.0,2300.0,445.4423828125,41311500,0.0,0.0,yfinance_raw_daily
2011-04-06,2350.0,2350.0,2300.0,2350.0,455.12603759765625,31718500,0.0,0.0,yfinance_raw_daily
2011-04-07,2325.0,2350.0,2275.0,2325.0,450.2841491699219,39684500,0.0,0.0,yfinance_raw_daily
2011-04-08,2300.0,2325.0,2275.0,2300.0,445.4423828125,41358500,0.0,0.0,yfinance_raw_daily
2011-04-11,2300.0,2300.0,2275.0,2300.0,445.4423828125,14199500,0.0,0.0,yfinance_raw_daily
2011-04-12,2275.0,2300.0,2250.0,2275.0,440.60064697265625,56453000,0.0,0.0,yfinance_raw_daily
2011-04-13,2275.0,2300.0,2250.0,2275.0,440.60064697265625,52916000,0.0,0.0,yfinance_raw_daily
2011-04-14,2250.0,2300.0,2250.0,2250.0,435.75897216796875,57245000,0.0,0.0,yfinance_raw_daily
2011-04-15,2275.0,2300.0,2225.0,2275.0,440.60064697265625,58703000,0.0,0.0,yfinance_raw_daily
2011-04-18,2225.0,2275.0,2225.0,2225.0,430.91717529296875,26212000,0.0,0.0,yfinance_raw_daily
2011-04-19,2225.0,2250.0,2200.0,2225.0,430.91717529296875,32631500,0.0,0.0,yfinance_raw_daily
2011-04-20,2250.0,2275.0,2225.0,2250.0,435.75897216796875,63640000,0.0,0.0,yfinance_raw_daily
2011-04-21,2225.0,2275.0,2225.0,2225.0,430.91717529296875,104494000,0.0,0.0,yfinance_raw_daily
2011-04-25,2250.0,2250.0,2225.0,2250.0,435.75897216796875,12269500,0.0,0.0,yfinance_raw_daily
2011-04-26,2225.0,2250.0,2200.0,2225.0,430.91717529296875,59596000,0.0,0.0,yfinance_raw_daily
2011-04-27,2200.0,2250.0,2200.0,2200.0,426.075439453125,27990500,0.0,0.0,yfinance_raw_daily
2011-04-28,2225.0,2250.0,2200.0,2225.0,430.91717529296875,31313500,0.0,0.0,yfinance_raw_daily
2011-04-29,2200.0,2250.0,2200.0,2200.0,426.075439453125,32164500,0.0,0.0,yfinance_raw_daily
2011-05-02,2225.0,2250.0,2200.0,2225.0,430.91717529296875,23131500,0.0,0.0,yfinance_raw_daily
2011-05-03,2225.0,2250.0,2200.0,2225.0,430.91717529296875,54368000,0.0,0.0,yfinance_raw_daily
2011-05-04,2250.0,2275.0,2225.0,2250.0,435.75897216796875,41186000,0.0,0.0,yfinance_raw_daily
2011-05-05,2325.0,2375.0,2250.0,2325.0,450.2841491699219,235200500,0.0,0.0,yfinance_raw_daily
2011-05-06,2300.0,2350.0,2275.0,2300.0,445.4423828125,89128500,0.0,0.0,yfinance_raw_daily
2011-05-09,2325.0,2325.0,2275.0,2325.0,450.2841491699219,24530000,0.0,0.0,yfinance_raw_daily
2011-05-10,2300.0,2325.0,2275.0,2300.0,445.4423828125,33579000,0.0,0.0,yfinance_raw_daily
2011-05-11,2325.0,2325.0,2300.0,2325.0,450.2841491699219,49388000,0.0,0.0,yfinance_raw_daily
2011-05-12,2250.0,2300.0,2250.0,2250.0,435.75897216796875,41996000,0.0,0.0,yfinance_raw_daily
2011-05-13,2275.0,2275.0,2225.0,2275.0,440.60064697265625,47774500,0.0,0.0,yfinance_raw_daily
2011-05-16,2250.0,2250.0,2200.0,2250.0,435.75897216796875,22293500,0.0,0.0,yfinance_raw_daily
2011-05-18,2350.0,2350.0,2250.0,2350.0,455.12603759765625,192628500,0.0,0.0,yfinance_raw_daily
2011-05-19,2375.0,2400.0,2350.0,2375.0,459.9676513671875,75975500,0.0,0.0,yfinance_raw_daily
2011-05-20,2375.0,2375.0,2350.0,2375.0,459.9676513671875,41824000,0.0,0.0,yfinance_raw_daily
2011-05-23,2325.0,2350.0,2300.0,2325.0,450.2841491699219,67058500,0.0,0.0,yfinance_raw_daily
2011-05-24,2325.0,2325.0,2275.0,2325.0,450.2841491699219,33396500,0.0,0.0,yfinance_raw_daily
2011-05-25,2375.0,2375.0,2300.0,2375.0,459.9676513671875,62652000,0.0,0.0,yfinance_raw_daily
2011-05-26,2375.0,2400.0,2350.0,2375.0,459.9676513671875,61492000,0.0,0.0,yfinance_raw_daily
2011-05-27,2400.0,2400.0,2350.0,2400.0,464.8094787597656,43270000,0.0,0.0,yfinance_raw_daily
2011-05-30,2375.0,2400.0,2350.0,2375.0,463.930419921875,37554500,20.5,0.0,yfinance_raw_daily
2011-05-31,2450.0,2475.0,2375.0,2450.0,478.580810546875,319769000,0.0,0.0,yfinance_raw_daily
2011-06-01,2425.0,2450.0,2400.0,2425.0,473.69732666015625,59446000,0.0,0.0,yfinance_raw_daily
2011-06-03,2450.0,2450.0,2375.0,2450.0,478.580810546875,58025500,0.0,0.0,yfinance_raw_daily
2011-06-06,2475.0,2500.0,2425.0,2475.0,483.46429443359375,83452500,0.0,0.0,yfinance_raw_daily
2011-06-07,2475.0,2475.0,2425.0,2475.0,483.46429443359375,28266000,0.0,0.0,yfinance_raw_daily
2011-06-08,2450.0,2475.0,2425.0,2450.0,478.580810546875,55731000,0.0,0.0,yfinance_raw_daily
2011-06-09,2450.0,2475.0,2425.0,2450.0,478.580810546875,17417000,0.0,0.0,yfinance_raw_daily
2011-06-10,2400.0,2475.0,2400.0,2400.0,468.81390380859375,16985500,0.0,0.0,yfinance_raw_daily
2011-06-13,2400.0,2400.0,2350.0,2400.0,468.81390380859375,45760000,0.0,0.0,yfinance_raw_daily
2011-06-14,2425.0,2425.0,2350.0,2425.0,473.69732666015625,48489500,0.0,0.0,yfinance_raw_daily
2011-06-15,2400.0,2450.0,2375.0,2400.0,468.81390380859375,12957000,0.0,0.0,yfinance_raw_daily
2011-06-16,2350.0,2375.0,2300.0,2350.0,459.0469665527344,27942000,0.0,0.0,yfinance_raw_daily
2011-06-17,2275.0,2350.0,2250.0,2275.0,444.3965759277344,47279500,0.0,0.0,yfinance_raw_daily
2011-06-20,2300.0,2350.0,2275.0,2300.0,449.280029296875,15524500,0.0,0.0,yfinance_raw_daily
2011-06-21,2375.0,2375.0,2325.0,2375.0,463.930419921875,39238000,0.0,0.0,yfinance_raw_daily
2011-06-22,2375.0,2400.0,2350.0,2375.0,463.930419921875,16782500,0.0,0.0,yfinance_raw_daily
2011-06-23,2350.0,2400.0,2350.0,2350.0,459.0469665527344,19036000,0.0,0.0,yfinance_raw_daily
2011-06-24,2375.0,2400.0,2325.0,2375.0,463.930419921875,32325000,0.0,0.0,yfinance_raw_daily
2011-06-27,2375.0,2400.0,2350.0,2375.0,463.930419921875,14011000,0.0,0.0,yfinance_raw_daily
2011-06-28,2400.0,2425.0,2375.0,2400.0,468.81390380859375,34418000,0.0,0.0,yfinance_raw_daily
2011-06-30,2450.0,2475.0,2425.0,2450.0,478.580810546875,67064500,0.0,0.0,yfinance_raw_daily
2011-07-01,2500.0,2525.0,2450.0,2500.0,488.3478698730469,84017000,0.0,0.0,yfinance_raw_daily
2011-07-04,2500.0,2500.0,2500.0,2500.0,488.3478698730469,0,0.0,0.0,yfinance_raw_daily
2011-07-05,2500.0,2550.0,2500.0,2500.0,488.3478698730469,34710500,0.0,0.0,yfinance_raw_daily
2011-07-06,2525.0,2600.0,2500.0,2525.0,493.2312316894531,61315500,0.0,0.0,yfinance_raw_daily
2011-07-07,2550.0,2575.0,2525.0,2550.0,498.11480712890625,48175000,0.0,0.0,yfinance_raw_daily
2011-07-08,2600.0,2600.0,2575.0,2600.0,507.88165283203125,35780500,0.0,0.0,yfinance_raw_daily
2011-07-11,2575.0,2600.0,2550.0,2575.0,502.99822998046875,44352000,0.0,0.0,yfinance_raw_daily
2011-07-12,2475.0,2575.0,2450.0,2475.0,483.46429443359375,53920500,0.0,0.0,yfinance_raw_daily
2011-07-13,2525.0,2525.0,2450.0,2525.0,493.2312316894531,21921500,0.0,0.0,yfinance_raw_daily
2011-07-14,2500.0,2525.0,2500.0,2500.0,488.3478698730469,31391500,0.0,0.0,yfinance_raw_daily
2011-07-15,2550.0,2575.0,2500.0,2550.0,498.11480712890625,27400500,0.0,0.0,yfinance_raw_daily
2011-07-18,2600.0,2625.0,2550.0,2600.0,507.88165283203125,37476000,0.0,0.0,yfinance_raw_daily
2011-07-19,2575.0,2600.0,2525.0,2575.0,502.99822998046875,13096500,0.0,0.0,yfinance_raw_daily
2011-07-20,2575.0,2600.0,2550.0,2575.0,502.99822998046875,25106000,0.0,0.0,yfinance_raw_daily
2011-07-21,2525.0,2575.0,2525.0,2525.0,493.2312316894531,26378000,0.0,0.0,yfinance_raw_daily
2011-07-22,2525.0,2575.0,2500.0,2525.0,493.2312316894531,46810500,0.0,0.0,yfinance_raw_daily
2011-07-25,2500.0,2550.0,2475.0,2500.0,488.3478698730469,25116000,0.0,0.0,yfinance_raw_daily
2011-07-26,2575.0,2600.0,2525.0,2575.0,502.99822998046875,34656000,0.0,0.0,yfinance_raw_daily
2011-07-27,2600.0,2600.0,2550.0,2600.0,507.88165283203125,29992000,0.0,0.0,yfinance_raw_daily
2011-07-28,2675.0,2700.0,2550.0,2675.0,522.5323486328125,107957000,0.0,0.0,yfinance_raw_daily
2011-07-29,2650.0,2700.0,2650.0,2650.0,517.6488037109375,56912000,0.0,0.0,yfinance_raw_daily
2011-08-01,2675.0,2700.0,2650.0,2675.0,522.5323486328125,23569500,0.0,0.0,yfinance_raw_daily
2011-08-02,2650.0,2675.0,2625.0,2650.0,517.6488037109375,18455500,0.0,0.0,yfinance_raw_daily
2011-08-03,2600.0,2650.0,2550.0,2600.0,507.88165283203125,18215500,0.0,0.0,yfinance_raw_daily
2011-08-04,2600.0,2675.0,2550.0,2600.0,507.88165283203125,13145500,0.0,0.0,yfinance_raw_daily
2011-08-05,2375.0,2500.0,2325.0,2375.0,463.930419921875,70954000,0.0,0.0,yfinance_raw_daily
2011-08-08,2325.0,2350.0,2275.0,2325.0,454.1634521484375,74459000,0.0,0.0,yfinance_raw_daily
2011-08-09,2175.0,2350.0,2150.0,2175.0,424.86260986328125,72402500,0.0,0.0,yfinance_raw_daily
2011-08-10,2450.0,2450.0,2250.0,2450.0,478.580810546875,71230000,0.0,0.0,yfinance_raw_daily
2011-08-11,2325.0,2400.0,2275.0,2325.0,454.1634521484375,125904000,0.0,0.0,yfinance_raw_daily
2011-08-12,2325.0,2375.0,2300.0,2325.0,454.1634521484375,71796500,0.0,0.0,yfinance_raw_daily
2011-08-15,2350.0,2375.0,2300.0,2350.0,459.0469665527344,70801000,0.0,0.0,yfinance_raw_daily
2011-08-16,2350.0,2450.0,2350.0,2350.0,459.0469665527344,85566000,0.0,0.0,yfinance_raw_daily
2011-08-18,2400.0,2425.0,2350.0,2400.0,468.81390380859375,43435000,0.0,0.0,yfinance_raw_daily
2011-08-19,2250.0,2350.0,2225.0,2250.0,439.5130920410156,94433500,0.0,0.0,yfinance_raw_daily
2011-08-22,2225.0,2300.0,2175.0,2225.0,434.629638671875,38336000,0.0,0.0,yfinance_raw_daily
2011-08-23,2250.0,2300.0,2200.0,2250.0,439.5130920410156,41823000,0.0,0.0,yfinance_raw_daily
2011-08-24,2125.0,2300.0,2125.0,2125.0,415.095703125,137505500,0.0,0.0,yfinance_raw_daily
2011-08-25,2100.0,2175.0,2050.0,2100.0,410.2121276855469,115024000,0.0,0.0,yfinance_raw_daily
2011-08-26,2025.0,2050.0,1990.0,2025.0,395.5617370605469,112388000,0.0,0.0,yfinance_raw_daily
2011-09-05,1990.0,2125.0,1990.0,1990.0,388.72491455078125,86014000,0.0,0.0,yfinance_raw_daily
2011-09-06,2025.0,2025.0,1980.0,2025.0,395.5617370605469,51780000,0.0,0.0,yfinance_raw_daily
2011-09-07,2075.0,2100.0,2025.0,2075.0,405.3286437988281,109596000,0.0,0.0,yfinance_raw_daily
2011-09-08,2050.0,2100.0,2025.0,2050.0,400.44525146484375,81779000,0.0,0.0,yfinance_raw_daily
2011-09-09,2025.0,2050.0,2000.0,2025.0,395.5617370605469,79640000,0.0,0.0,yfinance_raw_daily
2011-09-12,1970.0,2000.0,1950.0,1970.0,384.8180847167969,73218500,0.0,0.0,yfinance_raw_daily
2011-09-13,1970.0,2025.0,1960.0,1970.0,384.8180847167969,37654500,0.0,0.0,yfinance_raw_daily
2011-09-14,1960.0,2025.0,1950.0,1960.0,382.8646545410156,71411000,0.0,0.0,yfinance_raw_daily
2011-09-15,1940.0,1990.0,1930.0,1940.0,378.9579162597656,56271500,0.0,0.0,yfinance_raw_daily
2011-09-16,1980.0,2000.0,1950.0,1980.0,386.771484375,66977000,0.0,0.0,yfinance_raw_daily
2011-09-19,1940.0,1970.0,1930.0,1940.0,378.9579162597656,39807500,0.0,0.0,yfinance_raw_daily
2011-09-20,1920.0,1940.0,1900.0,1920.0,375.0511474609375,54157500,0.0,0.0,yfinance_raw_daily
2011-09-21,1900.0,1930.0,1890.0,1900.0,371.1443786621094,43913000,0.0,0.0,yfinance_raw_daily
2011-09-22,1710.0,1860.0,1700.0,1710.0,334.0299377441406,84562000,0.0,0.0,yfinance_raw_daily
2011-09-23,1650.0,1720.0,1560.0,1650.0,322.3096008300781,115505500,0.0,0.0,yfinance_raw_daily
2011-09-26,1520.0,1630.0,1430.0,1520.0,296.9154968261719,194909500,0.0,0.0,yfinance_raw_daily
2011-09-27,1630.0,1650.0,1570.0,1630.0,318.4028625488281,118055000,0.0,0.0,yfinance_raw_daily
2011-09-28,1690.0,1720.0,1600.0,1690.0,330.1231384277344,148576500,0.0,0.0,yfinance_raw_daily
2011-09-29,1730.0,1750.0,1660.0,1730.0,337.9366455078125,93751000,0.0,0.0,yfinance_raw_daily
2011-09-30,1720.0,1780.0,1700.0,1720.0,335.9833068847656,103593000,0.0,0.0,yfinance_raw_daily
2011-10-03,1610.0,1690.0,1610.0,1610.0,314.4960632324219,67945500,0.0,0.0,yfinance_raw_daily
2011-10-04,1530.0,1620.0,1500.0,1530.0,298.8688659667969,65777500,0.0,0.0,yfinance_raw_daily
2011-10-05,1530.0,1580.0,1510.0,1530.0,298.8688659667969,113886500,0.0,0.0,yfinance_raw_daily
2011-10-06,1680.0,1700.0,1570.0,1680.0,328.1697998046875,129253000,0.0,0.0,yfinance_raw_daily
2011-10-07,1680.0,1760.0,1610.0,1680.0,328.1697998046875,54429000,0.0,0.0,yfinance_raw_daily
2011-10-10,1670.0,1690.0,1640.0,1670.0,326.2164001464844,19023500,0.0,0.0,yfinance_raw_daily
2011-10-11,1780.0,1790.0,1720.0,1780.0,347.70367431640625,98423500,0.0,0.0,yfinance_raw_daily
2011-10-12,1860.0,1870.0,1760.0,1860.0,363.330810546875,129680000,0.0,0.0,yfinance_raw_daily
2011-10-13,1860.0,1920.0,1850.0,1860.0,363.330810546875,137845500,0.0,0.0,yfinance_raw_daily
2011-10-14,1900.0,1910.0,1840.0,1900.0,371.1443786621094,60514000,0.0,0.0,yfinance_raw_daily
2011-10-17,1960.0,1960.0,1930.0,1960.0,382.8646545410156,85648000,0.0,0.0,yfinance_raw_daily
2011-10-18,1880.0,1930.0,1860.0,1880.0,367.2375793457031,63803500,0.0,0.0,yfinance_raw_daily
2011-10-19,1980.0,1990.0,1920.0,1980.0,386.771484375,80682500,0.0,0.0,yfinance_raw_daily
2011-10-20,1900.0,1970.0,1870.0,1900.0,371.1443786621094,89142500,0.0,0.0,yfinance_raw_daily
2011-10-21,1910.0,1930.0,1890.0,1910.0,373.09771728515625,44895000,0.0,0.0,yfinance_raw_daily
2011-10-24,1950.0,1990.0,1940.0,1950.0,380.9112548828125,83871000,0.0,0.0,yfinance_raw_daily
2011-10-25,2000.0,2000.0,1960.0,2000.0,390.6783142089844,60454000,0.0,0.0,yfinance_raw_daily
2011-10-26,2000.0,2025.0,1970.0,2000.0,390.6783142089844,48511500,0.0,0.0,yfinance_raw_daily
2011-10-27,2075.0,2125.0,2025.0,2075.0,405.3286437988281,154383500,0.0,0.0,yfinance_raw_daily
2011-10-28,2125.0,2150.0,2075.0,2125.0,415.095703125,77957000,0.0,0.0,yfinance_raw_daily
2011-10-31,2025.0,2125.0,2025.0,2025.0,395.5617370605469,30339500,0.0,0.0,yfinance_raw_daily
2011-11-01,1990.0,2100.0,1980.0,1990.0,388.72491455078125,75069500,0.0,0.0,yfinance_raw_daily
2011-11-02,2050.0,2075.0,1930.0,2050.0,400.44525146484375,80186000,0.0,0.0,yfinance_raw_daily
2011-11-03,2000.0,2025.0,1980.0,2000.0,390.6783142089844,46059500,0.0,0.0,yfinance_raw_daily
2011-11-04,2050.0,2075.0,2025.0,2050.0,400.44525146484375,58505500,0.0,0.0,yfinance_raw_daily
2011-11-07,2075.0,2100.0,2050.0,2075.0,405.3286437988281,33289000,0.0,0.0,yfinance_raw_daily
2011-11-08,2075.0,2100.0,2075.0,2075.0,405.3286437988281,14805000,0.0,0.0,yfinance_raw_daily
2011-11-09,2150.0,2150.0,2075.0,2150.0,419.9791259765625,48936500,0.0,0.0,yfinance_raw_daily
2011-11-10,2075.0,2075.0,2025.0,2075.0,405.3286437988281,36365000,0.0,0.0,yfinance_raw_daily
2011-11-11,2050.0,2075.0,2025.0,2050.0,400.44525146484375,18178000,0.0,0.0,yfinance_raw_daily
2011-11-14,2050.0,2100.0,2025.0,2050.0,400.44525146484375,20500000,0.0,0.0,yfinance_raw_daily
2011-11-15,2000.0,2050.0,1990.0,2000.0,390.6783142089844,36347000,0.0,0.0,yfinance_raw_daily
2011-11-16,2025.0,2025.0,1990.0,2025.0,395.5617370605469,32316500,0.0,0.0,yfinance_raw_daily
2011-11-17,2000.0,2000.0,1980.0,2000.0,390.6783142089844,31995500,0.0,0.0,yfinance_raw_daily
2011-11-18,1960.0,1990.0,1950.0,1960.0,382.8646545410156,28652000,0.0,0.0,yfinance_raw_daily
2011-11-21,1880.0,1940.0,1850.0,1880.0,367.2375793457031,65958500,0.0,0.0,yfinance_raw_daily
2011-11-22,1920.0,1920.0,1860.0,1920.0,375.0511474609375,147529500,0.0,0.0,yfinance_raw_daily
2011-11-23,1910.0,1910.0,1870.0,1910.0,373.09771728515625,50361000,0.0,0.0,yfinance_raw_daily
2011-11-24,1910.0,1930.0,1890.0,1910.0,373.09771728515625,37784000,0.0,0.0,yfinance_raw_daily
2011-11-25,1870.0,1890.0,1830.0,1870.0,365.2842102050781,39462500,0.0,0.0,yfinance_raw_daily
2011-11-28,1900.0,1920.0,1880.0,1900.0,371.1443786621094,79344000,0.0,0.0,yfinance_raw_daily
2011-11-29,1900.0,1920.0,1880.0,1900.0,375.36224365234375,60766000,21.35,0.0,yfinance_raw_daily
2011-11-30,1910.0,1960.0,1890.0,1910.0,377.3377685546875,85555000,0.0,0.0,yfinance_raw_daily
2011-12-01,1910.0,1910.0,1910.0,1910.0,377.3377685546875,0,0.0,0.0,yfinance_raw_daily
2011-12-02,1970.0,1970.0,1930.0,1970.0,389.1913757324219,33894000,0.0,0.0,yfinance_raw_daily
2011-12-05,1970.0,1980.0,1950.0,1970.0,389.1913757324219,18495000,0.0,0.0,yfinance_raw_daily
2011-12-06,1970.0,1970.0,1940.0,1970.0,389.1913757324219,22138500,0.0,0.0,yfinance_raw_daily
2011-12-07,2000.0,2025.0,1970.0,2000.0,395.11822509765625,74346500,0.0,0.0,yfinance_raw_daily
2011-12-08,1990.0,2000.0,1980.0,1990.0,393.1426696777344,12489500,0.0,0.0,yfinance_raw_daily
2011-12-09,1920.0,1980.0,1920.0,1920.0,379.3134460449219,46272000,0.0,0.0,yfinance_raw_daily
2011-12-12,1930.0,1960.0,1920.0,1930.0,381.2890319824219,35392500,0.0,0.0,yfinance_raw_daily
2011-12-13,1880.0,1920.0,1870.0,1880.0,371.4110412597656,50863000,0.0,0.0,yfinance_raw_daily
2011-12-14,1860.0,1900.0,1840.0,1860.0,367.45989990234375,50104000,0.0,0.0,yfinance_raw_daily
2011-12-15,1820.0,1820.0,1790.0,1820.0,359.5574645996094,96946000,0.0,0.0,yfinance_raw_daily
2011-12-16,1840.0,1840.0,1820.0,1840.0,363.5086364746094,65983000,0.0,0.0,yfinance_raw_daily
2011-12-19,1840.0,1840.0,1840.0,1840.0,363.5086364746094,0,0.0,0.0,yfinance_raw_daily
2011-12-20,1730.0,1790.0,1730.0,1730.0,341.7772216796875,110809500,0.0,0.0,yfinance_raw_daily
2011-12-21,1760.0,1790.0,1750.0,1760.0,347.7039794921875,70107000,0.0,0.0,yfinance_raw_daily
2011-12-22,1760.0,1780.0,1740.0,1760.0,347.7039794921875,44919500,0.0,0.0,yfinance_raw_daily
2011-12-23,1770.0,1790.0,1760.0,1770.0,349.6795654296875,45348000,0.0,0.0,yfinance_raw_daily
2011-12-27,1780.0,1790.0,1760.0,1780.0,351.6551818847656,9550000,0.0,0.0,yfinance_raw_daily
2011-12-28,1770.0,1780.0,1750.0,1770.0,349.6795654296875,28297000,0.0,0.0,yfinance_raw_daily
2011-12-29,1760.0,1770.0,1740.0,1760.0,347.7039794921875,37153500,0.0,0.0,yfinance_raw_daily
2011-12-30,1770.0,1790.0,1760.0,1770.0,349.6795654296875,26921000,0.0,0.0,yfinance_raw_daily
2012-01-02,1760.0,1770.0,1750.0,1760.0,347.7039794921875,6244000,0.0,0.0,yfinance_raw_daily
2012-01-03,1810.0,1820.0,1770.0,1810.0,357.5819396972656,109473500,0.0,0.0,yfinance_raw_daily
2012-01-04,1830.0,1830.0,1810.0,1830.0,361.5330810546875,69199000,0.0,0.0,yfinance_raw_daily
2012-01-05,1790.0,1830.0,1780.0,1790.0,353.63067626953125,56594500,0.0,0.0,yfinance_raw_daily
2012-01-06,1770.0,1800.0,1760.0,1770.0,349.6795654296875,33691500,0.0,0.0,yfinance_raw_daily
2012-01-09,1780.0,1790.0,1760.0,1780.0,351.6551818847656,48736000,0.0,0.0,yfinance_raw_daily
2012-01-10,1820.0,1820.0,1770.0,1820.0,359.5574645996094,83169000,0.0,0.0,yfinance_raw_daily
2012-01-11,1810.0,1830.0,1790.0,1810.0,357.5819396972656,44526500,0.0,0.0,yfinance_raw_daily
2012-01-12,1810.0,1810.0,1790.0,1810.0,357.5819396972656,26521000,0.0,0.0,yfinance_raw_daily
2012-01-13,1810.0,1820.0,1790.0,1810.0,357.5819396972656,0,0.0,0.0,yfinance_raw_daily
2012-01-16,1780.0,1800.0,1760.0,1780.0,351.6551818847656,32394500,0.0,0.0,yfinance_raw_daily
2012-01-17,1800.0,1800.0,1780.0,1800.0,355.6063537597656,30607000,0.0,0.0,yfinance_raw_daily
2012-01-18,1820.0,1820.0,1790.0,1820.0,359.5574645996094,46157000,0.0,0.0,yfinance_raw_daily
2012-01-19,1830.0,1850.0,1820.0,1830.0,361.5330810546875,82844500,0.0,0.0,yfinance_raw_daily
2012-01-20,1820.0,1850.0,1800.0,1820.0,359.5574645996094,30959000,0.0,0.0,yfinance_raw_daily
2012-01-24,1830.0,1840.0,1820.0,1830.0,361.5330810546875,23794000,0.0,0.0,yfinance_raw_daily
2012-01-25,1840.0,1850.0,1830.0,1840.0,363.5086364746094,22560500,0.0,0.0,yfinance_raw_daily
2012-01-26,1840.0,1850.0,1830.0,1840.0,363.5086364746094,35048500,0.0,0.0,yfinance_raw_daily
2012-01-27,1860.0,1860.0,1830.0,1860.0,367.45989990234375,54394500,0.0,0.0,yfinance_raw_daily
2012-01-30,1820.0,1860.0,1820.0,1820.0,359.5574645996094,33197500,0.0,0.0,yfinance_raw_daily
2012-01-31,1830.0,1840.0,1810.0,1830.0,361.5330810546875,41717000,0.0,0.0,yfinance_raw_daily
2012-02-01,1870.0,1880.0,1790.0,1870.0,369.43548583984375,109242500,0.0,0.0,yfinance_raw_daily
2012-02-02,1960.0,1960.0,1870.0,1960.0,387.21575927734375,173686500,0.0,0.0,yfinance_raw_daily
2012-02-03,1920.0,1980.0,1920.0,1920.0,379.3134460449219,79857500,0.0,0.0,yfinance_raw_daily
2012-02-06,1940.0,1980.0,1930.0,1940.0,383.2646484375,51627500,0.0,0.0,yfinance_raw_daily
2012-02-07,1980.0,2000.0,1940.0,1980.0,391.1669616699219,76332500,0.0,0.0,yfinance_raw_daily
2012-02-08,2000.0,2025.0,1950.0,2000.0,395.11822509765625,60496000,0.0,0.0,yfinance_raw_daily
2012-02-09,1980.0,2000.0,1970.0,1980.0,391.1669616699219,42069000,0.0,0.0,yfinance_raw_daily
2012-02-10,1930.0,1990.0,1910.0,1930.0,381.2890319824219,55392500,0.0,0.0,yfinance_raw_daily
2012-02-13,1950.0,1950.0,1920.0,1950.0,385.24017333984375,22403500,0.0,0.0,yfinance_raw_daily
2012-02-14,1920.0,1950.0,1900.0,1920.0,379.3134460449219,32004500,0.0,0.0,yfinance_raw_daily
2012-02-15,1950.0,1960.0,1920.0,1950.0,385.24017333984375,53989000,0.0,0.0,yfinance_raw_daily
2012-02-16,1920.0,1940.0,1910.0,1920.0,379.3134460449219,22920000,0.0,0.0,yfinance_raw_daily
2012-02-17,1980.0,1980.0,1930.0,1980.0,391.1669616699219,56603000,0.0,0.0,yfinance_raw_daily
2012-02-20,1990.0,2000.0,1960.0,1990.0,393.1426696777344,37086500,0.0,0.0,yfinance_raw_daily
2012-02-21,1990.0,1990.0,1970.0,1990.0,393.1426696777344,23978000,0.0,0.0,yfinance_raw_daily
2012-02-22,2000.0,2000.0,1960.0,2000.0,395.11822509765625,49687000,0.0,0.0,yfinance_raw_daily
2012-02-23,1960.0,2000.0,1960.0,1960.0,387.21575927734375,25113500,0.0,0.0,yfinance_raw_daily
2012-02-24,1920.0,1960.0,1900.0,1920.0,379.3134460449219,78847000,0.0,0.0,yfinance_raw_daily
2012-02-27,1890.0,1920.0,1870.0,1890.0,373.3866271972656,39431000,0.0,0.0,yfinance_raw_daily
2012-02-28,1900.0,1900.0,1870.0,1900.0,375.36224365234375,53106500,0.0,0.0,yfinance_raw_daily
2012-02-29,1920.0,1930.0,1890.0,1920.0,379.3134460449219,60738000,0.0,0.0,yfinance_raw_daily
2012-03-01,1900.0,1920.0,1900.0,1900.0,375.36224365234375,17745500,0.0,0.0,yfinance_raw_daily
2012-03-02,1970.0,1970.0,1920.0,1970.0,389.1913757324219,53511500,0.0,0.0,yfinance_raw_daily
2012-03-05,1950.0,1970.0,1930.0,1950.0,385.24017333984375,16892500,0.0,0.0,yfinance_raw_daily
2012-03-06,1930.0,1940.0,1920.0,1930.0,381.2890319824219,30519000,0.0,0.0,yfinance_raw_daily
2012-03-07,1920.0,1920.0,1900.0,1920.0,379.3134460449219,27478000,0.0,0.0,yfinance_raw_daily
2012-03-08,1930.0,1940.0,1920.0,1930.0,381.2890319824219,16922000,0.0,0.0,yfinance_raw_daily
2012-03-09,1920.0,1920.0,1900.0,1920.0,379.3134460449219,27478000,0.0,0.0,yfinance_raw_daily
2012-03-12,1950.0,1970.0,1940.0,1950.0,385.24017333984375,10183500,0.0,0.0,yfinance_raw_daily
2012-03-13,1940.0,1970.0,1940.0,1940.0,383.2646484375,7778000,0.0,0.0,yfinance_raw_daily
2012-03-14,1970.0,1980.0,1960.0,1970.0,389.1913757324219,38725000,0.0,0.0,yfinance_raw_daily
2012-03-15,1940.0,1980.0,1920.0,1940.0,383.2646484375,43737000,0.0,0.0,yfinance_raw_daily
2012-03-16,1920.0,1950.0,1910.0,1920.0,379.3134460449219,26718000,0.0,0.0,yfinance_raw_daily
2012-03-19,1910.0,1940.0,1910.0,1910.0,377.3377685546875,16963000,0.0,0.0,yfinance_raw_daily
2012-03-20,1920.0,1930.0,1900.0,1920.0,379.3134460449219,22536500,0.0,0.0,yfinance_raw_daily
2012-03-21,1900.0,1930.0,1870.0,1900.0,375.36224365234375,119582500,0.0,0.0,yfinance_raw_daily
2012-03-22,1900.0,1910.0,1870.0,1900.0,375.36224365234375,33996500,0.0,0.0,yfinance_raw_daily
2012-03-26,1890.0,1930.0,1880.0,1890.0,373.3866271972656,98912500,0.0,0.0,yfinance_raw_daily
2012-03-27,1890.0,1920.0,1870.0,1890.0,373.3866271972656,96593500,0.0,0.0,yfinance_raw_daily
2012-03-28,1930.0,1930.0,1890.0,1930.0,381.2890319824219,72951000,0.0,0.0,yfinance_raw_daily
2012-03-29,1920.0,1930.0,1910.0,1920.0,379.3134460449219,33582000,0.0,0.0,yfinance_raw_daily
2012-03-30,1930.0,1930.0,1910.0,1930.0,381.2890319824219,43464000,0.0,0.0,yfinance_raw_daily
2012-04-02,1960.0,1960.0,1930.0,1960.0,387.21575927734375,31610500,0.0,0.0,yfinance_raw_daily
2012-04-03,1960.0,1960.0,1960.0,1960.0,387.21575927734375,0,0.0,0.0,yfinance_raw_daily
2012-04-04,1910.0,1950.0,1900.0,1910.0,377.3377685546875,51494000,0.0,0.0,yfinance_raw_daily
2012-04-05,1910.0,1920.0,1890.0,1910.0,377.3377685546875,22924000,0.0,0.0,yfinance_raw_daily
2012-04-09,1900.0,1920.0,1890.0,1900.0,375.36224365234375,7906500,0.0,0.0,yfinance_raw_daily
2012-04-10,1880.0,1910.0,1880.0,1880.0,371.4110412597656,22558000,0.0,0.0,yfinance_raw_daily
2012-04-11,1830.0,1880.0,1820.0,1830.0,361.5330810546875,72659500,0.0,0.0,yfinance_raw_daily
2012-04-12,1810.0,1860.0,1800.0,1810.0,357.5819396972656,72588500,0.0,0.0,yfinance_raw_daily
2012-04-13,1830.0,1840.0,1820.0,1830.0,361.5330810546875,32785000,0.0,0.0,yfinance_raw_daily
2012-04-16,1820.0,1840.0,1810.0,1820.0,359.5574645996094,12030000,0.0,0.0,yfinance_raw_daily
2012-04-17,1810.0,1840.0,1800.0,1810.0,357.5819396972656,34435500,0.0,0.0,yfinance_raw_daily
2012-04-18,1820.0,1860.0,1810.0,1820.0,359.5574645996094,64683000,0.0,0.0,yfinance_raw_daily
2012-04-19,1810.0,1820.0,1790.0,1810.0,357.5819396972656,43112500,0.0,0.0,yfinance_raw_daily
2012-04-20,1800.0,1800.0,1770.0,1800.0,355.6063537597656,35676000,0.0,0.0,yfinance_raw_daily
2012-04-23,1800.0,1810.0,1780.0,1800.0,355.6063537597656,31130500,0.0,0.0,yfinance_raw_daily
2012-04-24,1830.0,1830.0,1790.0,1830.0,361.5330810546875,26758500,0.0,0.0,yfinance_raw_daily
2012-04-25,1820.0,1820.0,1790.0,1820.0,359.5574645996094,28966000,0.0,0.0,yfinance_raw_daily
2012-04-26,1810.0,1820.0,1800.0,1810.0,357.5819396972656,24411500,0.0,0.0,yfinance_raw_daily
2012-04-27,1810.0,1820.0,1800.0,1810.0,357.5819396972656,34893500,0.0,0.0,yfinance_raw_daily
2012-04-30,1860.0,1860.0,1830.0,1860.0,367.45989990234375,57768000,0.0,0.0,yfinance_raw_daily
2012-05-01,1870.0,1870.0,1840.0,1870.0,369.43548583984375,31491500,0.0,0.0,yfinance_raw_daily
2012-05-02,1870.0,1870.0,1840.0,1870.0,369.43548583984375,53885500,0.0,0.0,yfinance_raw_daily
2012-05-03,1840.0,1860.0,1830.0,1840.0,363.5086364746094,30203000,0.0,0.0,yfinance_raw_daily
2012-05-04,1810.0,1850.0,1800.0,1810.0,357.5819396972656,23925500,0.0,0.0,yfinance_raw_daily
2012-05-07,1770.0,1790.0,1760.0,1770.0,349.6795654296875,66180000,0.0,0.0,yfinance_raw_daily
2012-05-08,1760.0,1790.0,1760.0,1760.0,347.7039794921875,21421500,0.0,0.0,yfinance_raw_daily
2012-05-09,1760.0,1770.0,1740.0,1760.0,347.7039794921875,31438000,0.0,0.0,yfinance_raw_daily
2012-05-10,1760.0,1770.0,1750.0,1760.0,347.7039794921875,24105000,0.0,0.0,yfinance_raw_daily
2012-05-11,1730.0,1750.0,1730.0,1730.0,341.7772216796875,13232000,0.0,0.0,yfinance_raw_daily
2012-05-14,1730.0,1740.0,1710.0,1730.0,341.7772216796875,19988000,0.0,0.0,yfinance_raw_daily
2012-05-15,1680.0,1720.0,1670.0,1680.0,331.89935302734375,57521000,0.0,0.0,yfinance_raw_daily
2012-05-16,1650.0,1660.0,1610.0,1650.0,325.9725036621094,38242000,0.0,0.0,yfinance_raw_daily
2012-05-21,1650.0,1660.0,1620.0,1650.0,325.9725036621094,31356500,0.0,0.0,yfinance_raw_daily
2012-05-22,1700.0,1720.0,1660.0,1700.0,335.8504333496094,45956500,0.0,0.0,yfinance_raw_daily
2012-05-23,1650.0,1680.0,1630.0,1650.0,325.9725036621094,43429500,0.0,0.0,yfinance_raw_daily
2012-05-24,1650.0,1670.0,1630.0,1650.0,325.9725036621094,42078000,0.0,0.0,yfinance_raw_daily
2012-05-25,1620.0,1650.0,1600.0,1620.0,320.0457763671875,35630000,0.0,0.0,yfinance_raw_daily
2012-05-28,1610.0,1620.0,1580.0,1610.0,318.0701599121094,29389000,0.0,0.0,yfinance_raw_daily
2012-05-29,1610.0,1640.0,1580.0,1610.0,318.0701599121094,41109000,0.0,0.0,yfinance_raw_daily
2012-05-30,1590.0,1600.0,1570.0,1590.0,327.5038757324219,27948500,65.8,0.0,yfinance_raw_daily
2012-05-31,1470.0,1580.0,1460.0,1470.0,302.78662109375,67800000,0.0,0.0,yfinance_raw_daily
2012-06-01,1380.0,1490.0,1360.0,1380.0,284.2486267089844,55010000,0.0,0.0,yfinance_raw_daily
2012-06-04,1200.0,1350.0,1180.0,1200.0,247.1727752685547,109000000,0.0,0.0,yfinance_raw_daily
2012-06-05,1220.0,1260.0,1210.0,1220.0,251.29222106933594,70502000,0.0,0.0,yfinance_raw_daily
2012-06-06,1270.0,1280.0,1220.0,1270.0,261.591064453125,113001000,0.0,0.0,yfinance_raw_daily
2012-06-07,1300.0,1340.0,1280.0,1300.0,267.77044677734375,112125000,0.0,0.0,yfinance_raw_daily
2012-06-08,1260.0,1290.0,1260.0,1260.0,259.5313415527344,29577500,0.0,0.0,yfinance_raw_daily
2012-06-11,1270.0,1310.0,1240.0,1270.0,261.591064453125,85155000,0.0,0.0,yfinance_raw_daily
2012-06-12,1230.0,1260.0,1220.0,1230.0,253.35205078125,45651000,0.0,0.0,yfinance_raw_daily
2012-06-13,1230.0,1260.0,1220.0,1230.0,253.35205078125,43486000,0.0,0.0,yfinance_raw_daily
2012-06-14,1210.0,1260.0,1200.0,1210.0,249.2324981689453,74963000,0.0,0.0,yfinance_raw_daily
2012-06-15,1240.0,1260.0,1190.0,1240.0,255.4118194580078,44727500,0.0,0.0,yfinance_raw_daily
2012-06-18,1270.0,1310.0,1260.0,1270.0,261.591064453125,69810000,0.0,0.0,yfinance_raw_daily
2012-06-19,1330.0,1340.0,1270.0,1330.0,273.9497985839844,48663000,0.0,0.0,yfinance_raw_daily
2012-06-20,1420.0,1430.0,1340.0,1420.0,292.48779296875,58523000,0.0,0.0,yfinance_raw_daily
2012-06-21,1420.0,1470.0,1400.0,1420.0,292.48779296875,39354500,0.0,0.0,yfinance_raw_daily
2012-06-22,1370.0,1380.0,1340.0,1370.0,282.1888427734375,40269000,0.0,0.0,yfinance_raw_daily
2012-06-25,1370.0,1370.0,1320.0,1330.0,273.9497985839844,20978000,0.0,0.0,yfinance_raw_daily
2012-06-26,1330.0,1410.0,1310.0,1390.0,286.3084411621094,41921000,0.0,0.0,yfinance_raw_daily
2012-06-27,1390.0,1430.0,1370.0,1400.0,288.3681945800781,72055500,0.0,0.0,yfinance_raw_daily
2012-06-28,1400.0,1420.0,1350.0,1360.0,280.1290283203125,18899500,0.0,0.0,yfinance_raw_daily
2012-06-29,1360.0,1460.0,1380.0,1450.0,298.66705322265625,62755500,0.0,0.0,yfinance_raw_daily
2012-07-02,1560.0,1580.0,1470.0,1560.0,321.32452392578125,83831500,0.0,0.0,yfinance_raw_daily
2012-07-03,1550.0,1580.0,1530.0,1550.0,319.2647705078125,16850500,0.0,0.0,yfinance_raw_daily
2012-07-04,1620.0,1630.0,1570.0,1620.0,333.6831970214844,60954500,0.0,0.0,yfinance_raw_daily
2012-07-05,1590.0,1620.0,1580.0,1590.0,327.5038757324219,18754000,0.0,0.0,yfinance_raw_daily
2012-07-06,1570.0,1610.0,1570.0,1570.0,323.38433837890625,16060000,0.0,0.0,yfinance_raw_daily
2012-07-09,1480.0,1560.0,1460.0,1480.0,304.8463134765625,48719500,0.0,0.0,yfinance_raw_daily
2012-07-10,1440.0,1490.0,1410.0,1440.0,296.6072692871094,68137500,0.0,0.0,yfinance_raw_daily
2012-07-11,1420.0,1440.0,1410.0,1420.0,292.48779296875,39715000,0.0,0.0,yfinance_raw_daily
2012-07-12,1370.0,1420.0,1350.0,1370.0,282.1888427734375,63770500,0.0,0.0,yfinance_raw_daily
2012-07-13,1380.0,1410.0,1360.0,1380.0,284.2486267089844,38238000,0.0,0.0,yfinance_raw_daily
2012-07-16,1420.0,1440.0,1400.0,1420.0,292.48779296875,36429500,0.0,0.0,yfinance_raw_daily
2012-07-17,1420.0,1440.0,1410.0,1420.0,292.48779296875,22893000,0.0,0.0,yfinance_raw_daily
2012-07-18,1410.0,1420.0,1380.0,1410.0,290.4280090332031,23087000,0.0,0.0,yfinance_raw_daily
2012-07-19,1420.0,1440.0,1410.0,1420.0,292.48779296875,28631000,0.0,0.0,yfinance_raw_daily
2012-07-20,1420.0,1440.0,1410.0,1420.0,292.48779296875,14567000,0.0,0.0,yfinance_raw_daily
2012-07-23,1370.0,1390.0,1350.0,1370.0,282.1888427734375,28499500,0.0,0.0,yfinance_raw_daily
2012-07-24,1360.0,1390.0,1350.0,1360.0,280.1290283203125,21293500,0.0,0.0,yfinance_raw_daily
2012-07-25,1350.0,1360.0,1320.0,1350.0,278.0692443847656,23909000,0.0,0.0,yfinance_raw_daily
2012-07-26,1360.0,1370.0,1340.0,1360.0,280.1290283203125,12817000,0.0,0.0,yfinance_raw_daily
2012-07-27,1430.0,1440.0,1380.0,1430.0,294.5475769042969,62213000,0.0,0.0,yfinance_raw_daily
2012-07-30,1440.0,1480.0,1430.0,1440.0,296.6072692871094,55120500,0.0,0.0,yfinance_raw_daily
2012-07-31,1460.0,1470.0,1440.0,1460.0,300.7268371582031,42015500,0.0,0.0,yfinance_raw_daily
2012-08-01,1510.0,1520.0,1450.0,1510.0,311.0257263183594,54558000,0.0,0.0,yfinance_raw_daily
2012-08-02,1520.0,1530.0,1490.0,1520.0,313.0854797363281,42429000,0.0,0.0,yfinance_raw_daily
2012-08-03,1520.0,1530.0,1490.0,1520.0,313.0854797363281,22554000,0.0,0.0,yfinance_raw_daily
2012-08-06,1590.0,1610.0,1540.0,1590.0,327.5038757324219,59450500,0.0,0.0,yfinance_raw_daily
2012-08-07,1550.0,1600.0,1520.0,1550.0,319.2647705078125,30254000,0.0,0.0,yfinance_raw_daily
2012-08-08,1500.0,1580.0,1490.0,1500.0,308.96588134765625,20991000,0.0,0.0,yfinance_raw_daily
2012-08-09,1540.0,1540.0,1500.0,1540.0,317.20501708984375,12013500,0.0,0.0,yfinance_raw_daily
2012-08-10,1560.0,1570.0,1530.0,1560.0,321.32452392578125,39163500,0.0,0.0,yfinance_raw_daily
2012-08-13,1520.0,1580.0,1510.0,1520.0,313.0854797363281,12486000,0.0,0.0,yfinance_raw_daily
2012-08-14,1540.0,1560.0,1510.0,1540.0,317.20501708984375,10851000,0.0,0.0,yfinance_raw_daily
2012-08-15,1570.0,1570.0,1530.0,1570.0,323.38433837890625,18088000,0.0,0.0,yfinance_raw_daily
2012-08-16,1520.0,1570.0,1500.0,1520.0,313.0854797363281,26997500,0.0,0.0,yfinance_raw_daily
2012-08-23,1450.0,1530.0,1440.0,1450.0,298.66705322265625,59763500,0.0,0.0,yfinance_raw_daily
2012-08-24,1410.0,1430.0,1400.0,1410.0,290.4280090332031,30720500,0.0,0.0,yfinance_raw_daily
2012-08-27,1430.0,1450.0,1410.0,1430.0,294.5475769042969,10113500,0.0,0.0,yfinance_raw_daily
2012-08-28,1400.0,1430.0,1390.0,1400.0,288.3681945800781,31933500,0.0,0.0,yfinance_raw_daily
2012-08-29,1360.0,1420.0,1350.0,1360.0,280.1290283203125,34063000,0.0,0.0,yfinance_raw_daily
2012-08-30,1350.0,1380.0,1340.0,1350.0,278.0692443847656,21028000,0.0,0.0,yfinance_raw_daily
2012-08-31,1370.0,1390.0,1330.0,1370.0,282.1888427734375,28363500,0.0,0.0,yfinance_raw_daily
2012-09-03,1390.0,1410.0,1370.0,1390.0,286.3084411621094,16031500,0.0,0.0,yfinance_raw_daily
2012-09-04,1380.0,1410.0,1380.0,1380.0,284.2486267089844,13050500,0.0,0.0,yfinance_raw_daily
2012-09-05,1360.0,1390.0,1350.0,1360.0,280.1290283203125,12393000,0.0,0.0,yfinance_raw_daily
2012-09-06,1360.0,1380.0,1360.0,1360.0,280.1290283203125,10780500,0.0,0.0,yfinance_raw_daily
2012-09-07,1400.0,1400.0,1370.0,1400.0,288.3681945800781,27919500,0.0,0.0,yfinance_raw_daily
2012-09-10,1430.0,1430.0,1400.0,1430.0,294.5475769042969,38263500,0.0,0.0,yfinance_raw_daily
2012-09-11,1440.0,1450.0,1410.0,1440.0,296.6072692871094,18441500,0.0,0.0,yfinance_raw_daily
2012-09-12,1500.0,1500.0,1450.0,1500.0,308.96588134765625,31362500,0.0,0.0,yfinance_raw_daily
2012-09-13,1510.0,1540.0,1490.0,1510.0,311.0257263183594,29573000,0.0,0.0,yfinance_raw_daily
2012-09-14,1590.0,1600.0,1540.0,1590.0,327.5038757324219,93272000,0.0,0.0,yfinance_raw_daily
2012-09-17,1590.0,1610.0,1580.0,1590.0,327.5038757324219,40501000,0.0,0.0,yfinance_raw_daily
2012-09-18,1550.0,1600.0,1530.0,1550.0,319.2647705078125,21649000,0.0,0.0,yfinance_raw_daily
2012-09-19,1570.0,1580.0,1530.0,1570.0,323.38433837890625,28420500,0.0,0.0,yfinance_raw_daily
2012-09-20,1530.0,1560.0,1510.0,1530.0,315.145263671875,17571000,0.0,0.0,yfinance_raw_daily
2012-09-21,1550.0,1550.0,1480.0,1550.0,319.2647705078125,35449500,0.0,0.0,yfinance_raw_daily
2012-09-24,1480.0,1530.0,1470.0,1480.0,304.8463134765625,25863500,0.0,0.0,yfinance_raw_daily
2012-09-25,1500.0,1510.0,1460.0,1500.0,308.96588134765625,14302000,0.0,0.0,yfinance_raw_daily
2012-09-26,1490.0,1510.0,1450.0,1490.0,306.90618896484375,20913000,0.0,0.0,yfinance_raw_daily
2012-09-27,1490.0,1510.0,1480.0,1490.0,306.90618896484375,14681000,0.0,0.0,yfinance_raw_daily
2012-09-28,1500.0,1510.0,1480.0,1500.0,308.96588134765625,13266000,0.0,0.0,yfinance_raw_daily
2012-10-01,1480.0,1490.0,1470.0,1480.0,304.8463134765625,29481500,0.0,0.0,yfinance_raw_daily
2012-10-02,1480.0,1490.0,1470.0,1480.0,304.8463134765625,24147500,0.0,0.0,yfinance_raw_daily
2012-10-03,1450.0,1480.0,1450.0,1450.0,298.66705322265625,16020500,0.0,0.0,yfinance_raw_daily
2012-10-04,1430.0,1460.0,1420.0,1430.0,294.5475769042969,25461500,0.0,0.0,yfinance_raw_daily
2012-10-05,1460.0,1490.0,1440.0,1460.0,300.7268371582031,51320000,0.0,0.0,yfinance_raw_daily
2012-10-08,1440.0,1470.0,1420.0,1440.0,296.6072692871094,22742500,0.0,0.0,yfinance_raw_daily
2012-10-09,1440.0,1460.0,1430.0,1440.0,296.6072692871094,13065000,0.0,0.0,yfinance_raw_daily
2012-10-10,1440.0,1450.0,1420.0,1440.0,296.6072692871094,31026000,0.0,0.0,yfinance_raw_daily
2012-10-11,1420.0,1440.0,1410.0,1420.0,292.48779296875,26781000,0.0,0.0,yfinance_raw_daily
2012-10-12,1410.0,1430.0,1400.0,1410.0,290.4280090332031,55424000,0.0,0.0,yfinance_raw_daily
2012-10-15,1390.0,1410.0,1390.0,1390.0,286.3084411621094,22052000,0.0,0.0,yfinance_raw_daily
2012-10-16,1400.0,1410.0,1390.0,1400.0,288.3681945800781,11237000,0.0,0.0,yfinance_raw_daily
2012-10-17,1410.0,1420.0,1390.0,1410.0,290.4280090332031,51201500,0.0,0.0,yfinance_raw_daily
2012-10-18,1390.0,1420.0,1390.0,1390.0,286.3084411621094,31075500,0.0,0.0,yfinance_raw_daily
2012-10-19,1350.0,1400.0,1350.0,1350.0,278.0692443847656,39841500,0.0,0.0,yfinance_raw_daily
2012-10-22,1400.0,1410.0,1340.0,1400.0,288.3681945800781,34376000,0.0,0.0,yfinance_raw_daily
2012-10-23,1410.0,1430.0,1400.0,1410.0,290.4280090332031,35578500,0.0,0.0,yfinance_raw_daily
2012-10-24,1390.0,1450.0,1390.0,1390.0,286.3084411621094,49181500,0.0,0.0,yfinance_raw_daily
2012-10-25,1400.0,1410.0,1390.0,1400.0,288.3681945800781,35943000,0.0,0.0,yfinance_raw_daily
2012-10-29,1390.0,1400.0,1370.0,1390.0,286.3084411621094,16549500,0.0,0.0,yfinance_raw_daily
2012-10-30,1380.0,1390.0,1370.0,1380.0,284.2486267089844,17817500,0.0,0.0,yfinance_raw_daily
2012-10-31,1370.0,1380.0,1350.0,1370.0,282.1888427734375,24421500,0.0,0.0,yfinance_raw_daily
2012-11-01,1370.0,1370.0,1330.0,1370.0,282.1888427734375,36026000,0.0,0.0,yfinance_raw_daily
2012-11-02,1370.0,1380.0,1360.0,1370.0,282.1888427734375,20681500,0.0,0.0,yfinance_raw_daily
2012-11-05,1350.0,1380.0,1340.0,1350.0,278.0692443847656,15685000,0.0,0.0,yfinance_raw_daily
2012-11-06,1390.0,1400.0,1350.0,1390.0,286.3084411621094,33661500,0.0,0.0,yfinance_raw_daily
2012-11-07,1410.0,1410.0,1370.0,1410.0,290.4280090332031,27636500,0.0,0.0,yfinance_raw_daily
2012-11-08,1390.0,1390.0,1360.0,1390.0,286.3084411621094,30285500,0.0,0.0,yfinance_raw_daily
2012-11-09,1410.0,1410.0,1370.0,1410.0,290.4280090332031,46918000,0.0,0.0,yfinance_raw_daily
2012-11-12,1420.0,1430.0,1400.0,1420.0,292.48779296875,30682000,0.0,0.0,yfinance_raw_daily
2012-11-13,1420.0,1420.0,1400.0,1420.0,292.48779296875,17481000,0.0,0.0,yfinance_raw_daily
2012-11-14,1430.0,1430.0,1410.0,1430.0,294.5475769042969,29316500,0.0,0.0,yfinance_raw_daily
2012-11-19,1400.0,1430.0,1380.0,1400.0,288.3681945800781,24201500,0.0,0.0,yfinance_raw_daily
2012-11-20,1390.0,1410.0,1370.0,1390.0,286.3084411621094,8179000,0.0,0.0,yfinance_raw_daily
2012-11-21,1380.0,1390.0,1360.0,1380.0,284.2486267089844,12517000,0.0,0.0,yfinance_raw_daily
2012-11-22,1370.0,1390.0,1360.0,1370.0,282.1888427734375,10829500,0.0,0.0,yfinance_raw_daily
2012-11-23,1350.0,1370.0,1340.0,1350.0,278.0692443847656,41075000,0.0,0.0,yfinance_raw_daily
2012-11-26,1350.0,1370.0,1350.0,1350.0,278.0692443847656,12765000,0.0,0.0,yfinance_raw_daily
2012-11-27,1360.0,1370.0,1350.0,1360.0,280.1290283203125,14342000,0.0,0.0,yfinance_raw_daily
2012-11-28,1390.0,1390.0,1330.0,1390.0,286.3084411621094,23975500,0.0,0.0,yfinance_raw_daily
2012-11-29,1350.0,1380.0,1340.0,1350.0,278.0692443847656,28261000,0.0,0.0,yfinance_raw_daily
2012-11-30,1340.0,1370.0,1320.0,1340.0,276.0096130371094,40139000,0.0,0.0,yfinance_raw_daily
2012-12-03,1320.0,1340.0,1320.0,1320.0,271.88995361328125,11559000,0.0,0.0,yfinance_raw_daily
2012-12-04,1340.0,1340.0,1320.0,1340.0,276.0096130371094,15767500,0.0,0.0,yfinance_raw_daily
2012-12-05,1370.0,1370.0,1340.0,1370.0,282.1888427734375,11186500,0.0,0.0,yfinance_raw_daily
2012-12-06,1370.0,1390.0,1360.0,1370.0,282.1888427734375,14106500,0.0,0.0,yfinance_raw_daily
2012-12-07,1380.0,1400.0,1370.0,1380.0,284.2486267089844,18647000,0.0,0.0,yfinance_raw_daily
2012-12-10,1390.0,1390.0,1370.0,1390.0,286.3084411621094,15562500,0.0,0.0,yfinance_raw_daily
2012-12-11,1410.0,1420.0,1390.0,1410.0,290.4280090332031,39457000,0.0,0.0,yfinance_raw_daily
2012-12-12,1460.0,1470.0,1410.0,1460.0,300.7268371582031,82423000,0.0,0.0,yfinance_raw_daily
2012-12-13,1600.0,1610.0,1450.0,1600.0,329.5635986328125,190137000,0.0,0.0,yfinance_raw_daily
2012-12-14,1570.0,1610.0,1570.0,1570.0,323.38433837890625,43184500,0.0,0.0,yfinance_raw_daily
2012-12-17,1590.0,1600.0,1570.0,1590.0,327.5038757324219,42017000,0.0,0.0,yfinance_raw_daily
2012-12-18,1590.0,1600.0,1570.0,1590.0,327.5038757324219,25817500,0.0,0.0,yfinance_raw_daily
2012-12-19,1580.0,1600.0,1570.0,1580.0,325.4441223144531,46906500,0.0,0.0,yfinance_raw_daily
2012-12-20,1560.0,1590.0,1540.0,1560.0,321.32452392578125,23444500,0.0,0.0,yfinance_raw_daily
2012-12-21,1570.0,1580.0,1530.0,1570.0,323.38433837890625,24717000,0.0,0.0,yfinance_raw_daily
2012-12-26,1600.0,1600.0,1540.0,1600.0,329.5635986328125,3,0.0,0.0,yfinance_raw_daily
2012-12-27,1590.0,1600.0,1570.0,1590.0,329.6984558105469,33927000,10.65,0.0,yfinance_raw_daily
2012-12-28,1590.0,1600.0,1560.0,1590.0,329.6984558105469,44349000,0.0,0.0,yfinance_raw_daily
2013-01-02,1740.0,1770.0,1590.0,1740.0,360.8020935058594,130372500,0.0,0.0,yfinance_raw_daily
2013-01-03,1750.0,1770.0,1720.0,1750.0,362.8756408691406,58691000,0.0,0.0,yfinance_raw_daily
2013-01-04,1750.0,1760.0,1720.0,1750.0,362.8756408691406,32858500,0.0,0.0,yfinance_raw_daily
2013-01-07,1730.0,1760.0,1730.0,1730.0,358.72845458984375,30576000,0.0,0.0,yfinance_raw_daily
2013-01-08,1740.0,1750.0,1700.0,1740.0,360.8020935058594,25363500,0.0,0.0,yfinance_raw_daily
2013-01-09,1730.0,1760.0,1710.0,1730.0,358.72845458984375,26700500,0.0,0.0,yfinance_raw_daily
2013-01-10,1750.0,1750.0,1730.0,1750.0,362.8756408691406,19393500,0.0,0.0,yfinance_raw_daily
2013-01-11,1660.0,1750.0,1650.0,1660.0,344.21343994140625,30678500,0.0,0.0,yfinance_raw_daily
2013-01-14,1690.0,1700.0,1620.0,1690.0,350.4340515136719,24776500,0.0,0.0,yfinance_raw_daily
2013-01-15,1690.0,1720.0,1670.0,1690.0,350.4340515136719,23204500,0.0,0.0,yfinance_raw_daily
2013-01-16,1700.0,1700.0,1660.0,1700.0,352.5078125,15075000,0.0,0.0,yfinance_raw_daily
2013-01-17,1670.0,1710.0,1660.0,1670.0,346.2869567871094,13231500,0.0,0.0,yfinance_raw_daily
2013-01-18,1690.0,1690.0,1670.0,1690.0,350.4340515136719,29510500,0.0,0.0,yfinance_raw_daily
2013-01-21,1650.0,1700.0,1620.0,1650.0,342.139892578125,33797000,0.0,0.0,yfinance_raw_daily
2013-01-22,1620.0,1660.0,1610.0,1620.0,335.9191589355469,21991500,0.0,0.0,yfinance_raw_daily
2013-01-23,1630.0,1650.0,1610.0,1630.0,337.9927062988281,13496500,0.0,0.0,yfinance_raw_daily
2013-01-25,1700.0,1700.0,1640.0,1700.0,352.5078125,42730000,0.0,0.0,yfinance_raw_daily
2013-01-28,1670.0,1730.0,1670.0,1670.0,346.2869567871094,18914500,0.0,0.0,yfinance_raw_daily
2013-01-29,1680.0,1700.0,1660.0,1680.0,348.36065673828125,14673500,0.0,0.0,yfinance_raw_daily
2013-01-30,1680.0,1700.0,1670.0,1680.0,348.36065673828125,10102000,0.0,0.0,yfinance_raw_daily
2013-01-31,1650.0,1680.0,1630.0,1650.0,342.139892578125,27783500,0.0,0.0,yfinance_raw_daily
2013-02-01,1640.0,1680.0,1630.0,1640.0,340.0662841796875,24022000,0.0,0.0,yfinance_raw_daily
2013-02-04,1610.0,1680.0,1610.0,1610.0,333.8455505371094,42032500,0.0,0.0,yfinance_raw_daily
2013-02-05,1570.0,1610.0,1550.0,1570.0,325.5513000488281,62716000,0.0,0.0,yfinance_raw_daily
2013-02-06,1600.0,1610.0,1580.0,1600.0,331.77197265625,36558000,0.0,0.0,yfinance_raw_daily
2013-02-07,1570.0,1600.0,1560.0,1570.0,325.5513000488281,33070000,0.0,0.0,yfinance_raw_daily
2013-02-08,1570.0,1580.0,1560.0,1570.0,325.5513000488281,18423500,0.0,0.0,yfinance_raw_daily
2013-02-11,1570.0,1590.0,1570.0,1570.0,325.5513000488281,9909000,0.0,0.0,yfinance_raw_daily
2013-02-12,1580.0,1590.0,1570.0,1580.0,327.6249084472656,24189000,0.0,0.0,yfinance_raw_daily
2013-02-13,1600.0,1610.0,1580.0,1600.0,331.77197265625,30272500,0.0,0.0,yfinance_raw_daily
2013-02-14,1630.0,1640.0,1610.0,1630.0,337.9927062988281,22945000,0.0,0.0,yfinance_raw_daily
2013-02-15,1630.0,1650.0,1600.0,1630.0,337.9927062988281,18592000,0.0,0.0,yfinance_raw_daily
2013-02-18,1620.0,1640.0,1610.0,1620.0,335.9191589355469,9439000,0.0,0.0,yfinance_raw_daily
2013-02-19,1590.0,1630.0,1560.0,1590.0,329.6984558105469,26637000,0.0,0.0,yfinance_raw_daily
2013-02-20,1600.0,1610.0,1580.0,1600.0,331.77197265625,20425500,0.0,0.0,yfinance_raw_daily
2013-02-21,1580.0,1600.0,1570.0,1580.0,327.6249084472656,17820500,0.0,0.0,yfinance_raw_daily
2013-02-22,1580.0,1580.0,1550.0,1580.0,327.6249084472656,31198500,0.0,0.0,yfinance_raw_daily
2013-02-25,1600.0,1600.0,1560.0,1600.0,331.77197265625,23789500,0.0,0.0,yfinance_raw_daily
2013-02-26,1560.0,1590.0,1550.0,1560.0,323.4776611328125,25453500,0.0,0.0,yfinance_raw_daily
2013-02-27,1600.0,1610.0,1570.0,1600.0,331.77197265625,25651000,0.0,0.0,yfinance_raw_daily
2013-02-28,1570.0,1620.0,1570.0,1570.0,325.5513000488281,25641500,0.0,0.0,yfinance_raw_daily
2013-03-01,1560.0,1580.0,1560.0,1560.0,323.4776611328125,19542500,0.0,0.0,yfinance_raw_daily
2013-03-04,1560.0,1560.0,1560.0,1560.0,323.4776611328125,0,0.0,0.0,yfinance_raw_daily
2013-03-05,1500.0,1530.0,1500.0,1500.0,311.0362548828125,13554000,0.0,0.0,yfinance_raw_daily
2013-03-06,1550.0,1550.0,1510.0,1550.0,321.4041442871094,26614500,0.0,0.0,yfinance_raw_daily
2013-03-07,1530.0,1570.0,1520.0,1530.0,317.25701904296875,27057000,0.0,0.0,yfinance_raw_daily
2013-03-08,1540.0,1550.0,1530.0,1540.0,319.33050537109375,14379500,0.0,0.0,yfinance_raw_daily
2013-03-11,1540.0,1550.0,1520.0,1540.0,319.33050537109375,17496000,0.0,0.0,yfinance_raw_daily
2013-03-13,1510.0,1550.0,1500.0,1510.0,313.10986328125,16107000,0.0,0.0,yfinance_raw_daily
2013-03-14,1510.0,1530.0,1480.0,1490.0,308.9626770019531,30646000,0.0,0.0,yfinance_raw_daily
2013-03-15,1500.0,1540.0,1490.0,1540.0,319.33050537109375,28878000,0.0,0.0,yfinance_raw_daily
2013-03-18,1540.0,1540.0,1490.0,1490.0,308.9626770019531,20980000,0.0,0.0,yfinance_raw_daily
2013-03-19,1480.0,1500.0,1450.0,1460.0,302.741943359375,51938000,0.0,0.0,yfinance_raw_daily
2013-03-20,1460.0,1460.0,1390.0,1400.0,290.300537109375,92537500,0.0,0.0,yfinance_raw_daily
2013-03-21,1390.0,1400.0,1330.0,1350.0,279.93255615234375,102445500,0.0,0.0,yfinance_raw_daily
2013-03-22,1350.0,1370.0,1250.0,1290.0,267.4912109375,116757500,0.0,0.0,yfinance_raw_daily
2013-03-25,1300.0,1320.0,1260.0,1260.0,261.2704162597656,57153500,0.0,0.0,yfinance_raw_daily
2013-03-26,1270.0,1300.0,1260.0,1290.0,267.4912109375,63259000,0.0,0.0,yfinance_raw_daily
2013-03-27,1290.0,1320.0,1280.0,1310.0,271.63824462890625,46759500,0.0,0.0,yfinance_raw_daily
2013-03-28,1310.0,1310.0,1290.0,1310.0,271.63824462890625,27850500,0.0,0.0,yfinance_raw_daily
2013-04-01,1310.0,1310.0,1290.0,1300.0,269.5647277832031,20849000,0.0,0.0,yfinance_raw_daily
2013-04-02,1300.0,1340.0,1300.0,1320.0,273.7118835449219,59945000,0.0,0.0,yfinance_raw_daily
2013-04-03,1330.0,1370.0,1310.0,1320.0,273.7118835449219,59945000,0.0,0.0,yfinance_raw_daily
2013-04-04,1310.0,1330.0,1290.0,1300.0,269.5647277832031,51404500,0.0,0.0,yfinance_raw_daily
2013-04-05,1300.0,1310.0,1280.0,1290.0,267.4912109375,33838500,0.0,0.0,yfinance_raw_daily
2013-04-08,1280.0,1290.0,1270.0,1270.0,263.343994140625,20485500,0.0,0.0,yfinance_raw_daily
2013-04-09,1290.0,1290.0,1260.0,1260.0,261.2704162597656,23728500,0.0,0.0,yfinance_raw_daily
2013-04-10,1270.0,1300.0,1270.0,1280.0,265.41754150390625,26053000,0.0,0.0,yfinance_raw_daily
2013-04-11,1280.0,1300.0,1280.0,1290.0,267.4912109375,18346000,0.0,0.0,yfinance_raw_daily
2013-04-12,1280.0,1300.0,1280.0,1290.0,267.4912109375,14572000,0.0,0.0,yfinance_raw_daily
2013-04-15,1280.0,1290.0,1270.0,1270.0,263.343994140625,23552000,0.0,0.0,yfinance_raw_daily
2013-04-16,1270.0,1270.0,1250.0,1250.0,259.1968994140625,40399000,0.0,0.0,yfinance_raw_daily
2013-04-17,1270.0,1280.0,1260.0,1270.0,263.343994140625,13265500,0.0,0.0,yfinance_raw_daily
2013-04-18,1260.0,1280.0,1260.0,1280.0,265.41754150390625,17757500,0.0,0.0,yfinance_raw_daily
2013-04-19,1270.0,1280.0,1250.0,1260.0,261.2704162597656,18617500,0.0,0.0,yfinance_raw_daily
2013-04-22,1270.0,1270.0,1230.0,1230.0,255.04974365234375,30045000,0.0,0.0,yfinance_raw_daily
2013-04-23,1230.0,1230.0,1230.0,1230.0,255.04974365234375,0,0.0,0.0,yfinance_raw_daily
2013-04-24,1240.0,1250.0,1220.0,1240.0,257.123291015625,18974000,0.0,0.0,yfinance_raw_daily
2013-04-25,1250.0,1250.0,1220.0,1220.0,252.9761505126953,13876500,0.0,0.0,yfinance_raw_daily
2013-04-26,1240.0,1250.0,1230.0,1230.0,255.04974365234375,16257000,0.0,0.0,yfinance_raw_daily
2013-04-29,1240.0,1240.0,1210.0,1230.0,255.04974365234375,10470000,0.0,0.0,yfinance_raw_daily
2013-04-30,1240.0,1240.0,1190.0,1230.0,255.04974365234375,38605000,0.0,0.0,yfinance_raw_daily
2013-05-01,1200.0,1210.0,1190.0,1200.0,248.8290557861328,21442500,0.0,0.0,yfinance_raw_daily
2013-05-02,1190.0,1210.0,1180.0,1200.0,248.8290557861328,18867000,0.0,0.0,yfinance_raw_daily
2013-05-03,1190.0,1220.0,1190.0,1200.0,248.8290557861328,18527500,0.0,0.0,yfinance_raw_daily
2013-05-06,1190.0,1210.0,1190.0,1200.0,248.8290557861328,14354000,0.0,0.0,yfinance_raw_daily
2013-05-07,1210.0,1220.0,1200.0,1210.0,250.9025421142578,5946500,0.0,0.0,yfinance_raw_daily
2013-05-08,1210.0,1220.0,1200.0,1200.0,248.8290557861328,10165500,0.0,0.0,yfinance_raw_daily
2013-05-10,1210.0,1240.0,1190.0,1190.0,246.75537109375,45520500,0.0,0.0,yfinance_raw_daily
2013-05-13,1200.0,1200.0,1160.0,1170.0,242.6083221435547,27623000,0.0,0.0,yfinance_raw_daily
2013-05-14,1160.0,1170.0,1120.0,1150.0,238.46116638183594,27197500,0.0,0.0,yfinance_raw_daily
2013-05-15,1090.0,1150.0,1090.0,1090.0,226.0196533203125,59765500,0.0,0.0,yfinance_raw_daily
2013-05-16,1100.0,1100.0,1030.0,1050.0,217.72537231445312,90777000,0.0,0.0,yfinance_raw_daily
2013-05-17,1060.0,1110.0,1040.0,1100.0,228.09323120117188,105196000,0.0,0.0,yfinance_raw_daily
2013-05-20,1120.0,1140.0,1100.0,1120.0,232.24038696289062,144693000,0.0,0.0,yfinance_raw_daily
2013-05-21,1120.0,1130.0,1080.0,1110.0,230.1668701171875,28506500,0.0,0.0,yfinance_raw_daily
2013-05-22,1110.0,1130.0,1090.0,1110.0,230.1668701171875,28572500,0.0,0.0,yfinance_raw_daily
2013-05-23,1110.0,1110.0,1060.0,1060.0,219.79893493652344,34947500,0.0,0.0,yfinance_raw_daily
2013-05-24,1070.0,1090.0,1060.0,1070.0,221.87252807617188,39221000,0.0,0.0,yfinance_raw_daily
2013-05-27,1080.0,1080.0,1020.0,1030.0,213.57827758789062,52824000,0.0,0.0,yfinance_raw_daily
2013-05-28,1040.0,1050.0,1020.0,1030.0,213.57827758789062,30024500,0.0,0.0,yfinance_raw_daily
2013-05-29,1030.0,1030.0,990.0,990.0,205.28395080566406,62269000,0.0,0.0,yfinance_raw_daily
2013-05-30,970.0,970.0,940.0,950.0,199.4801025390625,91429000,12.36,0.0,yfinance_raw_daily
2013-05-31,950.0,960.0,920.0,930.0,195.28048706054688,59865500,0.0,0.0,yfinance_raw_daily
2013-06-03,930.0,930.0,880.0,890.0,186.88133239746094,60748500,0.0,0.0,yfinance_raw_daily
2013-06-04,890.0,930.0,880.0,910.0,191.0809326171875,71171500,0.0,0.0,yfinance_raw_daily
2013-06-05,910.0,910.0,880.0,910.0,191.0809326171875,63599000,0.0,0.0,yfinance_raw_daily
2013-06-07,840.0,910.0,840.0,840.0,176.38241577148438,94202500,0.0,0.0,yfinance_raw_daily
2013-06-10,860.0,880.0,840.0,860.0,180.5819854736328,67584500,0.0,0.0,yfinance_raw_daily
2013-06-11,820.0,890.0,810.0,820.0,172.18283081054688,62634000,0.0,0.0,yfinance_raw_daily
2013-06-12,810.0,850.0,800.0,830.0,174.28260803222656,44827500,0.0,0.0,yfinance_raw_daily
2013-06-13,840.0,840.0,810.0,830.0,174.28260803222656,35650000,0.0,0.0,yfinance_raw_daily
2013-06-14,850.0,890.0,840.0,840.0,176.38241577148438,46196000,0.0,0.0,yfinance_raw_daily
2013-06-17,840.0,880.0,840.0,850.0,178.48223876953125,37682000,0.0,0.0,yfinance_raw_daily
2013-06-18,850.0,870.0,850.0,850.0,178.48223876953125,17938500,0.0,0.0,yfinance_raw_daily
2013-06-19,810.0,870.0,810.0,810.0,170.08303833007812,50245000,0.0,0.0,yfinance_raw_daily
2013-06-20,800.0,810.0,770.0,790.0,165.8834686279297,48868500,0.0,0.0,yfinance_raw_daily
2013-06-21,760.0,840.0,750.0,830.0,174.28260803222656,3,0.0,0.0,yfinance_raw_daily
2013-06-24,770.0,830.0,770.0,770.0,161.68385314941406,30587000,0.0,0.0,yfinance_raw_daily
2013-06-25,800.0,810.0,760.0,770.0,161.68385314941406,42445500,0.0,0.0,yfinance_raw_daily
2013-06-26,780.0,820.0,770.0,810.0,170.08303833007812,48878500,0.0,0.0,yfinance_raw_daily
2013-06-27,820.0,830.0,790.0,800.0,167.98321533203125,37839000,0.0,0.0,yfinance_raw_daily
2013-06-28,810.0,860.0,800.0,860.0,180.5819854736328,3,0.0,0.0,yfinance_raw_daily
2013-07-01,850.0,860.0,820.0,830.0,174.28260803222656,19247500,0.0,0.0,yfinance_raw_daily
2013-07-02,830.0,840.0,790.0,800.0,167.98321533203125,34576000,0.0,0.0,yfinance_raw_daily
2013-07-03,810.0,810.0,760.0,770.0,161.68385314941406,35674500,0.0,0.0,yfinance_raw_daily
2013-07-04,770.0,810.0,770.0,770.0,161.68385314941406,45627500,0.0,0.0,yfinance_raw_daily
2013-07-05,780.0,790.0,770.0,790.0,165.8834686279297,16613000,0.0,0.0,yfinance_raw_daily
2013-07-08,780.0,780.0,760.0,760.0,159.5841064453125,35096500,0.0,0.0,yfinance_raw_daily
2013-07-09,770.0,770.0,740.0,740.0,155.38449096679688,36870500,0.0,0.0,yfinance_raw_daily
2013-07-10,750.0,760.0,720.0,720.0,151.18492126464844,67419500,0.0,0.0,yfinance_raw_daily
2013-07-11,720.0,750.0,690.0,700.0,146.98533630371094,111759500,0.0,0.0,yfinance_raw_daily
2013-07-12,700.0,720.0,690.0,710.0,149.08514404296875,76561000,0.0,0.0,yfinance_raw_daily
2013-07-15,700.0,710.0,680.0,700.0,146.98533630371094,31478500,0.0,0.0,yfinance_raw_daily
2013-07-16,700.0,710.0,680.0,690.0,144.88552856445312,36937500,0.0,0.0,yfinance_raw_daily
2013-07-17,690.0,720.0,670.0,700.0,146.98533630371094,148299500,0.0,0.0,yfinance_raw_daily
2013-07-18,710.0,740.0,700.0,710.0,149.08514404296875,100922500,0.0,0.0,yfinance_raw_daily
2013-07-19,710.0,720.0,700.0,700.0,146.98533630371094,38248000,0.0,0.0,yfinance_raw_daily
2013-07-22,710.0,710.0,690.0,700.0,146.98533630371094,32912000,0.0,0.0,yfinance_raw_daily
2013-07-23,710.0,720.0,700.0,710.0,149.08514404296875,35666500,0.0,0.0,yfinance_raw_daily
2013-07-24,710.0,720.0,700.0,720.0,151.18492126464844,45503000,0.0,0.0,yfinance_raw_daily
2013-07-25,720.0,730.0,700.0,710.0,149.08514404296875,45067500,0.0,0.0,yfinance_raw_daily
2013-07-26,710.0,720.0,700.0,710.0,149.08514404296875,51177000,0.0,0.0,yfinance_raw_daily
2013-07-29,700.0,710.0,690.0,700.0,146.98533630371094,33166000,0.0,0.0,yfinance_raw_daily
2013-07-30,700.0,710.0,690.0,710.0,149.08514404296875,19036000,0.0,0.0,yfinance_raw_daily
2013-07-31,710.0,720.0,690.0,700.0,146.98533630371094,31178000,0.0,0.0,yfinance_raw_daily
2013-08-01,700.0,700.0,660.0,680.0,142.78573608398438,46021500,0.0,0.0,yfinance_raw_daily
2013-08-02,690.0,690.0,640.0,650.0,136.4864044189453,54198500,0.0,0.0,yfinance_raw_daily
2013-08-12,660.0,800.0,660.0,770.0,161.68385314941406,185014000,0.0,0.0,yfinance_raw_daily
2013-08-13,780.0,820.0,750.0,790.0,165.8834686279297,178818000,0.0,0.0,yfinance_raw_daily
2013-08-14,790.0,790.0,750.0,770.0,161.68385314941406,61834000,0.0,0.0,yfinance_raw_daily
2013-08-15,760.0,790.0,760.0,790.0,165.8834686279297,40791500,0.0,0.0,yfinance_raw_daily
2013-08-16,780.0,820.0,760.0,800.0,167.98321533203125,122089000,0.0,0.0,yfinance_raw_daily
2013-08-19,790.0,790.0,730.0,740.0,155.38449096679688,107506000,0.0,0.0,yfinance_raw_daily
2013-08-20,720.0,720.0,660.0,710.0,149.08514404296875,99389000,0.0,0.0,yfinance_raw_daily
2013-08-21,710.0,740.0,710.0,720.0,151.18492126464844,34498000,0.0,0.0,yfinance_raw_daily
2013-08-22,720.0,850.0,690.0,850.0,178.48223876953125,154408000,0.0,0.0,yfinance_raw_daily
2013-08-23,850.0,870.0,820.0,850.0,178.48223876953125,92132000,0.0,0.0,yfinance_raw_daily
2013-08-26,850.0,890.0,850.0,870.0,182.68179321289062,44662000,0.0,0.0,yfinance_raw_daily
2013-08-27,850.0,880.0,820.0,860.0,180.5819854736328,89759000,0.0,0.0,yfinance_raw_daily
2013-08-28,830.0,880.0,820.0,870.0,182.68179321289062,81057000,0.0,0.0,yfinance_raw_daily
2013-08-29,880.0,920.0,860.0,910.0,191.0809326171875,97184000,0.0,0.0,yfinance_raw_daily
2013-08-30,920.0,940.0,890.0,930.0,195.28048706054688,119321500,0.0,0.0,yfinance_raw_daily
2013-09-02,920.0,980.0,910.0,960.0,201.5799102783203,96341500,0.0,0.0,yfinance_raw_daily
2013-09-03,970.0,1000.0,960.0,970.0,203.67967224121094,156405500,0.0,0.0,yfinance_raw_daily
2013-09-04,970.0,1000.0,950.0,960.0,201.5799102783203,132030000,0.0,0.0,yfinance_raw_daily
2013-09-05,960.0,990.0,940.0,990.0,207.87928771972656,68827504,0.0,0.0,yfinance_raw_daily
2013-09-06,980.0,990.0,960.0,990.0,207.87928771972656,42742500,0.0,0.0,yfinance_raw_daily
2013-09-09,990.0,1030.0,990.0,1010.0,212.078857421875,75469000,0.0,0.0,yfinance_raw_daily
2013-09-10,1020.0,1030.0,870.0,910.0,191.0809326171875,216772000,0.0,0.0,yfinance_raw_daily
2013-09-11,930.0,950.0,880.0,950.0,199.4801025390625,133784500,0.0,0.0,yfinance_raw_daily
2013-09-12,960.0,980.0,940.0,970.0,203.67967224121094,61163000,0.0,0.0,yfinance_raw_daily
2013-09-13,970.0,970.0,930.0,940.0,197.38026428222656,44573500,0.0,0.0,yfinance_raw_daily
2013-09-16,950.0,960.0,940.0,950.0,199.4801025390625,44994500,0.0,0.0,yfinance_raw_daily
2013-09-17,950.0,960.0,920.0,950.0,199.4801025390625,60206500,0.0,0.0,yfinance_raw_daily
2013-09-18,940.0,960.0,940.0,950.0,199.4801025390625,39683000,0.0,0.0,yfinance_raw_daily
2013-09-19,970.0,980.0,950.0,970.0,203.67967224121094,114366000,0.0,0.0,yfinance_raw_daily
2013-09-20,950.0,970.0,940.0,960.0,201.5799102783203,28742500,0.0,0.0,yfinance_raw_daily
2013-09-23,930.0,960.0,930.0,960.0,201.5799102783203,22202500,0.0,0.0,yfinance_raw_daily
2013-09-24,960.0,970.0,910.0,930.0,195.28048706054688,30345000,0.0,0.0,yfinance_raw_daily
2013-09-25,900.0,930.0,900.0,930.0,195.28048706054688,23216500,0.0,0.0,yfinance_raw_daily
2013-09-26,920.0,950.0,910.0,920.0,193.18077087402344,14638000,0.0,0.0,yfinance_raw_daily
2013-09-27,940.0,940.0,910.0,910.0,191.0809326171875,15112000,0.0,0.0,yfinance_raw_daily
2013-09-30,890.0,900.0,890.0,900.0,188.9811248779297,24920000,0.0,0.0,yfinance_raw_daily
2013-10-01,900.0,900.0,890.0,890.0,186.88133239746094,13544000,0.0,0.0,yfinance_raw_daily
2013-10-02,920.0,930.0,900.0,900.0,188.9811248779297,19686500,0.0,0.0,yfinance_raw_daily
2013-10-03,900.0,950.0,900.0,940.0,197.38026428222656,56709500,0.0,0.0,yfinance_raw_daily
2013-10-04,940.0,950.0,900.0,900.0,188.9811248779297,34054500,0.0,0.0,yfinance_raw_daily
2013-10-07,900.0,920.0,890.0,910.0,191.0809326171875,31807000,0.0,0.0,yfinance_raw_daily
2013-10-08,900.0,920.0,900.0,920.0,193.18077087402344,20587500,0.0,0.0,yfinance_raw_daily
2013-10-09,920.0,1000.0,900.0,990.0,207.87928771972656,122155000,0.0,0.0,yfinance_raw_daily
2013-10-10,1000.0,1020.0,980.0,990.0,207.87928771972656,63247000,0.0,0.0,yfinance_raw_daily
2013-10-11,1010.0,1010.0,980.0,990.0,207.87928771972656,47264500,0.0,0.0,yfinance_raw_daily
2013-10-16,980.0,990.0,960.0,970.0,203.67967224121094,34713000,0.0,0.0,yfinance_raw_daily
2013-10-17,980.0,1060.0,970.0,1040.0,218.378173828125,114807500,0.0,0.0,yfinance_raw_daily
2013-10-18,1050.0,1130.0,1040.0,1120.0,235.17654418945312,116971000,0.0,0.0,yfinance_raw_daily
2013-10-21,1120.0,1130.0,1050.0,1070.0,224.67759704589844,64016500,0.0,0.0,yfinance_raw_daily
2013-10-22,1060.0,1100.0,1050.0,1070.0,224.67759704589844,55753500,0.0,0.0,yfinance_raw_daily
2013-10-23,1070.0,1090.0,1050.0,1060.0,222.5778045654297,31187000,0.0,0.0,yfinance_raw_daily
2013-10-24,1060.0,1080.0,1050.0,1070.0,224.67759704589844,37754500,0.0,0.0,yfinance_raw_daily
2013-10-25,1060.0,1090.0,1010.0,1060.0,222.5778045654297,154101500,0.0,0.0,yfinance_raw_daily
2013-10-28,1060.0,1060.0,1030.0,1040.0,218.378173828125,33082000,0.0,0.0,yfinance_raw_daily
2013-10-29,1040.0,1040.0,1010.0,1020.0,214.1786651611328,32079500,0.0,0.0,yfinance_raw_daily
2013-10-30,1020.0,1050.0,1000.0,1050.0,220.47802734375,42986000,0.0,0.0,yfinance_raw_daily
2013-10-31,1030.0,1040.0,1010.0,1020.0,214.1786651611328,34548500,0.0,0.0,yfinance_raw_daily
2013-11-01,1010.0,1060.0,1010.0,1040.0,218.378173828125,68748500,0.0,0.0,yfinance_raw_daily
2013-11-04,1040.0,1070.0,1040.0,1060.0,222.5778045654297,71455500,0.0,0.0,yfinance_raw_daily
2013-11-06,1070.0,1070.0,1030.0,1030.0,216.27845764160156,68393000,0.0,0.0,yfinance_raw_daily
2013-11-07,1050.0,1100.0,1040.0,1080.0,226.77737426757812,125861500,0.0,0.0,yfinance_raw_daily
2013-11-08,1070.0,1160.0,1070.0,1160.0,243.57571411132812,231330500,0.0,0.0,yfinance_raw_daily
2013-11-11,1160.0,1210.0,1140.0,1190.0,249.87509155273438,178083000,0.0,0.0,yfinance_raw_daily
2013-11-12,1170.0,1190.0,1140.0,1150.0,241.4759521484375,111661000,0.0,0.0,yfinance_raw_daily
2013-11-13,1140.0,1170.0,1120.0,1140.0,239.37612915039062,66226500,0.0,0.0,yfinance_raw_daily
2013-11-14,1150.0,1200.0,1150.0,1180.0,247.77529907226562,109804500,0.0,0.0,yfinance_raw_daily
2013-11-15,1190.0,1200.0,1160.0,1170.0,245.67552185058594,52838500,0.0,0.0,yfinance_raw_daily
2013-11-18,1180.0,1240.0,1180.0,1220.0,256.17437744140625,138427500,0.0,0.0,yfinance_raw_daily
2013-11-19,1220.0,1230.0,1160.0,1190.0,249.87509155273438,82557000,0.0,0.0,yfinance_raw_daily
2013-11-20,1190.0,1200.0,1140.0,1170.0,245.67552185058594,65365500,0.0,0.0,yfinance_raw_daily
2013-11-21,1160.0,1170.0,1140.0,1150.0,241.4759521484375,17472500,0.0,0.0,yfinance_raw_daily
2013-11-22,1170.0,1180.0,1140.0,1180.0,247.77529907226562,19991000,0.0,0.0,yfinance_raw_daily
2013-11-25,1180.0,1230.0,1170.0,1210.0,254.07461547851562,68889000,0.0,0.0,yfinance_raw_daily
2013-11-26,1220.0,1230.0,1140.0,1140.0,239.37612915039062,71157000,0.0,0.0,yfinance_raw_daily
2013-11-27,1170.0,1170.0,1110.0,1130.0,237.2763214111328,47874000,0.0,0.0,yfinance_raw_daily
2013-11-28,1140.0,1150.0,1090.0,1120.0,235.17654418945312,44344500,0.0,0.0,yfinance_raw_daily
2013-11-29,1100.0,1160.0,1100.0,1130.0,237.2763214111328,48869000,0.0,0.0,yfinance_raw_daily
2013-12-02,1120.0,1170.0,1120.0,1140.0,239.37612915039062,37541500,0.0,0.0,yfinance_raw_daily
2013-12-03,1140.0,1160.0,1120.0,1120.0,235.17654418945312,36538500,0.0,0.0,yfinance_raw_daily
2013-12-04,1100.0,1180.0,1090.0,1170.0,245.67552185058594,98378000,0.0,0.0,yfinance_raw_daily
2013-12-05,1170.0,1200.0,1140.0,1190.0,249.87509155273438,68991000,0.0,0.0,yfinance_raw_daily
2013-12-06,1180.0,1190.0,1160.0,1170.0,245.67552185058594,43778000,0.0,0.0,yfinance_raw_daily
2013-12-09,1170.0,1200.0,1170.0,1200.0,251.97488403320312,30358000,0.0,0.0,yfinance_raw_daily
2013-12-10,1200.0,1250.0,1190.0,1230.0,258.27423095703125,119164500,0.0,0.0,yfinance_raw_daily
2013-12-11,1230.0,1250.0,1210.0,1220.0,256.17437744140625,38362500,0.0,0.0,yfinance_raw_daily
2013-12-12,1200.0,1210.0,1170.0,1180.0,247.77529907226562,54989000,0.0,0.0,yfinance_raw_daily
2013-12-13,1190.0,1190.0,1150.0,1160.0,243.57571411132812,47159500,0.0,0.0,yfinance_raw_daily
2013-12-16,1160.0,1160.0,1100.0,1110.0,233.07679748535156,40934500,0.0,0.0,yfinance_raw_daily
2013-12-17,1110.0,1140.0,1110.0,1130.0,237.2763214111328,49638500,0.0,0.0,yfinance_raw_daily
2013-12-18,1130.0,1170.0,1110.0,1150.0,241.4759521484375,97310500,0.0,0.0,yfinance_raw_daily
2013-12-19,1160.0,1170.0,1130.0,1150.0,241.4759521484375,76148000,0.0,0.0,yfinance_raw_daily
2013-12-20,1150.0,1150.0,1110.0,1130.0,237.2763214111328,36245000,0.0,0.0,yfinance_raw_daily
2013-12-23,1120.0,1130.0,1100.0,1120.0,235.17654418945312,23466500,0.0,0.0,yfinance_raw_daily
2013-12-24,1110.0,1140.0,1100.0,1120.0,235.17654418945312,16069500,0.0,0.0,yfinance_raw_daily
2013-12-27,1120.0,1130.0,1070.0,1080.0,229.91819763183594,47662000,15.3,0.0,yfinance_raw_daily
2013-12-30,1080.0,1090.0,1040.0,1090.0,232.0470733642578,52691500,0.0,0.0,yfinance_raw_daily
2014-01-02,1090.0,1110.0,1060.0,1060.0,225.66050720214844,36983000,0.0,0.0,yfinance_raw_daily
2014-01-03,1050.0,1060.0,1000.0,1010.0,215.01611328125,52823000,0.0,0.0,yfinance_raw_daily
2014-01-06,1010.0,1010.0,905.0,930.0,197.98512268066406,95833000,0.0,0.0,yfinance_raw_daily
2014-01-07,930.0,945.0,870.0,880.0,187.3407745361328,161316000,0.0,0.0,yfinance_raw_daily
2014-01-08,885.0,940.0,880.0,940.0,200.11398315429688,160013700,0.0,0.0,yfinance_raw_daily
2014-01-09,940.0,970.0,935.0,945.0,201.17848205566406,119583300,0.0,0.0,yfinance_raw_daily
2014-01-10,960.0,965.0,930.0,940.0,200.11398315429688,54524100,0.0,0.0,yfinance_raw_daily
2014-01-13,945.0,960.0,935.0,955.0,203.30734252929688,60090400,0.0,0.0,yfinance_raw_daily
2014-01-15,955.0,990.0,930.0,950.0,202.2428741455078,130213700,0.0,0.0,yfinance_raw_daily
2014-01-16,960.0,985.0,955.0,975.0,207.56509399414062,66438300,0.0,0.0,yfinance_raw_daily
2014-01-17,970.0,985.0,970.0,975.0,207.56509399414062,31510800,0.0,0.0,yfinance_raw_daily
2014-01-20,975.0,990.0,970.0,975.0,207.56509399414062,33344300,0.0,0.0,yfinance_raw_daily
2014-01-21,980.0,1005.0,980.0,980.0,208.62953186035156,85314700,0.0,0.0,yfinance_raw_daily
2014-01-22,985.0,1025.0,980.0,1025.0,218.20944213867188,96550800,0.0,0.0,yfinance_raw_daily
2014-01-23,1035.0,1050.0,1020.0,1025.0,218.20944213867188,93197000,0.0,0.0,yfinance_raw_daily
2014-01-24,1040.0,1040.0,1010.0,1040.0,221.4027099609375,55790200,0.0,0.0,yfinance_raw_daily
2014-01-27,1010.0,1015.0,960.0,965.0,205.43618774414062,114887600,0.0,0.0,yfinance_raw_daily
2014-01-28,965.0,975.0,930.0,935.0,199.0496063232422,91885700,0.0,0.0,yfinance_raw_daily
2014-01-29,945.0,965.0,940.0,955.0,203.30734252929688,41857200,0.0,0.0,yfinance_raw_daily
2014-01-30,940.0,960.0,930.0,950.0,202.2428741455078,60267100,0.0,0.0,yfinance_raw_daily
2014-02-03,960.0,965.0,910.0,910.0,193.72740173339844,79974800,0.0,0.0,yfinance_raw_daily
2014-02-04,895.0,905.0,880.0,895.0,190.53408813476562,61098500,0.0,0.0,yfinance_raw_daily
2014-02-05,920.0,920.0,900.0,905.0,192.66299438476562,46415400,0.0,0.0,yfinance_raw_daily
2014-02-06,905.0,910.0,900.0,910.0,193.72740173339844,52459400,0.0,0.0,yfinance_raw_daily
2014-02-07,915.0,925.0,905.0,905.0,192.66299438476562,71746300,0.0,0.0,yfinance_raw_daily
2014-02-10,915.0,920.0,905.0,910.0,193.72740173339844,65517700,0.0,0.0,yfinance_raw_daily
2014-02-11,910.0,950.0,910.0,945.0,201.17848205566406,116085900,0.0,0.0,yfinance_raw_daily
2014-02-12,955.0,955.0,935.0,940.0,200.11398315429688,83501800,0.0,0.0,yfinance_raw_daily
2014-02-13,940.0,950.0,930.0,935.0,199.0496063232422,37714600,0.0,0.0,yfinance_raw_daily
2014-02-14,945.0,945.0,930.0,945.0,201.17848205566406,23754900,0.0,0.0,yfinance_raw_daily
2014-02-17,945.0,980.0,935.0,975.0,207.56509399414062,91117800,0.0,0.0,yfinance_raw_daily
2014-02-18,975.0,980.0,950.0,955.0,203.30734252929688,82343600,0.0,0.0,yfinance_raw_daily
2014-02-19,955.0,965.0,950.0,950.0,202.2428741455078,40023800,0.0,0.0,yfinance_raw_daily
2014-02-20,950.0,975.0,950.0,975.0,207.56509399414062,64787800,0.0,0.0,yfinance_raw_daily
2014-02-21,985.0,990.0,970.0,970.0,206.50062561035156,57328300,0.0,0.0,yfinance_raw_daily
2014-02-24,970.0,980.0,960.0,970.0,206.50062561035156,27364900,0.0,0.0,yfinance_raw_daily
2014-02-25,975.0,975.0,940.0,940.0,200.11398315429688,45368800,0.0,0.0,yfinance_raw_daily
2014-02-26,930.0,950.0,930.0,935.0,199.0496063232422,33261600,0.0,0.0,yfinance_raw_daily
2014-02-27,935.0,965.0,935.0,950.0,202.2428741455078,34825200,0.0,0.0,yfinance_raw_daily
2014-02-28,960.0,995.0,950.0,995.0,211.8228302001953,58093200,0.0,0.0,yfinance_raw_daily
2014-03-03,980.0,990.0,970.0,980.0,208.62953186035156,41648700,0.0,0.0,yfinance_raw_daily
2014-03-04,975.0,1025.0,970.0,1015.0,216.08056640625,150132000,0.0,0.0,yfinance_raw_daily
2014-03-05,1025.0,1040.0,1005.0,1020.0,217.14503479003906,68200300,0.0,0.0,yfinance_raw_daily
2014-03-06,1015.0,1025.0,1000.0,1020.0,217.14503479003906,57321600,0.0,0.0,yfinance_raw_daily
2014-03-07,1030.0,1035.0,1010.0,1015.0,216.08056640625,58485800,0.0,0.0,yfinance_raw_daily
2014-03-10,1005.0,1020.0,995.0,1000.0,212.8872833251953,57831400,0.0,0.0,yfinance_raw_daily
2014-03-11,995.0,1010.0,960.0,965.0,205.43618774414062,89433900,0.0,0.0,yfinance_raw_daily
2014-03-12,955.0,960.0,945.0,945.0,201.17848205566406,60940200,0.0,0.0,yfinance_raw_daily
2014-03-13,950.0,985.0,950.0,970.0,206.50062561035156,59973800,0.0,0.0,yfinance_raw_daily
2014-03-14,970.0,985.0,955.0,970.0,206.50062561035156,38471900,0.0,0.0,yfinance_raw_daily
2014-03-17,975.0,990.0,965.0,980.0,208.62953186035156,43667500,0.0,0.0,yfinance_raw_daily
2014-03-18,980.0,1010.0,975.0,975.0,207.56509399414062,105058100,0.0,0.0,yfinance_raw_daily
2014-03-19,980.0,1005.0,980.0,1000.0,212.8872833251953,89513200,0.0,0.0,yfinance_raw_daily
2014-03-20,1005.0,1015.0,960.0,960.0,204.37173461914062,94010200,0.0,0.0,yfinance_raw_daily
2014-03-21,980.0,990.0,945.0,990.0,210.75839233398438,113423300,0.0,0.0,yfinance_raw_daily
2014-03-24,990.0,995.0,975.0,975.0,207.56509399414062,31652300,0.0,0.0,yfinance_raw_daily
2014-03-25,970.0,980.0,965.0,980.0,208.62953186035156,29746700,0.0,0.0,yfinance_raw_daily
2014-03-26,985.0,990.0,975.0,975.0,207.56509399414062,44375600,0.0,0.0,yfinance_raw_daily
2014-03-27,980.0,985.0,970.0,970.0,206.50062561035156,33800800,0.0,0.0,yfinance_raw_daily
2014-03-28,975.0,980.0,970.0,980.0,208.62953186035156,27164400,0.0,0.0,yfinance_raw_daily
2014-04-01,985.0,995.0,980.0,985.0,209.69393920898438,38515200,0.0,0.0,yfinance_raw_daily
2014-04-02,985.0,995.0,970.0,980.0,208.62953186035156,51916600,0.0,0.0,yfinance_raw_daily
2014-04-03,985.0,985.0,970.0,985.0,209.69393920898438,21530500,0.0,0.0,yfinance_raw_daily
2014-04-04,985.0,985.0,970.0,970.0,206.50062561035156,13003300,0.0,0.0,yfinance_raw_daily
2014-04-07,970.0,990.0,970.0,980.0,208.62953186035156,28061100,0.0,0.0,yfinance_raw_daily
2014-04-08,985.0,990.0,965.0,970.0,206.50062561035156,37870500,0.0,0.0,yfinance_raw_daily
2014-04-09,970.0,970.0,970.0,970.0,206.50062561035156,0,0.0,0.0,yfinance_raw_daily
2014-04-10,965.0,975.0,930.0,955.0,203.30734252929688,70461000,0.0,0.0,yfinance_raw_daily
2014-04-11,940.0,1010.0,940.0,1010.0,215.01611328125,92953400,0.0,0.0,yfinance_raw_daily
2014-04-14,1020.0,1055.0,1010.0,1010.0,215.01611328125,82179300,0.0,0.0,yfinance_raw_daily
2014-04-15,1020.0,1030.0,970.0,970.0,206.50062561035156,77276500,0.0,0.0,yfinance_raw_daily
2014-04-16,975.0,995.0,975.0,985.0,209.69393920898438,47097400,0.0,0.0,yfinance_raw_daily
2014-04-17,990.0,990.0,975.0,980.0,208.62953186035156,20552800,0.0,0.0,yfinance_raw_daily
2014-04-21,985.0,990.0,975.0,975.0,207.56509399414062,11138200,0.0,0.0,yfinance_raw_daily
2014-04-22,980.0,1015.0,975.0,1010.0,215.01611328125,63100600,0.0,0.0,yfinance_raw_daily
2014-04-23,1015.0,1070.0,1010.0,1070.0,227.78936767578125,145607900,0.0,0.0,yfinance_raw_daily
2014-04-24,1080.0,1110.0,1060.0,1085.0,230.98265075683594,129850000,0.0,0.0,yfinance_raw_daily
2014-04-25,1095.0,1105.0,1090.0,1090.0,232.0470733642578,65469000,0.0,0.0,yfinance_raw_daily
2014-04-28,1095.0,1145.0,1085.0,1135.0,241.6270294189453,84912700,0.0,0.0,yfinance_raw_daily
2014-04-29,1130.0,1135.0,1110.0,1125.0,239.4981689453125,40920400,0.0,0.0,yfinance_raw_daily
2014-04-30,1150.0,1205.0,1150.0,1185.0,252.27137756347656,146584200,0.0,0.0,yfinance_raw_daily
2014-05-02,1190.0,1195.0,1135.0,1140.0,242.69139099121094,43938300,0.0,0.0,yfinance_raw_daily
2014-05-05,1150.0,1175.0,1125.0,1165.0,248.01364135742188,50592800,0.0,0.0,yfinance_raw_daily
2014-05-06,1170.0,1200.0,1165.0,1180.0,251.2069091796875,47856500,0.0,0.0,yfinance_raw_daily
2014-05-07,1175.0,1185.0,1135.0,1135.0,241.6270294189453,62362500,0.0,0.0,yfinance_raw_daily
2014-05-08,1135.0,1150.0,1100.0,1100.0,234.17599487304688,67819400,0.0,0.0,yfinance_raw_daily
2014-05-09,1110.0,1130.0,1105.0,1120.0,238.4337158203125,39212600,0.0,0.0,yfinance_raw_daily
2014-05-12,1120.0,1205.0,1120.0,1195.0,254.40025329589844,124224400,0.0,0.0,yfinance_raw_daily
2014-05-13,1205.0,1240.0,1190.0,1230.0,261.8513488769531,174705700,0.0,0.0,yfinance_raw_daily
2014-05-14,1230.0,1250.0,1210.0,1235.0,262.915771484375,94556500,0.0,0.0,yfinance_raw_daily
2014-05-16,1230.0,1245.0,1220.0,1245.0,265.0447082519531,71091900,0.0,0.0,yfinance_raw_daily
2014-05-19,1275.0,1280.0,1240.0,1275.0,271.43115234375,133225700,0.0,0.0,yfinance_raw_daily
2014-05-20,1300.0,1320.0,1255.0,1300.0,276.7534484863281,134339100,0.0,0.0,yfinance_raw_daily
2014-05-21,1285.0,1300.0,1255.0,1285.0,273.5600891113281,49055000,0.0,0.0,yfinance_raw_daily
2014-05-22,1300.0,1305.0,1270.0,1300.0,276.7534484863281,70069000,0.0,0.0,yfinance_raw_daily
2014-05-23,1305.0,1315.0,1290.0,1305.0,277.81793212890625,50263500,0.0,0.0,yfinance_raw_daily
2014-05-26,1305.0,1320.0,1300.0,1305.0,277.81793212890625,48763300,0.0,0.0,yfinance_raw_daily
2014-05-28,1290.0,1305.0,1270.0,1290.0,277.36846923828125,62224800,12.91,0.0,yfinance_raw_daily
2014-05-30,1225.0,1295.0,1225.0,1225.0,263.3925476074219,71200700,0.0,0.0,yfinance_raw_daily
2014-06-02,1270.0,1280.0,1185.0,1270.0,273.068115234375,68639500,0.0,0.0,yfinance_raw_daily
2014-06-03,1275.0,1290.0,1245.0,1275.0,274.1431884765625,82437100,0.0,0.0,yfinance_raw_daily
2014-06-04,1280.0,1285.0,1265.0,1280.0,275.2182922363281,33781100,0.0,0.0,yfinance_raw_daily
2014-06-05,1295.0,1295.0,1270.0,1280.0,275.2182922363281,52292500,0.0,0.0,yfinance_raw_daily
2014-06-06,1320.0,1335.0,1285.0,1320.0,283.8188781738281,112089300,0.0,0.0,yfinance_raw_daily
2014-06-09,1280.0,1340.0,1265.0,1280.0,275.2182922363281,51211400,0.0,0.0,yfinance_raw_daily
2014-06-10,1300.0,1310.0,1280.0,1300.0,279.51861572265625,54573600,0.0,0.0,yfinance_raw_daily
2014-06-11,1325.0,1335.0,1300.0,1325.0,284.89404296875,37848800,0.0,0.0,yfinance_raw_daily
2014-06-12,1270.0,1310.0,1270.0,1270.0,273.068115234375,35040300,0.0,0.0,yfinance_raw_daily
2014-06-13,1280.0,1285.0,1250.0,1280.0,275.2182922363281,19643700,0.0,0.0,yfinance_raw_daily
2014-06-16,1225.0,1290.0,1225.0,1225.0,263.3925476074219,34202700,0.0,0.0,yfinance_raw_daily
2014-06-17,1285.0,1285.0,1235.0,1285.0,276.29339599609375,47612200,0.0,0.0,yfinance_raw_daily
2014-06-18,1265.0,1305.0,1255.0,1265.0,271.9931335449219,37711900,0.0,0.0,yfinance_raw_daily
2014-06-19,1230.0,1265.0,1230.0,1230.0,264.4676208496094,46357600,0.0,0.0,yfinance_raw_daily
2014-06-20,1185.0,1245.0,1185.0,1185.0,254.79197692871094,66531500,0.0,0.0,yfinance_raw_daily
2014-06-23,1155.0,1205.0,1155.0,1155.0,248.34156799316406,76212100,0.0,0.0,yfinance_raw_daily
2014-06-24,1135.0,1170.0,1130.0,1135.0,244.04124450683594,54713200,0.0,0.0,yfinance_raw_daily
2014-06-25,1145.0,1160.0,1135.0,1145.0,246.19139099121094,28770600,0.0,0.0,yfinance_raw_daily
2014-06-26,1200.0,1200.0,1155.0,1200.0,258.0171813964844,85105000,0.0,0.0,yfinance_raw_daily
2014-06-27,1185.0,1200.0,1170.0,1185.0,254.79197692871094,29453700,0.0,0.0,yfinance_raw_daily
2014-06-30,1175.0,1195.0,1165.0,1175.0,252.64178466796875,31937400,0.0,0.0,yfinance_raw_daily
2014-07-01,1165.0,1190.0,1160.0,1165.0,250.49166870117188,28101600,0.0,0.0,yfinance_raw_daily
2014-07-02,1200.0,1200.0,1160.0,1200.0,258.0171813964844,49021300,0.0,0.0,yfinance_raw_daily
2014-07-03,1190.0,1210.0,1180.0,1190.0,255.86700439453125,48088300,0.0,0.0,yfinance_raw_daily
2014-07-04,1190.0,1200.0,1180.0,1190.0,255.86700439453125,18051600,0.0,0.0,yfinance_raw_daily
2014-07-07,1195.0,1210.0,1180.0,1195.0,256.9421081542969,58828800,0.0,0.0,yfinance_raw_daily
2014-07-08,1180.0,1210.0,1180.0,1180.0,253.7168426513672,62234200,0.0,0.0,yfinance_raw_daily
2014-07-09,1180.0,1180.0,1180.0,1180.0,253.7168426513672,0,0.0,0.0,yfinance_raw_daily
2014-07-10,1180.0,1200.0,1170.0,1180.0,253.7168426513672,49899300,0.0,0.0,yfinance_raw_daily
2014-07-11,1130.0,1175.0,1105.0,1130.0,242.96617126464844,89182500,0.0,0.0,yfinance_raw_daily
2014-07-14,1105.0,1135.0,1090.0,1105.0,237.5908660888672,52621800,0.0,0.0,yfinance_raw_daily
2014-07-15,1145.0,1145.0,1105.0,1145.0,246.19139099121094,49414800,0.0,0.0,yfinance_raw_daily
2014-07-16,1150.0,1170.0,1135.0,1150.0,247.26649475097656,91635200,0.0,0.0,yfinance_raw_daily
2014-07-17,1110.0,1160.0,1100.0,1110.0,238.66595458984375,77823600,0.0,0.0,yfinance_raw_daily
2014-07-18,1115.0,1120.0,1090.0,1115.0,239.74099731445312,38669000,0.0,0.0,yfinance_raw_daily
2014-07-21,1130.0,1145.0,1120.0,1130.0,242.96617126464844,60157500,0.0,0.0,yfinance_raw_daily
2014-07-22,1095.0,1135.0,1080.0,1095.0,235.44068908691406,52803500,0.0,0.0,yfinance_raw_daily
2014-07-23,1105.0,1115.0,1095.0,1105.0,237.5908660888672,26172800,0.0,0.0,yfinance_raw_daily
2014-07-24,1155.0,1155.0,1105.0,1155.0,248.34156799316406,72721100,0.0,0.0,yfinance_raw_daily
2014-07-25,1185.0,1185.0,1140.0,1185.0,254.79197692871094,114488700,0.0,0.0,yfinance_raw_daily
2014-08-04,1235.0,1235.0,1170.0,1235.0,265.54266357421875,174416200,0.0,0.0,yfinance_raw_daily
2014-08-05,1255.0,1270.0,1230.0,1255.0,269.843017578125,102454100,0.0,0.0,yfinance_raw_daily
2014-08-06,1255.0,1255.0,1230.0,1255.0,269.843017578125,39566600,0.0,0.0,yfinance_raw_daily
2014-08-07,1270.0,1295.0,1250.0,1270.0,273.068115234375,74036500,0.0,0.0,yfinance_raw_daily
2014-08-08,1255.0,1270.0,1250.0,1255.0,269.843017578125,31926800,0.0,0.0,yfinance_raw_daily
2014-08-11,1265.0,1270.0,1250.0,1265.0,271.9931335449219,32589300,0.0,0.0,yfinance_raw_daily
2014-08-12,1265.0,1285.0,1255.0,1265.0,271.9931335449219,26046000,0.0,0.0,yfinance_raw_daily
2014-08-13,1285.0,1285.0,1270.0,1285.0,276.29339599609375,27476300,0.0,0.0,yfinance_raw_daily
2014-08-14,1295.0,1320.0,1285.0,1295.0,278.44354248046875,57795200,0.0,0.0,yfinance_raw_daily
2014-08-15,1295.0,1310.0,1285.0,1295.0,278.44354248046875,20451000,0.0,0.0,yfinance_raw_daily
2014-08-18,1320.0,1325.0,1300.0,1320.0,283.8188781738281,56326800,0.0,0.0,yfinance_raw_daily
2014-08-19,1330.0,1340.0,1315.0,1330.0,285.9690246582031,37429400,0.0,0.0,yfinance_raw_daily
2014-08-20,1320.0,1340.0,1315.0,1320.0,283.8188781738281,36030600,0.0,0.0,yfinance_raw_daily
2014-08-21,1280.0,1320.0,1265.0,1280.0,275.2182922363281,70957300,0.0,0.0,yfinance_raw_daily
2014-08-22,1255.0,1290.0,1250.0,1255.0,269.843017578125,35396500,0.0,0.0,yfinance_raw_daily
2014-08-25,1230.0,1265.0,1225.0,1230.0,264.4676208496094,46554400,0.0,0.0,yfinance_raw_daily
2014-08-26,1270.0,1280.0,1225.0,1270.0,273.068115234375,65650500,0.0,0.0,yfinance_raw_daily
2014-08-27,1340.0,1345.0,1270.0,1340.0,288.11920166015625,111981600,0.0,0.0,yfinance_raw_daily
2014-08-28,1315.0,1345.0,1315.0,1315.0,282.743896484375,52694900,0.0,0.0,yfinance_raw_daily
2014-08-29,1315.0,1350.0,1295.0,1315.0,282.743896484375,66989800,0.0,0.0,yfinance_raw_daily
2014-09-01,1320.0,1325.0,1300.0,1320.0,283.8188781738281,11205600,0.0,0.0,yfinance_raw_daily
2014-09-02,1335.0,1335.0,1300.0,1335.0,287.04412841796875,34567400,0.0,0.0,yfinance_raw_daily
2014-09-03,1370.0,1370.0,1330.0,1370.0,294.569580078125,85146400,0.0,0.0,yfinance_raw_daily
2014-09-04,1375.0,1390.0,1360.0,1375.0,295.6446838378906,44040900,0.0,0.0,yfinance_raw_daily
2014-09-05,1355.0,1385.0,1345.0,1355.0,291.34442138671875,23892800,0.0,0.0,yfinance_raw_daily
2014-09-08,1385.0,1390.0,1345.0,1385.0,297.794921875,44938000,0.0,0.0,yfinance_raw_daily
2014-09-09,1330.0,1380.0,1325.0,1330.0,285.9690246582031,34173400,0.0,0.0,yfinance_raw_daily
2014-09-10,1285.0,1335.0,1285.0,1285.0,276.29339599609375,35940800,0.0,0.0,yfinance_raw_daily
2014-09-11,1285.0,1305.0,1250.0,1285.0,276.29339599609375,52862300,0.0,0.0,yfinance_raw_daily
2014-09-12,1305.0,1315.0,1255.0,1305.0,280.59375,57399600,0.0,0.0,yfinance_raw_daily
2014-09-15,1275.0,1305.0,1265.0,1275.0,274.1431884765625,24706400,0.0,0.0,yfinance_raw_daily
2014-09-16,1270.0,1285.0,1255.0,1270.0,273.068115234375,31483000,0.0,0.0,yfinance_raw_daily
2014-09-17,1320.0,1320.0,1275.0,1320.0,283.8188781738281,77369500,0.0,0.0,yfinance_raw_daily
2014-09-18,1290.0,1330.0,1285.0,1290.0,277.36846923828125,27288100,0.0,0.0,yfinance_raw_daily
2014-09-19,1265.0,1300.0,1260.0,1265.0,271.9931335449219,36802200,0.0,0.0,yfinance_raw_daily
2014-09-22,1255.0,1285.0,1250.0,1255.0,269.843017578125,24695100,0.0,0.0,yfinance_raw_daily
2014-09-23,1270.0,1280.0,1255.0,1270.0,273.068115234375,31246000,0.0,0.0,yfinance_raw_daily
2014-09-24,1265.0,1285.0,1260.0,1265.0,271.9931335449219,19016800,0.0,0.0,yfinance_raw_daily
2014-09-25,1275.0,1285.0,1265.0,1275.0,274.1431884765625,33777500,0.0,0.0,yfinance_raw_daily
2014-09-26,1195.0,1260.0,1195.0,1195.0,256.9421081542969,68479800,0.0,0.0,yfinance_raw_daily
2014-09-29,1165.0,1205.0,1155.0,1165.0,250.49166870117188,35961900,0.0,0.0,yfinance_raw_daily
2014-09-30,1175.0,1185.0,1150.0,1175.0,252.64178466796875,51519500,0.0,0.0,yfinance_raw_daily
2014-10-01,1160.0,1185.0,1160.0,1160.0,249.41664123535156,37058800,0.0,0.0,yfinance_raw_daily
2014-10-02,1120.0,1150.0,1105.0,1120.0,240.81602478027344,39522800,0.0,0.0,yfinance_raw_daily
2014-10-03,1105.0,1135.0,1090.0,1105.0,237.5908660888672,30966200,0.0,0.0,yfinance_raw_daily
2014-10-06,1140.0,1145.0,1090.0,1140.0,245.11627197265625,38050400,0.0,0.0,yfinance_raw_daily
2014-10-07,1140.0,1175.0,1135.0,1140.0,245.11627197265625,47745900,0.0,0.0,yfinance_raw_daily
2014-10-08,1155.0,1170.0,1105.0,1155.0,248.34156799316406,38019900,0.0,0.0,yfinance_raw_daily
2014-10-09,1140.0,1170.0,1140.0,1140.0,245.11627197265625,33320400,0.0,0.0,yfinance_raw_daily
2014-10-10,1090.0,1125.0,1085.0,1090.0,234.36558532714844,64272000,0.0,0.0,yfinance_raw_daily
2014-10-13,1010.0,1080.0,1005.0,1010.0,217.16445922851562,83485500,0.0,0.0,yfinance_raw_daily
2014-10-14,1010.0,1025.0,990.0,1010.0,217.16445922851562,103968500,0.0,0.0,yfinance_raw_daily
2014-10-15,940.0,1020.0,940.0,940.0,202.11343383789062,102397900,0.0,0.0,yfinance_raw_daily
2014-10-16,965.0,980.0,920.0,965.0,207.4888153076172,165247500,0.0,0.0,yfinance_raw_daily
2014-10-17,980.0,980.0,955.0,980.0,210.7140655517578,109797000,0.0,0.0,yfinance_raw_daily
2014-10-20,960.0,1015.0,960.0,960.0,206.4137420654297,124940700,0.0,0.0,yfinance_raw_daily
2014-10-21,975.0,990.0,965.0,975.0,209.63897705078125,51386500,0.0,0.0,yfinance_raw_daily
2014-10-22,1030.0,1035.0,980.0,1030.0,221.46473693847656,133708600,0.0,0.0,yfinance_raw_daily
2014-10-23,1050.0,1075.0,1025.0,1050.0,225.7650146484375,84401600,0.0,0.0,yfinance_raw_daily
2014-10-24,1055.0,1060.0,1030.0,1055.0,226.84014892578125,32810500,0.0,0.0,yfinance_raw_daily
2014-10-27,1045.0,1080.0,1035.0,1045.0,224.6898956298828,38025200,0.0,0.0,yfinance_raw_daily
2014-10-28,1030.0,1045.0,1015.0,1030.0,221.46473693847656,33562600,0.0,0.0,yfinance_raw_daily
2014-10-29,1100.0,1110.0,1040.0,1100.0,236.51577758789062,100734100,0.0,0.0,yfinance_raw_daily
2014-10-30,1100.0,1120.0,1080.0,1100.0,236.51577758789062,45674600,0.0,0.0,yfinance_raw_daily
2014-10-31,1135.0,1135.0,1090.0,1135.0,244.04124450683594,57307800,0.0,0.0,yfinance_raw_daily
2014-11-03,1150.0,1150.0,1130.0,1150.0,247.26649475097656,42868800,0.0,0.0,yfinance_raw_daily
2014-11-04,1140.0,1150.0,1130.0,1140.0,245.11627197265625,20184300,0.0,0.0,yfinance_raw_daily
2014-11-05,1100.0,1140.0,1090.0,1100.0,236.51577758789062,34054100,0.0,0.0,yfinance_raw_daily
2014-11-06,1080.0,1115.0,1080.0,1080.0,232.21543884277344,18474700,0.0,0.0,yfinance_raw_daily
2014-11-07,1095.0,1100.0,1075.0,1095.0,235.44068908691406,18869700,0.0,0.0,yfinance_raw_daily
2014-11-10,1085.0,1130.0,1085.0,1085.0,233.29051208496094,21566500,0.0,0.0,yfinance_raw_daily
2014-11-11,1090.0,1110.0,1090.0,1090.0,234.36558532714844,18548100,0.0,0.0,yfinance_raw_daily
2014-11-12,1020.0,1105.0,1015.0,1020.0,219.3146514892578,64518500,0.0,0.0,yfinance_raw_daily
2014-11-13,1000.0,1035.0,990.0,1000.0,215.0143585205078,61219300,0.0,0.0,yfinance_raw_daily
2014-11-14,1000.0,1005.0,980.0,1000.0,215.0143585205078,30891200,0.0,0.0,yfinance_raw_daily
2014-11-17,1000.0,1020.0,1000.0,1005.0,216.08938598632812,53147300,0.0,0.0,yfinance_raw_daily
2014-11-18,1015.0,1030.0,980.0,1015.0,218.23953247070312,121700500,0.0,0.0,yfinance_raw_daily
2014-11-19,1030.0,1045.0,1015.0,1030.0,221.46473693847656,112319300,0.0,0.0,yfinance_raw_daily
2014-11-20,1070.0,1070.0,1025.0,1070.0,230.0653533935547,116191500,0.0,0.0,yfinance_raw_daily
2014-11-21,1075.0,1085.0,1060.0,1075.0,231.14035034179688,69492800,0.0,0.0,yfinance_raw_daily
2014-11-24,1090.0,1105.0,1080.0,1090.0,234.36558532714844,58033400,0.0,0.0,yfinance_raw_daily
2014-11-25,1095.0,1110.0,1060.0,1095.0,235.44068908691406,85564800,0.0,0.0,yfinance_raw_daily
2014-11-26,1105.0,1105.0,1080.0,1105.0,237.5908660888672,80601700,0.0,0.0,yfinance_raw_daily
2014-11-27,1100.0,1110.0,1090.0,1100.0,236.51577758789062,38719500,0.0,0.0,yfinance_raw_daily
2014-11-28,1080.0,1090.0,1075.0,1080.0,232.21543884277344,40552700,0.0,0.0,yfinance_raw_daily
2014-12-01,1080.0,1080.0,1055.0,1065.0,228.99024963378906,28096300,0.0,0.0,yfinance_raw_daily
2014-12-02,1075.0,1100.0,1070.0,1085.0,233.29051208496094,46010900,0.0,0.0,yfinance_raw_daily
2014-12-03,1090.0,1115.0,1085.0,1095.0,235.44068908691406,87761500,0.0,0.0,yfinance_raw_daily
2014-12-04,1100.0,1145.0,1095.0,1135.0,244.04124450683594,94005000,0.0,0.0,yfinance_raw_daily
2014-12-05,1140.0,1145.0,1120.0,1120.0,240.81602478027344,29352100,0.0,0.0,yfinance_raw_daily
2014-12-08,1125.0,1135.0,1090.0,1095.0,235.44068908691406,32592400,0.0,0.0,yfinance_raw_daily
2014-12-09,1085.0,1105.0,1080.0,1090.0,234.36558532714844,23824700,0.0,0.0,yfinance_raw_daily
2014-12-10,1090.0,1100.0,1060.0,1065.0,228.99024963378906,64265200,0.0,0.0,yfinance_raw_daily
2014-12-11,1055.0,1075.0,1040.0,1060.0,227.9152069091797,54546500,0.0,0.0,yfinance_raw_daily
2014-12-12,1050.0,1050.0,1025.0,1025.0,220.3896942138672,69744100,0.0,0.0,yfinance_raw_daily
2014-12-15,1005.0,1025.0,995.0,1025.0,220.3896942138672,37507800,0.0,0.0,yfinance_raw_daily
2014-12-16,1000.0,1055.0,995.0,1040.0,223.6148681640625,105744700,0.0,0.0,yfinance_raw_daily
2014-12-17,1055.0,1075.0,1050.0,1050.0,225.7650146484375,73797600,0.0,0.0,yfinance_raw_daily
2014-12-18,1065.0,1075.0,1055.0,1065.0,228.99024963378906,47487800,0.0,0.0,yfinance_raw_daily
2014-12-19,1080.0,1090.0,1050.0,1060.0,227.9152069091797,93082700,0.0,0.0,yfinance_raw_daily
2014-12-22,1075.0,1075.0,1050.0,1060.0,227.9152069091797,47773500,0.0,0.0,yfinance_raw_daily
2014-12-23,1060.0,1065.0,1050.0,1055.0,226.84014892578125,10456300,0.0,0.0,yfinance_raw_daily
2014-12-24,1055.0,1065.0,1055.0,1060.0,227.9152069091797,8922800,0.0,0.0,yfinance_raw_daily
2014-12-29,1050.0,1065.0,1040.0,1040.0,226.11708068847656,10739400,11.73,0.0,yfinance_raw_daily
2014-12-30,1045.0,1050.0,1030.0,1040.0,226.11708068847656,42594100,0.0,0.0,yfinance_raw_daily
2015-01-02,1045.0,1050.0,1035.0,1040.0,226.11708068847656,6216800,0.0,0.0,yfinance_raw_daily
2015-01-05,1050.0,1050.0,1015.0,1025.0,222.85580444335938,23166900,0.0,0.0,yfinance_raw_daily
2015-01-06,1005.0,1025.0,1005.0,1010.0,219.594482421875,15700200,0.0,0.0,yfinance_raw_daily
2015-01-07,1015.0,1030.0,1000.0,1010.0,219.594482421875,18307300,0.0,0.0,yfinance_raw_daily
2015-01-08,1010.0,1015.0,980.0,985.0,214.1590118408203,96054200,0.0,0.0,yfinance_raw_daily
2015-01-09,995.0,1020.0,990.0,1005.0,218.5074005126953,52135900,0.0,0.0,yfinance_raw_daily
2015-01-12,1010.0,1015.0,995.0,995.0,216.33323669433594,21558400,0.0,0.0,yfinance_raw_daily
2015-01-13,990.0,1000.0,960.0,965.0,209.81057739257812,88452200,0.0,0.0,yfinance_raw_daily
2015-01-14,955.0,970.0,945.0,945.0,205.4622039794922,78095500,0.0,0.0,yfinance_raw_daily
2015-01-15,935.0,955.0,930.0,935.0,203.28799438476562,99177300,0.0,0.0,yfinance_raw_daily
2015-01-16,925.0,955.0,925.0,935.0,203.28799438476562,61019400,0.0,0.0,yfinance_raw_daily
2015-01-19,950.0,955.0,940.0,945.0,205.4622039794922,37412900,0.0,0.0,yfinance_raw_daily
2015-01-20,955.0,985.0,935.0,980.0,213.0718994140625,83960100,0.0,0.0,yfinance_raw_daily
2015-01-21,985.0,1010.0,970.0,1005.0,218.5074005126953,82277900,0.0,0.0,yfinance_raw_daily
2015-01-22,1015.0,1020.0,1000.0,1015.0,220.68161010742188,65512400,0.0,0.0,yfinance_raw_daily
2015-01-23,1025.0,1030.0,985.0,1000.0,217.4203338623047,62477500,0.0,0.0,yfinance_raw_daily
2015-01-26,990.0,1000.0,975.0,980.0,213.0718994140625,24910400,0.0,0.0,yfinance_raw_daily
2015-01-27,985.0,1005.0,985.0,1000.0,217.4203338623047,28418600,0.0,0.0,yfinance_raw_daily
2015-01-28,1000.0,1010.0,995.0,995.0,216.33323669433594,44850700,0.0,0.0,yfinance_raw_daily
2015-01-29,990.0,995.0,980.0,985.0,214.1590118408203,27862400,0.0,0.0,yfinance_raw_daily
2015-01-30,995.0,1000.0,980.0,1000.0,217.4203338623047,43866900,0.0,0.0,yfinance_raw_daily
2015-02-02,1000.0,1005.0,985.0,995.0,216.33323669433594,34643000,0.0,0.0,yfinance_raw_daily
2015-02-03,1005.0,1010.0,990.0,990.0,215.24610900878906,65163900,0.0,0.0,yfinance_raw_daily
2015-02-04,1005.0,1025.0,995.0,1000.0,217.4203338623047,176723100,0.0,0.0,yfinance_raw_daily
2015-02-05,1000.0,1005.0,995.0,995.0,216.33323669433594,51106900,0.0,0.0,yfinance_raw_daily
2015-02-06,1005.0,1005.0,985.0,995.0,216.33323669433594,89873100,0.0,0.0,yfinance_raw_daily
2015-02-09,1000.0,1000.0,975.0,980.0,213.0718994140625,40999200,0.0,0.0,yfinance_raw_daily
2015-02-10,985.0,1005.0,980.0,995.0,216.33323669433594,75802100,0.0,0.0,yfinance_raw_daily
2015-02-11,990.0,1005.0,980.0,980.0,213.0718994140625,73407400,0.0,0.0,yfinance_raw_daily
2015-02-12,980.0,995.0,980.0,985.0,214.1590118408203,58490900,0.0,0.0,yfinance_raw_daily
2015-02-13,995.0,1015.0,990.0,1000.0,217.4203338623047,125437900,0.0,0.0,yfinance_raw_daily
2015-02-16,1010.0,1015.0,990.0,990.0,215.24610900878906,46640500,0.0,0.0,yfinance_raw_daily
2015-02-17,990.0,1005.0,990.0,1000.0,217.4203338623047,39499000,0.0,0.0,yfinance_raw_daily
2015-02-18,1000.0,1005.0,995.0,995.0,216.33323669433594,28253900,0.0,0.0,yfinance_raw_daily
2015-02-20,995.0,1005.0,985.0,995.0,216.33323669433594,63188300,0.0,0.0,yfinance_raw_daily
2015-02-23,1000.0,1000.0,975.0,980.0,213.0718994140625,62755400,0.0,0.0,yfinance_raw_daily
2015-02-24,980.0,980.0,955.0,965.0,209.81057739257812,80424400,0.0,0.0,yfinance_raw_daily
2015-02-25,960.0,975.0,950.0,960.0,208.72349548339844,65480600,0.0,0.0,yfinance_raw_daily
2015-02-26,965.0,970.0,940.0,945.0,205.4622039794922,63174600,0.0,0.0,yfinance_raw_daily
2015-02-27,945.0,965.0,940.0,960.0,208.72349548339844,98493000,0.0,0.0,yfinance_raw_daily
2015-03-02,970.0,1025.0,965.0,1020.0,221.76873779296875,210962800,0.0,0.0,yfinance_raw_daily
2015-03-03,1025.0,1035.0,1015.0,1015.0,220.68161010742188,79843800,0.0,0.0,yfinance_raw_daily
2015-03-04,1010.0,1015.0,985.0,985.0,214.1590118408203,63253900,0.0,0.0,yfinance_raw_daily
2015-03-05,1005.0,1015.0,990.0,1005.0,218.5074005126953,69880000,0.0,0.0,yfinance_raw_daily
2015-03-06,1005.0,1010.0,985.0,985.0,214.1590118408203,57587600,0.0,0.0,yfinance_raw_daily
2015-03-09,980.0,1000.0,975.0,990.0,215.24610900878906,25089300,0.0,0.0,yfinance_raw_daily
2015-03-10,985.0,995.0,980.0,985.0,214.1590118408203,27019900,0.0,0.0,yfinance_raw_daily
2015-03-11,975.0,975.0,955.0,955.0,207.6363983154297,65517900,0.0,0.0,yfinance_raw_daily
2015-03-12,955.0,980.0,955.0,970.0,210.89767456054688,36722500,0.0,0.0,yfinance_raw_daily
2015-03-13,975.0,980.0,960.0,970.0,210.89767456054688,23549400,0.0,0.0,yfinance_raw_daily
2015-03-16,960.0,965.0,945.0,945.0,205.4622039794922,41629200,0.0,0.0,yfinance_raw_daily
2015-03-17,950.0,960.0,950.0,955.0,207.6363983154297,27495300,0.0,0.0,yfinance_raw_daily
2015-03-18,945.0,965.0,945.0,955.0,207.6363983154297,26720900,0.0,0.0,yfinance_raw_daily
2015-03-19,965.0,970.0,960.0,970.0,210.89767456054688,19286400,0.0,0.0,yfinance_raw_daily
2015-03-20,965.0,970.0,950.0,950.0,206.5492706298828,38715200,0.0,0.0,yfinance_raw_daily
2015-03-23,960.0,980.0,960.0,970.0,210.89767456054688,53965300,0.0,0.0,yfinance_raw_daily
2015-03-24,975.0,995.0,975.0,975.0,211.9848175048828,40123200,0.0,0.0,yfinance_raw_daily
2015-03-25,980.0,985.0,960.0,965.0,209.81057739257812,38577900,0.0,0.0,yfinance_raw_daily
2015-03-26,955.0,970.0,935.0,945.0,205.4622039794922,39422900,0.0,0.0,yfinance_raw_daily
2015-03-27,945.0,955.0,935.0,950.0,206.5492706298828,29895000,0.0,0.0,yfinance_raw_daily
2015-03-30,960.0,965.0,950.0,960.0,208.72349548339844,29992400,0.0,0.0,yfinance_raw_daily
2015-03-31,970.0,970.0,950.0,950.0,206.5492706298828,45247600,0.0,0.0,yfinance_raw_daily
2015-04-01,955.0,965.0,950.0,960.0,208.72349548339844,30102300,0.0,0.0,yfinance_raw_daily
2015-04-02,960.0,985.0,960.0,980.0,213.0718994140625,51529300,0.0,0.0,yfinance_raw_daily
2015-04-06,990.0,990.0,975.0,980.0,213.0718994140625,7867900,0.0,0.0,yfinance_raw_daily
2015-04-07,985.0,990.0,975.0,980.0,213.0718994140625,11253100,0.0,0.0,yfinance_raw_daily
2015-04-08,980.0,985.0,965.0,965.0,209.81057739257812,28447700,0.0,0.0,yfinance_raw_daily
2015-04-09,965.0,980.0,965.0,980.0,213.0718994140625,19664300,0.0,0.0,yfinance_raw_daily
2015-04-10,980.0,980.0,960.0,975.0,211.9848175048828,18829300,0.0,0.0,yfinance_raw_daily
2015-04-13,955.0,980.0,955.0,955.0,207.6363983154297,34572100,0.0,0.0,yfinance_raw_daily
2015-04-14,960.0,970.0,950.0,955.0,207.6363983154297,31528700,0.0,0.0,yfinance_raw_daily
2015-04-15,960.0,965.0,950.0,960.0,208.72349548339844,24239500,0.0,0.0,yfinance_raw_daily
2015-04-16,970.0,980.0,965.0,965.0,209.81057739257812,43366900,0.0,0.0,yfinance_raw_daily
2015-04-17,960.0,980.0,960.0,960.0,208.72349548339844,31686000,0.0,0.0,yfinance_raw_daily
2015-04-20,965.0,965.0,950.0,950.0,206.5492706298828,33905300,0.0,0.0,yfinance_raw_daily
2015-04-21,950.0,975.0,950.0,975.0,211.9848175048828,38719500,0.0,0.0,yfinance_raw_daily
2015-04-22,965.0,975.0,960.0,970.0,210.89767456054688,15330500,0.0,0.0,yfinance_raw_daily
2015-04-23,975.0,980.0,965.0,980.0,213.0718994140625,33513700,0.0,0.0,yfinance_raw_daily
2015-04-24,985.0,985.0,955.0,970.0,210.89767456054688,24627700,0.0,0.0,yfinance_raw_daily
2015-04-27,970.0,975.0,920.0,920.0,200.02670288085938,30523000,0.0,0.0,yfinance_raw_daily
2015-04-28,910.0,930.0,910.0,930.0,202.20086669921875,22389100,0.0,0.0,yfinance_raw_daily
2015-04-29,930.0,945.0,865.0,895.0,194.59117126464844,37439100,0.0,0.0,yfinance_raw_daily
2015-04-30,890.0,900.0,835.0,875.0,190.24278259277344,71354600,0.0,0.0,yfinance_raw_daily
2015-05-04,850.0,875.0,835.0,845.0,187.69277954101562,29489100,18.52,0.0,yfinance_raw_daily
2015-05-05,850.0,870.0,840.0,870.0,193.24586486816406,20350800,0.0,0.0,yfinance_raw_daily
2015-05-06,860.0,885.0,860.0,875.0,194.35647583007812,29693100,0.0,0.0,yfinance_raw_daily
2015-05-07,870.0,875.0,850.0,855.0,189.91403198242188,32087000,0.0,0.0,yfinance_raw_daily
2015-05-08,860.0,875.0,850.0,860.0,191.02462768554688,42220800,0.0,0.0,yfinance_raw_daily
2015-05-11,865.0,915.0,865.0,905.0,201.0201416015625,75644800,0.0,0.0,yfinance_raw_daily
2015-05-12,905.0,940.0,900.0,915.0,203.2413330078125,74610100,0.0,0.0,yfinance_raw_daily
2015-05-13,925.0,940.0,910.0,930.0,206.57313537597656,40996700,0.0,0.0,yfinance_raw_daily
2015-05-15,910.0,925.0,900.0,905.0,201.0201416015625,51584200,0.0,0.0,yfinance_raw_daily
2015-05-18,900.0,915.0,870.0,880.0,195.46705627441406,42190600,0.0,0.0,yfinance_raw_daily
2015-05-19,880.0,895.0,880.0,895.0,198.79888916015625,11427800,0.0,0.0,yfinance_raw_daily
2015-05-20,895.0,900.0,880.0,890.0,197.68824768066406,16965900,0.0,0.0,yfinance_raw_daily
2015-05-21,880.0,895.0,880.0,880.0,195.46705627441406,22918000,0.0,0.0,yfinance_raw_daily
2015-05-22,885.0,890.0,880.0,885.0,196.57766723632812,12946500,0.0,0.0,yfinance_raw_daily
2015-05-25,885.0,885.0,875.0,875.0,194.35647583007812,4120800,0.0,0.0,yfinance_raw_daily
2015-05-26,880.0,915.0,875.0,900.0,199.90951538085938,74172600,0.0,0.0,yfinance_raw_daily
2015-05-27,895.0,905.0,880.0,895.0,198.79888916015625,98321400,0.0,0.0,yfinance_raw_daily
2015-05-28,905.0,910.0,890.0,900.0,199.90951538085938,65621500,0.0,0.0,yfinance_raw_daily
2015-05-29,895.0,900.0,860.0,860.0,191.02462768554688,52343000,0.0,0.0,yfinance_raw_daily
2015-06-01,880.0,885.0,865.0,880.0,195.46705627441406,11883400,0.0,0.0,yfinance_raw_daily
2015-06-03,900.0,925.0,900.0,925.0,205.4625244140625,84589000,0.0,0.0,yfinance_raw_daily
2015-06-04,925.0,925.0,890.0,890.0,197.68824768066406,22566200,0.0,0.0,yfinance_raw_daily
2015-06-05,885.0,900.0,880.0,895.0,198.79888916015625,15468100,0.0,0.0,yfinance_raw_daily
2015-06-08,890.0,900.0,865.0,865.0,192.13522338867188,10203700,0.0,0.0,yfinance_raw_daily
2015-06-09,875.0,875.0,830.0,835.0,185.4716033935547,32388000,0.0,0.0,yfinance_raw_daily
2015-06-10,840.0,850.0,830.0,830.0,184.3609619140625,35508000,0.0,0.0,yfinance_raw_daily
2015-06-11,840.0,845.0,810.0,840.0,186.5821990966797,25836500,0.0,0.0,yfinance_raw_daily
2015-06-12,845.0,845.0,830.0,830.0,184.3609619140625,21243300,0.0,0.0,yfinance_raw_daily
2015-06-15,820.0,820.0,755.0,765.0,169.92308044433594,21425100,0.0,0.0,yfinance_raw_daily
2015-06-16,775.0,800.0,765.0,780.0,173.2548828125,33048600,0.0,0.0,yfinance_raw_daily
2015-06-17,790.0,810.0,790.0,805.0,178.8079376220703,22258800,0.0,0.0,yfinance_raw_daily
2015-06-18,805.0,805.0,775.0,775.0,172.14430236816406,18689500,0.0,0.0,yfinance_raw_daily
2015-06-19,795.0,810.0,780.0,810.0,179.91854858398438,34595600,0.0,0.0,yfinance_raw_daily
2015-06-22,815.0,815.0,790.0,790.0,175.4761199951172,8531100,0.0,0.0,yfinance_raw_daily
2015-06-23,800.0,805.0,780.0,785.0,174.36550903320312,26189500,0.0,0.0,yfinance_raw_daily
2015-06-24,780.0,795.0,780.0,790.0,175.4761199951172,19120800,0.0,0.0,yfinance_raw_daily
2015-06-25,780.0,790.0,775.0,780.0,173.2548828125,19526100,0.0,0.0,yfinance_raw_daily
2015-06-26,780.0,785.0,770.0,785.0,174.36550903320312,13424100,0.0,0.0,yfinance_raw_daily
2015-06-29,775.0,785.0,760.0,760.0,168.81246948242188,26013600,0.0,0.0,yfinance_raw_daily
2015-06-30,760.0,775.0,760.0,760.0,168.81246948242188,29527600,0.0,0.0,yfinance_raw_daily
2015-07-01,760.0,770.0,755.0,755.0,167.70187377929688,17910800,0.0,0.0,yfinance_raw_daily
2015-07-02,760.0,775.0,750.0,760.0,168.81246948242188,41489400,0.0,0.0,yfinance_raw_daily
2015-07-03,760.0,770.0,755.0,760.0,168.81246948242188,18505300,0.0,0.0,yfinance_raw_daily
2015-07-06,755.0,760.0,735.0,740.0,164.37001037597656,24315400,0.0,0.0,yfinance_raw_daily
2015-07-07,740.0,745.0,695.0,700.0,155.48516845703125,48893700,0.0,0.0,yfinance_raw_daily
2015-07-08,695.0,705.0,655.0,655.0,145.48965454101562,55760600,0.0,0.0,yfinance_raw_daily
2015-07-09,650.0,665.0,605.0,630.0,139.9366455078125,117369100,0.0,0.0,yfinance_raw_daily
2015-07-10,635.0,655.0,620.0,635.0,141.04722595214844,59980300,0.0,0.0,yfinance_raw_daily
2015-07-13,640.0,645.0,610.0,620.0,137.71542358398438,36732400,0.0,0.0,yfinance_raw_daily
2015-07-14,620.0,625.0,580.0,585.0,129.94119262695312,78181500,0.0,0.0,yfinance_raw_daily
2015-07-15,590.0,605.0,585.0,595.0,132.16236877441406,56210600,0.0,0.0,yfinance_raw_daily
2015-07-22,600.0,600.0,560.0,575.0,127.719970703125,89347100,0.0,0.0,yfinance_raw_daily
2015-07-23,580.0,600.0,575.0,595.0,132.16236877441406,73346000,0.0,0.0,yfinance_raw_daily
2015-07-24,590.0,595.0,555.0,560.0,124.38812255859375,62430800,0.0,0.0,yfinance_raw_daily
2015-07-27,560.0,575.0,550.0,555.0,123.27755737304688,38267800,0.0,0.0,yfinance_raw_daily
2015-07-28,565.0,600.0,550.0,600.0,133.27301025390625,92650400,0.0,0.0,yfinance_raw_daily
2015-07-29,600.0,615.0,575.0,590.0,131.05174255371094,122011200,0.0,0.0,yfinance_raw_daily
2015-07-30,600.0,600.0,580.0,585.0,129.94119262695312,44238800,0.0,0.0,yfinance_raw_daily
2015-07-31,590.0,595.0,580.0,590.0,131.05174255371094,61646400,0.0,0.0,yfinance_raw_daily
2015-08-03,590.0,595.0,560.0,570.0,126.60932159423828,42026900,0.0,0.0,yfinance_raw_daily
2015-08-04,570.0,600.0,565.0,590.0,131.05174255371094,72399600,0.0,0.0,yfinance_raw_daily
2015-08-05,595.0,610.0,585.0,600.0,133.27301025390625,107959100,0.0,0.0,yfinance_raw_daily
2015-08-06,600.0,600.0,590.0,595.0,132.16236877441406,64433800,0.0,0.0,yfinance_raw_daily
2015-08-07,595.0,595.0,575.0,580.0,128.83058166503906,22768100,0.0,0.0,yfinance_raw_daily
2015-08-10,580.0,580.0,560.0,565.0,125.49873352050781,22817900,0.0,0.0,yfinance_raw_daily
2015-08-11,570.0,580.0,520.0,530.0,117.72449493408203,71443900,0.0,0.0,yfinance_raw_daily
2015-08-12,505.0,505.0,471.0,485.0,107.72900390625,114793200,0.0,0.0,yfinance_raw_daily
2015-08-13,491.0,505.0,489.0,498.0,110.61661529541016,50000000,0.0,0.0,yfinance_raw_daily
2015-08-14,505.0,505.0,490.0,500.0,111.06085205078125,18192900,0.0,0.0,yfinance_raw_daily
2015-08-18,492.0,500.0,484.0,487.0,108.17325592041016,39256100,0.0,0.0,yfinance_raw_daily
2015-08-19,497.0,500.0,484.0,486.0,107.95114135742188,25187000,0.0,0.0,yfinance_raw_daily
2015-08-20,491.0,491.0,480.0,484.0,107.50687408447266,21489600,0.0,0.0,yfinance_raw_daily
2015-08-21,484.0,495.0,472.0,490.0,108.8396224975586,41183000,0.0,0.0,yfinance_raw_daily
2015-08-24,480.0,480.0,467.0,474.0,105.2856674194336,27343100,0.0,0.0,yfinance_raw_daily
2015-08-25,468.0,585.0,468.0,545.0,121.0562973022461,104636200,0.0,0.0,yfinance_raw_daily
2015-08-26,540.0,580.0,520.0,540.0,119.94568634033203,79913600,0.0,0.0,yfinance_raw_daily
2015-08-27,555.0,590.0,545.0,590.0,131.05174255371094,133914400,0.0,0.0,yfinance_raw_daily
2015-08-28,605.0,650.0,600.0,620.0,137.71542358398438,113459700,0.0,0.0,yfinance_raw_daily
2015-08-31,625.0,635.0,590.0,595.0,132.16236877441406,83799700,0.0,0.0,yfinance_raw_daily
2015-09-01,595.0,620.0,575.0,575.0,127.719970703125,48381200,0.0,0.0,yfinance_raw_daily
2015-09-02,565.0,615.0,555.0,610.0,135.4942169189453,54742600,0.0,0.0,yfinance_raw_daily
2015-09-03,620.0,630.0,610.0,620.0,137.71542358398438,29831600,0.0,0.0,yfinance_raw_daily
2015-09-04,620.0,620.0,570.0,580.0,128.83058166503906,26990500,0.0,0.0,yfinance_raw_daily
2015-09-07,580.0,595.0,555.0,555.0,123.27755737304688,13476500,0.0,0.0,yfinance_raw_daily
2015-09-08,555.0,585.0,555.0,570.0,126.60932159423828,18473500,0.0,0.0,yfinance_raw_daily
2015-09-09,580.0,595.0,575.0,580.0,128.83058166503906,55359600,0.0,0.0,yfinance_raw_daily
2015-09-10,570.0,570.0,540.0,540.0,119.94568634033203,70379600,0.0,0.0,yfinance_raw_daily
2015-09-11,550.0,565.0,545.0,565.0,125.49873352050781,39508500,0.0,0.0,yfinance_raw_daily
2015-09-14,575.0,585.0,565.0,570.0,126.60932159423828,32968200,0.0,0.0,yfinance_raw_daily
2015-09-15,575.0,580.0,560.0,580.0,128.83058166503906,20795300,0.0,0.0,yfinance_raw_daily
2015-09-16,590.0,590.0,565.0,570.0,126.60932159423828,21934600,0.0,0.0,yfinance_raw_daily
2015-09-17,585.0,590.0,575.0,585.0,129.94119262695312,28647000,0.0,0.0,yfinance_raw_daily
2015-09-18,585.0,610.0,580.0,600.0,133.27301025390625,52793000,0.0,0.0,yfinance_raw_daily
2015-09-21,590.0,610.0,585.0,600.0,133.27301025390625,18031000,0.0,0.0,yfinance_raw_daily
2015-09-22,605.0,615.0,590.0,595.0,132.16236877441406,31076200,0.0,0.0,yfinance_raw_daily
2015-09-23,590.0,595.0,570.0,580.0,128.83058166503906,35778500,0.0,0.0,yfinance_raw_daily
2015-09-25,580.0,585.0,565.0,585.0,129.94119262695312,20845800,0.0,0.0,yfinance_raw_daily
2015-09-28,585.0,590.0,550.0,550.0,122.16693115234375,25683000,0.0,0.0,yfinance_raw_daily
2015-09-29,525.0,540.0,510.0,535.0,118.8351058959961,43829100,0.0,0.0,yfinance_raw_daily
2015-09-30,520.0,540.0,515.0,535.0,118.8351058959961,50832400,0.0,0.0,yfinance_raw_daily
2015-10-01,515.0,545.0,515.0,530.0,117.72449493408203,41875400,0.0,0.0,yfinance_raw_daily
2015-10-02,525.0,530.0,515.0,520.0,115.50325012207031,37995400,0.0,0.0,yfinance_raw_daily
2015-10-05,525.0,540.0,525.0,535.0,118.8351058959961,71060000,0.0,0.0,yfinance_raw_daily
2015-10-06,545.0,570.0,540.0,560.0,124.38812255859375,105348100,0.0,0.0,yfinance_raw_daily
2015-10-07,570.0,630.0,570.0,615.0,136.60482788085938,113588900,0.0,0.0,yfinance_raw_daily
2015-10-08,620.0,625.0,590.0,620.0,137.71542358398438,54064100,0.0,0.0,yfinance_raw_daily
2015-10-09,635.0,710.0,635.0,680.0,151.042724609375,139746400,0.0,0.0,yfinance_raw_daily
2015-10-12,685.0,705.0,680.0,700.0,155.48516845703125,69745500,0.0,0.0,yfinance_raw_daily
2015-10-13,695.0,695.0,635.0,635.0,141.04722595214844,64542200,0.0,0.0,yfinance_raw_daily
2015-10-15,635.0,665.0,620.0,640.0,142.15785217285156,50511700,0.0,0.0,yfinance_raw_daily
2015-10-16,650.0,675.0,620.0,640.0,142.15785217285156,83794500,0.0,0.0,yfinance_raw_daily
2015-10-19,650.0,660.0,635.0,645.0,143.2684783935547,41242600,0.0,0.0,yfinance_raw_daily
2015-10-20,640.0,695.0,640.0,670.0,148.821533203125,65585400,0.0,0.0,yfinance_raw_daily
2015-10-21,685.0,695.0,645.0,650.0,144.37908935546875,40118100,0.0,0.0,yfinance_raw_daily
2015-10-22,650.0,655.0,630.0,635.0,141.04722595214844,20833800,0.0,0.0,yfinance_raw_daily
2015-10-23,650.0,675.0,645.0,670.0,148.821533203125,41685800,0.0,0.0,yfinance_raw_daily
2015-10-26,675.0,680.0,660.0,680.0,151.042724609375,29360000,0.0,0.0,yfinance_raw_daily
2015-10-27,675.0,675.0,650.0,665.0,147.7108917236328,26559300,0.0,0.0,yfinance_raw_daily
2015-10-28,650.0,660.0,645.0,650.0,144.37908935546875,46403400,0.0,0.0,yfinance_raw_daily
2015-10-29,650.0,660.0,605.0,615.0,136.60482788085938,52195800,0.0,0.0,yfinance_raw_daily
2015-10-30,610.0,620.0,585.0,595.0,132.16236877441406,56685100,0.0,0.0,yfinance_raw_daily
2015-11-02,600.0,615.0,590.0,610.0,135.4942169189453,56478200,0.0,0.0,yfinance_raw_daily
2015-11-03,620.0,645.0,620.0,640.0,142.15785217285156,47294000,0.0,0.0,yfinance_raw_daily
2015-11-04,650.0,660.0,645.0,655.0,145.48965454101562,27079600,0.0,0.0,yfinance_raw_daily
2015-11-05,650.0,655.0,625.0,630.0,139.9366455078125,23635000,0.0,0.0,yfinance_raw_daily
2015-11-06,640.0,645.0,620.0,620.0,137.71542358398438,16882600,0.0,0.0,yfinance_raw_daily
2015-11-09,630.0,640.0,615.0,615.0,136.60482788085938,33695000,0.0,0.0,yfinance_raw_daily
2015-11-10,615.0,635.0,610.0,610.0,135.4942169189453,21585100,0.0,0.0,yfinance_raw_daily
2015-11-11,615.0,645.0,605.0,640.0,142.15785217285156,55608800,0.0,0.0,yfinance_raw_daily
2015-11-12,640.0,645.0,610.0,610.0,135.4942169189453,30923600,0.0,0.0,yfinance_raw_daily
2015-11-13,600.0,610.0,580.0,580.0,128.83058166503906,41801100,0.0,0.0,yfinance_raw_daily
2015-11-16,575.0,575.0,555.0,560.0,124.38812255859375,33624400,0.0,0.0,yfinance_raw_daily
2015-11-17,570.0,575.0,555.0,555.0,123.27755737304688,32827500,0.0,0.0,yfinance_raw_daily
2015-11-18,560.0,580.0,555.0,575.0,127.719970703125,50065700,0.0,0.0,yfinance_raw_daily
2015-11-19,585.0,605.0,585.0,600.0,133.27301025390625,38095700,0.0,0.0,yfinance_raw_daily
2015-11-20,605.0,605.0,585.0,585.0,129.94119262695312,24639500,0.0,0.0,yfinance_raw_daily
2015-11-23,595.0,595.0,570.0,570.0,126.60932159423828,16615200,0.0,0.0,yfinance_raw_daily
2015-11-24,560.0,580.0,560.0,565.0,125.49873352050781,26456300,0.0,0.0,yfinance_raw_daily
2015-11-25,565.0,585.0,565.0,585.0,129.94119262695312,29068300,0.0,0.0,yfinance_raw_daily
2015-11-26,590.0,595.0,580.0,585.0,129.94119262695312,33676700,0.0,0.0,yfinance_raw_daily
2015-11-27,585.0,585.0,565.0,565.0,125.49873352050781,13492100,0.0,0.0,yfinance_raw_daily
2015-11-30,555.0,565.0,525.0,550.0,122.16693115234375,97767700,0.0,0.0,yfinance_raw_daily
2015-12-01,555.0,560.0,540.0,545.0,121.0562973022461,29597500,0.0,0.0,yfinance_raw_daily
2015-12-02,550.0,550.0,530.0,540.0,119.94568634033203,30631900,0.0,0.0,yfinance_raw_daily
2015-12-03,535.0,535.0,525.0,535.0,118.8351058959961,23564400,0.0,0.0,yfinance_raw_daily
2015-12-04,525.0,540.0,520.0,525.0,116.61386108398438,38775500,0.0,0.0,yfinance_raw_daily
2015-12-07,525.0,530.0,510.0,510.0,113.28206634521484,25420300,0.0,0.0,yfinance_raw_daily
2015-12-08,500.0,515.0,490.0,490.0,108.8396224975586,51571400,0.0,0.0,yfinance_raw_daily
2015-12-09,490.0,490.0,490.0,490.0,108.8396224975586,0,0.0,0.0,yfinance_raw_daily
2015-12-10,490.0,498.0,472.0,475.0,105.50778198242188,57739100,0.0,0.0,yfinance_raw_daily
2015-12-11,480.0,494.0,475.0,485.0,107.72900390625,50630100,0.0,0.0,yfinance_raw_daily
2015-12-14,475.0,482.0,475.0,477.0,105.9520263671875,23373700,0.0,0.0,yfinance_raw_daily
2015-12-15,477.0,482.0,441.0,463.0,102.84235382080078,86173200,0.0,0.0,yfinance_raw_daily
2015-12-16,465.0,510.0,458.0,492.0,109.28387451171875,75487800,0.0,0.0,yfinance_raw_daily
2015-12-17,500.0,530.0,498.0,510.0,113.28206634521484,61663900,0.0,0.0,yfinance_raw_daily
2015-12-18,505.0,515.0,490.0,490.0,108.8396224975586,53107300,0.0,0.0,yfinance_raw_daily
2015-12-21,494.0,505.0,494.0,495.0,109.95023345947266,13810400,0.0,0.0,yfinance_raw_daily
2015-12-22,500.0,510.0,497.0,500.0,111.06085205078125,23605600,0.0,0.0,yfinance_raw_daily
2015-12-23,505.0,505.0,500.0,500.0,111.06085205078125,5305200,0.0,0.0,yfinance_raw_daily
2015-12-28,505.0,520.0,500.0,510.0,113.28206634521484,19929200,0.0,0.0,yfinance_raw_daily
2015-12-29,505.0,520.0,500.0,520.0,119.07313537597656,23874300,15.29,0.0,yfinance_raw_daily
2015-12-30,530.0,530.0,515.0,515.0,117.92819213867188,8157900,0.0,0.0,yfinance_raw_daily
2016-01-04,510.0,515.0,494.0,494.0,113.11943817138672,20864700,0.0,0.0,yfinance_raw_daily
2016-01-05,500.0,510.0,495.0,499.0,114.26439666748047,22509400,0.0,0.0,yfinance_raw_daily
2016-01-06,499.0,510.0,495.0,500.0,114.49340057373047,49150500,0.0,0.0,yfinance_raw_daily
2016-01-07,495.0,500.0,485.0,485.0,111.05860137939453,23583700,0.0,0.0,yfinance_raw_daily
2016-01-08,490.0,499.0,490.0,493.0,112.89049530029297,18186900,0.0,0.0,yfinance_raw_daily
2016-01-11,493.0,499.0,486.0,486.0,111.28759002685547,16960400,0.0,0.0,yfinance_raw_daily
2016-01-12,486.0,490.0,481.0,481.0,110.14265441894531,9916000,0.0,0.0,yfinance_raw_daily
2016-01-13,481.0,488.0,473.0,473.0,108.31073760986328,33103100,0.0,0.0,yfinance_raw_daily
2016-01-14,469.0,471.0,450.0,464.0,106.24987030029297,39855900,0.0,0.0,yfinance_raw_daily
2016-01-15,467.0,469.0,449.0,449.0,102.81505584716797,43145700,0.0,0.0,yfinance_raw_daily
2016-01-18,440.0,452.0,439.0,450.0,103.04405212402344,18252000,0.0,0.0,yfinance_raw_daily
2016-01-19,453.0,463.0,451.0,461.0,105.56291198730469,21765700,0.0,0.0,yfinance_raw_daily
2016-01-20,460.0,466.0,437.0,437.0,100.06721496582031,34931000,0.0,0.0,yfinance_raw_daily
2016-01-21,441.0,462.0,441.0,450.0,103.04405212402344,58460600,0.0,0.0,yfinance_raw_daily
2016-01-22,460.0,520.0,456.0,515.0,117.92819213867188,72436400,0.0,0.0,yfinance_raw_daily
2016-01-25,525.0,530.0,497.0,498.0,114.03540802001953,38617800,0.0,0.0,yfinance_raw_daily
2016-01-26,493.0,493.0,476.0,476.0,108.9977035522461,28174300,0.0,0.0,yfinance_raw_daily
2016-01-27,488.0,495.0,475.0,477.0,109.22669219970703,33993700,0.0,0.0,yfinance_raw_daily
2016-01-28,490.0,520.0,490.0,520.0,119.07313537597656,58883600,0.0,0.0,yfinance_raw_daily
2016-01-29,530.0,540.0,510.0,525.0,120.21807098388672,57287200,0.0,0.0,yfinance_raw_daily
2016-02-01,535.0,535.0,500.0,515.0,117.92819213867188,26262500,0.0,0.0,yfinance_raw_daily
2016-02-02,500.0,580.0,500.0,555.0,127.08769226074219,90998400,0.0,0.0,yfinance_raw_daily
2016-02-03,545.0,580.0,535.0,575.0,131.6674041748047,41812400,0.0,0.0,yfinance_raw_daily
2016-02-04,585.0,630.0,570.0,620.0,141.97178649902344,83785500,0.0,0.0,yfinance_raw_daily
2016-02-05,620.0,655.0,620.0,640.0,146.55152893066406,65810000,0.0,0.0,yfinance_raw_daily
2016-02-09,620.0,625.0,580.0,590.0,135.10218811035156,38287700,0.0,0.0,yfinance_raw_daily
2016-02-10,575.0,595.0,565.0,575.0,131.6674041748047,31382800,0.0,0.0,yfinance_raw_daily
2016-02-11,575.0,615.0,575.0,605.0,138.53701782226562,68311400,0.0,0.0,yfinance_raw_daily
2016-02-12,600.0,610.0,585.0,600.0,137.39210510253906,15988700,0.0,0.0,yfinance_raw_daily
2016-02-15,610.0,620.0,580.0,585.0,133.95729064941406,34291700,0.0,0.0,yfinance_raw_daily
2016-02-16,595.0,620.0,590.0,615.0,140.82688903808594,81378100,0.0,0.0,yfinance_raw_daily
2016-02-17,615.0,630.0,610.0,620.0,141.97178649902344,34475500,0.0,0.0,yfinance_raw_daily
2016-02-18,630.0,645.0,595.0,605.0,138.53701782226562,83521600,0.0,0.0,yfinance_raw_daily
2016-02-19,595.0,620.0,580.0,585.0,133.95729064941406,43709100,0.0,0.0,yfinance_raw_daily
2016-02-22,590.0,600.0,580.0,595.0,136.24713134765625,28073500,0.0,0.0,yfinance_raw_daily
2016-02-23,610.0,615.0,595.0,595.0,136.24713134765625,38870400,0.0,0.0,yfinance_raw_daily
2016-02-24,600.0,605.0,585.0,595.0,136.24713134765625,11648400,0.0,0.0,yfinance_raw_daily
2016-02-25,605.0,605.0,570.0,570.0,130.52249145507812,23202200,0.0,0.0,yfinance_raw_daily
2016-02-26,585.0,600.0,575.0,600.0,137.39210510253906,45239100,0.0,0.0,yfinance_raw_daily
2016-02-29,600.0,610.0,595.0,605.0,138.53701782226562,55046300,0.0,0.0,yfinance_raw_daily
2016-03-01,610.0,670.0,610.0,670.0,153.42117309570312,116186800,0.0,0.0,yfinance_raw_daily
2016-03-02,685.0,690.0,655.0,660.0,151.13124084472656,88331000,0.0,0.0,yfinance_raw_daily
2016-03-03,665.0,675.0,645.0,650.0,148.8414306640625,59366500,0.0,0.0,yfinance_raw_daily
2016-03-04,660.0,685.0,660.0,680.0,155.71096801757812,68511600,0.0,0.0,yfinance_raw_daily
2016-03-07,685.0,745.0,685.0,745.0,170.5951385498047,98166600,0.0,0.0,yfinance_raw_daily
2016-03-08,755.0,795.0,755.0,790.0,180.89955139160156,121621600,0.0,0.0,yfinance_raw_daily
2016-03-10,775.0,800.0,760.0,770.0,176.31982421875,46094300,0.0,0.0,yfinance_raw_daily
2016-03-11,770.0,770.0,770.0,770.0,176.31982421875,0,0.0,0.0,yfinance_raw_daily
2016-03-14,770.0,770.0,770.0,770.0,176.31982421875,0,0.0,0.0,yfinance_raw_daily
2016-03-15,735.0,735.0,700.0,700.0,160.290771484375,59714800,0.0,0.0,yfinance_raw_daily
2016-03-16,705.0,735.0,700.0,730.0,167.1603546142578,51766200,0.0,0.0,yfinance_raw_daily
2016-03-17,745.0,755.0,735.0,745.0,170.5951385498047,78010700,0.0,0.0,yfinance_raw_daily
2016-03-18,755.0,760.0,680.0,680.0,155.71096801757812,151788800,0.0,0.0,yfinance_raw_daily
2016-03-21,685.0,715.0,680.0,705.0,161.43568420410156,117395800,0.0,0.0,yfinance_raw_daily
2016-03-22,710.0,720.0,690.0,695.0,159.14584350585938,52999800,0.0,0.0,yfinance_raw_daily
2016-03-23,695.0,705.0,690.0,690.0,158.00086975097656,29536900,0.0,0.0,yfinance_raw_daily
2016-03-24,680.0,685.0,645.0,660.0,151.13124084472656,53219000,0.0,0.0,yfinance_raw_daily
2016-03-28,660.0,680.0,655.0,670.0,153.42117309570312,26770200,0.0,0.0,yfinance_raw_daily
2016-03-29,665.0,670.0,650.0,650.0,148.8414306640625,25590300,0.0,0.0,yfinance_raw_daily
2016-03-30,660.0,670.0,650.0,665.0,152.27621459960938,36860100,0.0,0.0,yfinance_raw_daily
2016-03-31,665.0,670.0,640.0,645.0,147.69647216796875,75955400,0.0,0.0,yfinance_raw_daily
2016-04-01,645.0,665.0,645.0,665.0,152.27621459960938,35984400,0.0,0.0,yfinance_raw_daily
2016-04-04,665.0,690.0,655.0,680.0,155.71096801757812,55100400,0.0,0.0,yfinance_raw_daily
2016-04-05,680.0,685.0,670.0,670.0,153.42117309570312,22776400,0.0,0.0,yfinance_raw_daily
2016-04-06,665.0,695.0,665.0,695.0,159.14584350585938,68269900,0.0,0.0,yfinance_raw_daily
2016-04-07,705.0,715.0,690.0,690.0,158.00086975097656,86828800,0.0,0.0,yfinance_raw_daily
2016-04-08,685.0,705.0,680.0,705.0,161.43568420410156,46140600,0.0,0.0,yfinance_raw_daily
2016-04-11,705.0,705.0,705.0,705.0,161.43568420410156,0,0.0,0.0,yfinance_raw_daily
2016-04-12,710.0,715.0,695.0,695.0,159.14584350585938,63438200,0.0,0.0,yfinance_raw_daily
2016-04-13,695.0,695.0,695.0,695.0,159.14584350585938,0,0.0,0.0,yfinance_raw_daily
2016-04-14,695.0,695.0,695.0,695.0,159.14584350585938,0,0.0,0.0,yfinance_raw_daily
2016-04-15,695.0,695.0,695.0,695.0,159.14584350585938,0,0.0,0.0,yfinance_raw_daily
2016-04-18,695.0,695.0,695.0,695.0,159.14584350585938,0,0.0,0.0,yfinance_raw_daily
2016-04-19,695.0,695.0,695.0,695.0,159.14584350585938,0,0.0,0.0,yfinance_raw_daily
2016-04-20,700.0,730.0,700.0,720.0,164.8704833984375,67197300,0.0,0.0,yfinance_raw_daily
2016-04-21,760.0,760.0,725.0,750.0,171.74009704589844,128642400,0.0,0.0,yfinance_raw_daily
2016-04-22,750.0,760.0,735.0,745.0,170.5951385498047,62149600,0.0,0.0,yfinance_raw_daily
2016-04-25,745.0,770.0,740.0,750.0,171.74009704589844,57883600,0.0,0.0,yfinance_raw_daily
2016-04-26,745.0,745.0,710.0,720.0,168.61138916015625,54010700,16.64,0.0,yfinance_raw_daily
2016-04-27,735.0,735.0,710.0,725.0,169.7823028564453,24575300,0.0,0.0,yfinance_raw_daily
2016-04-28,735.0,745.0,715.0,735.0,172.12413024902344,36285700,0.0,0.0,yfinance_raw_daily
2016-04-29,730.0,735.0,715.0,730.0,170.95323181152344,32940600,0.0,0.0,yfinance_raw_daily
2016-05-02,720.0,730.0,695.0,715.0,167.44049072265625,22677400,0.0,0.0,yfinance_raw_daily
2016-05-03,725.0,725.0,705.0,715.0,167.44049072265625,23686200,0.0,0.0,yfinance_raw_daily
2016-05-04,705.0,720.0,695.0,720.0,168.61138916015625,29309400,0.0,0.0,yfinance_raw_daily
2016-05-09,710.0,715.0,675.0,695.0,162.75685119628906,51182600,0.0,0.0,yfinance_raw_daily
2016-05-10,675.0,685.0,655.0,665.0,155.73133850097656,41210800,0.0,0.0,yfinance_raw_daily
2016-05-11,685.0,700.0,660.0,685.0,160.4149932861328,45489500,0.0,0.0,yfinance_raw_daily
2016-05-12,685.0,700.0,685.0,695.0,162.75685119628906,13931200,0.0,0.0,yfinance_raw_daily
2016-05-13,690.0,695.0,670.0,670.0,156.9022674560547,18858300,0.0,0.0,yfinance_raw_daily
2016-05-16,670.0,695.0,665.0,685.0,160.4149932861328,22269100,0.0,0.0,yfinance_raw_daily
2016-05-17,700.0,710.0,680.0,695.0,162.75685119628906,57066400,0.0,0.0,yfinance_raw_daily
2016-05-18,690.0,705.0,680.0,690.0,161.5859375,32205900,0.0,0.0,yfinance_raw_daily
2016-05-19,685.0,685.0,675.0,675.0,158.0731964111328,18045700,0.0,0.0,yfinance_raw_daily
2016-05-20,680.0,685.0,670.0,670.0,156.9022674560547,14823000,0.0,0.0,yfinance_raw_daily
2016-05-23,675.0,685.0,670.0,670.0,156.9022674560547,15803300,0.0,0.0,yfinance_raw_daily
2016-05-24,675.0,680.0,655.0,660.0,154.5604705810547,25891000,0.0,0.0,yfinance_raw_daily
2016-05-25,670.0,690.0,670.0,680.0,159.24407958984375,31283500,0.0,0.0,yfinance_raw_daily
2016-05-26,685.0,705.0,675.0,700.0,163.92771911621094,85473800,0.0,0.0,yfinance_raw_daily
2016-05-27,710.0,710.0,690.0,695.0,162.75685119628906,38241700,0.0,0.0,yfinance_raw_daily
2016-05-30,700.0,710.0,695.0,695.0,162.75685119628906,27024600,0.0,0.0,yfinance_raw_daily
2016-05-31,700.0,710.0,690.0,710.0,166.2695770263672,46578400,0.0,0.0,yfinance_raw_daily
2016-06-01,710.0,725.0,705.0,720.0,168.61138916015625,56813300,0.0,0.0,yfinance_raw_daily
2016-06-02,725.0,770.0,720.0,755.0,176.80776977539062,138655100,0.0,0.0,yfinance_raw_daily
2016-06-03,760.0,825.0,760.0,815.0,190.8587188720703,179658900,0.0,0.0,yfinance_raw_daily
2016-06-06,825.0,845.0,815.0,840.0,196.7133331298828,76310600,0.0,0.0,yfinance_raw_daily
2016-06-07,845.0,915.0,830.0,910.0,213.10606384277344,152664400,0.0,0.0,yfinance_raw_daily
2016-06-08,920.0,930.0,870.0,870.0,203.7388153076172,129151500,0.0,0.0,yfinance_raw_daily
2016-06-09,880.0,945.0,870.0,925.0,216.61880493164062,146643500,0.0,0.0,yfinance_raw_daily
2016-06-10,925.0,935.0,880.0,890.0,208.42236328125,56784600,0.0,0.0,yfinance_raw_daily
2016-06-13,870.0,875.0,855.0,860.0,201.39694213867188,25752900,0.0,0.0,yfinance_raw_daily
2016-06-14,860.0,895.0,845.0,845.0,197.88421630859375,60803700,0.0,0.0,yfinance_raw_daily
2016-06-15,845.0,875.0,830.0,865.0,202.56787109375,101326400,0.0,0.0,yfinance_raw_daily
2016-06-16,865.0,865.0,840.0,845.0,197.88421630859375,64139600,0.0,0.0,yfinance_raw_daily
2016-06-17,840.0,850.0,800.0,800.0,187.34596252441406,127461100,0.0,0.0,yfinance_raw_daily
2016-06-20,815.0,850.0,815.0,845.0,197.88421630859375,86181500,0.0,0.0,yfinance_raw_daily
2016-06-21,855.0,865.0,840.0,845.0,197.88421630859375,92011600,0.0,0.0,yfinance_raw_daily
2016-06-22,850.0,870.0,845.0,845.0,197.88421630859375,81429700,0.0,0.0,yfinance_raw_daily
2016-06-23,850.0,865.0,840.0,850.0,199.0551300048828,96179200,0.0,0.0,yfinance_raw_daily
2016-06-24,850.0,855.0,805.0,840.0,196.7133331298828,72701300,0.0,0.0,yfinance_raw_daily
2016-06-27,830.0,840.0,820.0,835.0,195.54241943359375,22530000,0.0,0.0,yfinance_raw_daily
2016-06-28,835.0,865.0,830.0,855.0,200.22604370117188,58494900,0.0,0.0,yfinance_raw_daily
2016-06-29,865.0,885.0,845.0,855.0,200.22604370117188,69076000,0.0,0.0,yfinance_raw_daily
2016-06-30,870.0,875.0,850.0,850.0,199.0551300048828,101257100,0.0,0.0,yfinance_raw_daily
2016-07-01,860.0,895.0,860.0,885.0,207.25152587890625,73994700,0.0,0.0,yfinance_raw_daily
2016-07-11,900.0,940.0,900.0,925.0,216.61880493164062,122161400,0.0,0.0,yfinance_raw_daily
2016-07-12,930.0,980.0,915.0,970.0,227.15699768066406,120026800,0.0,0.0,yfinance_raw_daily
2016-07-13,1025.0,1075.0,990.0,1025.0,240.0370330810547,108673800,0.0,0.0,yfinance_raw_daily
2016-07-14,1045.0,1070.0,1030.0,1040.0,243.5498046875,60585100,0.0,0.0,yfinance_raw_daily
2016-07-15,1045.0,1060.0,995.0,995.0,233.01161193847656,84782600,0.0,0.0,yfinance_raw_daily
2016-07-18,1020.0,1040.0,1005.0,1030.0,241.2080078125,54946100,0.0,0.0,yfinance_raw_daily
2016-07-19,1030.0,1050.0,1015.0,1025.0,240.0370330810547,73371200,0.0,0.0,yfinance_raw_daily
2016-07-20,1020.0,1065.0,1020.0,1035.0,242.3789520263672,71954300,0.0,0.0,yfinance_raw_daily
2016-07-21,1050.0,1055.0,1035.0,1055.0,247.0625762939453,45179900,0.0,0.0,yfinance_raw_daily
2016-07-22,1055.0,1060.0,1040.0,1050.0,245.89157104492188,52971200,0.0,0.0,yfinance_raw_daily
2016-07-25,1045.0,1070.0,1030.0,1070.0,250.57530212402344,57399500,0.0,0.0,yfinance_raw_daily
2016-07-26,1070.0,1090.0,1060.0,1060.0,248.23345947265625,25771800,0.0,0.0,yfinance_raw_daily
2016-07-27,1065.0,1065.0,1025.0,1045.0,244.72071838378906,51285000,0.0,0.0,yfinance_raw_daily
2016-07-28,1045.0,1070.0,1035.0,1060.0,248.23345947265625,35854700,0.0,0.0,yfinance_raw_daily
2016-07-29,1055.0,1070.0,1000.0,1040.0,243.5498046875,59644500,0.0,0.0,yfinance_raw_daily
2016-08-01,1040.0,1045.0,1015.0,1040.0,243.5498046875,30694600,0.0,0.0,yfinance_raw_daily
2016-08-02,1055.0,1120.0,1055.0,1105.0,258.77166748046875,127834300,0.0,0.0,yfinance_raw_daily
2016-08-03,1105.0,1190.0,1105.0,1140.0,266.96807861328125,113150500,0.0,0.0,yfinance_raw_daily
2016-08-04,1110.0,1185.0,1110.0,1110.0,259.9426574707031,88600800,0.0,0.0,yfinance_raw_daily
2016-08-05,1120.0,1155.0,1120.0,1145.0,268.13897705078125,59447500,0.0,0.0,yfinance_raw_daily
2016-08-08,1150.0,1165.0,1140.0,1150.0,269.3099060058594,48490400,0.0,0.0,yfinance_raw_daily
2016-08-09,1170.0,1200.0,1155.0,1200.0,281.01898193359375,54767900,0.0,0.0,yfinance_raw_daily
2016-08-10,1200.0,1200.0,1140.0,1155.0,270.4807434082031,40375000,0.0,0.0,yfinance_raw_daily
2016-08-11,1145.0,1145.0,1085.0,1085.0,254.0879364013672,50895300,0.0,0.0,yfinance_raw_daily
2016-08-12,1130.0,1145.0,1110.0,1135.0,265.79718017578125,59554300,0.0,0.0,yfinance_raw_daily
2016-08-15,1140.0,1150.0,1105.0,1120.0,262.2843933105469,27618900,0.0,0.0,yfinance_raw_daily
2016-08-16,1120.0,1170.0,1110.0,1145.0,268.13897705078125,76650200,0.0,0.0,yfinance_raw_daily
2016-08-18,1160.0,1175.0,1150.0,1170.0,273.9935607910156,47235700,0.0,0.0,yfinance_raw_daily
2016-08-19,1150.0,1165.0,1100.0,1105.0,258.77166748046875,84563100,0.0,0.0,yfinance_raw_daily
2016-08-22,1110.0,1130.0,1100.0,1115.0,261.11346435546875,29897500,0.0,0.0,yfinance_raw_daily
2016-08-23,1115.0,1115.0,1065.0,1080.0,252.9171142578125,54612400,0.0,0.0,yfinance_raw_daily
2016-08-24,1090.0,1090.0,1055.0,1060.0,248.23345947265625,31402200,0.0,0.0,yfinance_raw_daily
2016-08-25,1060.0,1105.0,1055.0,1100.0,257.6007995605469,41764000,0.0,0.0,yfinance_raw_daily
2016-08-26,1100.0,1115.0,1065.0,1080.0,252.9171142578125,27860900,0.0,0.0,yfinance_raw_daily
2016-08-29,1080.0,1095.0,1050.0,1065.0,249.40438842773438,28237000,0.0,0.0,yfinance_raw_daily
2016-08-30,1100.0,1135.0,1070.0,1135.0,265.79718017578125,88037400,0.0,0.0,yfinance_raw_daily
2016-08-31,1145.0,1190.0,1140.0,1150.0,269.3099060058594,140249100,0.0,0.0,yfinance_raw_daily
2016-09-01,1150.0,1190.0,1135.0,1185.0,277.50628662109375,60263500,0.0,0.0,yfinance_raw_daily
2016-09-02,1175.0,1190.0,1160.0,1170.0,273.9935607910156,20989900,0.0,0.0,yfinance_raw_daily
2016-09-05,1180.0,1220.0,1180.0,1220.0,285.7026672363281,50015300,0.0,0.0,yfinance_raw_daily
2016-09-06,1230.0,1245.0,1215.0,1225.0,286.8735656738281,28467400,0.0,0.0,yfinance_raw_daily
2016-09-07,1240.0,1250.0,1205.0,1245.0,291.55718994140625,55199000,0.0,0.0,yfinance_raw_daily
2016-09-08,1245.0,1285.0,1215.0,1270.0,297.4117736816406,78698900,0.0,0.0,yfinance_raw_daily
2016-09-09,1270.0,1275.0,1230.0,1270.0,297.4117736816406,28946000,0.0,0.0,yfinance_raw_daily
2016-09-13,1250.0,1250.0,1150.0,1165.0,272.8226318359375,51705000,0.0,0.0,yfinance_raw_daily
2016-09-14,1150.0,1150.0,1105.0,1120.0,262.2843933105469,48057700,0.0,0.0,yfinance_raw_daily
2016-09-15,1120.0,1170.0,1115.0,1165.0,272.8226318359375,48206400,0.0,0.0,yfinance_raw_daily
2016-09-16,1180.0,1195.0,1155.0,1165.0,272.8226318359375,57762400,0.0,0.0,yfinance_raw_daily
2016-09-19,1180.0,1210.0,1180.0,1185.0,277.50628662109375,30242400,0.0,0.0,yfinance_raw_daily
2016-09-20,1185.0,1195.0,1165.0,1180.0,276.3353576660156,38388700,0.0,0.0,yfinance_raw_daily
2016-09-21,1175.0,1180.0,1160.0,1170.0,273.9935607910156,22453600,0.0,0.0,yfinance_raw_daily
2016-09-22,1185.0,1230.0,1185.0,1185.0,277.50628662109375,53816300,0.0,0.0,yfinance_raw_daily
2016-09-23,1210.0,1230.0,1190.0,1210.0,283.36083984375,43307900,0.0,0.0,yfinance_raw_daily
2016-09-26,1210.0,1215.0,1190.0,1200.0,281.01898193359375,13874600,0.0,0.0,yfinance_raw_daily
2016-09-27,1215.0,1215.0,1185.0,1210.0,283.36083984375,47181600,0.0,0.0,yfinance_raw_daily
2016-09-28,1215.0,1215.0,1175.0,1200.0,281.01898193359375,28554700,0.0,0.0,yfinance_raw_daily
2016-09-29,1230.0,1290.0,1230.0,1280.0,299.7535705566406,72292600,0.0,0.0,yfinance_raw_daily
2016-09-30,1270.0,1270.0,1205.0,1205.0,282.1899108886719,39165800,0.0,0.0,yfinance_raw_daily
2016-10-03,1250.0,1300.0,1250.0,1300.0,304.437255859375,41784300,0.0,0.0,yfinance_raw_daily
2016-10-04,1325.0,1345.0,1305.0,1305.0,305.6081848144531,54970000,0.0,0.0,yfinance_raw_daily
2016-10-05,1305.0,1325.0,1280.0,1290.0,302.0954284667969,32273300,0.0,0.0,yfinance_raw_daily
2016-10-06,1320.0,1370.0,1315.0,1360.0,318.4881591796875,85124600,0.0,0.0,yfinance_raw_daily
2016-10-07,1365.0,1380.0,1335.0,1375.0,322.0009765625,44233200,0.0,0.0,yfinance_raw_daily
2016-10-10,1370.0,1400.0,1345.0,1385.0,324.34283447265625,40670700,0.0,0.0,yfinance_raw_daily
2016-10-11,1400.0,1415.0,1375.0,1400.0,327.8554382324219,53416100,0.0,0.0,yfinance_raw_daily
2016-10-12,1390.0,1410.0,1385.0,1405.0,329.02642822265625,30869600,0.0,0.0,yfinance_raw_daily
2016-10-13,1415.0,1430.0,1405.0,1405.0,329.02642822265625,29637300,0.0,0.0,yfinance_raw_daily
2016-10-14,1405.0,1425.0,1390.0,1425.0,333.71014404296875,35534000,0.0,0.0,yfinance_raw_daily
2016-10-17,1435.0,1480.0,1435.0,1460.0,341.9064636230469,46657000,0.0,0.0,yfinance_raw_daily
2016-10-18,1480.0,1520.0,1440.0,1440.0,337.2227783203125,52587500,0.0,0.0,yfinance_raw_daily
2016-10-19,1485.0,1545.0,1485.0,1530.0,358.29925537109375,88032300,0.0,0.0,yfinance_raw_daily
2016-10-20,1530.0,1540.0,1505.0,1510.0,353.61553955078125,35639200,0.0,0.0,yfinance_raw_daily
2016-10-21,1510.0,1545.0,1450.0,1500.0,351.2737731933594,112802300,0.0,0.0,yfinance_raw_daily
2016-10-24,1500.0,1540.0,1495.0,1525.0,357.1283874511719,26332800,0.0,0.0,yfinance_raw_daily
2016-10-25,1540.0,1540.0,1520.0,1525.0,357.1283874511719,19755500,0.0,0.0,yfinance_raw_daily
2016-10-26,1545.0,1595.0,1545.0,1555.0,364.15380859375,70986300,0.0,0.0,yfinance_raw_daily
2016-10-27,1590.0,1605.0,1535.0,1550.0,362.9828796386719,60630600,0.0,0.0,yfinance_raw_daily
2016-10-28,1565.0,1585.0,1555.0,1580.0,370.0083923339844,41690800,0.0,0.0,yfinance_raw_daily
2016-10-31,1560.0,1585.0,1555.0,1585.0,371.1792907714844,23061000,0.0,0.0,yfinance_raw_daily
2016-11-01,1605.0,1650.0,1605.0,1640.0,384.0593566894531,64328600,0.0,0.0,yfinance_raw_daily
2016-11-02,1650.0,1735.0,1645.0,1720.0,402.79388427734375,69373700,0.0,0.0,yfinance_raw_daily
2016-11-03,1700.0,1710.0,1630.0,1640.0,384.0593566894531,45976000,0.0,0.0,yfinance_raw_daily
2016-11-04,1605.0,1670.0,1580.0,1670.0,391.0848388671875,80230500,0.0,0.0,yfinance_raw_daily
2016-11-07,1685.0,1710.0,1675.0,1685.0,394.5975341796875,36378900,0.0,0.0,yfinance_raw_daily
2016-11-08,1700.0,1720.0,1610.0,1630.0,381.7174377441406,91928100,0.0,0.0,yfinance_raw_daily
2016-11-09,1635.0,1645.0,1475.0,1570.0,367.6665344238281,188671200,0.0,0.0,yfinance_raw_daily
2016-11-10,1610.0,1685.0,1610.0,1650.0,386.40118408203125,129577500,0.0,0.0,yfinance_raw_daily
2016-11-11,1590.0,1695.0,1550.0,1660.0,388.742919921875,118022100,0.0,0.0,yfinance_raw_daily
2016-11-14,1650.0,1680.0,1605.0,1605.0,375.8629455566406,73161300,0.0,0.0,yfinance_raw_daily
2016-11-15,1595.0,1650.0,1465.0,1465.0,343.0773010253906,95555500,0.0,0.0,yfinance_raw_daily
2016-11-16,1490.0,1555.0,1490.0,1535.0,359.4701232910156,108525500,0.0,0.0,yfinance_raw_daily
2016-11-17,1530.0,1555.0,1500.0,1515.0,354.7865295410156,56885800,0.0,0.0,yfinance_raw_daily
2016-11-18,1500.0,1535.0,1480.0,1500.0,351.2737731933594,50646700,0.0,0.0,yfinance_raw_daily
2016-11-21,1500.0,1540.0,1480.0,1530.0,358.29925537109375,34181400,0.0,0.0,yfinance_raw_daily
2016-11-22,1555.0,1620.0,1550.0,1620.0,379.37567138671875,65668600,0.0,0.0,yfinance_raw_daily
2016-11-23,1650.0,1680.0,1595.0,1630.0,381.7174377441406,84238600,0.0,0.0,yfinance_raw_daily
2016-11-24,1635.0,1665.0,1620.0,1645.0,385.23016357421875,55037100,0.0,0.0,yfinance_raw_daily
2016-11-25,1665.0,1675.0,1635.0,1640.0,384.0593566894531,17422900,0.0,0.0,yfinance_raw_daily
2016-11-28,1660.0,1685.0,1645.0,1680.0,393.4266662597656,49400600,0.0,0.0,yfinance_raw_daily
2016-11-29,1680.0,1700.0,1630.0,1630.0,381.7174377441406,49141800,0.0,0.0,yfinance_raw_daily
2016-11-30,1660.0,1660.0,1530.0,1530.0,358.29925537109375,116047400,0.0,0.0,yfinance_raw_daily
2016-12-01,1580.0,1620.0,1580.0,1610.0,377.03387451171875,46421900,0.0,0.0,yfinance_raw_daily
2016-12-02,1620.0,1670.0,1615.0,1665.0,389.913818359375,45361800,0.0,0.0,yfinance_raw_daily
2016-12-05,1680.0,1735.0,1665.0,1730.0,405.1357421875,94942900,0.0,0.0,yfinance_raw_daily
2016-12-06,1745.0,1770.0,1720.0,1730.0,405.1357421875,57692500,0.0,0.0,yfinance_raw_daily
2016-12-07,1695.0,1720.0,1660.0,1710.0,400.45208740234375,37697300,0.0,0.0,yfinance_raw_daily
2016-12-08,1710.0,1710.0,1620.0,1650.0,386.40118408203125,36140400,0.0,0.0,yfinance_raw_daily
2016-12-09,1685.0,1700.0,1665.0,1680.0,393.4266662597656,28128900,0.0,0.0,yfinance_raw_daily
2016-12-13,1700.0,1715.0,1675.0,1700.0,398.1102600097656,44345000,0.0,0.0,yfinance_raw_daily
2016-12-14,1710.0,1710.0,1685.0,1690.0,395.7684326171875,28482200,0.0,0.0,yfinance_raw_daily
2016-12-15,1680.0,1700.0,1665.0,1670.0,391.0848388671875,25856300,0.0,0.0,yfinance_raw_daily
2016-12-16,1690.0,1710.0,1660.0,1660.0,388.742919921875,64458900,0.0,0.0,yfinance_raw_daily
2016-12-19,1685.0,1710.0,1675.0,1695.0,396.9393310546875,50934400,0.0,0.0,yfinance_raw_daily
2016-12-20,1710.0,1710.0,1665.0,1700.0,398.1102600097656,16041800,0.0,0.0,yfinance_raw_daily
2016-12-21,1710.0,1710.0,1670.0,1670.0,391.0848388671875,22800100,0.0,0.0,yfinance_raw_daily
2016-12-22,1690.0,1695.0,1650.0,1680.0,393.4266662597656,23636200,0.0,0.0,yfinance_raw_daily
2016-12-23,1680.0,1705.0,1655.0,1655.0,387.5719909667969,22587100,0.0,0.0,yfinance_raw_daily
2016-12-27,1670.0,1685.0,1665.0,1675.0,392.2556457519531,7093300,0.0,0.0,yfinance_raw_daily
2016-12-28,1695.0,1700.0,1675.0,1690.0,395.7684326171875,17844800,0.0,0.0,yfinance_raw_daily
2016-12-29,1700.0,1705.0,1680.0,1690.0,401.86053466796875,15516000,25.62,0.0,yfinance_raw_daily
2016-12-30,1660.0,1705.0,1660.0,1695.0,403.0494384765625,27112100,0.0,0.0,yfinance_raw_daily
2017-01-02,1695.0,1695.0,1695.0,1695.0,403.0494384765625,0,0.0,0.0,yfinance_raw_daily
2017-01-03,1690.0,1750.0,1685.0,1740.0,413.74993896484375,64546200,0.0,0.0,yfinance_raw_daily
2017-01-04,1730.0,1735.0,1690.0,1700.0,404.2384338378906,45023900,0.0,0.0,yfinance_raw_daily
2017-01-05,1695.0,1710.0,1660.0,1665.0,395.91583251953125,34668500,0.0,0.0,yfinance_raw_daily
2017-01-06,1660.0,1705.0,1655.0,1695.0,403.0494384765625,24130100,0.0,0.0,yfinance_raw_daily
2017-01-09,1700.0,1720.0,1685.0,1720.0,408.9941101074219,25338200,0.0,0.0,yfinance_raw_daily
2017-01-10,1695.0,1705.0,1680.0,1685.0,400.6716613769531,19228600,0.0,0.0,yfinance_raw_daily
2017-01-11,1720.0,1760.0,1700.0,1745.0,414.9388427734375,54843500,0.0,0.0,yfinance_raw_daily
2017-01-12,1750.0,1750.0,1715.0,1715.0,407.80523681640625,22256200,0.0,0.0,yfinance_raw_daily
2017-01-13,1730.0,1735.0,1685.0,1700.0,404.2384338378906,27517400,0.0,0.0,yfinance_raw_daily
2017-01-16,1700.0,1725.0,1700.0,1700.0,404.2384338378906,11682200,0.0,0.0,yfinance_raw_daily
2017-01-17,1680.0,1705.0,1680.0,1700.0,404.2384338378906,12044700,0.0,0.0,yfinance_raw_daily
2017-01-18,1720.0,1740.0,1715.0,1720.0,408.9941101074219,19893500,0.0,0.0,yfinance_raw_daily
2017-01-19,1730.0,1735.0,1715.0,1730.0,411.3720703125,17767700,0.0,0.0,yfinance_raw_daily
2017-01-20,1745.0,1745.0,1715.0,1730.0,411.3720703125,18622800,0.0,0.0,yfinance_raw_daily
2017-01-23,1735.0,1740.0,1720.0,1725.0,410.18310546875,11682100,0.0,0.0,yfinance_raw_daily
2017-01-24,1735.0,1740.0,1725.0,1725.0,410.18310546875,17448100,0.0,0.0,yfinance_raw_daily
2017-01-25,1740.0,1740.0,1725.0,1740.0,413.74993896484375,21238900,0.0,0.0,yfinance_raw_daily
2017-01-26,1750.0,1750.0,1700.0,1730.0,411.3720703125,17003400,0.0,0.0,yfinance_raw_daily
2017-01-27,1700.0,1725.0,1700.0,1725.0,410.18310546875,7549500,0.0,0.0,yfinance_raw_daily
2017-01-30,1705.0,1730.0,1705.0,1715.0,407.80523681640625,6144700,0.0,0.0,yfinance_raw_daily
2017-01-31,1695.0,1730.0,1695.0,1695.0,403.0494384765625,14629200,0.0,0.0,yfinance_raw_daily
2017-02-01,1705.0,1750.0,1705.0,1750.0,416.1277770996094,28542200,0.0,0.0,yfinance_raw_daily
2017-02-02,1750.0,1755.0,1725.0,1740.0,413.74993896484375,16078400,0.0,0.0,yfinance_raw_daily
2017-02-03,1740.0,1750.0,1720.0,1720.0,408.9941101074219,17623300,0.0,0.0,yfinance_raw_daily
2017-02-06,1740.0,1745.0,1730.0,1740.0,413.74993896484375,17116700,0.0,0.0,yfinance_raw_daily
2017-02-07,1735.0,1740.0,1730.0,1730.0,411.3720703125,17813600,0.0,0.0,yfinance_raw_daily
2017-02-08,1740.0,1740.0,1705.0,1720.0,408.9941101074219,12684700,0.0,0.0,yfinance_raw_daily
2017-02-09,1720.0,1730.0,1705.0,1725.0,410.18310546875,24666600,0.0,0.0,yfinance_raw_daily
2017-02-10,1715.0,1715.0,1685.0,1710.0,406.6163024902344,29824200,0.0,0.0,yfinance_raw_daily
2017-02-13,1715.0,1725.0,1670.0,1680.0,399.48272705078125,29121800,0.0,0.0,yfinance_raw_daily
2017-02-14,1670.0,1675.0,1615.0,1645.0,391.1600646972656,58748000,0.0,0.0,yfinance_raw_daily
2017-02-15,1645.0,1645.0,1645.0,1645.0,391.1600646972656,0,0.0,0.0,yfinance_raw_daily
2017-02-16,1660.0,1700.0,1660.0,1700.0,404.2384338378906,53570200,0.0,0.0,yfinance_raw_daily
2017-02-17,1705.0,1705.0,1660.0,1660.0,394.7269592285156,24950900,0.0,0.0,yfinance_raw_daily
2017-02-20,1680.0,1700.0,1670.0,1695.0,403.0494384765625,14330400,0.0,0.0,yfinance_raw_daily
2017-02-21,1710.0,1725.0,1700.0,1720.0,408.9941101074219,39430000,0.0,0.0,yfinance_raw_daily
2017-02-22,1720.0,1725.0,1665.0,1705.0,405.4273986816406,29513100,0.0,0.0,yfinance_raw_daily
2017-02-23,1690.0,1715.0,1685.0,1715.0,407.80523681640625,11193200,0.0,0.0,yfinance_raw_daily
2017-02-24,1720.0,1720.0,1690.0,1700.0,404.2384338378906,13866500,0.0,0.0,yfinance_raw_daily
2017-02-27,1700.0,1705.0,1695.0,1700.0,404.2384338378906,16028100,0.0,0.0,yfinance_raw_daily
2017-02-28,1700.0,1700.0,1675.0,1695.0,403.0494384765625,38221400,0.0,0.0,yfinance_raw_daily
2017-03-01,1680.0,1690.0,1665.0,1675.0,398.2937927246094,23179100,0.0,0.0,yfinance_raw_daily
2017-03-02,1680.0,1690.0,1675.0,1685.0,400.6716613769531,12969000,0.0,0.0,yfinance_raw_daily
2017-03-03,1665.0,1705.0,1665.0,1685.0,400.6716613769531,16079900,0.0,0.0,yfinance_raw_daily
2017-03-06,1685.0,1700.0,1680.0,1685.0,400.6716613769531,9311300,0.0,0.0,yfinance_raw_daily
2017-03-07,1680.0,1710.0,1675.0,1695.0,403.0494384765625,23368200,0.0,0.0,yfinance_raw_daily
2017-03-08,1750.0,1755.0,1690.0,1695.0,403.0494384765625,69809100,0.0,0.0,yfinance_raw_daily
2017-03-09,1685.0,1695.0,1670.0,1685.0,400.6716613769531,17433100,0.0,0.0,yfinance_raw_daily
2017-03-10,1700.0,1700.0,1590.0,1600.0,380.459716796875,55449200,0.0,0.0,yfinance_raw_daily
2017-03-13,1600.0,1645.0,1565.0,1625.0,386.40435791015625,29009300,0.0,0.0,yfinance_raw_daily
2017-03-14,1650.0,1670.0,1640.0,1645.0,391.1600646972656,23629800,0.0,0.0,yfinance_raw_daily
2017-03-15,1630.0,1665.0,1630.0,1650.0,392.34906005859375,16524800,0.0,0.0,yfinance_raw_daily
2017-03-16,1670.0,1690.0,1660.0,1680.0,399.48272705078125,24912500,0.0,0.0,yfinance_raw_daily
2017-03-17,1690.0,1705.0,1675.0,1705.0,405.4273986816406,49817500,0.0,0.0,yfinance_raw_daily
2017-03-20,1675.0,1710.0,1675.0,1705.0,405.4273986816406,9995300,0.0,0.0,yfinance_raw_daily
2017-03-21,1700.0,1730.0,1695.0,1730.0,411.3720703125,25645900,0.0,0.0,yfinance_raw_daily
2017-03-22,1700.0,1730.0,1690.0,1730.0,411.3720703125,35870700,0.0,0.0,yfinance_raw_daily
2017-03-23,1740.0,1750.0,1720.0,1740.0,413.74993896484375,46791000,0.0,0.0,yfinance_raw_daily
2017-03-24,1750.0,1780.0,1745.0,1770.0,420.88348388671875,33650400,0.0,0.0,yfinance_raw_daily
2017-03-27,1800.0,1800.0,1780.0,1800.0,428.0171813964844,25153600,0.0,0.0,yfinance_raw_daily
2017-03-29,1800.0,1845.0,1800.0,1820.0,432.7729187011719,44937800,0.0,0.0,yfinance_raw_daily
2017-03-30,1820.0,1830.0,1800.0,1820.0,432.7729187011719,19278400,0.0,0.0,yfinance_raw_daily
2017-03-31,1800.0,1815.0,1750.0,1750.0,416.1277770996094,35817900,0.0,0.0,yfinance_raw_daily
2017-04-03,1780.0,1835.0,1775.0,1805.0,429.2060852050781,34277600,0.0,0.0,yfinance_raw_daily
2017-04-04,1855.0,1940.0,1855.0,1930.0,458.92950439453125,110585100,0.0,0.0,yfinance_raw_daily
2017-04-05,1930.0,1930.0,1930.0,1930.0,458.92950439453125,0,0.0,0.0,yfinance_raw_daily
2017-04-06,1885.0,1895.0,1840.0,1895.0,450.6070251464844,24786100,0.0,0.0,yfinance_raw_daily
2017-04-07,1910.0,1920.0,1865.0,1890.0,449.4180908203125,32926400,0.0,0.0,yfinance_raw_daily
2017-04-10,1910.0,1920.0,1870.0,1890.0,449.4180908203125,23679400,0.0,0.0,yfinance_raw_daily
2017-04-11,1850.0,1890.0,1850.0,1870.0,444.6622619628906,31043800,0.0,0.0,yfinance_raw_daily
2017-04-12,1880.0,1895.0,1855.0,1890.0,449.4180908203125,21718200,0.0,0.0,yfinance_raw_daily
2017-04-13,1890.0,1890.0,1860.0,1860.0,442.28436279296875,12910600,0.0,0.0,yfinance_raw_daily
2017-04-17,1880.0,1880.0,1850.0,1850.0,439.906494140625,10840000,0.0,0.0,yfinance_raw_daily
2017-04-18,1850.0,1870.0,1830.0,1835.0,436.3397216796875,22643200,0.0,0.0,yfinance_raw_daily
2017-04-19,1835.0,1835.0,1835.0,1835.0,436.3397216796875,0,0.0,0.0,yfinance_raw_daily
2017-04-20,1870.0,1885.0,1835.0,1840.0,437.5286865234375,23278400,0.0,0.0,yfinance_raw_daily
2017-04-21,1820.0,1850.0,1815.0,1840.0,437.5286865234375,22973500,0.0,0.0,yfinance_raw_daily
2017-04-25,1850.0,1850.0,1820.0,1845.0,438.717529296875,25227200,0.0,0.0,yfinance_raw_daily
2017-04-26,1825.0,1845.0,1785.0,1820.0,432.7729187011719,51670000,0.0,0.0,yfinance_raw_daily
2017-04-27,1820.0,1850.0,1820.0,1840.0,437.5286865234375,22207500,0.0,0.0,yfinance_raw_daily
2017-04-28,1840.0,1850.0,1770.0,1775.0,422.0724182128906,32593500,0.0,0.0,yfinance_raw_daily
2017-05-02,1780.0,1795.0,1720.0,1720.0,408.9941101074219,31553500,0.0,0.0,yfinance_raw_daily
2017-05-03,1725.0,1750.0,1625.0,1630.0,387.59326171875,37559400,0.0,0.0,yfinance_raw_daily
2017-05-04,1630.0,1660.0,1610.0,1615.0,384.0265197753906,45507300,0.0,0.0,yfinance_raw_daily
2017-05-05,1615.0,1620.0,1560.0,1560.0,374.8428955078125,40484900,16.78,0.0,yfinance_raw_daily
2017-05-08,1585.0,1630.0,1575.0,1615.0,388.0584411621094,50216600,0.0,0.0,yfinance_raw_daily
2017-05-09,1610.0,1620.0,1510.0,1550.0,372.4400329589844,53514900,0.0,0.0,yfinance_raw_daily
2017-05-10,1550.0,1565.0,1460.0,1495.0,359.22442626953125,78771200,0.0,0.0,yfinance_raw_daily
2017-05-12,1510.0,1560.0,1475.0,1480.0,355.62017822265625,73840800,0.0,0.0,yfinance_raw_daily
2017-05-15,1505.0,1515.0,1440.0,1485.0,356.82159423828125,34002000,0.0,0.0,yfinance_raw_daily
2017-05-16,1495.0,1500.0,1460.0,1465.0,352.0158996582031,24005800,0.0,0.0,yfinance_raw_daily
2017-05-17,1470.0,1470.0,1410.0,1410.0,338.80029296875,43935600,0.0,0.0,yfinance_raw_daily
2017-05-18,1400.0,1455.0,1395.0,1435.0,344.8074035644531,56987500,0.0,0.0,yfinance_raw_daily
2017-05-19,1450.0,1535.0,1430.0,1465.0,352.0158996582031,46142400,0.0,0.0,yfinance_raw_daily
2017-05-22,1500.0,1515.0,1415.0,1435.0,344.8074035644531,69669700,0.0,0.0,yfinance_raw_daily
2017-05-23,1450.0,1490.0,1445.0,1475.0,354.418701171875,46527800,0.0,0.0,yfinance_raw_daily
2017-05-24,1455.0,1485.0,1450.0,1480.0,355.62017822265625,21829400,0.0,0.0,yfinance_raw_daily
2017-05-26,1500.0,1500.0,1460.0,1485.0,356.82159423828125,34577500,0.0,0.0,yfinance_raw_daily
2017-05-29,1485.0,1490.0,1465.0,1465.0,352.0158996582031,7618700,0.0,0.0,yfinance_raw_daily
2017-05-30,1465.0,1475.0,1455.0,1460.0,350.8144836425781,18713800,0.0,0.0,yfinance_raw_daily
2017-05-31,1470.0,1520.0,1445.0,1520.0,365.23150634765625,52991200,0.0,0.0,yfinance_raw_daily
2017-06-01,1520.0,1520.0,1520.0,1520.0,365.23150634765625,0,0.0,0.0,yfinance_raw_daily
2017-06-02,1500.0,1525.0,1465.0,1470.0,353.21734619140625,47258500,0.0,0.0,yfinance_raw_daily
2017-06-05,1510.0,1550.0,1490.0,1545.0,371.2386779785156,39833400,0.0,0.0,yfinance_raw_daily
2017-06-06,1550.0,1630.0,1545.0,1605.0,385.6556701660156,57539800,0.0,0.0,yfinance_raw_daily
2017-06-07,1610.0,1625.0,1590.0,1600.0,384.4542236328125,18580900,0.0,0.0,yfinance_raw_daily
2017-06-08,1620.0,1620.0,1575.0,1575.0,378.4471435546875,15002900,0.0,0.0,yfinance_raw_daily
2017-06-09,1590.0,1610.0,1555.0,1555.0,373.64141845703125,22634400,0.0,0.0,yfinance_raw_daily
2017-06-12,1565.0,1570.0,1540.0,1540.0,370.03717041015625,7415300,0.0,0.0,yfinance_raw_daily
2017-06-13,1560.0,1600.0,1540.0,1600.0,384.4542236328125,20376200,0.0,0.0,yfinance_raw_daily
2017-06-14,1615.0,1660.0,1590.0,1660.0,398.8712463378906,60055000,0.0,0.0,yfinance_raw_daily
2017-06-15,1660.0,1660.0,1635.0,1645.0,395.26702880859375,25642000,0.0,0.0,yfinance_raw_daily
2017-06-16,1645.0,1670.0,1585.0,1605.0,385.6556701660156,44650700,0.0,0.0,yfinance_raw_daily
2017-06-19,1600.0,1610.0,1555.0,1565.0,376.0443420410156,21181900,0.0,0.0,yfinance_raw_daily
2017-06-20,1585.0,1645.0,1580.0,1640.0,394.0655822753906,66950700,0.0,0.0,yfinance_raw_daily
2017-06-21,1630.0,1635.0,1595.0,1595.0,383.25274658203125,15494100,0.0,0.0,yfinance_raw_daily
2017-06-22,1600.0,1630.0,1575.0,1580.0,379.6485290527344,27114300,0.0,0.0,yfinance_raw_daily
2017-06-23,1580.0,1580.0,1580.0,1580.0,379.6485290527344,0,0.0,0.0,yfinance_raw_daily
2017-06-26,1580.0,1580.0,1580.0,1580.0,379.6485290527344,0,0.0,0.0,yfinance_raw_daily
2017-06-27,1580.0,1580.0,1580.0,1580.0,379.6485290527344,0,0.0,0.0,yfinance_raw_daily
2017-06-28,1580.0,1580.0,1580.0,1580.0,379.6485290527344,0,0.0,0.0,yfinance_raw_daily
2017-06-29,1580.0,1580.0,1580.0,1580.0,379.6485290527344,0,0.0,0.0,yfinance_raw_daily
2017-06-30,1580.0,1580.0,1580.0,1580.0,379.6485290527344,0,0.0,0.0,yfinance_raw_daily
2017-07-03,1600.0,1635.0,1565.0,1630.0,391.66265869140625,53981900,0.0,0.0,yfinance_raw_daily
2017-07-04,1635.0,1645.0,1575.0,1580.0,379.6485290527344,36973300,0.0,0.0,yfinance_raw_daily
2017-07-05,1605.0,1630.0,1600.0,1620.0,389.25994873046875,31210300,0.0,0.0,yfinance_raw_daily
2017-07-06,1630.0,1645.0,1615.0,1635.0,392.86407470703125,37777600,0.0,0.0,yfinance_raw_daily
2017-07-07,1625.0,1640.0,1610.0,1610.0,386.8570556640625,22292300,0.0,0.0,yfinance_raw_daily
2017-07-10,1600.0,1630.0,1585.0,1595.0,383.25274658203125,13593800,0.0,0.0,yfinance_raw_daily
2017-07-11,1625.0,1625.0,1595.0,1615.0,388.0584411621094,13133100,0.0,0.0,yfinance_raw_daily
2017-07-12,1600.0,1670.0,1600.0,1665.0,400.07269287109375,58888300,0.0,0.0,yfinance_raw_daily
2017-07-13,1665.0,1675.0,1615.0,1625.0,390.4613037109375,40182900,0.0,0.0,yfinance_raw_daily
2017-07-14,1640.0,1665.0,1630.0,1665.0,400.07269287109375,26608600,0.0,0.0,yfinance_raw_daily
2017-07-17,1665.0,1700.0,1660.0,1700.0,408.4826354980469,22112900,0.0,0.0,yfinance_raw_daily
2017-07-18,1700.0,1700.0,1685.0,1695.0,407.2812805175781,21194300,0.0,0.0,yfinance_raw_daily
2017-07-19,1700.0,1805.0,1700.0,1765.0,424.1010437011719,79033100,0.0,0.0,yfinance_raw_daily
2017-07-20,1765.0,1820.0,1750.0,1820.0,437.3167419433594,66565000,0.0,0.0,yfinance_raw_daily
2017-07-21,1820.0,1830.0,1795.0,1820.0,437.3167419433594,29867000,0.0,0.0,yfinance_raw_daily
2017-07-24,1790.0,1835.0,1775.0,1835.0,440.9208984375,39712700,0.0,0.0,yfinance_raw_daily
2017-07-25,1810.0,1830.0,1790.0,1830.0,439.71942138671875,34659200,0.0,0.0,yfinance_raw_daily
2017-07-26,1830.0,1850.0,1800.0,1800.0,432.5110168457031,33543800,0.0,0.0,yfinance_raw_daily
2017-07-27,1805.0,1815.0,1760.0,1800.0,432.5110168457031,24454400,0.0,0.0,yfinance_raw_daily
2017-07-28,1800.0,1830.0,1790.0,1825.0,438.51806640625,24778400,0.0,0.0,yfinance_raw_daily
2017-07-31,1825.0,1825.0,1785.0,1785.0,428.9067687988281,21694000,0.0,0.0,yfinance_raw_daily
2017-08-01,1825.0,1895.0,1825.0,1860.0,446.92803955078125,75698700,0.0,0.0,yfinance_raw_daily
2017-08-02,1895.0,1920.0,1840.0,1895.0,455.3379821777344,49377700,0.0,0.0,yfinance_raw_daily
2017-08-03,1895.0,1895.0,1840.0,1845.0,443.32379150390625,24517600,0.0,0.0,yfinance_raw_daily
2017-08-04,1845.0,1895.0,1830.0,1870.0,449.330810546875,28084500,0.0,0.0,yfinance_raw_daily
2017-08-07,1870.0,1885.0,1830.0,1850.0,444.5251770019531,25728500,0.0,0.0,yfinance_raw_daily
2017-08-08,1850.0,1870.0,1845.0,1870.0,449.330810546875,27223700,0.0,0.0,yfinance_raw_daily
2017-08-09,1860.0,1865.0,1805.0,1805.0,433.71240234375,37514900,0.0,0.0,yfinance_raw_daily
2017-08-10,1815.0,1855.0,1815.0,1850.0,444.5251770019531,27151300,0.0,0.0,yfinance_raw_daily
2017-08-11,1845.0,1850.0,1820.0,1820.0,437.3167419433594,24666300,0.0,0.0,yfinance_raw_daily
2017-08-14,1825.0,1870.0,1825.0,1850.0,444.5251770019531,23362000,0.0,0.0,yfinance_raw_daily
2017-08-15,1850.0,1865.0,1850.0,1855.0,445.7266540527344,26960900,0.0,0.0,yfinance_raw_daily
2017-08-16,1850.0,1885.0,1840.0,1880.0,451.73370361328125,27583200,0.0,0.0,yfinance_raw_daily
2017-08-17,1880.0,1880.0,1880.0,1880.0,451.73370361328125,0,0.0,0.0,yfinance_raw_daily
2017-08-18,1850.0,1900.0,1850.0,1875.0,450.53228759765625,39407200,0.0,0.0,yfinance_raw_daily
2017-08-21,1875.0,1885.0,1850.0,1865.0,448.1294250488281,15652700,0.0,0.0,yfinance_raw_daily
2017-08-22,1850.0,1875.0,1850.0,1860.0,446.92803955078125,28325500,0.0,0.0,yfinance_raw_daily
2017-08-23,1875.0,1970.0,1865.0,1955.0,469.7550354003906,92325800,0.0,0.0,yfinance_raw_daily
2017-08-24,1955.0,1995.0,1945.0,1965.0,472.1579284667969,43790500,0.0,0.0,yfinance_raw_daily
2017-08-25,1970.0,1985.0,1935.0,1945.0,467.35211181640625,26148400,0.0,0.0,yfinance_raw_daily
2017-08-28,1955.0,1965.0,1885.0,1890.0,454.136474609375,36038400,0.0,0.0,yfinance_raw_daily
2017-08-29,1930.0,1950.0,1850.0,1870.0,449.330810546875,56692000,0.0,0.0,yfinance_raw_daily
2017-08-30,1885.0,1890.0,1870.0,1890.0,454.136474609375,34194500,0.0,0.0,yfinance_raw_daily
2017-08-31,1870.0,1900.0,1825.0,1825.0,438.51806640625,27306500,0.0,0.0,yfinance_raw_daily
2017-09-01,1825.0,1825.0,1825.0,1825.0,438.51806640625,0,0.0,0.0,yfinance_raw_daily
2017-09-04,1840.0,1840.0,1785.0,1815.0,436.1153259277344,19275800,0.0,0.0,yfinance_raw_daily
2017-09-05,1815.0,1885.0,1785.0,1860.0,446.92803955078125,26460200,0.0,0.0,yfinance_raw_daily
2017-09-06,1865.0,1890.0,1865.0,1890.0,454.136474609375,40939100,0.0,0.0,yfinance_raw_daily
2017-09-07,1890.0,1890.0,1840.0,1865.0,448.1294250488281,30151800,0.0,0.0,yfinance_raw_daily
2017-09-08,1860.0,1890.0,1860.0,1885.0,452.935302734375,27033500,0.0,0.0,yfinance_raw_daily
2017-09-11,1890.0,1920.0,1875.0,1900.0,456.539306640625,37553500,0.0,0.0,yfinance_raw_daily
2017-09-12,1920.0,1930.0,1860.0,1865.0,448.1294250488281,32362800,0.0,0.0,yfinance_raw_daily
2017-09-13,1865.0,1865.0,1680.0,1715.0,412.0868835449219,64250100,0.0,0.0,yfinance_raw_daily
2017-09-14,1740.0,1800.0,1720.0,1740.0,418.093994140625,58907100,0.0,0.0,yfinance_raw_daily
2017-09-15,1770.0,1775.0,1700.0,1775.0,426.5038757324219,54161700,0.0,0.0,yfinance_raw_daily
2017-09-18,1775.0,1820.0,1750.0,1820.0,437.3167419433594,25834700,0.0,0.0,yfinance_raw_daily
2017-09-19,1840.0,1875.0,1805.0,1870.0,449.330810546875,37614900,0.0,0.0,yfinance_raw_daily
2017-09-20,1870.0,1875.0,1835.0,1860.0,446.92803955078125,24187800,0.0,0.0,yfinance_raw_daily
2017-09-21,1860.0,1860.0,1860.0,1860.0,446.92803955078125,0,0.0,0.0,yfinance_raw_daily
2017-09-22,1830.0,1850.0,1815.0,1815.0,436.1153259277344,23513300,0.0,0.0,yfinance_raw_daily
2017-09-25,1810.0,1815.0,1755.0,1755.0,421.6982727050781,19242300,0.0,0.0,yfinance_raw_daily
2017-09-26,1760.0,1780.0,1710.0,1710.0,410.8854064941406,27300600,0.0,0.0,yfinance_raw_daily
2017-09-27,1670.0,1685.0,1630.0,1670.0,401.27410888671875,47059800,0.0,0.0,yfinance_raw_daily
2017-09-28,1680.0,1825.0,1665.0,1765.0,424.1010437011719,57372600,0.0,0.0,yfinance_raw_daily
2017-09-29,1770.0,1830.0,1730.0,1825.0,438.51806640625,53215100,0.0,0.0,yfinance_raw_daily
2017-10-02,1835.0,1850.0,1765.0,1775.0,426.5038757324219,12608900,0.0,0.0,yfinance_raw_daily
2017-10-03,1800.0,1820.0,1745.0,1780.0,427.705322265625,29977000,0.0,0.0,yfinance_raw_daily
2017-10-04,1820.0,1840.0,1810.0,1825.0,438.51806640625,31524600,0.0,0.0,yfinance_raw_daily
2017-10-05,1830.0,1860.0,1830.0,1830.0,439.71942138671875,28344200,0.0,0.0,yfinance_raw_daily
2017-10-06,1850.0,1885.0,1830.0,1875.0,450.53228759765625,28277400,0.0,0.0,yfinance_raw_daily
2017-10-09,1875.0,1915.0,1850.0,1890.0,454.136474609375,25424600,0.0,0.0,yfinance_raw_daily
2017-10-10,1900.0,1920.0,1860.0,1900.0,456.539306640625,25396800,0.0,0.0,yfinance_raw_daily
2017-10-11,1900.0,1915.0,1860.0,1880.0,451.73370361328125,46412900,0.0,0.0,yfinance_raw_daily
2017-10-12,1905.0,1935.0,1895.0,1900.0,456.539306640625,61390700,0.0,0.0,yfinance_raw_daily
2017-10-13,1895.0,1915.0,1865.0,1900.0,456.539306640625,30031300,0.0,0.0,yfinance_raw_daily
2017-10-16,1900.0,1915.0,1855.0,1870.0,449.330810546875,27814600,0.0,0.0,yfinance_raw_daily
2017-10-17,1900.0,1905.0,1880.0,1900.0,456.539306640625,47278300,0.0,0.0,yfinance_raw_daily
2017-10-18,1900.0,1905.0,1865.0,1880.0,451.73370361328125,16228600,0.0,0.0,yfinance_raw_daily
2017-10-19,1885.0,1895.0,1860.0,1865.0,448.1294250488281,12779200,0.0,0.0,yfinance_raw_daily
2017-10-20,1850.0,1900.0,1790.0,1855.0,445.7266540527344,76794100,0.0,0.0,yfinance_raw_daily
2017-10-23,1855.0,1860.0,1830.0,1850.0,444.5251770019531,15299800,0.0,0.0,yfinance_raw_daily
2017-10-24,1855.0,1895.0,1855.0,1890.0,454.136474609375,22447600,0.0,0.0,yfinance_raw_daily
2017-10-25,1895.0,1910.0,1870.0,1900.0,456.539306640625,31579300,0.0,0.0,yfinance_raw_daily
2017-10-26,1900.0,1900.0,1825.0,1825.0,438.51806640625,28381500,0.0,0.0,yfinance_raw_daily
2017-10-27,1845.0,1880.0,1835.0,1840.0,442.1224060058594,27183100,0.0,0.0,yfinance_raw_daily
2017-10-30,1860.0,1885.0,1835.0,1835.0,440.9208984375,12956600,0.0,0.0,yfinance_raw_daily
2017-10-31,1875.0,1875.0,1825.0,1825.0,438.51806640625,24555000,0.0,0.0,yfinance_raw_daily
2017-11-01,1860.0,1915.0,1850.0,1910.0,458.9421691894531,62867000,0.0,0.0,yfinance_raw_daily
2017-11-02,1915.0,1925.0,1885.0,1900.0,456.539306640625,28172600,0.0,0.0,yfinance_raw_daily
2017-11-03,1915.0,1925.0,1895.0,1895.0,455.3379821777344,28641300,0.0,0.0,yfinance_raw_daily
2017-11-06,1870.0,1900.0,1870.0,1900.0,456.539306640625,20601100,0.0,0.0,yfinance_raw_daily
2017-11-07,1900.0,1915.0,1895.0,1900.0,456.539306640625,40139300,0.0,0.0,yfinance_raw_daily
2017-11-08,1885.0,1885.0,1815.0,1820.0,437.3167419433594,77995500,0.0,0.0,yfinance_raw_daily
2017-11-09,1820.0,1840.0,1800.0,1830.0,439.71942138671875,66096200,0.0,0.0,yfinance_raw_daily
2017-11-10,1830.0,1845.0,1810.0,1815.0,436.1153259277344,30314500,0.0,0.0,yfinance_raw_daily
2017-11-13,1815.0,1840.0,1810.0,1820.0,437.3167419433594,16908500,0.0,0.0,yfinance_raw_daily
2017-11-14,1830.0,1835.0,1810.0,1815.0,436.1153259277344,35303400,0.0,0.0,yfinance_raw_daily
2017-11-15,1810.0,1810.0,1735.0,1735.0,416.8925476074219,63139500,0.0,0.0,yfinance_raw_daily
2017-11-16,1735.0,1760.0,1695.0,1755.0,421.6982727050781,80776200,0.0,0.0,yfinance_raw_daily
2017-11-17,1770.0,1795.0,1765.0,1770.0,425.3025207519531,46761800,0.0,0.0,yfinance_raw_daily
2017-11-20,1770.0,1785.0,1750.0,1755.0,421.6982727050781,16423500,0.0,0.0,yfinance_raw_daily
2017-11-21,1755.0,1760.0,1715.0,1715.0,412.0868835449219,29612900,0.0,0.0,yfinance_raw_daily
2017-11-22,1730.0,1760.0,1720.0,1745.0,419.29541015625,42131600,0.0,0.0,yfinance_raw_daily
2017-11-23,1745.0,1745.0,1725.0,1725.0,414.48968505859375,10918000,0.0,0.0,yfinance_raw_daily
2017-11-24,1745.0,1745.0,1690.0,1710.0,410.8854064941406,25975100,0.0,0.0,yfinance_raw_daily
2017-11-27,1720.0,1720.0,1685.0,1695.0,407.2812805175781,22638000,0.0,0.0,yfinance_raw_daily
2017-11-28,1690.0,1715.0,1680.0,1715.0,412.0868835449219,26443100,0.0,0.0,yfinance_raw_daily
2017-11-29,1725.0,1775.0,1720.0,1775.0,426.5038757324219,44664100,0.0,0.0,yfinance_raw_daily
2017-11-30,1775.0,1785.0,1700.0,1700.0,408.4826354980469,55391300,0.0,0.0,yfinance_raw_daily
2017-12-01,1700.0,1700.0,1700.0,1700.0,408.4826354980469,0,0.0,0.0,yfinance_raw_daily
2017-12-04,1740.0,1810.0,1730.0,1775.0,426.5038757324219,45529400,0.0,0.0,yfinance_raw_daily
2017-12-05,1775.0,1800.0,1750.0,1780.0,427.705322265625,35387000,0.0,0.0,yfinance_raw_daily
2017-12-06,1780.0,1795.0,1755.0,1755.0,421.6982727050781,31707400,0.0,0.0,yfinance_raw_daily
2017-12-07,1755.0,1770.0,1700.0,1710.0,410.8854064941406,22483700,0.0,0.0,yfinance_raw_daily
2017-12-08,1725.0,1755.0,1700.0,1725.0,414.48968505859375,21657900,0.0,0.0,yfinance_raw_daily
2017-12-11,1735.0,1740.0,1695.0,1710.0,410.8854064941406,18111200,0.0,0.0,yfinance_raw_daily
2017-12-12,1720.0,1810.0,1715.0,1810.0,434.913818359375,53322400,0.0,0.0,yfinance_raw_daily
2017-12-13,1820.0,1845.0,1810.0,1815.0,436.1153259277344,33965000,0.0,0.0,yfinance_raw_daily
2017-12-14,1805.0,1815.0,1785.0,1805.0,433.71240234375,26567900,0.0,0.0,yfinance_raw_daily
2017-12-15,1805.0,1825.0,1790.0,1805.0,433.71240234375,37519800,0.0,0.0,yfinance_raw_daily
2017-12-18,1800.0,1815.0,1790.0,1800.0,432.5110168457031,19774200,0.0,0.0,yfinance_raw_daily
2017-12-19,1800.0,1850.0,1800.0,1835.0,440.9208984375,73623000,0.0,0.0,yfinance_raw_daily
2017-12-20,1835.0,1845.0,1795.0,1800.0,432.5110168457031,51378700,0.0,0.0,yfinance_raw_daily
2017-12-21,1815.0,1875.0,1815.0,1870.0,449.330810546875,61547700,0.0,0.0,yfinance_raw_daily
2017-12-22,1860.0,1890.0,1855.0,1890.0,454.136474609375,38649000,0.0,0.0,yfinance_raw_daily
2017-12-25,1890.0,1890.0,1890.0,1890.0,454.136474609375,0,0.0,0.0,yfinance_raw_daily
2017-12-26,1890.0,1890.0,1890.0,1890.0,454.136474609375,0,0.0,0.0,yfinance_raw_daily
2017-12-27,1895.0,1905.0,1890.0,1895.0,455.3379821777344,19953100,0.0,0.0,yfinance_raw_daily
2017-12-28,1895.0,1905.0,1870.0,1890.0,454.136474609375,23988700,0.0,0.0,yfinance_raw_daily
2017-12-29,1865.0,1880.0,1845.0,1860.0,457.1473388671875,25480000,42.25,0.0,yfinance_raw_daily
2018-01-01,1860.0,1860.0,1860.0,1860.0,457.1473388671875,0,0.0,0.0,yfinance_raw_daily
2018-01-02,1865.0,1900.0,1865.0,1880.0,462.06292724609375,26045000,0.0,0.0,yfinance_raw_daily
2018-01-03,1890.0,1890.0,1810.0,1830.0,449.77392578125,35595000,0.0,0.0,yfinance_raw_daily
2018-01-04,1860.0,1935.0,1850.0,1915.0,470.6651611328125,81191500,0.0,0.0,yfinance_raw_daily
2018-01-05,1935.0,1990.0,1935.0,1990.0,489.0985412597656,112355500,0.0,0.0,yfinance_raw_daily
2018-01-08,2000.0,2180.0,1975.0,2160.0,530.8806762695312,140767300,0.0,0.0,yfinance_raw_daily
2018-01-09,2180.0,2240.0,2140.0,2180.0,535.79638671875,109077300,0.0,0.0,yfinance_raw_daily
2018-01-10,2200.0,2210.0,2150.0,2210.0,543.1697387695312,68206700,0.0,0.0,yfinance_raw_daily
2018-01-11,2200.0,2220.0,2140.0,2180.0,535.79638671875,53966100,0.0,0.0,yfinance_raw_daily
2018-01-12,2200.0,2260.0,2190.0,2230.0,548.0852661132812,91231600,0.0,0.0,yfinance_raw_daily
2018-01-15,2250.0,2260.0,2210.0,2230.0,548.0852661132812,35912100,0.0,0.0,yfinance_raw_daily
2018-01-16,2230.0,2250.0,2150.0,2190.0,538.2540893554688,66577100,0.0,0.0,yfinance_raw_daily
2018-01-17,2210.0,2230.0,2130.0,2170.0,533.3385620117188,49228000,0.0,0.0,yfinance_raw_daily
2018-01-18,2200.0,2200.0,2150.0,2170.0,533.3385620117188,64596400,0.0,0.0,yfinance_raw_daily
2018-01-19,2180.0,2230.0,2160.0,2180.0,535.79638671875,60009200,0.0,0.0,yfinance_raw_daily
2018-01-22,2210.0,2350.0,2210.0,2310.0,567.7474975585938,122900400,0.0,0.0,yfinance_raw_daily
2018-01-23,2350.0,2440.0,2350.0,2420.0,594.7830200195312,74669600,0.0,0.0,yfinance_raw_daily
2018-01-24,2440.0,2470.0,2380.0,2440.0,599.6986083984375,64172400,0.0,0.0,yfinance_raw_daily
2018-01-25,2480.0,2480.0,2420.0,2450.0,602.1564331054688,36942900,0.0,0.0,yfinance_raw_daily
2018-01-26,2460.0,2470.0,2410.0,2440.0,599.6986083984375,47872100,0.0,0.0,yfinance_raw_daily
2018-01-29,2440.0,2650.0,2440.0,2560.0,629.1920776367188,70182600,0.0,0.0,yfinance_raw_daily
2018-01-30,2600.0,2610.0,2460.0,2550.0,626.7342529296875,67769700,0.0,0.0,yfinance_raw_daily
2018-01-31,2500.0,2560.0,2450.0,2450.0,602.1564331054688,70402900,0.0,0.0,yfinance_raw_daily
2018-02-01,2460.0,2480.0,2360.0,2400.0,589.8674926757812,58711400,0.0,0.0,yfinance_raw_daily
2018-02-02,2400.0,2530.0,2320.0,2470.0,607.0718994140625,115254700,0.0,0.0,yfinance_raw_daily
2018-02-05,2430.0,2590.0,2390.0,2520.0,619.36083984375,95408100,0.0,0.0,yfinance_raw_daily
2018-02-06,2430.0,2530.0,2420.0,2450.0,602.1564331054688,102217400,0.0,0.0,yfinance_raw_daily
2018-02-07,2500.0,2520.0,2390.0,2450.0,602.1564331054688,69711300,0.0,0.0,yfinance_raw_daily
2018-02-08,2400.0,2480.0,2390.0,2420.0,594.7830200195312,41480500,0.0,0.0,yfinance_raw_daily
2018-02-09,2300.0,2370.0,2300.0,2320.0,570.2054443359375,35274800,0.0,0.0,yfinance_raw_daily
2018-02-12,2340.0,2370.0,2330.0,2350.0,577.57861328125,28576600,0.0,0.0,yfinance_raw_daily
2018-02-13,2370.0,2450.0,2370.0,2420.0,594.7830200195312,73635600,0.0,0.0,yfinance_raw_daily
2018-02-14,2450.0,2490.0,2410.0,2440.0,599.6986083984375,57512800,0.0,0.0,yfinance_raw_daily
2018-02-15,2480.0,2500.0,2460.0,2470.0,607.0718994140625,45453800,0.0,0.0,yfinance_raw_daily
2018-02-16,2470.0,2470.0,2470.0,2470.0,607.0718994140625,0,0.0,0.0,yfinance_raw_daily
2018-02-19,2460.0,2510.0,2450.0,2490.0,611.987548828125,29481000,0.0,0.0,yfinance_raw_daily
2018-02-20,2510.0,2520.0,2410.0,2430.0,597.2409057617188,34752100,0.0,0.0,yfinance_raw_daily
2018-02-21,2430.0,2500.0,2430.0,2470.0,607.0718994140625,46720600,0.0,0.0,yfinance_raw_daily
2018-02-22,2470.0,2490.0,2430.0,2480.0,609.5297241210938,36729100,0.0,0.0,yfinance_raw_daily
2018-02-23,2480.0,2510.0,2460.0,2480.0,609.5297241210938,49086200,0.0,0.0,yfinance_raw_daily
2018-02-26,2450.0,2480.0,2370.0,2390.0,587.4097900390625,51163200,0.0,0.0,yfinance_raw_daily
2018-02-27,2390.0,2430.0,2350.0,2400.0,589.8674926757812,50957600,0.0,0.0,yfinance_raw_daily
2018-02-28,2430.0,2450.0,2350.0,2350.0,577.57861328125,68753500,0.0,0.0,yfinance_raw_daily
2018-03-01,2370.0,2420.0,2370.0,2420.0,594.7830200195312,48073500,0.0,0.0,yfinance_raw_daily
2018-03-02,2380.0,2390.0,2290.0,2310.0,567.7474975585938,46826300,0.0,0.0,yfinance_raw_daily
2018-03-05,2310.0,2340.0,2300.0,2320.0,570.2054443359375,28695800,0.0,0.0,yfinance_raw_daily
2018-03-06,2330.0,2370.0,2300.0,2330.0,572.6630249023438,40320000,0.0,0.0,yfinance_raw_daily
2018-03-07,2360.0,2380.0,2150.0,2160.0,530.8806762695312,135082100,0.0,0.0,yfinance_raw_daily
2018-03-08,2160.0,2210.0,1995.0,2190.0,538.2540893554688,177448700,0.0,0.0,yfinance_raw_daily
2018-03-09,2200.0,2220.0,2110.0,2170.0,533.3385620117188,102331600,0.0,0.0,yfinance_raw_daily
2018-03-12,2200.0,2240.0,2170.0,2220.0,545.6273803710938,82249500,0.0,0.0,yfinance_raw_daily
2018-03-13,2220.0,2260.0,2130.0,2170.0,533.3385620117188,87487400,0.0,0.0,yfinance_raw_daily
2018-03-14,2120.0,2160.0,2060.0,2070.0,508.7607116699219,65089500,0.0,0.0,yfinance_raw_daily
2018-03-15,2050.0,2120.0,2020.0,2050.0,503.8452453613281,54737200,0.0,0.0,yfinance_raw_daily
2018-03-16,2070.0,2080.0,2000.0,2040.0,501.3873596191406,110602400,0.0,0.0,yfinance_raw_daily
2018-03-19,2060.0,2080.0,2020.0,2040.0,501.3873596191406,21537600,0.0,0.0,yfinance_raw_daily
2018-03-20,2010.0,2090.0,2000.0,2070.0,508.7607116699219,41326700,0.0,0.0,yfinance_raw_daily
2018-03-21,2090.0,2110.0,2030.0,2040.0,501.3873596191406,74771800,0.0,0.0,yfinance_raw_daily
2018-03-22,2060.0,2070.0,2000.0,2020.0,496.47174072265625,52433200,0.0,0.0,yfinance_raw_daily
2018-03-23,1980.0,2010.0,1945.0,1995.0,490.3274230957031,52299100,0.0,0.0,yfinance_raw_daily
2018-03-26,1995.0,2050.0,1990.0,2030.0,498.9296569824219,34336700,0.0,0.0,yfinance_raw_daily
2018-03-27,2050.0,2070.0,2030.0,2040.0,501.3873596191406,49645600,0.0,0.0,yfinance_raw_daily
2018-03-28,2040.0,2070.0,2020.0,2040.0,501.3873596191406,69051900,0.0,0.0,yfinance_raw_daily
2018-03-29,2070.0,2160.0,2030.0,2130.0,523.5073852539062,108354800,0.0,0.0,yfinance_raw_daily
2018-03-30,2130.0,2130.0,2130.0,2130.0,523.5073852539062,0,0.0,0.0,yfinance_raw_daily
2018-04-02,2150.0,2180.0,2110.0,2130.0,523.5073852539062,51011600,0.0,0.0,yfinance_raw_daily
2018-04-03,2100.0,2130.0,2080.0,2120.0,521.0496826171875,61715400,0.0,0.0,yfinance_raw_daily
2018-04-04,2140.0,2140.0,2030.0,2040.0,501.3873596191406,64390900,0.0,0.0,yfinance_raw_daily
2018-04-05,2070.0,2080.0,2010.0,2020.0,496.47174072265625,67813100,0.0,0.0,yfinance_raw_daily
2018-04-06,2030.0,2060.0,2000.0,2030.0,498.9296569824219,34975600,0.0,0.0,yfinance_raw_daily
2018-04-09,2030.0,2090.0,2020.0,2070.0,508.7607116699219,40067600,0.0,0.0,yfinance_raw_daily
2018-04-10,2090.0,2130.0,2050.0,2110.0,518.5919189453125,55960600,0.0,0.0,yfinance_raw_daily
2018-04-11,2110.0,2210.0,2110.0,2140.0,525.9651489257812,106993500,0.0,0.0,yfinance_raw_daily
2018-04-12,2140.0,2170.0,2110.0,2110.0,518.5919189453125,43279200,0.0,0.0,yfinance_raw_daily
2018-04-13,2130.0,2150.0,2110.0,2130.0,523.5073852539062,26671700,0.0,0.0,yfinance_raw_daily
2018-04-16,2130.0,2130.0,2130.0,2130.0,523.5073852539062,0,0.0,0.0,yfinance_raw_daily
2018-04-17,2130.0,2130.0,2130.0,2130.0,523.5073852539062,0,0.0,0.0,yfinance_raw_daily
2018-04-18,2130.0,2130.0,2080.0,2100.0,516.1340942382812,57129400,0.0,0.0,yfinance_raw_daily
2018-04-19,2100.0,2100.0,2100.0,2100.0,516.1340942382812,0,0.0,0.0,yfinance_raw_daily
2018-04-20,2100.0,2100.0,2100.0,2100.0,516.1340942382812,0,0.0,0.0,yfinance_raw_daily
2018-04-23,2250.0,2290.0,2210.0,2260.0,555.4585571289062,74117300,0.0,0.0,yfinance_raw_daily
2018-04-24,2280.0,2280.0,2180.0,2200.0,540.7119140625,61013500,0.0,0.0,yfinance_raw_daily
2018-04-25,2200.0,2200.0,2200.0,2200.0,540.7119140625,0,0.0,0.0,yfinance_raw_daily
2018-04-26,2200.0,2200.0,2200.0,2200.0,540.7119140625,0,0.0,0.0,yfinance_raw_daily
2018-04-27,2200.0,2200.0,2200.0,2200.0,540.7119140625,0,0.0,0.0,yfinance_raw_daily
2018-04-30,1840.0,1875.0,1835.0,1835.0,451.00286865234375,48982700,0.0,0.0,yfinance_raw_daily
2018-05-01,1835.0,1835.0,1835.0,1835.0,451.00286865234375,0,0.0,0.0,yfinance_raw_daily
2018-05-02,1835.0,1835.0,1770.0,1775.0,452.3765563964844,161066600,65.39,0.0,yfinance_raw_daily
2018-05-03,1755.0,1760.0,1595.0,1680.0,428.1649475097656,359102400,0.0,0.0,yfinance_raw_daily
2018-05-04,1680.0,1705.0,1625.0,1640.0,417.970458984375,133025800,0.0,0.0,yfinance_raw_daily
2018-05-07,1660.0,1715.0,1605.0,1710.0,435.8106689453125,163301300,0.0,0.0,yfinance_raw_daily
2018-05-08,1710.0,1720.0,1615.0,1625.0,414.1475830078125,141777800,0.0,0.0,yfinance_raw_daily
2018-05-09,1625.0,1715.0,1575.0,1700.0,433.2619934082031,164011600,0.0,0.0,yfinance_raw_daily
2018-05-10,1700.0,1700.0,1700.0,1700.0,433.2619934082031,0,0.0,0.0,yfinance_raw_daily
2018-05-11,1720.0,1755.0,1700.0,1715.0,437.0849914550781,188517000,0.0,0.0,yfinance_raw_daily
2018-05-14,1700.0,1715.0,1640.0,1675.0,426.8905944824219,140076400,0.0,0.0,yfinance_raw_daily
2018-05-15,1695.0,1730.0,1650.0,1715.0,437.0849914550781,128428700,0.0,0.0,yfinance_raw_daily
2018-05-16,1705.0,1800.0,1665.0,1800.0,458.748046875,189622500,0.0,0.0,yfinance_raw_daily
2018-05-17,1815.0,1910.0,1815.0,1880.0,479.1368103027344,155203900,0.0,0.0,yfinance_raw_daily
2018-05-18,1895.0,1960.0,1865.0,1905.0,485.5083923339844,141046000,0.0,0.0,yfinance_raw_daily
2018-05-21,1900.0,1980.0,1880.0,1950.0,496.9770202636719,106170500,0.0,0.0,yfinance_raw_daily
2018-05-22,1950.0,1965.0,1905.0,1930.0,491.8797607421875,78702100,0.0,0.0,yfinance_raw_daily
2018-05-23,1920.0,1935.0,1825.0,1825.0,465.11962890625,104492500,0.0,0.0,yfinance_raw_daily
2018-05-24,1825.0,1865.0,1800.0,1835.0,467.6682434082031,120450100,0.0,0.0,yfinance_raw_daily
2018-05-25,1860.0,1875.0,1830.0,1830.0,466.393798828125,45817600,0.0,0.0,yfinance_raw_daily
2018-05-28,1800.0,1860.0,1795.0,1820.0,463.84521484375,47494600,0.0,0.0,yfinance_raw_daily
2018-05-29,1820.0,1820.0,1820.0,1820.0,463.84521484375,0,0.0,0.0,yfinance_raw_daily
2018-05-30,1820.0,1880.0,1815.0,1830.0,466.393798828125,82871200,0.0,0.0,yfinance_raw_daily
2018-05-31,1875.0,1930.0,1870.0,1885.0,480.4112854003906,196912100,0.0,0.0,yfinance_raw_daily
2018-06-01,1885.0,1885.0,1885.0,1885.0,480.4112854003906,0,0.0,0.0,yfinance_raw_daily
2018-06-04,1915.0,1975.0,1915.0,1970.0,502.07421875,113281500,0.0,0.0,yfinance_raw_daily
2018-06-05,2000.0,2070.0,1990.0,2030.0,517.3659057617188,119456300,0.0,0.0,yfinance_raw_daily
2018-06-06,2050.0,2060.0,1985.0,1985.0,505.8970947265625,55595500,0.0,0.0,yfinance_raw_daily
2018-06-07,2000.0,2030.0,1980.0,1990.0,507.1714782714844,70334500,0.0,0.0,yfinance_raw_daily
2018-06-08,2010.0,2030.0,1935.0,1935.0,493.1541748046875,76718600,0.0,0.0,yfinance_raw_daily
2018-06-11,1935.0,1935.0,1935.0,1935.0,493.1541748046875,0,0.0,0.0,yfinance_raw_daily
2018-06-12,1935.0,1935.0,1935.0,1935.0,493.1541748046875,0,0.0,0.0,yfinance_raw_daily
2018-06-13,1935.0,1935.0,1935.0,1935.0,493.1541748046875,0,0.0,0.0,yfinance_raw_daily
2018-06-14,1935.0,1935.0,1935.0,1935.0,493.1541748046875,0,0.0,0.0,yfinance_raw_daily
2018-06-15,1935.0,1935.0,1935.0,1935.0,493.1541748046875,0,0.0,0.0,yfinance_raw_daily
2018-06-18,1935.0,1935.0,1935.0,1935.0,493.1541748046875,0,0.0,0.0,yfinance_raw_daily
2018-06-19,1935.0,1935.0,1935.0,1935.0,493.1541748046875,0,0.0,0.0,yfinance_raw_daily
2018-06-20,1870.0,2000.0,1830.0,2000.0,509.7201232910156,140664700,0.0,0.0,yfinance_raw_daily
2018-06-21,1990.0,2020.0,1965.0,2010.0,512.2686767578125,75380200,0.0,0.0,yfinance_raw_daily
2018-06-22,1990.0,1990.0,1905.0,1930.0,491.8797607421875,69063400,0.0,0.0,yfinance_raw_daily
2018-06-25,1930.0,1960.0,1865.0,1870.0,476.5882263183594,47119400,0.0,0.0,yfinance_raw_daily
2018-06-26,1870.0,1895.0,1755.0,1755.0,447.27935791015625,83866100,0.0,0.0,yfinance_raw_daily
2018-06-27,1770.0,1805.0,1705.0,1705.0,434.5363464355469,101110700,0.0,0.0,yfinance_raw_daily
2018-06-28,1690.0,1750.0,1650.0,1665.0,424.34197998046875,94009700,0.0,0.0,yfinance_raw_daily
2018-06-29,1675.0,1790.0,1665.0,1790.0,456.1994934082031,124197700,0.0,0.0,yfinance_raw_daily
2018-07-02,1810.0,1820.0,1735.0,1745.0,444.7307434082031,53210900,0.0,0.0,yfinance_raw_daily
2018-07-03,1760.0,1770.0,1690.0,1720.0,438.3592224121094,45932000,0.0,0.0,yfinance_raw_daily
2018-07-04,1710.0,1780.0,1690.0,1770.0,451.1022033691406,35855500,0.0,0.0,yfinance_raw_daily
2018-07-05,1770.0,1835.0,1745.0,1825.0,465.11962890625,47143600,0.0,0.0,yfinance_raw_daily
2018-07-06,1830.0,1845.0,1775.0,1785.0,454.92510986328125,41555200,0.0,0.0,yfinance_raw_daily
2018-07-09,1810.0,1835.0,1795.0,1835.0,467.6682434082031,33991400,0.0,0.0,yfinance_raw_daily
2018-07-10,1855.0,1880.0,1830.0,1865.0,475.31396484375,45734900,0.0,0.0,yfinance_raw_daily
2018-07-11,1835.0,1920.0,1820.0,1900.0,484.2340087890625,57214300,0.0,0.0,yfinance_raw_daily
2018-07-12,1900.0,1930.0,1865.0,1870.0,476.5882263183594,64182900,0.0,0.0,yfinance_raw_daily
2018-07-13,1885.0,1895.0,1825.0,1860.0,474.03973388671875,40511600,0.0,0.0,yfinance_raw_daily
2018-07-16,1830.0,1860.0,1780.0,1800.0,458.748046875,58828800,0.0,0.0,yfinance_raw_daily
2018-07-17,1800.0,1810.0,1755.0,1760.0,448.5537109375,58751600,0.0,0.0,yfinance_raw_daily
2018-07-18,1790.0,1865.0,1780.0,1865.0,475.31396484375,87066600,0.0,0.0,yfinance_raw_daily
2018-07-19,1890.0,1915.0,1860.0,1870.0,476.5882263183594,64638600,0.0,0.0,yfinance_raw_daily
2018-07-20,1850.0,1875.0,1825.0,1825.0,465.11962890625,31792100,0.0,0.0,yfinance_raw_daily
2018-07-23,1805.0,1840.0,1800.0,1800.0,458.748046875,26271300,0.0,0.0,yfinance_raw_daily
2018-07-24,1815.0,1840.0,1795.0,1800.0,458.748046875,46045000,0.0,0.0,yfinance_raw_daily
2018-07-25,1820.0,1885.0,1810.0,1880.0,479.1368103027344,61510700,0.0,0.0,yfinance_raw_daily
2018-07-26,1895.0,1910.0,1845.0,1850.0,471.4909973144531,74202800,0.0,0.0,yfinance_raw_daily
2018-07-27,1850.0,1975.0,1840.0,1965.0,500.8000183105469,107580500,0.0,0.0,yfinance_raw_daily
2018-07-30,2030.0,2130.0,2030.0,2090.0,532.6575317382812,198864700,0.0,0.0,yfinance_raw_daily
2018-07-31,2070.0,2070.0,1880.0,1905.0,485.5083923339844,164547300,0.0,0.0,yfinance_raw_daily
2018-08-01,1915.0,1990.0,1900.0,1980.0,504.6228942871094,74080800,0.0,0.0,yfinance_raw_daily
2018-08-02,1990.0,1995.0,1925.0,1935.0,493.1541748046875,52010800,0.0,0.0,yfinance_raw_daily
2018-08-03,1935.0,1960.0,1930.0,1940.0,494.4284362792969,63189100,0.0,0.0,yfinance_raw_daily
2018-08-06,1950.0,1970.0,1950.0,1960.0,499.52569580078125,35260200,0.0,0.0,yfinance_raw_daily
2018-08-07,1980.0,2030.0,1965.0,1980.0,504.6228942871094,61466100,0.0,0.0,yfinance_raw_daily
2018-08-08,2000.0,2030.0,1980.0,1990.0,507.1714782714844,45706300,0.0,0.0,yfinance_raw_daily
2018-08-09,1990.0,1995.0,1925.0,1935.0,493.1541748046875,65590800,0.0,0.0,yfinance_raw_daily
2018-08-10,1940.0,1965.0,1900.0,1910.0,486.78265380859375,76226500,0.0,0.0,yfinance_raw_daily
2018-08-13,1900.0,1900.0,1810.0,1830.0,466.393798828125,69285200,0.0,0.0,yfinance_raw_daily
2018-08-14,1825.0,1890.0,1800.0,1800.0,458.748046875,61428900,0.0,0.0,yfinance_raw_daily
2018-08-15,1820.0,1860.0,1780.0,1855.0,472.7653503417969,34569700,0.0,0.0,yfinance_raw_daily
2018-08-16,1830.0,1840.0,1780.0,1780.0,453.65087890625,65985400,0.0,0.0,yfinance_raw_daily
2018-08-17,1780.0,1780.0,1780.0,1780.0,453.65087890625,0,0.0,0.0,yfinance_raw_daily
2018-08-20,1800.0,1850.0,1800.0,1835.0,467.6682434082031,51605600,0.0,0.0,yfinance_raw_daily
2018-08-21,1845.0,1880.0,1845.0,1880.0,479.1368103027344,54946000,0.0,0.0,yfinance_raw_daily
2018-08-22,1880.0,1880.0,1880.0,1880.0,479.1368103027344,0,0.0,0.0,yfinance_raw_daily
2018-08-23,1900.0,1950.0,1865.0,1940.0,494.4284362792969,80572800,0.0,0.0,yfinance_raw_daily
2018-08-24,1940.0,1940.0,1890.0,1910.0,486.78265380859375,59739000,0.0,0.0,yfinance_raw_daily
2018-08-27,1930.0,1935.0,1860.0,1895.0,482.95977783203125,53576800,0.0,0.0,yfinance_raw_daily
2018-08-28,1910.0,1925.0,1885.0,1910.0,486.78265380859375,37976500,0.0,0.0,yfinance_raw_daily
2018-08-29,1910.0,1915.0,1885.0,1910.0,486.78265380859375,38354900,0.0,0.0,yfinance_raw_daily
2018-08-30,1920.0,1930.0,1895.0,1895.0,482.95977783203125,34368700,0.0,0.0,yfinance_raw_daily
2018-08-31,1880.0,1880.0,1840.0,1865.0,475.31396484375,37523200,0.0,0.0,yfinance_raw_daily
2018-09-03,1890.0,1890.0,1840.0,1855.0,472.7653503417969,22816700,0.0,0.0,yfinance_raw_daily
2018-09-04,1845.0,1860.0,1800.0,1805.0,460.0223388671875,33123800,0.0,0.0,yfinance_raw_daily
2018-09-05,1800.0,1805.0,1700.0,1700.0,433.2619934082031,64767600,0.0,0.0,yfinance_raw_daily
2018-09-06,1680.0,1735.0,1675.0,1725.0,439.6335754394531,77666400,0.0,0.0,yfinance_raw_daily
2018-09-07,1725.0,1745.0,1720.0,1730.0,440.9078674316406,31972700,0.0,0.0,yfinance_raw_daily
2018-09-10,1730.0,1780.0,1705.0,1735.0,442.1820983886719,46147800,0.0,0.0,yfinance_raw_daily
2018-09-11,1735.0,1735.0,1735.0,1735.0,442.1820983886719,0,0.0,0.0,yfinance_raw_daily
2018-09-12,1745.0,1780.0,1745.0,1760.0,448.5537109375,45898700,0.0,0.0,yfinance_raw_daily
2018-09-13,1770.0,1775.0,1725.0,1735.0,442.1820983886719,43392300,0.0,0.0,yfinance_raw_daily
2018-09-14,1735.0,1760.0,1720.0,1740.0,443.45648193359375,36920200,0.0,0.0,yfinance_raw_daily
2018-09-17,1735.0,1740.0,1690.0,1715.0,437.0849914550781,31949100,0.0,0.0,yfinance_raw_daily
2018-09-18,1705.0,1765.0,1700.0,1750.0,446.0049743652344,45486500,0.0,0.0,yfinance_raw_daily
2018-09-19,1780.0,1790.0,1725.0,1740.0,443.45648193359375,44840900,0.0,0.0,yfinance_raw_daily
2018-09-20,1755.0,1825.0,1730.0,1805.0,460.0223388671875,88560700,0.0,0.0,yfinance_raw_daily
2018-09-21,1820.0,1900.0,1795.0,1880.0,479.1368103027344,126601900,0.0,0.0,yfinance_raw_daily
2018-09-24,1870.0,1875.0,1815.0,1820.0,463.84521484375,40507000,0.0,0.0,yfinance_raw_daily
2018-09-25,1825.0,1830.0,1805.0,1815.0,462.571044921875,25072800,0.0,0.0,yfinance_raw_daily
2018-09-26,1825.0,1865.0,1805.0,1815.0,462.571044921875,37701700,0.0,0.0,yfinance_raw_daily
2018-09-27,1815.0,1845.0,1810.0,1825.0,465.11962890625,33680200,0.0,0.0,yfinance_raw_daily
2018-09-28,1835.0,1850.0,1820.0,1835.0,467.6682434082031,33909100,0.0,0.0,yfinance_raw_daily
2018-10-01,1830.0,1865.0,1820.0,1840.0,468.9425354003906,36878300,0.0,0.0,yfinance_raw_daily
2018-10-02,1840.0,1900.0,1830.0,1845.0,470.2167663574219,66829700,0.0,0.0,yfinance_raw_daily
2018-10-03,1845.0,1870.0,1835.0,1865.0,475.31396484375,32749000,0.0,0.0,yfinance_raw_daily
2018-10-04,1850.0,1860.0,1810.0,1825.0,465.11962890625,31597100,0.0,0.0,yfinance_raw_daily
2018-10-05,1800.0,1835.0,1790.0,1810.0,461.29669189453125,33817300,0.0,0.0,yfinance_raw_daily
2018-10-08,1810.0,1820.0,1750.0,1750.0,446.0049743652344,47188000,0.0,0.0,yfinance_raw_daily
2018-10-09,1760.0,1770.0,1730.0,1730.0,440.9078674316406,30068100,0.0,0.0,yfinance_raw_daily
2018-10-10,1740.0,1780.0,1730.0,1780.0,453.65087890625,33963200,0.0,0.0,yfinance_raw_daily
2018-10-11,1720.0,1750.0,1700.0,1720.0,438.3592224121094,49872300,0.0,0.0,yfinance_raw_daily
2018-10-12,1710.0,1735.0,1705.0,1710.0,435.8106689453125,31664500,0.0,0.0,yfinance_raw_daily
2018-10-15,1715.0,1725.0,1675.0,1675.0,426.8905944824219,23931100,0.0,0.0,yfinance_raw_daily
2018-10-16,1685.0,1750.0,1685.0,1750.0,446.0049743652344,41620900,0.0,0.0,yfinance_raw_daily
2018-10-17,1780.0,1780.0,1745.0,1760.0,448.5537109375,29240800,0.0,0.0,yfinance_raw_daily
2018-10-18,1740.0,1750.0,1710.0,1730.0,440.9078674316406,23312400,0.0,0.0,yfinance_raw_daily
2018-10-19,1710.0,1735.0,1690.0,1700.0,433.2619934082031,79630000,0.0,0.0,yfinance_raw_daily
2018-10-22,1715.0,1745.0,1695.0,1730.0,440.9078674316406,35681900,0.0,0.0,yfinance_raw_daily
2018-10-23,1720.0,1725.0,1695.0,1700.0,433.2619934082031,30541300,0.0,0.0,yfinance_raw_daily
2018-10-24,1700.0,1705.0,1655.0,1670.0,425.6163024902344,52183600,0.0,0.0,yfinance_raw_daily
2018-10-25,1630.0,1670.0,1610.0,1650.0,420.5190124511719,28984900,0.0,0.0,yfinance_raw_daily
2018-10-26,1665.0,1730.0,1665.0,1725.0,439.6335754394531,83485700,0.0,0.0,yfinance_raw_daily
2018-10-29,1730.0,1730.0,1660.0,1665.0,424.34197998046875,22765000,0.0,0.0,yfinance_raw_daily
2018-10-30,1665.0,1675.0,1640.0,1650.0,420.5190124511719,28725000,0.0,0.0,yfinance_raw_daily
2018-10-31,1665.0,1680.0,1615.0,1650.0,420.5190124511719,60829500,0.0,0.0,yfinance_raw_daily
2018-11-01,1650.0,1650.0,1630.0,1645.0,419.24481201171875,29505400,0.0,0.0,yfinance_raw_daily
2018-11-02,1645.0,1645.0,1585.0,1585.0,403.9531555175781,52561000,0.0,0.0,yfinance_raw_daily
2018-11-05,1585.0,1610.0,1565.0,1575.0,401.40460205078125,34342300,0.0,0.0,yfinance_raw_daily
2018-11-06,1590.0,1635.0,1585.0,1630.0,415.4217834472656,58240300,0.0,0.0,yfinance_raw_daily
2018-11-07,1640.0,1645.0,1585.0,1595.0,406.50164794921875,42912600,0.0,0.0,yfinance_raw_daily
2018-11-08,1620.0,1625.0,1595.0,1610.0,410.3247375488281,79412800,0.0,0.0,yfinance_raw_daily
2018-11-09,1600.0,1605.0,1580.0,1580.0,402.6788635253906,32266000,0.0,0.0,yfinance_raw_daily
2018-11-12,1575.0,1590.0,1510.0,1510.0,384.8386535644531,50361300,0.0,0.0,yfinance_raw_daily
2018-11-13,1500.0,1540.0,1490.0,1515.0,386.11297607421875,41302900,0.0,0.0,yfinance_raw_daily
2018-11-14,1535.0,1585.0,1530.0,1565.0,398.85601806640625,67359700,0.0,0.0,yfinance_raw_daily
2018-11-15,1540.0,1575.0,1530.0,1555.0,396.3073425292969,45933400,0.0,0.0,yfinance_raw_daily
2018-11-16,1555.0,1585.0,1535.0,1545.0,393.7588195800781,49576400,0.0,0.0,yfinance_raw_daily
2018-11-19,1545.0,1550.0,1485.0,1485.0,378.4671630859375,97095900,0.0,0.0,yfinance_raw_daily
2018-11-20,1485.0,1485.0,1485.0,1485.0,378.4671630859375,0,0.0,0.0,yfinance_raw_daily
2018-11-21,1470.0,1470.0,1300.0,1310.0,333.86663818359375,175875600,0.0,0.0,yfinance_raw_daily
2018-11-22,1330.0,1340.0,1250.0,1285.0,327.49517822265625,185941900,0.0,0.0,yfinance_raw_daily
2018-11-23,1290.0,1315.0,1280.0,1295.0,330.043701171875,96463200,0.0,0.0,yfinance_raw_daily
2018-11-26,1285.0,1290.0,1240.0,1275.0,324.946533203125,90744200,0.0,0.0,yfinance_raw_daily
2018-11-27,1280.0,1285.0,1220.0,1220.0,310.9292297363281,85605700,0.0,0.0,yfinance_raw_daily
2018-11-28,1220.0,1290.0,1220.0,1255.0,319.8493347167969,103874300,0.0,0.0,yfinance_raw_daily
2018-11-29,1285.0,1305.0,1270.0,1280.0,326.2209167480469,87861300,0.0,0.0,yfinance_raw_daily
2018-11-30,1290.0,1330.0,1265.0,1285.0,327.49517822265625,173801300,0.0,0.0,yfinance_raw_daily
2018-12-03,1330.0,1330.0,1300.0,1305.0,332.59234619140625,78958400,0.0,0.0,yfinance_raw_daily
2018-12-04,1305.0,1320.0,1250.0,1300.0,331.31805419921875,91375000,0.0,0.0,yfinance_raw_daily
2018-12-05,1280.0,1345.0,1270.0,1285.0,327.49517822265625,124311600,0.0,0.0,yfinance_raw_daily
2018-12-06,1275.0,1320.0,1275.0,1295.0,330.043701171875,83074000,0.0,0.0,yfinance_raw_daily
2018-12-07,1300.0,1310.0,1295.0,1300.0,331.31805419921875,66223200,0.0,0.0,yfinance_raw_daily
2018-12-10,1300.0,1330.0,1290.0,1310.0,333.86663818359375,58534900,0.0,0.0,yfinance_raw_daily
2018-12-11,1315.0,1320.0,1285.0,1285.0,327.49517822265625,71048400,0.0,0.0,yfinance_raw_daily
2018-12-12,1290.0,1295.0,1250.0,1255.0,319.8493347167969,98768600,0.0,0.0,yfinance_raw_daily
2018-12-13,1260.0,1290.0,1255.0,1280.0,326.2209167480469,96572600,0.0,0.0,yfinance_raw_daily
2018-12-14,1280.0,1310.0,1270.0,1285.0,327.49517822265625,109536800,0.0,0.0,yfinance_raw_daily
2018-12-17,1290.0,1295.0,1260.0,1280.0,326.2209167480469,44301600,0.0,0.0,yfinance_raw_daily
2018-12-18,1270.0,1270.0,1235.0,1240.0,316.0264587402344,71205700,0.0,0.0,yfinance_raw_daily
2018-12-19,1235.0,1260.0,1230.0,1245.0,317.30078125,60076000,0.0,0.0,yfinance_raw_daily
2018-12-20,1245.0,1275.0,1245.0,1255.0,319.8493347167969,76760400,0.0,0.0,yfinance_raw_daily
2018-12-21,1255.0,1260.0,1235.0,1250.0,318.5750427246094,65802400,0.0,0.0,yfinance_raw_daily
2018-12-24,1250.0,1250.0,1250.0,1250.0,318.5750427246094,0,0.0,0.0,yfinance_raw_daily
2018-12-25,1250.0,1250.0,1250.0,1250.0,318.5750427246094,0,0.0,0.0,yfinance_raw_daily
2018-12-26,1240.0,1240.0,1215.0,1220.0,310.9292297363281,42011200,0.0,0.0,yfinance_raw_daily
2018-12-27,1250.0,1260.0,1235.0,1240.0,316.0264587402344,63853800,0.0,0.0,yfinance_raw_daily
2018-12-28,1230.0,1230.0,1215.0,1215.0,318.3822021484375,61358700,33.99,0.0,yfinance_raw_daily
2018-12-31,1215.0,1215.0,1215.0,1215.0,318.3822021484375,0,0.0,0.0,yfinance_raw_daily
2019-01-01,1215.0,1215.0,1215.0,1215.0,318.3822021484375,0,0.0,0.0,yfinance_raw_daily
2019-01-02,1215.0,1225.0,1215.0,1225.0,321.00262451171875,17086200,0.0,0.0,yfinance_raw_daily
2019-01-03,1225.0,1235.0,1215.0,1230.0,322.3128356933594,26738400,0.0,0.0,yfinance_raw_daily
2019-01-04,1220.0,1390.0,1220.0,1390.0,364.2397155761719,258453600,0.0,0.0,yfinance_raw_daily
2019-01-07,1410.0,1430.0,1365.0,1390.0,364.2397155761719,188434700,0.0,0.0,yfinance_raw_daily
2019-01-08,1395.0,1415.0,1360.0,1410.0,369.4805908203125,87842100,0.0,0.0,yfinance_raw_daily
2019-01-09,1425.0,1435.0,1380.0,1395.0,365.5499572753906,112359400,0.0,0.0,yfinance_raw_daily
2019-01-10,1395.0,1415.0,1370.0,1405.0,368.1703796386719,59780600,0.0,0.0,yfinance_raw_daily
2019-01-11,1405.0,1420.0,1395.0,1405.0,368.1703796386719,38608700,0.0,0.0,yfinance_raw_daily
2019-01-14,1405.0,1415.0,1385.0,1410.0,369.4805908203125,49808900,0.0,0.0,yfinance_raw_daily
2019-01-15,1420.0,1470.0,1405.0,1460.0,382.582763671875,114172600,0.0,0.0,yfinance_raw_daily
2019-01-16,1475.0,1495.0,1455.0,1460.0,382.582763671875,84230700,0.0,0.0,yfinance_raw_daily
2019-01-17,1480.0,1510.0,1455.0,1460.0,382.582763671875,142090600,0.0,0.0,yfinance_raw_daily
2019-01-18,1480.0,1495.0,1475.0,1485.0,389.1338195800781,86803600,0.0,0.0,yfinance_raw_daily
2019-01-21,1495.0,1505.0,1445.0,1470.0,385.2032165527344,42644600,0.0,0.0,yfinance_raw_daily
2019-01-22,1460.0,1460.0,1375.0,1410.0,369.4805908203125,66118800,0.0,0.0,yfinance_raw_daily
2019-01-23,1410.0,1420.0,1370.0,1380.0,361.61932373046875,99859900,0.0,0.0,yfinance_raw_daily
2019-01-24,1385.0,1405.0,1380.0,1380.0,361.61932373046875,55564000,0.0,0.0,yfinance_raw_daily
2019-01-25,1380.0,1410.0,1380.0,1395.0,365.5499572753906,59077400,0.0,0.0,yfinance_raw_daily
2019-01-28,1400.0,1430.0,1380.0,1390.0,364.2397155761719,97669800,0.0,0.0,yfinance_raw_daily
2019-01-29,1390.0,1390.0,1335.0,1340.0,351.1375732421875,76464700,0.0,0.0,yfinance_raw_daily
2019-01-30,1340.0,1375.0,1340.0,1350.0,353.75799560546875,56906800,0.0,0.0,yfinance_raw_daily
2019-01-31,1365.0,1415.0,1360.0,1390.0,364.2397155761719,109294400,0.0,0.0,yfinance_raw_daily
2019-02-01,1395.0,1400.0,1365.0,1375.0,360.3090515136719,45433300,0.0,0.0,yfinance_raw_daily
2019-02-04,1370.0,1380.0,1355.0,1360.0,356.37835693359375,41270100,0.0,0.0,yfinance_raw_daily
2019-02-05,1360.0,1360.0,1360.0,1360.0,356.37835693359375,0,0.0,0.0,yfinance_raw_daily
2019-02-06,1370.0,1380.0,1355.0,1365.0,357.68865966796875,36227000,0.0,0.0,yfinance_raw_daily
2019-02-07,1375.0,1380.0,1335.0,1345.0,352.4477844238281,45892300,0.0,0.0,yfinance_raw_daily
2019-02-08,1330.0,1330.0,1305.0,1305.0,341.966064453125,65555100,0.0,0.0,yfinance_raw_daily
2019-02-11,1300.0,1305.0,1255.0,1260.0,330.17413330078125,62534100,0.0,0.0,yfinance_raw_daily
2019-02-12,1275.0,1290.0,1240.0,1275.0,334.1047668457031,85248600,0.0,0.0,yfinance_raw_daily
2019-02-13,1295.0,1300.0,1260.0,1260.0,330.17413330078125,89133300,0.0,0.0,yfinance_raw_daily
2019-02-14,1265.0,1280.0,1240.0,1240.0,324.93328857421875,51789900,0.0,0.0,yfinance_raw_daily
2019-02-15,1240.0,1245.0,1215.0,1220.0,319.6924133300781,54815800,0.0,0.0,yfinance_raw_daily
2019-02-18,1240.0,1265.0,1240.0,1245.0,326.2435302734375,45571400,0.0,0.0,yfinance_raw_daily
2019-02-19,1270.0,1310.0,1270.0,1295.0,339.3456115722656,81308800,0.0,0.0,yfinance_raw_daily
2019-02-20,1305.0,1350.0,1285.0,1345.0,352.4477844238281,103338100,0.0,0.0,yfinance_raw_daily
2019-02-21,1345.0,1420.0,1330.0,1415.0,370.790771484375,155986100,0.0,0.0,yfinance_raw_daily
2019-02-22,1420.0,1460.0,1410.0,1410.0,369.4805908203125,144782800,0.0,0.0,yfinance_raw_daily
2019-02-25,1430.0,1430.0,1380.0,1405.0,368.1703796386719,68473000,0.0,0.0,yfinance_raw_daily
2019-02-26,1405.0,1410.0,1350.0,1350.0,353.75799560546875,43479900,0.0,0.0,yfinance_raw_daily
2019-02-27,1360.0,1395.0,1360.0,1375.0,360.3090515136719,43819400,0.0,0.0,yfinance_raw_daily
2019-02-28,1380.0,1390.0,1305.0,1310.0,343.2762756347656,62148900,0.0,0.0,yfinance_raw_daily
2019-03-01,1320.0,1345.0,1310.0,1310.0,343.2762756347656,77736800,0.0,0.0,yfinance_raw_daily
2019-03-04,1330.0,1420.0,1325.0,1410.0,369.4805908203125,144915900,0.0,0.0,yfinance_raw_daily
2019-03-05,1400.0,1455.0,1385.0,1400.0,366.8601379394531,99046800,0.0,0.0,yfinance_raw_daily
2019-03-06,1410.0,1415.0,1360.0,1360.0,356.37835693359375,43142100,0.0,0.0,yfinance_raw_daily
2019-03-07,1360.0,1360.0,1360.0,1360.0,356.37835693359375,0,0.0,0.0,yfinance_raw_daily
2019-03-08,1370.0,1395.0,1365.0,1390.0,364.2397155761719,50118800,0.0,0.0,yfinance_raw_daily
2019-03-11,1385.0,1470.0,1365.0,1450.0,379.96234130859375,111529800,0.0,0.0,yfinance_raw_daily
2019-03-12,1460.0,1460.0,1380.0,1390.0,364.2397155761719,56659400,0.0,0.0,yfinance_raw_daily
2019-03-13,1405.0,1450.0,1390.0,1440.0,377.3418273925781,99221100,0.0,0.0,yfinance_raw_daily
2019-03-14,1450.0,1480.0,1430.0,1460.0,382.582763671875,61455900,0.0,0.0,yfinance_raw_daily
2019-03-15,1460.0,1460.0,1430.0,1435.0,376.0317077636719,30627900,0.0,0.0,yfinance_raw_daily
2019-03-18,1420.0,1435.0,1405.0,1430.0,374.721435546875,20874200,0.0,0.0,yfinance_raw_daily
2019-03-19,1445.0,1450.0,1410.0,1435.0,376.0317077636719,18861200,0.0,0.0,yfinance_raw_daily
2019-03-20,1440.0,1440.0,1420.0,1430.0,374.721435546875,17269700,0.0,0.0,yfinance_raw_daily
2019-03-21,1450.0,1450.0,1415.0,1420.0,372.10101318359375,28910600,0.0,0.0,yfinance_raw_daily
2019-03-22,1435.0,1435.0,1400.0,1415.0,370.790771484375,12361200,0.0,0.0,yfinance_raw_daily
2019-03-25,1400.0,1405.0,1335.0,1345.0,352.4477844238281,68403800,0.0,0.0,yfinance_raw_daily
2019-03-26,1370.0,1385.0,1350.0,1360.0,356.37835693359375,32397600,0.0,0.0,yfinance_raw_daily
2019-03-27,1380.0,1380.0,1335.0,1350.0,353.75799560546875,27627500,0.0,0.0,yfinance_raw_daily
2019-03-28,1350.0,1355.0,1330.0,1340.0,351.1375732421875,23189200,0.0,0.0,yfinance_raw_daily
2019-03-29,1360.0,1365.0,1340.0,1340.0,351.1375732421875,39336400,0.0,0.0,yfinance_raw_daily
2019-04-01,1325.0,1360.0,1320.0,1350.0,353.75799560546875,27290600,0.0,0.0,yfinance_raw_daily
2019-04-02,1325.0,1345.0,1310.0,1325.0,347.2070007324219,36085600,0.0,0.0,yfinance_raw_daily
2019-04-03,1325.0,1325.0,1325.0,1325.0,347.2070007324219,0,0.0,0.0,yfinance_raw_daily
2019-04-04,1315.0,1320.0,1265.0,1275.0,334.1047668457031,78420500,0.0,0.0,yfinance_raw_daily
2019-04-05,1295.0,1295.0,1255.0,1260.0,330.17413330078125,40829900,0.0,0.0,yfinance_raw_daily
2019-04-08,1275.0,1285.0,1250.0,1260.0,330.17413330078125,48482300,0.0,0.0,yfinance_raw_daily
2019-04-09,1280.0,1320.0,1275.0,1295.0,339.3456115722656,74323800,0.0,0.0,yfinance_raw_daily
2019-04-10,1305.0,1305.0,1275.0,1300.0,340.6558532714844,30538500,0.0,0.0,yfinance_raw_daily
2019-04-11,1320.0,1325.0,1295.0,1295.0,339.3456115722656,19145000,0.0,0.0,yfinance_raw_daily
2019-04-12,1305.0,1315.0,1295.0,1300.0,340.6558532714844,15146200,0.0,0.0,yfinance_raw_daily
2019-04-15,1310.0,1315.0,1280.0,1285.0,336.7252502441406,26778800,0.0,0.0,yfinance_raw_daily
2019-04-16,1285.0,1315.0,1280.0,1305.0,341.966064453125,59364200,0.0,0.0,yfinance_raw_daily
2019-04-17,1305.0,1305.0,1305.0,1305.0,341.966064453125,0,0.0,0.0,yfinance_raw_daily
2019-04-18,1330.0,1330.0,1290.0,1295.0,339.3456115722656,46156300,0.0,0.0,yfinance_raw_daily
2019-04-19,1295.0,1295.0,1295.0,1295.0,339.3456115722656,0,0.0,0.0,yfinance_raw_daily
2019-04-22,1295.0,1295.0,1260.0,1270.0,332.7945861816406,33244100,0.0,0.0,yfinance_raw_daily
2019-04-23,1275.0,1310.0,1275.0,1305.0,341.966064453125,43700800,0.0,0.0,yfinance_raw_daily
2019-04-24,1310.0,1315.0,1300.0,1305.0,341.966064453125,32154700,0.0,0.0,yfinance_raw_daily
2019-04-25,1305.0,1305.0,1285.0,1290.0,338.035400390625,25000900,0.0,0.0,yfinance_raw_daily
2019-04-26,1290.0,1295.0,1280.0,1290.0,338.035400390625,15772900,0.0,0.0,yfinance_raw_daily
2019-04-29,1290.0,1315.0,1280.0,1315.0,344.5864562988281,37698700,0.0,0.0,yfinance_raw_daily
2019-04-30,1315.0,1340.0,1300.0,1305.0,341.966064453125,52568500,0.0,0.0,yfinance_raw_daily
2019-05-01,1305.0,1305.0,1305.0,1305.0,341.966064453125,0,0.0,0.0,yfinance_raw_daily
2019-05-02,1330.0,1360.0,1315.0,1345.0,352.4477844238281,95810800,0.0,0.0,yfinance_raw_daily
2019-05-03,1345.0,1350.0,1310.0,1335.0,349.827392578125,57040400,0.0,0.0,yfinance_raw_daily
2019-05-06,1300.0,1325.0,1290.0,1315.0,344.5864562988281,36012900,0.0,0.0,yfinance_raw_daily
2019-05-07,1320.0,1330.0,1310.0,1310.0,343.2762756347656,30469700,0.0,0.0,yfinance_raw_daily
2019-05-08,1310.0,1310.0,1295.0,1295.0,339.3456115722656,38977100,0.0,0.0,yfinance_raw_daily
2019-05-09,1290.0,1305.0,1275.0,1280.0,335.4150695800781,45523500,0.0,0.0,yfinance_raw_daily
2019-05-10,1250.0,1275.0,1250.0,1265.0,346.69561767578125,45642400,56.16,0.0,yfinance_raw_daily
2019-05-13,1285.0,1285.0,1250.0,1250.0,342.5845947265625,38541600,0.0,0.0,yfinance_raw_daily
2019-05-14,1250.0,1250.0,1220.0,1235.0,338.4736022949219,46837700,0.0,0.0,yfinance_raw_daily
2019-05-15,1245.0,1260.0,1215.0,1235.0,338.4736022949219,65521800,0.0,0.0,yfinance_raw_daily
2019-05-16,1230.0,1235.0,1160.0,1160.0,317.9184875488281,41379600,0.0,0.0,yfinance_raw_daily
2019-05-17,1180.0,1200.0,1160.0,1175.0,322.0295715332031,39289200,0.0,0.0,yfinance_raw_daily
2019-05-20,1185.0,1215.0,1170.0,1175.0,322.0295715332031,26879400,0.0,0.0,yfinance_raw_daily
2019-05-21,1190.0,1255.0,1185.0,1235.0,338.4736022949219,55039500,0.0,0.0,yfinance_raw_daily
2019-05-22,1235.0,1250.0,1210.0,1235.0,338.4736022949219,18810700,0.0,0.0,yfinance_raw_daily
2019-05-23,1250.0,1290.0,1240.0,1280.0,350.806640625,48887300,0.0,0.0,yfinance_raw_daily
2019-05-24,1280.0,1290.0,1260.0,1260.0,345.32525634765625,31953100,0.0,0.0,yfinance_raw_daily
2019-05-27,1265.0,1280.0,1265.0,1265.0,346.69561767578125,21527300,0.0,0.0,yfinance_raw_daily
2019-05-28,1265.0,1285.0,1260.0,1270.0,348.06597900390625,68587800,0.0,0.0,yfinance_raw_daily
2019-05-29,1270.0,1305.0,1265.0,1270.0,348.06597900390625,44624700,0.0,0.0,yfinance_raw_daily
2019-05-30,1270.0,1270.0,1270.0,1270.0,348.06597900390625,0,0.0,0.0,yfinance_raw_daily
2019-05-31,1295.0,1295.0,1260.0,1295.0,354.9176330566406,46433700,0.0,0.0,yfinance_raw_daily
2019-06-03,1295.0,1295.0,1295.0,1295.0,354.9176330566406,0,0.0,0.0,yfinance_raw_daily
2019-06-04,1295.0,1295.0,1295.0,1295.0,354.9176330566406,0,0.0,0.0,yfinance_raw_daily
2019-06-05,1295.0,1295.0,1295.0,1295.0,354.9176330566406,0,0.0,0.0,yfinance_raw_daily
2019-06-06,1295.0,1295.0,1295.0,1295.0,354.9176330566406,0,0.0,0.0,yfinance_raw_daily
2019-06-07,1295.0,1295.0,1295.0,1295.0,354.9176330566406,0,0.0,0.0,yfinance_raw_daily
2019-06-10,1305.0,1315.0,1275.0,1285.0,352.177001953125,57316800,0.0,0.0,yfinance_raw_daily
2019-06-11,1295.0,1295.0,1265.0,1280.0,350.806640625,24974300,0.0,0.0,yfinance_raw_daily
2019-06-12,1265.0,1295.0,1265.0,1285.0,352.177001953125,37842600,0.0,0.0,yfinance_raw_daily
2019-06-13,1275.0,1280.0,1265.0,1275.0,349.436279296875,24047900,0.0,0.0,yfinance_raw_daily
2019-06-14,1290.0,1295.0,1230.0,1235.0,338.4736022949219,38776200,0.0,0.0,yfinance_raw_daily
2019-06-17,1245.0,1245.0,1215.0,1230.0,337.103271484375,17974500,0.0,0.0,yfinance_raw_daily
2019-06-18,1225.0,1250.0,1220.0,1245.0,341.2142639160156,18426900,0.0,0.0,yfinance_raw_daily
2019-06-20,1280.0,1290.0,1265.0,1265.0,346.69561767578125,32480900,0.0,0.0,yfinance_raw_daily
2019-06-21,1275.0,1280.0,1225.0,1225.0,335.73291015625,69385800,0.0,0.0,yfinance_raw_daily
2019-06-24,1240.0,1250.0,1225.0,1245.0,341.2142639160156,14749600,0.0,0.0,yfinance_raw_daily
2019-06-25,1245.0,1335.0,1230.0,1330.0,364.510009765625,105687100,0.0,0.0,yfinance_raw_daily
2019-06-26,1350.0,1375.0,1330.0,1360.0,372.73211669921875,166716100,0.0,0.0,yfinance_raw_daily
2019-06-27,1370.0,1400.0,1340.0,1385.0,379.583740234375,72833900,0.0,0.0,yfinance_raw_daily
2019-06-28,1385.0,1390.0,1345.0,1360.0,372.73211669921875,27379100,0.0,0.0,yfinance_raw_daily
2019-07-01,1380.0,1455.0,1350.0,1440.0,394.65740966796875,82112100,0.0,0.0,yfinance_raw_daily
2019-07-02,1440.0,1445.0,1380.0,1420.0,389.1761169433594,61499600,0.0,0.0,yfinance_raw_daily
2019-07-03,1410.0,1415.0,1360.0,1360.0,372.73211669921875,50270400,0.0,0.0,yfinance_raw_daily
2019-07-04,1400.0,1435.0,1380.0,1420.0,389.1761169433594,78860000,0.0,0.0,yfinance_raw_daily
2019-07-05,1435.0,1470.0,1415.0,1415.0,387.8057861328125,70628300,0.0,0.0,yfinance_raw_daily
2019-07-08,1415.0,1415.0,1375.0,1380.0,378.21343994140625,25373500,0.0,0.0,yfinance_raw_daily
2019-07-09,1360.0,1385.0,1320.0,1335.0,365.8803405761719,48345600,0.0,0.0,yfinance_raw_daily
2019-07-10,1335.0,1360.0,1330.0,1345.0,368.62103271484375,39124800,0.0,0.0,yfinance_raw_daily
2019-07-11,1360.0,1365.0,1330.0,1335.0,365.8803405761719,22330200,0.0,0.0,yfinance_raw_daily
2019-07-12,1335.0,1340.0,1275.0,1280.0,350.806640625,46977100,0.0,0.0,yfinance_raw_daily
2019-07-15,1295.0,1295.0,1265.0,1275.0,349.436279296875,37038000,0.0,0.0,yfinance_raw_daily
2019-07-16,1280.0,1305.0,1270.0,1285.0,352.177001953125,21626300,0.0,0.0,yfinance_raw_daily
2019-07-17,1290.0,1295.0,1265.0,1280.0,350.806640625,21113200,0.0,0.0,yfinance_raw_daily
2019-07-18,1275.0,1335.0,1270.0,1300.0,356.2879943847656,47703200,0.0,0.0,yfinance_raw_daily
2019-07-19,1310.0,1315.0,1285.0,1295.0,354.9176330566406,14735600,0.0,0.0,yfinance_raw_daily
2019-07-22,1300.0,1305.0,1280.0,1285.0,352.177001953125,9661200,0.0,0.0,yfinance_raw_daily
2019-07-23,1285.0,1295.0,1265.0,1275.0,349.436279296875,31996500,0.0,0.0,yfinance_raw_daily
2019-07-24,1285.0,1285.0,1250.0,1255.0,343.9549560546875,27037300,0.0,0.0,yfinance_raw_daily
2019-07-25,1255.0,1270.0,1250.0,1250.0,342.5845947265625,18497000,0.0,0.0,yfinance_raw_daily
2019-07-26,1260.0,1260.0,1230.0,1230.0,337.103271484375,23179100,0.0,0.0,yfinance_raw_daily
2019-07-29,1220.0,1255.0,1220.0,1255.0,343.9549560546875,16327200,0.0,0.0,yfinance_raw_daily
2019-07-30,1255.0,1295.0,1245.0,1295.0,354.9176330566406,20044900,0.0,0.0,yfinance_raw_daily
2019-07-31,1280.0,1285.0,1260.0,1270.0,348.06597900390625,44371900,0.0,0.0,yfinance_raw_daily
2019-08-01,1270.0,1275.0,1215.0,1225.0,335.73291015625,49309700,0.0,0.0,yfinance_raw_daily
2019-08-02,1220.0,1220.0,1165.0,1175.0,322.0295715332031,65053800,0.0,0.0,yfinance_raw_daily
2019-08-05,1175.0,1180.0,1110.0,1120.0,306.9558410644531,57490400,0.0,0.0,yfinance_raw_daily
2019-08-06,1100.0,1100.0,1040.0,1085.0,297.36346435546875,88402300,0.0,0.0,yfinance_raw_daily
2019-08-07,1090.0,1130.0,1090.0,1105.0,302.84478759765625,60120400,0.0,0.0,yfinance_raw_daily
2019-08-08,1120.0,1130.0,1100.0,1100.0,301.4744567871094,42572300,0.0,0.0,yfinance_raw_daily
2019-08-09,1105.0,1120.0,1095.0,1095.0,300.1041259765625,28530100,0.0,0.0,yfinance_raw_daily
2019-08-12,1100.0,1110.0,1060.0,1070.0,293.2524108886719,25450200,0.0,0.0,yfinance_raw_daily
2019-08-13,1070.0,1070.0,1030.0,1035.0,283.6600646972656,55110300,0.0,0.0,yfinance_raw_daily
2019-08-14,1060.0,1070.0,1035.0,1050.0,287.77105712890625,34143400,0.0,0.0,yfinance_raw_daily
2019-08-15,1025.0,1035.0,1010.0,1025.0,280.9194030761719,54488500,0.0,0.0,yfinance_raw_daily
2019-08-16,1030.0,1095.0,1010.0,1030.0,282.28973388671875,149120800,0.0,0.0,yfinance_raw_daily
2019-08-19,1040.0,1055.0,1035.0,1045.0,286.4007263183594,28476700,0.0,0.0,yfinance_raw_daily
2019-08-20,1060.0,1060.0,1030.0,1050.0,287.77105712890625,39251200,0.0,0.0,yfinance_raw_daily
2019-08-21,1050.0,1055.0,1025.0,1030.0,282.28973388671875,33412600,0.0,0.0,yfinance_raw_daily
2019-08-22,1035.0,1040.0,1020.0,1020.0,279.5490417480469,32651600,0.0,0.0,yfinance_raw_daily
2019-08-23,1055.0,1145.0,1045.0,1085.0,297.36346435546875,196150500,0.0,0.0,yfinance_raw_daily
2019-08-26,1060.0,1120.0,1050.0,1120.0,306.9558410644531,82143700,0.0,0.0,yfinance_raw_daily
2019-08-27,1130.0,1155.0,1090.0,1130.0,309.6965026855469,139043800,0.0,0.0,yfinance_raw_daily
2019-08-28,1130.0,1140.0,1100.0,1105.0,302.84478759765625,48177500,0.0,0.0,yfinance_raw_daily
2019-08-29,1115.0,1120.0,1100.0,1100.0,301.4744567871094,32001100,0.0,0.0,yfinance_raw_daily
2019-08-30,1120.0,1145.0,1110.0,1125.0,308.3261413574219,66591200,0.0,0.0,yfinance_raw_daily
2019-09-02,1125.0,1160.0,1105.0,1155.0,316.54815673828125,81216100,0.0,0.0,yfinance_raw_daily
2019-09-03,1165.0,1215.0,1165.0,1190.0,326.1405334472656,106598700,0.0,0.0,yfinance_raw_daily
2019-09-04,1220.0,1250.0,1205.0,1235.0,338.4736022949219,88492300,0.0,0.0,yfinance_raw_daily
2019-09-05,1235.0,1265.0,1220.0,1260.0,345.32525634765625,60091300,0.0,0.0,yfinance_raw_daily
2019-09-06,1275.0,1345.0,1275.0,1335.0,365.8803405761719,139576900,0.0,0.0,yfinance_raw_daily
2019-09-09,1350.0,1450.0,1350.0,1415.0,387.8057861328125,254375800,0.0,0.0,yfinance_raw_daily
2019-09-10,1430.0,1440.0,1355.0,1410.0,386.4354553222656,104962000,0.0,0.0,yfinance_raw_daily
2019-09-11,1430.0,1475.0,1425.0,1470.0,402.8795471191406,153633300,0.0,0.0,yfinance_raw_daily
2019-09-12,1475.0,1485.0,1430.0,1435.0,393.2871398925781,69136000,0.0,0.0,yfinance_raw_daily
2019-09-13,1435.0,1445.0,1355.0,1375.0,376.8430480957031,82692300,0.0,0.0,yfinance_raw_daily
2019-09-16,1425.0,1460.0,1400.0,1430.0,391.9167785644531,112703000,0.0,0.0,yfinance_raw_daily
2019-09-17,1440.0,1460.0,1420.0,1435.0,393.2871398925781,51608900,0.0,0.0,yfinance_raw_daily
2019-09-18,1420.0,1420.0,1380.0,1405.0,385.0651550292969,37323600,0.0,0.0,yfinance_raw_daily
2019-09-19,1400.0,1410.0,1370.0,1370.0,375.4727478027344,35991200,0.0,0.0,yfinance_raw_daily
2019-09-20,1370.0,1400.0,1355.0,1400.0,383.69476318359375,60093800,0.0,0.0,yfinance_raw_daily
2019-09-23,1400.0,1405.0,1365.0,1370.0,375.4727478027344,22636300,0.0,0.0,yfinance_raw_daily
2019-09-24,1370.0,1370.0,1275.0,1295.0,354.9176330566406,97064300,0.0,0.0,yfinance_raw_daily
2019-09-25,1270.0,1315.0,1260.0,1310.0,359.0286560058594,30439800,0.0,0.0,yfinance_raw_daily
2019-09-26,1300.0,1320.0,1285.0,1285.0,352.177001953125,16697200,0.0,0.0,yfinance_raw_daily
2019-09-27,1290.0,1345.0,1290.0,1315.0,360.3990173339844,36058200,0.0,0.0,yfinance_raw_daily
2019-09-30,1315.0,1335.0,1280.0,1290.0,353.5472717285156,20913600,0.0,0.0,yfinance_raw_daily
2019-10-01,1305.0,1330.0,1300.0,1320.0,361.7693786621094,23275800,0.0,0.0,yfinance_raw_daily
2019-10-02,1300.0,1310.0,1270.0,1270.0,348.06597900390625,23143200,0.0,0.0,yfinance_raw_daily
2019-10-03,1250.0,1285.0,1225.0,1270.0,348.06597900390625,26019600,0.0,0.0,yfinance_raw_daily
2019-10-04,1260.0,1285.0,1255.0,1265.0,346.69561767578125,17273800,0.0,0.0,yfinance_raw_daily
2019-10-07,1280.0,1290.0,1250.0,1250.0,342.5845947265625,27269900,0.0,0.0,yfinance_raw_daily
2019-10-08,1275.0,1285.0,1240.0,1280.0,350.806640625,33348200,0.0,0.0,yfinance_raw_daily
2019-10-09,1275.0,1300.0,1265.0,1270.0,348.06597900390625,29098800,0.0,0.0,yfinance_raw_daily
2019-10-10,1260.0,1275.0,1255.0,1260.0,345.32525634765625,81111300,0.0,0.0,yfinance_raw_daily
2019-10-11,1275.0,1310.0,1270.0,1295.0,354.9176330566406,30052100,0.0,0.0,yfinance_raw_daily
2019-10-14,1305.0,1325.0,1270.0,1295.0,354.9176330566406,22205700,0.0,0.0,yfinance_raw_daily
2019-10-15,1305.0,1330.0,1280.0,1330.0,364.510009765625,38825600,0.0,0.0,yfinance_raw_daily
2019-10-16,1340.0,1365.0,1300.0,1315.0,360.3990173339844,46976400,0.0,0.0,yfinance_raw_daily
2019-10-17,1315.0,1325.0,1300.0,1320.0,361.7693786621094,13291200,0.0,0.0,yfinance_raw_daily
2019-10-18,1320.0,1350.0,1310.0,1310.0,359.0286560058594,27499200,0.0,0.0,yfinance_raw_daily
2019-10-21,1325.0,1370.0,1320.0,1365.0,374.1023864746094,58562400,0.0,0.0,yfinance_raw_daily
2019-10-22,1365.0,1375.0,1345.0,1365.0,374.1023864746094,29111700,0.0,0.0,yfinance_raw_daily
2019-10-23,1365.0,1375.0,1325.0,1355.0,371.3617248535156,45606400,0.0,0.0,yfinance_raw_daily
2019-10-24,1355.0,1385.0,1345.0,1370.0,375.4727478027344,59764100,0.0,0.0,yfinance_raw_daily
2019-10-25,1375.0,1375.0,1335.0,1350.0,369.9913635253906,38912400,0.0,0.0,yfinance_raw_daily
2019-10-28,1350.0,1375.0,1345.0,1370.0,375.4727478027344,27468800,0.0,0.0,yfinance_raw_daily
2019-10-29,1370.0,1375.0,1325.0,1335.0,365.8803405761719,33546400,0.0,0.0,yfinance_raw_daily
2019-10-30,1320.0,1335.0,1300.0,1305.0,357.6582946777344,34870600,0.0,0.0,yfinance_raw_daily
2019-10-31,1305.0,1320.0,1295.0,1310.0,359.0286560058594,29065600,0.0,0.0,yfinance_raw_daily
2019-11-01,1300.0,1310.0,1250.0,1270.0,348.06597900390625,38229500,0.0,0.0,yfinance_raw_daily
2019-11-04,1280.0,1300.0,1270.0,1280.0,350.806640625,28986500,0.0,0.0,yfinance_raw_daily
2019-11-05,1290.0,1370.0,1290.0,1370.0,375.4727478027344,63048100,0.0,0.0,yfinance_raw_daily
2019-11-06,1375.0,1410.0,1340.0,1390.0,380.95404052734375,88847800,0.0,0.0,yfinance_raw_daily
2019-11-07,1390.0,1390.0,1325.0,1385.0,379.583740234375,58536200,0.0,0.0,yfinance_raw_daily
2019-11-08,1400.0,1435.0,1395.0,1415.0,387.8057861328125,84463700,0.0,0.0,yfinance_raw_daily
2019-11-11,1425.0,1435.0,1385.0,1415.0,387.8057861328125,37511800,0.0,0.0,yfinance_raw_daily
2019-11-12,1420.0,1440.0,1400.0,1425.0,390.54644775390625,47287000,0.0,0.0,yfinance_raw_daily
2019-11-13,1425.0,1435.0,1330.0,1335.0,365.8803405761719,44738000,0.0,0.0,yfinance_raw_daily
2019-11-14,1345.0,1360.0,1275.0,1300.0,356.2879943847656,95825800,0.0,0.0,yfinance_raw_daily
2019-11-15,1315.0,1350.0,1300.0,1340.0,367.250732421875,41127700,0.0,0.0,yfinance_raw_daily
2019-11-18,1350.0,1360.0,1315.0,1330.0,364.510009765625,21106400,0.0,0.0,yfinance_raw_daily
2019-11-19,1340.0,1350.0,1290.0,1320.0,361.7693786621094,41076600,0.0,0.0,yfinance_raw_daily
2019-11-20,1315.0,1335.0,1300.0,1335.0,365.8803405761719,26231800,0.0,0.0,yfinance_raw_daily
2019-11-21,1325.0,1335.0,1305.0,1310.0,359.0286560058594,20904500,0.0,0.0,yfinance_raw_daily
2019-11-22,1335.0,1345.0,1310.0,1320.0,361.7693786621094,21624800,0.0,0.0,yfinance_raw_daily
2019-11-25,1330.0,1335.0,1305.0,1310.0,359.0286560058594,16328900,0.0,0.0,yfinance_raw_daily
2019-11-26,1325.0,1335.0,1300.0,1315.0,360.3990173339844,52566500,0.0,0.0,yfinance_raw_daily
2019-11-27,1320.0,1345.0,1280.0,1295.0,354.9176330566406,39437500,0.0,0.0,yfinance_raw_daily
2019-11-28,1295.0,1300.0,1245.0,1245.0,341.2142639160156,31176400,0.0,0.0,yfinance_raw_daily
2019-11-29,1240.0,1260.0,1210.0,1230.0,337.103271484375,30039500,0.0,0.0,yfinance_raw_daily
2019-12-02,1225.0,1315.0,1225.0,1315.0,360.3990173339844,37141500,0.0,0.0,yfinance_raw_daily
2019-12-03,1295.0,1330.0,1290.0,1315.0,360.3990173339844,39171900,0.0,0.0,yfinance_raw_daily
2019-12-04,1300.0,1400.0,1290.0,1360.0,372.73211669921875,117122000,0.0,0.0,yfinance_raw_daily
2019-12-05,1365.0,1460.0,1365.0,1460.0,400.1388244628906,156417000,0.0,0.0,yfinance_raw_daily
2019-12-06,1460.0,1465.0,1405.0,1425.0,390.54644775390625,62918700,0.0,0.0,yfinance_raw_daily
2019-12-09,1440.0,1460.0,1415.0,1420.0,389.1761169433594,33597300,0.0,0.0,yfinance_raw_daily
2019-12-10,1405.0,1490.0,1405.0,1485.0,406.99053955078125,108751900,0.0,0.0,yfinance_raw_daily
2019-12-11,1485.0,1520.0,1465.0,1490.0,408.36090087890625,73070500,0.0,0.0,yfinance_raw_daily
2019-12-12,1500.0,1505.0,1465.0,1475.0,404.24981689453125,68887300,0.0,0.0,yfinance_raw_daily
2019-12-13,1500.0,1600.0,1465.0,1590.0,435.767578125,129108300,0.0,0.0,yfinance_raw_daily
2019-12-16,1595.0,1715.0,1590.0,1640.0,449.4710388183594,143379600,0.0,0.0,yfinance_raw_daily
2019-12-17,1660.0,1665.0,1525.0,1655.0,453.58197021484375,152206000,0.0,0.0,yfinance_raw_daily
2019-12-18,1655.0,1655.0,1595.0,1610.0,441.2490234375,68583400,0.0,0.0,yfinance_raw_daily
2019-12-19,1610.0,1625.0,1545.0,1595.0,437.13800048828125,75920100,0.0,0.0,yfinance_raw_daily
2019-12-20,1605.0,1605.0,1505.0,1540.0,422.06427001953125,88766700,0.0,0.0,yfinance_raw_daily
2019-12-23,1540.0,1590.0,1540.0,1580.0,433.0268859863281,51031300,0.0,0.0,yfinance_raw_daily
2019-12-26,1590.0,1620.0,1570.0,1585.0,434.3973083496094,41404600,0.0,0.0,yfinance_raw_daily
2019-12-27,1590.0,1610.0,1575.0,1580.0,433.0268859863281,31331800,0.0,0.0,yfinance_raw_daily
2019-12-30,1565.0,1590.0,1555.0,1555.0,426.17523193359375,49275500,0.0,0.0,yfinance_raw_daily
2020-01-02,1555.0,1555.0,1490.0,1495.0,409.73126220703125,76612000,0.0,0.0,yfinance_raw_daily
2020-01-03,1460.0,1470.0,1425.0,1465.0,419.9005432128906,117795600,65.48,0.0,yfinance_raw_daily
2020-01-06,1455.0,1515.0,1450.0,1465.0,419.9005432128906,61423200,0.0,0.0,yfinance_raw_daily
2020-01-07,1480.0,1540.0,1460.0,1540.0,441.39715576171875,74336500,0.0,0.0,yfinance_raw_daily
2020-01-08,1530.0,1535.0,1505.0,1505.0,431.36529541015625,55121100,0.0,0.0,yfinance_raw_daily
2020-01-09,1520.0,1525.0,1475.0,1495.0,428.4991455078125,41270800,0.0,0.0,yfinance_raw_daily
2020-01-10,1520.0,1565.0,1515.0,1550.0,444.2633056640625,97200800,0.0,0.0,yfinance_raw_daily
2020-01-13,1585.0,1595.0,1555.0,1565.0,448.56268310546875,79898600,0.0,0.0,yfinance_raw_daily
2020-01-14,1580.0,1585.0,1535.0,1560.0,447.12945556640625,68815800,0.0,0.0,yfinance_raw_daily
2020-01-15,1555.0,1555.0,1475.0,1475.0,422.7667236328125,79941500,0.0,0.0,yfinance_raw_daily
2020-01-16,1480.0,1505.0,1455.0,1470.0,421.3336181640625,47679400,0.0,0.0,yfinance_raw_daily
2020-01-17,1470.0,1485.0,1460.0,1480.0,424.19989013671875,20952100,0.0,0.0,yfinance_raw_daily
2020-01-20,1485.0,1490.0,1430.0,1435.0,411.302001953125,23993600,0.0,0.0,yfinance_raw_daily
2020-01-21,1425.0,1455.0,1400.0,1415.0,405.5694274902344,38058600,0.0,0.0,yfinance_raw_daily
2020-01-22,1415.0,1420.0,1360.0,1365.0,391.2383728027344,63630500,0.0,0.0,yfinance_raw_daily
2020-01-23,1350.0,1390.0,1320.0,1380.0,395.5377197265625,66076300,0.0,0.0,yfinance_raw_daily
2020-01-24,1390.0,1395.0,1370.0,1380.0,395.5377197265625,14852500,0.0,0.0,yfinance_raw_daily
2020-01-27,1370.0,1370.0,1290.0,1295.0,371.1748962402344,42333400,0.0,0.0,yfinance_raw_daily
2020-01-28,1280.0,1345.0,1260.0,1325.0,379.77349853515625,77945500,0.0,0.0,yfinance_raw_daily
2020-01-29,1330.0,1345.0,1300.0,1305.0,374.04107666015625,27119800,0.0,0.0,yfinance_raw_daily
2020-01-30,1305.0,1325.0,1280.0,1295.0,371.1748962402344,24536100,0.0,0.0,yfinance_raw_daily
2020-01-31,1305.0,1305.0,1225.0,1225.0,351.1113586425781,79503700,0.0,0.0,yfinance_raw_daily
2020-02-03,1200.0,1245.0,1180.0,1225.0,351.1113586425781,66293300,0.0,0.0,yfinance_raw_daily
2020-02-04,1260.0,1285.0,1235.0,1270.0,364.00933837890625,65979400,0.0,0.0,yfinance_raw_daily
2020-02-05,1295.0,1345.0,1295.0,1315.0,376.9072570800781,60602000,0.0,0.0,yfinance_raw_daily
2020-02-06,1350.0,1350.0,1280.0,1305.0,374.04107666015625,37379900,0.0,0.0,yfinance_raw_daily
2020-02-07,1285.0,1315.0,1285.0,1305.0,374.04107666015625,15026100,0.0,0.0,yfinance_raw_daily
2020-02-10,1290.0,1295.0,1265.0,1280.0,366.87554931640625,19636900,0.0,0.0,yfinance_raw_daily
2020-02-11,1295.0,1315.0,1275.0,1315.0,376.9072570800781,32034700,0.0,0.0,yfinance_raw_daily
2020-02-12,1325.0,1335.0,1315.0,1330.0,381.20654296875,40092100,0.0,0.0,yfinance_raw_daily
2020-02-13,1335.0,1355.0,1295.0,1350.0,386.9390869140625,62528100,0.0,0.0,yfinance_raw_daily
2020-02-14,1350.0,1360.0,1310.0,1320.0,378.34033203125,29880000,0.0,0.0,yfinance_raw_daily
2020-02-17,1325.0,1330.0,1305.0,1320.0,378.34033203125,12413400,0.0,0.0,yfinance_raw_daily
2020-02-18,1320.0,1350.0,1315.0,1330.0,381.20654296875,28647600,0.0,0.0,yfinance_raw_daily
2020-02-19,1335.0,1345.0,1290.0,1305.0,374.04107666015625,49522500,0.0,0.0,yfinance_raw_daily
2020-02-20,1315.0,1360.0,1310.0,1350.0,386.9390869140625,45664600,0.0,0.0,yfinance_raw_daily
2020-02-21,1350.0,1355.0,1310.0,1310.0,375.4742126464844,33041400,0.0,0.0,yfinance_raw_daily
2020-02-24,1285.0,1310.0,1270.0,1285.0,368.3086853027344,37626300,0.0,0.0,yfinance_raw_daily
2020-02-25,1270.0,1300.0,1260.0,1285.0,368.3086853027344,31970000,0.0,0.0,yfinance_raw_daily
2020-02-26,1275.0,1295.0,1250.0,1250.0,358.2768859863281,38644500,0.0,0.0,yfinance_raw_daily
2020-02-27,1250.0,1275.0,1155.0,1165.0,333.9140319824219,62491000,0.0,0.0,yfinance_raw_daily
2020-02-28,1130.0,1160.0,1085.0,1155.0,331.0478515625,63533800,0.0,0.0,yfinance_raw_daily
2020-03-02,1175.0,1195.0,1100.0,1115.0,319.5830078125,41125400,0.0,0.0,yfinance_raw_daily
2020-03-03,1140.0,1180.0,1125.0,1140.0,326.74853515625,90994700,0.0,0.0,yfinance_raw_daily
2020-03-04,1125.0,1215.0,1110.0,1205.0,345.37896728515625,85031200,0.0,0.0,yfinance_raw_daily
2020-03-05,1220.0,1225.0,1155.0,1175.0,336.78033447265625,63958800,0.0,0.0,yfinance_raw_daily
2020-03-06,1140.0,1180.0,1140.0,1160.0,332.48101806640625,33637700,0.0,0.0,yfinance_raw_daily
2020-03-09,1060.0,1085.0,1000.0,1010.0,289.4877624511719,85414300,0.0,0.0,yfinance_raw_daily
2020-03-10,1020.0,1060.0,1010.0,1030.0,295.2201843261719,47800300,0.0,0.0,yfinance_raw_daily
2020-03-11,1030.0,1035.0,930.0,965.0,276.58978271484375,70759400,0.0,0.0,yfinance_raw_daily
2020-03-12,900.0,930.0,820.0,830.0,237.89590454101562,75896100,0.0,0.0,yfinance_raw_daily
2020-03-13,790.0,860.0,775.0,830.0,237.89590454101562,90075800,0.0,0.0,yfinance_raw_daily
2020-03-16,830.0,830.0,830.0,830.0,237.89590454101562,0,0.0,0.0,yfinance_raw_daily
2020-03-17,760.0,760.0,725.0,725.0,207.8006134033203,47571500,0.0,0.0,yfinance_raw_daily
2020-03-18,725.0,760.0,675.0,690.0,197.76885986328125,85489000,0.0,0.0,yfinance_raw_daily
2020-03-19,670.0,670.0,645.0,645.0,184.8708953857422,57290600,0.0,0.0,yfinance_raw_daily
2020-03-20,645.0,800.0,610.0,745.0,213.53302001953125,139182200,0.0,0.0,yfinance_raw_daily
2020-03-23,725.0,835.0,695.0,775.0,222.13165283203125,111577400,0.0,0.0,yfinance_raw_daily
2020-03-24,810.0,900.0,780.0,850.0,243.6282958984375,82445200,0.0,0.0,yfinance_raw_daily
2020-03-26,885.0,1010.0,870.0,965.0,276.58978271484375,120540900,0.0,0.0,yfinance_raw_daily
2020-03-27,990.0,1050.0,920.0,990.0,283.7553405761719,76999800,0.0,0.0,yfinance_raw_daily
2020-03-30,970.0,970.0,925.0,925.0,265.1248779296875,28451400,0.0,0.0,yfinance_raw_daily
2020-03-31,925.0,1020.0,925.0,990.0,283.7553405761719,83005000,0.0,0.0,yfinance_raw_daily
2020-04-01,995.0,1030.0,940.0,1020.0,292.35394287109375,56063700,0.0,0.0,yfinance_raw_daily
2020-04-02,980.0,1055.0,970.0,1040.0,298.08636474609375,29924200,0.0,0.0,yfinance_raw_daily
2020-04-03,1055.0,1100.0,1040.0,1100.0,315.28363037109375,43071600,0.0,0.0,yfinance_raw_daily
2020-04-06,1110.0,1150.0,1080.0,1150.0,329.61468505859375,41495700,0.0,0.0,yfinance_raw_daily
2020-04-07,1190.0,1200.0,1075.0,1140.0,326.74853515625,52492500,0.0,0.0,yfinance_raw_daily
2020-04-08,1150.0,1150.0,1065.0,1065.0,305.25189208984375,44442400,0.0,0.0,yfinance_raw_daily
2020-04-09,1015.0,1080.0,1000.0,1040.0,298.08636474609375,31567000,0.0,0.0,yfinance_raw_daily
2020-04-13,1050.0,1075.0,1020.0,1040.0,298.08636474609375,13653600,0.0,0.0,yfinance_raw_daily
2020-04-14,1040.0,1080.0,1040.0,1080.0,309.55126953125,24122100,0.0,0.0,yfinance_raw_daily
2020-04-15,1080.0,1100.0,1010.0,1045.0,299.5194396972656,29124400,0.0,0.0,yfinance_raw_daily
2020-04-16,1035.0,1035.0,975.0,975.0,279.4559326171875,33908100,0.0,0.0,yfinance_raw_daily
2020-04-17,1000.0,1050.0,990.0,1035.0,296.65325927734375,36048300,0.0,0.0,yfinance_raw_daily
2020-04-20,1030.0,1045.0,980.0,985.0,282.32220458984375,31892700,0.0,0.0,yfinance_raw_daily
2020-04-21,970.0,970.0,920.0,930.0,266.5580139160156,45011700,0.0,0.0,yfinance_raw_daily
2020-04-22,930.0,930.0,870.0,885.0,253.66006469726562,64670900,0.0,0.0,yfinance_raw_daily
2020-04-23,900.0,925.0,895.0,905.0,259.3924865722656,50027600,0.0,0.0,yfinance_raw_daily
2020-04-24,910.0,985.0,870.0,875.0,250.79383850097656,98736600,0.0,0.0,yfinance_raw_daily
2020-04-27,900.0,945.0,885.0,900.0,257.9593811035156,97943800,0.0,0.0,yfinance_raw_daily
2020-04-28,910.0,915.0,875.0,890.0,255.0931396484375,47890200,0.0,0.0,yfinance_raw_daily
2020-04-29,895.0,905.0,880.0,885.0,253.66006469726562,43090800,0.0,0.0,yfinance_raw_daily
2020-04-30,895.0,920.0,890.0,920.0,263.6917724609375,82626500,0.0,0.0,yfinance_raw_daily
2020-05-04,920.0,920.0,870.0,890.0,255.0931396484375,68085900,0.0,0.0,yfinance_raw_daily
2020-05-05,905.0,925.0,895.0,905.0,259.3924865722656,51891500,0.0,0.0,yfinance_raw_daily
2020-05-06,920.0,965.0,900.0,950.0,272.2904357910156,105354100,0.0,0.0,yfinance_raw_daily
2020-05-08,955.0,1030.0,955.0,1025.0,293.78704833984375,144477800,0.0,0.0,yfinance_raw_daily
2020-05-11,1040.0,1060.0,1025.0,1030.0,295.2201843261719,62095700,0.0,0.0,yfinance_raw_daily
2020-05-12,1040.0,1060.0,1000.0,1005.0,288.0546875,49628600,0.0,0.0,yfinance_raw_daily
2020-05-13,1005.0,1040.0,970.0,1000.0,286.62152099609375,43999100,0.0,0.0,yfinance_raw_daily
2020-05-14,1025.0,1025.0,930.0,945.0,270.8573303222656,89411900,0.0,0.0,yfinance_raw_daily
2020-05-15,955.0,970.0,910.0,925.0,265.1248779296875,38978300,0.0,0.0,yfinance_raw_daily
2020-05-18,935.0,1020.0,930.0,1020.0,292.35394287109375,76684300,0.0,0.0,yfinance_raw_daily
2020-05-19,1035.0,1065.0,990.0,1005.0,288.0546875,85706200,0.0,0.0,yfinance_raw_daily
2020-05-20,1015.0,1020.0,970.0,980.0,280.88909912109375,41027400,0.0,0.0,yfinance_raw_daily
2020-05-26,1000.0,1020.0,975.0,1000.0,286.62152099609375,49777400,0.0,0.0,yfinance_raw_daily
2020-05-27,1020.0,1020.0,990.0,1000.0,286.62152099609375,47426900,0.0,0.0,yfinance_raw_daily
2020-05-28,1005.0,1075.0,1000.0,1030.0,295.2201843261719,137778200,0.0,0.0,yfinance_raw_daily
2020-05-29,1015.0,1100.0,1015.0,1100.0,315.28363037109375,139275700,0.0,0.0,yfinance_raw_daily
2020-06-02,1100.0,1185.0,1095.0,1145.0,328.1816711425781,123823700,0.0,0.0,yfinance_raw_daily
2020-06-03,1155.0,1180.0,1150.0,1165.0,333.9140319824219,89675400,0.0,0.0,yfinance_raw_daily
2020-06-04,1135.0,1150.0,1105.0,1120.0,333.6549072265625,100659200,44.13,0.0,yfinance_raw_daily
2020-06-05,1130.0,1130.0,1085.0,1100.0,327.69671630859375,73108200,0.0,0.0,yfinance_raw_daily
2020-06-08,1110.0,1175.0,1110.0,1160.0,345.5711669921875,88605200,0.0,0.0,yfinance_raw_daily
2020-06-09,1165.0,1240.0,1160.0,1180.0,351.5292663574219,117226600,0.0,0.0,yfinance_raw_daily
2020-06-10,1175.0,1180.0,1100.0,1100.0,327.69671630859375,65467500,0.0,0.0,yfinance_raw_daily
2020-06-11,1100.0,1110.0,1055.0,1070.0,318.7596130371094,31930900,0.0,0.0,yfinance_raw_daily
2020-06-12,1060.0,1070.0,1010.0,1060.0,315.7805480957031,49986300,0.0,0.0,yfinance_raw_daily
2020-06-15,1070.0,1085.0,1010.0,1020.0,303.8642883300781,35356800,0.0,0.0,yfinance_raw_daily
2020-06-16,1040.0,1085.0,1040.0,1075.0,320.2491149902344,48677100,0.0,0.0,yfinance_raw_daily
2020-06-17,1085.0,1095.0,1055.0,1070.0,318.7596130371094,38939600,0.0,0.0,yfinance_raw_daily
2020-06-18,1065.0,1075.0,1030.0,1030.0,306.8433532714844,59061200,0.0,0.0,yfinance_raw_daily
2020-06-19,1040.0,1060.0,1035.0,1040.0,309.8223571777344,70199400,0.0,0.0,yfinance_raw_daily
2020-06-22,1050.0,1055.0,1020.0,1030.0,306.8433532714844,38485700,0.0,0.0,yfinance_raw_daily
2020-06-23,1050.0,1050.0,990.0,1005.0,299.395751953125,80075000,0.0,0.0,yfinance_raw_daily
2020-06-24,1015.0,1050.0,1010.0,1045.0,311.3119201660156,80781000,0.0,0.0,yfinance_raw_daily
2020-06-25,1035.0,1035.0,1005.0,1005.0,299.395751953125,58913100,0.0,0.0,yfinance_raw_daily
2020-06-26,1025.0,1025.0,1010.0,1015.0,302.374755859375,40144900,0.0,0.0,yfinance_raw_daily
2020-06-29,1015.0,1025.0,1000.0,1005.0,299.395751953125,53482300,0.0,0.0,yfinance_raw_daily
2020-06-30,1020.0,1020.0,990.0,995.0,296.4166259765625,88016000,0.0,0.0,yfinance_raw_daily
2020-07-01,995.0,1045.0,990.0,1045.0,311.3119201660156,98514700,0.0,0.0,yfinance_raw_daily
2020-07-02,1055.0,1080.0,1045.0,1050.0,312.8014221191406,170254500,0.0,0.0,yfinance_raw_daily
2020-07-03,1060.0,1080.0,1035.0,1040.0,309.8223571777344,55575100,0.0,0.0,yfinance_raw_daily
2020-07-06,1050.0,1065.0,1035.0,1065.0,317.2700500488281,42400100,0.0,0.0,yfinance_raw_daily
2020-07-07,1080.0,1085.0,1050.0,1050.0,312.8014221191406,94523900,0.0,0.0,yfinance_raw_daily
2020-07-08,1050.0,1075.0,1050.0,1065.0,317.2700500488281,60115300,0.0,0.0,yfinance_raw_daily
2020-07-09,1065.0,1125.0,1060.0,1095.0,326.20721435546875,138899500,0.0,0.0,yfinance_raw_daily
2020-07-10,1095.0,1110.0,1080.0,1085.0,323.2281494140625,70076300,0.0,0.0,yfinance_raw_daily
2020-07-13,1085.0,1160.0,1080.0,1155.0,344.08160400390625,134592000,0.0,0.0,yfinance_raw_daily
2020-07-14,1145.0,1170.0,1125.0,1155.0,344.08160400390625,127484300,0.0,0.0,yfinance_raw_daily
2020-07-15,1170.0,1180.0,1125.0,1130.0,336.63397216796875,60120300,0.0,0.0,yfinance_raw_daily
2020-07-16,1135.0,1150.0,1105.0,1110.0,330.6758728027344,62091100,0.0,0.0,yfinance_raw_daily
2020-07-17,1115.0,1160.0,1110.0,1155.0,344.08160400390625,93909100,0.0,0.0,yfinance_raw_daily
2020-07-20,1155.0,1165.0,1130.0,1130.0,336.63397216796875,46512900,0.0,0.0,yfinance_raw_daily
2020-07-21,1130.0,1145.0,1115.0,1135.0,338.12347412109375,52362800,0.0,0.0,yfinance_raw_daily
2020-07-22,1140.0,1150.0,1120.0,1125.0,335.1444091796875,38753200,0.0,0.0,yfinance_raw_daily
2020-07-23,1130.0,1145.0,1120.0,1130.0,336.63397216796875,64260600,0.0,0.0,yfinance_raw_daily
2020-07-24,1130.0,1135.0,1085.0,1090.0,324.7177429199219,57475100,0.0,0.0,yfinance_raw_daily
2020-07-27,1090.0,1110.0,1080.0,1110.0,330.6758728027344,26677900,0.0,0.0,yfinance_raw_daily
2020-07-28,1115.0,1125.0,1075.0,1090.0,324.7177429199219,85970300,0.0,0.0,yfinance_raw_daily
2020-07-29,1085.0,1095.0,1070.0,1085.0,323.2281494140625,32109100,0.0,0.0,yfinance_raw_daily
2020-07-30,1090.0,1100.0,1075.0,1085.0,323.2281494140625,41227100,0.0,0.0,yfinance_raw_daily
2020-08-03,1090.0,1095.0,1010.0,1030.0,306.8433532714844,59722100,0.0,0.0,yfinance_raw_daily
2020-08-04,1040.0,1060.0,1030.0,1035.0,308.3328552246094,46118000,0.0,0.0,yfinance_raw_daily
2020-08-05,1045.0,1055.0,1030.0,1050.0,312.8014221191406,32037900,0.0,0.0,yfinance_raw_daily
2020-08-06,1060.0,1120.0,1055.0,1115.0,332.16534423828125,78094300,0.0,0.0,yfinance_raw_daily
2020-08-07,1115.0,1130.0,1085.0,1095.0,326.20721435546875,42983500,0.0,0.0,yfinance_raw_daily
2020-08-10,1095.0,1140.0,1095.0,1140.0,339.613037109375,83699000,0.0,0.0,yfinance_raw_daily
2020-08-11,1145.0,1170.0,1125.0,1150.0,342.5920104980469,77790400,0.0,0.0,yfinance_raw_daily
2020-08-12,1150.0,1150.0,1105.0,1120.0,333.6549072265625,46530100,0.0,0.0,yfinance_raw_daily
2020-08-13,1120.0,1130.0,1105.0,1115.0,332.16534423828125,40519400,0.0,0.0,yfinance_raw_daily
2020-08-14,1115.0,1125.0,1100.0,1115.0,332.16534423828125,39456900,0.0,0.0,yfinance_raw_daily
2020-08-18,1115.0,1125.0,1110.0,1115.0,332.16534423828125,40083600,0.0,0.0,yfinance_raw_daily
2020-08-19,1115.0,1135.0,1100.0,1115.0,332.16534423828125,74016400,0.0,0.0,yfinance_raw_daily
2020-08-24,1115.0,1120.0,1090.0,1095.0,326.20721435546875,51729800,0.0,0.0,yfinance_raw_daily
2020-08-25,1100.0,1110.0,1095.0,1100.0,327.69671630859375,46196300,0.0,0.0,yfinance_raw_daily
2020-08-26,1110.0,1135.0,1095.0,1110.0,330.6758728027344,74077900,0.0,0.0,yfinance_raw_daily
2020-08-27,1120.0,1130.0,1110.0,1125.0,335.1444091796875,61274600,0.0,0.0,yfinance_raw_daily
2020-08-28,1130.0,1160.0,1130.0,1145.0,341.1025390625,108671900,0.0,0.0,yfinance_raw_daily
2020-08-31,1160.0,1165.0,1085.0,1085.0,323.2281494140625,85351100,0.0,0.0,yfinance_raw_daily
2020-09-01,1090.0,1140.0,1080.0,1140.0,339.613037109375,86245000,0.0,0.0,yfinance_raw_daily
2020-09-02,1145.0,1215.0,1135.0,1215.0,361.9559631347656,267164700,0.0,0.0,yfinance_raw_daily
2020-09-03,1210.0,1230.0,1175.0,1205.0,358.9769287109375,139885600,0.0,0.0,yfinance_raw_daily
2020-09-04,1190.0,1205.0,1160.0,1205.0,358.9769287109375,77208600,0.0,0.0,yfinance_raw_daily
2020-09-07,1205.0,1260.0,1180.0,1250.0,372.3826904296875,109160300,0.0,0.0,yfinance_raw_daily
2020-09-08,1250.0,1280.0,1220.0,1240.0,369.4036865234375,105277500,0.0,0.0,yfinance_raw_daily
2020-09-09,1220.0,1240.0,1180.0,1200.0,357.4873962402344,85808300,0.0,0.0,yfinance_raw_daily
2020-09-10,1185.0,1190.0,1120.0,1120.0,333.6549072265625,104709600,0.0,0.0,yfinance_raw_daily
2020-09-11,1080.0,1185.0,1080.0,1180.0,351.5292663574219,86766800,0.0,0.0,yfinance_raw_daily
2020-09-14,1200.0,1220.0,1185.0,1200.0,357.4873962402344,57485800,0.0,0.0,yfinance_raw_daily
2020-09-15,1215.0,1215.0,1175.0,1190.0,354.50830078125,44495200,0.0,0.0,yfinance_raw_daily
2020-09-16,1195.0,1205.0,1140.0,1145.0,341.1025390625,52672700,0.0,0.0,yfinance_raw_daily
2020-09-17,1165.0,1180.0,1125.0,1130.0,336.63397216796875,53488300,0.0,0.0,yfinance_raw_daily
2020-09-18,1150.0,1155.0,1125.0,1145.0,341.1025390625,87127400,0.0,0.0,yfinance_raw_daily
2020-09-21,1155.0,1160.0,1140.0,1145.0,341.1025390625,38247000,0.0,0.0,yfinance_raw_daily
2020-09-22,1130.0,1180.0,1125.0,1160.0,345.5711669921875,68846900,0.0,0.0,yfinance_raw_daily
2020-09-23,1175.0,1190.0,1150.0,1160.0,345.5711669921875,64671800,0.0,0.0,yfinance_raw_daily
2020-09-24,1145.0,1160.0,1130.0,1130.0,336.63397216796875,39759400,0.0,0.0,yfinance_raw_daily
2020-09-25,1140.0,1160.0,1130.0,1140.0,339.613037109375,53909400,0.0,0.0,yfinance_raw_daily
2020-09-28,1150.0,1155.0,1125.0,1130.0,336.63397216796875,26949400,0.0,0.0,yfinance_raw_daily
2020-09-29,1140.0,1185.0,1140.0,1165.0,347.0606689453125,89147900,0.0,0.0,yfinance_raw_daily
2020-09-30,1170.0,1175.0,1110.0,1135.0,338.12347412109375,51823100,0.0,0.0,yfinance_raw_daily
2020-10-01,1150.0,1180.0,1135.0,1180.0,351.5292663574219,31098400,0.0,0.0,yfinance_raw_daily
2020-10-02,1180.0,1185.0,1120.0,1140.0,339.613037109375,43192400,0.0,0.0,yfinance_raw_daily
2020-10-05,1150.0,1155.0,1120.0,1125.0,335.1444091796875,44630600,0.0,0.0,yfinance_raw_daily
2020-10-06,1135.0,1145.0,1125.0,1125.0,335.1444091796875,33352500,0.0,0.0,yfinance_raw_daily
2020-10-07,1125.0,1135.0,1115.0,1130.0,336.63397216796875,45283200,0.0,0.0,yfinance_raw_daily
2020-10-08,1140.0,1155.0,1125.0,1130.0,336.63397216796875,72357800,0.0,0.0,yfinance_raw_daily
2020-10-09,1120.0,1125.0,1110.0,1115.0,332.16534423828125,73435200,0.0,0.0,yfinance_raw_daily
2020-10-12,1120.0,1130.0,1110.0,1110.0,330.6758728027344,54683000,0.0,0.0,yfinance_raw_daily
2020-10-13,1110.0,1155.0,1090.0,1150.0,342.5920104980469,121076600,0.0,0.0,yfinance_raw_daily
2020-10-14,1150.0,1200.0,1130.0,1185.0,353.018798828125,123826100,0.0,0.0,yfinance_raw_daily
2020-10-15,1185.0,1195.0,1155.0,1155.0,344.08160400390625,72630600,0.0,0.0,yfinance_raw_daily
2020-10-16,1170.0,1230.0,1145.0,1220.0,363.44549560546875,135715400,0.0,0.0,yfinance_raw_daily
2020-10-19,1240.0,1240.0,1210.0,1220.0,363.44549560546875,73973200,0.0,0.0,yfinance_raw_daily
2020-10-20,1220.0,1225.0,1200.0,1210.0,360.4664306640625,42037100,0.0,0.0,yfinance_raw_daily
2020-10-21,1220.0,1220.0,1190.0,1200.0,357.4873962402344,45076700,0.0,0.0,yfinance_raw_daily
2020-10-22,1190.0,1190.0,1155.0,1160.0,345.5711669921875,91568400,0.0,0.0,yfinance_raw_daily
2020-10-23,1175.0,1175.0,1140.0,1145.0,341.1025390625,52389600,0.0,0.0,yfinance_raw_daily
2020-10-26,1145.0,1155.0,1140.0,1145.0,341.1025390625,32605100,0.0,0.0,yfinance_raw_daily
2020-10-27,1145.0,1150.0,1125.0,1125.0,335.1444091796875,41562300,0.0,0.0,yfinance_raw_daily
2020-11-02,1120.0,1150.0,1100.0,1130.0,336.63397216796875,51499400,0.0,0.0,yfinance_raw_daily
2020-11-03,1140.0,1165.0,1140.0,1145.0,341.1025390625,70174800,0.0,0.0,yfinance_raw_daily
2020-11-04,1150.0,1160.0,1105.0,1110.0,330.6758728027344,66743200,0.0,0.0,yfinance_raw_daily
2020-11-05,1140.0,1155.0,1125.0,1140.0,339.613037109375,44255800,0.0,0.0,yfinance_raw_daily
2020-11-06,1150.0,1155.0,1130.0,1140.0,339.613037109375,57817100,0.0,0.0,yfinance_raw_daily
2020-11-09,1150.0,1155.0,1120.0,1130.0,336.63397216796875,79574200,0.0,0.0,yfinance_raw_daily
2020-11-10,1150.0,1155.0,1130.0,1140.0,339.613037109375,61432600,0.0,0.0,yfinance_raw_daily
2020-11-11,1150.0,1205.0,1145.0,1205.0,358.9769287109375,218766200,0.0,0.0,yfinance_raw_daily
2020-11-12,1205.0,1205.0,1160.0,1175.0,350.0397644042969,90738000,0.0,0.0,yfinance_raw_daily
2020-11-13,1170.0,1190.0,1155.0,1165.0,347.0606689453125,64105000,0.0,0.0,yfinance_raw_daily
2020-11-16,1180.0,1205.0,1165.0,1195.0,355.9978942871094,77947500,0.0,0.0,yfinance_raw_daily
2020-11-17,1205.0,1210.0,1180.0,1180.0,351.5292663574219,99737900,0.0,0.0,yfinance_raw_daily
2020-11-18,1180.0,1205.0,1180.0,1190.0,354.50830078125,72626600,0.0,0.0,yfinance_raw_daily
2020-11-19,1195.0,1255.0,1180.0,1240.0,369.4036865234375,221812500,0.0,0.0,yfinance_raw_daily
2020-11-20,1245.0,1260.0,1210.0,1215.0,361.9559631347656,121792400,0.0,0.0,yfinance_raw_daily
2020-11-23,1230.0,1290.0,1225.0,1290.0,384.2989501953125,195985700,0.0,0.0,yfinance_raw_daily
2020-11-24,1320.0,1335.0,1290.0,1300.0,387.27801513671875,159576400,0.0,0.0,yfinance_raw_daily
2020-11-25,1335.0,1350.0,1275.0,1300.0,387.27801513671875,152184000,0.0,0.0,yfinance_raw_daily
2020-11-26,1335.0,1365.0,1325.0,1360.0,405.1523742675781,135992700,0.0,0.0,yfinance_raw_daily
2020-11-27,1385.0,1410.0,1375.0,1390.0,414.0895690917969,163284800,0.0,0.0,yfinance_raw_daily
2020-11-30,1400.0,1475.0,1295.0,1390.0,414.0895690917969,452796900,0.0,0.0,yfinance_raw_daily
2020-12-01,1410.0,1425.0,1340.0,1390.0,414.0895690917969,191809000,0.0,0.0,yfinance_raw_daily
2020-12-02,1400.0,1410.0,1370.0,1390.0,414.0895690917969,111410600,0.0,0.0,yfinance_raw_daily
2020-12-03,1405.0,1430.0,1375.0,1375.0,409.6208801269531,147801800,0.0,0.0,yfinance_raw_daily
2020-12-04,1405.0,1460.0,1360.0,1435.0,427.49542236328125,403854300,0.0,0.0,yfinance_raw_daily
2020-12-07,1500.0,1530.0,1475.0,1485.0,442.390625,277745100,0.0,0.0,yfinance_raw_daily
2020-12-08,1510.0,1545.0,1485.0,1545.0,460.2650146484375,414707600,0.0,0.0,yfinance_raw_daily
2020-12-10,1580.0,1600.0,1525.0,1545.0,460.2650146484375,321869700,0.0,0.0,yfinance_raw_daily
2020-12-11,1570.0,1575.0,1530.0,1535.0,457.2860412597656,108605000,0.0,0.0,yfinance_raw_daily
2020-12-14,1560.0,1585.0,1555.0,1570.0,467.7126770019531,175731000,0.0,0.0,yfinance_raw_daily
2020-12-15,1570.0,1575.0,1530.0,1530.0,455.7964172363281,143516900,0.0,0.0,yfinance_raw_daily
2020-12-16,1550.0,1570.0,1545.0,1555.0,463.24407958984375,183469700,0.0,0.0,yfinance_raw_daily
2020-12-17,1555.0,1555.0,1455.0,1490.0,443.8801574707031,255575900,0.0,0.0,yfinance_raw_daily
2020-12-18,1490.0,1500.0,1465.0,1480.0,440.901123046875,136218100,0.0,0.0,yfinance_raw_daily
2020-12-21,1490.0,1595.0,1470.0,1555.0,463.24407958984375,289216400,0.0,0.0,yfinance_raw_daily
2020-12-22,1555.0,1560.0,1470.0,1470.0,437.9220275878906,193705300,0.0,0.0,yfinance_raw_daily
2020-12-23,1500.0,1540.0,1400.0,1490.0,443.8801574707031,177123600,0.0,0.0,yfinance_raw_daily
2020-12-28,1515.0,1520.0,1460.0,1505.0,448.34869384765625,98726000,0.0,0.0,yfinance_raw_daily
2020-12-29,1530.0,1540.0,1470.0,1490.0,443.8801574707031,99547900,0.0,0.0,yfinance_raw_daily
2020-12-30,1490.0,1490.0,1425.0,1430.0,426.0058898925781,82195800,0.0,0.0,yfinance_raw_daily
2021-01-04,1430.0,1460.0,1360.0,1455.0,433.453369140625,110366200,0.0,0.0,yfinance_raw_daily
2021-01-05,1455.0,1470.0,1420.0,1425.0,424.51617431640625,107023500,0.0,0.0,yfinance_raw_daily
2021-01-06,1415.0,1420.0,1340.0,1375.0,409.6208801269531,203948800,0.0,0.0,yfinance_raw_daily
2021-01-07,1370.0,1430.0,1360.0,1405.0,418.5581359863281,204243100,0.0,0.0,yfinance_raw_daily
2021-01-08,1450.0,1485.0,1430.0,1445.0,430.474365234375,165263900,0.0,0.0,yfinance_raw_daily
2021-01-11,1490.0,1540.0,1470.0,1525.0,454.3068542480469,278542900,0.0,0.0,yfinance_raw_daily
2021-01-12,1530.0,1535.0,1470.0,1475.0,439.41156005859375,183107400,0.0,0.0,yfinance_raw_daily
2021-01-13,1530.0,1540.0,1490.0,1515.0,451.3277587890625,204773900,0.0,0.0,yfinance_raw_daily
2021-01-14,1525.0,1535.0,1490.0,1495.0,445.36968994140625,105347800,0.0,0.0,yfinance_raw_daily
2021-01-15,1495.0,1495.0,1450.0,1455.0,433.453369140625,86423600,0.0,0.0,yfinance_raw_daily
2021-01-18,1450.0,1485.0,1425.0,1440.0,428.98480224609375,101719800,0.0,0.0,yfinance_raw_daily
2021-01-19,1440.0,1460.0,1390.0,1415.0,421.5372009277344,80577200,0.0,0.0,yfinance_raw_daily
2021-01-20,1400.0,1440.0,1385.0,1415.0,421.5372009277344,77779700,0.0,0.0,yfinance_raw_daily
2021-01-21,1425.0,1435.0,1405.0,1410.0,420.0476989746094,46712900,0.0,0.0,yfinance_raw_daily
2021-01-22,1410.0,1420.0,1345.0,1350.0,402.17333984375,92579500,0.0,0.0,yfinance_raw_daily
2021-01-25,1350.0,1350.0,1260.0,1295.0,385.78851318359375,142274300,0.0,0.0,yfinance_raw_daily
2021-01-26,1290.0,1335.0,1230.0,1260.0,375.3617248535156,138670800,0.0,0.0,yfinance_raw_daily
2021-01-27,1260.0,1285.0,1215.0,1245.0,370.8931884765625,119157300,0.0,0.0,yfinance_raw_daily
2021-01-28,1230.0,1275.0,1190.0,1200.0,357.4873962402344,201003600,0.0,0.0,yfinance_raw_daily
2021-01-29,1220.0,1255.0,1160.0,1200.0,357.4873962402344,192575300,0.0,0.0,yfinance_raw_daily
2021-02-01,1205.0,1235.0,1165.0,1230.0,366.4245910644531,165569500,0.0,0.0,yfinance_raw_daily
2021-02-02,1230.0,1265.0,1185.0,1200.0,357.4873962402344,176841000,0.0,0.0,yfinance_raw_daily
2021-02-03,1200.0,1210.0,1155.0,1170.0,348.5501708984375,173080500,0.0,0.0,yfinance_raw_daily
2021-02-04,1170.0,1210.0,1150.0,1165.0,347.0606689453125,296042000,0.0,0.0,yfinance_raw_daily
2021-02-05,1185.0,1230.0,1175.0,1210.0,360.4664306640625,225757600,0.0,0.0,yfinance_raw_daily
2021-02-08,1240.0,1255.0,1215.0,1220.0,363.44549560546875,171974800,0.0,0.0,yfinance_raw_daily
2021-02-09,1235.0,1235.0,1200.0,1210.0,360.4664306640625,124214600,0.0,0.0,yfinance_raw_daily
2021-02-10,1220.0,1225.0,1195.0,1200.0,357.4873962402344,70872800,0.0,0.0,yfinance_raw_daily
2021-02-11,1200.0,1230.0,1195.0,1215.0,361.9559631347656,79109900,0.0,0.0,yfinance_raw_daily
2021-02-15,1230.0,1240.0,1210.0,1215.0,361.9559631347656,75301100,0.0,0.0,yfinance_raw_daily
2021-02-16,1215.0,1235.0,1205.0,1210.0,360.4664306640625,72063600,0.0,0.0,yfinance_raw_daily
2021-02-17,1210.0,1220.0,1170.0,1180.0,351.5292663574219,123787800,0.0,0.0,yfinance_raw_daily
2021-02-18,1180.0,1200.0,1165.0,1175.0,350.0397644042969,68479800,0.0,0.0,yfinance_raw_daily
2021-02-19,1175.0,1185.0,1160.0,1180.0,351.5292663574219,55397800,0.0,0.0,yfinance_raw_daily
2021-02-22,1195.0,1230.0,1185.0,1210.0,360.4664306640625,168255300,0.0,0.0,yfinance_raw_daily
2021-02-23,1225.0,1230.0,1200.0,1205.0,358.9769287109375,96889300,0.0,0.0,yfinance_raw_daily
2021-02-24,1215.0,1220.0,1185.0,1185.0,353.018798828125,74830000,0.0,0.0,yfinance_raw_daily
2021-02-25,1200.0,1215.0,1190.0,1200.0,357.4873962402344,79549900,0.0,0.0,yfinance_raw_daily
2021-02-26,1180.0,1195.0,1175.0,1180.0,351.5292663574219,89372000,0.0,0.0,yfinance_raw_daily
2021-03-01,1195.0,1200.0,1180.0,1185.0,353.018798828125,96722600,0.0,0.0,yfinance_raw_daily
2021-03-02,1200.0,1220.0,1185.0,1185.0,353.018798828125,125690800,0.0,0.0,yfinance_raw_daily
2021-03-03,1195.0,1200.0,1185.0,1185.0,353.018798828125,53347200,0.0,0.0,yfinance_raw_daily
2021-03-04,1185.0,1235.0,1180.0,1220.0,363.44549560546875,242780100,0.0,0.0,yfinance_raw_daily
2021-03-05,1210.0,1220.0,1175.0,1180.0,351.5292663574219,157251500,0.0,0.0,yfinance_raw_daily
2021-03-08,1190.0,1200.0,1170.0,1175.0,350.0397644042969,73736900,0.0,0.0,yfinance_raw_daily
2021-03-09,1175.0,1190.0,1160.0,1165.0,347.0606689453125,84429300,0.0,0.0,yfinance_raw_daily
2021-03-10,1175.0,1185.0,1160.0,1170.0,348.5501708984375,53621900,0.0,0.0,yfinance_raw_daily
2021-03-12,1190.0,1225.0,1185.0,1210.0,360.4664306640625,170821500,0.0,0.0,yfinance_raw_daily
2021-03-15,1225.0,1260.0,1220.0,1235.0,367.9140930175781,173813000,0.0,0.0,yfinance_raw_daily
2021-03-16,1245.0,1250.0,1205.0,1220.0,363.44549560546875,99266400,0.0,0.0,yfinance_raw_daily
2021-03-17,1215.0,1235.0,1215.0,1230.0,366.4245910644531,67741700,0.0,0.0,yfinance_raw_daily
2021-03-18,1245.0,1270.0,1235.0,1270.0,378.3408203125,174402800,0.0,0.0,yfinance_raw_daily
2021-03-19,1270.0,1300.0,1240.0,1300.0,387.27801513671875,377618800,0.0,0.0,yfinance_raw_daily
2021-03-22,1305.0,1340.0,1280.0,1285.0,382.8094482421875,178934000,0.0,0.0,yfinance_raw_daily
2021-03-23,1320.0,1330.0,1290.0,1300.0,387.27801513671875,108812100,0.0,0.0,yfinance_raw_daily
2021-03-24,1280.0,1280.0,1220.0,1225.0,364.9350280761719,139175600,0.0,0.0,yfinance_raw_daily
2021-03-25,1225.0,1245.0,1190.0,1205.0,358.9769287109375,119051300,0.0,0.0,yfinance_raw_daily
2021-03-26,1215.0,1225.0,1200.0,1220.0,363.44549560546875,58260700,0.0,0.0,yfinance_raw_daily
2021-03-29,1230.0,1235.0,1205.0,1205.0,358.9769287109375,51416200,0.0,0.0,yfinance_raw_daily
2021-03-30,1205.0,1205.0,1170.0,1175.0,350.0397644042969,93116600,0.0,0.0,yfinance_raw_daily
2021-03-31,1175.0,1185.0,1160.0,1175.0,350.0397644042969,80881500,0.0,0.0,yfinance_raw_daily
2021-04-01,1175.0,1200.0,1170.0,1180.0,351.5292663574219,51622400,0.0,0.0,yfinance_raw_daily
2021-04-05,1195.0,1205.0,1180.0,1185.0,353.018798828125,45262300,0.0,0.0,yfinance_raw_daily
2021-04-06,1200.0,1210.0,1180.0,1210.0,360.4664306640625,48401800,0.0,0.0,yfinance_raw_daily
2021-04-07,1210.0,1225.0,1200.0,1220.0,363.44549560546875,39520700,0.0,0.0,yfinance_raw_daily
2021-04-08,1220.0,1230.0,1205.0,1230.0,366.4245910644531,44812000,0.0,0.0,yfinance_raw_daily
2021-04-09,1220.0,1230.0,1205.0,1205.0,358.9769287109375,38632200,0.0,0.0,yfinance_raw_daily
2021-04-12,1210.0,1215.0,1175.0,1180.0,351.5292663574219,40274800,0.0,0.0,yfinance_raw_daily
2021-04-13,1180.0,1185.0,1160.0,1160.0,345.5711669921875,61790200,0.0,0.0,yfinance_raw_daily
2021-04-14,1175.0,1200.0,1165.0,1195.0,355.9978942871094,38916200,0.0,0.0,yfinance_raw_daily
2021-04-15,1195.0,1200.0,1170.0,1190.0,354.50830078125,38983700,0.0,0.0,yfinance_raw_daily
2021-04-16,1190.0,1190.0,1175.0,1185.0,353.018798828125,37678700,0.0,0.0,yfinance_raw_daily
2021-04-19,1185.0,1205.0,1175.0,1185.0,353.018798828125,81678100,0.0,0.0,yfinance_raw_daily
2021-04-20,1190.0,1205.0,1180.0,1185.0,353.018798828125,47902500,0.0,0.0,yfinance_raw_daily
2021-04-21,1175.0,1190.0,1175.0,1180.0,351.5292663574219,27795700,0.0,0.0,yfinance_raw_daily
2021-04-22,1185.0,1190.0,1170.0,1170.0,348.5501708984375,23846500,0.0,0.0,yfinance_raw_daily
2021-04-23,1175.0,1205.0,1175.0,1200.0,357.4873962402344,43584100,0.0,0.0,yfinance_raw_daily
2021-04-26,1200.0,1225.0,1185.0,1210.0,360.4664306640625,66246100,0.0,0.0,yfinance_raw_daily
2021-04-27,1225.0,1230.0,1200.0,1210.0,360.4664306640625,50472900,0.0,0.0,yfinance_raw_daily
2021-04-28,1215.0,1230.0,1210.0,1215.0,361.9559631347656,30395800,0.0,0.0,yfinance_raw_daily
2021-04-29,1225.0,1260.0,1220.0,1255.0,373.8721923828125,78611100,0.0,0.0,yfinance_raw_daily
2021-04-30,1255.0,1260.0,1235.0,1245.0,370.8931884765625,54932900,0.0,0.0,yfinance_raw_daily
2021-05-03,1260.0,1260.0,1230.0,1240.0,369.4036865234375,73385300,0.0,0.0,yfinance_raw_daily
2021-05-04,1240.0,1255.0,1235.0,1250.0,372.3826904296875,90623400,0.0,0.0,yfinance_raw_daily
2021-05-05,1210.0,1210.0,1185.0,1195.0,375.9312438964844,80251300,66.28,0.0,yfinance_raw_daily
2021-05-06,1195.0,1215.0,1185.0,1185.0,372.78533935546875,52912600,0.0,0.0,yfinance_raw_daily
2021-05-07,1195.0,1210.0,1180.0,1185.0,372.78533935546875,63337000,0.0,0.0,yfinance_raw_daily
2021-05-10,1195.0,1210.0,1190.0,1195.0,375.9312438964844,45753000,0.0,0.0,yfinance_raw_daily
2021-05-11,1195.0,1220.0,1190.0,1195.0,375.9312438964844,78403200,0.0,0.0,yfinance_raw_daily
2021-05-17,1210.0,1215.0,1180.0,1185.0,372.78533935546875,69060200,0.0,0.0,yfinance_raw_daily
2021-05-18,1200.0,1200.0,1170.0,1200.0,377.5041809082031,31413900,0.0,0.0,yfinance_raw_daily
2021-05-19,1195.0,1195.0,1175.0,1175.0,369.6394958496094,23994100,0.0,0.0,yfinance_raw_daily
2021-05-20,1175.0,1185.0,1170.0,1170.0,368.0665283203125,29580300,0.0,0.0,yfinance_raw_daily
2021-05-21,1190.0,1195.0,1160.0,1165.0,366.49359130859375,45227600,0.0,0.0,yfinance_raw_daily
2021-05-24,1190.0,1190.0,1160.0,1160.0,364.9206848144531,50015000,0.0,0.0,yfinance_raw_daily
2021-05-25,1175.0,1195.0,1165.0,1170.0,368.0665283203125,78866700,0.0,0.0,yfinance_raw_daily
2021-05-27,1180.0,1190.0,1165.0,1165.0,366.49359130859375,84522000,0.0,0.0,yfinance_raw_daily
2021-05-28,1165.0,1180.0,1160.0,1170.0,368.0665283203125,43862200,0.0,0.0,yfinance_raw_daily
2021-05-31,1180.0,1190.0,1170.0,1190.0,374.3583068847656,59786600,0.0,0.0,yfinance_raw_daily
2021-06-02,1195.0,1260.0,1195.0,1260.0,396.37933349609375,221123100,0.0,0.0,yfinance_raw_daily
2021-06-03,1265.0,1265.0,1235.0,1250.0,393.2335510253906,58947200,0.0,0.0,yfinance_raw_daily
2021-06-04,1245.0,1260.0,1210.0,1230.0,386.9418029785156,58632800,0.0,0.0,yfinance_raw_daily
2021-06-07,1230.0,1230.0,1200.0,1205.0,379.07708740234375,36090000,0.0,0.0,yfinance_raw_daily
2021-06-08,1220.0,1235.0,1205.0,1210.0,380.6500244140625,46908800,0.0,0.0,yfinance_raw_daily
2021-06-09,1215.0,1225.0,1205.0,1215.0,382.22296142578125,40082700,0.0,0.0,yfinance_raw_daily
2021-06-10,1230.0,1240.0,1210.0,1210.0,380.6500244140625,39268300,0.0,0.0,yfinance_raw_daily
2021-06-11,1225.0,1350.0,1225.0,1315.0,413.6816101074219,386854000,0.0,0.0,yfinance_raw_daily
2021-06-14,1320.0,1340.0,1295.0,1325.0,416.82745361328125,107804300,0.0,0.0,yfinance_raw_daily
2021-06-15,1320.0,1320.0,1280.0,1310.0,412.1087341308594,109048500,0.0,0.0,yfinance_raw_daily
2021-06-16,1300.0,1400.0,1290.0,1395.0,438.8486633300781,264328700,0.0,0.0,yfinance_raw_daily
2021-06-17,1385.0,1405.0,1355.0,1355.0,426.26513671875,81946100,0.0,0.0,yfinance_raw_daily
2021-06-18,1355.0,1375.0,1285.0,1310.0,412.1087341308594,149122700,0.0,0.0,yfinance_raw_daily
2021-06-21,1290.0,1305.0,1250.0,1285.0,404.2440490722656,84475900,0.0,0.0,yfinance_raw_daily
2021-06-22,1295.0,1315.0,1275.0,1290.0,405.81695556640625,77750600,0.0,0.0,yfinance_raw_daily
2021-06-23,1305.0,1315.0,1255.0,1260.0,396.37933349609375,73515700,0.0,0.0,yfinance_raw_daily
2021-06-24,1260.0,1270.0,1225.0,1245.0,391.66058349609375,52732300,0.0,0.0,yfinance_raw_daily
2021-06-25,1255.0,1295.0,1235.0,1285.0,404.2440490722656,106349300,0.0,0.0,yfinance_raw_daily
2021-06-28,1300.0,1305.0,1230.0,1235.0,388.51470947265625,71317300,0.0,0.0,yfinance_raw_daily
2021-06-29,1230.0,1245.0,1205.0,1215.0,382.22296142578125,46827300,0.0,0.0,yfinance_raw_daily
2021-06-30,1215.0,1225.0,1190.0,1205.0,379.07708740234375,76460900,0.0,0.0,yfinance_raw_daily
2021-07-01,1220.0,1240.0,1195.0,1205.0,379.07708740234375,53853700,0.0,0.0,yfinance_raw_daily
2021-07-02,1220.0,1270.0,1205.0,1260.0,396.37933349609375,115326200,0.0,0.0,yfinance_raw_daily
2021-07-05,1265.0,1265.0,1230.0,1235.0,388.51470947265625,50259700,0.0,0.0,yfinance_raw_daily
2021-07-06,1260.0,1300.0,1255.0,1290.0,405.81695556640625,83567200,0.0,0.0,yfinance_raw_daily
2021-07-07,1275.0,1275.0,1230.0,1250.0,393.2335510253906,72700000,0.0,0.0,yfinance_raw_daily
2021-07-08,1250.0,1250.0,1210.0,1220.0,383.7958984375,50605000,0.0,0.0,yfinance_raw_daily
2021-07-09,1230.0,1255.0,1215.0,1250.0,393.2335510253906,46284000,0.0,0.0,yfinance_raw_daily
2021-07-12,1270.0,1270.0,1235.0,1235.0,388.51470947265625,43425000,0.0,0.0,yfinance_raw_daily
2021-07-13,1240.0,1245.0,1220.0,1230.0,386.9418029785156,30860600,0.0,0.0,yfinance_raw_daily
2021-07-14,1230.0,1255.0,1215.0,1220.0,383.7958984375,57171600,0.0,0.0,yfinance_raw_daily
2021-07-15,1215.0,1240.0,1215.0,1225.0,385.3688049316406,45141600,0.0,0.0,yfinance_raw_daily
2021-07-16,1240.0,1260.0,1225.0,1240.0,390.087646484375,44257000,0.0,0.0,yfinance_raw_daily
2021-07-19,1250.0,1265.0,1240.0,1250.0,393.2335510253906,47573900,0.0,0.0,yfinance_raw_daily
2021-07-21,1260.0,1260.0,1235.0,1240.0,390.087646484375,50329700,0.0,0.0,yfinance_raw_daily
2021-07-22,1250.0,1340.0,1240.0,1335.0,419.973388671875,178204200,0.0,0.0,yfinance_raw_daily
2021-07-23,1335.0,1335.0,1295.0,1305.0,410.5357666015625,69244900,0.0,0.0,yfinance_raw_daily
2021-07-26,1300.0,1310.0,1275.0,1280.0,402.67108154296875,55386900,0.0,0.0,yfinance_raw_daily
2021-07-27,1290.0,1305.0,1260.0,1275.0,401.09814453125,31381500,0.0,0.0,yfinance_raw_daily
2021-07-28,1280.0,1285.0,1255.0,1270.0,399.5252685546875,46422700,0.0,0.0,yfinance_raw_daily
2021-07-29,1285.0,1345.0,1275.0,1325.0,416.82745361328125,103637900,0.0,0.0,yfinance_raw_daily
2021-07-30,1325.0,1365.0,1295.0,1335.0,419.973388671875,116435600,0.0,0.0,yfinance_raw_daily
2021-08-02,1345.0,1390.0,1340.0,1370.0,430.98394775390625,86145100,0.0,0.0,yfinance_raw_daily
2021-08-03,1370.0,1370.0,1345.0,1350.0,424.6921691894531,61492100,0.0,0.0,yfinance_raw_daily
2021-08-04,1350.0,1365.0,1345.0,1360.0,427.8380432128906,30115900,0.0,0.0,yfinance_raw_daily
2021-08-05,1360.0,1370.0,1300.0,1300.0,408.962890625,99527400,0.0,0.0,yfinance_raw_daily
2021-08-06,1310.0,1325.0,1285.0,1290.0,405.81695556640625,41862500,0.0,0.0,yfinance_raw_daily
2021-08-09,1305.0,1340.0,1290.0,1300.0,408.962890625,56861800,0.0,0.0,yfinance_raw_daily
2021-08-10,1320.0,1350.0,1300.0,1340.0,421.5463562011719,82237200,0.0,0.0,yfinance_raw_daily
2021-08-12,1350.0,1415.0,1345.0,1410.0,443.5673522949219,185580600,0.0,0.0,yfinance_raw_daily
2021-08-13,1420.0,1430.0,1370.0,1385.0,435.7026672363281,71600800,0.0,0.0,yfinance_raw_daily
2021-08-16,1385.0,1400.0,1355.0,1365.0,429.4110412597656,47327100,0.0,0.0,yfinance_raw_daily
2021-08-18,1360.0,1375.0,1325.0,1340.0,421.5463562011719,68965200,0.0,0.0,yfinance_raw_daily
2021-08-19,1340.0,1355.0,1295.0,1295.0,407.38995361328125,61887100,0.0,0.0,yfinance_raw_daily
2021-08-20,1290.0,1305.0,1260.0,1265.0,397.9522399902344,88174800,0.0,0.0,yfinance_raw_daily
2021-08-23,1265.0,1320.0,1265.0,1315.0,413.6816101074219,61341500,0.0,0.0,yfinance_raw_daily
2021-08-24,1340.0,1340.0,1250.0,1260.0,396.37933349609375,127792400,0.0,0.0,yfinance_raw_daily
2021-08-25,1270.0,1280.0,1255.0,1255.0,394.80645751953125,65065500,0.0,0.0,yfinance_raw_daily
2021-08-26,1270.0,1290.0,1250.0,1280.0,402.67108154296875,62480500,0.0,0.0,yfinance_raw_daily
2021-08-27,1280.0,1280.0,1245.0,1245.0,391.66058349609375,70195900,0.0,0.0,yfinance_raw_daily
2021-08-30,1260.0,1300.0,1260.0,1300.0,408.962890625,79496000,0.0,0.0,yfinance_raw_daily
2021-08-31,1310.0,1310.0,1260.0,1260.0,396.37933349609375,82451800,0.0,0.0,yfinance_raw_daily
2021-09-01,1280.0,1320.0,1275.0,1320.0,415.2546081542969,133083800,0.0,0.0,yfinance_raw_daily
2021-09-02,1325.0,1345.0,1300.0,1320.0,415.2546081542969,82690300,0.0,0.0,yfinance_raw_daily
2021-09-03,1335.0,1360.0,1325.0,1355.0,426.26513671875,107931100,0.0,0.0,yfinance_raw_daily
2021-09-06,1365.0,1380.0,1350.0,1365.0,429.4110412597656,61146600,0.0,0.0,yfinance_raw_daily
2021-09-07,1365.0,1370.0,1340.0,1345.0,423.1192626953125,31543200,0.0,0.0,yfinance_raw_daily
2021-09-08,1345.0,1360.0,1325.0,1330.0,418.40045166015625,68516800,0.0,0.0,yfinance_raw_daily
2021-09-09,1340.0,1370.0,1330.0,1365.0,429.4110412597656,83497400,0.0,0.0,yfinance_raw_daily
2021-09-10,1370.0,1375.0,1345.0,1350.0,424.6921691894531,61919000,0.0,0.0,yfinance_raw_daily
2021-09-13,1350.0,1350.0,1330.0,1340.0,421.5463562011719,26391100,0.0,0.0,yfinance_raw_daily
2021-09-14,1350.0,1395.0,1345.0,1385.0,435.7026672363281,98476700,0.0,0.0,yfinance_raw_daily
2021-09-15,1375.0,1410.0,1365.0,1390.0,437.27569580078125,136898100,0.0,0.0,yfinance_raw_daily
2021-09-16,1395.0,1410.0,1375.0,1390.0,437.27569580078125,50599200,0.0,0.0,yfinance_raw_daily
2021-09-17,1370.0,1370.0,1315.0,1335.0,419.973388671875,101975300,0.0,0.0,yfinance_raw_daily
2021-09-20,1330.0,1345.0,1315.0,1320.0,415.2546081542969,50111200,0.0,0.0,yfinance_raw_daily
2021-09-21,1320.0,1360.0,1305.0,1345.0,423.1192626953125,64966900,0.0,0.0,yfinance_raw_daily
2021-09-22,1355.0,1410.0,1345.0,1400.0,440.4215087890625,133762600,0.0,0.0,yfinance_raw_daily
2021-09-23,1410.0,1445.0,1390.0,1415.0,445.1402587890625,146626700,0.0,0.0,yfinance_raw_daily
2021-09-24,1430.0,1515.0,1425.0,1500.0,471.88018798828125,303647800,0.0,0.0,yfinance_raw_daily
2021-09-27,1515.0,1560.0,1505.0,1510.0,475.0260925292969,158865800,0.0,0.0,yfinance_raw_daily
2021-09-28,1600.0,1785.0,1600.0,1740.0,547.3810424804688,503914800,0.0,0.0,yfinance_raw_daily
2021-09-29,1740.0,1795.0,1705.0,1720.0,541.08935546875,246864600,0.0,0.0,yfinance_raw_daily
2021-09-30,1730.0,1805.0,1730.0,1760.0,553.6727905273438,267379500,0.0,0.0,yfinance_raw_daily
2021-10-01,1775.0,1830.0,1740.0,1780.0,559.9645385742188,176722300,0.0,0.0,yfinance_raw_daily
2021-10-04,1830.0,1900.0,1830.0,1860.0,585.1314086914062,235058800,0.0,0.0,yfinance_raw_daily
2021-10-05,1920.0,1980.0,1800.0,1830.0,575.6937866210938,347837200,0.0,0.0,yfinance_raw_daily
2021-10-06,1925.0,1945.0,1850.0,1865.0,586.7044067382812,274437500,0.0,0.0,yfinance_raw_daily
2021-10-07,1785.0,1785.0,1735.0,1735.0,545.8080444335938,423593500,0.0,0.0,yfinance_raw_daily
2021-10-08,1730.0,1815.0,1720.0,1815.0,570.9749755859375,247024500,0.0,0.0,yfinance_raw_daily
2021-10-11,1820.0,1920.0,1815.0,1915.0,602.4336547851562,343765900,0.0,0.0,yfinance_raw_daily
2021-10-12,1925.0,1940.0,1860.0,1885.0,592.9962158203125,263636400,0.0,0.0,yfinance_raw_daily
2021-10-13,1885.0,1900.0,1840.0,1860.0,585.1314086914062,176095000,0.0,0.0,yfinance_raw_daily
2021-10-14,1855.0,1885.0,1840.0,1855.0,583.5584716796875,129722500,0.0,0.0,yfinance_raw_daily
2021-10-15,1860.0,1885.0,1835.0,1860.0,585.1314086914062,153446000,0.0,0.0,yfinance_raw_daily
2021-10-18,1845.0,1895.0,1830.0,1875.0,589.8502807617188,124022900,0.0,0.0,yfinance_raw_daily
2021-10-19,1850.0,1870.0,1835.0,1855.0,583.5584716796875,89410600,0.0,0.0,yfinance_raw_daily
2021-10-21,1790.0,1800.0,1735.0,1755.0,552.099853515625,250080900,0.0,0.0,yfinance_raw_daily
2021-10-22,1660.0,1750.0,1645.0,1735.0,545.8080444335938,219166100,0.0,0.0,yfinance_raw_daily
2021-10-25,1790.0,1800.0,1725.0,1745.0,548.9539794921875,140497900,0.0,0.0,yfinance_raw_daily
2021-10-26,1775.0,1785.0,1740.0,1765.0,555.2456665039062,138384200,0.0,0.0,yfinance_raw_daily
2021-10-27,1765.0,1765.0,1730.0,1730.0,544.2352294921875,95389000,0.0,0.0,yfinance_raw_daily
2021-10-28,1710.0,1710.0,1625.0,1630.0,512.7764282226562,289795800,0.0,0.0,yfinance_raw_daily
2021-10-29,1610.0,1695.0,1605.0,1680.0,528.5057373046875,100719500,0.0,0.0,yfinance_raw_daily
2021-11-01,1655.0,1710.0,1635.0,1685.0,530.0787353515625,82111500,0.0,0.0,yfinance_raw_daily
2021-11-02,1660.0,1680.0,1645.0,1645.0,517.4952392578125,44420500,0.0,0.0,yfinance_raw_daily
2021-11-03,1645.0,1680.0,1645.0,1675.0,526.9329833984375,49009600,0.0,0.0,yfinance_raw_daily
2021-11-04,1700.0,1730.0,1675.0,1675.0,526.9329833984375,90998600,0.0,0.0,yfinance_raw_daily
2021-11-05,1650.0,1665.0,1635.0,1645.0,517.4952392578125,57505000,0.0,0.0,yfinance_raw_daily
2021-11-08,1650.0,1710.0,1650.0,1695.0,533.2245483398438,58662000,0.0,0.0,yfinance_raw_daily
2021-11-09,1720.0,1745.0,1700.0,1705.0,536.3704833984375,62964100,0.0,0.0,yfinance_raw_daily
2021-11-10,1680.0,1710.0,1670.0,1690.0,531.6517944335938,36025600,0.0,0.0,yfinance_raw_daily
2021-11-11,1675.0,1695.0,1660.0,1685.0,530.0787353515625,49884600,0.0,0.0,yfinance_raw_daily
2021-11-12,1690.0,1700.0,1665.0,1685.0,530.0787353515625,35072500,0.0,0.0,yfinance_raw_daily
2021-11-15,1680.0,1685.0,1595.0,1610.0,506.4847106933594,117468000,0.0,0.0,yfinance_raw_daily
2021-11-16,1580.0,1630.0,1580.0,1615.0,508.05767822265625,46592500,0.0,0.0,yfinance_raw_daily
2021-11-17,1620.0,1655.0,1600.0,1640.0,515.92236328125,95085400,0.0,0.0,yfinance_raw_daily
2021-11-18,1620.0,1645.0,1610.0,1625.0,511.20361328125,48501400,0.0,0.0,yfinance_raw_daily
2021-11-19,1635.0,1665.0,1625.0,1645.0,517.4952392578125,42127500,0.0,0.0,yfinance_raw_daily
2021-11-22,1645.0,1660.0,1610.0,1640.0,515.92236328125,36598500,0.0,0.0,yfinance_raw_daily
2021-11-23,1665.0,1715.0,1640.0,1705.0,536.3704833984375,116464400,0.0,0.0,yfinance_raw_daily
2021-11-24,1720.0,1730.0,1695.0,1695.0,533.2245483398438,100386500,0.0,0.0,yfinance_raw_daily
2021-11-25,1710.0,1750.0,1690.0,1745.0,548.9539794921875,59282300,0.0,0.0,yfinance_raw_daily
2021-11-26,1725.0,1730.0,1640.0,1655.0,520.6411743164062,83519800,0.0,0.0,yfinance_raw_daily
2021-11-29,1640.0,1700.0,1610.0,1690.0,531.6517944335938,76424500,0.0,0.0,yfinance_raw_daily
2021-11-30,1670.0,1730.0,1665.0,1700.0,534.797607421875,161819600,0.0,0.0,yfinance_raw_daily
2021-12-01,1730.0,1775.0,1700.0,1755.0,552.099853515625,146798700,0.0,0.0,yfinance_raw_daily
2021-12-02,1760.0,1820.0,1760.0,1810.0,569.4021606445312,147912000,0.0,0.0,yfinance_raw_daily
2021-12-03,1805.0,1835.0,1790.0,1815.0,570.9749755859375,93276700,0.0,0.0,yfinance_raw_daily
2021-12-06,1815.0,1920.0,1810.0,1910.0,600.8607788085938,251957100,0.0,0.0,yfinance_raw_daily
2021-12-07,1910.0,1920.0,1870.0,1905.0,599.2877807617188,265246000,0.0,0.0,yfinance_raw_daily
2021-12-08,1920.0,1935.0,1900.0,1925.0,605.5796508789062,356201700,0.0,0.0,yfinance_raw_daily
2021-12-09,1930.0,1960.0,1925.0,1935.0,608.7254638671875,282019600,0.0,0.0,yfinance_raw_daily
2021-12-10,1930.0,1940.0,1880.0,1920.0,604.0067138671875,254321600,0.0,0.0,yfinance_raw_daily
2021-12-13,1930.0,1940.0,1905.0,1920.0,604.0067138671875,165209600,0.0,0.0,yfinance_raw_daily
2021-12-14,1910.0,1930.0,1870.0,1920.0,604.0067138671875,205410600,0.0,0.0,yfinance_raw_daily
2021-12-15,1920.0,2050.0,1910.0,2020.0,635.46533203125,539995200,0.0,0.0,yfinance_raw_daily
2021-12-16,2040.0,2080.0,1995.0,2040.0,641.7570190429688,205002000,0.0,0.0,yfinance_raw_daily
2021-12-17,2050.0,2060.0,2030.0,2050.0,644.9028930664062,156302400,0.0,0.0,yfinance_raw_daily
2021-12-20,2030.0,2050.0,2000.0,2050.0,644.9028930664062,100364400,0.0,0.0,yfinance_raw_daily
2021-12-21,2050.0,2160.0,2040.0,2120.0,666.9239501953125,176897200,0.0,0.0,yfinance_raw_daily
2021-12-22,2190.0,2190.0,2090.0,2150.0,676.3616333007812,191706000,0.0,0.0,yfinance_raw_daily
2021-12-23,2170.0,2180.0,2120.0,2150.0,676.3616333007812,105060800,0.0,0.0,yfinance_raw_daily
2021-12-24,2150.0,2240.0,2130.0,2220.0,698.3827514648438,251933600,0.0,0.0,yfinance_raw_daily
2021-12-27,2230.0,2260.0,2180.0,2180.0,685.7991943359375,124062200,0.0,0.0,yfinance_raw_daily
2021-12-28,2180.0,2310.0,2180.0,2300.0,723.5496215820312,295605000,0.0,0.0,yfinance_raw_daily
2021-12-29,2300.0,2330.0,2260.0,2310.0,726.695556640625,171340700,0.0,0.0,yfinance_raw_daily
2021-12-30,2180.0,2270.0,2160.0,2250.0,760.552001953125,235360400,160.16,0.0,yfinance_raw_daily
2022-01-03,2170.0,2380.0,2170.0,2370.0,801.1145629882812,175091000,0.0,0.0,yfinance_raw_daily
2022-01-04,2370.0,2380.0,2240.0,2300.0,777.4530029296875,241943400,0.0,0.0,yfinance_raw_daily
2022-01-05,2330.0,2350.0,2230.0,2240.0,757.171630859375,125371600,0.0,0.0,yfinance_raw_daily
2022-01-06,2230.0,2310.0,2210.0,2300.0,777.4530029296875,245581000,0.0,0.0,yfinance_raw_daily
2022-01-07,2320.0,2450.0,2290.0,2430.0,821.3960571289062,272389200,0.0,0.0,yfinance_raw_daily
2022-01-10,2430.0,2430.0,2350.0,2400.0,811.25537109375,123417100,0.0,0.0,yfinance_raw_daily
2022-01-11,2440.0,2470.0,2330.0,2340.0,790.9739990234375,124218800,0.0,0.0,yfinance_raw_daily
2022-01-12,2340.0,2370.0,2300.0,2310.0,780.8333129882812,122477500,0.0,0.0,yfinance_raw_daily
2022-01-13,2330.0,2380.0,2280.0,2280.0,770.6925659179688,137848400,0.0,0.0,yfinance_raw_daily
2022-01-14,2300.0,2330.0,2250.0,2270.0,767.3123168945312,173258000,0.0,0.0,yfinance_raw_daily
2022-01-17,2300.0,2320.0,2210.0,2260.0,763.93212890625,119048500,0.0,0.0,yfinance_raw_daily
2022-01-18,2290.0,2310.0,2180.0,2220.0,750.4111938476562,180286700,0.0,0.0,yfinance_raw_daily
2022-01-19,2220.0,2260.0,2200.0,2230.0,753.79150390625,152019800,0.0,0.0,yfinance_raw_daily
2022-01-20,2230.0,2360.0,2230.0,2310.0,780.8333129882812,213577600,0.0,0.0,yfinance_raw_daily
2022-01-21,2310.0,2310.0,2260.0,2310.0,780.8333129882812,98844900,0.0,0.0,yfinance_raw_daily
2022-01-24,2300.0,2350.0,2250.0,2270.0,767.3123168945312,94316300,0.0,0.0,yfinance_raw_daily
2022-01-25,2260.0,2270.0,2160.0,2210.0,747.031005859375,158258600,0.0,0.0,yfinance_raw_daily
2022-01-26,2220.0,2240.0,2180.0,2210.0,747.031005859375,97679400,0.0,0.0,yfinance_raw_daily
2022-01-27,2200.0,2310.0,2190.0,2310.0,780.8333129882812,142280600,0.0,0.0,yfinance_raw_daily
2022-01-28,2320.0,2320.0,2240.0,2280.0,770.6925659179688,104574100,0.0,0.0,yfinance_raw_daily
2022-01-31,2300.0,2310.0,2210.0,2240.0,757.171630859375,76748000,0.0,0.0,yfinance_raw_daily
2022-02-02,2260.0,2290.0,2180.0,2210.0,747.031005859375,100091000,0.0,0.0,yfinance_raw_daily
2022-02-03,2210.0,2240.0,2170.0,2220.0,750.4111938476562,111391600,0.0,0.0,yfinance_raw_daily
2022-02-04,2220.0,2240.0,2170.0,2180.0,736.8901977539062,96179700,0.0,0.0,yfinance_raw_daily
2022-02-07,2200.0,2250.0,2180.0,2200.0,743.6506958007812,113939600,0.0,0.0,yfinance_raw_daily
2022-02-08,2200.0,2220.0,2180.0,2200.0,743.6506958007812,111772600,0.0,0.0,yfinance_raw_daily
2022-02-09,2220.0,2270.0,2180.0,2210.0,747.031005859375,199270200,0.0,0.0,yfinance_raw_daily
2022-02-10,2200.0,2230.0,2150.0,2160.0,730.1298828125,114009500,0.0,0.0,yfinance_raw_daily
2022-02-11,2160.0,2200.0,2110.0,2170.0,733.510009765625,102593600,0.0,0.0,yfinance_raw_daily
2022-02-14,2170.0,2270.0,2170.0,2230.0,753.79150390625,127682400,0.0,0.0,yfinance_raw_daily
2022-02-15,2250.0,2300.0,2210.0,2290.0,774.0728149414062,137023900,0.0,0.0,yfinance_raw_daily
2022-02-16,2300.0,2300.0,2240.0,2240.0,757.171630859375,70237000,0.0,0.0,yfinance_raw_daily
2022-02-17,2230.0,2250.0,2180.0,2220.0,750.4111938476562,140157700,0.0,0.0,yfinance_raw_daily
2022-02-18,2200.0,2280.0,2190.0,2240.0,757.171630859375,84280000,0.0,0.0,yfinance_raw_daily
2022-02-21,2260.0,2260.0,2200.0,2220.0,750.4111938476562,86719000,0.0,0.0,yfinance_raw_daily
2022-02-22,2230.0,2260.0,2180.0,2230.0,753.79150390625,91334200,0.0,0.0,yfinance_raw_daily
2022-02-23,2270.0,2350.0,2240.0,2320.0,784.2135009765625,140574200,0.0,0.0,yfinance_raw_daily
2022-02-24,2350.0,2480.0,2320.0,2480.0,838.2973022460938,286836000,0.0,0.0,yfinance_raw_daily
2022-02-25,2520.0,2590.0,2450.0,2450.0,828.1564331054688,218034600,0.0,0.0,yfinance_raw_daily
2022-03-01,2560.0,2720.0,2500.0,2580.0,872.0994262695312,357287400,0.0,0.0,yfinance_raw_daily
2022-03-02,2690.0,2740.0,2550.0,2610.0,882.240234375,208447200,0.0,0.0,yfinance_raw_daily
2022-03-04,2720.0,3050.0,2680.0,3040.0,1027.590087890625,408953900,0.0,0.0,yfinance_raw_daily
2022-03-07,3150.0,3270.0,3080.0,3240.0,1095.194580078125,402645000,0.0,0.0,yfinance_raw_daily
2022-03-08,3210.0,3210.0,3040.0,3120.0,1054.6318359375,257703500,0.0,0.0,yfinance_raw_daily
2022-03-09,3120.0,3150.0,2960.0,3080.0,1041.111083984375,187471500,0.0,0.0,yfinance_raw_daily
2022-03-10,2980.0,3070.0,2870.0,2980.0,1007.3087158203125,236733800,0.0,0.0,yfinance_raw_daily
2022-03-11,2880.0,3090.0,2880.0,3000.0,1014.0690307617188,121344700,0.0,0.0,yfinance_raw_daily
2022-03-14,2990.0,3020.0,2790.0,2790.0,943.0843505859375,168857700,0.0,0.0,yfinance_raw_daily
2022-03-15,2660.0,2790.0,2650.0,2710.0,916.04248046875,223378600,0.0,0.0,yfinance_raw_daily
2022-03-16,2700.0,2830.0,2690.0,2820.0,953.2250366210938,126976100,0.0,0.0,yfinance_raw_daily
2022-03-17,2800.0,2820.0,2730.0,2740.0,926.1832275390625,86651700,0.0,0.0,yfinance_raw_daily
2022-03-18,2750.0,2860.0,2720.0,2720.0,919.4227294921875,368469400,0.0,0.0,yfinance_raw_daily
2022-03-21,2740.0,2770.0,2700.0,2720.0,919.4227294921875,123851100,0.0,0.0,yfinance_raw_daily
2022-03-22,2740.0,2860.0,2740.0,2800.0,946.4645385742188,124250600,0.0,0.0,yfinance_raw_daily
2022-03-23,2830.0,2880.0,2750.0,2800.0,946.4645385742188,122391700,0.0,0.0,yfinance_raw_daily
2022-03-24,2840.0,2900.0,2810.0,2880.0,973.5064086914062,109233400,0.0,0.0,yfinance_raw_daily
2022-03-25,2880.0,2880.0,2810.0,2820.0,953.2250366210938,89246500,0.0,0.0,yfinance_raw_daily
2022-03-28,2820.0,2880.0,2820.0,2860.0,966.74609375,81634700,0.0,0.0,yfinance_raw_daily
2022-03-29,2880.0,2880.0,2760.0,2770.0,936.3237915039062,105824700,0.0,0.0,yfinance_raw_daily
2022-03-30,2770.0,2800.0,2660.0,2680.0,905.90185546875,98915700,0.0,0.0,yfinance_raw_daily
2022-03-31,2690.0,2760.0,2680.0,2690.0,909.2820434570312,77639300,0.0,0.0,yfinance_raw_daily
2022-04-01,2690.0,2830.0,2690.0,2810.0,949.8449096679688,104011500,0.0,0.0,yfinance_raw_daily
2022-04-04,2810.0,2870.0,2780.0,2810.0,949.8449096679688,59731800,0.0,0.0,yfinance_raw_daily
2022-04-05,2850.0,3020.0,2830.0,3000.0,1014.0690307617188,193461300,0.0,0.0,yfinance_raw_daily
2022-04-06,3010.0,3080.0,3000.0,3070.0,1037.730712890625,172811700,0.0,0.0,yfinance_raw_daily
2022-04-07,3060.0,3070.0,2980.0,3050.0,1030.9703369140625,93814700,0.0,0.0,yfinance_raw_daily
2022-04-08,3040.0,3190.0,3030.0,3160.0,1068.15283203125,177072400,0.0,0.0,yfinance_raw_daily
2022-04-11,3160.0,3210.0,3100.0,3140.0,1061.3924560546875,131718000,0.0,0.0,yfinance_raw_daily
2022-04-12,3140.0,3150.0,3060.0,3140.0,1061.3924560546875,132026200,0.0,0.0,yfinance_raw_daily
2022-04-13,3190.0,3350.0,3190.0,3350.0,1132.377197265625,226429500,0.0,0.0,yfinance_raw_daily
2022-04-14,3350.0,3350.0,3280.0,3310.0,1118.8563232421875,112905400,0.0,0.0,yfinance_raw_daily
2022-04-18,3310.0,3350.0,3240.0,3290.0,1112.095947265625,95118100,0.0,0.0,yfinance_raw_daily
2022-04-19,3290.0,3330.0,3250.0,3270.0,1105.3355712890625,95535700,0.0,0.0,yfinance_raw_daily
2022-04-20,3310.0,3370.0,3160.0,3230.0,1091.814453125,134836900,0.0,0.0,yfinance_raw_daily
2022-04-21,3270.0,3460.0,3260.0,3270.0,1105.3355712890625,187585800,0.0,0.0,yfinance_raw_daily
2022-04-22,3250.0,3270.0,3160.0,3210.0,1085.0540771484375,107246100,0.0,0.0,yfinance_raw_daily
2022-04-25,3180.0,3220.0,3100.0,3210.0,1085.0540771484375,107045500,0.0,0.0,yfinance_raw_daily
2022-04-26,3220.0,3250.0,3080.0,3160.0,1068.15283203125,152153700,0.0,0.0,yfinance_raw_daily
2022-04-27,3130.0,3230.0,3110.0,3170.0,1071.5330810546875,94218600,0.0,0.0,yfinance_raw_daily
2022-04-28,3210.0,3370.0,3200.0,3340.0,1128.9971923828125,182939300,0.0,0.0,yfinance_raw_daily
2022-05-09,3380.0,3410.0,3130.0,3160.0,1068.15283203125,247786700,0.0,0.0,yfinance_raw_daily
2022-05-10,3070.0,3140.0,2980.0,3090.0,1044.491455078125,198152000,0.0,0.0,yfinance_raw_daily
2022-05-11,3090.0,3230.0,3090.0,3150.0,1064.7725830078125,134040900,0.0,0.0,yfinance_raw_daily
2022-05-12,3150.0,3220.0,3080.0,3150.0,1064.7725830078125,233115300,0.0,0.0,yfinance_raw_daily
2022-05-13,3210.0,3250.0,3120.0,3210.0,1085.0540771484375,168962700,0.0,0.0,yfinance_raw_daily
2022-05-17,3150.0,3270.0,3130.0,3220.0,1138.5850830078125,148618000,141.39,0.0,yfinance_raw_daily
2022-05-18,3250.0,3270.0,3100.0,3190.0,1127.977294921875,128274700,0.0,0.0,yfinance_raw_daily
2022-05-19,3140.0,3180.0,3050.0,3110.0,1099.689453125,166293000,0.0,0.0,yfinance_raw_daily
2022-05-20,3130.0,3380.0,3130.0,3310.0,1170.4090576171875,205840300,0.0,0.0,yfinance_raw_daily
2022-05-23,3350.0,3350.0,3110.0,3150.0,1113.8333740234375,177893100,0.0,0.0,yfinance_raw_daily
2022-05-24,3170.0,3230.0,3130.0,3200.0,1131.51318359375,112162400,0.0,0.0,yfinance_raw_daily
2022-05-25,3160.0,3160.0,3070.0,3100.0,1096.1536865234375,96617800,0.0,0.0,yfinance_raw_daily
2022-05-27,3160.0,3190.0,3130.0,3160.0,1117.369384765625,84743400,0.0,0.0,yfinance_raw_daily
2022-05-30,3170.0,3180.0,3030.0,3060.0,1082.0096435546875,146193800,0.0,0.0,yfinance_raw_daily
2022-05-31,3130.0,3290.0,3100.0,3270.0,1156.26513671875,286452200,0.0,0.0,yfinance_raw_daily
2022-06-02,3260.0,3350.0,3200.0,3330.0,1177.48095703125,185774500,0.0,0.0,yfinance_raw_daily
2022-06-03,3330.0,3570.0,3280.0,3520.0,1244.66455078125,258029000,0.0,0.0,yfinance_raw_daily
2022-06-06,3520.0,3590.0,3440.0,3460.0,1223.4488525390625,128510900,0.0,0.0,yfinance_raw_daily
2022-06-07,3550.0,3710.0,3530.0,3650.0,1290.6324462890625,225695700,0.0,0.0,yfinance_raw_daily
2022-06-08,3650.0,3680.0,3590.0,3630.0,1283.5604248046875,118444400,0.0,0.0,yfinance_raw_daily
2022-06-09,3630.0,3690.0,3600.0,3600.0,1272.9525146484375,106573000,0.0,0.0,yfinance_raw_daily
2022-06-10,3560.0,3590.0,3430.0,3430.0,1212.8408203125,151998900,0.0,0.0,yfinance_raw_daily
2022-06-13,3320.0,3320.0,3190.0,3190.0,1127.977294921875,202113000,0.0,0.0,yfinance_raw_daily
2022-06-14,3170.0,3270.0,3110.0,3260.0,1152.7291259765625,219656500,0.0,0.0,yfinance_raw_daily
2022-06-15,3260.0,3270.0,3040.0,3040.0,1074.9376220703125,247557600,0.0,0.0,yfinance_raw_daily
2022-06-16,3080.0,3170.0,3040.0,3060.0,1082.0096435546875,243268700,0.0,0.0,yfinance_raw_daily
2022-06-17,3020.0,3030.0,2870.0,2920.0,1032.505859375,229958000,0.0,0.0,yfinance_raw_daily
2022-06-20,2920.0,2950.0,2860.0,2930.0,1036.0418701171875,115058200,0.0,0.0,yfinance_raw_daily
2022-06-21,3000.0,3070.0,2970.0,3030.0,1071.401611328125,189107600,0.0,0.0,yfinance_raw_daily
2022-06-22,3030.0,3090.0,2980.0,3030.0,1071.401611328125,201749700,0.0,0.0,yfinance_raw_daily
2022-06-23,3030.0,3030.0,2890.0,2940.0,1039.5777587890625,145531100,0.0,0.0,yfinance_raw_daily
2022-06-24,2970.0,3020.0,2950.0,2970.0,1050.185791015625,103050300,0.0,0.0,yfinance_raw_daily
2022-06-27,2970.0,3000.0,2880.0,2960.0,1046.64990234375,89273500,0.0,0.0,yfinance_raw_daily
2022-06-28,2990.0,3000.0,2930.0,2950.0,1043.11376953125,74114300,0.0,0.0,yfinance_raw_daily
2022-06-29,2910.0,2970.0,2870.0,2870.0,1014.8259887695312,69188200,0.0,0.0,yfinance_raw_daily
2022-06-30,2810.0,2920.0,2810.0,2860.0,1011.2901000976562,109157800,0.0,0.0,yfinance_raw_daily
2022-07-01,2860.0,2910.0,2710.0,2720.0,961.7861938476562,105599200,0.0,0.0,yfinance_raw_daily
2022-07-04,2720.0,2830.0,2660.0,2770.0,979.466064453125,117849700,0.0,0.0,yfinance_raw_daily
2022-07-05,2830.0,2940.0,2820.0,2880.0,1018.3619384765625,135385800,0.0,0.0,yfinance_raw_daily
2022-07-06,2850.0,2850.0,2720.0,2770.0,979.466064453125,82120100,0.0,0.0,yfinance_raw_daily
2022-07-07,2770.0,2810.0,2720.0,2770.0,979.466064453125,70438600,0.0,0.0,yfinance_raw_daily
2022-07-08,2850.0,2880.0,2820.0,2830.0,1000.681884765625,90522000,0.0,0.0,yfinance_raw_daily
2022-07-11,2840.0,2870.0,2800.0,2830.0,1000.681884765625,52681800,0.0,0.0,yfinance_raw_daily
2022-07-12,2860.0,2970.0,2840.0,2920.0,1032.505859375,142532100,0.0,0.0,yfinance_raw_daily
2022-07-13,2950.0,2990.0,2900.0,2930.0,1036.0418701171875,99629700,0.0,0.0,yfinance_raw_daily
2022-07-14,2910.0,2960.0,2880.0,2930.0,1036.0418701171875,97805600,0.0,0.0,yfinance_raw_daily
2022-07-15,2890.0,2900.0,2760.0,2760.0,975.9302978515625,98942900,0.0,0.0,yfinance_raw_daily
2022-07-18,2760.0,2800.0,2730.0,2790.0,986.5382080078125,68984100,0.0,0.0,yfinance_raw_daily
2022-07-19,2800.0,2960.0,2760.0,2950.0,1043.11376953125,127898100,0.0,0.0,yfinance_raw_daily
2022-07-20,2980.0,3030.0,2980.0,3020.0,1067.865478515625,99298600,0.0,0.0,yfinance_raw_daily
2022-07-21,3040.0,3050.0,2970.0,3020.0,1067.865478515625,73196600,0.0,0.0,yfinance_raw_daily
2022-07-22,3040.0,3080.0,2990.0,3030.0,1071.401611328125,94295700,0.0,0.0,yfinance_raw_daily
2022-07-25,3050.0,3120.0,3040.0,3100.0,1096.1536865234375,134979600,0.0,0.0,yfinance_raw_daily
2022-07-26,3140.0,3170.0,3120.0,3160.0,1117.369384765625,83178500,0.0,0.0,yfinance_raw_daily
2022-07-27,3200.0,3300.0,3180.0,3280.0,1159.8011474609375,130334900,0.0,0.0,yfinance_raw_daily
2022-07-28,3290.0,3330.0,3250.0,3280.0,1159.8011474609375,94451400,0.0,0.0,yfinance_raw_daily
2022-07-29,3300.0,3350.0,3230.0,3250.0,1149.193115234375,85291200,0.0,0.0,yfinance_raw_daily
2022-08-01,3260.0,3370.0,3240.0,3350.0,1184.552978515625,146347800,0.0,0.0,yfinance_raw_daily
2022-08-02,3350.0,3360.0,3180.0,3180.0,1124.44140625,112428800,0.0,0.0,yfinance_raw_daily
2022-08-03,3190.0,3330.0,3180.0,3310.0,1170.4090576171875,114505400,0.0,0.0,yfinance_raw_daily
2022-08-04,3310.0,3310.0,3160.0,3190.0,1127.977294921875,109420800,0.0,0.0,yfinance_raw_daily
2022-08-05,3140.0,3170.0,3100.0,3130.0,1106.7613525390625,124725800,0.0,0.0,yfinance_raw_daily
2022-08-08,3090.0,3130.0,3030.0,3080.0,1089.08154296875,94030900,0.0,0.0,yfinance_raw_daily
2022-08-09,3110.0,3170.0,3100.0,3130.0,1106.7613525390625,86949000,0.0,0.0,yfinance_raw_daily
2022-08-10,3150.0,3190.0,3120.0,3140.0,1110.29736328125,81369800,0.0,0.0,yfinance_raw_daily
2022-08-11,3230.0,3250.0,3150.0,3150.0,1113.8333740234375,127285200,0.0,0.0,yfinance_raw_daily
2022-08-12,3160.0,3210.0,3130.0,3190.0,1127.977294921875,73526600,0.0,0.0,yfinance_raw_daily
2022-08-15,3220.0,3240.0,3150.0,3160.0,1117.369384765625,53868300,0.0,0.0,yfinance_raw_daily
2022-08-16,3160.0,3190.0,3120.0,3150.0,1113.8333740234375,48691000,0.0,0.0,yfinance_raw_daily
2022-08-18,3180.0,3280.0,3170.0,3250.0,1149.193115234375,84704200,0.0,0.0,yfinance_raw_daily
2022-08-19,3270.0,3310.0,3240.0,3250.0,1149.193115234375,73447800,0.0,0.0,yfinance_raw_daily
2022-08-22,3290.0,3300.0,3140.0,3150.0,1113.8333740234375,90711300,0.0,0.0,yfinance_raw_daily
2022-08-23,3170.0,3380.0,3160.0,3350.0,1184.552978515625,175076900,0.0,0.0,yfinance_raw_daily
2022-08-24,3330.0,3420.0,3270.0,3410.0,1205.7689208984375,116927600,0.0,0.0,yfinance_raw_daily
2022-08-25,3410.0,3470.0,3370.0,3410.0,1205.7689208984375,88737600,0.0,0.0,yfinance_raw_daily
2022-08-26,3430.0,3450.0,3390.0,3410.0,1205.7689208984375,55022600,0.0,0.0,yfinance_raw_daily
2022-08-29,3380.0,3470.0,3330.0,3460.0,1223.4488525390625,79496800,0.0,0.0,yfinance_raw_daily
2022-08-30,3660.0,3700.0,3530.0,3540.0,1251.736572265625,160702700,0.0,0.0,yfinance_raw_daily
2022-08-31,3510.0,3570.0,3480.0,3540.0,1251.736572265625,101731600,0.0,0.0,yfinance_raw_daily
2022-09-01,3560.0,3740.0,3540.0,3700.0,1308.312255859375,162099600,0.0,0.0,yfinance_raw_daily
2022-09-02,3750.0,3830.0,3720.0,3780.0,1336.60009765625,133943800,0.0,0.0,yfinance_raw_daily
2022-09-05,3780.0,4050.0,3760.0,4030.0,1424.99951171875,194748100,0.0,0.0,yfinance_raw_daily
2022-09-06,4080.0,4160.0,4020.0,4040.0,1428.535400390625,107870400,0.0,0.0,yfinance_raw_daily
2022-09-07,4020.0,4050.0,3950.0,4020.0,1421.4637451171875,92963400,0.0,0.0,yfinance_raw_daily
2022-09-08,3970.0,4000.0,3900.0,3940.0,1393.1756591796875,88447400,0.0,0.0,yfinance_raw_daily
2022-09-09,3920.0,3970.0,3860.0,3950.0,1396.7117919921875,73341100,0.0,0.0,yfinance_raw_daily
2022-09-12,3960.0,3990.0,3900.0,3970.0,1403.783447265625,74852000,0.0,0.0,yfinance_raw_daily
2022-09-13,3970.0,4020.0,3950.0,4010.0,1417.927490234375,71375900,0.0,0.0,yfinance_raw_daily
2022-09-14,4000.0,4040.0,3940.0,4010.0,1417.927490234375,79037100,0.0,0.0,yfinance_raw_daily
2022-09-15,4040.0,4190.0,4040.0,4060.0,1435.607666015625,120755300,0.0,0.0,yfinance_raw_daily
2022-09-16,4050.0,4050.0,3930.0,3930.0,1389.6397705078125,121776100,0.0,0.0,yfinance_raw_daily
2022-09-19,3950.0,3960.0,3860.0,3910.0,1382.5677490234375,134433200,0.0,0.0,yfinance_raw_daily
2022-09-20,3930.0,3970.0,3860.0,3890.0,1375.4959716796875,63910800,0.0,0.0,yfinance_raw_daily
2022-09-21,3880.0,3930.0,3800.0,3910.0,1382.5677490234375,67111800,0.0,0.0,yfinance_raw_daily
2022-09-22,3910.0,4120.0,3890.0,4100.0,1449.7513427734375,150225400,0.0,0.0,yfinance_raw_daily
2022-09-23,4050.0,4080.0,4010.0,4050.0,1432.0714111328125,77100300,0.0,0.0,yfinance_raw_daily
2022-09-26,3940.0,3940.0,3830.0,3860.0,1364.887939453125,163896500,0.0,0.0,yfinance_raw_daily
2022-09-27,3900.0,3940.0,3870.0,3910.0,1382.5677490234375,89367200,0.0,0.0,yfinance_raw_daily
2022-09-28,3900.0,3960.0,3860.0,3870.0,1368.423828125,72114400,0.0,0.0,yfinance_raw_daily
2022-09-29,3900.0,3970.0,3900.0,3950.0,1396.7117919921875,91134100,0.0,0.0,yfinance_raw_daily
2022-09-30,3920.0,3960.0,3870.0,3960.0,1400.247802734375,104670300,0.0,0.0,yfinance_raw_daily
2022-10-03,3930.0,4000.0,3920.0,3960.0,1400.247802734375,54514500,0.0,0.0,yfinance_raw_daily
2022-10-04,3990.0,4120.0,3990.0,4120.0,1456.8232421875,145080300,0.0,0.0,yfinance_raw_daily
2022-10-05,4140.0,4170.0,4080.0,4080.0,1442.679443359375,57945800,0.0,0.0,yfinance_raw_daily
2022-10-06,4080.0,4250.0,4040.0,4100.0,1449.7513427734375,159208200,0.0,0.0,yfinance_raw_daily
2022-10-07,4100.0,4170.0,4080.0,4140.0,1463.8953857421875,49875500,0.0,0.0,yfinance_raw_daily
2022-10-10,4050.0,4050.0,3920.0,3920.0,1386.103759765625,107867500,0.0,0.0,yfinance_raw_daily
2022-10-11,3930.0,3950.0,3890.0,3930.0,1389.6397705078125,59752100,0.0,0.0,yfinance_raw_daily
2022-10-12,3960.0,4050.0,3960.0,4000.0,1414.3916015625,101116400,0.0,0.0,yfinance_raw_daily
2022-10-13,4090.0,4090.0,4010.0,4020.0,1421.4637451171875,53264100,0.0,0.0,yfinance_raw_daily
2022-10-14,4000.0,4050.0,3950.0,3950.0,1396.7117919921875,45091900,0.0,0.0,yfinance_raw_daily
2022-10-17,3950.0,3960.0,3900.0,3960.0,1400.247802734375,42063700,0.0,0.0,yfinance_raw_daily
2022-10-18,3980.0,4000.0,3840.0,3860.0,1364.887939453125,95622800,0.0,0.0,yfinance_raw_daily
2022-10-19,3850.0,3880.0,3800.0,3840.0,1357.81591796875,69215500,0.0,0.0,yfinance_raw_daily
2022-10-20,3840.0,4000.0,3830.0,4000.0,1414.3916015625,119895500,0.0,0.0,yfinance_raw_daily
2022-10-21,3980.0,4020.0,3950.0,3960.0,1400.247802734375,37327700,0.0,0.0,yfinance_raw_daily
2022-10-24,3970.0,3990.0,3910.0,3920.0,1386.103759765625,47873100,0.0,0.0,yfinance_raw_daily
2022-10-25,3890.0,3920.0,3840.0,3880.0,1371.9599609375,74608100,0.0,0.0,yfinance_raw_daily
2022-10-26,3880.0,3950.0,3850.0,3930.0,1389.6397705078125,73155800,0.0,0.0,yfinance_raw_daily
2022-10-27,3950.0,4020.0,3920.0,3980.0,1407.3197021484375,81920000,0.0,0.0,yfinance_raw_daily
2022-10-28,4000.0,4000.0,3900.0,3910.0,1382.5677490234375,54061300,0.0,0.0,yfinance_raw_daily
2022-10-31,3940.0,3980.0,3920.0,3980.0,1407.3197021484375,76758600,0.0,0.0,yfinance_raw_daily
2022-11-01,3940.0,3940.0,3720.0,3750.0,1325.991943359375,175308100,0.0,0.0,yfinance_raw_daily
2022-11-02,3750.0,3820.0,3690.0,3740.0,1322.4561767578125,101047500,0.0,0.0,yfinance_raw_daily
2022-11-03,3740.0,3810.0,3730.0,3750.0,1325.991943359375,57965500,0.0,0.0,yfinance_raw_daily
2022-11-04,3730.0,3790.0,3710.0,3750.0,1325.991943359375,84299700,0.0,0.0,yfinance_raw_daily
2022-11-07,3750.0,3830.0,3730.0,3830.0,1354.280029296875,74309100,0.0,0.0,yfinance_raw_daily
2022-11-08,3800.0,3800.0,3730.0,3760.0,1329.5283203125,71681200,0.0,0.0,yfinance_raw_daily
2022-11-09,3690.0,3720.0,3630.0,3640.0,1287.09619140625,117969800,0.0,0.0,yfinance_raw_daily
2022-11-10,3500.0,3560.0,3450.0,3480.0,1230.520751953125,153812400,0.0,0.0,yfinance_raw_daily
2022-11-11,3500.0,3540.0,3440.0,3490.0,1234.056640625,96575300,0.0,0.0,yfinance_raw_daily
2022-11-14,3490.0,3560.0,3490.0,3500.0,1237.5926513671875,60258000,0.0,0.0,yfinance_raw_daily
2022-11-15,3550.0,3570.0,3480.0,3510.0,1241.128662109375,55915600,0.0,0.0,yfinance_raw_daily
2022-11-16,3610.0,3640.0,3520.0,3570.0,1262.344482421875,86525300,0.0,0.0,yfinance_raw_daily
2022-11-17,3530.0,3610.0,3500.0,3590.0,1269.41650390625,73229600,0.0,0.0,yfinance_raw_daily
2022-11-18,3590.0,3620.0,3560.0,3590.0,1269.41650390625,40162000,0.0,0.0,yfinance_raw_daily
2022-11-21,3610.0,3710.0,3610.0,3690.0,1304.7762451171875,65550500,0.0,0.0,yfinance_raw_daily
2022-11-22,3720.0,3750.0,3650.0,3700.0,1308.312255859375,59965000,0.0,0.0,yfinance_raw_daily
2022-11-23,3720.0,3790.0,3720.0,3750.0,1325.991943359375,45573200,0.0,0.0,yfinance_raw_daily
2022-11-24,3760.0,3780.0,3740.0,3750.0,1325.991943359375,24418800,0.0,0.0,yfinance_raw_daily
2022-11-25,3750.0,3750.0,3690.0,3730.0,1318.9202880859375,33140500,0.0,0.0,yfinance_raw_daily
2022-11-28,3740.0,3780.0,3720.0,3740.0,1322.4561767578125,40277700,0.0,0.0,yfinance_raw_daily
2022-11-29,3790.0,3880.0,3780.0,3880.0,1371.9599609375,94151500,0.0,0.0,yfinance_raw_daily
2022-11-30,3900.0,3930.0,3850.0,3870.0,1368.423828125,152171400,0.0,0.0,yfinance_raw_daily
2022-12-01,3930.0,3930.0,3890.0,3900.0,1379.03173828125,56516100,0.0,0.0,yfinance_raw_daily
2022-12-02,3890.0,3890.0,3820.0,3850.0,1361.3519287109375,36882200,0.0,0.0,yfinance_raw_daily
2022-12-05,3880.0,3890.0,3760.0,3780.0,1336.60009765625,51037700,0.0,0.0,yfinance_raw_daily
2022-12-06,3800.0,3830.0,3750.0,3810.0,1347.2078857421875,56845900,0.0,0.0,yfinance_raw_daily
2022-12-07,3820.0,3870.0,3780.0,3830.0,1354.280029296875,59277300,0.0,0.0,yfinance_raw_daily
2022-12-08,3830.0,3840.0,3710.0,3740.0,1322.4561767578125,63665900,0.0,0.0,yfinance_raw_daily
2022-12-09,3730.0,3740.0,3630.0,3680.0,1301.240234375,67555400,0.0,0.0,yfinance_raw_daily
2022-12-12,3680.0,3820.0,3670.0,3800.0,1343.6719970703125,76652000,0.0,0.0,yfinance_raw_daily
2022-12-13,3790.0,3790.0,3740.0,3740.0,1322.4561767578125,51354800,0.0,0.0,yfinance_raw_daily
2022-12-14,3770.0,3940.0,3760.0,3880.0,1371.9599609375,131274900,0.0,0.0,yfinance_raw_daily
2022-12-15,3890.0,3970.0,3850.0,3900.0,1379.03173828125,69993700,0.0,0.0,yfinance_raw_daily
2022-12-16,3870.0,3920.0,3850.0,3890.0,1375.4959716796875,63989300,0.0,0.0,yfinance_raw_daily
2022-12-19,3870.0,3970.0,3870.0,3970.0,1403.783447265625,58801000,0.0,0.0,yfinance_raw_daily
2022-12-20,3970.0,3990.0,3910.0,3920.0,1386.103759765625,47259900,0.0,0.0,yfinance_raw_daily
2022-12-21,3890.0,3930.0,3880.0,3920.0,1386.103759765625,36433600,0.0,0.0,yfinance_raw_daily
2022-12-22,3910.0,3940.0,3900.0,3930.0,1389.6397705078125,32321000,0.0,0.0,yfinance_raw_daily
2022-12-23,3860.0,3860.0,3800.0,3810.0,1347.2078857421875,118489300,0.0,0.0,yfinance_raw_daily
2022-12-26,3820.0,3850.0,3780.0,3800.0,1343.6719970703125,45950200,0.0,0.0,yfinance_raw_daily
2022-12-27,3800.0,3810.0,3730.0,3750.0,1325.991943359375,60813800,0.0,0.0,yfinance_raw_daily
2022-12-28,3760.0,3770.0,3700.0,3750.0,1325.991943359375,52254700,0.0,0.0,yfinance_raw_daily
2022-12-29,3740.0,3820.0,3710.0,3800.0,1343.6719970703125,64775200,0.0,0.0,yfinance_raw_daily
2022-12-30,3810.0,3870.0,3770.0,3850.0,1361.3519287109375,98381200,0.0,0.0,yfinance_raw_daily
2023-01-02,3610.0,3650.0,3590.0,3590.0,1358.053466796875,69696600,251.28,0.0,yfinance_raw_daily
2023-01-03,3590.0,3590.0,3500.0,3520.0,1331.5732421875,95601300,0.0,0.0,yfinance_raw_daily
2023-01-04,3540.0,3560.0,3300.0,3300.0,1248.349853515625,163804600,0.0,0.0,yfinance_raw_daily
2023-01-05,3250.0,3270.0,3080.0,3100.0,1172.692138671875,225480200,0.0,0.0,yfinance_raw_daily
2023-01-06,3090.0,3190.0,3090.0,3140.0,1187.82373046875,133608100,0.0,0.0,yfinance_raw_daily
2023-01-09,3150.0,3170.0,2980.0,3030.0,1146.2119140625,165697500,0.0,0.0,yfinance_raw_daily
2023-01-10,3040.0,3140.0,2980.0,3140.0,1187.82373046875,149820700,0.0,0.0,yfinance_raw_daily
2023-01-11,3140.0,3210.0,3080.0,3180.0,1202.955322265625,101097700,0.0,0.0,yfinance_raw_daily
2023-01-12,3120.0,3130.0,3050.0,3090.0,1168.9095458984375,78240400,0.0,0.0,yfinance_raw_daily
2023-01-13,3120.0,3150.0,3110.0,3140.0,1187.82373046875,49588400,0.0,0.0,yfinance_raw_daily
2023-01-16,3120.0,3130.0,3090.0,3100.0,1172.692138671875,25866600,0.0,0.0,yfinance_raw_daily
2023-01-17,3060.0,3150.0,3050.0,3140.0,1187.82373046875,51667000,0.0,0.0,yfinance_raw_daily
2023-01-18,3160.0,3230.0,3150.0,3170.0,1199.17236328125,61754000,0.0,0.0,yfinance_raw_daily
2023-01-19,3140.0,3230.0,3140.0,3230.0,1221.8695068359375,47144100,0.0,0.0,yfinance_raw_daily
2023-01-20,3250.0,3260.0,3210.0,3240.0,1225.6524658203125,50695900,0.0,0.0,yfinance_raw_daily
2023-01-24,3240.0,3250.0,3170.0,3200.0,1210.5211181640625,34335900,0.0,0.0,yfinance_raw_daily
2023-01-25,3190.0,3190.0,3120.0,3130.0,1184.0408935546875,42325000,0.0,0.0,yfinance_raw_daily
2023-01-26,3050.0,3070.0,2990.0,3010.0,1138.6463623046875,83858800,0.0,0.0,yfinance_raw_daily
2023-01-27,2980.0,3080.0,2980.0,3060.0,1157.5609130859375,63547600,0.0,0.0,yfinance_raw_daily
2023-01-30,3060.0,3100.0,2980.0,3010.0,1138.6463623046875,47836700,0.0,0.0,yfinance_raw_daily
2023-01-31,2970.0,3020.0,2940.0,2960.0,1119.73193359375,79164200,0.0,0.0,yfinance_raw_daily
2023-02-01,2940.0,3000.0,2930.0,2950.0,1115.9488525390625,59728700,0.0,0.0,yfinance_raw_daily
2023-02-02,2940.0,2970.0,2870.0,2870.0,1085.68603515625,88969700,0.0,0.0,yfinance_raw_daily
2023-02-03,2870.0,2870.0,2740.0,2760.0,1044.0743408203125,101999600,0.0,0.0,yfinance_raw_daily
2023-02-06,2760.0,2840.0,2720.0,2780.0,1051.6402587890625,80778600,0.0,0.0,yfinance_raw_daily
2023-02-07,2860.0,2950.0,2860.0,2890.0,1093.2518310546875,113365400,0.0,0.0,yfinance_raw_daily
2023-02-08,2900.0,2940.0,2870.0,2920.0,1104.6004638671875,50651900,0.0,0.0,yfinance_raw_daily
2023-02-09,2860.0,2890.0,2820.0,2840.0,1074.3375244140625,58268500,0.0,0.0,yfinance_raw_daily
2023-02-10,2750.0,2780.0,2710.0,2740.0,1036.5086669921875,73205300,0.0,0.0,yfinance_raw_daily
2023-02-13,2790.0,2830.0,2780.0,2780.0,1051.6402587890625,58110000,0.0,0.0,yfinance_raw_daily
2023-02-14,2790.0,2850.0,2770.0,2830.0,1070.5545654296875,47207700,0.0,0.0,yfinance_raw_daily
2023-02-15,2870.0,3040.0,2870.0,2950.0,1115.9488525390625,150083400,0.0,0.0,yfinance_raw_daily
2023-02-16,2970.0,2990.0,2890.0,2920.0,1104.6004638671875,49484000,0.0,0.0,yfinance_raw_daily
2023-02-17,2920.0,2930.0,2860.0,2880.0,1089.468994140625,45060800,0.0,0.0,yfinance_raw_daily
2023-02-20,2870.0,2910.0,2820.0,2900.0,1097.03466796875,67438100,0.0,0.0,yfinance_raw_daily
2023-02-21,2860.0,2900.0,2820.0,2820.0,1066.7716064453125,57575900,0.0,0.0,yfinance_raw_daily
2023-02-22,2880.0,2910.0,2840.0,2850.0,1078.1202392578125,51853800,0.0,0.0,yfinance_raw_daily
2023-02-23,2880.0,2950.0,2870.0,2900.0,1097.03466796875,80466800,0.0,0.0,yfinance_raw_daily
2023-02-24,2930.0,2960.0,2880.0,2890.0,1093.2518310546875,72020500,0.0,0.0,yfinance_raw_daily
2023-02-27,2910.0,2950.0,2890.0,2950.0,1115.9488525390625,42554800,0.0,0.0,yfinance_raw_daily
2023-02-28,2940.0,3040.0,2910.0,2990.0,1131.0804443359375,141401100,0.0,0.0,yfinance_raw_daily
2023-03-01,3000.0,3010.0,2940.0,2990.0,1131.0804443359375,74127000,0.0,0.0,yfinance_raw_daily
2023-03-02,3000.0,3030.0,2970.0,2990.0,1131.0804443359375,50943400,0.0,0.0,yfinance_raw_daily
2023-03-03,3090.0,3130.0,3020.0,3020.0,1142.42919921875,113137800,0.0,0.0,yfinance_raw_daily
2023-03-06,3020.0,3020.0,2900.0,2910.0,1100.817626953125,68471200,0.0,0.0,yfinance_raw_daily
2023-03-07,2880.0,2910.0,2850.0,2860.0,1081.9031982421875,81747200,0.0,0.0,yfinance_raw_daily
2023-03-08,2840.0,2920.0,2810.0,2920.0,1104.6004638671875,73894700,0.0,0.0,yfinance_raw_daily
2023-03-09,2950.0,2950.0,2900.0,2900.0,1097.03466796875,42649600,0.0,0.0,yfinance_raw_daily
2023-03-10,2900.0,2900.0,2850.0,2860.0,1081.9031982421875,29013700,0.0,0.0,yfinance_raw_daily
2023-03-13,2870.0,2930.0,2860.0,2900.0,1097.03466796875,44258200,0.0,0.0,yfinance_raw_daily
2023-03-14,2910.0,2910.0,2770.0,2770.0,1047.857421875,60495700,0.0,0.0,yfinance_raw_daily
2023-03-15,2790.0,2820.0,2730.0,2750.0,1040.29150390625,50051200,0.0,0.0,yfinance_raw_daily
2023-03-16,2720.0,2720.0,2600.0,2640.0,998.679931640625,100194800,0.0,0.0,yfinance_raw_daily
2023-03-17,2650.0,2780.0,2650.0,2780.0,1051.6402587890625,165045800,0.0,0.0,yfinance_raw_daily
2023-03-20,2760.0,2780.0,2710.0,2720.0,1028.9427490234375,27177000,0.0,0.0,yfinance_raw_daily
2023-03-21,2720.0,2730.0,2690.0,2730.0,1032.7257080078125,28977600,0.0,0.0,yfinance_raw_daily
2023-03-24,2710.0,2740.0,2680.0,2680.0,1013.811279296875,51810300,0.0,0.0,yfinance_raw_daily
2023-03-27,2710.0,2740.0,2670.0,2680.0,1013.811279296875,54183300,0.0,0.0,yfinance_raw_daily
2023-03-28,2700.0,2800.0,2700.0,2770.0,1047.857421875,95908100,0.0,0.0,yfinance_raw_daily
2023-03-29,2810.0,2910.0,2800.0,2880.0,1089.468994140625,106383200,0.0,0.0,yfinance_raw_daily
2023-03-30,2900.0,2920.0,2850.0,2870.0,1085.68603515625,71977200,0.0,0.0,yfinance_raw_daily
2023-03-31,2880.0,2930.0,2850.0,2900.0,1097.03466796875,61694500,0.0,0.0,yfinance_raw_daily
2023-04-03,2940.0,3020.0,2940.0,2940.0,1112.1661376953125,98297900,0.0,0.0,yfinance_raw_daily
2023-04-04,3010.0,3080.0,3010.0,3050.0,1153.778076171875,93744600,0.0,0.0,yfinance_raw_daily
2023-04-05,3040.0,3070.0,3000.0,3060.0,1157.5609130859375,54323500,0.0,0.0,yfinance_raw_daily
2023-04-06,3060.0,3120.0,3020.0,3020.0,1142.42919921875,71186200,0.0,0.0,yfinance_raw_daily
2023-04-10,3020.0,3060.0,2970.0,2990.0,1131.0804443359375,29429000,0.0,0.0,yfinance_raw_daily
2023-04-11,2960.0,3060.0,2960.0,3050.0,1153.778076171875,46716100,0.0,0.0,yfinance_raw_daily
2023-04-12,3050.0,3050.0,2930.0,2960.0,1119.73193359375,84393600,0.0,0.0,yfinance_raw_daily
2023-04-13,2960.0,3010.0,2950.0,2960.0,1119.73193359375,38736700,0.0,0.0,yfinance_raw_daily
2023-04-14,2960.0,2990.0,2920.0,2920.0,1104.6004638671875,45832600,0.0,0.0,yfinance_raw_daily
2023-04-17,2920.0,2950.0,2860.0,2860.0,1081.9031982421875,47706200,0.0,0.0,yfinance_raw_daily
2023-04-18,2870.0,3020.0,2870.0,3000.0,1134.863525390625,85627400,0.0,0.0,yfinance_raw_daily
2023-04-26,3040.0,3130.0,3020.0,3100.0,1172.692138671875,104615000,0.0,0.0,yfinance_raw_daily
2023-04-27,3100.0,3110.0,3050.0,3080.0,1165.1265869140625,41028100,0.0,0.0,yfinance_raw_daily
2023-04-28,3100.0,3160.0,3060.0,3130.0,1184.0408935546875,72560800,0.0,0.0,yfinance_raw_daily
2023-05-02,3100.0,3100.0,2960.0,2980.0,1127.2978515625,81649400,0.0,0.0,yfinance_raw_daily
2023-05-03,2980.0,3050.0,2930.0,2940.0,1112.1661376953125,71441900,0.0,0.0,yfinance_raw_daily
2023-05-04,2930.0,3000.0,2900.0,2920.0,1104.6004638671875,73997700,0.0,0.0,yfinance_raw_daily
2023-05-05,2860.0,2880.0,2750.0,2790.0,1055.4229736328125,158924500,0.0,0.0,yfinance_raw_daily
2023-05-08,2810.0,2930.0,2810.0,2870.0,1085.68603515625,65765900,0.0,0.0,yfinance_raw_daily
2023-05-09,2910.0,2910.0,2860.0,2890.0,1093.2518310546875,45066800,0.0,0.0,yfinance_raw_daily
2023-05-10,2900.0,2970.0,2900.0,2940.0,1112.1661376953125,84244500,0.0,0.0,yfinance_raw_daily
2023-05-11,2920.0,2950.0,2760.0,2800.0,1059.205810546875,209469700,0.0,0.0,yfinance_raw_daily
2023-05-12,2800.0,2800.0,2750.0,2760.0,1044.0743408203125,60919400,0.0,0.0,yfinance_raw_daily
2023-05-15,2780.0,2790.0,2630.0,2660.0,1006.24560546875,116378900,0.0,0.0,yfinance_raw_daily
2023-05-16,2700.0,2740.0,2660.0,2670.0,1010.028564453125,66336200,0.0,0.0,yfinance_raw_daily
2023-05-17,2710.0,2710.0,2540.0,2540.0,960.8511352539062,142037300,0.0,0.0,yfinance_raw_daily
2023-05-19,2520.0,2540.0,2380.0,2410.0,911.6736450195312,168354900,0.0,0.0,yfinance_raw_daily
2023-05-22,2450.0,2490.0,2410.0,2460.0,930.588134765625,192718400,0.0,0.0,yfinance_raw_daily
2023-05-23,2290.0,2290.0,2290.0,2290.0,960.268310546875,25791700,240.78,0.0,yfinance_raw_daily
2023-05-24,2220.0,2310.0,2220.0,2250.0,943.4950561523438,105384800,0.0,0.0,yfinance_raw_daily
2023-05-25,2200.0,2200.0,2120.0,2120.0,888.98193359375,124673400,0.0,0.0,yfinance_raw_daily
2023-05-26,2090.0,2170.0,2080.0,2090.0,876.4020385742188,81565700,0.0,0.0,yfinance_raw_daily
2023-05-29,2120.0,2130.0,2010.0,2070.0,868.0154418945312,80215800,0.0,0.0,yfinance_raw_daily
2023-05-30,2070.0,2150.0,2060.0,2110.0,884.7886962890625,63219000,0.0,0.0,yfinance_raw_daily
2023-05-31,2070.0,2090.0,2010.0,2040.0,855.435546875,169456800,0.0,0.0,yfinance_raw_daily
2023-06-05,2090.0,2170.0,2080.0,2100.0,880.5953979492188,119850300,0.0,0.0,yfinance_raw_daily
2023-06-06,2200.0,2230.0,2160.0,2220.0,930.9150390625,106615300,0.0,0.0,yfinance_raw_daily
2023-06-07,2200.0,2200.0,2140.0,2170.0,909.948486328125,69604900,0.0,0.0,yfinance_raw_daily
2023-06-08,2190.0,2210.0,2160.0,2200.0,922.528564453125,46850800,0.0,0.0,yfinance_raw_daily
2023-06-09,2210.0,2230.0,2170.0,2190.0,918.3351440429688,36414600,0.0,0.0,yfinance_raw_daily
2023-06-12,2220.0,2240.0,2200.0,2210.0,926.7218017578125,32981000,0.0,0.0,yfinance_raw_daily
2023-06-13,2190.0,2220.0,2150.0,2210.0,926.7218017578125,47913300,0.0,0.0,yfinance_raw_daily
2023-06-14,2210.0,2260.0,2200.0,2250.0,943.4950561523438,43317300,0.0,0.0,yfinance_raw_daily
2023-06-15,2250.0,2330.0,2220.0,2300.0,964.4616088867188,75697800,0.0,0.0,yfinance_raw_daily
2023-06-16,2350.0,2350.0,2300.0,2320.0,972.8482666015625,90162500,0.0,0.0,yfinance_raw_daily
2023-06-19,2300.0,2300.0,2250.0,2260.0,947.6883544921875,26428500,0.0,0.0,yfinance_raw_daily
2023-06-20,2260.0,2290.0,2250.0,2270.0,951.8817138671875,24643400,0.0,0.0,yfinance_raw_daily
2023-06-21,2270.0,2290.0,2250.0,2260.0,947.6883544921875,29760300,0.0,0.0,yfinance_raw_daily
2023-06-22,2250.0,2310.0,2250.0,2260.0,947.6883544921875,38508700,0.0,0.0,yfinance_raw_daily
2023-06-23,2280.0,2280.0,2230.0,2230.0,935.1083984375,20704900,0.0,0.0,yfinance_raw_daily
2023-06-26,2230.0,2240.0,2190.0,2210.0,926.7218017578125,25265900,0.0,0.0,yfinance_raw_daily
2023-06-27,2210.0,2260.0,2210.0,2230.0,935.1083984375,24633800,0.0,0.0,yfinance_raw_daily
2023-07-03,2270.0,2340.0,2260.0,2330.0,977.04150390625,58100700,0.0,0.0,yfinance_raw_daily
2023-07-04,2320.0,2350.0,2310.0,2340.0,981.2347412109375,20358800,0.0,0.0,yfinance_raw_daily
2023-07-05,2350.0,2440.0,2350.0,2420.0,1014.7813110351562,71359500,0.0,0.0,yfinance_raw_daily
2023-07-06,2420.0,2460.0,2410.0,2450.0,1027.361328125,41830700,0.0,0.0,yfinance_raw_daily
2023-07-07,2410.0,2420.0,2370.0,2380.0,998.0081176757812,32118800,0.0,0.0,yfinance_raw_daily
2023-07-10,2380.0,2420.0,2370.0,2420.0,1014.7813110351562,20339700,0.0,0.0,yfinance_raw_daily
2023-07-11,2400.0,2440.0,2390.0,2430.0,1018.9747314453125,31866300,0.0,0.0,yfinance_raw_daily
2023-07-12,2430.0,2430.0,2370.0,2370.0,993.8147583007812,28404900,0.0,0.0,yfinance_raw_daily
2023-07-13,2350.0,2350.0,2280.0,2320.0,972.8482666015625,42297500,0.0,0.0,yfinance_raw_daily
2023-07-14,2320.0,2360.0,2320.0,2360.0,989.6215209960938,31423200,0.0,0.0,yfinance_raw_daily
2023-07-17,2380.0,2410.0,2380.0,2380.0,998.0081176757812,26063600,0.0,0.0,yfinance_raw_daily
2023-07-18,2390.0,2390.0,2320.0,2330.0,977.04150390625,23104600,0.0,0.0,yfinance_raw_daily
2023-07-20,2350.0,2380.0,2350.0,2370.0,993.8147583007812,33287800,0.0,0.0,yfinance_raw_daily
2023-07-21,2380.0,2430.0,2380.0,2420.0,1014.7813110351562,70949300,0.0,0.0,yfinance_raw_daily
2023-07-24,2420.0,2480.0,2400.0,2470.0,1035.748046875,97266900,0.0,0.0,yfinance_raw_daily
2023-07-25,2480.0,2520.0,2430.0,2430.0,1018.9747314453125,82665100,0.0,0.0,yfinance_raw_daily
2023-07-26,2460.0,2510.0,2450.0,2500.0,1048.3280029296875,96761300,0.0,0.0,yfinance_raw_daily
2023-07-27,2500.0,2500.0,2440.0,2450.0,1027.361328125,37905300,0.0,0.0,yfinance_raw_daily
2023-07-28,2440.0,2480.0,2410.0,2470.0,1035.748046875,40850500,0.0,0.0,yfinance_raw_daily
2023-07-31,2470.0,2470.0,2380.0,2410.0,1010.5879516601562,64743500,0.0,0.0,yfinance_raw_daily
2023-08-01,2410.0,2410.0,2370.0,2390.0,1002.2014770507812,23569300,0.0,0.0,yfinance_raw_daily
2023-08-02,2380.0,2380.0,2340.0,2370.0,993.8147583007812,21765400,0.0,0.0,yfinance_raw_daily
2023-08-03,2370.0,2390.0,2350.0,2360.0,989.6215209960938,18908200,0.0,0.0,yfinance_raw_daily
2023-08-04,2390.0,2440.0,2390.0,2400.0,1006.3947143554688,26476900,0.0,0.0,yfinance_raw_daily
2023-08-07,2400.0,2400.0,2360.0,2380.0,998.0081176757812,20598900,0.0,0.0,yfinance_raw_daily
2023-08-08,2400.0,2420.0,2370.0,2370.0,993.8147583007812,22669900,0.0,0.0,yfinance_raw_daily
2023-08-09,2390.0,2400.0,2370.0,2400.0,1006.3947143554688,22561900,0.0,0.0,yfinance_raw_daily
2023-08-10,2430.0,2440.0,2400.0,2410.0,1010.5879516601562,42703500,0.0,0.0,yfinance_raw_daily
2023-08-11,2410.0,2420.0,2350.0,2350.0,985.42822265625,35509700,0.0,0.0,yfinance_raw_daily
2023-08-14,2360.0,2410.0,2330.0,2390.0,1002.2014770507812,36895300,0.0,0.0,yfinance_raw_daily
2023-08-15,2410.0,2530.0,2400.0,2510.0,1052.521240234375,99083700,0.0,0.0,yfinance_raw_daily
2023-08-16,2510.0,2540.0,2490.0,2520.0,1056.7144775390625,41050900,0.0,0.0,yfinance_raw_daily
2023-08-18,2520.0,2560.0,2480.0,2540.0,1065.10107421875,47312500,0.0,0.0,yfinance_raw_daily
2023-08-21,2560.0,2620.0,2550.0,2620.0,1098.6474609375,77668100,0.0,0.0,yfinance_raw_daily
2023-08-22,2620.0,2720.0,2620.0,2700.0,1132.194091796875,102556100,0.0,0.0,yfinance_raw_daily
2023-08-23,2730.0,2780.0,2700.0,2700.0,1132.194091796875,86184900,0.0,0.0,yfinance_raw_daily
2023-08-24,2680.0,2730.0,2640.0,2670.0,1119.6141357421875,57289800,0.0,0.0,yfinance_raw_daily
2023-08-25,2670.0,2670.0,2590.0,2590.0,1086.0677490234375,46004100,0.0,0.0,yfinance_raw_daily
2023-08-28,2610.0,2710.0,2610.0,2680.0,1123.8072509765625,49355200,0.0,0.0,yfinance_raw_daily
2023-08-29,2710.0,2730.0,2670.0,2680.0,1123.8072509765625,35735000,0.0,0.0,yfinance_raw_daily
2023-08-30,2710.0,2730.0,2660.0,2690.0,1128.000732421875,37456100,0.0,0.0,yfinance_raw_daily
2023-08-31,2680.0,2690.0,2650.0,2670.0,1119.6141357421875,37316600,0.0,0.0,yfinance_raw_daily
2023-09-01,2680.0,2720.0,2670.0,2680.0,1123.8072509765625,22633200,0.0,0.0,yfinance_raw_daily
2023-09-04,2690.0,2760.0,2690.0,2740.0,1148.96728515625,48905500,0.0,0.0,yfinance_raw_daily
2023-09-05,2750.0,2780.0,2730.0,2740.0,1148.96728515625,37110800,0.0,0.0,yfinance_raw_daily
2023-09-06,2790.0,2890.0,2790.0,2870.0,1203.4803466796875,107690900,0.0,0.0,yfinance_raw_daily
2023-09-07,2870.0,2930.0,2800.0,2880.0,1207.673828125,105815800,0.0,0.0,yfinance_raw_daily
2023-09-08,2880.0,2940.0,2860.0,2890.0,1211.866943359375,58380400,0.0,0.0,yfinance_raw_daily
2023-09-11,2900.0,2920.0,2790.0,2800.0,1174.127197265625,64749200,0.0,0.0,yfinance_raw_daily
2023-09-12,2820.0,2850.0,2790.0,2810.0,1178.3204345703125,52990600,0.0,0.0,yfinance_raw_daily
2023-09-13,2830.0,2870.0,2820.0,2860.0,1199.2869873046875,38990000,0.0,0.0,yfinance_raw_daily
2023-09-14,2900.0,2940.0,2890.0,2910.0,1220.253662109375,58317100,0.0,0.0,yfinance_raw_daily
2023-09-15,2910.0,2910.0,2840.0,2840.0,1190.9005126953125,55255400,0.0,0.0,yfinance_raw_daily
2023-09-18,2850.0,2870.0,2810.0,2840.0,1190.9005126953125,46627900,0.0,0.0,yfinance_raw_daily
2023-09-19,2860.0,2920.0,2820.0,2900.0,1216.0601806640625,62425500,0.0,0.0,yfinance_raw_daily
2023-09-20,2930.0,2990.0,2910.0,2960.0,1241.22021484375,93046000,0.0,0.0,yfinance_raw_daily
2023-09-21,2960.0,2970.0,2920.0,2950.0,1237.0267333984375,37546100,0.0,0.0,yfinance_raw_daily
2023-09-22,2930.0,2960.0,2920.0,2950.0,1237.0267333984375,27130700,0.0,0.0,yfinance_raw_daily
2023-09-25,2950.0,2980.0,2940.0,2950.0,1237.0267333984375,32402200,0.0,0.0,yfinance_raw_daily
2023-09-26,2960.0,2970.0,2750.0,2770.0,1161.5474853515625,107378100,0.0,0.0,yfinance_raw_daily
2023-09-27,2770.0,2900.0,2770.0,2870.0,1203.4803466796875,61453100,0.0,0.0,yfinance_raw_daily
2023-09-29,2900.0,2900.0,2840.0,2850.0,1195.0936279296875,24233700,0.0,0.0,yfinance_raw_daily
2023-10-02,2830.0,2830.0,2780.0,2810.0,1178.3204345703125,31881300,0.0,0.0,yfinance_raw_daily
2023-10-03,2780.0,2780.0,2690.0,2690.0,1128.000732421875,89948000,0.0,0.0,yfinance_raw_daily
2023-10-04,2670.0,2670.0,2620.0,2660.0,1115.4207763671875,57427700,0.0,0.0,yfinance_raw_daily
2023-10-05,2640.0,2670.0,2600.0,2610.0,1094.4542236328125,37851600,0.0,0.0,yfinance_raw_daily
2023-10-06,2600.0,2670.0,2600.0,2650.0,1111.2275390625,20289800,0.0,0.0,yfinance_raw_daily
2023-10-09,2690.0,2800.0,2690.0,2770.0,1161.5474853515625,58700700,0.0,0.0,yfinance_raw_daily
2023-10-10,2820.0,2840.0,2770.0,2780.0,1165.74072265625,45513300,0.0,0.0,yfinance_raw_daily
2023-10-11,2800.0,2820.0,2760.0,2760.0,1157.3538818359375,26295100,0.0,0.0,yfinance_raw_daily
2023-10-12,2760.0,2760.0,2690.0,2690.0,1128.000732421875,41046500,0.0,0.0,yfinance_raw_daily
2023-10-13,2730.0,2740.0,2690.0,2710.0,1136.387451171875,18962900,0.0,0.0,yfinance_raw_daily
2023-10-16,2750.0,2790.0,2730.0,2780.0,1165.74072265625,36979400,0.0,0.0,yfinance_raw_daily
2023-10-17,2770.0,2780.0,2750.0,2770.0,1161.5474853515625,22750800,0.0,0.0,yfinance_raw_daily
2023-10-18,2750.0,2880.0,2730.0,2840.0,1190.9005126953125,74460900,0.0,0.0,yfinance_raw_daily
2023-10-19,2840.0,2860.0,2800.0,2820.0,1182.5135498046875,57235900,0.0,0.0,yfinance_raw_daily
2023-10-20,2830.0,2830.0,2760.0,2800.0,1174.127197265625,47189400,0.0,0.0,yfinance_raw_daily
2023-10-23,2780.0,2790.0,2650.0,2660.0,1115.4207763671875,69223700,0.0,0.0,yfinance_raw_daily
2023-10-24,2640.0,2690.0,2630.0,2660.0,1115.4207763671875,39300700,0.0,0.0,yfinance_raw_daily
2023-10-25,2660.0,2700.0,2640.0,2670.0,1119.6141357421875,35182500,0.0,0.0,yfinance_raw_daily
2023-10-26,2660.0,2670.0,2610.0,2650.0,1111.2275390625,26026500,0.0,0.0,yfinance_raw_daily
2023-10-27,2660.0,2680.0,2620.0,2640.0,1107.0343017578125,28710000,0.0,0.0,yfinance_raw_daily
2023-10-30,2640.0,2640.0,2520.0,2540.0,1065.10107421875,43324200,0.0,0.0,yfinance_raw_daily
2023-10-31,2520.0,2600.0,2430.0,2560.0,1073.48779296875,61726200,0.0,0.0,yfinance_raw_daily
2023-11-01,2500.0,2500.0,2400.0,2410.0,1010.5879516601562,78759900,0.0,0.0,yfinance_raw_daily
2023-11-02,2420.0,2470.0,2380.0,2390.0,1002.2014770507812,52050600,0.0,0.0,yfinance_raw_daily
2023-11-03,2420.0,2510.0,2420.0,2490.0,1044.134521484375,52737100,0.0,0.0,yfinance_raw_daily
2023-11-06,2500.0,2540.0,2500.0,2530.0,1060.90771484375,38074400,0.0,0.0,yfinance_raw_daily
2023-11-07,2500.0,2510.0,2410.0,2470.0,1035.748046875,54811700,0.0,0.0,yfinance_raw_daily
2023-11-08,2460.0,2470.0,2410.0,2440.0,1023.16796875,31984200,0.0,0.0,yfinance_raw_daily
2023-11-09,2480.0,2500.0,2440.0,2450.0,1027.361328125,37033100,0.0,0.0,yfinance_raw_daily
2023-11-10,2450.0,2510.0,2450.0,2480.0,1039.941162109375,29145200,0.0,0.0,yfinance_raw_daily
2023-11-13,2490.0,2510.0,2450.0,2480.0,1039.941162109375,20144700,0.0,0.0,yfinance_raw_daily
2023-11-14,2480.0,2520.0,2450.0,2480.0,1039.941162109375,37330100,0.0,0.0,yfinance_raw_daily
2023-11-15,2520.0,2560.0,2490.0,2510.0,1052.521240234375,33971500,0.0,0.0,yfinance_raw_daily
2023-11-16,2510.0,2530.0,2470.0,2530.0,1060.90771484375,18745300,0.0,0.0,yfinance_raw_daily
2023-11-17,2500.0,2550.0,2500.0,2540.0,1065.10107421875,17834500,0.0,0.0,yfinance_raw_daily
2023-11-20,2550.0,2560.0,2530.0,2550.0,1069.2943115234375,16184700,0.0,0.0,yfinance_raw_daily
2023-11-21,2540.0,2610.0,2540.0,2610.0,1094.4542236328125,31763500,0.0,0.0,yfinance_raw_daily
2023-11-22,2610.0,2620.0,2570.0,2590.0,1086.0677490234375,22390500,0.0,0.0,yfinance_raw_daily
2023-11-23,2600.0,2610.0,2530.0,2550.0,1069.2943115234375,24567400,0.0,0.0,yfinance_raw_daily
2023-11-24,2550.0,2580.0,2510.0,2540.0,1065.10107421875,29571200,0.0,0.0,yfinance_raw_daily
2023-11-27,2540.0,2600.0,2540.0,2550.0,1069.2943115234375,19835100,0.0,0.0,yfinance_raw_daily
2023-11-28,2560.0,2620.0,2560.0,2580.0,1081.874267578125,19680900,0.0,0.0,yfinance_raw_daily
2023-11-29,2590.0,2610.0,2560.0,2580.0,1081.874267578125,15113600,0.0,0.0,yfinance_raw_daily
2023-11-30,2590.0,2620.0,2570.0,2620.0,1098.6474609375,45144600,0.0,0.0,yfinance_raw_daily
2023-12-01,2640.0,2650.0,2550.0,2560.0,1073.48779296875,35005000,0.0,0.0,yfinance_raw_daily
2023-12-04,2580.0,2610.0,2550.0,2560.0,1073.48779296875,24493200,0.0,0.0,yfinance_raw_daily
2023-12-05,2570.0,2580.0,2490.0,2510.0,1052.521240234375,42476700,0.0,0.0,yfinance_raw_daily
2023-12-06,2510.0,2540.0,2500.0,2530.0,1060.90771484375,18067600,0.0,0.0,yfinance_raw_daily
2023-12-07,2560.0,2600.0,2500.0,2530.0,1060.90771484375,40972500,0.0,0.0,yfinance_raw_daily
2023-12-08,2570.0,2600.0,2550.0,2560.0,1073.48779296875,41613300,0.0,0.0,yfinance_raw_daily
2023-12-11,2580.0,2600.0,2530.0,2560.0,1073.48779296875,30840100,0.0,0.0,yfinance_raw_daily
2023-12-12,2560.0,2570.0,2520.0,2550.0,1069.2943115234375,21613800,0.0,0.0,yfinance_raw_daily
2023-12-13,2510.0,2510.0,2430.0,2450.0,1027.361328125,51005200,0.0,0.0,yfinance_raw_daily
2023-12-14,2460.0,2510.0,2440.0,2490.0,1044.134521484375,23293600,0.0,0.0,yfinance_raw_daily
2023-12-15,2490.0,2570.0,2490.0,2520.0,1056.7144775390625,52881100,0.0,0.0,yfinance_raw_daily
2023-12-18,2530.0,2550.0,2470.0,2510.0,1052.521240234375,25316200,0.0,0.0,yfinance_raw_daily
2023-12-19,2580.0,2620.0,2570.0,2600.0,1090.260986328125,67987900,0.0,0.0,yfinance_raw_daily
2023-12-20,2600.0,2640.0,2580.0,2580.0,1081.874267578125,51466300,0.0,0.0,yfinance_raw_daily
2023-12-21,2580.0,2610.0,2570.0,2600.0,1090.260986328125,34194600,0.0,0.0,yfinance_raw_daily
2023-12-22,2600.0,2610.0,2580.0,2590.0,1086.0677490234375,29264900,0.0,0.0,yfinance_raw_daily
2023-12-27,2600.0,2630.0,2580.0,2590.0,1086.0677490234375,57605200,0.0,0.0,yfinance_raw_daily
2023-12-28,2600.0,2610.0,2560.0,2580.0,1081.874267578125,84319700,0.0,0.0,yfinance_raw_daily
2023-12-29,2410.0,2430.0,2370.0,2380.0,1081.8651123046875,124776700,199.98,0.0,yfinance_raw_daily
2024-01-02,2380.0,2490.0,2380.0,2490.0,1131.8673095703125,75818300,0.0,0.0,yfinance_raw_daily
2024-01-03,2460.0,2460.0,2410.0,2410.0,1095.502197265625,71643200,0.0,0.0,yfinance_raw_daily
2024-01-04,2420.0,2470.0,2420.0,2460.0,1118.2303466796875,61464500,0.0,0.0,yfinance_raw_daily
2024-01-05,2490.0,2490.0,2440.0,2440.0,1109.1390380859375,47595800,0.0,0.0,yfinance_raw_daily
2024-01-08,2450.0,2490.0,2430.0,2440.0,1109.1390380859375,61501200,0.0,0.0,yfinance_raw_daily
2024-01-09,2450.0,2460.0,2410.0,2430.0,1104.593505859375,37607800,0.0,0.0,yfinance_raw_daily
2024-01-10,2460.0,2460.0,2440.0,2460.0,1118.2303466796875,22865400,0.0,0.0,yfinance_raw_daily
2024-01-11,2460.0,2460.0,2440.0,2450.0,1113.6849365234375,18591600,0.0,0.0,yfinance_raw_daily
2024-01-12,2450.0,2480.0,2440.0,2480.0,1127.3216552734375,36980800,0.0,0.0,yfinance_raw_daily
2024-01-15,2480.0,2530.0,2480.0,2510.0,1140.9588623046875,41068200,0.0,0.0,yfinance_raw_daily
2024-01-16,2510.0,2520.0,2480.0,2500.0,1136.4129638671875,24464000,0.0,0.0,yfinance_raw_daily
2024-01-17,2500.0,2520.0,2470.0,2490.0,1131.8673095703125,23991600,0.0,0.0,yfinance_raw_daily
2024-01-18,2490.0,2490.0,2450.0,2460.0,1118.2303466796875,26521000,0.0,0.0,yfinance_raw_daily
2024-01-19,2460.0,2480.0,2430.0,2430.0,1104.593505859375,33060200,0.0,0.0,yfinance_raw_daily
2024-01-22,2430.0,2440.0,2390.0,2400.0,1090.95654296875,42375200,0.0,0.0,yfinance_raw_daily
2024-01-23,2400.0,2410.0,2320.0,2350.0,1068.228271484375,80570400,0.0,0.0,yfinance_raw_daily
2024-01-24,2350.0,2380.0,2320.0,2340.0,1063.6826171875,36025300,0.0,0.0,yfinance_raw_daily
2024-01-25,2340.0,2380.0,2340.0,2360.0,1072.77392578125,33787500,0.0,0.0,yfinance_raw_daily
2024-01-26,2360.0,2390.0,2330.0,2380.0,1081.8651123046875,35850900,0.0,0.0,yfinance_raw_daily
2024-01-29,2380.0,2410.0,2370.0,2400.0,1090.95654296875,25857300,0.0,0.0,yfinance_raw_daily
2024-01-30,2390.0,2400.0,2360.0,2390.0,1086.4110107421875,29384100,0.0,0.0,yfinance_raw_daily
2024-01-31,2410.0,2450.0,2390.0,2400.0,1090.95654296875,28213000,0.0,0.0,yfinance_raw_daily
2024-02-01,2420.0,2450.0,2390.0,2420.0,1100.0477294921875,32940300,0.0,0.0,yfinance_raw_daily
2024-02-02,2420.0,2440.0,2390.0,2420.0,1100.0477294921875,41242500,0.0,0.0,yfinance_raw_daily
2024-02-05,2420.0,2470.0,2420.0,2430.0,1104.593505859375,31425600,0.0,0.0,yfinance_raw_daily
2024-02-06,2450.0,2470.0,2440.0,2460.0,1118.2303466796875,32861600,0.0,0.0,yfinance_raw_daily
2024-02-07,2460.0,2470.0,2440.0,2460.0,1118.2303466796875,24460000,0.0,0.0,yfinance_raw_daily
2024-02-12,2460.0,2490.0,2450.0,2470.0,1122.776123046875,23773700,0.0,0.0,yfinance_raw_daily
2024-02-13,2470.0,2490.0,2460.0,2480.0,1127.3216552734375,18443100,0.0,0.0,yfinance_raw_daily
2024-02-15,2550.0,2570.0,2480.0,2510.0,1140.9588623046875,55071200,0.0,0.0,yfinance_raw_daily
2024-02-16,2520.0,2530.0,2490.0,2520.0,1145.5042724609375,31491500,0.0,0.0,yfinance_raw_daily
2024-02-19,2510.0,2510.0,2430.0,2430.0,1104.593505859375,35027700,0.0,0.0,yfinance_raw_daily
2024-02-20,2440.0,2470.0,2400.0,2430.0,1104.593505859375,57998500,0.0,0.0,yfinance_raw_daily
2024-02-21,2430.0,2440.0,2400.0,2420.0,1100.0477294921875,28164400,0.0,0.0,yfinance_raw_daily
2024-02-22,2420.0,2440.0,2390.0,2440.0,1109.1390380859375,28109200,0.0,0.0,yfinance_raw_daily
2024-02-23,2440.0,2450.0,2410.0,2420.0,1100.0477294921875,15467200,0.0,0.0,yfinance_raw_daily
2024-02-26,2420.0,2420.0,2360.0,2370.0,1077.319580078125,48399600,0.0,0.0,yfinance_raw_daily
2024-02-27,2400.0,2410.0,2360.0,2380.0,1081.8651123046875,36577400,0.0,0.0,yfinance_raw_daily
2024-02-28,2390.0,2410.0,2380.0,2400.0,1090.95654296875,23551500,0.0,0.0,yfinance_raw_daily
2024-02-29,2410.0,2420.0,2390.0,2420.0,1100.0477294921875,38652900,0.0,0.0,yfinance_raw_daily
2024-03-01,2450.0,2490.0,2430.0,2490.0,1131.8673095703125,60143900,0.0,0.0,yfinance_raw_daily
2024-03-04,2520.0,2550.0,2500.0,2540.0,1154.5955810546875,72476200,0.0,0.0,yfinance_raw_daily
2024-03-05,2550.0,2630.0,2550.0,2630.0,1195.5064697265625,84971100,0.0,0.0,yfinance_raw_daily
2024-03-06,2630.0,2700.0,2590.0,2670.0,1213.6890869140625,91548800,0.0,0.0,yfinance_raw_daily
2024-03-07,2670.0,2730.0,2640.0,2700.0,1227.3262939453125,77030200,0.0,0.0,yfinance_raw_daily
2024-03-08,2700.0,2720.0,2660.0,2670.0,1213.6890869140625,33227300,0.0,0.0,yfinance_raw_daily
2024-03-13,2670.0,2670.0,2590.0,2600.0,1181.869384765625,51867100,0.0,0.0,yfinance_raw_daily
2024-03-14,2600.0,2670.0,2600.0,2670.0,1213.6890869140625,42981600,0.0,0.0,yfinance_raw_daily
2024-03-15,2670.0,2670.0,2610.0,2660.0,1209.1434326171875,168791600,0.0,0.0,yfinance_raw_daily
2024-03-18,2650.0,2670.0,2630.0,2630.0,1195.5064697265625,25311200,0.0,0.0,yfinance_raw_daily
2024-03-19,2630.0,2660.0,2620.0,2630.0,1195.5064697265625,22185600,0.0,0.0,yfinance_raw_daily
2024-03-20,2630.0,2660.0,2610.0,2650.0,1204.59765625,22774100,0.0,0.0,yfinance_raw_daily
2024-03-21,2650.0,2700.0,2630.0,2650.0,1204.59765625,37138200,0.0,0.0,yfinance_raw_daily
2024-03-22,2650.0,2680.0,2650.0,2650.0,1204.59765625,17572900,0.0,0.0,yfinance_raw_daily
2024-03-25,2670.0,2670.0,2650.0,2670.0,1213.6890869140625,34644500,0.0,0.0,yfinance_raw_daily
2024-03-26,2750.0,2750.0,2670.0,2740.0,1245.5086669921875,49687500,0.0,0.0,yfinance_raw_daily
2024-03-27,2740.0,2760.0,2710.0,2720.0,1236.41748046875,31905100,0.0,0.0,yfinance_raw_daily
2024-03-28,2740.0,2760.0,2660.0,2700.0,1227.3262939453125,56468900,0.0,0.0,yfinance_raw_daily
2024-04-01,2700.0,2700.0,2610.0,2640.0,1200.05224609375,31687700,0.0,0.0,yfinance_raw_daily
2024-04-02,2640.0,2690.0,2620.0,2690.0,1222.7803955078125,27768300,0.0,0.0,yfinance_raw_daily
2024-04-03,2690.0,2720.0,2660.0,2680.0,1218.2347412109375,34356700,0.0,0.0,yfinance_raw_daily
2024-04-04,2670.0,2720.0,2650.0,2690.0,1222.7803955078125,23186300,0.0,0.0,yfinance_raw_daily
2024-04-05,2690.0,2720.0,2670.0,2700.0,1227.3262939453125,15325400,0.0,0.0,yfinance_raw_daily
2024-04-16,2740.0,2840.0,2730.0,2810.0,1277.3282470703125,136392000,0.0,0.0,yfinance_raw_daily
2024-04-17,2810.0,2830.0,2750.0,2750.0,1250.05419921875,40039100,0.0,0.0,yfinance_raw_daily
2024-04-18,2770.0,2770.0,2710.0,2730.0,1240.9630126953125,34871800,0.0,0.0,yfinance_raw_daily
2024-04-19,2740.0,2790.0,2710.0,2760.0,1254.599853515625,48533700,0.0,0.0,yfinance_raw_daily
2024-04-22,2770.0,2800.0,2750.0,2750.0,1250.05419921875,30188300,0.0,0.0,yfinance_raw_daily
2024-04-23,2750.0,2800.0,2740.0,2750.0,1250.05419921875,19332900,0.0,0.0,yfinance_raw_daily
2024-04-24,2750.0,2770.0,2660.0,2680.0,1218.2347412109375,39036900,0.0,0.0,yfinance_raw_daily
2024-04-25,2670.0,2690.0,2610.0,2620.0,1190.9608154296875,32557400,0.0,0.0,yfinance_raw_daily
2024-04-26,2620.0,2670.0,2600.0,2600.0,1181.869384765625,28055500,0.0,0.0,yfinance_raw_daily
2024-04-29,2630.0,2680.0,2550.0,2670.0,1213.6890869140625,27687400,0.0,0.0,yfinance_raw_daily
2024-04-30,2680.0,2740.0,2650.0,2710.0,1231.8717041015625,24498900,0.0,0.0,yfinance_raw_daily
2024-05-02,2720.0,2770.0,2680.0,2730.0,1240.9630126953125,49490600,0.0,0.0,yfinance_raw_daily
2024-05-03,2730.0,2740.0,2700.0,2730.0,1240.9630126953125,20510200,0.0,0.0,yfinance_raw_daily
2024-05-06,2760.0,2850.0,2730.0,2850.0,1295.5108642578125,56512000,0.0,0.0,yfinance_raw_daily
2024-05-07,2850.0,2860.0,2790.0,2810.0,1277.3282470703125,25684100,0.0,0.0,yfinance_raw_daily
2024-05-08,2810.0,2870.0,2810.0,2870.0,1304.6021728515625,43532500,0.0,0.0,yfinance_raw_daily
2024-05-13,2870.0,2970.0,2850.0,2950.0,1340.96728515625,64339500,0.0,0.0,yfinance_raw_daily
2024-05-14,2950.0,2950.0,2870.0,2880.0,1309.1478271484375,26634100,0.0,0.0,yfinance_raw_daily
2024-05-15,2890.0,2960.0,2830.0,2830.0,1286.41943359375,44476800,0.0,0.0,yfinance_raw_daily
2024-05-16,2840.0,2890.0,2840.0,2880.0,1309.1478271484375,33454900,0.0,0.0,yfinance_raw_daily
2024-05-17,2890.0,2900.0,2840.0,2880.0,1309.1478271484375,28090300,0.0,0.0,yfinance_raw_daily
2024-05-20,2880.0,2920.0,2860.0,2910.0,1322.7847900390625,27290300,0.0,0.0,yfinance_raw_daily
2024-05-21,2910.0,2950.0,2870.0,2880.0,1309.1478271484375,41137800,0.0,0.0,yfinance_raw_daily
2024-05-22,2900.0,2920.0,2850.0,2920.0,1327.3304443359375,31385400,0.0,0.0,yfinance_raw_daily
2024-05-27,2920.0,2940.0,2860.0,2870.0,1304.6021728515625,70609900,0.0,0.0,yfinance_raw_daily
2024-05-28,2600.0,2710.0,2600.0,2690.0,1318.9735107421875,85173300,209.31,0.0,yfinance_raw_daily
2024-05-29,2690.0,2710.0,2660.0,2680.0,1314.0703125,23084900,0.0,0.0,yfinance_raw_daily
2024-05-30,2680.0,2770.0,2680.0,2740.0,1343.4898681640625,47278200,0.0,0.0,yfinance_raw_daily
2024-05-31,2750.0,2810.0,2730.0,2770.0,1358.1995849609375,95437800,0.0,0.0,yfinance_raw_daily
2024-06-03,2800.0,2930.0,2800.0,2930.0,1436.651611328125,84422500,0.0,0.0,yfinance_raw_daily
2024-06-04,2900.0,2940.0,2850.0,2920.0,1431.7484130859375,64394000,0.0,0.0,yfinance_raw_daily
2024-06-05,2900.0,2910.0,2840.0,2870.0,1407.2320556640625,40235800,0.0,0.0,yfinance_raw_daily
2024-06-06,2880.0,2880.0,2820.0,2850.0,1397.425537109375,24301800,0.0,0.0,yfinance_raw_daily
2024-06-07,2850.0,2890.0,2820.0,2840.0,1392.5224609375,25352600,0.0,0.0,yfinance_raw_daily
2024-06-10,2840.0,2850.0,2710.0,2750.0,1348.39306640625,48405800,0.0,0.0,yfinance_raw_daily
2024-06-11,2750.0,2770.0,2720.0,2720.0,1333.683349609375,27025700,0.0,0.0,yfinance_raw_daily
2024-06-12,2740.0,2810.0,2730.0,2790.0,1368.006103515625,41923800,0.0,0.0,yfinance_raw_daily
2024-06-13,2820.0,2830.0,2750.0,2780.0,1363.1029052734375,23164500,0.0,0.0,yfinance_raw_daily
2024-06-14,2810.0,2810.0,2740.0,2780.0,1363.1029052734375,23154400,0.0,0.0,yfinance_raw_daily
2024-06-19,2780.0,2790.0,2640.0,2660.0,1304.2640380859375,45623700,0.0,0.0,yfinance_raw_daily
2024-06-20,2690.0,2730.0,2660.0,2730.0,1338.5865478515625,18168000,0.0,0.0,yfinance_raw_daily
2024-06-21,2730.0,2780.0,2720.0,2730.0,1338.5865478515625,43444700,0.0,0.0,yfinance_raw_daily
2024-06-24,2730.0,2740.0,2700.0,2720.0,1333.683349609375,15497700,0.0,0.0,yfinance_raw_daily
2024-06-25,2710.0,2720.0,2680.0,2710.0,1328.7801513671875,17174800,0.0,0.0,yfinance_raw_daily
2024-06-26,2710.0,2760.0,2700.0,2750.0,1348.39306640625,18956900,0.0,0.0,yfinance_raw_daily
2024-06-27,2750.0,2780.0,2720.0,2750.0,1348.39306640625,24919400,0.0,0.0,yfinance_raw_daily
2024-06-28,2750.0,2800.0,2750.0,2790.0,1368.006103515625,29761900,0.0,0.0,yfinance_raw_daily
2024-07-01,2790.0,2840.0,2760.0,2800.0,1372.909423828125,20224300,0.0,0.0,yfinance_raw_daily
2024-07-02,2800.0,2860.0,2800.0,2840.0,1392.5224609375,23640200,0.0,0.0,yfinance_raw_daily
2024-07-03,2850.0,2920.0,2840.0,2890.0,1417.0384521484375,37201100,0.0,0.0,yfinance_raw_daily
2024-07-04,2900.0,2910.0,2860.0,2860.0,1402.328857421875,21481400,0.0,0.0,yfinance_raw_daily
2024-07-05,2870.0,2910.0,2860.0,2910.0,1426.8450927734375,19036800,0.0,0.0,yfinance_raw_daily
2024-07-08,2910.0,2910.0,2880.0,2900.0,1421.941650390625,19287600,0.0,0.0,yfinance_raw_daily
2024-07-09,2910.0,2920.0,2880.0,2900.0,1421.941650390625,33908500,0.0,0.0,yfinance_raw_daily
2024-07-10,2900.0,2930.0,2880.0,2900.0,1421.941650390625,15583800,0.0,0.0,yfinance_raw_daily
2024-07-11,2900.0,2900.0,2860.0,2860.0,1402.328857421875,14109100,0.0,0.0,yfinance_raw_daily
2024-07-12,2850.0,2860.0,2800.0,2830.0,1387.6190185546875,31624700,0.0,0.0,yfinance_raw_daily
2024-07-15,2830.0,2870.0,2830.0,2870.0,1407.2320556640625,28322100,0.0,0.0,yfinance_raw_daily
2024-07-16,2900.0,2900.0,2850.0,2870.0,1407.2320556640625,15556100,0.0,0.0,yfinance_raw_daily
2024-07-17,2890.0,2910.0,2870.0,2900.0,1421.941650390625,30254100,0.0,0.0,yfinance_raw_daily
2024-07-18,2890.0,3040.0,2870.0,3030.0,1485.6839599609375,103268300,0.0,0.0,yfinance_raw_daily
2024-07-19,3040.0,3150.0,3040.0,3100.0,1520.0068359375,112245400,0.0,0.0,yfinance_raw_daily
2024-07-22,3100.0,3230.0,3100.0,3190.0,1564.1361083984375,67919400,0.0,0.0,yfinance_raw_daily
2024-07-23,3190.0,3240.0,3130.0,3130.0,1534.716552734375,33527400,0.0,0.0,yfinance_raw_daily
2024-07-24,3140.0,3190.0,3120.0,3170.0,1554.3294677734375,34903800,0.0,0.0,yfinance_raw_daily
2024-07-25,3160.0,3200.0,3120.0,3130.0,1534.716552734375,32062500,0.0,0.0,yfinance_raw_daily
2024-07-26,3150.0,3190.0,3130.0,3180.0,1559.232666015625,26608400,0.0,0.0,yfinance_raw_daily
2024-07-29,3180.0,3220.0,3170.0,3180.0,1559.232666015625,27176600,0.0,0.0,yfinance_raw_daily
2024-07-30,3200.0,3250.0,3180.0,3230.0,1583.7489013671875,46439400,0.0,0.0,yfinance_raw_daily
2024-07-31,3250.0,3270.0,3200.0,3220.0,1578.845703125,44870200,0.0,0.0,yfinance_raw_daily
2024-08-01,3220.0,3250.0,3170.0,3250.0,1593.5555419921875,36345400,0.0,0.0,yfinance_raw_daily
2024-08-02,3240.0,3370.0,3230.0,3320.0,1627.878173828125,72656600,0.0,0.0,yfinance_raw_daily
2024-08-05,3270.0,3270.0,3070.0,3090.0,1515.103515625,136208200,0.0,0.0,yfinance_raw_daily
2024-08-06,3160.0,3200.0,3080.0,3180.0,1559.232666015625,92352300,0.0,0.0,yfinance_raw_daily
2024-08-07,3210.0,3270.0,3200.0,3230.0,1583.7489013671875,52487400,0.0,0.0,yfinance_raw_daily
2024-08-08,3210.0,3230.0,3160.0,3190.0,1564.1361083984375,33577900,0.0,0.0,yfinance_raw_daily
2024-08-09,3210.0,3220.0,3150.0,3180.0,1559.232666015625,38362100,0.0,0.0,yfinance_raw_daily
2024-08-12,3190.0,3240.0,3180.0,3240.0,1588.6522216796875,55556900,0.0,0.0,yfinance_raw_daily
2024-08-13,3250.0,3270.0,3190.0,3230.0,1583.7489013671875,57590400,0.0,0.0,yfinance_raw_daily
2024-08-14,3230.0,3240.0,3200.0,3220.0,1578.845703125,32403100,0.0,0.0,yfinance_raw_daily
2024-08-15,3220.0,3220.0,3170.0,3210.0,1573.9425048828125,35270300,0.0,0.0,yfinance_raw_daily
2024-08-16,3230.0,3300.0,3230.0,3280.0,1608.2652587890625,75452400,0.0,0.0,yfinance_raw_daily
2024-08-19,3270.0,3300.0,3240.0,3280.0,1608.2652587890625,27875100,0.0,0.0,yfinance_raw_daily
2024-08-20,3280.0,3290.0,3240.0,3270.0,1603.3619384765625,28237200,0.0,0.0,yfinance_raw_daily
2024-08-21,3280.0,3300.0,3240.0,3260.0,1598.458740234375,40796800,0.0,0.0,yfinance_raw_daily
2024-08-22,3240.0,3390.0,3200.0,3360.0,1647.4912109375,113355100,0.0,0.0,yfinance_raw_daily
2024-08-23,3370.0,3480.0,3370.0,3470.0,1701.427001953125,118011400,0.0,0.0,yfinance_raw_daily
2024-08-26,3490.0,3500.0,3430.0,3490.0,1711.2335205078125,50557000,0.0,0.0,yfinance_raw_daily
2024-08-27,3510.0,3570.0,3460.0,3520.0,1725.9432373046875,66094200,0.0,0.0,yfinance_raw_daily
2024-08-28,3550.0,3560.0,3500.0,3530.0,1730.846435546875,50932800,0.0,0.0,yfinance_raw_daily
2024-08-29,3540.0,3590.0,3500.0,3520.0,1725.9432373046875,63218700,0.0,0.0,yfinance_raw_daily
2024-08-30,3540.0,3590.0,3510.0,3560.0,1745.5560302734375,95767700,0.0,0.0,yfinance_raw_daily
2024-09-02,3590.0,3650.0,3570.0,3610.0,1770.072509765625,96348100,0.0,0.0,yfinance_raw_daily
2024-09-03,3610.0,3630.0,3560.0,3600.0,1765.169189453125,45068100,0.0,0.0,yfinance_raw_daily
2024-09-04,3540.0,3630.0,3490.0,3560.0,1745.5560302734375,73571700,0.0,0.0,yfinance_raw_daily
2024-09-05,3560.0,3570.0,3460.0,3550.0,1740.65283203125,64913100,0.0,0.0,yfinance_raw_daily
2024-09-06,3530.0,3540.0,3460.0,3470.0,1701.427001953125,45222100,0.0,0.0,yfinance_raw_daily
2024-09-09,3470.0,3500.0,3390.0,3490.0,1711.2335205078125,82176000,0.0,0.0,yfinance_raw_daily
2024-09-10,3490.0,3560.0,3440.0,3490.0,1711.2335205078125,74744100,0.0,0.0,yfinance_raw_daily
2024-09-11,3490.0,3530.0,3470.0,3520.0,1725.9432373046875,81318300,0.0,0.0,yfinance_raw_daily
2024-09-12,3920.0,4050.0,3800.0,3850.0,1887.7503662109375,531570400,0.0,0.0,yfinance_raw_daily
2024-09-13,3840.0,3840.0,3660.0,3670.0,1799.4918212890625,208787000,0.0,0.0,yfinance_raw_daily
2024-09-17,3670.0,3780.0,3570.0,3760.0,1843.6209716796875,136509300,0.0,0.0,yfinance_raw_daily
2024-09-18,3760.0,3780.0,3640.0,3650.0,1789.685302734375,101840000,0.0,0.0,yfinance_raw_daily
2024-09-19,3660.0,3700.0,3580.0,3660.0,1794.5887451171875,127737900,0.0,0.0,yfinance_raw_daily
2024-09-20,3670.0,3740.0,3640.0,3690.0,1809.2984619140625,152237900,0.0,0.0,yfinance_raw_daily
2024-09-23,3720.0,3740.0,3690.0,3700.0,1814.20166015625,70067100,0.0,0.0,yfinance_raw_daily
2024-09-24,3730.0,3760.0,3690.0,3740.0,1833.814697265625,111192200,0.0,0.0,yfinance_raw_daily
2024-09-25,3760.0,3760.0,3680.0,3690.0,1809.2984619140625,75405400,0.0,0.0,yfinance_raw_daily
2024-09-26,3720.0,3780.0,3700.0,3780.0,1853.4276123046875,76548100,0.0,0.0,yfinance_raw_daily
2024-09-27,3780.0,3940.0,3740.0,3910.0,1917.169677734375,121060900,0.0,0.0,yfinance_raw_daily
2024-09-30,3910.0,3930.0,3810.0,3810.0,1868.1373291015625,72652500,0.0,0.0,yfinance_raw_daily
2024-10-01,3830.0,3930.0,3710.0,3920.0,1922.0731201171875,131208500,0.0,0.0,yfinance_raw_daily
2024-10-02,3900.0,3900.0,3830.0,3870.0,1897.5567626953125,51106900,0.0,0.0,yfinance_raw_daily
2024-10-03,3860.0,3870.0,3830.0,3830.0,1877.9439697265625,28529100,0.0,0.0,yfinance_raw_daily
2024-10-04,3850.0,3890.0,3810.0,3810.0,1868.1373291015625,42159000,0.0,0.0,yfinance_raw_daily
2024-10-07,3890.0,3930.0,3840.0,3890.0,1907.36328125,78469800,0.0,0.0,yfinance_raw_daily
2024-10-08,3900.0,3900.0,3800.0,3800.0,1863.234130859375,70099000,0.0,0.0,yfinance_raw_daily
2024-10-09,3820.0,3840.0,3760.0,3820.0,1873.040771484375,49286700,0.0,0.0,yfinance_raw_daily
2024-10-10,3830.0,3870.0,3820.0,3820.0,1873.040771484375,57294900,0.0,0.0,yfinance_raw_daily
2024-10-11,3870.0,3890.0,3850.0,3870.0,1897.5567626953125,26344700,0.0,0.0,yfinance_raw_daily
2024-10-14,3870.0,3910.0,3860.0,3870.0,1897.5567626953125,43032900,0.0,0.0,yfinance_raw_daily
2024-10-15,3870.0,3920.0,3850.0,3880.0,1902.460205078125,52135200,0.0,0.0,yfinance_raw_daily
2024-10-16,3900.0,3900.0,3830.0,3850.0,1887.7503662109375,106113000,0.0,0.0,yfinance_raw_daily
2024-10-17,3860.0,3910.0,3830.0,3900.0,1912.2666015625,41860900,0.0,0.0,yfinance_raw_daily
2024-10-18,3900.0,3910.0,3730.0,3780.0,1853.4276123046875,89683900,0.0,0.0,yfinance_raw_daily
2024-10-21,3790.0,3800.0,3700.0,3740.0,1833.814697265625,67414900,0.0,0.0,yfinance_raw_daily
2024-10-22,3740.0,3770.0,3700.0,3730.0,1828.911376953125,54862400,0.0,0.0,yfinance_raw_daily
2024-10-23,3730.0,3740.0,3680.0,3690.0,1809.2984619140625,44721100,0.0,0.0,yfinance_raw_daily
2024-10-24,3690.0,3710.0,3670.0,3680.0,1804.3951416015625,34075500,0.0,0.0,yfinance_raw_daily
2024-10-25,3700.0,3710.0,3590.0,3660.0,1794.5887451171875,77709700,0.0,0.0,yfinance_raw_daily
2024-10-28,3690.0,3730.0,3650.0,3680.0,1804.3951416015625,39595900,0.0,0.0,yfinance_raw_daily
2024-10-29,3700.0,3700.0,3620.0,3630.0,1779.87890625,20534800,0.0,0.0,yfinance_raw_daily
2024-10-30,3630.0,3670.0,3580.0,3640.0,1784.7821044921875,36350000,0.0,0.0,yfinance_raw_daily
2024-10-31,3640.0,3680.0,3620.0,3620.0,1774.9757080078125,53507800,0.0,0.0,yfinance_raw_daily
2024-11-01,3620.0,3830.0,3620.0,3790.0,1858.330810546875,146059200,0.0,0.0,yfinance_raw_daily
2024-11-04,3840.0,3940.0,3840.0,3930.0,1926.9764404296875,141050500,0.0,0.0,yfinance_raw_daily
2024-11-05,4060.0,4300.0,4010.0,4040.0,1980.9119873046875,438639700,0.0,0.0,yfinance_raw_daily
2024-11-06,4060.0,4110.0,3980.0,4010.0,1966.202392578125,113133700,0.0,0.0,yfinance_raw_daily
2024-11-07,3990.0,4000.0,3890.0,3920.0,1922.0731201171875,96971400,0.0,0.0,yfinance_raw_daily
2024-11-08,3920.0,3920.0,3810.0,3830.0,1877.9439697265625,90924600,0.0,0.0,yfinance_raw_daily
2024-11-11,3830.0,3860.0,3730.0,3740.0,1833.814697265625,99455600,0.0,0.0,yfinance_raw_daily
2024-11-12,3800.0,3900.0,3790.0,3820.0,1873.040771484375,85754000,0.0,0.0,yfinance_raw_daily
2024-11-13,3950.0,4010.0,3870.0,3920.0,1922.0731201171875,144865000,0.0,0.0,yfinance_raw_daily
2024-11-14,3940.0,3950.0,3830.0,3830.0,1877.9439697265625,84790900,0.0,0.0,yfinance_raw_daily
2024-11-15,3830.0,3940.0,3790.0,3920.0,1922.0731201171875,83361300,0.0,0.0,yfinance_raw_daily
2024-11-18,3920.0,3920.0,3670.0,3700.0,1814.20166015625,256319600,0.0,0.0,yfinance_raw_daily
2024-11-19,3720.0,3800.0,3670.0,3710.0,1819.104736328125,107023300,0.0,0.0,yfinance_raw_daily
2024-11-20,3710.0,3750.0,3660.0,3690.0,1809.2984619140625,80247300,0.0,0.0,yfinance_raw_daily
2024-11-21,3700.0,3710.0,3660.0,3680.0,1804.3951416015625,80544200,0.0,0.0,yfinance_raw_daily
2024-11-22,3680.0,3750.0,3640.0,3750.0,1838.7178955078125,154094300,0.0,0.0,yfinance_raw_daily
2024-11-25,3760.0,3810.0,3730.0,3770.0,1848.5242919921875,192437100,0.0,0.0,yfinance_raw_daily
2024-11-26,3780.0,3820.0,3670.0,3670.0,1799.4918212890625,283961800,0.0,0.0,yfinance_raw_daily
2024-11-28,2760.0,2760.0,2760.0,2760.0,2148.349609375,20071600,1358.18,0.0,yfinance_raw_daily
2024-11-29,2070.0,2210.0,2070.0,2080.0,1619.0460205078125,1047877300,0.0,0.0,yfinance_raw_daily
2024-12-02,2090.0,2380.0,2090.0,2310.0,1798.0753173828125,517878000,0.0,0.0,yfinance_raw_daily
2024-12-03,2330.0,2430.0,2280.0,2360.0,1836.99462890625,258567000,0.0,0.0,yfinance_raw_daily
2024-12-04,2370.0,2380.0,2300.0,2360.0,1836.99462890625,135756100,0.0,0.0,yfinance_raw_daily
2024-12-05,2390.0,2420.0,2300.0,2340.0,1821.4267578125,179016300,0.0,0.0,yfinance_raw_daily
2024-12-06,2340.0,2340.0,2290.0,2300.0,1790.2913818359375,152806600,0.0,0.0,yfinance_raw_daily
2024-12-09,2310.0,2700.0,2310.0,2680.0,2086.07861328125,509279500,0.0,0.0,yfinance_raw_daily
2024-12-10,2700.0,2880.0,2620.0,2730.0,2124.997802734375,360677800,0.0,0.0,yfinance_raw_daily
2024-12-11,2730.0,2770.0,2610.0,2610.0,2031.5914306640625,159744000,0.0,0.0,yfinance_raw_daily
2024-12-12,2610.0,2660.0,2510.0,2530.0,1969.320556640625,120595500,0.0,0.0,yfinance_raw_daily
2024-12-13,2550.0,2630.0,2540.0,2580.0,2008.239990234375,110671800,0.0,0.0,yfinance_raw_daily
2024-12-16,2580.0,2660.0,2480.0,2600.0,2023.8074951171875,137736700,0.0,0.0,yfinance_raw_daily
2024-12-17,2650.0,2660.0,2510.0,2510.0,1953.7528076171875,94626300,0.0,0.0,yfinance_raw_daily
2024-12-18,2590.0,2630.0,2540.0,2590.0,2016.0238037109375,91709300,0.0,0.0,yfinance_raw_daily
2024-12-19,2570.0,2580.0,2520.0,2540.0,1977.104248046875,57029200,0.0,0.0,yfinance_raw_daily
2024-12-20,2540.0,2580.0,2510.0,2550.0,1984.88818359375,65183500,0.0,0.0,yfinance_raw_daily
2024-12-23,2580.0,2590.0,2520.0,2540.0,1977.104248046875,49626700,0.0,0.0,yfinance_raw_daily
2024-12-24,2540.0,2610.0,2510.0,2510.0,1953.7528076171875,70990000,0.0,0.0,yfinance_raw_daily
2024-12-27,2530.0,2540.0,2490.0,2540.0,1977.104248046875,64253200,0.0,0.0,yfinance_raw_daily
2024-12-30,2440.0,2470.0,2410.0,2430.0,1974.2447509765625,75087400,106.48,0.0,yfinance_raw_daily
2025-01-02,2440.0,2540.0,2430.0,2530.0,2055.4892578125,64116400,0.0,0.0,yfinance_raw_daily
2025-01-03,2530.0,2580.0,2450.0,2460.0,1998.617919921875,76328900,0.0,0.0,yfinance_raw_daily
2025-01-06,2470.0,2480.0,2380.0,2380.0,1933.6221923828125,49081900,0.0,0.0,yfinance_raw_daily
2025-01-07,2380.0,2480.0,2320.0,2470.0,2006.742431640625,67782800,0.0,0.0,yfinance_raw_daily
2025-01-08,2470.0,2520.0,2400.0,2400.0,1949.87109375,61062900,0.0,0.0,yfinance_raw_daily
2025-01-09,2420.0,2430.0,2340.0,2340.0,1901.124267578125,45892800,0.0,0.0,yfinance_raw_daily
2025-01-10,2360.0,2390.0,2320.0,2320.0,1884.87548828125,62624200,0.0,0.0,yfinance_raw_daily
2025-01-13,2330.0,2390.0,2300.0,2350.0,1909.248779296875,74767000,0.0,0.0,yfinance_raw_daily
2025-01-14,2380.0,2420.0,2360.0,2360.0,1917.373291015625,60111900,0.0,0.0,yfinance_raw_daily
2025-01-15,2380.0,2430.0,2360.0,2400.0,1949.87109375,64611600,0.0,0.0,yfinance_raw_daily
2025-01-16,2420.0,2470.0,2400.0,2410.0,1957.99560546875,64925500,0.0,0.0,yfinance_raw_daily
2025-01-17,2420.0,2430.0,2360.0,2400.0,1949.87109375,42754800,0.0,0.0,yfinance_raw_daily
2025-01-20,2400.0,2420.0,2350.0,2350.0,1909.248779296875,45514100,0.0,0.0,yfinance_raw_daily
2025-01-21,2360.0,2370.0,2310.0,2310.0,1876.7510986328125,48624800,0.0,0.0,yfinance_raw_daily
2025-01-22,2330.0,2350.0,2320.0,2320.0,1884.87548828125,38370100,0.0,0.0,yfinance_raw_daily
2025-01-23,2330.0,2390.0,2310.0,2340.0,1901.124267578125,89773300,0.0,0.0,yfinance_raw_daily
2025-01-24,2340.0,2360.0,2280.0,2300.0,1868.6265869140625,49262300,0.0,0.0,yfinance_raw_daily
2025-01-30,2310.0,2320.0,2250.0,2300.0,1868.6265869140625,69364100,0.0,0.0,yfinance_raw_daily
2025-01-31,2310.0,2340.0,2290.0,2330.0,1892.9998779296875,28461600,0.0,0.0,yfinance_raw_daily
2025-02-03,2320.0,2330.0,2260.0,2310.0,1876.7510986328125,41039600,0.0,0.0,yfinance_raw_daily
2025-02-04,2310.0,2370.0,2290.0,2330.0,1892.9998779296875,40429000,0.0,0.0,yfinance_raw_daily
2025-02-05,2390.0,2390.0,2320.0,2360.0,1917.373291015625,44623600,0.0,0.0,yfinance_raw_daily
2025-02-06,2360.0,2370.0,2260.0,2290.0,1860.502197265625,25004000,0.0,0.0,yfinance_raw_daily
2025-02-07,2290.0,2290.0,2230.0,2270.0,1844.2530517578125,31794100,0.0,0.0,yfinance_raw_daily
2025-02-10,2270.0,2270.0,2200.0,2210.0,1795.5062255859375,40513300,0.0,0.0,yfinance_raw_daily
2025-02-11,2210.0,2220.0,2120.0,2150.0,1746.759521484375,55581600,0.0,0.0,yfinance_raw_daily
2025-02-12,2150.0,2260.0,2140.0,2240.0,1819.8797607421875,51489500,0.0,0.0,yfinance_raw_daily
2025-02-13,2240.0,2250.0,2190.0,2210.0,1795.5062255859375,25864900,0.0,0.0,yfinance_raw_daily
2025-02-14,2220.0,2240.0,2200.0,2240.0,1819.8797607421875,25653500,0.0,0.0,yfinance_raw_daily
2025-02-17,2240.0,2300.0,2210.0,2280.0,1852.3775634765625,26585800,0.0,0.0,yfinance_raw_daily
2025-02-18,2280.0,2300.0,2250.0,2260.0,1836.128662109375,31548300,0.0,0.0,yfinance_raw_daily
2025-02-19,2270.0,2290.0,2210.0,2250.0,1828.0042724609375,30930100,0.0,0.0,yfinance_raw_daily
2025-02-20,2250.0,2250.0,2190.0,2200.0,1787.3818359375,51774500,0.0,0.0,yfinance_raw_daily
2025-02-21,2200.0,2240.0,2180.0,2180.0,1771.1329345703125,34827700,0.0,0.0,yfinance_raw_daily
2025-02-24,2180.0,2220.0,2150.0,2190.0,1779.2574462890625,25614100,0.0,0.0,yfinance_raw_daily
2025-02-25,2180.0,2190.0,2080.0,2100.0,1706.1373291015625,42874400,0.0,0.0,yfinance_raw_daily
2025-02-26,2110.0,2150.0,2080.0,2110.0,1714.26171875,34974000,0.0,0.0,yfinance_raw_daily
2025-02-27,2130.0,2150.0,2050.0,2070.0,1681.763916015625,42563900,0.0,0.0,yfinance_raw_daily
2025-02-28,2070.0,2100.0,2010.0,2070.0,1681.763916015625,67351500,0.0,0.0,yfinance_raw_daily
2025-03-03,2100.0,2110.0,2010.0,2050.0,1665.514892578125,71978900,0.0,0.0,yfinance_raw_daily
2025-03-04,2040.0,2060.0,1875.0,1910.0,1551.7724609375,136834400,0.0,0.0,yfinance_raw_daily
2025-03-05,1910.0,1945.0,1865.0,1900.0,1543.6480712890625,143028000,0.0,0.0,yfinance_raw_daily
2025-03-06,1960.0,2070.0,1960.0,2050.0,1665.514892578125,144894100,0.0,0.0,yfinance_raw_daily
2025-03-07,2050.0,2060.0,1990.0,2000.0,1624.892578125,69663600,0.0,0.0,yfinance_raw_daily
2025-03-10,2030.0,2050.0,1900.0,1915.0,1555.834716796875,94510000,0.0,0.0,yfinance_raw_daily
2025-03-11,1910.0,1910.0,1825.0,1850.0,1503.025634765625,98574500,0.0,0.0,yfinance_raw_daily
2025-03-12,1850.0,1860.0,1810.0,1850.0,1503.025634765625,69711900,0.0,0.0,yfinance_raw_daily
2025-03-13,1850.0,1875.0,1820.0,1865.0,1515.21240234375,70322500,0.0,0.0,yfinance_raw_daily
2025-03-14,1855.0,1860.0,1800.0,1810.0,1470.52783203125,61848900,0.0,0.0,yfinance_raw_daily
2025-03-17,1810.0,1825.0,1765.0,1815.0,1474.5899658203125,65129900,0.0,0.0,yfinance_raw_daily
2025-03-18,1815.0,1820.0,1680.0,1795.0,1458.3411865234375,92897100,0.0,0.0,yfinance_raw_daily
2025-03-19,1790.0,1810.0,1755.0,1800.0,1462.4034423828125,58040000,0.0,0.0,yfinance_raw_daily
2025-03-20,1810.0,1860.0,1785.0,1800.0,1462.4034423828125,76898500,0.0,0.0,yfinance_raw_daily
2025-03-21,1800.0,1805.0,1745.0,1800.0,1462.4034423828125,72314800,0.0,0.0,yfinance_raw_daily
2025-03-24,1790.0,1790.0,1700.0,1750.0,1421.781005859375,64307500,0.0,0.0,yfinance_raw_daily
2025-03-25,1725.0,1745.0,1710.0,1745.0,1417.7188720703125,42868900,0.0,0.0,yfinance_raw_daily
2025-03-26,1755.0,1850.0,1750.0,1840.0,1494.9012451171875,58511800,0.0,0.0,yfinance_raw_daily
2025-03-27,1840.0,1845.0,1805.0,1845.0,1498.96337890625,40781500,0.0,0.0,yfinance_raw_daily
2025-04-08,1725.0,1725.0,1600.0,1645.0,1336.4742431640625,141027600,0.0,0.0,yfinance_raw_daily
2025-04-09,1640.0,1695.0,1605.0,1650.0,1340.536376953125,86056100,0.0,0.0,yfinance_raw_daily
2025-04-10,1730.0,1745.0,1695.0,1700.0,1381.15869140625,83847100,0.0,0.0,yfinance_raw_daily
2025-04-11,1695.0,1725.0,1665.0,1715.0,1393.345458984375,50787600,0.0,0.0,yfinance_raw_daily
2025-04-14,1720.0,1785.0,1715.0,1765.0,1433.9677734375,67488800,0.0,0.0,yfinance_raw_daily
2025-04-15,1775.0,1830.0,1760.0,1800.0,1462.4034423828125,76449300,0.0,0.0,yfinance_raw_daily
2025-04-16,1810.0,1845.0,1785.0,1800.0,1462.4034423828125,93203900,0.0,0.0,yfinance_raw_daily
2025-04-17,1800.0,1810.0,1770.0,1800.0,1462.4034423828125,57545300,0.0,0.0,yfinance_raw_daily
2025-04-21,1800.0,1820.0,1795.0,1805.0,1466.465576171875,34104500,0.0,0.0,yfinance_raw_daily
2025-04-22,1810.0,1905.0,1795.0,1880.0,1527.3990478515625,121770200,0.0,0.0,yfinance_raw_daily
2025-04-23,1905.0,1920.0,1840.0,1850.0,1503.025634765625,71378400,0.0,0.0,yfinance_raw_daily
2025-04-24,1860.0,1910.0,1850.0,1875.0,1523.3367919921875,75456400,0.0,0.0,yfinance_raw_daily
2025-04-25,1880.0,1895.0,1870.0,1880.0,1527.3990478515625,52602900,0.0,0.0,yfinance_raw_daily
2025-04-28,1890.0,1930.0,1875.0,1900.0,1543.6480712890625,58310900,0.0,0.0,yfinance_raw_daily
2025-04-29,1905.0,1915.0,1895.0,1900.0,1543.6480712890625,39242200,0.0,0.0,yfinance_raw_daily
2025-04-30,1900.0,1925.0,1880.0,1900.0,1543.6480712890625,64060100,0.0,0.0,yfinance_raw_daily
2025-05-02,1875.0,1895.0,1865.0,1885.0,1531.4613037109375,43142000,0.0,0.0,yfinance_raw_daily
2025-05-05,1885.0,1895.0,1850.0,1860.0,1511.150146484375,58190500,0.0,0.0,yfinance_raw_daily
2025-05-06,1870.0,1890.0,1865.0,1875.0,1523.3367919921875,53213500,0.0,0.0,yfinance_raw_daily
2025-05-07,1885.0,1945.0,1885.0,1900.0,1543.6480712890625,69971800,0.0,0.0,yfinance_raw_daily
2025-05-08,1900.0,1920.0,1870.0,1895.0,1539.5858154296875,61170800,0.0,0.0,yfinance_raw_daily
2025-05-09,1895.0,1895.0,1855.0,1855.0,1507.087890625,35964800,0.0,0.0,yfinance_raw_daily
2025-05-14,1860.0,1925.0,1860.0,1915.0,1555.834716796875,131459600,0.0,0.0,yfinance_raw_daily
2025-05-15,1895.0,1925.0,1890.0,1915.0,1555.834716796875,72559600,0.0,0.0,yfinance_raw_daily
2025-05-16,1945.0,2200.0,1920.0,2150.0,1746.759521484375,287980400,0.0,0.0,yfinance_raw_daily
2025-05-19,2170.0,2400.0,2160.0,2320.0,1884.87548828125,345031600,0.0,0.0,yfinance_raw_daily
2025-05-20,2350.0,2430.0,2210.0,2210.0,1795.5062255859375,310118200,0.0,0.0,yfinance_raw_daily
2025-05-21,2250.0,2260.0,2150.0,2160.0,1754.8841552734375,167691200,0.0,0.0,yfinance_raw_daily
2025-05-22,2160.0,2180.0,2130.0,2150.0,1746.759521484375,104428800,0.0,0.0,yfinance_raw_daily
2025-05-23,2110.0,2120.0,2090.0,2100.0,1706.1373291015625,73673300,0.0,0.0,yfinance_raw_daily
2025-05-26,2130.0,2160.0,2070.0,2090.0,1698.0126953125,104197400,0.0,0.0,yfinance_raw_daily
2025-05-27,2130.0,2300.0,2100.0,2290.0,1860.502197265625,276927900,0.0,0.0,yfinance_raw_daily
2025-05-28,2310.0,2360.0,2180.0,2200.0,1787.3818359375,351823900,0.0,0.0,yfinance_raw_daily
2025-06-02,2200.0,2210.0,2110.0,2130.0,1730.5106201171875,137729200,0.0,0.0,yfinance_raw_daily
2025-06-03,2150.0,2170.0,2090.0,2100.0,1706.1373291015625,102070000,0.0,0.0,yfinance_raw_daily
2025-06-04,2110.0,2170.0,2100.0,2100.0,1706.1373291015625,105923900,0.0,0.0,yfinance_raw_daily
2025-06-05,2120.0,2140.0,2090.0,2120.0,1722.3861083984375,70318400,0.0,0.0,yfinance_raw_daily
2025-06-10,2120.0,2140.0,2080.0,2110.0,1714.26171875,112227000,0.0,0.0,yfinance_raw_daily
2025-06-11,2130.0,2140.0,2100.0,2120.0,1722.3861083984375,83175100,0.0,0.0,yfinance_raw_daily
2025-06-12,2120.0,2150.0,2100.0,2120.0,1722.3861083984375,117397600,0.0,0.0,yfinance_raw_daily
2025-06-13,1960.0,2030.0,1950.0,1995.0,1759.1474609375,131136900,166.69,0.0,yfinance_raw_daily
2025-06-16,1995.0,2050.0,1985.0,2000.0,1763.556396484375,77289400,0.0,0.0,yfinance_raw_daily
2025-06-17,2030.0,2030.0,1990.0,2000.0,1763.556396484375,35731200,0.0,0.0,yfinance_raw_daily
2025-06-18,2000.0,2010.0,1975.0,1990.0,1754.7386474609375,69269600,0.0,0.0,yfinance_raw_daily
2025-06-19,1990.0,1990.0,1920.0,1925.0,1697.4229736328125,72922200,0.0,0.0,yfinance_raw_daily
2025-06-20,1925.0,1935.0,1850.0,1860.0,1640.107421875,182119700,0.0,0.0,yfinance_raw_daily
2025-06-23,1850.0,1850.0,1790.0,1800.0,1587.2008056640625,86737300,0.0,0.0,yfinance_raw_daily
2025-06-24,1810.0,1845.0,1810.0,1815.0,1600.4273681640625,62766700,0.0,0.0,yfinance_raw_daily
2025-06-25,1840.0,1840.0,1765.0,1785.0,1573.9739990234375,66293600,0.0,0.0,yfinance_raw_daily
2025-06-26,1790.0,1805.0,1780.0,1790.0,1578.3829345703125,48210100,0.0,0.0,yfinance_raw_daily
2025-06-30,1810.0,1840.0,1800.0,1830.0,1613.6541748046875,51581800,0.0,0.0,yfinance_raw_daily
2025-07-01,1845.0,1860.0,1815.0,1830.0,1613.6541748046875,38347300,0.0,0.0,yfinance_raw_daily
2025-07-02,1830.0,1835.0,1775.0,1775.0,1565.15625,54356500,0.0,0.0,yfinance_raw_daily
2025-07-03,1785.0,1795.0,1740.0,1760.0,1551.9296875,71567900,0.0,0.0,yfinance_raw_daily
2025-07-04,1760.0,1765.0,1730.0,1755.0,1547.520751953125,43978000,0.0,0.0,yfinance_raw_daily
2025-07-07,1760.0,1760.0,1730.0,1740.0,1534.2940673828125,32279600,0.0,0.0,yfinance_raw_daily
2025-07-08,1740.0,1790.0,1740.0,1745.0,1538.7030029296875,58165700,0.0,0.0,yfinance_raw_daily
2025-07-09,1745.0,1755.0,1730.0,1740.0,1534.2940673828125,49878100,0.0,0.0,yfinance_raw_daily
2025-07-10,1745.0,1845.0,1745.0,1840.0,1622.471923828125,76250900,0.0,0.0,yfinance_raw_daily
2025-07-11,1850.0,1915.0,1840.0,1870.0,1648.92529296875,96067200,0.0,0.0,yfinance_raw_daily
2025-07-14,1875.0,1880.0,1815.0,1825.0,1609.2451171875,53413000,0.0,0.0,yfinance_raw_daily
2025-07-15,1825.0,1830.0,1800.0,1815.0,1600.4273681640625,35314100,0.0,0.0,yfinance_raw_daily
2025-07-16,1820.0,1870.0,1820.0,1840.0,1622.471923828125,46377600,0.0,0.0,yfinance_raw_daily
2025-07-17,1850.0,1855.0,1825.0,1830.0,1613.6541748046875,42886200,0.0,0.0,yfinance_raw_daily
2025-07-18,1830.0,1860.0,1830.0,1835.0,1618.06298828125,32812200,0.0,0.0,yfinance_raw_daily
2025-07-21,1865.0,1895.0,1845.0,1885.0,1662.15185546875,52151800,0.0,0.0,yfinance_raw_daily
2025-07-22,1890.0,2050.0,1890.0,1965.0,1732.6942138671875,270044800,0.0,0.0,yfinance_raw_daily
2025-07-23,2010.0,2050.0,1970.0,2020.0,1781.19189453125,147267400,0.0,0.0,yfinance_raw_daily
2025-07-24,2030.0,2040.0,1965.0,1975.0,1741.511962890625,64712300,0.0,0.0,yfinance_raw_daily
2025-07-25,1985.0,1995.0,1910.0,1915.0,1688.605224609375,66713900,0.0,0.0,yfinance_raw_daily
2025-07-28,1925.0,1960.0,1920.0,1925.0,1697.4229736328125,43988100,0.0,0.0,yfinance_raw_daily
2025-07-29,1930.0,1945.0,1910.0,1920.0,1693.01416015625,38448400,0.0,0.0,yfinance_raw_daily
2025-07-30,1930.0,1940.0,1890.0,1900.0,1675.378662109375,45115800,0.0,0.0,yfinance_raw_daily
2025-07-31,1900.0,1910.0,1850.0,1850.0,1631.2896728515625,74705000,0.0,0.0,yfinance_raw_daily
2025-08-01,1855.0,1875.0,1855.0,1865.0,1644.516357421875,25653000,0.0,0.0,yfinance_raw_daily
2025-08-04,1865.0,1920.0,1830.0,1900.0,1675.378662109375,52741400,0.0,0.0,yfinance_raw_daily
2025-08-05,1900.0,1905.0,1860.0,1865.0,1644.516357421875,40393200,0.0,0.0,yfinance_raw_daily
2025-08-06,1865.0,1880.0,1860.0,1860.0,1640.107421875,33705900,0.0,0.0,yfinance_raw_daily
2025-08-07,1865.0,1890.0,1865.0,1870.0,1648.92529296875,23892300,0.0,0.0,yfinance_raw_daily
2025-08-08,1850.0,1850.0,1785.0,1790.0,1578.3829345703125,161970100,0.0,0.0,yfinance_raw_daily
2025-08-11,1800.0,1830.0,1790.0,1810.0,1596.0185546875,68257400,0.0,0.0,yfinance_raw_daily
2025-08-12,1810.0,1870.0,1810.0,1860.0,1640.107421875,63852100,0.0,0.0,yfinance_raw_daily
2025-08-13,1895.0,1895.0,1830.0,1830.0,1613.6541748046875,72682400,0.0,0.0,yfinance_raw_daily
2025-08-14,1830.0,1865.0,1830.0,1840.0,1622.471923828125,29782700,0.0,0.0,yfinance_raw_daily
2025-08-15,1840.0,1850.0,1810.0,1810.0,1596.0185546875,45821800,0.0,0.0,yfinance_raw_daily
2025-08-19,1810.0,1815.0,1790.0,1800.0,1587.2008056640625,79046600,0.0,0.0,yfinance_raw_daily
2025-08-20,1800.0,1815.0,1800.0,1810.0,1596.0185546875,39415400,0.0,0.0,yfinance_raw_daily
2025-08-21,1810.0,1830.0,1780.0,1780.0,1569.565185546875,81542300,0.0,0.0,yfinance_raw_daily
2025-08-22,1790.0,1800.0,1775.0,1775.0,1565.15625,55696800,0.0,0.0,yfinance_raw_daily
2025-08-25,1780.0,1795.0,1740.0,1740.0,1534.2940673828125,126177800,0.0,0.0,yfinance_raw_daily
2025-08-26,1740.0,1780.0,1715.0,1735.0,1529.88525390625,957667000,0.0,0.0,yfinance_raw_daily
2025-08-27,1780.0,1865.0,1765.0,1805.0,1591.609619140625,320062900,0.0,0.0,yfinance_raw_daily
2025-08-28,1835.0,1835.0,1770.0,1770.0,1560.7474365234375,104126600,0.0,0.0,yfinance_raw_daily
2025-08-29,1750.0,1775.0,1720.0,1755.0,1547.520751953125,165863700,0.0,0.0,yfinance_raw_daily
2025-09-01,1705.0,1735.0,1670.0,1720.0,1516.658447265625,94527700,0.0,0.0,yfinance_raw_daily
2025-09-02,1730.0,1745.0,1720.0,1720.0,1516.658447265625,58106300,0.0,0.0,yfinance_raw_daily
2025-09-03,1725.0,1770.0,1720.0,1730.0,1525.476318359375,80794900,0.0,0.0,yfinance_raw_daily
2025-09-04,1735.0,1820.0,1735.0,1760.0,1551.9296875,167436900,0.0,0.0,yfinance_raw_daily
2025-09-08,1765.0,1780.0,1720.0,1720.0,1516.658447265625,123216100,0.0,0.0,yfinance_raw_daily
2025-09-09,1720.0,1740.0,1685.0,1685.0,1485.7962646484375,82607000,0.0,0.0,yfinance_raw_daily
2025-09-10,1690.0,1715.0,1685.0,1685.0,1485.7962646484375,59001100,0.0,0.0,yfinance_raw_daily
2025-09-11,1700.0,1710.0,1680.0,1680.0,1481.3873291015625,53602600,0.0,0.0,yfinance_raw_daily
2025-09-12,1685.0,1695.0,1670.0,1670.0,1472.569580078125,77099600,0.0,0.0,yfinance_raw_daily
2025-09-15,1675.0,1690.0,1675.0,1680.0,1481.3873291015625,59001400,0.0,0.0,yfinance_raw_daily
2025-09-16,1685.0,1700.0,1645.0,1650.0,1454.9339599609375,133878100,0.0,0.0,yfinance_raw_daily
2025-09-17,1655.0,1680.0,1650.0,1675.0,1476.978515625,76718400,0.0,0.0,yfinance_raw_daily
2025-09-18,1680.0,1685.0,1640.0,1640.0,1446.1162109375,88086100,0.0,0.0,yfinance_raw_daily
2025-09-19,1645.0,1665.0,1630.0,1665.0,1468.1607666015625,89103600,0.0,0.0,yfinance_raw_daily
2025-09-22,1665.0,1680.0,1645.0,1660.0,1463.7518310546875,68080400,0.0,0.0,yfinance_raw_daily
2025-09-23,1665.0,1765.0,1650.0,1760.0,1551.9296875,265965400,0.0,0.0,yfinance_raw_daily
2025-09-24,1775.0,1790.0,1725.0,1730.0,1525.476318359375,146696300,0.0,0.0,yfinance_raw_daily
2025-09-25,1735.0,1755.0,1710.0,1725.0,1521.0675048828125,75319600,0.0,0.0,yfinance_raw_daily
2025-09-26,1700.0,1720.0,1690.0,1700.0,1499.02294921875,58983800,0.0,0.0,yfinance_raw_daily
2025-09-29,1700.0,1735.0,1695.0,1725.0,1521.0675048828125,60551100,0.0,0.0,yfinance_raw_daily
2025-09-30,1730.0,1740.0,1690.0,1690.0,1490.2052001953125,75864300,0.0,0.0,yfinance_raw_daily
2025-10-01,1700.0,1705.0,1665.0,1670.0,1472.569580078125,55169300,0.0,0.0,yfinance_raw_daily
2025-10-02,1675.0,1705.0,1670.0,1670.0,1472.569580078125,49443100,0.0,0.0,yfinance_raw_daily
2025-10-03,1665.0,1680.0,1650.0,1660.0,1463.7518310546875,53013900,0.0,0.0,yfinance_raw_daily
2025-10-06,1665.0,1690.0,1650.0,1655.0,1459.3428955078125,65166500,0.0,0.0,yfinance_raw_daily
2025-10-07,1665.0,1665.0,1635.0,1650.0,1454.9339599609375,91088500,0.0,0.0,yfinance_raw_daily
2025-10-08,1650.0,1850.0,1625.0,1850.0,1631.2896728515625,324208100,0.0,0.0,yfinance_raw_daily
2025-10-09,1865.0,1880.0,1705.0,1730.0,1525.476318359375,486714100,0.0,0.0,yfinance_raw_daily
2025-10-10,1735.0,1785.0,1720.0,1750.0,1543.11181640625,149046300,0.0,0.0,yfinance_raw_daily
2025-10-13,1725.0,1775.0,1690.0,1725.0,1521.0675048828125,115736300,0.0,0.0,yfinance_raw_daily
2025-10-14,1730.0,1770.0,1685.0,1705.0,1503.431884765625,142590700,0.0,0.0,yfinance_raw_daily
2025-10-15,1705.0,1715.0,1655.0,1680.0,1481.3873291015625,84255400,0.0,0.0,yfinance_raw_daily
2025-10-16,1690.0,1695.0,1670.0,1675.0,1476.978515625,43126000,0.0,0.0,yfinance_raw_daily
2025-10-17,1675.0,1690.0,1650.0,1650.0,1454.9339599609375,79119300,0.0,0.0,yfinance_raw_daily
2025-10-20,1650.0,1705.0,1650.0,1695.0,1494.6141357421875,71982100,0.0,0.0,yfinance_raw_daily
2025-10-21,1695.0,1835.0,1695.0,1805.0,1591.609619140625,283345400,0.0,0.0,yfinance_raw_daily
2025-10-22,1810.0,1820.0,1755.0,1775.0,1565.15625,120500800,0.0,0.0,yfinance_raw_daily
2025-10-23,1780.0,1800.0,1755.0,1790.0,1578.3829345703125,61586100,0.0,0.0,yfinance_raw_daily
2025-10-24,1790.0,1810.0,1755.0,1760.0,1551.9296875,71132100,0.0,0.0,yfinance_raw_daily
2025-10-27,1760.0,1815.0,1735.0,1785.0,1573.9739990234375,126426000,0.0,0.0,yfinance_raw_daily
2025-10-28,1795.0,1805.0,1775.0,1785.0,1573.9739990234375,74745100,0.0,0.0,yfinance_raw_daily
2025-10-29,1785.0,1945.0,1775.0,1935.0,1706.2408447265625,465423400,0.0,0.0,yfinance_raw_daily
2025-10-30,1955.0,2010.0,1915.0,1980.0,1745.9208984375,365299800,0.0,0.0,yfinance_raw_daily
2025-10-31,1980.0,1985.0,1865.0,1885.0,1662.15185546875,278129200,0.0,0.0,yfinance_raw_daily
2025-11-03,1895.0,1985.0,1895.0,1940.0,1710.6497802734375,167263300,0.0,0.0,yfinance_raw_daily
2025-11-04,1940.0,1955.0,1885.0,1905.0,1679.7874755859375,97432000,0.0,0.0,yfinance_raw_daily
2025-11-05,1880.0,1900.0,1850.0,1890.0,1666.560791015625,109993300,0.0,0.0,yfinance_raw_daily
2025-11-06,1890.0,1950.0,1890.0,1920.0,1693.01416015625,140062300,0.0,0.0,yfinance_raw_daily
2025-11-07,1925.0,1960.0,1905.0,1945.0,1715.05859375,104734700,0.0,0.0,yfinance_raw_daily
2025-11-10,1965.0,1980.0,1935.0,1960.0,1728.2852783203125,118023700,0.0,0.0,yfinance_raw_daily
2025-11-11,1960.0,1975.0,1925.0,1950.0,1719.467529296875,130750300,0.0,0.0,yfinance_raw_daily
2025-11-12,1950.0,1980.0,1930.0,1965.0,1732.6942138671875,96844300,0.0,0.0,yfinance_raw_daily
2025-11-13,1965.0,1970.0,1930.0,1930.0,1701.83203125,89248300,0.0,0.0,yfinance_raw_daily
2025-11-14,1920.0,1925.0,1880.0,1880.0,1657.7430419921875,110646200,0.0,0.0,yfinance_raw_daily
2025-11-17,1880.0,1910.0,1860.0,1910.0,1684.1964111328125,104434200,0.0,0.0,yfinance_raw_daily
2025-11-18,1910.0,1920.0,1850.0,1880.0,1657.7430419921875,98428200,0.0,0.0,yfinance_raw_daily
2025-11-19,1890.0,1930.0,1880.0,1920.0,1693.01416015625,74350800,0.0,0.0,yfinance_raw_daily
2025-11-20,1930.0,1940.0,1900.0,1905.0,1679.7874755859375,52140900,0.0,0.0,yfinance_raw_daily
2025-11-21,1900.0,1900.0,1865.0,1870.0,1648.92529296875,60223900,0.0,0.0,yfinance_raw_daily
2025-11-24,1885.0,1885.0,1850.0,1875.0,1653.3341064453125,88910200,0.0,0.0,yfinance_raw_daily
2025-11-25,1880.0,1880.0,1850.0,1855.0,1635.698486328125,53971700,0.0,0.0,yfinance_raw_daily
2025-11-26,1875.0,1875.0,1825.0,1845.0,1626.8807373046875,64919800,0.0,0.0,yfinance_raw_daily
2025-11-27,1850.0,1850.0,1810.0,1810.0,1596.0185546875,70755600,0.0,0.0,yfinance_raw_daily
2025-11-28,1810.0,1820.0,1800.0,1810.0,1596.0185546875,48940700,0.0,0.0,yfinance_raw_daily
2025-12-01,1815.0,1835.0,1815.0,1820.0,1604.8363037109375,44059900,0.0,0.0,yfinance_raw_daily
2025-12-02,1825.0,1860.0,1825.0,1840.0,1622.471923828125,52388300,0.0,0.0,yfinance_raw_daily
2025-12-03,1840.0,1855.0,1835.0,1850.0,1631.2896728515625,24998900,0.0,0.0,yfinance_raw_daily
2025-12-04,1850.0,1855.0,1805.0,1810.0,1596.0185546875,46528500,0.0,0.0,yfinance_raw_daily
2025-12-05,1810.0,1815.0,1800.0,1815.0,1600.4273681640625,42791600,0.0,0.0,yfinance_raw_daily
2025-12-08,1840.0,1905.0,1835.0,1900.0,1675.378662109375,173167600,0.0,0.0,yfinance_raw_daily
2025-12-09,1905.0,1905.0,1830.0,1835.0,1618.06298828125,104418300,0.0,0.0,yfinance_raw_daily
2025-12-10,1840.0,1865.0,1830.0,1830.0,1613.6541748046875,51947100,0.0,0.0,yfinance_raw_daily
2025-12-11,1840.0,1865.0,1765.0,1780.0,1569.565185546875,115890200,0.0,0.0,yfinance_raw_daily
2025-12-12,1780.0,1800.0,1765.0,1780.0,1569.565185546875,56176000,0.0,0.0,yfinance_raw_daily
2025-12-15,1785.0,1845.0,1775.0,1825.0,1609.2451171875,77447900,0.0,0.0,yfinance_raw_daily
2025-12-16,1825.0,1830.0,1800.0,1805.0,1591.609619140625,45008700,0.0,0.0,yfinance_raw_daily
2025-12-17,1820.0,1845.0,1805.0,1815.0,1600.4273681640625,55292900,0.0,0.0,yfinance_raw_daily
2025-12-18,1900.0,1935.0,1880.0,1900.0,1675.378662109375,264349900,0.0,0.0,yfinance_raw_daily
2025-12-19,1900.0,1920.0,1900.0,1900.0,1675.378662109375,130050500,0.0,0.0,yfinance_raw_daily
2025-12-22,1910.0,1915.0,1885.0,1895.0,1670.9697265625,102188900,0.0,0.0,yfinance_raw_daily
2025-12-23,1895.0,1910.0,1885.0,1905.0,1679.7874755859375,58690600,0.0,0.0,yfinance_raw_daily
2025-12-24,1905.0,1910.0,1890.0,1890.0,1666.560791015625,83361000,0.0,0.0,yfinance_raw_daily
2025-12-29,1915.0,1965.0,1910.0,1945.0,1715.05859375,264307500,0.0,0.0,yfinance_raw_daily
2025-12-30,1840.0,1840.0,1805.0,1810.0,1724.7208251953125,151401900,145.14,0.0,yfinance_raw_daily
2026-01-02,1810.0,1825.0,1810.0,1820.0,1734.2496337890625,58883900,0.0,0.0,yfinance_raw_daily
2026-01-05,1825.0,1865.0,1825.0,1840.0,1753.307373046875,78143000,0.0,0.0,yfinance_raw_daily
2026-01-06,1850.0,1925.0,1820.0,1865.0,1777.1295166015625,183422100,0.0,0.0,yfinance_raw_daily
2026-01-07,1890.0,2050.0,1870.0,2010.0,1915.2977294921875,295221400,0.0,0.0,yfinance_raw_daily
2026-01-08,2120.0,2250.0,2010.0,2030.0,1934.3553466796875,535722000,0.0,0.0,yfinance_raw_daily
2026-01-09,2040.0,2120.0,2010.0,2100.0,2001.057373046875,192138400,0.0,0.0,yfinance_raw_daily
2026-01-12,2150.0,2210.0,2020.0,2150.0,2048.701416015625,382134900,0.0,0.0,yfinance_raw_daily
2026-01-13,2230.0,2340.0,2180.0,2290.0,2182.10546875,478869800,0.0,0.0,yfinance_raw_daily
2026-01-14,2300.0,2330.0,2210.0,2230.0,2124.932373046875,225784000,0.0,0.0,yfinance_raw_daily
2026-01-15,2250.0,2320.0,2210.0,2230.0,2124.932373046875,128582000,0.0,0.0,yfinance_raw_daily
2026-01-19,2230.0,2250.0,2130.0,2170.0,2067.75927734375,167472500,0.0,0.0,yfinance_raw_daily
2026-01-20,2170.0,2270.0,2160.0,2240.0,2134.461181640625,141605900,0.0,0.0,yfinance_raw_daily
2026-01-21,2250.0,2280.0,2180.0,2260.0,2153.518798828125,145474200,0.0,0.0,yfinance_raw_daily
2026-01-22,2270.0,2400.0,2240.0,2350.0,2239.2783203125,374028500,0.0,0.0,yfinance_raw_daily
2026-01-23,2370.0,2420.0,2280.0,2400.0,2286.922607421875,231231800,0.0,0.0,yfinance_raw_daily
2026-01-26,2420.0,2430.0,2360.0,2390.0,2277.393798828125,154645200,0.0,0.0,yfinance_raw_daily
2026-01-27,2400.0,2410.0,2210.0,2290.0,2182.10546875,218547800,0.0,0.0,yfinance_raw_daily
2026-01-28,2150.0,2280.0,2070.0,2210.0,2105.87451171875,337819000,0.0,0.0,yfinance_raw_daily
2026-01-29,2210.0,2250.0,1900.0,2220.0,2115.403564453125,294890600,0.0,0.0,yfinance_raw_daily
2026-01-30,2220.0,2310.0,2160.0,2210.0,2105.87451171875,151823900,0.0,0.0,yfinance_raw_daily
2026-02-02,2250.0,2270.0,2070.0,2140.0,2039.1727294921875,201818000,0.0,0.0,yfinance_raw_daily
2026-02-03,2140.0,2170.0,2030.0,2150.0,2048.701416015625,148774000,0.0,0.0,yfinance_raw_daily
2026-02-04,2160.0,2230.0,2130.0,2180.0,2077.2880859375,98841300,0.0,0.0,yfinance_raw_daily
2026-02-05,2180.0,2220.0,2090.0,2100.0,2001.057373046875,125355100,0.0,0.0,yfinance_raw_daily
2026-02-06,2050.0,2120.0,2030.0,2080.0,1981.9996337890625,81490600,0.0,0.0,yfinance_raw_daily
2026-02-09,2140.0,2140.0,2100.0,2130.0,2029.643798828125,61522200,0.0,0.0,yfinance_raw_daily
2026-02-10,2140.0,2220.0,2130.0,2170.0,2067.75927734375,116176800,0.0,0.0,yfinance_raw_daily
2026-02-11,2170.0,2230.0,2160.0,2220.0,2115.403564453125,118910500,0.0,0.0,yfinance_raw_daily
2026-02-12,2230.0,2260.0,2190.0,2220.0,2115.403564453125,81680900,0.0,0.0,yfinance_raw_daily
2026-02-13,2220.0,2260.0,2200.0,2220.0,2115.403564453125,83769700,0.0,0.0,yfinance_raw_daily
2026-02-18,2220.0,2290.0,2210.0,2250.0,2143.989990234375,88901300,0.0,0.0,yfinance_raw_daily
2026-02-19,2260.0,2340.0,2260.0,2300.0,2191.63427734375,129190400,0.0,0.0,yfinance_raw_daily
2026-02-20,2300.0,2310.0,2260.0,2300.0,2191.63427734375,59510000,0.0,0.0,yfinance_raw_daily
2026-02-23,2300.0,2320.0,2280.0,2320.0,2210.69189453125,54782000,0.0,0.0,yfinance_raw_daily
2026-02-24,2300.0,2330.0,2280.0,2290.0,2182.10546875,78680000,0.0,0.0,yfinance_raw_daily
2026-02-25,2300.0,2380.0,2300.0,2370.0,2258.336181640625,106763600,0.0,0.0,yfinance_raw_daily
2026-02-26,2390.0,2400.0,2280.0,2320.0,2210.69189453125,96580200,0.0,0.0,yfinance_raw_daily
2026-02-27,2320.0,2380.0,2270.0,2340.0,2229.74951171875,121910200,0.0,0.0,yfinance_raw_daily
2026-03-02,2340.0,2430.0,2320.0,2410.0,2296.451416015625,179344900,0.0,0.0,yfinance_raw_daily
2026-03-03,2470.0,2530.0,2420.0,2470.0,2353.62451171875,195392400,0.0,0.0,yfinance_raw_daily
2026-03-04,2490.0,2490.0,2320.0,2400.0,2286.922607421875,180604800,0.0,0.0,yfinance_raw_daily
2026-03-05,2420.0,2450.0,2370.0,2430.0,2315.50927734375,96574100,0.0,0.0,yfinance_raw_daily
2026-03-06,2410.0,2420.0,2360.0,2400.0,2286.922607421875,83678800,0.0,0.0,yfinance_raw_daily
2026-03-09,2350.0,2380.0,2280.0,2350.0,2239.2783203125,141143200,0.0,0.0,yfinance_raw_daily
2026-03-10,2380.0,2390.0,2310.0,2380.0,2267.864990234375,66441500,0.0,0.0,yfinance_raw_daily
2026-03-11,2390.0,2440.0,2350.0,2350.0,2239.2783203125,67206800,0.0,0.0,yfinance_raw_daily
2026-03-12,2380.0,2510.0,2370.0,2500.0,2382.211181640625,163615600,0.0,0.0,yfinance_raw_daily
2026-03-13,2500.0,2530.0,2460.0,2480.0,2363.1533203125,77948600,0.0,0.0,yfinance_raw_daily
2026-03-16,2480.0,2490.0,2390.0,2440.0,2325.0380859375,56821000,0.0,0.0,yfinance_raw_daily
2026-03-17,2440.0,2520.0,2440.0,2450.0,2334.56689453125,134662700,0.0,0.0,yfinance_raw_daily
2026-03-25,2450.0,2650.0,2450.0,2630.0,2506.086181640625,186568900,0.0,0.0,yfinance_raw_daily
2026-03-26,2630.0,2700.0,2530.0,2580.0,2458.44189453125,106174500,0.0,0.0,yfinance_raw_daily
2026-03-27,2590.0,2600.0,2530.0,2540.0,2420.326416015625,33994400,0.0,0.0,yfinance_raw_daily
2026-03-30,2550.0,2640.0,2550.0,2620.0,2496.55712890625,69891200,0.0,0.0,yfinance_raw_daily
2026-03-31,2620.0,2630.0,2550.0,2580.0,2458.44189453125,47009100,0.0,0.0,yfinance_raw_daily
2026-04-01,2590.0,2590.0,2480.0,2490.0,2372.68212890625,154944400,0.0,0.0,yfinance_raw_daily
2026-04-02,2490.0,2600.0,2480.0,2500.0,2382.211181640625,117721300,0.0,0.0,yfinance_raw_daily
2026-04-06,2500.0,2570.0,2470.0,2510.0,2391.739990234375,65923900,0.0,0.0,yfinance_raw_daily
2026-04-07,2510.0,2550.0,2400.0,2410.0,2296.451416015625,83767500,0.0,0.0,yfinance_raw_daily
2026-04-08,2410.0,2450.0,2360.0,2420.0,2305.980224609375,91754200,0.0,0.0,yfinance_raw_daily
2026-04-09,2420.0,2460.0,2390.0,2410.0,2296.451416015625,48944200,0.0,0.0,yfinance_raw_daily
2026-04-10,2410.0,2460.0,2410.0,2440.0,2325.0380859375,52669600,0.0,0.0,yfinance_raw_daily
2026-04-13,2460.0,2480.0,2430.0,2480.0,2363.1533203125,68319200,0.0,0.0,yfinance_raw_daily
2026-04-14,2480.0,2490.0,2440.0,2450.0,2334.56689453125,80320700,0.0,0.0,yfinance_raw_daily
2026-04-15,2470.0,2560.0,2470.0,2520.0,2401.268798828125,122053300,0.0,0.0,yfinance_raw_daily
2026-04-16,2530.0,2540.0,2490.0,2510.0,2391.739990234375,38462300,0.0,0.0,yfinance_raw_daily
2026-04-17,2520.0,2580.0,2510.0,2560.0,2439.38427734375,71416400,0.0,0.0,yfinance_raw_daily
2026-04-20,2560.0,2570.0,2510.0,2530.0,2410.797607421875,90358300,0.0,0.0,yfinance_raw_daily
2026-04-21,2540.0,2550.0,2500.0,2500.0,2382.211181640625,69061000,0.0,0.0,yfinance_raw_daily
2026-04-22,2510.0,2530.0,2510.0,2520.0,2401.268798828125,43877700,0.0,0.0,yfinance_raw_daily
2026-04-23,2540.0,2550.0,2500.0,2510.0,2391.739990234375,74040300,0.0,0.0,yfinance_raw_daily
2026-04-24,2520.0,2530.0,2490.0,2510.0,2391.739990234375,72536300,0.0,0.0,yfinance_raw_daily
2026-04-27,2530.0,2530.0,2500.0,2510.0,2391.739990234375,66406100,0.0,0.0,yfinance_raw_daily
2026-04-28,2430.0,2470.0,2400.0,2410.0,2410.0,71464700,118.26,0.0,yfinance_raw_daily
2026-04-29,2420.0,2450.0,2420.0,2440.0,2440.0,21919100,0.0,0.0,yfinance_raw_daily
2026-04-30,2450.0,2520.0,2410.0,2520.0,2520.0,79737000,0.0,0.0,yfinance_raw_daily
2026-05-04,2520.0,2530.0,2470.0,2500.0,2500.0,36445300,0.0,0.0,yfinance_raw_daily
2026-05-05,2500.0,2520.0,2470.0,2510.0,2510.0,36042300,0.0,0.0,yfinance_raw_daily
2026-05-06,2510.0,2550.0,2500.0,2530.0,2530.0,61070900,0.0,0.0,yfinance_raw_daily
2026-05-07,2540.0,2560.0,2500.0,2500.0,2500.0,90757300,0.0,0.0,yfinance_raw_daily
2026-05-08,2500.0,2520.0,2470.0,2490.0,2490.0,101293400,0.0,0.0,yfinance_raw_daily
2026-05-11,2490.0,2500.0,2380.0,2450.0,2450.0,110558500,0.0,0.0,yfinance_raw_daily
2026-05-12,2460.0,2600.0,2460.0,2600.0,2600.0,117844800,0.0,0.0,yfinance_raw_daily
2026-05-13,2570.0,2570.0,2500.0,2520.0,2520.0,39174000,0.0,0.0,yfinance_raw_daily
2026-05-14,2520.0,2520.0,2520.0,2520.0,2520.0,0,0.0,0.0,yfinance_raw_daily
2026-05-15,2520.0,2520.0,2520.0,2520.0,2520.0,0,0.0,0.0,yfinance_raw_daily
2026-05-18,2500.0,2510.0,2410.0,2460.0,2460.0,102220700,0.0,0.0,yfinance_raw_daily
2026-05-19,2460.0,2470.0,2280.0,2330.0,2330.0,245652700,0.0,0.0,yfinance_raw_daily
2026-05-20,2290.0,2320.0,2140.0,2230.0,2230.0,170511900,0.0,0.0,yfinance_raw_daily
2026-05-21,2240.0,2270.0,2200.0,2210.0,2210.0,101292300,0.0,0.0,yfinance_raw_daily
2026-05-22,2210.0,2350.0,2200.0,2350.0,2350.0,54234200,0.0,0.0,yfinance_raw_daily
2026-05-25,2350.0,2350.0,2270.0,2300.0,2300.0,61072200,0.0,0.0,yfinance_raw_daily
2026-05-26,2310.0,2330.0,2280.0,2300.0,2300.0,45735900,0.0,0.0,yfinance_raw_daily
2026-05-27,2300.0,2300.0,2300.0,2300.0,2300.0,0,0.0,0.0,yfinance_raw_daily
2026-05-28,2300.0,2300.0,2300.0,2300.0,2300.0,0,0.0,0.0,yfinance_raw_daily
2026-05-29,2300.0,2340.0,2290.0,2300.0,2300.0,71264700,0.0,0.0,yfinance_raw_daily
2026-06-02,2310.0,2360.0,2260.0,2280.0,2280.0,65523900,0.0,0.0,yfinance_raw_daily
2026-06-03,2280.0,2290.0,2110.0,2180.0,2180.0,111003900,0.0,0.0,yfinance_raw_daily
2026-06-04,2180.0,2280.0,2120.0,2270.0,2270.0,60862500,0.0,0.0,yfinance_raw_daily
2026-06-05,2290.0,2300.0,2220.0,2240.0,2240.0,53843800,0.0,0.0,yfinance_raw_daily
2026-06-08,2220.0,2220.0,2110.0,2170.0,2170.0,47564900,0.0,0.0,yfinance_raw_daily
2026-06-09,2170.0,2260.0,2130.0,2250.0,2250.0,54623300,0.0,0.0,yfinance_raw_daily
2026-06-10,2250.0,2340.0,2200.0,2300.0,2300.0,60439400,0.0,0.0,yfinance_raw_daily
2026-06-11,2300.0,2320.0,2250.0,2250.0,2250.0,27135700,0.0,0.0,yfinance_raw_daily
2026-06-12,2270.0,2340.0,2250.0,2280.0,2280.0,36917900,0.0,0.0,yfinance_raw_daily
2026-06-15,2300.0,2350.0,2300.0,2320.0,2320.0,38910900,0.0,0.0,yfinance_raw_daily
2026-06-17,2320.0,2350.0,2300.0,2330.0,2330.0,24057000,0.0,0.0,yfinance_raw_daily
2026-06-18,2330.0,2330.0,2260.0,2260.0,2260.0,22249000,0.0,0.0,yfinance_raw_daily
2026-06-19,2260.0,2300.0,2220.0,2220.0,2220.0,161037200,0.0,0.0,yfinance_raw_daily
2026-06-22,2220.0,2320.0,2220.0,2290.0,2290.0,29306300,0.0,0.0,yfinance_raw_daily
2026-06-23,2290.0,2300.0,2240.0,2290.0,2290.0,19411800,0.0,0.0,yfinance_raw_daily
2026-06-24,2290.0,2300.0,2240.0,2250.0,2250.0,24236200,0.0,0.0,yfinance_raw_daily
2026-06-25,2250.0,2330.0,2250.0,2290.0,2290.0,32441400,0.0,0.0,yfinance_raw_daily
2026-06-26,2300.0,2310.0,2250.0,2250.0,2250.0,24653800,0.0,0.0,yfinance_raw_daily
2026-06-29,2250.0,2290.0,2250.0,2280.0,2280.0,11072900,0.0,0.0,yfinance_raw_daily
2026-06-30,2280.0,2280.0,2240.0,2260.0,2260.0,31555300,0.0,0.0,yfinance_raw_daily
2026-07-01,2280.0,2280.0,2240.0,2260.0,2260.0,13685600,0.0,0.0,yfinance_raw_daily
2026-07-02,2260.0,2320.0,2260.0,2280.0,2280.0,17863000,0.0,0.0,yfinance_raw_daily
2026-07-03,2280.0,2310.0,2270.0,2300.0,2300.0,12685900,0.0,0.0,yfinance_raw_daily
2026-07-06,2300.0,2330.0,2280.0,2300.0,2300.0,16797600,0.0,0.0,yfinance_raw_daily
2026-07-07,2290.0,2350.0,2270.0,2350.0,2350.0,38068900,0.0,0.0,yfinance_raw_daily
2026-07-08,2350.0,2350.0,2280.0,2300.0,2300.0,19161800,0.0,0.0,yfinance_raw_daily
2026-07-09,2300.0,2310.0,2280.0,2290.0,2290.0,20876100,0.0,0.0,yfinance_raw_daily
2026-07-10,2310.0,2390.0,2300.0,2390.0,2390.0,30108900,0.0,0.0,yfinance_raw_daily
2026-07-13,2390.0,2450.0,2330.0,2450.0,2450.0,49509600,0.0,0.0,yfinance_raw_daily
2026-07-14,2450.0,2490.0,2430.0,2480.0,2480.0,44140800,0.0,0.0,yfinance_raw_daily
2026-07-15,2480.0,2520.0,2450.0,2480.0,2480.0,27021100,0.0,0.0,yfinance_raw_daily
2026-07-16,2480.0,2520.0,2440.0,2510.0,2510.0,33388600,0.0,0.0,yfinance_raw_daily
2026-07-17,2510.0,2520.0,2490.0,2490.0,2490.0,19140100,0.0,0.0,yfinance_raw_daily
2026-07-20,2500.0,2570.0,2500.0,2570.0,2570.0,34882400,0.0,0.0,yfinance_raw_daily
2026-07-21,2570.0,2580.0,2550.0,2560.0,2560.0,7505200,0.0,0.0,yfinance_raw_daily
