date,open,high,low,close,adj_close,volume,dividends,splits,source
2003-07-14,190.5150604248047,215.09764099121094,190.5150604248047,208.95199584960938,78.6773681640625,2396676086,0.0,0.0,yfinance_raw_daily
2003-07-15,215.09764099121094,221.2432861328125,208.95199584960938,208.95199584960938,78.6773681640625,841825534,0.0,0.0,yfinance_raw_daily
2003-07-16,208.95199584960938,208.95199584960938,202.8063507080078,202.8063507080078,76.36331176757812,147014628,0.0,0.0,yfinance_raw_daily
2003-07-17,202.8063507080078,208.95199584960938,202.8063507080078,208.95199584960938,78.6773681640625,222191824,0.0,0.0,yfinance_raw_daily
2003-07-18,202.8063507080078,208.95199584960938,202.8063507080078,208.95199584960938,78.6773681640625,82279783,0.0,0.0,yfinance_raw_daily
2003-07-21,208.95199584960938,215.09764099121094,202.8063507080078,208.95199584960938,78.6773681640625,201325428,0.0,0.0,yfinance_raw_daily
2003-07-22,208.95199584960938,208.95199584960938,202.8063507080078,208.95199584960938,78.6773681640625,2815000,0.0,0.0,yfinance_raw_daily
2003-07-23,202.8063507080078,208.95199584960938,202.8063507080078,208.95199584960938,78.6773681640625,198077194,0.0,0.0,yfinance_raw_daily
2003-07-24,202.8063507080078,202.8063507080078,190.5150604248047,202.8063507080078,76.36331176757812,364019855,0.0,0.0,yfinance_raw_daily
2003-07-25,196.66070556640625,202.8063507080078,196.66070556640625,202.8063507080078,76.36331176757812,243745698,0.0,0.0,yfinance_raw_daily
2003-07-28,196.66070556640625,202.8063507080078,190.5150604248047,196.66070556640625,74.04927825927734,70956728,0.0,0.0,yfinance_raw_daily
2003-07-29,196.66070556640625,196.66070556640625,190.5150604248047,196.66070556640625,74.04927825927734,76474862,0.0,0.0,yfinance_raw_daily
2003-07-30,190.5150604248047,190.5150604248047,178.2237548828125,190.5150604248047,71.73523712158203,294208246,0.0,0.0,yfinance_raw_daily
2003-07-31,184.36940002441406,190.5150604248047,184.36940002441406,190.5150604248047,71.73523712158203,59649944,0.0,0.0,yfinance_raw_daily
2003-08-01,184.36940002441406,190.5150604248047,184.36940002441406,190.5150604248047,71.73523712158203,76643680,0.0,0.0,yfinance_raw_daily
2003-08-04,190.5150604248047,190.5150604248047,178.2237548828125,190.5150604248047,71.73523712158203,265234485,0.0,0.0,yfinance_raw_daily
2003-08-05,184.36940002441406,196.66070556640625,178.2237548828125,184.36940002441406,69.42118835449219,441336776,0.0,0.0,yfinance_raw_daily
2003-08-06,184.36940002441406,184.36940002441406,172.07810974121094,184.36940002441406,69.42118835449219,545062634,0.0,0.0,yfinance_raw_daily
2003-08-07,184.36940002441406,190.5150604248047,184.36940002441406,190.5150604248047,71.73523712158203,161856434,0.0,0.0,yfinance_raw_daily
2003-08-08,190.5150604248047,190.5150604248047,184.36940002441406,190.5150604248047,71.73523712158203,16902207,0.0,0.0,yfinance_raw_daily
2003-08-11,184.36940002441406,190.5150604248047,184.36940002441406,190.5150604248047,71.73523712158203,11477636,0.0,0.0,yfinance_raw_daily
2003-08-12,184.36940002441406,190.5150604248047,184.36940002441406,190.5150604248047,71.73523712158203,51603599,0.0,0.0,yfinance_raw_daily
2003-08-13,190.5150604248047,190.5150604248047,184.36940002441406,190.5150604248047,71.73523712158203,27718806,0.0,0.0,yfinance_raw_daily
2003-08-14,184.36940002441406,190.5150604248047,184.36940002441406,190.5150604248047,71.73523712158203,30484992,0.0,0.0,yfinance_raw_daily
2003-08-15,184.36940002441406,190.5150604248047,184.36940002441406,190.5150604248047,71.73523712158203,29732427,0.0,0.0,yfinance_raw_daily
2003-08-18,190.5150604248047,190.5150604248047,190.5150604248047,190.5150604248047,71.73523712158203,0,0.0,0.0,yfinance_raw_daily
2003-08-19,190.5150604248047,196.66070556640625,184.36940002441406,190.5150604248047,71.73523712158203,223406098,0.0,0.0,yfinance_raw_daily
2003-08-20,184.36940002441406,190.5150604248047,184.36940002441406,190.5150604248047,71.73523712158203,33718988,0.0,0.0,yfinance_raw_daily
2003-08-21,184.36940002441406,208.95199584960938,184.36940002441406,208.95199584960938,78.6773681640625,379821690,0.0,0.0,yfinance_raw_daily
2003-08-22,208.95199584960938,208.95199584960938,202.8063507080078,208.95199584960938,78.6773681640625,67909856,0.0,0.0,yfinance_raw_daily
2003-08-25,202.8063507080078,208.95199584960938,196.66070556640625,208.95199584960938,78.6773681640625,140322900,0.0,0.0,yfinance_raw_daily
2003-08-26,202.8063507080078,208.95199584960938,196.66070556640625,208.95199584960938,78.6773681640625,42513831,0.0,0.0,yfinance_raw_daily
2003-08-27,202.8063507080078,208.95199584960938,202.8063507080078,208.95199584960938,78.6773681640625,35999058,0.0,0.0,yfinance_raw_daily
2003-08-28,208.95199584960938,208.95199584960938,202.8063507080078,208.95199584960938,78.6773681640625,41338203,0.0,0.0,yfinance_raw_daily
2003-08-29,208.95199584960938,208.95199584960938,196.66070556640625,208.95199584960938,78.6773681640625,203461086,0.0,0.0,yfinance_raw_daily
2003-09-01,202.8063507080078,202.8063507080078,196.66070556640625,202.8063507080078,76.36331176757812,240944935,0.0,0.0,yfinance_raw_daily
2003-09-02,196.66070556640625,196.66070556640625,190.5150604248047,196.66070556640625,74.04927825927734,157816990,0.0,0.0,yfinance_raw_daily
2003-09-03,196.66070556640625,202.8063507080078,190.5150604248047,202.8063507080078,76.36331176757812,154054164,0.0,0.0,yfinance_raw_daily
2003-09-04,202.8063507080078,215.09764099121094,202.8063507080078,215.09764099121094,80.99139404296875,430583230,0.0,0.0,yfinance_raw_daily
2003-09-05,208.95199584960938,221.2432861328125,208.95199584960938,215.09764099121094,80.99139404296875,289109108,0.0,0.0,yfinance_raw_daily
2003-09-08,215.09764099121094,215.09764099121094,202.8063507080078,208.95199584960938,78.6773681640625,260137382,0.0,0.0,yfinance_raw_daily
2003-09-09,208.95199584960938,208.95199584960938,202.8063507080078,208.95199584960938,78.6773681640625,98276879,0.0,0.0,yfinance_raw_daily
2003-09-10,202.8063507080078,208.95199584960938,202.8063507080078,208.95199584960938,78.6773681640625,63500231,0.0,0.0,yfinance_raw_daily
2003-09-11,202.8063507080078,208.95199584960938,202.8063507080078,208.95199584960938,78.6773681640625,33782041,0.0,0.0,yfinance_raw_daily
2003-09-12,202.8063507080078,208.95199584960938,202.8063507080078,208.95199584960938,78.6773681640625,118565630,0.0,0.0,yfinance_raw_daily
2003-09-15,202.8063507080078,215.09764099121094,202.8063507080078,215.09764099121094,80.99139404296875,209058544,0.0,0.0,yfinance_raw_daily
2003-09-16,208.95199584960938,215.09764099121094,202.8063507080078,208.95199584960938,78.6773681640625,71086902,0.0,0.0,yfinance_raw_daily
2003-09-17,208.95199584960938,215.09764099121094,208.95199584960938,215.09764099121094,80.99139404296875,73562231,0.0,0.0,yfinance_raw_daily
2003-09-18,208.95199584960938,215.09764099121094,208.95199584960938,215.09764099121094,80.99139404296875,66622359,0.0,0.0,yfinance_raw_daily
2003-09-19,208.95199584960938,215.09764099121094,208.95199584960938,215.09764099121094,80.99139404296875,48438757,0.0,0.0,yfinance_raw_daily
2003-09-22,215.09764099121094,215.09764099121094,215.09764099121094,215.09764099121094,80.99139404296875,0,0.0,0.0,yfinance_raw_daily
2003-09-23,208.95199584960938,208.95199584960938,202.8063507080078,208.95199584960938,78.6773681640625,88879984,0.0,0.0,yfinance_raw_daily
2003-09-24,208.95199584960938,215.09764099121094,208.95199584960938,215.09764099121094,80.99139404296875,129640542,0.0,0.0,yfinance_raw_daily
2003-09-25,208.95199584960938,215.09764099121094,208.95199584960938,215.09764099121094,80.99139404296875,88495565,0.0,0.0,yfinance_raw_daily
2003-09-26,208.95199584960938,215.09764099121094,208.95199584960938,215.09764099121094,80.99139404296875,16196423,0.0,0.0,yfinance_raw_daily
2003-09-29,208.95199584960938,208.95199584960938,202.8063507080078,208.95199584960938,78.6773681640625,111861698,0.0,0.0,yfinance_raw_daily
2003-09-30,208.95199584960938,208.95199584960938,202.8063507080078,208.95199584960938,78.6773681640625,35612605,0.0,0.0,yfinance_raw_daily
2003-10-01,208.95199584960938,215.09764099121094,202.8063507080078,215.09764099121094,80.99139404296875,270471932,0.0,0.0,yfinance_raw_daily
2003-10-02,208.95199584960938,215.09764099121094,208.95199584960938,215.09764099121094,80.99139404296875,55885084,0.0,0.0,yfinance_raw_daily
2003-10-03,208.95199584960938,215.09764099121094,208.95199584960938,215.09764099121094,80.99139404296875,6187306,0.0,0.0,yfinance_raw_daily
2003-10-06,215.09764099121094,215.09764099121094,208.95199584960938,215.09764099121094,80.99139404296875,30779916,0.0,0.0,yfinance_raw_daily
2003-10-07,208.95199584960938,208.95199584960938,202.8063507080078,208.95199584960938,78.6773681640625,216848611,0.0,0.0,yfinance_raw_daily
2003-10-08,208.95199584960938,208.95199584960938,202.8063507080078,208.95199584960938,78.6773681640625,112071196,0.0,0.0,yfinance_raw_daily
2003-10-09,208.95199584960938,208.95199584960938,202.8063507080078,208.95199584960938,78.6773681640625,147478371,0.0,0.0,yfinance_raw_daily
2003-10-10,208.95199584960938,227.38893127441406,208.95199584960938,227.38893127441406,85.61946868896484,738640709,0.0,0.0,yfinance_raw_daily
2003-10-13,227.38893127441406,233.53457641601562,221.2432861328125,227.38893127441406,85.61946868896484,130022926,0.0,0.0,yfinance_raw_daily
2003-10-14,227.38893127441406,251.97152709960938,227.38893127441406,245.8258819580078,92.56159973144531,333138240,0.0,0.0,yfinance_raw_daily
2003-10-15,245.8258819580078,245.8258819580078,233.53457641601562,239.6802215576172,90.24754333496094,169557007,0.0,0.0,yfinance_raw_daily
2003-10-16,239.6802215576172,239.6802215576172,227.38893127441406,233.53457641601562,87.93354034423828,246896302,0.0,0.0,yfinance_raw_daily
2003-10-17,233.53457641601562,233.53457641601562,227.38893127441406,233.53457641601562,87.93354034423828,24128867,0.0,0.0,yfinance_raw_daily
2003-10-20,233.53457641601562,233.53457641601562,227.38893127441406,233.53457641601562,87.93354034423828,45377647,0.0,0.0,yfinance_raw_daily
2003-10-21,233.53457641601562,233.53457641601562,221.2432861328125,227.38893127441406,85.61946868896484,106953752,0.0,0.0,yfinance_raw_daily
2003-10-22,227.38893127441406,233.53457641601562,221.2432861328125,227.38893127441406,85.61946868896484,153537538,0.0,0.0,yfinance_raw_daily
2003-10-23,227.38893127441406,233.53457641601562,215.09764099121094,221.2432861328125,83.3054428100586,233053170,0.0,0.0,yfinance_raw_daily
2003-10-24,221.2432861328125,227.38893127441406,221.2432861328125,227.38893127441406,85.61946868896484,85916504,0.0,0.0,yfinance_raw_daily
2003-10-27,221.2432861328125,227.38893127441406,221.2432861328125,227.38893127441406,85.61946868896484,108818893,0.0,0.0,yfinance_raw_daily
2003-10-28,221.2432861328125,227.38893127441406,221.2432861328125,227.38893127441406,85.61946868896484,179881388,0.0,0.0,yfinance_raw_daily
2003-10-29,221.2432861328125,227.38893127441406,221.2432861328125,227.38893127441406,85.61946868896484,128837128,0.0,0.0,yfinance_raw_daily
2003-10-30,227.38893127441406,233.53457641601562,221.2432861328125,227.38893127441406,85.61946868896484,95842229,0.0,0.0,yfinance_raw_daily
2003-10-31,227.38893127441406,239.6802215576172,221.2432861328125,233.53457641601562,87.93354034423828,171670291,0.0,0.0,yfinance_raw_daily
2003-11-03,233.53457641601562,233.53457641601562,227.38893127441406,233.53457641601562,87.93354034423828,13898048,0.0,0.0,yfinance_raw_daily
2003-11-04,233.53457641601562,239.6802215576172,233.53457641601562,233.53457641601562,87.93354034423828,94172348,0.0,0.0,yfinance_raw_daily
2003-11-05,233.53457641601562,233.53457641601562,227.38893127441406,233.53457641601562,87.93354034423828,157792582,0.0,0.0,yfinance_raw_daily
2003-11-06,233.53457641601562,233.53457641601562,221.2432861328125,227.38893127441406,85.61946868896484,250612347,0.0,0.0,yfinance_raw_daily
2003-11-07,221.2432861328125,221.2432861328125,215.09764099121094,221.2432861328125,83.3054428100586,169550905,0.0,0.0,yfinance_raw_daily
2003-11-10,221.2432861328125,227.38893127441406,208.95199584960938,215.09764099121094,80.99139404296875,225499043,0.0,0.0,yfinance_raw_daily
2003-11-11,208.95199584960938,215.09764099121094,202.8063507080078,208.95199584960938,78.6773681640625,225806171,0.0,0.0,yfinance_raw_daily
2003-11-12,208.95199584960938,208.95199584960938,202.8063507080078,208.95199584960938,78.6773681640625,106315089,0.0,0.0,yfinance_raw_daily
2003-11-13,208.95199584960938,208.95199584960938,196.66070556640625,208.95199584960938,78.6773681640625,464108992,0.0,0.0,yfinance_raw_daily
2003-11-14,202.8063507080078,208.95199584960938,202.8063507080078,208.95199584960938,78.6773681640625,75012444,0.0,0.0,yfinance_raw_daily
2003-11-17,208.95199584960938,208.95199584960938,196.66070556640625,202.8063507080078,76.36331176757812,49408956,0.0,0.0,yfinance_raw_daily
2003-11-18,202.8063507080078,215.09764099121094,202.8063507080078,215.09764099121094,80.99139404296875,208879556,0.0,0.0,yfinance_raw_daily
2003-11-19,208.95199584960938,215.09764099121094,202.8063507080078,208.95199584960938,78.6773681640625,97001586,0.0,0.0,yfinance_raw_daily
2003-11-20,208.95199584960938,215.09764099121094,208.95199584960938,215.09764099121094,80.99139404296875,30065996,0.0,0.0,yfinance_raw_daily
2003-11-21,215.09764099121094,227.38893127441406,208.95199584960938,227.38893127441406,85.61946868896484,444757897,0.0,0.0,yfinance_raw_daily
2003-11-24,227.38893127441406,227.38893127441406,227.38893127441406,227.38893127441406,85.61946868896484,0,0.0,0.0,yfinance_raw_daily
2003-11-25,227.38893127441406,227.38893127441406,227.38893127441406,227.38893127441406,85.61946868896484,0,0.0,0.0,yfinance_raw_daily
2003-11-26,227.38893127441406,227.38893127441406,227.38893127441406,227.38893127441406,85.61946868896484,0,0.0,0.0,yfinance_raw_daily
2003-11-27,227.38893127441406,227.38893127441406,227.38893127441406,227.38893127441406,85.61946868896484,0,0.0,0.0,yfinance_raw_daily
2003-11-28,227.38893127441406,227.38893127441406,227.38893127441406,227.38893127441406,85.61946868896484,0,0.0,0.0,yfinance_raw_daily
2003-12-01,227.38893127441406,233.53457641601562,221.2432861328125,227.38893127441406,85.61946868896484,120841631,0.0,0.0,yfinance_raw_daily
2003-12-02,227.38893127441406,233.53457641601562,227.38893127441406,233.53457641601562,87.93354034423828,357602711,0.0,0.0,yfinance_raw_daily
2003-12-03,227.38893127441406,233.53457641601562,227.38893127441406,233.53457641601562,87.93354034423828,69138368,0.0,0.0,yfinance_raw_daily
2003-12-04,227.38893127441406,227.38893127441406,221.2432861328125,227.38893127441406,85.61946868896484,75158889,0.0,0.0,yfinance_raw_daily
2003-12-05,227.38893127441406,227.38893127441406,221.2432861328125,227.38893127441406,85.61946868896484,7668029,0.0,0.0,yfinance_raw_daily
2003-12-08,221.2432861328125,233.53457641601562,221.2432861328125,233.53457641601562,87.93354034423828,56784095,0.0,0.0,yfinance_raw_daily
2003-12-09,227.38893127441406,233.53457641601562,227.38893127441406,233.53457641601562,87.93354034423828,29577846,0.0,0.0,yfinance_raw_daily
2003-12-10,227.38893127441406,239.6802215576172,227.38893127441406,239.6802215576172,90.24754333496094,89520681,0.0,0.0,yfinance_raw_daily
2003-12-11,233.53457641601562,239.6802215576172,233.53457641601562,239.6802215576172,90.24754333496094,84157128,0.0,0.0,yfinance_raw_daily
2003-12-12,233.53457641601562,245.8258819580078,233.53457641601562,245.8258819580078,92.56159973144531,143493844,0.0,0.0,yfinance_raw_daily
2003-12-15,245.8258819580078,245.8258819580078,233.53457641601562,239.6802215576172,90.24754333496094,145397630,0.0,0.0,yfinance_raw_daily
2003-12-16,239.6802215576172,245.8258819580078,233.53457641601562,245.8258819580078,92.56159973144531,319842243,0.0,0.0,yfinance_raw_daily
2003-12-17,233.53457641601562,239.6802215576172,227.38893127441406,233.53457641601562,92.5616226196289,114916706,12.291294,0.0,yfinance_raw_daily
2003-12-18,233.53457641601562,239.6802215576172,233.53457641601562,233.53457641601562,92.5616226196289,255524360,0.0,0.0,yfinance_raw_daily
2003-12-19,233.53457641601562,245.8258819580078,233.53457641601562,239.6802215576172,94.99742126464844,249257730,0.0,0.0,yfinance_raw_daily
2003-12-22,239.6802215576172,251.97152709960938,239.6802215576172,251.97152709960938,99.86911010742188,147128530,0.0,0.0,yfinance_raw_daily
2003-12-23,251.97152709960938,258.1171569824219,245.8258819580078,251.97152709960938,99.86911010742188,263239171,0.0,0.0,yfinance_raw_daily
2003-12-24,251.97152709960938,251.97152709960938,251.97152709960938,251.97152709960938,99.86911010742188,0,0.0,0.0,yfinance_raw_daily
2003-12-25,251.97152709960938,251.97152709960938,251.97152709960938,251.97152709960938,99.86911010742188,0,0.0,0.0,yfinance_raw_daily
2003-12-26,251.97152709960938,251.97152709960938,251.97152709960938,251.97152709960938,99.86911010742188,0,0.0,0.0,yfinance_raw_daily
2003-12-29,251.97152709960938,251.97152709960938,245.8258819580078,251.97152709960938,99.86911010742188,50008974,0.0,0.0,yfinance_raw_daily
2003-12-30,251.97152709960938,251.97152709960938,239.6802215576172,245.8258819580078,97.43325805664062,104039087,0.0,0.0,yfinance_raw_daily
2003-12-31,245.8258819580078,245.8258819580078,245.8258819580078,245.8258819580078,97.43325805664062,0,0.0,0.0,yfinance_raw_daily
2004-01-01,245.8258819580078,245.8258819580078,245.8258819580078,245.8258819580078,97.43325805664062,0,0.0,0.0,yfinance_raw_daily
2004-01-02,245.8258819580078,251.97152709960938,239.6802215576172,245.8258819580078,97.43325805664062,121057231,0.0,0.0,yfinance_raw_daily
2004-01-05,251.97152709960938,264.2628173828125,245.8258819580078,258.1171569824219,102.30491638183594,327654684,0.0,0.0,yfinance_raw_daily
2004-01-06,258.1171569824219,258.1171569824219,251.97152709960938,251.97152709960938,99.86911010742188,182570283,0.0,0.0,yfinance_raw_daily
2004-01-07,251.97152709960938,251.97152709960938,245.8258819580078,251.97152709960938,99.86911010742188,21484719,0.0,0.0,yfinance_raw_daily
2004-01-08,251.97152709960938,276.5541076660156,251.97152709960938,276.5541076660156,109.61241149902344,623148393,0.0,0.0,yfinance_raw_daily
2004-01-09,276.5541076660156,307.2823486328125,276.5541076660156,307.2823486328125,121.79154968261719,473540465,0.0,0.0,yfinance_raw_daily
2004-01-12,301.1366882324219,307.2823486328125,288.84539794921875,301.1366882324219,119.35575103759766,119057848,0.0,0.0,yfinance_raw_daily
2004-01-13,294.9910583496094,301.1366882324219,288.84539794921875,294.9910583496094,116.91992950439453,71800821,0.0,0.0,yfinance_raw_daily
2004-01-14,294.9910583496094,307.2823486328125,282.69976806640625,307.2823486328125,121.79154968261719,211470821,0.0,0.0,yfinance_raw_daily
2004-01-15,307.2823486328125,331.86492919921875,307.2823486328125,331.86492919921875,131.534912109375,415527858,0.0,0.0,yfinance_raw_daily
2004-01-16,325.71929931640625,344.1562194824219,325.71929931640625,331.86492919921875,131.534912109375,277918260,0.0,0.0,yfinance_raw_daily
2004-01-19,331.86492919921875,338.0105895996094,319.5736389160156,325.71929931640625,129.09906005859375,96568352,0.0,0.0,yfinance_raw_daily
2004-01-20,331.86492919921875,331.86492919921875,325.71929931640625,331.86492919921875,131.534912109375,64128724,0.0,0.0,yfinance_raw_daily
2004-01-21,331.86492919921875,331.86492919921875,319.5736389160156,325.71929931640625,129.09906005859375,97503974,0.0,0.0,yfinance_raw_daily
2004-01-22,325.71929931640625,325.71929931640625,325.71929931640625,325.71929931640625,129.09906005859375,0,0.0,0.0,yfinance_raw_daily
2004-01-23,325.71929931640625,350.3018798828125,325.71929931640625,350.3018798828125,138.84239196777344,192186846,0.0,0.0,yfinance_raw_daily
2004-01-26,350.3018798828125,368.7388000488281,344.1562194824219,368.7388000488281,146.14988708496094,187313478,0.0,0.0,yfinance_raw_daily
2004-01-27,368.7388000488281,368.7388000488281,319.5736389160156,325.71929931640625,129.09906005859375,833325615,0.0,0.0,yfinance_raw_daily
2004-01-28,325.71929931640625,338.0105895996094,319.5736389160156,325.71929931640625,129.09906005859375,193216030,0.0,0.0,yfinance_raw_daily
2004-01-29,325.71929931640625,325.71929931640625,313.427978515625,325.71929931640625,129.09906005859375,335300339,0.0,0.0,yfinance_raw_daily
2004-01-30,325.71929931640625,325.71929931640625,307.2823486328125,319.5736389160156,126.66322326660156,292035976,0.0,0.0,yfinance_raw_daily
2004-02-02,319.5736389160156,319.5736389160156,319.5736389160156,319.5736389160156,126.66322326660156,0,0.0,0.0,yfinance_raw_daily
2004-02-03,307.2823486328125,319.5736389160156,301.1366882324219,319.5736389160156,126.66322326660156,264593788,0.0,0.0,yfinance_raw_daily
2004-02-04,319.5736389160156,325.71929931640625,313.427978515625,325.71929931640625,129.09906005859375,86404654,0.0,0.0,yfinance_raw_daily
2004-02-05,319.5736389160156,325.71929931640625,319.5736389160156,319.5736389160156,126.66322326660156,15885227,0.0,0.0,yfinance_raw_daily
2004-02-06,325.71929931640625,356.447509765625,325.71929931640625,350.3018798828125,138.84239196777344,489090089,0.0,0.0,yfinance_raw_daily
2004-02-09,350.3018798828125,356.447509765625,338.0105895996094,344.1562194824219,136.40655517578125,107488684,0.0,0.0,yfinance_raw_daily
2004-02-10,344.1562194824219,350.3018798828125,338.0105895996094,344.1562194824219,136.40655517578125,66414895,0.0,0.0,yfinance_raw_daily
2004-02-11,344.1562194824219,344.1562194824219,338.0105895996094,344.1562194824219,136.40655517578125,61525256,0.0,0.0,yfinance_raw_daily
2004-02-12,344.1562194824219,344.1562194824219,338.0105895996094,344.1562194824219,136.40655517578125,259637027,0.0,0.0,yfinance_raw_daily
2004-02-13,338.0105895996094,344.1562194824219,331.86492919921875,344.1562194824219,136.40655517578125,118008325,0.0,0.0,yfinance_raw_daily
2004-02-16,338.0105895996094,344.1562194824219,338.0105895996094,344.1562194824219,136.40655517578125,61443897,0.0,0.0,yfinance_raw_daily
2004-02-17,338.0105895996094,350.3018798828125,338.0105895996094,350.3018798828125,138.84239196777344,124407163,0.0,0.0,yfinance_raw_daily
2004-02-18,350.3018798828125,356.447509765625,344.1562194824219,356.447509765625,141.2781982421875,139149305,0.0,0.0,yfinance_raw_daily
2004-02-19,356.447509765625,387.1757507324219,356.447509765625,381.0301208496094,151.02154541015625,442575458,0.0,0.0,yfinance_raw_daily
2004-02-20,381.0301208496094,381.0301208496094,374.88446044921875,381.0301208496094,151.02154541015625,296897141,0.0,0.0,yfinance_raw_daily
2004-02-23,381.0301208496094,381.0301208496094,381.0301208496094,381.0301208496094,151.02154541015625,0,0.0,0.0,yfinance_raw_daily
2004-02-24,374.88446044921875,374.88446044921875,356.447509765625,368.7388000488281,146.14988708496094,185232737,0.0,0.0,yfinance_raw_daily
2004-02-25,362.5931701660156,368.7388000488281,356.447509765625,368.7388000488281,146.14988708496094,199258925,0.0,0.0,yfinance_raw_daily
2004-02-26,368.7388000488281,374.88446044921875,362.5931701660156,368.7388000488281,146.14988708496094,181929586,0.0,0.0,yfinance_raw_daily
2004-02-27,368.7388000488281,368.7388000488281,344.1562194824219,344.1562194824219,136.40655517578125,227408931,0.0,0.0,yfinance_raw_daily
2004-03-01,350.3018798828125,350.3018798828125,331.86492919921875,344.1562194824219,136.40655517578125,70362812,0.0,0.0,yfinance_raw_daily
2004-03-02,344.1562194824219,368.7388000488281,344.1562194824219,368.7388000488281,146.14988708496094,310933499,0.0,0.0,yfinance_raw_daily
2004-03-03,368.7388000488281,381.0301208496094,362.5931701660156,374.88446044921875,148.58572387695312,241152399,0.0,0.0,yfinance_raw_daily
2004-03-04,374.88446044921875,374.88446044921875,362.5931701660156,374.88446044921875,148.58572387695312,86787039,0.0,0.0,yfinance_raw_daily
2004-03-05,368.7388000488281,368.7388000488281,362.5931701660156,368.7388000488281,146.14988708496094,60764555,0.0,0.0,yfinance_raw_daily
2004-03-08,362.5931701660156,362.5931701660156,356.447509765625,362.5931701660156,143.71405029296875,45965462,0.0,0.0,yfinance_raw_daily
2004-03-09,362.5931701660156,362.5931701660156,350.3018798828125,362.5931701660156,143.71405029296875,204504508,0.0,0.0,yfinance_raw_daily
2004-03-10,362.5931701660156,368.7388000488281,356.447509765625,368.7388000488281,146.14988708496094,184307285,0.0,0.0,yfinance_raw_daily
2004-03-11,368.7388000488281,368.7388000488281,368.7388000488281,368.7388000488281,146.14988708496094,0,0.0,0.0,yfinance_raw_daily
2004-03-12,356.447509765625,356.447509765625,344.1562194824219,344.1562194824219,136.40655517578125,262401179,0.0,0.0,yfinance_raw_daily
2004-03-15,350.3018798828125,350.3018798828125,338.0105895996094,338.0105895996094,133.9707489013672,186619897,0.0,0.0,yfinance_raw_daily
2004-03-16,338.0105895996094,338.0105895996094,319.5736389160156,338.0105895996094,133.9707489013672,280340706,0.0,0.0,yfinance_raw_daily
2004-03-17,338.0105895996094,344.1562194824219,331.86492919921875,344.1562194824219,136.40655517578125,169420732,0.0,0.0,yfinance_raw_daily
2004-03-18,344.1562194824219,344.1562194824219,338.0105895996094,344.1562194824219,136.40655517578125,88058264,0.0,0.0,yfinance_raw_daily
2004-03-19,338.0105895996094,344.1562194824219,338.0105895996094,344.1562194824219,136.40655517578125,32584039,0.0,0.0,yfinance_raw_daily
2004-03-22,344.1562194824219,344.1562194824219,344.1562194824219,344.1562194824219,136.40655517578125,0,0.0,0.0,yfinance_raw_daily
2004-03-23,331.86492919921875,344.1562194824219,331.86492919921875,338.0105895996094,133.9707489013672,225257002,0.0,0.0,yfinance_raw_daily
2004-03-24,331.86492919921875,338.0105895996094,331.86492919921875,338.0105895996094,133.9707489013672,56015258,0.0,0.0,yfinance_raw_daily
2004-03-25,338.0105895996094,338.0105895996094,325.71929931640625,331.86492919921875,131.534912109375,76853178,0.0,0.0,yfinance_raw_daily
2004-03-26,331.86492919921875,331.86492919921875,313.427978515625,325.71929931640625,129.09906005859375,266105020,0.0,0.0,yfinance_raw_daily
2004-03-29,325.71929931640625,325.71929931640625,307.2823486328125,319.5736389160156,126.66322326660156,246851555,0.0,0.0,yfinance_raw_daily
2004-03-30,319.5736389160156,338.0105895996094,313.427978515625,331.86492919921875,131.534912109375,270260401,0.0,0.0,yfinance_raw_daily
2004-03-31,331.86492919921875,344.1562194824219,325.71929931640625,344.1562194824219,136.40655517578125,201349836,0.0,0.0,yfinance_raw_daily
2004-04-01,338.0105895996094,338.0105895996094,325.71929931640625,338.0105895996094,133.9707489013672,233862686,0.0,0.0,yfinance_raw_daily
2004-04-02,338.0105895996094,344.1562194824219,338.0105895996094,344.1562194824219,136.40655517578125,271462471,0.0,0.0,yfinance_raw_daily
2004-04-05,344.1562194824219,344.1562194824219,344.1562194824219,344.1562194824219,136.40655517578125,0,0.0,0.0,yfinance_raw_daily
2004-04-06,350.3018798828125,362.5931701660156,344.1562194824219,362.5931701660156,143.71405029296875,408492390,0.0,0.0,yfinance_raw_daily
2004-04-07,362.5931701660156,362.5931701660156,350.3018798828125,356.447509765625,141.2781982421875,185639529,0.0,0.0,yfinance_raw_daily
2004-04-08,350.3018798828125,362.5931701660156,350.3018798828125,356.447509765625,141.2781982421875,86738224,0.0,0.0,yfinance_raw_daily
2004-04-09,356.447509765625,356.447509765625,356.447509765625,356.447509765625,141.2781982421875,0,0.0,0.0,yfinance_raw_daily
2004-04-12,350.3018798828125,350.3018798828125,344.1562194824219,350.3018798828125,138.84239196777344,15431654,0.0,0.0,yfinance_raw_daily
2004-04-13,350.3018798828125,350.3018798828125,344.1562194824219,350.3018798828125,138.84239196777344,34593591,0.0,0.0,yfinance_raw_daily
2004-04-14,344.1562194824219,356.447509765625,344.1562194824219,356.447509765625,141.2781982421875,86669069,0.0,0.0,yfinance_raw_daily
2004-04-15,356.447509765625,356.447509765625,338.0105895996094,350.3018798828125,138.84239196777344,234485078,0.0,0.0,yfinance_raw_daily
2004-04-16,344.1562194824219,350.3018798828125,344.1562194824219,350.3018798828125,138.84239196777344,147360402,0.0,0.0,yfinance_raw_daily
2004-04-19,350.3018798828125,368.7388000488281,350.3018798828125,356.447509765625,141.2781982421875,262209987,0.0,0.0,yfinance_raw_daily
2004-04-20,356.447509765625,368.7388000488281,356.447509765625,368.7388000488281,146.14988708496094,391516960,0.0,0.0,yfinance_raw_daily
2004-04-21,368.7388000488281,381.0301208496094,368.7388000488281,381.0301208496094,151.02154541015625,671090864,0.0,0.0,yfinance_raw_daily
2004-04-22,381.0301208496094,381.0301208496094,362.5931701660156,374.88446044921875,148.58572387695312,174442579,0.0,0.0,yfinance_raw_daily
2004-04-23,374.88446044921875,381.0301208496094,368.7388000488281,381.0301208496094,151.02154541015625,200092848,0.0,0.0,yfinance_raw_daily
2004-04-26,374.88446044921875,381.0301208496094,368.7388000488281,374.88446044921875,148.58572387695312,261982183,0.0,0.0,yfinance_raw_daily
2004-04-27,374.88446044921875,381.0301208496094,374.88446044921875,381.0301208496094,151.02154541015625,96661915,0.0,0.0,yfinance_raw_daily
2004-04-28,374.88446044921875,374.88446044921875,368.7388000488281,374.88446044921875,148.58572387695312,270937709,0.0,0.0,yfinance_raw_daily
2004-04-29,368.7388000488281,368.7388000488281,362.5931701660156,368.7388000488281,146.14988708496094,145889848,0.0,0.0,yfinance_raw_daily
2004-04-30,362.5931701660156,362.5931701660156,350.3018798828125,356.447509765625,141.2781982421875,158138356,0.0,0.0,yfinance_raw_daily
2004-05-03,356.447509765625,356.447509765625,356.447509765625,356.447509765625,141.2781982421875,0,0.0,0.0,yfinance_raw_daily
2004-05-04,356.447509765625,356.447509765625,344.1562194824219,356.447509765625,141.2781982421875,139633387,0.0,0.0,yfinance_raw_daily
2004-05-05,350.3018798828125,350.3018798828125,325.71929931640625,338.0105895996094,133.9707489013672,197916511,0.0,0.0,yfinance_raw_daily
2004-05-06,338.0105895996094,338.0105895996094,319.5736389160156,325.71929931640625,129.09906005859375,252530371,0.0,0.0,yfinance_raw_daily
2004-05-07,325.71929931640625,331.86492919921875,319.5736389160156,331.86492919921875,131.534912109375,183491667,0.0,0.0,yfinance_raw_daily
2004-05-10,319.5736389160156,319.5736389160156,294.9910583496094,294.9910583496094,116.91992950439453,289513866,0.0,0.0,yfinance_raw_daily
2004-05-11,294.9910583496094,313.427978515625,294.9910583496094,313.427978515625,124.22740173339844,202639366,0.0,0.0,yfinance_raw_daily
2004-05-12,313.427978515625,331.86492919921875,313.427978515625,331.86492919921875,131.534912109375,327650616,0.0,0.0,yfinance_raw_daily
2004-05-13,325.71929931640625,338.0105895996094,319.5736389160156,338.0105895996094,133.9707489013672,211714896,0.0,0.0,yfinance_raw_daily
2004-05-14,338.0105895996094,338.0105895996094,307.2823486328125,319.5736389160156,126.66322326660156,332119226,0.0,0.0,yfinance_raw_daily
2004-05-17,294.9910583496094,307.2823486328125,276.5541076660156,288.84539794921875,114.48409271240234,332168041,0.0,0.0,yfinance_raw_daily
2004-05-18,288.84539794921875,301.1366882324219,276.5541076660156,282.69976806640625,112.04826354980469,205145205,0.0,0.0,yfinance_raw_daily
2004-05-19,288.84539794921875,294.9910583496094,288.84539794921875,294.9910583496094,116.91992950439453,148058050,0.0,0.0,yfinance_raw_daily
2004-05-20,294.9910583496094,294.9910583496094,294.9910583496094,294.9910583496094,116.91992950439453,0,0.0,0.0,yfinance_raw_daily
2004-05-21,294.9910583496094,313.427978515625,294.9910583496094,307.2823486328125,121.79154968261719,205090288,0.0,0.0,yfinance_raw_daily
2004-05-24,307.2823486328125,307.2823486328125,301.1366882324219,307.2823486328125,121.79154968261719,82513689,0.0,0.0,yfinance_raw_daily
2004-05-25,301.1366882324219,301.1366882324219,288.84539794921875,294.9910583496094,116.91992950439453,208204281,0.0,0.0,yfinance_raw_daily
2004-05-26,294.9910583496094,307.2823486328125,294.9910583496094,301.1366882324219,119.35575103759766,149060792,0.0,0.0,yfinance_raw_daily
2004-05-27,301.1366882324219,307.2823486328125,301.1366882324219,307.2823486328125,121.79154968261719,60750317,0.0,0.0,yfinance_raw_daily
2004-05-28,307.2823486328125,313.427978515625,301.1366882324219,313.427978515625,124.22740173339844,156055581,0.0,0.0,yfinance_raw_daily
2004-05-31,307.2823486328125,307.2823486328125,301.1366882324219,307.2823486328125,121.79154968261719,52207685,0.0,0.0,yfinance_raw_daily
2004-06-01,307.2823486328125,313.427978515625,307.2823486328125,313.427978515625,124.22740173339844,81057373,0.0,0.0,yfinance_raw_daily
2004-06-02,307.2823486328125,307.2823486328125,288.84539794921875,294.9910583496094,116.91992950439453,205509284,0.0,0.0,yfinance_raw_daily
2004-06-03,294.9910583496094,294.9910583496094,294.9910583496094,294.9910583496094,116.91992950439453,0,0.0,0.0,yfinance_raw_daily
2004-06-04,288.84539794921875,288.84539794921875,270.4084777832031,276.5541076660156,109.61241149902344,601083995,0.0,0.0,yfinance_raw_daily
2004-06-07,276.5541076660156,282.69976806640625,270.4084777832031,276.5541076660156,109.61241149902344,485886602,0.0,0.0,yfinance_raw_daily
2004-06-08,276.5541076660156,282.69976806640625,276.5541076660156,282.69976806640625,112.04826354980469,246936981,0.0,0.0,yfinance_raw_daily
2004-06-09,282.69976806640625,294.9910583496094,282.69976806640625,294.9910583496094,116.91992950439453,274940543,0.0,0.0,yfinance_raw_daily
2004-06-10,288.84539794921875,301.1366882324219,288.84539794921875,294.9910583496094,116.91992950439453,225964820,0.0,0.0,yfinance_raw_daily
2004-06-11,294.9910583496094,301.1366882324219,288.84539794921875,294.9910583496094,116.91992950439453,150484564,0.0,0.0,yfinance_raw_daily
2004-06-14,282.69976806640625,282.69976806640625,270.4084777832031,276.5541076660156,115.88977813720703,48613677,15.978682,0.0,yfinance_raw_daily
2004-06-15,276.5541076660156,282.69976806640625,270.4084777832031,282.69976806640625,118.46512603759766,237767890,0.0,0.0,yfinance_raw_daily
2004-06-16,282.69976806640625,282.69976806640625,276.5541076660156,282.69976806640625,118.46512603759766,59151624,0.0,0.0,yfinance_raw_daily
2004-06-17,276.5541076660156,276.5541076660156,270.4084777832031,276.5541076660156,115.88977813720703,59188236,0.0,0.0,yfinance_raw_daily
2004-06-18,270.4084777832031,270.4084777832031,258.1171569824219,264.2628173828125,110.73916625976562,137491628,0.0,0.0,yfinance_raw_daily
2004-06-21,264.2628173828125,270.4084777832031,258.1171569824219,270.4084777832031,113.31448364257812,44913904,0.0,0.0,yfinance_raw_daily
2004-06-22,270.4084777832031,270.4084777832031,264.2628173828125,270.4084777832031,113.31448364257812,59936733,0.0,0.0,yfinance_raw_daily
2004-06-23,270.4084777832031,276.5541076660156,264.2628173828125,270.4084777832031,113.31448364257812,78266780,0.0,0.0,yfinance_raw_daily
2004-06-24,270.4084777832031,276.5541076660156,264.2628173828125,276.5541076660156,115.88977813720703,79196300,0.0,0.0,yfinance_raw_daily
2004-06-25,276.5541076660156,282.69976806640625,270.4084777832031,282.69976806640625,118.46512603759766,80174635,0.0,0.0,yfinance_raw_daily
2004-06-28,282.69976806640625,288.84539794921875,276.5541076660156,288.84539794921875,121.04044342041016,161006239,0.0,0.0,yfinance_raw_daily
2004-06-29,282.69976806640625,288.84539794921875,276.5541076660156,288.84539794921875,121.04044342041016,14225516,0.0,0.0,yfinance_raw_daily
2004-06-30,288.84539794921875,288.84539794921875,282.69976806640625,288.84539794921875,121.04044342041016,94514053,0.0,0.0,yfinance_raw_daily
2004-07-01,288.84539794921875,294.9910583496094,282.69976806640625,294.9910583496094,123.61577606201172,104490627,0.0,0.0,yfinance_raw_daily
2004-07-02,288.84539794921875,301.1366882324219,288.84539794921875,294.9910583496094,123.61577606201172,216567924,0.0,0.0,yfinance_raw_daily
2004-07-05,294.9910583496094,294.9910583496094,294.9910583496094,294.9910583496094,123.61577606201172,0,0.0,0.0,yfinance_raw_daily
2004-07-06,301.1366882324219,319.5736389160156,301.1366882324219,319.5736389160156,133.9170684814453,316295017,0.0,0.0,yfinance_raw_daily
2004-07-07,313.427978515625,319.5736389160156,307.2823486328125,313.427978515625,131.3417510986328,89709839,0.0,0.0,yfinance_raw_daily
2004-07-08,307.2823486328125,313.427978515625,301.1366882324219,307.2823486328125,128.76641845703125,82879802,0.0,0.0,yfinance_raw_daily
2004-07-09,301.1366882324219,307.2823486328125,301.1366882324219,307.2823486328125,128.76641845703125,136871270,0.0,0.0,yfinance_raw_daily
2004-07-12,307.2823486328125,313.427978515625,301.1366882324219,307.2823486328125,128.76641845703125,86252107,0.0,0.0,yfinance_raw_daily
2004-07-13,301.1366882324219,307.2823486328125,301.1366882324219,307.2823486328125,128.76641845703125,33969165,0.0,0.0,yfinance_raw_daily
2004-07-14,301.1366882324219,307.2823486328125,288.84539794921875,294.9910583496094,123.61577606201172,104214008,0.0,0.0,yfinance_raw_daily
2004-07-15,294.9910583496094,301.1366882324219,288.84539794921875,294.9910583496094,123.61577606201172,70102465,0.0,0.0,yfinance_raw_daily
2004-07-16,294.9910583496094,301.1366882324219,288.84539794921875,301.1366882324219,126.19110870361328,71066562,0.0,0.0,yfinance_raw_daily
2004-07-19,301.1366882324219,301.1366882324219,288.84539794921875,294.9910583496094,123.61577606201172,64767388,0.0,0.0,yfinance_raw_daily
2004-07-20,294.9910583496094,301.1366882324219,294.9910583496094,301.1366882324219,126.19110870361328,69496345,0.0,0.0,yfinance_raw_daily
2004-07-21,301.1366882324219,307.2823486328125,294.9910583496094,307.2823486328125,128.76641845703125,93360797,0.0,0.0,yfinance_raw_daily
2004-07-22,301.1366882324219,307.2823486328125,301.1366882324219,307.2823486328125,128.76641845703125,47541781,0.0,0.0,yfinance_raw_daily
2004-07-23,301.1366882324219,307.2823486328125,301.1366882324219,307.2823486328125,128.76641845703125,24238701,0.0,0.0,yfinance_raw_daily
2004-07-26,307.2823486328125,307.2823486328125,294.9910583496094,307.2823486328125,128.76641845703125,122019294,0.0,0.0,yfinance_raw_daily
2004-07-27,307.2823486328125,307.2823486328125,301.1366882324219,307.2823486328125,128.76641845703125,32748789,0.0,0.0,yfinance_raw_daily
2004-07-28,307.2823486328125,307.2823486328125,301.1366882324219,307.2823486328125,128.76641845703125,45979699,0.0,0.0,yfinance_raw_daily
2004-07-29,307.2823486328125,307.2823486328125,301.1366882324219,307.2823486328125,128.76641845703125,43331483,0.0,0.0,yfinance_raw_daily
2004-07-30,307.2823486328125,307.2823486328125,301.1366882324219,307.2823486328125,128.76641845703125,43392502,0.0,0.0,yfinance_raw_daily
2004-08-02,301.1366882324219,307.2823486328125,301.1366882324219,307.2823486328125,128.76641845703125,7674131,0.0,0.0,yfinance_raw_daily
2004-08-03,307.2823486328125,313.427978515625,301.1366882324219,313.427978515625,131.3417510986328,135986497,0.0,0.0,yfinance_raw_daily
2004-08-04,307.2823486328125,313.427978515625,307.2823486328125,313.427978515625,131.3417510986328,67934264,0.0,0.0,yfinance_raw_daily
2004-08-05,307.2823486328125,313.427978515625,307.2823486328125,307.2823486328125,128.76641845703125,121714200,0.0,0.0,yfinance_raw_daily
2004-08-06,307.2823486328125,307.2823486328125,301.1366882324219,307.2823486328125,128.76641845703125,1234613,0.0,0.0,yfinance_raw_daily
2004-08-09,301.1366882324219,307.2823486328125,294.9910583496094,301.1366882324219,126.19110870361328,50964935,0.0,0.0,yfinance_raw_daily
2004-08-10,301.1366882324219,307.2823486328125,301.1366882324219,307.2823486328125,128.76641845703125,20260275,0.0,0.0,yfinance_raw_daily
2004-08-11,301.1366882324219,307.2823486328125,294.9910583496094,307.2823486328125,128.76641845703125,200259633,0.0,0.0,yfinance_raw_daily
2004-08-12,307.2823486328125,307.2823486328125,301.1366882324219,307.2823486328125,128.76641845703125,115634693,0.0,0.0,yfinance_raw_daily
2004-08-13,301.1366882324219,301.1366882324219,294.9910583496094,301.1366882324219,126.19110870361328,50108638,0.0,0.0,yfinance_raw_daily
2004-08-16,294.9910583496094,301.1366882324219,294.9910583496094,301.1366882324219,126.19110870361328,15437756,0.0,0.0,yfinance_raw_daily
2004-08-17,301.1366882324219,301.1366882324219,301.1366882324219,301.1366882324219,126.19110870361328,0,0.0,0.0,yfinance_raw_daily
2004-08-18,301.1366882324219,301.1366882324219,294.9910583496094,301.1366882324219,126.19110870361328,18482594,0.0,0.0,yfinance_raw_daily
2004-08-19,294.9910583496094,301.1366882324219,294.9910583496094,301.1366882324219,126.19110870361328,42680616,0.0,0.0,yfinance_raw_daily
2004-08-20,301.1366882324219,301.1366882324219,294.9910583496094,301.1366882324219,126.19110870361328,14306874,0.0,0.0,yfinance_raw_daily
2004-08-23,294.9910583496094,301.1366882324219,294.9910583496094,294.9910583496094,123.61577606201172,62957163,0.0,0.0,yfinance_raw_daily
2004-08-24,294.9910583496094,294.9910583496094,282.69976806640625,288.84539794921875,121.04044342041016,198288726,0.0,0.0,yfinance_raw_daily
2004-08-25,288.84539794921875,288.84539794921875,282.69976806640625,288.84539794921875,121.04044342041016,38478455,0.0,0.0,yfinance_raw_daily
2004-08-26,288.84539794921875,301.1366882324219,288.84539794921875,301.1366882324219,126.19110870361328,133840669,0.0,0.0,yfinance_raw_daily
2004-08-27,294.9910583496094,307.2823486328125,294.9910583496094,307.2823486328125,128.76641845703125,329560504,0.0,0.0,yfinance_raw_daily
2004-08-30,301.1366882324219,313.427978515625,301.1366882324219,313.427978515625,131.3417510986328,59662148,0.0,0.0,yfinance_raw_daily
2004-08-31,313.427978515625,319.5736389160156,307.2823486328125,307.2823486328125,128.76641845703125,212369831,0.0,0.0,yfinance_raw_daily
2004-09-01,307.2823486328125,319.5736389160156,307.2823486328125,319.5736389160156,133.9170684814453,208847012,0.0,0.0,yfinance_raw_daily
2004-09-02,319.5736389160156,331.86492919921875,313.427978515625,325.71929931640625,136.49241638183594,368323714,0.0,0.0,yfinance_raw_daily
2004-09-03,331.86492919921875,338.0105895996094,325.71929931640625,331.86492919921875,139.06773376464844,146603768,0.0,0.0,yfinance_raw_daily
2004-09-06,331.86492919921875,344.1562194824219,331.86492919921875,338.0105895996094,141.64308166503906,216602502,0.0,0.0,yfinance_raw_daily
2004-09-07,344.1562194824219,344.1562194824219,338.0105895996094,344.1562194824219,144.21839904785156,110380975,0.0,0.0,yfinance_raw_daily
2004-09-08,344.1562194824219,344.1562194824219,331.86492919921875,344.1562194824219,144.21839904785156,99293859,0.0,0.0,yfinance_raw_daily
2004-09-09,344.1562194824219,350.3018798828125,319.5736389160156,344.1562194824219,144.21839904785156,610680218,0.0,0.0,yfinance_raw_daily
2004-09-10,344.1562194824219,350.3018798828125,338.0105895996094,350.3018798828125,146.793701171875,225332258,0.0,0.0,yfinance_raw_daily
2004-09-13,350.3018798828125,350.3018798828125,350.3018798828125,350.3018798828125,146.793701171875,0,0.0,0.0,yfinance_raw_daily
2004-09-14,350.3018798828125,362.5931701660156,344.1562194824219,350.3018798828125,146.793701171875,233569796,0.0,0.0,yfinance_raw_daily
2004-09-15,350.3018798828125,362.5931701660156,344.1562194824219,356.447509765625,149.3690185546875,287241933,0.0,0.0,yfinance_raw_daily
2004-09-16,356.447509765625,356.447509765625,344.1562194824219,356.447509765625,149.3690185546875,77103355,0.0,0.0,yfinance_raw_daily
2004-09-17,356.447509765625,356.447509765625,344.1562194824219,356.447509765625,149.3690185546875,208202247,0.0,0.0,yfinance_raw_daily
2004-09-20,356.447509765625,356.447509765625,356.447509765625,356.447509765625,149.3690185546875,0,0.0,0.0,yfinance_raw_daily
2004-09-21,356.447509765625,362.5931701660156,350.3018798828125,362.5931701660156,151.9443817138672,359976342,0.0,0.0,yfinance_raw_daily
2004-09-22,362.5931701660156,362.5931701660156,350.3018798828125,356.447509765625,149.3690185546875,115034675,0.0,0.0,yfinance_raw_daily
2004-09-23,356.447509765625,362.5931701660156,356.447509765625,362.5931701660156,151.9443817138672,110159273,0.0,0.0,yfinance_raw_daily
2004-09-24,356.447509765625,362.5931701660156,356.447509765625,362.5931701660156,151.9443817138672,84663585,0.0,0.0,yfinance_raw_daily
2004-09-27,362.5931701660156,362.5931701660156,350.3018798828125,356.447509765625,149.3690185546875,69431258,0.0,0.0,yfinance_raw_daily
2004-09-28,350.3018798828125,356.447509765625,344.1562194824219,344.1562194824219,144.21839904785156,72455757,0.0,0.0,yfinance_raw_daily
2004-09-29,344.1562194824219,350.3018798828125,344.1562194824219,350.3018798828125,146.793701171875,58787545,0.0,0.0,yfinance_raw_daily
2004-09-30,350.3018798828125,356.447509765625,344.1562194824219,356.447509765625,149.3690185546875,61309656,0.0,0.0,yfinance_raw_daily
2004-10-01,350.3018798828125,362.5931701660156,350.3018798828125,356.447509765625,149.3690185546875,40400547,0.0,0.0,yfinance_raw_daily
2004-10-04,356.447509765625,381.0301208496094,356.447509765625,374.88446044921875,157.0950469970703,430286271,0.0,0.0,yfinance_raw_daily
2004-10-05,374.88446044921875,387.1757507324219,368.7388000488281,387.1757507324219,162.2457275390625,197178184,0.0,0.0,yfinance_raw_daily
2004-10-06,387.1757507324219,387.1757507324219,374.88446044921875,381.0301208496094,159.6703643798828,61441863,0.0,0.0,yfinance_raw_daily
2004-10-07,374.88446044921875,381.0301208496094,368.7388000488281,381.0301208496094,159.6703643798828,109699598,0.0,0.0,yfinance_raw_daily
2004-10-08,374.88446044921875,387.1757507324219,374.88446044921875,387.1757507324219,162.2457275390625,113480730,0.0,0.0,yfinance_raw_daily
2004-10-11,381.0301208496094,387.1757507324219,374.88446044921875,381.0301208496094,159.6703643798828,66054884,0.0,0.0,yfinance_raw_daily
2004-10-12,374.88446044921875,381.0301208496094,362.5931701660156,362.5931701660156,151.9443817138672,101671558,0.0,0.0,yfinance_raw_daily
2004-10-13,368.7388000488281,387.1757507324219,368.7388000488281,387.1757507324219,162.2457275390625,175557189,0.0,0.0,yfinance_raw_daily
2004-10-14,387.1757507324219,387.1757507324219,374.88446044921875,381.0301208496094,159.6703643798828,83823559,0.0,0.0,yfinance_raw_daily
2004-10-15,374.88446044921875,374.88446044921875,368.7388000488281,374.88446044921875,157.0950469970703,130061572,0.0,0.0,yfinance_raw_daily
2004-10-18,374.88446044921875,374.88446044921875,362.5931701660156,368.7388000488281,154.5196990966797,101722407,0.0,0.0,yfinance_raw_daily
2004-10-19,368.7388000488281,374.88446044921875,362.5931701660156,362.5931701660156,151.9443817138672,158970245,0.0,0.0,yfinance_raw_daily
2004-10-20,362.5931701660156,362.5931701660156,350.3018798828125,356.447509765625,149.3690185546875,164093790,0.0,0.0,yfinance_raw_daily
2004-10-21,356.447509765625,356.447509765625,350.3018798828125,356.447509765625,149.3690185546875,156663735,0.0,0.0,yfinance_raw_daily
2004-10-22,356.447509765625,368.7388000488281,350.3018798828125,368.7388000488281,154.5196990966797,137058394,0.0,0.0,yfinance_raw_daily
2004-10-25,356.447509765625,368.7388000488281,356.447509765625,368.7388000488281,154.5196990966797,82822851,0.0,0.0,yfinance_raw_daily
2004-10-26,362.5931701660156,362.5931701660156,356.447509765625,362.5931701660156,151.9443817138672,34524437,0.0,0.0,yfinance_raw_daily
2004-10-27,362.5931701660156,374.88446044921875,362.5931701660156,374.88446044921875,157.0950469970703,96342583,0.0,0.0,yfinance_raw_daily
2004-10-28,374.88446044921875,387.1757507324219,374.88446044921875,387.1757507324219,162.2457275390625,325368513,0.0,0.0,yfinance_raw_daily
2004-10-29,387.1757507324219,393.3214111328125,381.0301208496094,387.1757507324219,162.2457275390625,120682982,0.0,0.0,yfinance_raw_daily
2004-11-01,387.1757507324219,399.467041015625,387.1757507324219,399.467041015625,167.3963623046875,259557703,0.0,0.0,yfinance_raw_daily
2004-11-02,399.467041015625,411.7583312988281,393.3214111328125,411.7583312988281,172.5470428466797,190728497,0.0,0.0,yfinance_raw_daily
2004-11-03,411.7583312988281,424.0496520996094,405.6127014160156,417.90399169921875,175.12237548828125,225694303,0.0,0.0,yfinance_raw_daily
2004-11-04,417.90399169921875,424.0496520996094,405.6127014160156,417.90399169921875,175.12237548828125,150136757,0.0,0.0,yfinance_raw_daily
2004-11-05,411.7583312988281,417.90399169921875,405.6127014160156,411.7583312988281,172.5470428466797,43652849,0.0,0.0,yfinance_raw_daily
2004-11-08,405.6127014160156,405.6127014160156,393.3214111328125,399.467041015625,167.3963623046875,138683528,0.0,0.0,yfinance_raw_daily
2004-11-09,399.467041015625,411.7583312988281,393.3214111328125,405.6127014160156,169.9716796875,118077479,0.0,0.0,yfinance_raw_daily
2004-11-10,405.6127014160156,417.90399169921875,405.6127014160156,417.90399169921875,175.12237548828125,74770403,0.0,0.0,yfinance_raw_daily
2004-11-11,417.90399169921875,424.0496520996094,411.7583312988281,411.7583312988281,172.5470428466797,58783477,0.0,0.0,yfinance_raw_daily
2004-11-12,411.7583312988281,424.0496520996094,411.7583312988281,417.90399169921875,175.12237548828125,103516360,0.0,0.0,yfinance_raw_daily
2004-11-15,417.90399169921875,417.90399169921875,417.90399169921875,417.90399169921875,175.12237548828125,0,0.0,0.0,yfinance_raw_daily
2004-11-16,417.90399169921875,417.90399169921875,417.90399169921875,417.90399169921875,175.12237548828125,0,0.0,0.0,yfinance_raw_daily
2004-11-17,417.90399169921875,417.90399169921875,417.90399169921875,417.90399169921875,175.12237548828125,0,0.0,0.0,yfinance_raw_daily
2004-11-18,417.90399169921875,417.90399169921875,417.90399169921875,417.90399169921875,175.12237548828125,0,0.0,0.0,yfinance_raw_daily
2004-11-19,417.90399169921875,417.90399169921875,417.90399169921875,417.90399169921875,175.12237548828125,0,0.0,0.0,yfinance_raw_daily
2004-11-22,424.0496520996094,442.486572265625,417.90399169921875,436.3409423828125,182.8483123779297,185763600,0.0,0.0,yfinance_raw_daily
2004-11-23,436.3409423828125,479.3604736328125,436.3409423828125,460.92352294921875,193.14964294433594,352546286,0.0,0.0,yfinance_raw_daily
2004-11-24,460.92352294921875,460.92352294921875,442.486572265625,448.6322326660156,187.9989776611328,282333987,0.0,0.0,yfinance_raw_daily
2004-11-25,448.6322326660156,448.6322326660156,436.3409423828125,442.486572265625,185.42367553710938,362913380,0.0,0.0,yfinance_raw_daily
2004-11-26,442.486572265625,454.7778625488281,436.3409423828125,448.6322326660156,187.9989776611328,209904672,0.0,0.0,yfinance_raw_daily
2004-11-29,448.6322326660156,448.6322326660156,442.486572265625,442.486572265625,185.42367553710938,190917655,0.0,0.0,yfinance_raw_daily
2004-11-30,448.6322326660156,454.7778625488281,448.6322326660156,448.6322326660156,187.9989776611328,189591513,0.0,0.0,yfinance_raw_daily
2004-12-01,454.7778625488281,467.06915283203125,448.6322326660156,467.06915283203125,195.7250213623047,231755504,0.0,0.0,yfinance_raw_daily
2004-12-02,467.06915283203125,491.6517639160156,467.06915283203125,485.506103515625,203.4509735107422,325706150,0.0,0.0,yfinance_raw_daily
2004-12-03,485.506103515625,485.506103515625,467.06915283203125,467.06915283203125,195.7250213623047,235333239,0.0,0.0,yfinance_raw_daily
2004-12-06,467.06915283203125,473.2148132324219,460.92352294921875,473.2148132324219,198.30027770996094,162987316,0.0,0.0,yfinance_raw_daily
2004-12-07,473.2148132324219,485.506103515625,473.2148132324219,479.3604736328125,200.87564086914062,138022491,0.0,0.0,yfinance_raw_daily
2004-12-08,479.3604736328125,485.506103515625,473.2148132324219,479.3604736328125,200.87564086914062,150266930,0.0,0.0,yfinance_raw_daily
2004-12-09,479.3604736328125,479.3604736328125,460.92352294921875,467.06915283203125,195.7250213623047,184803571,0.0,0.0,yfinance_raw_daily
2004-12-10,460.92352294921875,467.06915283203125,442.486572265625,454.7778625488281,190.57427978515625,323924401,0.0,0.0,yfinance_raw_daily
2004-12-13,454.7778625488281,454.7778625488281,436.3409423828125,442.486572265625,185.42367553710938,131544329,0.0,0.0,yfinance_raw_daily
2004-12-14,442.486572265625,448.6322326660156,436.3409423828125,436.3409423828125,182.8483123779297,71668614,0.0,0.0,yfinance_raw_daily
2004-12-15,442.486572265625,448.6322326660156,430.1952819824219,442.486572265625,185.42367553710938,156149143,0.0,0.0,yfinance_raw_daily
2004-12-16,442.486572265625,448.6322326660156,442.486572265625,448.6322326660156,187.9989776611328,102066146,0.0,0.0,yfinance_raw_daily
2004-12-17,442.486572265625,460.92352294921875,436.3409423828125,460.92352294921875,199.71563720703125,230945988,14.749553,0.0,yfinance_raw_daily
2004-12-20,454.7778625488281,454.7778625488281,442.486572265625,448.6322326660156,194.389892578125,152685309,0.0,0.0,yfinance_raw_daily
2004-12-21,454.7778625488281,473.2148132324219,442.486572265625,473.2148132324219,205.04136657714844,235119674,0.0,0.0,yfinance_raw_daily
2004-12-22,473.2148132324219,479.3604736328125,467.06915283203125,473.2148132324219,205.04136657714844,235046451,0.0,0.0,yfinance_raw_daily
2004-12-23,473.2148132324219,473.2148132324219,467.06915283203125,473.2148132324219,205.04136657714844,39743578,0.0,0.0,yfinance_raw_daily
2004-12-24,473.2148132324219,473.2148132324219,473.2148132324219,473.2148132324219,205.04136657714844,0,0.0,0.0,yfinance_raw_daily
2004-12-27,473.2148132324219,479.3604736328125,467.06915283203125,479.3604736328125,207.70425415039062,52132428,0.0,0.0,yfinance_raw_daily
2004-12-28,479.3604736328125,479.3604736328125,473.2148132324219,479.3604736328125,207.70425415039062,30560249,0.0,0.0,yfinance_raw_daily
2004-12-29,479.3604736328125,485.506103515625,467.06915283203125,479.3604736328125,207.70425415039062,206530332,0.0,0.0,yfinance_raw_daily
2004-12-30,479.3604736328125,479.3604736328125,467.06915283203125,473.2148132324219,205.04136657714844,74213098,0.0,0.0,yfinance_raw_daily
2004-12-31,473.2148132324219,473.2148132324219,473.2148132324219,473.2148132324219,205.04136657714844,0,0.0,0.0,yfinance_raw_daily
2005-01-03,474.4439392089844,474.4439392089844,454.7778625488281,462.15264892578125,200.24822998046875,95398825,0.0,0.0,yfinance_raw_daily
2005-01-04,462.15264892578125,491.6517639160156,462.15264892578125,491.6517639160156,213.03001403808594,380722734,0.0,0.0,yfinance_raw_daily
2005-01-05,491.6517639160156,503.94305419921875,485.506103515625,491.6517639160156,213.03001403808594,242069715,0.0,0.0,yfinance_raw_daily
2005-01-06,485.506103515625,503.94305419921875,485.506103515625,503.94305419921875,218.35577392578125,158726170,0.0,0.0,yfinance_raw_daily
2005-01-07,503.94305419921875,503.94305419921875,485.506103515625,491.6517639160156,213.03001403808594,343273463,0.0,0.0,yfinance_raw_daily
2005-01-10,485.506103515625,491.6517639160156,467.06915283203125,473.2148132324219,205.04136657714844,282118387,0.0,0.0,yfinance_raw_daily
2005-01-11,467.06915283203125,474.4439392089844,464.61090087890625,471.9856872558594,204.50881958007812,130893461,0.0,0.0,yfinance_raw_daily
2005-01-12,469.5274353027344,469.5274353027344,464.61090087890625,467.06915283203125,202.37857055664062,63628370,0.0,0.0,yfinance_raw_daily
2005-01-13,469.5274353027344,474.4439392089844,469.5274353027344,471.9856872558594,204.50881958007812,102940749,0.0,0.0,yfinance_raw_daily
2005-01-14,471.9856872558594,471.9856872558594,459.69439697265625,459.69439697265625,199.1830596923828,120180594,0.0,0.0,yfinance_raw_daily
2005-01-17,459.69439697265625,467.06915283203125,459.69439697265625,464.61090087890625,201.3133544921875,76184005,0.0,0.0,yfinance_raw_daily
2005-01-18,464.61090087890625,464.61090087890625,452.3196105957031,457.23614501953125,198.11790466308594,116822526,0.0,0.0,yfinance_raw_daily
2005-01-19,457.23614501953125,464.61090087890625,457.23614501953125,462.15264892578125,200.24822998046875,129443248,0.0,0.0,yfinance_raw_daily
2005-01-20,462.15264892578125,469.5274353027344,457.23614501953125,469.5274353027344,203.4436798095703,149536739,0.0,0.0,yfinance_raw_daily
2005-01-24,469.5274353027344,476.9021911621094,467.06915283203125,476.9021911621094,206.63914489746094,146070871,0.0,0.0,yfinance_raw_daily
2005-01-25,476.9021911621094,484.2769775390625,474.4439392089844,476.9021911621094,206.63914489746094,173905613,0.0,0.0,yfinance_raw_daily
2005-01-26,479.3604736328125,479.3604736328125,474.4439392089844,474.4439392089844,205.573974609375,97351427,0.0,0.0,yfinance_raw_daily
2005-01-27,476.9021911621094,486.7352294921875,474.4439392089844,481.8187255859375,208.7694091796875,174973442,0.0,0.0,yfinance_raw_daily
2005-01-28,481.8187255859375,481.8187255859375,474.4439392089844,476.9021911621094,206.63914489746094,108104974,0.0,0.0,yfinance_raw_daily
2005-01-31,474.4439392089844,479.3604736328125,474.4439392089844,476.9021911621094,206.63914489746094,81500777,0.0,0.0,yfinance_raw_daily
2005-02-01,476.9021911621094,476.9021911621094,471.9856872558594,474.4439392089844,205.573974609375,108548377,0.0,0.0,yfinance_raw_daily
2005-02-02,474.4439392089844,476.9021911621094,471.9856872558594,474.4439392089844,205.573974609375,219462250,0.0,0.0,yfinance_raw_daily
2005-02-03,474.4439392089844,474.4439392089844,457.23614501953125,464.61090087890625,201.3133544921875,345307423,0.0,0.0,yfinance_raw_daily
2005-02-04,462.15264892578125,462.15264892578125,444.94482421875,449.8613586425781,194.92247009277344,483718401,0.0,0.0,yfinance_raw_daily
2005-02-07,449.8613586425781,452.3196105957031,430.1952819824219,435.1117858886719,188.53152465820312,491943735,0.0,0.0,yfinance_raw_daily
2005-02-08,432.6535339355469,447.4031066894531,430.1952819824219,437.570068359375,189.59671020507812,412100635,0.0,0.0,yfinance_raw_daily
2005-02-11,442.486572265625,452.3196105957031,437.570068359375,449.8613586425781,194.92247009277344,349479075,0.0,0.0,yfinance_raw_daily
2005-02-14,449.8613586425781,457.23614501953125,449.8613586425781,452.3196105957031,195.9876251220703,238101459,0.0,0.0,yfinance_raw_daily
2005-02-15,452.3196105957031,454.7778625488281,442.486572265625,447.4031066894531,193.8573455810547,257411875,0.0,0.0,yfinance_raw_daily
2005-02-16,447.4031066894531,457.23614501953125,447.4031066894531,452.3196105957031,195.9876251220703,223617630,0.0,0.0,yfinance_raw_daily
2005-02-17,452.3196105957031,467.06915283203125,452.3196105957031,459.69439697265625,199.1830596923828,468260305,0.0,0.0,yfinance_raw_daily
2005-02-18,454.7778625488281,459.69439697265625,449.8613586425781,459.69439697265625,199.1830596923828,71794720,0.0,0.0,yfinance_raw_daily
2005-02-21,457.23614501953125,462.15264892578125,454.7778625488281,459.69439697265625,199.1830596923828,63363955,0.0,0.0,yfinance_raw_daily
2005-02-22,459.69439697265625,471.9856872558594,457.23614501953125,471.9856872558594,204.50881958007812,333162648,0.0,0.0,yfinance_raw_daily
2005-02-23,467.06915283203125,474.4439392089844,464.61090087890625,467.06915283203125,202.37857055664062,168027469,0.0,0.0,yfinance_raw_daily
2005-02-24,467.06915283203125,467.06915283203125,454.7778625488281,454.7778625488281,197.052734375,201128134,0.0,0.0,yfinance_raw_daily
2005-02-25,457.23614501953125,457.23614501953125,442.486572265625,444.94482421875,192.7921142578125,341396118,0.0,0.0,yfinance_raw_daily
2005-02-28,444.94482421875,447.4031066894531,442.486572265625,444.94482421875,192.7921142578125,54078928,0.0,0.0,yfinance_raw_daily
2005-03-01,444.94482421875,457.23614501953125,444.94482421875,454.7778625488281,197.052734375,139324226,0.0,0.0,yfinance_raw_daily
2005-03-02,457.23614501953125,457.23614501953125,444.94482421875,447.4031066894531,193.8573455810547,79306134,0.0,0.0,yfinance_raw_daily
2005-03-03,447.4031066894531,457.23614501953125,447.4031066894531,452.3196105957031,195.9876251220703,150661519,0.0,0.0,yfinance_raw_daily
2005-03-04,454.7778625488281,462.15264892578125,452.3196105957031,452.3196105957031,195.9876251220703,222311828,0.0,0.0,yfinance_raw_daily
2005-03-07,454.7778625488281,462.15264892578125,452.3196105957031,459.69439697265625,199.1830596923828,178819661,0.0,0.0,yfinance_raw_daily
2005-03-08,459.69439697265625,459.69439697265625,452.3196105957031,457.23614501953125,198.11790466308594,123131870,0.0,0.0,yfinance_raw_daily
2005-03-09,454.7778625488281,454.7778625488281,447.4031066894531,449.8613586425781,194.92247009277344,104814026,0.0,0.0,yfinance_raw_daily
2005-03-10,449.8613586425781,452.3196105957031,444.94482421875,447.4031066894531,193.8573455810547,163634115,0.0,0.0,yfinance_raw_daily
2005-03-14,447.4031066894531,447.4031066894531,432.6535339355469,437.570068359375,189.59671020507812,209841619,0.0,0.0,yfinance_raw_daily
2005-03-15,437.570068359375,437.570068359375,415.44573974609375,420.36224365234375,182.14065551757812,503071530,0.0,0.0,yfinance_raw_daily
2005-03-16,422.82049560546875,427.7370300292969,422.82049560546875,425.2787780761719,184.2709197998047,299228059,0.0,0.0,yfinance_raw_daily
2005-03-17,425.2787780761719,435.1117858886719,425.2787780761719,432.6535339355469,187.46641540527344,194544206,0.0,0.0,yfinance_raw_daily
2005-03-18,432.6535339355469,432.6535339355469,422.82049560546875,425.2787780761719,184.2709197998047,105548286,0.0,0.0,yfinance_raw_daily
2005-03-21,427.7370300292969,430.1952819824219,417.90399169921875,420.36224365234375,182.14065551757812,109606036,0.0,0.0,yfinance_raw_daily
2005-03-22,425.2787780761719,432.6535339355469,417.90399169921875,432.6535339355469,187.46641540527344,357537624,0.0,0.0,yfinance_raw_daily
2005-03-23,430.1952819824219,430.1952819824219,420.36224365234375,422.82049560546875,183.20578002929688,133124715,0.0,0.0,yfinance_raw_daily
2005-03-24,422.82049560546875,422.82049560546875,412.9874572753906,415.44573974609375,180.0103759765625,311496906,0.0,0.0,yfinance_raw_daily
2005-03-28,415.44573974609375,420.36224365234375,412.9874572753906,415.44573974609375,180.0103759765625,141634804,0.0,0.0,yfinance_raw_daily
2005-03-29,412.9874572753906,415.44573974609375,403.1544494628906,410.5292053222656,177.8800811767578,228173700,0.0,0.0,yfinance_raw_daily
2005-03-30,403.1544494628906,420.36224365234375,403.1544494628906,415.44573974609375,180.0103759765625,175819570,0.0,0.0,yfinance_raw_daily
2005-03-31,417.90399169921875,425.2787780761719,412.9874572753906,420.36224365234375,182.14065551757812,167834243,0.0,0.0,yfinance_raw_daily
2005-04-01,420.36224365234375,425.2787780761719,417.90399169921875,420.36224365234375,182.14065551757812,44324056,0.0,0.0,yfinance_raw_daily
2005-04-04,417.90399169921875,422.82049560546875,417.90399169921875,417.90399169921875,181.07554626464844,35726507,0.0,0.0,yfinance_raw_daily
2005-04-05,417.90399169921875,422.82049560546875,417.90399169921875,422.82049560546875,183.20578002929688,77026065,0.0,0.0,yfinance_raw_daily
2005-04-06,422.82049560546875,427.7370300292969,422.82049560546875,427.7370300292969,185.33612060546875,94286249,0.0,0.0,yfinance_raw_daily
2005-04-07,427.7370300292969,435.1117858886719,422.82049560546875,430.1952819824219,186.40122985839844,164742624,0.0,0.0,yfinance_raw_daily
2005-04-08,432.6535339355469,432.6535339355469,425.2787780761719,427.7370300292969,185.33612060546875,37786908,0.0,0.0,yfinance_raw_daily
2005-04-11,422.82049560546875,425.2787780761719,417.90399169921875,422.82049560546875,183.20578002929688,71308603,0.0,0.0,yfinance_raw_daily
2005-04-12,420.36224365234375,420.36224365234375,408.0709533691406,415.44573974609375,180.0103759765625,181394654,0.0,0.0,yfinance_raw_daily
2005-04-13,412.9874572753906,422.82049560546875,412.9874572753906,422.82049560546875,183.20578002929688,77170476,0.0,0.0,yfinance_raw_daily
2005-04-14,422.82049560546875,427.7370300292969,420.36224365234375,425.2787780761719,184.2709197998047,87049420,0.0,0.0,yfinance_raw_daily
2005-04-15,422.82049560546875,422.82049560546875,412.9874572753906,415.44573974609375,180.0103759765625,86231768,0.0,0.0,yfinance_raw_daily
2005-04-18,410.5292053222656,410.5292053222656,395.7796630859375,398.2379150390625,172.55430603027344,126851983,0.0,0.0,yfinance_raw_daily
2005-04-19,400.6961669921875,410.5292053222656,400.6961669921875,408.0709533691406,176.81492614746094,113924133,0.0,0.0,yfinance_raw_daily
2005-04-20,410.5292053222656,410.5292053222656,400.6961669921875,408.0709533691406,176.81492614746094,135032570,0.0,0.0,yfinance_raw_daily
2005-04-21,400.6961669921875,400.6961669921875,390.8631286621094,390.8631286621094,169.35887145996094,93458428,0.0,0.0,yfinance_raw_daily
2005-04-25,390.8631286621094,390.8631286621094,349.07275390625,349.07275390625,151.25131225585938,289430474,0.0,0.0,yfinance_raw_daily
2005-04-26,349.07275390625,358.9057922363281,334.32318115234375,349.07275390625,151.25131225585938,431724281,0.0,0.0,yfinance_raw_daily
2005-04-27,349.07275390625,363.8222961425781,349.07275390625,361.3640441894531,156.5770721435547,266113156,0.0,0.0,yfinance_raw_daily
2005-04-28,363.8222961425781,403.1544494628906,363.8222961425781,400.6961669921875,173.6194610595703,466446012,0.0,0.0,yfinance_raw_daily
2005-04-29,395.7796630859375,398.2379150390625,385.9466247558594,393.3214111328125,170.42401123046875,250026566,0.0,0.0,yfinance_raw_daily
2005-05-02,393.3214111328125,395.7796630859375,388.4048767089844,390.8631286621094,169.35887145996094,38362519,0.0,0.0,yfinance_raw_daily
2005-05-03,390.8631286621094,400.6961669921875,388.4048767089844,398.2379150390625,172.55430603027344,61653395,0.0,0.0,yfinance_raw_daily
2005-05-04,398.2379150390625,410.5292053222656,398.2379150390625,405.6127014160156,175.74974060058594,95911383,0.0,0.0,yfinance_raw_daily
2005-05-06,408.0709533691406,412.9874572753906,408.0709533691406,410.5292053222656,177.8800811767578,78069486,0.0,0.0,yfinance_raw_daily
2005-05-09,410.5292053222656,427.7370300292969,410.5292053222656,427.7370300292969,185.33612060546875,347980046,0.0,0.0,yfinance_raw_daily
2005-05-10,427.7370300292969,427.7370300292969,415.44573974609375,417.90399169921875,181.07554626464844,257826803,0.0,0.0,yfinance_raw_daily
2005-05-11,412.9874572753906,412.9874572753906,403.1544494628906,408.0709533691406,176.81492614746094,161142514,0.0,0.0,yfinance_raw_daily
2005-05-12,408.0709533691406,420.36224365234375,405.6127014160156,415.44573974609375,180.0103759765625,348683796,0.0,0.0,yfinance_raw_daily
2005-05-13,412.9874572753906,415.44573974609375,408.0709533691406,412.9874572753906,178.9452362060547,155707773,0.0,0.0,yfinance_raw_daily
2005-05-16,415.44573974609375,420.36224365234375,412.9874572753906,415.44573974609375,180.0103759765625,114847551,0.0,0.0,yfinance_raw_daily
2005-05-17,417.90399169921875,422.82049560546875,408.0709533691406,417.90399169921875,181.07554626464844,210494520,0.0,0.0,yfinance_raw_daily
2005-05-18,417.90399169921875,417.90399169921875,405.6127014160156,410.5292053222656,177.8800811767578,80225484,0.0,0.0,yfinance_raw_daily
2005-05-19,412.9874572753906,412.9874572753906,403.1544494628906,403.1544494628906,174.68463134765625,68007486,0.0,0.0,yfinance_raw_daily
2005-05-20,403.1544494628906,408.0709533691406,400.6961669921875,408.0709533691406,176.81492614746094,110134866,0.0,0.0,yfinance_raw_daily
2005-05-23,405.6127014160156,408.0709533691406,403.1544494628906,408.0709533691406,176.81492614746094,56599004,0.0,0.0,yfinance_raw_daily
2005-05-25,408.0709533691406,415.44573974609375,405.6127014160156,415.44573974609375,180.0103759765625,182968939,0.0,0.0,yfinance_raw_daily
2005-05-26,412.9874572753906,415.44573974609375,408.0709533691406,415.44573974609375,180.0103759765625,135752592,0.0,0.0,yfinance_raw_daily
2005-05-27,415.44573974609375,417.90399169921875,412.9874572753906,415.44573974609375,180.0103759765625,61334063,0.0,0.0,yfinance_raw_daily
2005-05-30,415.44573974609375,420.36224365234375,412.9874572753906,417.90399169921875,181.07554626464844,176775531,0.0,0.0,yfinance_raw_daily
2005-05-31,410.5292053222656,410.5292053222656,400.6961669921875,408.0709533691406,176.81492614746094,535978969,0.0,0.0,yfinance_raw_daily
2005-06-01,405.6127014160156,408.0709533691406,398.2379150390625,403.1544494628906,174.68463134765625,152333434,0.0,0.0,yfinance_raw_daily
2005-06-02,403.1544494628906,403.1544494628906,388.4048767089844,390.8631286621094,169.35887145996094,315532282,0.0,0.0,yfinance_raw_daily
2005-06-03,388.4048767089844,388.4048767089844,361.3640441894531,363.8222961425781,157.64219665527344,460881098,0.0,0.0,yfinance_raw_daily
2005-06-06,358.9057922363281,373.65533447265625,353.9892578125,368.7388000488281,159.7725067138672,261491999,0.0,0.0,yfinance_raw_daily
2005-06-07,368.7388000488281,378.57183837890625,363.8222961425781,371.19708251953125,160.837646484375,192351597,0.0,0.0,yfinance_raw_daily
2005-06-08,371.19708251953125,378.57183837890625,366.2805480957031,378.57183837890625,164.03311157226562,238113663,0.0,0.0,yfinance_raw_daily
2005-06-09,378.57183837890625,378.57183837890625,371.19708251953125,376.11358642578125,162.96792602539062,83752370,0.0,0.0,yfinance_raw_daily
2005-06-10,373.65533447265625,373.65533447265625,368.7388000488281,371.19708251953125,160.837646484375,124073593,0.0,0.0,yfinance_raw_daily
2005-06-13,371.19708251953125,373.65533447265625,366.2805480957031,371.19708251953125,160.837646484375,115020438,0.0,0.0,yfinance_raw_daily
2005-06-14,358.9057922363281,358.9057922363281,353.9892578125,356.447509765625,162.01039123535156,97255831,17.32974,0.0,yfinance_raw_daily
2005-06-15,356.447509765625,363.8222961425781,356.447509765625,356.447509765625,162.01039123535156,249601469,0.0,0.0,yfinance_raw_daily
2005-06-16,356.447509765625,358.9057922363281,351.531005859375,356.447509765625,162.01039123535156,268415599,0.0,0.0,yfinance_raw_daily
2005-06-17,356.447509765625,361.3640441894531,356.447509765625,358.9057922363281,163.12774658203125,170582123,0.0,0.0,yfinance_raw_daily
2005-06-20,358.9057922363281,363.8222961425781,356.447509765625,363.8222961425781,165.36231994628906,137131617,0.0,0.0,yfinance_raw_daily
2005-06-21,363.8222961425781,363.8222961425781,358.9057922363281,361.3640441894531,164.24502563476562,115036709,0.0,0.0,yfinance_raw_daily
2005-06-22,361.3640441894531,373.65533447265625,358.9057922363281,373.65533447265625,169.83157348632812,316449598,0.0,0.0,yfinance_raw_daily
2005-06-23,373.65533447265625,378.57183837890625,368.7388000488281,371.19708251953125,168.7142791748047,174770046,0.0,0.0,yfinance_raw_daily
2005-06-24,366.2805480957031,373.65533447265625,366.2805480957031,373.65533447265625,169.83157348632812,87551808,0.0,0.0,yfinance_raw_daily
2005-06-27,373.65533447265625,373.65533447265625,368.7388000488281,371.19708251953125,168.7142791748047,68540384,0.0,0.0,yfinance_raw_daily
2005-06-28,368.7388000488281,376.11358642578125,368.7388000488281,373.65533447265625,169.83157348632812,60823539,0.0,0.0,yfinance_raw_daily
2005-06-29,373.65533447265625,373.65533447265625,368.7388000488281,371.19708251953125,168.7142791748047,53297887,0.0,0.0,yfinance_raw_daily
2005-06-30,371.19708251953125,371.19708251953125,368.7388000488281,368.7388000488281,167.59693908691406,99523696,0.0,0.0,yfinance_raw_daily
2005-07-01,368.7388000488281,378.57183837890625,368.7388000488281,378.57183837890625,172.0662078857422,149650640,0.0,0.0,yfinance_raw_daily
2005-07-04,378.57183837890625,381.0301208496094,373.65533447265625,378.57183837890625,172.0662078857422,109819602,0.0,0.0,yfinance_raw_daily
2005-07-05,376.11358642578125,376.11358642578125,366.2805480957031,368.7388000488281,167.59693908691406,89235927,0.0,0.0,yfinance_raw_daily
2005-07-06,368.7388000488281,368.7388000488281,361.3640441894531,366.2805480957031,166.47964477539062,166424709,0.0,0.0,yfinance_raw_daily
2005-07-07,363.8222961425781,366.2805480957031,361.3640441894531,363.8222961425781,165.36231994628906,189524392,0.0,0.0,yfinance_raw_daily
2005-07-08,363.8222961425781,366.2805480957031,363.8222961425781,363.8222961425781,165.36231994628906,60640483,0.0,0.0,yfinance_raw_daily
2005-07-11,366.2805480957031,368.7388000488281,363.8222961425781,368.7388000488281,167.59693908691406,90678004,0.0,0.0,yfinance_raw_daily
2005-07-12,368.7388000488281,373.65533447265625,368.7388000488281,371.19708251953125,168.7142791748047,100782718,0.0,0.0,yfinance_raw_daily
2005-07-13,368.7388000488281,373.65533447265625,368.7388000488281,373.65533447265625,169.83157348632812,64265000,0.0,0.0,yfinance_raw_daily
2005-07-14,371.19708251953125,373.65533447265625,368.7388000488281,368.7388000488281,167.59693908691406,145989512,0.0,0.0,yfinance_raw_daily
2005-07-15,368.7388000488281,371.19708251953125,366.2805480957031,368.7388000488281,167.59693908691406,223808822,0.0,0.0,yfinance_raw_daily
2005-07-18,366.2805480957031,368.7388000488281,363.8222961425781,366.2805480957031,166.47964477539062,54420633,0.0,0.0,yfinance_raw_daily
2005-07-19,363.8222961425781,376.11358642578125,363.8222961425781,376.11358642578125,170.94891357421875,193218064,0.0,0.0,yfinance_raw_daily
2005-07-20,376.11358642578125,376.11358642578125,371.19708251953125,376.11358642578125,170.94891357421875,165641634,0.0,0.0,yfinance_raw_daily
2005-07-21,376.11358642578125,388.4048767089844,373.65533447265625,388.4048767089844,176.53543090820312,326293965,0.0,0.0,yfinance_raw_daily
2005-07-22,388.4048767089844,395.7796630859375,385.9466247558594,390.8631286621094,177.6527557373047,287752457,0.0,0.0,yfinance_raw_daily
2005-07-25,390.8631286621094,400.6961669921875,390.8631286621094,400.6961669921875,182.12200927734375,180534289,0.0,0.0,yfinance_raw_daily
2005-07-26,398.2379150390625,400.6961669921875,393.3214111328125,395.7796630859375,179.88743591308594,176854855,0.0,0.0,yfinance_raw_daily
2005-07-27,395.7796630859375,395.7796630859375,393.3214111328125,393.3214111328125,178.7700958251953,58773308,0.0,0.0,yfinance_raw_daily
2005-07-28,393.3214111328125,395.7796630859375,393.3214111328125,395.7796630859375,179.88743591308594,52205651,0.0,0.0,yfinance_raw_daily
2005-07-29,395.7796630859375,398.2379150390625,393.3214111328125,395.7796630859375,179.88743591308594,84873082,0.0,0.0,yfinance_raw_daily
2005-08-01,393.3214111328125,403.1544494628906,393.3214111328125,400.6961669921875,182.12200927734375,124016643,0.0,0.0,yfinance_raw_daily
2005-08-02,398.2379150390625,400.6961669921875,395.7796630859375,400.6961669921875,182.12200927734375,107132741,0.0,0.0,yfinance_raw_daily
2005-08-03,398.2379150390625,405.6127014160156,398.2379150390625,405.6127014160156,184.35665893554688,152449369,0.0,0.0,yfinance_raw_daily
2005-08-04,405.6127014160156,412.9874572753906,405.6127014160156,410.5292053222656,186.59130859375,175685328,0.0,0.0,yfinance_raw_daily
2005-08-05,410.5292053222656,410.5292053222656,405.6127014160156,408.0709533691406,185.47398376464844,62513760,0.0,0.0,yfinance_raw_daily
2005-08-08,405.6127014160156,408.0709533691406,400.6961669921875,405.6127014160156,184.35665893554688,122381339,0.0,0.0,yfinance_raw_daily
2005-08-09,405.6127014160156,410.5292053222656,405.6127014160156,410.5292053222656,186.59130859375,90372910,0.0,0.0,yfinance_raw_daily
2005-08-10,410.5292053222656,412.9874572753906,405.6127014160156,412.9874572753906,187.70858764648438,106191017,0.0,0.0,yfinance_raw_daily
2005-08-11,412.9874572753906,412.9874572753906,408.0709533691406,410.5292053222656,186.59130859375,39218816,0.0,0.0,yfinance_raw_daily
2005-08-12,408.0709533691406,410.5292053222656,400.6961669921875,405.6127014160156,184.35665893554688,51084939,0.0,0.0,yfinance_raw_daily
2005-08-15,403.1544494628906,403.1544494628906,385.9466247558594,388.4048767089844,176.53543090820312,183969648,0.0,0.0,yfinance_raw_daily
2005-08-16,390.8631286621094,395.7796630859375,385.9466247558594,390.8631286621094,177.6527557373047,59914359,0.0,0.0,yfinance_raw_daily
2005-08-18,390.8631286621094,393.3214111328125,381.0301208496094,390.8631286621094,177.6527557373047,112907153,0.0,0.0,yfinance_raw_daily
2005-08-19,385.9466247558594,388.4048767089844,381.0301208496094,383.4883728027344,174.30084228515625,93525548,0.0,0.0,yfinance_raw_daily
2005-08-22,383.4883728027344,383.4883728027344,376.11358642578125,381.0301208496094,173.1835174560547,42932827,0.0,0.0,yfinance_raw_daily
2005-08-23,381.0301208496094,381.0301208496094,371.19708251953125,371.19708251953125,168.7142791748047,80170567,0.0,0.0,yfinance_raw_daily
2005-08-24,368.7388000488281,368.7388000488281,341.6979675292969,346.6144714355469,157.54112243652344,179582396,0.0,0.0,yfinance_raw_daily
2005-08-25,346.6144714355469,366.2805480957031,346.6144714355469,366.2805480957031,166.47964477539062,197176150,0.0,0.0,yfinance_raw_daily
2005-08-26,366.2805480957031,366.2805480957031,351.531005859375,353.9892578125,160.89308166503906,99255214,0.0,0.0,yfinance_raw_daily
2005-08-29,349.07275390625,349.07275390625,317.1153869628906,319.5736389160156,145.25070190429688,441373387,0.0,0.0,yfinance_raw_daily
2005-08-30,312.1988525390625,351.531005859375,299.9075622558594,349.07275390625,158.6584930419922,369818675,0.0,0.0,yfinance_raw_daily
2005-08-31,341.6979675292969,346.6144714355469,329.40667724609375,336.7814636230469,153.07188415527344,194674379,0.0,0.0,yfinance_raw_daily
2005-09-01,331.86492919921875,334.32318115234375,324.4901428222656,334.32318115234375,151.95458984375,61411354,0.0,0.0,yfinance_raw_daily
2005-09-05,331.86492919921875,334.32318115234375,326.94842529296875,326.94842529296875,148.6026153564453,31194844,0.0,0.0,yfinance_raw_daily
2005-09-06,326.94842529296875,334.32318115234375,326.94842529296875,334.32318115234375,151.95458984375,61348301,0.0,0.0,yfinance_raw_daily
2005-09-07,334.32318115234375,339.2397155761719,331.86492919921875,334.32318115234375,151.95458984375,76857246,0.0,0.0,yfinance_raw_daily
2005-09-08,334.32318115234375,339.2397155761719,331.86492919921875,331.86492919921875,150.8372802734375,129054762,0.0,0.0,yfinance_raw_daily
2005-09-09,331.86492919921875,339.2397155761719,329.40667724609375,329.40667724609375,149.719970703125,94992033,0.0,0.0,yfinance_raw_daily
2005-09-12,331.86492919921875,346.6144714355469,331.86492919921875,346.6144714355469,157.54112243652344,281386162,0.0,0.0,yfinance_raw_daily
2005-09-13,346.6144714355469,351.531005859375,344.1562194824219,351.531005859375,159.7757568359375,242987031,0.0,0.0,yfinance_raw_daily
2005-09-14,349.07275390625,349.07275390625,339.2397155761719,341.6979675292969,155.30654907226562,151481204,0.0,0.0,yfinance_raw_daily
2005-09-15,341.6979675292969,341.6979675292969,336.7814636230469,336.7814636230469,153.07188415527344,114363468,0.0,0.0,yfinance_raw_daily
2005-09-16,336.7814636230469,339.2397155761719,334.32318115234375,336.7814636230469,153.07188415527344,29494453,0.0,0.0,yfinance_raw_daily
2005-09-19,336.7814636230469,346.6144714355469,336.7814636230469,346.6144714355469,157.54112243652344,102885832,0.0,0.0,yfinance_raw_daily
2005-09-20,346.6144714355469,346.6144714355469,336.7814636230469,341.6979675292969,155.30654907226562,119718885,0.0,0.0,yfinance_raw_daily
2005-09-21,341.6979675292969,341.6979675292969,334.32318115234375,336.7814636230469,153.07188415527344,65526055,0.0,0.0,yfinance_raw_daily
2005-09-22,334.32318115234375,334.32318115234375,324.4901428222656,326.94842529296875,148.6026153564453,77622015,0.0,0.0,yfinance_raw_daily
2005-09-23,326.94842529296875,329.40667724609375,324.4901428222656,326.94842529296875,148.6026153564453,49455737,0.0,0.0,yfinance_raw_daily
2005-09-26,326.94842529296875,334.32318115234375,326.94842529296875,326.94842529296875,148.6026153564453,31359595,0.0,0.0,yfinance_raw_daily
2005-09-27,329.40667724609375,329.40667724609375,326.94842529296875,326.94842529296875,148.6026153564453,50737132,0.0,0.0,yfinance_raw_daily
2005-09-28,326.94842529296875,331.86492919921875,326.94842529296875,331.86492919921875,150.8372802734375,55724402,0.0,0.0,yfinance_raw_daily
2005-09-29,341.6979675292969,341.6979675292969,329.40667724609375,341.6979675292969,155.30654907226562,69518718,0.0,0.0,yfinance_raw_daily
2005-09-30,356.447509765625,358.9057922363281,341.6979675292969,356.447509765625,162.01039123535156,272044183,0.0,0.0,yfinance_raw_daily
2005-10-03,363.8222961425781,363.8222961425781,344.1562194824219,363.8222961425781,165.36231994628906,182962837,0.0,0.0,yfinance_raw_daily
2005-10-04,363.8222961425781,371.19708251953125,361.3640441894531,363.8222961425781,165.36231994628906,73672065,0.0,0.0,yfinance_raw_daily
2005-10-05,363.8222961425781,363.8222961425781,356.447509765625,363.8222961425781,165.36231994628906,53454502,0.0,0.0,yfinance_raw_daily
2005-10-06,361.3640441894531,363.8222961425781,353.9892578125,361.3640441894531,164.24502563476562,119639561,0.0,0.0,yfinance_raw_daily
2005-10-07,356.447509765625,358.9057922363281,353.9892578125,356.447509765625,162.01039123535156,148800445,0.0,0.0,yfinance_raw_daily
2005-10-10,361.3640441894531,361.3640441894531,353.9892578125,361.3640441894531,164.24502563476562,32903370,0.0,0.0,yfinance_raw_daily
2005-10-11,358.9057922363281,361.3640441894531,356.447509765625,358.9057922363281,163.12774658203125,7460565,0.0,0.0,yfinance_raw_daily
2005-10-12,353.9892578125,356.447509765625,351.531005859375,353.9892578125,160.89308166503906,77798970,0.0,0.0,yfinance_raw_daily
2005-10-13,346.6144714355469,351.531005859375,346.6144714355469,346.6144714355469,157.54112243652344,54264018,0.0,0.0,yfinance_raw_daily
2005-10-14,346.6144714355469,349.07275390625,341.6979675292969,346.6144714355469,157.54112243652344,45713251,0.0,0.0,yfinance_raw_daily
2005-10-17,346.6144714355469,349.07275390625,339.2397155761719,339.2397155761719,154.189208984375,61523222,0.0,0.0,yfinance_raw_daily
2005-10-18,339.2397155761719,341.6979675292969,336.7814636230469,339.2397155761719,154.189208984375,59084504,0.0,0.0,yfinance_raw_daily
2005-10-19,336.7814636230469,341.6979675292969,331.86492919921875,336.7814636230469,153.07188415527344,121830136,0.0,0.0,yfinance_raw_daily
2005-10-20,339.2397155761719,339.2397155761719,336.7814636230469,339.2397155761719,154.189208984375,41126671,0.0,0.0,yfinance_raw_daily
2005-10-21,341.6979675292969,341.6979675292969,336.7814636230469,341.6979675292969,155.30654907226562,37231637,0.0,0.0,yfinance_raw_daily
2005-10-24,339.2397155761719,346.6144714355469,336.7814636230469,339.2397155761719,154.189208984375,22273895,0.0,0.0,yfinance_raw_daily
2005-10-25,341.6979675292969,341.6979675292969,326.94842529296875,329.40667724609375,149.719970703125,60530649,0.0,0.0,yfinance_raw_daily
2005-10-26,324.4901428222656,329.40667724609375,319.5736389160156,324.4901428222656,147.48533630371094,131473140,0.0,0.0,yfinance_raw_daily
2005-10-27,322.0318908691406,324.4901428222656,319.5736389160156,322.0318908691406,146.36805725097656,14984183,0.0,0.0,yfinance_raw_daily
2005-10-28,319.5736389160156,319.5736389160156,314.6571350097656,319.5736389160156,145.25070190429688,42003307,0.0,0.0,yfinance_raw_daily
2005-10-31,324.4901428222656,324.4901428222656,317.1153869628906,324.4901428222656,147.48533630371094,38356417,0.0,0.0,yfinance_raw_daily
2005-11-01,324.4901428222656,329.40667724609375,319.5736389160156,324.4901428222656,147.48533630371094,124826159,0.0,0.0,yfinance_raw_daily
2005-11-07,324.4901428222656,324.4901428222656,324.4901428222656,324.4901428222656,147.48533630371094,0,0.0,0.0,yfinance_raw_daily
2005-11-08,324.4901428222656,324.4901428222656,324.4901428222656,324.4901428222656,147.48533630371094,0,0.0,0.0,yfinance_raw_daily
2005-11-09,324.4901428222656,324.4901428222656,317.1153869628906,322.0318908691406,146.36805725097656,73519518,0.0,0.0,yfinance_raw_daily
2005-11-10,322.0318908691406,322.0318908691406,319.5736389160156,322.0318908691406,146.36805725097656,65052142,0.0,0.0,yfinance_raw_daily
2005-11-11,309.7406005859375,322.0318908691406,309.7406005859375,309.7406005859375,140.7814483642578,157934960,0.0,0.0,yfinance_raw_daily
2005-11-14,294.9910583496094,309.7406005859375,290.07452392578125,294.9910583496094,134.07757568359375,65800639,0.0,0.0,yfinance_raw_daily
2005-11-15,290.07452392578125,292.5328063964844,285.15802001953125,290.07452392578125,131.8429718017578,84425611,0.0,0.0,yfinance_raw_daily
2005-11-16,290.07452392578125,292.5328063964844,270.4084777832031,272.8667297363281,124.02173614501953,190677648,0.0,0.0,yfinance_raw_daily
2005-11-17,280.2414855957031,282.69976806640625,272.8667297363281,280.2414855957031,127.37369537353516,159293645,0.0,0.0,yfinance_raw_daily
2005-11-18,290.07452392578125,290.07452392578125,282.69976806640625,290.07452392578125,131.8429718017578,193409256,0.0,0.0,yfinance_raw_daily
2005-11-21,292.5328063964844,297.4493103027344,290.07452392578125,292.5328063964844,132.96023559570312,142491101,0.0,0.0,yfinance_raw_daily
2005-11-22,292.5328063964844,292.5328063964844,282.69976806640625,292.5328063964844,132.96023559570312,70244842,0.0,0.0,yfinance_raw_daily
2005-11-23,292.5328063964844,292.5328063964844,287.61627197265625,292.5328063964844,132.96023559570312,55093874,0.0,0.0,yfinance_raw_daily
2005-11-24,297.4493103027344,299.9075622558594,290.07452392578125,297.4493103027344,135.1949005126953,159564162,0.0,0.0,yfinance_raw_daily
2005-11-25,299.9075622558594,299.9075622558594,294.9910583496094,299.9075622558594,136.31214904785156,134157967,0.0,0.0,yfinance_raw_daily
2005-11-28,299.9075622558594,304.8240966796875,294.9910583496094,299.9075622558594,136.31214904785156,57652596,0.0,0.0,yfinance_raw_daily
2005-11-29,307.2823486328125,307.2823486328125,302.3658142089844,307.2823486328125,139.66415405273438,217755757,0.0,0.0,yfinance_raw_daily
2005-11-30,317.1153869628906,317.1153869628906,304.8240966796875,317.1153869628906,144.13340759277344,191068168,0.0,0.0,yfinance_raw_daily
2005-12-01,322.0318908691406,329.40667724609375,314.6571350097656,322.0318908691406,146.36805725097656,284455407,0.0,0.0,yfinance_raw_daily
2005-12-02,339.2397155761719,339.2397155761719,324.4901428222656,339.2397155761719,154.189208984375,175799230,0.0,0.0,yfinance_raw_daily
2005-12-05,339.2397155761719,344.1562194824219,334.32318115234375,339.2397155761719,154.189208984375,122031498,0.0,0.0,yfinance_raw_daily
2005-12-06,344.1562194824219,351.531005859375,339.2397155761719,344.1562194824219,156.42384338378906,189977965,0.0,0.0,yfinance_raw_daily
2005-12-07,346.6144714355469,366.2805480957031,346.6144714355469,366.2805480957031,166.47964477539062,298192773,0.0,0.0,yfinance_raw_daily
2005-12-08,368.7388000488281,400.6961669921875,368.7388000488281,395.7796630859375,179.88743591308594,454575822,0.0,0.0,yfinance_raw_daily
2005-12-09,390.8631286621094,395.7796630859375,385.9466247558594,390.8631286621094,177.6527557373047,181793310,0.0,0.0,yfinance_raw_daily
2005-12-12,405.6127014160156,408.0709533691406,393.3214111328125,405.6127014160156,184.35665893554688,247002068,0.0,0.0,yfinance_raw_daily
2005-12-13,408.0709533691406,410.5292053222656,400.6961669921875,408.0709533691406,185.47398376464844,131094823,0.0,0.0,yfinance_raw_daily
2005-12-14,398.2379150390625,408.0709533691406,393.3214111328125,398.2379150390625,181.00473022460938,192378038,0.0,0.0,yfinance_raw_daily
2005-12-15,395.7796630859375,398.2379150390625,390.8631286621094,395.7796630859375,179.88743591308594,152022238,0.0,0.0,yfinance_raw_daily
2005-12-16,395.7796630859375,400.6961669921875,393.3214111328125,395.7796630859375,179.88743591308594,98276879,0.0,0.0,yfinance_raw_daily
2005-12-19,388.4048767089844,395.7796630859375,383.4883728027344,388.4048767089844,176.53543090820312,43435215,0.0,0.0,yfinance_raw_daily
2005-12-20,383.4883728027344,395.7796630859375,378.57183837890625,383.4883728027344,174.30084228515625,132400626,0.0,0.0,yfinance_raw_daily
2005-12-21,373.65533447265625,383.4883728027344,371.19708251953125,373.65533447265625,169.83157348632812,89689500,0.0,0.0,yfinance_raw_daily
2005-12-22,373.65533447265625,390.8631286621094,373.65533447265625,390.8631286621094,177.6527557373047,141069363,0.0,0.0,yfinance_raw_daily
2005-12-23,393.3214111328125,395.7796630859375,388.4048767089844,393.3214111328125,178.7700958251953,86215496,0.0,0.0,yfinance_raw_daily
2005-12-26,393.3214111328125,393.3214111328125,393.3214111328125,393.3214111328125,178.7700958251953,0,0.0,0.0,yfinance_raw_daily
2005-12-27,393.3214111328125,405.6127014160156,390.8631286621094,403.1544494628906,183.23936462402344,106066946,0.0,0.0,yfinance_raw_daily
2005-12-28,403.1544494628906,408.0709533691406,403.1544494628906,405.6127014160156,184.35665893554688,121789456,0.0,0.0,yfinance_raw_daily
2005-12-29,405.6127014160156,405.6127014160156,400.6961669921875,403.1544494628906,183.23936462402344,77607777,0.0,0.0,yfinance_raw_daily
2005-12-30,403.1544494628906,403.1544494628906,403.1544494628906,403.1544494628906,183.23936462402344,0,0.0,0.0,yfinance_raw_daily
2006-01-02,403.1544494628906,410.5292053222656,398.2379150390625,410.5292053222656,186.59130859375,85660225,0.0,0.0,yfinance_raw_daily
2006-01-03,408.0709533691406,425.2787780761719,408.0709533691406,420.36224365234375,191.060546875,233431487,0.0,0.0,yfinance_raw_daily
2006-01-04,425.2787780761719,440.0283203125,425.2787780761719,440.0283203125,199.99905395507812,397336119,0.0,0.0,yfinance_raw_daily
2006-01-05,442.486572265625,442.486572265625,432.6535339355469,435.1117858886719,197.764404296875,170545512,0.0,0.0,yfinance_raw_daily
2006-01-06,435.1117858886719,447.4031066894531,432.6535339355469,444.94482421875,202.233642578125,290331518,0.0,0.0,yfinance_raw_daily
2006-01-09,444.94482421875,481.8187255859375,444.94482421875,476.9021911621094,216.7587432861328,743188644,0.0,0.0,yfinance_raw_daily
2006-01-10,476.9021911621094,476.9021911621094,476.9021911621094,476.9021911621094,216.7587432861328,0,0.0,0.0,yfinance_raw_daily
2006-01-11,479.3604736328125,494.1100158691406,474.4439392089844,486.7352294921875,221.22799682617188,482516330,0.0,0.0,yfinance_raw_daily
2006-01-12,486.7352294921875,491.6517639160156,474.4439392089844,474.4439392089844,215.64144897460938,347180700,0.0,0.0,yfinance_raw_daily
2006-01-13,476.9021911621094,476.9021911621094,459.69439697265625,471.9856872558594,214.524169921875,231324304,0.0,0.0,yfinance_raw_daily
2006-01-16,474.4439392089844,474.4439392089844,457.23614501953125,459.69439697265625,208.9375762939453,182562147,0.0,0.0,yfinance_raw_daily
2006-01-17,444.94482421875,459.69439697265625,440.0283203125,444.94482421875,202.233642578125,312204724,0.0,0.0,yfinance_raw_daily
2006-01-18,440.0283203125,444.94482421875,425.2787780761719,427.7370300292969,194.4124755859375,233384706,0.0,0.0,yfinance_raw_daily
2006-01-19,425.2787780761719,449.8613586425781,410.5292053222656,449.8613586425781,204.4683074951172,469232538,0.0,0.0,yfinance_raw_daily
2006-01-20,454.7778625488281,457.23614501953125,435.1117858886719,442.486572265625,201.1163330078125,285045256,0.0,0.0,yfinance_raw_daily
2006-01-23,430.1952819824219,435.1117858886719,427.7370300292969,430.1952819824219,195.52976989746094,108654143,0.0,0.0,yfinance_raw_daily
2006-01-24,435.1117858886719,437.570068359375,427.7370300292969,435.1117858886719,197.764404296875,66296926,0.0,0.0,yfinance_raw_daily
2006-01-25,437.570068359375,452.3196105957031,432.6535339355469,452.3196105957031,205.58560180664062,331675823,0.0,0.0,yfinance_raw_daily
2006-01-26,454.7778625488281,457.23614501953125,437.570068359375,440.0283203125,199.99905395507812,110777597,0.0,0.0,yfinance_raw_daily
2006-01-27,442.486572265625,449.8613586425781,437.570068359375,440.0283203125,199.99905395507812,124559710,0.0,0.0,yfinance_raw_daily
2006-01-30,437.570068359375,442.486572265625,432.6535339355469,437.570068359375,198.88172912597656,46113941,0.0,0.0,yfinance_raw_daily
2006-01-31,437.570068359375,437.570068359375,437.570068359375,437.570068359375,198.88172912597656,0,0.0,0.0,yfinance_raw_daily
2006-02-01,437.570068359375,449.8613586425781,437.570068359375,444.94482421875,202.233642578125,237442456,0.0,0.0,yfinance_raw_daily
2006-02-02,444.94482421875,444.94482421875,437.570068359375,440.0283203125,199.99905395507812,84303574,0.0,0.0,yfinance_raw_daily
2006-02-03,437.570068359375,449.8613586425781,435.1117858886719,449.8613586425781,204.4683074951172,270718042,0.0,0.0,yfinance_raw_daily
2006-02-06,447.4031066894531,449.8613586425781,440.0283203125,442.486572265625,201.1163330078125,171072307,0.0,0.0,yfinance_raw_daily
2006-02-07,442.486572265625,444.94482421875,440.0283203125,442.486572265625,201.1163330078125,120583318,0.0,0.0,yfinance_raw_daily
2006-02-08,442.486572265625,442.486572265625,435.1117858886719,440.0283203125,199.99905395507812,118903267,0.0,0.0,yfinance_raw_daily
2006-02-09,442.486572265625,442.486572265625,437.570068359375,442.486572265625,201.1163330078125,26618434,0.0,0.0,yfinance_raw_daily
2006-02-10,444.94482421875,447.4031066894531,442.486572265625,444.94482421875,202.233642578125,110858955,0.0,0.0,yfinance_raw_daily
2006-02-13,442.486572265625,447.4031066894531,442.486572265625,442.486572265625,201.1163330078125,50484921,0.0,0.0,yfinance_raw_daily
2006-02-14,442.486572265625,444.94482421875,440.0283203125,444.94482421875,202.233642578125,169166487,0.0,0.0,yfinance_raw_daily
2006-02-15,444.94482421875,444.94482421875,437.570068359375,444.94482421875,202.233642578125,60107585,0.0,0.0,yfinance_raw_daily
2006-02-16,444.94482421875,444.94482421875,437.570068359375,437.570068359375,198.88172912597656,69038704,0.0,0.0,yfinance_raw_daily
2006-02-17,437.570068359375,440.0283203125,432.6535339355469,432.6535339355469,196.6470947265625,176777565,0.0,0.0,yfinance_raw_daily
2006-02-20,435.1117858886719,437.570068359375,432.6535339355469,437.570068359375,198.88172912597656,45336968,0.0,0.0,yfinance_raw_daily
2006-02-21,437.570068359375,437.570068359375,430.1952819824219,432.6535339355469,196.6470947265625,110885397,0.0,0.0,yfinance_raw_daily
2006-02-22,432.6535339355469,432.6535339355469,422.82049560546875,425.2787780761719,193.29518127441406,155113857,0.0,0.0,yfinance_raw_daily
2006-02-23,422.82049560546875,427.7370300292969,405.6127014160156,410.5292053222656,186.59130859375,130043266,0.0,0.0,yfinance_raw_daily
2006-02-24,408.0709533691406,410.5292053222656,390.8631286621094,395.7796630859375,179.88743591308594,174798522,0.0,0.0,yfinance_raw_daily
2006-02-27,393.3214111328125,408.0709533691406,390.8631286621094,405.6127014160156,184.35665893554688,156889504,0.0,0.0,yfinance_raw_daily
2006-02-28,405.6127014160156,408.0709533691406,398.2379150390625,398.2379150390625,181.00473022460938,102222761,0.0,0.0,yfinance_raw_daily
2006-03-01,395.7796630859375,415.44573974609375,390.8631286621094,412.9874572753906,187.70858764648438,167565760,0.0,0.0,yfinance_raw_daily
2006-03-02,415.44573974609375,420.36224365234375,410.5292053222656,415.44573974609375,188.82594299316406,168182050,0.0,0.0,yfinance_raw_daily
2006-03-03,412.9874572753906,417.90399169921875,408.0709533691406,415.44573974609375,188.82594299316406,57418690,0.0,0.0,yfinance_raw_daily
2006-03-06,415.44573974609375,422.82049560546875,412.9874572753906,422.82049560546875,192.17788696289062,135691573,0.0,0.0,yfinance_raw_daily
2006-03-07,417.90399169921875,420.36224365234375,408.0709533691406,408.0709533691406,185.47398376464844,100707461,0.0,0.0,yfinance_raw_daily
2006-03-08,408.0709533691406,408.0709533691406,388.4048767089844,393.3214111328125,178.7700958251953,348358363,0.0,0.0,yfinance_raw_daily
2006-03-09,395.7796630859375,398.2379150390625,390.8631286621094,393.3214111328125,178.7700958251953,178231846,0.0,0.0,yfinance_raw_daily
2006-03-10,390.8631286621094,390.8631286621094,373.65533447265625,376.11358642578125,170.94891357421875,395397756,0.0,0.0,yfinance_raw_daily
2006-03-13,376.11358642578125,381.0301208496094,368.7388000488281,371.19708251953125,168.7142791748047,151826978,0.0,0.0,yfinance_raw_daily
2006-03-14,371.19708251953125,381.0301208496094,373.65533447265625,381.0301208496094,173.1835174560547,187846375,0.0,0.0,yfinance_raw_daily
2006-03-15,381.0301208496094,390.8631286621094,378.57183837890625,388.4048767089844,176.53543090820312,238935383,0.0,0.0,yfinance_raw_daily
2006-03-16,390.8631286621094,408.0709533691406,390.8631286621094,400.6961669921875,182.12200927734375,426734977,0.0,0.0,yfinance_raw_daily
2006-03-17,405.6127014160156,410.5292053222656,400.6961669921875,403.1544494628906,183.23936462402344,258573266,0.0,0.0,yfinance_raw_daily
2006-03-20,420.36224365234375,420.36224365234375,405.6127014160156,420.36224365234375,191.060546875,414307482,0.0,0.0,yfinance_raw_daily
2006-03-21,420.36224365234375,442.486572265625,415.44573974609375,432.6535339355469,196.6470947265625,514183054,0.0,0.0,yfinance_raw_daily
2006-03-22,412.9874572753906,425.2787780761719,408.0709533691406,412.9874572753906,187.70858764648438,317458442,0.0,0.0,yfinance_raw_daily
2006-03-23,412.9874572753906,415.44573974609375,393.3214111328125,405.6127014160156,184.35665893554688,253775155,0.0,0.0,yfinance_raw_daily
2006-03-24,420.36224365234375,420.36224365234375,405.6127014160156,420.36224365234375,191.060546875,157853601,0.0,0.0,yfinance_raw_daily
2006-03-27,420.36224365234375,422.82049560546875,412.9874572753906,420.36224365234375,191.060546875,73126963,0.0,0.0,yfinance_raw_daily
2006-03-28,427.7370300292969,430.1952819824219,420.36224365234375,427.7370300292969,194.4124755859375,164614484,0.0,0.0,yfinance_raw_daily
2006-03-29,415.44573974609375,427.7370300292969,412.9874572753906,415.44573974609375,188.82594299316406,72295074,0.0,0.0,yfinance_raw_daily
2006-03-30,427.7370300292969,427.7370300292969,427.7370300292969,427.7370300292969,194.4124755859375,0,0.0,0.0,yfinance_raw_daily
2006-03-31,427.7370300292969,427.7370300292969,427.7370300292969,427.7370300292969,194.4124755859375,0,0.0,0.0,yfinance_raw_daily
2006-04-03,408.0709533691406,417.90399169921875,408.0709533691406,408.0709533691406,185.47398376464844,215925193,0.0,0.0,yfinance_raw_daily
2006-04-04,412.9874572753906,415.44573974609375,410.5292053222656,412.9874572753906,187.70858764648438,29872770,0.0,0.0,yfinance_raw_daily
2006-04-05,427.7370300292969,427.7370300292969,412.9874572753906,427.7370300292969,194.4124755859375,294733007,0.0,0.0,yfinance_raw_daily
2006-04-06,430.1952819824219,437.570068359375,425.2787780761719,430.1952819824219,195.52976989746094,264128011,0.0,0.0,yfinance_raw_daily
2006-04-07,427.7370300292969,432.6535339355469,425.2787780761719,427.7370300292969,194.4124755859375,55099976,0.0,0.0,yfinance_raw_daily
2006-04-10,427.7370300292969,427.7370300292969,427.7370300292969,427.7370300292969,194.4124755859375,0,0.0,0.0,yfinance_raw_daily
2006-04-11,417.90399169921875,427.7370300292969,415.44573974609375,417.90399169921875,189.94322204589844,79845133,0.0,0.0,yfinance_raw_daily
2006-04-12,427.7370300292969,437.570068359375,410.5292053222656,427.7370300292969,194.4124755859375,199881317,0.0,0.0,yfinance_raw_daily
2006-04-13,435.1117858886719,440.0283203125,430.1952819824219,435.1117858886719,197.764404296875,124923789,0.0,0.0,yfinance_raw_daily
2006-04-14,435.1117858886719,435.1117858886719,435.1117858886719,435.1117858886719,197.764404296875,0,0.0,0.0,yfinance_raw_daily
2006-04-17,440.0283203125,444.94482421875,432.6535339355469,440.0283203125,199.99905395507812,125564486,0.0,0.0,yfinance_raw_daily
2006-04-18,452.3196105957031,452.3196105957031,442.486572265625,452.3196105957031,205.58560180664062,211084368,0.0,0.0,yfinance_raw_daily
2006-04-19,464.61090087890625,469.5274353027344,454.7778625488281,464.61090087890625,211.1721954345703,389814535,0.0,0.0,yfinance_raw_daily
2006-04-20,476.9021911621094,494.1100158691406,467.06915283203125,476.9021911621094,216.7587432861328,641828281,0.0,0.0,yfinance_raw_daily
2006-04-21,471.9856872558594,484.2769775390625,469.5274353027344,471.9856872558594,214.524169921875,276628729,0.0,0.0,yfinance_raw_daily
2006-04-24,471.9856872558594,469.5274353027344,454.7778625488281,459.69439697265625,208.9375762939453,214263448,0.0,0.0,yfinance_raw_daily
2006-04-25,467.06915283203125,471.9856872558594,459.69439697265625,467.06915283203125,212.28945922851562,136379051,0.0,0.0,yfinance_raw_daily
2006-04-26,469.5274353027344,474.4439392089844,464.61090087890625,469.5274353027344,213.4068603515625,276821956,0.0,0.0,yfinance_raw_daily
2006-04-27,471.9856872558594,484.2769775390625,469.5274353027344,471.9856872558594,214.524169921875,495857074,0.0,0.0,yfinance_raw_daily
2006-04-28,471.9856872558594,474.4439392089844,467.06915283203125,471.9856872558594,214.524169921875,298327015,0.0,0.0,yfinance_raw_daily
2006-05-01,479.3604736328125,479.3604736328125,469.5274353027344,479.3604736328125,217.87606811523438,436007801,0.0,0.0,yfinance_raw_daily
2006-05-02,479.3604736328125,508.85955810546875,481.8187255859375,508.85955810546875,231.28382873535156,1000238475,0.0,0.0,yfinance_raw_daily
2006-05-03,516.2343139648438,559.2538452148438,516.2343139648438,559.2538452148438,254.18875122070312,873606159,0.0,0.0,yfinance_raw_daily
2006-05-04,553.1082153320312,571.545166015625,534.6712646484375,553.1082153320312,251.39540100097656,531795113,0.0,0.0,yfinance_raw_daily
2006-05-05,553.1082153320312,559.2538452148438,540.8169555664062,546.9625854492188,248.6021728515625,158978381,0.0,0.0,yfinance_raw_daily
2006-05-08,571.545166015625,577.6907958984375,553.1082153320312,571.545166015625,259.77532958984375,428343840,0.0,0.0,yfinance_raw_daily
2006-05-09,583.83642578125,583.83642578125,546.9625854492188,553.1082153320312,251.39540100097656,374016768,0.0,0.0,yfinance_raw_daily
2006-05-10,553.1082153320312,553.1082153320312,516.2343139648438,522.3800048828125,237.4290771484375,572248544,0.0,0.0,yfinance_raw_daily
2006-05-11,553.1082153320312,559.2538452148438,528.525634765625,553.1082153320312,251.39540100097656,805560027,0.0,0.0,yfinance_raw_daily
2006-05-12,522.3800048828125,540.8169555664062,516.2343139648438,522.3800048828125,237.4290771484375,600250071,0.0,0.0,yfinance_raw_daily
2006-05-15,510.08868408203125,510.08868408203125,448.6322326660156,454.7778625488281,206.70291137695312,1031451625,0.0,0.0,yfinance_raw_daily
2006-05-16,459.69439697265625,462.15264892578125,432.6535339355469,459.69439697265625,208.9375762939453,1264346147,0.0,0.0,yfinance_raw_daily
2006-05-17,467.06915283203125,511.31781005859375,467.06915283203125,506.40130615234375,230.16647338867188,1200782863,0.0,0.0,yfinance_raw_daily
2006-05-18,473.2148132324219,485.506103515625,448.6322326660156,473.2148132324219,215.082763671875,714678627,0.0,0.0,yfinance_raw_daily
2006-05-19,467.06915283203125,476.9021911621094,457.23614501953125,459.69439697265625,208.9375762939453,452230666,0.0,0.0,yfinance_raw_daily
2006-05-22,462.15264892578125,467.06915283203125,415.44573974609375,415.44573974609375,188.82594299316406,822907672,0.0,0.0,yfinance_raw_daily
2006-05-23,432.6535339355469,432.6535339355469,395.7796630859375,432.6535339355469,196.6470947265625,879610409,0.0,0.0,yfinance_raw_daily
2006-05-24,415.44573974609375,437.570068359375,410.5292053222656,415.44573974609375,188.82594299316406,919907225,0.0,0.0,yfinance_raw_daily
2006-05-25,415.44573974609375,415.44573974609375,415.44573974609375,415.44573974609375,188.82594299316406,0,0.0,0.0,yfinance_raw_daily
2006-05-26,415.44573974609375,415.44573974609375,415.44573974609375,415.44573974609375,188.82594299316406,0,0.0,0.0,yfinance_raw_daily
2006-05-29,422.82049560546875,430.1952819824219,415.44573974609375,417.90399169921875,189.94322204589844,405406873,0.0,0.0,yfinance_raw_daily
2006-05-30,432.6535339355469,435.1117858886719,422.82049560546875,432.6535339355469,196.6470947265625,422660955,0.0,0.0,yfinance_raw_daily
2006-05-31,415.44573974609375,422.82049560546875,412.9874572753906,415.44573974609375,188.82594299316406,410455161,0.0,0.0,yfinance_raw_daily
2006-06-01,403.1544494628906,422.82049560546875,400.6961669921875,403.1544494628906,183.23936462402344,313280689,0.0,0.0,yfinance_raw_daily
2006-06-02,417.90399169921875,420.36224365234375,398.2379150390625,417.90399169921875,189.94322204589844,388695857,0.0,0.0,yfinance_raw_daily
2006-06-05,412.9874572753906,422.82049560546875,412.9874572753906,412.9874572753906,187.70858764648438,114422453,0.0,0.0,yfinance_raw_daily
2006-06-06,408.0709533691406,408.0709533691406,398.2379150390625,408.0709533691406,185.47398376464844,243873837,0.0,0.0,yfinance_raw_daily
2006-06-07,395.7796630859375,405.6127014160156,395.7796630859375,395.7796630859375,179.88743591308594,151005258,0.0,0.0,yfinance_raw_daily
2006-06-08,383.4883728027344,390.8631286621094,376.11358642578125,383.4883728027344,174.30084228515625,265271097,0.0,0.0,yfinance_raw_daily
2006-06-09,398.2379150390625,398.2379150390625,378.57183837890625,398.2379150390625,181.00473022460938,265431780,0.0,0.0,yfinance_raw_daily
2006-06-12,390.8631286621094,395.7796630859375,388.4048767089844,390.8631286621094,177.6527557373047,113370896,0.0,0.0,yfinance_raw_daily
2006-06-13,376.11358642578125,383.4883728027344,373.65533447265625,376.11358642578125,170.94891357421875,139846953,0.0,0.0,yfinance_raw_daily
2006-06-14,381.0301208496094,385.9466247558594,373.65533447265625,381.0301208496094,173.1835174560547,130490737,0.0,0.0,yfinance_raw_daily
2006-06-15,378.57183837890625,390.8631286621094,376.11358642578125,378.57183837890625,173.73101806640625,245462360,3.651252,0.0,yfinance_raw_daily
2006-06-16,395.7796630859375,398.2379150390625,388.4048767089844,395.7796630859375,181.6278839111328,358330869,0.0,0.0,yfinance_raw_daily
2006-06-19,405.6127014160156,408.0709533691406,390.8631286621094,405.6127014160156,186.14039611816406,222718620,0.0,0.0,yfinance_raw_daily
2006-06-20,412.9874572753906,412.9874572753906,395.7796630859375,412.9874572753906,189.5247344970703,346725093,0.0,0.0,yfinance_raw_daily
2006-06-21,403.1544494628906,415.44573974609375,400.6961669921875,403.1544494628906,185.01222229003906,186099204,0.0,0.0,yfinance_raw_daily
2006-06-22,412.9874572753906,415.44573974609375,403.1544494628906,412.9874572753906,189.5247344970703,698199483,0.0,0.0,yfinance_raw_daily
2006-06-23,415.44573974609375,415.44573974609375,403.1544494628906,415.44573974609375,190.65286254882812,175241925,0.0,0.0,yfinance_raw_daily
2006-06-26,412.9874572753906,425.2787780761719,400.6961669921875,412.9874572753906,189.5247344970703,650358710,0.0,0.0,yfinance_raw_daily
2006-06-27,412.9874572753906,415.44573974609375,408.0709533691406,412.9874572753906,189.5247344970703,200070475,0.0,0.0,yfinance_raw_daily
2006-06-28,410.5292053222656,410.5292053222656,403.1544494628906,410.5292053222656,188.3966522216797,97918902,0.0,0.0,yfinance_raw_daily
2006-06-29,410.5292053222656,417.90399169921875,410.5292053222656,410.5292053222656,188.3966522216797,125055996,0.0,0.0,yfinance_raw_daily
2006-06-30,422.82049560546875,430.1952819824219,415.44573974609375,422.82049560546875,194.03724670410156,655618530,0.0,0.0,yfinance_raw_daily
2006-07-03,430.1952819824219,432.6535339355469,415.44573974609375,430.1952819824219,197.4215850830078,409753445,0.0,0.0,yfinance_raw_daily
2006-07-04,425.2787780761719,437.570068359375,422.82049560546875,425.2787780761719,195.16534423828125,403275283,0.0,0.0,yfinance_raw_daily
2006-07-05,442.486572265625,452.3196105957031,422.82049560546875,442.486572265625,203.0622100830078,789985996,0.0,0.0,yfinance_raw_daily
2006-07-06,420.36224365234375,440.0283203125,408.0709533691406,420.36224365234375,192.90908813476562,1899751183,0.0,0.0,yfinance_raw_daily
2006-07-07,422.82049560546875,430.1952819824219,420.36224365234375,422.82049560546875,194.03724670410156,172125898,0.0,0.0,yfinance_raw_daily
2006-07-10,425.2787780761719,430.1952819824219,417.90399169921875,425.2787780761719,195.16534423828125,97447023,0.0,0.0,yfinance_raw_daily
2006-07-11,422.82049560546875,427.7370300292969,417.90399169921875,422.82049560546875,194.03724670410156,115681475,0.0,0.0,yfinance_raw_daily
2006-07-12,422.82049560546875,427.7370300292969,420.36224365234375,422.82049560546875,194.03724670410156,36952985,0.0,0.0,yfinance_raw_daily
2006-07-13,417.90399169921875,422.82049560546875,415.44573974609375,417.90399169921875,191.781005859375,110637254,0.0,0.0,yfinance_raw_daily
2006-07-14,410.5292053222656,415.44573974609375,405.6127014160156,410.5292053222656,188.3966522216797,207457818,0.0,0.0,yfinance_raw_daily
2006-07-17,410.5292053222656,405.6127014160156,393.3214111328125,395.7796630859375,181.6278839111328,138947943,0.0,0.0,yfinance_raw_daily
2006-07-18,403.1544494628906,405.6127014160156,393.3214111328125,403.1544494628906,185.01222229003906,143359602,0.0,0.0,yfinance_raw_daily
2006-07-19,408.0709533691406,408.0709533691406,398.2379150390625,400.6961669921875,183.8841094970703,84618837,0.0,0.0,yfinance_raw_daily
2006-07-20,410.5292053222656,412.9874572753906,405.6127014160156,410.5292053222656,188.3966522216797,114497710,0.0,0.0,yfinance_raw_daily
2006-07-21,403.1544494628906,408.0709533691406,400.6961669921875,403.1544494628906,185.01222229003906,74788709,0.0,0.0,yfinance_raw_daily
2006-07-24,405.6127014160156,405.6127014160156,400.6961669921875,405.6127014160156,186.14039611816406,93309948,0.0,0.0,yfinance_raw_daily
2006-07-25,400.6961669921875,410.5292053222656,398.2379150390625,400.6961669921875,183.8841094970703,187903326,0.0,0.0,yfinance_raw_daily
2006-07-26,400.6961669921875,405.6127014160156,400.6961669921875,403.1544494628906,185.01222229003906,70549936,0.0,0.0,yfinance_raw_daily
2006-07-27,408.0709533691406,420.36224365234375,405.6127014160156,417.90399169921875,191.781005859375,330896816,0.0,0.0,yfinance_raw_daily
2006-07-28,427.7370300292969,427.7370300292969,420.36224365234375,427.7370300292969,196.29347229003906,213152906,0.0,0.0,yfinance_raw_daily
2006-07-31,432.6535339355469,435.1117858886719,430.1952819824219,432.6535339355469,198.54971313476562,250077415,0.0,0.0,yfinance_raw_daily
2006-08-01,442.486572265625,442.486572265625,430.1952819824219,442.486572265625,203.0622100830078,292086825,0.0,0.0,yfinance_raw_daily
2006-08-02,464.61090087890625,467.06915283203125,442.486572265625,464.61090087890625,213.21536254882812,755052733,0.0,0.0,yfinance_raw_daily
2006-08-03,459.69439697265625,474.4439392089844,459.69439697265625,459.69439697265625,210.9591522216797,923425975,0.0,0.0,yfinance_raw_daily
2006-08-04,486.7352294921875,486.7352294921875,467.06915283203125,486.7352294921875,223.3684539794922,485961859,0.0,0.0,yfinance_raw_daily
2006-08-07,486.7352294921875,528.525634765625,486.7352294921875,521.15087890625,239.16212463378906,746359588,0.0,0.0,yfinance_raw_daily
2006-08-08,497.7973937988281,522.3800048828125,485.506103515625,497.7973937988281,228.4450225830078,708835060,0.0,0.0,yfinance_raw_daily
2006-08-09,503.94305419921875,503.94305419921875,485.506103515625,503.94305419921875,231.26531982421875,162851041,0.0,0.0,yfinance_raw_daily
2006-08-10,485.506103515625,503.94305419921875,479.3604736328125,485.506103515625,222.80438232421875,206892377,0.0,0.0,yfinance_raw_daily
2006-08-11,499.0265197753906,501.48480224609375,491.6517639160156,499.0265197753906,229.00904846191406,280143412,0.0,0.0,yfinance_raw_daily
2006-08-14,503.94305419921875,510.08868408203125,491.6517639160156,503.94305419921875,231.26531982421875,122497274,0.0,0.0,yfinance_raw_daily
2006-08-15,516.2343139648438,516.2343139648438,497.7973937988281,516.2343139648438,236.90589904785156,367748103,0.0,0.0,yfinance_raw_daily
2006-08-16,516.2343139648438,528.525634765625,510.08868408203125,516.2343139648438,236.90589904785156,163752085,0.0,0.0,yfinance_raw_daily
2006-08-17,516.2343139648438,516.2343139648438,516.2343139648438,516.2343139648438,236.90589904785156,0,0.0,0.0,yfinance_raw_daily
2006-08-18,516.2343139648438,516.2343139648438,516.2343139648438,516.2343139648438,236.90589904785156,0,0.0,0.0,yfinance_raw_daily
2006-08-21,516.2343139648438,516.2343139648438,516.2343139648438,516.2343139648438,236.90589904785156,0,0.0,0.0,yfinance_raw_daily
2006-08-22,510.08868408203125,516.2343139648438,497.7973937988281,510.08868408203125,234.0856475830078,164311424,0.0,0.0,yfinance_raw_daily
2006-08-23,528.525634765625,540.8169555664062,510.08868408203125,528.525634765625,242.5465545654297,496261832,0.0,0.0,yfinance_raw_daily
2006-08-24,528.525634765625,546.9625854492188,522.3800048828125,528.525634765625,242.5465545654297,566868719,0.0,0.0,yfinance_raw_daily
2006-08-25,510.08868408203125,534.6712646484375,503.94305419921875,510.08868408203125,234.0856475830078,163402244,0.0,0.0,yfinance_raw_daily
2006-08-28,510.08868408203125,522.3800048828125,503.94305419921875,510.08868408203125,234.0856475830078,144291156,0.0,0.0,yfinance_raw_daily
2006-08-29,528.525634765625,528.525634765625,503.94305419921875,528.525634765625,242.5465545654297,133850839,0.0,0.0,yfinance_raw_daily
2006-08-30,510.08868408203125,528.525634765625,503.94305419921875,510.08868408203125,234.0856475830078,169174623,0.0,0.0,yfinance_raw_daily
2006-08-31,516.2343139648438,522.3800048828125,503.94305419921875,516.2343139648438,236.90589904785156,170185501,0.0,0.0,yfinance_raw_daily
2006-09-01,528.525634765625,534.6712646484375,516.2343139648438,528.525634765625,242.5465545654297,259626858,0.0,0.0,yfinance_raw_daily
2006-09-04,540.8169555664062,540.8169555664062,528.525634765625,540.8169555664062,248.18719482421875,150175402,0.0,0.0,yfinance_raw_daily
2006-09-05,534.6712646484375,546.9625854492188,528.525634765625,534.6712646484375,245.36688232421875,232406371,0.0,0.0,yfinance_raw_daily
2006-09-06,534.6712646484375,534.6712646484375,522.3800048828125,534.6712646484375,245.36688232421875,135974293,0.0,0.0,yfinance_raw_daily
2006-09-07,534.6712646484375,534.6712646484375,522.3800048828125,534.6712646484375,245.36688232421875,90816314,0.0,0.0,yfinance_raw_daily
2006-09-08,528.525634765625,540.8169555664062,522.3800048828125,528.525634765625,242.5465545654297,177546402,0.0,0.0,yfinance_raw_daily
2006-09-11,516.2343139648438,528.525634765625,510.08868408203125,516.2343139648438,236.90589904785156,244351818,0.0,0.0,yfinance_raw_daily
2006-09-12,510.08868408203125,516.2343139648438,503.94305419921875,510.08868408203125,234.0856475830078,193645195,0.0,0.0,yfinance_raw_daily
2006-09-13,516.2343139648438,522.3800048828125,510.08868408203125,516.2343139648438,236.90589904785156,175075140,0.0,0.0,yfinance_raw_daily
2006-09-14,528.525634765625,534.6712646484375,522.3800048828125,528.525634765625,242.5465545654297,154605367,0.0,0.0,yfinance_raw_daily
2006-09-15,528.525634765625,528.525634765625,522.3800048828125,528.525634765625,242.5465545654297,75962304,0.0,0.0,yfinance_raw_daily
2006-09-18,528.525634765625,534.6712646484375,522.3800048828125,528.525634765625,242.5465545654297,81035000,0.0,0.0,yfinance_raw_daily
2006-09-19,522.3800048828125,528.525634765625,516.2343139648438,522.3800048828125,239.7262725830078,68308512,0.0,0.0,yfinance_raw_daily
2006-09-20,522.3800048828125,528.525634765625,516.2343139648438,522.3800048828125,239.7262725830078,92050927,0.0,0.0,yfinance_raw_daily
2006-09-21,528.525634765625,565.3995361328125,522.3800048828125,565.3995361328125,259.4683532714844,587639519,0.0,0.0,yfinance_raw_daily
2006-09-22,583.83642578125,589.9821166992188,559.2538452148438,583.83642578125,267.92926025390625,668761980,0.0,0.0,yfinance_raw_daily
2006-09-25,565.3995361328125,577.6907958984375,559.2538452148438,565.3995361328125,259.4683532714844,176826380,0.0,0.0,yfinance_raw_daily
2006-09-26,553.1082153320312,565.3995361328125,540.8169555664062,553.1082153320312,253.8277130126953,400966738,0.0,0.0,yfinance_raw_daily
2006-09-27,565.3995361328125,565.3995361328125,553.1082153320312,565.3995361328125,259.4683532714844,223825094,0.0,0.0,yfinance_raw_daily
2006-09-28,565.3995361328125,571.545166015625,559.2538452148438,565.3995361328125,259.4683532714844,168401718,0.0,0.0,yfinance_raw_daily
2006-09-29,571.545166015625,583.83642578125,559.2538452148438,571.545166015625,262.28875732421875,274812403,0.0,0.0,yfinance_raw_daily
2006-10-02,565.3995361328125,577.6907958984375,559.2538452148438,565.3995361328125,259.4683532714844,94080819,0.0,0.0,yfinance_raw_daily
2006-10-03,565.3995361328125,571.545166015625,559.2538452148438,565.3995361328125,259.4683532714844,186485656,0.0,0.0,yfinance_raw_daily
2006-10-04,571.545166015625,571.545166015625,546.9625854492188,571.545166015625,262.28875732421875,218921216,0.0,0.0,yfinance_raw_daily
2006-10-05,577.6907958984375,583.83642578125,565.3995361328125,577.6907958984375,265.10894775390625,362872701,0.0,0.0,yfinance_raw_daily
2006-10-06,589.9821166992188,596.1277465820312,577.6907958984375,589.9821166992188,270.7496337890625,462565217,0.0,0.0,yfinance_raw_daily
2006-10-09,602.2733764648438,602.2733764648438,583.83642578125,602.2733764648438,276.3901672363281,363391361,0.0,0.0,yfinance_raw_daily
2006-10-10,614.564697265625,614.564697265625,596.1277465820312,614.564697265625,282.0308837890625,253911430,0.0,0.0,yfinance_raw_daily
2006-10-11,633.0016479492188,645.2929077148438,614.564697265625,633.0016479492188,290.4917297363281,467953177,0.0,0.0,yfinance_raw_daily
2006-10-12,663.7298583984375,663.7298583984375,626.85595703125,663.7298583984375,304.5933532714844,518100461,0.0,0.0,yfinance_raw_daily
2006-10-13,688.3124389648438,688.3124389648438,669.87548828125,688.3124389648438,315.87457275390625,241459527,0.0,0.0,yfinance_raw_daily
2006-10-16,676.0211791992188,694.4581298828125,669.87548828125,676.0211791992188,310.2339782714844,215648575,0.0,0.0,yfinance_raw_daily
2006-10-17,663.7298583984375,676.0211791992188,651.4385986328125,663.7298583984375,304.5933532714844,130586333,0.0,0.0,yfinance_raw_daily
2006-10-18,657.584228515625,657.584228515625,645.2929077148438,657.584228515625,301.7730712890625,100705427,0.0,0.0,yfinance_raw_daily
2006-10-19,663.7298583984375,669.87548828125,657.584228515625,663.7298583984375,304.5933532714844,75463983,0.0,0.0,yfinance_raw_daily
2006-10-20,657.584228515625,663.7298583984375,651.4385986328125,657.584228515625,301.7730712890625,92937734,0.0,0.0,yfinance_raw_daily
2006-10-23,657.584228515625,657.584228515625,657.584228515625,657.584228515625,301.7730712890625,0,0.0,0.0,yfinance_raw_daily
2006-10-24,657.584228515625,657.584228515625,657.584228515625,657.584228515625,301.7730712890625,0,0.0,0.0,yfinance_raw_daily
2006-10-25,657.584228515625,657.584228515625,657.584228515625,657.584228515625,301.7730712890625,0,0.0,0.0,yfinance_raw_daily
2006-10-26,657.584228515625,657.584228515625,657.584228515625,657.584228515625,301.7730712890625,0,0.0,0.0,yfinance_raw_daily
2006-10-27,657.584228515625,657.584228515625,657.584228515625,657.584228515625,301.7730712890625,0,0.0,0.0,yfinance_raw_daily
2006-10-30,663.7298583984375,676.0211791992188,651.4385986328125,663.7298583984375,304.5933532714844,113543783,0.0,0.0,yfinance_raw_daily
2006-10-31,669.87548828125,669.87548828125,663.7298583984375,669.87548828125,307.41363525390625,84531377,0.0,0.0,yfinance_raw_daily
2006-11-01,663.7298583984375,669.87548828125,657.584228515625,663.7298583984375,304.5933532714844,55372527,0.0,0.0,yfinance_raw_daily
2006-11-02,663.7298583984375,706.7493896484375,663.7298583984375,700.603759765625,321.5151672363281,215095337,0.0,0.0,yfinance_raw_daily
2006-11-03,688.3124389648438,700.603759765625,669.87548828125,688.3124389648438,315.87457275390625,101234257,0.0,0.0,yfinance_raw_daily
2006-11-06,706.7493896484375,712.89501953125,688.3124389648438,706.7493896484375,324.33544921875,110354533,0.0,0.0,yfinance_raw_daily
2006-11-07,694.4581298828125,719.0407104492188,688.3124389648438,694.4581298828125,318.6948547363281,153903651,0.0,0.0,yfinance_raw_daily
2006-11-08,694.4581298828125,700.603759765625,682.1668090820312,688.3124389648438,315.87457275390625,91843463,0.0,0.0,yfinance_raw_daily
2006-11-09,682.1668090820312,694.4581298828125,676.0211791992188,682.1668090820312,313.05426025390625,118618513,0.0,0.0,yfinance_raw_daily
2006-11-10,682.1668090820312,688.3124389648438,676.0211791992188,682.1668090820312,313.05426025390625,152479879,0.0,0.0,yfinance_raw_daily
2006-11-13,651.4385986328125,682.1668090820312,639.1472778320312,651.4385986328125,298.9527587890625,348453959,0.0,0.0,yfinance_raw_daily
2006-11-14,663.7298583984375,676.0211791992188,651.4385986328125,663.7298583984375,304.5933532714844,431508681,0.0,0.0,yfinance_raw_daily
2006-11-15,657.584228515625,669.87548828125,657.584228515625,657.584228515625,301.7730712890625,128711022,0.0,0.0,yfinance_raw_daily
2006-11-16,657.584228515625,663.7298583984375,651.4385986328125,657.584228515625,301.7730712890625,50021178,0.0,0.0,yfinance_raw_daily
2006-11-17,657.584228515625,688.3124389648438,657.584228515625,657.584228515625,301.7730712890625,270331589,0.0,0.0,yfinance_raw_daily
2006-11-20,669.87548828125,676.0211791992188,657.584228515625,669.87548828125,307.41363525390625,105082509,0.0,0.0,yfinance_raw_daily
2006-11-21,663.7298583984375,669.87548828125,651.4385986328125,663.7298583984375,304.5933532714844,137568918,0.0,0.0,yfinance_raw_daily
2006-11-22,669.87548828125,669.87548828125,657.584228515625,669.87548828125,307.41363525390625,129868346,0.0,0.0,yfinance_raw_daily
2006-11-23,669.87548828125,682.1668090820312,663.7298583984375,669.87548828125,307.41363525390625,140424598,0.0,0.0,yfinance_raw_daily
2006-11-24,663.7298583984375,676.0211791992188,663.7298583984375,663.7298583984375,304.5933532714844,127541495,0.0,0.0,yfinance_raw_daily
2006-11-27,669.87548828125,676.0211791992188,651.4385986328125,669.87548828125,307.41363525390625,182645540,0.0,0.0,yfinance_raw_daily
2006-11-28,645.2929077148438,663.7298583984375,645.2929077148438,645.2929077148438,296.1324157714844,215107541,0.0,0.0,yfinance_raw_daily
2006-11-29,657.584228515625,694.4581298828125,651.4385986328125,694.4581298828125,318.6948547363281,326712960,0.0,0.0,yfinance_raw_daily
2006-11-30,682.1668090820312,712.89501953125,682.1668090820312,682.1668090820312,313.05426025390625,393312947,0.0,0.0,yfinance_raw_daily
2006-12-01,712.89501953125,719.0407104492188,682.1668090820312,712.89501953125,327.1558532714844,292265814,0.0,0.0,yfinance_raw_daily
2006-12-04,706.7493896484375,719.0407104492188,694.4581298828125,706.7493896484375,324.33544921875,205000794,0.0,0.0,yfinance_raw_daily
2006-12-05,712.89501953125,712.89501953125,700.603759765625,706.7493896484375,324.33544921875,157928858,0.0,0.0,yfinance_raw_daily
2006-12-06,706.7493896484375,725.1863403320312,706.7493896484375,706.7493896484375,324.33544921875,225525484,0.0,0.0,yfinance_raw_daily
2006-12-07,700.603759765625,706.7493896484375,694.4581298828125,700.603759765625,321.5151672363281,144270816,0.0,0.0,yfinance_raw_daily
2006-12-08,700.603759765625,700.603759765625,694.4581298828125,700.603759765625,321.5151672363281,80849910,0.0,0.0,yfinance_raw_daily
2006-12-11,682.1668090820312,706.7493896484375,682.1668090820312,682.1668090820312,313.05426025390625,214957028,0.0,0.0,yfinance_raw_daily
2006-12-12,712.89501953125,719.0407104492188,682.1668090820312,712.89501953125,327.1558532714844,411301289,0.0,0.0,yfinance_raw_daily
2006-12-13,706.7493896484375,719.0407104492188,700.603759765625,706.7493896484375,324.33544921875,144319631,0.0,0.0,yfinance_raw_daily
2006-12-14,700.603759765625,706.7493896484375,694.4581298828125,700.603759765625,321.5151672363281,123249840,0.0,0.0,yfinance_raw_daily
2006-12-15,700.603759765625,706.7493896484375,694.4581298828125,706.7493896484375,324.33544921875,78754931,0.0,0.0,yfinance_raw_daily
2006-12-18,706.7493896484375,712.89501953125,700.603759765625,706.7493896484375,324.33544921875,94945252,0.0,0.0,yfinance_raw_daily
2006-12-19,682.1668090820312,706.7493896484375,669.87548828125,682.1668090820312,313.05426025390625,306054029,0.0,0.0,yfinance_raw_daily
2006-12-20,700.603759765625,700.603759765625,688.3124389648438,700.603759765625,321.5151672363281,186556845,0.0,0.0,yfinance_raw_daily
2006-12-21,706.7493896484375,706.7493896484375,700.603759765625,706.7493896484375,324.33544921875,74697181,0.0,0.0,yfinance_raw_daily
2006-12-22,700.603759765625,712.89501953125,700.603759765625,700.603759765625,321.5151672363281,49535061,0.0,0.0,yfinance_raw_daily
2006-12-26,706.7493896484375,706.7493896484375,700.603759765625,706.7493896484375,324.33544921875,18537511,0.0,0.0,yfinance_raw_daily
2006-12-27,706.7493896484375,719.0407104492188,700.603759765625,719.0407104492188,329.9761657714844,83245914,0.0,0.0,yfinance_raw_daily
2006-12-28,719.0407104492188,725.1863403320312,706.7493896484375,712.89501953125,327.1558532714844,82993703,0.0,0.0,yfinance_raw_daily
2006-12-29,712.89501953125,725.1863403320312,706.7493896484375,712.89501953125,327.1558532714844,0,0.0,0.0,yfinance_raw_daily
2007-01-02,725.1863403320312,725.1863403320312,712.89501953125,725.1863403320312,332.79644775390625,95766972,0.0,0.0,yfinance_raw_daily
2007-01-03,712.89501953125,719.0407104492188,712.89501953125,712.89501953125,327.1558532714844,90574272,0.0,0.0,yfinance_raw_daily
2007-01-04,719.0407104492188,719.0407104492188,706.7493896484375,719.0407104492188,329.9761657714844,150748979,0.0,0.0,yfinance_raw_daily
2007-01-05,712.89501953125,719.0407104492188,706.7493896484375,712.89501953125,327.1558532714844,147462100,0.0,0.0,yfinance_raw_daily
2007-01-08,700.603759765625,706.7493896484375,688.3124389648438,700.603759765625,321.5151672363281,141539208,0.0,0.0,yfinance_raw_daily
2007-01-09,700.603759765625,700.603759765625,651.4385986328125,657.584228515625,301.7730712890625,556538237,0.0,0.0,yfinance_raw_daily
2007-01-10,645.2929077148438,645.2929077148438,608.4190673828125,626.85595703125,287.6715087890625,563329629,0.0,0.0,yfinance_raw_daily
2007-01-11,626.85595703125,639.1472778320312,620.7103271484375,626.85595703125,287.6715087890625,258146135,0.0,0.0,yfinance_raw_daily
2007-01-12,608.4190673828125,639.1472778320312,577.6907958984375,608.4190673828125,279.2106018066406,491166762,0.0,0.0,yfinance_raw_daily
2007-01-15,614.564697265625,657.584228515625,614.564697265625,651.4385986328125,298.9527587890625,381672594,0.0,0.0,yfinance_raw_daily
2007-01-16,663.7298583984375,669.87548828125,651.4385986328125,663.7298583984375,304.5933532714844,204994692,0.0,0.0,yfinance_raw_daily
2007-01-17,663.7298583984375,669.87548828125,657.584228515625,663.7298583984375,304.5933532714844,122283709,0.0,0.0,yfinance_raw_daily
2007-01-18,663.7298583984375,676.0211791992188,657.584228515625,663.7298583984375,304.5933532714844,74272083,0.0,0.0,yfinance_raw_daily
2007-01-19,663.7298583984375,669.87548828125,651.4385986328125,663.7298583984375,304.5933532714844,175980253,0.0,0.0,yfinance_raw_daily
2007-01-22,688.3124389648438,694.4581298828125,676.0211791992188,688.3124389648438,315.87457275390625,393725840,0.0,0.0,yfinance_raw_daily
2007-01-23,688.3124389648438,688.3124389648438,676.0211791992188,688.3124389648438,315.87457275390625,99316232,0.0,0.0,yfinance_raw_daily
2007-01-24,676.0211791992188,694.4581298828125,663.7298583984375,676.0211791992188,310.2339782714844,193098060,0.0,0.0,yfinance_raw_daily
2007-01-25,663.7298583984375,676.0211791992188,651.4385986328125,663.7298583984375,304.5933532714844,174043923,0.0,0.0,yfinance_raw_daily
2007-01-26,651.4385986328125,657.584228515625,639.1472778320312,651.4385986328125,298.9527587890625,203107177,0.0,0.0,yfinance_raw_daily
2007-01-29,633.0016479492188,657.584228515625,633.0016479492188,633.0016479492188,290.4917297363281,208503273,0.0,0.0,yfinance_raw_daily
2007-01-30,639.1472778320312,645.2929077148438,633.0016479492188,639.1472778320312,293.3120422363281,197143606,0.0,0.0,yfinance_raw_daily
2007-01-31,633.0016479492188,645.2929077148438,633.0016479492188,633.0016479492188,290.4917297363281,122961017,0.0,0.0,yfinance_raw_daily
2007-02-01,633.0016479492188,639.1472778320312,620.7103271484375,633.0016479492188,290.4917297363281,202309865,0.0,0.0,yfinance_raw_daily
2007-02-02,639.1472778320312,639.1472778320312,639.1472778320312,639.1472778320312,293.3120422363281,135142404,0.0,0.0,yfinance_raw_daily
2007-02-05,633.0016479492188,639.1472778320312,626.85595703125,633.0016479492188,290.4917297363281,80361759,0.0,0.0,yfinance_raw_daily
2007-02-06,639.1472778320312,645.2929077148438,626.85595703125,639.1472778320312,293.3120422363281,162045593,0.0,0.0,yfinance_raw_daily
2007-02-07,633.0016479492188,639.1472778320312,626.85595703125,633.0016479492188,290.4917297363281,70537732,0.0,0.0,yfinance_raw_daily
2007-02-08,602.2733764648438,626.85595703125,596.1277465820312,602.2733764648438,276.3901672363281,271328230,0.0,0.0,yfinance_raw_daily
2007-02-09,596.1277465820312,608.4190673828125,583.83642578125,596.1277465820312,273.5699462890625,232373828,0.0,0.0,yfinance_raw_daily
2007-02-12,602.2733764648438,608.4190673828125,583.83642578125,602.2733764648438,276.3901672363281,235526466,0.0,0.0,yfinance_raw_daily
2007-02-13,602.2733764648438,614.564697265625,596.1277465820312,602.2733764648438,276.3901672363281,148952992,0.0,0.0,yfinance_raw_daily
2007-02-14,620.7103271484375,626.85595703125,608.4190673828125,620.7103271484375,284.8511657714844,190659342,0.0,0.0,yfinance_raw_daily
2007-02-15,633.0016479492188,639.1472778320312,620.7103271484375,633.0016479492188,290.4917297363281,217440493,0.0,0.0,yfinance_raw_daily
2007-02-16,620.7103271484375,633.0016479492188,614.564697265625,620.7103271484375,284.8511657714844,83180828,0.0,0.0,yfinance_raw_daily
2007-02-19,626.85595703125,626.85595703125,620.7103271484375,626.85595703125,287.6715087890625,13830928,0.0,0.0,yfinance_raw_daily
2007-02-20,620.7103271484375,626.85595703125,614.564697265625,620.7103271484375,284.8511657714844,25153983,0.0,0.0,yfinance_raw_daily
2007-02-21,620.7103271484375,626.85595703125,614.564697265625,620.7103271484375,284.8511657714844,82552334,0.0,0.0,yfinance_raw_daily
2007-02-22,614.564697265625,626.85595703125,608.4190673828125,614.564697265625,282.0308837890625,150130655,0.0,0.0,yfinance_raw_daily
2007-02-23,620.7103271484375,620.7103271484375,608.4190673828125,620.7103271484375,284.8511657714844,70525529,0.0,0.0,yfinance_raw_daily
2007-02-26,602.2733764648438,608.4190673828125,596.1277465820312,602.2733764648438,276.3901672363281,57487845,0.0,0.0,yfinance_raw_daily
2007-02-27,583.83642578125,608.4190673828125,577.6907958984375,583.83642578125,267.92926025390625,131465004,0.0,0.0,yfinance_raw_daily
2007-02-28,540.8169555664062,571.545166015625,528.525634765625,571.545166015625,262.28875732421875,648991888,0.0,0.0,yfinance_raw_daily
2007-03-01,571.545166015625,589.9821166992188,565.3995361328125,571.545166015625,262.28875732421875,281142087,0.0,0.0,yfinance_raw_daily
2007-03-02,577.6907958984375,583.83642578125,565.3995361328125,577.6907958984375,265.10894775390625,163078844,0.0,0.0,yfinance_raw_daily
2007-03-05,553.1082153320312,571.545166015625,540.8169555664062,553.1082153320312,253.8277130126953,323690496,0.0,0.0,yfinance_raw_daily
2007-03-06,565.3995361328125,571.545166015625,559.2538452148438,565.3995361328125,259.4683532714844,225836680,0.0,0.0,yfinance_raw_daily
2007-03-07,565.3995361328125,577.6907958984375,559.2538452148438,565.3995361328125,259.4683532714844,223149819,0.0,0.0,yfinance_raw_daily
2007-03-08,577.6907958984375,596.1277465820312,571.545166015625,577.6907958984375,265.10894775390625,592685774,0.0,0.0,yfinance_raw_daily
2007-03-09,596.1277465820312,602.2733764648438,583.83642578125,596.1277465820312,273.5699462890625,1014193474,0.0,0.0,yfinance_raw_daily
2007-03-12,596.1277465820312,633.0016479492188,596.1277465820312,626.85595703125,287.6715087890625,1010414377,0.0,0.0,yfinance_raw_daily
2007-03-13,626.85595703125,633.0016479492188,614.564697265625,626.85595703125,287.6715087890625,282962481,0.0,0.0,yfinance_raw_daily
2007-03-14,596.1277465820312,608.4190673828125,596.1277465820312,596.1277465820312,273.5699462890625,273122182,0.0,0.0,yfinance_raw_daily
2007-03-15,608.4190673828125,614.564697265625,602.2733764648438,608.4190673828125,279.2106018066406,108381592,0.0,0.0,yfinance_raw_daily
2007-03-16,602.2733764648438,608.4190673828125,596.1277465820312,602.2733764648438,276.3901672363281,104002476,0.0,0.0,yfinance_raw_daily
2007-03-20,589.9821166992188,608.4190673828125,583.83642578125,589.9821166992188,270.7496337890625,127950321,0.0,0.0,yfinance_raw_daily
2007-03-21,596.1277465820312,602.2733764648438,583.83642578125,596.1277465820312,273.5699462890625,105979485,0.0,0.0,yfinance_raw_daily
2007-03-22,608.4190673828125,608.4190673828125,596.1277465820312,608.4190673828125,279.2106018066406,182820460,0.0,0.0,yfinance_raw_daily
2007-03-23,614.564697265625,614.564697265625,602.2733764648438,614.564697265625,282.0308837890625,125202441,0.0,0.0,yfinance_raw_daily
2007-03-26,620.7103271484375,626.85595703125,614.564697265625,620.7103271484375,284.8511657714844,209703309,0.0,0.0,yfinance_raw_daily
2007-03-27,626.85595703125,626.85595703125,614.564697265625,626.85595703125,287.6715087890625,122651855,0.0,0.0,yfinance_raw_daily
2007-03-28,614.564697265625,626.85595703125,608.4190673828125,614.564697265625,282.0308837890625,111985769,0.0,0.0,yfinance_raw_daily
2007-03-29,608.4190673828125,614.564697265625,602.2733764648438,608.4190673828125,279.2106018066406,214293957,0.0,0.0,yfinance_raw_daily
2007-03-30,614.564697265625,614.564697265625,602.2733764648438,614.564697265625,282.0308837890625,81521116,0.0,0.0,yfinance_raw_daily
2007-04-02,620.7103271484375,626.85595703125,608.4190673828125,620.7103271484375,284.8511657714844,274159502,0.0,0.0,yfinance_raw_daily
2007-04-03,620.7103271484375,657.584228515625,620.7103271484375,657.584228515625,301.7730712890625,670818313,0.0,0.0,yfinance_raw_daily
2007-04-04,669.87548828125,676.0211791992188,663.7298583984375,669.87548828125,307.41363525390625,480744751,0.0,0.0,yfinance_raw_daily
2007-04-05,657.584228515625,669.87548828125,651.4385986328125,657.584228515625,301.7730712890625,229341193,0.0,0.0,yfinance_raw_daily
2007-04-09,669.87548828125,669.87548828125,657.584228515625,669.87548828125,307.41363525390625,153972805,0.0,0.0,yfinance_raw_daily
2007-04-10,688.3124389648438,688.3124389648438,663.7298583984375,688.3124389648438,315.87457275390625,299795534,0.0,0.0,yfinance_raw_daily
2007-04-11,676.0211791992188,694.4581298828125,669.87548828125,676.0211791992188,310.2339782714844,458114912,0.0,0.0,yfinance_raw_daily
2007-04-12,669.87548828125,712.89501953125,669.87548828125,706.7493896484375,324.33544921875,825507073,0.0,0.0,yfinance_raw_daily
2007-04-13,737.4776000976562,743.623291015625,719.0407104492188,737.4776000976562,338.43701171875,768240929,0.0,0.0,yfinance_raw_daily
2007-04-16,743.623291015625,762.0602416992188,731.3319702148438,743.623291015625,341.25726318359375,533629745,0.0,0.0,yfinance_raw_daily
2007-04-17,731.3319702148438,749.7689208984375,725.1863403320312,731.3319702148438,335.61669921875,304915011,0.0,0.0,yfinance_raw_daily
2007-04-18,743.623291015625,743.623291015625,731.3319702148438,743.623291015625,341.25726318359375,360562123,0.0,0.0,yfinance_raw_daily
2007-04-19,719.0407104492188,737.4776000976562,712.89501953125,719.0407104492188,329.9761657714844,322209773,0.0,0.0,yfinance_raw_daily
2007-04-20,737.4776000976562,774.3515014648438,731.3319702148438,774.3515014648438,355.35882568359375,857881614,0.0,0.0,yfinance_raw_daily
2007-04-23,805.0797729492188,817.3710327148438,786.642822265625,805.0797729492188,369.4604187011719,786227238,0.0,0.0,yfinance_raw_daily
2007-04-24,780.4971313476562,805.0797729492188,774.3515014648438,780.4971313476562,358.17919921875,488138196,0.0,0.0,yfinance_raw_daily
2007-04-25,780.4971313476562,780.4971313476562,768.2058715820312,780.4971313476562,358.17919921875,277106710,0.0,0.0,yfinance_raw_daily
2007-04-26,780.4971313476562,792.7884521484375,768.2058715820312,780.4971313476562,358.17919921875,474010310,0.0,0.0,yfinance_raw_daily
2007-04-27,774.3515014648438,774.3515014648438,762.0602416992188,774.3515014648438,355.35882568359375,143920975,0.0,0.0,yfinance_raw_daily
2007-04-30,755.91455078125,774.3515014648438,749.7689208984375,755.91455078125,346.89794921875,207484259,0.0,0.0,yfinance_raw_daily
2007-05-01,749.7689208984375,755.91455078125,743.623291015625,749.7689208984375,344.0776672363281,156376946,0.0,0.0,yfinance_raw_daily
2007-05-02,755.91455078125,755.91455078125,731.3319702148438,755.91455078125,346.89794921875,331448019,0.0,0.0,yfinance_raw_daily
2007-05-03,780.4971313476562,786.642822265625,755.91455078125,780.4971313476562,358.17919921875,599434453,0.0,0.0,yfinance_raw_daily
2007-05-04,755.91455078125,786.642822265625,749.7689208984375,755.91455078125,346.89794921875,275245637,0.0,0.0,yfinance_raw_daily
2007-05-07,774.3515014648438,780.4971313476562,755.91455078125,774.3515014648438,355.35882568359375,179071872,0.0,0.0,yfinance_raw_daily
2007-05-08,762.0602416992188,774.3515014648438,755.91455078125,762.0602416992188,349.7182922363281,64191777,0.0,0.0,yfinance_raw_daily
2007-05-09,768.2058715820312,774.3515014648438,749.7689208984375,768.2058715820312,352.53857421875,136381085,0.0,0.0,yfinance_raw_daily
2007-05-10,774.3515014648438,780.4971313476562,762.0602416992188,774.3515014648438,355.35882568359375,173362546,0.0,0.0,yfinance_raw_daily
2007-05-11,762.0602416992188,768.2058715820312,749.7689208984375,762.0602416992188,349.7182922363281,154894189,0.0,0.0,yfinance_raw_daily
2007-05-14,768.2058715820312,774.3515014648438,755.91455078125,768.2058715820312,352.53857421875,98793505,0.0,0.0,yfinance_raw_daily
2007-05-15,792.7884521484375,792.7884521484375,768.2058715820312,792.7884521484375,363.81982421875,446865079,0.0,0.0,yfinance_raw_daily
2007-05-16,811.2254028320312,811.2254028320312,786.642822265625,811.2254028320312,372.2807922363281,403948523,0.0,0.0,yfinance_raw_daily
2007-05-21,805.0797729492188,823.5166625976562,798.93408203125,805.0797729492188,369.4604187011719,554465631,0.0,0.0,yfinance_raw_daily
2007-05-22,798.93408203125,805.0797729492188,792.7884521484375,798.93408203125,366.64013671875,138347925,0.0,0.0,yfinance_raw_daily
2007-05-23,798.93408203125,811.2254028320312,792.7884521484375,798.93408203125,366.64013671875,228905926,0.0,0.0,yfinance_raw_daily
2007-05-24,774.3515014648438,798.93408203125,768.2058715820312,774.3515014648438,355.35882568359375,148385517,0.0,0.0,yfinance_raw_daily
2007-05-25,762.0602416992188,768.2058715820312,749.7689208984375,762.0602416992188,349.7182922363281,305340109,0.0,0.0,yfinance_raw_daily
2007-05-28,774.3515014648438,780.4971313476562,762.0602416992188,774.3515014648438,355.35882568359375,161911351,0.0,0.0,yfinance_raw_daily
2007-05-29,755.91455078125,780.4971313476562,755.91455078125,755.91455078125,346.89794921875,38325908,0.0,0.0,yfinance_raw_daily
2007-05-30,755.91455078125,768.2058715820312,749.7689208984375,755.91455078125,346.89794921875,91981773,0.0,0.0,yfinance_raw_daily
2007-05-31,768.2058715820312,798.93408203125,768.2058715820312,798.93408203125,366.64013671875,299537221,0.0,0.0,yfinance_raw_daily
2007-06-04,792.7884521484375,805.0797729492188,786.642822265625,792.7884521484375,363.81982421875,140276119,0.0,0.0,yfinance_raw_daily
2007-06-05,774.3515014648438,798.93408203125,768.2058715820312,774.3515014648438,355.35882568359375,83428971,0.0,0.0,yfinance_raw_daily
2007-06-06,786.642822265625,811.2254028320312,780.4971313476562,786.642822265625,360.99951171875,311057570,0.0,0.0,yfinance_raw_daily
2007-06-07,774.3515014648438,786.642822265625,768.2058715820312,774.3515014648438,355.35882568359375,167270836,0.0,0.0,yfinance_raw_daily
2007-06-08,762.0602416992188,768.2058715820312,749.7689208984375,762.0602416992188,349.7182922363281,226579076,0.0,0.0,yfinance_raw_daily
2007-06-11,768.2058715820312,774.3515014648438,762.0602416992188,768.2058715820312,352.53857421875,157607492,0.0,0.0,yfinance_raw_daily
2007-06-12,768.2058715820312,774.3515014648438,762.0602416992188,768.2058715820312,352.53857421875,84325947,0.0,0.0,yfinance_raw_daily
2007-06-13,768.2058715820312,774.3515014648438,755.91455078125,768.2058715820312,352.53857421875,94251672,0.0,0.0,yfinance_raw_daily
2007-06-14,786.642822265625,792.7884521484375,774.3515014648438,786.642822265625,360.99951171875,161809653,0.0,0.0,yfinance_raw_daily
2007-06-15,792.7884521484375,798.93408203125,780.4971313476562,792.7884521484375,363.81982421875,148558404,0.0,0.0,yfinance_raw_daily
2007-06-18,798.93408203125,805.0797729492188,786.642822265625,798.93408203125,366.64013671875,68406142,0.0,0.0,yfinance_raw_daily
2007-06-19,798.93408203125,798.93408203125,786.642822265625,798.93408203125,366.64013671875,76458590,0.0,0.0,yfinance_raw_daily
2007-06-20,792.7884521484375,798.93408203125,786.642822265625,792.7884521484375,371.8611755371094,131058212,17.276642,0.0,yfinance_raw_daily
2007-06-21,780.4971313476562,792.7884521484375,774.3515014648438,780.4971313476562,366.09588623046875,69205489,0.0,0.0,yfinance_raw_daily
2007-06-22,774.3515014648438,780.4971313476562,762.0602416992188,774.3515014648438,363.21319580078125,108497528,0.0,0.0,yfinance_raw_daily
2007-06-25,774.3515014648438,774.3515014648438,762.0602416992188,774.3515014648438,363.21319580078125,49565571,0.0,0.0,yfinance_raw_daily
2007-06-26,774.3515014648438,780.4971313476562,768.2058715820312,774.3515014648438,363.21319580078125,28591375,0.0,0.0,yfinance_raw_daily
2007-06-27,755.91455078125,768.2058715820312,749.7689208984375,755.91455078125,354.5652770996094,190681716,0.0,0.0,yfinance_raw_daily
2007-06-28,755.91455078125,768.2058715820312,743.623291015625,755.91455078125,354.5652770996094,135776999,0.0,0.0,yfinance_raw_daily
2007-06-29,755.91455078125,774.3515014648438,755.91455078125,768.2058715820312,360.33062744140625,141366321,0.0,0.0,yfinance_raw_daily
2007-07-02,786.642822265625,786.642822265625,768.2058715820312,786.642822265625,368.9785461425781,110958619,0.0,0.0,yfinance_raw_daily
2007-07-03,798.93408203125,805.0797729492188,792.7884521484375,798.93408203125,374.74383544921875,372426211,0.0,0.0,yfinance_raw_daily
2007-07-04,792.7884521484375,805.0797729492188,786.642822265625,792.7884521484375,371.8611755371094,98270777,0.0,0.0,yfinance_raw_daily
2007-07-05,798.93408203125,805.0797729492188,786.642822265625,798.93408203125,374.74383544921875,143207055,0.0,0.0,yfinance_raw_daily
2007-07-06,792.7884521484375,798.93408203125,786.642822265625,792.7884521484375,371.8611755371094,98699942,0.0,0.0,yfinance_raw_daily
2007-07-09,798.93408203125,854.2449340820312,798.93408203125,848.0993041992188,397.8050231933594,1162505770,0.0,0.0,yfinance_raw_daily
2007-07-10,866.5361938476562,866.5361938476562,835.8079833984375,866.5361938476562,406.452880859375,593462746,0.0,0.0,yfinance_raw_daily
2007-07-11,835.8079833984375,854.2449340820312,829.662353515625,835.8079833984375,392.0397033691406,311877256,0.0,0.0,yfinance_raw_daily
2007-07-12,835.8079833984375,854.2449340820312,823.5166625976562,835.8079833984375,392.0397033691406,850374268,0.0,0.0,yfinance_raw_daily
2007-07-13,829.662353515625,860.3905639648438,823.5166625976562,829.662353515625,389.1571044921875,537591899,0.0,0.0,yfinance_raw_daily
2007-07-16,835.8079833984375,860.3905639648438,829.662353515625,835.8079833984375,392.0397033691406,1018391568,0.0,0.0,yfinance_raw_daily
2007-07-17,854.2449340820312,854.2449340820312,841.95361328125,854.2449340820312,400.6876220703125,348696000,0.0,0.0,yfinance_raw_daily
2007-07-18,860.3905639648438,866.5361938476562,848.0993041992188,860.3905639648438,403.5702209472656,341046276,0.0,0.0,yfinance_raw_daily
2007-07-19,891.1187744140625,891.1187744140625,860.3905639648438,891.1187744140625,417.9835510253906,428905213,0.0,0.0,yfinance_raw_daily
2007-07-20,915.701416015625,921.8470458984375,897.2644653320312,915.701416015625,429.5140380859375,387788711,0.0,0.0,yfinance_raw_daily
2007-07-23,903.4100952148438,921.8470458984375,897.2644653320312,915.701416015625,429.5140380859375,291124762,0.0,0.0,yfinance_raw_daily
2007-07-24,921.8470458984375,927.99267578125,903.4100952148438,921.8470458984375,432.396728515625,335526109,0.0,0.0,yfinance_raw_daily
2007-07-25,909.5557250976562,921.8470458984375,909.5557250976562,921.8470458984375,432.396728515625,291381041,0.0,0.0,yfinance_raw_daily
2007-07-26,921.8470458984375,934.1383056640625,909.5557250976562,915.701416015625,429.5140380859375,468345731,0.0,0.0,yfinance_raw_daily
2007-07-27,884.97314453125,897.2644653320312,854.2449340820312,866.5361938476562,406.452880859375,917423759,0.0,0.0,yfinance_raw_daily
2007-07-30,860.3905639648438,866.5361938476562,835.8079833984375,854.2449340820312,400.6876220703125,417020784,0.0,0.0,yfinance_raw_daily
2007-07-31,866.5361938476562,866.5361938476562,854.2449340820312,866.5361938476562,406.452880859375,262722545,0.0,0.0,yfinance_raw_daily
2007-08-01,854.2449340820312,854.2449340820312,805.0797729492188,811.2254028320312,380.5091552734375,642857465,0.0,0.0,yfinance_raw_daily
2007-08-02,817.3710327148438,835.8079833984375,798.93408203125,817.3710327148438,383.39178466796875,439516382,0.0,0.0,yfinance_raw_daily
2007-08-03,811.2254028320312,823.5166625976562,798.93408203125,811.2254028320312,380.5091552734375,174729367,0.0,0.0,yfinance_raw_daily
2007-08-06,786.642822265625,786.642822265625,762.0602416992188,786.642822265625,368.9785461425781,428356043,0.0,0.0,yfinance_raw_daily
2007-08-07,774.3515014648438,798.93408203125,768.2058715820312,774.3515014648438,363.21319580078125,305161120,0.0,0.0,yfinance_raw_daily
2007-08-08,786.642822265625,811.2254028320312,780.4971313476562,805.0797729492188,377.62640380859375,413947471,0.0,0.0,yfinance_raw_daily
2007-08-09,798.93408203125,823.5166625976562,792.7884521484375,798.93408203125,374.74383544921875,198176858,0.0,0.0,yfinance_raw_daily
2007-08-10,780.4971313476562,780.4971313476562,755.91455078125,780.4971313476562,366.09588623046875,322246384,0.0,0.0,yfinance_raw_daily
2007-08-13,792.7884521484375,792.7884521484375,768.2058715820312,792.7884521484375,371.8611755371094,12,0.0,0.0,yfinance_raw_daily
2007-08-14,774.3515014648438,786.642822265625,768.2058715820312,774.3515014648438,363.21319580078125,93938442,0.0,0.0,yfinance_raw_daily
2007-08-15,719.0407104492188,762.0602416992188,712.89501953125,719.0407104492188,337.2695007324219,491219645,0.0,0.0,yfinance_raw_daily
2007-08-16,682.1668090820312,682.1668090820312,645.2929077148438,663.7298583984375,311.3256530761719,499300568,0.0,0.0,yfinance_raw_daily
2007-08-20,719.0407104492188,725.1863403320312,700.603759765625,719.0407104492188,337.2695007324219,412938627,0.0,0.0,yfinance_raw_daily
2007-08-21,719.0407104492188,731.3319702148438,676.0211791992188,682.1668090820312,319.9735412597656,265974847,0.0,0.0,yfinance_raw_daily
2007-08-22,700.603759765625,706.7493896484375,676.0211791992188,700.603759765625,328.62152099609375,286479198,0.0,0.0,yfinance_raw_daily
2007-08-23,731.3319702148438,737.4776000976562,719.0407104492188,731.3319702148438,343.0346984863281,444875867,0.0,0.0,yfinance_raw_daily
2007-08-24,743.623291015625,743.623291015625,706.7493896484375,743.623291015625,348.7999572753906,148995705,0.0,0.0,yfinance_raw_daily
2007-08-27,749.7689208984375,774.3515014648438,749.7689208984375,774.3515014648438,363.21319580078125,264614128,0.0,0.0,yfinance_raw_daily
2007-08-28,774.3515014648438,780.4971313476562,762.0602416992188,774.3515014648438,363.21319580078125,153228376,0.0,0.0,yfinance_raw_daily
2007-08-29,762.0602416992188,762.0602416992188,737.4776000976562,762.0602416992188,357.4479675292969,195095409,0.0,0.0,yfinance_raw_daily
2007-08-30,768.2058715820312,780.4971313476562,762.0602416992188,768.2058715820312,360.33062744140625,169754301,0.0,0.0,yfinance_raw_daily
2007-08-31,798.93408203125,798.93408203125,768.2058715820312,798.93408203125,374.74383544921875,261695395,0.0,0.0,yfinance_raw_daily
2007-09-03,792.7884521484375,798.93408203125,780.4971313476562,792.7884521484375,371.8611755371094,166479626,0.0,0.0,yfinance_raw_daily
2007-09-04,780.4971313476562,792.7884521484375,774.3515014648438,780.4971313476562,366.09588623046875,95522897,0.0,0.0,yfinance_raw_daily
2007-09-05,792.7884521484375,792.7884521484375,774.3515014648438,792.7884521484375,371.8611755371094,118962252,0.0,0.0,yfinance_raw_daily
2007-09-06,780.4971313476562,792.7884521484375,774.3515014648438,780.4971313476562,366.09588623046875,122582701,0.0,0.0,yfinance_raw_daily
2007-09-07,786.642822265625,798.93408203125,780.4971313476562,786.642822265625,368.9785461425781,96865311,0.0,0.0,yfinance_raw_daily
2007-09-10,762.0602416992188,774.3515014648438,762.0602416992188,768.2058715820312,360.33062744140625,187799594,0.0,0.0,yfinance_raw_daily
2007-09-11,768.2058715820312,774.3515014648438,762.0602416992188,768.2058715820312,360.33062744140625,57638358,0.0,0.0,yfinance_raw_daily
2007-09-12,768.2058715820312,774.3515014648438,755.91455078125,768.2058715820312,360.33062744140625,91697018,0.0,0.0,yfinance_raw_daily
2007-09-13,768.2058715820312,768.2058715820312,755.91455078125,768.2058715820312,360.33062744140625,39627642,0.0,0.0,yfinance_raw_daily
2007-09-14,774.3515014648438,780.4971313476562,762.0602416992188,774.3515014648438,363.21319580078125,69565499,0.0,0.0,yfinance_raw_daily
2007-09-17,780.4971313476562,792.7884521484375,774.3515014648438,780.4971313476562,366.09588623046875,196694101,0.0,0.0,yfinance_raw_daily
2007-09-18,786.642822265625,792.7884521484375,774.3515014648438,786.642822265625,368.9785461425781,64411445,0.0,0.0,yfinance_raw_daily
2007-09-19,835.8079833984375,835.8079833984375,798.93408203125,835.8079833984375,392.0397033691406,682780032,0.0,0.0,yfinance_raw_daily
2007-09-20,823.5166625976562,841.95361328125,817.3710327148438,823.5166625976562,386.2744445800781,331389034,0.0,0.0,yfinance_raw_daily
2007-09-21,841.95361328125,841.95361328125,817.3710327148438,841.95361328125,394.9223327636719,132644701,0.0,0.0,yfinance_raw_daily
2007-09-24,841.95361328125,866.5361938476562,835.8079833984375,866.5361938476562,406.452880859375,301827460,0.0,0.0,yfinance_raw_daily
2007-09-25,854.2449340820312,860.3905639648438,841.95361328125,848.0993041992188,397.8050231933594,128747634,0.0,0.0,yfinance_raw_daily
2007-09-26,878.8275146484375,878.8275146484375,848.0993041992188,878.8275146484375,412.21826171875,310241952,0.0,0.0,yfinance_raw_daily
2007-09-27,878.8275146484375,891.1187744140625,872.681884765625,878.8275146484375,412.21826171875,186455147,0.0,0.0,yfinance_raw_daily
2007-09-28,866.5361938476562,884.97314453125,860.3905639648438,866.5361938476562,406.452880859375,153639236,0.0,0.0,yfinance_raw_daily
2007-10-01,878.8275146484375,884.97314453125,866.5361938476562,878.8275146484375,412.21826171875,112240014,0.0,0.0,yfinance_raw_daily
2007-10-02,897.2644653320312,903.4100952148438,884.97314453125,897.2644653320312,420.8661193847656,366448403,0.0,0.0,yfinance_raw_daily
2007-10-03,878.8275146484375,909.5557250976562,872.681884765625,878.8275146484375,412.21826171875,305543505,0.0,0.0,yfinance_raw_daily
2007-10-04,903.4100952148438,909.5557250976562,878.8275146484375,903.4100952148438,423.748779296875,265169399,0.0,0.0,yfinance_raw_daily
2007-10-05,897.2644653320312,903.4100952148438,891.1187744140625,897.2644653320312,420.8661193847656,142635512,0.0,0.0,yfinance_raw_daily
2007-10-08,903.4100952148438,952.5752563476562,903.4100952148438,952.5752563476562,446.8099060058594,622816857,0.0,0.0,yfinance_raw_daily
2007-10-09,946.4296264648438,952.5752563476562,940.2839965820312,952.5752563476562,446.8099060058594,123882401,0.0,0.0,yfinance_raw_daily
2007-10-10,958.720947265625,971.01220703125,952.5752563476562,958.720947265625,449.69256591796875,195660850,0.0,0.0,yfinance_raw_daily
2007-10-11,971.01220703125,971.01220703125,952.5752563476562,971.01220703125,455.4578857421875,97048367,0.0,0.0,yfinance_raw_daily
2007-10-17,964.8665771484375,964.8665771484375,940.2839965820312,952.5752563476562,446.8099060058594,187270765,0.0,0.0,yfinance_raw_daily
2007-10-18,934.1383056640625,964.8665771484375,934.1383056640625,934.1383056640625,438.161865234375,80015986,0.0,0.0,yfinance_raw_daily
2007-10-19,891.1187744140625,927.99267578125,891.1187744140625,891.1187744140625,417.9835510253906,165950796,0.0,0.0,yfinance_raw_daily
2007-10-22,860.3905639648438,872.681884765625,841.95361328125,848.0993041992188,397.8050231933594,196382905,0.0,0.0,yfinance_raw_daily
2007-10-23,860.3905639648438,903.4100952148438,860.3905639648438,897.2644653320312,420.8661193847656,186859905,0.0,0.0,yfinance_raw_daily
2007-10-24,909.5557250976562,921.8470458984375,872.681884765625,884.97314453125,415.1007995605469,196687999,0.0,0.0,yfinance_raw_daily
2007-10-25,897.2644653320312,946.4296264648438,884.97314453125,946.4296264648438,443.9273376464844,299990794,0.0,0.0,yfinance_raw_daily
2007-10-26,952.5752563476562,971.01220703125,940.2839965820312,952.5752563476562,446.8099060058594,332347030,0.0,0.0,yfinance_raw_daily
2007-10-29,958.720947265625,995.5947875976562,958.720947265625,983.3035278320312,461.22314453125,483222114,0.0,0.0,yfinance_raw_daily
2007-10-30,983.3035278320312,989.4491577148438,952.5752563476562,964.8665771484375,452.5752258300781,294122819,0.0,0.0,yfinance_raw_daily
2007-10-31,958.720947265625,958.720947265625,921.8470458984375,927.99267578125,435.2794189453125,240910358,0.0,0.0,yfinance_raw_daily
2007-11-01,946.4296264648438,958.720947265625,921.8470458984375,934.1383056640625,438.161865234375,305934025,0.0,0.0,yfinance_raw_daily
2007-11-02,903.4100952148438,927.99267578125,903.4100952148438,915.701416015625,429.5140380859375,198628397,0.0,0.0,yfinance_raw_daily
2007-11-05,915.701416015625,921.8470458984375,878.8275146484375,891.1187744140625,417.9835510253906,151686634,0.0,0.0,yfinance_raw_daily
2007-11-06,878.8275146484375,903.4100952148438,878.8275146484375,897.2644653320312,420.8661193847656,174243251,0.0,0.0,yfinance_raw_daily
2007-11-07,903.4100952148438,909.5557250976562,878.8275146484375,878.8275146484375,412.21826171875,229084914,0.0,0.0,yfinance_raw_daily
2007-11-08,860.3905639648438,860.3905639648438,823.5166625976562,835.8079833984375,392.0397033691406,771369160,0.0,0.0,yfinance_raw_daily
2007-11-09,835.8079833984375,848.0993041992188,798.93408203125,835.8079833984375,392.0397033691406,1162603400,0.0,0.0,yfinance_raw_daily
2007-11-12,823.5166625976562,835.8079833984375,805.0797729492188,817.3710327148438,383.39178466796875,468425055,0.0,0.0,yfinance_raw_daily
2007-11-13,817.3710327148438,872.681884765625,817.3710327148438,866.5361938476562,406.452880859375,1025990442,0.0,0.0,yfinance_raw_daily
2007-11-14,891.1187744140625,903.4100952148438,878.8275146484375,891.1187744140625,417.9835510253906,644252762,0.0,0.0,yfinance_raw_daily
2007-11-15,884.97314453125,891.1187744140625,866.5361938476562,872.681884765625,409.3355712890625,404334976,0.0,0.0,yfinance_raw_daily
2007-11-16,854.2449340820312,860.3905639648438,835.8079833984375,854.2449340820312,400.6876220703125,193364509,0.0,0.0,yfinance_raw_daily
2007-11-19,854.2449340820312,878.8275146484375,848.0993041992188,854.2449340820312,400.6876220703125,163015792,0.0,0.0,yfinance_raw_daily
2007-11-20,854.2449340820312,866.5361938476562,811.2254028320312,860.3905639648438,403.5702209472656,461975368,0.0,0.0,yfinance_raw_daily
2007-11-21,854.2449340820312,854.2449340820312,817.3710327148438,823.5166625976562,386.2744445800781,259100062,0.0,0.0,yfinance_raw_daily
2007-11-22,805.0797729492188,835.8079833984375,805.0797729492188,823.5166625976562,386.2744445800781,159572297,0.0,0.0,yfinance_raw_daily
2007-11-23,835.8079833984375,835.8079833984375,817.3710327148438,823.5166625976562,386.2744445800781,64594501,0.0,0.0,yfinance_raw_daily
2007-11-26,835.8079833984375,860.3905639648438,829.662353515625,860.3905639648438,403.5702209472656,186731765,0.0,0.0,yfinance_raw_daily
2007-11-27,835.8079833984375,854.2449340820312,829.662353515625,848.0993041992188,397.8050231933594,149274358,0.0,0.0,yfinance_raw_daily
2007-11-28,854.2449340820312,860.3905639648438,841.95361328125,848.0993041992188,397.8050231933594,181099730,0.0,0.0,yfinance_raw_daily
2007-11-29,866.5361938476562,897.2644653320312,860.3905639648438,866.5361938476562,406.452880859375,419437129,0.0,0.0,yfinance_raw_daily
2007-11-30,872.681884765625,884.97314453125,872.681884765625,872.681884765625,409.3355712890625,190293229,0.0,0.0,yfinance_raw_daily
2007-12-03,884.97314453125,897.2644653320312,878.8275146484375,897.2644653320312,420.8661193847656,159745184,0.0,0.0,yfinance_raw_daily
2007-12-04,891.1187744140625,903.4100952148438,884.97314453125,897.2644653320312,420.8661193847656,151542223,0.0,0.0,yfinance_raw_daily
2007-12-05,891.1187744140625,909.5557250976562,878.8275146484375,909.5557250976562,426.6313781738281,294875384,0.0,0.0,yfinance_raw_daily
2007-12-06,915.701416015625,927.99267578125,903.4100952148438,909.5557250976562,426.6313781738281,472472636,0.0,0.0,yfinance_raw_daily
2007-12-07,921.8470458984375,921.8470458984375,872.681884765625,872.681884765625,409.3355712890625,242555831,0.0,0.0,yfinance_raw_daily
2007-12-10,872.681884765625,891.1187744140625,872.681884765625,878.8275146484375,412.21826171875,179863082,0.0,0.0,yfinance_raw_daily
2007-12-11,884.97314453125,891.1187744140625,878.8275146484375,884.97314453125,415.1007995605469,142891791,0.0,0.0,yfinance_raw_daily
2007-12-12,866.5361938476562,878.8275146484375,860.3905639648438,872.681884765625,409.3355712890625,164732454,0.0,0.0,yfinance_raw_daily
2007-12-13,872.681884765625,872.681884765625,841.95361328125,848.0993041992188,397.8050231933594,110692171,0.0,0.0,yfinance_raw_daily
2007-12-14,848.0993041992188,854.2449340820312,835.8079833984375,841.95361328125,394.9223327636719,76373164,0.0,0.0,yfinance_raw_daily
2007-12-17,835.8079833984375,841.95361328125,792.7884521484375,811.2254028320312,380.5091552734375,320946684,0.0,0.0,yfinance_raw_daily
2007-12-18,811.2254028320312,817.3710327148438,792.7884521484375,811.2254028320312,380.5091552734375,300720986,0.0,0.0,yfinance_raw_daily
2007-12-19,811.2254028320312,817.3710327148438,805.0797729492188,817.3710327148438,383.39178466796875,100556948,0.0,0.0,yfinance_raw_daily
2007-12-26,829.662353515625,854.2449340820312,823.5166625976562,854.2449340820312,400.6876220703125,109024323,0.0,0.0,yfinance_raw_daily
2007-12-27,854.2449340820312,872.681884765625,841.95361328125,866.5361938476562,406.452880859375,141606329,0.0,0.0,yfinance_raw_daily
2007-12-28,866.5361938476562,866.5361938476562,848.0993041992188,860.3905639648438,403.5702209472656,87903683,0.0,0.0,yfinance_raw_daily
2007-12-31,860.3905639648438,860.3905639648438,860.3905639648438,860.3905639648438,403.5702209472656,0,0.0,0.0,yfinance_raw_daily
2008-01-02,860.3905639648438,872.681884765625,841.95361328125,860.3905639648438,403.5702209472656,113454288,0.0,0.0,yfinance_raw_daily
2008-01-03,848.0993041992188,848.0993041992188,823.5166625976562,829.662353515625,389.1571044921875,87901649,0.0,0.0,yfinance_raw_daily
2008-01-04,829.662353515625,841.95361328125,823.5166625976562,835.8079833984375,392.0397033691406,125493298,0.0,0.0,yfinance_raw_daily
2008-01-07,811.2254028320312,841.95361328125,811.2254028320312,835.8079833984375,392.0397033691406,63101575,0.0,0.0,yfinance_raw_daily
2008-01-08,835.8079833984375,841.95361328125,823.5166625976562,829.662353515625,389.1571044921875,54959633,0.0,0.0,yfinance_raw_daily
2008-01-09,823.5166625976562,841.95361328125,823.5166625976562,835.8079833984375,392.0397033691406,123597647,0.0,0.0,yfinance_raw_daily
2008-01-14,829.662353515625,829.662353515625,811.2254028320312,817.3710327148438,383.39178466796875,162954773,0.0,0.0,yfinance_raw_daily
2008-01-15,823.5166625976562,829.662353515625,780.4971313476562,786.642822265625,368.9785461425781,201028470,0.0,0.0,yfinance_raw_daily
2008-01-16,768.2058715820312,768.2058715820312,719.0407104492188,743.623291015625,348.7999572753906,392973275,0.0,0.0,yfinance_raw_daily
2008-01-17,743.623291015625,774.3515014648438,731.3319702148438,768.2058715820312,360.33062744140625,216203846,0.0,0.0,yfinance_raw_daily
2008-01-18,737.4776000976562,762.0602416992188,725.1863403320312,749.7689208984375,351.68267822265625,202777676,0.0,0.0,yfinance_raw_daily
2008-01-21,737.4776000976562,743.623291015625,688.3124389648438,700.603759765625,328.62152099609375,255904711,0.0,0.0,yfinance_raw_daily
2008-01-22,645.2929077148438,663.7298583984375,626.85595703125,645.2929077148438,302.6777038574219,368712200,0.0,0.0,yfinance_raw_daily
2008-01-23,700.603759765625,743.623291015625,688.3124389648438,731.3319702148438,343.0346984863281,378692842,0.0,0.0,yfinance_raw_daily
2008-01-24,755.91455078125,780.4971313476562,749.7689208984375,762.0602416992188,357.4479675292969,363419836,0.0,0.0,yfinance_raw_daily
2008-01-25,774.3515014648438,811.2254028320312,774.3515014648438,811.2254028320312,380.5091552734375,374730688,0.0,0.0,yfinance_raw_daily
2008-01-28,780.4971313476562,792.7884521484375,768.2058715820312,774.3515014648438,363.21319580078125,176716546,0.0,0.0,yfinance_raw_daily
2008-01-29,792.7884521484375,811.2254028320312,792.7884521484375,805.0797729492188,377.62640380859375,290319314,0.0,0.0,yfinance_raw_daily
2008-01-30,823.5166625976562,823.5166625976562,792.7884521484375,798.93408203125,374.74383544921875,261654716,0.0,0.0,yfinance_raw_daily
2008-01-31,811.2254028320312,823.5166625976562,798.93408203125,817.3710327148438,383.39178466796875,358725457,0.0,0.0,yfinance_raw_daily
2008-02-01,829.662353515625,841.95361328125,811.2254028320312,823.5166625976562,386.2744445800781,270095650,0.0,0.0,yfinance_raw_daily
2008-02-04,835.8079833984375,848.0993041992188,817.3710327148438,835.8079833984375,392.0397033691406,216925901,0.0,0.0,yfinance_raw_daily
2008-02-05,829.662353515625,854.2449340820312,823.5166625976562,848.0993041992188,397.8050231933594,285297467,0.0,0.0,yfinance_raw_daily
2008-02-06,848.0993041992188,817.3710327148438,798.93408203125,817.3710327148438,383.39178466796875,213244434,0.0,0.0,yfinance_raw_daily
2008-02-11,817.3710327148438,823.5166625976562,792.7884521484375,798.93408203125,374.74383544921875,160320795,0.0,0.0,yfinance_raw_daily
2008-02-12,811.2254028320312,817.3710327148438,780.4971313476562,792.7884521484375,371.8611755371094,109555187,0.0,0.0,yfinance_raw_daily
2008-02-13,811.2254028320312,811.2254028320312,792.7884521484375,798.93408203125,374.74383544921875,97697200,0.0,0.0,yfinance_raw_daily
2008-02-14,817.3710327148438,823.5166625976562,805.0797729492188,811.2254028320312,380.5091552734375,95189328,0.0,0.0,yfinance_raw_daily
2008-02-15,798.93408203125,823.5166625976562,792.7884521484375,817.3710327148438,383.39178466796875,120861971,0.0,0.0,yfinance_raw_daily
2008-02-18,805.0797729492188,823.5166625976562,798.93408203125,805.0797729492188,377.62640380859375,117080839,0.0,0.0,yfinance_raw_daily
2008-02-19,817.3710327148438,835.8079833984375,811.2254028320312,829.662353515625,389.1571044921875,281369890,0.0,0.0,yfinance_raw_daily
2008-02-20,829.662353515625,829.662353515625,811.2254028320312,823.5166625976562,386.2744445800781,199301638,0.0,0.0,yfinance_raw_daily
2008-02-21,829.662353515625,835.8079833984375,817.3710327148438,823.5166625976562,386.2744445800781,114070578,0.0,0.0,yfinance_raw_daily
2008-02-22,817.3710327148438,829.662353515625,811.2254028320312,829.662353515625,389.1571044921875,70987237,0.0,0.0,yfinance_raw_daily
2008-02-25,835.8079833984375,835.8079833984375,817.3710327148438,823.5166625976562,386.2744445800781,81207886,0.0,0.0,yfinance_raw_daily
2008-02-26,829.662353515625,829.662353515625,805.0797729492188,805.0797729492188,377.62640380859375,80866181,0.0,0.0,yfinance_raw_daily
2008-02-27,817.3710327148438,817.3710327148438,792.7884521484375,798.93408203125,374.74383544921875,102361070,0.0,0.0,yfinance_raw_daily
2008-02-28,798.93408203125,817.3710327148438,798.93408203125,817.3710327148438,383.39178466796875,124952264,0.0,0.0,yfinance_raw_daily
2008-02-29,811.2254028320312,817.3710327148438,798.93408203125,805.0797729492188,377.62640380859375,85955149,0.0,0.0,yfinance_raw_daily
2008-03-03,786.642822265625,798.93408203125,774.3515014648438,786.642822265625,368.9785461425781,140032044,0.0,0.0,yfinance_raw_daily
2008-03-04,786.642822265625,798.93408203125,768.2058715820312,768.2058715820312,360.33062744140625,116411666,0.0,0.0,yfinance_raw_daily
2008-03-05,774.3515014648438,780.4971313476562,762.0602416992188,774.3515014648438,363.21319580078125,47419743,0.0,0.0,yfinance_raw_daily
2008-03-06,780.4971313476562,792.7884521484375,774.3515014648438,780.4971313476562,366.09588623046875,79196300,0.0,0.0,yfinance_raw_daily
2008-03-10,768.2058715820312,768.2058715820312,731.3319702148438,737.4776000976562,345.9173583984375,203876014,0.0,0.0,yfinance_raw_daily
2008-03-11,737.4776000976562,774.3515014648438,719.0407104492188,768.2058715820312,360.33062744140625,134540352,0.0,0.0,yfinance_raw_daily
2008-03-12,792.7884521484375,805.0797729492188,774.3515014648438,774.3515014648438,363.21319580078125,207827998,0.0,0.0,yfinance_raw_daily
2008-03-13,774.3515014648438,798.93408203125,737.4776000976562,743.623291015625,348.7999572753906,363759508,0.0,0.0,yfinance_raw_daily
2008-03-14,755.91455078125,768.2058715820312,737.4776000976562,737.4776000976562,345.9173583984375,159787897,0.0,0.0,yfinance_raw_daily
2008-03-17,700.603759765625,755.91455078125,676.0211791992188,755.91455078125,354.5652770996094,257812565,0.0,0.0,yfinance_raw_daily
2008-03-18,762.0602416992188,768.2058715820312,725.1863403320312,743.623291015625,348.7999572753906,248541776,0.0,0.0,yfinance_raw_daily
2008-03-19,762.0602416992188,762.0602416992188,731.3319702148438,737.4776000976562,345.9173583984375,225438024,0.0,0.0,yfinance_raw_daily
2008-03-24,737.4776000976562,768.2058715820312,737.4776000976562,768.2058715820312,360.33062744140625,138132325,0.0,0.0,yfinance_raw_daily
2008-03-25,774.3515014648438,792.7884521484375,762.0602416992188,774.3515014648438,363.21319580078125,181701782,0.0,0.0,yfinance_raw_daily
2008-03-26,762.0602416992188,798.93408203125,762.0602416992188,786.642822265625,368.9785461425781,117074737,0.0,0.0,yfinance_raw_daily
2008-03-27,780.4971313476562,780.4971313476562,762.0602416992188,780.4971313476562,366.09588623046875,87547740,0.0,0.0,yfinance_raw_daily
2008-03-28,780.4971313476562,786.642822265625,768.2058715820312,774.3515014648438,363.21319580078125,82883870,0.0,0.0,yfinance_raw_daily
2008-03-31,768.2058715820312,780.4971313476562,762.0602416992188,774.3515014648438,363.21319580078125,95274754,0.0,0.0,yfinance_raw_daily
2008-04-01,774.3515014648438,786.642822265625,743.623291015625,755.91455078125,354.5652770996094,226422461,0.0,0.0,yfinance_raw_daily
2008-04-02,768.2058715820312,792.7884521484375,768.2058715820312,774.3515014648438,363.21319580078125,301615928,0.0,0.0,yfinance_raw_daily
2008-04-03,780.4971313476562,780.4971313476562,737.4776000976562,743.623291015625,348.7999572753906,517732314,0.0,0.0,yfinance_raw_daily
2008-04-04,743.623291015625,749.7689208984375,731.3319702148438,743.623291015625,348.7999572753906,126862153,0.0,0.0,yfinance_raw_daily
2008-04-07,762.0602416992188,762.0602416992188,731.3319702148438,731.3319702148438,343.0346984863281,64092113,0.0,0.0,yfinance_raw_daily
2008-04-08,737.4776000976562,737.4776000976562,682.1668090820312,688.3124389648438,322.8562316894531,134587133,0.0,0.0,yfinance_raw_daily
2008-04-09,682.1668090820312,694.4581298828125,639.1472778320312,651.4385986328125,305.56036376953125,237910267,0.0,0.0,yfinance_raw_daily
2008-04-10,651.4385986328125,676.0211791992188,651.4385986328125,676.0211791992188,317.0909729003906,262982892,0.0,0.0,yfinance_raw_daily
2008-04-11,688.3124389648438,719.0407104492188,682.1668090820312,719.0407104492188,337.2695007324219,202747166,0.0,0.0,yfinance_raw_daily
2008-04-14,700.603759765625,700.603759765625,676.0211791992188,688.3124389648438,322.8562316894531,104868943,0.0,0.0,yfinance_raw_daily
2008-04-15,688.3124389648438,694.4581298828125,676.0211791992188,682.1668090820312,319.9735412597656,117890355,0.0,0.0,yfinance_raw_daily
2008-04-16,688.3124389648438,700.603759765625,682.1668090820312,682.1668090820312,319.9735412597656,218585613,0.0,0.0,yfinance_raw_daily
2008-04-17,694.4581298828125,700.603759765625,676.0211791992188,688.3124389648438,322.8562316894531,215858072,0.0,0.0,yfinance_raw_daily
2008-04-18,682.1668090820312,700.603759765625,676.0211791992188,694.4581298828125,325.73883056640625,286900227,0.0,0.0,yfinance_raw_daily
2008-04-21,700.603759765625,706.7493896484375,682.1668090820312,682.1668090820312,319.9735412597656,179832573,0.0,0.0,yfinance_raw_daily
2008-04-22,682.1668090820312,682.1668090820312,669.87548828125,676.0211791992188,317.0909729003906,161679480,0.0,0.0,yfinance_raw_daily
2008-04-23,676.0211791992188,676.0211791992188,657.584228515625,669.87548828125,314.2082824707031,105426248,0.0,0.0,yfinance_raw_daily
2008-04-24,676.0211791992188,676.0211791992188,651.4385986328125,651.4385986328125,305.56036376953125,239456076,0.0,0.0,yfinance_raw_daily
2008-04-25,657.584228515625,663.7298583984375,639.1472778320312,645.2929077148438,302.6777038574219,185519525,0.0,0.0,yfinance_raw_daily
2008-04-28,651.4385986328125,663.7298583984375,639.1472778320312,663.7298583984375,311.3256530761719,134652219,0.0,0.0,yfinance_raw_daily
2008-04-29,676.0211791992188,706.7493896484375,676.0211791992188,694.4581298828125,325.73883056640625,367735900,0.0,0.0,yfinance_raw_daily
2008-04-30,694.4581298828125,712.89501953125,694.4581298828125,706.7493896484375,331.5041198730469,239397092,0.0,0.0,yfinance_raw_daily
2008-05-05,768.2058715820312,768.2058715820312,743.623291015625,755.91455078125,354.5652770996094,236490563,0.0,0.0,yfinance_raw_daily
2008-05-06,755.91455078125,755.91455078125,731.3319702148438,743.623291015625,348.7999572753906,157873941,0.0,0.0,yfinance_raw_daily
2008-05-07,743.623291015625,743.623291015625,712.89501953125,712.89501953125,334.3868408203125,171475031,0.0,0.0,yfinance_raw_daily
2008-05-08,706.7493896484375,712.89501953125,682.1668090820312,700.603759765625,328.62152099609375,156631191,0.0,0.0,yfinance_raw_daily
2008-05-09,700.603759765625,712.89501953125,688.3124389648438,706.7493896484375,331.5041198730469,70226536,0.0,0.0,yfinance_raw_daily
2008-05-12,700.603759765625,706.7493896484375,688.3124389648438,706.7493896484375,331.5041198730469,65129433,0.0,0.0,yfinance_raw_daily
2008-05-13,712.89501953125,719.0407104492188,694.4581298828125,712.89501953125,334.3868408203125,178164726,0.0,0.0,yfinance_raw_daily
2008-05-14,712.89501953125,737.4776000976562,712.89501953125,737.4776000976562,345.9173583984375,218744262,0.0,0.0,yfinance_raw_daily
2008-05-15,743.623291015625,755.91455078125,731.3319702148438,737.4776000976562,345.9173583984375,175443287,0.0,0.0,yfinance_raw_daily
2008-05-16,749.7689208984375,749.7689208984375,731.3319702148438,731.3319702148438,343.0346984863281,38748971,0.0,0.0,yfinance_raw_daily
2008-05-21,719.0407104492188,725.1863403320312,700.603759765625,719.0407104492188,337.2695007324219,76053832,0.0,0.0,yfinance_raw_daily
2008-05-22,694.4581298828125,706.7493896484375,694.4581298828125,706.7493896484375,331.5041198730469,61547629,0.0,0.0,yfinance_raw_daily
2008-05-23,706.7493896484375,712.89501953125,688.3124389648438,694.4581298828125,325.73883056640625,70053650,0.0,0.0,yfinance_raw_daily
2008-05-26,682.1668090820312,688.3124389648438,676.0211791992188,682.1668090820312,319.9735412597656,27212350,0.0,0.0,yfinance_raw_daily
2008-05-27,676.0211791992188,706.7493896484375,669.87548828125,676.0211791992188,317.0909729003906,157347145,0.0,0.0,yfinance_raw_daily
2008-05-28,682.1668090820312,700.603759765625,663.7298583984375,694.4581298828125,325.73883056640625,175880589,0.0,0.0,yfinance_raw_daily
2008-05-29,706.7493896484375,719.0407104492188,676.0211791992188,712.89501953125,334.3868408203125,414394942,0.0,0.0,yfinance_raw_daily
2008-05-30,719.0407104492188,731.3319702148438,700.603759765625,712.89501953125,334.3868408203125,127679805,0.0,0.0,yfinance_raw_daily
2008-06-02,712.89501953125,719.0407104492188,694.4581298828125,700.603759765625,328.62152099609375,69006160,0.0,0.0,yfinance_raw_daily
2008-06-03,688.3124389648438,700.603759765625,688.3124389648438,694.4581298828125,325.73883056640625,72476096,0.0,0.0,yfinance_raw_daily
2008-06-04,694.4581298828125,694.4581298828125,682.1668090820312,688.3124389648438,322.8562316894531,50706622,0.0,0.0,yfinance_raw_daily
2008-06-05,688.3124389648438,706.7493896484375,682.1668090820312,700.603759765625,328.62152099609375,116842866,0.0,0.0,yfinance_raw_daily
2008-06-06,712.89501953125,712.89501953125,688.3124389648438,694.4581298828125,325.73883056640625,85515814,0.0,0.0,yfinance_raw_daily
2008-06-09,669.87548828125,694.4581298828125,669.87548828125,682.1668090820312,319.9735412597656,144543367,0.0,0.0,yfinance_raw_daily
2008-06-10,682.1668090820312,682.1668090820312,657.584228515625,663.7298583984375,311.3256530761719,219553778,0.0,0.0,yfinance_raw_daily
2008-06-11,663.7298583984375,694.4581298828125,663.7298583984375,688.3124389648438,322.8562316894531,139572369,0.0,0.0,yfinance_raw_daily
2008-06-12,682.1668090820312,694.4581298828125,676.0211791992188,694.4581298828125,325.73883056640625,93397409,0.0,0.0,yfinance_raw_daily
2008-06-13,694.4581298828125,694.4581298828125,676.0211791992188,688.3124389648438,322.8562316894531,78038977,0.0,0.0,yfinance_raw_daily
2008-06-16,694.4581298828125,700.603759765625,688.3124389648438,694.4581298828125,325.73883056640625,117697129,0.0,0.0,yfinance_raw_daily
2008-06-17,694.4581298828125,700.603759765625,688.3124389648438,694.4581298828125,325.73883056640625,51329014,0.0,0.0,yfinance_raw_daily
2008-06-18,700.603759765625,706.7493896484375,694.4581298828125,700.603759765625,328.62152099609375,70708585,0.0,0.0,yfinance_raw_daily
2008-06-19,694.4581298828125,706.7493896484375,688.3124389648438,694.4581298828125,325.73883056640625,120957567,0.0,0.0,yfinance_raw_daily
2008-06-20,657.584228515625,663.7298583984375,651.4385986328125,657.584228515625,330.32135009765625,118956150,45.99648,0.0,yfinance_raw_daily
2008-06-23,645.2929077148438,651.4385986328125,633.0016479492188,645.2929077148438,324.1471862792969,96680220,0.0,0.0,yfinance_raw_daily
2008-06-24,663.7298583984375,663.7298583984375,633.0016479492188,663.7298583984375,333.4084777832031,148029574,0.0,0.0,yfinance_raw_daily
2008-06-25,657.584228515625,663.7298583984375,651.4385986328125,657.584228515625,330.32135009765625,74524294,0.0,0.0,yfinance_raw_daily
2008-06-26,663.7298583984375,676.0211791992188,657.584228515625,663.7298583984375,333.4084777832031,81655358,0.0,0.0,yfinance_raw_daily
2008-06-27,639.1472778320312,657.584228515625,633.0016479492188,639.1472778320312,321.0600280761719,57390215,0.0,0.0,yfinance_raw_daily
2008-06-30,639.1472778320312,651.4385986328125,633.0016479492188,639.1472778320312,321.0600280761719,44952549,0.0,0.0,yfinance_raw_daily
2008-07-01,651.4385986328125,657.584228515625,645.2929077148438,651.4385986328125,327.2342834472656,51739874,0.0,0.0,yfinance_raw_daily
2008-07-02,669.87548828125,688.3124389648438,651.4385986328125,669.87548828125,336.49560546875,257007117,0.0,0.0,yfinance_raw_daily
2008-07-03,645.2929077148438,663.7298583984375,645.2929077148438,645.2929077148438,324.1471862792969,134387805,0.0,0.0,yfinance_raw_daily
2008-07-04,651.4385986328125,663.7298583984375,645.2929077148438,651.4385986328125,327.2342834472656,26215710,0.0,0.0,yfinance_raw_daily
2008-07-07,651.4385986328125,657.584228515625,645.2929077148438,651.4385986328125,327.2342834472656,19001254,0.0,0.0,yfinance_raw_daily
2008-07-08,663.7298583984375,663.7298583984375,645.2929077148438,663.7298583984375,333.4084777832031,80526510,0.0,0.0,yfinance_raw_daily
2008-07-09,682.1668090820312,688.3124389648438,669.87548828125,682.1668090820312,342.66986083984375,135559366,0.0,0.0,yfinance_raw_daily
2008-07-10,688.3124389648438,688.3124389648438,669.87548828125,688.3124389648438,345.7569580078125,125310241,0.0,0.0,yfinance_raw_daily
2008-07-11,700.603759765625,706.7493896484375,688.3124389648438,700.603759765625,351.93115234375,189835588,0.0,0.0,yfinance_raw_daily
2008-07-14,694.4581298828125,712.89501953125,694.4581298828125,694.4581298828125,348.8440856933594,88465056,0.0,0.0,yfinance_raw_daily
2008-07-15,663.7298583984375,688.3124389648438,657.584228515625,663.7298583984375,333.4084777832031,46219707,0.0,0.0,yfinance_raw_daily
2008-07-16,645.2929077148438,676.0211791992188,645.2929077148438,645.2929077148438,324.1471862792969,124994977,0.0,0.0,yfinance_raw_daily
2008-07-17,651.4385986328125,669.87548828125,645.2929077148438,651.4385986328125,327.2342834472656,129132052,0.0,0.0,yfinance_raw_daily
2008-07-18,663.7298583984375,669.87548828125,657.584228515625,663.7298583984375,333.4084777832031,175372099,0.0,0.0,yfinance_raw_daily
2008-07-21,682.1668090820312,688.3124389648438,663.7298583984375,682.1668090820312,342.66986083984375,96440213,0.0,0.0,yfinance_raw_daily
2008-07-22,682.1668090820312,688.3124389648438,669.87548828125,682.1668090820312,342.66986083984375,34083067,0.0,0.0,yfinance_raw_daily
2008-07-23,712.89501953125,712.89501953125,682.1668090820312,712.89501953125,358.1053771972656,399394487,0.0,0.0,yfinance_raw_daily
2008-07-24,737.4776000976562,737.4776000976562,700.603759765625,737.4776000976562,370.453857421875,435594907,0.0,0.0,yfinance_raw_daily
2008-07-25,712.89501953125,725.1863403320312,706.7493896484375,712.89501953125,358.1053771972656,100504065,0.0,0.0,yfinance_raw_daily
2008-07-28,712.89501953125,731.3319702148438,706.7493896484375,712.89501953125,358.1053771972656,103780775,0.0,0.0,yfinance_raw_daily
2008-07-29,719.0407104492188,719.0407104492188,700.603759765625,719.0407104492188,361.1925354003906,80994321,0.0,0.0,yfinance_raw_daily
2008-07-31,731.3319702148438,749.7689208984375,725.1863403320312,731.3319702148438,367.36669921875,183666588,0.0,0.0,yfinance_raw_daily
2008-08-01,731.3319702148438,743.623291015625,719.0407104492188,731.3319702148438,367.36669921875,139741187,0.0,0.0,yfinance_raw_daily
2008-08-04,719.0407104492188,755.91455078125,719.0407104492188,755.91455078125,379.7152099609375,200418282,0.0,0.0,yfinance_raw_daily
2008-08-05,755.91455078125,774.3515014648438,737.4776000976562,755.91455078125,379.7152099609375,155492174,0.0,0.0,yfinance_raw_daily
2008-08-06,743.623291015625,768.2058715820312,737.4776000976562,743.623291015625,373.54095458984375,175010054,0.0,0.0,yfinance_raw_daily
2008-08-07,737.4776000976562,743.623291015625,725.1863403320312,737.4776000976562,370.453857421875,62812752,0.0,0.0,yfinance_raw_daily
2008-08-08,719.0407104492188,737.4776000976562,712.89501953125,719.0407104492188,361.1925354003906,44730848,0.0,0.0,yfinance_raw_daily
2008-08-11,694.4581298828125,731.3319702148438,688.3124389648438,694.4581298828125,348.8440856933594,60266234,0.0,0.0,yfinance_raw_daily
2008-08-12,676.0211791992188,700.603759765625,651.4385986328125,676.0211791992188,339.58270263671875,183593365,0.0,0.0,yfinance_raw_daily
2008-08-13,657.584228515625,712.89501953125,657.584228515625,706.7493896484375,355.01824951171875,125481094,0.0,0.0,yfinance_raw_daily
2008-08-14,706.7493896484375,712.89501953125,694.4581298828125,706.7493896484375,355.01824951171875,37398422,0.0,0.0,yfinance_raw_daily
2008-08-15,712.89501953125,725.1863403320312,700.603759765625,712.89501953125,358.1053771972656,89813571,0.0,0.0,yfinance_raw_daily
2008-08-19,688.3124389648438,719.0407104492188,688.3124389648438,688.3124389648438,345.7569580078125,65806741,0.0,0.0,yfinance_raw_daily
2008-08-20,719.0407104492188,725.1863403320312,688.3124389648438,719.0407104492188,361.1925354003906,51605633,0.0,0.0,yfinance_raw_daily
2008-08-21,694.4581298828125,712.89501953125,694.4581298828125,694.4581298828125,348.8440856933594,52319553,0.0,0.0,yfinance_raw_daily
2008-08-22,700.603759765625,706.7493896484375,682.1668090820312,700.603759765625,351.93115234375,98217894,0.0,0.0,yfinance_raw_daily
2008-08-25,700.603759765625,712.89501953125,682.1668090820312,700.603759765625,351.93115234375,52236160,0.0,0.0,yfinance_raw_daily
2008-08-26,688.3124389648438,694.4581298828125,676.0211791992188,688.3124389648438,345.7569580078125,27474731,0.0,0.0,yfinance_raw_daily
2008-08-27,688.3124389648438,694.4581298828125,682.1668090820312,688.3124389648438,345.7569580078125,50074061,0.0,0.0,yfinance_raw_daily
2008-08-28,688.3124389648438,700.603759765625,682.1668090820312,688.3124389648438,345.7569580078125,69213624,0.0,0.0,yfinance_raw_daily
2008-08-29,694.4581298828125,700.603759765625,682.1668090820312,694.4581298828125,348.8440856933594,42137549,0.0,0.0,yfinance_raw_daily
2008-09-01,688.3124389648438,694.4581298828125,676.0211791992188,688.3124389648438,345.7569580078125,114845517,0.0,0.0,yfinance_raw_daily
2008-09-02,719.0407104492188,719.0407104492188,682.1668090820312,719.0407104492188,361.1925354003906,184984594,0.0,0.0,yfinance_raw_daily
2008-09-03,700.603759765625,719.0407104492188,700.603759765625,700.603759765625,351.93115234375,114922807,0.0,0.0,yfinance_raw_daily
2008-09-04,688.3124389648438,700.603759765625,682.1668090820312,688.3124389648438,345.7569580078125,61346267,0.0,0.0,yfinance_raw_daily
2008-09-05,669.87548828125,676.0211791992188,651.4385986328125,669.87548828125,336.49560546875,139303886,0.0,0.0,yfinance_raw_daily
2008-09-08,669.87548828125,694.4581298828125,663.7298583984375,669.87548828125,336.49560546875,109054833,0.0,0.0,yfinance_raw_daily
2008-09-09,651.4385986328125,669.87548828125,651.4385986328125,651.4385986328125,327.2342834472656,61334063,0.0,0.0,yfinance_raw_daily
2008-09-10,657.584228515625,663.7298583984375,645.2929077148438,657.584228515625,330.32135009765625,167529149,0.0,0.0,yfinance_raw_daily
2008-09-11,645.2929077148438,657.584228515625,633.0016479492188,645.2929077148438,324.1471862792969,58492621,0.0,0.0,yfinance_raw_daily
2008-09-12,639.1472778320312,639.1472778320312,571.545166015625,602.2733764648438,302.53729248046875,180833281,0.0,0.0,yfinance_raw_daily
2008-09-15,596.1277465820312,596.1277465820312,540.8169555664062,553.1082153320312,277.84039306640625,92337716,0.0,0.0,yfinance_raw_daily
2008-09-16,528.525634765625,602.2733764648438,485.506103515625,596.1277465820312,299.45025634765625,220737542,0.0,0.0,yfinance_raw_daily
2008-09-17,626.85595703125,633.0016479492188,608.4190673828125,626.85595703125,314.88580322265625,277206374,0.0,0.0,yfinance_raw_daily
2008-09-18,620.7103271484375,639.1472778320312,577.6907958984375,620.7103271484375,311.7986755371094,196149000,0.0,0.0,yfinance_raw_daily
2008-09-19,657.584228515625,669.87548828125,645.2929077148438,657.584228515625,330.32135009765625,119517523,0.0,0.0,yfinance_raw_daily
2008-09-22,688.3124389648438,688.3124389648438,663.7298583984375,688.3124389648438,345.7569580078125,145674249,0.0,0.0,yfinance_raw_daily
2008-09-23,682.1668090820312,688.3124389648438,663.7298583984375,682.1668090820312,342.66986083984375,163432753,0.0,0.0,yfinance_raw_daily
2008-09-24,663.7298583984375,688.3124389648438,657.584228515625,663.7298583984375,333.4084777832031,88735572,0.0,0.0,yfinance_raw_daily
2008-09-25,645.2929077148438,657.584228515625,639.1472778320312,645.2929077148438,324.1471862792969,125609233,0.0,0.0,yfinance_raw_daily
2008-09-26,645.2929077148438,657.584228515625,633.0016479492188,645.2929077148438,324.1471862792969,39410008,0.0,0.0,yfinance_raw_daily
2008-10-06,614.564697265625,626.85595703125,596.1277465820312,614.564697265625,308.7115783691406,257627475,0.0,0.0,yfinance_raw_daily
2008-10-07,614.564697265625,620.7103271484375,602.2733764648438,614.564697265625,308.7115783691406,162698494,0.0,0.0,yfinance_raw_daily
2008-10-08,565.3995361328125,596.1277465820312,559.2538452148438,565.3995361328125,284.0146484375,100483725,0.0,0.0,yfinance_raw_daily
2008-10-09,565.3995361328125,565.3995361328125,565.3995361328125,565.3995361328125,284.0146484375,0,0.0,0.0,yfinance_raw_daily
2008-10-10,565.3995361328125,565.3995361328125,565.3995361328125,565.3995361328125,284.0146484375,0,0.0,0.0,yfinance_raw_daily
2008-10-13,534.6712646484375,571.545166015625,510.08868408203125,534.6712646484375,268.5790710449219,4,0.0,0.0,yfinance_raw_daily
2008-10-14,577.6907958984375,583.83642578125,553.1082153320312,577.6907958984375,290.1888732910156,383175690,0.0,0.0,yfinance_raw_daily
2008-10-15,534.6712646484375,583.83642578125,522.3800048828125,534.6712646484375,268.5790710449219,143087052,0.0,0.0,yfinance_raw_daily
2008-10-16,485.506103515625,510.08868408203125,485.506103515625,510.08868408203125,256.2305908203125,121565721,0.0,0.0,yfinance_raw_daily
2008-10-17,516.2343139648438,516.2343139648438,460.92352294921875,460.92352294921875,231.53372192382812,206945260,0.0,0.0,yfinance_raw_daily
2008-10-20,437.570068359375,486.7352294921875,422.82049560546875,469.5274353027344,235.85562133789062,134450857,0.0,0.0,yfinance_raw_daily
2008-10-21,484.2769775390625,496.5682678222656,471.9856872558594,484.2769775390625,243.2646942138672,112514599,0.0,0.0,yfinance_raw_daily
2008-10-22,479.3604736328125,479.3604736328125,437.570068359375,437.570068359375,219.80264282226562,93739114,0.0,0.0,yfinance_raw_daily
2008-10-23,403.1544494628906,410.5292053222656,395.7796630859375,403.1544494628906,202.5147705078125,102733285,0.0,0.0,yfinance_raw_daily
2008-10-24,393.3214111328125,393.3214111328125,363.8222961425781,363.8222961425781,182.75723266601562,115756731,0.0,0.0,yfinance_raw_daily
2008-10-27,329.40667724609375,339.2397155761719,329.40667724609375,329.40667724609375,165.46937561035156,48135697,0.0,0.0,yfinance_raw_daily
2008-10-28,297.4493103027344,317.1153869628906,297.4493103027344,297.4493103027344,149.41639709472656,155467766,0.0,0.0,yfinance_raw_daily
2008-10-29,312.1988525390625,319.5736389160156,280.2414855957031,292.5328063964844,146.9467010498047,158844140,0.0,0.0,yfinance_raw_daily
2008-10-30,294.9910583496094,319.5736389160156,294.9910583496094,319.5736389160156,160.53001403808594,320838884,0.0,0.0,yfinance_raw_daily
2008-10-31,329.40667724609375,383.4883728027344,319.5736389160156,383.4883728027344,192.63604736328125,356303010,0.0,0.0,yfinance_raw_daily
2008-11-03,393.3214111328125,459.69439697265625,393.3214111328125,459.69439697265625,230.91627502441406,89884760,0.0,0.0,yfinance_raw_daily
2008-11-04,462.15264892578125,499.0265197753906,452.3196105957031,462.15264892578125,232.15110778808594,113842775,0.0,0.0,yfinance_raw_daily
2008-11-05,467.06915283203125,503.94305419921875,454.7778625488281,467.06915283203125,234.62075805664062,108544309,0.0,0.0,yfinance_raw_daily
2008-11-06,422.82049560546875,440.0283203125,420.36224365234375,422.82049560546875,212.3935546875,79456647,0.0,0.0,yfinance_raw_daily
2008-11-07,417.90399169921875,454.7778625488281,400.6961669921875,454.7778625488281,228.44656372070312,72587964,0.0,0.0,yfinance_raw_daily
2008-11-10,469.5274353027344,484.2769775390625,457.23614501953125,469.5274353027344,235.85562133789062,63567351,0.0,0.0,yfinance_raw_daily
2008-11-11,471.9856872558594,474.4439392089844,457.23614501953125,471.9856872558594,237.09046936035156,45524092,0.0,0.0,yfinance_raw_daily
2008-11-12,476.9021911621094,484.2769775390625,462.15264892578125,476.9021911621094,239.56019592285156,39216782,0.0,0.0,yfinance_raw_daily
2008-11-13,442.486572265625,464.61090087890625,435.1117858886719,442.486572265625,222.2723388671875,56062039,0.0,0.0,yfinance_raw_daily
2008-11-14,459.69439697265625,474.4439392089844,430.1952819824219,430.1952819824219,216.09811401367188,41889406,0.0,0.0,yfinance_raw_daily
2008-11-17,415.44573974609375,435.1117858886719,405.6127014160156,415.44573974609375,208.6890411376953,39070337,0.0,0.0,yfinance_raw_daily
2008-11-18,405.6127014160156,405.6127014160156,376.11358642578125,378.57183837890625,190.16629028320312,109951809,0.0,0.0,yfinance_raw_daily
2008-11-19,363.8222961425781,376.11358642578125,349.07275390625,363.8222961425781,182.75723266601562,86992469,0.0,0.0,yfinance_raw_daily
2008-11-20,356.447509765625,356.447509765625,329.40667724609375,329.40667724609375,165.46937561035156,172256072,0.0,0.0,yfinance_raw_daily
2008-11-21,326.94842529296875,334.32318115234375,304.8240966796875,326.94842529296875,164.23455810546875,134835276,0.0,0.0,yfinance_raw_daily
2008-11-24,336.7814636230469,336.7814636230469,307.2823486328125,312.1988525390625,156.82550048828125,89813571,0.0,0.0,yfinance_raw_daily
2008-11-25,317.1153869628906,334.32318115234375,314.6571350097656,317.1153869628906,159.295166015625,211537941,0.0,0.0,yfinance_raw_daily
2008-11-26,329.40667724609375,334.32318115234375,317.1153869628906,329.40667724609375,165.46937561035156,731855419,0.0,0.0,yfinance_raw_daily
2008-11-27,336.7814636230469,361.3640441894531,334.32318115234375,361.3640441894531,181.52239990234375,948895222,0.0,0.0,yfinance_raw_daily
2008-11-28,368.7388000488281,378.57183837890625,353.9892578125,366.2805480957031,183.99208068847656,773043109,0.0,0.0,yfinance_raw_daily
2008-12-01,361.3640441894531,376.11358642578125,358.9057922363281,361.3640441894531,181.52239990234375,307374069,0.0,0.0,yfinance_raw_daily
2008-12-02,351.531005859375,356.447509765625,339.2397155761719,351.531005859375,176.5830078125,238408587,0.0,0.0,yfinance_raw_daily
2008-12-03,366.2805480957031,368.7388000488281,356.447509765625,366.2805480957031,183.99208068847656,212864083,0.0,0.0,yfinance_raw_daily
2008-12-04,371.19708251953125,400.6961669921875,371.19708251953125,393.3214111328125,197.5753936767578,289959303,0.0,0.0,yfinance_raw_daily
2008-12-05,403.1544494628906,412.9874572753906,390.8631286621094,403.1544494628906,202.5147705078125,157375621,0.0,0.0,yfinance_raw_daily
2008-12-09,420.36224365234375,454.7778625488281,420.36224365234375,454.7778625488281,228.44656372070312,188301982,0.0,0.0,yfinance_raw_daily
2008-12-10,476.9021911621094,486.7352294921875,457.23614501953125,476.9021911621094,239.56019592285156,142149396,0.0,0.0,yfinance_raw_daily
2008-12-11,494.1100158691406,528.525634765625,476.9021911621094,494.1100158691406,248.20413208007812,269105111,0.0,0.0,yfinance_raw_daily
2008-12-12,491.6517639160156,503.94305419921875,448.6322326660156,448.6322326660156,225.35946655273438,98567735,0.0,0.0,yfinance_raw_daily
2008-12-15,467.06915283203125,530.98388671875,467.06915283203125,530.98388671875,266.7267761230469,179515275,0.0,0.0,yfinance_raw_daily
2008-12-16,522.3800048828125,540.8169555664062,510.08868408203125,522.3800048828125,262.4048767089844,155520649,0.0,0.0,yfinance_raw_daily
2008-12-17,528.525634765625,553.1082153320312,503.94305419921875,528.525634765625,265.4919738769531,220133456,0.0,0.0,yfinance_raw_daily
2008-12-18,522.3800048828125,534.6712646484375,503.94305419921875,522.3800048828125,262.4048767089844,56066107,0.0,0.0,yfinance_raw_daily
2008-12-19,503.94305419921875,528.525634765625,491.6517639160156,503.94305419921875,253.1434783935547,142104649,0.0,0.0,yfinance_raw_daily
2008-12-22,503.94305419921875,510.08868408203125,485.506103515625,503.94305419921875,253.1434783935547,80355657,0.0,0.0,yfinance_raw_daily
2008-12-23,491.6517639160156,497.7973937988281,485.506103515625,491.6517639160156,246.96922302246094,26132318,0.0,0.0,yfinance_raw_daily
2008-12-24,491.6517639160156,503.94305419921875,473.2148132324219,491.6517639160156,246.96922302246094,48147901,0.0,0.0,yfinance_raw_daily
2008-12-30,497.7973937988281,516.2343139648438,497.7973937988281,497.7973937988281,250.05638122558594,56135262,0.0,0.0,yfinance_raw_daily
2008-12-31,497.7973937988281,497.7973937988281,497.7973937988281,497.7973937988281,250.05638122558594,0,0.0,0.0,yfinance_raw_daily
2009-01-05,540.8169555664062,546.9625854492188,510.08868408203125,540.8169555664062,271.66619873046875,152235804,0.0,0.0,yfinance_raw_daily
2009-01-06,540.8169555664062,559.2538452148438,522.3800048828125,534.6712646484375,268.5790710449219,116649639,0.0,0.0,yfinance_raw_daily
2009-01-07,553.1082153320312,553.1082153320312,510.08868408203125,516.2343139648438,259.31768798828125,361912672,0.0,0.0,yfinance_raw_daily
2009-01-08,491.6517639160156,510.08868408203125,485.506103515625,491.6517639160156,246.96922302246094,90873264,0.0,0.0,yfinance_raw_daily
2009-01-09,479.3604736328125,491.6517639160156,473.2148132324219,479.3604736328125,240.79502868652344,159381105,0.0,0.0,yfinance_raw_daily
2009-01-12,474.4439392089844,474.4439392089844,462.15264892578125,474.4439392089844,238.3253173828125,153273123,0.0,0.0,yfinance_raw_daily
2009-01-13,474.4439392089844,516.2343139648438,464.61090087890625,511.31781005859375,256.8480224609375,293500428,0.0,0.0,yfinance_raw_daily
2009-01-14,522.3800048828125,522.3800048828125,485.506103515625,491.6517639160156,246.96922302246094,95195429,0.0,0.0,yfinance_raw_daily
2009-01-15,479.3604736328125,485.506103515625,454.7778625488281,479.3604736328125,240.79502868652344,60917102,0.0,0.0,yfinance_raw_daily
2009-01-16,479.3604736328125,484.2769775390625,469.5274353027344,479.3604736328125,240.79502868652344,90399352,0.0,0.0,yfinance_raw_daily
2009-01-19,469.5274353027344,486.7352294921875,464.61090087890625,469.5274353027344,235.85562133789062,72347957,0.0,0.0,yfinance_raw_daily
2009-01-20,471.9856872558594,471.9856872558594,457.23614501953125,471.9856872558594,237.09046936035156,49919480,0.0,0.0,yfinance_raw_daily
2009-01-21,462.15264892578125,469.5274353027344,437.570068359375,437.570068359375,219.80264282226562,224606134,0.0,0.0,yfinance_raw_daily
2009-01-22,442.486572265625,457.23614501953125,437.570068359375,442.486572265625,222.2723388671875,133029119,0.0,0.0,yfinance_raw_daily
2009-01-23,437.570068359375,444.94482421875,435.1117858886719,437.570068359375,219.80264282226562,28809009,0.0,0.0,yfinance_raw_daily
2009-01-27,440.0283203125,447.4031066894531,437.570068359375,440.0283203125,221.03746032714844,118734448,0.0,0.0,yfinance_raw_daily
2009-01-28,442.486572265625,444.94482421875,440.0283203125,442.486572265625,222.2723388671875,70547902,0.0,0.0,yfinance_raw_daily
2009-01-29,449.8613586425781,452.3196105957031,442.486572265625,449.8613586425781,225.9768524169922,233069442,0.0,0.0,yfinance_raw_daily
2009-01-30,447.4031066894531,452.3196105957031,444.94482421875,447.4031066894531,224.7419891357422,53405687,0.0,0.0,yfinance_raw_daily
2009-02-02,437.570068359375,449.8613586425781,432.6535339355469,437.570068359375,219.80264282226562,105485233,0.0,0.0,yfinance_raw_daily
2009-02-03,437.570068359375,444.94482421875,437.570068359375,437.570068359375,219.80264282226562,82212663,0.0,0.0,yfinance_raw_daily
2009-02-04,437.570068359375,447.4031066894531,435.1117858886719,437.570068359375,219.80264282226562,79531903,0.0,0.0,yfinance_raw_daily
2009-02-05,440.0283203125,440.0283203125,435.1117858886719,440.0283203125,221.03746032714844,25715356,0.0,0.0,yfinance_raw_daily
2009-02-06,442.486572265625,449.8613586425781,437.570068359375,442.486572265625,222.2723388671875,147173277,0.0,0.0,yfinance_raw_daily
2009-02-09,435.1117858886719,447.4031066894531,435.1117858886719,435.1117858886719,218.56773376464844,43994554,0.0,0.0,yfinance_raw_daily
2009-02-10,430.1952819824219,437.570068359375,425.2787780761719,430.1952819824219,216.09811401367188,71786584,0.0,0.0,yfinance_raw_daily
2009-02-11,427.7370300292969,430.1952819824219,417.90399169921875,427.7370300292969,214.86325073242188,40736150,0.0,0.0,yfinance_raw_daily
2009-02-12,437.570068359375,440.0283203125,427.7370300292969,437.570068359375,219.80264282226562,94080819,0.0,0.0,yfinance_raw_daily
2009-02-13,427.7370300292969,442.486572265625,422.82049560546875,427.7370300292969,214.86325073242188,330630367,0.0,0.0,yfinance_raw_daily
2009-02-16,425.2787780761719,430.1952819824219,422.82049560546875,425.2787780761719,213.62838745117188,100176597,0.0,0.0,yfinance_raw_daily
2009-02-17,420.36224365234375,425.2787780761719,415.44573974609375,420.36224365234375,211.15872192382812,69164809,0.0,0.0,yfinance_raw_daily
2009-02-18,435.1117858886719,437.570068359375,415.44573974609375,435.1117858886719,218.56773376464844,126550957,0.0,0.0,yfinance_raw_daily
2009-02-19,449.8613586425781,449.8613586425781,432.6535339355469,449.8613586425781,225.9768524169922,239285224,0.0,0.0,yfinance_raw_daily
2009-02-20,435.1117858886719,447.4031066894531,427.7370300292969,435.1117858886719,218.56773376464844,97682962,0.0,0.0,yfinance_raw_daily
2009-02-23,437.570068359375,440.0283203125,430.1952819824219,437.570068359375,219.80264282226562,32687771,0.0,0.0,yfinance_raw_daily
2009-02-24,427.7370300292969,432.6535339355469,427.7370300292969,427.7370300292969,214.86325073242188,25227205,0.0,0.0,yfinance_raw_daily
2009-02-25,437.570068359375,440.0283203125,432.6535339355469,437.570068359375,219.80264282226562,61740855,0.0,0.0,yfinance_raw_daily
2009-02-26,432.6535339355469,437.570068359375,425.2787780761719,432.6535339355469,217.3329315185547,43526744,0.0,0.0,yfinance_raw_daily
2009-02-27,427.7370300292969,432.6535339355469,422.82049560546875,427.7370300292969,214.86325073242188,39064235,0.0,0.0,yfinance_raw_daily
2009-03-02,417.90399169921875,430.1952819824219,417.90399169921875,417.90399169921875,209.92385864257812,74819218,0.0,0.0,yfinance_raw_daily
2009-03-03,430.1952819824219,430.1952819824219,412.9874572753906,430.1952819824219,216.09811401367188,39102881,0.0,0.0,yfinance_raw_daily
2009-03-04,442.486572265625,442.486572265625,427.7370300292969,442.486572265625,222.2723388671875,63683287,0.0,0.0,yfinance_raw_daily
2009-03-05,432.6535339355469,444.94482421875,430.1952819824219,432.6535339355469,217.3329315185547,62599186,0.0,0.0,yfinance_raw_daily
2009-03-06,432.6535339355469,435.1117858886719,427.7370300292969,432.6535339355469,217.3329315185547,38427606,0.0,0.0,yfinance_raw_daily
2009-03-10,442.486572265625,442.486572265625,430.1952819824219,442.486572265625,222.2723388671875,42654175,0.0,0.0,yfinance_raw_daily
2009-03-11,454.7778625488281,462.15264892578125,444.94482421875,454.7778625488281,228.44656372070312,329194392,0.0,0.0,yfinance_raw_daily
2009-03-12,449.8613586425781,454.7778625488281,444.94482421875,449.8613586425781,225.9768524169922,149174694,0.0,0.0,yfinance_raw_daily
2009-03-13,452.3196105957031,457.23614501953125,449.8613586425781,452.3196105957031,227.2117156982422,116383191,0.0,0.0,yfinance_raw_daily
2009-03-16,457.23614501953125,459.69439697265625,447.4031066894531,457.23614501953125,229.68138122558594,56261367,0.0,0.0,yfinance_raw_daily
2009-03-17,457.23614501953125,462.15264892578125,447.4031066894531,457.23614501953125,229.68138122558594,127179450,0.0,0.0,yfinance_raw_daily
2009-03-18,467.06915283203125,469.5274353027344,454.7778625488281,467.06915283203125,234.62075805664062,103213300,0.0,0.0,yfinance_raw_daily
2009-03-19,467.06915283203125,471.9856872558594,464.61090087890625,469.5274353027344,235.85562133789062,76432148,0.0,0.0,yfinance_raw_daily
2009-03-20,476.9021911621094,481.8187255859375,467.06915283203125,476.9021911621094,239.56019592285156,125714999,0.0,0.0,yfinance_raw_daily
2009-03-23,479.3604736328125,528.525634765625,479.3604736328125,528.525634765625,265.4919738769531,289300300,0.0,0.0,yfinance_raw_daily
2009-03-24,534.6712646484375,553.1082153320312,516.2343139648438,534.6712646484375,268.5790710449219,256498627,0.0,0.0,yfinance_raw_daily
2009-03-25,516.2343139648438,540.8169555664062,516.2343139648438,516.2343139648438,259.31768798828125,52962284,0.0,0.0,yfinance_raw_daily
2009-03-27,528.525634765625,540.8169555664062,528.525634765625,528.525634765625,265.4919738769531,47673988,0.0,0.0,yfinance_raw_daily
2009-03-30,503.94305419921875,528.525634765625,489.1934814453125,503.94305419921875,253.1434783935547,94137770,0.0,0.0,yfinance_raw_daily
2009-03-31,503.94305419921875,559.2538452148438,503.94305419921875,534.6712646484375,268.5790710449219,216195710,0.0,0.0,yfinance_raw_daily
2009-04-01,553.1082153320312,565.3995361328125,540.8169555664062,553.1082153320312,277.84039306640625,124667510,0.0,0.0,yfinance_raw_daily
2009-04-02,589.9821166992188,589.9821166992188,559.2538452148438,589.9821166992188,296.3631286621094,130273104,0.0,0.0,yfinance_raw_daily
2009-04-03,583.83642578125,608.4190673828125,565.3995361328125,583.83642578125,293.27593994140625,159387207,0.0,0.0,yfinance_raw_daily
2009-04-06,571.545166015625,596.1277465820312,559.2538452148438,571.545166015625,287.1017761230469,94276079,0.0,0.0,yfinance_raw_daily
2009-04-07,553.1082153320312,565.3995361328125,528.525634765625,553.1082153320312,277.84039306640625,90854959,0.0,0.0,yfinance_raw_daily
2009-04-08,528.525634765625,540.8169555664062,522.3800048828125,528.525634765625,265.4919738769531,74019872,0.0,0.0,yfinance_raw_daily
2009-04-09,528.525634765625,528.525634765625,528.525634765625,528.525634765625,265.4919738769531,0,0.0,0.0,yfinance_raw_daily
2009-04-13,565.3995361328125,577.6907958984375,540.8169555664062,565.3995361328125,284.0146484375,153602625,0.0,0.0,yfinance_raw_daily
2009-04-14,583.83642578125,589.9821166992188,559.2538452148438,583.83642578125,293.27593994140625,275833451,0.0,0.0,yfinance_raw_daily
2009-04-15,577.6907958984375,589.9821166992188,565.3995361328125,577.6907958984375,290.1888732910156,88164030,0.0,0.0,yfinance_raw_daily
2009-04-16,559.2538452148438,602.2733764648438,546.9625854492188,559.2538452148438,280.927490234375,301007774,0.0,0.0,yfinance_raw_daily
2009-04-17,571.545166015625,620.7103271484375,571.545166015625,608.4190673828125,305.62451171875,442256126,0.0,0.0,yfinance_raw_daily
2009-04-20,602.2733764648438,639.1472778320312,602.2733764648438,639.1472778320312,321.0600280761719,148106865,0.0,0.0,yfinance_raw_daily
2009-04-22,608.4190673828125,633.0016479492188,608.4190673828125,608.4190673828125,305.62451171875,93527582,0.0,0.0,yfinance_raw_daily
2009-04-23,602.2733764648438,608.4190673828125,589.9821166992188,602.2733764648438,302.53729248046875,46608193,0.0,0.0,yfinance_raw_daily
2009-04-24,602.2733764648438,614.564697265625,589.9821166992188,602.2733764648438,302.53729248046875,78333901,0.0,0.0,yfinance_raw_daily
2009-04-27,614.564697265625,614.564697265625,589.9821166992188,614.564697265625,308.7115783691406,40919207,0.0,0.0,yfinance_raw_daily
2009-04-28,608.4190673828125,626.85595703125,602.2733764648438,608.4190673828125,305.62451171875,49455737,0.0,0.0,yfinance_raw_daily
2009-04-29,639.1472778320312,645.2929077148438,608.4190673828125,639.1472778320312,321.0600280761719,90454269,0.0,0.0,yfinance_raw_daily
2009-04-30,682.1668090820312,706.7493896484375,645.2929077148438,682.1668090820312,342.66986083984375,226985868,0.0,0.0,yfinance_raw_daily
2009-05-01,700.603759765625,700.603759765625,651.4385986328125,700.603759765625,351.93115234375,143447062,0.0,0.0,yfinance_raw_daily
2009-05-04,725.1863403320312,731.3319702148438,694.4581298828125,725.1863403320312,364.2796325683594,270876690,0.0,0.0,yfinance_raw_daily
2009-05-05,706.7493896484375,737.4776000976562,688.3124389648438,706.7493896484375,355.01824951171875,198949763,0.0,0.0,yfinance_raw_daily
2009-05-06,676.0211791992188,700.603759765625,663.7298583984375,676.0211791992188,339.58270263671875,198193130,0.0,0.0,yfinance_raw_daily
2009-05-07,694.4581298828125,706.7493896484375,682.1668090820312,694.4581298828125,348.8440856933594,190864772,0.0,0.0,yfinance_raw_daily
2009-05-08,694.4581298828125,706.7493896484375,682.1668090820312,694.4581298828125,348.8440856933594,139547961,0.0,0.0,yfinance_raw_daily
2009-05-11,669.87548828125,712.89501953125,669.87548828125,669.87548828125,336.49560546875,152479879,0.0,0.0,yfinance_raw_daily
2009-05-12,657.584228515625,663.7298583984375,639.1472778320312,657.584228515625,330.32135009765625,91607524,0.0,0.0,yfinance_raw_daily
2009-05-13,669.87548828125,676.0211791992188,657.584228515625,669.87548828125,336.49560546875,104846570,0.0,0.0,yfinance_raw_daily
2009-05-14,639.1472778320312,663.7298583984375,639.1472778320312,639.1472778320312,321.0600280761719,47655682,0.0,0.0,yfinance_raw_daily
2009-05-15,651.4385986328125,694.4581298828125,626.85595703125,651.4385986328125,327.2342834472656,152241906,0.0,0.0,yfinance_raw_daily
2009-05-18,633.0016479492188,651.4385986328125,596.1277465820312,633.0016479492188,317.9728698730469,206168287,0.0,0.0,yfinance_raw_daily
2009-05-19,682.1668090820312,688.3124389648438,639.1472778320312,682.1668090820312,342.66986083984375,472159406,0.0,0.0,yfinance_raw_daily
2009-05-20,694.4581298828125,749.7689208984375,682.1668090820312,694.4581298828125,348.8440856933594,763497735,0.0,0.0,yfinance_raw_daily
2009-05-21,694.4581298828125,694.4581298828125,694.4581298828125,694.4581298828125,348.8440856933594,0,0.0,0.0,yfinance_raw_daily
2009-05-22,688.3124389648438,712.89501953125,663.7298583984375,688.3124389648438,345.7569580078125,215900786,0.0,0.0,yfinance_raw_daily
2009-05-25,688.3124389648438,694.4581298828125,676.0211791992188,688.3124389648438,345.7569580078125,75689753,0.0,0.0,yfinance_raw_daily
2009-05-26,676.0211791992188,706.7493896484375,669.87548828125,676.0211791992188,339.58270263671875,211377259,0.0,0.0,yfinance_raw_daily
2009-05-27,700.603759765625,700.603759765625,669.87548828125,700.603759765625,363.6876220703125,336301048,21.8529,0.0,yfinance_raw_daily
2009-05-28,694.4581298828125,700.603759765625,688.3124389648438,694.4581298828125,360.4974365234375,124785479,0.0,0.0,yfinance_raw_daily
2009-05-29,731.3319702148438,755.91455078125,706.7493896484375,731.3319702148438,379.6387939453125,471587863,0.0,0.0,yfinance_raw_daily
2009-06-01,743.623291015625,805.0797729492188,743.623291015625,805.0797729492188,417.9217834472656,507304201,0.0,0.0,yfinance_raw_daily
2009-06-02,805.0797729492188,817.3710327148438,798.93408203125,805.0797729492188,417.9217834472656,163017826,0.0,0.0,yfinance_raw_daily
2009-06-03,811.2254028320312,823.5166625976562,792.7884521484375,811.2254028320312,421.1120910644531,165851132,0.0,0.0,yfinance_raw_daily
2009-06-04,829.662353515625,835.8079833984375,805.0797729492188,829.662353515625,430.6828308105469,125609233,0.0,0.0,yfinance_raw_daily
2009-06-05,878.8275146484375,884.97314453125,841.95361328125,878.8275146484375,456.2047424316406,346397625,0.0,0.0,yfinance_raw_daily
2009-06-08,848.0993041992188,878.8275146484375,841.95361328125,848.0993041992188,440.2535095214844,67793920,0.0,0.0,yfinance_raw_daily
2009-06-09,891.1187744140625,921.8470458984375,860.3905639648438,891.1187744140625,462.5852355957031,180385810,0.0,0.0,yfinance_raw_daily
2009-06-10,854.2449340820312,891.1187744140625,848.0993041992188,854.2449340820312,443.4438171386719,104272993,0.0,0.0,yfinance_raw_daily
2009-06-11,841.95361328125,860.3905639648438,829.662353515625,841.95361328125,437.06329345703125,112921391,0.0,0.0,yfinance_raw_daily
2009-06-12,811.2254028320312,841.95361328125,798.93408203125,811.2254028320312,421.1120910644531,143007727,0.0,0.0,yfinance_raw_daily
2009-06-15,805.0797729492188,829.662353515625,792.7884521484375,805.0797729492188,417.9217834472656,120259918,0.0,0.0,yfinance_raw_daily
2009-06-16,786.642822265625,792.7884521484375,755.91455078125,786.642822265625,408.3511047363281,132343675,0.0,0.0,yfinance_raw_daily
2009-06-17,780.4971313476562,786.642822265625,762.0602416992188,780.4971313476562,405.1607971191406,143205021,0.0,0.0,yfinance_raw_daily
2009-06-18,780.4971313476562,786.642822265625,725.1863403320312,737.4776000976562,382.82904052734375,97528382,0.0,0.0,yfinance_raw_daily
2009-06-19,749.7689208984375,792.7884521484375,731.3319702148438,792.7884521484375,411.54132080078125,130549722,0.0,0.0,yfinance_raw_daily
2009-06-22,792.7884521484375,823.5166625976562,774.3515014648438,792.7884521484375,411.54132080078125,155683366,0.0,0.0,yfinance_raw_daily
2009-06-23,768.2058715820312,774.3515014648438,737.4776000976562,768.2058715820312,398.7803649902344,146371897,0.0,0.0,yfinance_raw_daily
2009-06-24,792.7884521484375,805.0797729492188,762.0602416992188,792.7884521484375,411.54132080078125,81771293,0.0,0.0,yfinance_raw_daily
2009-06-25,811.2254028320312,817.3710327148438,798.93408203125,811.2254028320312,421.1120910644531,118720211,0.0,0.0,yfinance_raw_daily
2009-06-26,798.93408203125,829.662353515625,774.3515014648438,798.93408203125,414.7315673828125,79119010,0.0,0.0,yfinance_raw_daily
2009-06-29,792.7884521484375,798.93408203125,774.3515014648438,792.7884521484375,411.54132080078125,72380500,0.0,0.0,yfinance_raw_daily
2009-06-30,780.4971313476562,811.2254028320312,768.2058715820312,780.4971313476562,405.1607971191406,76196209,0.0,0.0,yfinance_raw_daily
2009-07-01,798.93408203125,811.2254028320312,774.3515014648438,798.93408203125,414.7315673828125,148316363,0.0,0.0,yfinance_raw_daily
2009-07-02,805.0797729492188,817.3710327148438,786.642822265625,798.93408203125,414.7315673828125,68186475,0.0,0.0,yfinance_raw_daily
2009-07-03,798.93408203125,805.0797729492188,774.3515014648438,798.93408203125,414.7315673828125,55506768,0.0,0.0,yfinance_raw_daily
2009-07-06,786.642822265625,798.93408203125,768.2058715820312,786.642822265625,408.3511047363281,56218654,0.0,0.0,yfinance_raw_daily
2009-07-07,811.2254028320312,823.5166625976562,786.642822265625,811.2254028320312,421.1120910644531,225588537,0.0,0.0,yfinance_raw_daily
2009-07-08,811.2254028320312,811.2254028320312,811.2254028320312,811.2254028320312,421.1120910644531,0,0.0,0.0,yfinance_raw_daily
2009-07-09,811.2254028320312,835.8079833984375,774.3515014648438,811.2254028320312,421.1120910644531,575057442,0.0,0.0,yfinance_raw_daily
2009-07-10,817.3710327148438,835.8079833984375,805.0797729492188,811.2254028320312,421.1120910644531,240495430,0.0,0.0,yfinance_raw_daily
2009-07-13,792.7884521484375,805.0797729492188,768.2058715820312,792.7884521484375,411.54132080078125,103526530,0.0,0.0,yfinance_raw_daily
2009-07-14,811.2254028320312,823.5166625976562,798.93408203125,811.2254028320312,421.1120910644531,102481074,0.0,0.0,yfinance_raw_daily
2009-07-15,811.2254028320312,811.2254028320312,792.7884521484375,811.2254028320312,421.1120910644531,183003517,0.0,0.0,yfinance_raw_daily
2009-07-16,829.662353515625,841.95361328125,817.3710327148438,829.662353515625,430.6828308105469,437500728,0.0,0.0,yfinance_raw_daily
2009-07-17,829.662353515625,835.8079833984375,792.7884521484375,829.662353515625,430.6828308105469,218243908,0.0,0.0,yfinance_raw_daily
2009-07-20,829.662353515625,829.662353515625,829.662353515625,829.662353515625,430.6828308105469,0,0.0,0.0,yfinance_raw_daily
2009-07-21,872.681884765625,884.97314453125,841.95361328125,872.681884765625,453.0144958496094,424562708,0.0,0.0,yfinance_raw_daily
2009-07-22,878.8275146484375,878.8275146484375,860.3905639648438,878.8275146484375,456.2047424316406,158593963,0.0,0.0,yfinance_raw_daily
2009-07-23,878.8275146484375,897.2644653320312,866.5361938476562,878.8275146484375,456.2047424316406,206125574,0.0,0.0,yfinance_raw_daily
2009-07-24,897.2644653320312,903.4100952148438,878.8275146484375,897.2644653320312,465.77545166015625,137865876,0.0,0.0,yfinance_raw_daily
2009-07-27,884.97314453125,915.701416015625,866.5361938476562,884.97314453125,459.39495849609375,120168390,0.0,0.0,yfinance_raw_daily
2009-07-28,903.4100952148438,909.5557250976562,884.97314453125,903.4100952148438,468.9656677246094,176657561,0.0,0.0,yfinance_raw_daily
2009-07-29,909.5557250976562,915.701416015625,891.1187744140625,909.5557250976562,472.1558837890625,156901708,0.0,0.0,yfinance_raw_daily
2009-07-30,909.5557250976562,971.01220703125,909.5557250976562,964.8665771484375,500.8680725097656,290494235,0.0,0.0,yfinance_raw_daily
2009-07-31,971.01220703125,1050.9056396484375,971.01220703125,1026.322998046875,532.7705078125,316120097,0.0,0.0,yfinance_raw_daily
2009-08-03,1044.760009765625,1050.9056396484375,1014.03173828125,1044.760009765625,542.3411865234375,119019203,0.0,0.0,yfinance_raw_daily
2009-08-04,1038.6143798828125,1063.1968994140625,1032.4686279296875,1038.6143798828125,539.1510009765625,123251874,0.0,0.0,yfinance_raw_daily
2009-08-05,983.3035278320312,1032.4686279296875,977.1578369140625,983.3035278320312,510.4388732910156,153269055,0.0,0.0,yfinance_raw_daily
2009-08-06,971.01220703125,995.5947875976562,946.4296264648438,971.01220703125,504.05841064453125,140536466,0.0,0.0,yfinance_raw_daily
2009-08-07,958.720947265625,1001.7404174804688,952.5752563476562,958.720947265625,497.6778259277344,156439999,0.0,0.0,yfinance_raw_daily
2009-08-10,971.01220703125,977.1578369140625,958.720947265625,971.01220703125,504.05841064453125,107626993,0.0,0.0,yfinance_raw_daily
2009-08-11,971.01220703125,983.3035278320312,946.4296264648438,971.01220703125,504.05841064453125,155579634,0.0,0.0,yfinance_raw_daily
2009-08-12,964.8665771484375,964.8665771484375,927.99267578125,940.2839965820312,488.1070861816406,164067349,0.0,0.0,yfinance_raw_daily
2009-08-13,983.3035278320312,989.4491577148438,952.5752563476562,983.3035278320312,510.4388732910156,259877035,0.0,0.0,yfinance_raw_daily
2009-08-14,964.8665771484375,989.4491577148438,952.5752563476562,964.8665771484375,500.8680725097656,157863771,0.0,0.0,yfinance_raw_daily
2009-08-18,946.4296264648438,946.4296264648438,909.5557250976562,946.4296264648438,491.29730224609375,139893734,0.0,0.0,yfinance_raw_daily
2009-08-19,940.2839965820312,977.1578369140625,940.2839965820312,940.2839965820312,488.1070861816406,140152047,0.0,0.0,yfinance_raw_daily
2009-08-20,983.3035278320312,989.4491577148438,946.4296264648438,983.3035278320312,510.4388732910156,180540391,0.0,0.0,yfinance_raw_daily
2009-08-21,1001.7404174804688,1001.7404174804688,971.01220703125,1001.7404174804688,520.009521484375,133199972,0.0,0.0,yfinance_raw_daily
2009-08-24,1032.4686279296875,1032.4686279296875,1014.03173828125,1032.4686279296875,535.9606323242188,106711711,0.0,0.0,yfinance_raw_daily
2009-08-25,1026.322998046875,1032.4686279296875,1001.7404174804688,1026.322998046875,532.7705078125,86587711,0.0,0.0,yfinance_raw_daily
2009-08-26,1020.1773681640625,1032.4686279296875,1007.8861083984375,1020.1773681640625,529.5802612304688,48961485,0.0,0.0,yfinance_raw_daily
2009-08-27,1001.7404174804688,1014.03173828125,995.5947875976562,1001.7404174804688,520.009521484375,36312287,0.0,0.0,yfinance_raw_daily
2009-08-28,1020.1773681640625,1026.322998046875,1001.7404174804688,1020.1773681640625,529.5802612304688,35864816,0.0,0.0,yfinance_raw_daily
2009-08-31,1007.8861083984375,1014.03173828125,995.5947875976562,1007.8861083984375,523.19970703125,49486246,0.0,0.0,yfinance_raw_daily
2009-09-01,977.1578369140625,1020.1773681640625,977.1578369140625,977.1578369140625,507.2485656738281,57205125,0.0,0.0,yfinance_raw_daily
2009-09-02,983.3035278320312,983.3035278320312,952.5752563476562,983.3035278320312,510.4388732910156,95240177,0.0,0.0,yfinance_raw_daily
2009-09-03,995.5947875976562,1014.03173828125,971.01220703125,995.5947875976562,516.8192749023438,45369511,0.0,0.0,yfinance_raw_daily
2009-09-04,1014.03173828125,1032.4686279296875,1001.7404174804688,1014.03173828125,526.3900756835938,87543672,0.0,0.0,yfinance_raw_daily
2009-09-07,1020.1773681640625,1026.322998046875,1001.7404174804688,1020.1773681640625,529.5802612304688,38338112,0.0,0.0,yfinance_raw_daily
2009-09-08,1020.1773681640625,1032.4686279296875,1007.8861083984375,1020.1773681640625,529.5802612304688,51817164,0.0,0.0,yfinance_raw_daily
2009-09-09,1020.1773681640625,1087.779541015625,1014.03173828125,1075.4881591796875,558.2924194335938,198829759,0.0,0.0,yfinance_raw_daily
2009-09-10,1112.362060546875,1118.5076904296875,1087.779541015625,1112.362060546875,577.4337768554688,214348874,0.0,0.0,yfinance_raw_daily
2009-09-11,1112.362060546875,1118.5076904296875,1100.07080078125,1112.362060546875,577.4337768554688,54536569,0.0,0.0,yfinance_raw_daily
2009-09-14,1093.9251708984375,1130.799072265625,1087.779541015625,1093.9251708984375,567.8632202148438,102037671,0.0,0.0,yfinance_raw_daily
2009-09-15,1100.07080078125,1124.6534423828125,1093.9251708984375,1100.07080078125,571.0534057617188,81533320,0.0,0.0,yfinance_raw_daily
2009-09-16,1118.5076904296875,1143.09033203125,1112.362060546875,1118.5076904296875,580.6239624023438,66355911,0.0,0.0,yfinance_raw_daily
2009-09-17,1161.5272216796875,1216.838134765625,1130.799072265625,1161.5272216796875,602.9558715820312,171936740,0.0,0.0,yfinance_raw_daily
2009-09-24,1118.5076904296875,1161.5272216796875,1112.362060546875,1118.5076904296875,580.6239624023438,155130129,0.0,0.0,yfinance_raw_daily
2009-09-25,1112.362060546875,1112.362060546875,1087.779541015625,1112.362060546875,577.4337768554688,67425774,0.0,0.0,yfinance_raw_daily
2009-09-28,1075.4881591796875,1093.9251708984375,1057.05126953125,1075.4881591796875,558.2924194335938,72691696,0.0,0.0,yfinance_raw_daily
2009-09-29,1100.07080078125,1106.2164306640625,1081.6339111328125,1100.07080078125,571.0534057617188,92067199,0.0,0.0,yfinance_raw_daily
2009-09-30,1155.381591796875,1161.5272216796875,1106.2164306640625,1155.381591796875,599.7655639648438,183774387,0.0,0.0,yfinance_raw_daily
2009-10-01,1149.2359619140625,1186.10986328125,1136.9447021484375,1149.2359619140625,596.5753784179688,126902832,0.0,0.0,yfinance_raw_daily
2009-10-02,1186.10986328125,1216.838134765625,1130.799072265625,1186.10986328125,615.7168579101562,127598446,0.0,0.0,yfinance_raw_daily
2009-10-05,1198.401123046875,1204.5467529296875,1167.6729736328125,1198.401123046875,622.0972900390625,137609597,0.0,0.0,yfinance_raw_daily
2009-10-06,1266.0032958984375,1266.0032958984375,1192.2554931640625,1266.0032958984375,657.1898803710938,114377706,0.0,0.0,yfinance_raw_daily
2009-10-07,1241.420654296875,1302.877197265625,1204.5467529296875,1241.420654296875,644.428955078125,133917960,0.0,0.0,yfinance_raw_daily
2009-10-08,1222.9837646484375,1266.0032958984375,1210.6923828125,1222.9837646484375,634.8582763671875,87151118,0.0,0.0,yfinance_raw_daily
2009-10-09,1198.401123046875,1222.9837646484375,1186.10986328125,1198.401123046875,622.0972900390625,59729269,0.0,0.0,yfinance_raw_daily
2009-10-12,1179.9642333984375,1198.401123046875,1167.6729736328125,1179.9642333984375,612.5266723632812,40612079,0.0,0.0,yfinance_raw_daily
2009-10-13,1179.9642333984375,1198.401123046875,1167.6729736328125,1179.9642333984375,612.5266723632812,67106442,0.0,0.0,yfinance_raw_daily
2009-10-14,1216.838134765625,1216.838134765625,1192.2554931640625,1216.838134765625,631.6680297851562,66136243,0.0,0.0,yfinance_raw_daily
2009-10-15,1204.5467529296875,1241.420654296875,1192.2554931640625,1204.5467529296875,625.2874145507812,70084159,0.0,0.0,yfinance_raw_daily
2009-10-16,1198.401123046875,1210.6923828125,1179.9642333984375,1198.401123046875,622.0972900390625,26980479,0.0,0.0,yfinance_raw_daily
2009-10-19,1179.9642333984375,1192.2554931640625,1173.818603515625,1179.9642333984375,612.5266723632812,94725585,0.0,0.0,yfinance_raw_daily
2009-10-20,1167.6729736328125,1186.10986328125,1155.381591796875,1167.6729736328125,606.1460571289062,140438836,0.0,0.0,yfinance_raw_daily
2009-10-21,1143.09033203125,1155.381591796875,1136.9447021484375,1143.09033203125,593.3851928710938,110637254,0.0,0.0,yfinance_raw_daily
2009-10-22,1124.6534423828125,1155.381591796875,1118.5076904296875,1124.6534423828125,583.814208984375,62568677,0.0,0.0,yfinance_raw_daily
2009-10-23,1155.381591796875,1161.5272216796875,1118.5076904296875,1155.381591796875,599.7655639648438,128159819,0.0,0.0,yfinance_raw_daily
2009-10-26,1167.6729736328125,1179.9642333984375,1136.9447021484375,1167.6729736328125,606.1460571289062,105267599,0.0,0.0,yfinance_raw_daily
2009-10-27,1130.799072265625,1155.381591796875,1118.5076904296875,1130.799072265625,587.0045776367188,112006109,0.0,0.0,yfinance_raw_daily
2009-10-28,1112.362060546875,1149.2359619140625,1087.779541015625,1112.362060546875,577.4337768554688,121297238,0.0,0.0,yfinance_raw_daily
2009-10-29,1124.6534423828125,1124.6534423828125,1050.9056396484375,1124.6534423828125,583.814208984375,203265826,0.0,0.0,yfinance_raw_daily
2009-10-30,1149.2359619140625,1192.2554931640625,1143.09033203125,1149.2359619140625,596.5753784179688,190612561,0.0,0.0,yfinance_raw_daily
2009-11-02,1155.381591796875,1161.5272216796875,1093.9251708984375,1155.381591796875,599.7655639648438,113863114,0.0,0.0,yfinance_raw_daily
2009-11-03,1130.799072265625,1167.6729736328125,1130.799072265625,1130.799072265625,587.0045776367188,57351570,0.0,0.0,yfinance_raw_daily
2009-11-04,1143.09033203125,1155.381591796875,1118.5076904296875,1143.09033203125,593.3851928710938,43748445,0.0,0.0,yfinance_raw_daily
2009-11-05,1118.5076904296875,1149.2359619140625,1112.362060546875,1118.5076904296875,580.6239624023438,78940021,0.0,0.0,yfinance_raw_daily
2009-11-06,1136.9447021484375,1143.09033203125,1124.6534423828125,1136.9447021484375,590.1949462890625,62155783,0.0,0.0,yfinance_raw_daily
2009-11-09,1155.381591796875,1161.5272216796875,1136.9447021484375,1155.381591796875,599.7655639648438,56153567,0.0,0.0,yfinance_raw_daily
2009-11-10,1136.9447021484375,1173.818603515625,1136.9447021484375,1136.9447021484375,590.1949462890625,96493096,0.0,0.0,yfinance_raw_daily
2009-11-11,1143.09033203125,1149.2359619140625,1124.6534423828125,1143.09033203125,593.3851928710938,76501303,0.0,0.0,yfinance_raw_daily
2009-11-12,1155.381591796875,1167.6729736328125,1130.799072265625,1155.381591796875,599.7655639648438,123481711,0.0,0.0,yfinance_raw_daily
2009-11-13,1155.381591796875,1167.6729736328125,1143.09033203125,1155.381591796875,599.7655639648438,42304334,0.0,0.0,yfinance_raw_daily
2009-11-16,1210.6923828125,1210.6923828125,1167.6729736328125,1210.6923828125,628.4776611328125,270057005,0.0,0.0,yfinance_raw_daily
2009-11-17,1198.401123046875,1216.838134765625,1186.10986328125,1198.401123046875,622.0972900390625,71082834,0.0,0.0,yfinance_raw_daily
2009-11-18,1179.9642333984375,1204.5467529296875,1167.6729736328125,1179.9642333984375,612.5266723632812,55006414,0.0,0.0,yfinance_raw_daily
2009-11-19,1161.5272216796875,1192.2554931640625,1155.381591796875,1161.5272216796875,602.9558715820312,52055138,0.0,0.0,yfinance_raw_daily
2009-11-20,1161.5272216796875,1167.6729736328125,1149.2359619140625,1161.5272216796875,602.9558715820312,82037742,0.0,0.0,yfinance_raw_daily
2009-11-23,1155.381591796875,1167.6729736328125,1136.9447021484375,1155.381591796875,599.7655639648438,76236888,0.0,0.0,yfinance_raw_daily
2009-11-24,1124.6534423828125,1161.5272216796875,1124.6534423828125,1124.6534423828125,583.814208984375,80746178,0.0,0.0,yfinance_raw_daily
2009-11-25,1112.362060546875,1136.9447021484375,1106.2164306640625,1112.362060546875,577.4337768554688,125324479,0.0,0.0,yfinance_raw_daily
2009-11-26,1075.4881591796875,1112.362060546875,1057.05126953125,1075.4881591796875,558.2924194335938,269021719,0.0,0.0,yfinance_raw_daily
2009-11-30,1093.9251708984375,1100.07080078125,1075.4881591796875,1093.9251708984375,567.8632202148438,183202845,0.0,0.0,yfinance_raw_daily
2009-12-01,1118.5076904296875,1118.5076904296875,1075.4881591796875,1118.5076904296875,580.6239624023438,121073502,0.0,0.0,yfinance_raw_daily
2009-12-02,1124.6534423828125,1149.2359619140625,1124.6534423828125,1136.9447021484375,590.1949462890625,151290012,0.0,0.0,yfinance_raw_daily
2009-12-03,1136.9447021484375,1149.2359619140625,1124.6534423828125,1136.9447021484375,592.6635131835938,104704192,4.735663,0.0,yfinance_raw_daily
2009-12-04,1130.799072265625,1136.9447021484375,1118.5076904296875,1130.799072265625,589.4598388671875,55403036,0.0,0.0,yfinance_raw_daily
2009-12-07,1130.799072265625,1136.9447021484375,1112.362060546875,1124.6534423828125,586.2561645507812,73084250,0.0,0.0,yfinance_raw_daily
2009-12-08,1124.6534423828125,1136.9447021484375,1112.362060546875,1130.799072265625,589.4598388671875,65269776,0.0,0.0,yfinance_raw_daily
2009-12-09,1124.6534423828125,1130.799072265625,1106.2164306640625,1124.6534423828125,586.2561645507812,93991325,0.0,0.0,yfinance_raw_daily
2009-12-10,1136.9447021484375,1143.09033203125,1124.6534423828125,1136.9447021484375,592.6635131835938,78824085,0.0,0.0,yfinance_raw_daily
2009-12-11,1149.2359619140625,1149.2359619140625,1136.9447021484375,1149.2359619140625,599.0707397460938,39188307,0.0,0.0,yfinance_raw_daily
2009-12-14,1149.2359619140625,1149.2359619140625,1130.799072265625,1149.2359619140625,599.0707397460938,45147810,0.0,0.0,yfinance_raw_daily
2009-12-15,1124.6534423828125,1143.09033203125,1100.07080078125,1124.6534423828125,586.2561645507812,119568372,0.0,0.0,yfinance_raw_daily
2009-12-16,1118.5076904296875,1130.799072265625,1106.2164306640625,1118.5076904296875,583.0525512695312,96482926,0.0,0.0,yfinance_raw_daily
2009-12-17,1118.5076904296875,1130.799072265625,1112.362060546875,1118.5076904296875,583.0525512695312,94613717,0.0,0.0,yfinance_raw_daily
2009-12-21,1093.9251708984375,1118.5076904296875,1075.4881591796875,1093.9251708984375,570.2384033203125,172727951,0.0,0.0,yfinance_raw_daily
2009-12-22,1100.07080078125,1106.2164306640625,1087.779541015625,1100.07080078125,573.44189453125,50989343,0.0,0.0,yfinance_raw_daily
2009-12-23,1118.5076904296875,1124.6534423828125,1093.9251708984375,1118.5076904296875,583.0525512695312,60142163,0.0,0.0,yfinance_raw_daily
2009-12-28,1112.362060546875,1149.2359619140625,1112.362060546875,1136.9447021484375,592.6635131835938,66852197,0.0,0.0,yfinance_raw_daily
2009-12-29,1130.799072265625,1149.2359619140625,1130.799072265625,1130.799072265625,589.4598388671875,23266468,0.0,0.0,yfinance_raw_daily
2009-12-30,1155.381591796875,1161.5272216796875,1136.9447021484375,1155.381591796875,602.2742309570312,67411536,0.0,0.0,yfinance_raw_daily
2010-01-04,1210.6923828125,1210.6923828125,1161.5272216796875,1210.6923828125,631.1063842773438,212406442,0.0,0.0,yfinance_raw_daily
2010-01-05,1198.401123046875,1216.838134765625,1179.9642333984375,1198.401123046875,624.69921875,111068453,0.0,0.0,yfinance_raw_daily
2010-01-06,1179.9642333984375,1204.5467529296875,1167.6729736328125,1179.9642333984375,615.0886840820312,69937714,0.0,0.0,yfinance_raw_daily
2010-01-07,1161.5272216796875,1173.818603515625,1143.09033203125,1161.5272216796875,605.4778442382812,118305283,0.0,0.0,yfinance_raw_daily
2010-01-08,1173.818603515625,1179.9642333984375,1161.5272216796875,1173.818603515625,611.8849487304688,52838212,0.0,0.0,yfinance_raw_daily
2010-01-11,1167.6729736328125,1192.2554931640625,1155.381591796875,1167.6729736328125,608.6814575195312,77135899,0.0,0.0,yfinance_raw_daily
2010-01-12,1179.9642333984375,1192.2554931640625,1161.5272216796875,1179.9642333984375,615.0886840820312,123784771,0.0,0.0,yfinance_raw_daily
2010-01-13,1179.9642333984375,1186.10986328125,1167.6729736328125,1179.9642333984375,615.0886840820312,39078473,0.0,0.0,yfinance_raw_daily
2010-01-14,1186.10986328125,1198.401123046875,1179.9642333984375,1186.10986328125,618.2921752929688,72240157,0.0,0.0,yfinance_raw_daily
2010-01-15,1186.10986328125,1192.2554931640625,1179.9642333984375,1186.10986328125,618.2921752929688,51125618,0.0,0.0,yfinance_raw_daily
2010-01-18,1179.9642333984375,1186.10986328125,1173.818603515625,1179.9642333984375,615.0886840820312,15750986,0.0,0.0,yfinance_raw_daily
2010-01-19,1192.2554931640625,1204.5467529296875,1179.9642333984375,1192.2554931640625,621.495849609375,93905899,0.0,0.0,yfinance_raw_daily
2010-01-20,1192.2554931640625,1204.5467529296875,1179.9642333984375,1192.2554931640625,621.495849609375,79013244,0.0,0.0,yfinance_raw_daily
2010-01-21,1155.381591796875,1179.9642333984375,1143.09033203125,1155.381591796875,602.2742309570312,158063099,0.0,0.0,yfinance_raw_daily
2010-01-22,1149.2359619140625,1149.2359619140625,1124.6534423828125,1149.2359619140625,599.0707397460938,116499126,0.0,0.0,yfinance_raw_daily
2010-01-25,1155.381591796875,1155.381591796875,1130.799072265625,1155.381591796875,602.2742309570312,66695582,0.0,0.0,yfinance_raw_daily
2010-01-26,1155.381591796875,1155.381591796875,1118.5076904296875,1130.799072265625,589.4598388671875,109528746,0.0,0.0,yfinance_raw_daily
2010-01-27,1118.5076904296875,1136.9447021484375,1106.2164306640625,1118.5076904296875,583.0525512695312,87450110,0.0,0.0,yfinance_raw_daily
2010-01-28,1149.2359619140625,1149.2359619140625,1130.799072265625,1149.2359619140625,599.0707397460938,39611371,0.0,0.0,yfinance_raw_daily
2010-01-29,1149.2359619140625,1149.2359619140625,1124.6534423828125,1149.2359619140625,599.0707397460938,126522481,0.0,0.0,yfinance_raw_daily
2010-02-01,1149.2359619140625,1161.5272216796875,1136.9447021484375,1149.2359619140625,599.0707397460938,87531468,0.0,0.0,yfinance_raw_daily
2010-02-02,1143.09033203125,1161.5272216796875,1143.09033203125,1143.09033203125,595.8671264648438,62210700,0.0,0.0,yfinance_raw_daily
2010-02-03,1149.2359619140625,1161.5272216796875,1143.09033203125,1149.2359619140625,599.0707397460938,31815202,0.0,0.0,yfinance_raw_daily
2010-02-04,1136.9447021484375,1155.381591796875,1130.799072265625,1136.9447021484375,592.6635131835938,60758453,0.0,0.0,yfinance_raw_daily
2010-02-05,1087.779541015625,1112.362060546875,1081.6339111328125,1087.779541015625,567.0347900390625,184378474,0.0,0.0,yfinance_raw_daily
2010-02-08,1063.1968994140625,1081.6339111328125,1044.760009765625,1063.1968994140625,554.220458984375,158201408,0.0,0.0,yfinance_raw_daily
2010-02-09,1075.4881591796875,1075.4881591796875,1020.1773681640625,1075.4881591796875,560.6276245117188,170372625,0.0,0.0,yfinance_raw_daily
2010-02-10,1069.342529296875,1081.6339111328125,1063.1968994140625,1069.342529296875,557.4240112304688,129764614,0.0,0.0,yfinance_raw_daily
2010-02-11,1081.6339111328125,1087.779541015625,1063.1968994140625,1081.6339111328125,563.831298828125,64596535,0.0,0.0,yfinance_raw_daily
2010-02-12,1081.6339111328125,1093.9251708984375,1069.342529296875,1081.6339111328125,563.831298828125,115081456,0.0,0.0,yfinance_raw_daily
2010-02-15,1075.4881591796875,1081.6339111328125,1063.1968994140625,1075.4881591796875,560.6276245117188,39527978,0.0,0.0,yfinance_raw_daily
2010-02-16,1087.779541015625,1087.779541015625,1069.342529296875,1087.779541015625,567.0347900390625,20492147,0.0,0.0,yfinance_raw_daily
2010-02-17,1106.2164306640625,1106.2164306640625,1081.6339111328125,1106.2164306640625,576.6454467773438,123003731,0.0,0.0,yfinance_raw_daily
2010-02-18,1100.07080078125,1118.5076904296875,1093.9251708984375,1100.07080078125,573.44189453125,96076134,0.0,0.0,yfinance_raw_daily
2010-02-19,1112.362060546875,1118.5076904296875,1087.779541015625,1112.362060546875,579.8489379882812,180528187,0.0,0.0,yfinance_raw_daily
2010-02-22,1112.362060546875,1124.6534423828125,1106.2164306640625,1112.362060546875,579.8489379882812,83593722,0.0,0.0,yfinance_raw_daily
2010-02-23,1130.799072265625,1130.799072265625,1093.9251708984375,1130.799072265625,589.4598388671875,131296185,0.0,0.0,yfinance_raw_daily
2010-02-24,1118.5076904296875,1124.6534423828125,1112.362060546875,1118.5076904296875,583.0525512695312,108019547,0.0,0.0,yfinance_raw_daily
2010-02-25,1100.07080078125,1124.6534423828125,1087.779541015625,1100.07080078125,573.44189453125,76952842,0.0,0.0,yfinance_raw_daily
2010-03-01,1100.07080078125,1118.5076904296875,1093.9251708984375,1100.07080078125,573.44189453125,40138166,0.0,0.0,yfinance_raw_daily
2010-03-02,1106.2164306640625,1124.6534423828125,1100.07080078125,1106.2164306640625,576.6454467773438,63054793,0.0,0.0,yfinance_raw_daily
2010-03-03,1100.07080078125,1118.5076904296875,1093.9251708984375,1100.07080078125,573.44189453125,55860677,0.0,0.0,yfinance_raw_daily
2010-03-04,1093.9251708984375,1106.2164306640625,1081.6339111328125,1093.9251708984375,570.2384033203125,110606744,0.0,0.0,yfinance_raw_daily
2010-03-05,1093.9251708984375,1112.362060546875,1093.9251708984375,1093.9251708984375,570.2384033203125,37961829,0.0,0.0,yfinance_raw_daily
2010-03-08,1124.6534423828125,1130.799072265625,1106.2164306640625,1124.6534423828125,586.2561645507812,115740459,0.0,0.0,yfinance_raw_daily
2010-03-09,1136.9447021484375,1143.09033203125,1118.5076904296875,1136.9447021484375,592.6635131835938,144366412,0.0,0.0,yfinance_raw_daily
2010-03-10,1149.2359619140625,1149.2359619140625,1130.799072265625,1149.2359619140625,599.0707397460938,122279641,0.0,0.0,yfinance_raw_daily
2010-03-11,1179.9642333984375,1179.9642333984375,1149.2359619140625,1179.9642333984375,615.0886840820312,239311665,0.0,0.0,yfinance_raw_daily
2010-03-12,1167.6729736328125,1179.9642333984375,1161.5272216796875,1167.6729736328125,608.6814575195312,61950353,0.0,0.0,yfinance_raw_daily
2010-03-15,1179.9642333984375,1186.10986328125,1161.5272216796875,1179.9642333984375,615.0886840820312,73846985,0.0,0.0,yfinance_raw_daily
2010-03-17,1216.838134765625,1216.838134765625,1186.10986328125,1216.838134765625,634.3101806640625,258235629,0.0,0.0,yfinance_raw_daily
2010-03-18,1278.2945556640625,1278.2945556640625,1216.838134765625,1278.2945556640625,666.3458862304688,404945164,0.0,0.0,yfinance_raw_daily
2010-03-19,1278.2945556640625,1278.2945556640625,1229.12939453125,1278.2945556640625,666.3458862304688,121219948,0.0,0.0,yfinance_raw_daily
2010-03-22,1229.12939453125,1266.0032958984375,1222.9837646484375,1229.12939453125,640.7172241210938,75303301,0.0,0.0,yfinance_raw_daily
2010-03-23,1266.0032958984375,1290.5858154296875,1253.7119140625,1266.0032958984375,659.938720703125,131993834,0.0,0.0,yfinance_raw_daily
2010-03-24,1327.459716796875,1327.459716796875,1278.2945556640625,1327.459716796875,691.9746704101562,176566033,0.0,0.0,yfinance_raw_daily
2010-03-25,1327.459716796875,1388.916259765625,1315.16845703125,1327.459716796875,691.9746704101562,157497658,0.0,0.0,yfinance_raw_daily
2010-03-26,1339.7509765625,1352.0423583984375,1327.459716796875,1339.7509765625,698.3818359375,49347937,0.0,0.0,yfinance_raw_daily
2010-03-29,1327.459716796875,1339.7509765625,1302.877197265625,1327.459716796875,691.9746704101562,76472828,0.0,0.0,yfinance_raw_daily
2010-03-30,1352.0423583984375,1376.6248779296875,1327.459716796875,1352.0423583984375,704.7890014648438,100428808,0.0,0.0,yfinance_raw_daily
2010-03-31,1315.16845703125,1352.0423583984375,1266.0032958984375,1315.16845703125,685.5674438476562,123359674,0.0,0.0,yfinance_raw_daily
2010-04-01,1290.5858154296875,1327.459716796875,1278.2945556640625,1290.5858154296875,672.753173828125,161531001,0.0,0.0,yfinance_raw_daily
2010-04-05,1302.877197265625,1315.16845703125,1290.5858154296875,1302.877197265625,679.1602783203125,90633257,0.0,0.0,yfinance_raw_daily
2010-04-06,1302.877197265625,1315.16845703125,1266.0032958984375,1302.877197265625,679.1602783203125,120282292,0.0,0.0,yfinance_raw_daily
2010-04-07,1290.5858154296875,1327.459716796875,1278.2945556640625,1290.5858154296875,672.753173828125,104185533,0.0,0.0,yfinance_raw_daily
2010-04-08,1241.420654296875,1290.5858154296875,1229.12939453125,1241.420654296875,647.1244506835938,140048315,0.0,0.0,yfinance_raw_daily
2010-04-09,1241.420654296875,1266.0032958984375,1216.838134765625,1241.420654296875,647.1244506835938,178945766,0.0,0.0,yfinance_raw_daily
2010-04-12,1302.877197265625,1302.877197265625,1253.7119140625,1302.877197265625,679.1602783203125,182920124,0.0,0.0,yfinance_raw_daily
2010-04-13,1290.5858154296875,1302.877197265625,1266.0032958984375,1290.5858154296875,672.753173828125,83937461,0.0,0.0,yfinance_raw_daily
2010-04-14,1290.5858154296875,1302.877197265625,1278.2945556640625,1290.5858154296875,672.753173828125,81470267,0.0,0.0,yfinance_raw_daily
2010-04-15,1290.5858154296875,1302.877197265625,1278.2945556640625,1290.5858154296875,672.753173828125,62497488,0.0,0.0,yfinance_raw_daily
2010-04-16,1253.7119140625,1290.5858154296875,1241.420654296875,1253.7119140625,653.5315551757812,86819582,0.0,0.0,yfinance_raw_daily
2010-04-19,1253.7119140625,1253.7119140625,1222.9837646484375,1253.7119140625,653.5315551757812,62243243,0.0,0.0,yfinance_raw_daily
2010-04-20,1278.2945556640625,1278.2945556640625,1229.12939453125,1278.2945556640625,666.3458862304688,208897861,0.0,0.0,yfinance_raw_daily
2010-04-21,1315.16845703125,1327.459716796875,1266.0032958984375,1315.16845703125,685.5674438476562,265340251,0.0,0.0,yfinance_raw_daily
2010-04-22,1315.16845703125,1315.16845703125,1290.5858154296875,1315.16845703125,685.5674438476562,103866201,0.0,0.0,yfinance_raw_daily
2010-04-23,1302.877197265625,1315.16845703125,1290.5858154296875,1302.877197265625,679.1602783203125,65432493,0.0,0.0,yfinance_raw_daily
2010-04-26,1290.5858154296875,1315.16845703125,1278.2945556640625,1290.5858154296875,672.753173828125,130022926,0.0,0.0,yfinance_raw_daily
2010-04-27,1302.877197265625,1315.16845703125,1278.2945556640625,1302.877197265625,679.1602783203125,83003873,0.0,0.0,yfinance_raw_daily
2010-04-28,1302.877197265625,1302.877197265625,1266.0032958984375,1302.877197265625,679.1602783203125,107631061,0.0,0.0,yfinance_raw_daily
2010-04-29,1364.3336181640625,1364.3336181640625,1302.877197265625,1364.3336181640625,711.1962890625,283019432,0.0,0.0,yfinance_raw_daily
2010-04-30,1425.7900390625,1425.7900390625,1352.0423583984375,1425.7900390625,743.2319946289062,267758630,0.0,0.0,yfinance_raw_daily
2010-05-03,1413.498779296875,1438.0814208984375,1388.916259765625,1413.498779296875,736.8248291015625,84417475,0.0,0.0,yfinance_raw_daily
2010-05-04,1401.20751953125,1438.0814208984375,1388.916259765625,1401.20751953125,730.4176025390625,113675990,0.0,0.0,yfinance_raw_daily
2010-05-05,1302.877197265625,1376.6248779296875,1278.2945556640625,1302.877197265625,679.1602783203125,215555012,0.0,0.0,yfinance_raw_daily
2010-05-06,1302.877197265625,1339.7509765625,1253.7119140625,1302.877197265625,679.1602783203125,228314043,0.0,0.0,yfinance_raw_daily
2010-05-07,1266.0032958984375,1278.2945556640625,1241.420654296875,1266.0032958984375,659.938720703125,256010477,0.0,0.0,yfinance_raw_daily
2010-05-10,1278.2945556640625,1339.7509765625,1266.0032958984375,1339.7509765625,698.3818359375,163461229,0.0,0.0,yfinance_raw_daily
2010-05-11,1278.2945556640625,1352.0423583984375,1266.0032958984375,1278.2945556640625,666.3458862304688,104382827,0.0,0.0,yfinance_raw_daily
2010-05-12,1302.877197265625,1315.16845703125,1266.0032958984375,1302.877197265625,679.1602783203125,126542821,0.0,0.0,yfinance_raw_daily
2010-05-14,1327.459716796875,1339.7509765625,1290.5858154296875,1327.459716796875,691.9746704101562,72423213,0.0,0.0,yfinance_raw_daily
2010-05-17,1327.459716796875,1327.459716796875,1266.0032958984375,1327.459716796875,691.9746704101562,149192999,0.0,0.0,yfinance_raw_daily
2010-05-18,1364.3336181640625,1376.6248779296875,1327.459716796875,1364.3336181640625,711.1962890625,156527459,0.0,0.0,yfinance_raw_daily
2010-05-19,1290.5858154296875,1364.3336181640625,1278.2945556640625,1290.5858154296875,672.753173828125,159198049,0.0,0.0,yfinance_raw_daily
2010-05-20,1278.2945556640625,1290.5858154296875,1229.12939453125,1278.2945556640625,666.3458862304688,201634590,0.0,0.0,yfinance_raw_daily
2010-05-21,1229.12939453125,1241.420654296875,1198.401123046875,1229.12939453125,640.7172241210938,169095298,0.0,0.0,yfinance_raw_daily
2010-05-24,1229.12939453125,1266.0032958984375,1222.9837646484375,1229.12939453125,640.7172241210938,89144398,0.0,0.0,yfinance_raw_daily
2010-05-25,1192.2554931640625,1222.9837646484375,1155.381591796875,1192.2554931640625,621.495849609375,89229825,0.0,0.0,yfinance_raw_daily
2010-05-26,1253.7119140625,1253.7119140625,1192.2554931640625,1253.7119140625,653.5315551757812,161295061,0.0,0.0,yfinance_raw_daily
2010-05-27,1241.420654296875,1253.7119140625,1198.401123046875,1241.420654296875,647.1244506835938,140469345,0.0,0.0,yfinance_raw_daily
2010-05-31,1315.16845703125,1315.16845703125,1241.420654296875,1315.16845703125,685.5674438476562,179917999,0.0,0.0,yfinance_raw_daily
2010-06-01,1266.0032958984375,1302.877197265625,1253.7119140625,1266.0032958984375,659.938720703125,56078311,0.0,0.0,yfinance_raw_daily
2010-06-02,1290.5858154296875,1302.877197265625,1266.0032958984375,1290.5858154296875,672.753173828125,56877657,0.0,0.0,yfinance_raw_daily
2010-06-03,1339.7509765625,1352.0423583984375,1315.16845703125,1339.7509765625,698.3818359375,77953550,0.0,0.0,yfinance_raw_daily
2010-06-04,1364.3336181640625,1401.20751953125,1327.459716796875,1364.3336181640625,711.1962890625,205973027,0.0,0.0,yfinance_raw_daily
2010-06-07,1302.877197265625,1339.7509765625,1290.5858154296875,1302.877197265625,679.1602783203125,143066712,0.0,0.0,yfinance_raw_daily
2010-06-08,1327.459716796875,1339.7509765625,1302.877197265625,1327.459716796875,691.9746704101562,32687771,0.0,0.0,yfinance_raw_daily
2010-06-09,1339.7509765625,1352.0423583984375,1315.16845703125,1339.7509765625,698.3818359375,59747575,0.0,0.0,yfinance_raw_daily
2010-06-10,1302.877197265625,1327.459716796875,1290.5858154296875,1302.877197265625,691.8689575195312,55319644,24.609236,0.0,yfinance_raw_daily
2010-06-11,1339.7509765625,1339.7509765625,1315.16845703125,1339.7509765625,711.4501342773438,120786714,0.0,0.0,yfinance_raw_daily
2010-06-14,1339.7509765625,1352.0423583984375,1327.459716796875,1339.7509765625,711.4501342773438,46282759,0.0,0.0,yfinance_raw_daily
2010-06-15,1364.3336181640625,1364.3336181640625,1327.459716796875,1364.3336181640625,724.50439453125,57316992,0.0,0.0,yfinance_raw_daily
2010-06-16,1376.6248779296875,1413.498779296875,1376.6248779296875,1376.6248779296875,731.03125,120845699,0.0,0.0,yfinance_raw_daily
2010-06-17,1413.498779296875,1438.0814208984375,1376.6248779296875,1413.498779296875,750.6124877929688,139663897,0.0,0.0,yfinance_raw_daily
2010-06-18,1462.6639404296875,1499.537841796875,1425.7900390625,1462.6639404296875,776.7206420898438,111839324,0.0,0.0,yfinance_raw_daily
2010-06-21,1438.0814208984375,1474.9552001953125,1413.498779296875,1438.0814208984375,763.6665649414062,143760292,0.0,0.0,yfinance_raw_daily
2010-06-22,1413.498779296875,1450.3726806640625,1401.20751953125,1413.498779296875,750.6124877929688,52813805,0.0,0.0,yfinance_raw_daily
2010-06-23,1388.916259765625,1413.498779296875,1364.3336181640625,1388.916259765625,737.5584106445312,57325128,0.0,0.0,yfinance_raw_daily
2010-06-24,1425.7900390625,1450.3726806640625,1376.6248779296875,1425.7900390625,757.1395263671875,56692567,0.0,0.0,yfinance_raw_daily
2010-06-25,1474.9552001953125,1499.537841796875,1413.498779296875,1474.9552001953125,783.247802734375,107848695,0.0,0.0,yfinance_raw_daily
2010-06-28,1499.537841796875,1499.537841796875,1462.6639404296875,1499.537841796875,796.3021240234375,31752149,0.0,0.0,yfinance_raw_daily
2010-06-29,1450.3726806640625,1487.24658203125,1425.7900390625,1450.3726806640625,770.1936645507812,70293657,0.0,0.0,yfinance_raw_daily
2010-06-30,1474.9552001953125,1487.24658203125,1425.7900390625,1474.9552001953125,783.247802734375,83162522,0.0,0.0,yfinance_raw_daily
2010-07-01,1438.0814208984375,1487.24658203125,1425.7900390625,1438.0814208984375,763.6665649414062,70600785,0.0,0.0,yfinance_raw_daily
2010-07-02,1413.498779296875,1474.9552001953125,1388.916259765625,1413.498779296875,750.6124877929688,63575487,0.0,0.0,yfinance_raw_daily
2010-07-05,1425.7900390625,1438.0814208984375,1401.20751953125,1425.7900390625,757.1395263671875,24200056,0.0,0.0,yfinance_raw_daily
2010-07-06,1425.7900390625,1438.0814208984375,1401.20751953125,1425.7900390625,757.1395263671875,36234997,0.0,0.0,yfinance_raw_daily
2010-07-07,1401.20751953125,1425.7900390625,1376.6248779296875,1401.20751953125,744.0853881835938,36084484,0.0,0.0,yfinance_raw_daily
2010-07-08,1413.498779296875,1425.7900390625,1388.916259765625,1413.498779296875,750.6124877929688,58466180,0.0,0.0,yfinance_raw_daily
2010-07-09,1450.3726806640625,1450.3726806640625,1376.6248779296875,1450.3726806640625,770.1936645507812,125428211,0.0,0.0,yfinance_raw_daily
2010-07-12,1511.8291015625,1511.8291015625,1462.6639404296875,1511.8291015625,802.8289794921875,85936843,0.0,0.0,yfinance_raw_daily
2010-07-13,1499.537841796875,1524.1204833984375,1474.9552001953125,1499.537841796875,796.3021240234375,49492348,0.0,0.0,yfinance_raw_daily
2010-07-14,1499.537841796875,1524.1204833984375,1462.6639404296875,1499.537841796875,796.3021240234375,89667126,0.0,0.0,yfinance_raw_daily
2010-07-15,1548.7030029296875,1548.7030029296875,1474.9552001953125,1548.7030029296875,822.4102172851562,106343564,0.0,0.0,yfinance_raw_daily
2010-07-16,1499.537841796875,1524.1204833984375,1474.9552001953125,1499.537841796875,796.3021240234375,77154204,0.0,0.0,yfinance_raw_daily
2010-07-19,1474.9552001953125,1474.9552001953125,1450.3726806640625,1474.9552001953125,783.247802734375,87352480,0.0,0.0,yfinance_raw_daily
2010-07-20,1499.537841796875,1499.537841796875,1450.3726806640625,1499.537841796875,796.3021240234375,46445476,0.0,0.0,yfinance_raw_daily
2010-07-21,1487.24658203125,1511.8291015625,1462.6639404296875,1487.24658203125,789.7747192382812,61262875,0.0,0.0,yfinance_raw_daily
2010-07-22,1474.9552001953125,1499.537841796875,1450.3726806640625,1474.9552001953125,783.247802734375,73775797,0.0,0.0,yfinance_raw_daily
2010-07-23,1499.537841796875,1511.8291015625,1487.24658203125,1499.537841796875,796.3021240234375,62379519,0.0,0.0,yfinance_raw_daily
2010-07-26,1511.8291015625,1524.1204833984375,1487.24658203125,1511.8291015625,802.8289794921875,78226101,0.0,0.0,yfinance_raw_daily
2010-07-27,1474.9552001953125,1511.8291015625,1450.3726806640625,1474.9552001953125,783.247802734375,133647443,0.0,0.0,yfinance_raw_daily
2010-07-28,1474.9552001953125,1487.24658203125,1462.6639404296875,1474.9552001953125,783.247802734375,97609740,0.0,0.0,yfinance_raw_daily
2010-07-29,1487.24658203125,1487.24658203125,1450.3726806640625,1487.24658203125,789.7747192382812,77768460,0.0,0.0,yfinance_raw_daily
2010-07-30,1474.9552001953125,1499.537841796875,1462.6639404296875,1474.9552001953125,783.247802734375,45902409,0.0,0.0,yfinance_raw_daily
2010-08-02,1438.0814208984375,1499.537841796875,1425.7900390625,1438.0814208984375,763.6665649414062,81921806,0.0,0.0,yfinance_raw_daily
2010-08-03,1388.916259765625,1474.9552001953125,1364.3336181640625,1388.916259765625,737.5584106445312,185989370,0.0,0.0,yfinance_raw_daily
2010-08-04,1425.7900390625,1438.0814208984375,1339.7509765625,1425.7900390625,757.1395263671875,167411179,0.0,0.0,yfinance_raw_daily
2010-08-05,1450.3726806640625,1450.3726806640625,1413.498779296875,1450.3726806640625,770.1936645507812,84702230,0.0,0.0,yfinance_raw_daily
2010-08-06,1474.9552001953125,1474.9552001953125,1425.7900390625,1474.9552001953125,783.247802734375,65121297,0.0,0.0,yfinance_raw_daily
2010-08-09,1487.24658203125,1487.24658203125,1450.3726806640625,1487.24658203125,789.7747192382812,48562828,0.0,0.0,yfinance_raw_daily
2010-08-10,1487.24658203125,1487.24658203125,1450.3726806640625,1487.24658203125,789.7747192382812,44673897,0.0,0.0,yfinance_raw_daily
2010-08-11,1450.3726806640625,1487.24658203125,1438.0814208984375,1450.3726806640625,770.1936645507812,56830876,0.0,0.0,yfinance_raw_daily
2010-08-12,1450.3726806640625,1450.3726806640625,1413.498779296875,1450.3726806640625,770.1936645507812,64000585,0.0,0.0,yfinance_raw_daily
2010-08-13,1450.3726806640625,1474.9552001953125,1438.0814208984375,1450.3726806640625,770.1936645507812,55754911,0.0,0.0,yfinance_raw_daily
2010-08-16,1474.9552001953125,1474.9552001953125,1438.0814208984375,1474.9552001953125,783.247802734375,28955454,0.0,0.0,yfinance_raw_daily
2010-08-18,1450.3726806640625,1487.24658203125,1450.3726806640625,1450.3726806640625,770.1936645507812,33963064,0.0,0.0,yfinance_raw_daily
2010-08-19,1487.24658203125,1487.24658203125,1450.3726806640625,1487.24658203125,789.7747192382812,94471340,0.0,0.0,yfinance_raw_daily
2010-08-20,1474.9552001953125,1487.24658203125,1462.6639404296875,1474.9552001953125,783.247802734375,19090748,0.0,0.0,yfinance_raw_daily
2010-08-23,1487.24658203125,1487.24658203125,1462.6639404296875,1487.24658203125,789.7747192382812,56068141,0.0,0.0,yfinance_raw_daily
2010-08-24,1487.24658203125,1499.537841796875,1474.9552001953125,1487.24658203125,789.7747192382812,72689662,0.0,0.0,yfinance_raw_daily
2010-08-25,1474.9552001953125,1487.24658203125,1462.6639404296875,1474.9552001953125,783.247802734375,65363338,0.0,0.0,yfinance_raw_daily
2010-08-26,1474.9552001953125,1487.24658203125,1450.3726806640625,1474.9552001953125,783.247802734375,23978354,0.0,0.0,yfinance_raw_daily
2010-08-27,1450.3726806640625,1474.9552001953125,1425.7900390625,1450.3726806640625,770.1936645507812,46130212,0.0,0.0,yfinance_raw_daily
2010-08-30,1425.7900390625,1462.6639404296875,1413.498779296875,1425.7900390625,757.1395263671875,75889081,0.0,0.0,yfinance_raw_daily
2010-08-31,1450.3726806640625,1450.3726806640625,1401.20751953125,1450.3726806640625,770.1936645507812,44629150,0.0,0.0,yfinance_raw_daily
2010-09-01,1474.9552001953125,1487.24658203125,1425.7900390625,1474.9552001953125,783.247802734375,83744235,0.0,0.0,yfinance_raw_daily
2010-09-02,1450.3726806640625,1499.537841796875,1438.0814208984375,1450.3726806640625,770.1936645507812,29736495,0.0,0.0,yfinance_raw_daily
2010-09-03,1487.24658203125,1487.24658203125,1450.3726806640625,1487.24658203125,789.7747192382812,61720516,0.0,0.0,yfinance_raw_daily
2010-09-06,1524.1204833984375,1524.1204833984375,1487.24658203125,1524.1204833984375,809.35595703125,116324206,0.0,0.0,yfinance_raw_daily
2010-09-07,1548.7030029296875,1548.7030029296875,1511.8291015625,1548.7030029296875,822.4102172851562,60412679,0.0,0.0,yfinance_raw_daily
2010-09-15,1573.28564453125,1708.4898681640625,1573.28564453125,1659.32470703125,881.1538696289062,181972299,0.0,0.0,yfinance_raw_daily
2010-09-16,1634.7420654296875,1659.32470703125,1610.1595458984375,1634.7420654296875,868.099609375,65432493,0.0,0.0,yfinance_raw_daily
2010-09-17,1696.1986083984375,1708.4898681640625,1659.32470703125,1696.1986083984375,900.7350463867188,57471573,0.0,0.0,yfinance_raw_daily
2010-09-20,1622.4508056640625,1671.615966796875,1610.1595458984375,1622.4508056640625,861.57275390625,56422050,0.0,0.0,yfinance_raw_daily
2010-09-21,1560.9942626953125,1634.7420654296875,1536.4117431640625,1560.9942626953125,828.937255859375,168236967,0.0,0.0,yfinance_raw_daily
2010-09-22,1536.4117431640625,1573.28564453125,1511.8291015625,1536.4117431640625,815.8832397460938,179338321,0.0,0.0,yfinance_raw_daily
2010-09-23,1548.7030029296875,1560.9942626953125,1524.1204833984375,1548.7030029296875,822.4102172851562,58877040,0.0,0.0,yfinance_raw_daily
2010-09-24,1622.4508056640625,1622.4508056640625,1524.1204833984375,1622.4508056640625,861.57275390625,149182830,0.0,0.0,yfinance_raw_daily
2010-09-27,1634.7420654296875,1659.32470703125,1610.1595458984375,1634.7420654296875,868.099609375,92746542,0.0,0.0,yfinance_raw_daily
2010-09-28,1659.32470703125,1683.9072265625,1622.4508056640625,1659.32470703125,881.1538696289062,156627123,0.0,0.0,yfinance_raw_daily
2010-09-29,1720.7811279296875,1720.7811279296875,1659.32470703125,1720.7811279296875,913.7890014648438,91745833,0.0,0.0,yfinance_raw_daily
2010-09-30,1769.9462890625,1782.237548828125,1696.1986083984375,1769.9462890625,939.8973999023438,83290662,0.0,0.0,yfinance_raw_daily
2010-10-01,1683.9072265625,1769.9462890625,1671.615966796875,1683.9072265625,894.2079467773438,90016967,0.0,0.0,yfinance_raw_daily
2010-10-04,1720.7811279296875,1745.36376953125,1708.4898681640625,1720.7811279296875,913.7890014648438,109327383,0.0,0.0,yfinance_raw_daily
2010-10-05,1708.4898681640625,1733.0723876953125,1696.1986083984375,1708.4898681640625,907.2621459960938,50572381,0.0,0.0,yfinance_raw_daily
2010-10-06,1720.7811279296875,1733.0723876953125,1683.9072265625,1720.7811279296875,913.7890014648438,42239247,0.0,0.0,yfinance_raw_daily
2010-10-07,1720.7811279296875,1720.7811279296875,1671.615966796875,1720.7811279296875,913.7890014648438,51231384,0.0,0.0,yfinance_raw_daily
2010-10-08,1647.0333251953125,1720.7811279296875,1622.4508056640625,1647.0333251953125,874.6268310546875,164970427,0.0,0.0,yfinance_raw_daily
2010-10-11,1671.615966796875,1683.9072265625,1634.7420654296875,1671.615966796875,887.6808471679688,142922301,0.0,0.0,yfinance_raw_daily
2010-10-12,1671.615966796875,1683.9072265625,1647.0333251953125,1671.615966796875,887.6808471679688,103784842,0.0,0.0,yfinance_raw_daily
2010-10-13,1696.1986083984375,1696.1986083984375,1659.32470703125,1696.1986083984375,900.7350463867188,144085726,0.0,0.0,yfinance_raw_daily
2010-10-14,1696.1986083984375,1720.7811279296875,1683.9072265625,1696.1986083984375,900.7350463867188,110856921,0.0,0.0,yfinance_raw_daily
2010-10-15,1708.4898681640625,1708.4898681640625,1671.615966796875,1708.4898681640625,907.2621459960938,94221163,0.0,0.0,yfinance_raw_daily
2010-10-18,1696.1986083984375,1708.4898681640625,1683.9072265625,1696.1986083984375,900.7350463867188,39532046,0.0,0.0,yfinance_raw_daily
2010-10-19,1683.9072265625,1696.1986083984375,1671.615966796875,1683.9072265625,894.2079467773438,52685665,0.0,0.0,yfinance_raw_daily
2010-10-20,1659.32470703125,1671.615966796875,1647.0333251953125,1659.32470703125,881.1538696289062,80801094,0.0,0.0,yfinance_raw_daily
2010-10-21,1671.615966796875,1683.9072265625,1647.0333251953125,1671.615966796875,887.6808471679688,43638611,0.0,0.0,yfinance_raw_daily
2010-10-22,1683.9072265625,1683.9072265625,1647.0333251953125,1683.9072265625,894.2079467773438,60207249,0.0,0.0,yfinance_raw_daily
2010-10-25,1696.1986083984375,1708.4898681640625,1671.615966796875,1696.1986083984375,900.7350463867188,82403855,0.0,0.0,yfinance_raw_daily
2010-10-26,1757.655029296875,1757.655029296875,1696.1986083984375,1757.655029296875,933.3704223632812,153269055,0.0,0.0,yfinance_raw_daily
2010-10-27,1708.4898681640625,1757.655029296875,1696.1986083984375,1708.4898681640625,907.2621459960938,65993866,0.0,0.0,yfinance_raw_daily
2010-10-28,1708.4898681640625,1720.7811279296875,1696.1986083984375,1708.4898681640625,907.2621459960938,42166024,0.0,0.0,yfinance_raw_daily
2010-10-29,1720.7811279296875,1733.0723876953125,1696.1986083984375,1720.7811279296875,913.7890014648438,47167532,0.0,0.0,yfinance_raw_daily
2010-11-01,1745.36376953125,1757.655029296875,1720.7811279296875,1745.36376953125,926.8432006835938,57335298,0.0,0.0,yfinance_raw_daily
2010-11-02,1733.0723876953125,1733.0723876953125,1696.1986083984375,1733.0723876953125,920.316162109375,90920045,0.0,0.0,yfinance_raw_daily
2010-11-03,1720.7811279296875,1757.655029296875,1708.4898681640625,1720.7811279296875,913.7890014648438,50234744,0.0,0.0,yfinance_raw_daily
2010-11-04,1745.36376953125,1757.655029296875,1733.0723876953125,1745.36376953125,926.8432006835938,75758908,0.0,0.0,yfinance_raw_daily
2010-11-05,1769.9462890625,1769.9462890625,1757.655029296875,1769.9462890625,939.8973999023438,67098306,0.0,0.0,yfinance_raw_daily
2010-11-08,1757.655029296875,1782.237548828125,1733.0723876953125,1757.655029296875,933.3704223632812,42942997,0.0,0.0,yfinance_raw_daily
2010-11-09,1757.655029296875,1769.9462890625,1720.7811279296875,1757.655029296875,933.3704223632812,69980427,0.0,0.0,yfinance_raw_daily
2010-11-10,1757.655029296875,1769.9462890625,1720.7811279296875,1757.655029296875,933.3704223632812,38665579,0.0,0.0,yfinance_raw_daily
2010-11-11,1745.36376953125,1769.9462890625,1720.7811279296875,1745.36376953125,926.8432006835938,44027098,0.0,0.0,yfinance_raw_daily
2010-11-12,1696.1986083984375,1745.36376953125,1671.615966796875,1696.1986083984375,900.7350463867188,83756438,0.0,0.0,yfinance_raw_daily
2010-11-15,1708.4898681640625,1720.7811279296875,1683.9072265625,1708.4898681640625,907.2621459960938,35885156,0.0,0.0,yfinance_raw_daily
2010-11-16,1733.0723876953125,1745.36376953125,1696.1986083984375,1733.0723876953125,920.316162109375,49905242,0.0,0.0,yfinance_raw_daily
2010-11-18,1720.7811279296875,1745.36376953125,1708.4898681640625,1720.7811279296875,913.7890014648438,50458479,0.0,0.0,yfinance_raw_daily
2010-11-19,1745.36376953125,1769.9462890625,1720.7811279296875,1745.36376953125,926.8432006835938,56448491,0.0,0.0,yfinance_raw_daily
2010-11-22,1782.237548828125,1782.237548828125,1745.36376953125,1782.237548828125,946.424560546875,57672935,0.0,0.0,yfinance_raw_daily
2010-11-23,1720.7811279296875,1782.237548828125,1708.4898681640625,1720.7811279296875,913.7890014648438,43498268,0.0,0.0,yfinance_raw_daily
2010-11-24,1696.1986083984375,1733.0723876953125,1659.32470703125,1696.1986083984375,900.7350463867188,86286685,0.0,0.0,yfinance_raw_daily
2010-11-25,1708.4898681640625,1733.0723876953125,1696.1986083984375,1708.4898681640625,907.2621459960938,48227225,0.0,0.0,yfinance_raw_daily
2010-11-26,1659.32470703125,1708.4898681640625,1647.0333251953125,1659.32470703125,881.1538696289062,50419834,0.0,0.0,yfinance_raw_daily
2010-11-29,1671.615966796875,1671.615966796875,1610.1595458984375,1671.615966796875,887.6808471679688,33476947,0.0,0.0,yfinance_raw_daily
2010-11-30,1573.28564453125,1671.615966796875,1560.9942626953125,1573.28564453125,835.4644165039062,182501128,0.0,0.0,yfinance_raw_daily
2010-12-01,1647.0333251953125,1659.32470703125,1573.28564453125,1647.0333251953125,874.6268310546875,183924900,0.0,0.0,yfinance_raw_daily
2010-12-02,1671.615966796875,1696.1986083984375,1647.0333251953125,1671.615966796875,887.6808471679688,112227810,0.0,0.0,yfinance_raw_daily
2010-12-03,1647.0333251953125,1671.615966796875,1634.7420654296875,1647.0333251953125,874.6268310546875,86522624,0.0,0.0,yfinance_raw_daily
2010-12-06,1671.615966796875,1683.9072265625,1634.7420654296875,1671.615966796875,887.6808471679688,70193993,0.0,0.0,yfinance_raw_daily
2010-12-08,1659.32470703125,1696.1986083984375,1647.0333251953125,1659.32470703125,881.1538696289062,91011574,0.0,0.0,yfinance_raw_daily
2010-12-09,1659.32470703125,1683.9072265625,1634.7420654296875,1659.32470703125,881.1538696289062,68534282,0.0,0.0,yfinance_raw_daily
2010-12-10,1647.0333251953125,1659.32470703125,1634.7420654296875,1647.0333251953125,874.6268310546875,68941074,0.0,0.0,yfinance_raw_daily
2010-12-13,1597.8681640625,1659.32470703125,1585.576904296875,1597.8681640625,848.5185546875,87413498,0.0,0.0,yfinance_raw_daily
2010-12-14,1647.0333251953125,1671.615966796875,1597.8681640625,1647.0333251953125,874.6268310546875,100870178,0.0,0.0,yfinance_raw_daily
2010-12-15,1622.4508056640625,1659.32470703125,1610.1595458984375,1622.4508056640625,861.57275390625,88064366,0.0,0.0,yfinance_raw_daily
2010-12-16,1585.576904296875,1622.4508056640625,1573.28564453125,1585.576904296875,841.991455078125,85589036,0.0,0.0,yfinance_raw_daily
2010-12-17,1573.28564453125,1597.8681640625,1560.9942626953125,1573.28564453125,835.4644165039062,74345305,0.0,0.0,yfinance_raw_daily
2010-12-20,1536.4117431640625,1573.28564453125,1499.537841796875,1536.4117431640625,815.8832397460938,166963708,0.0,0.0,yfinance_raw_daily
2010-12-21,1585.576904296875,1597.8681640625,1536.4117431640625,1585.576904296875,841.991455078125,85454795,0.0,0.0,yfinance_raw_daily
2010-12-22,1573.28564453125,1610.1595458984375,1573.28564453125,1573.28564453125,838.0164184570312,62338840,4.828723,0.0,yfinance_raw_daily
2010-12-23,1560.9942626953125,1585.576904296875,1548.7030029296875,1560.9942626953125,831.4693603515625,36475004,0.0,0.0,yfinance_raw_daily
2010-12-27,1597.8681640625,1622.4508056640625,1573.28564453125,1597.8681640625,851.1102905273438,89858318,0.0,0.0,yfinance_raw_daily
2010-12-28,1585.576904296875,1610.1595458984375,1573.28564453125,1585.576904296875,844.5635375976562,44812206,0.0,0.0,yfinance_raw_daily
2010-12-29,1622.4508056640625,1634.7420654296875,1597.8681640625,1622.4508056640625,864.2044067382812,71237415,0.0,0.0,yfinance_raw_daily
2010-12-30,1597.8681640625,1647.0333251953125,1573.28564453125,1597.8681640625,851.1102905273438,47891622,0.0,0.0,yfinance_raw_daily
2011-01-03,1585.576904296875,1634.7420654296875,1560.9942626953125,1585.576904296875,844.5635375976562,95150682,0.0,0.0,yfinance_raw_daily
2011-01-04,1622.4508056640625,1634.7420654296875,1573.28564453125,1622.4508056640625,864.2044067382812,110279277,0.0,0.0,yfinance_raw_daily
2011-01-05,1683.9072265625,1696.1986083984375,1610.1595458984375,1683.9072265625,896.9393920898438,152404622,0.0,0.0,yfinance_raw_daily
2011-01-06,1647.0333251953125,1696.1986083984375,1622.4508056640625,1647.0333251953125,877.2984619140625,152925316,0.0,0.0,yfinance_raw_daily
2011-01-07,1573.28564453125,1659.32470703125,1548.7030029296875,1573.28564453125,838.0164184570312,216718438,0.0,0.0,yfinance_raw_daily
2011-01-10,1474.9552001953125,1548.7030029296875,1425.7900390625,1474.9552001953125,785.6403198242188,304050578,0.0,0.0,yfinance_raw_daily
2011-01-11,1425.7900390625,1487.24658203125,1388.916259765625,1425.7900390625,759.4523315429688,348651253,0.0,0.0,yfinance_raw_daily
2011-01-12,1450.3726806640625,1462.6639404296875,1401.20751953125,1450.3726806640625,772.5464477539062,270158703,0.0,0.0,yfinance_raw_daily
2011-01-13,1438.0814208984375,1474.9552001953125,1425.7900390625,1438.0814208984375,765.9994506835938,260812656,0.0,0.0,yfinance_raw_daily
2011-01-14,1413.498779296875,1450.3726806640625,1388.916259765625,1413.498779296875,752.9053344726562,202789879,0.0,0.0,yfinance_raw_daily
2011-01-17,1388.916259765625,1425.7900390625,1376.6248779296875,1388.916259765625,739.8114013671875,141899219,0.0,0.0,yfinance_raw_daily
2011-01-18,1376.6248779296875,1401.20751953125,1339.7509765625,1376.6248779296875,733.2643432617188,274916135,0.0,0.0,yfinance_raw_daily
2011-01-19,1413.498779296875,1438.0814208984375,1364.3336181640625,1413.498779296875,752.9053344726562,233647087,0.0,0.0,yfinance_raw_daily
2011-01-20,1425.7900390625,1450.3726806640625,1388.916259765625,1425.7900390625,759.4523315429688,265401270,0.0,0.0,yfinance_raw_daily
2011-01-21,1376.6248779296875,1401.20751953125,1315.16845703125,1376.6248779296875,733.2643432617188,284522528,0.0,0.0,yfinance_raw_daily
2011-01-24,1352.0423583984375,1376.6248779296875,1327.459716796875,1352.0423583984375,720.17041015625,117286269,0.0,0.0,yfinance_raw_daily
2011-01-25,1388.916259765625,1401.20751953125,1339.7509765625,1388.916259765625,739.8114013671875,242061579,0.0,0.0,yfinance_raw_daily
2011-01-26,1462.6639404296875,1474.9552001953125,1364.3336181640625,1462.6639404296875,779.0933227539062,317964898,0.0,0.0,yfinance_raw_daily
2011-01-27,1474.9552001953125,1499.537841796875,1450.3726806640625,1474.9552001953125,785.6403198242188,266066375,0.0,0.0,yfinance_raw_daily
2011-01-28,1487.24658203125,1487.24658203125,1450.3726806640625,1487.24658203125,792.1875,195030322,0.0,0.0,yfinance_raw_daily
2011-01-31,1462.6639404296875,1487.24658203125,1413.498779296875,1462.6639404296875,779.0933227539062,292221067,0.0,0.0,yfinance_raw_daily
2011-02-01,1499.537841796875,1524.1204833984375,1474.9552001953125,1499.537841796875,798.7344970703125,217489308,0.0,0.0,yfinance_raw_daily
2011-02-02,1499.537841796875,1536.4117431640625,1487.24658203125,1499.537841796875,798.7344970703125,140406292,0.0,0.0,yfinance_raw_daily
2011-02-04,1462.6639404296875,1499.537841796875,1462.6639404296875,1462.6639404296875,779.0933227539062,120914854,0.0,0.0,yfinance_raw_daily
2011-02-07,1474.9552001953125,1499.537841796875,1450.3726806640625,1474.9552001953125,785.6403198242188,132939625,0.0,0.0,yfinance_raw_daily
2011-02-08,1487.5,1512.5,1450.0,1487.5,792.3223876953125,358712000,0.0,0.0,yfinance_raw_daily
2011-02-09,1425.0,1462.5,1387.5,1425.0,759.0314331054688,294540000,0.0,0.0,yfinance_raw_daily
2011-02-10,1400.0,1400.0,1350.0,1400.0,745.7152709960938,220698000,0.0,0.0,yfinance_raw_daily
2011-02-11,1387.5,1400.0,1350.0,1387.5,739.0570068359375,135396000,0.0,0.0,yfinance_raw_daily
2011-02-14,1400.0,1400.0,1375.0,1400.0,745.7152709960938,187544000,0.0,0.0,yfinance_raw_daily
2011-02-16,1400.0,1400.0,1337.5,1400.0,745.7152709960938,293026000,0.0,0.0,yfinance_raw_daily
2011-02-17,1387.5,1400.0,1362.5,1387.5,739.0570068359375,177038000,0.0,0.0,yfinance_raw_daily
2011-02-18,1475.0,1487.5,1375.0,1475.0,785.6643676757812,547086000,0.0,0.0,yfinance_raw_daily
2011-02-21,1500.0,1512.5,1462.5,1500.0,798.980712890625,390874000,0.0,0.0,yfinance_raw_daily
2011-02-22,1487.5,1487.5,1437.5,1487.5,792.3223876953125,233138000,0.0,0.0,yfinance_raw_daily
2011-02-23,1450.0,1475.0,1450.0,1450.0,772.3478393554688,146254000,0.0,0.0,yfinance_raw_daily
2011-02-24,1412.5,1462.5,1387.5,1412.5,752.3733520507812,199266000,0.0,0.0,yfinance_raw_daily
2011-02-25,1437.5,1437.5,1387.5,1437.5,765.6897583007812,155624000,0.0,0.0,yfinance_raw_daily
2011-02-28,1450.0,1450.0,1412.5,1450.0,772.3478393554688,135008000,0.0,0.0,yfinance_raw_daily
2011-03-01,1475.0,1475.0,1425.0,1475.0,785.6643676757812,169524000,0.0,0.0,yfinance_raw_daily
2011-03-02,1487.5,1487.5,1437.5,1487.5,792.3223876953125,159902000,0.0,0.0,yfinance_raw_daily
2011-03-03,1475.0,1500.0,1462.5,1475.0,785.6643676757812,154538000,0.0,0.0,yfinance_raw_daily
2011-03-04,1550.0,1550.0,1487.5,1550.0,825.6132202148438,346090000,0.0,0.0,yfinance_raw_daily
2011-03-07,1587.5,1600.0,1512.5,1587.5,845.5878295898438,300574000,0.0,0.0,yfinance_raw_daily
2011-03-08,1600.0,1612.5,1575.0,1600.0,852.2459716796875,159952000,0.0,0.0,yfinance_raw_daily
2011-03-09,1600.0,1612.5,1562.5,1600.0,852.2459716796875,200842000,0.0,0.0,yfinance_raw_daily
2011-03-10,1587.5,1587.5,1562.5,1587.5,845.5878295898438,101850000,0.0,0.0,yfinance_raw_daily
2011-03-11,1537.5,1562.5,1512.5,1537.5,818.9551391601562,142716000,0.0,0.0,yfinance_raw_daily
2011-03-14,1537.5,1550.0,1512.5,1537.5,818.9551391601562,118040000,0.0,0.0,yfinance_raw_daily
2011-03-15,1500.0,1512.5,1475.0,1500.0,798.980712890625,140100000,0.0,0.0,yfinance_raw_daily
2011-03-16,1525.0,1525.0,1487.5,1525.0,812.2969970703125,179124000,0.0,0.0,yfinance_raw_daily
2011-03-17,1487.5,1500.0,1475.0,1487.5,792.3223876953125,127068000,0.0,0.0,yfinance_raw_daily
2011-03-18,1500.0,1500.0,1475.0,1500.0,798.980712890625,115816000,0.0,0.0,yfinance_raw_daily
2011-03-21,1500.0,1512.5,1475.0,1500.0,798.980712890625,120318000,0.0,0.0,yfinance_raw_daily
2011-03-22,1500.0,1512.5,1487.5,1500.0,798.980712890625,127502000,0.0,0.0,yfinance_raw_daily
2011-03-23,1487.5,1512.5,1475.0,1487.5,792.3223876953125,434872000,0.0,0.0,yfinance_raw_daily
2011-03-24,1537.5,1537.5,1487.5,1537.5,818.9551391601562,249126000,0.0,0.0,yfinance_raw_daily
2011-03-25,1575.0,1575.0,1537.5,1575.0,838.9296264648438,311256000,0.0,0.0,yfinance_raw_daily
2011-03-28,1550.0,1587.5,1537.5,1550.0,825.6132202148438,133052000,0.0,0.0,yfinance_raw_daily
2011-03-29,1600.0,1600.0,1537.5,1600.0,852.2459716796875,185728000,0.0,0.0,yfinance_raw_daily
2011-03-30,1625.0,1625.0,1587.5,1625.0,865.562255859375,156632000,0.0,0.0,yfinance_raw_daily
2011-03-31,1700.0,1700.0,1625.0,1700.0,905.51123046875,335866000,0.0,0.0,yfinance_raw_daily
2011-04-01,1712.5,1712.5,1675.0,1712.5,912.1692504882812,136062000,0.0,0.0,yfinance_raw_daily
2011-04-04,1712.5,1737.5,1700.0,1712.5,912.1692504882812,236652000,0.0,0.0,yfinance_raw_daily
2011-04-05,1662.5,1725.0,1650.0,1662.5,885.5368041992188,105876000,0.0,0.0,yfinance_raw_daily
2011-04-06,1700.0,1712.5,1650.0,1700.0,905.51123046875,204864000,0.0,0.0,yfinance_raw_daily
2011-04-07,1700.0,1725.0,1687.5,1700.0,905.51123046875,114000000,0.0,0.0,yfinance_raw_daily
2011-04-08,1750.0,1750.0,1700.0,1750.0,932.1439208984375,228924000,0.0,0.0,yfinance_raw_daily
2011-04-11,1737.5,1762.5,1712.5,1737.5,925.4857177734375,82458000,0.0,0.0,yfinance_raw_daily
2011-04-12,1712.5,1725.0,1700.0,1712.5,912.1692504882812,51890000,0.0,0.0,yfinance_raw_daily
2011-04-13,1700.0,1712.5,1687.5,1700.0,905.51123046875,106062000,0.0,0.0,yfinance_raw_daily
2011-04-14,1675.0,1700.0,1662.5,1675.0,892.1950073242188,88770000,0.0,0.0,yfinance_raw_daily
2011-04-15,1700.0,1700.0,1675.0,1700.0,905.51123046875,71234000,0.0,0.0,yfinance_raw_daily
2011-04-18,1675.0,1700.0,1662.5,1675.0,892.1950073242188,81782000,0.0,0.0,yfinance_raw_daily
2011-04-19,1675.0,1687.5,1637.5,1675.0,892.1950073242188,68724000,0.0,0.0,yfinance_raw_daily
2011-04-20,1775.0,1775.0,1687.5,1775.0,945.4603271484375,355208000,0.0,0.0,yfinance_raw_daily
2011-04-21,1775.0,1787.5,1737.5,1775.0,945.4603271484375,133534000,0.0,0.0,yfinance_raw_daily
2011-04-25,1762.5,1787.5,1750.0,1762.5,938.80224609375,63496000,0.0,0.0,yfinance_raw_daily
2011-04-26,1750.0,1762.5,1725.0,1750.0,932.1439208984375,50610000,0.0,0.0,yfinance_raw_daily
2011-04-27,1787.5,1787.5,1750.0,1787.5,952.118408203125,144352000,0.0,0.0,yfinance_raw_daily
2011-04-28,1762.5,1812.5,1750.0,1762.5,938.80224609375,86680000,0.0,0.0,yfinance_raw_daily
2011-04-29,1787.5,1787.5,1750.0,1787.5,952.118408203125,131152000,0.0,0.0,yfinance_raw_daily
2011-05-02,1837.5,1837.5,1787.5,1837.5,978.7511596679688,175864000,0.0,0.0,yfinance_raw_daily
2011-05-03,1825.0,1837.5,1800.0,1825.0,972.0931396484375,86486000,0.0,0.0,yfinance_raw_daily
2011-05-04,1800.0,1812.5,1775.0,1800.0,958.7767944335938,134974000,0.0,0.0,yfinance_raw_daily
2011-05-05,1800.0,1800.0,1762.5,1800.0,958.7767944335938,122802000,0.0,0.0,yfinance_raw_daily
2011-05-06,1750.0,1787.5,1737.5,1750.0,932.1439208984375,195296000,0.0,0.0,yfinance_raw_daily
2011-05-09,1725.0,1750.0,1725.0,1725.0,918.8275146484375,120748000,0.0,0.0,yfinance_raw_daily
2011-05-10,1762.5,1775.0,1700.0,1762.5,938.80224609375,293226000,0.0,0.0,yfinance_raw_daily
2011-05-11,1787.5,1787.5,1762.5,1787.5,952.118408203125,135602000,0.0,0.0,yfinance_raw_daily
2011-05-12,1762.5,1787.5,1750.0,1762.5,938.80224609375,91356000,0.0,0.0,yfinance_raw_daily
2011-05-13,1787.5,1787.5,1775.0,1787.5,952.118408203125,83126000,0.0,0.0,yfinance_raw_daily
2011-05-16,1762.5,1787.5,1737.5,1762.5,938.80224609375,118688000,0.0,0.0,yfinance_raw_daily
2011-05-18,1775.0,1787.5,1762.5,1775.0,945.4603271484375,86030000,0.0,0.0,yfinance_raw_daily
2011-05-19,1812.5,1812.5,1775.0,1812.5,965.434814453125,220650000,0.0,0.0,yfinance_raw_daily
2011-05-20,1812.5,1825.0,1800.0,1812.5,965.434814453125,99646000,0.0,0.0,yfinance_raw_daily
2011-05-23,1775.0,1800.0,1750.0,1775.0,945.4603271484375,95004000,0.0,0.0,yfinance_raw_daily
2011-05-24,1775.0,1775.0,1750.0,1775.0,945.4603271484375,78786000,0.0,0.0,yfinance_raw_daily
2011-05-25,1737.5,1762.5,1725.0,1737.5,925.4857177734375,115124000,0.0,0.0,yfinance_raw_daily
2011-05-26,1750.0,1762.5,1737.5,1750.0,932.1439208984375,95060000,0.0,0.0,yfinance_raw_daily
2011-05-27,1787.5,1787.5,1725.0,1787.5,952.118408203125,93642000,0.0,0.0,yfinance_raw_daily
2011-05-30,1800.0,1812.5,1775.0,1800.0,958.7767944335938,174292000,0.0,0.0,yfinance_raw_daily
2011-05-31,1800.0,1812.5,1775.0,1800.0,958.7767944335938,129632000,0.0,0.0,yfinance_raw_daily
2011-06-01,1787.5,1812.5,1787.5,1787.5,952.118408203125,74528000,0.0,0.0,yfinance_raw_daily
2011-06-03,1775.0,1775.0,1750.0,1775.0,945.4603271484375,150558000,0.0,0.0,yfinance_raw_daily
2011-06-06,1750.0,1762.5,1750.0,1750.0,932.1439208984375,63178000,0.0,0.0,yfinance_raw_daily
2011-06-07,1762.5,1762.5,1737.5,1762.5,938.80224609375,68208000,0.0,0.0,yfinance_raw_daily
2011-06-08,1750.0,1762.5,1725.0,1750.0,932.1439208984375,142582000,0.0,0.0,yfinance_raw_daily
2011-06-09,1737.5,1750.0,1725.0,1737.5,925.4857177734375,90362000,0.0,0.0,yfinance_raw_daily
2011-06-10,1750.0,1750.0,1725.0,1750.0,932.1439208984375,107274000,0.0,0.0,yfinance_raw_daily
2011-06-13,1725.0,1737.5,1712.5,1725.0,918.8275146484375,43116000,0.0,0.0,yfinance_raw_daily
2011-06-14,1737.5,1750.0,1725.0,1737.5,925.4857177734375,93508000,0.0,0.0,yfinance_raw_daily
2011-06-15,1737.5,1762.5,1737.5,1737.5,925.4857177734375,89452000,0.0,0.0,yfinance_raw_daily
2011-06-16,1687.5,1712.5,1675.0,1687.5,914.725830078125,159672000,30.14971,0.0,yfinance_raw_daily
2011-06-17,1700.0,1725.0,1675.0,1700.0,921.5013427734375,104982000,0.0,0.0,yfinance_raw_daily
2011-06-20,1712.5,1725.0,1687.5,1712.5,928.27734375,62898000,0.0,0.0,yfinance_raw_daily
2011-06-21,1737.5,1750.0,1712.5,1737.5,941.828857421875,117296000,0.0,0.0,yfinance_raw_daily
2011-06-22,1762.5,1762.5,1725.0,1762.5,955.3801879882812,74004000,0.0,0.0,yfinance_raw_daily
2011-06-23,1750.0,1762.5,1737.5,1750.0,948.6046142578125,69678000,0.0,0.0,yfinance_raw_daily
2011-06-24,1762.5,1775.0,1725.0,1762.5,955.3801879882812,71970000,0.0,0.0,yfinance_raw_daily
2011-06-27,1762.5,1775.0,1750.0,1762.5,955.3801879882812,75246000,0.0,0.0,yfinance_raw_daily
2011-06-28,1762.5,1775.0,1750.0,1762.5,955.3801879882812,44444000,0.0,0.0,yfinance_raw_daily
2011-06-30,1800.0,1800.0,1762.5,1800.0,975.7075805664062,212514000,0.0,0.0,yfinance_raw_daily
2011-07-01,1825.0,1825.0,1800.0,1825.0,989.259033203125,168476000,0.0,0.0,yfinance_raw_daily
2011-07-04,1825.0,1825.0,1825.0,1825.0,989.259033203125,0,0.0,0.0,yfinance_raw_daily
2011-07-05,1800.0,1825.0,1787.5,1800.0,975.7075805664062,80348000,0.0,0.0,yfinance_raw_daily
2011-07-06,1812.5,1812.5,1787.5,1812.5,982.4833374023438,56692000,0.0,0.0,yfinance_raw_daily
2011-07-07,1837.5,1850.0,1812.5,1837.5,996.0344848632812,133404000,0.0,0.0,yfinance_raw_daily
2011-07-08,1900.0,1925.0,1850.0,1900.0,1029.913330078125,264506000,0.0,0.0,yfinance_raw_daily
2011-07-11,1925.0,1937.5,1900.0,1925.0,1043.46484375,113930000,0.0,0.0,yfinance_raw_daily
2011-07-12,1887.5,1912.5,1875.0,1887.5,1023.1376342773438,99342000,0.0,0.0,yfinance_raw_daily
2011-07-13,1900.0,1900.0,1887.5,1900.0,1029.913330078125,102364000,0.0,0.0,yfinance_raw_daily
2011-07-14,1950.0,1950.0,1900.0,1950.0,1057.0162353515625,109870000,0.0,0.0,yfinance_raw_daily
2011-07-15,1975.0,2000.0,1950.0,1975.0,1070.56787109375,154924000,0.0,0.0,yfinance_raw_daily
2011-07-18,1962.5,1975.0,1937.5,1962.5,1063.792236328125,112922000,0.0,0.0,yfinance_raw_daily
2011-07-19,1912.5,1937.5,1900.0,1912.5,1036.6890869140625,122816000,0.0,0.0,yfinance_raw_daily
2011-07-20,1900.0,1925.0,1875.0,1900.0,1029.913330078125,147348000,0.0,0.0,yfinance_raw_daily
2011-07-21,1887.5,1900.0,1875.0,1887.5,1023.1376342773438,54120000,0.0,0.0,yfinance_raw_daily
2011-07-22,1900.0,1912.5,1887.5,1900.0,1029.913330078125,80884000,0.0,0.0,yfinance_raw_daily
2011-07-25,1925.0,1937.5,1875.0,1925.0,1043.46484375,137620000,0.0,0.0,yfinance_raw_daily
2011-07-26,1962.5,1987.5,1912.5,1962.5,1063.792236328125,125750000,0.0,0.0,yfinance_raw_daily
2011-07-27,2012.5,2037.5,1962.5,2012.5,1090.895263671875,121794000,0.0,0.0,yfinance_raw_daily
2011-07-28,1975.0,2000.0,1962.5,1975.0,1070.56787109375,111238000,0.0,0.0,yfinance_raw_daily
2011-07-29,1962.5,2000.0,1925.0,1962.5,1063.792236328125,87778000,0.0,0.0,yfinance_raw_daily
2011-08-01,2012.5,2012.5,1962.5,2012.5,1090.895263671875,127378000,0.0,0.0,yfinance_raw_daily
2011-08-02,1975.0,2025.0,1950.0,1975.0,1070.56787109375,74740000,0.0,0.0,yfinance_raw_daily
2011-08-03,1912.5,1950.0,1900.0,1912.5,1036.6890869140625,148372000,0.0,0.0,yfinance_raw_daily
2011-08-04,1925.0,1950.0,1887.5,1925.0,1043.46484375,114532000,0.0,0.0,yfinance_raw_daily
2011-08-05,1837.5,1850.0,1775.0,1837.5,996.0344848632812,357224000,0.0,0.0,yfinance_raw_daily
2011-08-08,1837.5,1837.5,1700.0,1837.5,996.0344848632812,318090000,0.0,0.0,yfinance_raw_daily
2011-08-09,1800.0,1875.0,1700.0,1800.0,975.7075805664062,318848000,0.0,0.0,yfinance_raw_daily
2011-08-10,1875.0,1875.0,1825.0,1875.0,1016.3618774414062,200796000,0.0,0.0,yfinance_raw_daily
2011-08-11,1825.0,1850.0,1787.5,1825.0,989.259033203125,232042000,0.0,0.0,yfinance_raw_daily
2011-08-12,1800.0,1850.0,1775.0,1800.0,975.7075805664062,212256000,0.0,0.0,yfinance_raw_daily
2011-08-15,1825.0,1837.5,1787.5,1825.0,989.259033203125,123276000,0.0,0.0,yfinance_raw_daily
2011-08-16,1812.5,1850.0,1812.5,1812.5,982.4833374023438,183544000,0.0,0.0,yfinance_raw_daily
2011-08-18,1837.5,1850.0,1825.0,1837.5,996.0344848632812,155114000,0.0,0.0,yfinance_raw_daily
2011-08-19,1737.5,1812.5,1725.0,1737.5,941.828857421875,251334000,0.0,0.0,yfinance_raw_daily
2011-08-22,1700.0,1750.0,1662.5,1700.0,921.5013427734375,235396000,0.0,0.0,yfinance_raw_daily
2011-08-23,1725.0,1725.0,1675.0,1725.0,935.052978515625,118624000,0.0,0.0,yfinance_raw_daily
2011-08-24,1712.5,1737.5,1700.0,1712.5,928.27734375,100662000,0.0,0.0,yfinance_raw_daily
2011-08-25,1725.0,1737.5,1712.5,1725.0,935.052978515625,47494000,0.0,0.0,yfinance_raw_daily
2011-08-26,1712.5,1725.0,1687.5,1712.5,928.27734375,109488000,0.0,0.0,yfinance_raw_daily
2011-09-05,1712.5,1762.5,1687.5,1712.5,928.27734375,250270000,0.0,0.0,yfinance_raw_daily
2011-09-06,1700.0,1712.5,1675.0,1700.0,921.5013427734375,133624000,0.0,0.0,yfinance_raw_daily
2011-09-07,1775.0,1775.0,1700.0,1775.0,962.15576171875,131706000,0.0,0.0,yfinance_raw_daily
2011-09-08,1800.0,1812.5,1762.5,1800.0,975.7075805664062,170834000,0.0,0.0,yfinance_raw_daily
2011-09-09,1800.0,1825.0,1787.5,1800.0,975.7075805664062,66380000,0.0,0.0,yfinance_raw_daily
2011-09-12,1725.0,1762.5,1712.5,1725.0,935.052978515625,72240000,0.0,0.0,yfinance_raw_daily
2011-09-13,1712.5,1750.0,1687.5,1712.5,928.27734375,130498000,0.0,0.0,yfinance_raw_daily
2011-09-14,1612.5,1737.5,1600.0,1612.5,874.0713500976562,319996000,0.0,0.0,yfinance_raw_daily
2011-09-15,1587.5,1650.0,1537.5,1587.5,860.5198364257812,374908000,0.0,0.0,yfinance_raw_daily
2011-09-16,1662.5,1675.0,1587.5,1662.5,901.1742553710938,189240000,0.0,0.0,yfinance_raw_daily
2011-09-19,1587.5,1650.0,1575.0,1587.5,860.5198364257812,148766000,0.0,0.0,yfinance_raw_daily
2011-09-20,1575.0,1587.5,1525.0,1575.0,853.744140625,254226000,0.0,0.0,yfinance_raw_daily
2011-09-21,1550.0,1575.0,1537.5,1550.0,840.192626953125,158884000,0.0,0.0,yfinance_raw_daily
2011-09-22,1325.0,1500.0,1325.0,1325.0,718.2291259765625,621956000,0.0,0.0,yfinance_raw_daily
2011-09-23,1400.0,1425.0,1275.0,1400.0,758.883544921875,297904000,0.0,0.0,yfinance_raw_daily
2011-09-26,1375.0,1437.5,1325.0,1375.0,745.3321533203125,356050000,0.0,0.0,yfinance_raw_daily
2011-09-27,1487.5,1512.5,1425.0,1487.5,806.3139038085938,342592000,0.0,0.0,yfinance_raw_daily
2011-09-28,1550.0,1562.5,1450.0,1550.0,840.192626953125,243296000,0.0,0.0,yfinance_raw_daily
2011-09-29,1612.5,1625.0,1512.5,1612.5,874.0713500976562,196364000,0.0,0.0,yfinance_raw_daily
2011-09-30,1575.0,1637.5,1525.0,1575.0,853.744140625,175722000,0.0,0.0,yfinance_raw_daily
2011-10-03,1437.5,1537.5,1425.0,1437.5,779.2109375,262414000,0.0,0.0,yfinance_raw_daily
2011-10-04,1387.5,1450.0,1375.0,1387.5,752.10791015625,229678000,0.0,0.0,yfinance_raw_daily
2011-10-05,1412.5,1425.0,1387.5,1412.5,765.6593627929688,136972000,0.0,0.0,yfinance_raw_daily
2011-10-06,1512.5,1525.0,1437.5,1512.5,819.8653564453125,321610000,0.0,0.0,yfinance_raw_daily
2011-10-07,1500.0,1575.0,1487.5,1500.0,813.089599609375,217104000,0.0,0.0,yfinance_raw_daily
2011-10-10,1562.5,1562.5,1487.5,1562.5,846.9682006835938,105504000,0.0,0.0,yfinance_raw_daily
2011-10-11,1612.5,1637.5,1600.0,1612.5,874.0713500976562,221116000,0.0,0.0,yfinance_raw_daily
2011-10-12,1662.5,1662.5,1612.5,1662.5,901.1742553710938,181582000,0.0,0.0,yfinance_raw_daily
2011-10-13,1662.5,1700.0,1650.0,1662.5,901.1742553710938,167560000,0.0,0.0,yfinance_raw_daily
2011-10-14,1650.0,1687.5,1637.5,1650.0,894.3985595703125,69786000,0.0,0.0,yfinance_raw_daily
2011-10-17,1687.5,1700.0,1675.0,1687.5,914.725830078125,97824000,0.0,0.0,yfinance_raw_daily
2011-10-18,1600.0,1650.0,1575.0,1600.0,867.2955932617188,161532000,0.0,0.0,yfinance_raw_daily
2011-10-19,1650.0,1662.5,1625.0,1650.0,894.3985595703125,142872000,0.0,0.0,yfinance_raw_daily
2011-10-20,1600.0,1650.0,1575.0,1600.0,867.2955932617188,96424000,0.0,0.0,yfinance_raw_daily
2011-10-21,1612.5,1625.0,1575.0,1612.5,874.0713500976562,88630000,0.0,0.0,yfinance_raw_daily
2011-10-24,1725.0,1725.0,1650.0,1725.0,935.052978515625,262158000,0.0,0.0,yfinance_raw_daily
2011-10-25,1700.0,1737.5,1675.0,1700.0,921.5013427734375,166610000,0.0,0.0,yfinance_raw_daily
2011-10-26,1712.5,1725.0,1662.5,1712.5,928.27734375,103664000,0.0,0.0,yfinance_raw_daily
2011-10-27,1787.5,1787.5,1712.5,1787.5,968.931640625,311728000,0.0,0.0,yfinance_raw_daily
2011-10-28,1800.0,1825.0,1775.0,1800.0,975.7075805664062,121272000,0.0,0.0,yfinance_raw_daily
2011-10-31,1787.5,1812.5,1762.5,1787.5,968.931640625,61520000,0.0,0.0,yfinance_raw_daily
2011-11-01,1700.0,1800.0,1700.0,1700.0,921.5013427734375,107020000,0.0,0.0,yfinance_raw_daily
2011-11-02,1775.0,1775.0,1637.5,1775.0,962.15576171875,170550000,0.0,0.0,yfinance_raw_daily
2011-11-03,1725.0,1750.0,1700.0,1725.0,935.052978515625,131896000,0.0,0.0,yfinance_raw_daily
2011-11-04,1800.0,1812.5,1762.5,1800.0,975.7075805664062,224756000,0.0,0.0,yfinance_raw_daily
2011-11-07,1800.0,1812.5,1787.5,1800.0,975.7075805664062,48128000,0.0,0.0,yfinance_raw_daily
2011-11-08,1812.5,1825.0,1787.5,1812.5,982.4833374023438,50784000,0.0,0.0,yfinance_raw_daily
2011-11-09,1850.0,1850.0,1800.0,1850.0,1002.8103637695312,272700000,0.0,0.0,yfinance_raw_daily
2011-11-10,1787.5,1800.0,1762.5,1787.5,968.931640625,150672000,0.0,0.0,yfinance_raw_daily
2011-11-11,1787.5,1800.0,1775.0,1787.5,968.931640625,52110000,0.0,0.0,yfinance_raw_daily
2011-11-14,1825.0,1825.0,1800.0,1825.0,989.259033203125,109126000,0.0,0.0,yfinance_raw_daily
2011-11-15,1787.5,1812.5,1775.0,1787.5,968.931640625,98484000,0.0,0.0,yfinance_raw_daily
2011-11-16,1775.0,1787.5,1737.5,1775.0,962.15576171875,183398000,0.0,0.0,yfinance_raw_daily
2011-11-17,1750.0,1762.5,1737.5,1750.0,948.6046142578125,79648000,0.0,0.0,yfinance_raw_daily
2011-11-18,1700.0,1725.0,1687.5,1700.0,921.5013427734375,190088000,0.0,0.0,yfinance_raw_daily
2011-11-21,1637.5,1675.0,1612.5,1637.5,887.6226806640625,213606000,0.0,0.0,yfinance_raw_daily
2011-11-22,1700.0,1700.0,1625.0,1700.0,921.5013427734375,187050000,0.0,0.0,yfinance_raw_daily
2011-11-23,1662.5,1675.0,1637.5,1662.5,901.1742553710938,143220000,0.0,0.0,yfinance_raw_daily
2011-11-24,1675.0,1675.0,1625.0,1675.0,907.9500122070312,195352000,0.0,0.0,yfinance_raw_daily
2011-11-25,1612.5,1650.0,1600.0,1612.5,874.0713500976562,178982000,0.0,0.0,yfinance_raw_daily
2011-11-28,1600.0,1650.0,1575.0,1600.0,867.2955932617188,229610000,0.0,0.0,yfinance_raw_daily
2011-11-29,1637.5,1637.5,1600.0,1637.5,887.6226806640625,160424000,0.0,0.0,yfinance_raw_daily
2011-11-30,1600.0,1650.0,1587.5,1600.0,867.2955932617188,156862000,0.0,0.0,yfinance_raw_daily
2011-12-01,1600.0,1600.0,1600.0,1600.0,867.2955932617188,0,0.0,0.0,yfinance_raw_daily
2011-12-02,1675.0,1675.0,1637.5,1675.0,907.9500122070312,69344000,0.0,0.0,yfinance_raw_daily
2011-12-05,1675.0,1687.5,1662.5,1675.0,907.9500122070312,109838000,0.0,0.0,yfinance_raw_daily
2011-12-06,1650.0,1675.0,1625.0,1650.0,894.3985595703125,135832000,0.0,0.0,yfinance_raw_daily
2011-12-07,1675.0,1675.0,1637.5,1675.0,907.9500122070312,124994000,0.0,0.0,yfinance_raw_daily
2011-12-08,1662.5,1675.0,1637.5,1662.5,901.1742553710938,97252000,0.0,0.0,yfinance_raw_daily
2011-12-09,1650.0,1650.0,1612.5,1650.0,894.3985595703125,128002000,0.0,0.0,yfinance_raw_daily
2011-12-12,1650.0,1675.0,1637.5,1650.0,894.3985595703125,117784000,0.0,0.0,yfinance_raw_daily
2011-12-13,1625.0,1650.0,1612.5,1625.0,880.8471069335938,99904000,0.0,0.0,yfinance_raw_daily
2011-12-14,1612.5,1637.5,1600.0,1612.5,874.0713500976562,57108000,0.0,0.0,yfinance_raw_daily
2011-12-15,1612.5,1612.5,1550.0,1612.5,874.0713500976562,151492000,0.0,0.0,yfinance_raw_daily
2011-12-16,1675.0,1687.5,1625.0,1675.0,907.9500122070312,269764000,0.0,0.0,yfinance_raw_daily
2011-12-19,1675.0,1675.0,1675.0,1675.0,907.9500122070312,0,0.0,0.0,yfinance_raw_daily
2011-12-20,1712.5,1725.0,1687.5,1712.5,928.27734375,119386000,0.0,0.0,yfinance_raw_daily
2011-12-21,1712.5,1750.0,1700.0,1712.5,928.27734375,135358000,0.0,0.0,yfinance_raw_daily
2011-12-22,1687.5,1712.5,1675.0,1687.5,914.725830078125,55388000,0.0,0.0,yfinance_raw_daily
2011-12-23,1700.0,1700.0,1662.5,1700.0,921.5013427734375,63326000,0.0,0.0,yfinance_raw_daily
2011-12-27,1687.5,1700.0,1675.0,1687.5,914.725830078125,29122000,0.0,0.0,yfinance_raw_daily
2011-12-28,1650.0,1687.5,1637.5,1650.0,894.3985595703125,47962000,0.0,0.0,yfinance_raw_daily
2011-12-29,1675.0,1700.0,1625.0,1675.0,907.9500122070312,75836000,0.0,0.0,yfinance_raw_daily
2011-12-30,1687.5,1700.0,1662.5,1687.5,914.725830078125,67870000,0.0,0.0,yfinance_raw_daily
2012-01-02,1675.0,1687.5,1662.5,1675.0,907.9500122070312,20576000,0.0,0.0,yfinance_raw_daily
2012-01-03,1700.0,1700.0,1675.0,1700.0,921.5013427734375,88456000,0.0,0.0,yfinance_raw_daily
2012-01-04,1712.5,1725.0,1700.0,1712.5,928.27734375,157654000,0.0,0.0,yfinance_raw_daily
2012-01-05,1687.5,1712.5,1687.5,1687.5,914.725830078125,81464000,0.0,0.0,yfinance_raw_daily
2012-01-06,1675.0,1700.0,1662.5,1675.0,907.9500122070312,55242000,0.0,0.0,yfinance_raw_daily
2012-01-09,1675.0,1675.0,1650.0,1675.0,907.9500122070312,80856000,0.0,0.0,yfinance_raw_daily
2012-01-10,1712.5,1725.0,1675.0,1712.5,928.27734375,153398000,0.0,0.0,yfinance_raw_daily
2012-01-11,1712.5,1725.0,1700.0,1712.5,928.27734375,98174000,0.0,0.0,yfinance_raw_daily
2012-01-12,1700.0,1712.5,1687.5,1700.0,921.5013427734375,101036000,0.0,0.0,yfinance_raw_daily
2012-01-13,1712.5,1712.5,1687.5,1712.5,928.27734375,12,0.0,0.0,yfinance_raw_daily
2012-01-16,1675.0,1700.0,1675.0,1675.0,907.9500122070312,69254000,0.0,0.0,yfinance_raw_daily
2012-01-17,1700.0,1700.0,1675.0,1700.0,921.5013427734375,101060000,0.0,0.0,yfinance_raw_daily
2012-01-18,1737.5,1737.5,1687.5,1737.5,941.828857421875,318012000,0.0,0.0,yfinance_raw_daily
2012-01-19,1775.0,1775.0,1750.0,1775.0,962.15576171875,214506000,0.0,0.0,yfinance_raw_daily
2012-01-20,1762.5,1787.5,1750.0,1762.5,955.3801879882812,155028000,0.0,0.0,yfinance_raw_daily
2012-01-24,1762.5,1775.0,1750.0,1762.5,955.3801879882812,56778000,0.0,0.0,yfinance_raw_daily
2012-01-25,1737.5,1762.5,1725.0,1737.5,941.828857421875,86000000,0.0,0.0,yfinance_raw_daily
2012-01-26,1737.5,1750.0,1725.0,1737.5,941.828857421875,55824000,0.0,0.0,yfinance_raw_daily
2012-01-27,1712.5,1737.5,1700.0,1712.5,928.27734375,224142000,0.0,0.0,yfinance_raw_daily
2012-01-30,1662.5,1712.5,1650.0,1662.5,901.1742553710938,253748000,0.0,0.0,yfinance_raw_daily
2012-01-31,1675.0,1687.5,1650.0,1675.0,907.9500122070312,152764000,0.0,0.0,yfinance_raw_daily
2012-02-01,1687.5,1687.5,1650.0,1687.5,914.725830078125,130686000,0.0,0.0,yfinance_raw_daily
2012-02-02,1662.5,1687.5,1650.0,1662.5,901.1742553710938,316664000,0.0,0.0,yfinance_raw_daily
2012-02-03,1637.5,1662.5,1625.0,1637.5,887.6226806640625,199068000,0.0,0.0,yfinance_raw_daily
2012-02-06,1600.0,1650.0,1587.5,1600.0,867.2955932617188,390820000,0.0,0.0,yfinance_raw_daily
2012-02-07,1600.0,1612.5,1562.5,1600.0,867.2955932617188,509792000,0.0,0.0,yfinance_raw_daily
2012-02-08,1600.0,1625.0,1587.5,1600.0,867.2955932617188,623440000,0.0,0.0,yfinance_raw_daily
2012-02-09,1575.0,1612.5,1575.0,1575.0,853.744140625,336542000,0.0,0.0,yfinance_raw_daily
2012-02-10,1537.5,1587.5,1500.0,1537.5,833.4168701171875,534820000,0.0,0.0,yfinance_raw_daily
2012-02-13,1587.5,1587.5,1525.0,1587.5,860.5198364257812,216596000,0.0,0.0,yfinance_raw_daily
2012-02-14,1562.5,1575.0,1550.0,1562.5,846.9682006835938,171738000,0.0,0.0,yfinance_raw_daily
2012-02-15,1550.0,1575.0,1537.5,1550.0,840.192626953125,155344000,0.0,0.0,yfinance_raw_daily
2012-02-16,1562.5,1575.0,1537.5,1562.5,846.9682006835938,179946000,0.0,0.0,yfinance_raw_daily
2012-02-17,1587.5,1600.0,1562.5,1587.5,860.5198364257812,115016000,0.0,0.0,yfinance_raw_daily
2012-02-20,1600.0,1612.5,1575.0,1600.0,867.2955932617188,136918000,0.0,0.0,yfinance_raw_daily
2012-02-21,1612.5,1625.0,1587.5,1612.5,874.0713500976562,189596000,0.0,0.0,yfinance_raw_daily
2012-02-22,1612.5,1612.5,1600.0,1612.5,874.0713500976562,95554000,0.0,0.0,yfinance_raw_daily
2012-02-23,1575.0,1612.5,1575.0,1575.0,853.744140625,132310000,0.0,0.0,yfinance_raw_daily
2012-02-24,1525.0,1575.0,1512.5,1525.0,826.6412353515625,311540000,0.0,0.0,yfinance_raw_daily
2012-02-27,1512.5,1525.0,1500.0,1512.5,819.8653564453125,204518000,0.0,0.0,yfinance_raw_daily
2012-02-28,1562.5,1575.0,1500.0,1562.5,846.9682006835938,171576000,0.0,0.0,yfinance_raw_daily
2012-02-29,1612.5,1612.5,1562.5,1612.5,874.0713500976562,238236000,0.0,0.0,yfinance_raw_daily
2012-03-01,1587.5,1612.5,1587.5,1587.5,860.5198364257812,83688000,0.0,0.0,yfinance_raw_daily
2012-03-02,1625.0,1625.0,1587.5,1625.0,880.8471069335938,133378000,0.0,0.0,yfinance_raw_daily
2012-03-05,1625.0,1625.0,1600.0,1625.0,880.8471069335938,141866000,0.0,0.0,yfinance_raw_daily
2012-03-06,1625.0,1625.0,1600.0,1625.0,880.8471069335938,159860000,0.0,0.0,yfinance_raw_daily
2012-03-07,1600.0,1612.5,1587.5,1600.0,867.2955932617188,107660000,0.0,0.0,yfinance_raw_daily
2012-03-08,1637.5,1650.0,1612.5,1637.5,887.6226806640625,335230000,0.0,0.0,yfinance_raw_daily
2012-03-09,1675.0,1675.0,1650.0,1650.0,894.3985595703125,8,0.0,0.0,yfinance_raw_daily
2012-03-12,1675.0,1675.0,1662.5,1675.0,907.9500122070312,181608000,0.0,0.0,yfinance_raw_daily
2012-03-13,1687.5,1687.5,1662.5,1687.5,914.725830078125,231880000,0.0,0.0,yfinance_raw_daily
2012-03-14,1712.5,1725.0,1687.5,1712.5,928.27734375,316392000,0.0,0.0,yfinance_raw_daily
2012-03-15,1700.0,1725.0,1687.5,1700.0,921.5013427734375,100206000,0.0,0.0,yfinance_raw_daily
2012-03-16,1725.0,1725.0,1687.5,1725.0,935.052978515625,115342000,0.0,0.0,yfinance_raw_daily
2012-03-19,1725.0,1737.5,1712.5,1725.0,935.052978515625,115592000,0.0,0.0,yfinance_raw_daily
2012-03-20,1725.0,1737.5,1712.5,1725.0,935.052978515625,107660000,0.0,0.0,yfinance_raw_daily
2012-03-21,1725.0,1737.5,1712.5,1725.0,935.052978515625,53032000,0.0,0.0,yfinance_raw_daily
2012-03-22,1712.5,1725.0,1700.0,1712.5,928.27734375,56508000,0.0,0.0,yfinance_raw_daily
2012-03-26,1687.5,1725.0,1662.5,1687.5,914.725830078125,85886000,0.0,0.0,yfinance_raw_daily
2012-03-27,1675.0,1687.5,1662.5,1675.0,907.9500122070312,126050000,0.0,0.0,yfinance_raw_daily
2012-03-28,1712.5,1725.0,1662.5,1712.5,928.27734375,185368000,0.0,0.0,yfinance_raw_daily
2012-03-29,1700.0,1712.5,1675.0,1700.0,921.5013427734375,119652000,0.0,0.0,yfinance_raw_daily
2012-03-30,1712.5,1737.5,1700.0,1712.5,928.27734375,175820000,0.0,0.0,yfinance_raw_daily
2012-04-02,1737.5,1737.5,1700.0,1737.5,941.828857421875,218148000,0.0,0.0,yfinance_raw_daily
2012-04-03,1737.5,1737.5,1737.5,1737.5,941.828857421875,0,0.0,0.0,yfinance_raw_daily
2012-04-04,1737.5,1762.5,1725.0,1737.5,941.828857421875,75018000,0.0,0.0,yfinance_raw_daily
2012-04-05,1762.5,1762.5,1725.0,1762.5,955.3801879882812,68012000,0.0,0.0,yfinance_raw_daily
2012-04-09,1737.5,1750.0,1725.0,1737.5,941.828857421875,63572000,0.0,0.0,yfinance_raw_daily
2012-04-10,1725.0,1750.0,1725.0,1725.0,935.052978515625,46020000,0.0,0.0,yfinance_raw_daily
2012-04-11,1737.5,1762.5,1712.5,1737.5,941.828857421875,107388000,0.0,0.0,yfinance_raw_daily
2012-04-12,1737.5,1750.0,1725.0,1737.5,941.828857421875,90252000,0.0,0.0,yfinance_raw_daily
2012-04-13,1750.0,1775.0,1737.5,1750.0,948.6046142578125,115154000,0.0,0.0,yfinance_raw_daily
2012-04-16,1737.5,1762.5,1725.0,1737.5,941.828857421875,38452000,0.0,0.0,yfinance_raw_daily
2012-04-17,1762.5,1762.5,1737.5,1762.5,955.3801879882812,98274000,0.0,0.0,yfinance_raw_daily
2012-04-18,1775.0,1775.0,1750.0,1775.0,962.15576171875,122790000,0.0,0.0,yfinance_raw_daily
2012-04-19,1762.5,1775.0,1750.0,1762.5,955.3801879882812,32544000,0.0,0.0,yfinance_raw_daily
2012-04-20,1787.5,1787.5,1762.5,1787.5,968.931640625,121880000,0.0,0.0,yfinance_raw_daily
2012-04-23,1737.5,1787.5,1737.5,1737.5,941.828857421875,30148000,0.0,0.0,yfinance_raw_daily
2012-04-24,1762.5,1775.0,1737.5,1762.5,955.3801879882812,56380000,0.0,0.0,yfinance_raw_daily
2012-04-25,1750.0,1787.5,1750.0,1750.0,948.6046142578125,89700000,0.0,0.0,yfinance_raw_daily
2012-04-26,1825.0,1837.5,1762.5,1825.0,989.259033203125,329282000,0.0,0.0,yfinance_raw_daily
2012-04-27,1825.0,1837.5,1800.0,1825.0,989.259033203125,65398000,0.0,0.0,yfinance_raw_daily
2012-04-30,1850.0,1850.0,1812.5,1850.0,1002.8103637695312,185266000,0.0,0.0,yfinance_raw_daily
2012-05-01,1850.0,1862.5,1837.5,1850.0,1002.8103637695312,109770000,0.0,0.0,yfinance_raw_daily
2012-05-02,1850.0,1862.5,1837.5,1850.0,1002.8103637695312,104584000,0.0,0.0,yfinance_raw_daily
2012-05-03,1812.5,1850.0,1787.5,1812.5,982.4833374023438,78770000,0.0,0.0,yfinance_raw_daily
2012-05-04,1837.5,1862.5,1825.0,1837.5,996.0344848632812,69772000,0.0,0.0,yfinance_raw_daily
2012-05-07,1787.5,1837.5,1787.5,1787.5,968.931640625,91148000,0.0,0.0,yfinance_raw_daily
2012-05-08,1812.5,1825.0,1800.0,1812.5,982.4833374023438,68952000,0.0,0.0,yfinance_raw_daily
2012-05-09,1800.0,1812.5,1775.0,1800.0,975.7075805664062,129510000,0.0,0.0,yfinance_raw_daily
2012-05-10,1812.5,1825.0,1787.5,1812.5,982.4833374023438,55656000,0.0,0.0,yfinance_raw_daily
2012-05-11,1800.0,1812.5,1787.5,1800.0,975.7075805664062,50144000,0.0,0.0,yfinance_raw_daily
2012-05-14,1800.0,1825.0,1800.0,1800.0,975.7075805664062,75928000,0.0,0.0,yfinance_raw_daily
2012-05-15,1787.5,1812.5,1775.0,1787.5,968.931640625,142510000,0.0,0.0,yfinance_raw_daily
2012-05-16,1775.0,1775.0,1737.5,1775.0,976.4915771484375,101772000,26.241524,0.0,yfinance_raw_daily
2012-05-21,1737.5,1775.0,1737.5,1737.5,955.8613891601562,152474000,0.0,0.0,yfinance_raw_daily
2012-05-22,1787.5,1800.0,1762.5,1787.5,983.3681030273438,72610000,0.0,0.0,yfinance_raw_daily
2012-05-23,1762.5,1775.0,1737.5,1762.5,969.61474609375,98926000,0.0,0.0,yfinance_raw_daily
2012-05-24,1775.0,1775.0,1750.0,1775.0,976.4915771484375,31074000,0.0,0.0,yfinance_raw_daily
2012-05-25,1725.0,1762.5,1687.5,1725.0,948.9845581054688,186808000,0.0,0.0,yfinance_raw_daily
2012-05-28,1762.5,1800.0,1662.5,1762.5,969.61474609375,59798000,0.0,0.0,yfinance_raw_daily
2012-05-29,1725.0,1762.5,1725.0,1725.0,948.9845581054688,46608000,0.0,0.0,yfinance_raw_daily
2012-05-30,1762.5,1775.0,1712.5,1762.5,969.61474609375,59206000,0.0,0.0,yfinance_raw_daily
2012-05-31,1725.0,1737.5,1700.0,1725.0,948.9845581054688,116730000,0.0,0.0,yfinance_raw_daily
2012-06-01,1725.0,1737.5,1712.5,1725.0,948.9845581054688,55894000,0.0,0.0,yfinance_raw_daily
2012-06-04,1650.0,1687.5,1637.5,1650.0,907.7245483398438,144560000,0.0,0.0,yfinance_raw_daily
2012-06-05,1662.5,1700.0,1650.0,1662.5,914.6011962890625,46436000,0.0,0.0,yfinance_raw_daily
2012-06-06,1725.0,1737.5,1700.0,1725.0,948.9845581054688,60230000,0.0,0.0,yfinance_raw_daily
2012-06-07,1725.0,1775.0,1712.5,1725.0,948.9845581054688,73322000,0.0,0.0,yfinance_raw_daily
2012-06-08,1737.5,1750.0,1687.5,1737.5,955.8613891601562,45112000,0.0,0.0,yfinance_raw_daily
2012-06-11,1750.0,1762.5,1737.5,1750.0,962.738037109375,35418000,0.0,0.0,yfinance_raw_daily
2012-06-12,1737.5,1750.0,1712.5,1737.5,955.8613891601562,21304000,0.0,0.0,yfinance_raw_daily
2012-06-13,1750.0,1762.5,1737.5,1750.0,962.738037109375,36798000,0.0,0.0,yfinance_raw_daily
2012-06-14,1700.0,1750.0,1687.5,1700.0,935.2312622070312,59076000,0.0,0.0,yfinance_raw_daily
2012-06-15,1750.0,1750.0,1700.0,1750.0,962.738037109375,34414000,0.0,0.0,yfinance_raw_daily
2012-06-18,1775.0,1800.0,1737.5,1775.0,976.4915771484375,81260000,0.0,0.0,yfinance_raw_daily
2012-06-19,1787.5,1800.0,1737.5,1787.5,983.3681030273438,44946000,0.0,0.0,yfinance_raw_daily
2012-06-20,1812.5,1812.5,1775.0,1812.5,997.12158203125,33010000,0.0,0.0,yfinance_raw_daily
2012-06-21,1812.5,1837.5,1787.5,1812.5,997.12158203125,70396000,0.0,0.0,yfinance_raw_daily
2012-06-22,1800.0,1800.0,1762.5,1800.0,990.244873046875,63514000,0.0,0.0,yfinance_raw_daily
2012-06-25,1800.0,1812.5,1750.0,1750.0,962.738037109375,43656000,0.0,0.0,yfinance_raw_daily
2012-06-26,1750.0,1775.0,1737.5,1737.5,955.8613891601562,43266000,0.0,0.0,yfinance_raw_daily
2012-06-27,1737.5,1812.5,1750.0,1787.5,983.3681030273438,147424000,0.0,0.0,yfinance_raw_daily
2012-06-28,1787.5,1812.5,1775.0,1775.0,976.4915771484375,86218000,0.0,0.0,yfinance_raw_daily
2012-06-29,1775.0,1825.0,1787.5,1800.0,990.244873046875,143476000,0.0,0.0,yfinance_raw_daily
2012-07-02,1812.5,1850.0,1812.5,1812.5,997.12158203125,116884000,0.0,0.0,yfinance_raw_daily
2012-07-03,1837.5,1850.0,1800.0,1837.5,1010.8751220703125,59330000,0.0,0.0,yfinance_raw_daily
2012-07-04,1837.5,1850.0,1825.0,1837.5,1010.8751220703125,57796000,0.0,0.0,yfinance_raw_daily
2012-07-05,1800.0,1837.5,1800.0,1800.0,990.244873046875,36462000,0.0,0.0,yfinance_raw_daily
2012-07-06,1775.0,1787.5,1750.0,1775.0,976.4915771484375,120330000,0.0,0.0,yfinance_raw_daily
2012-07-09,1725.0,1750.0,1712.5,1725.0,948.9845581054688,126480000,0.0,0.0,yfinance_raw_daily
2012-07-10,1737.5,1750.0,1725.0,1737.5,955.8613891601562,96092000,0.0,0.0,yfinance_raw_daily
2012-07-11,1762.5,1775.0,1725.0,1762.5,969.61474609375,89474000,0.0,0.0,yfinance_raw_daily
2012-07-12,1762.5,1762.5,1737.5,1762.5,969.61474609375,105400000,0.0,0.0,yfinance_raw_daily
2012-07-13,1775.0,1775.0,1737.5,1775.0,976.4915771484375,56926000,0.0,0.0,yfinance_raw_daily
2012-07-16,1775.0,1800.0,1775.0,1775.0,976.4915771484375,74170000,0.0,0.0,yfinance_raw_daily
2012-07-17,1812.5,1812.5,1787.5,1812.5,997.12158203125,26128000,0.0,0.0,yfinance_raw_daily
2012-07-18,1850.0,1850.0,1800.0,1850.0,1017.7515869140625,81694000,0.0,0.0,yfinance_raw_daily
2012-07-19,1900.0,1900.0,1837.5,1900.0,1045.2584228515625,216376000,0.0,0.0,yfinance_raw_daily
2012-07-20,1925.0,1937.5,1900.0,1925.0,1059.0118408203125,138854000,0.0,0.0,yfinance_raw_daily
2012-07-23,1850.0,1887.5,1837.5,1850.0,1017.7515869140625,59808000,0.0,0.0,yfinance_raw_daily
2012-07-24,1850.0,1887.5,1837.5,1850.0,1017.7515869140625,68678000,0.0,0.0,yfinance_raw_daily
2012-07-25,1875.0,1875.0,1800.0,1875.0,1031.505126953125,56258000,0.0,0.0,yfinance_raw_daily
2012-07-26,1862.5,1862.5,1825.0,1862.5,1024.6282958984375,53822000,0.0,0.0,yfinance_raw_daily
2012-07-27,1912.5,1950.0,1875.0,1912.5,1052.1351318359375,151672000,0.0,0.0,yfinance_raw_daily
2012-07-30,1962.5,1987.5,1950.0,1962.5,1079.641845703125,154062000,0.0,0.0,yfinance_raw_daily
2012-07-31,2075.0,2075.0,1987.5,2075.0,1141.5323486328125,220348000,0.0,0.0,yfinance_raw_daily
2012-08-01,2075.0,2075.0,2025.0,2075.0,1141.5323486328125,81752000,0.0,0.0,yfinance_raw_daily
2012-08-02,2062.5,2112.5,2050.0,2062.5,1134.655517578125,53948000,0.0,0.0,yfinance_raw_daily
2012-08-03,2075.0,2075.0,2012.5,2075.0,1141.5323486328125,56292000,0.0,0.0,yfinance_raw_daily
2012-08-06,2025.0,2087.5,2000.0,2025.0,1114.025634765625,76438000,0.0,0.0,yfinance_raw_daily
2012-08-07,2012.5,2050.0,2012.5,2012.5,1107.148681640625,42818000,0.0,0.0,yfinance_raw_daily
2012-08-08,2000.0,2025.0,1962.5,2000.0,1100.27197265625,49672000,0.0,0.0,yfinance_raw_daily
2012-08-09,2075.0,2075.0,2000.0,2075.0,1141.5323486328125,86606000,0.0,0.0,yfinance_raw_daily
2012-08-10,2087.5,2087.5,2062.5,2087.5,1148.408935546875,50776000,0.0,0.0,yfinance_raw_daily
2012-08-13,2062.5,2100.0,2037.5,2062.5,1134.655517578125,27070000,0.0,0.0,yfinance_raw_daily
2012-08-14,2075.0,2075.0,2025.0,2075.0,1141.5323486328125,27726000,0.0,0.0,yfinance_raw_daily
2012-08-15,2075.0,2075.0,2025.0,2075.0,1141.5323486328125,41008000,0.0,0.0,yfinance_raw_daily
2012-08-16,2087.5,2100.0,2062.5,2087.5,1148.408935546875,44038000,0.0,0.0,yfinance_raw_daily
2012-08-23,2087.5,2150.0,2050.0,2087.5,1148.408935546875,126050000,0.0,0.0,yfinance_raw_daily
2012-08-24,2050.0,2075.0,2025.0,2050.0,1127.77880859375,39022000,0.0,0.0,yfinance_raw_daily
2012-08-27,2050.0,2062.5,2037.5,2050.0,1127.77880859375,7194000,0.0,0.0,yfinance_raw_daily
2012-08-28,2037.5,2050.0,2000.0,2037.5,1120.902099609375,88200000,0.0,0.0,yfinance_raw_daily
2012-08-29,1950.0,2025.0,1937.5,1950.0,1072.76513671875,133384000,0.0,0.0,yfinance_raw_daily
2012-08-30,1862.5,1925.0,1850.0,1862.5,1024.6282958984375,195946000,0.0,0.0,yfinance_raw_daily
2012-08-31,1950.0,1950.0,1837.5,1950.0,1072.76513671875,123922000,0.0,0.0,yfinance_raw_daily
2012-09-03,1975.0,1987.5,1937.5,1975.0,1086.5184326171875,37762000,0.0,0.0,yfinance_raw_daily
2012-09-04,1987.5,2000.0,1975.0,1987.5,1093.3953857421875,48688000,0.0,0.0,yfinance_raw_daily
2012-09-05,1962.5,1975.0,1950.0,1962.5,1079.641845703125,58672000,0.0,0.0,yfinance_raw_daily
2012-09-06,1962.5,1975.0,1950.0,1962.5,1079.641845703125,95790000,0.0,0.0,yfinance_raw_daily
2012-09-07,1975.0,2000.0,1962.5,1975.0,1086.5184326171875,55522000,0.0,0.0,yfinance_raw_daily
2012-09-10,1975.0,1987.5,1950.0,1975.0,1086.5184326171875,60120000,0.0,0.0,yfinance_raw_daily
2012-09-11,1937.5,1975.0,1925.0,1937.5,1065.888427734375,89630000,0.0,0.0,yfinance_raw_daily
2012-09-12,1912.5,1950.0,1900.0,1912.5,1052.1351318359375,148264000,0.0,0.0,yfinance_raw_daily
2012-09-13,1925.0,1937.5,1900.0,1925.0,1059.0118408203125,107748000,0.0,0.0,yfinance_raw_daily
2012-09-14,1987.5,1987.5,1950.0,1987.5,1093.3953857421875,186550000,0.0,0.0,yfinance_raw_daily
2012-09-17,2012.5,2012.5,1987.5,2012.5,1107.148681640625,117310000,0.0,0.0,yfinance_raw_daily
2012-09-18,2012.5,2012.5,2000.0,2012.5,1107.148681640625,57568000,0.0,0.0,yfinance_raw_daily
2012-09-19,2000.0,2012.5,1987.5,2000.0,1100.27197265625,46502000,0.0,0.0,yfinance_raw_daily
2012-09-20,1975.0,1987.5,1962.5,1975.0,1086.5184326171875,63284000,0.0,0.0,yfinance_raw_daily
2012-09-21,1987.5,1987.5,1962.5,1987.5,1093.3953857421875,57360000,0.0,0.0,yfinance_raw_daily
2012-09-24,2000.0,2012.5,1962.5,2000.0,1100.27197265625,80146000,0.0,0.0,yfinance_raw_daily
2012-09-25,2025.0,2025.0,1987.5,2025.0,1114.025634765625,107264000,0.0,0.0,yfinance_raw_daily
2012-09-26,2050.0,2062.5,2025.0,2050.0,1127.77880859375,124964000,0.0,0.0,yfinance_raw_daily
2012-09-27,2062.5,2062.5,2037.5,2062.5,1134.655517578125,56704000,0.0,0.0,yfinance_raw_daily
2012-09-28,2050.0,2075.0,2037.5,2050.0,1127.77880859375,80982000,0.0,0.0,yfinance_raw_daily
2012-10-01,2012.5,2037.5,2012.5,2012.5,1107.148681640625,65874000,0.0,0.0,yfinance_raw_daily
2012-10-02,2012.5,2025.0,2000.0,2012.5,1107.148681640625,70340000,0.0,0.0,yfinance_raw_daily
2012-10-03,2000.0,2037.5,2000.0,2000.0,1100.27197265625,39652000,0.0,0.0,yfinance_raw_daily
2012-10-04,2012.5,2025.0,1987.5,2012.5,1107.148681640625,70804000,0.0,0.0,yfinance_raw_daily
2012-10-05,2025.0,2050.0,2012.5,2025.0,1114.025634765625,57540000,0.0,0.0,yfinance_raw_daily
2012-10-08,2025.0,2050.0,2000.0,2025.0,1114.025634765625,67528000,0.0,0.0,yfinance_raw_daily
2012-10-09,2025.0,2037.5,2000.0,2025.0,1114.025634765625,81076000,0.0,0.0,yfinance_raw_daily
2012-10-10,2025.0,2025.0,2000.0,2025.0,1114.025634765625,65434000,0.0,0.0,yfinance_raw_daily
2012-10-11,1987.5,2025.0,1975.0,1987.5,1093.3953857421875,126612000,0.0,0.0,yfinance_raw_daily
2012-10-12,2025.0,2025.0,1987.5,2025.0,1114.025634765625,52116000,0.0,0.0,yfinance_raw_daily
2012-10-15,2037.5,2037.5,2000.0,2037.5,1120.902099609375,45230000,0.0,0.0,yfinance_raw_daily
2012-10-16,2050.0,2050.0,2025.0,2050.0,1127.77880859375,119740000,0.0,0.0,yfinance_raw_daily
2012-10-17,2050.0,2075.0,2025.0,2050.0,1127.77880859375,102842000,0.0,0.0,yfinance_raw_daily
2012-10-18,2037.5,2062.5,2037.5,2037.5,1120.902099609375,33096000,0.0,0.0,yfinance_raw_daily
2012-10-19,2012.5,2062.5,2012.5,2012.5,1107.148681640625,70504000,0.0,0.0,yfinance_raw_daily
2012-10-22,2050.0,2050.0,2000.0,2050.0,1127.77880859375,86476000,0.0,0.0,yfinance_raw_daily
2012-10-23,2025.0,2062.5,2025.0,2025.0,1114.025634765625,34412000,0.0,0.0,yfinance_raw_daily
2012-10-24,2012.5,2050.0,2012.5,2012.5,1107.148681640625,48800000,0.0,0.0,yfinance_raw_daily
2012-10-25,2050.0,2050.0,2025.0,2050.0,1127.77880859375,75196000,0.0,0.0,yfinance_raw_daily
2012-10-29,2050.0,2062.5,2037.5,2050.0,1127.77880859375,91962000,0.0,0.0,yfinance_raw_daily
2012-10-30,2100.0,2100.0,2062.5,2100.0,1155.2855224609375,136006000,0.0,0.0,yfinance_raw_daily
2012-10-31,2062.5,2100.0,2062.5,2062.5,1134.655517578125,82768000,0.0,0.0,yfinance_raw_daily
2012-11-01,2075.0,2087.5,2037.5,2075.0,1141.5323486328125,110136000,0.0,0.0,yfinance_raw_daily
2012-11-02,2100.0,2100.0,2075.0,2100.0,1155.2855224609375,65220000,0.0,0.0,yfinance_raw_daily
2012-11-05,2100.0,2112.5,2075.0,2100.0,1155.2855224609375,63686000,0.0,0.0,yfinance_raw_daily
2012-11-06,2100.0,2112.5,2087.5,2100.0,1155.2855224609375,48156000,0.0,0.0,yfinance_raw_daily
2012-11-07,2137.5,2137.5,2112.5,2137.5,1175.915771484375,53476000,0.0,0.0,yfinance_raw_daily
2012-11-08,2112.5,2137.5,2100.0,2112.5,1162.162353515625,60112000,0.0,0.0,yfinance_raw_daily
2012-11-09,2150.0,2150.0,2100.0,2150.0,1182.7926025390625,40970000,0.0,0.0,yfinance_raw_daily
2012-11-12,2137.5,2175.0,2137.5,2137.5,1175.915771484375,40376000,0.0,0.0,yfinance_raw_daily
2012-11-13,2112.5,2137.5,2100.0,2112.5,1162.162353515625,28250000,0.0,0.0,yfinance_raw_daily
2012-11-14,2175.0,2187.5,2125.0,2175.0,1196.5458984375,84904000,0.0,0.0,yfinance_raw_daily
2012-11-19,2125.0,2162.5,2125.0,2125.0,1169.0390625,79774000,0.0,0.0,yfinance_raw_daily
2012-11-20,2125.0,2150.0,2112.5,2125.0,1169.0390625,41050000,0.0,0.0,yfinance_raw_daily
2012-11-21,2125.0,2125.0,2100.0,2125.0,1169.0390625,37934000,0.0,0.0,yfinance_raw_daily
2012-11-22,2150.0,2162.5,2112.5,2150.0,1182.7926025390625,23430000,0.0,0.0,yfinance_raw_daily
2012-11-23,2175.0,2187.5,2137.5,2175.0,1196.5458984375,61708000,0.0,0.0,yfinance_raw_daily
2012-11-26,2200.0,2212.5,2175.0,2200.0,1210.2991943359375,38520000,0.0,0.0,yfinance_raw_daily
2012-11-27,2187.5,2225.0,2187.5,2187.5,1203.422607421875,55410000,0.0,0.0,yfinance_raw_daily
2012-11-28,2175.0,2175.0,2125.0,2175.0,1196.5458984375,60422000,0.0,0.0,yfinance_raw_daily
2012-11-29,2175.0,2200.0,2150.0,2175.0,1196.5458984375,30978000,0.0,0.0,yfinance_raw_daily
2012-11-30,2062.5,2175.0,2050.0,2062.5,1134.655517578125,229496000,0.0,0.0,yfinance_raw_daily
2012-12-03,2112.5,2112.5,2075.0,2112.5,1162.162353515625,99170000,0.0,0.0,yfinance_raw_daily
2012-12-04,2037.5,2100.0,2025.0,2037.5,1120.902099609375,171822000,0.0,0.0,yfinance_raw_daily
2012-12-05,2050.0,2062.5,2012.5,2050.0,1127.77880859375,109398000,0.0,0.0,yfinance_raw_daily
2012-12-06,2025.0,2050.0,2012.5,2025.0,1114.025634765625,129972000,0.0,0.0,yfinance_raw_daily
2012-12-07,1987.5,2025.0,1987.5,1987.5,1093.3953857421875,130412000,0.0,0.0,yfinance_raw_daily
2012-12-10,1987.5,2025.0,1975.0,1987.5,1093.3953857421875,172906000,0.0,0.0,yfinance_raw_daily
2012-12-11,2000.0,2025.0,1975.0,2000.0,1100.27197265625,141582000,0.0,0.0,yfinance_raw_daily
2012-12-12,2025.0,2025.0,2000.0,2025.0,1114.025634765625,127144000,0.0,0.0,yfinance_raw_daily
2012-12-13,2000.0,2050.0,2000.0,2000.0,1100.27197265625,138822000,0.0,0.0,yfinance_raw_daily
2012-12-14,2012.5,2025.0,1987.5,2012.5,1107.148681640625,92820000,0.0,0.0,yfinance_raw_daily
2012-12-17,2037.5,2050.0,2000.0,2037.5,1120.902099609375,174648000,0.0,0.0,yfinance_raw_daily
2012-12-18,2025.0,2050.0,2012.5,2025.0,1114.025634765625,138672000,0.0,0.0,yfinance_raw_daily
2012-12-19,2000.0,2037.5,2000.0,2000.0,1100.27197265625,85370000,0.0,0.0,yfinance_raw_daily
2012-12-20,2000.0,2000.0,1975.0,2000.0,1100.27197265625,66674000,0.0,0.0,yfinance_raw_daily
2012-12-21,2000.0,2012.5,1975.0,2000.0,1100.27197265625,96200000,0.0,0.0,yfinance_raw_daily
2012-12-26,2000.0,2000.0,1975.0,2000.0,1100.27197265625,12,0.0,0.0,yfinance_raw_daily
2012-12-27,1950.0,2000.0,1925.0,1950.0,1072.76513671875,84968000,0.0,0.0,yfinance_raw_daily
2012-12-28,2025.0,2025.0,1975.0,2025.0,1114.025634765625,94928000,0.0,0.0,yfinance_raw_daily
2013-01-02,2062.5,2062.5,2000.0,2062.5,1134.655517578125,82538000,0.0,0.0,yfinance_raw_daily
2013-01-03,2050.0,2075.0,2025.0,2050.0,1127.77880859375,99004000,0.0,0.0,yfinance_raw_daily
2013-01-04,2062.5,2075.0,2050.0,2062.5,1134.655517578125,66518000,0.0,0.0,yfinance_raw_daily
2013-01-07,2050.0,2075.0,2050.0,2050.0,1127.77880859375,96426000,0.0,0.0,yfinance_raw_daily
2013-01-08,2087.5,2087.5,2050.0,2087.5,1148.408935546875,109928000,0.0,0.0,yfinance_raw_daily
2013-01-09,2062.5,2087.5,2050.0,2062.5,1134.655517578125,128000000,0.0,0.0,yfinance_raw_daily
2013-01-10,2012.5,2075.0,2000.0,2012.5,1107.148681640625,96290000,0.0,0.0,yfinance_raw_daily
2013-01-11,2012.5,2037.5,2012.5,2012.5,1107.148681640625,98830000,0.0,0.0,yfinance_raw_daily
2013-01-14,2100.0,2100.0,2000.0,2100.0,1155.2855224609375,112910000,0.0,0.0,yfinance_raw_daily
2013-01-15,2125.0,2125.0,2087.5,2125.0,1169.0390625,66418000,0.0,0.0,yfinance_raw_daily
2013-01-16,2150.0,2162.5,2112.5,2150.0,1182.7926025390625,102826000,0.0,0.0,yfinance_raw_daily
2013-01-17,2150.0,2162.5,2137.5,2150.0,1182.7926025390625,52852000,0.0,0.0,yfinance_raw_daily
2013-01-18,2175.0,2175.0,2125.0,2175.0,1196.5458984375,80682000,0.0,0.0,yfinance_raw_daily
2013-01-21,2137.5,2175.0,2125.0,2137.5,1175.915771484375,30432000,0.0,0.0,yfinance_raw_daily
2013-01-22,2100.0,2125.0,2087.5,2100.0,1155.2855224609375,69916000,0.0,0.0,yfinance_raw_daily
2013-01-23,2112.5,2125.0,2087.5,2112.5,1162.162353515625,40632000,0.0,0.0,yfinance_raw_daily
2013-01-25,2200.0,2200.0,2112.5,2200.0,1210.2991943359375,118204000,0.0,0.0,yfinance_raw_daily
2013-01-28,2187.5,2200.0,2150.0,2187.5,1203.422607421875,36630000,0.0,0.0,yfinance_raw_daily
2013-01-29,2162.5,2212.5,2162.5,2162.5,1189.6690673828125,57434000,0.0,0.0,yfinance_raw_daily
2013-01-30,2225.0,2225.0,2162.5,2225.0,1224.052490234375,87740000,0.0,0.0,yfinance_raw_daily
2013-01-31,2262.5,2262.5,2212.5,2262.5,1244.682861328125,91058000,0.0,0.0,yfinance_raw_daily
2013-02-01,2250.0,2375.0,2250.0,2250.0,1237.805908203125,107664000,0.0,0.0,yfinance_raw_daily
2013-02-04,2225.0,2325.0,2200.0,2225.0,1224.052490234375,100644000,0.0,0.0,yfinance_raw_daily
2013-02-05,2212.5,2212.5,2175.0,2212.5,1217.176025390625,74578000,0.0,0.0,yfinance_raw_daily
2013-02-06,2200.0,2225.0,2187.5,2200.0,1210.2991943359375,109720000,0.0,0.0,yfinance_raw_daily
2013-02-07,2200.0,2200.0,2175.0,2200.0,1210.2991943359375,76980000,0.0,0.0,yfinance_raw_daily
2013-02-08,2212.5,2225.0,2187.5,2212.5,1217.176025390625,69248000,0.0,0.0,yfinance_raw_daily
2013-02-11,2187.5,2212.5,2187.5,2187.5,1203.422607421875,25884000,0.0,0.0,yfinance_raw_daily
2013-02-12,2237.5,2237.5,2187.5,2237.5,1230.9293212890625,76628000,0.0,0.0,yfinance_raw_daily
2013-02-13,2250.0,2262.5,2225.0,2250.0,1237.805908203125,49966000,0.0,0.0,yfinance_raw_daily
2013-02-14,2275.0,2275.0,2237.5,2275.0,1251.5594482421875,132502000,0.0,0.0,yfinance_raw_daily
2013-02-15,2275.0,2287.5,2250.0,2275.0,1251.5594482421875,80386000,0.0,0.0,yfinance_raw_daily
2013-02-18,2275.0,2287.5,2262.5,2275.0,1251.5594482421875,86732000,0.0,0.0,yfinance_raw_daily
2013-02-19,2275.0,2275.0,2262.5,2275.0,1251.5594482421875,25752000,0.0,0.0,yfinance_raw_daily
2013-02-20,2312.5,2312.5,2275.0,2312.5,1272.189453125,71308000,0.0,0.0,yfinance_raw_daily
2013-02-21,2337.5,2350.0,2300.0,2337.5,1285.943115234375,106938000,0.0,0.0,yfinance_raw_daily
2013-02-22,2387.5,2387.5,2337.5,2387.5,1313.4498291015625,66690000,0.0,0.0,yfinance_raw_daily
2013-02-25,2437.5,2437.5,2375.0,2437.5,1340.95654296875,120054000,0.0,0.0,yfinance_raw_daily
2013-02-26,2425.0,2450.0,2362.5,2425.0,1334.07958984375,123720000,0.0,0.0,yfinance_raw_daily
2013-02-27,2475.0,2500.0,2425.0,2475.0,1361.5867919921875,84526000,0.0,0.0,yfinance_raw_daily
2013-02-28,2512.5,2537.5,2462.5,2512.5,1382.216796875,111834000,0.0,0.0,yfinance_raw_daily
2013-03-01,2475.0,2500.0,2450.0,2475.0,1361.5867919921875,84632000,0.0,0.0,yfinance_raw_daily
2013-03-04,2475.0,2475.0,2475.0,2475.0,1361.5867919921875,0,0.0,0.0,yfinance_raw_daily
2013-03-05,2387.5,2437.5,2375.0,2387.5,1313.4498291015625,82758000,0.0,0.0,yfinance_raw_daily
2013-03-06,2412.5,2425.0,2387.5,2412.5,1327.2030029296875,100872000,0.0,0.0,yfinance_raw_daily
2013-03-07,2462.5,2462.5,2412.5,2462.5,1354.7099609375,100464000,0.0,0.0,yfinance_raw_daily
2013-03-08,2462.5,2512.5,2450.0,2462.5,1354.7099609375,91376000,0.0,0.0,yfinance_raw_daily
2013-03-11,2487.5,2487.5,2450.0,2487.5,1368.46337890625,67470000,0.0,0.0,yfinance_raw_daily
2013-03-13,2475.0,2487.5,2462.5,2475.0,1361.5867919921875,83068000,0.0,0.0,yfinance_raw_daily
2013-03-14,2475.0,2487.5,2437.5,2462.5,1354.7099609375,107328000,0.0,0.0,yfinance_raw_daily
2013-03-15,2475.0,2500.0,2462.5,2500.0,1375.3402099609375,68158000,0.0,0.0,yfinance_raw_daily
2013-03-18,2500.0,2512.5,2450.0,2475.0,1361.5867919921875,71260000,0.0,0.0,yfinance_raw_daily
2013-03-19,2487.5,2512.5,2475.0,2512.5,1382.216796875,73004000,0.0,0.0,yfinance_raw_daily
2013-03-20,2512.5,2512.5,2462.5,2475.0,1361.5867919921875,90398000,0.0,0.0,yfinance_raw_daily
2013-03-21,2475.0,2512.5,2387.5,2400.0,1320.326416015625,153634000,0.0,0.0,yfinance_raw_daily
2013-03-22,2412.5,2425.0,2362.5,2387.5,1313.4498291015625,152580000,0.0,0.0,yfinance_raw_daily
2013-03-25,2400.0,2425.0,2375.0,2387.5,1313.4498291015625,76506000,0.0,0.0,yfinance_raw_daily
2013-03-26,2387.5,2425.0,2375.0,2400.0,1320.326416015625,128536000,0.0,0.0,yfinance_raw_daily
2013-03-27,2425.0,2500.0,2412.5,2500.0,1375.3402099609375,140696000,0.0,0.0,yfinance_raw_daily
2013-03-28,2475.0,2512.5,2475.0,2500.0,1375.3402099609375,77014000,0.0,0.0,yfinance_raw_daily
2013-04-01,2512.5,2512.5,2475.0,2475.0,1361.5867919921875,33592000,0.0,0.0,yfinance_raw_daily
2013-04-02,2500.0,2512.5,2462.5,2462.5,1354.7099609375,79288000,0.0,0.0,yfinance_raw_daily
2013-04-03,2500.0,2512.5,2475.0,2500.0,1375.3402099609375,12,0.0,0.0,yfinance_raw_daily
2013-04-04,2512.5,2512.5,2475.0,2475.0,1361.5867919921875,114310000,0.0,0.0,yfinance_raw_daily
2013-04-05,2462.5,2512.5,2450.0,2512.5,1382.216796875,57060000,0.0,0.0,yfinance_raw_daily
2013-04-08,2500.0,2525.0,2487.5,2500.0,1375.3402099609375,71150000,0.0,0.0,yfinance_raw_daily
2013-04-09,2525.0,2587.5,2512.5,2550.0,1402.8468017578125,118200000,0.0,0.0,yfinance_raw_daily
2013-04-10,2550.0,2575.0,2500.0,2525.0,1389.0933837890625,132270000,0.0,0.0,yfinance_raw_daily
2013-04-11,2525.0,2550.0,2512.5,2550.0,1402.8468017578125,59948000,0.0,0.0,yfinance_raw_daily
2013-04-12,2550.0,2612.5,2537.5,2587.5,1423.4769287109375,100704000,0.0,0.0,yfinance_raw_daily
2013-04-15,2550.0,2562.5,2525.0,2537.5,1395.9703369140625,45936000,0.0,0.0,yfinance_raw_daily
2013-04-16,2525.0,2625.0,2512.5,2587.5,1423.4769287109375,75092000,0.0,0.0,yfinance_raw_daily
2013-04-17,2625.0,2687.5,2612.5,2650.0,1457.8603515625,94724000,0.0,0.0,yfinance_raw_daily
2013-04-18,2637.5,2687.5,2612.5,2687.5,1478.4908447265625,61404000,0.0,0.0,yfinance_raw_daily
2013-04-19,2675.0,2687.5,2625.0,2650.0,1457.8603515625,90594000,0.0,0.0,yfinance_raw_daily
2013-04-22,2650.0,2675.0,2625.0,2675.0,1471.6141357421875,79960000,0.0,0.0,yfinance_raw_daily
2013-04-23,2675.0,2675.0,2675.0,2675.0,1471.6141357421875,0,0.0,0.0,yfinance_raw_daily
2013-04-24,2637.5,2650.0,2625.0,2625.0,1444.107177734375,101794000,0.0,0.0,yfinance_raw_daily
2013-04-25,2625.0,2650.0,2612.5,2650.0,1457.8603515625,104650000,0.0,0.0,yfinance_raw_daily
2013-04-26,2650.0,2675.0,2625.0,2662.5,1464.7371826171875,46956000,0.0,0.0,yfinance_raw_daily
2013-04-29,2650.0,2650.0,2625.0,2650.0,1485.668212890625,33818000,49.8345,0.0,yfinance_raw_daily
2013-04-30,2662.5,2662.5,2612.5,2625.0,1471.6524658203125,84488000,0.0,0.0,yfinance_raw_daily
2013-05-01,2600.0,2637.5,2600.0,2637.5,1478.6600341796875,67632000,0.0,0.0,yfinance_raw_daily
2013-05-02,2625.0,2637.5,2537.5,2537.5,1422.5970458984375,182682000,0.0,0.0,yfinance_raw_daily
2013-05-03,2525.0,2525.0,2450.0,2450.0,1373.5421142578125,263252000,0.0,0.0,yfinance_raw_daily
2013-05-06,2462.5,2512.5,2425.0,2512.5,1408.58154296875,147164000,0.0,0.0,yfinance_raw_daily
2013-05-07,2512.5,2562.5,2512.5,2562.5,1436.613037109375,111522000,0.0,0.0,yfinance_raw_daily
2013-05-08,2562.5,2587.5,2562.5,2587.5,1450.6285400390625,81004000,0.0,0.0,yfinance_raw_daily
2013-05-10,2600.0,2612.5,2562.5,2575.0,1443.6209716796875,81192000,0.0,0.0,yfinance_raw_daily
2013-05-13,2562.5,2562.5,2500.0,2512.5,1408.58154296875,67010000,0.0,0.0,yfinance_raw_daily
2013-05-14,2500.0,2537.5,2500.0,2537.5,1422.5970458984375,67794000,0.0,0.0,yfinance_raw_daily
2013-05-15,2550.0,2562.5,2512.5,2537.5,1422.5970458984375,104976000,0.0,0.0,yfinance_raw_daily
2013-05-16,2512.5,2537.5,2512.5,2512.5,1408.58154296875,66254000,0.0,0.0,yfinance_raw_daily
2013-05-17,2525.0,2537.5,2500.0,2512.5,1408.58154296875,78462000,0.0,0.0,yfinance_raw_daily
2013-05-20,2512.5,2625.0,2512.5,2600.0,1457.6363525390625,123032000,0.0,0.0,yfinance_raw_daily
2013-05-21,2625.0,2637.5,2562.5,2587.5,1450.6285400390625,84944000,0.0,0.0,yfinance_raw_daily
2013-05-22,2612.5,2637.5,2562.5,2562.5,1436.613037109375,96390000,0.0,0.0,yfinance_raw_daily
2013-05-23,2587.5,2587.5,2462.5,2537.5,1422.5970458984375,165662000,0.0,0.0,yfinance_raw_daily
2013-05-24,2550.0,2550.0,2500.0,2512.5,1408.58154296875,69824000,0.0,0.0,yfinance_raw_daily
2013-05-27,2500.0,2512.5,2475.0,2500.0,1401.5736083984375,108676000,0.0,0.0,yfinance_raw_daily
2013-05-28,2500.0,2550.0,2500.0,2550.0,1429.605224609375,79604000,0.0,0.0,yfinance_raw_daily
2013-05-29,2562.5,2587.5,2550.0,2550.0,1429.605224609375,69872000,0.0,0.0,yfinance_raw_daily
2013-05-30,2575.0,2575.0,2450.0,2475.0,1387.557861328125,202120000,0.0,0.0,yfinance_raw_daily
2013-05-31,2487.5,2487.5,2425.0,2425.0,1359.5264892578125,179666000,0.0,0.0,yfinance_raw_daily
2013-06-03,2425.0,2437.5,2375.0,2400.0,1345.5106201171875,133486000,0.0,0.0,yfinance_raw_daily
2013-06-04,2425.0,2475.0,2412.5,2462.5,1380.550048828125,85040000,0.0,0.0,yfinance_raw_daily
2013-06-05,2437.5,2450.0,2400.0,2400.0,1345.5106201171875,86248000,0.0,0.0,yfinance_raw_daily
2013-06-07,2387.5,2400.0,2312.5,2350.0,1317.479248046875,229692000,0.0,0.0,yfinance_raw_daily
2013-06-10,2350.0,2362.5,2225.0,2262.5,1268.424072265625,164714000,0.0,0.0,yfinance_raw_daily
2013-06-11,2250.0,2250.0,2150.0,2212.5,1240.3927001953125,258008000,0.0,0.0,yfinance_raw_daily
2013-06-12,2150.0,2225.0,2125.0,2200.0,1233.3846435546875,290830000,0.0,0.0,yfinance_raw_daily
2013-06-13,2162.5,2287.5,2137.5,2225.0,1247.4005126953125,209118000,0.0,0.0,yfinance_raw_daily
2013-06-14,2275.0,2400.0,2275.0,2362.5,1324.4873046875,172854000,0.0,0.0,yfinance_raw_daily
2013-06-17,2337.5,2375.0,2250.0,2275.0,1275.43212890625,188308000,0.0,0.0,yfinance_raw_daily
2013-06-18,2275.0,2350.0,2275.0,2350.0,1317.479248046875,123532000,0.0,0.0,yfinance_raw_daily
2013-06-19,2362.5,2387.5,2337.5,2350.0,1317.479248046875,113220000,0.0,0.0,yfinance_raw_daily
2013-06-20,2300.0,2300.0,2162.5,2187.5,1226.3768310546875,12,0.0,0.0,yfinance_raw_daily
2013-06-21,2150.0,2175.0,2100.0,2150.0,1205.3533935546875,188280000,0.0,0.0,yfinance_raw_daily
2013-06-24,2162.5,2200.0,2087.5,2100.0,1177.32177734375,111504000,0.0,0.0,yfinance_raw_daily
2013-06-25,2112.5,2150.0,2062.5,2062.5,1156.298095703125,124108000,0.0,0.0,yfinance_raw_daily
2013-06-26,2112.5,2175.0,2100.0,2137.5,1198.3453369140625,150278000,0.0,0.0,yfinance_raw_daily
2013-06-27,2175.0,2212.5,2175.0,2187.5,1226.3768310546875,147620000,0.0,0.0,yfinance_raw_daily
2013-06-28,2225.0,2250.0,2212.5,2250.0,1261.416015625,145954000,0.0,0.0,yfinance_raw_daily
2013-07-01,2262.5,2262.5,2212.5,2225.0,1247.4005126953125,50432000,0.0,0.0,yfinance_raw_daily
2013-07-02,2250.0,2250.0,2137.5,2137.5,1198.3453369140625,163126000,0.0,0.0,yfinance_raw_daily
2013-07-03,2137.5,2137.5,2025.0,2025.0,1135.2745361328125,208118000,0.0,0.0,yfinance_raw_daily
2013-07-04,2037.5,2075.0,2012.5,2037.5,1142.2823486328125,108386000,0.0,0.0,yfinance_raw_daily
2013-07-05,2062.5,2075.0,2037.5,2037.5,1142.2823486328125,83096000,0.0,0.0,yfinance_raw_daily
2013-07-08,2037.5,2037.5,1887.5,1887.5,1058.18798828125,209376000,0.0,0.0,yfinance_raw_daily
2013-07-09,1925.0,1925.0,1862.5,1875.0,1051.1802978515625,134870000,0.0,0.0,yfinance_raw_daily
2013-07-10,1887.5,1975.0,1887.5,1937.5,1086.2193603515625,191450000,0.0,0.0,yfinance_raw_daily
2013-07-11,1975.0,2125.0,1975.0,2125.0,1191.3375244140625,305666000,0.0,0.0,yfinance_raw_daily
2013-07-12,2150.0,2175.0,2050.0,2062.5,1156.298095703125,154232000,0.0,0.0,yfinance_raw_daily
2013-07-15,2100.0,2112.5,2012.5,2050.0,1149.290283203125,115724000,0.0,0.0,yfinance_raw_daily
2013-07-16,2050.0,2112.5,2025.0,2112.5,1184.329833984375,79574000,0.0,0.0,yfinance_raw_daily
2013-07-17,2125.0,2137.5,2087.5,2125.0,1191.3375244140625,100386000,0.0,0.0,yfinance_raw_daily
2013-07-18,2125.0,2212.5,2125.0,2200.0,1233.3846435546875,157270000,0.0,0.0,yfinance_raw_daily
2013-07-19,2187.5,2212.5,2175.0,2175.0,1219.3690185546875,117268000,0.0,0.0,yfinance_raw_daily
2013-07-22,2187.5,2187.5,2125.0,2125.0,1191.3375244140625,76564000,0.0,0.0,yfinance_raw_daily
2013-07-23,2137.5,2237.5,2137.5,2237.5,1254.4083251953125,141818000,0.0,0.0,yfinance_raw_daily
2013-07-24,2250.0,2250.0,2175.0,2225.0,1247.4005126953125,87716000,0.0,0.0,yfinance_raw_daily
2013-07-25,2212.5,2212.5,2137.5,2150.0,1205.3533935546875,88162000,0.0,0.0,yfinance_raw_daily
2013-07-26,2150.0,2187.5,2150.0,2187.5,1226.3768310546875,47710000,0.0,0.0,yfinance_raw_daily
2013-07-29,2162.5,2187.5,2150.0,2175.0,1219.3690185546875,36574000,0.0,0.0,yfinance_raw_daily
2013-07-30,2125.0,2187.5,2125.0,2175.0,1219.3690185546875,63632000,0.0,0.0,yfinance_raw_daily
2013-07-31,2175.0,2225.0,2150.0,2225.0,1247.4005126953125,84584000,0.0,0.0,yfinance_raw_daily
2013-08-01,2225.0,2225.0,2162.5,2200.0,1233.3846435546875,81542000,0.0,0.0,yfinance_raw_daily
2013-08-02,2225.0,2225.0,2162.5,2175.0,1219.3690185546875,59270000,0.0,0.0,yfinance_raw_daily
2013-08-12,2137.5,2137.5,2012.5,2100.0,1177.32177734375,202498000,0.0,0.0,yfinance_raw_daily
2013-08-13,2112.5,2112.5,2075.0,2100.0,1177.32177734375,61058000,0.0,0.0,yfinance_raw_daily
2013-08-14,2125.0,2150.0,2100.0,2150.0,1205.3533935546875,52192000,0.0,0.0,yfinance_raw_daily
2013-08-15,2150.0,2162.5,2112.5,2150.0,1205.3533935546875,89108000,0.0,0.0,yfinance_raw_daily
2013-08-16,2112.5,2125.0,2075.0,2075.0,1163.3060302734375,148180000,0.0,0.0,yfinance_raw_daily
2013-08-19,2037.5,2050.0,1887.5,1912.5,1072.2037353515625,311910000,0.0,0.0,yfinance_raw_daily
2013-08-20,1850.0,1975.0,1775.0,1950.0,1093.2275390625,422404000,0.0,0.0,yfinance_raw_daily
2013-08-21,1925.0,1975.0,1850.0,1900.0,1065.19580078125,393600000,0.0,0.0,yfinance_raw_daily
2013-08-22,1887.5,1887.5,1825.0,1862.5,1044.1722412109375,196924000,0.0,0.0,yfinance_raw_daily
2013-08-23,1887.5,1900.0,1825.0,1850.0,1037.1644287109375,241438000,0.0,0.0,yfinance_raw_daily
2013-08-26,1850.0,1850.0,1775.0,1775.0,995.1170043945312,199224000,0.0,0.0,yfinance_raw_daily
2013-08-27,1750.0,1750.0,1650.0,1662.5,932.0465087890625,293966000,0.0,0.0,yfinance_raw_daily
2013-08-28,1587.5,1725.0,1562.5,1725.0,967.0856323242188,468086000,0.0,0.0,yfinance_raw_daily
2013-08-29,1750.0,1762.5,1675.0,1737.5,974.0936279296875,320240000,0.0,0.0,yfinance_raw_daily
2013-08-30,1737.5,1775.0,1725.0,1775.0,995.1170043945312,193796000,0.0,0.0,yfinance_raw_daily
2013-09-02,1800.0,1825.0,1675.0,1675.0,939.05419921875,136616000,0.0,0.0,yfinance_raw_daily
2013-09-03,1675.0,1750.0,1675.0,1750.0,981.101318359375,76204000,0.0,0.0,yfinance_raw_daily
2013-09-04,1725.0,1725.0,1675.0,1700.0,953.0699462890625,81312000,0.0,0.0,yfinance_raw_daily
2013-09-05,1737.5,1750.0,1637.5,1700.0,953.0699462890625,173516000,0.0,0.0,yfinance_raw_daily
2013-09-06,1675.0,1700.0,1650.0,1675.0,939.05419921875,127546000,0.0,0.0,yfinance_raw_daily
2013-09-09,1712.5,1762.5,1675.0,1737.5,974.0936279296875,357480000,0.0,0.0,yfinance_raw_daily
2013-09-10,1787.5,1987.5,1787.5,1975.0,1107.2430419921875,581818000,0.0,0.0,yfinance_raw_daily
2013-09-11,2000.0,2050.0,1912.5,2000.0,1121.2589111328125,289392000,0.0,0.0,yfinance_raw_daily
2013-09-12,2012.5,2100.0,2000.0,2087.5,1170.3140869140625,189394000,0.0,0.0,yfinance_raw_daily
2013-09-13,2037.5,2125.0,2037.5,2125.0,1191.3375244140625,120916000,0.0,0.0,yfinance_raw_daily
2013-09-16,2137.5,2237.5,2137.5,2237.5,1254.4083251953125,131912000,0.0,0.0,yfinance_raw_daily
2013-09-17,2225.0,2250.0,2212.5,2250.0,1261.416015625,152764000,0.0,0.0,yfinance_raw_daily
2013-09-18,2237.5,2237.5,2150.0,2162.5,1212.361083984375,130312000,0.0,0.0,yfinance_raw_daily
2013-09-19,2275.0,2575.0,2275.0,2312.5,1296.4554443359375,360362000,0.0,0.0,yfinance_raw_daily
2013-09-20,2312.5,2312.5,2200.0,2237.5,1254.4083251953125,99540000,0.0,0.0,yfinance_raw_daily
2013-09-23,2175.0,2212.5,2162.5,2175.0,1219.3690185546875,80694000,0.0,0.0,yfinance_raw_daily
2013-09-24,2175.0,2212.5,2125.0,2150.0,1205.3533935546875,131732000,0.0,0.0,yfinance_raw_daily
2013-09-25,2075.0,2137.5,2037.5,2062.5,1156.298095703125,232616000,0.0,0.0,yfinance_raw_daily
2013-09-26,2062.5,2125.0,2050.0,2050.0,1149.290283203125,128494000,0.0,0.0,yfinance_raw_daily
2013-09-27,2100.0,2100.0,2062.5,2075.0,1163.3060302734375,103038000,0.0,0.0,yfinance_raw_daily
2013-09-30,2000.0,2050.0,1987.5,1987.5,1114.2508544921875,122776000,0.0,0.0,yfinance_raw_daily
2013-10-01,2012.5,2087.5,2012.5,2050.0,1149.290283203125,126742000,0.0,0.0,yfinance_raw_daily
2013-10-02,2087.5,2112.5,2062.5,2087.5,1170.3140869140625,68812000,0.0,0.0,yfinance_raw_daily
2013-10-03,2112.5,2125.0,2087.5,2100.0,1177.32177734375,51942000,0.0,0.0,yfinance_raw_daily
2013-10-04,2100.0,2100.0,2075.0,2087.5,1170.3140869140625,68562000,0.0,0.0,yfinance_raw_daily
2013-10-07,2075.0,2100.0,2062.5,2075.0,1163.3060302734375,34808000,0.0,0.0,yfinance_raw_daily
2013-10-08,2087.5,2175.0,2075.0,2150.0,1205.3533935546875,151016000,0.0,0.0,yfinance_raw_daily
2013-10-09,2125.0,2175.0,2112.5,2175.0,1219.3690185546875,71626000,0.0,0.0,yfinance_raw_daily
2013-10-10,2200.0,2200.0,2150.0,2187.5,1226.3768310546875,111584000,0.0,0.0,yfinance_raw_daily
2013-10-11,2212.5,2225.0,2125.0,2137.5,1198.3453369140625,160974000,0.0,0.0,yfinance_raw_daily
2013-10-16,2175.0,2187.5,2100.0,2112.5,1184.329833984375,166448000,0.0,0.0,yfinance_raw_daily
2013-10-17,2125.0,2150.0,2087.5,2087.5,1170.3140869140625,116060000,0.0,0.0,yfinance_raw_daily
2013-10-18,2075.0,2075.0,2012.5,2062.5,1156.298095703125,226136000,0.0,0.0,yfinance_raw_daily
2013-10-21,2087.5,2100.0,2062.5,2075.0,1163.3060302734375,245386000,0.0,0.0,yfinance_raw_daily
2013-10-22,2062.5,2075.0,2037.5,2037.5,1142.2823486328125,142246000,0.0,0.0,yfinance_raw_daily
2013-10-23,2050.0,2125.0,2050.0,2112.5,1184.329833984375,301426000,0.0,0.0,yfinance_raw_daily
2013-10-24,2100.0,2200.0,2100.0,2200.0,1233.3846435546875,185212000,0.0,0.0,yfinance_raw_daily
2013-10-25,2200.0,2237.5,2175.0,2200.0,1233.3846435546875,152466000,0.0,0.0,yfinance_raw_daily
2013-10-28,2225.0,2237.5,2162.5,2175.0,1219.3690185546875,37576000,0.0,0.0,yfinance_raw_daily
2013-10-29,2162.5,2187.5,2150.0,2162.5,1212.361083984375,66028000,0.0,0.0,yfinance_raw_daily
2013-10-30,2187.5,2212.5,2150.0,2187.5,1226.3768310546875,61620000,0.0,0.0,yfinance_raw_daily
2013-10-31,2175.0,2200.0,2100.0,2150.0,1205.3533935546875,154598000,0.0,0.0,yfinance_raw_daily
2013-11-01,2100.0,2150.0,2075.0,2087.5,1170.3140869140625,114456000,0.0,0.0,yfinance_raw_daily
2013-11-04,2075.0,2087.5,2012.5,2062.5,1156.298095703125,116296000,0.0,0.0,yfinance_raw_daily
2013-11-06,2100.0,2100.0,2062.5,2062.5,1156.298095703125,81062000,0.0,0.0,yfinance_raw_daily
2013-11-07,2075.0,2112.5,2062.5,2087.5,1170.3140869140625,80818000,0.0,0.0,yfinance_raw_daily
2013-11-08,2062.5,2075.0,2050.0,2050.0,1149.290283203125,62838000,0.0,0.0,yfinance_raw_daily
2013-11-11,2062.5,2062.5,1987.5,2000.0,1121.2589111328125,159884000,0.0,0.0,yfinance_raw_daily
2013-11-12,2000.0,2012.5,1925.0,1925.0,1079.2115478515625,224202000,0.0,0.0,yfinance_raw_daily
2013-11-13,1887.5,1912.5,1837.5,1862.5,1044.1722412109375,295270000,0.0,0.0,yfinance_raw_daily
2013-11-14,1900.0,1975.0,1887.5,1975.0,1107.2430419921875,173872000,0.0,0.0,yfinance_raw_daily
2013-11-15,2000.0,2012.5,1937.5,1950.0,1093.2275390625,105388000,0.0,0.0,yfinance_raw_daily
2013-11-18,1962.5,1975.0,1937.5,1962.5,1100.2352294921875,97674000,0.0,0.0,yfinance_raw_daily
2013-11-19,1950.0,1962.5,1925.0,1925.0,1079.2115478515625,105122000,0.0,0.0,yfinance_raw_daily
2013-11-20,1925.0,1925.0,1862.5,1912.5,1072.2037353515625,228202000,0.0,0.0,yfinance_raw_daily
2013-11-21,1887.5,1900.0,1850.0,1887.5,1058.18798828125,154690000,0.0,0.0,yfinance_raw_daily
2013-11-22,1912.5,1937.5,1887.5,1887.5,1058.18798828125,174674000,0.0,0.0,yfinance_raw_daily
2013-11-25,1925.0,1962.5,1912.5,1950.0,1093.2275390625,113446000,0.0,0.0,yfinance_raw_daily
2013-11-26,1962.5,1962.5,1912.5,1925.0,1079.2115478515625,96098000,0.0,0.0,yfinance_raw_daily
2013-11-27,1912.5,1937.5,1862.5,1887.5,1058.18798828125,148438000,0.0,0.0,yfinance_raw_daily
2013-11-28,1900.0,1912.5,1862.5,1875.0,1051.1802978515625,64206000,0.0,0.0,yfinance_raw_daily
2013-11-29,1875.0,1925.0,1875.0,1912.5,1072.2037353515625,75220000,0.0,0.0,yfinance_raw_daily
2013-12-02,1925.0,1962.5,1912.5,1925.0,1079.2115478515625,67552000,0.0,0.0,yfinance_raw_daily
2013-12-03,1950.0,1962.5,1925.0,1962.5,1100.2352294921875,67962000,0.0,0.0,yfinance_raw_daily
2013-12-04,1925.0,1950.0,1912.5,1912.5,1072.2037353515625,57984000,0.0,0.0,yfinance_raw_daily
2013-12-05,1912.5,1925.0,1875.0,1900.0,1065.19580078125,72850000,0.0,0.0,yfinance_raw_daily
2013-12-06,1900.0,1900.0,1825.0,1825.0,1023.1487426757812,103018000,0.0,0.0,yfinance_raw_daily
2013-12-09,1875.0,1912.5,1862.5,1912.5,1072.2037353515625,122722000,0.0,0.0,yfinance_raw_daily
2013-12-10,1912.5,1962.5,1900.0,1962.5,1100.2352294921875,91054000,0.0,0.0,yfinance_raw_daily
2013-12-11,1975.0,1975.0,1925.0,1950.0,1093.2275390625,41592000,0.0,0.0,yfinance_raw_daily
2013-12-12,1925.0,1962.5,1912.5,1912.5,1072.2037353515625,44310000,0.0,0.0,yfinance_raw_daily
2013-12-13,1912.5,1937.5,1900.0,1925.0,1079.2115478515625,59724000,0.0,0.0,yfinance_raw_daily
2013-12-16,1875.0,1900.0,1862.5,1875.0,1051.1802978515625,47918000,0.0,0.0,yfinance_raw_daily
2013-12-17,1900.0,1962.5,1887.5,1962.5,1100.2352294921875,61570000,0.0,0.0,yfinance_raw_daily
2013-12-18,1937.5,1962.5,1912.5,1925.0,1079.2115478515625,76872000,0.0,0.0,yfinance_raw_daily
2013-12-19,1950.0,2000.0,1950.0,1987.5,1114.2508544921875,81644000,0.0,0.0,yfinance_raw_daily
2013-12-20,1950.0,2000.0,1950.0,2000.0,1121.2589111328125,54236000,0.0,0.0,yfinance_raw_daily
2013-12-23,1975.0,1987.5,1950.0,1962.5,1100.2352294921875,55894000,0.0,0.0,yfinance_raw_daily
2013-12-24,1975.0,1975.0,1937.5,1950.0,1093.2275390625,22690000,0.0,0.0,yfinance_raw_daily
2013-12-27,1950.0,1962.5,1912.5,1912.5,1072.2037353515625,83306000,0.0,0.0,yfinance_raw_daily
2013-12-30,1937.5,1962.5,1925.0,1962.5,1100.2352294921875,77844000,0.0,0.0,yfinance_raw_daily
2014-01-02,1975.0,2025.0,1962.5,2025.0,1135.2745361328125,63984000,0.0,0.0,yfinance_raw_daily
2014-01-03,2012.5,2025.0,1937.5,1950.0,1093.2275390625,105794000,0.0,0.0,yfinance_raw_daily
2014-01-06,1950.0,1962.5,1900.0,1912.5,1072.2037353515625,51674800,0.0,0.0,yfinance_raw_daily
2014-01-07,1912.5,1931.25,1900.0,1906.25,1068.6998291015625,81169200,0.0,0.0,yfinance_raw_daily
2014-01-08,1925.0,1962.5,1912.5,1956.25,1096.7314453125,59954000,0.0,0.0,yfinance_raw_daily
2014-01-09,1956.25,1981.25,1925.0,1950.0,1093.2275390625,71207200,0.0,0.0,yfinance_raw_daily
2014-01-10,1950.0,2093.75,1950.0,2062.5,1156.298095703125,153947200,0.0,0.0,yfinance_raw_daily
2014-01-13,2125.0,2200.0,2118.75,2200.0,1233.3846435546875,228783600,0.0,0.0,yfinance_raw_daily
2014-01-15,2206.25,2381.25,2181.25,2200.0,1233.3846435546875,220250000,0.0,0.0,yfinance_raw_daily
2014-01-16,2218.75,2225.0,2156.25,2156.25,1208.8572998046875,76988000,0.0,0.0,yfinance_raw_daily
2014-01-17,2156.25,2200.0,2156.25,2187.5,1226.3768310546875,58350000,0.0,0.0,yfinance_raw_daily
2014-01-20,2200.0,2200.0,2168.75,2187.5,1226.3768310546875,27171600,0.0,0.0,yfinance_raw_daily
2014-01-21,2200.0,2206.25,2187.5,2193.75,1229.880615234375,59725600,0.0,0.0,yfinance_raw_daily
2014-01-22,2200.0,2243.75,2181.25,2237.5,1254.4083251953125,110857200,0.0,0.0,yfinance_raw_daily
2014-01-23,2250.0,2268.75,2218.75,2218.75,1243.896484375,109866800,0.0,0.0,yfinance_raw_daily
2014-01-24,2168.75,2225.0,2156.25,2168.75,1215.865234375,109728400,0.0,0.0,yfinance_raw_daily
2014-01-27,2062.5,2100.0,2037.5,2075.0,1163.3060302734375,210759200,0.0,0.0,yfinance_raw_daily
2014-01-28,2062.5,2087.5,2037.5,2068.75,1159.8021240234375,164112800,0.0,0.0,yfinance_raw_daily
2014-01-29,2087.5,2187.5,2075.0,2175.0,1219.3690185546875,190262800,0.0,0.0,yfinance_raw_daily
2014-01-30,2112.5,2175.0,2093.75,2175.0,1219.3690185546875,132577200,0.0,0.0,yfinance_raw_daily
2014-02-03,2206.25,2206.25,2137.5,2175.0,1219.3690185546875,108214000,0.0,0.0,yfinance_raw_daily
2014-02-04,2131.25,2156.25,2100.0,2131.25,1194.8414306640625,95244800,0.0,0.0,yfinance_raw_daily
2014-02-05,2162.5,2162.5,2125.0,2150.0,1205.3533935546875,84726400,0.0,0.0,yfinance_raw_daily
2014-02-06,2162.5,2162.5,2125.0,2156.25,1208.8572998046875,70481600,0.0,0.0,yfinance_raw_daily
2014-02-07,2168.75,2212.5,2162.5,2193.75,1229.880615234375,101737200,0.0,0.0,yfinance_raw_daily
2014-02-10,2212.5,2231.25,2187.5,2187.5,1226.3768310546875,72448800,0.0,0.0,yfinance_raw_daily
2014-02-11,2218.75,2262.5,2212.5,2237.5,1254.4083251953125,206115200,0.0,0.0,yfinance_raw_daily
2014-02-12,2268.75,2275.0,2218.75,2243.75,1257.9122314453125,131831600,0.0,0.0,yfinance_raw_daily
2014-02-13,2250.0,2250.0,2231.25,2250.0,1261.416015625,59296000,0.0,0.0,yfinance_raw_daily
2014-02-14,2250.0,2262.5,2237.5,2256.25,1264.9200439453125,107262000,0.0,0.0,yfinance_raw_daily
2014-02-17,2268.75,2293.75,2262.5,2287.5,1282.43994140625,160782000,0.0,0.0,yfinance_raw_daily
2014-02-18,2287.5,2293.75,2262.5,2281.25,1278.935791015625,114412800,0.0,0.0,yfinance_raw_daily
2014-02-19,2281.25,2300.0,2262.5,2281.25,1278.935791015625,168598000,0.0,0.0,yfinance_raw_daily
2014-02-20,2275.0,2318.75,2275.0,2306.25,1292.9515380859375,147004400,0.0,0.0,yfinance_raw_daily
2014-02-21,2312.5,2356.25,2306.25,2356.25,1320.98291015625,195956800,0.0,0.0,yfinance_raw_daily
2014-02-24,2375.0,2412.5,2343.75,2350.0,1317.479248046875,147883200,0.0,0.0,yfinance_raw_daily
2014-02-25,2375.0,2375.0,2256.25,2262.5,1268.424072265625,125208400,0.0,0.0,yfinance_raw_daily
2014-02-26,2250.0,2275.0,2206.25,2237.5,1254.4083251953125,222663200,0.0,0.0,yfinance_raw_daily
2014-02-27,2237.5,2268.75,2231.25,2250.0,1261.416015625,89265200,0.0,0.0,yfinance_raw_daily
2014-02-28,2262.5,2281.25,2237.5,2275.0,1275.43212890625,130770000,0.0,0.0,yfinance_raw_daily
2014-03-03,2250.0,2275.0,2250.0,2275.0,1275.43212890625,128786400,0.0,0.0,yfinance_raw_daily
2014-03-04,2275.0,2300.0,2256.25,2281.25,1278.935791015625,137225200,0.0,0.0,yfinance_raw_daily
2014-03-05,2300.0,2350.0,2293.75,2350.0,1317.479248046875,189594000,0.0,0.0,yfinance_raw_daily
2014-03-06,2368.75,2368.75,2343.75,2350.0,1317.479248046875,95042800,0.0,0.0,yfinance_raw_daily
2014-03-07,2375.0,2375.0,2306.25,2312.5,1296.4554443359375,68054000,0.0,0.0,yfinance_raw_daily
2014-03-10,2343.75,2343.75,2275.0,2300.0,1289.44775390625,85980000,0.0,0.0,yfinance_raw_daily
2014-03-11,2312.5,2350.0,2300.0,2343.75,1313.9752197265625,122784000,0.0,0.0,yfinance_raw_daily
2014-03-12,2306.25,2337.5,2293.75,2306.25,1292.9515380859375,78838000,0.0,0.0,yfinance_raw_daily
2014-03-13,2300.0,2325.0,2300.0,2325.0,1303.46337890625,71212800,0.0,0.0,yfinance_raw_daily
2014-03-14,2300.0,2562.5,2287.5,2537.5,1422.5970458984375,379488800,0.0,0.0,yfinance_raw_daily
2014-03-17,2500.0,2537.5,2431.25,2493.75,1398.069580078125,226867600,0.0,0.0,yfinance_raw_daily
2014-03-18,2475.0,2500.0,2431.25,2431.25,1363.0302734375,131869200,0.0,0.0,yfinance_raw_daily
2014-03-19,2431.25,2462.5,2425.0,2443.75,1370.0382080078125,128559200,0.0,0.0,yfinance_raw_daily
2014-03-20,2437.5,2437.5,2331.25,2337.5,1310.4713134765625,237560400,0.0,0.0,yfinance_raw_daily
2014-03-21,2356.25,2375.0,2331.25,2343.75,1313.9752197265625,151603200,0.0,0.0,yfinance_raw_daily
2014-03-24,2375.0,2393.75,2350.0,2375.0,1331.494873046875,108480800,0.0,0.0,yfinance_raw_daily
2014-03-25,2362.5,2381.25,2356.25,2381.25,1334.9991455078125,79857600,0.0,0.0,yfinance_raw_daily
2014-03-26,2393.75,2418.75,2375.0,2393.75,1342.0067138671875,127667600,0.0,0.0,yfinance_raw_daily
2014-03-27,2350.0,2387.5,2350.0,2350.0,1350.4901123046875,105750800,58.51205,0.0,yfinance_raw_daily
2014-03-28,2381.25,2400.0,2350.0,2362.5,1357.6734619140625,376191600,0.0,0.0,yfinance_raw_daily
2014-04-01,2393.75,2487.5,2393.75,2487.5,1429.50830078125,268127600,0.0,0.0,yfinance_raw_daily
2014-04-02,2500.0,2550.0,2493.75,2537.5,1458.2421875,178996000,0.0,0.0,yfinance_raw_daily
2014-04-03,2550.0,2575.0,2525.0,2575.0,1479.7923583984375,157111200,0.0,0.0,yfinance_raw_daily
2014-04-04,2581.25,2587.5,2506.25,2531.25,1454.6502685546875,96803200,0.0,0.0,yfinance_raw_daily
2014-04-07,2531.25,2568.75,2512.5,2562.5,1472.6087646484375,135627200,0.0,0.0,yfinance_raw_daily
2014-04-08,2575.0,2575.0,2537.5,2562.5,1472.6087646484375,95152000,0.0,0.0,yfinance_raw_daily
2014-04-09,2562.5,2562.5,2562.5,2562.5,1472.6087646484375,0,0.0,0.0,yfinance_raw_daily
2014-04-10,2387.5,2437.5,2381.25,2412.5,1386.4072265625,450579200,0.0,0.0,yfinance_raw_daily
2014-04-11,2400.0,2450.0,2387.5,2425.0,1393.5906982421875,184430400,0.0,0.0,yfinance_raw_daily
2014-04-14,2418.75,2443.75,2418.75,2437.5,1400.7742919921875,142453200,0.0,0.0,yfinance_raw_daily
2014-04-15,2450.0,2456.25,2437.5,2437.5,1400.7742919921875,76331600,0.0,0.0,yfinance_raw_daily
2014-04-16,2456.25,2506.25,2450.0,2493.75,1433.099853515625,106918800,0.0,0.0,yfinance_raw_daily
2014-04-17,2518.75,2525.0,2443.75,2462.5,1415.14111328125,147078800,0.0,0.0,yfinance_raw_daily
2014-04-21,2468.75,2468.75,2450.0,2456.25,1411.5494384765625,38727200,0.0,0.0,yfinance_raw_daily
2014-04-22,2468.75,2481.25,2431.25,2462.5,1415.14111328125,115042000,0.0,0.0,yfinance_raw_daily
2014-04-23,2462.5,2487.5,2456.25,2475.0,1422.32470703125,80303200,0.0,0.0,yfinance_raw_daily
2014-04-24,2456.25,2475.0,2450.0,2468.75,1418.73291015625,69398000,0.0,0.0,yfinance_raw_daily
2014-04-25,2468.75,2500.0,2462.5,2475.0,1422.32470703125,71704000,0.0,0.0,yfinance_raw_daily
2014-04-28,2500.0,2500.0,2431.25,2437.5,1400.7742919921875,116084400,0.0,0.0,yfinance_raw_daily
2014-04-29,2475.0,2475.0,2431.25,2450.0,1407.9578857421875,46608800,0.0,0.0,yfinance_raw_daily
2014-04-30,2450.0,2462.5,2443.75,2456.25,1411.5494384765625,93242400,0.0,0.0,yfinance_raw_daily
2014-05-02,2475.0,2493.75,2462.5,2468.75,1418.73291015625,86257200,0.0,0.0,yfinance_raw_daily
2014-05-05,2468.75,2487.5,2443.75,2462.5,1415.14111328125,56014400,0.0,0.0,yfinance_raw_daily
2014-05-06,2475.0,2475.0,2456.25,2468.75,1418.73291015625,21791600,0.0,0.0,yfinance_raw_daily
2014-05-07,2462.5,2500.0,2462.5,2493.75,1433.099853515625,82346400,0.0,0.0,yfinance_raw_daily
2014-05-08,2506.25,2512.5,2487.5,2506.25,1440.283203125,43227200,0.0,0.0,yfinance_raw_daily
2014-05-09,2525.0,2525.0,2487.5,2518.75,1447.466796875,48956000,0.0,0.0,yfinance_raw_daily
2014-05-12,2525.0,2525.0,2493.75,2493.75,1433.099853515625,70641200,0.0,0.0,yfinance_raw_daily
2014-05-13,2518.75,2518.75,2500.0,2518.75,1447.466796875,61065600,0.0,0.0,yfinance_raw_daily
2014-05-14,2525.0,2587.5,2518.75,2581.25,1483.3843994140625,219808400,0.0,0.0,yfinance_raw_daily
2014-05-16,2575.0,2650.0,2568.75,2650.0,1522.8929443359375,202264800,0.0,0.0,yfinance_raw_daily
2014-05-19,2656.25,2706.25,2606.25,2656.25,1526.48486328125,225986800,0.0,0.0,yfinance_raw_daily
2014-05-20,2525.0,2662.5,2500.0,2525.0,1451.058349609375,210495200,0.0,0.0,yfinance_raw_daily
2014-05-21,2537.5,2550.0,2506.25,2537.5,1458.2421875,69045200,0.0,0.0,yfinance_raw_daily
2014-05-22,2593.75,2606.25,2550.0,2593.75,1490.5677490234375,106400400,0.0,0.0,yfinance_raw_daily
2014-05-23,2593.75,2606.25,2575.0,2593.75,1490.5677490234375,51238400,0.0,0.0,yfinance_raw_daily
2014-05-26,2581.25,2612.5,2556.25,2581.25,1483.3843994140625,35746000,0.0,0.0,yfinance_raw_daily
2014-05-28,2593.75,2600.0,2568.75,2593.75,1490.5677490234375,79694000,0.0,0.0,yfinance_raw_daily
2014-05-30,2543.75,2593.75,2512.5,2543.75,1461.83349609375,247178400,0.0,0.0,yfinance_raw_daily
2014-06-02,2550.0,2562.5,2531.25,2550.0,1465.42529296875,76876800,0.0,0.0,yfinance_raw_daily
2014-06-03,2550.0,2556.25,2518.75,2550.0,1465.42529296875,126123600,0.0,0.0,yfinance_raw_daily
2014-06-04,2537.5,2556.25,2525.0,2537.5,1458.2421875,106749600,0.0,0.0,yfinance_raw_daily
2014-06-05,2550.0,2550.0,2506.25,2550.0,1465.42529296875,66263600,0.0,0.0,yfinance_raw_daily
2014-06-06,2518.75,2543.75,2506.25,2518.75,1447.466796875,107951200,0.0,0.0,yfinance_raw_daily
2014-06-09,2450.0,2543.75,2437.5,2450.0,1407.9578857421875,134515200,0.0,0.0,yfinance_raw_daily
2014-06-10,2493.75,2493.75,2456.25,2493.75,1433.099853515625,148333200,0.0,0.0,yfinance_raw_daily
2014-06-11,2487.5,2493.75,2462.5,2487.5,1429.50830078125,98108000,0.0,0.0,yfinance_raw_daily
2014-06-12,2481.25,2493.75,2462.5,2481.25,1425.916259765625,104930800,0.0,0.0,yfinance_raw_daily
2014-06-13,2481.25,2487.5,2462.5,2481.25,1425.916259765625,82041200,0.0,0.0,yfinance_raw_daily
2014-06-16,2462.5,2481.25,2437.5,2462.5,1415.14111328125,61751200,0.0,0.0,yfinance_raw_daily
2014-06-17,2475.0,2481.25,2443.75,2475.0,1422.32470703125,60293600,0.0,0.0,yfinance_raw_daily
2014-06-18,2468.75,2481.25,2462.5,2468.75,1418.73291015625,87876000,0.0,0.0,yfinance_raw_daily
2014-06-19,2450.0,2481.25,2443.75,2450.0,1407.9578857421875,105030000,0.0,0.0,yfinance_raw_daily
2014-06-20,2450.0,2468.75,2443.75,2450.0,1407.9578857421875,67474800,0.0,0.0,yfinance_raw_daily
2014-06-23,2437.5,2468.75,2431.25,2437.5,1400.7742919921875,92584000,0.0,0.0,yfinance_raw_daily
2014-06-24,2443.75,2456.25,2431.25,2443.75,1404.3660888671875,62032400,0.0,0.0,yfinance_raw_daily
2014-06-25,2437.5,2456.25,2425.0,2437.5,1400.7742919921875,103590400,0.0,0.0,yfinance_raw_daily
2014-06-26,2462.5,2475.0,2437.5,2462.5,1415.14111328125,149123600,0.0,0.0,yfinance_raw_daily
2014-06-27,2412.5,2462.5,2406.25,2412.5,1386.4072265625,133020400,0.0,0.0,yfinance_raw_daily
2014-06-30,2431.25,2431.25,2406.25,2431.25,1397.1827392578125,80812800,0.0,0.0,yfinance_raw_daily
2014-07-01,2456.25,2462.5,2425.0,2456.25,1411.5494384765625,67317200,0.0,0.0,yfinance_raw_daily
2014-07-02,2462.5,2468.75,2443.75,2462.5,1415.14111328125,107994400,0.0,0.0,yfinance_raw_daily
2014-07-03,2412.5,2468.75,2406.25,2412.5,1386.4072265625,177824000,0.0,0.0,yfinance_raw_daily
2014-07-04,2418.75,2437.5,2412.5,2418.75,1389.9991455078125,70222800,0.0,0.0,yfinance_raw_daily
2014-07-07,2481.25,2481.25,2431.25,2481.25,1425.916259765625,255845600,0.0,0.0,yfinance_raw_daily
2014-07-08,2537.5,2556.25,2493.75,2537.5,1458.2421875,408720400,0.0,0.0,yfinance_raw_daily
2014-07-09,2537.5,2537.5,2537.5,2537.5,1458.2421875,0,0.0,0.0,yfinance_raw_daily
2014-07-10,2618.75,2750.0,2593.75,2618.75,1504.9345703125,801523200,0.0,0.0,yfinance_raw_daily
2014-07-11,2625.0,2625.0,2568.75,2625.0,1508.5264892578125,186758800,0.0,0.0,yfinance_raw_daily
2014-07-14,2625.0,2631.25,2587.5,2625.0,1508.5264892578125,118788000,0.0,0.0,yfinance_raw_daily
2014-07-15,2637.5,2643.75,2618.75,2637.5,1515.7093505859375,137040000,0.0,0.0,yfinance_raw_daily
2014-07-16,2650.0,2675.0,2637.5,2650.0,1522.8929443359375,109010800,0.0,0.0,yfinance_raw_daily
2014-07-17,2656.25,2668.75,2631.25,2656.25,1526.48486328125,107004800,0.0,0.0,yfinance_raw_daily
2014-07-18,2656.25,2675.0,2625.0,2656.25,1526.48486328125,95748000,0.0,0.0,yfinance_raw_daily
2014-07-21,2662.5,2687.5,2650.0,2662.5,1530.0765380859375,127907200,0.0,0.0,yfinance_raw_daily
2014-07-22,2618.75,2681.25,2600.0,2618.75,1504.9345703125,232130800,0.0,0.0,yfinance_raw_daily
2014-07-23,2625.0,2662.5,2612.5,2625.0,1508.5264892578125,56408400,0.0,0.0,yfinance_raw_daily
2014-07-24,2612.5,2631.25,2593.75,2612.5,1501.3427734375,111699200,0.0,0.0,yfinance_raw_daily
2014-07-25,2562.5,2587.5,2537.5,2562.5,1472.6087646484375,155539600,0.0,0.0,yfinance_raw_daily
2014-08-04,2568.75,2568.75,2506.25,2568.75,1476.20068359375,154489200,0.0,0.0,yfinance_raw_daily
2014-08-05,2600.0,2600.0,2543.75,2600.0,1494.1591796875,73754000,0.0,0.0,yfinance_raw_daily
2014-08-06,2568.75,2587.5,2556.25,2568.75,1476.20068359375,88148800,0.0,0.0,yfinance_raw_daily
2014-08-07,2550.0,2562.5,2512.5,2550.0,1465.42529296875,94302400,0.0,0.0,yfinance_raw_daily
2014-08-08,2550.0,2556.25,2537.5,2550.0,1465.42529296875,59980800,0.0,0.0,yfinance_raw_daily
2014-08-11,2618.75,2625.0,2568.75,2618.75,1504.9345703125,67873600,0.0,0.0,yfinance_raw_daily
2014-08-12,2625.0,2637.5,2606.25,2625.0,1508.5264892578125,129655600,0.0,0.0,yfinance_raw_daily
2014-08-13,2625.0,2625.0,2587.5,2625.0,1508.5264892578125,52008000,0.0,0.0,yfinance_raw_daily
2014-08-14,2618.75,2631.25,2612.5,2618.75,1504.9345703125,73004400,0.0,0.0,yfinance_raw_daily
2014-08-15,2612.5,2625.0,2606.25,2612.5,1501.3427734375,23361600,0.0,0.0,yfinance_raw_daily
2014-08-18,2618.75,2631.25,2606.25,2618.75,1504.9345703125,98694400,0.0,0.0,yfinance_raw_daily
2014-08-19,2631.25,2637.5,2618.75,2631.25,1512.1180419921875,94816400,0.0,0.0,yfinance_raw_daily
2014-08-20,2637.5,2643.75,2631.25,2637.5,1515.7093505859375,82936400,0.0,0.0,yfinance_raw_daily
2014-08-21,2637.5,2656.25,2625.0,2637.5,1515.7093505859375,105621600,0.0,0.0,yfinance_raw_daily
2014-08-22,2631.25,2662.5,2618.75,2631.25,1512.1180419921875,85906400,0.0,0.0,yfinance_raw_daily
2014-08-25,2643.75,2650.0,2612.5,2643.75,1519.3013916015625,54252400,0.0,0.0,yfinance_raw_daily
2014-08-26,2618.75,2650.0,2612.5,2618.75,1504.9345703125,54252000,0.0,0.0,yfinance_raw_daily
2014-08-27,2637.5,2643.75,2625.0,2637.5,1515.7093505859375,62226400,0.0,0.0,yfinance_raw_daily
2014-08-28,2631.25,2643.75,2612.5,2631.25,1512.1180419921875,35008400,0.0,0.0,yfinance_raw_daily
2014-08-29,2593.75,2637.5,2593.75,2593.75,1490.5677490234375,73210800,0.0,0.0,yfinance_raw_daily
2014-09-01,2625.0,2625.0,2593.75,2625.0,1508.5264892578125,24629200,0.0,0.0,yfinance_raw_daily
2014-09-02,2625.0,2637.5,2625.0,2625.0,1508.5264892578125,54608000,0.0,0.0,yfinance_raw_daily
2014-09-03,2637.5,2643.75,2625.0,2637.5,1515.7093505859375,66228000,0.0,0.0,yfinance_raw_daily
2014-09-04,2637.5,2650.0,2625.0,2637.5,1515.7093505859375,56440800,0.0,0.0,yfinance_raw_daily
2014-09-05,2618.75,2650.0,2612.5,2618.75,1504.9345703125,44564800,0.0,0.0,yfinance_raw_daily
2014-09-08,2637.5,2662.5,2612.5,2637.5,1515.7093505859375,57887200,0.0,0.0,yfinance_raw_daily
2014-09-09,2618.75,2637.5,2612.5,2618.75,1504.9345703125,28824000,0.0,0.0,yfinance_raw_daily
2014-09-10,2612.5,2625.0,2593.75,2612.5,1501.3427734375,82266000,0.0,0.0,yfinance_raw_daily
2014-09-11,2600.0,2625.0,2593.75,2600.0,1494.1591796875,113945600,0.0,0.0,yfinance_raw_daily
2014-09-12,2550.0,2593.75,2550.0,2550.0,1465.42529296875,129725600,0.0,0.0,yfinance_raw_daily
2014-09-15,2556.25,2562.5,2512.5,2556.25,1469.0172119140625,88174800,0.0,0.0,yfinance_raw_daily
2014-09-16,2537.5,2556.25,2531.25,2537.5,1458.2421875,75382800,0.0,0.0,yfinance_raw_daily
2014-09-17,2568.75,2587.5,2543.75,2568.75,1476.20068359375,53077600,0.0,0.0,yfinance_raw_daily
2014-09-18,2606.25,2612.5,2575.0,2606.25,1497.750732421875,49814000,0.0,0.0,yfinance_raw_daily
2014-09-19,2631.25,2650.0,2606.25,2631.25,1512.1180419921875,105775600,0.0,0.0,yfinance_raw_daily
2014-09-22,2662.5,2662.5,2618.75,2662.5,1530.0765380859375,107543200,0.0,0.0,yfinance_raw_daily
2014-09-23,2675.0,2675.0,2643.75,2675.0,1537.26025390625,95076400,0.0,0.0,yfinance_raw_daily
2014-09-24,2637.5,2662.5,2637.5,2637.5,1515.7093505859375,44105200,0.0,0.0,yfinance_raw_daily
2014-09-25,2631.25,2662.5,2581.25,2631.25,1512.1180419921875,158243200,0.0,0.0,yfinance_raw_daily
2014-09-26,2512.5,2550.0,2506.25,2512.5,1443.8751220703125,250778800,0.0,0.0,yfinance_raw_daily
2014-09-29,2518.75,2525.0,2456.25,2518.75,1447.466796875,155296800,0.0,0.0,yfinance_raw_daily
2014-09-30,2518.75,2543.75,2500.0,2518.75,1447.466796875,122798400,0.0,0.0,yfinance_raw_daily
2014-10-01,2525.0,2593.75,2518.75,2525.0,1451.058349609375,89411200,0.0,0.0,yfinance_raw_daily
2014-10-02,2475.0,2543.75,2475.0,2475.0,1422.32470703125,143686400,0.0,0.0,yfinance_raw_daily
2014-10-03,2412.5,2493.75,2387.5,2412.5,1386.4072265625,165436800,0.0,0.0,yfinance_raw_daily
2014-10-06,2456.25,2462.5,2412.5,2456.25,1411.5494384765625,97244800,0.0,0.0,yfinance_raw_daily
2014-10-07,2437.5,2475.0,2431.25,2437.5,1400.7742919921875,108166000,0.0,0.0,yfinance_raw_daily
2014-10-08,2375.0,2425.0,2362.5,2375.0,1364.8570556640625,248045200,0.0,0.0,yfinance_raw_daily
2014-10-09,2387.5,2418.75,2387.5,2387.5,1372.0406494140625,75312400,0.0,0.0,yfinance_raw_daily
2014-10-10,2387.5,2387.5,2337.5,2387.5,1372.0406494140625,101417600,0.0,0.0,yfinance_raw_daily
2014-10-13,2350.0,2368.75,2331.25,2350.0,1350.4901123046875,127360400,0.0,0.0,yfinance_raw_daily
2014-10-14,2362.5,2381.25,2325.0,2362.5,1357.6734619140625,96061600,0.0,0.0,yfinance_raw_daily
2014-10-15,2412.5,2425.0,2375.0,2412.5,1386.4072265625,89523600,0.0,0.0,yfinance_raw_daily
2014-10-16,2412.5,2425.0,2375.0,2412.5,1386.4072265625,78677600,0.0,0.0,yfinance_raw_daily
2014-10-17,2481.25,2525.0,2412.5,2481.25,1425.916259765625,197240400,0.0,0.0,yfinance_raw_daily
2014-10-20,2531.25,2550.0,2493.75,2531.25,1454.6502685546875,152256400,0.0,0.0,yfinance_raw_daily
2014-10-21,2506.25,2537.5,2487.5,2506.25,1440.283203125,66651200,0.0,0.0,yfinance_raw_daily
2014-10-22,2525.0,2531.25,2500.0,2525.0,1451.058349609375,66994800,0.0,0.0,yfinance_raw_daily
2014-10-23,2543.75,2550.0,2512.5,2543.75,1461.83349609375,72442400,0.0,0.0,yfinance_raw_daily
2014-10-24,2525.0,2556.25,2506.25,2525.0,1451.058349609375,81342400,0.0,0.0,yfinance_raw_daily
2014-10-27,2493.75,2543.75,2487.5,2493.75,1433.099853515625,67994000,0.0,0.0,yfinance_raw_daily
2014-10-28,2500.0,2512.5,2481.25,2500.0,1436.6917724609375,46372400,0.0,0.0,yfinance_raw_daily
2014-10-29,2543.75,2543.75,2506.25,2543.75,1461.83349609375,87597600,0.0,0.0,yfinance_raw_daily
2014-10-30,2550.0,2550.0,2518.75,2550.0,1465.42529296875,54349200,0.0,0.0,yfinance_raw_daily
2014-10-31,2587.5,2587.5,2550.0,2587.5,1486.975830078125,71242800,0.0,0.0,yfinance_raw_daily
2014-11-03,2593.75,2606.25,2562.5,2593.75,1490.5677490234375,44479600,0.0,0.0,yfinance_raw_daily
2014-11-04,2625.0,2631.25,2587.5,2625.0,1508.5264892578125,95046800,0.0,0.0,yfinance_raw_daily
2014-11-05,2606.25,2625.0,2575.0,2606.25,1497.750732421875,41149600,0.0,0.0,yfinance_raw_daily
2014-11-06,2581.25,2625.0,2581.25,2581.25,1483.3843994140625,83054800,0.0,0.0,yfinance_raw_daily
2014-11-07,2543.75,2625.0,2525.0,2543.75,1461.83349609375,51160800,0.0,0.0,yfinance_raw_daily
2014-11-10,2575.0,2581.25,2562.5,2575.0,1479.7923583984375,58935600,0.0,0.0,yfinance_raw_daily
2014-11-11,2631.25,2656.25,2575.0,2631.25,1512.1180419921875,104714400,0.0,0.0,yfinance_raw_daily
2014-11-12,2637.5,2681.25,2631.25,2637.5,1515.7093505859375,98669600,0.0,0.0,yfinance_raw_daily
2014-11-13,2606.25,2631.25,2581.25,2606.25,1497.750732421875,63121200,0.0,0.0,yfinance_raw_daily
2014-11-14,2625.0,2637.5,2593.75,2625.0,1508.5264892578125,40744800,0.0,0.0,yfinance_raw_daily
2014-11-17,2625.0,2643.75,2618.75,2618.75,1504.9345703125,71210000,0.0,0.0,yfinance_raw_daily
2014-11-18,2625.0,2662.5,2612.5,2625.0,1508.5264892578125,86135600,0.0,0.0,yfinance_raw_daily
2014-11-19,2631.25,2656.25,2618.75,2631.25,1512.1180419921875,84622800,0.0,0.0,yfinance_raw_daily
2014-11-20,2612.5,2631.25,2606.25,2612.5,1501.3427734375,41546000,0.0,0.0,yfinance_raw_daily
2014-11-21,2593.75,2625.0,2587.5,2593.75,1490.5677490234375,54756400,0.0,0.0,yfinance_raw_daily
2014-11-24,2625.0,2637.5,2612.5,2625.0,1508.5264892578125,66688400,0.0,0.0,yfinance_raw_daily
2014-11-25,2612.5,2643.75,2612.5,2612.5,1501.3427734375,90611600,0.0,0.0,yfinance_raw_daily
2014-11-26,2631.25,2637.5,2618.75,2631.25,1512.1180419921875,46545200,0.0,0.0,yfinance_raw_daily
2014-11-27,2618.75,2631.25,2612.5,2618.75,1504.9345703125,40903600,0.0,0.0,yfinance_raw_daily
2014-11-28,2631.25,2637.5,2612.5,2631.25,1512.1180419921875,44246000,0.0,0.0,yfinance_raw_daily
2014-12-01,2637.5,2662.5,2631.25,2656.25,1526.48486328125,73759200,0.0,0.0,yfinance_raw_daily
2014-12-02,2662.5,2700.0,2656.25,2687.5,1544.443115234375,139652400,0.0,0.0,yfinance_raw_daily
2014-12-03,2687.5,2693.75,2668.75,2675.0,1537.26025390625,50463600,0.0,0.0,yfinance_raw_daily
2014-12-04,2675.0,2687.5,2650.0,2656.25,1526.48486328125,42235600,0.0,0.0,yfinance_raw_daily
2014-12-05,2681.25,2693.75,2662.5,2662.5,1530.0765380859375,40322400,0.0,0.0,yfinance_raw_daily
2014-12-08,2687.5,2693.75,2618.75,2637.5,1515.7093505859375,69020800,0.0,0.0,yfinance_raw_daily
2014-12-09,2631.25,2662.5,2625.0,2631.25,1512.1180419921875,43210000,0.0,0.0,yfinance_raw_daily
2014-12-10,2650.0,2700.0,2637.5,2693.75,1548.0350341796875,67644800,0.0,0.0,yfinance_raw_daily
2014-12-11,2643.75,2700.0,2643.75,2681.25,1540.8516845703125,65913200,0.0,0.0,yfinance_raw_daily
2014-12-12,2675.0,2718.75,2675.0,2687.5,1544.443115234375,75546800,0.0,0.0,yfinance_raw_daily
2014-12-15,2650.0,2662.5,2625.0,2631.25,1512.1180419921875,90029600,0.0,0.0,yfinance_raw_daily
2014-12-16,2612.5,2612.5,2543.75,2556.25,1469.0172119140625,205105600,0.0,0.0,yfinance_raw_daily
2014-12-17,2550.0,2662.5,2531.25,2650.0,1522.8929443359375,97264000,0.0,0.0,yfinance_raw_daily
2014-12-18,2687.5,2693.75,2650.0,2662.5,1530.0765380859375,95119600,0.0,0.0,yfinance_raw_daily
2014-12-19,2687.5,2687.5,2656.25,2662.5,1530.0765380859375,93536800,0.0,0.0,yfinance_raw_daily
2014-12-22,2675.0,2687.5,2656.25,2656.25,1526.48486328125,32630400,0.0,0.0,yfinance_raw_daily
2014-12-23,2675.0,2681.25,2650.0,2650.0,1522.8929443359375,31940800,0.0,0.0,yfinance_raw_daily
2014-12-24,2668.75,2681.25,2662.5,2675.0,1537.26025390625,35045200,0.0,0.0,yfinance_raw_daily
2014-12-29,2675.0,2693.75,2656.25,2681.25,1540.8516845703125,28136000,0.0,0.0,yfinance_raw_daily
2014-12-30,2668.75,2700.0,2668.75,2693.75,1548.0350341796875,48592000,0.0,0.0,yfinance_raw_daily
2015-01-02,2693.75,2712.5,2687.5,2706.25,1555.2188720703125,84546800,0.0,0.0,yfinance_raw_daily
2015-01-05,2712.5,2712.5,2687.5,2700.0,1551.626953125,33363200,0.0,0.0,yfinance_raw_daily
2015-01-06,2687.5,2706.25,2668.75,2681.25,1540.8516845703125,58600000,0.0,0.0,yfinance_raw_daily
2015-01-07,2687.5,2712.5,2681.25,2712.5,1558.8104248046875,50244400,0.0,0.0,yfinance_raw_daily
2015-01-08,2725.0,2743.75,2718.75,2737.5,1573.1773681640625,63649600,0.0,0.0,yfinance_raw_daily
2015-01-09,2750.0,2806.25,2737.5,2781.25,1598.3192138671875,170824800,0.0,0.0,yfinance_raw_daily
2015-01-12,2756.25,2781.25,2706.25,2706.25,1555.2188720703125,53126800,0.0,0.0,yfinance_raw_daily
2015-01-13,2718.75,2718.75,2656.25,2687.5,1544.443115234375,80360800,0.0,0.0,yfinance_raw_daily
2015-01-14,2706.25,2750.0,2681.25,2681.25,1540.8516845703125,59552800,0.0,0.0,yfinance_raw_daily
2015-01-15,2725.0,2737.5,2687.5,2725.0,1565.993896484375,102689600,0.0,0.0,yfinance_raw_daily
2015-01-16,2687.5,2718.75,2675.0,2675.0,1537.26025390625,95469200,0.0,0.0,yfinance_raw_daily
2015-01-19,2662.5,2725.0,2662.5,2681.25,1540.8516845703125,100006000,0.0,0.0,yfinance_raw_daily
2015-01-20,2668.75,2687.5,2650.0,2687.5,1544.443115234375,146990400,0.0,0.0,yfinance_raw_daily
2015-01-21,2687.5,2743.75,2662.5,2743.75,1576.768798828125,74948000,0.0,0.0,yfinance_raw_daily
2015-01-22,2743.75,2756.25,2718.75,2750.0,1580.360595703125,71265600,0.0,0.0,yfinance_raw_daily
2015-01-23,2768.75,2843.75,2768.75,2843.75,1634.2366943359375,134785600,0.0,0.0,yfinance_raw_daily
2015-01-26,2787.5,2800.0,2725.0,2775.0,1594.7275390625,150832800,0.0,0.0,yfinance_raw_daily
2015-01-27,2750.0,2781.25,2750.0,2768.75,1591.13623046875,69340000,0.0,0.0,yfinance_raw_daily
2015-01-28,2787.5,2793.75,2743.75,2743.75,1576.768798828125,64691600,0.0,0.0,yfinance_raw_daily
2015-01-29,2737.5,2756.25,2731.25,2743.75,1576.768798828125,48526400,0.0,0.0,yfinance_raw_daily
2015-01-30,2781.25,2812.5,2750.0,2750.0,1580.360595703125,98195200,0.0,0.0,yfinance_raw_daily
2015-02-02,2750.0,2825.0,2737.5,2812.5,1616.2779541015625,107672400,0.0,0.0,yfinance_raw_daily
2015-02-03,2837.5,2843.75,2818.75,2837.5,1630.644775390625,79597600,0.0,0.0,yfinance_raw_daily
2015-02-04,2850.0,2862.5,2800.0,2843.75,1634.2366943359375,135804000,0.0,0.0,yfinance_raw_daily
2015-02-05,2831.25,2837.5,2806.25,2812.5,1616.2779541015625,111271200,0.0,0.0,yfinance_raw_daily
2015-02-06,2837.5,2868.75,2825.0,2837.5,1630.644775390625,107253600,0.0,0.0,yfinance_raw_daily
2015-02-09,2850.0,2956.25,2850.0,2925.0,1680.9290771484375,128836000,0.0,0.0,yfinance_raw_daily
2015-02-10,2900.0,2925.0,2887.5,2906.25,1670.15380859375,79794000,0.0,0.0,yfinance_raw_daily
2015-02-11,2956.25,2981.25,2925.0,2937.5,1688.11279296875,123487600,0.0,0.0,yfinance_raw_daily
2015-02-12,2981.25,2993.75,2937.5,2943.75,1691.7042236328125,98841600,0.0,0.0,yfinance_raw_daily
2015-02-13,2968.75,2987.5,2962.5,2975.0,1709.6632080078125,84660800,0.0,0.0,yfinance_raw_daily
2015-02-16,2975.0,2987.5,2937.5,2943.75,1691.7042236328125,85716800,0.0,0.0,yfinance_raw_daily
2015-02-17,2943.75,2962.5,2912.5,2925.0,1680.9290771484375,28532800,0.0,0.0,yfinance_raw_daily
2015-02-18,3000.0,3075.0,2968.75,2981.25,1713.25439453125,167238000,0.0,0.0,yfinance_raw_daily
2015-02-20,2993.75,3050.0,2993.75,3018.75,1734.8052978515625,74989600,0.0,0.0,yfinance_raw_daily
2015-02-23,2975.0,3012.5,2956.25,2968.75,1706.071533203125,118434000,0.0,0.0,yfinance_raw_daily
2015-02-24,2950.0,2987.5,2943.75,2968.75,1706.071533203125,81622800,0.0,0.0,yfinance_raw_daily
2015-02-25,2975.0,2981.25,2962.5,2975.0,1709.6632080078125,62958800,0.0,0.0,yfinance_raw_daily
2015-02-26,2950.0,2975.0,2950.0,2968.75,1706.071533203125,76328800,0.0,0.0,yfinance_raw_daily
2015-02-27,2975.0,3018.75,2950.0,3000.0,1724.02978515625,85468000,0.0,0.0,yfinance_raw_daily
2015-03-02,2975.0,3006.25,2975.0,3000.0,1724.02978515625,96851600,0.0,0.0,yfinance_raw_daily
2015-03-03,3025.0,3025.0,2975.0,2975.0,1709.6632080078125,57682400,0.0,0.0,yfinance_raw_daily
2015-03-04,2968.75,2987.5,2956.25,2962.5,1702.4793701171875,47226000,0.0,0.0,yfinance_raw_daily
2015-03-05,2956.25,2993.75,2950.0,2956.25,1698.887939453125,67612800,0.0,0.0,yfinance_raw_daily
2015-03-06,2975.0,3025.0,2962.5,3025.0,1738.39697265625,77888400,0.0,0.0,yfinance_raw_daily
2015-03-09,3000.0,3006.25,2937.5,2950.0,1695.296142578125,105046000,0.0,0.0,yfinance_raw_daily
2015-03-10,2956.25,3018.75,2937.5,3006.25,1727.6217041015625,69672800,0.0,0.0,yfinance_raw_daily
2015-03-11,2975.0,3006.25,2962.5,2968.75,1706.071533203125,98384400,0.0,0.0,yfinance_raw_daily
2015-03-12,2962.5,3006.25,2962.5,2975.0,1709.6632080078125,45096400,0.0,0.0,yfinance_raw_daily
2015-03-13,2993.75,3012.5,2950.0,2975.0,1709.6632080078125,68090000,0.0,0.0,yfinance_raw_daily
2015-03-16,2975.0,3018.75,2962.5,3000.0,1724.02978515625,54288000,0.0,0.0,yfinance_raw_daily
2015-03-17,3012.5,3018.75,2981.25,2993.75,1720.438232421875,51684800,0.0,0.0,yfinance_raw_daily
2015-03-18,2962.5,3000.0,2962.5,2987.5,1716.8465576171875,54372400,0.0,0.0,yfinance_raw_daily
2015-03-19,3025.0,3050.0,3000.0,3050.0,1752.763671875,74428400,0.0,0.0,yfinance_raw_daily
2015-03-20,3025.0,3075.0,3018.75,3050.0,1752.763671875,83046000,0.0,0.0,yfinance_raw_daily
2015-03-23,3068.75,3068.75,3043.75,3043.75,1749.1719970703125,36825600,0.0,0.0,yfinance_raw_daily
2015-03-24,3037.5,3056.25,3012.5,3018.75,1765.682861328125,59234400,53.228226,0.0,yfinance_raw_daily
2015-03-25,3012.5,3043.75,3000.0,3006.25,1758.3717041015625,59409600,0.0,0.0,yfinance_raw_daily
2015-03-26,3006.25,3037.5,2987.5,3012.5,1762.0272216796875,49491600,0.0,0.0,yfinance_raw_daily
2015-03-27,2975.0,3006.25,2962.5,2987.5,1747.40478515625,60455600,0.0,0.0,yfinance_raw_daily
2015-03-30,3012.5,3075.0,3000.0,3025.0,1769.3385009765625,75822800,0.0,0.0,yfinance_raw_daily
2015-03-31,3081.25,3118.75,3062.5,3118.75,1824.173583984375,83456000,0.0,0.0,yfinance_raw_daily
2015-04-01,3118.75,3137.5,3025.0,3068.75,1794.9278564453125,110690000,0.0,0.0,yfinance_raw_daily
2015-04-02,3087.5,3093.75,3006.25,3068.75,1794.9278564453125,56737600,0.0,0.0,yfinance_raw_daily
2015-04-06,3075.0,3081.25,3025.0,3043.75,1780.3052978515625,64304400,0.0,0.0,yfinance_raw_daily
2015-04-07,3050.0,3050.0,3018.75,3043.75,1780.3052978515625,95657600,0.0,0.0,yfinance_raw_daily
2015-04-08,3050.0,3050.0,2993.75,3018.75,1765.682861328125,113430800,0.0,0.0,yfinance_raw_daily
2015-04-09,3018.75,3018.75,2987.5,3000.0,1754.7156982421875,62660800,0.0,0.0,yfinance_raw_daily
2015-04-10,3006.25,3012.5,2993.75,3000.0,1754.7156982421875,52790800,0.0,0.0,yfinance_raw_daily
2015-04-13,3012.5,3012.5,2987.5,3012.5,1762.0272216796875,80286400,0.0,0.0,yfinance_raw_daily
2015-04-14,2975.0,3000.0,2943.75,2962.5,1732.7816162109375,104148800,0.0,0.0,yfinance_raw_daily
2015-04-15,2975.0,3012.5,2956.25,3012.5,1762.0272216796875,47940400,0.0,0.0,yfinance_raw_daily
2015-04-16,3025.0,3025.0,2993.75,3000.0,1754.7156982421875,55566800,0.0,0.0,yfinance_raw_daily
2015-04-17,3018.75,3018.75,2981.25,3000.0,1754.7156982421875,40751200,0.0,0.0,yfinance_raw_daily
2015-04-20,3000.0,3018.75,2975.0,3018.75,1765.682861328125,44488800,0.0,0.0,yfinance_raw_daily
2015-04-21,3025.0,3037.5,3012.5,3037.5,1776.6500244140625,69309200,0.0,0.0,yfinance_raw_daily
2015-04-22,3037.5,3037.5,3006.25,3006.25,1758.3717041015625,44750400,0.0,0.0,yfinance_raw_daily
2015-04-23,2993.75,3012.5,2987.5,3000.0,1754.7156982421875,64157200,0.0,0.0,yfinance_raw_daily
2015-04-24,3006.25,3018.75,2975.0,2975.0,1740.0933837890625,53536400,0.0,0.0,yfinance_raw_daily
2015-04-27,2950.0,2950.0,2775.0,2812.5,1645.0460205078125,308830800,0.0,0.0,yfinance_raw_daily
2015-04-28,2725.0,2743.75,2662.5,2725.0,1593.8670654296875,279868000,0.0,0.0,yfinance_raw_daily
2015-04-29,2725.0,2737.5,2587.5,2637.5,1542.6873779296875,316523200,0.0,0.0,yfinance_raw_daily
2015-04-30,2643.75,2700.0,2618.75,2687.5,1571.932861328125,195589600,0.0,0.0,yfinance_raw_daily
2015-05-04,2693.75,2825.0,2675.0,2793.75,1634.079345703125,189657600,0.0,0.0,yfinance_raw_daily
2015-05-05,2800.0,2843.75,2781.25,2806.25,1641.390625,153516400,0.0,0.0,yfinance_raw_daily
2015-05-06,2756.25,2850.0,2756.25,2850.0,1666.980224609375,128029200,0.0,0.0,yfinance_raw_daily
2015-05-07,2781.25,2837.5,2762.5,2793.75,1634.079345703125,111124000,0.0,0.0,yfinance_raw_daily
2015-05-08,2831.25,2837.5,2781.25,2793.75,1634.079345703125,51254800,0.0,0.0,yfinance_raw_daily
2015-05-11,2793.75,2825.0,2781.25,2781.25,1626.767578125,34354800,0.0,0.0,yfinance_raw_daily
2015-05-12,2793.75,2837.5,2781.25,2818.75,1648.7017822265625,96191200,0.0,0.0,yfinance_raw_daily
2015-05-13,2787.5,2825.0,2787.5,2812.5,1645.0460205078125,138148400,0.0,0.0,yfinance_raw_daily
2015-05-15,2800.0,2806.25,2731.25,2737.5,1601.1783447265625,102507600,0.0,0.0,yfinance_raw_daily
2015-05-18,2737.5,2787.5,2737.5,2775.0,1623.1121826171875,106922000,0.0,0.0,yfinance_raw_daily
2015-05-19,2775.0,2806.25,2762.5,2800.0,1637.7347412109375,66192000,0.0,0.0,yfinance_raw_daily
2015-05-20,2825.0,2837.5,2793.75,2818.75,1648.7017822265625,74743200,0.0,0.0,yfinance_raw_daily
2015-05-21,2837.5,2912.5,2812.5,2906.25,1699.880859375,120901600,0.0,0.0,yfinance_raw_daily
2015-05-22,2925.0,2931.25,2837.5,2856.25,1670.6356201171875,83152000,0.0,0.0,yfinance_raw_daily
2015-05-25,2812.5,2825.0,2781.25,2787.5,1630.4237060546875,100023600,0.0,0.0,yfinance_raw_daily
2015-05-26,2787.5,2825.0,2781.25,2781.25,1626.767578125,88446000,0.0,0.0,yfinance_raw_daily
2015-05-27,2750.0,2800.0,2750.0,2750.0,1608.489501953125,98622000,0.0,0.0,yfinance_raw_daily
2015-05-28,2756.25,2775.0,2687.5,2700.0,1579.2442626953125,160551600,0.0,0.0,yfinance_raw_daily
2015-05-29,2687.5,2706.25,2681.25,2693.75,1575.5885009765625,158411600,0.0,0.0,yfinance_raw_daily
2015-06-01,2700.0,2706.25,2650.0,2675.0,1564.621826171875,116245200,0.0,0.0,yfinance_raw_daily
2015-06-03,2656.25,2675.0,2612.5,2637.5,1542.6873779296875,145928400,0.0,0.0,yfinance_raw_daily
2015-06-04,2631.25,2650.0,2600.0,2631.25,1539.031982421875,100190400,0.0,0.0,yfinance_raw_daily
2015-06-05,2631.25,2668.75,2612.5,2668.75,1560.9659423828125,67930800,0.0,0.0,yfinance_raw_daily
2015-06-08,2643.75,2656.25,2562.5,2575.0,1506.131103515625,97918000,0.0,0.0,yfinance_raw_daily
2015-06-09,2525.0,2525.0,2425.0,2487.5,1454.9520263671875,196405200,0.0,0.0,yfinance_raw_daily
2015-06-10,2487.5,2518.75,2431.25,2468.75,1443.9849853515625,110615600,0.0,0.0,yfinance_raw_daily
2015-06-11,2487.5,2500.0,2406.25,2418.75,1414.73974609375,106057200,0.0,0.0,yfinance_raw_daily
2015-06-12,2425.0,2493.75,2418.75,2475.0,1447.6405029296875,108184000,0.0,0.0,yfinance_raw_daily
2015-06-15,2450.0,2462.5,2356.25,2356.25,1378.18310546875,92020000,0.0,0.0,yfinance_raw_daily
2015-06-16,2375.0,2418.75,2337.5,2387.5,1396.46142578125,93402800,0.0,0.0,yfinance_raw_daily
2015-06-17,2412.5,2487.5,2412.5,2456.25,1436.6734619140625,170708800,0.0,0.0,yfinance_raw_daily
2015-06-18,2475.0,2493.75,2412.5,2418.75,1414.73974609375,116189200,0.0,0.0,yfinance_raw_daily
2015-06-19,2475.0,2512.5,2462.5,2500.0,1462.263427734375,139460400,0.0,0.0,yfinance_raw_daily
2015-06-22,2518.75,2525.0,2481.25,2493.75,1458.607421875,51412000,0.0,0.0,yfinance_raw_daily
2015-06-23,2500.0,2518.75,2468.75,2512.5,1469.5745849609375,115338000,0.0,0.0,yfinance_raw_daily
2015-06-24,2525.0,2562.5,2456.25,2475.0,1447.6405029296875,136800000,0.0,0.0,yfinance_raw_daily
2015-06-25,2487.5,2543.75,2468.75,2500.0,1462.263427734375,127306400,0.0,0.0,yfinance_raw_daily
2015-06-26,2518.75,2537.5,2481.25,2525.0,1476.8857421875,42988000,0.0,0.0,yfinance_raw_daily
2015-06-29,2487.5,2512.5,2475.0,2506.25,1465.9188232421875,51673600,0.0,0.0,yfinance_raw_daily
2015-06-30,2531.25,2543.75,2487.5,2512.5,1469.5745849609375,66377600,0.0,0.0,yfinance_raw_daily
2015-07-01,2531.25,2531.25,2493.75,2500.0,1462.263427734375,68338800,0.0,0.0,yfinance_raw_daily
2015-07-02,2475.0,2537.5,2475.0,2518.75,1473.230224609375,88189600,0.0,0.0,yfinance_raw_daily
2015-07-03,2531.25,2550.0,2500.0,2543.75,1487.8526611328125,44312000,0.0,0.0,yfinance_raw_daily
2015-07-06,2506.25,2525.0,2475.0,2481.25,1451.296142578125,40962400,0.0,0.0,yfinance_raw_daily
2015-07-07,2512.5,2537.5,2500.0,2537.5,1484.197265625,76844800,0.0,0.0,yfinance_raw_daily
2015-07-08,2500.0,2512.5,2475.0,2487.5,1454.9520263671875,68092000,0.0,0.0,yfinance_raw_daily
2015-07-09,2475.0,2500.0,2456.25,2475.0,1447.6405029296875,67824800,0.0,0.0,yfinance_raw_daily
2015-07-10,2493.75,2512.5,2487.5,2500.0,1462.263427734375,93061200,0.0,0.0,yfinance_raw_daily
2015-07-13,2500.0,2518.75,2493.75,2512.5,1469.5745849609375,121620800,0.0,0.0,yfinance_raw_daily
2015-07-14,2525.0,2550.0,2518.75,2531.25,1480.54150390625,93382000,0.0,0.0,yfinance_raw_daily
2015-07-15,2543.75,2543.75,2487.5,2500.0,1462.263427734375,58466000,0.0,0.0,yfinance_raw_daily
2015-07-22,2550.0,2600.0,2531.25,2600.0,1520.753662109375,146678400,0.0,0.0,yfinance_raw_daily
2015-07-23,2575.0,2593.75,2525.0,2525.0,1476.8857421875,80344400,0.0,0.0,yfinance_raw_daily
2015-07-24,2512.5,2525.0,2487.5,2500.0,1462.263427734375,101181200,0.0,0.0,yfinance_raw_daily
2015-07-27,2493.75,2512.5,2381.25,2387.5,1396.46142578125,139128000,0.0,0.0,yfinance_raw_daily
2015-07-28,2343.75,2356.25,2318.75,2343.75,1370.8717041015625,107764400,0.0,0.0,yfinance_raw_daily
2015-07-29,2362.5,2387.5,2343.75,2375.0,1389.150146484375,111259600,0.0,0.0,yfinance_raw_daily
2015-07-30,2400.0,2412.5,2362.5,2381.25,1392.8057861328125,115432800,0.0,0.0,yfinance_raw_daily
2015-07-31,2375.0,2393.75,2331.25,2381.25,1392.8057861328125,226184800,0.0,0.0,yfinance_raw_daily
2015-08-03,2350.0,2431.25,2350.0,2425.0,1418.3951416015625,189702800,0.0,0.0,yfinance_raw_daily
2015-08-04,2425.0,2443.75,2368.75,2381.25,1392.8057861328125,172058000,0.0,0.0,yfinance_raw_daily
2015-08-05,2400.0,2450.0,2381.25,2450.0,1433.0179443359375,182880400,0.0,0.0,yfinance_raw_daily
2015-08-06,2475.0,2518.75,2437.5,2450.0,1433.0179443359375,138502000,0.0,0.0,yfinance_raw_daily
2015-08-07,2443.75,2443.75,2406.25,2412.5,1411.0838623046875,60834400,0.0,0.0,yfinance_raw_daily
2015-08-10,2437.5,2437.5,2362.5,2381.25,1392.8057861328125,64787200,0.0,0.0,yfinance_raw_daily
2015-08-11,2406.25,2412.5,2281.25,2287.5,1337.970947265625,166308400,0.0,0.0,yfinance_raw_daily
2015-08-12,2250.0,2250.0,2131.25,2200.0,1286.791748046875,199885200,0.0,0.0,yfinance_raw_daily
2015-08-13,2218.75,2293.75,2212.5,2275.0,1330.6595458984375,148333600,0.0,0.0,yfinance_raw_daily
2015-08-14,2275.0,2275.0,2237.5,2250.0,1316.036865234375,122529600,0.0,0.0,yfinance_raw_daily
2015-08-18,2237.5,2250.0,2187.5,2200.0,1286.791748046875,83244000,0.0,0.0,yfinance_raw_daily
2015-08-19,2200.0,2218.75,2156.25,2175.0,1272.169189453125,92040000,0.0,0.0,yfinance_raw_daily
2015-08-20,2150.0,2175.0,2131.25,2175.0,1272.169189453125,87566000,0.0,0.0,yfinance_raw_daily
2015-08-21,2125.0,2137.5,2100.0,2125.0,1242.9237060546875,136115600,0.0,0.0,yfinance_raw_daily
2015-08-24,2068.75,2087.5,2031.25,2043.75,1195.400390625,129089600,0.0,0.0,yfinance_raw_daily
2015-08-25,2050.0,2162.5,2050.0,2125.0,1242.9237060546875,296784800,0.0,0.0,yfinance_raw_daily
2015-08-26,2137.5,2168.75,2087.5,2137.5,1250.235107421875,202368000,0.0,0.0,yfinance_raw_daily
2015-08-27,2187.5,2256.25,2175.0,2250.0,1316.036865234375,219296800,0.0,0.0,yfinance_raw_daily
2015-08-28,2300.0,2318.75,2243.75,2268.75,1327.004150390625,174394000,0.0,0.0,yfinance_raw_daily
2015-08-31,2243.75,2281.25,2237.5,2275.0,1330.6595458984375,107618400,0.0,0.0,yfinance_raw_daily
2015-09-01,2250.0,2250.0,2168.75,2181.25,1275.82470703125,74196800,0.0,0.0,yfinance_raw_daily
2015-09-02,2175.0,2218.75,2150.0,2200.0,1286.791748046875,66349600,0.0,0.0,yfinance_raw_daily
2015-09-03,2212.5,2237.5,2193.75,2206.25,1290.447265625,95144800,0.0,0.0,yfinance_raw_daily
2015-09-04,2200.0,2218.75,2181.25,2206.25,1290.447265625,41096400,0.0,0.0,yfinance_raw_daily
2015-09-07,2200.0,2206.25,2175.0,2187.5,1279.4801025390625,54352800,0.0,0.0,yfinance_raw_daily
2015-09-08,2187.5,2206.25,2175.0,2200.0,1286.791748046875,57412800,0.0,0.0,yfinance_raw_daily
2015-09-09,2218.75,2231.25,2150.0,2175.0,1272.169189453125,135401200,0.0,0.0,yfinance_raw_daily
2015-09-10,2162.5,2162.5,2137.5,2150.0,1257.54638671875,70959200,0.0,0.0,yfinance_raw_daily
2015-09-11,2175.0,2175.0,2162.5,2162.5,1264.857666015625,46889600,0.0,0.0,yfinance_raw_daily
2015-09-14,2175.0,2175.0,2150.0,2162.5,1264.857666015625,41073600,0.0,0.0,yfinance_raw_daily
2015-09-15,2156.25,2175.0,2150.0,2175.0,1272.169189453125,32625200,0.0,0.0,yfinance_raw_daily
2015-09-16,2175.0,2181.25,2150.0,2162.5,1264.857666015625,32254800,0.0,0.0,yfinance_raw_daily
2015-09-17,2156.25,2181.25,2150.0,2162.5,1264.857666015625,112392000,0.0,0.0,yfinance_raw_daily
2015-09-18,2175.0,2187.5,2156.25,2162.5,1264.857666015625,94615200,0.0,0.0,yfinance_raw_daily
2015-09-21,2162.5,2175.0,2150.0,2150.0,1257.54638671875,66774000,0.0,0.0,yfinance_raw_daily
2015-09-22,2150.0,2162.5,2143.75,2150.0,1257.54638671875,34276400,0.0,0.0,yfinance_raw_daily
2015-09-23,2125.0,2125.0,2006.25,2012.5,1177.1219482421875,75746400,0.0,0.0,yfinance_raw_daily
2015-09-25,2000.0,2000.0,1931.25,1931.25,1129.598388671875,138808000,0.0,0.0,yfinance_raw_daily
2015-09-28,1931.25,1943.75,1881.25,1881.25,1100.3529052734375,63378800,0.0,0.0,yfinance_raw_daily
2015-09-29,1825.0,1943.75,1787.5,1943.75,1136.90966796875,63959200,0.0,0.0,yfinance_raw_daily
2015-09-30,1962.5,2000.0,1956.25,1981.25,1158.84375,118378400,0.0,0.0,yfinance_raw_daily
2015-10-01,2000.0,2031.25,1981.25,1993.75,1166.1546630859375,63633600,0.0,0.0,yfinance_raw_daily
2015-10-02,1993.75,2000.0,1918.75,1918.75,1122.287109375,89269200,0.0,0.0,yfinance_raw_daily
2015-10-05,1962.5,2050.0,1950.0,2050.0,1199.0557861328125,56322400,0.0,0.0,yfinance_raw_daily
2015-10-06,2075.0,2231.25,2075.0,2225.0,1301.414306640625,179906000,0.0,0.0,yfinance_raw_daily
2015-10-07,2250.0,2268.75,2175.0,2231.25,1305.06982421875,118109200,0.0,0.0,yfinance_raw_daily
2015-10-08,2231.25,2243.75,2200.0,2225.0,1301.414306640625,108926400,0.0,0.0,yfinance_raw_daily
2015-10-09,2262.5,2318.75,2256.25,2275.0,1330.6595458984375,177488400,0.0,0.0,yfinance_raw_daily
2015-10-12,2250.0,2306.25,2250.0,2293.75,1341.6265869140625,66492800,0.0,0.0,yfinance_raw_daily
2015-10-13,2281.25,2293.75,2237.5,2237.5,1308.7257080078125,123736400,0.0,0.0,yfinance_raw_daily
2015-10-15,2237.5,2275.0,2212.5,2225.0,1301.414306640625,80592800,0.0,0.0,yfinance_raw_daily
2015-10-16,2225.0,2268.75,2225.0,2231.25,1305.06982421875,65777200,0.0,0.0,yfinance_raw_daily
2015-10-19,2237.5,2287.5,2237.5,2287.5,1337.970947265625,54853200,0.0,0.0,yfinance_raw_daily
2015-10-20,2287.5,2312.5,2256.25,2312.5,1352.593505859375,65063600,0.0,0.0,yfinance_raw_daily
2015-10-21,2281.25,2350.0,2281.25,2306.25,1348.937744140625,65543200,0.0,0.0,yfinance_raw_daily
2015-10-22,2318.75,2331.25,2293.75,2293.75,1341.6265869140625,66396000,0.0,0.0,yfinance_raw_daily
2015-10-23,2337.5,2362.5,2300.0,2350.0,1374.5274658203125,142408000,0.0,0.0,yfinance_raw_daily
2015-10-26,2375.0,2406.25,2368.75,2393.75,1400.116943359375,145286400,0.0,0.0,yfinance_raw_daily
2015-10-27,2375.0,2412.5,2356.25,2412.5,1411.0838623046875,80484400,0.0,0.0,yfinance_raw_daily
2015-10-28,2381.25,2406.25,2362.5,2362.5,1381.838623046875,72526000,0.0,0.0,yfinance_raw_daily
2015-10-29,2350.0,2356.25,2237.5,2250.0,1316.036865234375,113545600,0.0,0.0,yfinance_raw_daily
2015-10-30,2206.25,2231.25,2175.0,2175.0,1272.169189453125,183069200,0.0,0.0,yfinance_raw_daily
2015-11-02,2168.75,2175.0,2100.0,2137.5,1250.235107421875,84406800,0.0,0.0,yfinance_raw_daily
2015-11-03,2175.0,2268.75,2175.0,2212.5,1294.1029052734375,133874000,0.0,0.0,yfinance_raw_daily
2015-11-04,2218.75,2287.5,2218.75,2275.0,1330.6595458984375,104358000,0.0,0.0,yfinance_raw_daily
2015-11-05,2281.25,2287.5,2225.0,2243.75,1312.3814697265625,76689200,0.0,0.0,yfinance_raw_daily
2015-11-06,2225.0,2268.75,2225.0,2243.75,1312.3814697265625,39835600,0.0,0.0,yfinance_raw_daily
2015-11-09,2200.0,2225.0,2175.0,2175.0,1272.169189453125,66005200,0.0,0.0,yfinance_raw_daily
2015-11-10,2131.25,2175.0,2100.0,2100.0,1228.301025390625,122132000,0.0,0.0,yfinance_raw_daily
2015-11-11,2081.25,2087.5,2037.5,2043.75,1195.400390625,122912000,0.0,0.0,yfinance_raw_daily
2015-11-12,2043.75,2112.5,2043.75,2093.75,1224.6455078125,101481200,0.0,0.0,yfinance_raw_daily
2015-11-13,2075.0,2168.75,2068.75,2168.75,1268.51318359375,86066400,0.0,0.0,yfinance_raw_daily
2015-11-16,2112.5,2131.25,2087.5,2125.0,1242.9237060546875,54983200,0.0,0.0,yfinance_raw_daily
2015-11-17,2131.25,2168.75,2131.25,2156.25,1261.2021484375,75114400,0.0,0.0,yfinance_raw_daily
2015-11-18,2175.0,2175.0,2137.5,2156.25,1261.2021484375,49671200,0.0,0.0,yfinance_raw_daily
2015-11-19,2175.0,2193.75,2168.75,2193.75,1283.1358642578125,61782000,0.0,0.0,yfinance_raw_daily
2015-11-20,2162.5,2187.5,2143.75,2168.75,1268.51318359375,54798400,0.0,0.0,yfinance_raw_daily
2015-11-23,2181.25,2212.5,2181.25,2181.25,1275.82470703125,45954000,0.0,0.0,yfinance_raw_daily
2015-11-24,2150.0,2187.5,2150.0,2175.0,1272.169189453125,26436400,0.0,0.0,yfinance_raw_daily
2015-11-25,2181.25,2237.5,2175.0,2231.25,1305.06982421875,65648400,0.0,0.0,yfinance_raw_daily
2015-11-26,2243.75,2318.75,2225.0,2318.75,1356.2490234375,114857200,0.0,0.0,yfinance_raw_daily
2015-11-27,2306.25,2318.75,2243.75,2243.75,1312.3814697265625,50550800,0.0,0.0,yfinance_raw_daily
2015-11-30,2225.0,2250.0,2125.0,2125.0,1242.9237060546875,291126000,0.0,0.0,yfinance_raw_daily
2015-12-01,2187.5,2243.75,2187.5,2225.0,1301.414306640625,81230800,0.0,0.0,yfinance_raw_daily
2015-12-02,2231.25,2243.75,2212.5,2225.0,1301.414306640625,45067200,0.0,0.0,yfinance_raw_daily
2015-12-03,2212.5,2231.25,2200.0,2200.0,1286.791748046875,46170000,0.0,0.0,yfinance_raw_daily
2015-12-04,2200.0,2206.25,2175.0,2187.5,1279.4801025390625,66563200,0.0,0.0,yfinance_raw_daily
2015-12-07,2212.5,2287.5,2206.25,2275.0,1330.6595458984375,65284000,0.0,0.0,yfinance_raw_daily
2015-12-08,2250.0,2268.75,2225.0,2250.0,1316.036865234375,75222000,0.0,0.0,yfinance_raw_daily
2015-12-09,2250.0,2250.0,2250.0,2250.0,1316.036865234375,0,0.0,0.0,yfinance_raw_daily
2015-12-10,2200.0,2218.75,2187.5,2218.75,1297.758544921875,79034800,0.0,0.0,yfinance_raw_daily
2015-12-11,2231.25,2237.5,2187.5,2187.5,1279.4801025390625,45985200,0.0,0.0,yfinance_raw_daily
2015-12-14,2125.0,2156.25,2112.5,2156.25,1261.2021484375,78568800,0.0,0.0,yfinance_raw_daily
2015-12-15,2168.75,2187.5,2143.75,2187.5,1279.4801025390625,55228000,0.0,0.0,yfinance_raw_daily
2015-12-16,2212.5,2237.5,2187.5,2237.5,1308.7257080078125,87191200,0.0,0.0,yfinance_raw_daily
2015-12-17,2287.5,2287.5,2243.75,2275.0,1330.6595458984375,90298000,0.0,0.0,yfinance_raw_daily
2015-12-18,2243.75,2243.75,2181.25,2181.25,1275.82470703125,93092000,0.0,0.0,yfinance_raw_daily
2015-12-21,2181.25,2218.75,2181.25,2218.75,1297.758544921875,16910000,0.0,0.0,yfinance_raw_daily
2015-12-22,2231.25,2231.25,2200.0,2218.75,1297.758544921875,44916000,0.0,0.0,yfinance_raw_daily
2015-12-23,2212.5,2225.0,2187.5,2218.75,1297.758544921875,51713200,0.0,0.0,yfinance_raw_daily
2015-12-28,2175.0,2268.75,2175.0,2250.0,1316.036865234375,66709200,0.0,0.0,yfinance_raw_daily
2015-12-29,2268.75,2281.25,2268.75,2281.25,1334.3150634765625,43552000,0.0,0.0,yfinance_raw_daily
2015-12-30,2281.25,2312.5,2275.0,2312.5,1352.593505859375,104390800,0.0,0.0,yfinance_raw_daily
2016-01-04,2300.0,2337.5,2268.75,2312.5,1352.593505859375,60667600,0.0,0.0,yfinance_raw_daily
2016-01-05,2312.5,2387.5,2312.5,2343.75,1370.8717041015625,106152400,0.0,0.0,yfinance_raw_daily
2016-01-06,2362.5,2381.25,2337.5,2337.5,1367.2161865234375,106147600,0.0,0.0,yfinance_raw_daily
2016-01-07,2287.5,2312.5,2275.0,2275.0,1330.6595458984375,92196400,0.0,0.0,yfinance_raw_daily
2016-01-08,2275.0,2318.75,2275.0,2318.75,1356.2490234375,97109200,0.0,0.0,yfinance_raw_daily
2016-01-11,2275.0,2287.5,2250.0,2275.0,1330.6595458984375,62974000,0.0,0.0,yfinance_raw_daily
2016-01-12,2300.0,2318.75,2275.0,2300.0,1345.2822265625,77847200,0.0,0.0,yfinance_raw_daily
2016-01-13,2318.75,2362.5,2300.0,2337.5,1367.2161865234375,132198400,0.0,0.0,yfinance_raw_daily
2016-01-14,2275.0,2368.75,2275.0,2337.5,1367.2161865234375,120844000,0.0,0.0,yfinance_raw_daily
2016-01-15,2337.5,2356.25,2318.75,2318.75,1356.2490234375,41635600,0.0,0.0,yfinance_raw_daily
2016-01-18,2312.5,2331.25,2312.5,2318.75,1356.2490234375,61618000,0.0,0.0,yfinance_raw_daily
2016-01-19,2306.25,2350.0,2306.25,2343.75,1370.8717041015625,33891200,0.0,0.0,yfinance_raw_daily
2016-01-20,2331.25,2350.0,2325.0,2331.25,1363.560546875,111518800,0.0,0.0,yfinance_raw_daily
2016-01-21,2331.25,2343.75,2312.5,2325.0,1359.90478515625,111117200,0.0,0.0,yfinance_raw_daily
2016-01-22,2325.0,2350.0,2318.75,2343.75,1370.8717041015625,102318000,0.0,0.0,yfinance_raw_daily
2016-01-25,2350.0,2387.5,2343.75,2381.25,1392.8057861328125,52867200,0.0,0.0,yfinance_raw_daily
2016-01-26,2362.5,2387.5,2356.25,2381.25,1392.8057861328125,68705200,0.0,0.0,yfinance_raw_daily
2016-01-27,2387.5,2400.0,2362.5,2387.5,1396.46142578125,97861600,0.0,0.0,yfinance_raw_daily
2016-01-28,2387.5,2387.5,2356.25,2375.0,1389.150146484375,84751600,0.0,0.0,yfinance_raw_daily
2016-01-29,2375.0,2400.0,2356.25,2400.0,1403.772705078125,118885600,0.0,0.0,yfinance_raw_daily
2016-02-01,2400.0,2412.5,2343.75,2406.25,1407.4283447265625,73618400,0.0,0.0,yfinance_raw_daily
2016-02-02,2393.75,2400.0,2350.0,2375.0,1389.150146484375,50634000,0.0,0.0,yfinance_raw_daily
2016-02-03,2350.0,2356.25,2337.5,2343.75,1370.8717041015625,62028400,0.0,0.0,yfinance_raw_daily
2016-02-04,2368.75,2443.75,2350.0,2400.0,1403.772705078125,176216000,0.0,0.0,yfinance_raw_daily
2016-02-05,2400.0,2600.0,2400.0,2587.5,1513.4425048828125,244064000,0.0,0.0,yfinance_raw_daily
2016-02-09,2550.0,2568.75,2512.5,2512.5,1469.5745849609375,56263200,0.0,0.0,yfinance_raw_daily
2016-02-10,2500.0,2525.0,2450.0,2456.25,1436.6734619140625,56126000,0.0,0.0,yfinance_raw_daily
2016-02-11,2456.25,2506.25,2456.25,2500.0,1462.263427734375,144164400,0.0,0.0,yfinance_raw_daily
2016-02-12,2475.0,2487.5,2412.5,2431.25,1422.051025390625,136429600,0.0,0.0,yfinance_raw_daily
2016-02-15,2450.0,2456.25,2431.25,2450.0,1433.0179443359375,110414800,0.0,0.0,yfinance_raw_daily
2016-02-16,2456.25,2462.5,2431.25,2437.5,1425.7066650390625,90171200,0.0,0.0,yfinance_raw_daily
2016-02-17,2431.25,2450.0,2418.75,2425.0,1418.3951416015625,103568000,0.0,0.0,yfinance_raw_daily
2016-02-18,2443.75,2468.75,2425.0,2431.25,1422.051025390625,205636800,0.0,0.0,yfinance_raw_daily
2016-02-19,2368.75,2368.75,2300.0,2325.0,1359.90478515625,381658000,0.0,0.0,yfinance_raw_daily
2016-02-22,2306.25,2368.75,2306.25,2350.0,1374.5274658203125,122025200,0.0,0.0,yfinance_raw_daily
2016-02-23,2312.5,2343.75,2293.75,2312.5,1352.593505859375,78939200,0.0,0.0,yfinance_raw_daily
2016-02-24,2337.5,2375.0,2318.75,2350.0,1374.5274658203125,76399200,0.0,0.0,yfinance_raw_daily
2016-02-25,2350.0,2362.5,2312.5,2331.25,1363.560546875,59981600,0.0,0.0,yfinance_raw_daily
2016-02-26,2343.75,2381.25,2343.75,2368.75,1385.4942626953125,59542000,0.0,0.0,yfinance_raw_daily
2016-02-29,2368.75,2387.5,2343.75,2387.5,1396.46142578125,109371200,0.0,0.0,yfinance_raw_daily
2016-03-01,2368.75,2387.5,2343.75,2362.5,1381.838623046875,75571600,0.0,0.0,yfinance_raw_daily
2016-03-02,2387.5,2431.25,2375.0,2406.25,1407.4283447265625,125545600,0.0,0.0,yfinance_raw_daily
2016-03-03,2425.0,2443.75,2400.0,2425.0,1418.3951416015625,80812000,0.0,0.0,yfinance_raw_daily
2016-03-04,2425.0,2443.75,2406.25,2443.75,1429.3624267578125,69759600,0.0,0.0,yfinance_raw_daily
2016-03-07,2462.5,2500.0,2450.0,2493.75,1458.607421875,176466000,0.0,0.0,yfinance_raw_daily
2016-03-08,2500.0,2506.25,2475.0,2500.0,1462.263427734375,145376000,0.0,0.0,yfinance_raw_daily
2016-03-10,2450.0,2525.0,2450.0,2525.0,1476.8857421875,124006000,0.0,0.0,yfinance_raw_daily
2016-03-11,2525.0,2525.0,2525.0,2525.0,1476.8857421875,0,0.0,0.0,yfinance_raw_daily
2016-03-14,2525.0,2525.0,2525.0,2525.0,1476.8857421875,0,0.0,0.0,yfinance_raw_daily
2016-03-15,2562.5,2562.5,2537.5,2543.75,1487.8526611328125,57556000,0.0,0.0,yfinance_raw_daily
2016-03-16,2550.0,2550.0,2500.0,2543.75,1487.8526611328125,46800000,0.0,0.0,yfinance_raw_daily
2016-03-17,2562.5,2562.5,2500.0,2525.0,1476.8857421875,75276400,0.0,0.0,yfinance_raw_daily
2016-03-18,2543.75,2543.75,2500.0,2525.0,1476.8857421875,110007200,0.0,0.0,yfinance_raw_daily
2016-03-21,2525.0,2550.0,2525.0,2537.5,1484.197265625,137365600,0.0,0.0,yfinance_raw_daily
2016-03-22,2550.0,2581.25,2543.75,2575.0,1506.131103515625,87624800,0.0,0.0,yfinance_raw_daily
2016-03-23,2581.25,2581.25,2550.0,2562.5,1498.81982421875,103693600,0.0,0.0,yfinance_raw_daily
2016-03-24,2550.0,2581.25,2550.0,2556.25,1495.1641845703125,115484400,0.0,0.0,yfinance_raw_daily
2016-03-28,2543.75,2556.25,2506.25,2518.75,1473.230224609375,71154000,0.0,0.0,yfinance_raw_daily
2016-03-29,2518.75,2550.0,2500.0,2550.0,1491.5084228515625,90892400,0.0,0.0,yfinance_raw_daily
2016-03-30,2525.0,2587.5,2512.5,2587.5,1553.256103515625,178441600,65.3624,0.0,yfinance_raw_daily
2016-03-31,2587.5,2593.75,2550.0,2575.0,1545.752197265625,103862400,0.0,0.0,yfinance_raw_daily
2016-04-01,2556.25,2568.75,2481.25,2525.0,1515.7376708984375,60710400,0.0,0.0,yfinance_raw_daily
2016-04-04,2525.0,2543.75,2518.75,2543.75,1526.9930419921875,36848800,0.0,0.0,yfinance_raw_daily
2016-04-05,2550.0,2600.0,2537.5,2593.75,1557.008056640625,99461600,0.0,0.0,yfinance_raw_daily
2016-04-06,2612.5,2612.5,2568.75,2593.75,1557.008056640625,39915200,0.0,0.0,yfinance_raw_daily
2016-04-07,2612.5,2612.5,2537.5,2575.0,1545.752197265625,70107200,0.0,0.0,yfinance_raw_daily
2016-04-08,2512.5,2525.0,2443.75,2462.5,1478.2193603515625,181048000,0.0,0.0,yfinance_raw_daily
2016-04-11,2462.5,2462.5,2462.5,2462.5,1478.2193603515625,0,0.0,0.0,yfinance_raw_daily
2016-04-12,2381.25,2412.5,2362.5,2387.5,1433.197509765625,153933200,0.0,0.0,yfinance_raw_daily
2016-04-13,2387.5,2387.5,2387.5,2387.5,1433.197509765625,0,0.0,0.0,yfinance_raw_daily
2016-04-14,2387.5,2387.5,2387.5,2387.5,1433.197509765625,0,0.0,0.0,yfinance_raw_daily
2016-04-15,2387.5,2387.5,2387.5,2387.5,1433.197509765625,0,0.0,0.0,yfinance_raw_daily
2016-04-18,2387.5,2387.5,2387.5,2387.5,1433.197509765625,0,0.0,0.0,yfinance_raw_daily
2016-04-19,2387.5,2387.5,2387.5,2387.5,1433.197509765625,0,0.0,0.0,yfinance_raw_daily
2016-04-20,2406.25,2450.0,2400.0,2437.5,1463.212158203125,88110800,0.0,0.0,yfinance_raw_daily
2016-04-21,2437.5,2481.25,2437.5,2468.75,1481.971435546875,78975600,0.0,0.0,yfinance_raw_daily
2016-04-22,2468.75,2500.0,2450.0,2493.75,1496.978271484375,70598400,0.0,0.0,yfinance_raw_daily
2016-04-25,2487.5,2487.5,2381.25,2418.75,1451.956787109375,100451600,0.0,0.0,yfinance_raw_daily
2016-04-26,2400.0,2400.0,2318.75,2375.0,1425.6939697265625,143723600,0.0,0.0,yfinance_raw_daily
2016-04-27,2350.0,2412.5,2343.75,2406.25,1444.4532470703125,77419600,0.0,0.0,yfinance_raw_daily
2016-04-28,2412.5,2456.25,2406.25,2456.25,1474.4676513671875,70421200,0.0,0.0,yfinance_raw_daily
2016-04-29,2418.75,2431.25,2387.5,2412.5,1448.2049560546875,51991600,0.0,0.0,yfinance_raw_daily
2016-05-02,2406.25,2412.5,2350.0,2387.5,1433.197509765625,39910400,0.0,0.0,yfinance_raw_daily
2016-05-03,2425.0,2468.75,2412.5,2462.5,1478.2193603515625,87932400,0.0,0.0,yfinance_raw_daily
2016-05-04,2443.75,2450.0,2400.0,2425.0,1455.7083740234375,86007600,0.0,0.0,yfinance_raw_daily
2016-05-09,2400.0,2406.25,2287.5,2325.0,1395.679443359375,173752800,0.0,0.0,yfinance_raw_daily
2016-05-10,2325.0,2375.0,2312.5,2362.5,1418.190185546875,96082400,0.0,0.0,yfinance_raw_daily
2016-05-11,2406.25,2425.0,2368.75,2406.25,1444.4532470703125,61418400,0.0,0.0,yfinance_raw_daily
2016-05-12,2418.75,2418.75,2362.5,2375.0,1425.6939697265625,40284400,0.0,0.0,yfinance_raw_daily
2016-05-13,2350.0,2375.0,2287.5,2325.0,1395.679443359375,86747200,0.0,0.0,yfinance_raw_daily
2016-05-16,2275.0,2287.5,2243.75,2256.25,1354.4093017578125,132095200,0.0,0.0,yfinance_raw_daily
2016-05-17,2212.5,2225.0,2168.75,2187.5,1313.1390380859375,238361200,0.0,0.0,yfinance_raw_daily
2016-05-18,2175.0,2231.25,2162.5,2200.0,1320.642822265625,120478400,0.0,0.0,yfinance_raw_daily
2016-05-19,2212.5,2256.25,2206.25,2237.5,1343.1539306640625,128139600,0.0,0.0,yfinance_raw_daily
2016-05-20,2237.5,2237.5,2168.75,2175.0,1305.635498046875,102942800,0.0,0.0,yfinance_raw_daily
2016-05-23,2193.75,2225.0,2187.5,2212.5,1328.1463623046875,60646400,0.0,0.0,yfinance_raw_daily
2016-05-24,2218.75,2231.25,2206.25,2212.5,1328.1463623046875,68519600,0.0,0.0,yfinance_raw_daily
2016-05-25,2243.75,2268.75,2237.5,2268.75,1361.9130859375,65183200,0.0,0.0,yfinance_raw_daily
2016-05-26,2268.75,2281.25,2231.25,2250.0,1350.6573486328125,110522400,0.0,0.0,yfinance_raw_daily
2016-05-27,2225.0,2275.0,2225.0,2262.5,1358.1607666015625,42332800,0.0,0.0,yfinance_raw_daily
2016-05-30,2281.25,2331.25,2275.0,2318.75,1391.92724609375,52332000,0.0,0.0,yfinance_raw_daily
2016-05-31,2318.75,2318.75,2256.25,2256.25,1354.4093017578125,121300000,0.0,0.0,yfinance_raw_daily
2016-06-01,2250.0,2318.75,2250.0,2300.0,1380.672119140625,54789600,0.0,0.0,yfinance_raw_daily
2016-06-02,2300.0,2312.5,2281.25,2306.25,1384.4237060546875,37745200,0.0,0.0,yfinance_raw_daily
2016-06-03,2325.0,2325.0,2268.75,2281.25,1369.4163818359375,41559200,0.0,0.0,yfinance_raw_daily
2016-06-06,2287.5,2325.0,2281.25,2318.75,1391.92724609375,35986000,0.0,0.0,yfinance_raw_daily
2016-06-07,2343.75,2375.0,2331.25,2368.75,1421.94189453125,89779200,0.0,0.0,yfinance_raw_daily
2016-06-08,2331.25,2375.0,2331.25,2375.0,1425.6939697265625,47643200,0.0,0.0,yfinance_raw_daily
2016-06-09,2337.5,2356.25,2318.75,2318.75,1391.92724609375,49185600,0.0,0.0,yfinance_raw_daily
2016-06-10,2331.25,2350.0,2312.5,2318.75,1391.92724609375,38004800,0.0,0.0,yfinance_raw_daily
2016-06-13,2300.0,2306.25,2256.25,2262.5,1358.1607666015625,47977600,0.0,0.0,yfinance_raw_daily
2016-06-14,2256.25,2262.5,2225.0,2243.75,1346.905517578125,69002400,0.0,0.0,yfinance_raw_daily
2016-06-15,2237.5,2275.0,2231.25,2250.0,1350.6573486328125,53459200,0.0,0.0,yfinance_raw_daily
2016-06-16,2256.25,2275.0,2225.0,2237.5,1343.1539306640625,70762400,0.0,0.0,yfinance_raw_daily
2016-06-17,2250.0,2250.0,2218.75,2237.5,1343.1539306640625,72084000,0.0,0.0,yfinance_raw_daily
2016-06-20,2275.0,2300.0,2237.5,2268.75,1361.9130859375,92255600,0.0,0.0,yfinance_raw_daily
2016-06-21,2287.5,2293.75,2250.0,2250.0,1350.6573486328125,48328800,0.0,0.0,yfinance_raw_daily
2016-06-22,2262.5,2275.0,2250.0,2250.0,1350.6573486328125,64551200,0.0,0.0,yfinance_raw_daily
2016-06-23,2250.0,2275.0,2250.0,2268.75,1361.9130859375,39572800,0.0,0.0,yfinance_raw_daily
2016-06-24,2287.5,2287.5,2212.5,2262.5,1358.1607666015625,108756400,0.0,0.0,yfinance_raw_daily
2016-06-27,2250.0,2256.25,2231.25,2250.0,1350.6573486328125,30060400,0.0,0.0,yfinance_raw_daily
2016-06-28,2250.0,2375.0,2231.25,2362.5,1418.190185546875,180226800,0.0,0.0,yfinance_raw_daily
2016-06-29,2375.0,2400.0,2368.75,2400.0,1440.701171875,119147200,0.0,0.0,yfinance_raw_daily
2016-06-30,2412.5,2425.0,2375.0,2381.25,1429.44580078125,94406800,0.0,0.0,yfinance_raw_daily
2016-07-01,2375.0,2387.5,2331.25,2350.0,1410.6866455078125,60738800,0.0,0.0,yfinance_raw_daily
2016-07-11,2350.0,2437.5,2350.0,2425.0,1455.7083740234375,214285200,0.0,0.0,yfinance_raw_daily
2016-07-12,2443.75,2543.75,2443.75,2543.75,1526.9930419921875,210138400,0.0,0.0,yfinance_raw_daily
2016-07-13,2475.0,2543.75,2462.5,2475.0,1485.72314453125,180907600,0.0,0.0,yfinance_raw_daily
2016-07-14,2456.25,2462.5,2400.0,2400.0,1440.701171875,156016400,0.0,0.0,yfinance_raw_daily
2016-07-15,2406.25,2431.25,2400.0,2418.75,1451.956787109375,101136000,0.0,0.0,yfinance_raw_daily
2016-07-18,2400.0,2425.0,2393.75,2418.75,1451.956787109375,70528800,0.0,0.0,yfinance_raw_daily
2016-07-19,2412.5,2525.0,2400.0,2525.0,1515.7376708984375,221550000,0.0,0.0,yfinance_raw_daily
2016-07-20,2525.0,2618.75,2525.0,2606.25,1564.511474609375,189806800,0.0,0.0,yfinance_raw_daily
2016-07-21,2606.25,2606.25,2506.25,2531.25,1519.489501953125,136153200,0.0,0.0,yfinance_raw_daily
2016-07-22,2543.75,2543.75,2475.0,2481.25,1489.4749755859375,63128000,0.0,0.0,yfinance_raw_daily
2016-07-25,2487.5,2506.25,2456.25,2481.25,1489.4749755859375,69858000,0.0,0.0,yfinance_raw_daily
2016-07-26,2468.75,2481.25,2450.0,2462.5,1478.2193603515625,106499600,0.0,0.0,yfinance_raw_daily
2016-07-27,2468.75,2581.25,2468.75,2525.0,1515.7376708984375,267820000,0.0,0.0,yfinance_raw_daily
2016-07-28,2531.25,2537.5,2500.0,2525.0,1515.7376708984375,103855200,0.0,0.0,yfinance_raw_daily
2016-07-29,2525.0,2568.75,2512.5,2525.0,1515.7376708984375,184920800,0.0,0.0,yfinance_raw_daily
2016-08-01,2556.25,2662.5,2550.0,2637.5,1583.2703857421875,259045600,0.0,0.0,yfinance_raw_daily
2016-08-02,2662.5,2693.75,2637.5,2662.5,1598.27783203125,248454400,0.0,0.0,yfinance_raw_daily
2016-08-03,2662.5,2662.5,2600.0,2606.25,1564.511474609375,66817200,0.0,0.0,yfinance_raw_daily
2016-08-04,2637.5,2650.0,2606.25,2637.5,1583.2703857421875,138364800,0.0,0.0,yfinance_raw_daily
2016-08-05,2656.25,2850.0,2650.0,2850.0,1710.8326416015625,271034000,0.0,0.0,yfinance_raw_daily
2016-08-08,2875.0,2918.75,2862.5,2912.5,1748.350830078125,167230400,0.0,0.0,yfinance_raw_daily
2016-08-09,2912.5,2987.5,2912.5,2950.0,1770.8619384765625,135220000,0.0,0.0,yfinance_raw_daily
2016-08-10,2912.5,2918.75,2868.75,2887.5,1733.34375,68758800,0.0,0.0,yfinance_raw_daily
2016-08-11,2862.5,2875.0,2762.5,2793.75,1677.0662841796875,96170000,0.0,0.0,yfinance_raw_daily
2016-08-12,2812.5,2837.5,2718.75,2768.75,1662.0592041015625,221792400,0.0,0.0,yfinance_raw_daily
2016-08-15,2756.25,2800.0,2725.0,2793.75,1677.0662841796875,66988000,0.0,0.0,yfinance_raw_daily
2016-08-16,2800.0,2837.5,2787.5,2831.25,1699.577392578125,101694000,0.0,0.0,yfinance_raw_daily
2016-08-18,2837.5,2862.5,2831.25,2856.25,1714.5845947265625,122375200,0.0,0.0,yfinance_raw_daily
2016-08-19,2856.25,2906.25,2837.5,2862.5,1718.3363037109375,118537600,0.0,0.0,yfinance_raw_daily
2016-08-22,2856.25,2868.75,2825.0,2850.0,1710.8326416015625,96936400,0.0,0.0,yfinance_raw_daily
2016-08-23,2862.5,2887.5,2800.0,2825.0,1695.8253173828125,106780000,0.0,0.0,yfinance_raw_daily
2016-08-24,2837.5,2881.25,2831.25,2837.5,1703.328857421875,75942800,0.0,0.0,yfinance_raw_daily
2016-08-25,2837.5,2881.25,2837.5,2850.0,1710.8326416015625,76602000,0.0,0.0,yfinance_raw_daily
2016-08-26,2887.5,2887.5,2825.0,2850.0,1710.8326416015625,37491600,0.0,0.0,yfinance_raw_daily
2016-08-29,2800.0,2812.5,2762.5,2793.75,1677.0662841796875,109065200,0.0,0.0,yfinance_raw_daily
2016-08-30,2775.0,2818.75,2762.5,2818.75,1692.073486328125,80098800,0.0,0.0,yfinance_raw_daily
2016-08-31,2775.0,2837.5,2775.0,2806.25,1684.5699462890625,89442400,0.0,0.0,yfinance_raw_daily
2016-09-01,2775.0,2806.25,2762.5,2768.75,1662.0592041015625,50065600,0.0,0.0,yfinance_raw_daily
2016-09-02,2718.75,2800.0,2718.75,2793.75,1677.0662841796875,42616400,0.0,0.0,yfinance_raw_daily
2016-09-05,2825.0,2831.25,2793.75,2793.75,1677.0662841796875,43328000,0.0,0.0,yfinance_raw_daily
2016-09-06,2775.0,2800.0,2756.25,2793.75,1677.0662841796875,53300400,0.0,0.0,yfinance_raw_daily
2016-09-07,2781.25,2818.75,2781.25,2818.75,1692.073486328125,63607200,0.0,0.0,yfinance_raw_daily
2016-09-08,2793.75,2812.5,2781.25,2800.0,1680.818115234375,27072800,0.0,0.0,yfinance_raw_daily
2016-09-09,2775.0,2800.0,2706.25,2712.5,1628.2923583984375,99994000,0.0,0.0,yfinance_raw_daily
2016-09-13,2668.75,2706.25,2625.0,2668.75,1602.0296630859375,83080000,0.0,0.0,yfinance_raw_daily
2016-09-14,2631.25,2700.0,2631.25,2650.0,1590.7742919921875,70232000,0.0,0.0,yfinance_raw_daily
2016-09-15,2681.25,2800.0,2650.0,2743.75,1647.0517578125,87249200,0.0,0.0,yfinance_raw_daily
2016-09-16,2775.0,2812.5,2750.0,2768.75,1662.0592041015625,116464800,0.0,0.0,yfinance_raw_daily
2016-09-19,2793.75,2825.0,2781.25,2806.25,1684.5699462890625,39174800,0.0,0.0,yfinance_raw_daily
2016-09-20,2825.0,2850.0,2812.5,2850.0,1710.8326416015625,45393600,0.0,0.0,yfinance_raw_daily
2016-09-21,2806.25,2875.0,2793.75,2843.75,1707.0809326171875,64057200,0.0,0.0,yfinance_raw_daily
2016-09-22,2875.0,2912.5,2856.25,2912.5,1748.350830078125,84429200,0.0,0.0,yfinance_raw_daily
2016-09-23,2875.0,2925.0,2868.75,2875.0,1725.8399658203125,80014800,0.0,0.0,yfinance_raw_daily
2016-09-26,2900.0,2918.75,2856.25,2912.5,1748.350830078125,54502000,0.0,0.0,yfinance_raw_daily
2016-09-27,2912.5,2937.5,2850.0,2937.5,1763.3582763671875,132846400,0.0,0.0,yfinance_raw_daily
2016-09-28,2862.5,2875.0,2800.0,2825.0,1695.8253173828125,248204400,0.0,0.0,yfinance_raw_daily
2016-09-29,2831.25,2862.5,2831.25,2856.25,1714.5845947265625,153378800,0.0,0.0,yfinance_raw_daily
2016-09-30,2837.5,2843.75,2787.5,2800.0,1680.818115234375,134034000,0.0,0.0,yfinance_raw_daily
2016-10-03,2831.25,2837.5,2787.5,2818.75,1692.073486328125,72856400,0.0,0.0,yfinance_raw_daily
2016-10-04,2818.75,2825.0,2793.75,2800.0,1680.818115234375,84598000,0.0,0.0,yfinance_raw_daily
2016-10-05,2781.25,2793.75,2743.75,2750.0,1650.8035888671875,145494400,0.0,0.0,yfinance_raw_daily
2016-10-06,2750.0,2768.75,2718.75,2737.5,1643.2998046875,103363600,0.0,0.0,yfinance_raw_daily
2016-10-07,2706.25,2737.5,2706.25,2725.0,1635.7962646484375,57687200,0.0,0.0,yfinance_raw_daily
2016-10-10,2743.75,2762.5,2725.0,2725.0,1635.7962646484375,56290400,0.0,0.0,yfinance_raw_daily
2016-10-11,2731.25,2750.0,2700.0,2712.5,1628.2923583984375,89322800,0.0,0.0,yfinance_raw_daily
2016-10-12,2687.5,2756.25,2687.5,2750.0,1650.8035888671875,58748000,0.0,0.0,yfinance_raw_daily
2016-10-13,2756.25,2781.25,2718.75,2762.5,1658.30712890625,74737200,0.0,0.0,yfinance_raw_daily
2016-10-14,2762.5,2843.75,2756.25,2837.5,1703.328857421875,94256800,0.0,0.0,yfinance_raw_daily
2016-10-17,2812.5,2862.5,2812.5,2843.75,1707.0809326171875,67042000,0.0,0.0,yfinance_raw_daily
2016-10-18,2862.5,2875.0,2850.0,2850.0,1710.8326416015625,56909600,0.0,0.0,yfinance_raw_daily
2016-10-19,2843.75,2862.5,2831.25,2843.75,1707.0809326171875,51456800,0.0,0.0,yfinance_raw_daily
2016-10-20,2850.0,2856.25,2825.0,2825.0,1695.8253173828125,53644400,0.0,0.0,yfinance_raw_daily
2016-10-21,2850.0,2850.0,2806.25,2806.25,1684.5699462890625,50378800,0.0,0.0,yfinance_raw_daily
2016-10-24,2806.25,2843.75,2800.0,2800.0,1680.818115234375,63450800,0.0,0.0,yfinance_raw_daily
2016-10-25,2806.25,2825.0,2787.5,2793.75,1677.0662841796875,73782400,0.0,0.0,yfinance_raw_daily
2016-10-26,2756.25,2800.0,2706.25,2768.75,1662.0592041015625,141981200,0.0,0.0,yfinance_raw_daily
2016-10-27,2768.75,2843.75,2768.75,2831.25,1699.577392578125,69336400,0.0,0.0,yfinance_raw_daily
2016-10-28,2850.0,2856.25,2831.25,2843.75,1707.0809326171875,43510800,0.0,0.0,yfinance_raw_daily
2016-10-31,2850.0,2912.5,2850.0,2868.75,1722.088134765625,132730800,0.0,0.0,yfinance_raw_daily
2016-11-01,2868.75,2906.25,2856.25,2856.25,1714.5845947265625,74071200,0.0,0.0,yfinance_raw_daily
2016-11-02,2856.25,2887.5,2856.25,2875.0,1725.8399658203125,72401600,0.0,0.0,yfinance_raw_daily
2016-11-03,2862.5,2875.0,2787.5,2787.5,1673.314453125,91768800,0.0,0.0,yfinance_raw_daily
2016-11-04,2750.0,2818.75,2737.5,2775.0,1665.8106689453125,58732400,0.0,0.0,yfinance_raw_daily
2016-11-07,2825.0,2850.0,2781.25,2843.75,1707.0809326171875,69898800,0.0,0.0,yfinance_raw_daily
2016-11-08,2862.5,2912.5,2856.25,2893.75,1737.095458984375,82063200,0.0,0.0,yfinance_raw_daily
2016-11-09,2912.5,2975.0,2812.5,2837.5,1703.328857421875,114585600,0.0,0.0,yfinance_raw_daily
2016-11-10,2900.0,2906.25,2856.25,2856.25,1714.5845947265625,54770400,0.0,0.0,yfinance_raw_daily
2016-11-11,2781.25,2793.75,2712.5,2712.5,1628.2923583984375,200151200,0.0,0.0,yfinance_raw_daily
2016-11-14,2675.0,2687.5,2512.5,2581.25,1549.5042724609375,193930000,0.0,0.0,yfinance_raw_daily
2016-11-15,2600.0,2668.75,2581.25,2637.5,1583.2703857421875,84936400,0.0,0.0,yfinance_raw_daily
2016-11-16,2650.0,2737.5,2650.0,2706.25,1624.540771484375,51892800,0.0,0.0,yfinance_raw_daily
2016-11-17,2718.75,2725.0,2668.75,2725.0,1635.7962646484375,52244800,0.0,0.0,yfinance_raw_daily
2016-11-18,2737.5,2737.5,2687.5,2731.25,1639.5479736328125,42805200,0.0,0.0,yfinance_raw_daily
2016-11-21,2675.0,2700.0,2668.75,2675.0,1605.78173828125,82676800,0.0,0.0,yfinance_raw_daily
2016-11-22,2675.0,2731.25,2675.0,2731.25,1639.5479736328125,71874000,0.0,0.0,yfinance_raw_daily
2016-11-23,2693.75,2731.25,2675.0,2725.0,1635.7962646484375,69157200,0.0,0.0,yfinance_raw_daily
2016-11-24,2675.0,2681.25,2506.25,2525.0,1515.7376708984375,230784000,0.0,0.0,yfinance_raw_daily
2016-11-25,2543.75,2568.75,2506.25,2537.5,1523.2415771484375,112994800,0.0,0.0,yfinance_raw_daily
2016-11-28,2537.5,2543.75,2506.25,2537.5,1523.2415771484375,111426000,0.0,0.0,yfinance_raw_daily
2016-11-29,2537.5,2600.0,2537.5,2581.25,1549.5042724609375,83037200,0.0,0.0,yfinance_raw_daily
2016-11-30,2600.0,2656.25,2600.0,2625.0,1575.7672119140625,157626400,0.0,0.0,yfinance_raw_daily
2016-12-01,2625.0,2675.0,2625.0,2625.0,1575.7672119140625,112836400,0.0,0.0,yfinance_raw_daily
2016-12-02,2662.5,2693.75,2625.0,2675.0,1605.78173828125,74612800,0.0,0.0,yfinance_raw_daily
2016-12-05,2650.0,2681.25,2650.0,2662.5,1598.27783203125,43111200,0.0,0.0,yfinance_raw_daily
2016-12-06,2700.0,2706.25,2643.75,2662.5,1598.27783203125,95774000,0.0,0.0,yfinance_raw_daily
2016-12-07,2662.5,2675.0,2656.25,2675.0,1605.78173828125,42293200,0.0,0.0,yfinance_raw_daily
2016-12-08,2693.75,2737.5,2681.25,2737.5,1643.2998046875,62835600,0.0,0.0,yfinance_raw_daily
2016-12-09,2700.0,2750.0,2700.0,2743.75,1647.0517578125,64734800,0.0,0.0,yfinance_raw_daily
2016-12-13,2731.25,2731.25,2687.5,2706.25,1624.540771484375,52023200,0.0,0.0,yfinance_raw_daily
2016-12-14,2718.75,2743.75,2700.0,2718.75,1632.0440673828125,40252400,0.0,0.0,yfinance_raw_daily
2016-12-15,2675.0,2712.5,2650.0,2700.0,1620.7889404296875,55218400,0.0,0.0,yfinance_raw_daily
2016-12-16,2700.0,2712.5,2687.5,2687.5,1613.28515625,70044800,0.0,0.0,yfinance_raw_daily
2016-12-19,2687.5,2725.0,2687.5,2706.25,1624.540771484375,23188800,0.0,0.0,yfinance_raw_daily
2016-12-20,2687.5,2718.75,2687.5,2700.0,1620.7889404296875,33521600,0.0,0.0,yfinance_raw_daily
2016-12-21,2687.5,2706.25,2687.5,2687.5,1613.28515625,46268800,0.0,0.0,yfinance_raw_daily
2016-12-22,2687.5,2706.25,2675.0,2687.5,1613.28515625,97122800,0.0,0.0,yfinance_raw_daily
2016-12-23,2687.5,2737.5,2681.25,2693.75,1617.037109375,54570000,0.0,0.0,yfinance_raw_daily
2016-12-27,2693.75,2712.5,2687.5,2700.0,1620.7889404296875,38650800,0.0,0.0,yfinance_raw_daily
2016-12-28,2737.5,2787.5,2718.75,2787.5,1673.314453125,47457600,0.0,0.0,yfinance_raw_daily
2016-12-29,2800.0,2893.75,2775.0,2893.75,1737.095458984375,77951200,0.0,0.0,yfinance_raw_daily
2016-12-30,2893.75,2931.25,2837.5,2893.75,1737.095458984375,136139600,0.0,0.0,yfinance_raw_daily
2017-01-02,2893.75,2893.75,2893.75,2893.75,1737.095458984375,0,0.0,0.0,yfinance_raw_daily
2017-01-03,2893.75,2893.75,2800.0,2825.0,1695.8253173828125,50412000,0.0,0.0,yfinance_raw_daily
2017-01-04,2825.0,2837.5,2781.25,2837.5,1703.328857421875,41110400,0.0,0.0,yfinance_raw_daily
2017-01-05,2800.0,2831.25,2787.5,2812.5,1688.32177734375,66554400,0.0,0.0,yfinance_raw_daily
2017-01-06,2837.5,2856.25,2818.75,2843.75,1707.0809326171875,54337600,0.0,0.0,yfinance_raw_daily
2017-01-09,2856.25,2856.25,2806.25,2818.75,1692.073486328125,36349200,0.0,0.0,yfinance_raw_daily
2017-01-10,2843.75,2850.0,2812.5,2850.0,1710.8326416015625,24804800,0.0,0.0,yfinance_raw_daily
2017-01-11,2856.25,2900.0,2843.75,2843.75,1707.0809326171875,68727200,0.0,0.0,yfinance_raw_daily
2017-01-12,2850.0,2868.75,2825.0,2825.0,1695.8253173828125,29136000,0.0,0.0,yfinance_raw_daily
2017-01-13,2868.75,2868.75,2775.0,2775.0,1665.8106689453125,56228800,0.0,0.0,yfinance_raw_daily
2017-01-16,2812.5,2812.5,2725.0,2731.25,1639.5479736328125,77629200,0.0,0.0,yfinance_raw_daily
2017-01-17,2725.0,2756.25,2725.0,2731.25,1639.5479736328125,62045200,0.0,0.0,yfinance_raw_daily
2017-01-18,2750.0,2781.25,2737.5,2762.5,1658.30712890625,94687200,0.0,0.0,yfinance_raw_daily
2017-01-19,2775.0,2793.75,2750.0,2762.5,1658.30712890625,72744000,0.0,0.0,yfinance_raw_daily
2017-01-20,2762.5,2768.75,2737.5,2750.0,1650.8035888671875,40007200,0.0,0.0,yfinance_raw_daily
2017-01-23,2725.0,2762.5,2725.0,2743.75,1647.0517578125,16690800,0.0,0.0,yfinance_raw_daily
2017-01-24,2750.0,2762.5,2737.5,2750.0,1650.8035888671875,83274400,0.0,0.0,yfinance_raw_daily
2017-01-25,2762.5,2762.5,2743.75,2750.0,1650.8035888671875,76550000,0.0,0.0,yfinance_raw_daily
2017-01-26,2737.5,2756.25,2725.0,2725.0,1635.7962646484375,49446000,0.0,0.0,yfinance_raw_daily
2017-01-27,2743.75,2756.25,2737.5,2743.75,1647.0517578125,24174800,0.0,0.0,yfinance_raw_daily
2017-01-30,2762.5,2768.75,2743.75,2756.25,1654.555419921875,35440400,0.0,0.0,yfinance_raw_daily
2017-01-31,2725.0,2756.25,2725.0,2725.0,1635.7962646484375,38055600,0.0,0.0,yfinance_raw_daily
2017-02-01,2743.75,2756.25,2731.25,2743.75,1647.0517578125,117245600,0.0,0.0,yfinance_raw_daily
2017-02-02,2743.75,2762.5,2737.5,2750.0,1650.8035888671875,79610000,0.0,0.0,yfinance_raw_daily
2017-02-03,2768.75,2775.0,2750.0,2768.75,1662.0592041015625,111316000,0.0,0.0,yfinance_raw_daily
2017-02-06,2787.5,2850.0,2787.5,2843.75,1707.0809326171875,198014400,0.0,0.0,yfinance_raw_daily
2017-02-07,2843.75,2862.5,2831.25,2850.0,1710.8326416015625,117718800,0.0,0.0,yfinance_raw_daily
2017-02-08,2837.5,2837.5,2793.75,2806.25,1684.5699462890625,109655200,0.0,0.0,yfinance_raw_daily
2017-02-09,2850.0,2893.75,2850.0,2868.75,1722.088134765625,97844000,0.0,0.0,yfinance_raw_daily
2017-02-10,2900.0,2900.0,2837.5,2850.0,1710.8326416015625,96540400,0.0,0.0,yfinance_raw_daily
2017-02-13,2893.75,2900.0,2856.25,2862.5,1718.3363037109375,81397200,0.0,0.0,yfinance_raw_daily
2017-02-14,2862.5,2868.75,2837.5,2856.25,1714.5845947265625,79745200,0.0,0.0,yfinance_raw_daily
2017-02-15,2856.25,2856.25,2856.25,2856.25,1714.5845947265625,0,0.0,0.0,yfinance_raw_daily
2017-02-16,2825.0,2837.5,2725.0,2800.0,1680.818115234375,207778000,0.0,0.0,yfinance_raw_daily
2017-02-17,2800.0,2800.0,2750.0,2768.75,1662.0592041015625,103224000,0.0,0.0,yfinance_raw_daily
2017-02-20,2800.0,2818.75,2775.0,2818.75,1692.073486328125,72190000,0.0,0.0,yfinance_raw_daily
2017-02-21,2825.0,2825.0,2775.0,2787.5,1673.314453125,50008400,0.0,0.0,yfinance_raw_daily
2017-02-22,2812.5,2825.0,2775.0,2825.0,1695.8253173828125,106237200,0.0,0.0,yfinance_raw_daily
2017-02-23,2787.5,2818.75,2787.5,2787.5,1673.314453125,43852800,0.0,0.0,yfinance_raw_daily
2017-02-24,2818.75,2818.75,2775.0,2775.0,1665.8106689453125,59158000,0.0,0.0,yfinance_raw_daily
2017-02-27,2793.75,2806.25,2793.75,2793.75,1677.0662841796875,30397600,0.0,0.0,yfinance_raw_daily
2017-02-28,2825.0,2850.0,2800.0,2825.0,1695.8253173828125,43444400,0.0,0.0,yfinance_raw_daily
2017-03-01,2850.0,2850.0,2806.25,2837.5,1703.328857421875,91156400,0.0,0.0,yfinance_raw_daily
2017-03-02,2843.75,2862.5,2831.25,2831.25,1699.577392578125,57482800,0.0,0.0,yfinance_raw_daily
2017-03-03,2812.5,2843.75,2800.0,2837.5,1703.328857421875,29331600,0.0,0.0,yfinance_raw_daily
2017-03-06,2837.5,2843.75,2806.25,2825.0,1695.8253173828125,42578400,0.0,0.0,yfinance_raw_daily
2017-03-07,2800.0,2837.5,2800.0,2831.25,1699.577392578125,86823200,0.0,0.0,yfinance_raw_daily
2017-03-08,2843.75,2850.0,2831.25,2831.25,1699.577392578125,33371200,0.0,0.0,yfinance_raw_daily
2017-03-09,2843.75,2843.75,2812.5,2843.75,1707.0809326171875,14298400,0.0,0.0,yfinance_raw_daily
2017-03-10,2850.0,2850.0,2831.25,2850.0,1710.8326416015625,22744800,0.0,0.0,yfinance_raw_daily
2017-03-13,2800.0,2850.0,2800.0,2850.0,1710.8326416015625,45914400,0.0,0.0,yfinance_raw_daily
2017-03-14,2825.0,2862.5,2825.0,2856.25,1714.5845947265625,32416800,0.0,0.0,yfinance_raw_daily
2017-03-15,2875.0,2893.75,2843.75,2862.5,1718.3363037109375,38783600,0.0,0.0,yfinance_raw_daily
2017-03-16,2893.75,2912.5,2881.25,2893.75,1737.095458984375,124136800,0.0,0.0,yfinance_raw_daily
2017-03-17,2912.5,2925.0,2887.5,2906.25,1744.59912109375,115811200,0.0,0.0,yfinance_raw_daily
2017-03-20,2931.25,2975.0,2906.25,2943.75,1767.1102294921875,84118000,0.0,0.0,yfinance_raw_daily
2017-03-21,2962.5,2975.0,2937.5,2950.0,1770.8619384765625,98651200,0.0,0.0,yfinance_raw_daily
2017-03-22,2887.5,2956.25,2868.75,2943.75,1807.9058837890625,137866400,66.567375,0.0,yfinance_raw_daily
2017-03-23,2962.5,3006.25,2962.5,2975.0,1827.097900390625,164951600,0.0,0.0,yfinance_raw_daily
2017-03-24,2993.75,2993.75,2937.5,2975.0,1827.097900390625,101622400,0.0,0.0,yfinance_raw_daily
2017-03-27,2925.0,2962.5,2925.0,2925.0,1796.390625,43376800,0.0,0.0,yfinance_raw_daily
2017-03-29,2975.0,2975.0,2918.75,2943.75,1807.9058837890625,55658000,0.0,0.0,yfinance_raw_daily
2017-03-30,2943.75,2962.5,2906.25,2943.75,1807.9058837890625,32161600,0.0,0.0,yfinance_raw_daily
2017-03-31,2937.5,2943.75,2925.0,2925.0,1796.390625,63985600,0.0,0.0,yfinance_raw_daily
2017-04-03,2950.0,2962.5,2900.0,2937.5,1804.0673828125,58964400,0.0,0.0,yfinance_raw_daily
2017-04-04,2912.5,2987.5,2912.5,2937.5,1804.0673828125,77408800,0.0,0.0,yfinance_raw_daily
2017-04-05,2937.5,2937.5,2937.5,2937.5,1804.0673828125,0,0.0,0.0,yfinance_raw_daily
2017-04-06,2975.0,3106.25,2956.25,3106.25,1907.7052001953125,87415600,0.0,0.0,yfinance_raw_daily
2017-04-07,3075.0,3106.25,3050.0,3050.0,1873.159423828125,79835600,0.0,0.0,yfinance_raw_daily
2017-04-10,3056.25,3068.75,2987.5,3012.5,1850.1285400390625,36636800,0.0,0.0,yfinance_raw_daily
2017-04-11,3000.0,3000.0,2925.0,2937.5,1804.0673828125,43113200,0.0,0.0,yfinance_raw_daily
2017-04-12,2918.75,2950.0,2918.75,2925.0,1796.390625,32561600,0.0,0.0,yfinance_raw_daily
2017-04-13,2950.0,2962.5,2875.0,2912.5,1788.7137451171875,56194400,0.0,0.0,yfinance_raw_daily
2017-04-17,2925.0,2925.0,2881.25,2906.25,1784.8751220703125,19153200,0.0,0.0,yfinance_raw_daily
2017-04-18,2925.0,2962.5,2906.25,2937.5,1804.0673828125,89368000,0.0,0.0,yfinance_raw_daily
2017-04-19,2937.5,2937.5,2937.5,2937.5,1804.0673828125,0,0.0,0.0,yfinance_raw_daily
2017-04-20,2925.0,2937.5,2862.5,2881.25,1769.5213623046875,81478400,0.0,0.0,yfinance_raw_daily
2017-04-21,2893.75,2918.75,2850.0,2850.0,1750.3291015625,38329600,0.0,0.0,yfinance_raw_daily
2017-04-25,2893.75,2925.0,2868.75,2887.5,1773.360107421875,149208000,0.0,0.0,yfinance_raw_daily
2017-04-26,2925.0,3068.75,2925.0,2956.25,1815.5826416015625,319850400,0.0,0.0,yfinance_raw_daily
2017-04-27,2925.0,2962.5,2925.0,2931.25,1800.22900390625,106382000,0.0,0.0,yfinance_raw_daily
2017-04-28,2918.75,2937.5,2912.5,2925.0,1796.390625,83747600,0.0,0.0,yfinance_raw_daily
2017-05-02,2925.0,2931.25,2918.75,2918.75,1792.552001953125,83054400,0.0,0.0,yfinance_raw_daily
2017-05-03,2912.5,2912.5,2875.0,2893.75,1777.1982421875,99818800,0.0,0.0,yfinance_raw_daily
2017-05-04,2906.25,2956.25,2906.25,2925.0,1796.390625,134070000,0.0,0.0,yfinance_raw_daily
2017-05-05,2937.5,3031.25,2937.5,2993.75,1838.61328125,146848400,0.0,0.0,yfinance_raw_daily
2017-05-08,3025.0,3068.75,3012.5,3012.5,1850.1285400390625,150575200,0.0,0.0,yfinance_raw_daily
2017-05-09,3012.5,3037.5,3000.0,3000.0,1842.4520263671875,60982800,0.0,0.0,yfinance_raw_daily
2017-05-10,3025.0,3025.0,2981.25,3006.25,1846.2901611328125,78420400,0.0,0.0,yfinance_raw_daily
2017-05-12,3043.75,3043.75,2987.5,3000.0,1842.4520263671875,97264400,0.0,0.0,yfinance_raw_daily
2017-05-15,3025.0,3031.25,2987.5,3031.25,1861.6439208984375,45706000,0.0,0.0,yfinance_raw_daily
2017-05-16,3031.25,3037.5,2987.5,2993.75,1838.61328125,75918000,0.0,0.0,yfinance_raw_daily
2017-05-17,2993.75,3012.5,2950.0,3000.0,1842.4520263671875,84887200,0.0,0.0,yfinance_raw_daily
2017-05-18,3000.0,3037.5,2962.5,3037.5,1865.4822998046875,35564400,0.0,0.0,yfinance_raw_daily
2017-05-19,3037.5,3318.75,2993.75,3225.0,1980.6357421875,113093200,0.0,0.0,yfinance_raw_daily
2017-05-22,3300.0,3325.0,3100.0,3131.25,1923.058837890625,102829200,0.0,0.0,yfinance_raw_daily
2017-05-23,3131.25,3143.75,3025.0,3062.5,1880.836181640625,73616400,0.0,0.0,yfinance_raw_daily
2017-05-24,3012.5,3100.0,3000.0,3100.0,1903.8668212890625,50502800,0.0,0.0,yfinance_raw_daily
2017-05-26,3118.75,3125.0,3025.0,3037.5,1865.4822998046875,57578000,0.0,0.0,yfinance_raw_daily
2017-05-29,3075.0,3100.0,3037.5,3087.5,1896.18994140625,46570000,0.0,0.0,yfinance_raw_daily
2017-05-30,3062.5,3118.75,3062.5,3106.25,1907.7052001953125,40218400,0.0,0.0,yfinance_raw_daily
2017-05-31,3125.0,3150.0,3087.5,3150.0,1934.5743408203125,85243600,0.0,0.0,yfinance_raw_daily
2017-06-01,3150.0,3150.0,3150.0,3150.0,1934.5743408203125,0,0.0,0.0,yfinance_raw_daily
2017-06-02,3212.5,3212.5,3125.0,3150.0,1934.5743408203125,59829200,0.0,0.0,yfinance_raw_daily
2017-06-05,3150.0,3193.75,3143.75,3168.75,1946.0899658203125,47045600,0.0,0.0,yfinance_raw_daily
2017-06-06,3143.75,3181.25,3093.75,3125.0,1919.220703125,28721200,0.0,0.0,yfinance_raw_daily
2017-06-07,3087.5,3125.0,3087.5,3100.0,1903.8668212890625,49372000,0.0,0.0,yfinance_raw_daily
2017-06-08,3087.5,3100.0,3050.0,3081.25,1892.351318359375,71202800,0.0,0.0,yfinance_raw_daily
2017-06-09,3075.0,3112.5,3050.0,3056.25,1876.9976806640625,32254000,0.0,0.0,yfinance_raw_daily
2017-06-12,3068.75,3081.25,3056.25,3056.25,1876.9976806640625,25720400,0.0,0.0,yfinance_raw_daily
2017-06-13,3037.5,3106.25,3037.5,3062.5,1880.836181640625,33952400,0.0,0.0,yfinance_raw_daily
2017-06-14,3081.25,3137.5,3075.0,3125.0,1919.220703125,47202400,0.0,0.0,yfinance_raw_daily
2017-06-15,3125.0,3187.5,3112.5,3125.0,1919.220703125,93786800,0.0,0.0,yfinance_raw_daily
2017-06-16,3112.5,3125.0,3081.25,3118.75,1915.382080078125,87512000,0.0,0.0,yfinance_raw_daily
2017-06-19,3118.75,3131.25,3100.0,3118.75,1915.382080078125,30677600,0.0,0.0,yfinance_raw_daily
2017-06-20,3112.5,3131.25,3068.75,3131.25,1923.058837890625,69688000,0.0,0.0,yfinance_raw_daily
2017-06-21,3112.5,3175.0,3106.25,3175.0,1949.9281005859375,194634400,0.0,0.0,yfinance_raw_daily
2017-06-22,3175.0,3187.5,3137.5,3187.5,1957.60498046875,140644400,0.0,0.0,yfinance_raw_daily
2017-06-23,3187.5,3187.5,3187.5,3187.5,1957.60498046875,0,0.0,0.0,yfinance_raw_daily
2017-06-26,3187.5,3187.5,3187.5,3187.5,1957.60498046875,0,0.0,0.0,yfinance_raw_daily
2017-06-27,3187.5,3187.5,3187.5,3187.5,1957.60498046875,0,0.0,0.0,yfinance_raw_daily
2017-06-28,3187.5,3187.5,3187.5,3187.5,1957.60498046875,0,0.0,0.0,yfinance_raw_daily
2017-06-29,3187.5,3187.5,3187.5,3187.5,1957.60498046875,0,0.0,0.0,yfinance_raw_daily
2017-06-30,3187.5,3187.5,3187.5,3187.5,1957.60498046875,0,0.0,0.0,yfinance_raw_daily
2017-07-03,3193.75,3375.0,3168.75,3375.0,2072.75830078125,116340400,0.0,0.0,yfinance_raw_daily
2017-07-04,3331.25,3375.0,3300.0,3375.0,2072.75830078125,65585600,0.0,0.0,yfinance_raw_daily
2017-07-05,3368.75,3368.75,3306.25,3331.25,2045.8892822265625,156807200,0.0,0.0,yfinance_raw_daily
2017-07-06,3331.25,3362.5,3325.0,3331.25,2045.8892822265625,68512000,0.0,0.0,yfinance_raw_daily
2017-07-07,3275.0,3343.75,3275.0,3312.5,2034.373779296875,94396000,0.0,0.0,yfinance_raw_daily
2017-07-10,3250.0,3325.0,3250.0,3275.0,2011.3428955078125,44828000,0.0,0.0,yfinance_raw_daily
2017-07-11,3250.0,3262.5,3218.75,3243.75,1992.1514892578125,49422400,0.0,0.0,yfinance_raw_daily
2017-07-12,3212.5,3312.5,3212.5,3306.25,2030.535400390625,33112400,0.0,0.0,yfinance_raw_daily
2017-07-13,3325.0,3350.0,3262.5,3350.0,2057.404541015625,102872000,0.0,0.0,yfinance_raw_daily
2017-07-14,3362.5,3387.5,3300.0,3387.5,2080.435302734375,23547200,0.0,0.0,yfinance_raw_daily
2017-07-17,3387.5,3393.75,3362.5,3393.75,2084.2734375,28083200,0.0,0.0,yfinance_raw_daily
2017-07-18,3375.0,3381.25,3356.25,3381.25,2076.5966796875,17110400,0.0,0.0,yfinance_raw_daily
2017-07-19,3393.75,3393.75,3312.5,3331.25,2045.8892822265625,47982400,0.0,0.0,yfinance_raw_daily
2017-07-20,3331.25,3375.0,3325.0,3375.0,2072.75830078125,31556800,0.0,0.0,yfinance_raw_daily
2017-07-21,3331.25,3375.0,3262.5,3262.5,2003.666259765625,62956800,0.0,0.0,yfinance_raw_daily
2017-07-24,3256.25,3318.75,3250.0,3318.75,2038.2122802734375,68629600,0.0,0.0,yfinance_raw_daily
2017-07-25,3275.0,3337.5,3275.0,3337.5,2049.727783203125,56757200,0.0,0.0,yfinance_raw_daily
2017-07-26,3300.0,3362.5,3300.0,3337.5,2049.727783203125,114075600,0.0,0.0,yfinance_raw_daily
2017-07-27,3337.5,3362.5,3325.0,3343.75,2053.566162109375,74731600,0.0,0.0,yfinance_raw_daily
2017-07-28,3362.5,3362.5,3306.25,3343.75,2053.566162109375,87392800,0.0,0.0,yfinance_raw_daily
2017-07-31,3350.0,3412.5,3325.0,3412.5,2095.788818359375,85417600,0.0,0.0,yfinance_raw_daily
2017-08-01,3418.75,3418.75,3350.0,3350.0,2057.404541015625,29979200,0.0,0.0,yfinance_raw_daily
2017-08-02,3318.75,3375.0,3312.5,3318.75,2038.2122802734375,65299600,0.0,0.0,yfinance_raw_daily
2017-08-03,3300.0,3325.0,3275.0,3281.25,2015.1817626953125,75375200,0.0,0.0,yfinance_raw_daily
2017-08-04,3262.5,3331.25,3262.5,3268.75,2007.504638671875,62769600,0.0,0.0,yfinance_raw_daily
2017-08-07,3262.5,3306.25,3262.5,3293.75,2022.8585205078125,71766800,0.0,0.0,yfinance_raw_daily
2017-08-08,3293.75,3356.25,3287.5,3356.25,2061.2431640625,58065600,0.0,0.0,yfinance_raw_daily
2017-08-09,3362.5,3375.0,3312.5,3350.0,2057.404541015625,49458800,0.0,0.0,yfinance_raw_daily
2017-08-10,3375.0,3375.0,3318.75,3331.25,2045.8892822265625,41486400,0.0,0.0,yfinance_raw_daily
2017-08-11,3312.5,3325.0,3287.5,3300.0,2026.697021484375,111049200,0.0,0.0,yfinance_raw_daily
2017-08-14,3300.0,3325.0,3300.0,3312.5,2034.373779296875,77951600,0.0,0.0,yfinance_raw_daily
2017-08-15,3331.25,3331.25,3318.75,3325.0,2042.0506591796875,47208800,0.0,0.0,yfinance_raw_daily
2017-08-16,3331.25,3331.25,3312.5,3331.25,2045.8892822265625,40337200,0.0,0.0,yfinance_raw_daily
2017-08-17,3331.25,3331.25,3331.25,3331.25,2045.8892822265625,0,0.0,0.0,yfinance_raw_daily
2017-08-18,3300.0,3300.0,3268.75,3275.0,2011.3428955078125,143414400,0.0,0.0,yfinance_raw_daily
2017-08-21,3262.5,3312.5,3262.5,3300.0,2026.697021484375,56732800,0.0,0.0,yfinance_raw_daily
2017-08-22,3325.0,3325.0,3312.5,3312.5,2034.373779296875,37080400,0.0,0.0,yfinance_raw_daily
2017-08-23,3337.5,3343.75,3300.0,3318.75,2038.2122802734375,46171200,0.0,0.0,yfinance_raw_daily
2017-08-24,3325.0,3325.0,3300.0,3300.0,2026.697021484375,84711600,0.0,0.0,yfinance_raw_daily
2017-08-25,3337.5,3337.5,3293.75,3293.75,2022.8585205078125,45026400,0.0,0.0,yfinance_raw_daily
2017-08-28,3312.5,3318.75,3300.0,3306.25,2030.535400390625,15407600,0.0,0.0,yfinance_raw_daily
2017-08-29,3293.75,3306.25,3275.0,3275.0,2011.3428955078125,83386400,0.0,0.0,yfinance_raw_daily
2017-08-30,3275.0,3293.75,3268.75,3275.0,2011.3428955078125,48228400,0.0,0.0,yfinance_raw_daily
2017-08-31,3268.75,3293.75,3268.75,3275.0,2011.3428955078125,69100800,0.0,0.0,yfinance_raw_daily
2017-09-01,3275.0,3275.0,3275.0,3275.0,2011.3428955078125,0,0.0,0.0,yfinance_raw_daily
2017-09-04,3262.5,3281.25,3243.75,3262.5,2003.666259765625,69268400,0.0,0.0,yfinance_raw_daily
2017-09-05,3250.0,3268.75,3218.75,3268.75,2007.504638671875,53423200,0.0,0.0,yfinance_raw_daily
2017-09-06,3225.0,3256.25,3200.0,3237.5,1988.3125,126368400,0.0,0.0,yfinance_raw_daily
2017-09-07,3262.5,3262.5,3225.0,3256.25,1999.8280029296875,45544400,0.0,0.0,yfinance_raw_daily
2017-09-08,3268.75,3331.25,3250.0,3318.75,2038.2122802734375,92788000,0.0,0.0,yfinance_raw_daily
2017-09-11,3318.75,3325.0,3300.0,3300.0,2026.697021484375,51046400,0.0,0.0,yfinance_raw_daily
2017-09-12,3325.0,3331.25,3293.75,3300.0,2026.697021484375,51482000,0.0,0.0,yfinance_raw_daily
2017-09-13,3350.0,3350.0,3275.0,3287.5,2019.0198974609375,22269800,0.0,2.0,yfinance_raw_daily
2017-09-14,3312.5,3325.0,3275.0,3275.0,2011.3428955078125,32387000,0.0,0.0,yfinance_raw_daily
2017-09-15,3275.0,3337.5,3262.5,3312.5,2034.373779296875,96577000,0.0,0.0,yfinance_raw_daily
2017-09-18,3275.0,3312.5,3250.0,3287.5,2019.0198974609375,31203000,0.0,0.0,yfinance_raw_daily
2017-09-19,3300.0,3312.5,3262.5,3300.0,2026.697021484375,65627600,0.0,0.0,yfinance_raw_daily
2017-09-20,3287.5,3312.5,3275.0,3300.0,2026.697021484375,152308200,0.0,0.0,yfinance_raw_daily
2017-09-21,3300.0,3300.0,3300.0,3300.0,2026.697021484375,0,0.0,0.0,yfinance_raw_daily
2017-09-22,3300.0,3325.0,3275.0,3300.0,2026.697021484375,88331600,0.0,0.0,yfinance_raw_daily
2017-09-25,3300.0,3325.0,3275.0,3287.5,2019.0198974609375,55045800,0.0,0.0,yfinance_raw_daily
2017-09-26,3300.0,3300.0,3275.0,3275.0,2011.3428955078125,94085400,0.0,0.0,yfinance_raw_daily
2017-09-27,3287.5,3300.0,3262.5,3300.0,2026.697021484375,121814200,0.0,0.0,yfinance_raw_daily
2017-09-28,3300.0,3312.5,3287.5,3287.5,2019.0198974609375,56049600,0.0,0.0,yfinance_raw_daily
2017-09-29,3287.5,3387.5,3287.5,3362.5,2065.0810546875,175719200,0.0,0.0,yfinance_raw_daily
2017-10-02,3362.5,3375.0,3312.5,3350.0,2057.404541015625,41590800,0.0,0.0,yfinance_raw_daily
2017-10-03,3350.0,3375.0,3325.0,3350.0,2057.404541015625,59653400,0.0,0.0,yfinance_raw_daily
2017-10-04,3362.5,3362.5,3325.0,3325.0,2042.0506591796875,43641800,0.0,0.0,yfinance_raw_daily
2017-10-05,3337.5,3350.0,3287.5,3300.0,2026.697021484375,77918000,0.0,0.0,yfinance_raw_daily
2017-10-06,3300.0,3312.5,3287.5,3300.0,2026.697021484375,22471200,0.0,0.0,yfinance_raw_daily
2017-10-09,3325.0,3325.0,3287.5,3300.0,2026.697021484375,21028600,0.0,0.0,yfinance_raw_daily
2017-10-10,3325.0,3362.5,3300.0,3350.0,2057.404541015625,53161200,0.0,0.0,yfinance_raw_daily
2017-10-11,3362.5,3387.5,3337.5,3362.5,2065.0810546875,117588400,0.0,0.0,yfinance_raw_daily
2017-10-12,3375.0,3437.5,3337.5,3412.5,2095.788818359375,167578400,0.0,0.0,yfinance_raw_daily
2017-10-13,3425.0,3500.0,3387.5,3387.5,2080.435302734375,98661000,0.0,0.0,yfinance_raw_daily
2017-10-16,3437.5,3562.5,3437.5,3462.5,2126.496337890625,177292000,0.0,0.0,yfinance_raw_daily
2017-10-17,3537.5,3537.5,3475.0,3512.5,2157.203857421875,112955000,0.0,0.0,yfinance_raw_daily
2017-10-18,3550.0,3550.0,3512.5,3537.5,2172.557861328125,152454400,0.0,0.0,yfinance_raw_daily
2017-10-19,3537.5,3537.5,3462.5,3487.5,2141.85009765625,78878400,0.0,0.0,yfinance_raw_daily
2017-10-20,3487.5,3562.5,3475.0,3550.0,2180.234619140625,55557200,0.0,0.0,yfinance_raw_daily
2017-10-23,3537.5,3550.0,3450.0,3475.0,2134.173583984375,65908600,0.0,0.0,yfinance_raw_daily
2017-10-24,3450.0,3500.0,3412.5,3412.5,2095.788818359375,44982200,0.0,0.0,yfinance_raw_daily
2017-10-25,3475.0,3525.0,3475.0,3500.0,2149.527099609375,166683400,0.0,0.0,yfinance_raw_daily
2017-10-26,3525.0,3550.0,3487.5,3512.5,2157.203857421875,91155200,0.0,0.0,yfinance_raw_daily
2017-10-27,3500.0,3562.5,3475.0,3475.0,2134.173583984375,63364400,0.0,0.0,yfinance_raw_daily
2017-10-30,3550.0,3562.5,3487.5,3537.5,2172.557861328125,107043000,0.0,0.0,yfinance_raw_daily
2017-10-31,3562.5,3575.0,3500.0,3525.0,2164.880859375,78930400,0.0,0.0,yfinance_raw_daily
2017-11-01,3550.0,3550.0,3512.5,3550.0,2180.234619140625,43310400,0.0,0.0,yfinance_raw_daily
2017-11-02,3575.0,3712.5,3562.5,3637.5,2233.972900390625,68625800,0.0,0.0,yfinance_raw_daily
2017-11-03,3675.0,3687.5,3562.5,3625.0,2226.295654296875,78730200,0.0,0.0,yfinance_raw_daily
2017-11-06,3575.0,3675.0,3575.0,3612.5,2218.618896484375,59551800,0.0,0.0,yfinance_raw_daily
2017-11-07,3612.5,3637.5,3537.5,3562.5,2187.911376953125,56480400,0.0,0.0,yfinance_raw_daily
2017-11-08,3575.0,3600.0,3550.0,3587.5,2203.265380859375,80597600,0.0,0.0,yfinance_raw_daily
2017-11-09,3587.5,3600.0,3537.5,3537.5,2172.557861328125,170971800,0.0,0.0,yfinance_raw_daily
2017-11-10,3550.0,3562.5,3512.5,3525.0,2164.880859375,84111200,0.0,0.0,yfinance_raw_daily
2017-11-13,3550.0,3550.0,3475.0,3525.0,2164.880859375,33709000,0.0,0.0,yfinance_raw_daily
2017-11-14,3500.0,3550.0,3475.0,3475.0,2134.173583984375,59334000,0.0,0.0,yfinance_raw_daily
2017-11-15,3525.0,3525.0,3462.5,3487.5,2141.85009765625,81461200,0.0,0.0,yfinance_raw_daily
2017-11-16,3462.5,3562.5,3462.5,3550.0,2180.234619140625,79021400,0.0,0.0,yfinance_raw_daily
2017-11-17,3587.5,3700.0,3562.5,3662.5,2249.32666015625,96578200,0.0,0.0,yfinance_raw_daily
2017-11-20,3687.5,3737.5,3650.0,3712.5,2280.033935546875,53410000,0.0,0.0,yfinance_raw_daily
2017-11-21,3725.0,3725.0,3662.5,3700.0,2272.357177734375,191716800,0.0,0.0,yfinance_raw_daily
2017-11-22,3750.0,3800.0,3687.5,3687.5,2264.680419921875,72659600,0.0,0.0,yfinance_raw_daily
2017-11-23,3762.5,3762.5,3687.5,3725.0,2287.710693359375,55739600,0.0,0.0,yfinance_raw_daily
2017-11-24,3750.0,3750.0,3687.5,3725.0,2287.710693359375,36058400,0.0,0.0,yfinance_raw_daily
2017-11-27,3725.0,3737.5,3687.5,3712.5,2280.033935546875,122810200,0.0,0.0,yfinance_raw_daily
2017-11-28,3700.0,3725.0,3700.0,3712.5,2280.033935546875,68486600,0.0,0.0,yfinance_raw_daily
2017-11-29,3737.5,3737.5,3700.0,3700.0,2272.357177734375,139273800,0.0,0.0,yfinance_raw_daily
2017-11-30,3700.0,3800.0,3687.5,3700.0,2272.357177734375,167540000,0.0,0.0,yfinance_raw_daily
2017-12-01,3700.0,3700.0,3700.0,3700.0,2272.357177734375,0,0.0,0.0,yfinance_raw_daily
2017-12-04,3750.0,3750.0,3700.0,3725.0,2287.710693359375,73258000,0.0,0.0,yfinance_raw_daily
2017-12-05,3737.5,3762.5,3712.5,3737.5,2295.3876953125,65673400,0.0,0.0,yfinance_raw_daily
2017-12-06,3750.0,3762.5,3725.0,3737.5,2295.3876953125,47704000,0.0,0.0,yfinance_raw_daily
2017-12-07,3725.0,3737.5,3675.0,3675.0,2257.003173828125,50580000,0.0,0.0,yfinance_raw_daily
2017-12-08,3750.0,3762.5,3687.5,3737.5,2295.3876953125,33166400,0.0,0.0,yfinance_raw_daily
2017-12-11,3762.5,3775.0,3725.0,3737.5,2295.3876953125,17030400,0.0,0.0,yfinance_raw_daily
2017-12-12,3775.0,3775.0,3700.0,3725.0,2287.710693359375,51088800,0.0,0.0,yfinance_raw_daily
2017-12-13,3700.0,3750.0,3700.0,3737.5,2295.3876953125,54077800,0.0,0.0,yfinance_raw_daily
2017-12-14,3750.0,3775.0,3712.5,3737.5,2295.3876953125,122524400,0.0,0.0,yfinance_raw_daily
2017-12-15,3700.0,3737.5,3650.0,3712.5,2280.033935546875,94872200,0.0,0.0,yfinance_raw_daily
2017-12-18,3662.5,3750.0,3650.0,3750.0,2303.064453125,33166000,0.0,0.0,yfinance_raw_daily
2017-12-19,3687.5,3762.5,3675.0,3737.5,2295.3876953125,70926400,0.0,0.0,yfinance_raw_daily
2017-12-20,3762.5,3762.5,3687.5,3725.0,2287.710693359375,79075800,0.0,0.0,yfinance_raw_daily
2017-12-21,3775.0,3850.0,3750.0,3812.5,2341.44921875,88489000,0.0,0.0,yfinance_raw_daily
2017-12-22,3812.5,3850.0,3775.0,3837.5,2356.802734375,158513400,0.0,0.0,yfinance_raw_daily
2017-12-25,3837.5,3837.5,3837.5,3837.5,2356.802734375,0,0.0,0.0,yfinance_raw_daily
2017-12-26,3837.5,3837.5,3837.5,3837.5,2356.802734375,0,0.0,0.0,yfinance_raw_daily
2017-12-27,3837.5,4025.0,3837.5,4000.0,2456.60205078125,53968200,0.0,0.0,yfinance_raw_daily
2017-12-28,3987.5,4050.0,3925.0,3975.0,2441.248779296875,251049600,0.0,0.0,yfinance_raw_daily
2017-12-29,4025.0,4037.5,3900.0,4000.0,2456.60205078125,78314600,0.0,0.0,yfinance_raw_daily
2018-01-01,4000.0,4000.0,4000.0,4000.0,2456.60205078125,0,0.0,0.0,yfinance_raw_daily
2018-01-02,3987.5,4025.0,3912.5,3925.0,2410.540771484375,59351600,0.0,0.0,yfinance_raw_daily
2018-01-03,3925.0,3925.0,3825.0,3850.0,2364.479736328125,84278000,0.0,0.0,yfinance_raw_daily
2018-01-04,3875.0,3912.5,3862.5,3912.5,2402.864013671875,90123000,0.0,0.0,yfinance_raw_daily
2018-01-05,3862.5,3925.0,3862.5,3912.5,2402.864013671875,75378600,0.0,0.0,yfinance_raw_daily
2018-01-08,3937.5,3975.0,3912.5,3962.5,2433.571533203125,73784000,0.0,0.0,yfinance_raw_daily
2018-01-09,3987.5,4000.0,3887.5,3950.0,2425.89453125,67352000,0.0,0.0,yfinance_raw_daily
2018-01-10,3962.5,3962.5,3900.0,3950.0,2425.89453125,68746400,0.0,0.0,yfinance_raw_daily
2018-01-11,3962.5,4037.5,3962.5,4037.5,2479.6328125,89346200,0.0,0.0,yfinance_raw_daily
2018-01-12,4037.5,4125.0,4000.0,4050.0,2487.309814453125,84306400,0.0,0.0,yfinance_raw_daily
2018-01-15,4075.0,4100.0,4025.0,4100.0,2518.01708984375,38412200,0.0,0.0,yfinance_raw_daily
2018-01-16,4075.0,4150.0,4075.0,4112.5,2525.694580078125,46720000,0.0,0.0,yfinance_raw_daily
2018-01-17,4112.5,4112.5,4012.5,4050.0,2487.309814453125,56945400,0.0,0.0,yfinance_raw_daily
2018-01-18,4075.0,4087.5,4025.0,4062.5,2494.98681640625,53685800,0.0,0.0,yfinance_raw_daily
2018-01-19,4087.5,4087.5,4025.0,4037.5,2479.6328125,50158600,0.0,0.0,yfinance_raw_daily
2018-01-22,4075.0,4075.0,4025.0,4037.5,2479.6328125,91243800,0.0,0.0,yfinance_raw_daily
2018-01-23,4087.5,4087.5,4037.5,4087.5,2510.3408203125,111192600,0.0,0.0,yfinance_raw_daily
2018-01-24,4100.0,4125.0,4075.0,4125.0,2533.37109375,84633200,0.0,0.0,yfinance_raw_daily
2018-01-25,4125.0,4137.5,4037.5,4075.0,2502.66357421875,65155800,0.0,0.0,yfinance_raw_daily
2018-01-26,4100.0,4125.0,4062.5,4100.0,2518.01708984375,69599800,0.0,0.0,yfinance_raw_daily
2018-01-29,4112.5,4125.0,3950.0,4087.5,2510.3408203125,101413600,0.0,0.0,yfinance_raw_daily
2018-01-30,4037.5,4050.0,3987.5,4025.0,2471.955810546875,102154200,0.0,0.0,yfinance_raw_daily
2018-01-31,3987.5,4087.5,3975.0,4075.0,2502.66357421875,79788400,0.0,0.0,yfinance_raw_daily
2018-02-01,4100.0,4125.0,4062.5,4100.0,2518.01708984375,72274400,0.0,0.0,yfinance_raw_daily
2018-02-02,4100.0,4112.5,4062.5,4062.5,2494.98681640625,60042800,0.0,0.0,yfinance_raw_daily
2018-02-05,4025.0,4075.0,3987.5,4062.5,2494.98681640625,63620600,0.0,0.0,yfinance_raw_daily
2018-02-06,4000.0,4050.0,3962.5,4012.5,2464.27880859375,92415600,0.0,0.0,yfinance_raw_daily
2018-02-07,4050.0,4075.0,4037.5,4062.5,2494.98681640625,57427400,0.0,0.0,yfinance_raw_daily
2018-02-08,4100.0,4125.0,4025.0,4087.5,2510.3408203125,79067200,0.0,0.0,yfinance_raw_daily
2018-02-09,4037.5,4112.5,4025.0,4112.5,2525.694580078125,211953600,0.0,0.0,yfinance_raw_daily
2018-02-12,4112.5,4125.0,4037.5,4100.0,2518.01708984375,72517000,0.0,0.0,yfinance_raw_daily
2018-02-13,4100.0,4150.0,4100.0,4137.5,2541.0478515625,75870600,0.0,0.0,yfinance_raw_daily
2018-02-14,4150.0,4162.5,4112.5,4150.0,2548.72509765625,26730800,0.0,0.0,yfinance_raw_daily
2018-02-15,4187.5,4187.5,4075.0,4150.0,2548.72509765625,65557000,0.0,0.0,yfinance_raw_daily
2018-02-16,4150.0,4150.0,4150.0,4150.0,2548.72509765625,0,0.0,0.0,yfinance_raw_daily
2018-02-19,4175.0,4237.5,4137.5,4237.5,2602.46337890625,49342200,0.0,0.0,yfinance_raw_daily
2018-02-20,4262.5,4525.0,4212.5,4525.0,2779.031494140625,79298400,0.0,0.0,yfinance_raw_daily
2018-02-21,4450.0,4462.5,4375.0,4400.0,2702.262451171875,83845600,0.0,0.0,yfinance_raw_daily
2018-02-22,4437.5,4437.5,4287.5,4312.5,2648.5244140625,39301400,0.0,0.0,yfinance_raw_daily
2018-02-23,4287.5,4350.0,4250.0,4275.0,2625.493896484375,62711800,0.0,0.0,yfinance_raw_daily
2018-02-26,4300.0,4300.0,4150.0,4150.0,2548.72509765625,66541400,0.0,0.0,yfinance_raw_daily
2018-02-27,4212.5,4262.5,4162.5,4212.5,2587.109375,92994400,0.0,0.0,yfinance_raw_daily
2018-02-28,4237.5,4237.5,4150.0,4150.0,2548.72509765625,81356600,0.0,0.0,yfinance_raw_daily
2018-03-01,4200.0,4225.0,4162.5,4187.5,2571.755859375,50682200,0.0,0.0,yfinance_raw_daily
2018-03-02,4162.5,4237.5,4112.5,4237.5,2602.46337890625,49761400,0.0,0.0,yfinance_raw_daily
2018-03-05,4187.5,4212.5,4100.0,4112.5,2525.694580078125,44376600,0.0,0.0,yfinance_raw_daily
2018-03-06,4137.5,4150.0,4000.0,4025.0,2471.955810546875,77337000,0.0,0.0,yfinance_raw_daily
2018-03-07,4012.5,4062.5,3850.0,3962.5,2433.571533203125,116997600,0.0,0.0,yfinance_raw_daily
2018-03-08,4000.0,4087.5,4000.0,4050.0,2487.309814453125,86635600,0.0,0.0,yfinance_raw_daily
2018-03-09,4025.0,4087.5,4000.0,4050.0,2487.309814453125,46391000,0.0,0.0,yfinance_raw_daily
2018-03-12,4100.0,4162.5,4075.0,4162.5,2556.401611328125,78310600,0.0,0.0,yfinance_raw_daily
2018-03-13,4112.5,4137.5,4025.0,4087.5,2510.3408203125,79622600,0.0,0.0,yfinance_raw_daily
2018-03-14,4112.5,4112.5,3987.5,4100.0,2518.01708984375,41997000,0.0,0.0,yfinance_raw_daily
2018-03-15,4087.5,4087.5,4000.0,4000.0,2456.60205078125,66507000,0.0,0.0,yfinance_raw_daily
2018-03-16,3950.0,3975.0,3850.0,3962.5,2433.571533203125,155572000,0.0,0.0,yfinance_raw_daily
2018-03-19,4012.5,4062.5,3962.5,4037.5,2479.6328125,95158400,0.0,0.0,yfinance_raw_daily
2018-03-20,3975.0,4075.0,3925.0,4050.0,2487.309814453125,77864800,0.0,0.0,yfinance_raw_daily
2018-03-21,4100.0,4112.5,4050.0,4100.0,2518.01708984375,113297400,0.0,0.0,yfinance_raw_daily
2018-03-22,4125.0,4125.0,3975.0,4000.0,2456.60205078125,183372000,0.0,0.0,yfinance_raw_daily
2018-03-23,3900.0,4025.0,3850.0,4025.0,2471.955810546875,90662600,0.0,0.0,yfinance_raw_daily
2018-03-26,3925.0,4037.5,3925.0,4037.5,2479.6328125,42673400,0.0,0.0,yfinance_raw_daily
2018-03-27,4062.5,4075.0,3975.0,4000.0,2456.60205078125,55450200,0.0,0.0,yfinance_raw_daily
2018-03-28,3975.0,3987.5,3862.5,3900.0,2395.187255859375,76203200,0.0,0.0,yfinance_raw_daily
2018-03-29,3825.0,3837.5,3762.5,3837.5,2418.513671875,78477600,99.51275,0.0,yfinance_raw_daily
2018-03-30,3837.5,3837.5,3837.5,3837.5,2418.513671875,0,0.0,0.0,yfinance_raw_daily
2018-04-02,3787.5,3912.5,3787.5,3912.5,2465.78125,31435200,0.0,0.0,yfinance_raw_daily
2018-04-03,3862.5,3900.0,3837.5,3900.0,2457.9033203125,47967200,0.0,0.0,yfinance_raw_daily
2018-04-04,3912.5,3912.5,3775.0,3800.0,2394.880126953125,38287200,0.0,0.0,yfinance_raw_daily
2018-04-05,3875.0,3875.0,3762.5,3825.0,2410.63623046875,54709000,0.0,0.0,yfinance_raw_daily
2018-04-06,3775.0,3812.5,3750.0,3775.0,2379.124267578125,45831200,0.0,0.0,yfinance_raw_daily
2018-04-09,3825.0,3825.0,3750.0,3787.5,2387.002685546875,32505800,0.0,0.0,yfinance_raw_daily
2018-04-10,3775.0,3937.5,3775.0,3937.5,2481.537109375,87487000,0.0,0.0,yfinance_raw_daily
2018-04-11,3975.0,4037.5,3962.5,4025.0,2536.682373046875,58578400,0.0,0.0,yfinance_raw_daily
2018-04-12,4000.0,4012.5,3925.0,4012.5,2528.80419921875,56053600,0.0,0.0,yfinance_raw_daily
2018-04-13,4050.0,4050.0,3962.5,4012.5,2528.80419921875,33896200,0.0,0.0,yfinance_raw_daily
2018-04-16,4012.5,4012.5,4012.5,4012.5,2528.80419921875,0,0.0,0.0,yfinance_raw_daily
2018-04-17,4012.5,4012.5,4012.5,4012.5,2528.80419921875,0,0.0,0.0,yfinance_raw_daily
2018-04-18,3975.0,4025.0,3950.0,4025.0,2536.682373046875,28595200,0.0,0.0,yfinance_raw_daily
2018-04-19,4025.0,4025.0,4025.0,4025.0,2536.682373046875,0,0.0,0.0,yfinance_raw_daily
2018-04-20,4025.0,4025.0,4025.0,4025.0,2536.682373046875,0,0.0,0.0,yfinance_raw_daily
2018-04-23,3937.5,4000.0,3925.0,4000.0,2520.926513671875,62793000,0.0,0.0,yfinance_raw_daily
2018-04-24,4000.0,4000.0,3862.5,3862.5,2434.269775390625,49193400,0.0,0.0,yfinance_raw_daily
2018-04-25,3862.5,3862.5,3862.5,3862.5,2434.269775390625,0,0.0,0.0,yfinance_raw_daily
2018-04-26,3862.5,3862.5,3862.5,3862.5,2434.269775390625,0,0.0,0.0,yfinance_raw_daily
2018-04-27,3862.5,3862.5,3862.5,3862.5,2434.269775390625,0,0.0,0.0,yfinance_raw_daily
2018-04-30,3500.0,3575.0,3437.5,3562.5,2245.200439453125,94666400,0.0,0.0,yfinance_raw_daily
2018-05-01,3562.5,3562.5,3562.5,3562.5,2245.200439453125,0,0.0,0.0,yfinance_raw_daily
2018-05-02,3562.5,3612.5,3487.5,3600.0,2268.83349609375,53590000,0.0,0.0,yfinance_raw_daily
2018-05-03,3575.0,3587.5,3425.0,3425.0,2158.543212890625,104380400,0.0,0.0,yfinance_raw_daily
2018-05-04,3425.0,3450.0,3300.0,3312.5,2087.642333984375,54995600,0.0,0.0,yfinance_raw_daily
2018-05-07,3300.0,3437.5,3300.0,3400.0,2142.787841796875,66820800,0.0,0.0,yfinance_raw_daily
2018-05-08,3400.0,3412.5,3337.5,3400.0,2142.787841796875,106457400,0.0,0.0,yfinance_raw_daily
2018-05-09,3362.5,3587.5,3362.5,3587.5,2260.9560546875,111977600,0.0,0.0,yfinance_raw_daily
2018-05-10,3587.5,3587.5,3587.5,3587.5,2260.9560546875,0,0.0,0.0,yfinance_raw_daily
2018-05-11,3625.0,3737.5,3575.0,3600.0,2268.83349609375,103564000,0.0,0.0,yfinance_raw_daily
2018-05-14,3650.0,3650.0,3475.0,3600.0,2268.83349609375,73256600,0.0,0.0,yfinance_raw_daily
2018-05-15,3500.0,3600.0,3400.0,3425.0,2158.543212890625,117942000,0.0,0.0,yfinance_raw_daily
2018-05-16,3350.0,3437.5,3300.0,3425.0,2158.543212890625,171743000,0.0,0.0,yfinance_raw_daily
2018-05-17,3475.0,3500.0,3350.0,3350.0,2111.27587890625,108035800,0.0,0.0,yfinance_raw_daily
2018-05-18,3387.5,3450.0,3325.0,3400.0,2142.787841796875,73179600,0.0,0.0,yfinance_raw_daily
2018-05-21,3362.5,3387.5,3300.0,3337.5,2103.398193359375,93035200,0.0,0.0,yfinance_raw_daily
2018-05-22,3375.0,3387.5,3262.5,3262.5,2056.130859375,95244600,0.0,0.0,yfinance_raw_daily
2018-05-23,3300.0,3437.5,3300.0,3387.5,2134.90966796875,98477800,0.0,0.0,yfinance_raw_daily
2018-05-24,3500.0,3537.5,3425.0,3500.0,2205.810791015625,105512200,0.0,0.0,yfinance_raw_daily
2018-05-25,3525.0,3537.5,3475.0,3500.0,2205.810791015625,87283000,0.0,0.0,yfinance_raw_daily
2018-05-28,3575.0,3712.5,3550.0,3687.5,2323.97900390625,129253400,0.0,0.0,yfinance_raw_daily
2018-05-29,3687.5,3687.5,3687.5,3687.5,2323.97900390625,0,0.0,0.0,yfinance_raw_daily
2018-05-30,3612.5,3812.5,3575.0,3625.0,2284.58984375,170628800,0.0,0.0,yfinance_raw_daily
2018-05-31,3700.0,3700.0,3512.5,3525.0,2221.56640625,211020800,0.0,0.0,yfinance_raw_daily
2018-06-01,3525.0,3525.0,3525.0,3525.0,2221.56640625,0,0.0,0.0,yfinance_raw_daily
2018-06-04,3550.0,3712.5,3550.0,3687.5,2323.97900390625,80221000,0.0,0.0,yfinance_raw_daily
2018-06-05,3725.0,3725.0,3637.5,3675.0,2316.101318359375,73520200,0.0,0.0,yfinance_raw_daily
2018-06-06,3650.0,3687.5,3650.0,3662.5,2308.223388671875,72158600,0.0,0.0,yfinance_raw_daily
2018-06-07,3687.5,3700.0,3662.5,3687.5,2323.97900390625,49787600,0.0,0.0,yfinance_raw_daily
2018-06-08,3700.0,3700.0,3475.0,3475.0,2190.05517578125,134418800,0.0,0.0,yfinance_raw_daily
2018-06-11,3475.0,3475.0,3475.0,3475.0,2190.05517578125,0,0.0,0.0,yfinance_raw_daily
2018-06-12,3475.0,3475.0,3475.0,3475.0,2190.05517578125,0,0.0,0.0,yfinance_raw_daily
2018-06-13,3475.0,3475.0,3475.0,3475.0,2190.05517578125,0,0.0,0.0,yfinance_raw_daily
2018-06-14,3475.0,3475.0,3475.0,3475.0,2190.05517578125,0,0.0,0.0,yfinance_raw_daily
2018-06-15,3475.0,3475.0,3475.0,3475.0,2190.05517578125,0,0.0,0.0,yfinance_raw_daily
2018-06-18,3475.0,3475.0,3475.0,3475.0,2190.05517578125,0,0.0,0.0,yfinance_raw_daily
2018-06-19,3475.0,3475.0,3475.0,3475.0,2190.05517578125,0,0.0,0.0,yfinance_raw_daily
2018-06-20,3425.0,3425.0,3250.0,3350.0,2111.27587890625,170142400,0.0,0.0,yfinance_raw_daily
2018-06-21,3350.0,3387.5,3287.5,3350.0,2111.27587890625,109648600,0.0,0.0,yfinance_raw_daily
2018-06-22,3350.0,3362.5,3300.0,3350.0,2111.27587890625,90954000,0.0,0.0,yfinance_raw_daily
2018-06-25,3375.0,3387.5,3287.5,3350.0,2111.27587890625,59331600,0.0,0.0,yfinance_raw_daily
2018-06-26,3287.5,3375.0,3287.5,3312.5,2087.642333984375,55935600,0.0,0.0,yfinance_raw_daily
2018-06-27,3325.0,3350.0,3300.0,3300.0,2079.764892578125,51148600,0.0,0.0,yfinance_raw_daily
2018-06-28,3362.5,3362.5,3212.5,3250.0,2048.2529296875,109565000,0.0,0.0,yfinance_raw_daily
2018-06-29,3375.0,3425.0,3300.0,3425.0,2158.543212890625,82868000,0.0,0.0,yfinance_raw_daily
2018-07-02,3487.5,3487.5,3262.5,3262.5,2056.130859375,55579800,0.0,0.0,yfinance_raw_daily
2018-07-03,3237.5,3287.5,3162.5,3162.5,1993.1075439453125,74286400,0.0,0.0,yfinance_raw_daily
2018-07-04,3200.0,3312.5,3137.5,3300.0,2079.764892578125,54066400,0.0,0.0,yfinance_raw_daily
2018-07-05,3250.0,3300.0,3175.0,3262.5,2056.130859375,49814600,0.0,0.0,yfinance_raw_daily
2018-07-06,3200.0,3237.5,3150.0,3150.0,1985.2298583984375,51696400,0.0,0.0,yfinance_raw_daily
2018-07-09,3175.0,3262.5,3150.0,3212.5,2024.6190185546875,111683800,0.0,0.0,yfinance_raw_daily
2018-07-10,3250.0,3287.5,3187.5,3225.0,2032.4969482421875,87662000,0.0,0.0,yfinance_raw_daily
2018-07-11,3150.0,3187.5,3125.0,3175.0,2000.9854736328125,71600600,0.0,0.0,yfinance_raw_daily
2018-07-12,3150.0,3225.0,3150.0,3225.0,2032.4969482421875,69482600,0.0,0.0,yfinance_raw_daily
2018-07-13,3212.5,3325.0,3212.5,3300.0,2079.764892578125,71123600,0.0,0.0,yfinance_raw_daily
2018-07-16,3275.0,3312.5,3187.5,3275.0,2064.008544921875,57879600,0.0,0.0,yfinance_raw_daily
2018-07-17,3225.0,3237.5,3150.0,3162.5,1993.1075439453125,84860000,0.0,0.0,yfinance_raw_daily
2018-07-18,3162.5,3212.5,3150.0,3200.0,2016.7413330078125,46293000,0.0,0.0,yfinance_raw_daily
2018-07-19,3212.5,3262.5,3187.5,3187.5,2008.8631591796875,69942000,0.0,0.0,yfinance_raw_daily
2018-07-20,3212.5,3225.0,3137.5,3175.0,2000.9854736328125,101994800,0.0,0.0,yfinance_raw_daily
2018-07-23,3200.0,3287.5,3187.5,3200.0,2016.7413330078125,80140200,0.0,0.0,yfinance_raw_daily
2018-07-24,3250.0,3262.5,3200.0,3262.5,2056.130859375,38980400,0.0,0.0,yfinance_raw_daily
2018-07-25,3275.0,3275.0,3225.0,3237.5,2040.3748779296875,62149400,0.0,0.0,yfinance_raw_daily
2018-07-26,3250.0,3275.0,3237.5,3275.0,2064.008544921875,57947800,0.0,0.0,yfinance_raw_daily
2018-07-27,3287.5,3287.5,3250.0,3287.5,2071.886474609375,35688800,0.0,0.0,yfinance_raw_daily
2018-07-30,3287.5,3362.5,3275.0,3362.5,2119.153564453125,54608200,0.0,0.0,yfinance_raw_daily
2018-07-31,3362.5,3362.5,3287.5,3325.0,2095.52001953125,66929400,0.0,0.0,yfinance_raw_daily
2018-08-01,3350.0,3500.0,3337.5,3500.0,2205.810791015625,110824000,0.0,0.0,yfinance_raw_daily
2018-08-02,3500.0,3587.5,3462.5,3525.0,2221.56640625,61392400,0.0,0.0,yfinance_raw_daily
2018-08-03,3500.0,3612.5,3500.0,3600.0,2268.83349609375,63550400,0.0,0.0,yfinance_raw_daily
2018-08-06,3612.5,3712.5,3600.0,3650.0,2300.345458984375,102478600,0.0,0.0,yfinance_raw_daily
2018-08-07,3650.0,3712.5,3600.0,3600.0,2268.83349609375,102967800,0.0,0.0,yfinance_raw_daily
2018-08-08,3612.5,3662.5,3550.0,3662.5,2308.223388671875,48967400,0.0,0.0,yfinance_raw_daily
2018-08-09,3600.0,3675.0,3600.0,3637.5,2292.467529296875,28914800,0.0,0.0,yfinance_raw_daily
2018-08-10,3662.5,3712.5,3650.0,3675.0,2316.101318359375,36267800,0.0,0.0,yfinance_raw_daily
2018-08-13,3600.0,3625.0,3425.0,3462.5,2182.177001953125,82658400,0.0,0.0,yfinance_raw_daily
2018-08-14,3437.5,3450.0,3350.0,3362.5,2119.153564453125,122915000,0.0,0.0,yfinance_raw_daily
2018-08-15,3375.0,3412.5,3262.5,3400.0,2142.787841796875,82042800,0.0,0.0,yfinance_raw_daily
2018-08-16,3375.0,3387.5,3300.0,3350.0,2111.27587890625,42463600,0.0,0.0,yfinance_raw_daily
2018-08-17,3350.0,3350.0,3350.0,3350.0,2111.27587890625,0,0.0,0.0,yfinance_raw_daily
2018-08-20,3475.0,3475.0,3350.0,3362.5,2119.153564453125,81139200,0.0,0.0,yfinance_raw_daily
2018-08-21,3375.0,3387.5,3337.5,3350.0,2111.27587890625,62399200,0.0,0.0,yfinance_raw_daily
2018-08-22,3350.0,3350.0,3350.0,3350.0,2111.27587890625,0,0.0,0.0,yfinance_raw_daily
2018-08-23,3400.0,3425.0,3350.0,3425.0,2158.543212890625,98059800,0.0,0.0,yfinance_raw_daily
2018-08-24,3400.0,3425.0,3375.0,3387.5,2134.90966796875,75683200,0.0,0.0,yfinance_raw_daily
2018-08-27,3412.5,3487.5,3387.5,3487.5,2197.932861328125,84503200,0.0,0.0,yfinance_raw_daily
2018-08-28,3500.0,3512.5,3450.0,3500.0,2205.810791015625,80591200,0.0,0.0,yfinance_raw_daily
2018-08-29,3487.5,3512.5,3462.5,3500.0,2205.810791015625,55272600,0.0,0.0,yfinance_raw_daily
2018-08-30,3500.0,3512.5,3400.0,3425.0,2158.543212890625,52753200,0.0,0.0,yfinance_raw_daily
2018-08-31,3350.0,3450.0,3337.5,3450.0,2174.29931640625,110408200,0.0,0.0,yfinance_raw_daily
2018-09-03,3450.0,3450.0,3350.0,3350.0,2111.27587890625,55590200,0.0,0.0,yfinance_raw_daily
2018-09-04,3362.5,3375.0,3225.0,3287.5,2071.886474609375,59803000,0.0,0.0,yfinance_raw_daily
2018-09-05,3250.0,3262.5,3100.0,3162.5,1993.1075439453125,83838600,0.0,0.0,yfinance_raw_daily
2018-09-06,3100.0,3275.0,3100.0,3275.0,2064.008544921875,96306200,0.0,0.0,yfinance_raw_daily
2018-09-07,3250.0,3325.0,3225.0,3312.5,2087.642333984375,75525400,0.0,0.0,yfinance_raw_daily
2018-09-10,3250.0,3300.0,3212.5,3287.5,2071.886474609375,37301800,0.0,0.0,yfinance_raw_daily
2018-09-11,3287.5,3287.5,3287.5,3287.5,2071.886474609375,0,0.0,0.0,yfinance_raw_daily
2018-09-12,3287.5,3312.5,3187.5,3187.5,2008.8631591796875,46357000,0.0,0.0,yfinance_raw_daily
2018-09-13,3237.5,3312.5,3225.0,3287.5,2071.886474609375,36668600,0.0,0.0,yfinance_raw_daily
2018-09-14,3337.5,3375.0,3300.0,3375.0,2127.0322265625,30656000,0.0,0.0,yfinance_raw_daily
2018-09-17,3325.0,3337.5,3212.5,3225.0,2032.4969482421875,88368200,0.0,0.0,yfinance_raw_daily
2018-09-18,3225.0,3262.5,3162.5,3187.5,2008.8631591796875,101172800,0.0,0.0,yfinance_raw_daily
2018-09-19,3225.0,3225.0,3187.5,3200.0,2016.7413330078125,42616400,0.0,0.0,yfinance_raw_daily
2018-09-20,3212.5,3337.5,3212.5,3337.5,2103.398193359375,99827000,0.0,0.0,yfinance_raw_daily
2018-09-21,3375.0,3475.0,3362.5,3425.0,2158.543212890625,124841800,0.0,0.0,yfinance_raw_daily
2018-09-24,3425.0,3450.0,3337.5,3375.0,2127.0322265625,81188200,0.0,0.0,yfinance_raw_daily
2018-09-25,3337.5,3375.0,3262.5,3312.5,2087.642333984375,46091400,0.0,0.0,yfinance_raw_daily
2018-09-26,3287.5,3362.5,3287.5,3300.0,2079.764892578125,32016600,0.0,0.0,yfinance_raw_daily
2018-09-27,3300.0,3362.5,3275.0,3312.5,2087.642333984375,82349800,0.0,0.0,yfinance_raw_daily
2018-09-28,3300.0,3375.0,3300.0,3362.5,2119.153564453125,101686800,0.0,0.0,yfinance_raw_daily
2018-10-01,3300.0,3400.0,3300.0,3350.0,2111.27587890625,66513400,0.0,0.0,yfinance_raw_daily
2018-10-02,3350.0,3350.0,3212.5,3225.0,2032.4969482421875,120652800,0.0,0.0,yfinance_raw_daily
2018-10-03,3200.0,3287.5,3200.0,3250.0,2048.2529296875,68383400,0.0,0.0,yfinance_raw_daily
2018-10-04,3200.0,3212.5,3112.5,3112.5,1961.5960693359375,116478400,0.0,0.0,yfinance_raw_daily
2018-10-05,3112.5,3175.0,3087.5,3137.5,1977.3519287109375,67792400,0.0,0.0,yfinance_raw_daily
2018-10-08,3137.5,3150.0,3100.0,3100.0,1953.7178955078125,55327600,0.0,0.0,yfinance_raw_daily
2018-10-09,3100.0,3187.5,3100.0,3175.0,2000.9854736328125,40331400,0.0,0.0,yfinance_raw_daily
2018-10-10,3200.0,3262.5,3187.5,3237.5,2040.3748779296875,39230800,0.0,0.0,yfinance_raw_daily
2018-10-11,3125.0,3175.0,3100.0,3137.5,1977.3519287109375,64054000,0.0,0.0,yfinance_raw_daily
2018-10-12,3137.5,3237.5,3137.5,3200.0,2016.7413330078125,70448200,0.0,0.0,yfinance_raw_daily
2018-10-15,3250.0,3262.5,3187.5,3187.5,2008.8631591796875,40880400,0.0,0.0,yfinance_raw_daily
2018-10-16,3200.0,3250.0,3200.0,3250.0,2048.2529296875,29777600,0.0,0.0,yfinance_raw_daily
2018-10-17,3300.0,3325.0,3262.5,3287.5,2071.886474609375,43108000,0.0,0.0,yfinance_raw_daily
2018-10-18,3250.0,3300.0,3200.0,3250.0,2048.2529296875,39270000,0.0,0.0,yfinance_raw_daily
2018-10-19,3225.0,3250.0,3187.5,3225.0,2032.4969482421875,47990000,0.0,0.0,yfinance_raw_daily
2018-10-22,3225.0,3262.5,3187.5,3225.0,2032.4969482421875,36415600,0.0,0.0,yfinance_raw_daily
2018-10-23,3225.0,3237.5,3212.5,3212.5,2024.6190185546875,25707400,0.0,0.0,yfinance_raw_daily
2018-10-24,3212.5,3237.5,3162.5,3162.5,1993.1075439453125,33969400,0.0,0.0,yfinance_raw_daily
2018-10-25,3125.0,3237.5,3125.0,3237.5,2040.3748779296875,62781600,0.0,0.0,yfinance_raw_daily
2018-10-26,3237.5,3250.0,3200.0,3225.0,2032.4969482421875,39723200,0.0,0.0,yfinance_raw_daily
2018-10-29,3212.5,3250.0,3200.0,3200.0,2016.7413330078125,40472000,0.0,0.0,yfinance_raw_daily
2018-10-30,3250.0,3262.5,3212.5,3262.5,2056.130859375,34731200,0.0,0.0,yfinance_raw_daily
2018-10-31,3287.5,3425.0,3275.0,3425.0,2158.543212890625,111265400,0.0,0.0,yfinance_raw_daily
2018-11-01,3450.0,3675.0,3437.5,3612.5,2276.7119140625,185151800,0.0,0.0,yfinance_raw_daily
2018-11-02,3662.5,3750.0,3550.0,3712.5,2339.735107421875,143785200,0.0,0.0,yfinance_raw_daily
2018-11-05,3700.0,3700.0,3625.0,3687.5,2323.97900390625,56013400,0.0,0.0,yfinance_raw_daily
2018-11-06,3737.5,3737.5,3625.0,3675.0,2316.101318359375,124000800,0.0,0.0,yfinance_raw_daily
2018-11-07,3687.5,3700.0,3600.0,3675.0,2316.101318359375,92281000,0.0,0.0,yfinance_raw_daily
2018-11-08,3700.0,3762.5,3687.5,3750.0,2363.36865234375,130444200,0.0,0.0,yfinance_raw_daily
2018-11-09,3625.0,3662.5,3575.0,3612.5,2276.7119140625,123465600,0.0,0.0,yfinance_raw_daily
2018-11-12,3612.5,3612.5,3487.5,3487.5,2197.932861328125,65689800,0.0,0.0,yfinance_raw_daily
2018-11-13,3400.0,3587.5,3400.0,3575.0,2253.077880859375,85750000,0.0,0.0,yfinance_raw_daily
2018-11-14,3637.5,3650.0,3562.5,3562.5,2245.200439453125,68203400,0.0,0.0,yfinance_raw_daily
2018-11-15,3625.0,3725.0,3575.0,3700.0,2331.857177734375,115193000,0.0,0.0,yfinance_raw_daily
2018-11-16,3737.5,3812.5,3687.5,3725.0,2347.61279296875,113146000,0.0,0.0,yfinance_raw_daily
2018-11-19,3750.0,3787.5,3650.0,3737.5,2355.490966796875,52926800,0.0,0.0,yfinance_raw_daily
2018-11-20,3737.5,3737.5,3737.5,3737.5,2355.490966796875,0,0.0,0.0,yfinance_raw_daily
2018-11-21,3612.5,3662.5,3525.0,3637.5,2292.467529296875,121808800,0.0,0.0,yfinance_raw_daily
2018-11-22,3637.5,3700.0,3587.5,3662.5,2308.223388671875,89601400,0.0,0.0,yfinance_raw_daily
2018-11-23,3675.0,3700.0,3637.5,3650.0,2300.345458984375,82350000,0.0,0.0,yfinance_raw_daily
2018-11-26,3625.0,3700.0,3625.0,3687.5,2323.97900390625,62934800,0.0,0.0,yfinance_raw_daily
2018-11-27,3687.5,3750.0,3675.0,3725.0,2347.61279296875,61028800,0.0,0.0,yfinance_raw_daily
2018-11-28,3750.0,3750.0,3662.5,3700.0,2331.857177734375,67675000,0.0,0.0,yfinance_raw_daily
2018-11-29,3750.0,3825.0,3750.0,3825.0,2410.63623046875,141202600,0.0,0.0,yfinance_raw_daily
2018-11-30,3787.5,3812.5,3700.0,3700.0,2331.857177734375,148482800,0.0,0.0,yfinance_raw_daily
2018-12-03,3775.0,3862.5,3775.0,3800.0,2394.880126953125,136684600,0.0,0.0,yfinance_raw_daily
2018-12-04,3787.5,3825.0,3775.0,3825.0,2410.63623046875,60153200,0.0,0.0,yfinance_raw_daily
2018-12-05,3800.0,3800.0,3762.5,3787.5,2387.002685546875,73322400,0.0,0.0,yfinance_raw_daily
2018-12-06,3700.0,3762.5,3700.0,3737.5,2355.490966796875,74092000,0.0,0.0,yfinance_raw_daily
2018-12-07,3787.5,3812.5,3737.5,3750.0,2363.36865234375,41692800,0.0,0.0,yfinance_raw_daily
2018-12-10,3687.5,3762.5,3675.0,3712.5,2339.735107421875,41105200,0.0,0.0,yfinance_raw_daily
2018-12-11,3725.0,3737.5,3700.0,3725.0,2347.61279296875,55657400,0.0,0.0,yfinance_raw_daily
2018-12-12,3737.5,3775.0,3712.5,3737.5,2355.490966796875,80631400,0.0,0.0,yfinance_raw_daily
2018-12-13,3750.0,3850.0,3725.0,3850.0,2426.391845703125,92920000,0.0,0.0,yfinance_raw_daily
2018-12-14,3825.0,3825.0,3762.5,3787.5,2387.002685546875,68756400,0.0,0.0,yfinance_raw_daily
2018-12-17,3725.0,3787.5,3700.0,3700.0,2331.857177734375,78685000,0.0,0.0,yfinance_raw_daily
2018-12-18,3625.0,3675.0,3625.0,3675.0,2316.101318359375,98608800,0.0,0.0,yfinance_raw_daily
2018-12-19,3675.0,3737.5,3675.0,3712.5,2339.735107421875,89550000,0.0,0.0,yfinance_raw_daily
2018-12-20,3712.5,3712.5,3637.5,3650.0,2300.345458984375,61216000,0.0,0.0,yfinance_raw_daily
2018-12-21,3625.0,3650.0,3587.5,3612.5,2276.7119140625,98207400,0.0,0.0,yfinance_raw_daily
2018-12-24,3612.5,3612.5,3612.5,3612.5,2276.7119140625,0,0.0,0.0,yfinance_raw_daily
2018-12-25,3612.5,3612.5,3612.5,3612.5,2276.7119140625,0,0.0,0.0,yfinance_raw_daily
2018-12-26,3575.0,3625.0,3550.0,3612.5,2276.7119140625,52356800,0.0,0.0,yfinance_raw_daily
2018-12-27,3662.5,3675.0,3625.0,3637.5,2292.467529296875,48514400,0.0,0.0,yfinance_raw_daily
2018-12-28,3675.0,3725.0,3662.5,3687.5,2323.97900390625,97081600,0.0,0.0,yfinance_raw_daily
2018-12-31,3687.5,3687.5,3687.5,3687.5,2323.97900390625,0,0.0,0.0,yfinance_raw_daily
2019-01-01,3687.5,3687.5,3687.5,3687.5,2323.97900390625,0,0.0,0.0,yfinance_raw_daily
2019-01-02,3700.0,3700.0,3625.0,3662.5,2308.223388671875,45319200,0.0,0.0,yfinance_raw_daily
2019-01-03,3637.5,3675.0,3550.0,3587.5,2260.9560546875,74174000,0.0,0.0,yfinance_raw_daily
2019-01-04,3587.5,3725.0,3575.0,3725.0,2347.61279296875,78514000,0.0,0.0,yfinance_raw_daily
2019-01-07,3750.0,3787.5,3712.5,3712.5,2339.735107421875,53624800,0.0,0.0,yfinance_raw_daily
2019-01-08,3712.5,3737.5,3675.0,3675.0,2316.101318359375,80073200,0.0,0.0,yfinance_raw_daily
2019-01-09,3750.0,3787.5,3700.0,3787.5,2387.002685546875,104903400,0.0,0.0,yfinance_raw_daily
2019-01-10,3812.5,3850.0,3775.0,3850.0,2426.391845703125,130603200,0.0,0.0,yfinance_raw_daily
2019-01-11,3875.0,3900.0,3837.5,3850.0,2426.391845703125,88899400,0.0,0.0,yfinance_raw_daily
2019-01-14,3875.0,3875.0,3825.0,3850.0,2426.391845703125,71320000,0.0,0.0,yfinance_raw_daily
2019-01-15,3875.0,3900.0,3825.0,3900.0,2457.9033203125,86697200,0.0,0.0,yfinance_raw_daily
2019-01-16,3900.0,3912.5,3837.5,3900.0,2457.9033203125,78625600,0.0,0.0,yfinance_raw_daily
2019-01-17,3900.0,4025.0,3900.0,3937.5,2481.537109375,101961200,0.0,0.0,yfinance_raw_daily
2019-01-18,3950.0,3962.5,3912.5,3937.5,2481.537109375,56790000,0.0,0.0,yfinance_raw_daily
2019-01-21,3912.5,3950.0,3900.0,3900.0,2457.9033203125,111624400,0.0,0.0,yfinance_raw_daily
2019-01-22,3862.5,3900.0,3825.0,3875.0,2442.147705078125,123558000,0.0,0.0,yfinance_raw_daily
2019-01-23,3787.5,3850.0,3737.5,3737.5,2355.490966796875,162196000,0.0,0.0,yfinance_raw_daily
2019-01-24,3737.5,3750.0,3712.5,3737.5,2355.490966796875,179821400,0.0,0.0,yfinance_raw_daily
2019-01-25,3737.5,3762.5,3650.0,3687.5,2323.97900390625,143184800,0.0,0.0,yfinance_raw_daily
2019-01-28,3687.5,3712.5,3537.5,3587.5,2260.9560546875,207013400,0.0,0.0,yfinance_raw_daily
2019-01-29,3587.5,3625.0,3525.0,3562.5,2245.200439453125,162587800,0.0,0.0,yfinance_raw_daily
2019-01-30,3562.5,3662.5,3562.5,3625.0,2284.58984375,175565200,0.0,0.0,yfinance_raw_daily
2019-01-31,3662.5,3737.5,3637.5,3725.0,2347.61279296875,214008600,0.0,0.0,yfinance_raw_daily
2019-02-01,3750.0,3812.5,3737.5,3800.0,2394.880126953125,104295400,0.0,0.0,yfinance_raw_daily
2019-02-04,3750.0,3800.0,3675.0,3675.0,2316.101318359375,80919200,0.0,0.0,yfinance_raw_daily
2019-02-05,3675.0,3675.0,3675.0,3675.0,2316.101318359375,0,0.0,0.0,yfinance_raw_daily
2019-02-06,3725.0,3762.5,3712.5,3737.5,2355.490966796875,60281400,0.0,0.0,yfinance_raw_daily
2019-02-07,3737.5,3775.0,3712.5,3775.0,2379.124267578125,31622800,0.0,0.0,yfinance_raw_daily
2019-02-08,3750.0,3787.5,3712.5,3787.5,2387.002685546875,46828400,0.0,0.0,yfinance_raw_daily
2019-02-11,3800.0,3812.5,3762.5,3812.5,2402.758544921875,72358200,0.0,0.0,yfinance_raw_daily
2019-02-12,3837.5,3837.5,3687.5,3712.5,2339.735107421875,82644200,0.0,0.0,yfinance_raw_daily
2019-02-13,3712.5,3737.5,3625.0,3625.0,2284.58984375,75046400,0.0,0.0,yfinance_raw_daily
2019-02-14,3675.0,3687.5,3587.5,3587.5,2260.9560546875,95699000,0.0,0.0,yfinance_raw_daily
2019-02-15,3575.0,3612.5,3550.0,3587.5,2260.9560546875,92002800,0.0,0.0,yfinance_raw_daily
2019-02-18,3650.0,3650.0,3587.5,3637.5,2292.467529296875,86216800,0.0,0.0,yfinance_raw_daily
2019-02-19,3637.5,3662.5,3562.5,3600.0,2268.83349609375,92714200,0.0,0.0,yfinance_raw_daily
2019-02-20,3625.0,3625.0,3475.0,3550.0,2237.322265625,192881200,0.0,0.0,yfinance_raw_daily
2019-02-21,3562.5,3662.5,3550.0,3662.5,2308.223388671875,100203800,0.0,0.0,yfinance_raw_daily
2019-02-22,3637.5,3650.0,3525.0,3550.0,2237.322265625,167596800,0.0,0.0,yfinance_raw_daily
2019-02-25,3575.0,3625.0,3562.5,3625.0,2284.58984375,91520000,0.0,0.0,yfinance_raw_daily
2019-02-26,3637.5,3637.5,3575.0,3637.5,2292.467529296875,94091000,0.0,0.0,yfinance_raw_daily
2019-02-27,3600.0,3637.5,3575.0,3600.0,2268.83349609375,72356800,0.0,0.0,yfinance_raw_daily
2019-02-28,3612.5,3625.0,3550.0,3562.5,2245.200439453125,84980200,0.0,0.0,yfinance_raw_daily
2019-03-01,3575.0,3612.5,3562.5,3587.5,2260.9560546875,47003200,0.0,0.0,yfinance_raw_daily
2019-03-04,3587.5,3587.5,3550.0,3550.0,2237.322265625,29659800,0.0,0.0,yfinance_raw_daily
2019-03-05,3525.0,3562.5,3400.0,3475.0,2190.05517578125,223113200,0.0,0.0,yfinance_raw_daily
2019-03-06,3500.0,3537.5,3437.5,3537.5,2229.44482421875,94977600,0.0,0.0,yfinance_raw_daily
2019-03-07,3537.5,3537.5,3537.5,3537.5,2229.44482421875,0,0.0,0.0,yfinance_raw_daily
2019-03-08,3525.0,3525.0,3450.0,3450.0,2174.29931640625,71523400,0.0,0.0,yfinance_raw_daily
2019-03-11,3475.0,3475.0,3412.5,3425.0,2158.543212890625,53912400,0.0,0.0,yfinance_raw_daily
2019-03-12,3412.5,3437.5,3337.5,3362.5,2119.153564453125,60509600,0.0,0.0,yfinance_raw_daily
2019-03-13,3400.0,3400.0,3325.0,3350.0,2111.27587890625,55730600,0.0,0.0,yfinance_raw_daily
2019-03-14,3400.0,3462.5,3362.5,3450.0,2174.29931640625,44212200,0.0,0.0,yfinance_raw_daily
2019-03-15,3462.5,3550.0,3462.5,3550.0,2237.322265625,71744400,0.0,0.0,yfinance_raw_daily
2019-03-18,3575.0,3612.5,3512.5,3550.0,2237.322265625,52140200,0.0,0.0,yfinance_raw_daily
2019-03-19,3587.5,3700.0,3575.0,3687.5,2323.97900390625,158696000,0.0,0.0,yfinance_raw_daily
2019-03-20,3700.0,3725.0,3650.0,3700.0,2331.857177734375,51652800,0.0,0.0,yfinance_raw_daily
2019-03-21,3750.0,3762.5,3725.0,3737.5,2355.490966796875,68829800,0.0,0.0,yfinance_raw_daily
2019-03-22,3737.5,3750.0,3712.5,3725.0,2347.61279296875,45259400,0.0,0.0,yfinance_raw_daily
2019-03-25,3625.0,3662.5,3587.5,3587.5,2260.9560546875,45751600,0.0,0.0,yfinance_raw_daily
2019-03-26,3637.5,3675.0,3637.5,3650.0,2300.345458984375,28799400,0.0,0.0,yfinance_raw_daily
2019-03-27,3712.5,3712.5,3612.5,3612.5,2276.7119140625,38906600,0.0,0.0,yfinance_raw_daily
2019-03-28,3650.0,3687.5,3625.0,3687.5,2323.97900390625,47868600,0.0,0.0,yfinance_raw_daily
2019-03-29,3700.0,3750.0,3662.5,3737.5,2355.490966796875,71140200,0.0,0.0,yfinance_raw_daily
2019-04-01,3750.0,3762.5,3725.0,3750.0,2363.36865234375,57890600,0.0,0.0,yfinance_raw_daily
2019-04-02,3762.5,3762.5,3662.5,3712.5,2339.735107421875,36872800,0.0,0.0,yfinance_raw_daily
2019-04-03,3712.5,3712.5,3712.5,3712.5,2339.735107421875,0,0.0,0.0,yfinance_raw_daily
2019-04-04,3750.0,3850.0,3750.0,3837.5,2418.513671875,119083400,0.0,0.0,yfinance_raw_daily
2019-04-05,3837.5,3837.5,3775.0,3775.0,2379.124267578125,40534200,0.0,0.0,yfinance_raw_daily
2019-04-08,3800.0,3800.0,3687.5,3750.0,2363.36865234375,45862600,0.0,0.0,yfinance_raw_daily
2019-04-09,3787.5,3862.5,3775.0,3837.5,2418.513671875,61437800,0.0,0.0,yfinance_raw_daily
2019-04-10,3825.0,3837.5,3762.5,3775.0,2379.124267578125,30552600,0.0,0.0,yfinance_raw_daily
2019-04-11,3787.5,3800.0,3700.0,3700.0,2331.857177734375,70389000,0.0,0.0,yfinance_raw_daily
2019-04-12,3675.0,3700.0,3650.0,3662.5,2308.223388671875,53372400,0.0,0.0,yfinance_raw_daily
2019-04-15,3700.0,3725.0,3662.5,3675.0,2316.101318359375,48251000,0.0,0.0,yfinance_raw_daily
2019-04-16,3687.5,3812.5,3675.0,3812.5,2402.758544921875,143066800,0.0,0.0,yfinance_raw_daily
2019-04-17,3812.5,3812.5,3812.5,3812.5,2402.758544921875,0,0.0,0.0,yfinance_raw_daily
2019-04-18,3900.0,4062.5,3887.5,3900.0,2457.9033203125,243343400,0.0,0.0,yfinance_raw_daily
2019-04-19,3900.0,3900.0,3900.0,3900.0,2457.9033203125,0,0.0,0.0,yfinance_raw_daily
2019-04-22,3900.0,3937.5,3825.0,3875.0,2442.147705078125,69981800,0.0,0.0,yfinance_raw_daily
2019-04-23,3850.0,3887.5,3837.5,3837.5,2418.513671875,65384600,0.0,0.0,yfinance_raw_daily
2019-04-24,3850.0,3862.5,3812.5,3837.5,2418.513671875,55408400,0.0,0.0,yfinance_raw_daily
2019-04-25,3825.0,3837.5,3775.0,3825.0,2410.63623046875,111185200,0.0,0.0,yfinance_raw_daily
2019-04-26,3775.0,3900.0,3737.5,3862.5,2434.269775390625,150697400,0.0,0.0,yfinance_raw_daily
2019-04-29,3850.0,3900.0,3837.5,3887.5,2450.02587890625,112773000,0.0,0.0,yfinance_raw_daily
2019-04-30,3912.5,3937.5,3862.5,3862.5,2434.269775390625,103243000,0.0,0.0,yfinance_raw_daily
2019-05-01,3862.5,3862.5,3862.5,3862.5,2434.269775390625,0,0.0,0.0,yfinance_raw_daily
2019-05-02,3850.0,3862.5,3812.5,3850.0,2426.391845703125,68943800,0.0,0.0,yfinance_raw_daily
2019-05-03,3850.0,3850.0,3787.5,3825.0,2410.63623046875,60141600,0.0,0.0,yfinance_raw_daily
2019-05-06,3750.0,3787.5,3662.5,3762.5,2371.246826171875,100956600,0.0,0.0,yfinance_raw_daily
2019-05-07,3837.5,3837.5,3775.0,3825.0,2410.63623046875,68861800,0.0,0.0,yfinance_raw_daily
2019-05-08,3750.0,3787.5,3725.0,3762.5,2371.246826171875,79916800,0.0,0.0,yfinance_raw_daily
2019-05-09,3725.0,3787.5,3725.0,3750.0,2363.36865234375,90947000,0.0,0.0,yfinance_raw_daily
2019-05-10,3775.0,3787.5,3687.5,3737.5,2355.490966796875,65009400,0.0,0.0,yfinance_raw_daily
2019-05-13,3787.5,3825.0,3750.0,3762.5,2371.246826171875,83342800,0.0,0.0,yfinance_raw_daily
2019-05-14,3725.0,3762.5,3700.0,3725.0,2347.61279296875,85983800,0.0,0.0,yfinance_raw_daily
2019-05-15,3762.5,3800.0,3712.5,3712.5,2339.735107421875,112972400,0.0,0.0,yfinance_raw_daily
2019-05-16,3675.0,3725.0,3625.0,3675.0,2316.101318359375,86481000,0.0,0.0,yfinance_raw_daily
2019-05-17,3750.0,3750.0,3537.5,3537.5,2229.44482421875,59716600,0.0,0.0,yfinance_raw_daily
2019-05-20,3500.0,3637.5,3487.5,3612.5,2276.7119140625,93447200,0.0,0.0,yfinance_raw_daily
2019-05-21,3637.5,3675.0,3537.5,3625.0,2284.58984375,128877200,0.0,0.0,yfinance_raw_daily
2019-05-22,3662.5,3700.0,3612.5,3650.0,2300.345458984375,88253000,0.0,0.0,yfinance_raw_daily
2019-05-23,3675.0,3800.0,3662.5,3787.5,2387.002685546875,65668800,0.0,0.0,yfinance_raw_daily
2019-05-24,3800.0,3887.5,3787.5,3850.0,2426.391845703125,99151200,0.0,0.0,yfinance_raw_daily
2019-05-27,3800.0,3862.5,3762.5,3862.5,2512.99365234375,144611000,120.60814,0.0,yfinance_raw_daily
2019-05-28,3850.0,3850.0,3675.0,3687.5,2399.13623046875,298780800,0.0,0.0,yfinance_raw_daily
2019-05-29,3725.0,3775.0,3700.0,3775.0,2456.06494140625,89397400,0.0,0.0,yfinance_raw_daily
2019-05-30,3775.0,3775.0,3775.0,3775.0,2456.06494140625,0,0.0,0.0,yfinance_raw_daily
2019-05-31,3800.0,3887.5,3775.0,3837.5,2496.728271484375,173453000,0.0,0.0,yfinance_raw_daily
2019-06-03,3837.5,3837.5,3837.5,3837.5,2496.728271484375,0,0.0,0.0,yfinance_raw_daily
2019-06-04,3837.5,3837.5,3837.5,3837.5,2496.728271484375,0,0.0,0.0,yfinance_raw_daily
2019-06-05,3837.5,3837.5,3837.5,3837.5,2496.728271484375,0,0.0,0.0,yfinance_raw_daily
2019-06-06,3837.5,3837.5,3837.5,3837.5,2496.728271484375,0,0.0,0.0,yfinance_raw_daily
2019-06-07,3837.5,3837.5,3837.5,3837.5,2496.728271484375,0,0.0,0.0,yfinance_raw_daily
2019-06-10,3925.0,3975.0,3912.5,3925.0,2553.656982421875,208042400,0.0,0.0,yfinance_raw_daily
2019-06-11,3937.5,3950.0,3900.0,3937.5,2561.78955078125,107140400,0.0,0.0,yfinance_raw_daily
2019-06-12,3950.0,3950.0,3900.0,3937.5,2561.78955078125,69330800,0.0,0.0,yfinance_raw_daily
2019-06-13,3937.5,3950.0,3850.0,3912.5,2545.5244140625,63482400,0.0,0.0,yfinance_raw_daily
2019-06-14,3937.5,3937.5,3900.0,3912.5,2545.5244140625,61672200,0.0,0.0,yfinance_raw_daily
2019-06-17,3950.0,3950.0,3900.0,3900.0,2537.391845703125,47269400,0.0,0.0,yfinance_raw_daily
2019-06-18,3887.5,3937.5,3887.5,3925.0,2553.656982421875,104106200,0.0,0.0,yfinance_raw_daily
2019-06-19,3950.0,4000.0,3937.5,3987.5,2594.3203125,156615200,0.0,0.0,yfinance_raw_daily
2019-06-20,4000.0,4025.0,3962.5,3975.0,2586.187744140625,93589200,0.0,0.0,yfinance_raw_daily
2019-06-21,4000.0,4012.5,3950.0,3987.5,2594.3203125,145919600,0.0,0.0,yfinance_raw_daily
2019-06-24,3950.0,4012.5,3950.0,3987.5,2594.3203125,70252200,0.0,0.0,yfinance_raw_daily
2019-06-25,4012.5,4012.5,3962.5,3975.0,2586.187744140625,59303200,0.0,0.0,yfinance_raw_daily
2019-06-26,3925.0,4000.0,3925.0,3975.0,2586.187744140625,72115200,0.0,0.0,yfinance_raw_daily
2019-06-27,3987.5,4025.0,3987.5,4000.0,2602.452880859375,63152000,0.0,0.0,yfinance_raw_daily
2019-06-28,4012.5,4025.0,3987.5,4012.5,2610.585693359375,61888000,0.0,0.0,yfinance_raw_daily
2019-07-01,4025.0,4037.5,3987.5,4000.0,2602.452880859375,61455600,0.0,0.0,yfinance_raw_daily
2019-07-02,4025.0,4025.0,3987.5,4012.5,2610.585693359375,64875600,0.0,0.0,yfinance_raw_daily
2019-07-03,3975.0,4012.5,3975.0,4012.5,2610.585693359375,93933600,0.0,0.0,yfinance_raw_daily
2019-07-04,4025.0,4025.0,4000.0,4012.5,2610.585693359375,31578600,0.0,0.0,yfinance_raw_daily
2019-07-05,3962.5,4012.5,3862.5,3912.5,2545.5244140625,186756200,0.0,0.0,yfinance_raw_daily
2019-07-08,3875.0,3937.5,3862.5,3937.5,2561.78955078125,105905600,0.0,0.0,yfinance_raw_daily
2019-07-09,3912.5,3962.5,3900.0,3950.0,2569.922607421875,88590800,0.0,0.0,yfinance_raw_daily
2019-07-10,3975.0,4000.0,3962.5,3975.0,2586.187744140625,100964600,0.0,0.0,yfinance_raw_daily
2019-07-11,4012.5,4025.0,3987.5,4000.0,2602.452880859375,70231200,0.0,0.0,yfinance_raw_daily
2019-07-12,4025.0,4062.5,4012.5,4037.5,2626.85107421875,73474000,0.0,0.0,yfinance_raw_daily
2019-07-15,4075.0,4087.5,4050.0,4075.0,2651.248779296875,89444800,0.0,0.0,yfinance_raw_daily
2019-07-16,4037.5,4062.5,3987.5,4037.5,2626.85107421875,146626400,0.0,0.0,yfinance_raw_daily
2019-07-17,4000.0,4025.0,3975.0,3987.5,2594.3203125,128231000,0.0,0.0,yfinance_raw_daily
2019-07-18,3950.0,3975.0,3912.5,3925.0,2553.656982421875,142262000,0.0,0.0,yfinance_raw_daily
2019-07-19,3900.0,3950.0,3900.0,3937.5,2561.78955078125,104530000,0.0,0.0,yfinance_raw_daily
2019-07-22,3900.0,3912.5,3875.0,3887.5,2529.25927734375,82851000,0.0,0.0,yfinance_raw_daily
2019-07-23,3912.5,3925.0,3850.0,3850.0,2504.861083984375,74981800,0.0,0.0,yfinance_raw_daily
2019-07-24,3850.0,3912.5,3850.0,3850.0,2504.861083984375,65565800,0.0,0.0,yfinance_raw_daily
2019-07-25,3862.5,3900.0,3850.0,3900.0,2537.391845703125,77462000,0.0,0.0,yfinance_raw_daily
2019-07-26,3825.0,3887.5,3812.5,3875.0,2521.12646484375,62727400,0.0,0.0,yfinance_raw_daily
2019-07-29,3912.5,3912.5,3837.5,3900.0,2537.391845703125,55206400,0.0,0.0,yfinance_raw_daily
2019-07-30,3900.0,3987.5,3862.5,3975.0,2586.187744140625,87075600,0.0,0.0,yfinance_raw_daily
2019-07-31,3937.5,3987.5,3900.0,3987.5,2594.3203125,59008800,0.0,0.0,yfinance_raw_daily
2019-08-01,3937.5,3950.0,3862.5,3887.5,2529.25927734375,96731000,0.0,0.0,yfinance_raw_daily
2019-08-02,3850.0,3875.0,3800.0,3837.5,2496.728271484375,103727000,0.0,0.0,yfinance_raw_daily
2019-08-05,3800.0,3825.0,3662.5,3712.5,2415.40185546875,129862600,0.0,0.0,yfinance_raw_daily
2019-08-06,3650.0,3700.0,3550.0,3625.0,2358.4736328125,157132400,0.0,0.0,yfinance_raw_daily
2019-08-07,3637.5,3700.0,3637.5,3675.0,2391.00390625,103932800,0.0,0.0,yfinance_raw_daily
2019-08-08,3725.0,3762.5,3675.0,3750.0,2439.799560546875,85711800,0.0,0.0,yfinance_raw_daily
2019-08-09,3750.0,3775.0,3725.0,3725.0,2423.5341796875,39017600,0.0,0.0,yfinance_raw_daily
2019-08-12,3750.0,3750.0,3675.0,3700.0,2407.269287109375,69256600,0.0,0.0,yfinance_raw_daily
2019-08-13,3775.0,3775.0,3650.0,3675.0,2391.00390625,68067800,0.0,0.0,yfinance_raw_daily
2019-08-14,3750.0,3762.5,3675.0,3750.0,2439.799560546875,107613000,0.0,0.0,yfinance_raw_daily
2019-08-15,3675.0,3700.0,3650.0,3700.0,2407.269287109375,57456400,0.0,0.0,yfinance_raw_daily
2019-08-16,3700.0,3712.5,3662.5,3687.5,2399.13623046875,47693000,0.0,0.0,yfinance_raw_daily
2019-08-19,3725.0,3725.0,3662.5,3675.0,2391.00390625,38551200,0.0,0.0,yfinance_raw_daily
2019-08-20,3712.5,3725.0,3650.0,3687.5,2399.13623046875,75396200,0.0,0.0,yfinance_raw_daily
2019-08-21,3662.5,3675.0,3612.5,3612.5,2350.34033203125,49841400,0.0,0.0,yfinance_raw_daily
2019-08-22,3650.0,3662.5,3575.0,3612.5,2350.34033203125,77652800,0.0,0.0,yfinance_raw_daily
2019-08-23,3625.0,3625.0,3575.0,3587.5,2334.074951171875,44535800,0.0,0.0,yfinance_raw_daily
2019-08-26,3550.0,3550.0,3500.0,3525.0,2293.411865234375,78614600,0.0,0.0,yfinance_raw_daily
2019-08-27,3525.0,3562.5,3512.5,3512.5,2285.279052734375,153201600,0.0,0.0,yfinance_raw_daily
2019-08-28,3512.5,3550.0,3475.0,3525.0,2293.411865234375,96082400,0.0,0.0,yfinance_raw_daily
2019-08-29,3525.0,3550.0,3512.5,3537.5,2301.54443359375,63748800,0.0,0.0,yfinance_raw_daily
2019-08-30,3562.5,3625.0,3537.5,3625.0,2358.4736328125,106370600,0.0,0.0,yfinance_raw_daily
2019-09-02,3612.5,3612.5,3562.5,3587.5,2334.074951171875,37622200,0.0,0.0,yfinance_raw_daily
2019-09-03,3587.5,3600.0,3412.5,3450.0,2244.61572265625,96998200,0.0,0.0,yfinance_raw_daily
2019-09-04,3487.5,3487.5,3425.0,3462.5,2252.748291015625,74434600,0.0,0.0,yfinance_raw_daily
2019-09-05,3500.0,3512.5,3462.5,3487.5,2269.013671875,78642800,0.0,0.0,yfinance_raw_daily
2019-09-06,3512.5,3575.0,3487.5,3525.0,2293.411865234375,88646000,0.0,0.0,yfinance_raw_daily
2019-09-09,3537.5,3537.5,3462.5,3487.5,2269.013671875,55841400,0.0,0.0,yfinance_raw_daily
2019-09-10,3450.0,3525.0,3450.0,3525.0,2293.411865234375,52070400,0.0,0.0,yfinance_raw_daily
2019-09-11,3500.0,3575.0,3475.0,3575.0,2325.942138671875,80777800,0.0,0.0,yfinance_raw_daily
2019-09-12,3625.0,3662.5,3550.0,3575.0,2325.942138671875,84564600,0.0,0.0,yfinance_raw_daily
2019-09-13,3612.5,3625.0,3562.5,3600.0,2342.20751953125,28700200,0.0,0.0,yfinance_raw_daily
2019-09-16,3525.0,3550.0,3462.5,3500.0,2277.146484375,66615800,0.0,0.0,yfinance_raw_daily
2019-09-17,3462.5,3550.0,3462.5,3487.5,2269.013671875,70992200,0.0,0.0,yfinance_raw_daily
2019-09-18,3537.5,3600.0,3525.0,3600.0,2342.20751953125,53708400,0.0,0.0,yfinance_raw_daily
2019-09-19,3587.5,3587.5,3537.5,3550.0,2309.67724609375,35941600,0.0,0.0,yfinance_raw_daily
2019-09-20,3550.0,3575.0,3487.5,3537.5,2301.54443359375,104743400,0.0,0.0,yfinance_raw_daily
2019-09-23,3525.0,3550.0,3475.0,3500.0,2277.146484375,49012600,0.0,0.0,yfinance_raw_daily
2019-09-24,3462.5,3487.5,3425.0,3475.0,2260.881103515625,52110000,0.0,0.0,yfinance_raw_daily
2019-09-25,3487.5,3500.0,3437.5,3450.0,2244.61572265625,37565400,0.0,0.0,yfinance_raw_daily
2019-09-26,3500.0,3550.0,3475.0,3550.0,2309.67724609375,45471400,0.0,0.0,yfinance_raw_daily
2019-09-27,3500.0,3525.0,3475.0,3487.5,2269.013671875,44329400,0.0,0.0,yfinance_raw_daily
2019-09-30,3450.0,3487.5,3450.0,3487.5,2269.013671875,58294000,0.0,0.0,yfinance_raw_daily
2019-10-01,3450.0,3525.0,3450.0,3450.0,2244.61572265625,31243400,0.0,0.0,yfinance_raw_daily
2019-10-02,3437.5,3475.0,3250.0,3262.5,2122.625732421875,129586200,0.0,0.0,yfinance_raw_daily
2019-10-03,3262.5,3262.5,3137.5,3200.0,2081.962646484375,146789000,0.0,0.0,yfinance_raw_daily
2019-10-04,3225.0,3262.5,3162.5,3200.0,2081.962646484375,69121800,0.0,0.0,yfinance_raw_daily
2019-10-07,3237.5,3237.5,3162.5,3175.0,2065.697021484375,36656400,0.0,0.0,yfinance_raw_daily
2019-10-08,3175.0,3250.0,3175.0,3250.0,2114.492919921875,104992000,0.0,0.0,yfinance_raw_daily
2019-10-09,3225.0,3237.5,3200.0,3212.5,2090.09521484375,55131400,0.0,0.0,yfinance_raw_daily
2019-10-10,3212.5,3300.0,3212.5,3262.5,2122.625732421875,120255400,0.0,0.0,yfinance_raw_daily
2019-10-11,3250.0,3325.0,3237.5,3275.0,2130.75830078125,96816400,0.0,0.0,yfinance_raw_daily
2019-10-14,3312.5,3337.5,3250.0,3300.0,2147.02392578125,65272800,0.0,0.0,yfinance_raw_daily
2019-10-15,3275.0,3300.0,3250.0,3287.5,2138.89111328125,94139600,0.0,0.0,yfinance_raw_daily
2019-10-16,3300.0,3325.0,3275.0,3312.5,2155.156494140625,118973800,0.0,0.0,yfinance_raw_daily
2019-10-17,3312.5,3350.0,3312.5,3350.0,2179.55419921875,150037800,0.0,0.0,yfinance_raw_daily
2019-10-18,3337.5,3437.5,3325.0,3387.5,2203.952392578125,117544400,0.0,0.0,yfinance_raw_daily
2019-10-21,3400.0,3412.5,3350.0,3400.0,2212.085205078125,83622800,0.0,0.0,yfinance_raw_daily
2019-10-22,3425.0,3425.0,3375.0,3412.5,2220.2177734375,62050200,0.0,0.0,yfinance_raw_daily
2019-10-23,3412.5,3550.0,3375.0,3537.5,2301.54443359375,98440400,0.0,0.0,yfinance_raw_daily
2019-10-24,3562.5,3625.0,3537.5,3612.5,2350.34033203125,132797200,0.0,0.0,yfinance_raw_daily
2019-10-25,3637.5,3637.5,3487.5,3500.0,2277.146484375,105735200,0.0,0.0,yfinance_raw_daily
2019-10-28,3500.0,3537.5,3462.5,3500.0,2277.146484375,46389600,0.0,0.0,yfinance_raw_daily
2019-10-29,3550.0,3575.0,3500.0,3550.0,2309.67724609375,91735400,0.0,0.0,yfinance_raw_daily
2019-10-30,3537.5,3537.5,3487.5,3512.5,2285.279052734375,47667200,0.0,0.0,yfinance_raw_daily
2019-10-31,3525.0,3525.0,3450.0,3512.5,2285.279052734375,78160000,0.0,0.0,yfinance_raw_daily
2019-11-01,3512.5,3512.5,3462.5,3487.5,2269.013671875,24366800,0.0,0.0,yfinance_raw_daily
2019-11-04,3500.0,3512.5,3437.5,3437.5,2236.48291015625,56584800,0.0,0.0,yfinance_raw_daily
2019-11-05,3475.0,3600.0,3462.5,3600.0,2342.20751953125,94253000,0.0,0.0,yfinance_raw_daily
2019-11-06,3587.5,3600.0,3412.5,3487.5,2269.013671875,113175200,0.0,0.0,yfinance_raw_daily
2019-11-07,3512.5,3512.5,3387.5,3500.0,2277.146484375,78753600,0.0,0.0,yfinance_raw_daily
2019-11-08,3487.5,3575.0,3425.0,3550.0,2309.67724609375,76355000,0.0,0.0,yfinance_raw_daily
2019-11-11,3537.5,3550.0,3487.5,3525.0,2293.411865234375,45212000,0.0,0.0,yfinance_raw_daily
2019-11-12,3500.0,3550.0,3462.5,3512.5,2285.279052734375,52900800,0.0,0.0,yfinance_raw_daily
2019-11-13,3500.0,3500.0,3387.5,3437.5,2236.48291015625,75148400,0.0,0.0,yfinance_raw_daily
2019-11-14,3437.5,3450.0,3350.0,3437.5,2236.48291015625,66698600,0.0,0.0,yfinance_raw_daily
2019-11-15,3462.5,3512.5,3462.5,3475.0,2260.881103515625,47017200,0.0,0.0,yfinance_raw_daily
2019-11-18,3475.0,3512.5,3437.5,3487.5,2269.013671875,61287000,0.0,0.0,yfinance_raw_daily
2019-11-19,3512.5,3575.0,3475.0,3575.0,2325.942138671875,67006200,0.0,0.0,yfinance_raw_daily
2019-11-20,3575.0,3600.0,3525.0,3550.0,2309.67724609375,46727600,0.0,0.0,yfinance_raw_daily
2019-11-21,3500.0,3600.0,3475.0,3587.5,2334.074951171875,60944600,0.0,0.0,yfinance_raw_daily
2019-11-22,3550.0,3587.5,3525.0,3537.5,2301.54443359375,40452800,0.0,0.0,yfinance_raw_daily
2019-11-25,3500.0,3525.0,3462.5,3487.5,2269.013671875,47676200,0.0,0.0,yfinance_raw_daily
2019-11-26,3500.0,3525.0,3450.0,3462.5,2252.748291015625,173533200,0.0,0.0,yfinance_raw_daily
2019-11-27,3412.5,3487.5,3400.0,3450.0,2244.61572265625,72928800,0.0,0.0,yfinance_raw_daily
2019-11-28,3425.0,3450.0,3387.5,3387.5,2203.952392578125,56275200,0.0,0.0,yfinance_raw_daily
2019-11-29,3387.5,3500.0,3387.5,3487.5,2269.013671875,53250600,0.0,0.0,yfinance_raw_daily
2019-12-02,3487.5,3575.0,3462.5,3550.0,2309.67724609375,74561000,0.0,0.0,yfinance_raw_daily
2019-12-03,3525.0,3587.5,3512.5,3587.5,2334.074951171875,79039000,0.0,0.0,yfinance_raw_daily
2019-12-04,3537.5,3575.0,3525.0,3537.5,2301.54443359375,65802200,0.0,0.0,yfinance_raw_daily
2019-12-05,3550.0,3600.0,3537.5,3587.5,2334.074951171875,74217800,0.0,0.0,yfinance_raw_daily
2019-12-06,3600.0,3612.5,3562.5,3587.5,2334.074951171875,53720600,0.0,0.0,yfinance_raw_daily
2019-12-09,3600.0,3650.0,3600.0,3625.0,2358.4736328125,72098600,0.0,0.0,yfinance_raw_daily
2019-12-10,3600.0,3700.0,3600.0,3687.5,2399.13623046875,132230000,0.0,0.0,yfinance_raw_daily
2019-12-11,3675.0,3700.0,3662.5,3675.0,2391.00390625,68454200,0.0,0.0,yfinance_raw_daily
2019-12-12,3662.5,3725.0,3637.5,3650.0,2374.73828125,79738600,0.0,0.0,yfinance_raw_daily
2019-12-13,3700.0,3725.0,3675.0,3687.5,2399.13623046875,127472400,0.0,0.0,yfinance_raw_daily
2019-12-16,3675.0,3712.5,3675.0,3675.0,2391.00390625,96037400,0.0,0.0,yfinance_raw_daily
2019-12-17,3675.0,3700.0,3662.5,3675.0,2391.00390625,100790000,0.0,0.0,yfinance_raw_daily
2019-12-18,3675.0,3775.0,3662.5,3762.5,2447.932373046875,123281600,0.0,0.0,yfinance_raw_daily
2019-12-19,3762.5,3800.0,3737.5,3800.0,2472.330322265625,112903200,0.0,0.0,yfinance_raw_daily
2019-12-20,3775.0,3850.0,3775.0,3850.0,2504.861083984375,150472200,0.0,0.0,yfinance_raw_daily
2019-12-23,3900.0,3900.0,3837.5,3862.5,2512.99365234375,131246800,0.0,0.0,yfinance_raw_daily
2019-12-26,3887.5,3912.5,3875.0,3900.0,2537.391845703125,140936400,0.0,0.0,yfinance_raw_daily
2019-12-27,3912.5,3912.5,3862.5,3875.0,2521.12646484375,58182800,0.0,0.0,yfinance_raw_daily
2019-12-30,3862.5,3900.0,3825.0,3837.5,2496.728271484375,78005800,0.0,0.0,yfinance_raw_daily
2020-01-02,3837.5,3887.5,3825.0,3875.0,2521.12646484375,37379800,0.0,0.0,yfinance_raw_daily
2020-01-03,3875.0,3912.5,3812.5,3862.5,2512.99365234375,70294600,0.0,0.0,yfinance_raw_daily
2020-01-06,3825.0,3837.5,3762.5,3800.0,2472.330322265625,61892000,0.0,0.0,yfinance_raw_daily
2020-01-07,3862.5,3862.5,3787.5,3800.0,2472.330322265625,70895600,0.0,0.0,yfinance_raw_daily
2020-01-08,3775.0,3775.0,3687.5,3750.0,2439.799560546875,105080600,0.0,0.0,yfinance_raw_daily
2020-01-09,3775.0,3862.5,3762.5,3850.0,2504.861083984375,75587000,0.0,0.0,yfinance_raw_daily
2020-01-10,3850.0,3862.5,3825.0,3862.5,2512.99365234375,64231800,0.0,0.0,yfinance_raw_daily
2020-01-13,3862.5,3875.0,3825.0,3862.5,2512.99365234375,75399600,0.0,0.0,yfinance_raw_daily
2020-01-14,3900.0,3900.0,3850.0,3875.0,2521.12646484375,104134400,0.0,0.0,yfinance_raw_daily
2020-01-15,3875.0,3900.0,3800.0,3825.0,2488.595703125,89795200,0.0,0.0,yfinance_raw_daily
2020-01-16,3800.0,3837.5,3762.5,3775.0,2456.06494140625,145432200,0.0,0.0,yfinance_raw_daily
2020-01-17,3787.5,3875.0,3762.5,3862.5,2512.99365234375,130500200,0.0,0.0,yfinance_raw_daily
2020-01-20,3900.0,3900.0,3800.0,3812.5,2480.463134765625,24031800,0.0,0.0,yfinance_raw_daily
2020-01-21,3875.0,3875.0,3812.5,3850.0,2504.861083984375,39166600,0.0,0.0,yfinance_raw_daily
2020-01-22,3875.0,3925.0,3862.5,3900.0,2537.391845703125,122175200,0.0,0.0,yfinance_raw_daily
2020-01-23,3900.0,3912.5,3850.0,3887.5,2529.25927734375,83127800,0.0,0.0,yfinance_raw_daily
2020-01-24,3912.5,4000.0,3862.5,3962.5,2578.054931640625,154702000,0.0,0.0,yfinance_raw_daily
2020-01-27,3975.0,3987.5,3850.0,3862.5,2512.99365234375,98280000,0.0,0.0,yfinance_raw_daily
2020-01-28,3825.0,3912.5,3800.0,3875.0,2521.12646484375,69349600,0.0,0.0,yfinance_raw_daily
2020-01-29,3912.5,3962.5,3887.5,3900.0,2537.391845703125,109661000,0.0,0.0,yfinance_raw_daily
2020-01-30,3900.0,3912.5,3800.0,3825.0,2488.595703125,85395600,0.0,0.0,yfinance_raw_daily
2020-01-31,3837.5,3850.0,3725.0,3775.0,2456.06494140625,157661000,0.0,0.0,yfinance_raw_daily
2020-02-03,3700.0,3787.5,3675.0,3750.0,2439.799560546875,87271800,0.0,0.0,yfinance_raw_daily
2020-02-04,3800.0,3837.5,3750.0,3762.5,2447.932373046875,138857400,0.0,0.0,yfinance_raw_daily
2020-02-05,3800.0,3850.0,3775.0,3850.0,2504.861083984375,130211200,0.0,0.0,yfinance_raw_daily
2020-02-06,3900.0,3925.0,3837.5,3850.0,2504.861083984375,111029400,0.0,0.0,yfinance_raw_daily
2020-02-07,3837.5,3875.0,3837.5,3862.5,2512.99365234375,86438600,0.0,0.0,yfinance_raw_daily
2020-02-10,3850.0,3875.0,3800.0,3862.5,2512.99365234375,78553800,0.0,0.0,yfinance_raw_daily
2020-02-11,3862.5,3912.5,3837.5,3887.5,2529.25927734375,98520200,0.0,0.0,yfinance_raw_daily
2020-02-12,3912.5,3950.0,3887.5,3900.0,2537.391845703125,104678800,0.0,0.0,yfinance_raw_daily
2020-02-13,3912.5,3975.0,3900.0,3925.0,2553.656982421875,87904000,0.0,0.0,yfinance_raw_daily
2020-02-14,3875.0,3925.0,3875.0,3912.5,2545.5244140625,41345200,0.0,0.0,yfinance_raw_daily
2020-02-17,3925.0,3937.5,3900.0,3925.0,2553.656982421875,29816600,0.0,0.0,yfinance_raw_daily
2020-02-18,3900.0,3925.0,3900.0,3912.5,2545.5244140625,65442000,0.0,0.0,yfinance_raw_daily
2020-02-19,3925.0,3975.0,3900.0,3975.0,2586.187744140625,121614200,0.0,0.0,yfinance_raw_daily
2020-02-20,4012.5,4025.0,3962.5,4000.0,2602.452880859375,114537600,0.0,0.0,yfinance_raw_daily
2020-02-21,3975.0,4000.0,3912.5,3950.0,2569.922607421875,91798000,0.0,0.0,yfinance_raw_daily
2020-02-24,3900.0,3912.5,3825.0,3887.5,2529.25927734375,128768800,0.0,0.0,yfinance_raw_daily
2020-02-25,3887.5,3950.0,3850.0,3900.0,2537.391845703125,105951800,0.0,0.0,yfinance_raw_daily
2020-02-26,3875.0,3875.0,3825.0,3825.0,2488.595703125,198171000,0.0,0.0,yfinance_raw_daily
2020-02-27,3825.0,3850.0,3625.0,3675.0,2391.00390625,223088600,0.0,0.0,yfinance_raw_daily
2020-02-28,3375.0,3637.5,3275.0,3637.5,2486.122802734375,188868200,176.67085,0.0,yfinance_raw_daily
2020-03-02,3575.0,3625.0,3475.0,3475.0,2375.05908203125,101550200,0.0,0.0,yfinance_raw_daily
2020-03-03,3550.0,3675.0,3512.5,3600.0,2460.49267578125,96445200,0.0,0.0,yfinance_raw_daily
2020-03-04,3625.0,3750.0,3612.5,3737.5,2554.47021484375,92555400,0.0,0.0,yfinance_raw_daily
2020-03-05,3775.0,3825.0,3750.0,3800.0,2597.186767578125,104748600,0.0,0.0,yfinance_raw_daily
2020-03-06,3700.0,3700.0,3612.5,3625.0,2477.579833984375,72311200,0.0,0.0,yfinance_raw_daily
2020-03-09,3500.0,3500.0,3287.5,3287.5,2246.908203125,113132400,0.0,0.0,yfinance_raw_daily
2020-03-10,3325.0,3500.0,3325.0,3437.5,2349.428466796875,114052000,0.0,0.0,yfinance_raw_daily
2020-03-11,3462.5,3525.0,3312.5,3412.5,2332.342041015625,97168800,0.0,0.0,yfinance_raw_daily
2020-03-12,3237.5,3337.5,3112.5,3212.5,2195.648193359375,91578200,0.0,0.0,yfinance_raw_daily
2020-03-13,3100.0,3237.5,3000.0,3175.0,2170.017822265625,238623800,0.0,0.0,yfinance_raw_daily
2020-03-16,3175.0,3175.0,3175.0,3175.0,2170.017822265625,0,0.0,0.0,yfinance_raw_daily
2020-03-17,2962.5,2962.5,2762.5,2762.5,1888.08642578125,186380400,0.0,0.0,yfinance_raw_daily
2020-03-18,2800.0,2825.0,2575.0,2575.0,1759.9356689453125,215103400,0.0,0.0,yfinance_raw_daily
2020-03-19,2500.0,2500.0,2395.0,2395.0,1636.9111328125,167876200,0.0,0.0,yfinance_raw_daily
2020-03-20,2370.0,2370.0,2230.0,2230.0,1524.1387939453125,478236600,0.0,0.0,yfinance_raw_daily
2020-03-23,2175.0,2175.0,2075.0,2075.0,1418.20068359375,59985800,0.0,0.0,yfinance_raw_daily
2020-03-24,2075.0,2115.0,1930.0,1930.0,1319.0972900390625,237296200,0.0,0.0,yfinance_raw_daily
2020-03-26,1900.0,2290.0,1890.0,2235.0,1527.555908203125,386557200,0.0,0.0,yfinance_raw_daily
2020-03-27,2255.0,2612.5,2250.0,2470.0,1688.1715087890625,396812000,0.0,0.0,yfinance_raw_daily
2020-03-30,2420.0,2420.0,2300.0,2300.0,1571.9814453125,39766600,0.0,0.0,yfinance_raw_daily
2020-03-31,2325.0,2410.0,2225.0,2340.0,1599.3203125,208047600,0.0,0.0,yfinance_raw_daily
2020-04-01,2325.0,2440.0,2220.0,2305.0,1575.3988037109375,152367000,0.0,0.0,yfinance_raw_daily
2020-04-02,2285.0,2375.0,2180.0,2375.0,1623.24169921875,132225200,0.0,0.0,yfinance_raw_daily
2020-04-03,2400.0,2512.5,2400.0,2512.5,1717.21875,105225600,0.0,0.0,yfinance_raw_daily
2020-04-06,2512.5,2612.5,2450.0,2600.0,1777.0223388671875,113980400,0.0,0.0,yfinance_raw_daily
2020-04-07,2700.0,2800.0,2485.0,2562.5,1751.3927001953125,191464600,0.0,0.0,yfinance_raw_daily
2020-04-08,2587.5,2587.5,2385.0,2385.0,1630.076416015625,155834800,0.0,0.0,yfinance_raw_daily
2020-04-09,2400.0,2450.0,2305.0,2335.0,1595.903076171875,163570800,0.0,0.0,yfinance_raw_daily
2020-04-13,2340.0,2340.0,2235.0,2235.0,1527.555908203125,115331000,0.0,0.0,yfinance_raw_daily
2020-04-14,2240.0,2320.0,2200.0,2285.0,1561.7293701171875,132848000,0.0,0.0,yfinance_raw_daily
2020-04-15,2320.0,2345.0,2200.0,2200.0,1503.6343994140625,124661000,0.0,0.0,yfinance_raw_daily
2020-04-16,2200.0,2200.0,2075.0,2105.0,1438.704833984375,215224000,0.0,0.0,yfinance_raw_daily
2020-04-17,2110.0,2210.0,2110.0,2190.0,1496.7996826171875,163407600,0.0,0.0,yfinance_raw_daily
2020-04-20,2225.0,2265.0,2135.0,2185.0,1493.3824462890625,120672000,0.0,0.0,yfinance_raw_daily
2020-04-21,2185.0,2205.0,2125.0,2175.0,1486.5477294921875,92203200,0.0,0.0,yfinance_raw_daily
2020-04-22,2165.0,2250.0,2125.0,2245.0,1534.390625,126786800,0.0,0.0,yfinance_raw_daily
2020-04-23,2245.0,2285.0,2240.0,2250.0,1537.8079833984375,115336400,0.0,0.0,yfinance_raw_daily
2020-04-24,2250.0,2250.0,2140.0,2140.0,1462.6263427734375,131631400,0.0,0.0,yfinance_raw_daily
2020-04-27,2155.0,2175.0,2045.0,2075.0,1418.20068359375,205382600,0.0,0.0,yfinance_raw_daily
2020-04-28,2095.0,2120.0,2035.0,2075.0,1418.20068359375,157370600,0.0,0.0,yfinance_raw_daily
2020-04-29,2100.0,2110.0,2000.0,2000.0,1366.9405517578125,192650200,0.0,0.0,yfinance_raw_daily
2020-04-30,2035.0,2240.0,2030.0,2230.0,1524.1387939453125,229509600,0.0,0.0,yfinance_raw_daily
2020-05-04,2230.0,2230.0,2120.0,2145.0,1466.04345703125,80572600,0.0,0.0,yfinance_raw_daily
2020-05-05,2150.0,2200.0,2080.0,2110.0,1442.1221923828125,185282400,0.0,0.0,yfinance_raw_daily
2020-05-06,2125.0,2130.0,2080.0,2080.0,1421.6180419921875,138733000,0.0,0.0,yfinance_raw_daily
2020-05-08,2100.0,2155.0,2090.0,2100.0,1435.2874755859375,127482200,0.0,0.0,yfinance_raw_daily
2020-05-11,2140.0,2140.0,2095.0,2115.0,1445.5394287109375,83552200,0.0,0.0,yfinance_raw_daily
2020-05-12,2115.0,2115.0,2000.0,2005.0,1370.357666015625,188578000,0.0,0.0,yfinance_raw_daily
2020-05-13,1995.0,2025.0,1950.0,2005.0,1370.357666015625,134821600,0.0,0.0,yfinance_raw_daily
2020-05-14,1985.0,2005.0,1950.0,1975.0,1349.8536376953125,141388800,0.0,0.0,yfinance_raw_daily
2020-05-15,1975.0,1995.0,1840.0,1880.0,1284.924072265625,227234200,0.0,0.0,yfinance_raw_daily
2020-05-18,1900.0,1900.0,1830.0,1860.0,1271.254638671875,158710600,0.0,0.0,yfinance_raw_daily
2020-05-19,1880.0,2000.0,1880.0,1930.0,1319.0972900390625,199655000,0.0,0.0,yfinance_raw_daily
2020-05-20,1925.0,2060.0,1915.0,2035.0,1390.86181640625,237644400,0.0,0.0,yfinance_raw_daily
2020-05-26,2065.0,2080.0,2030.0,2050.0,1401.1138916015625,180545000,0.0,0.0,yfinance_raw_daily
2020-05-27,2075.0,2100.0,2005.0,2055.0,1404.5311279296875,124329600,0.0,0.0,yfinance_raw_daily
2020-05-28,2075.0,2170.0,2075.0,2145.0,1466.04345703125,265460200,0.0,0.0,yfinance_raw_daily
2020-05-29,2145.0,2245.0,2125.0,2235.0,1527.555908203125,350546800,0.0,0.0,yfinance_raw_daily
2020-06-02,2275.0,2495.0,2265.0,2310.0,1578.816162109375,207635400,0.0,0.0,yfinance_raw_daily
2020-06-03,2335.0,2475.0,2295.0,2430.0,1660.832763671875,296607800,0.0,0.0,yfinance_raw_daily
2020-06-04,2450.0,2500.0,2360.0,2365.0,1616.4068603515625,169836200,0.0,0.0,yfinance_raw_daily
2020-06-05,2365.0,2435.0,2300.0,2425.0,1657.415283203125,185391000,0.0,0.0,yfinance_raw_daily
2020-06-08,2500.0,2662.5,2475.0,2625.0,1794.1092529296875,292605200,0.0,0.0,yfinance_raw_daily
2020-06-09,2650.0,2725.0,2575.0,2637.5,1802.65283203125,147413600,0.0,0.0,yfinance_raw_daily
2020-06-10,2600.0,2612.5,2455.0,2455.0,1677.9193115234375,289644200,0.0,0.0,yfinance_raw_daily
2020-06-11,2400.0,2435.0,2285.0,2345.0,1602.7376708984375,364783800,0.0,0.0,yfinance_raw_daily
2020-06-12,2295.0,2450.0,2215.0,2445.0,1671.0845947265625,289959400,0.0,0.0,yfinance_raw_daily
2020-06-15,2425.0,2455.0,2345.0,2360.0,1612.9896240234375,169814600,0.0,0.0,yfinance_raw_daily
2020-06-16,2410.0,2525.0,2410.0,2512.5,1717.21875,146116600,0.0,0.0,yfinance_raw_daily
2020-06-17,2550.0,2600.0,2445.0,2450.0,1674.5020751953125,213944600,0.0,0.0,yfinance_raw_daily
2020-06-18,2420.0,2485.0,2390.0,2410.0,1647.1632080078125,152175200,0.0,0.0,yfinance_raw_daily
2020-06-19,2440.0,2475.0,2410.0,2440.0,1667.667236328125,126356800,0.0,0.0,yfinance_raw_daily
2020-06-22,2440.0,2455.0,2400.0,2405.0,1643.7457275390625,66825000,0.0,0.0,yfinance_raw_daily
2020-06-23,2425.0,2425.0,2345.0,2395.0,1636.9111328125,95010400,0.0,0.0,yfinance_raw_daily
2020-06-24,2445.0,2600.0,2445.0,2575.0,1759.9356689453125,278417000,0.0,0.0,yfinance_raw_daily
2020-06-25,2537.5,2600.0,2470.0,2512.5,1717.21875,146123000,0.0,0.0,yfinance_raw_daily
2020-06-26,2562.5,2575.0,2490.0,2500.0,1708.6756591796875,85829000,0.0,0.0,yfinance_raw_daily
2020-06-29,2490.0,2500.0,2435.0,2470.0,1688.1715087890625,99123000,0.0,0.0,yfinance_raw_daily
2020-06-30,2512.5,2525.0,2475.0,2475.0,1691.5887451171875,113994400,0.0,0.0,yfinance_raw_daily
2020-07-01,2500.0,2512.5,2455.0,2495.0,1705.258056640625,67747600,0.0,0.0,yfinance_raw_daily
2020-07-02,2490.0,2512.5,2480.0,2500.0,1708.6756591796875,80606600,0.0,0.0,yfinance_raw_daily
2020-07-03,2480.0,2537.5,2450.0,2500.0,1708.6756591796875,57839800,0.0,0.0,yfinance_raw_daily
2020-07-06,2500.0,2575.0,2500.0,2537.5,1734.3057861328125,90019000,0.0,0.0,yfinance_raw_daily
2020-07-07,2562.5,2575.0,2525.0,2525.0,1725.7623291015625,80447600,0.0,0.0,yfinance_raw_daily
2020-07-08,2525.0,2675.0,2512.5,2637.5,1802.65283203125,149466800,0.0,0.0,yfinance_raw_daily
2020-07-09,2675.0,2700.0,2600.0,2625.0,1794.1092529296875,98277200,0.0,0.0,yfinance_raw_daily
2020-07-10,2625.0,2637.5,2562.5,2587.5,1768.4791259765625,77850000,0.0,0.0,yfinance_raw_daily
2020-07-13,2625.0,2662.5,2612.5,2625.0,1794.1092529296875,72688200,0.0,0.0,yfinance_raw_daily
2020-07-14,2650.0,2662.5,2600.0,2650.0,1811.1961669921875,78259800,0.0,0.0,yfinance_raw_daily
2020-07-15,2675.0,2712.5,2625.0,2637.5,1802.65283203125,60755400,0.0,0.0,yfinance_raw_daily
2020-07-16,2637.5,2675.0,2625.0,2637.5,1802.65283203125,43859400,0.0,0.0,yfinance_raw_daily
2020-07-17,2637.5,2650.0,2587.5,2587.5,1768.4791259765625,60177000,0.0,0.0,yfinance_raw_daily
2020-07-20,2587.5,2612.5,2525.0,2550.0,1742.848876953125,52111600,0.0,0.0,yfinance_raw_daily
2020-07-21,2575.0,2725.0,2537.5,2650.0,1811.1961669921875,145051400,0.0,0.0,yfinance_raw_daily
2020-07-22,2687.5,2762.5,2650.0,2712.5,1853.9129638671875,119245000,0.0,0.0,yfinance_raw_daily
2020-07-23,2737.5,2887.5,2712.5,2850.0,1947.889892578125,145829600,0.0,0.0,yfinance_raw_daily
2020-07-24,2850.0,2850.0,2775.0,2800.0,1913.7164306640625,66603400,0.0,0.0,yfinance_raw_daily
2020-07-27,2812.5,2937.5,2775.0,2937.5,2007.693603515625,58848200,0.0,0.0,yfinance_raw_daily
2020-07-28,2950.0,3000.0,2887.5,2925.0,1999.1502685546875,74524600,0.0,0.0,yfinance_raw_daily
2020-07-29,2925.0,2925.0,2837.5,2850.0,1947.889892578125,69737200,0.0,0.0,yfinance_raw_daily
2020-07-30,2862.5,2900.0,2812.5,2900.0,1982.063720703125,52644600,0.0,0.0,yfinance_raw_daily
2020-08-03,2925.0,2937.5,2725.0,2750.0,1879.54296875,259720800,0.0,0.0,yfinance_raw_daily
2020-08-04,2762.5,2800.0,2725.0,2787.5,1905.173095703125,89173800,0.0,0.0,yfinance_raw_daily
2020-08-05,2775.0,2850.0,2725.0,2850.0,1947.889892578125,133844600,0.0,0.0,yfinance_raw_daily
2020-08-06,2850.0,2937.5,2850.0,2887.5,1973.5201416015625,90911200,0.0,0.0,yfinance_raw_daily
2020-08-07,2850.0,2900.0,2812.5,2900.0,1982.063720703125,57228800,0.0,0.0,yfinance_raw_daily
2020-08-10,2900.0,2912.5,2825.0,2900.0,1982.063720703125,50162400,0.0,0.0,yfinance_raw_daily
2020-08-11,2912.5,3050.0,2900.0,2987.5,2041.8671875,117978200,0.0,0.0,yfinance_raw_daily
2020-08-12,3000.0,3137.5,2975.0,3075.0,2101.6708984375,92910400,0.0,0.0,yfinance_raw_daily
2020-08-13,3125.0,3125.0,3025.0,3025.0,2067.4970703125,85989200,0.0,0.0,yfinance_raw_daily
2020-08-14,3037.5,3050.0,2975.0,3012.5,2058.9541015625,66653400,0.0,0.0,yfinance_raw_daily
2020-08-18,3012.5,3112.5,3012.5,3075.0,2101.6708984375,115981200,0.0,0.0,yfinance_raw_daily
2020-08-19,3087.5,3125.0,3037.5,3050.0,2084.584228515625,64511800,0.0,0.0,yfinance_raw_daily
2020-08-24,3025.0,3087.5,2962.5,3000.0,2050.41064453125,132486400,0.0,0.0,yfinance_raw_daily
2020-08-25,3025.0,3137.5,3025.0,3125.0,2135.844482421875,132365800,0.0,0.0,yfinance_raw_daily
2020-08-26,3125.0,3175.0,3087.5,3175.0,2170.017822265625,78703400,0.0,0.0,yfinance_raw_daily
2020-08-27,3175.0,3175.0,3100.0,3150.0,2152.93115234375,93450200,0.0,0.0,yfinance_raw_daily
2020-08-28,3137.5,3175.0,3100.0,3112.5,2127.301025390625,75655000,0.0,0.0,yfinance_raw_daily
2020-08-31,3112.5,3150.0,2950.0,2975.0,2033.3240966796875,222818800,0.0,0.0,yfinance_raw_daily
2020-09-01,2987.5,3062.5,2937.5,3062.5,2093.12744140625,85330800,0.0,0.0,yfinance_raw_daily
2020-09-02,3062.5,3100.0,3025.0,3037.5,2076.041015625,93203600,0.0,0.0,yfinance_raw_daily
2020-09-03,3037.5,3075.0,2975.0,2987.5,2041.8671875,129014800,0.0,0.0,yfinance_raw_daily
2020-09-04,2975.0,2987.5,2925.0,2962.5,2024.78076171875,106844400,0.0,0.0,yfinance_raw_daily
2020-09-07,2962.5,2975.0,2887.5,2925.0,1999.1502685546875,100673600,0.0,0.0,yfinance_raw_daily
2020-09-08,2950.0,3000.0,2937.5,2987.5,2041.8671875,60346000,0.0,0.0,yfinance_raw_daily
2020-09-09,2950.0,2950.0,2875.0,2887.5,1973.5201416015625,98282200,0.0,0.0,yfinance_raw_daily
2020-09-10,2762.5,2762.5,2687.5,2687.5,1836.825927734375,172775200,0.0,0.0,yfinance_raw_daily
2020-09-11,2525.0,2762.5,2525.0,2737.5,1870.99951171875,271155800,0.0,0.0,yfinance_raw_daily
2020-09-14,2737.5,2887.5,2737.5,2875.0,1964.976806640625,143569800,0.0,0.0,yfinance_raw_daily
2020-09-15,2875.0,2912.5,2800.0,2837.5,1939.3465576171875,128927400,0.0,0.0,yfinance_raw_daily
2020-09-16,2875.0,2875.0,2812.5,2825.0,1930.803466796875,57936000,0.0,0.0,yfinance_raw_daily
2020-09-17,2800.0,2875.0,2762.5,2787.5,1905.173095703125,76432000,0.0,0.0,yfinance_raw_daily
2020-09-18,2787.5,2837.5,2750.0,2787.5,1905.173095703125,91596600,0.0,0.0,yfinance_raw_daily
2020-09-21,2787.5,2812.5,2700.0,2737.5,1870.99951171875,52930000,0.0,0.0,yfinance_raw_daily
2020-09-22,2650.0,2712.5,2637.5,2650.0,1811.1961669921875,113596600,0.0,0.0,yfinance_raw_daily
2020-09-23,2650.0,2687.5,2562.5,2600.0,1777.0223388671875,84710800,0.0,0.0,yfinance_raw_daily
2020-09-24,2525.0,2575.0,2500.0,2537.5,1734.3057861328125,121965000,0.0,0.0,yfinance_raw_daily
2020-09-25,2600.0,2675.0,2537.5,2675.0,1828.282958984375,140455600,0.0,0.0,yfinance_raw_daily
2020-09-28,2700.0,2712.5,2575.0,2575.0,1759.9356689453125,99702600,0.0,0.0,yfinance_raw_daily
2020-09-29,2600.0,2625.0,2512.5,2537.5,1734.3057861328125,111325600,0.0,0.0,yfinance_raw_daily
2020-09-30,2550.0,2575.0,2430.0,2480.0,1695.005859375,151529800,0.0,0.0,yfinance_raw_daily
2020-10-01,2500.0,2600.0,2490.0,2600.0,1777.0223388671875,78954200,0.0,0.0,yfinance_raw_daily
2020-10-02,2587.5,2612.5,2500.0,2600.0,1777.0223388671875,99143400,0.0,0.0,yfinance_raw_daily
2020-10-05,2625.0,2687.5,2587.5,2675.0,1828.282958984375,74300800,0.0,0.0,yfinance_raw_daily
2020-10-06,2750.0,2775.0,2725.0,2750.0,1879.54296875,89104400,0.0,0.0,yfinance_raw_daily
2020-10-07,2700.0,2775.0,2687.5,2775.0,1896.6295166015625,88748600,0.0,0.0,yfinance_raw_daily
2020-10-08,2775.0,2787.5,2712.5,2725.0,1862.45654296875,88763400,0.0,0.0,yfinance_raw_daily
2020-10-09,2725.0,2787.5,2725.0,2775.0,1896.6295166015625,90248600,0.0,0.0,yfinance_raw_daily
2020-10-12,2787.5,2825.0,2775.0,2812.5,1922.260009765625,77947000,0.0,0.0,yfinance_raw_daily
2020-10-13,2812.5,2837.5,2762.5,2837.5,1939.3465576171875,69863400,0.0,0.0,yfinance_raw_daily
2020-10-14,2862.5,2887.5,2812.5,2887.5,1973.5201416015625,109787200,0.0,0.0,yfinance_raw_daily
2020-10-15,2850.0,2875.0,2800.0,2800.0,1913.7164306640625,77289200,0.0,0.0,yfinance_raw_daily
2020-10-16,2800.0,2825.0,2725.0,2787.5,1905.173095703125,67817800,0.0,0.0,yfinance_raw_daily
2020-10-19,2800.0,2862.5,2787.5,2850.0,1947.889892578125,58936200,0.0,0.0,yfinance_raw_daily
2020-10-20,2862.5,2875.0,2800.0,2825.0,1930.803466796875,77213200,0.0,0.0,yfinance_raw_daily
2020-10-21,2837.5,2862.5,2737.5,2762.5,1888.08642578125,113901800,0.0,0.0,yfinance_raw_daily
2020-10-22,2750.0,2775.0,2700.0,2725.0,1862.45654296875,138701400,0.0,0.0,yfinance_raw_daily
2020-10-23,2762.5,2787.5,2737.5,2775.0,1896.6295166015625,65900200,0.0,0.0,yfinance_raw_daily
2020-10-26,2812.5,2925.0,2812.5,2887.5,1973.5201416015625,188574400,0.0,0.0,yfinance_raw_daily
2020-10-27,2875.0,2925.0,2850.0,2887.5,1973.5201416015625,112695800,0.0,0.0,yfinance_raw_daily
2020-11-02,2837.5,3012.5,2800.0,2987.5,2041.8671875,216862800,0.0,0.0,yfinance_raw_daily
2020-11-03,2987.5,3000.0,2950.0,3000.0,2050.41064453125,75963400,0.0,0.0,yfinance_raw_daily
2020-11-04,2975.0,3012.5,2850.0,2850.0,1947.889892578125,152817400,0.0,0.0,yfinance_raw_daily
2020-11-05,2937.5,3000.0,2912.5,2987.5,2041.8671875,175877400,0.0,0.0,yfinance_raw_daily
2020-11-06,2987.5,3050.0,2962.5,3025.0,2067.4970703125,164219000,0.0,0.0,yfinance_raw_daily
2020-11-09,3125.0,3150.0,3025.0,3075.0,2101.6708984375,122653200,0.0,0.0,yfinance_raw_daily
2020-11-10,3200.0,3262.5,3150.0,3187.5,2178.561279296875,249588800,0.0,0.0,yfinance_raw_daily
2020-11-11,3212.5,3250.0,3175.0,3187.5,2178.561279296875,166490200,0.0,0.0,yfinance_raw_daily
2020-11-12,3187.5,3200.0,3050.0,3087.5,2110.21435546875,136150600,0.0,0.0,yfinance_raw_daily
2020-11-13,3050.0,3125.0,3037.5,3125.0,2135.844482421875,122043800,0.0,0.0,yfinance_raw_daily
2020-11-16,3150.0,3225.0,3075.0,3100.0,2118.757568359375,133917600,0.0,0.0,yfinance_raw_daily
2020-11-17,3137.5,3187.5,3100.0,3125.0,2135.844482421875,106261600,0.0,0.0,yfinance_raw_daily
2020-11-18,3075.0,3175.0,3075.0,3175.0,2170.017822265625,124936000,0.0,0.0,yfinance_raw_daily
2020-11-19,3125.0,3175.0,3100.0,3162.5,2161.474365234375,94808200,0.0,0.0,yfinance_raw_daily
2020-11-20,3137.5,3175.0,3125.0,3150.0,2152.93115234375,100573600,0.0,0.0,yfinance_raw_daily
2020-11-23,3150.0,3212.5,3137.5,3200.0,2187.1044921875,106905400,0.0,0.0,yfinance_raw_daily
2020-11-24,3225.0,3250.0,3187.5,3212.5,2195.648193359375,140929200,0.0,0.0,yfinance_raw_daily
2020-11-25,3250.0,3325.0,3250.0,3262.5,2229.821533203125,197704000,0.0,0.0,yfinance_raw_daily
2020-11-26,3300.0,3362.5,3275.0,3362.5,2298.16845703125,132275400,0.0,0.0,yfinance_raw_daily
2020-11-27,3387.5,3400.0,3312.5,3325.0,2272.538330078125,124346800,0.0,0.0,yfinance_raw_daily
2020-11-30,3275.0,3312.5,3112.5,3162.5,2161.474365234375,307900800,0.0,0.0,yfinance_raw_daily
2020-12-01,3162.5,3312.5,3162.5,3262.5,2229.821533203125,176568000,0.0,0.0,yfinance_raw_daily
2020-12-02,3262.5,3325.0,3237.5,3325.0,2272.538330078125,114721600,0.0,0.0,yfinance_raw_daily
2020-12-03,3325.0,3337.5,3262.5,3287.5,2246.908203125,155342400,0.0,0.0,yfinance_raw_daily
2020-12-04,3250.0,3300.0,3212.5,3300.0,2255.451904296875,74976000,0.0,0.0,yfinance_raw_daily
2020-12-07,3337.5,3375.0,3312.5,3350.0,2289.625,133585800,0.0,0.0,yfinance_raw_daily
2020-12-08,3337.5,3362.5,3300.0,3337.5,2281.081787109375,70350400,0.0,0.0,yfinance_raw_daily
2020-12-10,3387.5,3425.0,3362.5,3400.0,2323.798583984375,187847000,0.0,0.0,yfinance_raw_daily
2020-12-11,3425.0,3437.5,3350.0,3387.5,2315.25537109375,94541800,0.0,0.0,yfinance_raw_daily
2020-12-14,3362.5,3400.0,3337.5,3362.5,2298.16845703125,94645200,0.0,0.0,yfinance_raw_daily
2020-12-15,3350.0,3362.5,3300.0,3350.0,2289.625,135663800,0.0,0.0,yfinance_raw_daily
2020-12-16,3400.0,3412.5,3362.5,3387.5,2315.25537109375,97361800,0.0,0.0,yfinance_raw_daily
2020-12-17,3387.5,3437.5,3387.5,3437.5,2349.428466796875,109966000,0.0,0.0,yfinance_raw_daily
2020-12-18,3400.0,3412.5,3350.0,3350.0,2289.625,142797800,0.0,0.0,yfinance_raw_daily
2020-12-21,3387.5,3400.0,3337.5,3350.0,2289.625,83174600,0.0,0.0,yfinance_raw_daily
2020-12-22,3287.5,3312.5,3175.0,3200.0,2187.1044921875,165929800,0.0,0.0,yfinance_raw_daily
2020-12-23,3250.0,3300.0,3100.0,3175.0,2170.017822265625,110032400,0.0,0.0,yfinance_raw_daily
2020-12-28,3250.0,3287.5,3150.0,3262.5,2229.821533203125,75527000,0.0,0.0,yfinance_raw_daily
2020-12-29,3287.5,3300.0,3200.0,3212.5,2195.648193359375,57422600,0.0,0.0,yfinance_raw_daily
2020-12-30,3262.5,3262.5,3162.5,3162.5,2161.474365234375,88941400,0.0,0.0,yfinance_raw_daily
2021-01-04,3175.0,3262.5,3112.5,3250.0,2221.27783203125,61058000,0.0,0.0,yfinance_raw_daily
2021-01-05,3275.0,3275.0,3200.0,3212.5,2195.648193359375,69928200,0.0,0.0,yfinance_raw_daily
2021-01-06,3212.5,3262.5,3137.5,3212.5,2195.648193359375,87109000,0.0,0.0,yfinance_raw_daily
2021-01-07,3225.0,3262.5,3212.5,3237.5,2212.73486328125,80114200,0.0,0.0,yfinance_raw_daily
2021-01-08,3237.5,3287.5,3225.0,3275.0,2238.36474609375,93635600,0.0,0.0,yfinance_raw_daily
2021-01-11,3287.5,3425.0,3275.0,3425.0,2340.88525390625,212763000,0.0,0.0,yfinance_raw_daily
2021-01-12,3450.0,3500.0,3412.5,3475.0,2375.05908203125,168626000,0.0,0.0,yfinance_raw_daily
2021-01-13,3525.0,3537.5,3462.5,3462.5,2366.515625,107392200,0.0,0.0,yfinance_raw_daily
2021-01-14,3525.0,3525.0,3412.5,3425.0,2340.88525390625,70295000,0.0,0.0,yfinance_raw_daily
2021-01-15,3437.5,3462.5,3312.5,3362.5,2298.16845703125,77235600,0.0,0.0,yfinance_raw_daily
2021-01-18,3300.0,3475.0,3300.0,3462.5,2366.515625,119006800,0.0,0.0,yfinance_raw_daily
2021-01-19,3500.0,3512.5,3425.0,3487.5,2383.6025390625,77834600,0.0,0.0,yfinance_raw_daily
2021-01-20,3500.0,3725.0,3500.0,3687.5,2520.296142578125,220934600,0.0,0.0,yfinance_raw_daily
2021-01-21,3687.5,3687.5,3600.0,3625.0,2477.579833984375,82052000,0.0,0.0,yfinance_raw_daily
2021-01-22,3637.5,3675.0,3562.5,3600.0,2460.49267578125,117367200,0.0,0.0,yfinance_raw_daily
2021-01-25,3625.0,3650.0,3512.5,3650.0,2494.666259765625,100647600,0.0,0.0,yfinance_raw_daily
2021-01-26,3650.0,3725.0,3625.0,3687.5,2520.296142578125,206712400,0.0,0.0,yfinance_raw_daily
2021-01-27,3700.0,3700.0,3587.5,3650.0,2494.666259765625,171581400,0.0,0.0,yfinance_raw_daily
2021-01-28,3575.0,3625.0,3450.0,3525.0,2409.232177734375,135745000,0.0,0.0,yfinance_raw_daily
2021-01-29,3550.0,3612.5,3287.5,3287.5,2246.908203125,334227600,0.0,0.0,yfinance_raw_daily
2021-02-01,3325.0,3362.5,3100.0,3350.0,2289.625,242540200,0.0,0.0,yfinance_raw_daily
2021-02-02,3400.0,3400.0,3200.0,3237.5,2212.73486328125,160482800,0.0,0.0,yfinance_raw_daily
2021-02-03,3300.0,3325.0,3225.0,3250.0,2221.27783203125,167044600,0.0,0.0,yfinance_raw_daily
2021-02-04,3287.5,3337.5,3225.0,3287.5,2246.908203125,139040400,0.0,0.0,yfinance_raw_daily
2021-02-05,3350.0,3350.0,3225.0,3275.0,2238.36474609375,97199600,0.0,0.0,yfinance_raw_daily
2021-02-08,3300.0,3337.5,3275.0,3287.5,2246.908203125,125050800,0.0,0.0,yfinance_raw_daily
2021-02-09,3300.0,3350.0,3225.0,3250.0,2221.27783203125,208380400,0.0,0.0,yfinance_raw_daily
2021-02-10,3287.5,3287.5,3237.5,3250.0,2221.27783203125,102693600,0.0,0.0,yfinance_raw_daily
2021-02-11,3275.0,3275.0,3250.0,3250.0,2221.27783203125,35879400,0.0,0.0,yfinance_raw_daily
2021-02-15,3275.0,3287.5,3250.0,3250.0,2221.27783203125,48995200,0.0,0.0,yfinance_raw_daily
2021-02-16,3250.0,3275.0,3225.0,3237.5,2212.73486328125,63202000,0.0,0.0,yfinance_raw_daily
2021-02-17,3225.0,3237.5,3150.0,3175.0,2170.017822265625,117413600,0.0,0.0,yfinance_raw_daily
2021-02-18,3125.0,3200.0,3112.5,3125.0,2135.844482421875,113989000,0.0,0.0,yfinance_raw_daily
2021-02-19,3125.0,3200.0,3100.0,3187.5,2178.561279296875,102020400,0.0,0.0,yfinance_raw_daily
2021-02-22,3225.0,3250.0,3187.5,3187.5,2178.561279296875,107680600,0.0,0.0,yfinance_raw_daily
2021-02-23,3150.0,3187.5,3150.0,3162.5,2161.474365234375,89107800,0.0,0.0,yfinance_raw_daily
2021-02-24,3175.0,3200.0,3162.5,3187.5,2178.561279296875,82498600,0.0,0.0,yfinance_raw_daily
2021-02-25,3212.5,3237.5,3137.5,3137.5,2144.3876953125,133614800,0.0,0.0,yfinance_raw_daily
2021-02-26,3087.5,3162.5,3050.0,3075.0,2101.6708984375,246190600,0.0,0.0,yfinance_raw_daily
2021-03-01,3112.5,3300.0,3112.5,3287.5,2246.908203125,220785400,0.0,0.0,yfinance_raw_daily
2021-03-02,3325.0,3325.0,3250.0,3300.0,2255.451904296875,163296600,0.0,0.0,yfinance_raw_daily
2021-03-03,3337.5,3337.5,3262.5,3300.0,2255.451904296875,78532200,0.0,0.0,yfinance_raw_daily
2021-03-04,3312.5,3325.0,3262.5,3275.0,2238.36474609375,120612600,0.0,0.0,yfinance_raw_daily
2021-03-05,3262.5,3287.5,3225.0,3237.5,2212.73486328125,87239000,0.0,0.0,yfinance_raw_daily
2021-03-08,3275.0,3287.5,3187.5,3212.5,2195.648193359375,54098000,0.0,0.0,yfinance_raw_daily
2021-03-09,3187.5,3262.5,3187.5,3212.5,2195.648193359375,111838800,0.0,0.0,yfinance_raw_daily
2021-03-10,3250.0,3250.0,3225.0,3250.0,2221.27783203125,51903000,0.0,0.0,yfinance_raw_daily
2021-03-12,3275.0,3375.0,3275.0,3362.5,2298.16845703125,159202400,0.0,0.0,yfinance_raw_daily
2021-03-15,3387.5,3387.5,3312.5,3325.0,2272.538330078125,79922400,0.0,0.0,yfinance_raw_daily
2021-03-16,3325.0,3362.5,3250.0,3275.0,2238.36474609375,112248400,0.0,0.0,yfinance_raw_daily
2021-03-17,3300.0,3325.0,3262.5,3262.5,2229.821533203125,50841200,0.0,0.0,yfinance_raw_daily
2021-03-18,3312.5,3425.0,3312.5,3400.0,2323.798583984375,152427600,0.0,0.0,yfinance_raw_daily
2021-03-19,3400.0,3400.0,3350.0,3387.5,2315.25537109375,150713800,0.0,0.0,yfinance_raw_daily
2021-03-22,3375.0,3412.5,3312.5,3312.5,2263.9951171875,115979200,0.0,0.0,yfinance_raw_daily
2021-03-23,3375.0,3375.0,3312.5,3337.5,2281.081787109375,97289600,0.0,0.0,yfinance_raw_daily
2021-03-24,3250.0,3262.5,3200.0,3212.5,2270.575927734375,115254200,110.1359,0.0,yfinance_raw_daily
2021-03-25,3225.0,3237.5,3162.5,3200.0,2261.740966796875,71666600,0.0,0.0,yfinance_raw_daily
2021-03-26,3225.0,3237.5,3175.0,3212.5,2270.575927734375,84478000,0.0,0.0,yfinance_raw_daily
2021-03-29,3200.0,3250.0,3187.5,3187.5,2252.906005859375,79520400,0.0,0.0,yfinance_raw_daily
2021-03-30,3200.0,3212.5,3137.5,3162.5,2235.236083984375,41180600,0.0,0.0,yfinance_raw_daily
2021-03-31,3125.0,3162.5,3062.5,3075.0,2173.3916015625,159155800,0.0,0.0,yfinance_raw_daily
2021-04-01,3125.0,3162.5,3075.0,3100.0,2191.0615234375,77715200,0.0,0.0,yfinance_raw_daily
2021-04-05,3150.0,3150.0,3100.0,3112.5,2199.896240234375,39468400,0.0,0.0,yfinance_raw_daily
2021-04-06,3112.5,3150.0,3075.0,3137.5,2217.56640625,29650600,0.0,0.0,yfinance_raw_daily
2021-04-07,3150.0,3162.5,3125.0,3162.5,2235.236083984375,46420200,0.0,0.0,yfinance_raw_daily
2021-04-08,3125.0,3187.5,3100.0,3137.5,2217.56640625,88449600,0.0,0.0,yfinance_raw_daily
2021-04-09,3187.5,3275.0,3162.5,3237.5,2288.245849609375,126420200,0.0,0.0,yfinance_raw_daily
2021-04-12,3212.5,3250.0,3137.5,3150.0,2226.401611328125,48429000,0.0,0.0,yfinance_raw_daily
2021-04-13,3100.0,3175.0,3100.0,3150.0,2226.401611328125,76327000,0.0,0.0,yfinance_raw_daily
2021-04-14,3175.0,3200.0,3125.0,3162.5,2235.236083984375,80914000,0.0,0.0,yfinance_raw_daily
2021-04-15,3200.0,3200.0,3112.5,3150.0,2226.401611328125,68337400,0.0,0.0,yfinance_raw_daily
2021-04-16,3175.0,3175.0,3125.0,3150.0,2226.401611328125,63194400,0.0,0.0,yfinance_raw_daily
2021-04-19,3125.0,3137.5,3100.0,3112.5,2199.896240234375,43598600,0.0,0.0,yfinance_raw_daily
2021-04-20,3100.0,3125.0,3087.5,3100.0,2191.0615234375,63882600,0.0,0.0,yfinance_raw_daily
2021-04-21,3075.0,3087.5,3062.5,3062.5,2164.556884765625,65425600,0.0,0.0,yfinance_raw_daily
2021-04-22,3087.5,3112.5,3050.0,3062.5,2164.556884765625,71452000,0.0,0.0,yfinance_raw_daily
2021-04-23,3025.0,3075.0,3012.5,3075.0,2173.3916015625,104928400,0.0,0.0,yfinance_raw_daily
2021-04-26,3050.0,3062.5,2975.0,2987.5,2111.547119140625,115305000,0.0,0.0,yfinance_raw_daily
2021-04-27,2987.5,3037.5,2975.0,3025.0,2138.052001953125,96850800,0.0,0.0,yfinance_raw_daily
2021-04-28,3050.0,3137.5,3050.0,3100.0,2191.0615234375,161162600,0.0,0.0,yfinance_raw_daily
2021-04-29,3112.5,3137.5,3075.0,3112.5,2199.896240234375,82870600,0.0,0.0,yfinance_raw_daily
2021-04-30,3112.5,3125.0,3062.5,3087.5,2182.226806640625,69941600,0.0,0.0,yfinance_raw_daily
2021-05-03,3050.0,3075.0,3000.0,3025.0,2138.052001953125,65334000,0.0,0.0,yfinance_raw_daily
2021-05-04,3025.0,3050.0,2987.5,3050.0,2155.721923828125,56355200,0.0,0.0,yfinance_raw_daily
2021-05-05,3075.0,3075.0,3025.0,3025.0,2138.052001953125,45851800,0.0,0.0,yfinance_raw_daily
2021-05-06,3062.5,3062.5,3012.5,3037.5,2146.88720703125,37091000,0.0,0.0,yfinance_raw_daily
2021-05-07,3062.5,3062.5,2975.0,2975.0,2102.712646484375,65331800,0.0,0.0,yfinance_raw_daily
2021-05-10,3012.5,3012.5,2975.0,2987.5,2111.547119140625,35481400,0.0,0.0,yfinance_raw_daily
2021-05-11,3000.0,3000.0,2925.0,2950.0,2085.042724609375,69381800,0.0,0.0,yfinance_raw_daily
2021-05-17,2987.5,3000.0,2937.5,2962.5,2093.877197265625,95099800,0.0,0.0,yfinance_raw_daily
2021-05-18,2987.5,3000.0,2912.5,2950.0,2085.042724609375,73965200,0.0,0.0,yfinance_raw_daily
2021-05-19,2900.0,2925.0,2812.5,2837.5,2005.5281982421875,98436000,0.0,0.0,yfinance_raw_daily
2021-05-20,2825.0,2875.0,2800.0,2825.0,1996.6932373046875,69610000,0.0,0.0,yfinance_raw_daily
2021-05-21,2862.5,2950.0,2837.5,2912.5,2058.53759765625,140453000,0.0,0.0,yfinance_raw_daily
2021-05-24,2937.5,2937.5,2875.0,2875.0,2032.032958984375,54897600,0.0,0.0,yfinance_raw_daily
2021-05-25,2887.5,2975.0,2887.5,2950.0,2085.042724609375,90594400,0.0,0.0,yfinance_raw_daily
2021-05-27,3000.0,3000.0,2875.0,2875.0,2032.032958984375,353889800,0.0,0.0,yfinance_raw_daily
2021-05-28,2912.5,2950.0,2887.5,2900.0,2049.702880859375,78305800,0.0,0.0,yfinance_raw_daily
2021-05-31,2937.5,3050.0,2912.5,3000.0,2120.38232421875,96660000,0.0,0.0,yfinance_raw_daily
2021-06-02,3075.0,3100.0,3037.5,3050.0,2155.721923828125,157335600,0.0,0.0,yfinance_raw_daily
2021-06-03,3087.5,3137.5,3062.5,3125.0,2208.7314453125,86426400,0.0,0.0,yfinance_raw_daily
2021-06-04,3125.0,3162.5,3062.5,3062.5,2164.556884765625,76307800,0.0,0.0,yfinance_raw_daily
2021-06-07,3100.0,3100.0,3037.5,3062.5,2164.556884765625,42514400,0.0,0.0,yfinance_raw_daily
2021-06-08,3075.0,3075.0,3000.0,3000.0,2120.38232421875,57084000,0.0,0.0,yfinance_raw_daily
2021-06-09,3037.5,3087.5,3000.0,3075.0,2173.3916015625,47078600,0.0,0.0,yfinance_raw_daily
2021-06-10,3087.5,3125.0,3062.5,3100.0,2191.0615234375,43543600,0.0,0.0,yfinance_raw_daily
2021-06-11,3137.5,3150.0,3112.5,3137.5,2217.56640625,77757800,0.0,0.0,yfinance_raw_daily
2021-06-14,3150.0,3150.0,3112.5,3137.5,2217.56640625,50043400,0.0,0.0,yfinance_raw_daily
2021-06-15,3150.0,3162.5,3112.5,3162.5,2235.236083984375,107187800,0.0,0.0,yfinance_raw_daily
2021-06-16,3162.5,3175.0,3100.0,3137.5,2217.56640625,90051600,0.0,0.0,yfinance_raw_daily
2021-06-17,3125.0,3137.5,3100.0,3100.0,2191.0615234375,146517200,0.0,0.0,yfinance_raw_daily
2021-06-18,3087.5,3100.0,2975.0,3100.0,2191.0615234375,201335400,0.0,0.0,yfinance_raw_daily
2021-06-21,3050.0,3050.0,2975.0,3012.5,2129.217041015625,138949200,0.0,0.0,yfinance_raw_daily
2021-06-22,3037.5,3125.0,3012.5,3087.5,2182.226806640625,96680600,0.0,0.0,yfinance_raw_daily
2021-06-23,3112.5,3112.5,3012.5,3012.5,2129.217041015625,66074200,0.0,0.0,yfinance_raw_daily
2021-06-24,3050.0,3050.0,2987.5,2987.5,2111.547119140625,52248000,0.0,0.0,yfinance_raw_daily
2021-06-25,3000.0,3012.5,2950.0,2950.0,2085.042724609375,61052000,0.0,0.0,yfinance_raw_daily
2021-06-28,2912.5,2950.0,2837.5,2850.0,2014.363037109375,127109000,0.0,0.0,yfinance_raw_daily
2021-06-29,2925.0,2925.0,2850.0,2887.5,2040.8680419921875,96970800,0.0,0.0,yfinance_raw_daily
2021-06-30,2925.0,2975.0,2900.0,2950.0,2085.042724609375,146560200,0.0,0.0,yfinance_raw_daily
2021-07-01,2975.0,3000.0,2950.0,2987.5,2111.547119140625,87385400,0.0,0.0,yfinance_raw_daily
2021-07-02,2987.5,3012.5,2962.5,2975.0,2102.712646484375,80422400,0.0,0.0,yfinance_raw_daily
2021-07-05,2987.5,2987.5,2900.0,2925.0,2067.37255859375,29242400,0.0,0.0,yfinance_raw_daily
2021-07-06,2950.0,2950.0,2875.0,2887.5,2040.8680419921875,56066200,0.0,0.0,yfinance_raw_daily
2021-07-07,2887.5,2912.5,2837.5,2875.0,2032.032958984375,96691000,0.0,0.0,yfinance_raw_daily
2021-07-08,2925.0,2950.0,2875.0,2950.0,2085.042724609375,81459000,0.0,0.0,yfinance_raw_daily
2021-07-09,2950.0,2950.0,2887.5,2887.5,2040.8680419921875,50822400,0.0,0.0,yfinance_raw_daily
2021-07-12,2937.5,2937.5,2887.5,2900.0,2049.702880859375,39692600,0.0,0.0,yfinance_raw_daily
2021-07-13,2925.0,2950.0,2887.5,2887.5,2040.8680419921875,65117000,0.0,0.0,yfinance_raw_daily
2021-07-14,2900.0,2912.5,2825.0,2850.0,2014.363037109375,59225200,0.0,0.0,yfinance_raw_daily
2021-07-15,2862.5,2950.0,2837.5,2937.5,2076.20751953125,94438400,0.0,0.0,yfinance_raw_daily
2021-07-16,2937.5,2950.0,2912.5,2937.5,2076.20751953125,39567600,0.0,0.0,yfinance_raw_daily
2021-07-19,2900.0,2925.0,2875.0,2875.0,2032.032958984375,31460200,0.0,0.0,yfinance_raw_daily
2021-07-21,2912.5,2975.0,2900.0,2962.5,2093.877197265625,87100200,0.0,0.0,yfinance_raw_daily
2021-07-22,2987.5,3050.0,2975.0,3025.0,2138.052001953125,55171400,0.0,0.0,yfinance_raw_daily
2021-07-23,3000.0,3025.0,2975.0,2987.5,2111.547119140625,37457600,0.0,0.0,yfinance_raw_daily
2021-07-26,2987.5,3000.0,2900.0,2900.0,2049.702880859375,77160200,0.0,0.0,yfinance_raw_daily
2021-07-27,2925.0,2950.0,2875.0,2912.5,2058.53759765625,79279400,0.0,0.0,yfinance_raw_daily
2021-07-28,2875.0,2950.0,2875.0,2950.0,2085.042724609375,41266000,0.0,0.0,yfinance_raw_daily
2021-07-29,2950.0,2950.0,2875.0,2875.0,2032.032958984375,68168400,0.0,0.0,yfinance_raw_daily
2021-07-30,2912.5,2912.5,2850.0,2850.0,2014.363037109375,92132400,0.0,0.0,yfinance_raw_daily
2021-08-02,2887.5,2887.5,2812.5,2837.5,2005.5281982421875,68571000,0.0,0.0,yfinance_raw_daily
2021-08-03,2850.0,2900.0,2825.0,2887.5,2040.8680419921875,70957400,0.0,0.0,yfinance_raw_daily
2021-08-04,2912.5,2950.0,2887.5,2912.5,2058.53759765625,67410400,0.0,0.0,yfinance_raw_daily
2021-08-05,2937.5,3037.5,2925.0,3025.0,2138.052001953125,140254000,0.0,0.0,yfinance_raw_daily
2021-08-06,3037.5,3050.0,2975.0,2987.5,2111.547119140625,63682000,0.0,0.0,yfinance_raw_daily
2021-08-09,3000.0,3012.5,2900.0,2900.0,2049.702880859375,50317400,0.0,0.0,yfinance_raw_daily
2021-08-10,2900.0,2937.5,2887.5,2900.0,2049.702880859375,54893400,0.0,0.0,yfinance_raw_daily
2021-08-12,2937.5,2975.0,2912.5,2962.5,2093.877197265625,51328800,0.0,0.0,yfinance_raw_daily
2021-08-13,2987.5,3025.0,2950.0,3000.0,2120.38232421875,41771600,0.0,0.0,yfinance_raw_daily
2021-08-16,3000.0,3025.0,2925.0,2987.5,2111.547119140625,53074000,0.0,0.0,yfinance_raw_daily
2021-08-18,3000.0,3087.5,2962.5,3025.0,2138.052001953125,141229400,0.0,0.0,yfinance_raw_daily
2021-08-19,3050.0,3050.0,2900.0,2925.0,2067.37255859375,101976800,0.0,0.0,yfinance_raw_daily
2021-08-20,2950.0,2975.0,2900.0,2950.0,2085.042724609375,62841600,0.0,0.0,yfinance_raw_daily
2021-08-23,2950.0,3000.0,2950.0,2987.5,2111.547119140625,46346200,0.0,0.0,yfinance_raw_daily
2021-08-24,2975.0,2987.5,2900.0,2912.5,2058.53759765625,85217600,0.0,0.0,yfinance_raw_daily
2021-08-25,2937.5,2987.5,2925.0,2975.0,2102.712646484375,60726800,0.0,0.0,yfinance_raw_daily
2021-08-26,2925.0,2962.5,2912.5,2912.5,2058.53759765625,55050200,0.0,0.0,yfinance_raw_daily
2021-08-27,2912.5,2937.5,2887.5,2900.0,2049.702880859375,35765000,0.0,0.0,yfinance_raw_daily
2021-08-30,2925.0,2975.0,2912.5,2975.0,2102.712646484375,65062000,0.0,0.0,yfinance_raw_daily
2021-08-31,3000.0,3050.0,2975.0,3050.0,2155.721923828125,135700400,0.0,0.0,yfinance_raw_daily
2021-09-01,3050.0,3050.0,3000.0,3000.0,2120.38232421875,70082000,0.0,0.0,yfinance_raw_daily
2021-09-02,3025.0,3050.0,2987.5,3025.0,2138.052001953125,51554400,0.0,0.0,yfinance_raw_daily
2021-09-03,3050.0,3075.0,3000.0,3062.5,2164.556884765625,50760000,0.0,0.0,yfinance_raw_daily
2021-09-06,3100.0,3162.5,3062.5,3100.0,2191.0615234375,51684400,0.0,0.0,yfinance_raw_daily
2021-09-07,3125.0,3175.0,3112.5,3125.0,2208.7314453125,70448400,0.0,0.0,yfinance_raw_daily
2021-09-08,3150.0,3150.0,3062.5,3125.0,2208.7314453125,84660600,0.0,0.0,yfinance_raw_daily
2021-09-09,3150.0,3175.0,3062.5,3175.0,2244.071044921875,93331600,0.0,0.0,yfinance_raw_daily
2021-09-10,3137.5,3150.0,3087.5,3100.0,2191.0615234375,107576800,0.0,0.0,yfinance_raw_daily
2021-09-13,3050.0,3112.5,3025.0,3075.0,2173.3916015625,104806600,0.0,0.0,yfinance_raw_daily
2021-09-14,3075.0,3100.0,3037.5,3050.0,2155.721923828125,84931400,0.0,0.0,yfinance_raw_daily
2021-09-15,3087.5,3100.0,3050.0,3062.5,2164.556884765625,135497800,0.0,0.0,yfinance_raw_daily
2021-09-16,3087.5,3100.0,3062.5,3075.0,2173.3916015625,61344200,0.0,0.0,yfinance_raw_daily
2021-09-17,3062.5,3075.0,3025.0,3025.0,2138.052001953125,82452800,0.0,0.0,yfinance_raw_daily
2021-09-20,3012.5,3037.5,2962.5,3012.5,2129.217041015625,57569200,0.0,0.0,yfinance_raw_daily
2021-09-21,3012.5,3012.5,2962.5,2987.5,2111.547119140625,45153400,0.0,0.0,yfinance_raw_daily
2021-09-22,2987.5,3050.0,2975.0,3037.5,2146.88720703125,26711200,0.0,0.0,yfinance_raw_daily
2021-09-23,3062.5,3062.5,3012.5,3037.5,2146.88720703125,40606000,0.0,0.0,yfinance_raw_daily
2021-09-24,3037.5,3050.0,2962.5,2987.5,2111.547119140625,50278400,0.0,0.0,yfinance_raw_daily
2021-09-27,3000.0,3012.5,2950.0,2950.0,2085.042724609375,68500800,0.0,0.0,yfinance_raw_daily
2021-09-28,2975.0,3012.5,2950.0,2975.0,2102.712646484375,64652200,0.0,0.0,yfinance_raw_daily
2021-09-29,2975.0,3025.0,2962.5,3000.0,2120.38232421875,56467400,0.0,0.0,yfinance_raw_daily
2021-09-30,3025.0,3075.0,3000.0,3075.0,2173.3916015625,82812000,0.0,0.0,yfinance_raw_daily
2021-10-01,3075.0,3100.0,3025.0,3050.0,2155.721923828125,74975400,0.0,0.0,yfinance_raw_daily
2021-10-04,3087.5,3250.0,3075.0,3237.5,2288.245849609375,156691600,0.0,0.0,yfinance_raw_daily
2021-10-05,3225.0,3275.0,3187.5,3212.5,2270.575927734375,94886200,0.0,0.0,yfinance_raw_daily
2021-10-06,3237.5,3337.5,3225.0,3300.0,2332.420654296875,168775800,0.0,0.0,yfinance_raw_daily
2021-10-07,3325.0,3412.5,3312.5,3350.0,2367.760009765625,253196600,0.0,0.0,yfinance_raw_daily
2021-10-08,3362.5,3487.5,3362.5,3450.0,2438.439697265625,223592000,0.0,0.0,yfinance_raw_daily
2021-10-11,3450.0,3462.5,3400.0,3450.0,2438.439697265625,123020200,0.0,0.0,yfinance_raw_daily
2021-10-12,3487.5,3525.0,3462.5,3500.0,2473.779296875,191044200,0.0,0.0,yfinance_raw_daily
2021-10-13,3537.5,3550.0,3475.0,3550.0,2509.119140625,134998000,0.0,0.0,yfinance_raw_daily
2021-10-14,3562.5,3587.5,3525.0,3587.5,2535.623779296875,104307800,0.0,0.0,yfinance_raw_daily
2021-10-15,3587.5,3600.0,3537.5,3575.0,2526.78857421875,84353000,0.0,0.0,yfinance_raw_daily
2021-10-18,3600.0,3662.5,3575.0,3587.5,2535.623779296875,152951600,0.0,0.0,yfinance_raw_daily
2021-10-19,3625.0,3625.0,3525.0,3600.0,2544.45849609375,99358000,0.0,0.0,yfinance_raw_daily
2021-10-21,3587.5,3662.5,3562.5,3587.5,2535.623779296875,189264000,0.0,0.0,yfinance_raw_daily
2021-10-22,3550.0,3612.5,3537.5,3600.0,2544.45849609375,65782600,0.0,0.0,yfinance_raw_daily
2021-10-25,3587.5,3625.0,3562.5,3562.5,2517.953857421875,76296200,0.0,0.0,yfinance_raw_daily
2021-10-26,3550.0,3600.0,3550.0,3587.5,2535.623779296875,55872800,0.0,0.0,yfinance_raw_daily
2021-10-27,3600.0,3612.5,3562.5,3575.0,2526.78857421875,82925200,0.0,0.0,yfinance_raw_daily
2021-10-28,3562.5,3575.0,3500.0,3512.5,2482.614013671875,99023600,0.0,0.0,yfinance_raw_daily
2021-10-29,3587.5,3650.0,3575.0,3587.5,2535.623779296875,160952400,0.0,0.0,yfinance_raw_daily
2021-11-01,3625.0,3625.0,3575.0,3587.5,2535.623779296875,65621400,0.0,0.0,yfinance_raw_daily
2021-11-02,3587.5,3600.0,3500.0,3512.5,2482.614013671875,51923400,0.0,0.0,yfinance_raw_daily
2021-11-03,3487.5,3625.0,3462.5,3562.5,2517.953857421875,107556600,0.0,0.0,yfinance_raw_daily
2021-11-04,3625.0,3650.0,3587.5,3587.5,2535.623779296875,103726400,0.0,0.0,yfinance_raw_daily
2021-11-05,3625.0,3625.0,3500.0,3550.0,2509.119140625,48035600,0.0,0.0,yfinance_raw_daily
2021-11-08,3600.0,3600.0,3500.0,3500.0,2473.779296875,50517400,0.0,0.0,yfinance_raw_daily
2021-11-09,3525.0,3550.0,3425.0,3437.5,2429.6044921875,120574200,0.0,0.0,yfinance_raw_daily
2021-11-10,3437.5,3575.0,3437.5,3575.0,2526.78857421875,156118000,0.0,0.0,yfinance_raw_daily
2021-11-11,3562.5,3612.5,3512.5,3612.5,2553.293701171875,86362400,0.0,0.0,yfinance_raw_daily
2021-11-12,3637.5,3637.5,3525.0,3550.0,2509.119140625,56807000,0.0,0.0,yfinance_raw_daily
2021-11-15,3550.0,3575.0,3525.0,3525.0,2491.448974609375,40131000,0.0,0.0,yfinance_raw_daily
2021-11-16,3525.0,3612.5,3512.5,3612.5,2553.293701171875,76140200,0.0,0.0,yfinance_raw_daily
2021-11-17,3612.5,3625.0,3575.0,3612.5,2553.293701171875,72789600,0.0,0.0,yfinance_raw_daily
2021-11-18,3600.0,3612.5,3575.0,3587.5,2535.623779296875,30911600,0.0,0.0,yfinance_raw_daily
2021-11-19,3587.5,3650.0,3575.0,3625.0,2562.128662109375,101125800,0.0,0.0,yfinance_raw_daily
2021-11-22,3675.0,3750.0,3612.5,3675.0,2597.46826171875,92374400,0.0,0.0,yfinance_raw_daily
2021-11-23,3612.5,3637.5,3550.0,3575.0,2526.78857421875,63127600,0.0,0.0,yfinance_raw_daily
2021-11-24,3562.5,3587.5,3550.0,3575.0,2526.78857421875,56217000,0.0,0.0,yfinance_raw_daily
2021-11-25,3612.5,3687.5,3587.5,3675.0,2597.46826171875,97473400,0.0,0.0,yfinance_raw_daily
2021-11-26,3662.5,3662.5,3537.5,3550.0,2509.119140625,78633400,0.0,0.0,yfinance_raw_daily
2021-11-29,3550.0,3637.5,3462.5,3587.5,2535.623779296875,112673000,0.0,0.0,yfinance_raw_daily
2021-11-30,3625.0,3625.0,3475.0,3500.0,2473.779296875,219340400,0.0,0.0,yfinance_raw_daily
2021-12-01,3500.0,3562.5,3475.0,3537.5,2500.2841796875,93119800,0.0,0.0,yfinance_raw_daily
2021-12-02,3537.5,3625.0,3500.0,3600.0,2544.45849609375,70416400,0.0,0.0,yfinance_raw_daily
2021-12-03,3600.0,3612.5,3550.0,3575.0,2526.78857421875,46109400,0.0,0.0,yfinance_raw_daily
2021-12-06,3575.0,3625.0,3550.0,3587.5,2535.623779296875,52050400,0.0,0.0,yfinance_raw_daily
2021-12-07,3587.5,3650.0,3587.5,3650.0,2579.79833984375,64289400,0.0,0.0,yfinance_raw_daily
2021-12-08,3637.5,3650.0,3575.0,3575.0,2526.78857421875,56064200,0.0,0.0,yfinance_raw_daily
2021-12-09,3625.0,3675.0,3562.5,3675.0,2597.46826171875,42688600,0.0,0.0,yfinance_raw_daily
2021-12-10,3600.0,3612.5,3550.0,3600.0,2544.45849609375,93532200,0.0,0.0,yfinance_raw_daily
2021-12-13,3600.0,3612.5,3562.5,3562.5,2517.953857421875,50091200,0.0,0.0,yfinance_raw_daily
2021-12-14,3562.5,3600.0,3550.0,3587.5,2535.623779296875,65061400,0.0,0.0,yfinance_raw_daily
2021-12-15,3575.0,3662.5,3562.5,3637.5,2570.96337890625,75677400,0.0,0.0,yfinance_raw_daily
2021-12-16,3650.0,3662.5,3600.0,3625.0,2562.128662109375,69082400,0.0,0.0,yfinance_raw_daily
2021-12-17,3612.5,3612.5,3537.5,3575.0,2526.78857421875,83945200,0.0,0.0,yfinance_raw_daily
2021-12-20,3550.0,3575.0,3537.5,3537.5,2500.2841796875,57932600,0.0,0.0,yfinance_raw_daily
2021-12-21,3575.0,3625.0,3550.0,3575.0,2526.78857421875,49859600,0.0,0.0,yfinance_raw_daily
2021-12-22,3587.5,3600.0,3525.0,3525.0,2491.448974609375,34814400,0.0,0.0,yfinance_raw_daily
2021-12-23,3525.0,3575.0,3525.0,3537.5,2500.2841796875,44565000,0.0,0.0,yfinance_raw_daily
2021-12-24,3550.0,3575.0,3475.0,3525.0,2491.448974609375,54902200,0.0,0.0,yfinance_raw_daily
2021-12-27,3525.0,3550.0,3487.5,3500.0,2473.779296875,34096400,0.0,0.0,yfinance_raw_daily
2021-12-28,3525.0,3525.0,3487.5,3525.0,2491.448974609375,39835400,0.0,0.0,yfinance_raw_daily
2021-12-29,3537.5,3562.5,3500.0,3550.0,2509.119140625,20860200,0.0,0.0,yfinance_raw_daily
2021-12-30,3550.0,3562.5,3512.5,3512.5,2482.614013671875,34951600,0.0,0.0,yfinance_raw_daily
2022-01-03,3550.0,3562.5,3512.5,3525.0,2491.448974609375,30999600,0.0,0.0,yfinance_raw_daily
2022-01-04,3537.5,3600.0,3525.0,3587.5,2535.623779296875,44541400,0.0,0.0,yfinance_raw_daily
2022-01-05,3575.0,3587.5,3462.5,3512.5,2482.614013671875,98910200,0.0,0.0,yfinance_raw_daily
2022-01-06,3537.5,3537.5,3475.0,3512.5,2482.614013671875,65651200,0.0,0.0,yfinance_raw_daily
2022-01-07,3512.5,3550.0,3512.5,3525.0,2491.448974609375,68452800,0.0,0.0,yfinance_raw_daily
2022-01-10,3537.5,3550.0,3525.0,3525.0,2491.448974609375,44378600,0.0,0.0,yfinance_raw_daily
2022-01-11,3550.0,3550.0,3500.0,3525.0,2491.448974609375,50367600,0.0,0.0,yfinance_raw_daily
2022-01-12,3525.0,3575.0,3525.0,3575.0,2526.78857421875,34249200,0.0,0.0,yfinance_raw_daily
2022-01-13,3575.0,3587.5,3550.0,3562.5,2517.953857421875,35763800,0.0,0.0,yfinance_raw_daily
2022-01-14,3537.5,3612.5,3537.5,3587.5,2535.623779296875,43651400,0.0,0.0,yfinance_raw_daily
2022-01-17,3625.0,3637.5,3575.0,3600.0,2544.45849609375,43188000,0.0,0.0,yfinance_raw_daily
2022-01-18,3587.5,3625.0,3550.0,3625.0,2562.128662109375,64484800,0.0,0.0,yfinance_raw_daily
2022-01-19,3587.5,3600.0,3500.0,3512.5,2482.614013671875,103093600,0.0,0.0,yfinance_raw_daily
2022-01-20,3550.0,3587.5,3512.5,3587.5,2535.623779296875,53067000,0.0,0.0,yfinance_raw_daily
2022-01-21,3587.5,3650.0,3562.5,3650.0,2579.79833984375,76806800,0.0,0.0,yfinance_raw_daily
2022-01-24,3637.5,3637.5,3600.0,3637.5,2570.96337890625,44476800,0.0,0.0,yfinance_raw_daily
2022-01-25,3600.0,3625.0,3575.0,3612.5,2553.293701171875,69268000,0.0,0.0,yfinance_raw_daily
2022-01-26,3650.0,3737.5,3612.5,3737.5,2641.64306640625,140636400,0.0,0.0,yfinance_raw_daily
2022-01-27,3737.5,3800.0,3700.0,3775.0,2668.1474609375,113618000,0.0,0.0,yfinance_raw_daily
2022-01-28,3812.5,3825.0,3775.0,3825.0,2703.4873046875,121145200,0.0,0.0,yfinance_raw_daily
2022-01-31,3887.5,3887.5,3725.0,3737.5,2641.64306640625,101700800,0.0,0.0,yfinance_raw_daily
2022-02-02,3762.5,3762.5,3725.0,3737.5,2641.64306640625,68769000,0.0,0.0,yfinance_raw_daily
2022-02-03,3737.5,3737.5,3675.0,3737.5,2641.64306640625,60204000,0.0,0.0,yfinance_raw_daily
2022-02-04,3725.0,3762.5,3700.0,3737.5,2641.64306640625,36629400,0.0,0.0,yfinance_raw_daily
2022-02-07,3825.0,3825.0,3737.5,3750.0,2650.4775390625,68867800,0.0,0.0,yfinance_raw_daily
2022-02-08,3800.0,3862.5,3775.0,3812.5,2694.65234375,158581800,0.0,0.0,yfinance_raw_daily
2022-02-09,3850.0,3862.5,3800.0,3837.5,2712.322021484375,107360800,0.0,0.0,yfinance_raw_daily
2022-02-10,3850.0,3875.0,3825.0,3862.5,2729.991943359375,107679400,0.0,0.0,yfinance_raw_daily
2022-02-11,3887.5,3887.5,3825.0,3862.5,2729.991943359375,81582600,0.0,0.0,yfinance_raw_daily
2022-02-14,3850.0,3900.0,3812.5,3900.0,2756.496826171875,76263200,0.0,0.0,yfinance_raw_daily
2022-02-15,3900.0,3950.0,3837.5,3950.0,2791.836669921875,67804400,0.0,0.0,yfinance_raw_daily
2022-02-16,3962.5,3962.5,3875.0,3925.0,2774.16650390625,74785000,0.0,0.0,yfinance_raw_daily
2022-02-17,3937.5,3937.5,3837.5,3925.0,2774.16650390625,103038800,0.0,0.0,yfinance_raw_daily
2022-02-18,3912.5,3975.0,3875.0,3925.0,2774.16650390625,81303200,0.0,0.0,yfinance_raw_daily
2022-02-21,3925.0,3962.5,3925.0,3925.0,2774.16650390625,31720800,0.0,0.0,yfinance_raw_daily
2022-02-22,3912.5,3950.0,3887.5,3937.5,2783.001708984375,69476600,0.0,0.0,yfinance_raw_daily
2022-02-23,3962.5,3975.0,3912.5,3937.5,2783.001708984375,85991000,0.0,0.0,yfinance_raw_daily
2022-02-24,3862.5,3937.5,3825.0,3850.0,2721.156982421875,170297000,0.0,0.0,yfinance_raw_daily
2022-02-25,3862.5,3875.0,3825.0,3850.0,2721.156982421875,163299800,0.0,0.0,yfinance_raw_daily
2022-03-01,3837.5,3925.0,3825.0,3825.0,2703.4873046875,149532200,0.0,0.0,yfinance_raw_daily
2022-03-02,3825.0,3862.5,3775.0,3812.5,2694.65234375,110824000,0.0,0.0,yfinance_raw_daily
2022-03-04,3850.0,3862.5,3800.0,3825.0,2703.4873046875,104914600,0.0,0.0,yfinance_raw_daily
2022-03-07,3775.0,3812.5,3750.0,3775.0,2668.1474609375,137667600,0.0,0.0,yfinance_raw_daily
2022-03-08,3812.5,3850.0,3775.0,3775.0,2668.1474609375,104072200,0.0,0.0,yfinance_raw_daily
2022-03-09,3787.5,3862.5,3787.5,3812.5,2694.65234375,115109200,0.0,0.0,yfinance_raw_daily
2022-03-10,3850.0,3875.0,3800.0,3837.5,2712.322021484375,105803000,0.0,0.0,yfinance_raw_daily
2022-03-11,3862.5,3862.5,3800.0,3825.0,2703.4873046875,122401600,0.0,0.0,yfinance_raw_daily
2022-03-14,3825.0,3912.5,3812.5,3875.0,2738.8271484375,173513400,0.0,0.0,yfinance_raw_daily
2022-03-15,3900.0,3937.5,3887.5,3887.5,2747.662109375,146735400,0.0,0.0,yfinance_raw_daily
2022-03-16,3900.0,4025.0,3900.0,3975.0,2809.506591796875,291909800,0.0,0.0,yfinance_raw_daily
2022-03-17,4000.0,4050.0,3975.0,3975.0,2809.506591796875,235559000,0.0,0.0,yfinance_raw_daily
2022-03-18,3987.5,4000.0,3937.5,3962.5,2800.67138671875,212233400,0.0,0.0,yfinance_raw_daily
2022-03-21,3837.5,3862.5,3800.0,3825.0,2832.377685546875,162364400,180.3178,0.0,yfinance_raw_daily
2022-03-22,3850.0,3875.0,3825.0,3837.5,2841.633544921875,112672400,0.0,0.0,yfinance_raw_daily
2022-03-23,3837.5,3900.0,3825.0,3887.5,2878.658447265625,183894800,0.0,0.0,yfinance_raw_daily
2022-03-24,3850.0,3962.5,3850.0,3962.5,2934.195068359375,210909800,0.0,0.0,yfinance_raw_daily
2022-03-25,3975.0,3987.5,3887.5,3925.0,2906.426513671875,136083000,0.0,0.0,yfinance_raw_daily
2022-03-28,3937.5,3950.0,3900.0,3937.5,2915.68310546875,95354400,0.0,0.0,yfinance_raw_daily
2022-03-29,3987.5,4012.5,3937.5,3962.5,2934.195068359375,160112200,0.0,0.0,yfinance_raw_daily
2022-03-30,3975.0,3987.5,3925.0,3937.5,2915.68310546875,82476000,0.0,0.0,yfinance_raw_daily
2022-03-31,3962.5,3987.5,3925.0,3950.0,2924.93896484375,69174000,0.0,0.0,yfinance_raw_daily
2022-04-01,3950.0,3950.0,3887.5,3937.5,2915.68310546875,62912400,0.0,0.0,yfinance_raw_daily
2022-04-04,3912.5,3950.0,3887.5,3912.5,2897.17041015625,82013800,0.0,0.0,yfinance_raw_daily
2022-04-05,3900.0,3937.5,3900.0,3912.5,2897.17041015625,82378200,0.0,0.0,yfinance_raw_daily
2022-04-06,3900.0,3900.0,3825.0,3837.5,2841.633544921875,129476400,0.0,0.0,yfinance_raw_daily
2022-04-07,3837.5,3887.5,3812.5,3850.0,2850.8896484375,136162800,0.0,0.0,yfinance_raw_daily
2022-04-08,3900.0,3900.0,3837.5,3850.0,2850.8896484375,94622400,0.0,0.0,yfinance_raw_daily
2022-04-11,3850.0,3875.0,3825.0,3837.5,2841.633544921875,107966400,0.0,0.0,yfinance_raw_daily
2022-04-12,3837.5,3875.0,3812.5,3850.0,2850.8896484375,92691200,0.0,0.0,yfinance_raw_daily
2022-04-13,3837.5,3875.0,3825.0,3862.5,2860.146240234375,90558600,0.0,0.0,yfinance_raw_daily
2022-04-14,3862.5,3875.0,3825.0,3837.5,2841.633544921875,63275600,0.0,0.0,yfinance_raw_daily
2022-04-18,3837.5,3862.5,3787.5,3812.5,2823.12158203125,101496000,0.0,0.0,yfinance_raw_daily
2022-04-19,3812.5,3837.5,3787.5,3787.5,2804.609375,104508400,0.0,0.0,yfinance_raw_daily
2022-04-20,3825.0,3950.0,3812.5,3925.0,2906.426513671875,164354800,0.0,0.0,yfinance_raw_daily
2022-04-21,4000.0,4200.0,3962.5,4150.0,3073.037353515625,337363200,0.0,0.0,yfinance_raw_daily
2022-04-22,4100.0,4162.5,4037.5,4137.5,3063.781005859375,168301800,0.0,0.0,yfinance_raw_daily
2022-04-25,4100.0,4225.0,4012.5,4112.5,3045.268798828125,179082600,0.0,0.0,yfinance_raw_daily
2022-04-26,4125.0,4212.5,4112.5,4175.0,3091.54931640625,131930600,0.0,0.0,yfinance_raw_daily
2022-04-27,4137.5,4212.5,4112.5,4112.5,3045.268798828125,118272800,0.0,0.0,yfinance_raw_daily
2022-04-28,4387.5,4537.5,4337.5,4475.0,3313.697021484375,443163800,0.0,0.0,yfinance_raw_daily
2022-05-09,4312.5,4337.5,4162.5,4162.5,3082.293212890625,351637800,0.0,0.0,yfinance_raw_daily
2022-05-10,3912.5,4087.5,3912.5,4050.0,2998.988037109375,498444800,0.0,0.0,yfinance_raw_daily
2022-05-11,4050.0,4100.0,4000.0,4000.0,2961.963623046875,198922600,0.0,0.0,yfinance_raw_daily
2022-05-12,3987.5,4025.0,3862.5,3937.5,2915.68310546875,162727200,0.0,0.0,yfinance_raw_daily
2022-05-13,3937.5,3950.0,3875.0,3900.0,2887.91455078125,165507800,0.0,0.0,yfinance_raw_daily
2022-05-17,3900.0,4000.0,3900.0,3925.0,2906.426513671875,149548800,0.0,0.0,yfinance_raw_daily
2022-05-18,3987.5,4012.5,3900.0,3950.0,2924.93896484375,162519200,0.0,0.0,yfinance_raw_daily
2022-05-19,3900.0,3962.5,3875.0,3950.0,2924.93896484375,127740400,0.0,0.0,yfinance_raw_daily
2022-05-20,3975.0,4025.0,3975.0,4000.0,2961.963623046875,106866400,0.0,0.0,yfinance_raw_daily
2022-05-23,4025.0,4037.5,3900.0,3937.5,2915.68310546875,144005200,0.0,0.0,yfinance_raw_daily
2022-05-24,3975.0,4025.0,3950.0,3962.5,2934.195068359375,134555000,0.0,0.0,yfinance_raw_daily
2022-05-25,3950.0,4025.0,3912.5,3925.0,2906.426513671875,132635400,0.0,0.0,yfinance_raw_daily
2022-05-27,4000.0,4062.5,3975.0,4050.0,2998.988037109375,155078600,0.0,0.0,yfinance_raw_daily
2022-05-30,4100.0,4100.0,4000.0,4100.0,3036.012451171875,117617200,0.0,0.0,yfinance_raw_daily
2022-05-31,4137.5,4250.0,4112.5,4250.0,3147.086181640625,262054000,0.0,0.0,yfinance_raw_daily
2022-06-02,4162.5,4175.0,4025.0,4100.0,3036.012451171875,203021800,0.0,0.0,yfinance_raw_daily
2022-06-03,4137.5,4150.0,4100.0,4100.0,3036.012451171875,147960000,0.0,0.0,yfinance_raw_daily
2022-06-06,4100.0,4175.0,4012.5,4075.0,3017.500244140625,148785000,0.0,0.0,yfinance_raw_daily
2022-06-07,4100.0,4175.0,4075.0,4150.0,3073.037353515625,132673800,0.0,0.0,yfinance_raw_daily
2022-06-08,4112.5,4212.5,4075.0,4200.0,3110.061767578125,153409200,0.0,0.0,yfinance_raw_daily
2022-06-09,4200.0,4250.0,4175.0,4212.5,3119.31787109375,216804400,0.0,0.0,yfinance_raw_daily
2022-06-10,4137.5,4162.5,4075.0,4087.5,3026.756591796875,165119600,0.0,0.0,yfinance_raw_daily
2022-06-13,4000.0,4050.0,3975.0,4050.0,2998.988037109375,122467200,0.0,0.0,yfinance_raw_daily
2022-06-14,4000.0,4100.0,4000.0,4100.0,3036.012451171875,100136600,0.0,0.0,yfinance_raw_daily
2022-06-15,4062.5,4162.5,4062.5,4150.0,3073.037353515625,142400800,0.0,0.0,yfinance_raw_daily
2022-06-16,4250.0,4250.0,4150.0,4187.5,3100.805419921875,186692600,0.0,0.0,yfinance_raw_daily
2022-06-17,4087.5,4125.0,4037.5,4037.5,2989.73193359375,156836200,0.0,0.0,yfinance_raw_daily
2022-06-20,4050.0,4125.0,4025.0,4125.0,3054.52490234375,74978200,0.0,0.0,yfinance_raw_daily
2022-06-21,4150.0,4175.0,4100.0,4125.0,3054.52490234375,62996600,0.0,0.0,yfinance_raw_daily
2022-06-22,4100.0,4137.5,4062.5,4075.0,3017.500244140625,88306600,0.0,0.0,yfinance_raw_daily
2022-06-23,4075.0,4112.5,4050.0,4075.0,3017.500244140625,48817400,0.0,0.0,yfinance_raw_daily
2022-06-24,4100.0,4150.0,4075.0,4150.0,3073.037353515625,60638400,0.0,0.0,yfinance_raw_daily
2022-06-27,4200.0,4200.0,4037.5,4112.5,3045.268798828125,76574400,0.0,0.0,yfinance_raw_daily
2022-06-28,4075.0,4100.0,4000.0,4062.5,3008.244140625,110131200,0.0,0.0,yfinance_raw_daily
2022-06-29,4050.0,4062.5,3975.0,3975.0,2943.451416015625,113216400,0.0,0.0,yfinance_raw_daily
2022-06-30,4000.0,4050.0,3950.0,3962.5,2934.195068359375,125507600,0.0,0.0,yfinance_raw_daily
2022-07-01,3937.5,3962.5,3787.5,3800.0,2813.865478515625,191672200,0.0,0.0,yfinance_raw_daily
2022-07-04,3787.5,3837.5,3637.5,3700.0,2739.81640625,246417000,0.0,0.0,yfinance_raw_daily
2022-07-05,3725.0,3862.5,3725.0,3825.0,2832.377685546875,90919800,0.0,0.0,yfinance_raw_daily
2022-07-06,3825.0,3825.0,3675.0,3762.5,2786.096923828125,180812800,0.0,0.0,yfinance_raw_daily
2022-07-07,3750.0,3775.0,3712.5,3712.5,2749.072509765625,120444800,0.0,0.0,yfinance_raw_daily
2022-07-08,3775.0,3775.0,3700.0,3737.5,2767.5849609375,57156600,0.0,0.0,yfinance_raw_daily
2022-07-11,3737.5,3762.5,3700.0,3737.5,2767.5849609375,22860800,0.0,0.0,yfinance_raw_daily
2022-07-12,3737.5,3737.5,3687.5,3712.5,2749.072509765625,51524400,0.0,0.0,yfinance_raw_daily
2022-07-13,3700.0,3712.5,3637.5,3637.5,2693.53564453125,142494200,0.0,0.0,yfinance_raw_daily
2022-07-14,3625.0,3687.5,3600.0,3637.5,2693.53564453125,158438200,0.0,0.0,yfinance_raw_daily
2022-07-15,3650.0,3700.0,3587.5,3587.5,2656.51123046875,191949400,0.0,0.0,yfinance_raw_daily
2022-07-18,3612.5,3675.0,3612.5,3675.0,2721.30419921875,152078400,0.0,0.0,yfinance_raw_daily
2022-07-19,3675.0,3725.0,3637.5,3712.5,2749.072509765625,128963600,0.0,0.0,yfinance_raw_daily
2022-07-20,3775.0,3975.0,3775.0,3950.0,2924.93896484375,215712600,0.0,0.0,yfinance_raw_daily
2022-07-21,4000.0,4000.0,3862.5,3950.0,2924.93896484375,125699200,0.0,0.0,yfinance_raw_daily
2022-07-22,3962.5,3962.5,3887.5,3925.0,2906.426513671875,54461200,0.0,0.0,yfinance_raw_daily
2022-07-25,3937.5,3950.0,3887.5,3887.5,2878.658447265625,30750600,0.0,0.0,yfinance_raw_daily
2022-07-26,3912.5,4012.5,3900.0,4000.0,2961.963623046875,58317600,0.0,0.0,yfinance_raw_daily
2022-07-27,4025.0,4062.5,4000.0,4050.0,2998.988037109375,87439200,0.0,0.0,yfinance_raw_daily
2022-07-28,4012.5,4100.0,4012.5,4025.0,2980.475830078125,94427400,0.0,0.0,yfinance_raw_daily
2022-07-29,4112.5,4175.0,4075.0,4137.5,3063.781005859375,132709400,0.0,0.0,yfinance_raw_daily
2022-08-01,4100.0,4112.5,3987.5,3987.5,2952.707275390625,95909000,0.0,0.0,yfinance_raw_daily
2022-08-02,4000.0,4087.5,3987.5,4087.5,3026.756591796875,57458200,0.0,0.0,yfinance_raw_daily
2022-08-03,4087.5,4125.0,4025.0,4125.0,3054.52490234375,55822800,0.0,0.0,yfinance_raw_daily
2022-08-04,4150.0,4150.0,4075.0,4125.0,3054.52490234375,75188600,0.0,0.0,yfinance_raw_daily
2022-08-05,4137.5,4150.0,4087.5,4125.0,3054.52490234375,64150800,0.0,0.0,yfinance_raw_daily
2022-08-08,4125.0,4175.0,4112.5,4175.0,3091.54931640625,82522000,0.0,0.0,yfinance_raw_daily
2022-08-09,4212.5,4300.0,4200.0,4237.5,3137.830322265625,117148200,0.0,0.0,yfinance_raw_daily
2022-08-10,4175.0,4300.0,4125.0,4300.0,3184.11083984375,79950200,0.0,0.0,yfinance_raw_daily
2022-08-11,4312.5,4337.5,4212.5,4262.5,3156.342529296875,106627400,0.0,0.0,yfinance_raw_daily
2022-08-12,4262.5,4287.5,4212.5,4237.5,3137.830322265625,62626200,0.0,0.0,yfinance_raw_daily
2022-08-15,4225.0,4275.0,4200.0,4225.0,3128.573974609375,44464800,0.0,0.0,yfinance_raw_daily
2022-08-16,4275.0,4325.0,4237.5,4262.5,3156.342529296875,109260400,0.0,0.0,yfinance_raw_daily
2022-08-18,4387.5,4400.0,4287.5,4300.0,3184.11083984375,116693200,0.0,0.0,yfinance_raw_daily
2022-08-19,4300.0,4325.0,4250.0,4250.0,3147.086181640625,48290200,0.0,0.0,yfinance_raw_daily
2022-08-22,4212.5,4275.0,4175.0,4262.5,3156.342529296875,121399800,0.0,0.0,yfinance_raw_daily
2022-08-23,4250.0,4337.5,4225.0,4312.5,3193.3671875,95553400,0.0,0.0,yfinance_raw_daily
2022-08-24,4300.0,4350.0,4275.0,4312.5,3193.3671875,60958200,0.0,0.0,yfinance_raw_daily
2022-08-25,4275.0,4312.5,4212.5,4287.5,3174.854736328125,77254800,0.0,0.0,yfinance_raw_daily
2022-08-26,4312.5,4325.0,4250.0,4250.0,3147.086181640625,82356600,0.0,0.0,yfinance_raw_daily
2022-08-29,4200.0,4300.0,4175.0,4275.0,3165.5986328125,62683800,0.0,0.0,yfinance_raw_daily
2022-08-30,4312.5,4375.0,4287.5,4325.0,3202.622802734375,109649400,0.0,0.0,yfinance_raw_daily
2022-08-31,4250.0,4425.0,4225.0,4425.0,3276.67236328125,151631600,0.0,0.0,yfinance_raw_daily
2022-09-01,4425.0,4475.0,4337.5,4462.5,3304.4404296875,120967800,0.0,0.0,yfinance_raw_daily
2022-09-02,4487.5,4500.0,4362.5,4425.0,3276.67236328125,90044600,0.0,0.0,yfinance_raw_daily
2022-09-05,4425.0,4500.0,4400.0,4475.0,3313.697021484375,60491000,0.0,0.0,yfinance_raw_daily
2022-09-06,4487.5,4500.0,4400.0,4412.5,3267.416015625,65296200,0.0,0.0,yfinance_raw_daily
2022-09-07,4387.5,4437.5,4362.5,4437.5,3285.92822265625,97771400,0.0,0.0,yfinance_raw_daily
2022-09-08,4450.0,4550.0,4412.5,4475.0,3313.697021484375,96931000,0.0,0.0,yfinance_raw_daily
2022-09-09,4537.5,4550.0,4475.0,4537.5,3359.9775390625,128510800,0.0,0.0,yfinance_raw_daily
2022-09-12,4575.0,4600.0,4537.5,4587.5,3397.002197265625,110819000,0.0,0.0,yfinance_raw_daily
2022-09-13,4625.0,4750.0,4612.5,4725.0,3498.819580078125,185487800,0.0,0.0,yfinance_raw_daily
2022-09-14,4637.5,4700.0,4600.0,4650.0,3443.28271484375,119631200,0.0,0.0,yfinance_raw_daily
2022-09-15,4700.0,4750.0,4650.0,4675.0,3461.794677734375,156750600,0.0,0.0,yfinance_raw_daily
2022-09-16,4637.5,4650.0,4512.5,4550.0,3369.23388671875,167812600,0.0,0.0,yfinance_raw_daily
2022-09-19,4625.0,4650.0,4575.0,4612.5,3415.51416015625,137396600,0.0,0.0,yfinance_raw_daily
2022-09-20,4662.5,4687.5,4600.0,4600.0,3406.258056640625,140752200,0.0,0.0,yfinance_raw_daily
2022-09-21,4575.0,4637.5,4550.0,4637.5,3434.0263671875,71044400,0.0,0.0,yfinance_raw_daily
2022-09-22,4637.5,4650.0,4587.5,4600.0,3406.258056640625,96479200,0.0,0.0,yfinance_raw_daily
2022-09-23,4600.0,4625.0,4575.0,4600.0,3406.258056640625,61877000,0.0,0.0,yfinance_raw_daily
2022-09-26,4562.5,4687.5,4475.0,4625.0,3424.7705078125,133769600,0.0,0.0,yfinance_raw_daily
2022-09-27,4625.0,4675.0,4600.0,4675.0,3461.794677734375,130959400,0.0,0.0,yfinance_raw_daily
2022-09-28,4725.0,4800.0,4637.5,4650.0,3443.28271484375,133085000,0.0,0.0,yfinance_raw_daily
2022-09-29,4675.0,4687.5,4600.0,4625.0,3424.7705078125,67945200,0.0,0.0,yfinance_raw_daily
2022-09-30,4650.0,4712.5,4612.5,4712.5,3489.563232421875,113501000,0.0,0.0,yfinance_raw_daily
2022-10-03,4662.5,4687.5,4612.5,4637.5,3434.0263671875,54662400,0.0,0.0,yfinance_raw_daily
2022-10-04,4650.0,4687.5,4612.5,4612.5,3415.51416015625,90247000,0.0,0.0,yfinance_raw_daily
2022-10-05,4650.0,4737.5,4637.5,4637.5,3434.0263671875,75891600,0.0,0.0,yfinance_raw_daily
2022-10-06,4650.0,4662.5,4612.5,4662.5,3452.538818359375,43279200,0.0,0.0,yfinance_raw_daily
2022-10-07,4662.5,4712.5,4637.5,4712.5,3489.563232421875,51267000,0.0,0.0,yfinance_raw_daily
2022-10-10,4687.5,4700.0,4637.5,4650.0,3443.28271484375,55465000,0.0,0.0,yfinance_raw_daily
2022-10-11,4712.5,4712.5,4625.0,4650.0,3443.28271484375,71925600,0.0,0.0,yfinance_raw_daily
2022-10-12,4687.5,4750.0,4650.0,4712.5,3489.563232421875,118731400,0.0,0.0,yfinance_raw_daily
2022-10-13,4750.0,4775.0,4662.5,4737.5,3508.075439453125,58832000,0.0,0.0,yfinance_raw_daily
2022-10-14,4825.0,4825.0,4687.5,4700.0,3480.307373046875,106401600,0.0,0.0,yfinance_raw_daily
2022-10-17,4725.0,4737.5,4650.0,4725.0,3498.819580078125,60905200,0.0,0.0,yfinance_raw_daily
2022-10-18,4750.0,4787.5,4725.0,4750.0,3517.33154296875,67904400,0.0,0.0,yfinance_raw_daily
2022-10-19,4687.5,4787.5,4662.5,4737.5,3508.075439453125,71544800,0.0,0.0,yfinance_raw_daily
2022-10-20,4675.0,4962.5,4675.0,4950.0,3665.4296875,102422400,0.0,0.0,yfinance_raw_daily
2022-10-21,5000.0,5225.0,4962.5,5175.0,3832.04052734375,183987800,0.0,0.0,yfinance_raw_daily
2022-10-24,5162.5,5250.0,5125.0,5125.0,3795.015869140625,102168000,0.0,0.0,yfinance_raw_daily
2022-10-25,5137.5,5225.0,5112.5,5112.5,3785.759765625,83305200,0.0,0.0,yfinance_raw_daily
2022-10-26,5112.5,5125.0,5000.0,5100.0,3776.5029296875,80531400,0.0,0.0,yfinance_raw_daily
2022-10-27,5100.0,5162.5,5025.0,5100.0,3776.5029296875,84531200,0.0,0.0,yfinance_raw_daily
2022-10-28,5062.5,5112.5,5050.0,5100.0,3776.5029296875,102437400,0.0,0.0,yfinance_raw_daily
2022-10-31,5150.0,5275.0,5112.5,5275.0,3906.089599609375,173874600,0.0,0.0,yfinance_raw_daily
2022-11-01,5300.0,5300.0,5112.5,5200.0,3850.55224609375,111898000,0.0,0.0,yfinance_raw_daily
2022-11-02,5187.5,5200.0,4987.5,5037.5,3730.222900390625,127515400,0.0,0.0,yfinance_raw_daily
2022-11-03,4975.0,5100.0,4975.0,5087.5,3767.247314453125,119598600,0.0,0.0,yfinance_raw_daily
2022-11-04,5012.5,5075.0,5000.0,5075.0,3757.991455078125,70781200,0.0,0.0,yfinance_raw_daily
2022-11-07,5087.5,5125.0,5000.0,5125.0,3795.015869140625,98034400,0.0,0.0,yfinance_raw_daily
2022-11-08,5137.5,5137.5,5037.5,5075.0,3757.991455078125,39585800,0.0,0.0,yfinance_raw_daily
2022-11-09,5025.0,5075.0,5025.0,5075.0,3757.991455078125,68010400,0.0,0.0,yfinance_raw_daily
2022-11-10,5025.0,5075.0,5000.0,5050.0,3739.47900390625,61964000,0.0,0.0,yfinance_raw_daily
2022-11-11,5150.0,5225.0,5112.5,5212.5,3859.808837890625,102008200,0.0,0.0,yfinance_raw_daily
2022-11-14,5275.0,5275.0,5075.0,5125.0,3795.015869140625,61055200,0.0,0.0,yfinance_raw_daily
2022-11-15,5150.0,5150.0,5050.0,5125.0,3795.015869140625,83000800,0.0,0.0,yfinance_raw_daily
2022-11-16,5050.0,5087.5,4950.0,5000.0,3702.45458984375,128257800,0.0,0.0,yfinance_raw_daily
2022-11-17,4925.0,5012.5,4925.0,4950.0,3665.4296875,167562600,0.0,0.0,yfinance_raw_daily
2022-11-18,4975.0,5112.5,4962.5,5087.5,3767.247314453125,111646200,0.0,0.0,yfinance_raw_daily
2022-11-21,5087.5,5100.0,5012.5,5050.0,3739.47900390625,52311600,0.0,0.0,yfinance_raw_daily
2022-11-22,5025.0,5125.0,5025.0,5062.5,3748.7353515625,79850600,0.0,0.0,yfinance_raw_daily
2022-11-23,5062.5,5150.0,5062.5,5100.0,3776.5029296875,78250600,0.0,0.0,yfinance_raw_daily
2022-11-24,5112.5,5150.0,5100.0,5112.5,3785.759765625,59701400,0.0,0.0,yfinance_raw_daily
2022-11-25,5112.5,5112.5,5050.0,5087.5,3767.247314453125,77984800,0.0,0.0,yfinance_raw_daily
2022-11-28,5087.5,5137.5,5062.5,5062.5,3748.7353515625,64779000,0.0,0.0,yfinance_raw_daily
2022-11-29,5125.0,5225.0,5100.0,5162.5,3822.783935546875,72261000,0.0,0.0,yfinance_raw_daily
2022-11-30,5162.5,5400.0,5162.5,5262.5,3896.8330078125,347136800,0.0,0.0,yfinance_raw_daily
2022-12-01,5262.5,5325.0,5200.0,5200.0,3850.55224609375,141493000,0.0,0.0,yfinance_raw_daily
2022-12-02,5200.0,5262.5,5162.5,5262.5,3896.8330078125,70811400,0.0,0.0,yfinance_raw_daily
2022-12-05,5325.0,5500.0,5287.5,5437.5,4026.418701171875,146472800,0.0,0.0,yfinance_raw_daily
2022-12-06,5437.5,5500.0,5362.5,5450.0,4035.675537109375,139360200,0.0,0.0,yfinance_raw_daily
2022-12-07,5312.5,5350.0,5187.5,5187.5,3841.29638671875,200886200,0.0,0.0,yfinance_raw_daily
2022-12-08,5037.5,5112.5,4987.5,5025.0,3720.966796875,279908400,0.0,0.0,yfinance_raw_daily
2022-12-09,4975.0,5025.0,4912.5,4962.5,3674.68603515625,241338200,0.0,0.0,yfinance_raw_daily
2022-12-12,4912.5,5000.0,4887.5,4975.0,3683.942138671875,183717600,0.0,0.0,yfinance_raw_daily
2022-12-13,4887.5,5000.0,4887.5,4950.0,3665.4296875,224176000,0.0,0.0,yfinance_raw_daily
2022-12-14,5037.5,5050.0,4975.0,4975.0,3683.942138671875,162689200,0.0,0.0,yfinance_raw_daily
2022-12-15,4950.0,5012.5,4950.0,4950.0,3665.4296875,82673400,0.0,0.0,yfinance_raw_daily
2022-12-16,4912.5,5050.0,4912.5,5050.0,3739.47900390625,770252400,0.0,0.0,yfinance_raw_daily
2022-12-19,5000.0,5037.5,4950.0,5000.0,3702.45458984375,100871400,0.0,0.0,yfinance_raw_daily
2022-12-20,5000.0,5025.0,4975.0,5025.0,3720.966796875,56633800,0.0,0.0,yfinance_raw_daily
2022-12-21,5062.5,5062.5,5000.0,5000.0,3702.45458984375,37945200,0.0,0.0,yfinance_raw_daily
2022-12-22,5050.0,5050.0,4975.0,4975.0,3683.942138671875,78836200,0.0,0.0,yfinance_raw_daily
2022-12-23,4950.0,5000.0,4950.0,4962.5,3674.68603515625,38571200,0.0,0.0,yfinance_raw_daily
2022-12-26,4987.5,5025.0,4975.0,5025.0,3720.966796875,19578800,0.0,0.0,yfinance_raw_daily
2022-12-27,5025.0,5025.0,4937.5,4975.0,3683.942138671875,43282000,0.0,0.0,yfinance_raw_daily
2022-12-28,5000.0,5000.0,4925.0,4987.5,3693.197998046875,30258400,0.0,0.0,yfinance_raw_daily
2022-12-29,4950.0,4987.5,4937.5,4987.5,3693.197998046875,56981400,0.0,0.0,yfinance_raw_daily
2022-12-30,5000.0,5025.0,4962.5,4962.5,3674.68603515625,40655800,0.0,0.0,yfinance_raw_daily
2023-01-02,4962.5,4987.5,4937.5,4937.5,3656.173583984375,5985400,0.0,0.0,yfinance_raw_daily
2023-01-03,4925.0,4987.5,4925.0,4975.0,3683.942138671875,13815200,0.0,0.0,yfinance_raw_daily
2023-01-04,5012.5,5037.5,4987.5,5012.5,3711.71044921875,38575800,0.0,0.0,yfinance_raw_daily
2023-01-05,5025.0,5025.0,4862.5,4912.5,3637.66162109375,84945800,0.0,0.0,yfinance_raw_daily
2023-01-06,4862.5,4900.0,4800.0,4900.0,3628.405517578125,44097000,0.0,0.0,yfinance_raw_daily
2023-01-09,4875.0,4925.0,4800.0,4862.5,3600.63671875,67250600,0.0,0.0,yfinance_raw_daily
2023-01-10,4750.0,4775.0,4587.5,4637.5,3434.0263671875,214538800,0.0,0.0,yfinance_raw_daily
2023-01-11,4537.5,4587.5,4450.0,4475.0,3313.697021484375,193915000,0.0,0.0,yfinance_raw_daily
2023-01-12,4500.0,4725.0,4500.0,4600.0,3406.258056640625,219659400,0.0,0.0,yfinance_raw_daily
2023-01-13,4562.5,4612.5,4525.0,4587.5,3397.002197265625,107483800,0.0,0.0,yfinance_raw_daily
2023-01-16,4550.0,4675.0,4550.0,4650.0,3443.28271484375,145710000,0.0,0.0,yfinance_raw_daily
2023-01-17,4700.0,4912.5,4687.5,4875.0,3609.892822265625,146238000,0.0,0.0,yfinance_raw_daily
2023-01-18,4825.0,4887.5,4750.0,4775.0,3535.843994140625,95360600,0.0,0.0,yfinance_raw_daily
2023-01-19,4800.0,4912.5,4762.5,4875.0,3609.892822265625,81704200,0.0,0.0,yfinance_raw_daily
2023-01-20,4925.0,5000.0,4900.0,4987.5,3693.197998046875,93227400,0.0,0.0,yfinance_raw_daily
2023-01-24,4925.0,4987.5,4900.0,4950.0,3665.4296875,35028000,0.0,0.0,yfinance_raw_daily
2023-01-25,4900.0,4925.0,4850.0,4850.0,3591.380859375,72767800,0.0,0.0,yfinance_raw_daily
2023-01-26,4887.5,4937.5,4875.0,4912.5,3637.66162109375,70558600,0.0,0.0,yfinance_raw_daily
2023-01-27,4950.0,5075.0,4950.0,5012.5,3711.71044921875,216788400,0.0,0.0,yfinance_raw_daily
2023-01-30,5012.5,5062.5,4937.5,4975.0,3683.942138671875,82589400,0.0,0.0,yfinance_raw_daily
2023-01-31,5012.5,5050.0,4937.5,4975.0,3683.942138671875,167297000,0.0,0.0,yfinance_raw_daily
2023-02-01,4975.0,5025.0,4837.5,4850.0,3591.380859375,165628800,0.0,0.0,yfinance_raw_daily
2023-02-02,4862.5,4875.0,4787.5,4862.5,3600.63671875,99351800,0.0,0.0,yfinance_raw_daily
2023-02-03,4875.0,4975.0,4875.0,4962.5,3674.68603515625,108125400,0.0,0.0,yfinance_raw_daily
2023-02-06,4962.5,5025.0,4875.0,4937.5,3656.173583984375,109098400,0.0,0.0,yfinance_raw_daily
2023-02-07,4975.0,5112.5,4950.0,5087.5,3767.247314453125,118132000,0.0,0.0,yfinance_raw_daily
2023-02-08,5062.5,5112.5,5050.0,5100.0,3776.5029296875,75656000,0.0,0.0,yfinance_raw_daily
2023-02-09,5150.0,5200.0,5125.0,5125.0,3795.015869140625,121757400,0.0,0.0,yfinance_raw_daily
2023-02-10,5225.0,5225.0,5075.0,5150.0,3813.528076171875,81114600,0.0,0.0,yfinance_raw_daily
2023-02-13,5275.0,5275.0,5125.0,5175.0,3832.04052734375,56771800,0.0,0.0,yfinance_raw_daily
2023-02-14,5225.0,5225.0,5137.5,5187.5,3841.29638671875,39570600,0.0,0.0,yfinance_raw_daily
2023-02-15,5150.0,5175.0,5050.0,5112.5,3785.759765625,75595200,0.0,0.0,yfinance_raw_daily
2023-02-16,5112.5,5137.5,5062.5,5087.5,3767.247314453125,49569000,0.0,0.0,yfinance_raw_daily
2023-02-17,5087.5,5150.0,5050.0,5150.0,3813.528076171875,58521000,0.0,0.0,yfinance_raw_daily
2023-02-20,5150.0,5150.0,5100.0,5137.5,3804.272216796875,40696400,0.0,0.0,yfinance_raw_daily
2023-02-21,5150.0,5150.0,5087.5,5100.0,3776.5029296875,52604400,0.0,0.0,yfinance_raw_daily
2023-02-22,5062.5,5087.5,4975.0,5000.0,3702.45458984375,75513400,0.0,0.0,yfinance_raw_daily
2023-02-23,4987.5,5050.0,4962.5,5037.5,3730.222900390625,177505200,0.0,0.0,yfinance_raw_daily
2023-02-24,5062.5,5112.5,5037.5,5062.5,3748.7353515625,54138200,0.0,0.0,yfinance_raw_daily
2023-02-27,5037.5,5075.0,5025.0,5075.0,3757.991455078125,47901800,0.0,0.0,yfinance_raw_daily
2023-02-28,5037.5,5075.0,5000.0,5000.0,3702.45458984375,146440400,0.0,0.0,yfinance_raw_daily
2023-03-01,5075.0,5100.0,5025.0,5050.0,3739.47900390625,89565600,0.0,0.0,yfinance_raw_daily
2023-03-02,5075.0,5150.0,5075.0,5112.5,3785.759765625,72991800,0.0,0.0,yfinance_raw_daily
2023-03-03,5100.0,5125.0,5012.5,5025.0,3720.966796875,88630600,0.0,0.0,yfinance_raw_daily
2023-03-06,5087.5,5112.5,5037.5,5062.5,3748.7353515625,53728800,0.0,0.0,yfinance_raw_daily
2023-03-07,5075.0,5137.5,5062.5,5087.5,3767.247314453125,80065800,0.0,0.0,yfinance_raw_daily
2023-03-08,5125.0,5137.5,5087.5,5137.5,3804.272216796875,104838200,0.0,0.0,yfinance_raw_daily
2023-03-09,5200.0,5250.0,5175.0,5225.0,3869.064697265625,83286000,0.0,0.0,yfinance_raw_daily
2023-03-10,5212.5,5212.5,5137.5,5187.5,3841.29638671875,107531000,0.0,0.0,yfinance_raw_daily
2023-03-13,5137.5,5187.5,5112.5,5175.0,3832.04052734375,92827600,0.0,0.0,yfinance_raw_daily
2023-03-14,5100.0,5137.5,4925.0,4962.5,3674.68603515625,191898400,0.0,0.0,yfinance_raw_daily
2023-03-15,5025.0,5087.5,4925.0,5025.0,3720.966796875,262828600,0.0,0.0,yfinance_raw_daily
2023-03-16,5037.5,5037.5,4912.5,4925.0,3646.917236328125,135467400,0.0,0.0,yfinance_raw_daily
2023-03-17,4975.0,5062.5,4962.5,5050.0,3739.47900390625,224171600,0.0,0.0,yfinance_raw_daily
2023-03-20,5025.0,5050.0,5000.0,5000.0,3702.45458984375,46333000,0.0,0.0,yfinance_raw_daily
2023-03-21,5050.0,5250.0,5037.5,5250.0,3887.5771484375,131331000,0.0,0.0,yfinance_raw_daily
2023-03-24,5312.5,5475.0,5287.5,5450.0,4035.675537109375,222156200,0.0,0.0,yfinance_raw_daily
2023-03-27,5200.0,5212.5,5100.0,5100.0,3969.262451171875,151825600,264.6684,0.0,yfinance_raw_daily
2023-03-28,5100.0,5137.5,5050.0,5062.5,3940.076904296875,103951000,0.0,0.0,yfinance_raw_daily
2023-03-29,5125.0,5187.5,5100.0,5175.0,4027.634765625,107454600,0.0,0.0,yfinance_raw_daily
2023-03-30,5175.0,5200.0,5112.5,5112.5,3978.991455078125,97186200,0.0,0.0,yfinance_raw_daily
2023-03-31,5137.5,5162.5,5100.0,5162.5,4017.90576171875,92013200,0.0,0.0,yfinance_raw_daily
2023-04-03,5200.0,5262.5,5200.0,5262.5,4095.734130859375,101724400,0.0,2.0,yfinance_raw_daily
2023-04-04,5250.0,5300.0,5100.0,5200.0,4047.091552734375,94482600,0.0,2.0,yfinance_raw_daily
2023-04-05,5150.0,5250.0,5150.0,5225.0,4066.548583984375,42655500,0.0,0.0,yfinance_raw_daily
2023-04-06,5225.0,5225.0,5150.0,5175.0,4027.634765625,47999400,0.0,0.0,yfinance_raw_daily
2023-04-10,5150.0,5175.0,5050.0,5100.0,3969.262451171875,74787800,0.0,0.0,yfinance_raw_daily
2023-04-11,5100.0,5100.0,5050.0,5100.0,3969.262451171875,37744800,0.0,0.0,yfinance_raw_daily
2023-04-12,5100.0,5225.0,5100.0,5150.0,4008.17724609375,111901500,0.0,0.0,yfinance_raw_daily
2023-04-13,5175.0,5200.0,5125.0,5125.0,3988.72021484375,67928500,0.0,0.0,yfinance_raw_daily
2023-04-14,5150.0,5250.0,5150.0,5225.0,4066.548583984375,142479800,0.0,0.0,yfinance_raw_daily
2023-04-17,5225.0,5250.0,5125.0,5125.0,3988.72021484375,95789900,0.0,0.0,yfinance_raw_daily
2023-04-18,5150.0,5250.0,5125.0,5175.0,4027.634765625,106962300,0.0,0.0,yfinance_raw_daily
2023-04-26,5400.0,5425.0,5175.0,5200.0,4047.091552734375,207338000,0.0,0.0,yfinance_raw_daily
2023-04-27,5175.0,5225.0,5175.0,5200.0,4047.091552734375,51076300,0.0,0.0,yfinance_raw_daily
2023-04-28,5225.0,5225.0,5150.0,5175.0,4027.634765625,116957800,0.0,0.0,yfinance_raw_daily
2023-05-02,5250.0,5250.0,5175.0,5250.0,4086.005615234375,98024100,0.0,0.0,yfinance_raw_daily
2023-05-03,5250.0,5250.0,5150.0,5225.0,4066.548583984375,110683000,0.0,0.0,yfinance_raw_daily
2023-05-04,5175.0,5225.0,5125.0,5175.0,4027.634765625,100945900,0.0,0.0,yfinance_raw_daily
2023-05-05,5175.0,5200.0,5125.0,5175.0,4027.634765625,64499500,0.0,0.0,yfinance_raw_daily
2023-05-08,5175.0,5200.0,5125.0,5125.0,3988.72021484375,64678000,0.0,0.0,yfinance_raw_daily
2023-05-09,5100.0,5125.0,5050.0,5050.0,3930.348876953125,93531000,0.0,0.0,yfinance_raw_daily
2023-05-10,5050.0,5125.0,5050.0,5075.0,3949.805419921875,58148200,0.0,0.0,yfinance_raw_daily
2023-05-11,5075.0,5100.0,5025.0,5100.0,3969.262451171875,63262300,0.0,0.0,yfinance_raw_daily
2023-05-12,5075.0,5075.0,5000.0,5000.0,3891.4345703125,105407300,0.0,0.0,yfinance_raw_daily
2023-05-15,5050.0,5050.0,5000.0,5050.0,3930.348876953125,76451700,0.0,0.0,yfinance_raw_daily
2023-05-16,5075.0,5075.0,4980.0,4990.0,3883.6513671875,42752200,0.0,0.0,yfinance_raw_daily
2023-05-17,4990.0,5075.0,4980.0,5000.0,3891.4345703125,63396700,0.0,0.0,yfinance_raw_daily
2023-05-19,5075.0,5100.0,5025.0,5075.0,3949.805419921875,78499800,0.0,0.0,yfinance_raw_daily
2023-05-22,5100.0,5250.0,5075.0,5225.0,4066.548583984375,120027200,0.0,0.0,yfinance_raw_daily
2023-05-23,5200.0,5250.0,5100.0,5125.0,3988.72021484375,165534100,0.0,0.0,yfinance_raw_daily
2023-05-24,5125.0,5150.0,5050.0,5075.0,3949.805419921875,125575300,0.0,0.0,yfinance_raw_daily
2023-05-25,5050.0,5175.0,5050.0,5175.0,4027.634765625,76424100,0.0,0.0,yfinance_raw_daily
2023-05-26,5175.0,5200.0,5100.0,5125.0,3988.72021484375,42313700,0.0,0.0,yfinance_raw_daily
2023-05-29,5175.0,5175.0,5100.0,5150.0,4008.17724609375,60646900,0.0,0.0,yfinance_raw_daily
2023-05-30,5100.0,5200.0,5100.0,5150.0,4008.17724609375,49086100,0.0,0.0,yfinance_raw_daily
2023-05-31,5175.0,5200.0,5050.0,5050.0,3930.348876953125,393735900,0.0,0.0,yfinance_raw_daily
2023-06-05,5100.0,5150.0,5075.0,5075.0,3949.805419921875,149191300,0.0,0.0,yfinance_raw_daily
2023-06-06,5050.0,5100.0,4950.0,5050.0,3930.348876953125,244590500,0.0,0.0,yfinance_raw_daily
2023-06-07,5000.0,5075.0,5000.0,5025.0,3910.89111328125,130408700,0.0,0.0,yfinance_raw_daily
2023-06-08,5000.0,5075.0,5000.0,5025.0,3910.89111328125,173484200,0.0,0.0,yfinance_raw_daily
2023-06-09,5025.0,5125.0,5000.0,5125.0,3988.72021484375,150849200,0.0,0.0,yfinance_raw_daily
2023-06-12,5100.0,5125.0,5050.0,5100.0,3969.262451171875,91080300,0.0,0.0,yfinance_raw_daily
2023-06-13,5100.0,5175.0,5050.0,5100.0,3969.262451171875,143804700,0.0,0.0,yfinance_raw_daily
2023-06-14,5125.0,5150.0,5050.0,5050.0,3930.348876953125,96670300,0.0,0.0,yfinance_raw_daily
2023-06-15,5050.0,5150.0,5050.0,5125.0,3988.72021484375,94097900,0.0,0.0,yfinance_raw_daily
2023-06-16,5125.0,5150.0,5075.0,5150.0,4008.17724609375,103942500,0.0,0.0,yfinance_raw_daily
2023-06-19,5100.0,5150.0,5100.0,5125.0,3988.72021484375,36211300,0.0,0.0,yfinance_raw_daily
2023-06-20,5100.0,5125.0,5050.0,5100.0,3969.262451171875,44316800,0.0,0.0,yfinance_raw_daily
2023-06-21,5050.0,5100.0,5050.0,5100.0,3969.262451171875,58061600,0.0,0.0,yfinance_raw_daily
2023-06-22,5100.0,5150.0,5075.0,5075.0,3949.805419921875,60457300,0.0,0.0,yfinance_raw_daily
2023-06-23,5075.0,5125.0,5050.0,5075.0,3949.805419921875,47276900,0.0,0.0,yfinance_raw_daily
2023-06-26,5100.0,5175.0,5075.0,5125.0,3988.72021484375,74263700,0.0,0.0,yfinance_raw_daily
2023-06-27,5175.0,5250.0,5150.0,5200.0,4047.091552734375,101592900,0.0,0.0,yfinance_raw_daily
2023-07-03,5125.0,5350.0,5125.0,5350.0,4163.83447265625,227354700,0.0,0.0,yfinance_raw_daily
2023-07-04,5400.0,5400.0,5225.0,5250.0,4086.005615234375,119841200,0.0,0.0,yfinance_raw_daily
2023-07-05,5300.0,5325.0,5250.0,5275.0,4105.46337890625,78430000,0.0,0.0,yfinance_raw_daily
2023-07-06,5300.0,5350.0,5250.0,5300.0,4124.92041015625,90981000,0.0,0.0,yfinance_raw_daily
2023-07-07,5275.0,5300.0,5150.0,5150.0,4008.17724609375,128515100,0.0,0.0,yfinance_raw_daily
2023-07-10,5175.0,5225.0,5150.0,5175.0,4027.634765625,82685700,0.0,0.0,yfinance_raw_daily
2023-07-11,5200.0,5300.0,5175.0,5275.0,4105.46337890625,100578900,0.0,0.0,yfinance_raw_daily
2023-07-12,5300.0,5375.0,5250.0,5300.0,4124.92041015625,123947700,0.0,0.0,yfinance_raw_daily
2023-07-13,5375.0,5375.0,5275.0,5350.0,4163.83447265625,101281200,0.0,0.0,yfinance_raw_daily
2023-07-14,5400.0,5425.0,5350.0,5400.0,4202.7490234375,122343600,0.0,0.0,yfinance_raw_daily
2023-07-17,5425.0,5475.0,5375.0,5375.0,4183.29150390625,99897600,0.0,0.0,yfinance_raw_daily
2023-07-18,5375.0,5425.0,5300.0,5350.0,4163.83447265625,65073800,0.0,0.0,yfinance_raw_daily
2023-07-20,5400.0,5550.0,5400.0,5525.0,4300.03466796875,132054000,0.0,0.0,yfinance_raw_daily
2023-07-21,5550.0,5575.0,5450.0,5550.0,4319.49169921875,111275700,0.0,0.0,yfinance_raw_daily
2023-07-24,5550.0,5625.0,5500.0,5500.0,4280.57763671875,54865000,0.0,0.0,yfinance_raw_daily
2023-07-25,5550.0,5575.0,5500.0,5550.0,4319.49169921875,65237300,0.0,0.0,yfinance_raw_daily
2023-07-26,5550.0,5600.0,5525.0,5575.0,4338.94970703125,88526700,0.0,0.0,yfinance_raw_daily
2023-07-27,5575.0,5700.0,5575.0,5625.0,4377.86328125,86556200,0.0,0.0,yfinance_raw_daily
2023-07-28,5625.0,5725.0,5625.0,5700.0,4436.23486328125,121968500,0.0,0.0,yfinance_raw_daily
2023-07-31,5800.0,5800.0,5625.0,5725.0,4455.6923828125,189375700,0.0,0.0,yfinance_raw_daily
2023-08-01,5650.0,5725.0,5600.0,5650.0,4397.3203125,114702500,0.0,0.0,yfinance_raw_daily
2023-08-02,5625.0,5750.0,5600.0,5700.0,4436.23486328125,133546200,0.0,0.0,yfinance_raw_daily
2023-08-03,5725.0,5825.0,5700.0,5800.0,4514.06396484375,68587500,0.0,0.0,yfinance_raw_daily
2023-08-04,5800.0,5825.0,5750.0,5775.0,4494.6064453125,47144200,0.0,0.0,yfinance_raw_daily
2023-08-07,5850.0,5925.0,5825.0,5875.0,4572.4345703125,104342100,0.0,0.0,yfinance_raw_daily
2023-08-08,5900.0,5950.0,5875.0,5900.0,4591.892578125,66473200,0.0,0.0,yfinance_raw_daily
2023-08-09,5900.0,5950.0,5850.0,5900.0,4591.892578125,64495400,0.0,0.0,yfinance_raw_daily
2023-08-10,5925.0,6000.0,5900.0,5975.0,4650.26416015625,78859600,0.0,0.0,yfinance_raw_daily
2023-08-11,5975.0,6025.0,5900.0,5925.0,4611.349609375,46568600,0.0,0.0,yfinance_raw_daily
2023-08-14,5925.0,5950.0,5800.0,5950.0,4630.806640625,86460500,0.0,0.0,yfinance_raw_daily
2023-08-15,5900.0,5925.0,5800.0,5800.0,4514.06396484375,116815700,0.0,0.0,yfinance_raw_daily
2023-08-16,5775.0,5800.0,5675.0,5800.0,4514.06396484375,163744100,0.0,0.0,yfinance_raw_daily
2023-08-18,5725.0,5825.0,5725.0,5775.0,4494.6064453125,104894600,0.0,0.0,yfinance_raw_daily
2023-08-21,5800.0,5875.0,5800.0,5825.0,4533.5205078125,61845800,0.0,0.0,yfinance_raw_daily
2023-08-22,5800.0,5950.0,5800.0,5950.0,4630.806640625,93617200,0.0,0.0,yfinance_raw_daily
2023-08-23,5950.0,5950.0,5850.0,5850.0,4552.97802734375,40844700,0.0,0.0,yfinance_raw_daily
2023-08-24,5900.0,5950.0,5875.0,5950.0,4630.806640625,42648300,0.0,0.0,yfinance_raw_daily
2023-08-25,5900.0,5925.0,5825.0,5900.0,4591.892578125,65093100,0.0,0.0,yfinance_raw_daily
2023-08-28,5950.0,6025.0,5900.0,6000.0,4669.72119140625,63980400,0.0,0.0,yfinance_raw_daily
2023-08-29,6000.0,6025.0,5950.0,5950.0,4630.806640625,50839300,0.0,0.0,yfinance_raw_daily
2023-08-30,5925.0,6100.0,5925.0,5975.0,4650.26416015625,65727400,0.0,0.0,yfinance_raw_daily
2023-08-31,6000.0,6075.0,5900.0,6025.0,4689.177734375,159062900,0.0,0.0,yfinance_raw_daily
2023-09-01,6075.0,6125.0,6050.0,6075.0,4728.0927734375,50796000,0.0,0.0,yfinance_raw_daily
2023-09-04,6075.0,6150.0,6050.0,6100.0,4747.5498046875,56317700,0.0,0.0,yfinance_raw_daily
2023-09-05,6100.0,6150.0,6075.0,6100.0,4747.5498046875,24893100,0.0,0.0,yfinance_raw_daily
2023-09-06,6050.0,6125.0,6050.0,6050.0,4708.63525390625,40547800,0.0,0.0,yfinance_raw_daily
2023-09-07,6000.0,6025.0,5825.0,5875.0,4572.4345703125,124351400,0.0,0.0,yfinance_raw_daily
2023-09-08,5900.0,5925.0,5775.0,5900.0,4591.892578125,81980400,0.0,0.0,yfinance_raw_daily
2023-09-11,5900.0,5925.0,5825.0,5925.0,4611.349609375,74510600,0.0,0.0,yfinance_raw_daily
2023-09-12,5950.0,5950.0,5850.0,5875.0,4572.4345703125,54076800,0.0,0.0,yfinance_raw_daily
2023-09-13,5825.0,5850.0,5775.0,5850.0,4552.97802734375,69884000,0.0,0.0,yfinance_raw_daily
2023-09-14,5825.0,5875.0,5775.0,5825.0,4533.5205078125,59132600,0.0,0.0,yfinance_raw_daily
2023-09-15,5900.0,5975.0,5850.0,5925.0,4611.349609375,165106200,0.0,0.0,yfinance_raw_daily
2023-09-18,5900.0,5950.0,5875.0,5900.0,4591.892578125,53450400,0.0,0.0,yfinance_raw_daily
2023-09-19,5900.0,6075.0,5875.0,6000.0,4669.72119140625,84608400,0.0,0.0,yfinance_raw_daily
2023-09-20,6100.0,6125.0,6050.0,6075.0,4728.0927734375,64864900,0.0,0.0,yfinance_raw_daily
2023-09-21,6050.0,6075.0,5975.0,6000.0,4669.72119140625,60535000,0.0,0.0,yfinance_raw_daily
2023-09-22,6000.0,6050.0,5975.0,6000.0,4669.72119140625,51069900,0.0,0.0,yfinance_raw_daily
2023-09-25,6000.0,6050.0,5975.0,6000.0,4669.72119140625,40650900,0.0,0.0,yfinance_raw_daily
2023-09-26,5975.0,6000.0,5850.0,5925.0,4611.349609375,109786400,0.0,0.0,yfinance_raw_daily
2023-09-27,5925.0,6050.0,5900.0,6000.0,4669.72119140625,75050600,0.0,0.0,yfinance_raw_daily
2023-09-29,6050.0,6050.0,6000.0,6025.0,4689.177734375,71554100,0.0,0.0,yfinance_raw_daily
2023-10-02,6025.0,6100.0,6025.0,6050.0,4708.63525390625,33296500,0.0,0.0,yfinance_raw_daily
2023-10-03,6000.0,6075.0,6000.0,6075.0,4728.0927734375,37093100,0.0,0.0,yfinance_raw_daily
2023-10-04,6075.0,6125.0,5975.0,6125.0,4767.00732421875,69154000,0.0,0.0,yfinance_raw_daily
2023-10-05,6150.0,6200.0,6100.0,6125.0,4767.00732421875,69566800,0.0,0.0,yfinance_raw_daily
2023-10-06,6150.0,6150.0,6025.0,6025.0,4689.177734375,25913600,0.0,0.0,yfinance_raw_daily
2023-10-09,6025.0,6050.0,5900.0,5900.0,4591.892578125,45321700,0.0,0.0,yfinance_raw_daily
2023-10-10,5900.0,6075.0,5900.0,6000.0,4669.72119140625,42820800,0.0,0.0,yfinance_raw_daily
2023-10-11,5950.0,6175.0,5950.0,6050.0,4708.63525390625,72955000,0.0,0.0,yfinance_raw_daily
2023-10-12,6075.0,6175.0,6050.0,6075.0,4728.0927734375,91341800,0.0,0.0,yfinance_raw_daily
2023-10-13,6075.0,6150.0,6025.0,6075.0,4728.0927734375,39914700,0.0,0.0,yfinance_raw_daily
2023-10-16,6025.0,6075.0,5975.0,6025.0,4689.177734375,53416400,0.0,0.0,yfinance_raw_daily
2023-10-17,6000.0,6025.0,5925.0,6000.0,4669.72119140625,74702300,0.0,0.0,yfinance_raw_daily
2023-10-18,5925.0,5950.0,5825.0,5850.0,4552.97802734375,80637400,0.0,0.0,yfinance_raw_daily
2023-10-19,5775.0,5800.0,5700.0,5725.0,4455.6923828125,160277800,0.0,0.0,yfinance_raw_daily
2023-10-20,5675.0,5800.0,5650.0,5750.0,4475.1494140625,82132000,0.0,0.0,yfinance_raw_daily
2023-10-23,5700.0,5725.0,5625.0,5675.0,4416.77783203125,73897500,0.0,0.0,yfinance_raw_daily
2023-10-24,5700.0,5800.0,5675.0,5750.0,4475.1494140625,72469200,0.0,0.0,yfinance_raw_daily
2023-10-25,5825.0,5900.0,5775.0,5850.0,4552.97802734375,90426500,0.0,0.0,yfinance_raw_daily
2023-10-26,5800.0,5850.0,5700.0,5700.0,4436.23486328125,86348700,0.0,0.0,yfinance_raw_daily
2023-10-27,5750.0,5775.0,5700.0,5700.0,4436.23486328125,90177000,0.0,0.0,yfinance_raw_daily
2023-10-30,5700.0,5725.0,5625.0,5725.0,4455.6923828125,81547000,0.0,0.0,yfinance_raw_daily
2023-10-31,5800.0,5850.0,5650.0,5675.0,4416.77783203125,99449400,0.0,0.0,yfinance_raw_daily
2023-11-01,5700.0,5700.0,5625.0,5650.0,4397.3203125,74281200,0.0,0.0,yfinance_raw_daily
2023-11-02,5750.0,5925.0,5725.0,5900.0,4591.892578125,115678200,0.0,0.0,yfinance_raw_daily
2023-11-03,5925.0,5975.0,5825.0,5825.0,4533.5205078125,53379500,0.0,0.0,yfinance_raw_daily
2023-11-06,5900.0,5925.0,5850.0,5925.0,4611.349609375,58266100,0.0,0.0,yfinance_raw_daily
2023-11-07,5950.0,5975.0,5800.0,5875.0,4572.4345703125,56161300,0.0,0.0,yfinance_raw_daily
2023-11-08,5775.0,5850.0,5725.0,5850.0,4552.97802734375,63442400,0.0,0.0,yfinance_raw_daily
2023-11-09,5825.0,5900.0,5800.0,5875.0,4572.4345703125,45026200,0.0,0.0,yfinance_raw_daily
2023-11-10,5850.0,5850.0,5775.0,5775.0,4494.6064453125,59611500,0.0,0.0,yfinance_raw_daily
2023-11-13,5850.0,5850.0,5800.0,5825.0,4533.5205078125,17444600,0.0,0.0,yfinance_raw_daily
2023-11-14,5825.0,5900.0,5800.0,5825.0,4533.5205078125,50587800,0.0,0.0,yfinance_raw_daily
2023-11-15,5900.0,5975.0,5875.0,5925.0,4611.349609375,74255700,0.0,0.0,yfinance_raw_daily
2023-11-16,5850.0,5925.0,5825.0,5925.0,4611.349609375,36004500,0.0,0.0,yfinance_raw_daily
2023-11-17,5875.0,5950.0,5850.0,5900.0,4591.892578125,33963900,0.0,0.0,yfinance_raw_daily
2023-11-20,5825.0,5925.0,5825.0,5875.0,4572.4345703125,20014600,0.0,0.0,yfinance_raw_daily
2023-11-21,5850.0,5925.0,5825.0,5875.0,4572.4345703125,55094300,0.0,0.0,yfinance_raw_daily
2023-11-22,5825.0,5900.0,5825.0,5875.0,4572.4345703125,21111100,0.0,0.0,yfinance_raw_daily
2023-11-23,5950.0,5950.0,5900.0,5900.0,4591.892578125,36725600,0.0,0.0,yfinance_raw_daily
2023-11-24,5925.0,5925.0,5850.0,5875.0,4572.4345703125,27087900,0.0,0.0,yfinance_raw_daily
2023-11-27,5900.0,5925.0,5875.0,5900.0,4591.892578125,39719300,0.0,0.0,yfinance_raw_daily
2023-11-28,5900.0,5925.0,5875.0,5900.0,4591.892578125,58255800,0.0,0.0,yfinance_raw_daily
2023-11-29,5850.0,5925.0,5825.0,5850.0,4552.97802734375,36796600,0.0,0.0,yfinance_raw_daily
2023-11-30,5850.0,5925.0,5825.0,5850.0,4552.97802734375,117365000,0.0,0.0,yfinance_raw_daily
2023-12-01,5850.0,5900.0,5825.0,5900.0,4591.892578125,31365100,0.0,0.0,yfinance_raw_daily
2023-12-04,5925.0,6025.0,5900.0,6000.0,4669.72119140625,66145100,0.0,0.0,yfinance_raw_daily
2023-12-05,6000.0,6000.0,5875.0,5975.0,4650.26416015625,58668400,0.0,0.0,yfinance_raw_daily
2023-12-06,5925.0,5950.0,5800.0,5800.0,4514.06396484375,88747200,0.0,0.0,yfinance_raw_daily
2023-12-07,5800.0,5825.0,5725.0,5750.0,4475.1494140625,97966700,0.0,0.0,yfinance_raw_daily
2023-12-08,5750.0,5775.0,5650.0,5700.0,4436.23486328125,98036700,0.0,0.0,yfinance_raw_daily
2023-12-11,5650.0,5800.0,5650.0,5775.0,4494.6064453125,68655000,0.0,0.0,yfinance_raw_daily
2023-12-12,5800.0,5825.0,5750.0,5800.0,4514.06396484375,55110500,0.0,0.0,yfinance_raw_daily
2023-12-13,5750.0,5775.0,5700.0,5725.0,4455.6923828125,121450600,0.0,0.0,yfinance_raw_daily
2023-12-14,5825.0,6025.0,5800.0,5950.0,4630.806640625,171595800,0.0,0.0,yfinance_raw_daily
2023-12-15,5950.0,6000.0,5900.0,5900.0,4591.892578125,142382200,0.0,0.0,yfinance_raw_daily
2023-12-18,5850.0,5950.0,5850.0,5925.0,4611.349609375,101458600,0.0,0.0,yfinance_raw_daily
2023-12-19,5950.0,5975.0,5925.0,5975.0,4650.26416015625,40763200,0.0,0.0,yfinance_raw_daily
2023-12-20,5900.0,5975.0,5900.0,5925.0,4611.349609375,65361000,0.0,0.0,yfinance_raw_daily
2023-12-21,5950.0,5975.0,5925.0,5975.0,4650.26416015625,50363900,0.0,0.0,yfinance_raw_daily
2023-12-22,5950.0,5975.0,5925.0,5975.0,4650.26416015625,29975600,0.0,0.0,yfinance_raw_daily
2023-12-27,6000.0,6025.0,5925.0,6000.0,4669.72119140625,43114900,0.0,0.0,yfinance_raw_daily
2023-12-28,6050.0,6150.0,6000.0,6125.0,4767.00732421875,75118700,0.0,0.0,yfinance_raw_daily
2023-12-29,6125.0,6125.0,6000.0,6050.0,4708.63525390625,63097100,0.0,0.0,yfinance_raw_daily
2024-01-02,6050.0,6125.0,6025.0,6125.0,4767.00732421875,26235700,0.0,0.0,yfinance_raw_daily
2024-01-03,6100.0,6150.0,6050.0,6100.0,4747.5498046875,30053900,0.0,0.0,yfinance_raw_daily
2024-01-04,6125.0,6400.0,6100.0,6350.0,4942.12158203125,135344500,0.0,0.0,yfinance_raw_daily
2024-01-05,6400.0,6475.0,6350.0,6425.0,5000.49267578125,114339400,0.0,0.0,yfinance_raw_daily
2024-01-08,6500.0,6600.0,6375.0,6400.0,4981.0361328125,151018300,0.0,0.0,yfinance_raw_daily
2024-01-09,6425.0,6450.0,6350.0,6375.0,4961.57861328125,77953400,0.0,0.0,yfinance_raw_daily
2024-01-10,6375.0,6450.0,6325.0,6425.0,5000.49267578125,50019800,0.0,0.0,yfinance_raw_daily
2024-01-11,6425.0,6500.0,6400.0,6450.0,5019.94970703125,32120200,0.0,0.0,yfinance_raw_daily
2024-01-12,6575.0,6675.0,6525.0,6575.0,5117.236328125,114039700,0.0,0.0,yfinance_raw_daily
2024-01-15,6575.0,6625.0,6475.0,6500.0,5058.8642578125,83066800,0.0,0.0,yfinance_raw_daily
2024-01-16,6525.0,6625.0,6500.0,6525.0,5078.32177734375,83516800,0.0,0.0,yfinance_raw_daily
2024-01-17,6525.0,6625.0,6500.0,6525.0,5078.32177734375,80929000,0.0,0.0,yfinance_raw_daily
2024-01-18,6525.0,6550.0,6475.0,6525.0,5078.32177734375,78209900,0.0,0.0,yfinance_raw_daily
2024-01-19,6500.0,6525.0,6425.0,6525.0,5078.32177734375,74814000,0.0,0.0,yfinance_raw_daily
2024-01-22,6500.0,6550.0,6450.0,6500.0,5058.8642578125,96993100,0.0,0.0,yfinance_raw_daily
2024-01-23,6525.0,6550.0,6450.0,6500.0,5058.8642578125,77037800,0.0,0.0,yfinance_raw_daily
2024-01-24,6450.0,6475.0,6350.0,6400.0,4981.0361328125,97290600,0.0,0.0,yfinance_raw_daily
2024-01-25,6325.0,6400.0,6250.0,6275.0,4883.74951171875,99094100,0.0,0.0,yfinance_raw_daily
2024-01-26,6250.0,6325.0,6225.0,6300.0,4903.20703125,77236800,0.0,0.0,yfinance_raw_daily
2024-01-29,6350.0,6475.0,6275.0,6475.0,5039.4072265625,124753000,0.0,0.0,yfinance_raw_daily
2024-01-30,6475.0,6700.0,6450.0,6650.0,5175.607421875,123330900,0.0,0.0,yfinance_raw_daily
2024-01-31,6650.0,6700.0,6650.0,6650.0,5175.607421875,128185000,0.0,0.0,yfinance_raw_daily
2024-02-01,6575.0,6625.0,6500.0,6550.0,5097.77880859375,168145800,0.0,0.0,yfinance_raw_daily
2024-02-02,6625.0,6675.0,6600.0,6675.0,5195.064453125,120116200,0.0,0.0,yfinance_raw_daily
2024-02-05,6700.0,6950.0,6675.0,6825.0,5311.80712890625,150535100,0.0,0.0,yfinance_raw_daily
2024-02-06,6825.0,6925.0,6775.0,6850.0,5331.2646484375,90146000,0.0,0.0,yfinance_raw_daily
2024-02-07,6875.0,6950.0,6850.0,6950.0,5409.09326171875,88745500,0.0,0.0,yfinance_raw_daily
2024-02-12,7150.0,7200.0,7050.0,7100.0,5525.83642578125,162771300,0.0,0.0,yfinance_raw_daily
2024-02-13,7100.0,7125.0,7025.0,7025.0,5467.46533203125,102668900,0.0,0.0,yfinance_raw_daily
2024-02-15,7300.0,7375.0,7150.0,7200.0,5603.66552734375,220530000,0.0,0.0,yfinance_raw_daily
2024-02-16,7375.0,7400.0,7200.0,7200.0,5603.66552734375,142022100,0.0,0.0,yfinance_raw_daily
2024-02-19,7150.0,7325.0,7125.0,7150.0,5564.7509765625,83753500,0.0,0.0,yfinance_raw_daily
2024-02-20,7250.0,7250.0,7150.0,7150.0,5564.7509765625,87312000,0.0,0.0,yfinance_raw_daily
2024-02-21,7125.0,7250.0,7075.0,7250.0,5642.57958984375,128063900,0.0,0.0,yfinance_raw_daily
2024-02-22,7175.0,7200.0,7100.0,7100.0,5525.83642578125,85735800,0.0,0.0,yfinance_raw_daily
2024-02-23,7050.0,7100.0,7000.0,7050.0,5486.92236328125,109404700,0.0,0.0,yfinance_raw_daily
2024-02-26,6950.0,7075.0,6950.0,7050.0,5486.92236328125,65407700,0.0,0.0,yfinance_raw_daily
2024-02-27,6975.0,7100.0,6975.0,7075.0,5506.37939453125,58066100,0.0,0.0,yfinance_raw_daily
2024-02-28,7025.0,7125.0,7025.0,7125.0,5545.29345703125,49888400,0.0,0.0,yfinance_raw_daily
2024-02-29,7125.0,7150.0,7000.0,7000.0,5448.00732421875,150713600,0.0,0.0,yfinance_raw_daily
2024-03-01,7050.0,7075.0,6975.0,7025.0,5467.46533203125,90739400,0.0,0.0,yfinance_raw_daily
2024-03-04,7000.0,7050.0,6975.0,7025.0,5467.46533203125,44707200,0.0,0.0,yfinance_raw_daily
2024-03-05,7075.0,7100.0,7000.0,7025.0,5467.46533203125,92557200,0.0,0.0,yfinance_raw_daily
2024-03-06,7000.0,7100.0,7000.0,7075.0,5506.37939453125,74178100,0.0,0.0,yfinance_raw_daily
2024-03-07,7075.0,7125.0,7025.0,7100.0,5525.83642578125,94950400,0.0,0.0,yfinance_raw_daily
2024-03-08,7150.0,7175.0,7100.0,7125.0,5545.29345703125,109032400,0.0,0.0,yfinance_raw_daily
2024-03-13,7250.0,7275.0,7150.0,7275.0,5662.03662109375,126022700,0.0,0.0,yfinance_raw_daily
2024-03-14,7250.0,7400.0,7225.0,7400.0,5759.322265625,161193000,0.0,0.0,yfinance_raw_daily
2024-03-15,7450.0,7500.0,7275.0,7400.0,5759.322265625,250581100,0.0,0.0,yfinance_raw_daily
2024-03-18,7425.0,7425.0,7175.0,7175.0,5584.2080078125,105778200,0.0,0.0,yfinance_raw_daily
2024-03-19,7250.0,7350.0,7225.0,7275.0,5662.03662109375,100836600,0.0,0.0,yfinance_raw_daily
2024-03-20,7050.0,7050.0,7000.0,7050.0,5767.53564453125,83416700,353.95752,0.0,yfinance_raw_daily
2024-03-21,7100.0,7200.0,7050.0,7050.0,5767.53564453125,81774800,0.0,0.0,yfinance_raw_daily
2024-03-22,7000.0,7075.0,6950.0,7050.0,5767.53564453125,65219900,0.0,0.0,yfinance_raw_daily
2024-03-25,7250.0,7250.0,7000.0,7250.0,5931.1533203125,78212700,0.0,0.0,yfinance_raw_daily
2024-03-26,7225.0,7225.0,7125.0,7175.0,5869.79736328125,74274300,0.0,0.0,yfinance_raw_daily
2024-03-27,7200.0,7250.0,7175.0,7175.0,5869.79736328125,46295700,0.0,0.0,yfinance_raw_daily
2024-03-28,7150.0,7250.0,7125.0,7250.0,5931.1533203125,90900900,0.0,0.0,yfinance_raw_daily
2024-04-01,7250.0,7250.0,6750.0,6900.0,5644.822265625,158358600,0.0,0.0,yfinance_raw_daily
2024-04-02,6900.0,6900.0,6700.0,6900.0,5644.822265625,135764900,0.0,0.0,yfinance_raw_daily
2024-04-03,6950.0,6950.0,6675.0,6775.0,5542.56103515625,115372600,0.0,0.0,yfinance_raw_daily
2024-04-04,6750.0,6925.0,6750.0,6875.0,5624.36962890625,63174900,0.0,0.0,yfinance_raw_daily
2024-04-05,6825.0,6900.0,6825.0,6825.0,5583.46484375,46111500,0.0,0.0,yfinance_raw_daily
2024-04-16,6350.0,6725.0,6300.0,6625.0,5419.84716796875,180012400,0.0,0.0,yfinance_raw_daily
2024-04-17,6700.0,6775.0,6625.0,6625.0,5419.84716796875,83840200,0.0,0.0,yfinance_raw_daily
2024-04-18,6800.0,6900.0,6725.0,6800.0,5563.01318359375,106893900,0.0,0.0,yfinance_raw_daily
2024-04-19,6725.0,6800.0,6650.0,6725.0,5501.65625,47943300,0.0,0.0,yfinance_raw_daily
2024-04-22,6875.0,6875.0,6575.0,6725.0,5501.65625,121727900,0.0,0.0,yfinance_raw_daily
2024-04-23,6850.0,6925.0,6725.0,6825.0,5583.46484375,106699200,0.0,0.0,yfinance_raw_daily
2024-04-24,6925.0,7050.0,6900.0,7050.0,5767.53564453125,117586500,0.0,0.0,yfinance_raw_daily
2024-04-25,7050.0,7075.0,6925.0,6950.0,5685.7265625,111803500,0.0,0.0,yfinance_raw_daily
2024-04-26,7000.0,7025.0,6750.0,6750.0,5522.10888671875,125875000,0.0,0.0,yfinance_raw_daily
2024-04-29,6650.0,6950.0,6650.0,6925.0,5665.2744140625,77938400,0.0,0.0,yfinance_raw_daily
2024-04-30,6800.0,7050.0,6775.0,6900.0,5644.822265625,189991300,0.0,0.0,yfinance_raw_daily
2024-05-02,6800.0,6800.0,6050.0,6325.0,5174.42041015625,501849300,0.0,0.0,yfinance_raw_daily
2024-05-03,6300.0,6425.0,6050.0,6150.0,5031.25439453125,269305400,0.0,0.0,yfinance_raw_daily
2024-05-06,6250.0,6400.0,6150.0,6275.0,5133.515625,184234200,0.0,0.0,yfinance_raw_daily
2024-05-07,6325.0,6400.0,6250.0,6275.0,5133.515625,130410300,0.0,0.0,yfinance_raw_daily
2024-05-08,6325.0,6450.0,6250.0,6275.0,5133.515625,117065300,0.0,0.0,yfinance_raw_daily
2024-05-13,6200.0,6275.0,6125.0,6200.0,5072.1591796875,128638300,0.0,0.0,yfinance_raw_daily
2024-05-14,6175.0,6300.0,6175.0,6200.0,5072.1591796875,94048400,0.0,0.0,yfinance_raw_daily
2024-05-15,6200.0,6400.0,6200.0,6375.0,5215.3251953125,80923000,0.0,0.0,yfinance_raw_daily
2024-05-16,6450.0,6500.0,6325.0,6350.0,5194.87255859375,114806300,0.0,0.0,yfinance_raw_daily
2024-05-17,6350.0,6650.0,6350.0,6575.0,5378.94287109375,133153900,0.0,0.0,yfinance_raw_daily
2024-05-20,6550.0,6625.0,6200.0,6325.0,5174.42041015625,168796000,0.0,0.0,yfinance_raw_daily
2024-05-21,6225.0,6275.0,5975.0,6025.0,4928.99267578125,307362900,0.0,0.0,yfinance_raw_daily
2024-05-22,6000.0,6150.0,5950.0,6050.0,4949.4453125,171675900,0.0,0.0,yfinance_raw_daily
2024-05-27,6025.0,6050.0,5825.0,5825.0,4765.375,258450900,0.0,0.0,yfinance_raw_daily
2024-05-28,5850.0,6025.0,5825.0,5950.0,4867.63671875,93701700,0.0,0.0,yfinance_raw_daily
2024-05-29,5825.0,5875.0,5700.0,5800.0,4744.92333984375,169386300,0.0,0.0,yfinance_raw_daily
2024-05-30,5775.0,6000.0,5525.0,5875.0,4806.279296875,236632600,0.0,0.0,yfinance_raw_daily
2024-05-31,6000.0,6025.0,5900.0,5900.0,4826.73193359375,169567000,0.0,0.0,yfinance_raw_daily
2024-06-03,6075.0,6150.0,6025.0,6100.0,4990.35009765625,92525600,0.0,0.0,yfinance_raw_daily
2024-06-04,6150.0,6275.0,6125.0,6150.0,5031.25439453125,137800600,0.0,0.0,yfinance_raw_daily
2024-06-05,6125.0,6150.0,5975.0,6000.0,4908.54150390625,102327300,0.0,0.0,yfinance_raw_daily
2024-06-06,6125.0,6200.0,6075.0,6175.0,5051.70703125,85735200,0.0,0.0,yfinance_raw_daily
2024-06-07,6250.0,6275.0,6150.0,6275.0,5133.515625,99092800,0.0,0.0,yfinance_raw_daily
2024-06-10,6275.0,6350.0,6200.0,6275.0,5133.515625,80154400,0.0,0.0,yfinance_raw_daily
2024-06-11,6200.0,6250.0,6125.0,6125.0,5010.80224609375,56254400,0.0,0.0,yfinance_raw_daily
2024-06-12,6050.0,6075.0,5900.0,5925.0,4847.18408203125,120857200,0.0,0.0,yfinance_raw_daily
2024-06-13,5975.0,6000.0,5850.0,5875.0,4806.279296875,162616700,0.0,0.0,yfinance_raw_daily
2024-06-14,5850.0,5875.0,5650.0,5750.0,4704.0185546875,203241500,0.0,0.0,yfinance_raw_daily
2024-06-19,5775.0,5850.0,5675.0,5750.0,4704.0185546875,116004200,0.0,0.0,yfinance_raw_daily
2024-06-20,5825.0,5950.0,5750.0,5950.0,4867.63671875,82660000,0.0,0.0,yfinance_raw_daily
2024-06-21,6050.0,6200.0,6025.0,6125.0,5010.80224609375,184240600,0.0,0.0,yfinance_raw_daily
2024-06-24,6075.0,6125.0,6000.0,6000.0,4908.54150390625,58831900,0.0,0.0,yfinance_raw_daily
2024-06-25,5925.0,5975.0,5825.0,5925.0,4847.18408203125,159983800,0.0,0.0,yfinance_raw_daily
2024-06-26,5950.0,6025.0,5850.0,5850.0,4785.82763671875,92895700,0.0,0.0,yfinance_raw_daily
2024-06-27,5900.0,6075.0,5875.0,6000.0,4908.54150390625,117602400,0.0,0.0,yfinance_raw_daily
2024-06-28,6000.0,6250.0,6000.0,6150.0,5031.25439453125,191371600,0.0,0.0,yfinance_raw_daily
2024-07-01,6175.0,6250.0,6100.0,6250.0,5113.0634765625,100408200,0.0,0.0,yfinance_raw_daily
2024-07-02,6275.0,6350.0,6150.0,6200.0,5072.1591796875,159356600,0.0,0.0,yfinance_raw_daily
2024-07-03,6275.0,6300.0,6100.0,6225.0,5092.611328125,70017100,0.0,0.0,yfinance_raw_daily
2024-07-04,6250.0,6400.0,6225.0,6250.0,5113.0634765625,90147800,0.0,0.0,yfinance_raw_daily
2024-07-05,6325.0,6500.0,6300.0,6425.0,5256.22900390625,111646800,0.0,0.0,yfinance_raw_daily
2024-07-08,6400.0,6425.0,6200.0,6225.0,5092.611328125,138144000,0.0,0.0,yfinance_raw_daily
2024-07-09,6225.0,6400.0,6200.0,6375.0,5215.3251953125,84177600,0.0,0.0,yfinance_raw_daily
2024-07-10,6375.0,6450.0,6300.0,6375.0,5215.3251953125,59685300,0.0,0.0,yfinance_raw_daily
2024-07-11,6400.0,6425.0,6350.0,6400.0,5235.77734375,66789800,0.0,0.0,yfinance_raw_daily
2024-07-12,6450.0,6550.0,6400.0,6425.0,5256.22900390625,136132200,0.0,0.0,yfinance_raw_daily
2024-07-15,6450.0,6450.0,6300.0,6350.0,5194.87255859375,66071800,0.0,0.0,yfinance_raw_daily
2024-07-16,6400.0,6400.0,6300.0,6350.0,5194.87255859375,64687900,0.0,0.0,yfinance_raw_daily
2024-07-17,6450.0,6525.0,6375.0,6450.0,5276.68115234375,109729800,0.0,0.0,yfinance_raw_daily
2024-07-18,6550.0,6600.0,6500.0,6550.0,5358.49072265625,132532000,0.0,0.0,yfinance_raw_daily
2024-07-19,6500.0,6525.0,6450.0,6525.0,5338.03857421875,63165500,0.0,0.0,yfinance_raw_daily
2024-07-22,6575.0,6700.0,6525.0,6700.0,5481.2041015625,110467000,0.0,0.0,yfinance_raw_daily
2024-07-23,6750.0,6750.0,6550.0,6625.0,5419.84716796875,77861700,0.0,0.0,yfinance_raw_daily
2024-07-24,6500.0,6575.0,6475.0,6475.0,5297.1337890625,63940900,0.0,0.0,yfinance_raw_daily
2024-07-25,6450.0,6575.0,6400.0,6575.0,5378.94287109375,66655400,0.0,0.0,yfinance_raw_daily
2024-07-26,6575.0,6625.0,6500.0,6550.0,5358.49072265625,76519500,0.0,0.0,yfinance_raw_daily
2024-07-29,6550.0,6550.0,6450.0,6475.0,5297.1337890625,54435300,0.0,0.0,yfinance_raw_daily
2024-07-30,6475.0,6550.0,6375.0,6475.0,5297.1337890625,86701400,0.0,0.0,yfinance_raw_daily
2024-07-31,6400.0,6475.0,6375.0,6400.0,5235.77734375,99004100,0.0,0.0,yfinance_raw_daily
2024-08-01,6550.0,6750.0,6500.0,6750.0,5522.10888671875,163086200,0.0,0.0,yfinance_raw_daily
2024-08-02,6700.0,6875.0,6675.0,6800.0,5563.01318359375,167892400,0.0,0.0,yfinance_raw_daily
2024-08-05,6700.0,6725.0,6500.0,6575.0,5378.94287109375,184384000,0.0,0.0,yfinance_raw_daily
2024-08-06,6650.0,6700.0,6525.0,6625.0,5419.84716796875,95785000,0.0,0.0,yfinance_raw_daily
2024-08-07,6725.0,6775.0,6650.0,6775.0,5542.56103515625,84582200,0.0,0.0,yfinance_raw_daily
2024-08-08,6800.0,6850.0,6725.0,6800.0,5563.01318359375,81408500,0.0,0.0,yfinance_raw_daily
2024-08-09,6825.0,6900.0,6800.0,6850.0,5603.91748046875,79710700,0.0,0.0,yfinance_raw_daily
2024-08-12,6875.0,6900.0,6775.0,6900.0,5644.822265625,50756000,0.0,0.0,yfinance_raw_daily
2024-08-13,6850.0,7000.0,6850.0,7000.0,5726.630859375,68666000,0.0,0.0,yfinance_raw_daily
2024-08-14,7075.0,7100.0,7025.0,7075.0,5787.98828125,97695100,0.0,0.0,yfinance_raw_daily
2024-08-15,7075.0,7075.0,6925.0,7025.0,5747.08349609375,75955500,0.0,0.0,yfinance_raw_daily
2024-08-16,7075.0,7125.0,7025.0,7075.0,5787.98828125,64266400,0.0,0.0,yfinance_raw_daily
2024-08-19,7075.0,7150.0,7025.0,7150.0,5849.3447265625,50246100,0.0,0.0,yfinance_raw_daily
2024-08-20,7200.0,7350.0,7150.0,7200.0,5890.2490234375,102615900,0.0,0.0,yfinance_raw_daily
2024-08-21,7300.0,7300.0,7225.0,7250.0,5931.1533203125,88487800,0.0,0.0,yfinance_raw_daily
2024-08-22,7150.0,7175.0,6925.0,7050.0,5767.53564453125,157323000,0.0,0.0,yfinance_raw_daily
2024-08-23,7000.0,7075.0,6975.0,7050.0,5767.53564453125,111752100,0.0,0.0,yfinance_raw_daily
2024-08-26,7050.0,7100.0,7000.0,7050.0,5767.53564453125,78515400,0.0,0.0,yfinance_raw_daily
2024-08-27,7025.0,7050.0,6925.0,7025.0,5747.08349609375,91686700,0.0,0.0,yfinance_raw_daily
2024-08-28,7025.0,7225.0,7000.0,7225.0,5910.701171875,114606200,0.0,0.0,yfinance_raw_daily
2024-08-29,7300.0,7300.0,7100.0,7100.0,5808.43994140625,94475900,0.0,0.0,yfinance_raw_daily
2024-08-30,7100.0,7175.0,7075.0,7125.0,5828.892578125,153760500,0.0,0.0,yfinance_raw_daily
2024-09-02,7200.0,7275.0,7125.0,7200.0,5890.2490234375,82176000,0.0,0.0,yfinance_raw_daily
2024-09-03,7200.0,7250.0,7050.0,7075.0,5787.98828125,75100800,0.0,0.0,yfinance_raw_daily
2024-09-04,7000.0,7175.0,7000.0,7175.0,5869.79736328125,78789800,0.0,0.0,yfinance_raw_daily
2024-09-05,7125.0,7225.0,7125.0,7175.0,5869.79736328125,59432000,0.0,0.0,yfinance_raw_daily
2024-09-06,7175.0,7275.0,7150.0,7250.0,5931.1533203125,63619300,0.0,0.0,yfinance_raw_daily
2024-09-09,7250.0,7250.0,7200.0,7250.0,5931.1533203125,71430300,0.0,0.0,yfinance_raw_daily
2024-09-10,7250.0,7275.0,7225.0,7250.0,5931.1533203125,73515700,0.0,0.0,yfinance_raw_daily
2024-09-11,7300.0,7400.0,7275.0,7375.0,6033.4150390625,91822300,0.0,0.0,yfinance_raw_daily
2024-09-12,7375.0,7425.0,7300.0,7300.0,5972.05810546875,68254300,0.0,0.0,yfinance_raw_daily
2024-09-13,7300.0,7300.0,7225.0,7275.0,5951.60595703125,45854000,0.0,0.0,yfinance_raw_daily
2024-09-17,7325.0,7450.0,7300.0,7425.0,6074.3193359375,96428000,0.0,0.0,yfinance_raw_daily
2024-09-18,7375.0,7450.0,7350.0,7400.0,6053.8671875,47279200,0.0,0.0,yfinance_raw_daily
2024-09-19,7450.0,7550.0,7400.0,7400.0,6053.8671875,124377800,0.0,0.0,yfinance_raw_daily
2024-09-20,7400.0,7425.0,7300.0,7300.0,5972.05810546875,97901700,0.0,0.0,yfinance_raw_daily
2024-09-23,7325.0,7450.0,7300.0,7450.0,6094.77197265625,79675600,0.0,0.0,yfinance_raw_daily
2024-09-24,7400.0,7475.0,7375.0,7425.0,6074.3193359375,81817100,0.0,0.0,yfinance_raw_daily
2024-09-25,7350.0,7350.0,7050.0,7200.0,5890.2490234375,192197100,0.0,0.0,yfinance_raw_daily
2024-09-26,7175.0,7200.0,7100.0,7175.0,5869.79736328125,173044000,0.0,0.0,yfinance_raw_daily
2024-09-27,7025.0,7125.0,7000.0,7050.0,5767.53564453125,161405200,0.0,0.0,yfinance_raw_daily
2024-09-30,7000.0,7025.0,6875.0,6925.0,5665.2744140625,166203500,0.0,0.0,yfinance_raw_daily
2024-10-01,7000.0,7075.0,6950.0,7050.0,5767.53564453125,82690100,0.0,0.0,yfinance_raw_daily
2024-10-02,7025.0,7100.0,6925.0,6975.0,5706.1787109375,91076400,0.0,0.0,yfinance_raw_daily
2024-10-03,7000.0,7075.0,6900.0,7050.0,5767.53564453125,86264900,0.0,0.0,yfinance_raw_daily
2024-10-04,7025.0,7050.0,6900.0,6950.0,5685.7265625,79485300,0.0,0.0,yfinance_raw_daily
2024-10-07,6925.0,6925.0,6800.0,6875.0,5624.36962890625,103943100,0.0,0.0,yfinance_raw_daily
2024-10-08,6825.0,7175.0,6775.0,7075.0,5787.98828125,132141500,0.0,0.0,yfinance_raw_daily
2024-10-09,7075.0,7175.0,6950.0,6950.0,5685.7265625,76515700,0.0,0.0,yfinance_raw_daily
2024-10-10,6925.0,7050.0,6900.0,6950.0,5685.7265625,44291900,0.0,0.0,yfinance_raw_daily
2024-10-11,7025.0,7025.0,6925.0,6950.0,5685.7265625,45331500,0.0,0.0,yfinance_raw_daily
2024-10-14,6925.0,6975.0,6900.0,6925.0,5665.2744140625,55885300,0.0,0.0,yfinance_raw_daily
2024-10-15,7000.0,7100.0,6925.0,7050.0,5767.53564453125,90358600,0.0,0.0,yfinance_raw_daily
2024-10-16,7050.0,7075.0,6925.0,7000.0,5726.630859375,133022500,0.0,0.0,yfinance_raw_daily
2024-10-17,7050.0,7250.0,7000.0,7225.0,5910.701171875,90219900,0.0,0.0,yfinance_raw_daily
2024-10-18,7275.0,7300.0,7175.0,7175.0,5869.79736328125,57379200,0.0,0.0,yfinance_raw_daily
2024-10-21,7250.0,7250.0,7125.0,7200.0,5890.2490234375,43056000,0.0,0.0,yfinance_raw_daily
2024-10-22,7150.0,7175.0,7075.0,7075.0,5787.98828125,43582700,0.0,0.0,yfinance_raw_daily
2024-10-23,7075.0,7125.0,7025.0,7075.0,5787.98828125,38222900,0.0,0.0,yfinance_raw_daily
2024-10-24,7000.0,7150.0,6975.0,6975.0,5706.1787109375,65877100,0.0,0.0,yfinance_raw_daily
2024-10-25,6975.0,7050.0,6975.0,7050.0,5767.53564453125,34637500,0.0,0.0,yfinance_raw_daily
2024-10-28,7075.0,7075.0,6800.0,6825.0,5583.46484375,114500800,0.0,0.0,yfinance_raw_daily
2024-10-29,6800.0,6850.0,6725.0,6825.0,5583.46484375,91268300,0.0,0.0,yfinance_raw_daily
2024-10-30,6575.0,6775.0,6575.0,6750.0,5522.10888671875,122132700,0.0,0.0,yfinance_raw_daily
2024-10-31,6750.0,6825.0,6700.0,6700.0,5481.2041015625,126730700,0.0,0.0,yfinance_raw_daily
2024-11-01,6725.0,6725.0,6550.0,6650.0,5440.2998046875,101423100,0.0,0.0,yfinance_raw_daily
2024-11-04,6600.0,6800.0,6525.0,6750.0,5522.10888671875,80208800,0.0,0.0,yfinance_raw_daily
2024-11-05,6725.0,6950.0,6675.0,6925.0,5665.2744140625,88661200,0.0,0.0,yfinance_raw_daily
2024-11-06,6925.0,6925.0,6550.0,6550.0,5358.49072265625,147272800,0.0,0.0,yfinance_raw_daily
2024-11-07,6500.0,6550.0,6425.0,6425.0,5256.22900390625,154758500,0.0,0.0,yfinance_raw_daily
2024-11-08,6425.0,6525.0,6275.0,6325.0,5174.42041015625,192423000,0.0,0.0,yfinance_raw_daily
2024-11-11,6300.0,6450.0,6150.0,6350.0,5194.87255859375,125606000,0.0,0.0,yfinance_raw_daily
2024-11-12,6375.0,6450.0,6325.0,6375.0,5215.3251953125,117281700,0.0,0.0,yfinance_raw_daily
2024-11-13,6500.0,6550.0,6400.0,6425.0,5256.22900390625,102748300,0.0,0.0,yfinance_raw_daily
2024-11-14,6375.0,6475.0,6350.0,6375.0,5215.3251953125,69750600,0.0,0.0,yfinance_raw_daily
2024-11-15,6300.0,6400.0,6300.0,6350.0,5194.87255859375,41079700,0.0,0.0,yfinance_raw_daily
2024-11-18,6350.0,6425.0,6225.0,6325.0,5174.42041015625,77471700,0.0,0.0,yfinance_raw_daily
2024-11-19,6375.0,6375.0,6225.0,6250.0,5113.0634765625,95495700,0.0,0.0,yfinance_raw_daily
2024-11-20,6325.0,6350.0,6200.0,6225.0,5092.611328125,68707200,0.0,0.0,yfinance_raw_daily
2024-11-21,6225.0,6225.0,6125.0,6150.0,5031.25439453125,76579300,0.0,0.0,yfinance_raw_daily
2024-11-22,6125.0,6300.0,6100.0,6250.0,5113.0634765625,80236400,0.0,0.0,yfinance_raw_daily
2024-11-25,6325.0,6600.0,6325.0,6575.0,5378.94287109375,183449100,0.0,0.0,yfinance_raw_daily
2024-11-26,6600.0,6600.0,6325.0,6400.0,5235.77734375,107194300,0.0,0.0,yfinance_raw_daily
2024-11-28,6350.0,6525.0,6350.0,6450.0,5276.68115234375,81883200,0.0,0.0,yfinance_raw_daily
2024-11-29,6325.0,6375.0,6125.0,6150.0,5031.25439453125,157628700,0.0,0.0,yfinance_raw_daily
2024-12-02,6175.0,6250.0,5975.0,6000.0,4908.54150390625,114555300,0.0,0.0,yfinance_raw_daily
2024-12-03,6100.0,6275.0,6100.0,6275.0,5133.515625,99509800,0.0,0.0,yfinance_raw_daily
2024-12-04,6275.0,6450.0,6225.0,6375.0,5215.3251953125,75260000,0.0,0.0,yfinance_raw_daily
2024-12-05,6350.0,6375.0,6150.0,6150.0,5031.25439453125,69528700,0.0,0.0,yfinance_raw_daily
2024-12-06,6200.0,6275.0,6125.0,6225.0,5092.611328125,75989700,0.0,0.0,yfinance_raw_daily
2024-12-09,6175.0,6375.0,6175.0,6375.0,5215.3251953125,74220300,0.0,0.0,yfinance_raw_daily
2024-12-10,6275.0,6325.0,6225.0,6300.0,5153.9677734375,92245000,0.0,0.0,yfinance_raw_daily
2024-12-11,6300.0,6400.0,6300.0,6300.0,5153.9677734375,62509600,0.0,0.0,yfinance_raw_daily
2024-12-12,6200.0,6225.0,6100.0,6125.0,5010.80224609375,96707500,0.0,0.0,yfinance_raw_daily
2024-12-13,6025.0,6100.0,5975.0,6025.0,4928.99267578125,135581400,0.0,0.0,yfinance_raw_daily
2024-12-16,5900.0,6100.0,5900.0,6075.0,4969.8974609375,105375900,0.0,0.0,yfinance_raw_daily
2024-12-17,6050.0,6075.0,5925.0,5950.0,4867.63671875,72109300,0.0,0.0,yfinance_raw_daily
2024-12-18,5925.0,6000.0,5775.0,5825.0,4765.375,153164600,0.0,0.0,yfinance_raw_daily
2024-12-19,5625.0,5725.0,5600.0,5675.0,4642.66162109375,277793000,0.0,0.0,yfinance_raw_daily
2024-12-20,5675.0,5750.0,5625.0,5675.0,4642.66162109375,148568600,0.0,0.0,yfinance_raw_daily
2024-12-23,5800.0,5875.0,5725.0,5825.0,4765.375,82910100,0.0,0.0,yfinance_raw_daily
2024-12-24,5825.0,5875.0,5750.0,5750.0,4704.0185546875,41240900,0.0,0.0,yfinance_raw_daily
2024-12-27,5750.0,5850.0,5750.0,5800.0,4744.92333984375,46126800,0.0,0.0,yfinance_raw_daily
2024-12-30,5675.0,5750.0,5650.0,5700.0,4663.1142578125,96782100,0.0,0.0,yfinance_raw_daily
2025-01-02,5700.0,5850.0,5700.0,5850.0,4785.82763671875,82914600,0.0,0.0,yfinance_raw_daily
2025-01-03,5850.0,5875.0,5775.0,5800.0,4744.92333984375,58067100,0.0,0.0,yfinance_raw_daily
2025-01-06,5825.0,5825.0,5650.0,5675.0,4642.66162109375,68443700,0.0,0.0,yfinance_raw_daily
2025-01-07,5600.0,5650.0,5550.0,5600.0,4581.3046875,96982300,0.0,0.0,yfinance_raw_daily
2025-01-08,5600.0,5750.0,5600.0,5750.0,4704.0185546875,118246100,0.0,0.0,yfinance_raw_daily
2025-01-09,5725.0,5775.0,5700.0,5750.0,4704.0185546875,56491700,0.0,0.0,yfinance_raw_daily
2025-01-10,5750.0,5775.0,5600.0,5600.0,4581.3046875,77751500,0.0,0.0,yfinance_raw_daily
2025-01-13,5500.0,5550.0,5475.0,5525.0,4519.9482421875,99953900,0.0,0.0,yfinance_raw_daily
2025-01-14,5425.0,5575.0,5400.0,5400.0,4417.68701171875,97351900,0.0,0.0,yfinance_raw_daily
2025-01-15,5475.0,5825.0,5450.0,5750.0,4704.0185546875,194025700,0.0,0.0,yfinance_raw_daily
2025-01-16,6075.0,6200.0,5850.0,5875.0,4806.279296875,204359900,0.0,0.0,yfinance_raw_daily
2025-01-17,5800.0,6050.0,5750.0,5875.0,4806.279296875,114054600,0.0,0.0,yfinance_raw_daily
2025-01-20,6000.0,6050.0,5925.0,6000.0,4908.54150390625,84338400,0.0,0.0,yfinance_raw_daily
2025-01-21,6100.0,6175.0,6025.0,6050.0,4949.4453125,115355900,0.0,0.0,yfinance_raw_daily
2025-01-22,6150.0,6200.0,6100.0,6150.0,5031.25439453125,117929800,0.0,0.0,yfinance_raw_daily
2025-01-23,6200.0,6300.0,6175.0,6175.0,5051.70703125,120893700,0.0,0.0,yfinance_raw_daily
2025-01-24,6250.0,6250.0,6125.0,6125.0,5010.80224609375,96161800,0.0,0.0,yfinance_raw_daily
2025-01-30,6100.0,6225.0,6075.0,6100.0,4990.35009765625,101400400,0.0,0.0,yfinance_raw_daily
2025-01-31,6175.0,6225.0,6025.0,6025.0,4928.99267578125,107861000,0.0,0.0,yfinance_raw_daily
2025-02-03,5975.0,6000.0,5700.0,5800.0,4744.92333984375,182181700,0.0,0.0,yfinance_raw_daily
2025-02-04,5825.0,5850.0,5625.0,5675.0,4642.66162109375,121871500,0.0,0.0,yfinance_raw_daily
2025-02-05,5600.0,5600.0,5475.0,5525.0,4519.9482421875,185656000,0.0,0.0,yfinance_raw_daily
2025-02-06,5425.0,5425.0,5000.0,5100.0,4172.259765625,642118700,0.0,0.0,yfinance_raw_daily
2025-02-07,5000.0,5150.0,4950.0,5150.0,4213.16455078125,407896100,0.0,0.0,yfinance_raw_daily
2025-02-10,5150.0,5150.0,4990.0,5000.0,4090.450927734375,169384300,0.0,0.0,yfinance_raw_daily
2025-02-11,4750.0,4950.0,4750.0,4880.0,3992.280029296875,316743200,0.0,0.0,yfinance_raw_daily
2025-02-12,4920.0,4950.0,4830.0,4940.0,4041.365478515625,225073300,0.0,0.0,yfinance_raw_daily
2025-02-13,4940.0,5075.0,4900.0,5025.0,4110.90283203125,215271400,0.0,0.0,yfinance_raw_daily
2025-02-14,5100.0,5200.0,4970.0,5125.0,4192.7119140625,239709300,0.0,0.0,yfinance_raw_daily
2025-02-17,5200.0,5475.0,5175.0,5425.0,4438.13916015625,223837300,0.0,0.0,yfinance_raw_daily
2025-02-18,5450.0,5550.0,5375.0,5450.0,4458.59130859375,157430200,0.0,0.0,yfinance_raw_daily
2025-02-19,5375.0,5400.0,5125.0,5175.0,4233.61669921875,204335500,0.0,0.0,yfinance_raw_daily
2025-02-20,5125.0,5225.0,5100.0,5150.0,4213.16455078125,98363500,0.0,0.0,yfinance_raw_daily
2025-02-21,5000.0,5100.0,5000.0,5075.0,4151.80712890625,152528600,0.0,0.0,yfinance_raw_daily
2025-02-24,5050.0,5075.0,4980.0,5025.0,4110.90283203125,127578500,0.0,0.0,yfinance_raw_daily
2025-02-25,5000.0,5025.0,4860.0,4870.0,3984.098876953125,224607800,0.0,0.0,yfinance_raw_daily
2025-02-26,4860.0,4980.0,4850.0,4920.0,4025.003662109375,161836900,0.0,0.0,yfinance_raw_daily
2025-02-27,4930.0,4950.0,4660.0,4660.0,3812.300048828125,334919800,0.0,0.0,yfinance_raw_daily
2025-02-28,4620.0,4690.0,4550.0,4600.0,3763.21484375,464696700,0.0,0.0,yfinance_raw_daily
2025-03-03,4750.0,4980.0,4700.0,4900.0,4008.641845703125,257118300,0.0,0.0,yfinance_raw_daily
2025-03-04,4900.0,4920.0,4750.0,4840.0,3959.556396484375,144346500,0.0,0.0,yfinance_raw_daily
2025-03-05,4860.0,5050.0,4860.0,4860.0,3975.918212890625,252222800,0.0,0.0,yfinance_raw_daily
2025-03-06,4910.0,4980.0,4870.0,4870.0,3984.098876953125,194909200,0.0,0.0,yfinance_raw_daily
2025-03-07,4870.0,4870.0,4810.0,4840.0,3959.556396484375,117916600,0.0,0.0,yfinance_raw_daily
2025-03-10,4730.0,4760.0,4660.0,4710.0,3853.204833984375,231152200,0.0,0.0,yfinance_raw_daily
2025-03-11,4650.0,4780.0,4640.0,4740.0,3877.747314453125,150738100,0.0,0.0,yfinance_raw_daily
2025-03-12,4750.0,4880.0,4750.0,4880.0,3992.280029296875,129973900,0.0,0.0,yfinance_raw_daily
2025-03-13,4940.0,4940.0,4710.0,4740.0,3877.747314453125,176286000,0.0,0.0,yfinance_raw_daily
2025-03-14,4640.0,4800.0,4640.0,4740.0,3877.747314453125,154331400,0.0,0.0,yfinance_raw_daily
2025-03-17,4740.0,4770.0,4660.0,4680.0,3828.661865234375,135692800,0.0,0.0,yfinance_raw_daily
2025-03-18,4680.0,4690.0,4300.0,4530.0,3705.9482421875,387565100,0.0,0.0,yfinance_raw_daily
2025-03-19,4530.0,4700.0,4440.0,4680.0,3828.661865234375,273084900,0.0,0.0,yfinance_raw_daily
2025-03-20,4760.0,4770.0,4610.0,4620.0,3779.57666015625,138209700,0.0,0.0,yfinance_raw_daily
2025-03-21,4600.0,4610.0,4380.0,4410.0,3607.777587890625,374396400,0.0,0.0,yfinance_raw_daily
2025-03-24,4350.0,4530.0,4250.0,4460.0,3648.68212890625,319017400,0.0,0.0,yfinance_raw_daily
2025-03-25,4500.0,4810.0,4500.0,4740.0,3877.747314453125,313034100,0.0,0.0,yfinance_raw_daily
2025-03-26,4980.0,5175.0,4930.0,5150.0,4213.16455078125,582172700,0.0,0.0,yfinance_raw_daily
2025-03-27,5150.0,5250.0,5050.0,5200.0,4254.06884765625,301025300,0.0,0.0,yfinance_raw_daily
2025-04-08,4500.0,4830.0,4500.0,4670.0,3820.481201171875,738455000,0.0,0.0,yfinance_raw_daily
2025-04-09,4630.0,4790.0,4630.0,4710.0,3853.204833984375,316821100,0.0,0.0,yfinance_raw_daily
2025-04-10,5200.0,5225.0,4970.0,5025.0,4110.90283203125,559966600,0.0,0.0,yfinance_raw_daily
2025-04-11,5000.0,5175.0,4950.0,5100.0,4172.259765625,384917500,0.0,0.0,yfinance_raw_daily
2025-04-14,4650.0,4750.0,4650.0,4750.0,4276.87158203125,423716000,466.18436,0.0,yfinance_raw_daily
2025-04-15,4800.0,4820.0,4710.0,4710.0,4240.85595703125,230981700,0.0,0.0,yfinance_raw_daily
2025-04-16,4740.0,4750.0,4590.0,4630.0,4168.82421875,201660000,0.0,0.0,yfinance_raw_daily
2025-04-17,4630.0,4660.0,4570.0,4600.0,4141.81298828125,165381400,0.0,0.0,yfinance_raw_daily
2025-04-21,4600.0,4640.0,4560.0,4610.0,4150.81640625,83034600,0.0,0.0,yfinance_raw_daily
2025-04-22,4610.0,4720.0,4590.0,4720.0,4249.85986328125,126426200,0.0,0.0,yfinance_raw_daily
2025-04-23,4780.0,4900.0,4740.0,4900.0,4411.9306640625,273395600,0.0,0.0,yfinance_raw_daily
2025-04-24,4950.0,5025.0,4860.0,4890.0,4402.9267578125,282970000,0.0,0.0,yfinance_raw_daily
2025-04-25,4960.0,4960.0,4900.0,4900.0,4411.9306640625,134208400,0.0,0.0,yfinance_raw_daily
2025-04-28,4950.0,4980.0,4890.0,4920.0,4429.9384765625,90697900,0.0,0.0,yfinance_raw_daily
2025-04-29,4930.0,4950.0,4880.0,4940.0,4447.9462890625,108857600,0.0,0.0,yfinance_raw_daily
2025-04-30,4900.0,4920.0,4810.0,4890.0,4402.9267578125,278360600,0.0,0.0,yfinance_raw_daily
2025-05-02,4980.0,4980.0,4910.0,4960.0,4465.95458984375,146800800,0.0,0.0,yfinance_raw_daily
2025-05-05,4990.0,5100.0,4960.0,4980.0,4483.96240234375,154073100,0.0,0.0,yfinance_raw_daily
2025-05-06,5025.0,5050.0,4980.0,4980.0,4483.96240234375,120165500,0.0,0.0,yfinance_raw_daily
2025-05-07,5050.0,5050.0,4950.0,4950.0,4456.95068359375,100674600,0.0,0.0,yfinance_raw_daily
2025-05-08,4960.0,5025.0,4790.0,4790.0,4312.88720703125,205199700,0.0,0.0,yfinance_raw_daily
2025-05-09,4790.0,4830.0,4750.0,4770.0,4294.87939453125,164014200,0.0,0.0,yfinance_raw_daily
2025-05-14,4890.0,5050.0,4880.0,5050.0,4546.98974609375,342468200,0.0,0.0,yfinance_raw_daily
2025-05-15,5075.0,5400.0,5050.0,5325.0,4794.5986328125,300147300,0.0,0.0,yfinance_raw_daily
2025-05-16,5425.0,5475.0,5200.0,5475.0,4929.6572265625,229382100,0.0,0.0,yfinance_raw_daily
2025-05-19,5450.0,5575.0,5400.0,5525.0,4974.67724609375,191440600,0.0,0.0,yfinance_raw_daily
2025-05-20,5500.0,5550.0,5350.0,5400.0,4862.1279296875,145525700,0.0,0.0,yfinance_raw_daily
2025-05-21,5400.0,5550.0,5375.0,5450.0,4907.1474609375,167239400,0.0,0.0,yfinance_raw_daily
2025-05-22,5450.0,5500.0,5400.0,5450.0,4907.1474609375,137585600,0.0,0.0,yfinance_raw_daily
2025-05-23,5450.0,5475.0,5375.0,5425.0,4884.6376953125,67336400,0.0,0.0,yfinance_raw_daily
2025-05-26,5425.0,5475.0,5300.0,5475.0,4929.6572265625,102960800,0.0,0.0,yfinance_raw_daily
2025-05-27,5500.0,5500.0,5400.0,5400.0,4862.1279296875,86083800,0.0,0.0,yfinance_raw_daily
2025-05-28,5400.0,5425.0,5300.0,5300.0,4772.08837890625,190669100,0.0,0.0,yfinance_raw_daily
2025-06-02,5200.0,5250.0,5025.0,5075.0,4569.49951171875,373474500,0.0,0.0,yfinance_raw_daily
2025-06-03,5100.0,5125.0,4950.0,5050.0,4546.98974609375,169321800,0.0,0.0,yfinance_raw_daily
2025-06-04,5125.0,5125.0,4980.0,5025.0,4524.47998046875,139577800,0.0,0.0,yfinance_raw_daily
2025-06-05,5050.0,5075.0,5000.0,5075.0,4569.49951171875,69179700,0.0,0.0,yfinance_raw_daily
2025-06-10,5075.0,5250.0,5075.0,5250.0,4727.06884765625,158265000,0.0,0.0,yfinance_raw_daily
2025-06-11,5300.0,5300.0,5150.0,5200.0,4682.048828125,90666100,0.0,0.0,yfinance_raw_daily
2025-06-12,5225.0,5225.0,5125.0,5175.0,4659.5390625,72423700,0.0,0.0,yfinance_raw_daily
2025-06-13,5175.0,5250.0,5100.0,5150.0,4637.029296875,128071000,0.0,0.0,yfinance_raw_daily
2025-06-16,5150.0,5200.0,5100.0,5150.0,4637.029296875,61695600,0.0,0.0,yfinance_raw_daily
2025-06-17,5175.0,5225.0,5100.0,5100.0,4592.00927734375,70657700,0.0,0.0,yfinance_raw_daily
2025-06-18,5075.0,5100.0,5025.0,5075.0,4569.49951171875,53353000,0.0,0.0,yfinance_raw_daily
2025-06-19,5050.0,5050.0,4910.0,4970.0,4474.9580078125,114769600,0.0,0.0,yfinance_raw_daily
2025-06-20,4940.0,4990.0,4830.0,4930.0,4438.94287109375,301154300,0.0,0.0,yfinance_raw_daily
2025-06-23,4870.0,4930.0,4800.0,4920.0,4429.9384765625,119439200,0.0,0.0,yfinance_raw_daily
2025-06-24,5050.0,5125.0,5025.0,5025.0,4524.47998046875,126563900,0.0,0.0,yfinance_raw_daily
2025-06-25,5025.0,5050.0,4880.0,4880.0,4393.9228515625,139963400,0.0,0.0,yfinance_raw_daily
2025-06-26,4950.0,5025.0,4910.0,5025.0,4524.47998046875,94704500,0.0,0.0,yfinance_raw_daily
2025-06-30,5050.0,5050.0,4880.0,4880.0,4393.9228515625,220479900,0.0,0.0,yfinance_raw_daily
2025-07-01,4900.0,4910.0,4710.0,4750.0,4276.87158203125,319875800,0.0,0.0,yfinance_raw_daily
2025-07-02,4730.0,4770.0,4710.0,4770.0,4294.87939453125,159152200,0.0,0.0,yfinance_raw_daily
2025-07-03,4780.0,4850.0,4720.0,4740.0,4267.86767578125,103849000,0.0,0.0,yfinance_raw_daily
2025-07-04,4750.0,4790.0,4700.0,4740.0,4267.86767578125,104170500,0.0,0.0,yfinance_raw_daily
2025-07-07,4740.0,4750.0,4680.0,4740.0,4267.86767578125,120538300,0.0,0.0,yfinance_raw_daily
2025-07-08,4710.0,4750.0,4700.0,4720.0,4249.85986328125,132853800,0.0,0.0,yfinance_raw_daily
2025-07-09,4720.0,4760.0,4670.0,4710.0,4240.85595703125,110198500,0.0,0.0,yfinance_raw_daily
2025-07-10,4750.0,4830.0,4730.0,4820.0,4339.8994140625,160889700,0.0,0.0,yfinance_raw_daily
2025-07-11,4850.0,4990.0,4830.0,4970.0,4474.9580078125,219980300,0.0,0.0,yfinance_raw_daily
2025-07-14,4980.0,4990.0,4670.0,4690.0,4222.84814453125,429438700,0.0,0.0,yfinance_raw_daily
2025-07-15,4700.0,4740.0,4690.0,4700.0,4231.85205078125,206958200,0.0,0.0,yfinance_raw_daily
2025-07-16,4730.0,4760.0,4680.0,4690.0,4222.84814453125,323831100,0.0,0.0,yfinance_raw_daily
2025-07-17,4700.0,4720.0,4680.0,4720.0,4249.85986328125,120304000,0.0,0.0,yfinance_raw_daily
2025-07-18,4760.0,4810.0,4720.0,4740.0,4267.86767578125,161262400,0.0,0.0,yfinance_raw_daily
2025-07-21,4770.0,4770.0,4680.0,4680.0,4213.84423828125,103387400,0.0,0.0,yfinance_raw_daily
2025-07-22,4680.0,4710.0,4650.0,4660.0,4195.8359375,132984400,0.0,0.0,yfinance_raw_daily
2025-07-23,4660.0,4690.0,4660.0,4680.0,4213.84423828125,115298400,0.0,0.0,yfinance_raw_daily
2025-07-24,4690.0,4840.0,4680.0,4800.0,4321.8916015625,273623100,0.0,0.0,yfinance_raw_daily
2025-07-25,4800.0,4800.0,4690.0,4690.0,4222.84814453125,88471700,0.0,0.0,yfinance_raw_daily
2025-07-28,4730.0,4750.0,4690.0,4700.0,4231.85205078125,112048900,0.0,0.0,yfinance_raw_daily
2025-07-29,4700.0,4720.0,4690.0,4710.0,4240.85595703125,74422700,0.0,0.0,yfinance_raw_daily
2025-07-30,4710.0,4720.0,4620.0,4620.0,4159.8203125,141263400,0.0,0.0,yfinance_raw_daily
2025-07-31,4610.0,4640.0,4510.0,4510.0,4060.77685546875,155903600,0.0,0.0,yfinance_raw_daily
2025-08-01,4570.0,4610.0,4510.0,4530.0,4078.784912109375,157949900,0.0,0.0,yfinance_raw_daily
2025-08-04,4530.0,4630.0,4510.0,4620.0,4159.8203125,174404800,0.0,0.0,yfinance_raw_daily
2025-08-05,4690.0,4780.0,4660.0,4750.0,4276.87158203125,277668300,0.0,0.0,yfinance_raw_daily
2025-08-06,4750.0,4750.0,4690.0,4700.0,4231.85205078125,79277900,0.0,0.0,yfinance_raw_daily
2025-08-07,4740.0,4740.0,4680.0,4680.0,4213.84423828125,61453100,0.0,0.0,yfinance_raw_daily
2025-08-08,4680.0,4700.0,4660.0,4670.0,4204.84033203125,71516700,0.0,0.0,yfinance_raw_daily
2025-08-11,4710.0,4780.0,4700.0,4720.0,4249.85986328125,105204200,0.0,0.0,yfinance_raw_daily
2025-08-12,4770.0,4920.0,4750.0,4910.0,4420.93505859375,301599000,0.0,0.0,yfinance_raw_daily
2025-08-13,4930.0,4970.0,4860.0,4870.0,4384.9189453125,180844900,0.0,0.0,yfinance_raw_daily
2025-08-14,4910.0,4930.0,4840.0,4850.0,4366.9111328125,109457100,0.0,0.0,yfinance_raw_daily
2025-08-15,4890.0,4930.0,4850.0,4850.0,4366.9111328125,126685400,0.0,0.0,yfinance_raw_daily
2025-08-19,4860.0,4870.0,4780.0,4800.0,4321.8916015625,116454000,0.0,0.0,yfinance_raw_daily
2025-08-20,4790.0,4950.0,4780.0,4950.0,4456.95068359375,144622900,0.0,0.0,yfinance_raw_daily
2025-08-21,4950.0,4950.0,4860.0,4900.0,4411.9306640625,132019200,0.0,0.0,yfinance_raw_daily
2025-08-22,4920.0,4920.0,4870.0,4890.0,4402.9267578125,73104500,0.0,0.0,yfinance_raw_daily
2025-08-25,4950.0,4980.0,4920.0,4950.0,4456.95068359375,149580800,0.0,0.0,yfinance_raw_daily
2025-08-26,4950.0,4950.0,4860.0,4900.0,4411.9306640625,308891700,0.0,0.0,yfinance_raw_daily
2025-08-27,4840.0,4880.0,4800.0,4800.0,4321.8916015625,113576300,0.0,0.0,yfinance_raw_daily
2025-08-28,4790.0,4850.0,4770.0,4770.0,4294.87939453125,111707400,0.0,0.0,yfinance_raw_daily
2025-08-29,4720.0,4750.0,4660.0,4730.0,4258.86376953125,176485100,0.0,0.0,yfinance_raw_daily
2025-09-01,4550.0,4670.0,4460.0,4600.0,4141.81298828125,320335300,0.0,0.0,yfinance_raw_daily
2025-09-02,4610.0,4670.0,4560.0,4570.0,4114.80078125,150045600,0.0,0.0,yfinance_raw_daily
2025-09-03,4620.0,4660.0,4570.0,4620.0,4159.8203125,131617900,0.0,0.0,yfinance_raw_daily
2025-09-04,4630.0,4680.0,4620.0,4680.0,4213.84423828125,88735300,0.0,0.0,yfinance_raw_daily
2025-09-08,4750.0,4750.0,4460.0,4490.0,4042.76953125,200234500,0.0,0.0,yfinance_raw_daily
2025-09-09,4450.0,4480.0,4310.0,4310.0,3880.6982421875,509366600,0.0,0.0,yfinance_raw_daily
2025-09-10,4360.0,4420.0,4350.0,4400.0,3961.733642578125,293494200,0.0,0.0,yfinance_raw_daily
2025-09-11,4480.0,4540.0,4450.0,4480.0,4033.76513671875,366697800,0.0,0.0,yfinance_raw_daily
2025-09-12,4500.0,4550.0,4480.0,4520.0,4069.781005859375,216960200,0.0,0.0,yfinance_raw_daily
2025-09-15,4550.0,4640.0,4520.0,4530.0,4078.784912109375,231346000,0.0,0.0,yfinance_raw_daily
2025-09-16,4570.0,4570.0,4460.0,4480.0,4033.76513671875,122027400,0.0,0.0,yfinance_raw_daily
2025-09-17,4480.0,4520.0,4440.0,4510.0,4060.77685546875,232702500,0.0,0.0,yfinance_raw_daily
2025-09-18,4540.0,4550.0,4420.0,4420.0,3979.741455078125,177560100,0.0,0.0,yfinance_raw_daily
2025-09-19,4350.0,4420.0,4330.0,4380.0,3943.72607421875,235975900,0.0,0.0,yfinance_raw_daily
2025-09-22,4410.0,4420.0,4360.0,4420.0,3979.741455078125,107176100,0.0,0.0,yfinance_raw_daily
2025-09-23,4390.0,4430.0,4370.0,4410.0,3970.73779296875,90675500,0.0,0.0,yfinance_raw_daily
2025-09-24,4410.0,4430.0,4390.0,4390.0,3952.729736328125,85439100,0.0,0.0,yfinance_raw_daily
2025-09-25,4400.0,4410.0,4360.0,4360.0,3925.71826171875,73946900,0.0,0.0,yfinance_raw_daily
2025-09-26,4350.0,4430.0,4350.0,4420.0,3979.741455078125,86572900,0.0,0.0,yfinance_raw_daily
2025-09-29,4420.0,4430.0,4400.0,4400.0,3961.733642578125,63753600,0.0,0.0,yfinance_raw_daily
2025-09-30,4420.0,4450.0,4380.0,4400.0,3961.733642578125,108639600,0.0,0.0,yfinance_raw_daily
2025-10-01,4360.0,4400.0,4350.0,4380.0,3943.72607421875,92265100,0.0,0.0,yfinance_raw_daily
2025-10-02,4410.0,4440.0,4360.0,4360.0,3925.71826171875,93387400,0.0,0.0,yfinance_raw_daily
2025-10-03,4370.0,4380.0,4300.0,4310.0,3880.6982421875,102459100,0.0,0.0,yfinance_raw_daily
2025-10-06,4320.0,4330.0,4260.0,4260.0,3835.678466796875,96040500,0.0,0.0,yfinance_raw_daily
2025-10-07,4260.0,4320.0,4250.0,4290.0,3862.690185546875,100237500,0.0,0.0,yfinance_raw_daily
2025-10-08,4280.0,4290.0,4210.0,4250.0,3826.6748046875,97466800,0.0,0.0,yfinance_raw_daily
2025-10-09,4240.0,4450.0,4200.0,4390.0,3952.729736328125,183242600,0.0,0.0,yfinance_raw_daily
2025-10-10,4410.0,4420.0,4250.0,4250.0,3826.6748046875,139911200,0.0,0.0,yfinance_raw_daily
2025-10-13,4210.0,4240.0,4200.0,4230.0,3808.6669921875,79178600,0.0,0.0,yfinance_raw_daily
2025-10-14,4220.0,4270.0,4090.0,4090.0,3682.611572265625,188507000,0.0,0.0,yfinance_raw_daily
2025-10-15,4110.0,4140.0,4010.0,4050.0,3646.595947265625,270562400,0.0,0.0,yfinance_raw_daily
2025-10-16,4050.0,4150.0,4050.0,4090.0,3682.611572265625,125979600,0.0,0.0,yfinance_raw_daily
2025-10-17,4110.0,4110.0,4030.0,4050.0,3646.595947265625,247510000,0.0,0.0,yfinance_raw_daily
2025-10-20,4120.0,4320.0,4070.0,4300.0,3871.6943359375,331939200,0.0,0.0,yfinance_raw_daily
2025-10-21,4350.0,4390.0,4300.0,4350.0,3916.7138671875,230858900,0.0,0.0,yfinance_raw_daily
2025-10-22,4350.0,4460.0,4290.0,4330.0,3898.7060546875,216261300,0.0,0.0,yfinance_raw_daily
2025-10-23,4310.0,4440.0,4310.0,4430.0,3988.74560546875,202102500,0.0,0.0,yfinance_raw_daily
2025-10-24,4380.0,4590.0,4380.0,4550.0,4096.79296875,350420300,0.0,0.0,yfinance_raw_daily
2025-10-27,4590.0,4600.0,4410.0,4470.0,4024.761474609375,245576100,0.0,0.0,yfinance_raw_daily
2025-10-28,4490.0,4510.0,4440.0,4510.0,4060.77685546875,174666600,0.0,0.0,yfinance_raw_daily
2025-10-29,4500.0,4650.0,4490.0,4650.0,4186.83251953125,176978800,0.0,0.0,yfinance_raw_daily
2025-10-30,4670.0,4830.0,4650.0,4800.0,4321.8916015625,390256000,0.0,0.0,yfinance_raw_daily
2025-10-31,4790.0,4800.0,4720.0,4720.0,4249.85986328125,227378000,0.0,0.0,yfinance_raw_daily
2025-11-03,4710.0,4760.0,4700.0,4760.0,4285.87548828125,129834200,0.0,0.0,yfinance_raw_daily
2025-11-04,4760.0,4790.0,4720.0,4730.0,4258.86376953125,136412400,0.0,0.0,yfinance_raw_daily
2025-11-05,4690.0,4770.0,4680.0,4770.0,4294.87939453125,102878900,0.0,0.0,yfinance_raw_daily
2025-11-06,4790.0,4790.0,4750.0,4750.0,4276.87158203125,57932600,0.0,0.0,yfinance_raw_daily
2025-11-07,4750.0,4780.0,4740.0,4750.0,4276.87158203125,58845500,0.0,0.0,yfinance_raw_daily
2025-11-10,4790.0,4790.0,4730.0,4730.0,4258.86376953125,88738200,0.0,0.0,yfinance_raw_daily
2025-11-11,4740.0,4750.0,4610.0,4680.0,4213.84423828125,168794500,0.0,0.0,yfinance_raw_daily
2025-11-12,4680.0,4790.0,4680.0,4760.0,4285.87548828125,138539800,0.0,0.0,yfinance_raw_daily
2025-11-13,4760.0,4760.0,4690.0,4700.0,4231.85205078125,108100300,0.0,0.0,yfinance_raw_daily
2025-11-14,4690.0,4750.0,4680.0,4750.0,4276.87158203125,73479600,0.0,0.0,yfinance_raw_daily
2025-11-17,4780.0,4850.0,4770.0,4820.0,4339.8994140625,136477100,0.0,0.0,yfinance_raw_daily
2025-11-18,4810.0,4850.0,4780.0,4790.0,4312.88720703125,127022100,0.0,0.0,yfinance_raw_daily
2025-11-19,4820.0,4850.0,4800.0,4850.0,4366.9111328125,107585700,0.0,0.0,yfinance_raw_daily
2025-11-20,4940.0,4990.0,4900.0,4940.0,4447.9462890625,234717700,0.0,0.0,yfinance_raw_daily
2025-11-21,4940.0,4970.0,4900.0,4950.0,4456.95068359375,142452600,0.0,0.0,yfinance_raw_daily
2025-11-24,4910.0,5100.0,4870.0,5100.0,4592.00927734375,303252000,0.0,0.0,yfinance_raw_daily
2025-11-25,5075.0,5100.0,4950.0,5025.0,4524.47998046875,169379300,0.0,0.0,yfinance_raw_daily
2025-11-26,5025.0,5025.0,4960.0,5025.0,4524.47998046875,128492000,0.0,0.0,yfinance_raw_daily
2025-11-27,5025.0,5025.0,4850.0,4860.0,4375.9150390625,170213000,0.0,0.0,yfinance_raw_daily
2025-11-28,4800.0,4880.0,4800.0,4830.0,4348.9033203125,128777200,0.0,0.0,yfinance_raw_daily
2025-12-01,4850.0,4910.0,4820.0,4860.0,4375.9150390625,58603700,0.0,0.0,yfinance_raw_daily
2025-12-02,4920.0,4940.0,4820.0,4850.0,4366.9111328125,104013500,0.0,0.0,yfinance_raw_daily
2025-12-03,4850.0,4920.0,4820.0,4880.0,4393.9228515625,102556300,0.0,0.0,yfinance_raw_daily
2025-12-04,4930.0,4940.0,4880.0,4920.0,4429.9384765625,59392600,0.0,0.0,yfinance_raw_daily
2025-12-05,4940.0,4940.0,4870.0,4900.0,4411.9306640625,53969200,0.0,0.0,yfinance_raw_daily
2025-12-08,4950.0,4960.0,4910.0,4950.0,4456.95068359375,62947600,0.0,0.0,yfinance_raw_daily
2025-12-09,4970.0,4980.0,4870.0,4890.0,4402.9267578125,134575200,0.0,0.0,yfinance_raw_daily
2025-12-10,4950.0,4970.0,4870.0,4970.0,4474.9580078125,96005900,0.0,0.0,yfinance_raw_daily
2025-12-11,5000.0,5050.0,4830.0,4950.0,4456.95068359375,151956700,0.0,0.0,yfinance_raw_daily
2025-12-12,4980.0,4980.0,4820.0,4820.0,4339.8994140625,111830600,0.0,0.0,yfinance_raw_daily
2025-12-15,4820.0,5025.0,4790.0,4990.0,4492.96630859375,122451500,0.0,0.0,yfinance_raw_daily
2025-12-16,5025.0,5050.0,4920.0,5000.0,4501.97021484375,137373200,0.0,0.0,yfinance_raw_daily
2025-12-17,4990.0,5025.0,4960.0,5025.0,4524.47998046875,94254100,0.0,0.0,yfinance_raw_daily
2025-12-18,5025.0,5175.0,5025.0,5150.0,4637.029296875,150669000,0.0,0.0,yfinance_raw_daily
2025-12-19,5175.0,5200.0,5100.0,5175.0,4659.5390625,161960800,0.0,0.0,yfinance_raw_daily
2025-12-22,5175.0,5200.0,5025.0,5100.0,4592.00927734375,93615600,0.0,0.0,yfinance_raw_daily
2025-12-23,5050.0,5100.0,5000.0,5050.0,4546.98974609375,44307700,0.0,0.0,yfinance_raw_daily
2025-12-24,5025.0,5100.0,5025.0,5050.0,4546.98974609375,40272500,0.0,0.0,yfinance_raw_daily
2025-12-29,5075.0,5150.0,5050.0,5075.0,4569.49951171875,55697500,0.0,0.0,yfinance_raw_daily
2025-12-30,5075.0,5150.0,5050.0,5100.0,4592.00927734375,74077800,0.0,0.0,yfinance_raw_daily
2026-01-02,5125.0,5150.0,5025.0,5075.0,4569.49951171875,59263700,0.0,0.0,yfinance_raw_daily
2026-01-05,5075.0,5100.0,5025.0,5050.0,4546.98974609375,108458200,0.0,0.0,yfinance_raw_daily
2026-01-06,4990.0,4990.0,4880.0,4880.0,4482.68896484375,180600600,100.0,0.0,yfinance_raw_daily
2026-01-07,4890.0,4900.0,4800.0,4810.0,4418.38818359375,284261700,0.0,0.0,yfinance_raw_daily
2026-01-08,4820.0,4880.0,4810.0,4810.0,4418.38818359375,108534300,0.0,0.0,yfinance_raw_daily
2026-01-09,4820.0,4840.0,4760.0,4760.0,4372.458984375,104703800,0.0,0.0,yfinance_raw_daily
2026-01-12,4780.0,4850.0,4720.0,4770.0,4381.64453125,118384500,0.0,0.0,yfinance_raw_daily
2026-01-13,4800.0,4840.0,4780.0,4820.0,4427.57373046875,93419500,0.0,0.0,yfinance_raw_daily
2026-01-14,4840.0,4850.0,4770.0,4840.0,4445.94580078125,114314800,0.0,0.0,yfinance_raw_daily
2026-01-15,4840.0,5075.0,4830.0,4990.0,4583.7333984375,245024400,0.0,0.0,yfinance_raw_daily
2026-01-19,5025.0,5100.0,4980.0,5000.0,4592.9189453125,197645100,0.0,0.0,yfinance_raw_daily
2026-01-20,5000.0,5075.0,4990.0,5025.0,4615.8837890625,93803800,0.0,0.0,yfinance_raw_daily
2026-01-21,5025.0,5025.0,4930.0,4990.0,4583.7333984375,117548600,0.0,0.0,yfinance_raw_daily
2026-01-22,4990.0,5025.0,4930.0,4980.0,4574.54736328125,145002200,0.0,0.0,yfinance_raw_daily
2026-01-23,4980.0,5000.0,4870.0,4990.0,4583.7333984375,116237200,0.0,0.0,yfinance_raw_daily
2026-01-26,4910.0,4970.0,4870.0,4910.0,4510.24658203125,225443300,0.0,0.0,yfinance_raw_daily
2026-01-27,4860.0,4910.0,4800.0,4810.0,4418.38818359375,160620600,0.0,0.0,yfinance_raw_daily
2026-01-28,4570.0,4810.0,4410.0,4560.0,4188.7421875,643802800,0.0,0.0,yfinance_raw_daily
2026-01-29,4420.0,4640.0,4070.0,4630.0,4253.04296875,907054600,0.0,0.0,yfinance_raw_daily
2026-01-30,4700.0,4880.0,4630.0,4820.0,4427.57373046875,343393600,0.0,0.0,yfinance_raw_daily
2026-02-02,4900.0,4920.0,4710.0,4800.0,4409.2021484375,290622800,0.0,0.0,yfinance_raw_daily
2026-02-03,4830.0,4850.0,4710.0,4830.0,4436.759765625,169775800,0.0,0.0,yfinance_raw_daily
2026-02-04,4860.0,5025.0,4830.0,5000.0,4592.9189453125,232816800,0.0,0.0,yfinance_raw_daily
2026-02-05,5050.0,5100.0,5000.0,5050.0,4638.84814453125,209505400,0.0,0.0,yfinance_raw_daily
2026-02-06,4950.0,5050.0,4890.0,5050.0,4638.84814453125,278775900,0.0,0.0,yfinance_raw_daily
2026-02-09,5050.0,5075.0,4950.0,5000.0,4592.9189453125,177079900,0.0,0.0,yfinance_raw_daily
2026-02-10,5000.0,5100.0,4990.0,5100.0,4684.77734375,177110700,0.0,0.0,yfinance_raw_daily
2026-02-11,5075.0,5100.0,4990.0,5025.0,4615.8837890625,201135900,0.0,0.0,yfinance_raw_daily
2026-02-12,5025.0,5075.0,5000.0,5075.0,4661.81298828125,121407500,0.0,0.0,yfinance_raw_daily
2026-02-13,5050.0,5075.0,4970.0,5075.0,4661.81298828125,157236900,0.0,0.0,yfinance_raw_daily
2026-02-18,5075.0,5275.0,5050.0,5275.0,4845.52978515625,212076100,0.0,0.0,yfinance_raw_daily
2026-02-19,5275.0,5300.0,5050.0,5075.0,4661.81298828125,133827800,0.0,0.0,yfinance_raw_daily
2026-02-20,5100.0,5175.0,5050.0,5125.0,4707.7421875,88563800,0.0,0.0,yfinance_raw_daily
2026-02-23,5150.0,5275.0,5150.0,5275.0,4845.52978515625,131077800,0.0,0.0,yfinance_raw_daily
2026-02-24,5275.0,5375.0,5250.0,5375.0,4937.38818359375,203553200,0.0,0.0,yfinance_raw_daily
2026-02-25,5350.0,5375.0,5300.0,5300.0,4868.494140625,147700600,0.0,0.0,yfinance_raw_daily
2026-02-26,5350.0,5350.0,5200.0,5325.0,4891.458984375,120621100,0.0,0.0,yfinance_raw_daily
2026-02-27,5325.0,5350.0,5275.0,5275.0,4845.52978515625,206461200,0.0,0.0,yfinance_raw_daily
2026-03-02,5125.0,5175.0,5050.0,5075.0,4661.81298828125,168721700,0.0,0.0,yfinance_raw_daily
2026-03-03,5100.0,5175.0,5050.0,5100.0,4684.77734375,106384700,0.0,0.0,yfinance_raw_daily
2026-03-04,5050.0,5075.0,4870.0,4980.0,4574.54736328125,294487200,0.0,0.0,yfinance_raw_daily
2026-03-05,5025.0,5125.0,5000.0,5125.0,4707.7421875,133690000,0.0,0.0,yfinance_raw_daily
2026-03-06,5075.0,5100.0,4950.0,4980.0,4574.54736328125,127625100,0.0,0.0,yfinance_raw_daily
2026-03-09,4800.0,4870.0,4780.0,4820.0,4427.57373046875,217673200,0.0,0.0,yfinance_raw_daily
2026-03-10,4920.0,4990.0,4860.0,4910.0,4510.24658203125,124581800,0.0,0.0,yfinance_raw_daily
2026-03-11,4930.0,4970.0,4880.0,4880.0,4482.68896484375,86606500,0.0,0.0,yfinance_raw_daily
2026-03-12,4870.0,4980.0,4870.0,4960.0,4556.17578125,85989900,0.0,0.0,yfinance_raw_daily
2026-03-13,4900.0,4920.0,4750.0,4750.0,4363.27294921875,187462500,0.0,0.0,yfinance_raw_daily
2026-03-16,4730.0,4740.0,4630.0,4700.0,4317.34375,149035900,0.0,0.0,yfinance_raw_daily
2026-03-17,4750.0,4780.0,4710.0,4730.0,4344.9013671875,274977700,0.0,0.0,yfinance_raw_daily
2026-03-25,4650.0,4970.0,4650.0,4970.0,4565.361328125,389331300,0.0,0.0,yfinance_raw_daily
2026-03-26,4970.0,4980.0,4840.0,4840.0,4445.94580078125,120735200,0.0,0.0,yfinance_raw_daily
2026-03-27,4840.0,4870.0,4760.0,4760.0,4372.458984375,73158700,0.0,0.0,yfinance_raw_daily
2026-03-30,4710.0,4750.0,4690.0,4700.0,4317.34375,110819500,0.0,0.0,yfinance_raw_daily
2026-03-31,4710.0,4790.0,4700.0,4720.0,4335.7158203125,184777500,0.0,0.0,yfinance_raw_daily
2026-04-01,4800.0,4830.0,4680.0,4720.0,4335.7158203125,162832600,0.0,0.0,yfinance_raw_daily
2026-04-02,4720.0,4730.0,4640.0,4650.0,4271.41455078125,109496300,0.0,0.0,yfinance_raw_daily
2026-04-06,4650.0,4700.0,4600.0,4610.0,4234.67138671875,60887500,0.0,0.0,yfinance_raw_daily
2026-04-07,4600.0,4610.0,4500.0,4510.0,4142.81298828125,190831700,0.0,0.0,yfinance_raw_daily
2026-04-08,4670.0,4700.0,4630.0,4670.0,4289.78662109375,169872400,0.0,0.0,yfinance_raw_daily
2026-04-09,4650.0,4650.0,4570.0,4570.0,4197.92822265625,128431200,0.0,0.0,yfinance_raw_daily
2026-04-10,4580.0,4700.0,4580.0,4670.0,4289.78662109375,103583800,0.0,0.0,yfinance_raw_daily
2026-04-13,4640.0,4660.0,4600.0,4600.0,4225.4853515625,103202100,0.0,0.0,yfinance_raw_daily
2026-04-14,4670.0,4720.0,4650.0,4710.0,4326.52978515625,135501000,0.0,0.0,yfinance_raw_daily
2026-04-15,4750.0,4770.0,4640.0,4650.0,4271.41455078125,104621600,0.0,0.0,yfinance_raw_daily
2026-04-16,4680.0,4680.0,4620.0,4640.0,4262.22900390625,120500900,0.0,0.0,yfinance_raw_daily
2026-04-17,4670.0,4700.0,4580.0,4620.0,4243.857421875,125867600,0.0,0.0,yfinance_raw_daily
2026-04-20,4640.0,4670.0,4590.0,4620.0,4243.857421875,104938900,0.0,0.0,yfinance_raw_daily
2026-04-21,4610.0,4700.0,4610.0,4700.0,4317.34375,120070400,0.0,0.0,yfinance_raw_daily
2026-04-22,4700.0,4770.0,4700.0,4750.0,4363.27294921875,113814200,0.0,0.0,yfinance_raw_daily
2026-04-23,4760.0,4770.0,4630.0,4630.0,4253.04296875,133792200,0.0,0.0,yfinance_raw_daily
2026-04-24,4630.0,4630.0,4490.0,4500.0,4133.626953125,218703100,0.0,0.0,yfinance_raw_daily
2026-04-27,4500.0,4510.0,4360.0,4400.0,4041.768798828125,257209000,0.0,0.0,yfinance_raw_daily
2026-04-28,4420.0,4480.0,4350.0,4430.0,4069.326171875,246361500,0.0,0.0,yfinance_raw_daily
2026-04-29,4440.0,4530.0,4430.0,4430.0,4069.326171875,201458600,0.0,0.0,yfinance_raw_daily
2026-04-30,4430.0,4450.0,4370.0,4390.0,4032.5830078125,186960200,0.0,0.0,yfinance_raw_daily
2026-05-04,4430.0,4470.0,4410.0,4420.0,4060.140380859375,166294600,0.0,0.0,yfinance_raw_daily
2026-05-05,4420.0,4570.0,4410.0,4490.0,4124.44140625,186702000,0.0,0.0,yfinance_raw_daily
2026-05-06,4530.0,4550.0,4480.0,4510.0,4142.81298828125,156255400,0.0,0.0,yfinance_raw_daily
2026-05-07,4570.0,4640.0,4550.0,4640.0,4262.22900390625,262269600,0.0,0.0,yfinance_raw_daily
2026-05-08,4650.0,4710.0,4620.0,4630.0,4253.04296875,369212800,0.0,0.0,yfinance_raw_daily
2026-05-11,4310.0,4340.0,4250.0,4250.0,4250.0,424518900,376.95694,0.0,yfinance_raw_daily
2026-05-12,4270.0,4270.0,4190.0,4240.0,4240.0,221247900,0.0,0.0,yfinance_raw_daily
2026-05-13,4230.0,4250.0,4190.0,4200.0,4200.0,192288300,0.0,0.0,yfinance_raw_daily
2026-05-14,4200.0,4200.0,4200.0,4200.0,4200.0,0,0.0,0.0,yfinance_raw_daily
2026-05-15,4200.0,4200.0,4200.0,4200.0,4200.0,0,0.0,0.0,yfinance_raw_daily
2026-05-18,4170.0,4170.0,4080.0,4130.0,4130.0,316067300,0.0,0.0,yfinance_raw_daily
2026-05-19,4130.0,4260.0,4100.0,4130.0,4130.0,306901800,0.0,0.0,yfinance_raw_daily
2026-05-20,4150.0,4290.0,4110.0,4230.0,4230.0,308468000,0.0,0.0,yfinance_raw_daily
2026-05-21,4280.0,4280.0,4130.0,4170.0,4170.0,137461700,0.0,0.0,yfinance_raw_daily
2026-05-22,4140.0,4150.0,4040.0,4120.0,4120.0,190022900,0.0,0.0,yfinance_raw_daily
2026-05-25,4160.0,4300.0,4130.0,4220.0,4220.0,235113500,0.0,0.0,yfinance_raw_daily
2026-05-26,4210.0,4220.0,4130.0,4130.0,4130.0,181583300,0.0,0.0,yfinance_raw_daily
2026-05-27,4130.0,4130.0,4130.0,4130.0,4130.0,0,0.0,0.0,yfinance_raw_daily
2026-05-28,4130.0,4130.0,4130.0,4130.0,4130.0,0,0.0,0.0,yfinance_raw_daily
2026-05-29,4120.0,4190.0,4080.0,4080.0,4080.0,442625300,0.0,0.0,yfinance_raw_daily
2026-06-02,4090.0,4190.0,4090.0,4170.0,4170.0,261911500,0.0,0.0,yfinance_raw_daily
2026-06-03,4200.0,4200.0,4020.0,4050.0,4050.0,287274100,0.0,0.0,yfinance_raw_daily
2026-06-04,4050.0,4060.0,3930.0,3970.0,3970.0,328529500,0.0,0.0,yfinance_raw_daily
2026-06-05,3900.0,3950.0,3820.0,3840.0,3840.0,320689600,0.0,0.0,yfinance_raw_daily
2026-06-08,3810.0,3900.0,3700.0,3710.0,3710.0,387103400,0.0,0.0,yfinance_raw_daily
2026-06-09,3650.0,4090.0,3650.0,4090.0,4090.0,484957600,0.0,0.0,yfinance_raw_daily
2026-06-10,4100.0,4260.0,4050.0,4260.0,4260.0,359183100,0.0,0.0,yfinance_raw_daily
2026-06-11,4260.0,4340.0,4140.0,4250.0,4250.0,308861000,0.0,0.0,yfinance_raw_daily
2026-06-12,4320.0,4320.0,4200.0,4200.0,4200.0,241735800,0.0,0.0,yfinance_raw_daily
2026-06-15,4300.0,4500.0,4300.0,4500.0,4500.0,310948900,0.0,0.0,yfinance_raw_daily
2026-06-17,4500.0,4570.0,4390.0,4490.0,4490.0,286865700,0.0,0.0,yfinance_raw_daily
2026-06-18,4440.0,4470.0,4340.0,4470.0,4470.0,190568200,0.0,0.0,yfinance_raw_daily
2026-06-19,4390.0,4470.0,4300.0,4310.0,4310.0,377274300,0.0,0.0,yfinance_raw_daily
2026-06-22,4320.0,4340.0,4220.0,4220.0,4220.0,101336500,0.0,0.0,yfinance_raw_daily
2026-06-23,4200.0,4210.0,4090.0,4120.0,4120.0,248512500,0.0,0.0,yfinance_raw_daily
2026-06-24,4130.0,4180.0,3970.0,3970.0,3970.0,254221600,0.0,0.0,yfinance_raw_daily
2026-06-25,3970.0,4090.0,3960.0,4000.0,4000.0,275422800,0.0,0.0,yfinance_raw_daily
2026-06-26,4000.0,4040.0,3900.0,3990.0,3990.0,247361000,0.0,0.0,yfinance_raw_daily
2026-06-29,3990.0,4010.0,3930.0,3940.0,3940.0,120733900,0.0,0.0,yfinance_raw_daily
2026-06-30,3930.0,3930.0,3830.0,3850.0,3850.0,200553100,0.0,0.0,yfinance_raw_daily
2026-07-01,3810.0,3880.0,3800.0,3810.0,3810.0,142033400,0.0,0.0,yfinance_raw_daily
2026-07-02,3810.0,3960.0,3810.0,3900.0,3900.0,181957900,0.0,0.0,yfinance_raw_daily
2026-07-03,3950.0,4040.0,3950.0,4010.0,4010.0,97694100,0.0,0.0,yfinance_raw_daily
2026-07-06,4020.0,4040.0,3940.0,4030.0,4030.0,143666300,0.0,0.0,yfinance_raw_daily
2026-07-07,4030.0,4090.0,3990.0,4070.0,4070.0,181399100,0.0,0.0,yfinance_raw_daily
2026-07-08,4080.0,4080.0,3970.0,3970.0,3970.0,107252600,0.0,0.0,yfinance_raw_daily
2026-07-09,3960.0,4040.0,3950.0,4040.0,4040.0,109084100,0.0,0.0,yfinance_raw_daily
2026-07-10,4050.0,4080.0,4010.0,4080.0,4080.0,73997600,0.0,0.0,yfinance_raw_daily
2026-07-13,4070.0,4260.0,4020.0,4250.0,4250.0,140381100,0.0,0.0,yfinance_raw_daily
2026-07-14,4250.0,4260.0,4130.0,4160.0,4160.0,186937300,0.0,0.0,yfinance_raw_daily
2026-07-15,4220.0,4270.0,4170.0,4200.0,4200.0,145283200,0.0,0.0,yfinance_raw_daily
2026-07-16,4240.0,4310.0,4220.0,4310.0,4310.0,103434900,0.0,0.0,yfinance_raw_daily
2026-07-17,4310.0,4490.0,4270.0,4480.0,4480.0,258763500,0.0,0.0,yfinance_raw_daily
2026-07-20,4480.0,4520.0,4420.0,4450.0,4450.0,197096400,0.0,0.0,yfinance_raw_daily
2026-07-21,4480.0,4490.0,4430.0,4450.0,4450.0,43543000,0.0,0.0,yfinance_raw_daily
