date,open,high,low,close,adj_close,volume,dividends,splits,source
2007-09-26,565.0,565.0,565.0,565.0,562.26611328125,249977500,0.0,0.0,yfinance_raw_daily
2007-09-27,530.0,600.0,510.0,530.0,527.4354858398438,452358016,0.0,0.0,yfinance_raw_daily
2007-09-28,510.0,530.0,480.0,510.0,507.5322570800781,136396000,0.0,0.0,yfinance_raw_daily
2007-10-01,590.0,600.0,510.0,590.0,587.1451416015625,227410496,0.0,0.0,yfinance_raw_daily
2007-10-02,590.0,590.0,590.0,590.0,587.1451416015625,0,0.0,0.0,yfinance_raw_daily
2007-10-03,610.0,630.0,600.0,610.0,607.0484008789062,275751488,0.0,0.0,yfinance_raw_daily
2007-10-04,620.0,620.0,600.0,620.0,617.0,66435500,0.0,0.0,yfinance_raw_daily
2007-10-05,620.0,620.0,620.0,620.0,617.0,0,0.0,0.0,yfinance_raw_daily
2007-10-08,620.0,620.0,620.0,620.0,617.0,0,0.0,0.0,yfinance_raw_daily
2007-10-09,700.0,700.0,650.0,700.0,696.6129150390625,138373504,0.0,0.0,yfinance_raw_daily
2007-10-10,730.0,740.0,700.0,730.0,726.4677734375,211680000,0.0,0.0,yfinance_raw_daily
2007-10-11,740.0,750.0,720.0,740.0,736.4193725585938,132957504,0.0,0.0,yfinance_raw_daily
2007-10-17,790.0,790.0,720.0,790.0,786.1774291992188,202275504,0.0,0.0,yfinance_raw_daily
2007-10-18,740.0,820.0,740.0,740.0,736.4193725585938,503560000,0.0,0.0,yfinance_raw_daily
2007-10-19,720.0,760.0,700.0,720.0,716.51611328125,162416000,0.0,0.0,yfinance_raw_daily
2007-10-22,720.0,720.0,720.0,720.0,716.51611328125,0,0.0,0.0,yfinance_raw_daily
2007-10-23,710.0,710.0,680.0,710.0,706.5645141601562,193820992,0.0,0.0,yfinance_raw_daily
2007-10-24,670.0,720.0,670.0,670.0,666.758056640625,193568992,0.0,0.0,yfinance_raw_daily
2007-10-25,690.0,690.0,670.0,690.0,686.6613159179688,111302000,0.0,0.0,yfinance_raw_daily
2007-10-26,670.0,690.0,660.0,670.0,666.758056640625,68905000,0.0,0.0,yfinance_raw_daily
2007-10-29,660.0,680.0,650.0,660.0,656.8064575195312,42538500,0.0,0.0,yfinance_raw_daily
2007-10-30,660.0,690.0,650.0,670.0,666.758056640625,116017000,0.0,0.0,yfinance_raw_daily
2007-10-31,670.0,670.0,670.0,670.0,666.758056640625,0,0.0,0.0,yfinance_raw_daily
2007-11-01,650.0,690.0,630.0,650.0,646.8548583984375,198385504,0.0,0.0,yfinance_raw_daily
2007-11-02,640.0,650.0,610.0,640.0,636.9031982421875,89326496,0.0,0.0,yfinance_raw_daily
2007-11-05,640.0,640.0,640.0,640.0,636.9031982421875,0,0.0,0.0,yfinance_raw_daily
2007-11-06,650.0,670.0,620.0,650.0,646.8548583984375,156448000,0.0,0.0,yfinance_raw_daily
2007-11-07,630.0,660.0,620.0,630.0,626.9515991210938,85130000,0.0,0.0,yfinance_raw_daily
2007-11-08,610.0,630.0,600.0,610.0,607.0484008789062,100922000,0.0,0.0,yfinance_raw_daily
2007-11-09,610.0,610.0,600.0,610.0,607.0484008789062,61776500,0.0,0.0,yfinance_raw_daily
2007-11-12,610.0,610.0,590.0,610.0,607.0484008789062,27511000,0.0,0.0,yfinance_raw_daily
2007-11-13,620.0,630.0,590.0,620.0,617.0,48091500,0.0,0.0,yfinance_raw_daily
2007-11-14,630.0,640.0,610.0,630.0,626.9515991210938,59333000,0.0,0.0,yfinance_raw_daily
2007-11-15,640.0,670.0,630.0,640.0,636.9031982421875,162911008,0.0,0.0,yfinance_raw_daily
2007-11-16,640.0,640.0,640.0,640.0,636.9031982421875,0,0.0,0.0,yfinance_raw_daily
2007-11-19,630.0,630.0,600.0,620.0,617.0,13868500,0.0,0.0,yfinance_raw_daily
2007-11-20,620.0,620.0,570.0,610.0,607.0484008789062,90503000,0.0,0.0,yfinance_raw_daily
2007-11-21,610.0,610.0,610.0,610.0,607.0484008789062,0,0.0,0.0,yfinance_raw_daily
2007-11-22,590.0,600.0,580.0,590.0,587.1451416015625,16318000,0.0,0.0,yfinance_raw_daily
2007-11-23,570.0,590.0,570.0,570.0,567.241943359375,28836000,0.0,0.0,yfinance_raw_daily
2007-11-26,570.0,570.0,570.0,570.0,567.241943359375,0,0.0,0.0,yfinance_raw_daily
2007-11-27,610.0,630.0,580.0,610.0,607.0484008789062,92047000,0.0,0.0,yfinance_raw_daily
2007-11-28,630.0,640.0,590.0,630.0,626.9515991210938,158688992,0.0,0.0,yfinance_raw_daily
2007-11-29,620.0,640.0,610.0,620.0,617.0,84142496,0.0,0.0,yfinance_raw_daily
2007-11-30,620.0,630.0,610.0,620.0,617.0,36115000,0.0,0.0,yfinance_raw_daily
2007-12-03,620.0,620.0,610.0,620.0,617.0,9446500,0.0,0.0,yfinance_raw_daily
2007-12-04,630.0,640.0,600.0,630.0,626.9515991210938,110338000,0.0,0.0,yfinance_raw_daily
2007-12-05,630.0,640.0,620.0,630.0,626.9515991210938,39000000,0.0,0.0,yfinance_raw_daily
2007-12-06,640.0,650.0,630.0,640.0,636.9031982421875,82300000,0.0,0.0,yfinance_raw_daily
2007-12-07,640.0,660.0,630.0,640.0,636.9031982421875,183589504,0.0,0.0,yfinance_raw_daily
2007-12-10,660.0,670.0,640.0,660.0,656.8064575195312,191119504,0.0,0.0,yfinance_raw_daily
2007-12-11,740.0,750.0,650.0,740.0,736.4193725585938,584757504,0.0,0.0,yfinance_raw_daily
2007-12-12,740.0,780.0,720.0,740.0,736.4193725585938,541284480,0.0,0.0,yfinance_raw_daily
2007-12-13,710.0,760.0,700.0,710.0,706.5645141601562,383261504,0.0,0.0,yfinance_raw_daily
2007-12-14,710.0,710.0,710.0,710.0,706.5645141601562,0,0.0,0.0,yfinance_raw_daily
2007-12-17,670.0,700.0,660.0,670.0,666.758056640625,110301000,0.0,0.0,yfinance_raw_daily
2007-12-18,670.0,670.0,670.0,670.0,666.758056640625,0,0.0,0.0,yfinance_raw_daily
2007-12-19,700.0,710.0,680.0,700.0,696.6129150390625,97622000,0.0,0.0,yfinance_raw_daily
2007-12-26,700.0,700.0,700.0,700.0,696.6129150390625,0,0.0,0.0,yfinance_raw_daily
2007-12-27,700.0,700.0,680.0,700.0,696.6129150390625,54791000,0.0,0.0,yfinance_raw_daily
2007-12-28,700.0,690.0,660.0,680.0,676.7096557617188,55778000,0.0,0.0,yfinance_raw_daily
2007-12-31,680.0,680.0,680.0,680.0,676.7096557617188,0,0.0,0.0,yfinance_raw_daily
2008-01-02,660.0,680.0,640.0,660.0,656.8064575195312,44839000,0.0,0.0,yfinance_raw_daily
2008-01-03,650.0,660.0,640.0,650.0,646.8548583984375,28300500,0.0,0.0,yfinance_raw_daily
2008-01-04,670.0,690.0,640.0,670.0,666.758056640625,72611000,0.0,0.0,yfinance_raw_daily
2008-01-07,670.0,670.0,660.0,670.0,666.758056640625,12617000,0.0,0.0,yfinance_raw_daily
2008-01-08,660.0,670.0,650.0,660.0,656.8064575195312,16251000,0.0,0.0,yfinance_raw_daily
2008-01-09,660.0,670.0,650.0,660.0,656.8064575195312,47279000,0.0,0.0,yfinance_raw_daily
2008-01-14,620.0,660.0,620.0,620.0,617.0,92094496,0.0,0.0,yfinance_raw_daily
2008-01-15,610.0,640.0,590.0,610.0,607.0484008789062,84975504,0.0,0.0,yfinance_raw_daily
2008-01-16,590.0,600.0,550.0,590.0,587.1451416015625,117556496,0.0,0.0,yfinance_raw_daily
2008-01-17,590.0,600.0,570.0,590.0,587.1451416015625,80711504,0.0,0.0,yfinance_raw_daily
2008-01-18,570.0,580.0,550.0,570.0,567.241943359375,28206500,0.0,0.0,yfinance_raw_daily
2008-01-21,530.0,570.0,520.0,530.0,527.4354858398438,65650000,0.0,0.0,yfinance_raw_daily
2008-01-22,470.0,520.0,440.0,470.0,467.7257995605469,119526000,0.0,0.0,yfinance_raw_daily
2008-01-23,510.0,520.0,465.0,510.0,507.5322570800781,102161504,0.0,0.0,yfinance_raw_daily
2008-01-24,510.0,530.0,500.0,510.0,507.5322570800781,47363000,0.0,0.0,yfinance_raw_daily
2008-01-25,550.0,560.0,510.0,550.0,547.3386840820312,86538496,0.0,0.0,yfinance_raw_daily
2008-01-28,570.0,570.0,520.0,570.0,567.241943359375,116003504,0.0,0.0,yfinance_raw_daily
2008-01-29,580.0,590.0,560.0,580.0,577.1935424804688,81694496,0.0,0.0,yfinance_raw_daily
2008-01-30,580.0,590.0,560.0,580.0,577.1935424804688,32025500,0.0,0.0,yfinance_raw_daily
2008-01-31,570.0,580.0,550.0,570.0,567.241943359375,38346500,0.0,0.0,yfinance_raw_daily
2008-02-01,570.0,580.0,550.0,570.0,567.241943359375,20083500,0.0,0.0,yfinance_raw_daily
2008-02-04,580.0,590.0,570.0,580.0,577.1935424804688,55208000,0.0,0.0,yfinance_raw_daily
2008-02-05,580.0,580.0,560.0,580.0,577.1935424804688,22808000,0.0,0.0,yfinance_raw_daily
2008-02-06,580.0,560.0,540.0,540.0,537.3870849609375,44613000,0.0,0.0,yfinance_raw_daily
2008-02-11,540.0,550.0,520.0,540.0,537.3870849609375,16321000,0.0,0.0,yfinance_raw_daily
2008-02-12,540.0,560.0,520.0,540.0,537.3870849609375,51418500,0.0,0.0,yfinance_raw_daily
2008-02-13,550.0,560.0,540.0,550.0,547.3386840820312,23680500,0.0,0.0,yfinance_raw_daily
2008-02-14,560.0,570.0,550.0,560.0,557.2903442382812,24411500,0.0,0.0,yfinance_raw_daily
2008-02-15,560.0,560.0,540.0,560.0,557.2903442382812,22829000,0.0,0.0,yfinance_raw_daily
2008-02-18,550.0,550.0,540.0,550.0,547.3386840820312,14198500,0.0,0.0,yfinance_raw_daily
2008-02-19,540.0,550.0,540.0,540.0,537.3870849609375,31803500,0.0,0.0,yfinance_raw_daily
2008-02-20,540.0,540.0,530.0,540.0,537.3870849609375,14196500,0.0,0.0,yfinance_raw_daily
2008-02-21,540.0,550.0,530.0,540.0,537.3870849609375,17060500,0.0,0.0,yfinance_raw_daily
2008-02-22,540.0,550.0,530.0,540.0,537.3870849609375,9924500,0.0,0.0,yfinance_raw_daily
2008-02-25,530.0,550.0,530.0,530.0,527.4354858398438,7419500,0.0,0.0,yfinance_raw_daily
2008-02-26,570.0,570.0,530.0,570.0,567.241943359375,93717000,0.0,0.0,yfinance_raw_daily
2008-02-27,630.0,640.0,570.0,630.0,626.9515991210938,397931008,0.0,0.0,yfinance_raw_daily
2008-02-28,610.0,640.0,600.0,610.0,607.0484008789062,111777000,0.0,0.0,yfinance_raw_daily
2008-02-29,600.0,630.0,590.0,600.0,597.0968017578125,106451000,0.0,0.0,yfinance_raw_daily
2008-03-03,570.0,590.0,560.0,570.0,567.241943359375,40058500,0.0,0.0,yfinance_raw_daily
2008-03-04,560.0,580.0,540.0,560.0,557.2903442382812,43366000,0.0,0.0,yfinance_raw_daily
2008-03-05,560.0,570.0,540.0,560.0,557.2903442382812,24824000,0.0,0.0,yfinance_raw_daily
2008-03-06,580.0,590.0,560.0,580.0,577.1935424804688,59546500,0.0,0.0,yfinance_raw_daily
2008-03-10,540.0,560.0,530.0,540.0,537.3870849609375,44700500,0.0,0.0,yfinance_raw_daily
2008-03-11,540.0,540.0,510.0,540.0,537.3870849609375,40701000,0.0,0.0,yfinance_raw_daily
2008-03-12,530.0,560.0,520.0,530.0,527.4354858398438,37657500,0.0,0.0,yfinance_raw_daily
2008-03-13,490.0,530.0,480.0,490.0,487.6290283203125,42288000,0.0,0.0,yfinance_raw_daily
2008-03-14,480.0,505.0,465.0,480.0,477.67742919921875,24031000,0.0,0.0,yfinance_raw_daily
2008-03-17,480.0,460.0,420.0,480.0,477.67742919921875,18719500,0.0,0.0,yfinance_raw_daily
2008-03-18,435.0,445.0,410.0,435.0,432.8951721191406,15619000,0.0,0.0,yfinance_raw_daily
2008-03-19,445.0,460.0,425.0,445.0,442.8467712402344,22590000,0.0,0.0,yfinance_raw_daily
2008-03-24,435.0,435.0,420.0,435.0,432.8951721191406,20070000,0.0,0.0,yfinance_raw_daily
2008-03-25,435.0,455.0,425.0,435.0,432.8951721191406,67179000,0.0,0.0,yfinance_raw_daily
2008-03-26,445.0,455.0,430.0,445.0,442.8467712402344,57631000,0.0,0.0,yfinance_raw_daily
2008-03-27,445.0,445.0,435.0,445.0,442.8467712402344,19143500,0.0,0.0,yfinance_raw_daily
2008-03-28,455.0,460.0,440.0,455.0,452.79840087890625,18479500,0.0,0.0,yfinance_raw_daily
2008-03-31,440.0,460.0,435.0,440.0,437.8709716796875,15650500,0.0,0.0,yfinance_raw_daily
2008-04-01,440.0,455.0,410.0,425.0,422.94354248046875,35438000,0.0,0.0,yfinance_raw_daily
2008-04-02,415.0,435.0,410.0,415.0,412.991943359375,13771000,0.0,0.0,yfinance_raw_daily
2008-04-03,360.0,410.0,355.0,360.0,358.258056640625,29831500,0.0,0.0,yfinance_raw_daily
2008-04-04,360.0,360.0,360.0,360.0,358.258056640625,0,0.0,0.0,yfinance_raw_daily
2008-04-07,360.0,360.0,360.0,360.0,358.258056640625,0,0.0,0.0,yfinance_raw_daily
2008-04-08,355.0,370.0,350.0,355.0,353.2822570800781,6795500,0.0,0.0,yfinance_raw_daily
2008-04-09,325.0,355.0,320.0,325.0,323.42742919921875,24985500,0.0,0.0,yfinance_raw_daily
2008-04-10,335.0,345.0,315.0,335.0,333.3790283203125,22123000,0.0,0.0,yfinance_raw_daily
2008-04-11,350.0,355.0,340.0,350.0,348.30645751953125,17717500,0.0,0.0,yfinance_raw_daily
2008-04-14,330.0,345.0,330.0,330.0,328.4032287597656,15652500,0.0,0.0,yfinance_raw_daily
2008-04-15,365.0,390.0,330.0,365.0,363.23388671875,114187504,0.0,0.0,yfinance_raw_daily
2008-04-16,370.0,385.0,365.0,370.0,368.2096862792969,77640496,0.0,0.0,yfinance_raw_daily
2008-04-17,360.0,380.0,355.0,360.0,358.258056640625,48785500,0.0,0.0,yfinance_raw_daily
2008-04-18,355.0,365.0,350.0,355.0,353.2822570800781,14682500,0.0,0.0,yfinance_raw_daily
2008-04-21,345.0,370.0,345.0,345.0,343.3306579589844,26131000,0.0,0.0,yfinance_raw_daily
2008-04-22,345.0,350.0,340.0,345.0,343.3306579589844,9019000,0.0,0.0,yfinance_raw_daily
2008-04-23,345.0,355.0,340.0,345.0,343.3306579589844,24273500,0.0,0.0,yfinance_raw_daily
2008-04-24,335.0,345.0,330.0,335.0,333.3790283203125,8919500,0.0,0.0,yfinance_raw_daily
2008-04-25,345.0,345.0,325.0,345.0,343.3306579589844,15226500,0.0,0.0,yfinance_raw_daily
2008-04-28,345.0,345.0,335.0,345.0,343.3306579589844,10697000,0.0,0.0,yfinance_raw_daily
2008-04-29,345.0,345.0,345.0,345.0,343.3306579589844,0,0.0,0.0,yfinance_raw_daily
2008-04-30,345.0,345.0,345.0,345.0,343.3306579589844,0,0.0,0.0,yfinance_raw_daily
2008-05-05,345.0,345.0,345.0,345.0,343.3306579589844,0,0.0,0.0,yfinance_raw_daily
2008-05-06,345.0,345.0,345.0,345.0,343.3306579589844,0,0.0,0.0,yfinance_raw_daily
2008-05-07,345.0,345.0,345.0,345.0,343.3306579589844,0,0.0,0.0,yfinance_raw_daily
2008-05-08,345.0,345.0,345.0,345.0,343.3306579589844,0,0.0,0.0,yfinance_raw_daily
2008-05-09,345.0,345.0,345.0,345.0,343.3306579589844,0,0.0,0.0,yfinance_raw_daily
2008-05-12,345.0,345.0,345.0,345.0,343.3306579589844,0,0.0,0.0,yfinance_raw_daily
2008-05-13,345.0,345.0,345.0,345.0,343.3306579589844,0,0.0,0.0,yfinance_raw_daily
2008-05-14,345.0,345.0,345.0,345.0,343.3306579589844,0,0.0,0.0,yfinance_raw_daily
2008-05-15,345.0,345.0,345.0,345.0,343.3306579589844,0,0.0,0.0,yfinance_raw_daily
2008-05-16,345.0,345.0,345.0,345.0,343.3306579589844,0,0.0,0.0,yfinance_raw_daily
2008-05-21,345.0,345.0,345.0,345.0,343.3306579589844,0,0.0,0.0,yfinance_raw_daily
2008-05-22,345.0,345.0,345.0,345.0,343.3306579589844,0,0.0,0.0,yfinance_raw_daily
2008-05-23,345.0,345.0,345.0,345.0,343.3306579589844,0,0.0,0.0,yfinance_raw_daily
2008-05-26,345.0,345.0,345.0,345.0,343.3306579589844,0,0.0,0.0,yfinance_raw_daily
2008-05-27,345.0,345.0,345.0,345.0,343.3306579589844,0,0.0,0.0,yfinance_raw_daily
2008-05-28,345.0,345.0,345.0,345.0,343.3306579589844,0,0.0,0.0,yfinance_raw_daily
2008-05-29,345.0,345.0,345.0,345.0,343.3306579589844,0,0.0,0.0,yfinance_raw_daily
2008-05-30,345.0,345.0,345.0,345.0,343.3306579589844,0,0.0,0.0,yfinance_raw_daily
2008-06-02,345.0,345.0,345.0,345.0,343.3306579589844,0,0.0,0.0,yfinance_raw_daily
2008-06-03,440.0,445.0,425.0,440.0,437.8709716796875,22976000,0.0,0.0,yfinance_raw_daily
2008-06-04,425.0,445.0,425.0,425.0,422.94354248046875,19651500,0.0,0.0,yfinance_raw_daily
2008-06-05,440.0,440.0,420.0,440.0,437.8709716796875,18529000,0.0,0.0,yfinance_raw_daily
2008-06-06,450.0,455.0,440.0,450.0,447.82257080078125,25225500,0.0,0.0,yfinance_raw_daily
2008-06-09,445.0,445.0,425.0,445.0,442.8467712402344,12041000,0.0,0.0,yfinance_raw_daily
2008-06-10,450.0,450.0,450.0,450.0,447.82257080078125,19175000,0.0,0.0,yfinance_raw_daily
2008-06-11,430.0,435.0,425.0,430.0,427.9193420410156,7114500,0.0,0.0,yfinance_raw_daily
2008-06-12,430.0,440.0,425.0,430.0,427.9193420410156,27141500,0.0,0.0,yfinance_raw_daily
2008-06-13,430.0,435.0,420.0,430.0,427.9193420410156,7798000,0.0,0.0,yfinance_raw_daily
2008-06-16,430.0,435.0,420.0,430.0,427.9193420410156,5576000,0.0,0.0,yfinance_raw_daily
2008-06-17,425.0,425.0,420.0,425.0,422.94354248046875,4462000,0.0,0.0,yfinance_raw_daily
2008-06-18,420.0,425.0,415.0,420.0,417.9677429199219,5606500,0.0,0.0,yfinance_raw_daily
2008-06-19,425.0,435.0,420.0,425.0,422.94354248046875,13952000,0.0,0.0,yfinance_raw_daily
2008-06-20,415.0,425.0,410.0,415.0,412.991943359375,9618500,0.0,0.0,yfinance_raw_daily
2008-06-23,405.0,420.0,405.0,405.0,403.0403137207031,12245000,0.0,0.0,yfinance_raw_daily
2008-06-24,415.0,430.0,405.0,415.0,412.991943359375,28826500,0.0,0.0,yfinance_raw_daily
2008-06-25,415.0,425.0,410.0,415.0,412.991943359375,9197500,0.0,0.0,yfinance_raw_daily
2008-06-26,410.0,425.0,405.0,410.0,408.0161437988281,14197500,0.0,0.0,yfinance_raw_daily
2008-06-27,405.0,410.0,395.0,405.0,403.0403137207031,11735500,0.0,0.0,yfinance_raw_daily
2008-06-30,400.0,410.0,395.0,400.0,398.06451416015625,6154500,0.0,0.0,yfinance_raw_daily
2008-07-01,410.0,420.0,400.0,410.0,408.0161437988281,17166000,0.0,0.0,yfinance_raw_daily
2008-07-02,410.0,415.0,400.0,410.0,408.0161437988281,7251500,0.0,0.0,yfinance_raw_daily
2008-07-03,380.0,410.0,375.0,380.0,378.1612854003906,31845500,0.0,0.0,yfinance_raw_daily
2008-07-04,395.0,395.0,385.0,395.0,393.0887145996094,8372000,0.0,0.0,yfinance_raw_daily
2008-07-07,385.0,395.0,380.0,385.0,383.1370849609375,6682500,0.0,0.0,yfinance_raw_daily
2008-07-08,365.0,385.0,360.0,365.0,363.23388671875,7167500,0.0,0.0,yfinance_raw_daily
2008-07-09,360.0,370.0,355.0,360.0,358.258056640625,4929500,0.0,0.0,yfinance_raw_daily
2008-07-10,360.0,370.0,350.0,360.0,358.258056640625,94525504,0.0,0.0,yfinance_raw_daily
2008-07-11,360.0,370.0,355.0,360.0,358.258056640625,6539500,0.0,0.0,yfinance_raw_daily
2008-07-14,360.0,365.0,355.0,360.0,358.258056640625,3746500,0.0,0.0,yfinance_raw_daily
2008-07-15,345.0,360.0,340.0,345.0,343.3306579589844,4701500,0.0,0.0,yfinance_raw_daily
2008-07-16,335.0,345.0,330.0,335.0,333.3790283203125,8002500,0.0,0.0,yfinance_raw_daily
2008-07-17,315.0,345.0,315.0,315.0,313.4757995605469,10164500,0.0,0.0,yfinance_raw_daily
2008-07-18,345.0,360.0,310.0,345.0,343.3306579589844,135114000,0.0,0.0,yfinance_raw_daily
2008-07-21,340.0,350.0,330.0,340.0,338.3548278808594,17989500,0.0,0.0,yfinance_raw_daily
2008-07-22,340.0,355.0,335.0,340.0,338.3548278808594,21186000,0.0,0.0,yfinance_raw_daily
2008-07-23,335.0,345.0,330.0,335.0,333.3790283203125,21934500,0.0,0.0,yfinance_raw_daily
2008-07-24,335.0,345.0,320.0,335.0,333.3790283203125,29659500,0.0,0.0,yfinance_raw_daily
2008-07-25,340.0,345.0,330.0,340.0,338.3548278808594,21998500,0.0,0.0,yfinance_raw_daily
2008-07-28,340.0,350.0,335.0,340.0,338.3548278808594,13682500,0.0,0.0,yfinance_raw_daily
2008-07-29,335.0,340.0,330.0,335.0,333.3790283203125,4533500,0.0,0.0,yfinance_raw_daily
2008-07-31,350.0,355.0,335.0,350.0,348.30645751953125,37687500,0.0,0.0,yfinance_raw_daily
2008-08-01,340.0,350.0,335.0,340.0,338.3548278808594,10284500,0.0,0.0,yfinance_raw_daily
2008-08-04,335.0,340.0,330.0,335.0,333.3790283203125,5745000,0.0,0.0,yfinance_raw_daily
2008-08-05,325.0,330.0,315.0,325.0,323.42742919921875,10425500,0.0,0.0,yfinance_raw_daily
2008-08-06,320.0,330.0,320.0,320.0,318.45159912109375,18607000,0.0,0.0,yfinance_raw_daily
2008-08-07,345.0,345.0,315.0,345.0,343.3306579589844,14552000,0.0,0.0,yfinance_raw_daily
2008-08-08,330.0,345.0,330.0,330.0,328.4032287597656,6746000,0.0,0.0,yfinance_raw_daily
2008-08-11,310.0,330.0,310.0,310.0,308.5,14356500,0.0,0.0,yfinance_raw_daily
2008-08-12,300.0,325.0,295.0,300.0,298.54840087890625,23582000,0.0,0.0,yfinance_raw_daily
2008-08-13,305.0,320.0,300.0,305.0,303.5242004394531,14892000,0.0,0.0,yfinance_raw_daily
2008-08-14,330.0,335.0,310.0,330.0,328.4032287597656,29903500,0.0,0.0,yfinance_raw_daily
2008-08-15,330.0,340.0,315.0,330.0,328.4032287597656,26815500,0.0,0.0,yfinance_raw_daily
2008-08-19,330.0,330.0,320.0,330.0,328.4032287597656,24871000,0.0,0.0,yfinance_raw_daily
2008-08-20,340.0,340.0,325.0,340.0,338.3548278808594,7241500,0.0,0.0,yfinance_raw_daily
2008-08-21,335.0,340.0,330.0,335.0,333.3790283203125,17870000,0.0,0.0,yfinance_raw_daily
2008-08-22,345.0,345.0,330.0,345.0,343.3306579589844,16606500,0.0,0.0,yfinance_raw_daily
2008-08-25,345.0,345.0,330.0,345.0,343.3306579589844,5126000,0.0,0.0,yfinance_raw_daily
2008-08-26,340.0,340.0,330.0,340.0,338.3548278808594,5084500,0.0,0.0,yfinance_raw_daily
2008-08-27,340.0,340.0,330.0,340.0,338.3548278808594,2615000,0.0,0.0,yfinance_raw_daily
2008-08-28,340.0,345.0,330.0,340.0,338.3548278808594,29063500,0.0,0.0,yfinance_raw_daily
2008-08-29,340.0,345.0,330.0,340.0,338.3548278808594,4602000,0.0,0.0,yfinance_raw_daily
2008-09-01,335.0,340.0,325.0,335.0,333.3790283203125,11237000,0.0,0.0,yfinance_raw_daily
2008-09-02,320.0,335.0,315.0,320.0,318.45159912109375,22312500,0.0,0.0,yfinance_raw_daily
2008-09-03,315.0,325.0,310.0,315.0,313.4757995605469,22668500,0.0,0.0,yfinance_raw_daily
2008-09-04,300.0,315.0,300.0,300.0,298.54840087890625,16938500,0.0,0.0,yfinance_raw_daily
2008-09-05,285.0,295.0,280.0,285.0,283.6209716796875,13954000,0.0,0.0,yfinance_raw_daily
2008-09-08,280.0,295.0,275.0,280.0,278.6451721191406,11105500,0.0,0.0,yfinance_raw_daily
2008-09-09,240.0,280.0,235.0,240.0,238.83871459960938,18423500,0.0,0.0,yfinance_raw_daily
2008-09-10,185.0,235.0,180.0,185.0,184.10484313964844,106556496,0.0,0.0,yfinance_raw_daily
2008-09-11,225.0,231.0,192.0,225.0,223.91128540039062,90830000,0.0,0.0,yfinance_raw_daily
2008-09-12,210.0,240.0,200.0,210.0,208.98387145996094,43382500,0.0,0.0,yfinance_raw_daily
2008-09-15,205.0,210.0,185.0,205.0,204.00807189941406,53669500,0.0,0.0,yfinance_raw_daily
2008-09-16,195.0,200.0,170.0,195.0,194.05645751953125,138071504,0.0,0.0,yfinance_raw_daily
2008-09-17,200.0,210.0,195.0,200.0,199.03225708007812,38771000,0.0,0.0,yfinance_raw_daily
2008-09-18,195.0,205.0,190.0,195.0,194.05645751953125,25445000,0.0,0.0,yfinance_raw_daily
2008-09-19,224.0,233.0,200.0,224.0,222.9161376953125,98820000,0.0,0.0,yfinance_raw_daily
2008-09-22,215.0,240.0,210.0,215.0,213.9596710205078,23759000,0.0,0.0,yfinance_raw_daily
2008-09-23,210.0,220.0,205.0,210.0,208.98387145996094,9255000,0.0,0.0,yfinance_raw_daily
2008-09-24,215.0,220.0,205.0,215.0,213.9596710205078,25681500,0.0,0.0,yfinance_raw_daily
2008-09-25,205.0,215.0,200.0,205.0,204.00807189941406,20849000,0.0,0.0,yfinance_raw_daily
2008-09-26,200.0,205.0,195.0,200.0,199.03225708007812,6933000,0.0,0.0,yfinance_raw_daily
2008-10-06,135.0,190.0,135.0,135.0,134.34677124023438,44578500,0.0,0.0,yfinance_raw_daily
2008-10-07,106.0,137.0,101.0,106.0,105.48709869384766,223659008,0.0,0.0,yfinance_raw_daily
2008-10-08,86.0,98.0,84.0,86.0,85.58386993408203,70340496,0.0,0.0,yfinance_raw_daily
2008-10-09,86.0,86.0,86.0,86.0,85.58386993408203,0,0.0,0.0,yfinance_raw_daily
2008-10-10,86.0,86.0,86.0,86.0,85.58386993408203,0,0.0,0.0,yfinance_raw_daily
2008-10-13,81.0,86.0,78.0,81.0,80.60806274414062,97072000,0.0,0.0,yfinance_raw_daily
2008-10-14,88.0,89.0,85.0,88.0,87.5741958618164,136969504,0.0,0.0,yfinance_raw_daily
2008-10-15,86.0,91.0,85.0,86.0,85.58386993408203,56650500,0.0,0.0,yfinance_raw_daily
2008-10-16,81.0,82.0,78.0,81.0,80.60806274414062,19879500,0.0,0.0,yfinance_raw_daily
2008-10-17,78.0,85.0,74.0,78.0,77.6225814819336,26648500,0.0,0.0,yfinance_raw_daily
2008-10-20,71.0,78.0,71.0,71.0,70.65644836425781,25615000,0.0,0.0,yfinance_raw_daily
2008-10-21,64.0,75.0,64.0,64.0,63.69032287597656,141670000,0.0,0.0,yfinance_raw_daily
2008-10-22,58.0,60.0,58.0,58.0,57.719356536865234,25332000,0.0,0.0,yfinance_raw_daily
2008-10-23,53.0,53.0,53.0,53.0,52.74354934692383,9164000,0.0,0.0,yfinance_raw_daily
2008-10-24,53.0,53.0,53.0,53.0,52.74354934692383,0,0.0,0.0,yfinance_raw_daily
2008-10-27,50.0,52.0,50.0,50.0,49.75806427001953,30177000,0.0,0.0,yfinance_raw_daily
2008-10-28,50.0,50.0,50.0,50.0,49.75806427001953,37464500,0.0,0.0,yfinance_raw_daily
2008-10-29,50.0,51.0,50.0,50.0,49.75806427001953,126634496,0.0,0.0,yfinance_raw_daily
2008-10-30,55.0,55.0,50.0,55.0,54.73387145996094,357808992,0.0,0.0,yfinance_raw_daily
2008-10-31,66.0,66.0,56.0,66.0,65.68064880371094,90400496,0.0,0.0,yfinance_raw_daily
2008-11-03,79.0,79.0,76.0,79.0,78.61774444580078,32704000,0.0,0.0,yfinance_raw_daily
2008-11-04,76.0,94.0,72.0,76.0,75.63225555419922,529916512,0.0,0.0,yfinance_raw_daily
2008-11-05,74.0,84.0,72.0,74.0,73.64193725585938,140094496,0.0,0.0,yfinance_raw_daily
2008-11-06,67.0,70.0,67.0,67.0,66.6758041381836,34381500,0.0,0.0,yfinance_raw_daily
2008-11-07,65.0,65.0,61.0,65.0,64.68548583984375,123119000,0.0,0.0,yfinance_raw_daily
2008-11-10,60.0,70.0,59.0,60.0,59.709678649902344,74323504,0.0,0.0,yfinance_raw_daily
2008-11-11,59.0,63.0,56.0,59.0,58.714515686035156,78540000,0.0,0.0,yfinance_raw_daily
2008-11-12,66.0,69.0,58.0,66.0,65.68064880371094,254864992,0.0,0.0,yfinance_raw_daily
2008-11-13,62.0,65.0,60.0,62.0,61.70000076293945,187954496,0.0,0.0,yfinance_raw_daily
2008-11-14,61.0,65.0,59.0,61.0,60.704837799072266,143103504,0.0,0.0,yfinance_raw_daily
2008-11-17,57.0,62.0,56.0,57.0,56.72419357299805,52912500,0.0,0.0,yfinance_raw_daily
2008-11-18,52.0,54.0,52.0,52.0,51.74838638305664,88347000,0.0,0.0,yfinance_raw_daily
2008-11-19,50.0,52.0,50.0,50.0,49.75806427001953,291804000,0.0,0.0,yfinance_raw_daily
2008-11-20,50.0,51.0,50.0,50.0,49.75806427001953,132961504,0.0,0.0,yfinance_raw_daily
2008-11-21,50.0,50.0,50.0,50.0,49.75806427001953,58413000,0.0,0.0,yfinance_raw_daily
2008-11-24,50.0,50.0,50.0,50.0,49.75806427001953,11603500,0.0,0.0,yfinance_raw_daily
2008-11-25,50.0,52.0,50.0,50.0,49.75806427001953,345932512,0.0,0.0,yfinance_raw_daily
2008-11-26,52.0,54.0,50.0,52.0,51.74838638305664,180717504,0.0,0.0,yfinance_raw_daily
2008-11-27,51.0,53.0,50.0,51.0,50.75322723388672,207979504,0.0,0.0,yfinance_raw_daily
2008-11-28,51.0,51.0,51.0,51.0,50.75322723388672,0,0.0,0.0,yfinance_raw_daily
2008-12-01,50.0,51.0,50.0,50.0,49.75806427001953,44461500,0.0,0.0,yfinance_raw_daily
2008-12-02,50.0,50.0,50.0,50.0,49.75806427001953,4829000,0.0,0.0,yfinance_raw_daily
2008-12-03,50.0,50.0,50.0,50.0,49.75806427001953,7404500,0.0,0.0,yfinance_raw_daily
2008-12-04,50.0,50.0,50.0,50.0,49.75806427001953,971500,0.0,0.0,yfinance_raw_daily
2008-12-05,50.0,50.0,50.0,50.0,49.75806427001953,970500,0.0,0.0,yfinance_raw_daily
2008-12-09,51.0,51.0,50.0,51.0,50.75322723388672,135317504,0.0,0.0,yfinance_raw_daily
2008-12-10,51.0,52.0,50.0,51.0,50.75322723388672,114620000,0.0,0.0,yfinance_raw_daily
2008-12-11,51.0,55.0,50.0,51.0,50.75322723388672,348558496,0.0,0.0,yfinance_raw_daily
2008-12-12,50.0,52.0,50.0,50.0,49.75806427001953,42486000,0.0,0.0,yfinance_raw_daily
2008-12-15,52.0,53.0,50.0,52.0,51.74838638305664,71318496,0.0,0.0,yfinance_raw_daily
2008-12-16,52.0,53.0,51.0,52.0,51.74838638305664,60731000,0.0,0.0,yfinance_raw_daily
2008-12-17,51.0,54.0,51.0,51.0,50.75322723388672,28886000,0.0,0.0,yfinance_raw_daily
2008-12-18,51.0,52.0,51.0,51.0,50.75322723388672,27188000,0.0,0.0,yfinance_raw_daily
2008-12-19,51.0,52.0,50.0,51.0,50.75322723388672,50169500,0.0,0.0,yfinance_raw_daily
2008-12-22,51.0,51.0,50.0,51.0,50.75322723388672,47128500,0.0,0.0,yfinance_raw_daily
2008-12-23,50.0,51.0,50.0,50.0,49.75806427001953,14905000,0.0,0.0,yfinance_raw_daily
2008-12-24,50.0,51.0,50.0,50.0,49.75806427001953,9992000,0.0,0.0,yfinance_raw_daily
2008-12-30,50.0,51.0,50.0,50.0,49.75806427001953,7828500,0.0,0.0,yfinance_raw_daily
2008-12-31,50.0,50.0,50.0,50.0,49.75806427001953,0,0.0,0.0,yfinance_raw_daily
2009-01-05,60.0,60.0,52.0,60.0,59.709678649902344,375830016,0.0,0.0,yfinance_raw_daily
2009-01-06,60.0,60.0,60.0,60.0,59.709678649902344,0,0.0,0.0,yfinance_raw_daily
2009-01-07,55.0,65.0,55.0,55.0,54.73387145996094,301526016,0.0,0.0,yfinance_raw_daily
2009-01-08,57.0,58.0,52.0,57.0,56.72419357299805,121020000,0.0,0.0,yfinance_raw_daily
2009-01-09,57.0,61.0,55.0,57.0,56.72419357299805,104586000,0.0,0.0,yfinance_raw_daily
2009-01-12,54.0,58.0,53.0,54.0,53.73870849609375,43330500,0.0,0.0,yfinance_raw_daily
2009-01-13,56.0,58.0,53.0,56.0,55.729034423828125,66520000,0.0,0.0,yfinance_raw_daily
2009-01-14,54.0,59.0,53.0,54.0,53.73870849609375,113672000,0.0,0.0,yfinance_raw_daily
2009-01-15,52.0,54.0,51.0,52.0,51.74838638305664,26410500,0.0,0.0,yfinance_raw_daily
2009-01-16,56.0,57.0,53.0,56.0,55.729034423828125,86421504,0.0,0.0,yfinance_raw_daily
2009-01-19,56.0,58.0,54.0,56.0,55.729034423828125,43943000,0.0,0.0,yfinance_raw_daily
2009-01-20,55.0,56.0,54.0,55.0,54.73387145996094,24231500,0.0,0.0,yfinance_raw_daily
2009-01-21,53.0,55.0,53.0,53.0,52.74354934692383,20366000,0.0,0.0,yfinance_raw_daily
2009-01-22,54.0,55.0,53.0,54.0,53.73870849609375,13939000,0.0,0.0,yfinance_raw_daily
2009-01-23,53.0,54.0,52.0,53.0,52.74354934692383,16759500,0.0,0.0,yfinance_raw_daily
2009-01-27,53.0,54.0,52.0,53.0,52.74354934692383,14293500,0.0,0.0,yfinance_raw_daily
2009-01-28,53.0,55.0,53.0,53.0,52.74354934692383,18053500,0.0,0.0,yfinance_raw_daily
2009-01-29,54.0,56.0,53.0,54.0,53.73870849609375,36358000,0.0,0.0,yfinance_raw_daily
2009-01-30,54.0,54.0,52.0,54.0,53.73870849609375,11923500,0.0,0.0,yfinance_raw_daily
2009-02-02,53.0,53.0,52.0,53.0,52.74354934692383,7739500,0.0,0.0,yfinance_raw_daily
2009-02-03,53.0,53.0,52.0,53.0,52.74354934692383,17765000,0.0,0.0,yfinance_raw_daily
2009-02-04,52.0,53.0,52.0,52.0,51.74838638305664,6179000,0.0,0.0,yfinance_raw_daily
2009-02-05,53.0,54.0,52.0,53.0,52.74354934692383,40802000,0.0,0.0,yfinance_raw_daily
2009-02-06,57.0,57.0,53.0,57.0,56.72419357299805,160294496,0.0,0.0,yfinance_raw_daily
2009-02-09,55.0,59.0,54.0,55.0,54.73387145996094,47377500,0.0,0.0,yfinance_raw_daily
2009-02-10,54.0,56.0,54.0,54.0,53.73870849609375,39640000,0.0,0.0,yfinance_raw_daily
2009-02-11,56.0,56.0,53.0,56.0,55.729034423828125,54484000,0.0,0.0,yfinance_raw_daily
2009-02-12,58.0,62.0,55.0,58.0,57.719356536865234,409499488,0.0,0.0,yfinance_raw_daily
2009-02-13,58.0,60.0,57.0,58.0,57.719356536865234,81250000,0.0,0.0,yfinance_raw_daily
2009-02-16,55.0,59.0,55.0,55.0,54.73387145996094,52451500,0.0,0.0,yfinance_raw_daily
2009-02-17,54.0,56.0,54.0,54.0,53.73870849609375,47974000,0.0,0.0,yfinance_raw_daily
2009-02-18,56.0,57.0,53.0,56.0,55.729034423828125,70980000,0.0,0.0,yfinance_raw_daily
2009-02-19,61.0,63.0,56.0,61.0,60.704837799072266,635744000,0.0,0.0,yfinance_raw_daily
2009-02-20,57.0,61.0,56.0,57.0,56.72419357299805,124008496,0.0,0.0,yfinance_raw_daily
2009-02-23,58.0,58.0,56.0,58.0,57.719356536865234,35175500,0.0,0.0,yfinance_raw_daily
2009-02-24,56.0,57.0,55.0,56.0,55.729034423828125,26525000,0.0,0.0,yfinance_raw_daily
2009-02-25,56.0,58.0,56.0,56.0,55.729034423828125,35652500,0.0,0.0,yfinance_raw_daily
2009-02-26,57.0,58.0,56.0,57.0,56.72419357299805,31465500,0.0,0.0,yfinance_raw_daily
2009-02-27,57.0,58.0,56.0,57.0,56.72419357299805,36666000,0.0,0.0,yfinance_raw_daily
2009-03-02,54.0,57.0,54.0,54.0,53.73870849609375,34157000,0.0,0.0,yfinance_raw_daily
2009-03-03,55.0,56.0,53.0,55.0,54.73387145996094,41622000,0.0,0.0,yfinance_raw_daily
2009-03-04,57.0,57.0,54.0,57.0,56.72419357299805,18182000,0.0,0.0,yfinance_raw_daily
2009-03-05,55.0,57.0,55.0,55.0,54.73387145996094,19131000,0.0,0.0,yfinance_raw_daily
2009-03-06,55.0,56.0,55.0,55.0,54.73387145996094,6734000,0.0,0.0,yfinance_raw_daily
2009-03-10,55.0,56.0,54.0,55.0,54.73387145996094,11486000,0.0,0.0,yfinance_raw_daily
2009-03-11,55.0,56.0,55.0,55.0,54.73387145996094,13674000,0.0,0.0,yfinance_raw_daily
2009-03-12,55.0,56.0,54.0,55.0,54.73387145996094,5883000,0.0,0.0,yfinance_raw_daily
2009-03-13,54.0,56.0,54.0,54.0,53.73870849609375,15792500,0.0,0.0,yfinance_raw_daily
2009-03-16,54.0,55.0,54.0,54.0,53.73870849609375,11454000,0.0,0.0,yfinance_raw_daily
2009-03-17,53.0,55.0,53.0,53.0,52.74354934692383,21178500,0.0,0.0,yfinance_raw_daily
2009-03-18,54.0,55.0,53.0,54.0,53.73870849609375,11304500,0.0,0.0,yfinance_raw_daily
2009-03-19,54.0,54.0,54.0,54.0,53.73870849609375,0,0.0,0.0,yfinance_raw_daily
2009-03-20,55.0,55.0,54.0,55.0,54.73387145996094,11877000,0.0,0.0,yfinance_raw_daily
2009-03-23,56.0,57.0,54.0,56.0,55.729034423828125,61335000,0.0,0.0,yfinance_raw_daily
2009-03-24,57.0,58.0,55.0,57.0,56.72419357299805,49295500,0.0,0.0,yfinance_raw_daily
2009-03-25,55.0,57.0,55.0,55.0,54.73387145996094,18208000,0.0,0.0,yfinance_raw_daily
2009-03-27,56.0,57.0,55.0,56.0,55.729034423828125,40764000,0.0,0.0,yfinance_raw_daily
2009-03-30,54.0,57.0,54.0,54.0,53.73870849609375,21973000,0.0,0.0,yfinance_raw_daily
2009-03-31,55.0,56.0,54.0,55.0,54.73387145996094,12364500,0.0,0.0,yfinance_raw_daily
2009-04-01,57.0,59.0,55.0,57.0,56.72419357299805,156122000,0.0,0.0,yfinance_raw_daily
2009-04-02,59.0,59.0,57.0,59.0,58.714515686035156,60942000,0.0,0.0,yfinance_raw_daily
2009-04-03,58.0,59.0,56.0,58.0,57.719356536865234,66341500,0.0,0.0,yfinance_raw_daily
2009-04-06,57.0,60.0,57.0,57.0,56.72419357299805,51732000,0.0,0.0,yfinance_raw_daily
2009-04-07,58.0,59.0,55.0,58.0,57.719356536865234,94591000,0.0,0.0,yfinance_raw_daily
2009-04-08,59.0,59.0,56.0,59.0,58.714515686035156,68684496,0.0,0.0,yfinance_raw_daily
2009-04-09,59.0,59.0,59.0,59.0,58.714515686035156,0,0.0,0.0,yfinance_raw_daily
2009-04-13,62.0,63.0,59.0,62.0,61.70000076293945,365542496,0.0,0.0,yfinance_raw_daily
2009-04-14,76.0,76.0,62.0,76.0,75.63225555419922,645915008,0.0,0.0,yfinance_raw_daily
2009-04-15,84.0,91.0,74.0,84.0,83.59355163574219,1100066048,0.0,0.0,yfinance_raw_daily
2009-04-16,95.0,104.0,85.0,95.0,94.54032135009766,1587702016,0.0,0.0,yfinance_raw_daily
2009-04-17,95.0,95.0,95.0,95.0,94.54032135009766,0,0.0,0.0,yfinance_raw_daily
2009-04-20,146.0,148.0,111.0,146.0,145.29354858398438,2508,0.0,0.0,yfinance_raw_daily
2009-04-22,123.0,173.0,108.0,123.0,122.40483856201172,1150754048,0.0,0.0,yfinance_raw_daily
2009-04-23,105.0,125.0,97.0,105.0,104.49193572998047,1077811456,0.0,0.0,yfinance_raw_daily
2009-04-24,112.0,119.0,100.0,112.0,111.45806884765625,1602383488,0.0,0.0,yfinance_raw_daily
2009-04-27,110.0,120.0,108.0,110.0,109.46774291992188,588902976,0.0,0.0,yfinance_raw_daily
2009-04-28,108.0,117.0,107.0,108.0,107.4774169921875,494062016,0.0,0.0,yfinance_raw_daily
2009-04-29,114.0,114.0,109.0,114.0,113.4483871459961,332011488,0.0,0.0,yfinance_raw_daily
2009-04-30,132.0,133.0,114.0,132.0,131.36129760742188,1917398016,0.0,0.0,yfinance_raw_daily
2009-05-01,127.0,137.0,125.0,127.0,126.38548278808594,1590018944,0.0,0.0,yfinance_raw_daily
2009-05-04,139.0,142.0,130.0,139.0,138.32742309570312,1714071040,0.0,0.0,yfinance_raw_daily
2009-05-05,136.0,146.0,134.0,136.0,135.34193420410156,1447319040,0.0,0.0,yfinance_raw_daily
2009-05-06,141.0,142.0,132.0,141.0,140.3177490234375,816995008,0.0,0.0,yfinance_raw_daily
2009-05-07,158.0,168.0,140.0,158.0,157.23548889160156,688,0.0,0.0,yfinance_raw_daily
2009-05-08,164.0,172.0,155.0,164.0,163.20645141601562,3892,0.0,0.0,yfinance_raw_daily
2009-05-11,170.0,183.0,166.0,170.0,169.1774139404297,108,0.0,0.0,yfinance_raw_daily
2009-05-12,179.0,179.0,167.0,179.0,178.1338653564453,1342387968,0.0,0.0,yfinance_raw_daily
2009-05-13,240.0,240.0,180.0,240.0,238.83871459960938,94785704,0.0,0.0,yfinance_raw_daily
2009-05-14,225.0,280.0,220.0,225.0,223.91128540039062,500838208,0.0,0.0,yfinance_raw_daily
2009-05-15,187.0,255.0,169.0,187.0,186.0951690673828,2352,0.0,0.0,yfinance_raw_daily
2009-05-18,245.0,245.0,157.0,245.0,243.81451416015625,712,0.0,0.0,yfinance_raw_daily
2009-05-19,240.0,275.0,215.0,240.0,238.83871459960938,4044,0.0,0.0,yfinance_raw_daily
2009-05-20,230.0,240.0,225.0,230.0,228.88710021972656,670574528,0.0,0.0,yfinance_raw_daily
2009-05-21,230.0,230.0,230.0,230.0,228.88710021972656,0,0.0,0.0,yfinance_raw_daily
2009-05-22,220.0,230.0,205.0,220.0,218.93548583984375,559488512,0.0,0.0,yfinance_raw_daily
2009-05-25,220.0,230.0,215.0,220.0,218.93548583984375,453928992,0.0,0.0,yfinance_raw_daily
2009-05-26,205.0,225.0,198.0,205.0,204.00807189941406,534089984,0.0,0.0,yfinance_raw_daily
2009-05-27,200.0,220.0,198.0,200.0,199.03225708007812,584147968,0.0,0.0,yfinance_raw_daily
2009-05-28,200.0,205.0,195.0,200.0,199.03225708007812,304407008,0.0,0.0,yfinance_raw_daily
2009-05-29,215.0,230.0,199.0,215.0,213.9596710205078,1496541056,0.0,0.0,yfinance_raw_daily
2009-06-01,225.0,230.0,215.0,225.0,223.91128540039062,672268992,0.0,0.0,yfinance_raw_daily
2009-06-02,215.0,240.0,215.0,215.0,213.9596710205078,1154239488,0.0,0.0,yfinance_raw_daily
2009-06-03,220.0,225.0,210.0,220.0,218.93548583984375,238822496,0.0,0.0,yfinance_raw_daily
2009-06-04,220.0,225.0,205.0,220.0,218.93548583984375,327996512,0.0,0.0,yfinance_raw_daily
2009-06-05,220.0,225.0,215.0,220.0,218.93548583984375,169871008,0.0,0.0,yfinance_raw_daily
2009-06-08,245.0,245.0,220.0,245.0,243.81451416015625,1093170048,0.0,0.0,yfinance_raw_daily
2009-06-09,240.0,250.0,230.0,240.0,238.83871459960938,923756032,0.0,0.0,yfinance_raw_daily
2009-06-10,240.0,245.0,230.0,240.0,238.83871459960938,603076992,0.0,0.0,yfinance_raw_daily
2009-06-11,235.0,240.0,225.0,235.0,233.86289978027344,251382000,0.0,0.0,yfinance_raw_daily
2009-06-12,230.0,240.0,225.0,230.0,228.88710021972656,149111008,0.0,0.0,yfinance_raw_daily
2009-06-15,215.0,235.0,215.0,215.0,213.9596710205078,218996992,0.0,0.0,yfinance_raw_daily
2009-06-16,240.0,240.0,200.0,240.0,238.83871459960938,839262528,0.0,0.0,yfinance_raw_daily
2009-06-17,230.0,250.0,230.0,230.0,228.88710021972656,627092480,0.0,0.0,yfinance_raw_daily
2009-06-18,220.0,235.0,215.0,220.0,218.93548583984375,336679008,0.0,0.0,yfinance_raw_daily
2009-06-19,220.0,225.0,205.0,220.0,218.93548583984375,228300992,0.0,0.0,yfinance_raw_daily
2009-06-22,210.0,225.0,205.0,210.0,208.98387145996094,149200992,0.0,0.0,yfinance_raw_daily
2009-06-23,184.0,200.0,182.0,184.0,183.10968017578125,561392000,0.0,0.0,yfinance_raw_daily
2009-06-24,210.0,210.0,185.0,210.0,208.98387145996094,500292992,0.0,0.0,yfinance_raw_daily
2009-06-25,210.0,215.0,205.0,210.0,208.98387145996094,277721504,0.0,0.0,yfinance_raw_daily
2009-06-26,205.0,215.0,200.0,205.0,204.00807189941406,157844000,0.0,0.0,yfinance_raw_daily
2009-06-29,205.0,210.0,200.0,205.0,204.00807189941406,133337504,0.0,0.0,yfinance_raw_daily
2009-06-30,205.0,215.0,200.0,205.0,204.00807189941406,119743000,0.0,0.0,yfinance_raw_daily
2009-07-01,205.0,205.0,200.0,205.0,204.00807189941406,29402500,0.0,0.0,yfinance_raw_daily
2009-07-02,205.0,205.0,205.0,205.0,204.00807189941406,0,0.0,0.0,yfinance_raw_daily
2009-07-03,197.0,200.0,180.0,197.0,196.04676818847656,120974496,0.0,0.0,yfinance_raw_daily
2009-07-06,185.0,198.0,185.0,185.0,184.10484313964844,182345504,0.0,0.0,yfinance_raw_daily
2009-07-07,205.0,205.0,185.0,205.0,204.00807189941406,294594496,0.0,0.0,yfinance_raw_daily
2009-07-08,205.0,205.0,205.0,205.0,204.00807189941406,0,0.0,0.0,yfinance_raw_daily
2009-07-09,199.0,215.0,198.0,199.0,198.03709411621094,291284512,0.0,0.0,yfinance_raw_daily
2009-07-10,199.0,199.0,199.0,199.0,198.03709411621094,0,0.0,0.0,yfinance_raw_daily
2009-07-13,193.0,197.0,187.0,193.0,192.06613159179688,137128000,0.0,0.0,yfinance_raw_daily
2009-07-14,196.0,199.0,193.0,196.0,195.05162048339844,169487504,0.0,0.0,yfinance_raw_daily
2009-07-15,205.0,205.0,198.0,205.0,204.00807189941406,180986000,0.0,0.0,yfinance_raw_daily
2009-07-16,197.0,210.0,195.0,197.0,196.04676818847656,254408000,0.0,0.0,yfinance_raw_daily
2009-07-17,193.0,198.0,187.0,193.0,192.06613159179688,311853504,0.0,0.0,yfinance_raw_daily
2009-07-20,193.0,193.0,193.0,193.0,192.06613159179688,0,0.0,0.0,yfinance_raw_daily
2009-07-21,200.0,205.0,196.0,200.0,199.03225708007812,250672496,0.0,0.0,yfinance_raw_daily
2009-07-22,198.0,205.0,196.0,198.0,197.04193115234375,186402496,0.0,0.0,yfinance_raw_daily
2009-07-23,198.0,200.0,197.0,198.0,197.04193115234375,56899500,0.0,0.0,yfinance_raw_daily
2009-07-24,198.0,205.0,197.0,198.0,197.04193115234375,75741000,0.0,0.0,yfinance_raw_daily
2009-07-27,199.0,200.0,197.0,199.0,198.03709411621094,59470500,0.0,0.0,yfinance_raw_daily
2009-07-28,205.0,205.0,198.0,205.0,204.00807189941406,157695504,0.0,0.0,yfinance_raw_daily
2009-07-29,197.0,205.0,195.0,197.0,196.04676818847656,121148496,0.0,0.0,yfinance_raw_daily
2009-07-30,210.0,210.0,195.0,210.0,208.98387145996094,451358496,0.0,0.0,yfinance_raw_daily
2009-07-31,220.0,225.0,205.0,220.0,218.93548583984375,1039302976,0.0,0.0,yfinance_raw_daily
2009-08-03,205.0,220.0,205.0,205.0,204.00807189941406,369360000,0.0,0.0,yfinance_raw_daily
2009-08-04,215.0,215.0,205.0,215.0,213.9596710205078,196496000,0.0,0.0,yfinance_raw_daily
2009-08-05,220.0,225.0,210.0,220.0,218.93548583984375,539625984,0.0,0.0,yfinance_raw_daily
2009-08-06,235.0,235.0,215.0,235.0,233.86289978027344,1045511488,0.0,0.0,yfinance_raw_daily
2009-08-07,230.0,245.0,225.0,230.0,228.88710021972656,728500992,0.0,0.0,yfinance_raw_daily
2009-08-10,235.0,240.0,230.0,235.0,233.86289978027344,411328512,0.0,0.0,yfinance_raw_daily
2009-08-11,235.0,240.0,225.0,235.0,233.86289978027344,391154496,0.0,0.0,yfinance_raw_daily
2009-08-12,235.0,235.0,235.0,235.0,233.86289978027344,0,0.0,0.0,yfinance_raw_daily
2009-08-13,235.0,240.0,225.0,235.0,233.86289978027344,552138496,0.0,0.0,yfinance_raw_daily
2009-08-14,235.0,240.0,230.0,235.0,233.86289978027344,273425984,0.0,0.0,yfinance_raw_daily
2009-08-18,230.0,230.0,215.0,230.0,228.88710021972656,312452992,0.0,0.0,yfinance_raw_daily
2009-08-19,215.0,230.0,210.0,215.0,213.9596710205078,307824000,0.0,0.0,yfinance_raw_daily
2009-08-20,220.0,225.0,210.0,220.0,218.93548583984375,181339504,0.0,0.0,yfinance_raw_daily
2009-08-21,220.0,220.0,210.0,220.0,218.93548583984375,84777504,0.0,0.0,yfinance_raw_daily
2009-08-24,215.0,225.0,215.0,215.0,213.9596710205078,93247000,0.0,0.0,yfinance_raw_daily
2009-08-25,220.0,220.0,215.0,220.0,218.93548583984375,58888500,0.0,0.0,yfinance_raw_daily
2009-08-26,220.0,225.0,215.0,220.0,218.93548583984375,76218000,0.0,0.0,yfinance_raw_daily
2009-08-27,215.0,220.0,210.0,215.0,213.9596710205078,83694000,0.0,0.0,yfinance_raw_daily
2009-08-28,215.0,220.0,210.0,215.0,213.9596710205078,24126500,0.0,0.0,yfinance_raw_daily
2009-08-31,210.0,215.0,205.0,210.0,208.98387145996094,61527500,0.0,0.0,yfinance_raw_daily
2009-09-01,205.0,210.0,200.0,205.0,204.00807189941406,86390496,0.0,0.0,yfinance_raw_daily
2009-09-02,198.0,200.0,196.0,198.0,197.04193115234375,178577504,0.0,0.0,yfinance_raw_daily
2009-09-03,210.0,210.0,198.0,210.0,208.98387145996094,103866496,0.0,0.0,yfinance_raw_daily
2009-09-04,200.0,210.0,200.0,200.0,199.03225708007812,34877500,0.0,0.0,yfinance_raw_daily
2009-09-07,205.0,205.0,200.0,205.0,204.00807189941406,29436000,0.0,0.0,yfinance_raw_daily
2009-09-08,205.0,210.0,200.0,205.0,204.00807189941406,69208496,0.0,0.0,yfinance_raw_daily
2009-09-09,205.0,210.0,200.0,205.0,204.00807189941406,43502500,0.0,0.0,yfinance_raw_daily
2009-09-10,210.0,215.0,200.0,210.0,208.98387145996094,127913504,0.0,0.0,yfinance_raw_daily
2009-09-11,205.0,215.0,205.0,205.0,204.00807189941406,117868000,0.0,0.0,yfinance_raw_daily
2009-09-14,200.0,210.0,200.0,200.0,199.03225708007812,32950500,0.0,0.0,yfinance_raw_daily
2009-09-15,205.0,215.0,205.0,205.0,204.00807189941406,122476496,0.0,0.0,yfinance_raw_daily
2009-09-16,210.0,215.0,205.0,210.0,208.98387145996094,36959500,0.0,0.0,yfinance_raw_daily
2009-09-17,205.0,215.0,205.0,205.0,204.00807189941406,112765000,0.0,0.0,yfinance_raw_daily
2009-09-24,210.0,210.0,205.0,210.0,208.98387145996094,15451000,0.0,0.0,yfinance_raw_daily
2009-09-25,205.0,210.0,200.0,205.0,204.00807189941406,40697500,0.0,0.0,yfinance_raw_daily
2009-09-28,205.0,205.0,200.0,205.0,204.00807189941406,25676500,0.0,0.0,yfinance_raw_daily
2009-09-29,205.0,215.0,205.0,205.0,204.00807189941406,129751504,0.0,0.0,yfinance_raw_daily
2009-09-30,210.0,210.0,205.0,210.0,208.98387145996094,23523000,0.0,0.0,yfinance_raw_daily
2009-10-01,210.0,210.0,205.0,210.0,208.98387145996094,82604000,0.0,0.0,yfinance_raw_daily
2009-10-02,205.0,205.0,200.0,205.0,204.00807189941406,42512500,0.0,0.0,yfinance_raw_daily
2009-10-05,205.0,215.0,205.0,205.0,204.00807189941406,179987008,0.0,0.0,yfinance_raw_daily
2009-10-06,210.0,215.0,205.0,210.0,208.98387145996094,54633500,0.0,0.0,yfinance_raw_daily
2009-10-07,205.0,210.0,200.0,205.0,204.00807189941406,121927000,0.0,0.0,yfinance_raw_daily
2009-10-08,205.0,210.0,199.0,205.0,204.00807189941406,182231504,0.0,0.0,yfinance_raw_daily
2009-10-09,205.0,205.0,199.0,205.0,204.00807189941406,93783504,0.0,0.0,yfinance_raw_daily
2009-10-12,199.0,205.0,199.0,199.0,198.03709411621094,38544500,0.0,0.0,yfinance_raw_daily
2009-10-13,200.0,205.0,199.0,200.0,199.03225708007812,41192000,0.0,0.0,yfinance_raw_daily
2009-10-14,205.0,205.0,199.0,205.0,204.00807189941406,40449000,0.0,0.0,yfinance_raw_daily
2009-10-15,205.0,205.0,200.0,205.0,204.00807189941406,38204500,0.0,0.0,yfinance_raw_daily
2009-10-16,205.0,205.0,199.0,205.0,204.00807189941406,45750000,0.0,0.0,yfinance_raw_daily
2009-10-19,200.0,200.0,199.0,200.0,199.03225708007812,25105500,0.0,0.0,yfinance_raw_daily
2009-10-20,197.0,200.0,197.0,197.0,196.04676818847656,43772000,0.0,0.0,yfinance_raw_daily
2009-10-21,197.0,198.0,194.0,197.0,196.04676818847656,54905500,0.0,0.0,yfinance_raw_daily
2009-10-22,189.0,198.0,188.0,189.0,188.08547973632812,90239504,0.0,0.0,yfinance_raw_daily
2009-10-23,193.0,195.0,189.0,193.0,192.06613159179688,88150000,0.0,0.0,yfinance_raw_daily
2009-10-26,189.0,193.0,187.0,189.0,188.08547973632812,49980500,0.0,0.0,yfinance_raw_daily
2009-10-27,176.0,187.0,175.0,176.0,175.1483917236328,138212000,0.0,0.0,yfinance_raw_daily
2009-10-28,156.0,175.0,154.0,156.0,155.2451629638672,189807008,0.0,0.0,yfinance_raw_daily
2009-10-29,170.0,174.0,137.0,170.0,169.1774139404297,343494016,0.0,0.0,yfinance_raw_daily
2009-10-30,164.0,178.0,161.0,164.0,163.20645141601562,200640000,0.0,0.0,yfinance_raw_daily
2009-11-02,171.0,173.0,147.0,171.0,170.17257690429688,176874000,0.0,0.0,yfinance_raw_daily
2009-11-03,159.0,173.0,159.0,159.0,158.23065185546875,96846000,0.0,0.0,yfinance_raw_daily
2009-11-04,169.0,169.0,162.0,169.0,168.18226623535156,99558496,0.0,0.0,yfinance_raw_daily
2009-11-05,166.0,168.0,163.0,166.0,165.19677734375,46993500,0.0,0.0,yfinance_raw_daily
2009-11-06,165.0,170.0,164.0,165.0,164.2016143798828,78690000,0.0,0.0,yfinance_raw_daily
2009-11-09,164.0,167.0,161.0,164.0,163.20645141601562,30711500,0.0,0.0,yfinance_raw_daily
2009-11-10,157.0,167.0,156.0,157.0,156.24032592773438,47420500,0.0,0.0,yfinance_raw_daily
2009-11-11,165.0,166.0,156.0,165.0,164.2016143798828,91093504,0.0,0.0,yfinance_raw_daily
2009-11-12,160.0,171.0,159.0,160.0,159.22579956054688,192294000,0.0,0.0,yfinance_raw_daily
2009-11-13,163.0,163.0,159.0,163.0,162.21128845214844,37881000,0.0,0.0,yfinance_raw_daily
2009-11-16,166.0,168.0,163.0,166.0,165.19677734375,118876496,0.0,0.0,yfinance_raw_daily
2009-11-17,174.0,177.0,168.0,174.0,173.15806579589844,508836000,0.0,0.0,yfinance_raw_daily
2009-11-18,188.0,194.0,173.0,188.0,187.09031677246094,1154152448,0.0,0.0,yfinance_raw_daily
2009-11-19,187.0,196.0,185.0,187.0,186.0951690673828,719561024,0.0,0.0,yfinance_raw_daily
2009-11-20,189.0,192.0,185.0,189.0,188.08547973632812,311501504,0.0,0.0,yfinance_raw_daily
2009-11-23,187.0,193.0,186.0,187.0,186.0951690673828,111166000,0.0,0.0,yfinance_raw_daily
2009-11-24,181.0,189.0,179.0,181.0,180.1241912841797,109400000,0.0,0.0,yfinance_raw_daily
2009-11-25,182.0,183.0,174.0,182.0,181.11935424804688,83684000,0.0,0.0,yfinance_raw_daily
2009-11-26,149.0,175.0,141.0,149.0,148.27903747558594,984882496,0.0,0.0,yfinance_raw_daily
2009-11-30,140.0,150.0,140.0,140.0,139.3225860595703,211342496,0.0,0.0,yfinance_raw_daily
2009-12-01,146.0,146.0,139.0,146.0,145.29354858398438,134255008,0.0,0.0,yfinance_raw_daily
2009-12-02,146.0,146.0,146.0,146.0,145.29354858398438,0,0.0,0.0,yfinance_raw_daily
2009-12-03,146.0,151.0,145.0,146.0,145.29354858398438,117615000,0.0,0.0,yfinance_raw_daily
2009-12-04,146.0,146.0,146.0,146.0,145.29354858398438,0,0.0,0.0,yfinance_raw_daily
2009-12-07,147.0,149.0,145.0,147.0,146.28871154785156,63261000,0.0,0.0,yfinance_raw_daily
2009-12-08,147.0,147.0,147.0,147.0,146.28871154785156,0,0.0,0.0,yfinance_raw_daily
2009-12-09,141.0,143.0,137.0,141.0,140.3177490234375,52754500,0.0,0.0,yfinance_raw_daily
2009-12-10,140.0,144.0,140.0,140.0,139.3225860595703,27038500,0.0,0.0,yfinance_raw_daily
2009-12-11,142.0,142.0,140.0,142.0,141.31289672851562,21423500,0.0,0.0,yfinance_raw_daily
2009-12-14,138.0,140.0,137.0,138.0,137.33226013183594,29880500,0.0,0.0,yfinance_raw_daily
2009-12-15,132.0,138.0,130.0,132.0,131.36129760742188,54413000,0.0,0.0,yfinance_raw_daily
2009-12-16,129.0,135.0,125.0,129.0,128.3758087158203,78435000,0.0,0.0,yfinance_raw_daily
2009-12-17,125.0,132.0,124.0,125.0,124.3951644897461,54747500,0.0,0.0,yfinance_raw_daily
2009-12-21,117.0,125.0,113.0,117.0,116.43386840820312,87507000,0.0,0.0,yfinance_raw_daily
2009-12-22,120.0,121.0,117.0,120.0,119.41935729980469,38151500,0.0,0.0,yfinance_raw_daily
2009-12-23,118.0,121.0,116.0,118.0,117.42903137207031,14867500,0.0,0.0,yfinance_raw_daily
2009-12-28,118.0,118.0,118.0,118.0,117.42903137207031,0,0.0,0.0,yfinance_raw_daily
2009-12-29,135.0,138.0,127.0,135.0,134.34677124023438,179108992,0.0,0.0,yfinance_raw_daily
2009-12-30,136.0,140.0,133.0,136.0,135.34193420410156,155450000,0.0,0.0,yfinance_raw_daily
2010-01-04,134.0,137.0,132.0,134.0,133.3516082763672,48098000,0.0,0.0,yfinance_raw_daily
2010-01-05,140.0,141.0,135.0,140.0,139.3225860595703,143316496,0.0,0.0,yfinance_raw_daily
2010-01-06,150.0,151.0,140.0,150.0,149.27420043945312,297389504,0.0,0.0,yfinance_raw_daily
2010-01-07,130.0,138.0,130.0,130.0,129.3709716796875,250327008,0.0,0.0,yfinance_raw_daily
2010-01-08,135.0,136.0,129.0,135.0,134.34677124023438,164830496,0.0,0.0,yfinance_raw_daily
2010-01-11,133.0,138.0,132.0,133.0,132.3564453125,89368496,0.0,0.0,yfinance_raw_daily
2010-01-12,136.0,138.0,130.0,136.0,135.34193420410156,196376992,0.0,0.0,yfinance_raw_daily
2010-01-13,132.0,133.0,130.0,132.0,131.36129760742188,258532000,0.0,0.0,yfinance_raw_daily
2010-01-14,130.0,132.0,129.0,130.0,129.3709716796875,171801504,0.0,0.0,yfinance_raw_daily
2010-01-15,124.0,131.0,124.0,124.0,123.4000015258789,193204496,0.0,0.0,yfinance_raw_daily
2010-01-18,124.0,124.0,124.0,124.0,123.4000015258789,0,0.0,0.0,yfinance_raw_daily
2010-01-19,127.0,129.0,122.0,127.0,126.38548278808594,360633984,0.0,0.0,yfinance_raw_daily
2010-01-20,124.0,128.0,122.0,124.0,123.4000015258789,186862496,0.0,0.0,yfinance_raw_daily
2010-01-21,123.0,125.0,120.0,123.0,122.40483856201172,140142000,0.0,0.0,yfinance_raw_daily
2010-01-22,120.0,120.0,111.0,120.0,119.41935729980469,659691520,0.0,0.0,yfinance_raw_daily
2010-01-25,125.0,127.0,116.0,125.0,124.3951644897461,565670016,0.0,0.0,yfinance_raw_daily
2010-01-26,125.0,125.0,125.0,125.0,124.3951644897461,0,0.0,0.0,yfinance_raw_daily
2010-01-27,119.0,123.0,118.0,119.0,118.4241943359375,231524496,0.0,0.0,yfinance_raw_daily
2010-01-28,123.0,124.0,119.0,123.0,122.40483856201172,314833984,0.0,0.0,yfinance_raw_daily
2010-01-29,121.0,123.0,119.0,121.0,120.41452026367188,200884496,0.0,0.0,yfinance_raw_daily
2010-02-01,122.0,124.0,119.0,122.0,121.40967559814453,146132496,0.0,0.0,yfinance_raw_daily
2010-02-02,121.0,125.0,120.0,121.0,120.41452026367188,167858496,0.0,0.0,yfinance_raw_daily
2010-02-03,123.0,126.0,122.0,123.0,122.40483856201172,316703488,0.0,0.0,yfinance_raw_daily
2010-02-04,121.0,124.0,120.0,121.0,120.41452026367188,126586496,0.0,0.0,yfinance_raw_daily
2010-02-05,117.0,119.0,116.0,117.0,116.43386840820312,207535008,0.0,0.0,yfinance_raw_daily
2010-02-08,117.0,119.0,113.0,117.0,116.43386840820312,199061504,0.0,0.0,yfinance_raw_daily
2010-02-09,117.0,117.0,115.0,117.0,116.43386840820312,99988000,0.0,0.0,yfinance_raw_daily
2010-02-10,116.0,118.0,115.0,116.0,115.43871307373047,101193504,0.0,0.0,yfinance_raw_daily
2010-02-11,112.0,116.0,111.0,112.0,111.45806884765625,131235000,0.0,0.0,yfinance_raw_daily
2010-02-12,116.0,116.0,112.0,116.0,115.43871307373047,182469504,0.0,0.0,yfinance_raw_daily
2010-02-15,113.0,116.0,113.0,113.0,112.4532241821289,41800500,0.0,0.0,yfinance_raw_daily
2010-02-16,115.0,115.0,113.0,115.0,114.44355010986328,49429000,0.0,0.0,yfinance_raw_daily
2010-02-17,115.0,116.0,114.0,115.0,114.44355010986328,82541000,0.0,0.0,yfinance_raw_daily
2010-02-18,111.0,115.0,111.0,111.0,110.46290588378906,92348496,0.0,0.0,yfinance_raw_daily
2010-02-19,110.0,112.0,107.0,110.0,109.46774291992188,98270000,0.0,0.0,yfinance_raw_daily
2010-02-22,108.0,112.0,107.0,108.0,107.4774169921875,74000496,0.0,0.0,yfinance_raw_daily
2010-02-23,110.0,111.0,105.0,110.0,109.46774291992188,94715504,0.0,0.0,yfinance_raw_daily
2010-02-24,109.0,112.0,108.0,109.0,108.47257995605469,128590000,0.0,0.0,yfinance_raw_daily
2010-02-25,108.0,110.0,107.0,108.0,107.4774169921875,38596500,0.0,0.0,yfinance_raw_daily
2010-03-01,106.0,109.0,106.0,106.0,105.48709869384766,42127500,0.0,0.0,yfinance_raw_daily
2010-03-02,108.0,110.0,105.0,108.0,107.4774169921875,96458000,0.0,0.0,yfinance_raw_daily
2010-03-03,108.0,111.0,107.0,108.0,107.4774169921875,98762496,0.0,0.0,yfinance_raw_daily
2010-03-04,108.0,109.0,107.0,108.0,107.4774169921875,48148000,0.0,0.0,yfinance_raw_daily
2010-03-05,109.0,110.0,108.0,109.0,108.47257995605469,37619000,0.0,0.0,yfinance_raw_daily
2010-03-08,114.0,115.0,109.0,114.0,113.4483871459961,204738496,0.0,0.0,yfinance_raw_daily
2010-03-09,113.0,115.0,112.0,113.0,112.4532241821289,108013504,0.0,0.0,yfinance_raw_daily
2010-03-10,112.0,114.0,111.0,112.0,111.45806884765625,125164496,0.0,0.0,yfinance_raw_daily
2010-03-11,113.0,114.0,112.0,113.0,112.4532241821289,81048496,0.0,0.0,yfinance_raw_daily
2010-03-12,115.0,117.0,114.0,115.0,114.44355010986328,181836992,0.0,0.0,yfinance_raw_daily
2010-03-15,114.0,116.0,113.0,114.0,113.4483871459961,66210000,0.0,0.0,yfinance_raw_daily
2010-03-17,117.0,119.0,114.0,117.0,116.43386840820312,201073504,0.0,0.0,yfinance_raw_daily
2010-03-18,115.0,117.0,113.0,115.0,114.44355010986328,77216496,0.0,0.0,yfinance_raw_daily
2010-03-19,113.0,115.0,113.0,113.0,112.4532241821289,31387000,0.0,0.0,yfinance_raw_daily
2010-03-22,110.0,114.0,109.0,110.0,109.46774291992188,58459000,0.0,0.0,yfinance_raw_daily
2010-03-23,109.0,112.0,108.0,109.0,108.47257995605469,34239500,0.0,0.0,yfinance_raw_daily
2010-03-24,109.0,111.0,107.0,109.0,108.47257995605469,27294500,0.0,0.0,yfinance_raw_daily
2010-03-25,106.0,110.0,106.0,106.0,105.48709869384766,57715000,0.0,0.0,yfinance_raw_daily
2010-03-26,109.0,110.0,106.0,109.0,108.47257995605469,57133000,0.0,0.0,yfinance_raw_daily
2010-03-29,108.0,110.0,107.0,108.0,107.4774169921875,36848500,0.0,0.0,yfinance_raw_daily
2010-03-30,108.0,110.0,107.0,108.0,107.4774169921875,23220000,0.0,0.0,yfinance_raw_daily
2010-03-31,105.0,108.0,105.0,105.0,104.49193572998047,45854000,0.0,0.0,yfinance_raw_daily
2010-04-01,105.0,107.0,104.0,105.0,104.49193572998047,48162500,0.0,0.0,yfinance_raw_daily
2010-04-05,105.0,105.0,105.0,105.0,104.49193572998047,0,0.0,0.0,yfinance_raw_daily
2010-04-06,113.0,116.0,103.0,113.0,112.4532241821289,470303008,0.0,0.0,yfinance_raw_daily
2010-04-07,110.0,116.0,108.0,110.0,109.46774291992188,144387008,0.0,0.0,yfinance_raw_daily
2010-04-08,110.0,114.0,108.0,110.0,109.46774291992188,143146496,0.0,0.0,yfinance_raw_daily
2010-04-09,110.0,112.0,109.0,110.0,109.46774291992188,33253500,0.0,0.0,yfinance_raw_daily
2010-04-12,107.0,112.0,107.0,107.0,106.48226165771484,59763500,0.0,0.0,yfinance_raw_daily
2010-04-13,107.0,107.0,107.0,107.0,106.48226165771484,0,0.0,0.0,yfinance_raw_daily
2010-04-14,107.0,109.0,106.0,107.0,106.48226165771484,35545000,0.0,0.0,yfinance_raw_daily
2010-04-15,109.0,111.0,107.0,109.0,108.47257995605469,87350496,0.0,0.0,yfinance_raw_daily
2010-04-16,107.0,111.0,107.0,107.0,106.48226165771484,48035500,0.0,0.0,yfinance_raw_daily
2010-04-19,105.0,107.0,104.0,105.0,104.49193572998047,43296000,0.0,0.0,yfinance_raw_daily
2010-04-20,106.0,107.0,105.0,106.0,105.48709869384766,22550000,0.0,0.0,yfinance_raw_daily
2010-04-21,106.0,110.0,106.0,106.0,105.48709869384766,92931000,0.0,0.0,yfinance_raw_daily
2010-04-22,107.0,108.0,106.0,107.0,106.48226165771484,39745500,0.0,0.0,yfinance_raw_daily
2010-04-23,107.0,108.0,106.0,107.0,106.48226165771484,22127000,0.0,0.0,yfinance_raw_daily
2010-04-26,106.0,109.0,106.0,106.0,105.48709869384766,36593000,0.0,0.0,yfinance_raw_daily
2010-04-27,104.0,106.0,104.0,104.0,103.49677276611328,38957000,0.0,0.0,yfinance_raw_daily
2010-04-28,104.0,106.0,102.0,104.0,103.49677276611328,161899504,0.0,0.0,yfinance_raw_daily
2010-04-29,104.0,105.0,102.0,104.0,103.49677276611328,74768000,0.0,0.0,yfinance_raw_daily
2010-04-30,105.0,107.0,104.0,105.0,104.49193572998047,129589504,0.0,0.0,yfinance_raw_daily
2010-05-03,104.0,107.0,103.0,104.0,103.49677276611328,117401504,0.0,0.0,yfinance_raw_daily
2010-05-04,102.0,105.0,102.0,102.0,101.50645446777344,56369500,0.0,0.0,yfinance_raw_daily
2010-05-05,100.0,103.0,99.0,100.0,99.51612854003906,112100496,0.0,0.0,yfinance_raw_daily
2010-05-06,101.0,101.0,96.0,101.0,100.51129150390625,98140000,0.0,0.0,yfinance_raw_daily
2010-05-07,96.0,99.0,96.0,96.0,95.53548431396484,60460000,0.0,0.0,yfinance_raw_daily
2010-05-10,96.0,96.0,96.0,96.0,95.53548431396484,0,0.0,0.0,yfinance_raw_daily
2010-05-11,96.0,96.0,96.0,96.0,95.53548431396484,0,0.0,0.0,yfinance_raw_daily
2010-05-12,101.0,101.0,99.0,101.0,100.51129150390625,43222000,0.0,0.0,yfinance_raw_daily
2010-05-14,99.0,102.0,99.0,99.0,98.52096557617188,38355500,0.0,0.0,yfinance_raw_daily
2010-05-17,97.0,98.0,95.0,97.0,96.53064727783203,43238500,0.0,0.0,yfinance_raw_daily
2010-05-18,98.0,99.0,96.0,98.0,97.52581024169922,37651500,0.0,0.0,yfinance_raw_daily
2010-05-19,92.0,97.0,92.0,92.0,91.55484008789062,69611000,0.0,0.0,yfinance_raw_daily
2010-05-20,87.0,94.0,85.0,87.0,86.57903289794922,95755504,0.0,0.0,yfinance_raw_daily
2010-05-21,80.0,82.0,80.0,80.0,79.61289978027344,92185504,0.0,0.0,yfinance_raw_daily
2010-05-24,70.0,83.0,67.0,70.0,69.66129302978516,146420496,0.0,0.0,yfinance_raw_daily
2010-05-25,60.0,67.0,56.0,60.0,59.709678649902344,246699504,0.0,0.0,yfinance_raw_daily
2010-05-26,83.0,83.0,63.0,83.0,82.598388671875,505672992,0.0,0.0,yfinance_raw_daily
2010-05-27,82.0,92.0,74.0,82.0,81.60322570800781,619438016,0.0,0.0,yfinance_raw_daily
2010-05-31,82.0,87.0,81.0,82.0,81.60322570800781,125824000,0.0,0.0,yfinance_raw_daily
2010-06-01,77.0,83.0,76.0,77.0,76.6274185180664,87724496,0.0,0.0,yfinance_raw_daily
2010-06-02,78.0,81.0,76.0,78.0,77.6225814819336,72927504,0.0,0.0,yfinance_raw_daily
2010-06-03,80.0,82.0,78.0,80.0,79.61289978027344,98300000,0.0,0.0,yfinance_raw_daily
2010-06-04,79.0,80.0,76.0,79.0,78.61774444580078,43118000,0.0,0.0,yfinance_raw_daily
2010-06-07,75.0,76.0,71.0,75.0,74.63710021972656,71096496,0.0,0.0,yfinance_raw_daily
2010-06-08,76.0,78.0,75.0,76.0,75.63225555419922,41335000,0.0,0.0,yfinance_raw_daily
2010-06-09,76.0,77.0,74.0,76.0,75.63225555419922,34861000,0.0,0.0,yfinance_raw_daily
2010-06-10,74.0,76.0,74.0,74.0,73.64193725585938,16527500,0.0,0.0,yfinance_raw_daily
2010-06-11,76.0,77.0,75.0,76.0,75.63225555419922,46879500,0.0,0.0,yfinance_raw_daily
2010-06-14,75.0,77.0,75.0,75.0,74.63710021972656,18835000,0.0,0.0,yfinance_raw_daily
2010-06-15,75.0,77.0,74.0,75.0,74.63710021972656,23602500,0.0,0.0,yfinance_raw_daily
2010-06-16,75.0,77.0,75.0,75.0,74.63710021972656,17301500,0.0,0.0,yfinance_raw_daily
2010-06-17,75.0,76.0,74.0,75.0,74.63710021972656,15671000,0.0,0.0,yfinance_raw_daily
2010-06-18,76.0,78.0,75.0,76.0,75.63225555419922,59641500,0.0,0.0,yfinance_raw_daily
2010-06-21,80.0,83.0,77.0,80.0,79.61289978027344,159899008,0.0,0.0,yfinance_raw_daily
2010-06-22,79.0,81.0,77.0,79.0,78.61774444580078,79447504,0.0,0.0,yfinance_raw_daily
2010-06-23,81.0,82.0,77.0,81.0,80.60806274414062,121517000,0.0,0.0,yfinance_raw_daily
2010-06-24,79.0,82.0,78.0,79.0,78.61774444580078,88081000,0.0,0.0,yfinance_raw_daily
2010-06-25,79.0,80.0,78.0,79.0,78.61774444580078,13834000,0.0,0.0,yfinance_raw_daily
2010-06-28,78.0,79.0,78.0,78.0,77.6225814819336,35434500,0.0,0.0,yfinance_raw_daily
2010-06-29,76.0,79.0,75.0,76.0,75.63225555419922,46255000,0.0,0.0,yfinance_raw_daily
2010-06-30,77.0,77.0,71.0,77.0,76.6274185180664,28981500,0.0,0.0,yfinance_raw_daily
2010-07-01,75.0,76.0,74.0,75.0,74.63710021972656,28566500,0.0,0.0,yfinance_raw_daily
2010-07-02,75.0,77.0,74.0,75.0,74.63710021972656,34409500,0.0,0.0,yfinance_raw_daily
2010-07-05,75.0,76.0,73.0,75.0,74.63710021972656,14591500,0.0,0.0,yfinance_raw_daily
2010-07-06,76.0,76.0,74.0,76.0,75.63225555419922,22157000,0.0,0.0,yfinance_raw_daily
2010-07-07,74.0,76.0,73.0,74.0,73.64193725585938,22888500,0.0,0.0,yfinance_raw_daily
2010-07-08,74.0,76.0,73.0,74.0,73.64193725585938,31801000,0.0,0.0,yfinance_raw_daily
2010-07-09,74.0,75.0,73.0,74.0,73.64193725585938,25536500,0.0,0.0,yfinance_raw_daily
2010-07-12,74.0,78.0,74.0,74.0,73.64193725585938,75426496,0.0,0.0,yfinance_raw_daily
2010-07-13,74.0,76.0,73.0,74.0,73.64193725585938,19731500,0.0,0.0,yfinance_raw_daily
2010-07-14,73.0,75.0,72.0,73.0,72.64677429199219,26727000,0.0,0.0,yfinance_raw_daily
2010-07-15,70.0,73.0,68.0,70.0,69.66129302978516,58188500,0.0,0.0,yfinance_raw_daily
2010-07-16,66.0,70.0,62.0,66.0,65.68064880371094,114137504,0.0,0.0,yfinance_raw_daily
2010-07-19,66.0,67.0,63.0,66.0,65.68064880371094,50824000,0.0,0.0,yfinance_raw_daily
2010-07-20,65.0,68.0,65.0,65.0,64.68548583984375,42153000,0.0,0.0,yfinance_raw_daily
2010-07-21,69.0,70.0,65.0,69.0,68.66613006591797,56104500,0.0,0.0,yfinance_raw_daily
2010-07-22,67.0,69.0,66.0,67.0,66.6758041381836,29179500,0.0,0.0,yfinance_raw_daily
2010-07-23,68.0,69.0,66.0,68.0,67.67096710205078,25584500,0.0,0.0,yfinance_raw_daily
2010-07-26,65.0,68.0,65.0,65.0,64.68548583984375,16753500,0.0,0.0,yfinance_raw_daily
2010-07-27,65.0,67.0,64.0,65.0,64.68548583984375,37809500,0.0,0.0,yfinance_raw_daily
2010-07-28,64.0,66.0,63.0,64.0,63.69032287597656,33483500,0.0,0.0,yfinance_raw_daily
2010-07-29,65.0,65.0,63.0,65.0,64.68548583984375,23074000,0.0,0.0,yfinance_raw_daily
2010-07-30,64.0,65.0,63.0,64.0,63.69032287597656,15977500,0.0,0.0,yfinance_raw_daily
2010-08-02,63.0,65.0,62.0,63.0,62.695159912109375,24388500,0.0,0.0,yfinance_raw_daily
2010-08-03,63.0,66.0,61.0,63.0,62.695159912109375,68076496,0.0,0.0,yfinance_raw_daily
2010-08-04,63.0,64.0,62.0,63.0,62.695159912109375,22022000,0.0,0.0,yfinance_raw_daily
2010-08-05,63.0,64.0,62.0,63.0,62.695159912109375,22131000,0.0,0.0,yfinance_raw_daily
2010-08-06,61.0,63.0,60.0,61.0,60.704837799072266,32276000,0.0,0.0,yfinance_raw_daily
2010-08-09,61.0,62.0,60.0,61.0,60.704837799072266,19735000,0.0,0.0,yfinance_raw_daily
2010-08-10,60.0,62.0,59.0,60.0,59.709678649902344,23382500,0.0,0.0,yfinance_raw_daily
2010-08-11,59.0,60.0,58.0,59.0,58.714515686035156,39675000,0.0,0.0,yfinance_raw_daily
2010-08-12,57.0,59.0,57.0,57.0,56.72419357299805,30818000,0.0,0.0,yfinance_raw_daily
2010-08-13,58.0,59.0,56.0,58.0,57.719356536865234,24129000,0.0,0.0,yfinance_raw_daily
2010-08-16,56.0,58.0,55.0,56.0,55.729034423828125,53685500,0.0,0.0,yfinance_raw_daily
2010-08-18,55.0,56.0,53.0,55.0,54.73387145996094,95594000,0.0,0.0,yfinance_raw_daily
2010-08-19,51.0,55.0,51.0,51.0,50.75322723388672,97274496,0.0,0.0,yfinance_raw_daily
2010-08-20,52.0,55.0,50.0,52.0,51.74838638305664,440156992,0.0,0.0,yfinance_raw_daily
2010-08-23,58.0,59.0,52.0,58.0,57.719356536865234,292004992,0.0,0.0,yfinance_raw_daily
2010-08-24,57.0,60.0,56.0,57.0,56.72419357299805,122240000,0.0,0.0,yfinance_raw_daily
2010-08-25,62.0,63.0,56.0,62.0,61.70000076293945,189230000,0.0,0.0,yfinance_raw_daily
2010-08-26,67.0,70.0,61.0,67.0,66.6758041381836,350493504,0.0,0.0,yfinance_raw_daily
2010-08-27,63.0,67.0,62.0,63.0,62.695159912109375,225260496,0.0,0.0,yfinance_raw_daily
2010-08-30,63.0,67.0,63.0,63.0,62.695159912109375,126829504,0.0,0.0,yfinance_raw_daily
2010-08-31,62.0,64.0,60.0,62.0,61.70000076293945,66568500,0.0,0.0,yfinance_raw_daily
2010-09-01,62.0,64.0,62.0,62.0,61.70000076293945,56903500,0.0,0.0,yfinance_raw_daily
2010-09-02,60.0,64.0,59.0,60.0,59.709678649902344,71870496,0.0,0.0,yfinance_raw_daily
2010-09-03,60.0,61.0,58.0,60.0,59.709678649902344,39687000,0.0,0.0,yfinance_raw_daily
2010-09-06,60.0,61.0,59.0,60.0,59.709678649902344,23370000,0.0,0.0,yfinance_raw_daily
2010-09-07,60.0,62.0,59.0,60.0,59.709678649902344,81184496,0.0,0.0,yfinance_raw_daily
2010-09-15,60.0,60.0,60.0,60.0,59.709678649902344,0,0.0,0.0,yfinance_raw_daily
2010-09-16,64.0,65.0,62.0,64.0,63.69032287597656,143323504,0.0,0.0,yfinance_raw_daily
2010-09-17,71.0,73.0,64.0,71.0,70.65644836425781,516936512,0.0,0.0,yfinance_raw_daily
2010-09-20,75.0,78.0,72.0,75.0,74.63710021972656,452297504,0.0,0.0,yfinance_raw_daily
2010-09-21,80.0,82.0,76.0,80.0,79.61289978027344,514625504,0.0,0.0,yfinance_raw_daily
2010-09-22,76.0,85.0,76.0,76.0,75.63225555419922,438090496,0.0,0.0,yfinance_raw_daily
2010-09-23,76.0,79.0,71.0,76.0,75.63225555419922,342606016,0.0,0.0,yfinance_raw_daily
2010-09-24,78.0,78.0,74.0,78.0,77.6225814819336,154396496,0.0,0.0,yfinance_raw_daily
2010-09-27,79.0,82.0,78.0,79.0,78.61774444580078,183167008,0.0,0.0,yfinance_raw_daily
2010-09-28,76.0,79.0,75.0,76.0,75.63225555419922,84048000,0.0,0.0,yfinance_raw_daily
2010-09-29,75.0,77.0,74.0,75.0,74.63710021972656,45730500,0.0,0.0,yfinance_raw_daily
2010-09-30,75.0,77.0,73.0,75.0,74.63710021972656,54673000,0.0,0.0,yfinance_raw_daily
2010-10-01,78.0,78.0,74.0,78.0,77.6225814819336,60481500,0.0,0.0,yfinance_raw_daily
2010-10-04,76.0,78.0,75.0,76.0,75.63225555419922,67938000,0.0,0.0,yfinance_raw_daily
2010-10-05,77.0,77.0,75.0,77.0,76.6274185180664,38353500,0.0,0.0,yfinance_raw_daily
2010-10-06,78.0,80.0,77.0,78.0,77.6225814819336,142100992,0.0,0.0,yfinance_raw_daily
2010-10-07,77.0,78.0,74.0,77.0,76.6274185180664,68946000,0.0,0.0,yfinance_raw_daily
2010-10-08,78.0,79.0,76.0,78.0,77.6225814819336,126398000,0.0,0.0,yfinance_raw_daily
2010-10-11,78.0,81.0,77.0,78.0,77.6225814819336,191500496,0.0,0.0,yfinance_raw_daily
2010-10-12,77.0,80.0,77.0,77.0,76.6274185180664,44664500,0.0,0.0,yfinance_raw_daily
2010-10-13,82.0,82.0,78.0,82.0,81.60322570800781,274767008,0.0,0.0,yfinance_raw_daily
2010-10-14,82.0,84.0,80.0,82.0,81.60322570800781,183999504,0.0,0.0,yfinance_raw_daily
2010-10-15,81.0,84.0,80.0,81.0,80.60806274414062,116287000,0.0,0.0,yfinance_raw_daily
2010-10-18,78.0,82.0,78.0,78.0,77.6225814819336,54744500,0.0,0.0,yfinance_raw_daily
2010-10-19,79.0,80.0,78.0,79.0,78.61774444580078,40030500,0.0,0.0,yfinance_raw_daily
2010-10-20,80.0,83.0,77.0,80.0,79.61289978027344,168579504,0.0,0.0,yfinance_raw_daily
2010-10-21,81.0,84.0,80.0,81.0,80.60806274414062,188876992,0.0,0.0,yfinance_raw_daily
2010-10-22,80.0,83.0,79.0,80.0,79.61289978027344,109852496,0.0,0.0,yfinance_raw_daily
2010-10-25,80.0,82.0,80.0,80.0,79.61289978027344,45065000,0.0,0.0,yfinance_raw_daily
2010-10-26,79.0,81.0,78.0,79.0,78.61774444580078,69776496,0.0,0.0,yfinance_raw_daily
2010-10-27,77.0,80.0,77.0,77.0,76.6274185180664,41430500,0.0,0.0,yfinance_raw_daily
2010-10-28,77.0,78.0,76.0,77.0,76.6274185180664,53820500,0.0,0.0,yfinance_raw_daily
2010-10-29,77.0,78.0,75.0,77.0,76.6274185180664,40873500,0.0,0.0,yfinance_raw_daily
2010-11-01,77.0,78.0,76.0,77.0,76.6274185180664,19853000,0.0,0.0,yfinance_raw_daily
2010-11-02,77.0,79.0,76.0,77.0,76.6274185180664,67266000,0.0,0.0,yfinance_raw_daily
2010-11-03,76.0,77.0,74.0,76.0,75.63225555419922,63343500,0.0,0.0,yfinance_raw_daily
2010-11-04,76.0,76.0,73.0,76.0,75.63225555419922,49138000,0.0,0.0,yfinance_raw_daily
2010-11-05,76.0,77.0,75.0,76.0,75.63225555419922,62802000,0.0,0.0,yfinance_raw_daily
2010-11-08,76.0,76.0,74.0,76.0,75.63225555419922,23124000,0.0,0.0,yfinance_raw_daily
2010-11-09,76.0,78.0,75.0,76.0,75.63225555419922,83999504,0.0,0.0,yfinance_raw_daily
2010-11-10,75.0,76.0,73.0,75.0,74.63710021972656,63527500,0.0,0.0,yfinance_raw_daily
2010-11-11,74.0,75.0,73.0,74.0,73.64193725585938,47625000,0.0,0.0,yfinance_raw_daily
2010-11-12,71.0,75.0,70.0,71.0,70.65644836425781,70719504,0.0,0.0,yfinance_raw_daily
2010-11-15,71.0,73.0,71.0,71.0,70.65644836425781,39491500,0.0,0.0,yfinance_raw_daily
2010-11-16,74.0,74.0,71.0,74.0,73.64193725585938,50574500,0.0,0.0,yfinance_raw_daily
2010-11-18,78.0,79.0,74.0,78.0,77.6225814819336,222530000,0.0,0.0,yfinance_raw_daily
2010-11-19,77.0,80.0,76.0,77.0,76.6274185180664,106651504,0.0,0.0,yfinance_raw_daily
2010-11-22,75.0,77.0,75.0,75.0,74.63710021972656,39102500,0.0,0.0,yfinance_raw_daily
2010-11-23,76.0,78.0,75.0,76.0,75.63225555419922,80613000,0.0,0.0,yfinance_raw_daily
2010-11-24,75.0,78.0,75.0,75.0,74.63710021972656,42617000,0.0,0.0,yfinance_raw_daily
2010-11-25,83.0,83.0,76.0,83.0,82.598388671875,365456992,0.0,0.0,yfinance_raw_daily
2010-11-26,81.0,85.0,80.0,81.0,80.60806274414062,317854496,0.0,0.0,yfinance_raw_daily
2010-11-29,80.0,81.0,78.0,80.0,79.61289978027344,61799500,0.0,0.0,yfinance_raw_daily
2010-11-30,72.0,79.0,72.0,72.0,71.651611328125,145430000,0.0,0.0,yfinance_raw_daily
2010-12-01,75.0,77.0,70.0,75.0,74.63710021972656,86194000,0.0,0.0,yfinance_raw_daily
2010-12-02,75.0,78.0,75.0,75.0,74.63710021972656,75069504,0.0,0.0,yfinance_raw_daily
2010-12-03,75.0,76.0,74.0,75.0,74.63710021972656,19890500,0.0,0.0,yfinance_raw_daily
2010-12-06,76.0,77.0,75.0,76.0,75.63225555419922,25488000,0.0,0.0,yfinance_raw_daily
2010-12-08,75.0,77.0,75.0,75.0,74.63710021972656,16882000,0.0,0.0,yfinance_raw_daily
2010-12-09,75.0,77.0,74.0,75.0,74.63710021972656,24562500,0.0,0.0,yfinance_raw_daily
2010-12-10,75.0,75.0,73.0,75.0,74.63710021972656,21838500,0.0,0.0,yfinance_raw_daily
2010-12-13,74.0,76.0,74.0,74.0,73.64193725585938,19147000,0.0,0.0,yfinance_raw_daily
2010-12-14,74.0,75.0,74.0,74.0,73.64193725585938,14820500,0.0,0.0,yfinance_raw_daily
2010-12-15,75.0,75.0,72.0,75.0,74.63710021972656,35983000,0.0,0.0,yfinance_raw_daily
2010-12-16,73.0,75.0,72.0,73.0,72.64677429199219,23941500,0.0,0.0,yfinance_raw_daily
2010-12-17,73.0,74.0,72.0,73.0,72.64677429199219,17383500,0.0,0.0,yfinance_raw_daily
2010-12-20,74.0,75.0,72.0,74.0,73.64193725585938,19041500,0.0,0.0,yfinance_raw_daily
2010-12-21,73.0,75.0,73.0,73.0,72.64677429199219,19891000,0.0,0.0,yfinance_raw_daily
2010-12-22,73.0,74.0,72.0,73.0,72.64677429199219,6629500,0.0,0.0,yfinance_raw_daily
2010-12-23,72.0,73.0,71.0,72.0,71.651611328125,15745500,0.0,0.0,yfinance_raw_daily
2010-12-27,71.0,73.0,71.0,71.0,70.65644836425781,8575000,0.0,0.0,yfinance_raw_daily
2010-12-28,73.0,73.0,71.0,73.0,72.64677429199219,10230000,0.0,0.0,yfinance_raw_daily
2010-12-29,72.0,73.0,72.0,72.0,71.651611328125,10046500,0.0,0.0,yfinance_raw_daily
2010-12-30,71.0,73.0,71.0,71.0,70.65644836425781,30375000,0.0,0.0,yfinance_raw_daily
2011-01-03,73.0,74.0,72.0,73.0,72.64677429199219,22397000,0.0,0.0,yfinance_raw_daily
2011-01-04,74.0,76.0,73.0,74.0,73.64193725585938,59082000,0.0,0.0,yfinance_raw_daily
2011-01-05,74.0,76.0,73.0,74.0,73.64193725585938,21357500,0.0,0.0,yfinance_raw_daily
2011-01-06,73.0,75.0,73.0,73.0,72.64677429199219,24999500,0.0,0.0,yfinance_raw_daily
2011-01-07,71.0,73.0,71.0,71.0,70.65644836425781,26235500,0.0,0.0,yfinance_raw_daily
2011-01-10,68.0,71.0,67.0,68.0,67.67096710205078,52752000,0.0,0.0,yfinance_raw_daily
2011-01-11,67.0,70.0,66.0,67.0,66.6758041381836,27228500,0.0,0.0,yfinance_raw_daily
2011-01-12,69.0,70.0,67.0,69.0,68.66613006591797,16867000,0.0,0.0,yfinance_raw_daily
2011-01-13,70.0,72.0,69.0,70.0,69.66129302978516,37641000,0.0,0.0,yfinance_raw_daily
2011-01-14,70.0,71.0,68.0,70.0,69.66129302978516,15538500,0.0,0.0,yfinance_raw_daily
2011-01-17,67.0,70.0,67.0,67.0,66.6758041381836,30031500,0.0,0.0,yfinance_raw_daily
2011-01-18,67.0,69.0,67.0,67.0,66.6758041381836,16564500,0.0,0.0,yfinance_raw_daily
2011-01-19,67.0,69.0,67.0,67.0,66.6758041381836,11011500,0.0,0.0,yfinance_raw_daily
2011-01-20,65.0,67.0,64.0,65.0,64.68548583984375,25945500,0.0,0.0,yfinance_raw_daily
2011-01-21,62.0,64.0,61.0,62.0,61.70000076293945,49432000,0.0,0.0,yfinance_raw_daily
2011-01-24,62.0,63.0,60.0,62.0,61.70000076293945,18017500,0.0,0.0,yfinance_raw_daily
2011-01-25,63.0,64.0,61.0,63.0,62.695159912109375,22661500,0.0,0.0,yfinance_raw_daily
2011-01-26,64.0,64.0,62.0,64.0,63.69032287597656,18857500,0.0,0.0,yfinance_raw_daily
2011-01-27,64.0,66.0,63.0,64.0,63.69032287597656,38190500,0.0,0.0,yfinance_raw_daily
2011-01-28,62.0,65.0,62.0,62.0,61.70000076293945,23296500,0.0,0.0,yfinance_raw_daily
2011-01-31,61.0,62.0,60.0,61.0,60.704837799072266,16572000,0.0,0.0,yfinance_raw_daily
2011-02-01,61.0,62.0,59.0,61.0,60.704837799072266,28773500,0.0,0.0,yfinance_raw_daily
2011-02-02,61.0,62.0,60.0,61.0,60.704837799072266,14147000,0.0,0.0,yfinance_raw_daily
2011-02-04,60.0,61.0,59.0,60.0,59.709678649902344,10484500,0.0,0.0,yfinance_raw_daily
2011-02-07,60.0,60.0,59.0,60.0,59.709678649902344,8680500,0.0,0.0,yfinance_raw_daily
2011-02-08,59.0,61.0,58.0,59.0,58.714515686035156,27386500,0.0,0.0,yfinance_raw_daily
2011-02-09,58.0,58.0,56.0,58.0,57.719356536865234,25499500,0.0,0.0,yfinance_raw_daily
2011-02-10,57.0,57.0,55.0,57.0,56.72419357299805,24159500,0.0,0.0,yfinance_raw_daily
2011-02-11,58.0,58.0,55.0,58.0,57.719356536865234,24602000,0.0,0.0,yfinance_raw_daily
2011-02-14,59.0,60.0,58.0,59.0,58.714515686035156,30899500,0.0,0.0,yfinance_raw_daily
2011-02-16,58.0,59.0,57.0,58.0,57.719356536865234,14994000,0.0,0.0,yfinance_raw_daily
2011-02-17,58.0,60.0,58.0,58.0,57.719356536865234,38125500,0.0,0.0,yfinance_raw_daily
2011-02-18,59.0,60.0,58.0,59.0,58.714515686035156,20767500,0.0,0.0,yfinance_raw_daily
2011-02-21,59.0,60.0,58.0,59.0,58.714515686035156,12942500,0.0,0.0,yfinance_raw_daily
2011-02-22,62.0,64.0,58.0,62.0,61.70000076293945,129378496,0.0,0.0,yfinance_raw_daily
2011-02-23,62.0,63.0,61.0,62.0,61.70000076293945,26712000,0.0,0.0,yfinance_raw_daily
2011-02-24,62.0,64.0,61.0,62.0,61.70000076293945,54355500,0.0,0.0,yfinance_raw_daily
2011-02-25,63.0,63.0,61.0,63.0,62.695159912109375,46618500,0.0,0.0,yfinance_raw_daily
2011-02-28,63.0,63.0,61.0,63.0,62.695159912109375,20581500,0.0,0.0,yfinance_raw_daily
2011-03-01,63.0,63.0,63.0,63.0,62.695159912109375,0,0.0,0.0,yfinance_raw_daily
2011-03-02,62.0,64.0,60.0,62.0,61.70000076293945,65631500,0.0,0.0,yfinance_raw_daily
2011-03-03,63.0,64.0,61.0,63.0,62.695159912109375,34318000,0.0,0.0,yfinance_raw_daily
2011-03-04,60.0,63.0,60.0,60.0,59.709678649902344,33502000,0.0,0.0,yfinance_raw_daily
2011-03-07,61.0,62.0,60.0,61.0,60.704837799072266,9750000,0.0,0.0,yfinance_raw_daily
2011-03-08,62.0,62.0,60.0,62.0,61.70000076293945,16254500,0.0,0.0,yfinance_raw_daily
2011-03-09,61.0,62.0,60.0,61.0,60.704837799072266,15948000,0.0,0.0,yfinance_raw_daily
2011-03-10,62.0,62.0,60.0,62.0,61.70000076293945,13140000,0.0,0.0,yfinance_raw_daily
2011-03-11,62.0,64.0,60.0,62.0,61.70000076293945,79680496,0.0,0.0,yfinance_raw_daily
2011-03-14,62.0,64.0,61.0,62.0,61.70000076293945,63786500,0.0,0.0,yfinance_raw_daily
2011-03-15,61.0,61.0,59.0,61.0,60.704837799072266,64961500,0.0,0.0,yfinance_raw_daily
2011-03-16,61.0,61.0,59.0,61.0,60.704837799072266,11343000,0.0,0.0,yfinance_raw_daily
2011-03-17,59.0,60.0,58.0,59.0,58.714515686035156,21962000,0.0,0.0,yfinance_raw_daily
2011-03-18,60.0,61.0,59.0,60.0,59.709678649902344,22956000,0.0,0.0,yfinance_raw_daily
2011-03-21,60.0,60.0,59.0,60.0,59.709678649902344,8086000,0.0,0.0,yfinance_raw_daily
2011-03-22,60.0,60.0,60.0,60.0,59.709678649902344,0,0.0,0.0,yfinance_raw_daily
2011-03-23,60.0,60.0,60.0,60.0,59.709678649902344,0,0.0,0.0,yfinance_raw_daily
2011-03-24,60.0,61.0,59.0,60.0,59.709678649902344,35887500,0.0,0.0,yfinance_raw_daily
2011-03-25,60.0,60.0,59.0,60.0,59.709678649902344,6836000,0.0,0.0,yfinance_raw_daily
2011-03-28,60.0,60.0,58.0,60.0,59.709678649902344,19047500,0.0,0.0,yfinance_raw_daily
2011-03-29,60.0,60.0,58.0,60.0,59.709678649902344,18413000,0.0,0.0,yfinance_raw_daily
2011-03-30,60.0,61.0,60.0,60.0,59.709678649902344,50184500,0.0,0.0,yfinance_raw_daily
2011-03-31,60.0,61.0,59.0,60.0,59.709678649902344,22806500,0.0,0.0,yfinance_raw_daily
2011-04-01,60.0,60.0,59.0,60.0,59.709678649902344,11492500,0.0,0.0,yfinance_raw_daily
2011-04-04,65.0,65.0,60.0,65.0,64.68548583984375,185014000,0.0,0.0,yfinance_raw_daily
2011-04-05,66.0,67.0,64.0,66.0,65.68064880371094,157999504,0.0,0.0,yfinance_raw_daily
2011-04-06,68.0,69.0,66.0,68.0,67.67096710205078,216110496,0.0,0.0,yfinance_raw_daily
2011-04-07,67.0,69.0,66.0,67.0,66.6758041381836,41592000,0.0,0.0,yfinance_raw_daily
2011-04-08,67.0,68.0,66.0,67.0,66.6758041381836,29284000,0.0,0.0,yfinance_raw_daily
2011-04-11,65.0,67.0,65.0,65.0,64.68548583984375,22762500,0.0,0.0,yfinance_raw_daily
2011-04-12,64.0,66.0,64.0,64.0,63.69032287597656,24163500,0.0,0.0,yfinance_raw_daily
2011-04-13,66.0,67.0,64.0,66.0,65.68064880371094,87496496,0.0,0.0,yfinance_raw_daily
2011-04-14,67.0,67.0,65.0,67.0,66.6758041381836,72217000,0.0,0.0,yfinance_raw_daily
2011-04-15,73.0,74.0,66.0,73.0,72.64677429199219,462646016,0.0,0.0,yfinance_raw_daily
2011-04-18,76.0,78.0,73.0,76.0,75.63225555419922,302577504,0.0,0.0,yfinance_raw_daily
2011-04-19,83.0,83.0,75.0,83.0,82.598388671875,471547488,0.0,0.0,yfinance_raw_daily
2011-04-20,79.0,86.0,78.0,79.0,78.61774444580078,395121504,0.0,0.0,yfinance_raw_daily
2011-04-21,80.0,82.0,79.0,80.0,79.61289978027344,115589000,0.0,0.0,yfinance_raw_daily
2011-04-25,80.0,80.0,80.0,80.0,79.61289978027344,0,0.0,0.0,yfinance_raw_daily
2011-04-26,82.0,83.0,79.0,82.0,81.60322570800781,129365504,0.0,0.0,yfinance_raw_daily
2011-04-27,85.0,89.0,81.0,85.0,84.58870697021484,470547488,0.0,0.0,yfinance_raw_daily
2011-04-28,85.0,87.0,83.0,85.0,84.58870697021484,159210496,0.0,0.0,yfinance_raw_daily
2011-04-29,86.0,88.0,84.0,86.0,85.58386993408203,185044992,0.0,0.0,yfinance_raw_daily
2011-05-02,87.0,89.0,84.0,87.0,86.57903289794922,205724000,0.0,0.0,yfinance_raw_daily
2011-05-03,91.0,92.0,85.0,91.0,90.55967712402344,596150528,0.0,0.0,yfinance_raw_daily
2011-05-04,93.0,95.0,91.0,93.0,92.55000305175781,424200992,0.0,0.0,yfinance_raw_daily
2011-05-05,92.0,94.0,91.0,92.0,91.55484008789062,163936496,0.0,0.0,yfinance_raw_daily
2011-05-06,89.0,92.0,87.0,89.0,88.5693588256836,189960496,0.0,0.0,yfinance_raw_daily
2011-05-09,93.0,93.0,89.0,93.0,92.55000305175781,185708992,0.0,0.0,yfinance_raw_daily
2011-05-10,97.0,98.0,93.0,97.0,96.53064727783203,599792000,0.0,0.0,yfinance_raw_daily
2011-05-11,100.0,102.0,97.0,100.0,99.51612854003906,451148992,0.0,0.0,yfinance_raw_daily
2011-05-12,104.0,106.0,98.0,104.0,103.49677276611328,747049984,0.0,0.0,yfinance_raw_daily
2011-05-13,110.0,111.0,104.0,110.0,109.46774291992188,739777472,0.0,0.0,yfinance_raw_daily
2011-05-16,105.0,111.0,105.0,105.0,104.49193572998047,355538496,0.0,0.0,yfinance_raw_daily
2011-05-18,107.0,109.0,105.0,107.0,106.48226165771484,197803008,0.0,0.0,yfinance_raw_daily
2011-05-19,105.0,109.0,104.0,105.0,104.49193572998047,221020000,0.0,0.0,yfinance_raw_daily
2011-05-20,102.0,107.0,101.0,102.0,101.50645446777344,181499504,0.0,0.0,yfinance_raw_daily
2011-05-23,93.0,102.0,93.0,93.0,92.55000305175781,301406496,0.0,0.0,yfinance_raw_daily
2011-05-24,102.0,102.0,92.0,102.0,101.50645446777344,516971008,0.0,0.0,yfinance_raw_daily
2011-05-25,98.0,103.0,98.0,98.0,97.52581024169922,318798496,0.0,0.0,yfinance_raw_daily
2011-05-26,101.0,102.0,99.0,101.0,100.51129150390625,125726496,0.0,0.0,yfinance_raw_daily
2011-05-27,98.0,101.0,98.0,98.0,97.52581024169922,83081000,0.0,0.0,yfinance_raw_daily
2011-05-30,96.0,100.0,95.0,96.0,95.53548431396484,152500992,0.0,0.0,yfinance_raw_daily
2011-05-31,100.0,100.0,93.0,100.0,99.51612854003906,360985984,0.0,0.0,yfinance_raw_daily
2011-06-01,109.0,109.0,98.0,109.0,108.47257995605469,963713472,0.0,0.0,yfinance_raw_daily
2011-06-03,108.0,110.0,105.0,108.0,107.4774169921875,533608512,0.0,0.0,yfinance_raw_daily
2011-06-06,108.0,110.0,106.0,108.0,107.4774169921875,379456000,0.0,0.0,yfinance_raw_daily
2011-06-07,116.0,117.0,105.0,116.0,115.43871307373047,1408859008,0.0,0.0,yfinance_raw_daily
2011-06-08,115.0,119.0,113.0,115.0,114.44355010986328,734416512,0.0,0.0,yfinance_raw_daily
2011-06-09,114.0,117.0,112.0,114.0,113.4483871459961,455668000,0.0,0.0,yfinance_raw_daily
2011-06-10,112.0,116.0,111.0,112.0,111.45806884765625,255688992,0.0,0.0,yfinance_raw_daily
2011-06-13,110.0,112.0,105.0,110.0,109.46774291992188,523728000,0.0,0.0,yfinance_raw_daily
2011-06-14,108.0,112.0,108.0,108.0,107.4774169921875,281070016,0.0,0.0,yfinance_raw_daily
2011-06-15,105.0,111.0,104.0,105.0,104.49193572998047,314538496,0.0,0.0,yfinance_raw_daily
2011-06-16,101.0,104.0,97.0,101.0,100.51129150390625,488905984,0.0,0.0,yfinance_raw_daily
2011-06-17,103.0,103.0,98.0,103.0,102.5016098022461,354309504,0.0,0.0,yfinance_raw_daily
2011-06-20,100.0,106.0,99.0,100.0,99.51612854003906,217678496,0.0,0.0,yfinance_raw_daily
2011-06-21,107.0,107.0,100.0,107.0,106.48226165771484,333379488,0.0,0.0,yfinance_raw_daily
2011-06-22,108.0,110.0,106.0,108.0,107.4774169921875,397870016,0.0,0.0,yfinance_raw_daily
2011-06-23,106.0,108.0,105.0,106.0,105.48709869384766,150533504,0.0,0.0,yfinance_raw_daily
2011-06-24,105.0,108.0,104.0,105.0,104.49193572998047,130537000,0.0,0.0,yfinance_raw_daily
2011-06-27,105.0,105.0,103.0,105.0,104.49193572998047,90656496,0.0,0.0,yfinance_raw_daily
2011-06-28,105.0,106.0,103.0,105.0,104.49193572998047,84622000,0.0,0.0,yfinance_raw_daily
2011-06-30,105.0,107.0,103.0,105.0,104.49193572998047,119415000,0.0,0.0,yfinance_raw_daily
2011-07-01,107.0,109.0,105.0,107.0,106.48226165771484,200141504,0.0,0.0,yfinance_raw_daily
2011-07-04,107.0,107.0,107.0,107.0,106.48226165771484,0,0.0,0.0,yfinance_raw_daily
2011-07-05,105.0,108.0,104.0,105.0,104.49193572998047,132948000,0.0,0.0,yfinance_raw_daily
2011-07-06,104.0,106.0,103.0,104.0,103.49677276611328,70113504,0.0,0.0,yfinance_raw_daily
2011-07-07,104.0,106.0,103.0,104.0,103.49677276611328,51664000,0.0,0.0,yfinance_raw_daily
2011-07-08,103.0,106.0,103.0,103.0,102.5016098022461,81144000,0.0,0.0,yfinance_raw_daily
2011-07-11,105.0,107.0,103.0,105.0,104.49193572998047,145187504,0.0,0.0,yfinance_raw_daily
2011-07-12,103.0,106.0,102.0,103.0,102.5016098022461,143450000,0.0,0.0,yfinance_raw_daily
2011-07-13,114.0,114.0,103.0,114.0,113.4483871459961,968180480,0.0,0.0,yfinance_raw_daily
2011-07-14,112.0,117.0,110.0,112.0,111.45806884765625,786134976,0.0,0.0,yfinance_raw_daily
2011-07-15,110.0,113.0,109.0,110.0,109.46774291992188,259964000,0.0,0.0,yfinance_raw_daily
2011-07-18,110.0,112.0,109.0,110.0,109.46774291992188,176183504,0.0,0.0,yfinance_raw_daily
2011-07-19,115.0,115.0,109.0,115.0,114.44355010986328,488052992,0.0,0.0,yfinance_raw_daily
2011-07-20,114.0,116.0,113.0,114.0,113.4483871459961,252420496,0.0,0.0,yfinance_raw_daily
2011-07-21,121.0,125.0,112.0,121.0,120.41452026367188,1421434496,0.0,0.0,yfinance_raw_daily
2011-07-22,122.0,124.0,121.0,122.0,121.40967559814453,657124992,0.0,0.0,yfinance_raw_daily
2011-07-25,121.0,124.0,120.0,121.0,120.41452026367188,469791008,0.0,0.0,yfinance_raw_daily
2011-07-26,124.0,127.0,119.0,124.0,123.4000015258789,869845504,0.0,0.0,yfinance_raw_daily
2011-07-27,122.0,126.0,121.0,122.0,121.40967559814453,281081504,0.0,0.0,yfinance_raw_daily
2011-07-28,123.0,123.0,119.0,123.0,122.40483856201172,217138000,0.0,0.0,yfinance_raw_daily
2011-07-29,118.0,123.0,118.0,118.0,117.42903137207031,221461504,0.0,0.0,yfinance_raw_daily
2011-08-01,122.0,123.0,118.0,122.0,121.40967559814453,276307488,0.0,0.0,yfinance_raw_daily
2011-08-02,122.0,124.0,119.0,122.0,121.40967559814453,333874496,0.0,0.0,yfinance_raw_daily
2011-08-03,120.0,121.0,119.0,120.0,119.41935729980469,151898000,0.0,0.0,yfinance_raw_daily
2011-08-04,118.0,122.0,116.0,118.0,117.42903137207031,224183504,0.0,0.0,yfinance_raw_daily
2011-08-05,102.0,115.0,101.0,102.0,101.50645446777344,546904000,0.0,0.0,yfinance_raw_daily
2011-08-08,102.0,102.0,102.0,102.0,101.50645446777344,0,0.0,0.0,yfinance_raw_daily
2011-08-09,93.0,105.0,87.0,93.0,92.55000305175781,620481472,0.0,0.0,yfinance_raw_daily
2011-08-10,99.0,102.0,96.0,99.0,98.52096557617188,364791488,0.0,0.0,yfinance_raw_daily
2011-08-11,101.0,102.0,93.0,101.0,100.51129150390625,361791008,0.0,0.0,yfinance_raw_daily
2011-08-12,100.0,104.0,99.0,100.0,99.51612854003906,229204496,0.0,0.0,yfinance_raw_daily
2011-08-15,101.0,104.0,100.0,101.0,100.51129150390625,99246496,0.0,0.0,yfinance_raw_daily
2011-08-16,101.0,101.0,101.0,101.0,100.51129150390625,0,0.0,0.0,yfinance_raw_daily
2011-08-18,100.0,103.0,99.0,100.0,99.51612854003906,101997504,0.0,0.0,yfinance_raw_daily
2011-08-19,96.0,99.0,95.0,96.0,95.53548431396484,137760496,0.0,0.0,yfinance_raw_daily
2011-08-22,96.0,98.0,92.0,96.0,95.53548431396484,108548496,0.0,0.0,yfinance_raw_daily
2011-08-23,96.0,99.0,95.0,96.0,95.53548431396484,111015504,0.0,0.0,yfinance_raw_daily
2011-08-24,95.0,98.0,95.0,95.0,94.54032135009766,47131000,0.0,0.0,yfinance_raw_daily
2011-08-25,95.0,98.0,94.0,95.0,94.54032135009766,39768500,0.0,0.0,yfinance_raw_daily
2011-08-26,94.0,95.0,93.0,94.0,93.54515838623047,28887000,0.0,0.0,yfinance_raw_daily
2011-09-05,95.0,97.0,94.0,95.0,94.54032135009766,46679500,0.0,0.0,yfinance_raw_daily
2011-09-06,95.0,96.0,94.0,95.0,94.54032135009766,36199500,0.0,0.0,yfinance_raw_daily
2011-09-07,97.0,99.0,95.0,97.0,96.53064727783203,95302496,0.0,0.0,yfinance_raw_daily
2011-09-08,99.0,102.0,97.0,99.0,98.52096557617188,147739504,0.0,0.0,yfinance_raw_daily
2011-09-09,100.0,103.0,98.0,100.0,99.51612854003906,134165000,0.0,0.0,yfinance_raw_daily
2011-09-12,98.0,100.0,96.0,98.0,97.52581024169922,56816500,0.0,0.0,yfinance_raw_daily
2011-09-13,98.0,100.0,97.0,98.0,97.52581024169922,34427500,0.0,0.0,yfinance_raw_daily
2011-09-14,95.0,99.0,94.0,95.0,94.54032135009766,81563504,0.0,0.0,yfinance_raw_daily
2011-09-15,94.0,97.0,92.0,94.0,93.54515838623047,63380000,0.0,0.0,yfinance_raw_daily
2011-09-16,94.0,95.0,92.0,94.0,93.54515838623047,113882496,0.0,0.0,yfinance_raw_daily
2011-09-19,90.0,94.0,90.0,90.0,89.56451416015625,42848000,0.0,0.0,yfinance_raw_daily
2011-09-20,93.0,93.0,88.0,93.0,92.55000305175781,83913504,0.0,0.0,yfinance_raw_daily
2011-09-21,89.0,93.0,88.0,89.0,88.5693588256836,37002000,0.0,0.0,yfinance_raw_daily
2011-09-22,75.0,87.0,75.0,75.0,74.63710021972656,167396000,0.0,0.0,yfinance_raw_daily
2011-09-23,74.0,79.0,68.0,74.0,73.64193725585938,90196496,0.0,0.0,yfinance_raw_daily
2011-09-26,67.0,74.0,62.0,67.0,66.6758041381836,150107008,0.0,0.0,yfinance_raw_daily
2011-09-27,72.0,74.0,69.0,72.0,71.651611328125,122316496,0.0,0.0,yfinance_raw_daily
2011-09-28,79.0,82.0,71.0,79.0,78.61774444580078,491689984,0.0,0.0,yfinance_raw_daily
2011-09-29,75.0,81.0,74.0,75.0,74.63710021972656,218920496,0.0,0.0,yfinance_raw_daily
2011-09-30,75.0,79.0,74.0,75.0,74.63710021972656,128190496,0.0,0.0,yfinance_raw_daily
2011-10-03,69.0,73.0,67.0,69.0,68.66613006591797,117385000,0.0,0.0,yfinance_raw_daily
2011-10-04,65.0,69.0,64.0,65.0,64.68548583984375,134313504,0.0,0.0,yfinance_raw_daily
2011-10-05,66.0,69.0,65.0,66.0,65.68064880371094,119152496,0.0,0.0,yfinance_raw_daily
2011-10-06,71.0,72.0,68.0,71.0,70.65644836425781,165495504,0.0,0.0,yfinance_raw_daily
2011-10-07,70.0,76.0,69.0,70.0,69.66129302978516,132009504,0.0,0.0,yfinance_raw_daily
2011-10-10,70.0,72.0,69.0,70.0,69.66129302978516,77413504,0.0,0.0,yfinance_raw_daily
2011-10-11,73.0,76.0,72.0,73.0,72.64677429199219,184692496,0.0,0.0,yfinance_raw_daily
2011-10-12,82.0,83.0,72.0,82.0,81.60322570800781,593835008,0.0,0.0,yfinance_raw_daily
2011-10-13,79.0,86.0,78.0,79.0,78.61774444580078,395238496,0.0,0.0,yfinance_raw_daily
2011-10-14,81.0,82.0,77.0,81.0,80.60806274414062,158964496,0.0,0.0,yfinance_raw_daily
2011-10-17,83.0,86.0,81.0,83.0,82.598388671875,314723488,0.0,0.0,yfinance_raw_daily
2011-10-18,77.0,80.0,75.0,77.0,76.6274185180664,190755008,0.0,0.0,yfinance_raw_daily
2011-10-19,80.0,82.0,78.0,80.0,79.61289978027344,112718000,0.0,0.0,yfinance_raw_daily
2011-10-20,77.0,79.0,76.0,77.0,76.6274185180664,51857500,0.0,0.0,yfinance_raw_daily
2011-10-21,78.0,79.0,77.0,78.0,77.6225814819336,67607504,0.0,0.0,yfinance_raw_daily
2011-10-24,79.0,82.0,78.0,79.0,78.61774444580078,109046000,0.0,0.0,yfinance_raw_daily
2011-10-25,77.0,81.0,77.0,77.0,76.6274185180664,32832000,0.0,0.0,yfinance_raw_daily
2011-10-26,78.0,79.0,76.0,78.0,77.6225814819336,50094500,0.0,0.0,yfinance_raw_daily
2011-10-27,83.0,83.0,79.0,83.0,82.598388671875,179346000,0.0,0.0,yfinance_raw_daily
2011-10-28,81.0,86.0,81.0,81.0,80.60806274414062,258475008,0.0,0.0,yfinance_raw_daily
2011-10-31,79.0,82.0,79.0,79.0,78.61774444580078,43389000,0.0,0.0,yfinance_raw_daily
2011-11-01,75.0,80.0,75.0,75.0,74.63710021972656,96245000,0.0,0.0,yfinance_raw_daily
2011-11-02,79.0,80.0,72.0,79.0,78.61774444580078,110239000,0.0,0.0,yfinance_raw_daily
2011-11-03,77.0,79.0,76.0,77.0,76.6274185180664,46273000,0.0,0.0,yfinance_raw_daily
2011-11-04,77.0,80.0,77.0,77.0,76.6274185180664,60653000,0.0,0.0,yfinance_raw_daily
2011-11-07,77.0,79.0,76.0,77.0,76.6274185180664,27566000,0.0,0.0,yfinance_raw_daily
2011-11-08,78.0,80.0,77.0,78.0,77.6225814819336,32662500,0.0,0.0,yfinance_raw_daily
2011-11-09,78.0,81.0,78.0,78.0,77.6225814819336,51437000,0.0,0.0,yfinance_raw_daily
2011-11-10,77.0,78.0,75.0,77.0,76.6274185180664,67013000,0.0,0.0,yfinance_raw_daily
2011-11-11,77.0,78.0,76.0,77.0,76.6274185180664,21158500,0.0,0.0,yfinance_raw_daily
2011-11-14,78.0,80.0,77.0,78.0,77.6225814819336,47704500,0.0,0.0,yfinance_raw_daily
2011-11-15,78.0,79.0,77.0,78.0,77.6225814819336,7926000,0.0,0.0,yfinance_raw_daily
2011-11-16,76.0,79.0,75.0,76.0,75.63225555419922,49384500,0.0,0.0,yfinance_raw_daily
2011-11-17,75.0,77.0,75.0,75.0,74.63710021972656,58866000,0.0,0.0,yfinance_raw_daily
2011-11-18,76.0,77.0,74.0,76.0,75.63225555419922,32530500,0.0,0.0,yfinance_raw_daily
2011-11-21,73.0,76.0,73.0,73.0,72.64677429199219,33843500,0.0,0.0,yfinance_raw_daily
2011-11-22,74.0,75.0,73.0,74.0,73.64193725585938,36144000,0.0,0.0,yfinance_raw_daily
2011-11-23,72.0,74.0,72.0,72.0,71.651611328125,16514000,0.0,0.0,yfinance_raw_daily
2011-11-24,73.0,74.0,72.0,73.0,72.64677429199219,25223000,0.0,0.0,yfinance_raw_daily
2011-11-25,70.0,73.0,69.0,70.0,69.66129302978516,38937000,0.0,0.0,yfinance_raw_daily
2011-11-28,71.0,72.0,70.0,71.0,70.65644836425781,18938500,0.0,0.0,yfinance_raw_daily
2011-11-29,69.0,72.0,69.0,69.0,68.66613006591797,21949000,0.0,0.0,yfinance_raw_daily
2011-11-30,70.0,71.0,68.0,70.0,69.66129302978516,48563000,0.0,0.0,yfinance_raw_daily
2011-12-01,70.0,70.0,70.0,70.0,69.66129302978516,0,0.0,0.0,yfinance_raw_daily
2011-12-02,71.0,72.0,70.0,71.0,70.65644836425781,23752500,0.0,0.0,yfinance_raw_daily
2011-12-05,70.0,71.0,70.0,70.0,69.66129302978516,21841000,0.0,0.0,yfinance_raw_daily
2011-12-06,69.0,70.0,68.0,69.0,68.66613006591797,20763000,0.0,0.0,yfinance_raw_daily
2011-12-07,71.0,71.0,69.0,71.0,70.65644836425781,47120500,0.0,0.0,yfinance_raw_daily
2011-12-08,71.0,72.0,70.0,71.0,70.65644836425781,38048000,0.0,0.0,yfinance_raw_daily
2011-12-09,70.0,71.0,69.0,70.0,69.66129302978516,19292500,0.0,0.0,yfinance_raw_daily
2011-12-12,71.0,72.0,70.0,71.0,70.65644836425781,31135000,0.0,0.0,yfinance_raw_daily
2011-12-13,69.0,71.0,69.0,69.0,68.66613006591797,23916500,0.0,0.0,yfinance_raw_daily
2011-12-14,72.0,73.0,69.0,72.0,71.651611328125,104800000,0.0,0.0,yfinance_raw_daily
2011-12-15,72.0,72.0,70.0,72.0,71.651611328125,34261000,0.0,0.0,yfinance_raw_daily
2011-12-16,73.0,74.0,72.0,73.0,72.64677429199219,60759500,0.0,0.0,yfinance_raw_daily
2011-12-19,73.0,73.0,73.0,73.0,72.64677429199219,0,0.0,0.0,yfinance_raw_daily
2011-12-20,74.0,75.0,72.0,74.0,73.64193725585938,158810496,0.0,0.0,yfinance_raw_daily
2011-12-21,75.0,75.0,73.0,75.0,74.63710021972656,83229504,0.0,0.0,yfinance_raw_daily
2011-12-22,84.0,86.0,74.0,84.0,83.59355163574219,818441024,0.0,0.0,yfinance_raw_daily
2011-12-23,80.0,86.0,78.0,80.0,79.61289978027344,253033504,0.0,0.0,yfinance_raw_daily
2011-12-27,79.0,80.0,78.0,79.0,78.61774444580078,57806500,0.0,0.0,yfinance_raw_daily
2011-12-28,76.0,80.0,75.0,76.0,75.63225555419922,59838000,0.0,0.0,yfinance_raw_daily
2011-12-29,78.0,78.0,75.0,78.0,77.6225814819336,77101504,0.0,0.0,yfinance_raw_daily
2011-12-30,78.0,80.0,77.0,78.0,77.6225814819336,74948000,0.0,0.0,yfinance_raw_daily
2012-01-02,82.0,82.0,77.0,82.0,81.60322570800781,135772496,0.0,0.0,yfinance_raw_daily
2012-01-03,86.0,87.0,81.0,86.0,85.58386993408203,477092992,0.0,0.0,yfinance_raw_daily
2012-01-04,84.0,88.0,83.0,84.0,83.59355163574219,241636992,0.0,0.0,yfinance_raw_daily
2012-01-05,85.0,87.0,83.0,85.0,84.58870697021484,213226496,0.0,0.0,yfinance_raw_daily
2012-01-06,85.0,86.0,84.0,85.0,84.58870697021484,59757500,0.0,0.0,yfinance_raw_daily
2012-01-09,87.0,87.0,83.0,87.0,86.57903289794922,118237000,0.0,0.0,yfinance_raw_daily
2012-01-10,89.0,90.0,86.0,89.0,88.5693588256836,296839488,0.0,0.0,yfinance_raw_daily
2012-01-11,87.0,90.0,86.0,87.0,86.57903289794922,156354496,0.0,0.0,yfinance_raw_daily
2012-01-12,89.0,91.0,86.0,89.0,88.5693588256836,314746496,0.0,0.0,yfinance_raw_daily
2012-01-13,89.0,90.0,88.0,89.0,88.5693588256836,83325504,0.0,0.0,yfinance_raw_daily
2012-01-16,88.0,90.0,87.0,88.0,87.5741958618164,73639504,0.0,0.0,yfinance_raw_daily
2012-01-17,90.0,91.0,88.0,90.0,89.56451416015625,198958496,0.0,0.0,yfinance_raw_daily
2012-01-18,87.0,90.0,87.0,87.0,86.57903289794922,105460496,0.0,0.0,yfinance_raw_daily
2012-01-19,88.0,90.0,87.0,88.0,87.5741958618164,89781000,0.0,0.0,yfinance_raw_daily
2012-01-20,86.0,90.0,86.0,86.0,85.58386993408203,62911000,0.0,0.0,yfinance_raw_daily
2012-01-24,87.0,88.0,86.0,87.0,86.57903289794922,26538000,0.0,0.0,yfinance_raw_daily
2012-01-25,85.0,88.0,84.0,85.0,84.58870697021484,38692500,0.0,0.0,yfinance_raw_daily
2012-01-26,86.0,88.0,85.0,86.0,85.58386993408203,52046500,0.0,0.0,yfinance_raw_daily
2012-01-27,86.0,87.0,85.0,86.0,85.58386993408203,45434500,0.0,0.0,yfinance_raw_daily
2012-01-30,86.0,86.0,86.0,86.0,85.58386993408203,0,0.0,0.0,yfinance_raw_daily
2012-01-31,84.0,86.0,83.0,84.0,83.59355163574219,34794000,0.0,0.0,yfinance_raw_daily
2012-02-01,84.0,86.0,83.0,84.0,83.59355163574219,71046496,0.0,0.0,yfinance_raw_daily
2012-02-02,84.0,86.0,84.0,84.0,83.59355163574219,46293000,0.0,0.0,yfinance_raw_daily
2012-02-03,89.0,92.0,84.0,89.0,88.5693588256836,304622016,0.0,0.0,yfinance_raw_daily
2012-02-06,87.0,90.0,85.0,87.0,86.57903289794922,167268000,0.0,0.0,yfinance_raw_daily
2012-02-07,86.0,87.0,84.0,86.0,85.58386993408203,81854000,0.0,0.0,yfinance_raw_daily
2012-02-08,86.0,87.0,85.0,86.0,85.58386993408203,23018500,0.0,0.0,yfinance_raw_daily
2012-02-09,86.0,88.0,85.0,86.0,85.58386993408203,37095500,0.0,0.0,yfinance_raw_daily
2012-02-10,83.0,86.0,82.0,83.0,82.598388671875,86630496,0.0,0.0,yfinance_raw_daily
2012-02-13,84.0,86.0,83.0,84.0,83.59355163574219,38995000,0.0,0.0,yfinance_raw_daily
2012-02-14,83.0,85.0,83.0,83.0,82.598388671875,16090500,0.0,0.0,yfinance_raw_daily
2012-02-15,85.0,85.0,83.0,85.0,84.58870697021484,25597500,0.0,0.0,yfinance_raw_daily
2012-02-16,84.0,86.0,83.0,84.0,83.59355163574219,43235000,0.0,0.0,yfinance_raw_daily
2012-02-17,85.0,85.0,84.0,85.0,84.58870697021484,20961000,0.0,0.0,yfinance_raw_daily
2012-02-20,84.0,86.0,84.0,84.0,83.59355163574219,22048000,0.0,0.0,yfinance_raw_daily
2012-02-21,85.0,86.0,84.0,85.0,84.58870697021484,63120000,0.0,0.0,yfinance_raw_daily
2012-02-22,92.0,93.0,85.0,92.0,91.55484008789062,509435008,0.0,0.0,yfinance_raw_daily
2012-02-23,89.0,93.0,89.0,89.0,88.5693588256836,197864992,0.0,0.0,yfinance_raw_daily
2012-02-24,97.0,99.0,90.0,97.0,96.53064727783203,839265984,0.0,0.0,yfinance_raw_daily
2012-02-27,97.0,99.0,95.0,97.0,96.53064727783203,285769504,0.0,0.0,yfinance_raw_daily
2012-02-28,98.0,100.0,97.0,98.0,97.52581024169922,274805504,0.0,0.0,yfinance_raw_daily
2012-02-29,96.0,99.0,94.0,96.0,95.53548431396484,191092000,0.0,0.0,yfinance_raw_daily
2012-03-01,95.0,96.0,94.0,95.0,94.54032135009766,36825000,0.0,0.0,yfinance_raw_daily
2012-03-02,96.0,96.0,94.0,96.0,95.53548431396484,63418000,0.0,0.0,yfinance_raw_daily
2012-03-05,95.0,96.0,94.0,95.0,94.54032135009766,31499000,0.0,0.0,yfinance_raw_daily
2012-03-06,95.0,95.0,95.0,95.0,94.54032135009766,0,0.0,0.0,yfinance_raw_daily
2012-03-07,95.0,95.0,95.0,95.0,94.54032135009766,0,0.0,0.0,yfinance_raw_daily
2012-03-08,92.0,94.0,92.0,92.0,91.55484008789062,27903000,0.0,0.0,yfinance_raw_daily
2012-03-09,93.0,94.0,92.0,93.0,92.55000305175781,48323500,0.0,0.0,yfinance_raw_daily
2012-03-12,91.0,93.0,91.0,91.0,90.55967712402344,10189000,0.0,0.0,yfinance_raw_daily
2012-03-13,92.0,93.0,91.0,92.0,91.55484008789062,56621000,0.0,0.0,yfinance_raw_daily
2012-03-14,92.0,93.0,91.0,92.0,91.55484008789062,39824000,0.0,0.0,yfinance_raw_daily
2012-03-15,93.0,94.0,91.0,93.0,92.55000305175781,105016496,0.0,0.0,yfinance_raw_daily
2012-03-16,91.0,93.0,91.0,91.0,90.55967712402344,45007500,0.0,0.0,yfinance_raw_daily
2012-03-19,91.0,93.0,90.0,91.0,90.55967712402344,43122500,0.0,0.0,yfinance_raw_daily
2012-03-20,90.0,93.0,90.0,90.0,89.56451416015625,37531000,0.0,0.0,yfinance_raw_daily
2012-03-21,90.0,92.0,89.0,90.0,89.56451416015625,38634000,0.0,0.0,yfinance_raw_daily
2012-03-22,90.0,91.0,89.0,90.0,89.56451416015625,55529000,0.0,0.0,yfinance_raw_daily
2012-03-26,88.0,90.0,87.0,88.0,87.5741958618164,31425000,0.0,0.0,yfinance_raw_daily
2012-03-27,89.0,90.0,87.0,89.0,88.5693588256836,29732500,0.0,0.0,yfinance_raw_daily
2012-03-28,89.0,90.0,88.0,89.0,88.5693588256836,42814500,0.0,0.0,yfinance_raw_daily
2012-03-29,90.0,91.0,88.0,90.0,89.56451416015625,58114500,0.0,0.0,yfinance_raw_daily
2012-03-30,89.0,89.0,88.0,89.0,88.5693588256836,20037000,0.0,0.0,yfinance_raw_daily
2012-04-02,91.0,91.0,88.0,91.0,90.55967712402344,73776000,0.0,0.0,yfinance_raw_daily
2012-04-03,91.0,91.0,91.0,91.0,90.55967712402344,0,0.0,0.0,yfinance_raw_daily
2012-04-04,88.0,89.0,87.0,88.0,87.5741958618164,29775000,0.0,0.0,yfinance_raw_daily
2012-04-05,85.0,88.0,85.0,85.0,84.58870697021484,48785500,0.0,0.0,yfinance_raw_daily
2012-04-09,84.0,85.0,82.0,84.0,83.59355163574219,54155000,0.0,0.0,yfinance_raw_daily
2012-04-10,81.0,84.0,79.0,81.0,80.60806274414062,99125000,0.0,0.0,yfinance_raw_daily
2012-04-11,79.0,80.0,77.0,79.0,78.61774444580078,55019000,0.0,0.0,yfinance_raw_daily
2012-04-12,76.0,80.0,75.0,76.0,75.63225555419922,32933000,0.0,0.0,yfinance_raw_daily
2012-04-13,77.0,78.0,76.0,77.0,76.6274185180664,45264500,0.0,0.0,yfinance_raw_daily
2012-04-16,80.0,81.0,76.0,80.0,79.61289978027344,131136000,0.0,0.0,yfinance_raw_daily
2012-04-17,81.0,83.0,80.0,81.0,80.60806274414062,92644000,0.0,0.0,yfinance_raw_daily
2012-04-18,80.0,82.0,79.0,80.0,79.61289978027344,36022500,0.0,0.0,yfinance_raw_daily
2012-04-19,81.0,82.0,79.0,81.0,80.60806274414062,61655000,0.0,0.0,yfinance_raw_daily
2012-04-20,83.0,84.0,81.0,83.0,82.598388671875,112696000,0.0,0.0,yfinance_raw_daily
2012-04-23,79.0,83.0,77.0,79.0,78.61774444580078,83465000,0.0,0.0,yfinance_raw_daily
2012-04-24,81.0,81.0,77.0,81.0,80.60806274414062,66700500,0.0,0.0,yfinance_raw_daily
2012-04-25,80.0,81.0,78.0,80.0,79.61289978027344,17871000,0.0,0.0,yfinance_raw_daily
2012-04-26,78.0,80.0,77.0,78.0,77.6225814819336,25847000,0.0,0.0,yfinance_raw_daily
2012-04-27,78.0,79.0,77.0,78.0,77.6225814819336,13701500,0.0,0.0,yfinance_raw_daily
2012-04-30,78.0,79.0,77.0,78.0,77.6225814819336,15907000,0.0,0.0,yfinance_raw_daily
2012-05-01,78.0,78.0,78.0,78.0,77.6225814819336,0,0.0,0.0,yfinance_raw_daily
2012-05-02,77.0,78.0,76.0,77.0,76.6274185180664,10032500,0.0,0.0,yfinance_raw_daily
2012-05-03,76.0,77.0,74.0,76.0,75.63225555419922,29621500,0.0,0.0,yfinance_raw_daily
2012-05-04,76.0,77.0,75.0,76.0,75.63225555419922,11225500,0.0,0.0,yfinance_raw_daily
2012-05-07,73.0,75.0,72.0,73.0,72.64677429199219,34734500,0.0,0.0,yfinance_raw_daily
2012-05-08,74.0,75.0,72.0,74.0,73.64193725585938,26888500,0.0,0.0,yfinance_raw_daily
2012-05-09,72.0,75.0,70.0,72.0,71.651611328125,32005500,0.0,0.0,yfinance_raw_daily
2012-05-10,72.0,73.0,71.0,72.0,71.651611328125,11391000,0.0,0.0,yfinance_raw_daily
2012-05-11,71.0,72.0,70.0,71.0,70.65644836425781,15271000,0.0,0.0,yfinance_raw_daily
2012-05-14,67.0,72.0,67.0,67.0,66.6758041381836,31287500,0.0,0.0,yfinance_raw_daily
2012-05-15,66.0,67.0,64.0,66.0,65.68064880371094,43359500,0.0,0.0,yfinance_raw_daily
2012-05-16,63.0,66.0,62.0,63.0,62.695159912109375,29631000,0.0,0.0,yfinance_raw_daily
2012-05-21,64.0,65.0,62.0,64.0,63.69032287597656,21207000,0.0,0.0,yfinance_raw_daily
2012-05-22,66.0,68.0,64.0,66.0,65.68064880371094,34086000,0.0,0.0,yfinance_raw_daily
2012-05-23,64.0,66.0,64.0,64.0,63.69032287597656,11970000,0.0,0.0,yfinance_raw_daily
2012-05-24,65.0,66.0,63.0,65.0,64.68548583984375,27977500,0.0,0.0,yfinance_raw_daily
2012-05-25,64.0,66.0,63.0,64.0,63.69032287597656,23823000,0.0,0.0,yfinance_raw_daily
2012-05-28,63.0,64.0,62.0,63.0,62.695159912109375,7439000,0.0,0.0,yfinance_raw_daily
2012-05-29,64.0,64.0,62.0,64.0,63.69032287597656,16571000,0.0,0.0,yfinance_raw_daily
2012-05-30,63.0,65.0,62.0,63.0,62.695159912109375,10904500,0.0,0.0,yfinance_raw_daily
2012-05-31,59.0,62.0,58.0,59.0,58.714515686035156,34248500,0.0,0.0,yfinance_raw_daily
2012-06-01,58.0,61.0,57.0,58.0,57.719356536865234,17675000,0.0,0.0,yfinance_raw_daily
2012-06-04,55.0,57.0,52.0,55.0,54.73387145996094,40680000,0.0,0.0,yfinance_raw_daily
2012-06-05,55.0,57.0,55.0,55.0,54.73387145996094,25852000,0.0,0.0,yfinance_raw_daily
2012-06-06,57.0,58.0,56.0,57.0,56.72419357299805,64559500,0.0,0.0,yfinance_raw_daily
2012-06-07,56.0,59.0,56.0,56.0,55.729034423828125,53626500,0.0,0.0,yfinance_raw_daily
2012-06-08,57.0,58.0,55.0,57.0,56.72419357299805,25425000,0.0,0.0,yfinance_raw_daily
2012-06-11,57.0,59.0,57.0,57.0,56.72419357299805,16843500,0.0,0.0,yfinance_raw_daily
2012-06-12,56.0,57.0,56.0,56.0,55.729034423828125,12700500,0.0,0.0,yfinance_raw_daily
2012-06-13,56.0,56.0,55.0,56.0,55.729034423828125,8603000,0.0,0.0,yfinance_raw_daily
2012-06-14,53.0,56.0,51.0,53.0,52.74354934692383,46472000,0.0,0.0,yfinance_raw_daily
2012-06-15,52.0,54.0,50.0,52.0,51.74838638305664,136964992,0.0,0.0,yfinance_raw_daily
2012-06-18,52.0,52.0,52.0,52.0,51.74838638305664,0,0.0,0.0,yfinance_raw_daily
2012-06-19,53.0,53.0,52.0,53.0,52.74354934692383,13692000,0.0,0.0,yfinance_raw_daily
2012-06-20,55.0,56.0,53.0,55.0,54.73387145996094,115911504,0.0,0.0,yfinance_raw_daily
2012-06-21,55.0,58.0,55.0,55.0,54.73387145996094,106750496,0.0,0.0,yfinance_raw_daily
2012-06-22,56.0,56.0,54.0,56.0,55.729034423828125,13347500,0.0,0.0,yfinance_raw_daily
2012-06-25,56.0,56.0,56.0,56.0,55.729034423828125,0,0.0,0.0,yfinance_raw_daily
2012-06-26,54.0,55.0,53.0,54.0,53.73870849609375,5721000,0.0,0.0,yfinance_raw_daily
2012-06-27,54.0,56.0,53.0,54.0,53.73870849609375,18195500,0.0,0.0,yfinance_raw_daily
2012-06-28,54.0,54.0,52.0,53.0,52.74354934692383,28426000,0.0,0.0,yfinance_raw_daily
2012-06-29,53.0,54.0,52.0,54.0,53.73870849609375,10468500,0.0,0.0,yfinance_raw_daily
2012-07-02,56.0,56.0,53.0,56.0,55.729034423828125,36481000,0.0,0.0,yfinance_raw_daily
2012-07-03,56.0,58.0,55.0,56.0,55.729034423828125,57992500,0.0,0.0,yfinance_raw_daily
2012-07-04,56.0,58.0,56.0,56.0,55.729034423828125,32994000,0.0,0.0,yfinance_raw_daily
2012-07-05,55.0,56.0,55.0,55.0,54.73387145996094,5353500,0.0,0.0,yfinance_raw_daily
2012-07-06,56.0,57.0,55.0,56.0,55.729034423828125,9108000,0.0,0.0,yfinance_raw_daily
2012-07-09,54.0,55.0,54.0,54.0,53.73870849609375,9243000,0.0,0.0,yfinance_raw_daily
2012-07-10,54.0,55.0,53.0,54.0,53.73870849609375,8671500,0.0,0.0,yfinance_raw_daily
2012-07-11,54.0,55.0,53.0,54.0,53.73870849609375,6318500,0.0,0.0,yfinance_raw_daily
2012-07-12,54.0,54.0,52.0,54.0,53.73870849609375,18683500,0.0,0.0,yfinance_raw_daily
2012-07-13,53.0,54.0,52.0,53.0,52.74354934692383,20305500,0.0,0.0,yfinance_raw_daily
2012-07-16,53.0,54.0,53.0,53.0,52.74354934692383,8847500,0.0,0.0,yfinance_raw_daily
2012-07-17,53.0,54.0,53.0,53.0,52.74354934692383,5444500,0.0,0.0,yfinance_raw_daily
2012-07-18,53.0,53.0,52.0,53.0,52.74354934692383,7169500,0.0,0.0,yfinance_raw_daily
2012-07-19,52.0,53.0,52.0,52.0,51.74838638305664,8337500,0.0,0.0,yfinance_raw_daily
2012-07-20,53.0,53.0,52.0,53.0,52.74354934692383,15793500,0.0,0.0,yfinance_raw_daily
2012-07-23,51.0,52.0,51.0,51.0,50.75322723388672,8174000,0.0,0.0,yfinance_raw_daily
2012-07-24,52.0,53.0,51.0,52.0,51.74838638305664,9210000,0.0,0.0,yfinance_raw_daily
2012-07-25,51.0,52.0,51.0,51.0,50.75322723388672,8235000,0.0,0.0,yfinance_raw_daily
2012-07-26,51.0,52.0,51.0,51.0,50.75322723388672,10162000,0.0,0.0,yfinance_raw_daily
2012-07-27,52.0,52.0,51.0,52.0,51.74838638305664,5670000,0.0,0.0,yfinance_raw_daily
2012-07-30,50.0,52.0,50.0,50.0,49.75806427001953,78174496,0.0,0.0,yfinance_raw_daily
2012-07-31,50.0,51.0,50.0,50.0,49.75806427001953,44215000,0.0,0.0,yfinance_raw_daily
2012-08-01,50.0,51.0,50.0,50.0,49.75806427001953,43890000,0.0,0.0,yfinance_raw_daily
2012-08-02,50.0,51.0,50.0,50.0,49.75806427001953,10134000,0.0,0.0,yfinance_raw_daily
2012-08-03,50.0,50.0,50.0,50.0,49.75806427001953,2616500,0.0,0.0,yfinance_raw_daily
2012-08-06,50.0,51.0,50.0,50.0,49.75806427001953,14255500,0.0,0.0,yfinance_raw_daily
2012-08-07,50.0,51.0,50.0,50.0,49.75806427001953,28493500,0.0,0.0,yfinance_raw_daily
2012-08-08,50.0,51.0,50.0,50.0,49.75806427001953,15382500,0.0,0.0,yfinance_raw_daily
2012-08-09,50.0,50.0,50.0,50.0,49.75806427001953,1595000,0.0,0.0,yfinance_raw_daily
2012-08-10,50.0,50.0,50.0,50.0,49.75806427001953,1312500,0.0,0.0,yfinance_raw_daily
2012-08-13,50.0,50.0,50.0,50.0,49.75806427001953,355500,0.0,0.0,yfinance_raw_daily
2012-08-14,50.0,50.0,50.0,50.0,49.75806427001953,295500,0.0,0.0,yfinance_raw_daily
2012-08-15,50.0,50.0,50.0,50.0,49.75806427001953,15000,0.0,0.0,yfinance_raw_daily
2012-08-16,50.0,50.0,50.0,50.0,49.75806427001953,213500,0.0,0.0,yfinance_raw_daily
2012-08-23,50.0,50.0,50.0,50.0,49.75806427001953,557500,0.0,0.0,yfinance_raw_daily
2012-08-24,50.0,50.0,50.0,50.0,49.75806427001953,68000,0.0,0.0,yfinance_raw_daily
2012-08-27,50.0,50.0,50.0,50.0,49.75806427001953,2842500,0.0,0.0,yfinance_raw_daily
2012-08-28,50.0,50.0,50.0,50.0,49.75806427001953,165000,0.0,0.0,yfinance_raw_daily
2012-08-29,50.0,50.0,50.0,50.0,49.75806427001953,19000,0.0,0.0,yfinance_raw_daily
2012-08-30,50.0,50.0,50.0,50.0,49.75806427001953,50500,0.0,0.0,yfinance_raw_daily
2012-08-31,50.0,50.0,50.0,50.0,49.75806427001953,105000,0.0,0.0,yfinance_raw_daily
2012-09-03,50.0,50.0,50.0,50.0,49.75806427001953,593500,0.0,0.0,yfinance_raw_daily
2012-09-04,50.0,50.0,50.0,50.0,49.75806427001953,82000,0.0,0.0,yfinance_raw_daily
2012-09-05,50.0,50.0,50.0,50.0,49.75806427001953,32500,0.0,0.0,yfinance_raw_daily
2012-09-06,50.0,50.0,50.0,50.0,49.75806427001953,21914500,0.0,0.0,yfinance_raw_daily
2012-09-07,50.0,50.0,50.0,50.0,49.75806427001953,7860000,0.0,0.0,yfinance_raw_daily
2012-09-10,50.0,50.0,50.0,50.0,49.75806427001953,1500,0.0,0.0,yfinance_raw_daily
2012-09-11,50.0,50.0,50.0,50.0,49.75806427001953,253000,0.0,0.0,yfinance_raw_daily
2012-09-12,50.0,50.0,50.0,50.0,49.75806427001953,253000,0.0,0.0,yfinance_raw_daily
2012-09-13,50.0,50.0,50.0,50.0,49.75806427001953,2950500,0.0,0.0,yfinance_raw_daily
2012-09-14,50.0,50.0,50.0,50.0,49.75806427001953,1177000,0.0,0.0,yfinance_raw_daily
2012-09-17,50.0,50.0,50.0,50.0,49.75806427001953,33000,0.0,0.0,yfinance_raw_daily
2012-09-18,50.0,50.0,50.0,50.0,49.75806427001953,1486000,0.0,0.0,yfinance_raw_daily
2012-09-19,50.0,50.0,50.0,50.0,49.75806427001953,13838000,0.0,0.0,yfinance_raw_daily
2012-09-20,50.0,52.0,50.0,50.0,49.75806427001953,319296992,0.0,0.0,yfinance_raw_daily
2012-09-21,50.0,50.0,50.0,50.0,49.75806427001953,4254000,0.0,0.0,yfinance_raw_daily
2012-09-24,50.0,50.0,50.0,50.0,49.75806427001953,620000,0.0,0.0,yfinance_raw_daily
2012-09-25,50.0,50.0,50.0,50.0,49.75806427001953,11500,0.0,0.0,yfinance_raw_daily
2012-09-26,50.0,50.0,50.0,50.0,49.75806427001953,100000,0.0,0.0,yfinance_raw_daily
2012-09-27,50.0,50.0,50.0,50.0,49.75806427001953,60500,0.0,0.0,yfinance_raw_daily
2012-09-28,50.0,50.0,50.0,50.0,49.75806427001953,163500,0.0,0.0,yfinance_raw_daily
2012-10-01,50.0,50.0,50.0,50.0,49.75806427001953,25000,0.0,0.0,yfinance_raw_daily
2012-10-02,50.0,50.0,50.0,50.0,49.75806427001953,1132000,0.0,0.0,yfinance_raw_daily
2012-10-03,50.0,50.0,50.0,50.0,49.75806427001953,100000,0.0,0.0,yfinance_raw_daily
2012-10-04,50.0,50.0,50.0,50.0,49.75806427001953,39000,0.0,0.0,yfinance_raw_daily
2012-10-05,50.0,50.0,50.0,50.0,49.75806427001953,31000,0.0,0.0,yfinance_raw_daily
2012-10-08,50.0,50.0,50.0,50.0,49.75806427001953,1062500,0.0,0.0,yfinance_raw_daily
2012-10-09,50.0,50.0,50.0,50.0,49.75806427001953,224000,0.0,0.0,yfinance_raw_daily
2012-10-10,50.0,50.0,50.0,50.0,49.75806427001953,2091500,0.0,0.0,yfinance_raw_daily
2012-10-11,50.0,50.0,50.0,50.0,49.75806427001953,25500,0.0,0.0,yfinance_raw_daily
2012-10-12,50.0,50.0,50.0,50.0,49.75806427001953,99000,0.0,0.0,yfinance_raw_daily
2012-10-15,50.0,50.0,50.0,50.0,49.75806427001953,80000,0.0,0.0,yfinance_raw_daily
2012-10-16,50.0,50.0,50.0,50.0,49.75806427001953,55000,0.0,0.0,yfinance_raw_daily
2012-10-17,50.0,50.0,50.0,50.0,49.75806427001953,501500,0.0,0.0,yfinance_raw_daily
2012-10-18,50.0,50.0,50.0,50.0,49.75806427001953,445000,0.0,0.0,yfinance_raw_daily
2012-10-19,50.0,50.0,50.0,50.0,49.75806427001953,275000,0.0,0.0,yfinance_raw_daily
2012-10-22,50.0,50.0,50.0,50.0,49.75806427001953,53000,0.0,0.0,yfinance_raw_daily
2012-10-23,50.0,50.0,50.0,50.0,49.75806427001953,131500,0.0,0.0,yfinance_raw_daily
2012-10-24,50.0,50.0,50.0,50.0,49.75806427001953,5790500,0.0,0.0,yfinance_raw_daily
2012-10-25,50.0,50.0,50.0,50.0,49.75806427001953,300000,0.0,0.0,yfinance_raw_daily
2012-10-29,50.0,50.0,50.0,50.0,49.75806427001953,10000,0.0,0.0,yfinance_raw_daily
2012-10-30,50.0,50.0,50.0,50.0,49.75806427001953,37500,0.0,0.0,yfinance_raw_daily
2012-10-31,50.0,50.0,50.0,50.0,49.75806427001953,170000,0.0,0.0,yfinance_raw_daily
2012-11-01,50.0,50.0,50.0,50.0,49.75806427001953,300000,0.0,0.0,yfinance_raw_daily
2012-11-02,50.0,50.0,50.0,50.0,49.75806427001953,956000,0.0,0.0,yfinance_raw_daily
2012-11-05,50.0,50.0,50.0,50.0,49.75806427001953,217000,0.0,0.0,yfinance_raw_daily
2012-11-06,50.0,50.0,50.0,50.0,49.75806427001953,196500,0.0,0.0,yfinance_raw_daily
2012-11-07,50.0,50.0,50.0,50.0,49.75806427001953,12000,0.0,0.0,yfinance_raw_daily
2012-11-08,50.0,50.0,50.0,50.0,49.75806427001953,202000,0.0,0.0,yfinance_raw_daily
2012-11-09,50.0,50.0,50.0,50.0,49.75806427001953,204500,0.0,0.0,yfinance_raw_daily
2012-11-12,50.0,50.0,50.0,50.0,49.75806427001953,10000,0.0,0.0,yfinance_raw_daily
2012-11-13,50.0,50.0,50.0,50.0,49.75806427001953,500,0.0,0.0,yfinance_raw_daily
2012-11-14,50.0,50.0,50.0,50.0,49.75806427001953,263000,0.0,0.0,yfinance_raw_daily
2012-11-19,50.0,50.0,50.0,50.0,49.75806427001953,660000,0.0,0.0,yfinance_raw_daily
2012-11-20,50.0,50.0,50.0,50.0,49.75806427001953,212000,0.0,0.0,yfinance_raw_daily
2012-11-21,50.0,50.0,50.0,50.0,49.75806427001953,11000,0.0,0.0,yfinance_raw_daily
2012-11-22,50.0,50.0,50.0,50.0,49.75806427001953,11000,0.0,0.0,yfinance_raw_daily
2012-11-23,50.0,50.0,50.0,50.0,49.75806427001953,2000,0.0,0.0,yfinance_raw_daily
2012-11-26,50.0,50.0,50.0,50.0,49.75806427001953,10000,0.0,0.0,yfinance_raw_daily
2012-11-27,50.0,50.0,50.0,50.0,49.75806427001953,21500,0.0,0.0,yfinance_raw_daily
2012-11-28,50.0,50.0,50.0,50.0,49.75806427001953,150000,0.0,0.0,yfinance_raw_daily
2012-11-29,50.0,50.0,50.0,50.0,49.75806427001953,255000,0.0,0.0,yfinance_raw_daily
2012-11-30,50.0,50.0,50.0,50.0,49.75806427001953,105000,0.0,0.0,yfinance_raw_daily
2012-12-03,50.0,50.0,50.0,50.0,49.75806427001953,308000,0.0,0.0,yfinance_raw_daily
2012-12-04,50.0,50.0,50.0,50.0,49.75806427001953,308000,0.0,0.0,yfinance_raw_daily
2012-12-05,50.0,50.0,50.0,50.0,49.75806427001953,47000,0.0,0.0,yfinance_raw_daily
2012-12-06,50.0,50.0,50.0,50.0,49.75806427001953,47000,0.0,0.0,yfinance_raw_daily
2012-12-07,50.0,50.0,50.0,50.0,49.75806427001953,14000,0.0,0.0,yfinance_raw_daily
2012-12-10,50.0,50.0,50.0,50.0,49.75806427001953,41500,0.0,0.0,yfinance_raw_daily
2012-12-11,50.0,50.0,50.0,50.0,49.75806427001953,1000,0.0,0.0,yfinance_raw_daily
2012-12-12,50.0,50.0,50.0,50.0,49.75806427001953,58000,0.0,0.0,yfinance_raw_daily
2012-12-13,50.0,50.0,50.0,50.0,49.75806427001953,60000,0.0,0.0,yfinance_raw_daily
2012-12-14,50.0,50.0,50.0,50.0,49.75806427001953,11500,0.0,0.0,yfinance_raw_daily
2012-12-17,50.0,50.0,50.0,50.0,49.75806427001953,120000,0.0,0.0,yfinance_raw_daily
2012-12-18,50.0,50.0,50.0,50.0,49.75806427001953,70000,0.0,0.0,yfinance_raw_daily
2012-12-19,50.0,50.0,50.0,50.0,49.75806427001953,5000,0.0,0.0,yfinance_raw_daily
2012-12-20,50.0,50.0,50.0,50.0,49.75806427001953,5000,0.0,0.0,yfinance_raw_daily
2012-12-21,50.0,50.0,50.0,50.0,49.75806427001953,5000,0.0,0.0,yfinance_raw_daily
2012-12-26,50.0,50.0,50.0,50.0,49.75806427001953,0,0.0,0.0,yfinance_raw_daily
2012-12-27,50.0,50.0,50.0,50.0,49.75806427001953,4000,0.0,0.0,yfinance_raw_daily
2012-12-28,50.0,50.0,50.0,50.0,49.75806427001953,20000,0.0,0.0,yfinance_raw_daily
2013-01-02,50.0,50.0,50.0,50.0,49.75806427001953,500,0.0,0.0,yfinance_raw_daily
2013-01-03,50.0,50.0,50.0,50.0,49.75806427001953,101500,0.0,0.0,yfinance_raw_daily
2013-01-04,50.0,50.0,50.0,50.0,49.75806427001953,51000,0.0,0.0,yfinance_raw_daily
2013-01-07,50.0,50.0,50.0,50.0,49.75806427001953,9500,0.0,0.0,yfinance_raw_daily
2013-01-08,50.0,50.0,50.0,50.0,49.75806427001953,3500,0.0,0.0,yfinance_raw_daily
2013-01-09,50.0,50.0,50.0,50.0,49.75806427001953,500,0.0,0.0,yfinance_raw_daily
2013-01-10,50.0,50.0,50.0,50.0,49.75806427001953,500,0.0,0.0,yfinance_raw_daily
2013-01-11,50.0,50.0,50.0,50.0,49.75806427001953,31000,0.0,0.0,yfinance_raw_daily
2013-01-14,50.0,50.0,50.0,50.0,49.75806427001953,33500,0.0,0.0,yfinance_raw_daily
2013-01-15,50.0,50.0,50.0,50.0,49.75806427001953,27500,0.0,0.0,yfinance_raw_daily
2013-01-16,50.0,50.0,50.0,50.0,49.75806427001953,1000,0.0,0.0,yfinance_raw_daily
2013-01-17,50.0,50.0,50.0,50.0,49.75806427001953,1000,0.0,0.0,yfinance_raw_daily
2013-01-18,50.0,50.0,50.0,50.0,49.75806427001953,500,0.0,0.0,yfinance_raw_daily
2013-01-21,50.0,50.0,50.0,50.0,49.75806427001953,2500,0.0,0.0,yfinance_raw_daily
2013-01-22,50.0,50.0,50.0,50.0,49.75806427001953,0,0.0,0.0,yfinance_raw_daily
2013-01-23,50.0,50.0,50.0,50.0,49.75806427001953,52000,0.0,0.0,yfinance_raw_daily
2013-01-25,50.0,50.0,50.0,50.0,49.75806427001953,52000,0.0,0.0,yfinance_raw_daily
2013-01-28,50.0,50.0,50.0,50.0,49.75806427001953,35500,0.0,0.0,yfinance_raw_daily
2013-01-29,50.0,50.0,50.0,50.0,49.75806427001953,35500,0.0,0.0,yfinance_raw_daily
2013-01-30,50.0,50.0,50.0,50.0,49.75806427001953,55500,0.0,0.0,yfinance_raw_daily
2013-01-31,50.0,50.0,50.0,50.0,49.75806427001953,1000,0.0,0.0,yfinance_raw_daily
2013-02-01,50.0,50.0,50.0,50.0,49.75806427001953,78000,0.0,0.0,yfinance_raw_daily
2013-02-04,50.0,50.0,50.0,50.0,49.75806427001953,78000,0.0,0.0,yfinance_raw_daily
2013-02-05,50.0,50.0,50.0,50.0,49.75806427001953,9500,0.0,0.0,yfinance_raw_daily
2013-02-06,50.0,50.0,50.0,50.0,49.75806427001953,7000,0.0,0.0,yfinance_raw_daily
2013-02-07,50.0,50.0,50.0,50.0,49.75806427001953,53500,0.0,0.0,yfinance_raw_daily
2013-02-08,50.0,50.0,50.0,50.0,49.75806427001953,53500,0.0,0.0,yfinance_raw_daily
2013-02-11,50.0,50.0,50.0,50.0,49.75806427001953,53500,0.0,0.0,yfinance_raw_daily
2013-02-12,50.0,50.0,50.0,50.0,49.75806427001953,46500,0.0,0.0,yfinance_raw_daily
2013-02-13,50.0,50.0,50.0,50.0,49.75806427001953,42500,0.0,0.0,yfinance_raw_daily
2013-02-14,50.0,50.0,50.0,50.0,49.75806427001953,2903000,0.0,0.0,yfinance_raw_daily
2013-02-15,50.0,50.0,50.0,50.0,49.75806427001953,685500,0.0,0.0,yfinance_raw_daily
2013-02-18,50.0,50.0,50.0,50.0,49.75806427001953,55000,0.0,0.0,yfinance_raw_daily
2013-02-19,50.0,50.0,50.0,50.0,49.75806427001953,163758000,0.0,0.0,yfinance_raw_daily
2013-02-20,50.0,50.0,50.0,50.0,49.75806427001953,3962000,0.0,0.0,yfinance_raw_daily
2013-02-21,50.0,50.0,50.0,50.0,49.75806427001953,29500,0.0,0.0,yfinance_raw_daily
2013-02-22,50.0,50.0,50.0,50.0,49.75806427001953,105500,0.0,0.0,yfinance_raw_daily
2013-02-25,50.0,50.0,50.0,50.0,49.75806427001953,250000,0.0,0.0,yfinance_raw_daily
2013-02-26,50.0,50.0,50.0,50.0,49.75806427001953,116500,0.0,0.0,yfinance_raw_daily
2013-02-27,50.0,50.0,50.0,50.0,49.75806427001953,20000,0.0,0.0,yfinance_raw_daily
2013-02-28,50.0,50.0,50.0,50.0,49.75806427001953,250500,0.0,0.0,yfinance_raw_daily
2013-03-01,50.0,50.0,50.0,50.0,49.75806427001953,1500,0.0,0.0,yfinance_raw_daily
2013-03-04,50.0,50.0,50.0,50.0,49.75806427001953,0,0.0,0.0,yfinance_raw_daily
2013-03-05,50.0,50.0,50.0,50.0,49.75806427001953,5500,0.0,0.0,yfinance_raw_daily
2013-03-06,50.0,50.0,50.0,50.0,49.75806427001953,3500,0.0,0.0,yfinance_raw_daily
2013-03-07,50.0,50.0,50.0,50.0,49.75806427001953,1000,0.0,0.0,yfinance_raw_daily
2013-03-08,50.0,50.0,50.0,50.0,49.75806427001953,12000,0.0,0.0,yfinance_raw_daily
2013-03-11,50.0,50.0,50.0,50.0,49.75806427001953,500,0.0,0.0,yfinance_raw_daily
2013-03-13,50.0,50.0,50.0,50.0,49.75806427001953,20000,0.0,0.0,yfinance_raw_daily
2013-03-14,50.0,50.0,50.0,50.0,49.75806427001953,500,0.0,0.0,yfinance_raw_daily
2013-03-15,50.0,50.0,50.0,50.0,49.75806427001953,500,0.0,0.0,yfinance_raw_daily
2013-03-18,50.0,50.0,50.0,50.0,49.75806427001953,500,0.0,0.0,yfinance_raw_daily
2013-03-19,50.0,50.0,50.0,50.0,49.75806427001953,500,0.0,0.0,yfinance_raw_daily
2013-03-20,50.0,50.0,50.0,50.0,49.75806427001953,500,0.0,0.0,yfinance_raw_daily
2013-03-21,50.0,50.0,50.0,50.0,49.75806427001953,6000,0.0,0.0,yfinance_raw_daily
2013-03-22,50.0,50.0,50.0,50.0,49.75806427001953,28000,0.0,0.0,yfinance_raw_daily
2013-03-25,50.0,50.0,50.0,50.0,49.75806427001953,2000,0.0,0.0,yfinance_raw_daily
2013-03-26,50.0,50.0,50.0,50.0,49.75806427001953,2000,0.0,0.0,yfinance_raw_daily
2013-03-27,50.0,50.0,50.0,50.0,49.75806427001953,35000,0.0,0.0,yfinance_raw_daily
2013-03-28,50.0,50.0,50.0,50.0,49.75806427001953,65000,0.0,0.0,yfinance_raw_daily
2013-04-01,50.0,50.0,50.0,50.0,49.75806427001953,1500,0.0,0.0,yfinance_raw_daily
2013-04-02,50.0,50.0,50.0,50.0,49.75806427001953,121000,0.0,0.0,yfinance_raw_daily
2013-04-03,50.0,50.0,50.0,50.0,49.75806427001953,19500,0.0,0.0,yfinance_raw_daily
2013-04-04,50.0,50.0,50.0,50.0,49.75806427001953,500,0.0,0.0,yfinance_raw_daily
2013-04-05,50.0,50.0,50.0,50.0,49.75806427001953,16500,0.0,0.0,yfinance_raw_daily
2013-04-08,50.0,50.0,50.0,50.0,49.75806427001953,87000,0.0,0.0,yfinance_raw_daily
2013-04-09,50.0,50.0,50.0,50.0,49.75806427001953,500,0.0,0.0,yfinance_raw_daily
2013-04-10,50.0,50.0,50.0,50.0,49.75806427001953,500,0.0,0.0,yfinance_raw_daily
2013-04-11,50.0,50.0,50.0,50.0,49.75806427001953,500,0.0,0.0,yfinance_raw_daily
2013-04-12,50.0,50.0,50.0,50.0,49.75806427001953,500,0.0,0.0,yfinance_raw_daily
2013-04-15,50.0,50.0,50.0,50.0,49.75806427001953,500,0.0,0.0,yfinance_raw_daily
2013-04-16,50.0,50.0,50.0,50.0,49.75806427001953,500,0.0,0.0,yfinance_raw_daily
2013-04-17,50.0,50.0,50.0,50.0,49.75806427001953,50000,0.0,0.0,yfinance_raw_daily
2013-04-18,50.0,50.0,50.0,50.0,49.75806427001953,4500,0.0,0.0,yfinance_raw_daily
2013-04-19,50.0,50.0,50.0,50.0,49.75806427001953,19500,0.0,0.0,yfinance_raw_daily
2013-04-22,50.0,50.0,50.0,50.0,49.75806427001953,500,0.0,0.0,yfinance_raw_daily
2013-04-23,50.0,50.0,50.0,50.0,49.75806427001953,500,0.0,0.0,yfinance_raw_daily
2013-04-24,50.0,50.0,50.0,50.0,49.75806427001953,500,0.0,0.0,yfinance_raw_daily
2013-04-25,50.0,50.0,50.0,50.0,49.75806427001953,25000,0.0,0.0,yfinance_raw_daily
2013-04-26,50.0,50.0,50.0,50.0,49.75806427001953,500,0.0,0.0,yfinance_raw_daily
2013-04-29,50.0,50.0,50.0,50.0,49.75806427001953,2500,0.0,0.0,yfinance_raw_daily
2013-04-30,50.0,50.0,50.0,50.0,49.75806427001953,20000,0.0,0.0,yfinance_raw_daily
2013-05-01,50.0,50.0,50.0,50.0,49.75806427001953,1000,0.0,0.0,yfinance_raw_daily
2013-05-02,50.0,50.0,50.0,50.0,49.75806427001953,500,0.0,0.0,yfinance_raw_daily
2013-05-03,50.0,50.0,50.0,50.0,49.75806427001953,11500,0.0,0.0,yfinance_raw_daily
2013-05-06,50.0,50.0,50.0,50.0,49.75806427001953,2500,0.0,0.0,yfinance_raw_daily
2013-05-07,50.0,50.0,50.0,50.0,49.75806427001953,2500,0.0,0.0,yfinance_raw_daily
2013-05-08,50.0,50.0,50.0,50.0,49.75806427001953,12000,0.0,0.0,yfinance_raw_daily
2013-05-10,50.0,50.0,50.0,50.0,49.75806427001953,3500,0.0,0.0,yfinance_raw_daily
2013-05-13,50.0,50.0,50.0,50.0,49.75806427001953,3500,0.0,0.0,yfinance_raw_daily
2013-05-14,50.0,50.0,50.0,50.0,49.75806427001953,20000,0.0,0.0,yfinance_raw_daily
2013-05-15,50.0,50.0,50.0,50.0,49.75806427001953,20000,0.0,0.0,yfinance_raw_daily
2013-05-16,50.0,50.0,50.0,50.0,49.75806427001953,11000,0.0,0.0,yfinance_raw_daily
2013-05-17,50.0,50.0,50.0,50.0,49.75806427001953,500,0.0,0.0,yfinance_raw_daily
2013-05-20,50.0,50.0,50.0,50.0,49.75806427001953,47000,0.0,0.0,yfinance_raw_daily
2013-05-21,50.0,50.0,50.0,50.0,49.75806427001953,47000,0.0,0.0,yfinance_raw_daily
2013-05-22,50.0,50.0,50.0,50.0,49.75806427001953,4000,0.0,0.0,yfinance_raw_daily
2013-05-23,50.0,50.0,50.0,50.0,49.75806427001953,4000,0.0,0.0,yfinance_raw_daily
2013-05-24,50.0,50.0,50.0,50.0,49.75806427001953,4000,0.0,0.0,yfinance_raw_daily
2013-05-27,50.0,50.0,50.0,50.0,49.75806427001953,4000,0.0,0.0,yfinance_raw_daily
2013-05-28,50.0,50.0,50.0,50.0,49.75806427001953,20000,0.0,0.0,yfinance_raw_daily
2013-05-29,50.0,50.0,50.0,50.0,49.75806427001953,20000,0.0,0.0,yfinance_raw_daily
2013-05-30,50.0,50.0,50.0,50.0,49.75806427001953,500,0.0,0.0,yfinance_raw_daily
2013-05-31,50.0,50.0,50.0,50.0,49.75806427001953,7000,0.0,0.0,yfinance_raw_daily
2013-06-03,50.0,50.0,50.0,50.0,49.75806427001953,500,0.0,0.0,yfinance_raw_daily
2013-06-04,50.0,50.0,50.0,50.0,49.75806427001953,500,0.0,0.0,yfinance_raw_daily
2013-06-05,50.0,50.0,50.0,50.0,49.75806427001953,500,0.0,0.0,yfinance_raw_daily
2013-06-07,50.0,50.0,50.0,50.0,49.75806427001953,500,0.0,0.0,yfinance_raw_daily
2013-06-10,50.0,50.0,50.0,50.0,49.75806427001953,500,0.0,0.0,yfinance_raw_daily
2013-06-11,50.0,50.0,50.0,50.0,49.75806427001953,500,0.0,0.0,yfinance_raw_daily
2013-06-12,50.0,50.0,50.0,50.0,49.75806427001953,5000,0.0,0.0,yfinance_raw_daily
2013-06-13,50.0,50.0,50.0,50.0,49.75806427001953,5000,0.0,0.0,yfinance_raw_daily
2013-06-14,50.0,50.0,50.0,50.0,49.75806427001953,100000,0.0,0.0,yfinance_raw_daily
2013-06-17,50.0,50.0,50.0,50.0,49.75806427001953,100000,0.0,0.0,yfinance_raw_daily
2013-06-18,50.0,50.0,50.0,50.0,49.75806427001953,500,0.0,0.0,yfinance_raw_daily
2013-06-19,50.0,50.0,50.0,50.0,49.75806427001953,400500,0.0,0.0,yfinance_raw_daily
2013-06-20,50.0,50.0,50.0,50.0,49.75806427001953,500,0.0,0.0,yfinance_raw_daily
2013-06-21,50.0,50.0,50.0,50.0,49.75806427001953,1000,0.0,0.0,yfinance_raw_daily
2013-06-24,50.0,50.0,50.0,50.0,49.75806427001953,500,0.0,0.0,yfinance_raw_daily
2013-06-25,50.0,50.0,50.0,50.0,49.75806427001953,500,0.0,0.0,yfinance_raw_daily
2013-06-26,50.0,50.0,50.0,50.0,49.75806427001953,500,0.0,0.0,yfinance_raw_daily
2013-06-27,50.0,50.0,50.0,50.0,49.75806427001953,500,0.0,0.0,yfinance_raw_daily
2013-06-28,50.0,50.0,50.0,50.0,49.75806427001953,500,0.0,0.0,yfinance_raw_daily
2013-07-01,50.0,50.0,50.0,50.0,49.75806427001953,500,0.0,0.0,yfinance_raw_daily
2013-07-02,50.0,50.0,50.0,50.0,49.75806427001953,500,0.0,0.0,yfinance_raw_daily
2013-07-03,50.0,50.0,50.0,50.0,49.75806427001953,500,0.0,0.0,yfinance_raw_daily
2013-07-04,50.0,50.0,50.0,50.0,49.75806427001953,500,0.0,0.0,yfinance_raw_daily
2013-07-05,50.0,50.0,50.0,50.0,49.75806427001953,500,0.0,0.0,yfinance_raw_daily
2013-07-08,50.0,50.0,50.0,50.0,49.75806427001953,500,0.0,0.0,yfinance_raw_daily
2013-07-09,50.0,50.0,50.0,50.0,49.75806427001953,500,0.0,0.0,yfinance_raw_daily
2013-07-10,50.0,50.0,50.0,50.0,49.75806427001953,1000,0.0,0.0,yfinance_raw_daily
2013-07-11,50.0,50.0,50.0,50.0,49.75806427001953,1000,0.0,0.0,yfinance_raw_daily
2013-07-12,50.0,50.0,50.0,50.0,49.75806427001953,1000,0.0,0.0,yfinance_raw_daily
2013-07-15,50.0,50.0,50.0,50.0,49.75806427001953,1000,0.0,0.0,yfinance_raw_daily
2013-07-16,50.0,50.0,50.0,50.0,49.75806427001953,1000,0.0,0.0,yfinance_raw_daily
2013-07-17,50.0,50.0,50.0,50.0,49.75806427001953,1000,0.0,0.0,yfinance_raw_daily
2013-07-18,50.0,50.0,50.0,50.0,49.75806427001953,500,0.0,0.0,yfinance_raw_daily
2013-07-19,50.0,50.0,50.0,50.0,49.75806427001953,500,0.0,0.0,yfinance_raw_daily
2013-07-22,50.0,50.0,50.0,50.0,49.75806427001953,500,0.0,0.0,yfinance_raw_daily
2013-07-23,50.0,50.0,50.0,50.0,49.75806427001953,500,0.0,0.0,yfinance_raw_daily
2013-07-24,50.0,50.0,50.0,50.0,49.75806427001953,500,0.0,0.0,yfinance_raw_daily
2013-07-25,50.0,50.0,50.0,50.0,49.75806427001953,500,0.0,0.0,yfinance_raw_daily
2013-07-26,50.0,50.0,50.0,50.0,49.75806427001953,500,0.0,0.0,yfinance_raw_daily
2013-07-29,50.0,50.0,50.0,50.0,49.75806427001953,500,0.0,0.0,yfinance_raw_daily
2013-07-30,50.0,50.0,50.0,50.0,49.75806427001953,500,0.0,0.0,yfinance_raw_daily
2013-07-31,50.0,50.0,50.0,50.0,49.75806427001953,500,0.0,0.0,yfinance_raw_daily
2013-08-01,50.0,50.0,50.0,50.0,49.75806427001953,500,0.0,0.0,yfinance_raw_daily
2013-08-02,50.0,50.0,50.0,50.0,49.75806427001953,1000,0.0,0.0,yfinance_raw_daily
2013-08-12,50.0,50.0,50.0,50.0,49.75806427001953,500,0.0,0.0,yfinance_raw_daily
2013-08-13,50.0,50.0,50.0,50.0,49.75806427001953,500,0.0,0.0,yfinance_raw_daily
2013-08-14,50.0,50.0,50.0,50.0,49.75806427001953,500,0.0,0.0,yfinance_raw_daily
2013-08-15,50.0,50.0,50.0,50.0,49.75806427001953,500,0.0,0.0,yfinance_raw_daily
2013-08-16,50.0,50.0,50.0,50.0,49.75806427001953,500,0.0,0.0,yfinance_raw_daily
2013-08-19,50.0,50.0,50.0,50.0,49.75806427001953,500,0.0,0.0,yfinance_raw_daily
2013-08-20,50.0,50.0,50.0,50.0,49.75806427001953,500,0.0,0.0,yfinance_raw_daily
2013-08-21,50.0,50.0,50.0,50.0,49.75806427001953,500,0.0,0.0,yfinance_raw_daily
2013-08-22,50.0,50.0,50.0,50.0,49.75806427001953,500,0.0,0.0,yfinance_raw_daily
2013-08-23,50.0,50.0,50.0,50.0,49.75806427001953,500,0.0,0.0,yfinance_raw_daily
2013-08-26,50.0,50.0,50.0,50.0,49.75806427001953,1500,0.0,0.0,yfinance_raw_daily
2013-08-27,50.0,50.0,50.0,50.0,49.75806427001953,1500,0.0,0.0,yfinance_raw_daily
2013-08-28,50.0,50.0,50.0,50.0,49.75806427001953,2500,0.0,0.0,yfinance_raw_daily
2013-08-29,50.0,50.0,50.0,50.0,49.75806427001953,500,0.0,0.0,yfinance_raw_daily
2013-08-30,50.0,50.0,50.0,50.0,49.75806427001953,500,0.0,0.0,yfinance_raw_daily
2013-09-02,50.0,50.0,50.0,50.0,49.75806427001953,500,0.0,0.0,yfinance_raw_daily
2013-09-03,50.0,50.0,50.0,50.0,49.75806427001953,500,0.0,0.0,yfinance_raw_daily
2013-09-04,50.0,50.0,50.0,50.0,49.75806427001953,500,0.0,0.0,yfinance_raw_daily
2013-09-05,50.0,50.0,50.0,50.0,49.75806427001953,0,0.0,0.0,yfinance_raw_daily
2013-09-06,50.0,50.0,50.0,50.0,49.75806427001953,500,0.0,0.0,yfinance_raw_daily
2013-09-09,50.0,50.0,50.0,50.0,49.75806427001953,500,0.0,0.0,yfinance_raw_daily
2013-09-10,50.0,50.0,50.0,50.0,49.75806427001953,500,0.0,0.0,yfinance_raw_daily
2013-09-11,50.0,50.0,50.0,50.0,49.75806427001953,500,0.0,0.0,yfinance_raw_daily
2013-09-12,50.0,50.0,50.0,50.0,49.75806427001953,500,0.0,0.0,yfinance_raw_daily
2013-09-13,50.0,50.0,50.0,50.0,49.75806427001953,500,0.0,0.0,yfinance_raw_daily
2013-09-16,50.0,50.0,50.0,50.0,49.75806427001953,3000,0.0,0.0,yfinance_raw_daily
2013-09-17,50.0,50.0,50.0,50.0,49.75806427001953,3000,0.0,0.0,yfinance_raw_daily
2013-09-18,50.0,50.0,50.0,50.0,49.75806427001953,500,0.0,0.0,yfinance_raw_daily
2013-09-19,50.0,50.0,50.0,50.0,49.75806427001953,500,0.0,0.0,yfinance_raw_daily
2013-09-20,50.0,50.0,50.0,50.0,49.75806427001953,11000,0.0,0.0,yfinance_raw_daily
2013-09-23,50.0,50.0,50.0,50.0,49.75806427001953,500,0.0,0.0,yfinance_raw_daily
2013-09-24,50.0,50.0,50.0,50.0,49.75806427001953,500,0.0,0.0,yfinance_raw_daily
2013-09-25,50.0,50.0,50.0,50.0,49.75806427001953,1000,0.0,0.0,yfinance_raw_daily
2013-09-26,50.0,50.0,50.0,50.0,49.75806427001953,4500,0.0,0.0,yfinance_raw_daily
2013-09-27,50.0,50.0,50.0,50.0,49.75806427001953,1000,0.0,0.0,yfinance_raw_daily
2013-09-30,50.0,50.0,50.0,50.0,49.75806427001953,1000,0.0,0.0,yfinance_raw_daily
2013-10-01,50.0,50.0,50.0,50.0,49.75806427001953,1000,0.0,0.0,yfinance_raw_daily
2013-10-02,50.0,50.0,50.0,50.0,49.75806427001953,1000,0.0,0.0,yfinance_raw_daily
2013-10-03,50.0,50.0,50.0,50.0,49.75806427001953,1000,0.0,0.0,yfinance_raw_daily
2013-10-04,50.0,50.0,50.0,50.0,49.75806427001953,12000,0.0,0.0,yfinance_raw_daily
2013-10-07,50.0,50.0,50.0,50.0,49.75806427001953,12000,0.0,0.0,yfinance_raw_daily
2013-10-08,50.0,50.0,50.0,50.0,49.75806427001953,12000,0.0,0.0,yfinance_raw_daily
2013-10-09,50.0,50.0,50.0,50.0,49.75806427001953,1000,0.0,0.0,yfinance_raw_daily
2013-10-10,50.0,50.0,50.0,50.0,49.75806427001953,13000,0.0,0.0,yfinance_raw_daily
2013-10-11,50.0,50.0,50.0,50.0,49.75806427001953,13000,0.0,0.0,yfinance_raw_daily
2013-10-16,50.0,50.0,50.0,50.0,49.75806427001953,13000,0.0,0.0,yfinance_raw_daily
2013-10-17,50.0,50.0,50.0,50.0,49.75806427001953,12500,0.0,0.0,yfinance_raw_daily
2013-10-18,50.0,50.0,50.0,50.0,49.75806427001953,269000,0.0,0.0,yfinance_raw_daily
2013-10-21,50.0,50.0,50.0,50.0,49.75806427001953,352500,0.0,0.0,yfinance_raw_daily
2013-10-22,50.0,50.0,50.0,50.0,49.75806427001953,500000,0.0,0.0,yfinance_raw_daily
2013-10-23,50.0,50.0,50.0,50.0,49.75806427001953,500000,0.0,0.0,yfinance_raw_daily
2013-10-24,50.0,50.0,50.0,50.0,49.75806427001953,500000,0.0,0.0,yfinance_raw_daily
2013-10-25,50.0,50.0,50.0,50.0,49.75806427001953,280500,0.0,0.0,yfinance_raw_daily
2013-10-28,50.0,50.0,50.0,50.0,49.75806427001953,280500,0.0,0.0,yfinance_raw_daily
2013-10-29,50.0,50.0,50.0,50.0,49.75806427001953,280500,0.0,0.0,yfinance_raw_daily
2013-10-30,50.0,50.0,50.0,50.0,49.75806427001953,280500,0.0,0.0,yfinance_raw_daily
2013-10-31,50.0,50.0,50.0,50.0,49.75806427001953,280500,0.0,0.0,yfinance_raw_daily
2013-11-01,50.0,50.0,50.0,50.0,49.75806427001953,8000,0.0,0.0,yfinance_raw_daily
2013-11-04,50.0,50.0,50.0,50.0,49.75806427001953,500,0.0,0.0,yfinance_raw_daily
2013-11-06,50.0,50.0,50.0,50.0,49.75806427001953,1000,0.0,0.0,yfinance_raw_daily
2013-11-07,50.0,50.0,50.0,50.0,49.75806427001953,1000,0.0,0.0,yfinance_raw_daily
2013-11-08,50.0,50.0,50.0,50.0,49.75806427001953,1000,0.0,0.0,yfinance_raw_daily
2013-11-11,50.0,50.0,50.0,50.0,49.75806427001953,2500,0.0,0.0,yfinance_raw_daily
2013-11-12,50.0,50.0,50.0,50.0,49.75806427001953,500,0.0,0.0,yfinance_raw_daily
2013-11-13,50.0,50.0,50.0,50.0,49.75806427001953,1000,0.0,0.0,yfinance_raw_daily
2013-11-14,50.0,50.0,50.0,50.0,49.75806427001953,1000,0.0,0.0,yfinance_raw_daily
2013-11-15,50.0,50.0,50.0,50.0,49.75806427001953,1000,0.0,0.0,yfinance_raw_daily
2013-11-18,50.0,50.0,50.0,50.0,49.75806427001953,500,0.0,0.0,yfinance_raw_daily
2013-11-19,50.0,50.0,50.0,50.0,49.75806427001953,500,0.0,0.0,yfinance_raw_daily
2013-11-20,50.0,50.0,50.0,50.0,49.75806427001953,13500,0.0,0.0,yfinance_raw_daily
2013-11-21,50.0,50.0,50.0,50.0,49.75806427001953,13500,0.0,0.0,yfinance_raw_daily
2013-11-22,50.0,50.0,50.0,50.0,49.75806427001953,13500,0.0,0.0,yfinance_raw_daily
2013-11-25,50.0,50.0,50.0,50.0,49.75806427001953,13500,0.0,0.0,yfinance_raw_daily
2013-11-26,50.0,50.0,50.0,50.0,49.75806427001953,13500,0.0,0.0,yfinance_raw_daily
2013-11-27,50.0,50.0,50.0,50.0,49.75806427001953,13500,0.0,0.0,yfinance_raw_daily
2013-11-28,50.0,50.0,50.0,50.0,49.75806427001953,13500,0.0,0.0,yfinance_raw_daily
2013-11-29,50.0,50.0,50.0,50.0,49.75806427001953,5001000,0.0,0.0,yfinance_raw_daily
2013-12-02,50.0,50.0,50.0,50.0,49.75806427001953,1000,0.0,0.0,yfinance_raw_daily
2013-12-03,50.0,50.0,50.0,50.0,49.75806427001953,500,0.0,0.0,yfinance_raw_daily
2013-12-04,50.0,50.0,50.0,50.0,49.75806427001953,500,0.0,0.0,yfinance_raw_daily
2013-12-05,50.0,50.0,50.0,50.0,49.75806427001953,500,0.0,0.0,yfinance_raw_daily
2013-12-06,50.0,50.0,50.0,50.0,49.75806427001953,500,0.0,0.0,yfinance_raw_daily
2013-12-09,50.0,50.0,50.0,50.0,49.75806427001953,500,0.0,0.0,yfinance_raw_daily
2013-12-10,50.0,50.0,50.0,50.0,49.75806427001953,500,0.0,0.0,yfinance_raw_daily
2013-12-11,50.0,50.0,50.0,50.0,49.75806427001953,500,0.0,0.0,yfinance_raw_daily
2013-12-12,50.0,50.0,50.0,50.0,49.75806427001953,20000,0.0,0.0,yfinance_raw_daily
2013-12-13,50.0,50.0,50.0,50.0,49.75806427001953,1000,0.0,0.0,yfinance_raw_daily
2013-12-16,50.0,50.0,50.0,50.0,49.75806427001953,5000500,0.0,0.0,yfinance_raw_daily
2013-12-17,50.0,50.0,50.0,50.0,49.75806427001953,251000,0.0,0.0,yfinance_raw_daily
2013-12-18,50.0,50.0,50.0,50.0,49.75806427001953,251000,0.0,0.0,yfinance_raw_daily
2013-12-19,50.0,50.0,50.0,50.0,49.75806427001953,501000,0.0,0.0,yfinance_raw_daily
2013-12-20,50.0,50.0,50.0,50.0,49.75806427001953,501000,0.0,0.0,yfinance_raw_daily
2013-12-23,50.0,50.0,50.0,50.0,49.75806427001953,501000,0.0,0.0,yfinance_raw_daily
2013-12-24,50.0,50.0,50.0,50.0,49.75806427001953,501000,0.0,0.0,yfinance_raw_daily
2013-12-27,50.0,50.0,50.0,50.0,49.75806427001953,501000,0.0,0.0,yfinance_raw_daily
2013-12-30,50.0,50.0,50.0,50.0,49.75806427001953,501000,0.0,0.0,yfinance_raw_daily
2014-01-02,50.0,50.0,50.0,50.0,49.75806427001953,500,0.0,0.0,yfinance_raw_daily
2014-01-03,50.0,50.0,50.0,50.0,49.75806427001953,101000,0.0,0.0,yfinance_raw_daily
2014-01-06,50.0,50.0,50.0,50.0,49.75806427001953,5000300,0.0,0.0,yfinance_raw_daily
2014-01-07,50.0,50.0,50.0,50.0,49.75806427001953,0,0.0,0.0,yfinance_raw_daily
2014-01-08,50.0,50.0,50.0,50.0,49.75806427001953,0,0.0,0.0,yfinance_raw_daily
2014-01-09,50.0,50.0,50.0,50.0,49.75806427001953,100,0.0,0.0,yfinance_raw_daily
2014-01-10,50.0,50.0,50.0,50.0,49.75806427001953,0,0.0,0.0,yfinance_raw_daily
2014-01-13,50.0,50.0,50.0,50.0,49.75806427001953,0,0.0,0.0,yfinance_raw_daily
2014-01-15,50.0,50.0,50.0,50.0,49.75806427001953,0,0.0,0.0,yfinance_raw_daily
2014-01-16,50.0,50.0,50.0,50.0,49.75806427001953,0,0.0,0.0,yfinance_raw_daily
2014-01-17,50.0,50.0,50.0,50.0,49.75806427001953,4000,0.0,0.0,yfinance_raw_daily
2014-01-20,50.0,50.0,50.0,50.0,49.75806427001953,30000,0.0,0.0,yfinance_raw_daily
2014-01-21,50.0,50.0,50.0,50.0,49.75806427001953,0,0.0,0.0,yfinance_raw_daily
2014-01-22,50.0,50.0,50.0,50.0,49.75806427001953,0,0.0,0.0,yfinance_raw_daily
2014-01-23,50.0,50.0,50.0,50.0,49.75806427001953,5005000,0.0,0.0,yfinance_raw_daily
2014-01-24,50.0,50.0,50.0,50.0,49.75806427001953,0,0.0,0.0,yfinance_raw_daily
2014-01-27,50.0,50.0,50.0,50.0,49.75806427001953,0,0.0,0.0,yfinance_raw_daily
2014-01-28,50.0,50.0,50.0,50.0,49.75806427001953,100,0.0,0.0,yfinance_raw_daily
2014-01-29,50.0,50.0,50.0,50.0,49.75806427001953,0,0.0,0.0,yfinance_raw_daily
2014-01-30,50.0,50.0,50.0,50.0,49.75806427001953,2500000,0.0,0.0,yfinance_raw_daily
2014-02-03,50.0,50.0,50.0,50.0,49.75806427001953,1000,0.0,0.0,yfinance_raw_daily
2014-02-04,50.0,50.0,50.0,50.0,49.75806427001953,0,0.0,0.0,yfinance_raw_daily
2014-02-05,50.0,50.0,50.0,50.0,49.75806427001953,0,0.0,0.0,yfinance_raw_daily
2014-02-06,50.0,50.0,50.0,50.0,49.75806427001953,0,0.0,0.0,yfinance_raw_daily
2014-02-07,50.0,50.0,50.0,50.0,49.75806427001953,0,0.0,0.0,yfinance_raw_daily
2014-02-10,50.0,50.0,50.0,50.0,49.75806427001953,23600,0.0,0.0,yfinance_raw_daily
2014-02-11,50.0,50.0,50.0,50.0,49.75806427001953,1500,0.0,0.0,yfinance_raw_daily
2014-02-12,50.0,50.0,50.0,50.0,49.75806427001953,900,0.0,0.0,yfinance_raw_daily
2014-02-13,50.0,50.0,50.0,50.0,49.75806427001953,0,0.0,0.0,yfinance_raw_daily
2014-02-14,50.0,50.0,50.0,50.0,49.75806427001953,900,0.0,0.0,yfinance_raw_daily
2014-02-17,50.0,50.0,50.0,50.0,49.75806427001953,5000,0.0,0.0,yfinance_raw_daily
2014-02-18,50.0,50.0,50.0,50.0,49.75806427001953,1500300,0.0,0.0,yfinance_raw_daily
2014-02-19,50.0,50.0,50.0,50.0,49.75806427001953,100,0.0,0.0,yfinance_raw_daily
2014-02-20,50.0,50.0,50.0,50.0,49.75806427001953,0,0.0,0.0,yfinance_raw_daily
2014-02-21,50.0,50.0,50.0,50.0,49.75806427001953,5005800,0.0,0.0,yfinance_raw_daily
2014-02-24,50.0,50.0,50.0,50.0,49.75806427001953,560500,0.0,0.0,yfinance_raw_daily
2014-02-25,50.0,50.0,50.0,50.0,49.75806427001953,0,0.0,0.0,yfinance_raw_daily
2014-02-26,50.0,50.0,50.0,50.0,49.75806427001953,0,0.0,0.0,yfinance_raw_daily
2014-02-27,50.0,50.0,50.0,50.0,49.75806427001953,100,0.0,0.0,yfinance_raw_daily
2014-02-28,50.0,50.0,50.0,50.0,49.75806427001953,250000,0.0,0.0,yfinance_raw_daily
2014-03-03,50.0,50.0,50.0,50.0,49.75806427001953,100100,0.0,0.0,yfinance_raw_daily
2014-03-04,50.0,50.0,50.0,50.0,49.75806427001953,0,0.0,0.0,yfinance_raw_daily
2014-03-05,50.0,50.0,50.0,50.0,49.75806427001953,21100,0.0,0.0,yfinance_raw_daily
2014-03-06,50.0,50.0,50.0,50.0,49.75806427001953,0,0.0,0.0,yfinance_raw_daily
2014-03-07,50.0,50.0,50.0,50.0,49.75806427001953,600,0.0,0.0,yfinance_raw_daily
2014-03-10,50.0,50.0,50.0,50.0,49.75806427001953,3000100,0.0,0.0,yfinance_raw_daily
2014-03-11,50.0,50.0,50.0,50.0,49.75806427001953,250000,0.0,0.0,yfinance_raw_daily
2014-03-12,50.0,50.0,50.0,50.0,49.75806427001953,100,0.0,0.0,yfinance_raw_daily
2014-03-13,50.0,50.0,50.0,50.0,49.75806427001953,264600,0.0,0.0,yfinance_raw_daily
2014-03-14,50.0,50.0,50.0,50.0,49.75806427001953,19800,0.0,0.0,yfinance_raw_daily
2014-03-17,50.0,50.0,50.0,50.0,49.75806427001953,0,0.0,0.0,yfinance_raw_daily
2014-03-18,50.0,50.0,50.0,50.0,49.75806427001953,400,0.0,0.0,yfinance_raw_daily
2014-03-19,50.0,50.0,50.0,50.0,49.75806427001953,200,0.0,0.0,yfinance_raw_daily
2014-03-20,50.0,50.0,50.0,50.0,49.75806427001953,0,0.0,0.0,yfinance_raw_daily
2014-03-21,50.0,50.0,50.0,50.0,49.75806427001953,100,0.0,0.0,yfinance_raw_daily
2014-03-24,50.0,50.0,50.0,50.0,49.75806427001953,0,0.0,0.0,yfinance_raw_daily
2014-03-25,50.0,50.0,50.0,50.0,49.75806427001953,0,0.0,0.0,yfinance_raw_daily
2014-03-26,50.0,50.0,50.0,50.0,49.75806427001953,0,0.0,0.0,yfinance_raw_daily
2014-03-27,50.0,50.0,50.0,50.0,49.75806427001953,300,0.0,0.0,yfinance_raw_daily
2014-03-28,50.0,50.0,50.0,50.0,49.75806427001953,0,0.0,0.0,yfinance_raw_daily
2014-04-01,50.0,50.0,50.0,50.0,49.75806427001953,4600,0.0,0.0,yfinance_raw_daily
2014-04-02,50.0,50.0,50.0,50.0,49.75806427001953,100,0.0,0.0,yfinance_raw_daily
2014-04-03,50.0,50.0,50.0,50.0,49.75806427001953,0,0.0,0.0,yfinance_raw_daily
2014-04-04,50.0,50.0,50.0,50.0,49.75806427001953,0,0.0,0.0,yfinance_raw_daily
2014-04-07,50.0,50.0,50.0,50.0,49.75806427001953,300,0.0,0.0,yfinance_raw_daily
2014-04-08,50.0,50.0,50.0,50.0,49.75806427001953,100,0.0,0.0,yfinance_raw_daily
2014-04-09,50.0,50.0,50.0,50.0,49.75806427001953,0,0.0,0.0,yfinance_raw_daily
2014-04-10,50.0,50.0,50.0,50.0,49.75806427001953,56400,0.0,0.0,yfinance_raw_daily
2014-04-11,50.0,50.0,50.0,50.0,49.75806427001953,481500,0.0,0.0,yfinance_raw_daily
2014-04-14,50.0,50.0,50.0,50.0,49.75806427001953,2000,0.0,0.0,yfinance_raw_daily
2014-04-15,50.0,50.0,50.0,50.0,49.75806427001953,2100,0.0,0.0,yfinance_raw_daily
2014-04-16,50.0,50.0,50.0,50.0,49.75806427001953,3300,0.0,0.0,yfinance_raw_daily
2014-04-17,50.0,50.0,50.0,50.0,49.75806427001953,100,0.0,0.0,yfinance_raw_daily
2014-04-21,50.0,50.0,50.0,50.0,49.75806427001953,0,0.0,0.0,yfinance_raw_daily
2014-04-22,50.0,50.0,50.0,50.0,49.75806427001953,32000,0.0,0.0,yfinance_raw_daily
2014-04-23,50.0,50.0,50.0,50.0,49.75806427001953,50300,0.0,0.0,yfinance_raw_daily
2014-04-24,50.0,50.0,50.0,50.0,49.75806427001953,2100,0.0,0.0,yfinance_raw_daily
2014-04-25,50.0,50.0,50.0,50.0,49.75806427001953,300,0.0,0.0,yfinance_raw_daily
2014-04-28,50.0,50.0,50.0,50.0,49.75806427001953,100,0.0,0.0,yfinance_raw_daily
2014-04-29,50.0,50.0,50.0,50.0,49.75806427001953,300,0.0,0.0,yfinance_raw_daily
2014-04-30,50.0,50.0,50.0,50.0,49.75806427001953,0,0.0,0.0,yfinance_raw_daily
2014-05-02,50.0,50.0,50.0,50.0,49.75806427001953,600,0.0,0.0,yfinance_raw_daily
2014-05-05,50.0,50.0,50.0,50.0,49.75806427001953,0,0.0,0.0,yfinance_raw_daily
2014-05-06,50.0,50.0,50.0,50.0,49.75806427001953,300,0.0,0.0,yfinance_raw_daily
2014-05-07,50.0,50.0,50.0,50.0,49.75806427001953,200,0.0,0.0,yfinance_raw_daily
2014-05-08,50.0,50.0,50.0,50.0,49.75806427001953,1800,0.0,0.0,yfinance_raw_daily
2014-05-09,50.0,50.0,50.0,50.0,49.75806427001953,3000,0.0,0.0,yfinance_raw_daily
2014-05-12,50.0,50.0,50.0,50.0,49.75806427001953,0,0.0,0.0,yfinance_raw_daily
2014-05-13,50.0,50.0,50.0,50.0,49.75806427001953,0,0.0,0.0,yfinance_raw_daily
2014-05-14,50.0,50.0,50.0,50.0,49.75806427001953,2900,0.0,0.0,yfinance_raw_daily
2014-05-16,50.0,50.0,50.0,50.0,49.75806427001953,1100,0.0,0.0,yfinance_raw_daily
2014-05-19,50.0,50.0,50.0,50.0,49.75806427001953,700,0.0,0.0,yfinance_raw_daily
2014-05-20,50.0,50.0,50.0,50.0,49.75806427001953,100,0.0,0.0,yfinance_raw_daily
2014-05-21,50.0,50.0,50.0,50.0,49.75806427001953,0,0.0,0.0,yfinance_raw_daily
2014-05-22,50.0,50.0,50.0,50.0,49.75806427001953,200,0.0,0.0,yfinance_raw_daily
2014-05-23,50.0,50.0,50.0,50.0,49.75806427001953,100,0.0,0.0,yfinance_raw_daily
2014-05-26,50.0,50.0,50.0,50.0,49.75806427001953,1000,0.0,0.0,yfinance_raw_daily
2014-05-28,50.0,50.0,50.0,50.0,49.75806427001953,0,0.0,0.0,yfinance_raw_daily
2014-05-30,50.0,50.0,50.0,50.0,49.75806427001953,0,0.0,0.0,yfinance_raw_daily
2014-06-02,50.0,50.0,50.0,50.0,49.75806427001953,0,0.0,0.0,yfinance_raw_daily
2014-06-03,50.0,50.0,50.0,50.0,49.75806427001953,0,0.0,0.0,yfinance_raw_daily
2014-06-04,50.0,50.0,50.0,50.0,49.75806427001953,0,0.0,0.0,yfinance_raw_daily
2014-06-05,50.0,50.0,50.0,50.0,49.75806427001953,200,0.0,0.0,yfinance_raw_daily
2014-06-06,50.0,50.0,50.0,50.0,49.75806427001953,0,0.0,0.0,yfinance_raw_daily
2014-06-09,50.0,50.0,50.0,50.0,49.75806427001953,800,0.0,0.0,yfinance_raw_daily
2014-06-10,50.0,50.0,50.0,50.0,49.75806427001953,27600,0.0,0.0,yfinance_raw_daily
2014-06-11,50.0,50.0,50.0,50.0,49.75806427001953,0,0.0,0.0,yfinance_raw_daily
2014-06-12,50.0,50.0,50.0,50.0,49.75806427001953,0,0.0,0.0,yfinance_raw_daily
2014-06-13,50.0,50.0,50.0,50.0,49.75806427001953,0,0.0,0.0,yfinance_raw_daily
2014-06-16,50.0,50.0,50.0,50.0,49.75806427001953,0,0.0,0.0,yfinance_raw_daily
2014-06-17,50.0,50.0,50.0,50.0,49.75806427001953,0,0.0,0.0,yfinance_raw_daily
2014-06-18,50.0,50.0,50.0,50.0,49.75806427001953,0,0.0,0.0,yfinance_raw_daily
2014-06-19,50.0,50.0,50.0,50.0,49.75806427001953,0,0.0,0.0,yfinance_raw_daily
2014-06-20,50.0,50.0,50.0,50.0,49.75806427001953,0,0.0,0.0,yfinance_raw_daily
2014-06-23,50.0,50.0,50.0,50.0,49.75806427001953,0,0.0,0.0,yfinance_raw_daily
2014-06-24,50.0,50.0,50.0,50.0,49.75806427001953,100,0.0,0.0,yfinance_raw_daily
2014-06-25,50.0,50.0,50.0,50.0,49.75806427001953,0,0.0,0.0,yfinance_raw_daily
2014-06-26,50.0,50.0,50.0,50.0,49.75806427001953,0,0.0,0.0,yfinance_raw_daily
2014-06-27,50.0,50.0,50.0,50.0,49.75806427001953,0,0.0,0.0,yfinance_raw_daily
2014-06-30,50.0,50.0,50.0,50.0,49.75806427001953,52200,0.0,0.0,yfinance_raw_daily
2014-07-01,50.0,50.0,50.0,50.0,49.75806427001953,100,0.0,0.0,yfinance_raw_daily
2014-07-02,50.0,50.0,50.0,50.0,49.75806427001953,15000,0.0,0.0,yfinance_raw_daily
2014-07-03,50.0,50.0,50.0,50.0,49.75806427001953,0,0.0,0.0,yfinance_raw_daily
2014-07-04,50.0,50.0,50.0,50.0,49.75806427001953,0,0.0,0.0,yfinance_raw_daily
2014-07-07,50.0,50.0,50.0,50.0,49.75806427001953,0,0.0,0.0,yfinance_raw_daily
2014-07-08,50.0,50.0,50.0,50.0,49.75806427001953,1100,0.0,0.0,yfinance_raw_daily
2014-07-09,50.0,50.0,50.0,50.0,49.75806427001953,0,0.0,0.0,yfinance_raw_daily
2014-07-10,50.0,50.0,50.0,50.0,49.75806427001953,0,0.0,0.0,yfinance_raw_daily
2014-07-11,50.0,50.0,50.0,50.0,49.75806427001953,0,0.0,0.0,yfinance_raw_daily
2014-07-14,50.0,50.0,50.0,50.0,49.75806427001953,900,0.0,0.0,yfinance_raw_daily
2014-07-15,50.0,50.0,50.0,50.0,49.75806427001953,0,0.0,0.0,yfinance_raw_daily
2014-07-16,50.0,50.0,50.0,50.0,49.75806427001953,0,0.0,0.0,yfinance_raw_daily
2014-07-17,50.0,50.0,50.0,50.0,49.75806427001953,2000,0.0,0.0,yfinance_raw_daily
2014-07-18,50.0,50.0,50.0,50.0,49.75806427001953,0,0.0,0.0,yfinance_raw_daily
2014-07-21,50.0,50.0,50.0,50.0,49.75806427001953,0,0.0,0.0,yfinance_raw_daily
2014-07-22,50.0,50.0,50.0,50.0,49.75806427001953,1000,0.0,0.0,yfinance_raw_daily
2014-07-23,50.0,50.0,50.0,50.0,49.75806427001953,0,0.0,0.0,yfinance_raw_daily
2014-07-24,50.0,50.0,50.0,50.0,49.75806427001953,0,0.0,0.0,yfinance_raw_daily
2014-07-25,50.0,50.0,50.0,50.0,49.75806427001953,900,0.0,0.0,yfinance_raw_daily
2014-08-04,50.0,50.0,50.0,50.0,49.75806427001953,0,0.0,0.0,yfinance_raw_daily
2014-08-05,50.0,50.0,50.0,50.0,49.75806427001953,0,0.0,0.0,yfinance_raw_daily
2014-08-06,50.0,50.0,50.0,50.0,49.75806427001953,400,0.0,0.0,yfinance_raw_daily
2014-08-07,50.0,50.0,50.0,50.0,49.75806427001953,0,0.0,0.0,yfinance_raw_daily
2014-08-08,50.0,50.0,50.0,50.0,49.75806427001953,0,0.0,0.0,yfinance_raw_daily
2014-08-11,50.0,50.0,50.0,50.0,49.75806427001953,0,0.0,0.0,yfinance_raw_daily
2014-08-12,50.0,50.0,50.0,50.0,49.75806427001953,0,0.0,0.0,yfinance_raw_daily
2014-08-13,50.0,50.0,50.0,50.0,49.75806427001953,0,0.0,0.0,yfinance_raw_daily
2014-08-14,50.0,50.0,50.0,50.0,49.75806427001953,0,0.0,0.0,yfinance_raw_daily
2014-08-15,50.0,50.0,50.0,50.0,49.75806427001953,0,0.0,0.0,yfinance_raw_daily
2014-08-18,50.0,50.0,50.0,50.0,49.75806427001953,0,0.0,0.0,yfinance_raw_daily
2014-08-19,50.0,50.0,50.0,50.0,49.75806427001953,0,0.0,0.0,yfinance_raw_daily
2014-08-20,50.0,50.0,50.0,50.0,49.75806427001953,200,0.0,0.0,yfinance_raw_daily
2014-08-21,50.0,50.0,50.0,50.0,49.75806427001953,0,0.0,0.0,yfinance_raw_daily
2014-08-22,50.0,50.0,50.0,50.0,49.75806427001953,1400,0.0,0.0,yfinance_raw_daily
2014-08-25,50.0,50.0,50.0,50.0,49.75806427001953,0,0.0,0.0,yfinance_raw_daily
2014-08-26,50.0,50.0,50.0,50.0,49.75806427001953,0,0.0,0.0,yfinance_raw_daily
2014-08-27,50.0,50.0,50.0,50.0,49.75806427001953,0,0.0,0.0,yfinance_raw_daily
2014-08-28,50.0,50.0,50.0,50.0,49.75806427001953,0,0.0,0.0,yfinance_raw_daily
2014-08-29,50.0,50.0,50.0,50.0,49.75806427001953,0,0.0,0.0,yfinance_raw_daily
2014-09-01,50.0,50.0,50.0,50.0,49.75806427001953,0,0.0,0.0,yfinance_raw_daily
2014-09-02,50.0,50.0,50.0,50.0,49.75806427001953,0,0.0,0.0,yfinance_raw_daily
2014-09-03,50.0,50.0,50.0,50.0,49.75806427001953,0,0.0,0.0,yfinance_raw_daily
2014-09-04,50.0,50.0,50.0,50.0,49.75806427001953,0,0.0,0.0,yfinance_raw_daily
2014-09-05,50.0,50.0,50.0,50.0,49.75806427001953,0,0.0,0.0,yfinance_raw_daily
2014-09-08,50.0,50.0,50.0,50.0,49.75806427001953,0,0.0,0.0,yfinance_raw_daily
2014-09-09,50.0,50.0,50.0,50.0,49.75806427001953,0,0.0,0.0,yfinance_raw_daily
2014-09-10,50.0,50.0,50.0,50.0,49.75806427001953,0,0.0,0.0,yfinance_raw_daily
2014-09-11,50.0,50.0,50.0,50.0,49.75806427001953,0,0.0,0.0,yfinance_raw_daily
2014-09-12,50.0,50.0,50.0,50.0,49.75806427001953,0,0.0,0.0,yfinance_raw_daily
2014-09-15,50.0,50.0,50.0,50.0,49.75806427001953,0,0.0,0.0,yfinance_raw_daily
2014-09-16,50.0,50.0,50.0,50.0,49.75806427001953,200,0.0,0.0,yfinance_raw_daily
2014-09-17,50.0,50.0,50.0,50.0,49.75806427001953,20000,0.0,0.0,yfinance_raw_daily
2014-09-18,50.0,50.0,50.0,50.0,49.75806427001953,0,0.0,0.0,yfinance_raw_daily
2014-09-19,50.0,50.0,50.0,50.0,49.75806427001953,0,0.0,0.0,yfinance_raw_daily
2014-09-22,50.0,50.0,50.0,50.0,49.75806427001953,200,0.0,0.0,yfinance_raw_daily
2014-09-23,50.0,50.0,50.0,50.0,49.75806427001953,0,0.0,0.0,yfinance_raw_daily
2014-09-24,50.0,50.0,50.0,50.0,49.75806427001953,0,0.0,0.0,yfinance_raw_daily
2014-09-25,50.0,50.0,50.0,50.0,49.75806427001953,0,0.0,0.0,yfinance_raw_daily
2014-09-26,50.0,50.0,50.0,50.0,49.75806427001953,0,0.0,0.0,yfinance_raw_daily
2014-09-29,50.0,50.0,50.0,50.0,49.75806427001953,0,0.0,0.0,yfinance_raw_daily
2014-09-30,50.0,50.0,50.0,50.0,49.75806427001953,100,0.0,0.0,yfinance_raw_daily
2014-10-01,50.0,50.0,50.0,50.0,49.75806427001953,0,0.0,0.0,yfinance_raw_daily
2014-10-02,50.0,50.0,50.0,50.0,49.75806427001953,0,0.0,0.0,yfinance_raw_daily
2014-10-03,50.0,50.0,50.0,50.0,49.75806427001953,0,0.0,0.0,yfinance_raw_daily
2014-10-06,50.0,50.0,50.0,50.0,49.75806427001953,0,0.0,0.0,yfinance_raw_daily
2014-10-07,50.0,50.0,50.0,50.0,49.75806427001953,100,0.0,0.0,yfinance_raw_daily
2014-10-08,50.0,50.0,50.0,50.0,49.75806427001953,0,0.0,0.0,yfinance_raw_daily
2014-10-09,50.0,50.0,50.0,50.0,49.75806427001953,0,0.0,0.0,yfinance_raw_daily
2014-10-10,50.0,50.0,50.0,50.0,49.75806427001953,0,0.0,0.0,yfinance_raw_daily
2014-10-13,50.0,50.0,50.0,50.0,49.75806427001953,0,0.0,0.0,yfinance_raw_daily
2014-10-14,50.0,50.0,50.0,50.0,49.75806427001953,0,0.0,0.0,yfinance_raw_daily
2014-10-15,50.0,50.0,50.0,50.0,49.75806427001953,0,0.0,0.0,yfinance_raw_daily
2014-10-16,50.0,50.0,50.0,50.0,49.75806427001953,25600,0.0,0.0,yfinance_raw_daily
2014-10-17,50.0,50.0,50.0,50.0,49.75806427001953,0,0.0,0.0,yfinance_raw_daily
2014-10-20,50.0,50.0,50.0,50.0,49.75806427001953,0,0.0,0.0,yfinance_raw_daily
2014-10-21,50.0,50.0,50.0,50.0,49.75806427001953,100,0.0,0.0,yfinance_raw_daily
2014-10-22,50.0,50.0,50.0,50.0,49.75806427001953,0,0.0,0.0,yfinance_raw_daily
2014-10-23,50.0,50.0,50.0,50.0,49.75806427001953,100,0.0,0.0,yfinance_raw_daily
2014-10-24,50.0,50.0,50.0,50.0,49.75806427001953,0,0.0,0.0,yfinance_raw_daily
2014-10-27,50.0,50.0,50.0,50.0,49.75806427001953,0,0.0,0.0,yfinance_raw_daily
2014-10-28,50.0,50.0,50.0,50.0,49.75806427001953,148000,0.0,0.0,yfinance_raw_daily
2014-10-29,50.0,50.0,50.0,50.0,49.75806427001953,100,0.0,0.0,yfinance_raw_daily
2014-10-30,50.0,50.0,50.0,50.0,49.75806427001953,5700,0.0,0.0,yfinance_raw_daily
2014-10-31,50.0,50.0,50.0,50.0,49.75806427001953,16500,0.0,0.0,yfinance_raw_daily
2014-11-03,50.0,50.0,50.0,50.0,49.75806427001953,400,0.0,0.0,yfinance_raw_daily
2014-11-04,50.0,50.0,50.0,50.0,49.75806427001953,100,0.0,0.0,yfinance_raw_daily
2014-11-05,50.0,50.0,50.0,50.0,49.75806427001953,200,0.0,0.0,yfinance_raw_daily
2014-11-06,50.0,50.0,50.0,50.0,49.75806427001953,600,0.0,0.0,yfinance_raw_daily
2014-11-07,50.0,50.0,50.0,50.0,49.75806427001953,0,0.0,0.0,yfinance_raw_daily
2014-11-10,50.0,50.0,50.0,50.0,49.75806427001953,100,0.0,0.0,yfinance_raw_daily
2014-11-11,50.0,50.0,50.0,50.0,49.75806427001953,200,0.0,0.0,yfinance_raw_daily
2014-11-12,50.0,50.0,50.0,50.0,49.75806427001953,0,0.0,0.0,yfinance_raw_daily
2014-11-13,50.0,50.0,50.0,50.0,49.75806427001953,0,0.0,0.0,yfinance_raw_daily
2014-11-14,50.0,50.0,50.0,50.0,49.75806427001953,300,0.0,0.0,yfinance_raw_daily
2014-11-17,50.0,50.0,50.0,50.0,49.75806427001953,100,0.0,0.0,yfinance_raw_daily
2014-11-18,50.0,50.0,50.0,50.0,49.75806427001953,100,0.0,0.0,yfinance_raw_daily
2014-11-19,50.0,50.0,50.0,50.0,49.75806427001953,100,0.0,0.0,yfinance_raw_daily
2014-11-20,50.0,50.0,50.0,50.0,49.75806427001953,0,0.0,0.0,yfinance_raw_daily
2014-11-21,50.0,50.0,50.0,50.0,49.75806427001953,300,0.0,0.0,yfinance_raw_daily
2014-11-24,50.0,50.0,50.0,50.0,49.75806427001953,52600,0.0,0.0,yfinance_raw_daily
2014-11-25,50.0,50.0,50.0,50.0,49.75806427001953,100,0.0,0.0,yfinance_raw_daily
2014-11-26,50.0,50.0,50.0,50.0,49.75806427001953,100,0.0,0.0,yfinance_raw_daily
2014-11-27,50.0,50.0,50.0,50.0,49.75806427001953,200,0.0,0.0,yfinance_raw_daily
2014-11-28,50.0,50.0,50.0,50.0,49.75806427001953,200,0.0,0.0,yfinance_raw_daily
2014-12-01,50.0,50.0,50.0,50.0,49.75806427001953,210500,0.0,0.0,yfinance_raw_daily
2014-12-02,50.0,50.0,50.0,50.0,49.75806427001953,7200,0.0,0.0,yfinance_raw_daily
2014-12-03,50.0,50.0,50.0,50.0,49.75806427001953,2200,0.0,0.0,yfinance_raw_daily
2014-12-04,50.0,50.0,50.0,50.0,49.75806427001953,200,0.0,0.0,yfinance_raw_daily
2014-12-05,50.0,50.0,50.0,50.0,49.75806427001953,200,0.0,0.0,yfinance_raw_daily
2014-12-08,50.0,50.0,50.0,50.0,49.75806427001953,200,0.0,0.0,yfinance_raw_daily
2014-12-09,50.0,50.0,50.0,50.0,49.75806427001953,20300,0.0,0.0,yfinance_raw_daily
2014-12-10,50.0,50.0,50.0,50.0,49.75806427001953,1200,0.0,0.0,yfinance_raw_daily
2014-12-11,50.0,50.0,50.0,50.0,49.75806427001953,3000,0.0,0.0,yfinance_raw_daily
2014-12-12,50.0,50.0,50.0,50.0,49.75806427001953,0,0.0,0.0,yfinance_raw_daily
2014-12-15,50.0,50.0,50.0,50.0,49.75806427001953,200,0.0,0.0,yfinance_raw_daily
2014-12-16,50.0,50.0,50.0,50.0,49.75806427001953,1000,0.0,0.0,yfinance_raw_daily
2014-12-17,50.0,50.0,50.0,50.0,49.75806427001953,300,0.0,0.0,yfinance_raw_daily
2014-12-18,50.0,50.0,50.0,50.0,49.75806427001953,1400,0.0,0.0,yfinance_raw_daily
2014-12-19,50.0,50.0,50.0,50.0,49.75806427001953,127097400,0.0,0.0,yfinance_raw_daily
2014-12-22,50.0,50.0,50.0,50.0,49.75806427001953,978700,0.0,0.0,yfinance_raw_daily
2014-12-23,50.0,50.0,50.0,50.0,49.75806427001953,100,0.0,0.0,yfinance_raw_daily
2014-12-24,50.0,50.0,50.0,50.0,49.75806427001953,100,0.0,0.0,yfinance_raw_daily
2014-12-29,50.0,50.0,50.0,50.0,49.75806427001953,21100,0.0,0.0,yfinance_raw_daily
2014-12-30,50.0,50.0,50.0,50.0,49.75806427001953,0,0.0,0.0,yfinance_raw_daily
2015-01-02,50.0,50.0,50.0,50.0,49.75806427001953,7000,0.0,0.0,yfinance_raw_daily
2015-01-05,50.0,50.0,50.0,50.0,49.75806427001953,6000,0.0,0.0,yfinance_raw_daily
2015-01-06,50.0,50.0,50.0,50.0,49.75806427001953,200,0.0,0.0,yfinance_raw_daily
2015-01-07,50.0,50.0,50.0,50.0,49.75806427001953,100,0.0,0.0,yfinance_raw_daily
2015-01-08,50.0,50.0,50.0,50.0,49.75806427001953,203300,0.0,0.0,yfinance_raw_daily
2015-01-09,50.0,50.0,50.0,50.0,49.75806427001953,1019500,0.0,0.0,yfinance_raw_daily
2015-01-12,50.0,50.0,50.0,50.0,49.75806427001953,3300,0.0,0.0,yfinance_raw_daily
2015-01-13,50.0,50.0,50.0,50.0,49.75806427001953,900,0.0,0.0,yfinance_raw_daily
2015-01-14,50.0,50.0,50.0,50.0,49.75806427001953,300,0.0,0.0,yfinance_raw_daily
2015-01-15,50.0,50.0,50.0,50.0,49.75806427001953,23100,0.0,0.0,yfinance_raw_daily
2015-01-16,50.0,50.0,50.0,50.0,49.75806427001953,1700,0.0,0.0,yfinance_raw_daily
2015-01-19,50.0,50.0,50.0,50.0,49.75806427001953,20500,0.0,0.0,yfinance_raw_daily
2015-01-20,50.0,50.0,50.0,50.0,49.75806427001953,700,0.0,0.0,yfinance_raw_daily
2015-01-21,50.0,50.0,50.0,50.0,49.75806427001953,300,0.0,0.0,yfinance_raw_daily
2015-01-22,50.0,50.0,50.0,50.0,49.75806427001953,300,0.0,0.0,yfinance_raw_daily
2015-01-23,50.0,50.0,50.0,50.0,49.75806427001953,400,0.0,0.0,yfinance_raw_daily
2015-01-26,50.0,50.0,50.0,50.0,49.75806427001953,200,0.0,0.0,yfinance_raw_daily
2015-01-27,50.0,50.0,50.0,50.0,49.75806427001953,4200,0.0,0.0,yfinance_raw_daily
2015-01-28,50.0,50.0,50.0,50.0,49.75806427001953,300,0.0,0.0,yfinance_raw_daily
2015-01-29,50.0,50.0,50.0,50.0,49.75806427001953,700,0.0,0.0,yfinance_raw_daily
2015-01-30,50.0,50.0,50.0,50.0,49.75806427001953,1300,0.0,0.0,yfinance_raw_daily
2015-02-02,50.0,50.0,50.0,50.0,49.75806427001953,33300,0.0,0.0,yfinance_raw_daily
2015-02-03,50.0,50.0,50.0,50.0,49.75806427001953,800,0.0,0.0,yfinance_raw_daily
2015-02-04,50.0,50.0,50.0,50.0,49.75806427001953,200,0.0,0.0,yfinance_raw_daily
2015-02-05,50.0,50.0,50.0,50.0,49.75806427001953,200,0.0,0.0,yfinance_raw_daily
2015-02-06,50.0,50.0,50.0,50.0,49.75806427001953,200,0.0,0.0,yfinance_raw_daily
2015-02-09,50.0,50.0,50.0,50.0,49.75806427001953,300,0.0,0.0,yfinance_raw_daily
2015-02-10,50.0,50.0,50.0,50.0,49.75806427001953,35700,0.0,0.0,yfinance_raw_daily
2015-02-11,50.0,50.0,50.0,50.0,49.75806427001953,200,0.0,0.0,yfinance_raw_daily
2015-02-12,50.0,50.0,50.0,50.0,49.75806427001953,200,0.0,0.0,yfinance_raw_daily
2015-02-13,50.0,50.0,50.0,50.0,49.75806427001953,5700,0.0,0.0,yfinance_raw_daily
2015-02-16,50.0,50.0,50.0,50.0,49.75806427001953,0,0.0,0.0,yfinance_raw_daily
2015-02-17,50.0,50.0,50.0,50.0,49.75806427001953,200,0.0,0.0,yfinance_raw_daily
2015-02-18,50.0,50.0,50.0,50.0,49.75806427001953,600,0.0,0.0,yfinance_raw_daily
2015-02-20,50.0,50.0,50.0,50.0,49.75806427001953,0,0.0,0.0,yfinance_raw_daily
2015-02-23,50.0,50.0,50.0,50.0,49.75806427001953,200,0.0,0.0,yfinance_raw_daily
2015-02-24,50.0,50.0,50.0,50.0,49.75806427001953,800,0.0,0.0,yfinance_raw_daily
2015-02-25,50.0,50.0,50.0,50.0,49.75806427001953,378200,0.0,0.0,yfinance_raw_daily
2015-02-26,50.0,50.0,50.0,50.0,49.75806427001953,1700,0.0,0.0,yfinance_raw_daily
2015-02-27,50.0,50.0,50.0,50.0,49.75806427001953,0,0.0,0.0,yfinance_raw_daily
2015-03-02,50.0,50.0,50.0,50.0,49.75806427001953,2600,0.0,0.0,yfinance_raw_daily
2015-03-03,50.0,50.0,50.0,50.0,49.75806427001953,1700,0.0,0.0,yfinance_raw_daily
2015-03-04,50.0,50.0,50.0,50.0,49.75806427001953,3300,0.0,0.0,yfinance_raw_daily
2015-03-05,50.0,50.0,50.0,50.0,49.75806427001953,1100,0.0,0.0,yfinance_raw_daily
2015-03-06,50.0,50.0,50.0,50.0,49.75806427001953,2100,0.0,0.0,yfinance_raw_daily
2015-03-09,50.0,50.0,50.0,50.0,49.75806427001953,100,0.0,0.0,yfinance_raw_daily
2015-03-10,50.0,50.0,50.0,50.0,49.75806427001953,500,0.0,0.0,yfinance_raw_daily
2015-03-11,50.0,50.0,50.0,50.0,49.75806427001953,700,0.0,0.0,yfinance_raw_daily
2015-03-12,50.0,50.0,50.0,50.0,49.75806427001953,5400,0.0,0.0,yfinance_raw_daily
2015-03-13,50.0,50.0,50.0,50.0,49.75806427001953,1000,0.0,0.0,yfinance_raw_daily
2015-03-16,50.0,50.0,50.0,50.0,49.75806427001953,700,0.0,0.0,yfinance_raw_daily
2015-03-17,50.0,50.0,50.0,50.0,49.75806427001953,50300,0.0,0.0,yfinance_raw_daily
2015-03-18,50.0,50.0,50.0,50.0,49.75806427001953,800,0.0,0.0,yfinance_raw_daily
2015-03-19,50.0,50.0,50.0,50.0,49.75806427001953,200,0.0,0.0,yfinance_raw_daily
2015-03-20,50.0,50.0,50.0,50.0,49.75806427001953,100,0.0,0.0,yfinance_raw_daily
2015-03-23,50.0,50.0,50.0,50.0,49.75806427001953,5018300,0.0,0.0,yfinance_raw_daily
2015-03-24,50.0,50.0,50.0,50.0,49.75806427001953,13100,0.0,0.0,yfinance_raw_daily
2015-03-25,50.0,50.0,50.0,50.0,49.75806427001953,200,0.0,0.0,yfinance_raw_daily
2015-03-26,50.0,50.0,50.0,50.0,49.75806427001953,100,0.0,0.0,yfinance_raw_daily
2015-03-27,50.0,50.0,50.0,50.0,49.75806427001953,20300,0.0,0.0,yfinance_raw_daily
2015-03-30,50.0,50.0,50.0,50.0,49.75806427001953,46500,0.0,0.0,yfinance_raw_daily
2015-03-31,50.0,50.0,50.0,50.0,49.75806427001953,100,0.0,0.0,yfinance_raw_daily
2015-04-01,50.0,50.0,50.0,50.0,49.75806427001953,100,0.0,0.0,yfinance_raw_daily
2015-04-02,50.0,50.0,50.0,50.0,49.75806427001953,4000,0.0,0.0,yfinance_raw_daily
2015-04-06,50.0,50.0,50.0,50.0,49.75806427001953,13800,0.0,0.0,yfinance_raw_daily
2015-04-07,50.0,50.0,50.0,50.0,49.75806427001953,100,0.0,0.0,yfinance_raw_daily
2015-04-08,50.0,50.0,50.0,50.0,49.75806427001953,1700,0.0,0.0,yfinance_raw_daily
2015-04-09,50.0,50.0,50.0,50.0,49.75806427001953,8000,0.0,0.0,yfinance_raw_daily
2015-04-10,50.0,50.0,50.0,50.0,49.75806427001953,1200,0.0,0.0,yfinance_raw_daily
2015-04-13,50.0,50.0,50.0,50.0,49.75806427001953,1600,0.0,0.0,yfinance_raw_daily
2015-04-14,50.0,50.0,50.0,50.0,49.75806427001953,1100,0.0,0.0,yfinance_raw_daily
2015-04-15,50.0,50.0,50.0,50.0,49.75806427001953,800,0.0,0.0,yfinance_raw_daily
2015-04-16,50.0,50.0,50.0,50.0,49.75806427001953,7000,0.0,0.0,yfinance_raw_daily
2015-04-17,50.0,50.0,50.0,50.0,49.75806427001953,4800,0.0,0.0,yfinance_raw_daily
2015-04-20,50.0,50.0,50.0,50.0,49.75806427001953,1000,0.0,0.0,yfinance_raw_daily
2015-04-21,50.0,50.0,50.0,50.0,49.75806427001953,2200,0.0,0.0,yfinance_raw_daily
2015-04-22,50.0,50.0,50.0,50.0,49.75806427001953,100,0.0,0.0,yfinance_raw_daily
2015-04-23,50.0,50.0,50.0,50.0,49.75806427001953,100,0.0,0.0,yfinance_raw_daily
2015-04-24,50.0,50.0,50.0,50.0,49.75806427001953,3200,0.0,0.0,yfinance_raw_daily
2015-04-27,50.0,50.0,50.0,50.0,49.75806427001953,1500,0.0,0.0,yfinance_raw_daily
2015-04-28,50.0,50.0,50.0,50.0,49.75806427001953,100,0.0,0.0,yfinance_raw_daily
2015-04-29,50.0,50.0,50.0,50.0,49.75806427001953,100,0.0,0.0,yfinance_raw_daily
2015-04-30,50.0,50.0,50.0,50.0,49.75806427001953,0,0.0,0.0,yfinance_raw_daily
2015-05-04,50.0,50.0,50.0,50.0,49.75806427001953,200,0.0,0.0,yfinance_raw_daily
2015-05-05,50.0,50.0,50.0,50.0,49.75806427001953,200,0.0,0.0,yfinance_raw_daily
2015-05-06,50.0,50.0,50.0,50.0,49.75806427001953,2300,0.0,0.0,yfinance_raw_daily
2015-05-07,50.0,50.0,50.0,50.0,49.75806427001953,68000,0.0,0.0,yfinance_raw_daily
2015-05-08,50.0,50.0,50.0,50.0,49.75806427001953,16800,0.0,0.0,yfinance_raw_daily
2015-05-11,50.0,50.0,50.0,50.0,49.75806427001953,7400,0.0,0.0,yfinance_raw_daily
2015-05-12,50.0,50.0,50.0,50.0,49.75806427001953,5000,0.0,0.0,yfinance_raw_daily
2015-05-13,50.0,50.0,50.0,50.0,49.75806427001953,3100,0.0,0.0,yfinance_raw_daily
2015-05-15,50.0,50.0,50.0,50.0,49.75806427001953,100,0.0,0.0,yfinance_raw_daily
2015-05-18,50.0,50.0,50.0,50.0,49.75806427001953,100,0.0,0.0,yfinance_raw_daily
2015-05-19,50.0,50.0,50.0,50.0,49.75806427001953,9100,0.0,0.0,yfinance_raw_daily
2015-05-20,50.0,50.0,50.0,50.0,49.75806427001953,200,0.0,0.0,yfinance_raw_daily
2015-05-21,50.0,50.0,50.0,50.0,49.75806427001953,100,0.0,0.0,yfinance_raw_daily
2015-05-22,50.0,50.0,50.0,50.0,49.75806427001953,100,0.0,0.0,yfinance_raw_daily
2015-05-25,50.0,50.0,50.0,50.0,49.75806427001953,200,0.0,0.0,yfinance_raw_daily
2015-05-26,50.0,50.0,50.0,50.0,49.75806427001953,0,0.0,0.0,yfinance_raw_daily
2015-05-27,50.0,50.0,50.0,50.0,49.75806427001953,0,0.0,0.0,yfinance_raw_daily
2015-05-28,50.0,50.0,50.0,50.0,49.75806427001953,1600,0.0,0.0,yfinance_raw_daily
2015-05-29,50.0,50.0,50.0,50.0,49.75806427001953,0,0.0,0.0,yfinance_raw_daily
2015-06-01,50.0,50.0,50.0,50.0,49.75806427001953,100,0.0,0.0,yfinance_raw_daily
2015-06-03,50.0,50.0,50.0,50.0,49.75806427001953,0,0.0,0.0,yfinance_raw_daily
2015-06-04,50.0,50.0,50.0,50.0,49.75806427001953,0,0.0,0.0,yfinance_raw_daily
2015-06-05,50.0,50.0,50.0,50.0,49.75806427001953,0,0.0,0.0,yfinance_raw_daily
2015-06-08,50.0,50.0,50.0,50.0,49.75806427001953,5000,0.0,0.0,yfinance_raw_daily
2015-06-09,50.0,50.0,50.0,50.0,49.75806427001953,0,0.0,0.0,yfinance_raw_daily
2015-06-10,50.0,50.0,50.0,50.0,49.75806427001953,1100,0.0,0.0,yfinance_raw_daily
2015-06-11,50.0,50.0,50.0,50.0,49.75806427001953,0,0.0,0.0,yfinance_raw_daily
2015-06-12,50.0,50.0,50.0,50.0,49.75806427001953,400,0.0,0.0,yfinance_raw_daily
2015-06-15,50.0,50.0,50.0,50.0,49.75806427001953,0,0.0,0.0,yfinance_raw_daily
2015-06-16,50.0,50.0,50.0,50.0,49.75806427001953,0,0.0,0.0,yfinance_raw_daily
2015-06-17,50.0,50.0,50.0,50.0,49.75806427001953,0,0.0,0.0,yfinance_raw_daily
2015-06-18,50.0,50.0,50.0,50.0,49.75806427001953,0,0.0,0.0,yfinance_raw_daily
2015-06-19,50.0,50.0,50.0,50.0,49.75806427001953,0,0.0,0.0,yfinance_raw_daily
2015-06-22,50.0,50.0,50.0,50.0,49.75806427001953,0,0.0,0.0,yfinance_raw_daily
2015-06-23,50.0,50.0,50.0,50.0,49.75806427001953,0,0.0,0.0,yfinance_raw_daily
2015-06-24,50.0,50.0,50.0,50.0,49.75806427001953,100,0.0,0.0,yfinance_raw_daily
2015-06-25,50.0,50.0,50.0,50.0,49.75806427001953,0,0.0,0.0,yfinance_raw_daily
2015-06-26,50.0,50.0,50.0,50.0,49.75806427001953,0,0.0,0.0,yfinance_raw_daily
2015-06-29,50.0,50.0,50.0,50.0,49.75806427001953,0,0.0,0.0,yfinance_raw_daily
2015-06-30,50.0,50.0,50.0,50.0,49.75806427001953,0,0.0,0.0,yfinance_raw_daily
2015-07-01,50.0,50.0,50.0,50.0,49.75806427001953,100,0.0,0.0,yfinance_raw_daily
2015-07-02,50.0,50.0,50.0,50.0,49.75806427001953,100,0.0,0.0,yfinance_raw_daily
2015-07-03,50.0,50.0,50.0,50.0,49.75806427001953,0,0.0,0.0,yfinance_raw_daily
2015-07-06,50.0,50.0,50.0,50.0,49.75806427001953,0,0.0,0.0,yfinance_raw_daily
2015-07-07,50.0,50.0,50.0,50.0,49.75806427001953,0,0.0,0.0,yfinance_raw_daily
2015-07-08,50.0,50.0,50.0,50.0,49.75806427001953,315100,0.0,0.0,yfinance_raw_daily
2015-07-09,50.0,50.0,50.0,50.0,49.75806427001953,100,0.0,0.0,yfinance_raw_daily
2015-07-10,50.0,50.0,50.0,50.0,49.75806427001953,0,0.0,0.0,yfinance_raw_daily
2015-07-13,50.0,50.0,50.0,50.0,49.75806427001953,100,0.0,0.0,yfinance_raw_daily
2015-07-14,50.0,50.0,50.0,50.0,49.75806427001953,0,0.0,0.0,yfinance_raw_daily
2015-07-15,50.0,50.0,50.0,50.0,49.75806427001953,0,0.0,0.0,yfinance_raw_daily
2015-07-22,50.0,50.0,50.0,50.0,49.75806427001953,0,0.0,0.0,yfinance_raw_daily
2015-07-23,50.0,50.0,50.0,50.0,49.75806427001953,0,0.0,0.0,yfinance_raw_daily
2015-07-24,50.0,50.0,50.0,50.0,49.75806427001953,0,0.0,0.0,yfinance_raw_daily
2015-07-27,50.0,50.0,50.0,50.0,49.75806427001953,0,0.0,0.0,yfinance_raw_daily
2015-07-28,50.0,50.0,50.0,50.0,49.75806427001953,0,0.0,0.0,yfinance_raw_daily
2015-07-29,50.0,50.0,50.0,50.0,49.75806427001953,10000,0.0,0.0,yfinance_raw_daily
2015-07-30,50.0,50.0,50.0,50.0,49.75806427001953,3100,0.0,0.0,yfinance_raw_daily
2015-07-31,50.0,50.0,50.0,50.0,49.75806427001953,0,0.0,0.0,yfinance_raw_daily
2015-08-03,50.0,50.0,50.0,50.0,49.75806427001953,0,0.0,0.0,yfinance_raw_daily
2015-08-04,50.0,50.0,50.0,50.0,49.75806427001953,0,0.0,0.0,yfinance_raw_daily
2015-08-05,50.0,50.0,50.0,50.0,49.75806427001953,0,0.0,0.0,yfinance_raw_daily
2015-08-06,50.0,50.0,50.0,50.0,49.75806427001953,0,0.0,0.0,yfinance_raw_daily
2015-08-07,50.0,50.0,50.0,50.0,49.75806427001953,0,0.0,0.0,yfinance_raw_daily
2015-08-10,50.0,50.0,50.0,50.0,49.75806427001953,0,0.0,0.0,yfinance_raw_daily
2015-08-11,50.0,50.0,50.0,50.0,49.75806427001953,100,0.0,0.0,yfinance_raw_daily
2015-08-12,50.0,50.0,50.0,50.0,49.75806427001953,0,0.0,0.0,yfinance_raw_daily
2015-08-13,50.0,50.0,50.0,50.0,49.75806427001953,0,0.0,0.0,yfinance_raw_daily
2015-08-14,50.0,50.0,50.0,50.0,49.75806427001953,0,0.0,0.0,yfinance_raw_daily
2015-08-18,50.0,50.0,50.0,50.0,49.75806427001953,0,0.0,0.0,yfinance_raw_daily
2015-08-19,50.0,50.0,50.0,50.0,49.75806427001953,0,0.0,0.0,yfinance_raw_daily
2015-08-20,50.0,50.0,50.0,50.0,49.75806427001953,0,0.0,0.0,yfinance_raw_daily
2015-08-21,50.0,50.0,50.0,50.0,49.75806427001953,0,0.0,0.0,yfinance_raw_daily
2015-08-24,50.0,50.0,50.0,50.0,49.75806427001953,400,0.0,0.0,yfinance_raw_daily
2015-08-25,50.0,50.0,50.0,50.0,49.75806427001953,0,0.0,0.0,yfinance_raw_daily
2015-08-26,50.0,50.0,50.0,50.0,49.75806427001953,30000,0.0,0.0,yfinance_raw_daily
2015-08-27,50.0,50.0,50.0,50.0,49.75806427001953,0,0.0,0.0,yfinance_raw_daily
2015-08-28,50.0,50.0,50.0,50.0,49.75806427001953,0,0.0,0.0,yfinance_raw_daily
2015-08-31,50.0,50.0,50.0,50.0,49.75806427001953,0,0.0,0.0,yfinance_raw_daily
2015-09-01,50.0,50.0,50.0,50.0,49.75806427001953,0,0.0,0.0,yfinance_raw_daily
2015-09-02,50.0,50.0,50.0,50.0,49.75806427001953,0,0.0,0.0,yfinance_raw_daily
2015-09-03,50.0,50.0,50.0,50.0,49.75806427001953,0,0.0,0.0,yfinance_raw_daily
2015-09-04,50.0,50.0,50.0,50.0,49.75806427001953,100,0.0,0.0,yfinance_raw_daily
2015-09-07,50.0,50.0,50.0,50.0,49.75806427001953,0,0.0,0.0,yfinance_raw_daily
2015-09-08,50.0,50.0,50.0,50.0,49.75806427001953,0,0.0,0.0,yfinance_raw_daily
2015-09-09,50.0,50.0,50.0,50.0,49.75806427001953,0,0.0,0.0,yfinance_raw_daily
2015-09-10,50.0,50.0,50.0,50.0,49.75806427001953,0,0.0,0.0,yfinance_raw_daily
2015-09-11,50.0,50.0,50.0,50.0,49.75806427001953,0,0.0,0.0,yfinance_raw_daily
2015-09-14,50.0,50.0,50.0,50.0,49.75806427001953,0,0.0,0.0,yfinance_raw_daily
2015-09-15,50.0,50.0,50.0,50.0,49.75806427001953,0,0.0,0.0,yfinance_raw_daily
2015-09-16,50.0,50.0,50.0,50.0,49.75806427001953,100,0.0,0.0,yfinance_raw_daily
2015-09-17,50.0,50.0,50.0,50.0,49.75806427001953,0,0.0,0.0,yfinance_raw_daily
2015-09-18,50.0,50.0,50.0,50.0,49.75806427001953,0,0.0,0.0,yfinance_raw_daily
2015-09-21,50.0,50.0,50.0,50.0,49.75806427001953,0,0.0,0.0,yfinance_raw_daily
2015-09-22,50.0,50.0,50.0,50.0,49.75806427001953,0,0.0,0.0,yfinance_raw_daily
2015-09-23,50.0,50.0,50.0,50.0,49.75806427001953,0,0.0,0.0,yfinance_raw_daily
2015-09-25,50.0,50.0,50.0,50.0,49.75806427001953,0,0.0,0.0,yfinance_raw_daily
2015-09-28,50.0,50.0,50.0,50.0,49.75806427001953,0,0.0,0.0,yfinance_raw_daily
2015-09-29,50.0,50.0,50.0,50.0,49.75806427001953,100,0.0,0.0,yfinance_raw_daily
2015-09-30,50.0,50.0,50.0,50.0,49.75806427001953,0,0.0,0.0,yfinance_raw_daily
2015-10-01,50.0,50.0,50.0,50.0,49.75806427001953,0,0.0,0.0,yfinance_raw_daily
2015-10-02,50.0,50.0,50.0,50.0,49.75806427001953,0,0.0,0.0,yfinance_raw_daily
2015-10-05,50.0,50.0,50.0,50.0,49.75806427001953,200,0.0,0.0,yfinance_raw_daily
2015-10-06,50.0,50.0,50.0,50.0,49.75806427001953,100,0.0,0.0,yfinance_raw_daily
2015-10-07,50.0,50.0,50.0,50.0,49.75806427001953,100,0.0,0.0,yfinance_raw_daily
2015-10-08,50.0,50.0,50.0,50.0,49.75806427001953,0,0.0,0.0,yfinance_raw_daily
2015-10-09,50.0,50.0,50.0,50.0,49.75806427001953,109000,0.0,0.0,yfinance_raw_daily
2015-10-12,50.0,50.0,50.0,50.0,49.75806427001953,0,0.0,0.0,yfinance_raw_daily
2015-10-13,50.0,50.0,50.0,50.0,49.75806427001953,0,0.0,0.0,yfinance_raw_daily
2015-10-15,50.0,50.0,50.0,50.0,49.75806427001953,1600,0.0,0.0,yfinance_raw_daily
2015-10-16,50.0,50.0,50.0,50.0,49.75806427001953,28000,0.0,0.0,yfinance_raw_daily
2015-10-19,50.0,50.0,50.0,50.0,49.75806427001953,500,0.0,0.0,yfinance_raw_daily
2015-10-20,50.0,50.0,50.0,50.0,49.75806427001953,0,0.0,0.0,yfinance_raw_daily
2015-10-21,50.0,50.0,50.0,50.0,49.75806427001953,300,0.0,0.0,yfinance_raw_daily
2015-10-22,50.0,50.0,50.0,50.0,49.75806427001953,200,0.0,0.0,yfinance_raw_daily
2015-10-23,50.0,50.0,50.0,50.0,49.75806427001953,1000,0.0,0.0,yfinance_raw_daily
2015-10-26,50.0,50.0,50.0,50.0,49.75806427001953,2500,0.0,0.0,yfinance_raw_daily
2015-10-27,50.0,50.0,50.0,50.0,49.75806427001953,0,0.0,0.0,yfinance_raw_daily
2015-10-28,50.0,50.0,50.0,50.0,49.75806427001953,0,0.0,0.0,yfinance_raw_daily
2015-10-29,50.0,50.0,50.0,50.0,49.75806427001953,0,0.0,0.0,yfinance_raw_daily
2015-10-30,50.0,50.0,50.0,50.0,49.75806427001953,3600,0.0,0.0,yfinance_raw_daily
2015-11-02,50.0,50.0,50.0,50.0,49.75806427001953,0,0.0,0.0,yfinance_raw_daily
2015-11-03,50.0,50.0,50.0,50.0,49.75806427001953,0,0.0,0.0,yfinance_raw_daily
2015-11-04,50.0,50.0,50.0,50.0,49.75806427001953,5000,0.0,0.0,yfinance_raw_daily
2015-11-05,50.0,50.0,50.0,50.0,49.75806427001953,0,0.0,0.0,yfinance_raw_daily
2015-11-06,50.0,50.0,50.0,50.0,49.75806427001953,0,0.0,0.0,yfinance_raw_daily
2015-11-09,50.0,50.0,50.0,50.0,49.75806427001953,10000,0.0,0.0,yfinance_raw_daily
2015-11-10,50.0,50.0,50.0,50.0,49.75806427001953,0,0.0,0.0,yfinance_raw_daily
2015-11-11,50.0,50.0,50.0,50.0,49.75806427001953,0,0.0,0.0,yfinance_raw_daily
2015-11-12,50.0,50.0,50.0,50.0,49.75806427001953,0,0.0,0.0,yfinance_raw_daily
2015-11-13,50.0,50.0,50.0,50.0,49.75806427001953,0,0.0,0.0,yfinance_raw_daily
2015-11-16,50.0,50.0,50.0,50.0,49.75806427001953,0,0.0,0.0,yfinance_raw_daily
2015-11-17,50.0,50.0,50.0,50.0,49.75806427001953,0,0.0,0.0,yfinance_raw_daily
2015-11-18,50.0,50.0,50.0,50.0,49.75806427001953,0,0.0,0.0,yfinance_raw_daily
2015-11-19,50.0,50.0,50.0,50.0,49.75806427001953,50000,0.0,0.0,yfinance_raw_daily
2015-11-20,50.0,50.0,50.0,50.0,49.75806427001953,0,0.0,0.0,yfinance_raw_daily
2015-11-23,50.0,50.0,50.0,50.0,49.75806427001953,0,0.0,0.0,yfinance_raw_daily
2015-11-24,50.0,50.0,50.0,50.0,49.75806427001953,0,0.0,0.0,yfinance_raw_daily
2015-11-25,50.0,50.0,50.0,50.0,49.75806427001953,0,0.0,0.0,yfinance_raw_daily
2015-11-26,50.0,50.0,50.0,50.0,49.75806427001953,0,0.0,0.0,yfinance_raw_daily
2015-11-27,50.0,50.0,50.0,50.0,49.75806427001953,0,0.0,0.0,yfinance_raw_daily
2015-11-30,50.0,50.0,50.0,50.0,49.75806427001953,0,0.0,0.0,yfinance_raw_daily
2015-12-01,50.0,50.0,50.0,50.0,49.75806427001953,0,0.0,0.0,yfinance_raw_daily
2015-12-02,50.0,50.0,50.0,50.0,49.75806427001953,0,0.0,0.0,yfinance_raw_daily
2015-12-03,50.0,50.0,50.0,50.0,49.75806427001953,0,0.0,0.0,yfinance_raw_daily
2015-12-04,50.0,50.0,50.0,50.0,49.75806427001953,0,0.0,0.0,yfinance_raw_daily
2015-12-07,50.0,50.0,50.0,50.0,49.75806427001953,0,0.0,0.0,yfinance_raw_daily
2015-12-08,50.0,50.0,50.0,50.0,49.75806427001953,0,0.0,0.0,yfinance_raw_daily
2015-12-09,50.0,50.0,50.0,50.0,49.75806427001953,0,0.0,0.0,yfinance_raw_daily
2015-12-10,50.0,50.0,50.0,50.0,49.75806427001953,0,0.0,0.0,yfinance_raw_daily
2015-12-11,50.0,50.0,50.0,50.0,49.75806427001953,400,0.0,0.0,yfinance_raw_daily
2015-12-14,50.0,50.0,50.0,50.0,49.75806427001953,0,0.0,0.0,yfinance_raw_daily
2015-12-15,50.0,50.0,50.0,50.0,49.75806427001953,0,0.0,0.0,yfinance_raw_daily
2015-12-16,50.0,50.0,50.0,50.0,49.75806427001953,0,0.0,0.0,yfinance_raw_daily
2015-12-17,50.0,50.0,50.0,50.0,49.75806427001953,0,0.0,0.0,yfinance_raw_daily
2015-12-18,50.0,50.0,50.0,50.0,49.75806427001953,0,0.0,0.0,yfinance_raw_daily
2015-12-21,50.0,50.0,50.0,50.0,49.75806427001953,0,0.0,0.0,yfinance_raw_daily
2015-12-22,50.0,50.0,50.0,50.0,49.75806427001953,100000,0.0,0.0,yfinance_raw_daily
2015-12-23,50.0,50.0,50.0,50.0,49.75806427001953,0,0.0,0.0,yfinance_raw_daily
2015-12-28,50.0,50.0,50.0,50.0,49.75806427001953,0,0.0,0.0,yfinance_raw_daily
2015-12-29,50.0,50.0,50.0,50.0,49.75806427001953,0,0.0,0.0,yfinance_raw_daily
2015-12-30,50.0,50.0,50.0,50.0,49.75806427001953,0,0.0,0.0,yfinance_raw_daily
2016-01-04,50.0,50.0,50.0,50.0,49.75806427001953,0,0.0,0.0,yfinance_raw_daily
2016-01-05,50.0,50.0,50.0,50.0,49.75806427001953,0,0.0,0.0,yfinance_raw_daily
2016-01-06,50.0,50.0,50.0,50.0,49.75806427001953,0,0.0,0.0,yfinance_raw_daily
2016-01-07,50.0,50.0,50.0,50.0,49.75806427001953,0,0.0,0.0,yfinance_raw_daily
2016-01-08,50.0,50.0,50.0,50.0,49.75806427001953,0,0.0,0.0,yfinance_raw_daily
2016-01-11,50.0,50.0,50.0,50.0,49.75806427001953,0,0.0,0.0,yfinance_raw_daily
2016-01-12,50.0,50.0,50.0,50.0,49.75806427001953,0,0.0,0.0,yfinance_raw_daily
2016-01-13,50.0,50.0,50.0,50.0,49.75806427001953,0,0.0,0.0,yfinance_raw_daily
2016-01-14,50.0,50.0,50.0,50.0,49.75806427001953,0,0.0,0.0,yfinance_raw_daily
2016-01-15,50.0,50.0,50.0,50.0,49.75806427001953,0,0.0,0.0,yfinance_raw_daily
2016-01-18,50.0,50.0,50.0,50.0,49.75806427001953,0,0.0,0.0,yfinance_raw_daily
2016-01-19,50.0,50.0,50.0,50.0,49.75806427001953,0,0.0,0.0,yfinance_raw_daily
2016-01-20,50.0,50.0,50.0,50.0,49.75806427001953,0,0.0,0.0,yfinance_raw_daily
2016-01-21,50.0,50.0,50.0,50.0,49.75806427001953,0,0.0,0.0,yfinance_raw_daily
2016-01-22,50.0,50.0,50.0,50.0,49.75806427001953,0,0.0,0.0,yfinance_raw_daily
2016-01-25,50.0,50.0,50.0,50.0,49.75806427001953,0,0.0,0.0,yfinance_raw_daily
2016-01-26,50.0,50.0,50.0,50.0,49.75806427001953,0,0.0,0.0,yfinance_raw_daily
2016-01-27,50.0,50.0,50.0,50.0,49.75806427001953,0,0.0,0.0,yfinance_raw_daily
2016-01-28,50.0,50.0,50.0,50.0,49.75806427001953,0,0.0,0.0,yfinance_raw_daily
2016-01-29,50.0,50.0,50.0,50.0,49.75806427001953,0,0.0,0.0,yfinance_raw_daily
2016-02-01,50.0,50.0,50.0,50.0,49.75806427001953,0,0.0,0.0,yfinance_raw_daily
2016-02-02,50.0,50.0,50.0,50.0,49.75806427001953,0,0.0,0.0,yfinance_raw_daily
2016-02-03,50.0,50.0,50.0,50.0,49.75806427001953,0,0.0,0.0,yfinance_raw_daily
2016-02-04,50.0,50.0,50.0,50.0,49.75806427001953,0,0.0,0.0,yfinance_raw_daily
2016-02-05,50.0,50.0,50.0,50.0,49.75806427001953,0,0.0,0.0,yfinance_raw_daily
2016-02-09,50.0,50.0,50.0,50.0,49.75806427001953,0,0.0,0.0,yfinance_raw_daily
2016-02-10,50.0,50.0,50.0,50.0,49.75806427001953,50000,0.0,0.0,yfinance_raw_daily
2016-02-11,50.0,50.0,50.0,50.0,49.75806427001953,40500,0.0,0.0,yfinance_raw_daily
2016-02-12,50.0,50.0,50.0,50.0,49.75806427001953,0,0.0,0.0,yfinance_raw_daily
2016-02-15,50.0,50.0,50.0,50.0,49.75806427001953,0,0.0,0.0,yfinance_raw_daily
2016-02-16,50.0,50.0,50.0,50.0,49.75806427001953,0,0.0,0.0,yfinance_raw_daily
2016-02-17,50.0,50.0,50.0,50.0,49.75806427001953,0,0.0,0.0,yfinance_raw_daily
2016-02-18,50.0,50.0,50.0,50.0,49.75806427001953,100,0.0,0.0,yfinance_raw_daily
2016-02-19,50.0,50.0,50.0,50.0,49.75806427001953,0,0.0,0.0,yfinance_raw_daily
2016-02-22,50.0,50.0,50.0,50.0,49.75806427001953,0,0.0,0.0,yfinance_raw_daily
2016-02-23,50.0,50.0,50.0,50.0,49.75806427001953,0,0.0,0.0,yfinance_raw_daily
2016-02-24,50.0,50.0,50.0,50.0,49.75806427001953,100,0.0,0.0,yfinance_raw_daily
2016-02-25,50.0,50.0,50.0,50.0,49.75806427001953,0,0.0,0.0,yfinance_raw_daily
2016-02-26,50.0,50.0,50.0,50.0,49.75806427001953,0,0.0,0.0,yfinance_raw_daily
2016-02-29,50.0,50.0,50.0,50.0,49.75806427001953,0,0.0,0.0,yfinance_raw_daily
2016-03-01,50.0,50.0,50.0,50.0,49.75806427001953,55100,0.0,0.0,yfinance_raw_daily
2016-03-02,50.0,50.0,50.0,50.0,49.75806427001953,21000,0.0,0.0,yfinance_raw_daily
2016-03-03,50.0,50.0,50.0,50.0,49.75806427001953,100000,0.0,0.0,yfinance_raw_daily
2016-03-04,50.0,50.0,50.0,50.0,49.75806427001953,0,0.0,0.0,yfinance_raw_daily
2016-03-07,50.0,50.0,50.0,50.0,49.75806427001953,200,0.0,0.0,yfinance_raw_daily
2016-03-08,50.0,50.0,50.0,50.0,49.75806427001953,35000,0.0,0.0,yfinance_raw_daily
2016-03-10,50.0,50.0,50.0,50.0,49.75806427001953,2500,0.0,0.0,yfinance_raw_daily
2016-03-11,50.0,50.0,50.0,50.0,49.75806427001953,0,0.0,0.0,yfinance_raw_daily
2016-03-14,50.0,50.0,50.0,50.0,49.75806427001953,1400,0.0,0.0,yfinance_raw_daily
2016-03-15,50.0,50.0,50.0,50.0,49.75806427001953,1100,0.0,0.0,yfinance_raw_daily
2016-03-16,50.0,50.0,50.0,50.0,49.75806427001953,5900,0.0,0.0,yfinance_raw_daily
2016-03-17,50.0,50.0,50.0,50.0,49.75806427001953,100,0.0,0.0,yfinance_raw_daily
2016-03-18,50.0,50.0,50.0,50.0,49.75806427001953,100,0.0,0.0,yfinance_raw_daily
2016-03-21,50.0,50.0,50.0,50.0,49.75806427001953,200,0.0,0.0,yfinance_raw_daily
2016-03-22,50.0,50.0,50.0,50.0,49.75806427001953,0,0.0,0.0,yfinance_raw_daily
2016-03-23,50.0,50.0,50.0,50.0,49.75806427001953,300,0.0,0.0,yfinance_raw_daily
2016-03-24,50.0,50.0,50.0,50.0,49.75806427001953,0,0.0,0.0,yfinance_raw_daily
2016-03-28,50.0,50.0,50.0,50.0,49.75806427001953,400,0.0,0.0,yfinance_raw_daily
2016-03-29,50.0,50.0,50.0,50.0,49.75806427001953,8700,0.0,0.0,yfinance_raw_daily
2016-03-30,50.0,50.0,50.0,50.0,49.75806427001953,123600,0.0,0.0,yfinance_raw_daily
2016-03-31,50.0,50.0,50.0,50.0,49.75806427001953,6200,0.0,0.0,yfinance_raw_daily
2016-04-01,50.0,50.0,50.0,50.0,49.75806427001953,700,0.0,0.0,yfinance_raw_daily
2016-04-04,50.0,50.0,50.0,50.0,49.75806427001953,100,0.0,0.0,yfinance_raw_daily
2016-04-05,50.0,50.0,50.0,50.0,49.75806427001953,50200,0.0,0.0,yfinance_raw_daily
2016-04-06,50.0,50.0,50.0,50.0,49.75806427001953,100,0.0,0.0,yfinance_raw_daily
2016-04-07,50.0,50.0,50.0,50.0,49.75806427001953,0,0.0,0.0,yfinance_raw_daily
2016-04-08,50.0,50.0,50.0,50.0,49.75806427001953,3100,0.0,0.0,yfinance_raw_daily
2016-04-11,50.0,50.0,50.0,50.0,49.75806427001953,200,0.0,0.0,yfinance_raw_daily
2016-04-12,50.0,50.0,50.0,50.0,49.75806427001953,0,0.0,0.0,yfinance_raw_daily
2016-04-13,50.0,50.0,50.0,50.0,49.75806427001953,0,0.0,0.0,yfinance_raw_daily
2016-04-14,50.0,50.0,50.0,50.0,49.75806427001953,0,0.0,0.0,yfinance_raw_daily
2016-04-15,50.0,50.0,50.0,50.0,49.75806427001953,0,0.0,0.0,yfinance_raw_daily
2016-04-18,50.0,50.0,50.0,50.0,49.75806427001953,0,0.0,0.0,yfinance_raw_daily
2016-04-19,50.0,50.0,50.0,50.0,49.75806427001953,0,0.0,0.0,yfinance_raw_daily
2016-04-20,50.0,50.0,50.0,50.0,49.75806427001953,300,0.0,0.0,yfinance_raw_daily
2016-04-21,50.0,50.0,50.0,50.0,49.75806427001953,100,0.0,0.0,yfinance_raw_daily
2016-04-22,50.0,50.0,50.0,50.0,49.75806427001953,200,0.0,0.0,yfinance_raw_daily
2016-04-25,50.0,50.0,50.0,50.0,49.75806427001953,500,0.0,0.0,yfinance_raw_daily
2016-04-26,50.0,50.0,50.0,50.0,49.75806427001953,0,0.0,0.0,yfinance_raw_daily
2016-04-27,50.0,50.0,50.0,50.0,49.75806427001953,11600,0.0,0.0,yfinance_raw_daily
2016-04-28,50.0,50.0,50.0,50.0,49.75806427001953,3400,0.0,0.0,yfinance_raw_daily
2016-04-29,50.0,50.0,50.0,50.0,49.75806427001953,0,0.0,0.0,yfinance_raw_daily
2016-05-02,50.0,50.0,50.0,50.0,49.75806427001953,4000,0.0,0.0,yfinance_raw_daily
2016-05-03,50.0,50.0,50.0,50.0,49.75806427001953,200,0.0,0.0,yfinance_raw_daily
2016-05-04,50.0,50.0,50.0,50.0,49.75806427001953,200,0.0,0.0,yfinance_raw_daily
2016-05-09,50.0,50.0,50.0,50.0,49.75806427001953,0,0.0,0.0,yfinance_raw_daily
2016-05-10,50.0,50.0,50.0,50.0,49.75806427001953,1400,0.0,0.0,yfinance_raw_daily
2016-05-11,50.0,50.0,50.0,50.0,49.75806427001953,100,0.0,0.0,yfinance_raw_daily
2016-05-12,50.0,50.0,50.0,50.0,49.75806427001953,900,0.0,0.0,yfinance_raw_daily
2016-05-13,50.0,50.0,50.0,50.0,49.75806427001953,3500,0.0,0.0,yfinance_raw_daily
2016-05-16,50.0,50.0,50.0,50.0,49.75806427001953,0,0.0,0.0,yfinance_raw_daily
2016-05-17,50.0,50.0,50.0,50.0,49.75806427001953,100,0.0,0.0,yfinance_raw_daily
2016-05-18,50.0,50.0,50.0,50.0,49.75806427001953,0,0.0,0.0,yfinance_raw_daily
2016-05-19,50.0,50.0,50.0,50.0,49.75806427001953,0,0.0,0.0,yfinance_raw_daily
2016-05-20,50.0,50.0,50.0,50.0,49.75806427001953,0,0.0,0.0,yfinance_raw_daily
2016-05-23,50.0,50.0,50.0,50.0,49.75806427001953,0,0.0,0.0,yfinance_raw_daily
2016-05-24,50.0,50.0,50.0,50.0,49.75806427001953,0,0.0,0.0,yfinance_raw_daily
2016-05-25,50.0,50.0,50.0,50.0,49.75806427001953,0,0.0,0.0,yfinance_raw_daily
2016-05-26,50.0,50.0,50.0,50.0,49.75806427001953,4000,0.0,0.0,yfinance_raw_daily
2016-05-27,50.0,50.0,50.0,50.0,49.75806427001953,5000,0.0,0.0,yfinance_raw_daily
2016-05-30,50.0,50.0,50.0,50.0,49.75806427001953,0,0.0,0.0,yfinance_raw_daily
2016-05-31,50.0,50.0,50.0,50.0,49.75806427001953,22000,0.0,0.0,yfinance_raw_daily
2016-06-01,50.0,50.0,50.0,50.0,49.75806427001953,3400,0.0,0.0,yfinance_raw_daily
2016-06-02,50.0,50.0,50.0,50.0,49.75806427001953,500,0.0,0.0,yfinance_raw_daily
2016-06-03,50.0,50.0,50.0,50.0,49.75806427001953,0,0.0,0.0,yfinance_raw_daily
2016-06-06,50.0,50.0,50.0,50.0,49.75806427001953,20000,0.0,0.0,yfinance_raw_daily
2016-06-07,50.0,50.0,50.0,50.0,49.75806427001953,700,0.0,0.0,yfinance_raw_daily
2016-06-08,50.0,50.0,50.0,50.0,49.75806427001953,0,0.0,0.0,yfinance_raw_daily
2016-06-09,50.0,50.0,50.0,50.0,49.75806427001953,400,0.0,0.0,yfinance_raw_daily
2016-06-10,50.0,50.0,50.0,50.0,49.75806427001953,1600,0.0,0.0,yfinance_raw_daily
2016-06-13,50.0,50.0,50.0,50.0,49.75806427001953,0,0.0,0.0,yfinance_raw_daily
2016-06-14,50.0,50.0,50.0,50.0,49.75806427001953,500,0.0,0.0,yfinance_raw_daily
2016-06-15,50.0,50.0,50.0,50.0,49.75806427001953,6800,0.0,0.0,yfinance_raw_daily
2016-06-16,50.0,50.0,50.0,50.0,49.75806427001953,500,0.0,0.0,yfinance_raw_daily
2016-06-17,50.0,50.0,50.0,50.0,49.75806427001953,26200,0.0,0.0,yfinance_raw_daily
2016-06-20,50.0,50.0,50.0,50.0,49.75806427001953,0,0.0,0.0,yfinance_raw_daily
2016-06-21,50.0,50.0,50.0,50.0,49.75806427001953,200,0.0,0.0,yfinance_raw_daily
2016-06-22,50.0,50.0,50.0,50.0,49.75806427001953,12600,0.0,0.0,yfinance_raw_daily
2016-06-23,50.0,50.0,50.0,50.0,49.75806427001953,900,0.0,0.0,yfinance_raw_daily
2016-06-24,50.0,50.0,50.0,50.0,49.75806427001953,0,0.0,0.0,yfinance_raw_daily
2016-06-27,50.0,50.0,50.0,50.0,49.75806427001953,0,0.0,0.0,yfinance_raw_daily
2016-06-28,50.0,50.0,50.0,50.0,49.75806427001953,0,0.0,0.0,yfinance_raw_daily
2016-06-29,50.0,50.0,50.0,50.0,49.75806427001953,300,0.0,0.0,yfinance_raw_daily
2016-06-30,50.0,50.0,50.0,50.0,49.75806427001953,500,0.0,0.0,yfinance_raw_daily
2016-07-01,50.0,50.0,50.0,50.0,49.75806427001953,10500,0.0,0.0,yfinance_raw_daily
2016-07-11,50.0,50.0,50.0,50.0,49.75806427001953,0,0.0,0.0,yfinance_raw_daily
2016-07-12,50.0,50.0,50.0,50.0,49.75806427001953,400,0.0,0.0,yfinance_raw_daily
2016-07-13,50.0,50.0,50.0,50.0,49.75806427001953,400,0.0,0.0,yfinance_raw_daily
2016-07-14,50.0,50.0,50.0,50.0,49.75806427001953,200,0.0,0.0,yfinance_raw_daily
2016-07-15,50.0,50.0,50.0,50.0,49.75806427001953,100,0.0,0.0,yfinance_raw_daily
2016-07-18,50.0,50.0,50.0,50.0,49.75806427001953,0,0.0,0.0,yfinance_raw_daily
2016-07-19,50.0,50.0,50.0,50.0,49.75806427001953,0,0.0,0.0,yfinance_raw_daily
2016-07-20,50.0,50.0,50.0,50.0,49.75806427001953,71100,0.0,0.0,yfinance_raw_daily
2016-07-21,50.0,50.0,50.0,50.0,49.75806427001953,245000,0.0,0.0,yfinance_raw_daily
2016-07-22,50.0,50.0,50.0,50.0,49.75806427001953,100,0.0,0.0,yfinance_raw_daily
2016-07-25,50.0,50.0,50.0,50.0,49.75806427001953,10800,0.0,0.0,yfinance_raw_daily
2016-07-26,50.0,50.0,50.0,50.0,49.75806427001953,89300,0.0,0.0,yfinance_raw_daily
2016-07-27,50.0,50.0,50.0,50.0,49.75806427001953,10100,0.0,0.0,yfinance_raw_daily
2016-07-28,50.0,50.0,50.0,50.0,49.75806427001953,0,0.0,0.0,yfinance_raw_daily
2016-07-29,50.0,50.0,50.0,50.0,49.75806427001953,4300,0.0,0.0,yfinance_raw_daily
2016-08-01,50.0,50.0,50.0,50.0,49.75806427001953,20000,0.0,0.0,yfinance_raw_daily
2016-08-02,50.0,50.0,50.0,50.0,49.75806427001953,0,0.0,0.0,yfinance_raw_daily
2016-08-03,50.0,50.0,50.0,50.0,49.75806427001953,0,0.0,0.0,yfinance_raw_daily
2016-08-04,50.0,50.0,50.0,50.0,49.75806427001953,10100,0.0,0.0,yfinance_raw_daily
2016-08-05,50.0,50.0,50.0,50.0,49.75806427001953,3300,0.0,0.0,yfinance_raw_daily
2016-08-08,50.0,50.0,50.0,50.0,49.75806427001953,0,0.0,0.0,yfinance_raw_daily
2016-08-09,50.0,50.0,50.0,50.0,49.75806427001953,0,0.0,0.0,yfinance_raw_daily
2016-08-10,50.0,50.0,50.0,50.0,49.75806427001953,5392100,0.0,0.0,yfinance_raw_daily
2016-08-11,50.0,50.0,50.0,50.0,49.75806427001953,109400,0.0,0.0,yfinance_raw_daily
2016-08-12,50.0,50.0,50.0,50.0,49.75806427001953,73300,0.0,0.0,yfinance_raw_daily
2016-08-15,50.0,50.0,50.0,50.0,49.75806427001953,0,0.0,0.0,yfinance_raw_daily
2016-08-16,50.0,50.0,50.0,50.0,49.75806427001953,36200,0.0,0.0,yfinance_raw_daily
2016-08-18,50.0,50.0,50.0,50.0,49.75806427001953,30000,0.0,0.0,yfinance_raw_daily
2016-08-19,50.0,50.0,50.0,50.0,49.75806427001953,12500,0.0,0.0,yfinance_raw_daily
2016-08-22,50.0,50.0,50.0,50.0,49.75806427001953,0,0.0,0.0,yfinance_raw_daily
2016-08-23,50.0,50.0,50.0,50.0,49.75806427001953,100,0.0,0.0,yfinance_raw_daily
2016-08-24,50.0,50.0,50.0,50.0,49.75806427001953,3000,0.0,0.0,yfinance_raw_daily
2016-08-25,50.0,50.0,50.0,50.0,49.75806427001953,0,0.0,0.0,yfinance_raw_daily
2016-08-26,50.0,50.0,50.0,50.0,49.75806427001953,10000,0.0,0.0,yfinance_raw_daily
2016-08-29,50.0,50.0,50.0,50.0,49.75806427001953,400,0.0,0.0,yfinance_raw_daily
2016-08-30,50.0,50.0,50.0,50.0,49.75806427001953,0,0.0,0.0,yfinance_raw_daily
2016-08-31,50.0,50.0,50.0,50.0,49.75806427001953,6900,0.0,0.0,yfinance_raw_daily
2016-09-01,50.0,50.0,50.0,50.0,49.75806427001953,100,0.0,0.0,yfinance_raw_daily
2016-09-02,50.0,50.0,50.0,50.0,49.75806427001953,100,0.0,0.0,yfinance_raw_daily
2016-09-05,50.0,50.0,50.0,50.0,49.75806427001953,200,0.0,0.0,yfinance_raw_daily
2016-09-06,50.0,50.0,50.0,50.0,49.75806427001953,200,0.0,0.0,yfinance_raw_daily
2016-09-07,50.0,50.0,50.0,50.0,49.75806427001953,100,0.0,0.0,yfinance_raw_daily
2016-09-08,50.0,50.0,50.0,50.0,49.75806427001953,1200,0.0,0.0,yfinance_raw_daily
2016-09-09,50.0,50.0,50.0,50.0,49.75806427001953,100,0.0,0.0,yfinance_raw_daily
2016-09-13,50.0,50.0,50.0,50.0,49.75806427001953,200,0.0,0.0,yfinance_raw_daily
2016-09-14,50.0,50.0,50.0,50.0,49.75806427001953,101100,0.0,0.0,yfinance_raw_daily
2016-09-15,50.0,50.0,50.0,50.0,49.75806427001953,300,0.0,0.0,yfinance_raw_daily
2016-09-16,50.0,50.0,50.0,50.0,49.75806427001953,700,0.0,0.0,yfinance_raw_daily
2016-09-19,50.0,50.0,50.0,50.0,49.75806427001953,3600,0.0,0.0,yfinance_raw_daily
2016-09-20,50.0,50.0,50.0,50.0,49.75806427001953,300,0.0,0.0,yfinance_raw_daily
2016-09-21,50.0,50.0,50.0,50.0,49.75806427001953,0,0.0,0.0,yfinance_raw_daily
2016-09-22,50.0,50.0,50.0,50.0,49.75806427001953,0,0.0,0.0,yfinance_raw_daily
2016-09-23,50.0,50.0,50.0,50.0,49.75806427001953,100,0.0,0.0,yfinance_raw_daily
2016-09-26,50.0,50.0,50.0,50.0,49.75806427001953,0,0.0,0.0,yfinance_raw_daily
2016-09-27,50.0,50.0,50.0,50.0,49.75806427001953,0,0.0,0.0,yfinance_raw_daily
2016-09-28,50.0,50.0,50.0,50.0,49.75806427001953,200,0.0,0.0,yfinance_raw_daily
2016-09-29,50.0,50.0,50.0,50.0,49.75806427001953,0,0.0,0.0,yfinance_raw_daily
2016-09-30,50.0,50.0,50.0,50.0,49.75806427001953,0,0.0,0.0,yfinance_raw_daily
2016-10-03,50.0,50.0,50.0,50.0,49.75806427001953,0,0.0,0.0,yfinance_raw_daily
2016-10-04,50.0,50.0,50.0,50.0,49.75806427001953,2000,0.0,0.0,yfinance_raw_daily
2016-10-05,50.0,50.0,50.0,50.0,49.75806427001953,100,0.0,0.0,yfinance_raw_daily
2016-10-06,50.0,50.0,50.0,50.0,49.75806427001953,2100,0.0,0.0,yfinance_raw_daily
2016-10-07,50.0,50.0,50.0,50.0,49.75806427001953,406300,0.0,0.0,yfinance_raw_daily
2016-10-10,50.0,50.0,50.0,50.0,49.75806427001953,17100,0.0,0.0,yfinance_raw_daily
2016-10-11,50.0,50.0,50.0,50.0,49.75806427001953,1800,0.0,0.0,yfinance_raw_daily
2016-10-12,50.0,50.0,50.0,50.0,49.75806427001953,0,0.0,0.0,yfinance_raw_daily
2016-10-13,50.0,50.0,50.0,50.0,49.75806427001953,0,0.0,0.0,yfinance_raw_daily
2016-10-14,50.0,50.0,50.0,50.0,49.75806427001953,2400,0.0,0.0,yfinance_raw_daily
2016-10-17,50.0,50.0,50.0,50.0,49.75806427001953,10300,0.0,0.0,yfinance_raw_daily
2016-10-18,50.0,50.0,50.0,50.0,49.75806427001953,1450500,0.0,0.0,yfinance_raw_daily
2016-10-19,50.0,50.0,50.0,50.0,49.75806427001953,9057000,0.0,0.0,yfinance_raw_daily
2016-10-20,50.0,52.0,50.0,50.0,49.75806427001953,548587600,0.0,0.0,yfinance_raw_daily
2016-10-21,50.0,50.0,50.0,50.0,49.75806427001953,9591600,0.0,0.0,yfinance_raw_daily
2016-10-24,50.0,50.0,50.0,50.0,49.75806427001953,471300,0.0,0.0,yfinance_raw_daily
2016-10-25,50.0,50.0,50.0,50.0,49.75806427001953,55976400,0.0,0.0,yfinance_raw_daily
2016-10-26,50.0,50.0,50.0,50.0,49.75806427001953,17088500,0.0,0.0,yfinance_raw_daily
2016-10-27,50.0,67.0,50.0,52.0,51.74838638305664,4494714200,0.0,0.0,yfinance_raw_daily
2016-10-28,53.0,61.0,51.0,52.0,51.74838638305664,903225700,0.0,0.0,yfinance_raw_daily
2016-10-31,53.0,60.0,53.0,56.0,55.729034423828125,1038613300,0.0,0.0,yfinance_raw_daily
2016-11-01,56.0,58.0,52.0,54.0,53.73870849609375,474512800,0.0,0.0,yfinance_raw_daily
2016-11-02,54.0,56.0,50.0,51.0,50.75322723388672,847835900,0.0,0.0,yfinance_raw_daily
2016-11-03,51.0,52.0,50.0,50.0,49.75806427001953,141294500,0.0,0.0,yfinance_raw_daily
2016-11-04,50.0,50.0,50.0,50.0,49.75806427001953,14462300,0.0,0.0,yfinance_raw_daily
2016-11-07,50.0,53.0,50.0,51.0,50.75322723388672,417344400,0.0,0.0,yfinance_raw_daily
2016-11-08,51.0,52.0,50.0,50.0,49.75806427001953,189053500,0.0,0.0,yfinance_raw_daily
2016-11-09,50.0,51.0,50.0,50.0,49.75806427001953,39142400,0.0,0.0,yfinance_raw_daily
2016-11-10,50.0,51.0,50.0,50.0,49.75806427001953,141470300,0.0,0.0,yfinance_raw_daily
2016-11-11,50.0,50.0,50.0,50.0,49.75806427001953,16159600,0.0,0.0,yfinance_raw_daily
2016-11-14,50.0,50.0,50.0,50.0,49.75806427001953,444700,0.0,0.0,yfinance_raw_daily
2016-11-15,50.0,50.0,50.0,50.0,49.75806427001953,134000,0.0,0.0,yfinance_raw_daily
2016-11-16,50.0,50.0,50.0,50.0,49.75806427001953,246200,0.0,0.0,yfinance_raw_daily
2016-11-17,50.0,50.0,50.0,50.0,49.75806427001953,136000,0.0,0.0,yfinance_raw_daily
2016-11-18,50.0,50.0,50.0,50.0,49.75806427001953,9200,0.0,0.0,yfinance_raw_daily
2016-11-21,50.0,53.0,50.0,50.0,49.75806427001953,448720200,0.0,0.0,yfinance_raw_daily
2016-11-22,51.0,52.0,50.0,51.0,50.75322723388672,158463000,0.0,0.0,yfinance_raw_daily
2016-11-23,51.0,51.0,50.0,50.0,49.75806427001953,51509600,0.0,0.0,yfinance_raw_daily
2016-11-24,50.0,50.0,50.0,50.0,49.75806427001953,2339700,0.0,0.0,yfinance_raw_daily
2016-11-25,50.0,51.0,50.0,50.0,49.75806427001953,19634300,0.0,0.0,yfinance_raw_daily
2016-11-28,50.0,53.0,50.0,51.0,50.75322723388672,311880200,0.0,0.0,yfinance_raw_daily
2016-11-29,51.0,53.0,50.0,50.0,49.75806427001953,212032800,0.0,0.0,yfinance_raw_daily
2016-11-30,50.0,51.0,50.0,50.0,49.75806427001953,36130800,0.0,0.0,yfinance_raw_daily
2016-12-01,50.0,59.0,50.0,53.0,52.74354934692383,1902294800,0.0,0.0,yfinance_raw_daily
2016-12-02,54.0,55.0,51.0,52.0,51.74838638305664,247324400,0.0,0.0,yfinance_raw_daily
2016-12-05,53.0,57.0,52.0,54.0,53.73870849609375,438057600,0.0,0.0,yfinance_raw_daily
2016-12-06,55.0,56.0,53.0,53.0,52.74354934692383,161395500,0.0,0.0,yfinance_raw_daily
2016-12-07,53.0,54.0,51.0,52.0,51.74838638305664,170165100,0.0,0.0,yfinance_raw_daily
2016-12-08,52.0,53.0,51.0,51.0,50.75322723388672,70029200,0.0,0.0,yfinance_raw_daily
2016-12-09,52.0,53.0,51.0,51.0,50.75322723388672,96798200,0.0,0.0,yfinance_raw_daily
2016-12-13,52.0,53.0,51.0,51.0,50.75322723388672,79462700,0.0,0.0,yfinance_raw_daily
2016-12-14,51.0,52.0,50.0,50.0,49.75806427001953,170736900,0.0,0.0,yfinance_raw_daily
2016-12-15,50.0,51.0,50.0,50.0,49.75806427001953,45488200,0.0,0.0,yfinance_raw_daily
2016-12-16,51.0,51.0,50.0,50.0,49.75806427001953,37342600,0.0,0.0,yfinance_raw_daily
2016-12-19,50.0,51.0,50.0,50.0,49.75806427001953,42926200,0.0,0.0,yfinance_raw_daily
2016-12-20,50.0,52.0,50.0,50.0,49.75806427001953,132860700,0.0,0.0,yfinance_raw_daily
2016-12-21,50.0,51.0,50.0,50.0,49.75806427001953,22355800,0.0,0.0,yfinance_raw_daily
2016-12-22,50.0,50.0,50.0,50.0,49.75806427001953,613000,0.0,0.0,yfinance_raw_daily
2016-12-23,50.0,50.0,50.0,50.0,49.75806427001953,382100,0.0,0.0,yfinance_raw_daily
2016-12-27,50.0,50.0,50.0,50.0,49.75806427001953,1462000,0.0,0.0,yfinance_raw_daily
2016-12-28,50.0,50.0,50.0,50.0,49.75806427001953,13887000,0.0,0.0,yfinance_raw_daily
2016-12-29,50.0,52.0,50.0,50.0,49.75806427001953,70303800,0.0,0.0,yfinance_raw_daily
2016-12-30,50.0,50.0,50.0,50.0,49.75806427001953,5983800,0.0,0.0,yfinance_raw_daily
2017-01-02,50.0,50.0,50.0,50.0,49.75806427001953,0,0.0,0.0,yfinance_raw_daily
2017-01-03,50.0,50.0,50.0,50.0,49.75806427001953,1420400,0.0,0.0,yfinance_raw_daily
2017-01-04,50.0,50.0,50.0,50.0,49.75806427001953,15700,0.0,0.0,yfinance_raw_daily
2017-01-05,50.0,53.0,50.0,51.0,50.75322723388672,269274400,0.0,0.0,yfinance_raw_daily
2017-01-06,51.0,53.0,50.0,51.0,50.75322723388672,214494300,0.0,0.0,yfinance_raw_daily
2017-01-09,51.0,55.0,50.0,54.0,53.73870849609375,390494800,0.0,0.0,yfinance_raw_daily
2017-01-10,54.0,54.0,51.0,51.0,50.75322723388672,170761700,0.0,0.0,yfinance_raw_daily
2017-01-11,52.0,56.0,52.0,53.0,52.74354934692383,504281400,0.0,0.0,yfinance_raw_daily
2017-01-12,53.0,56.0,51.0,52.0,51.74838638305664,697638500,0.0,0.0,yfinance_raw_daily
2017-01-13,53.0,53.0,51.0,52.0,51.74838638305664,73162700,0.0,0.0,yfinance_raw_daily
2017-01-16,53.0,53.0,51.0,52.0,51.74838638305664,126092400,0.0,0.0,yfinance_raw_daily
2017-01-17,52.0,53.0,51.0,51.0,50.75322723388672,110763200,0.0,0.0,yfinance_raw_daily
2017-01-18,52.0,54.0,51.0,51.0,50.75322723388672,190630000,0.0,0.0,yfinance_raw_daily
2017-01-19,52.0,54.0,51.0,54.0,53.73870849609375,212519800,0.0,0.0,yfinance_raw_daily
2017-01-20,55.0,72.0,55.0,72.0,71.651611328125,3152574800,0.0,0.0,yfinance_raw_daily
2017-01-23,75.0,77.0,70.0,71.0,70.65644836425781,1503102400,0.0,0.0,yfinance_raw_daily
2017-01-24,71.0,76.0,70.0,73.0,72.64677429199219,549857600,0.0,0.0,yfinance_raw_daily
2017-01-25,75.0,96.0,73.0,89.0,88.5693588256836,2956144700,0.0,0.0,yfinance_raw_daily
2017-01-26,90.0,91.0,83.0,84.0,83.59355163574219,1362446900,0.0,0.0,yfinance_raw_daily
2017-01-27,85.0,92.0,83.0,89.0,88.5693588256836,1316297700,0.0,0.0,yfinance_raw_daily
2017-01-30,90.0,101.0,89.0,95.0,94.54032135009766,2211543800,0.0,0.0,yfinance_raw_daily
2017-01-31,94.0,97.0,90.0,95.0,94.54032135009766,928759700,0.0,0.0,yfinance_raw_daily
2017-02-01,95.0,101.0,91.0,91.0,90.55967712402344,1679809000,0.0,0.0,yfinance_raw_daily
2017-02-02,91.0,93.0,89.0,91.0,90.55967712402344,745965500,0.0,0.0,yfinance_raw_daily
2017-02-03,91.0,92.0,84.0,85.0,84.58870697021484,458572900,0.0,0.0,yfinance_raw_daily
2017-02-06,85.0,88.0,80.0,85.0,84.58870697021484,535927500,0.0,0.0,yfinance_raw_daily
2017-02-07,85.0,96.0,85.0,88.0,87.5741958618164,1092476600,0.0,0.0,yfinance_raw_daily
2017-02-08,90.0,105.0,85.0,94.0,93.54515838623047,3951413300,0.0,0.0,yfinance_raw_daily
2017-02-09,96.0,99.0,91.0,94.0,93.54515838623047,1058587600,0.0,0.0,yfinance_raw_daily
2017-02-10,95.0,96.0,88.0,89.0,88.5693588256836,531841100,0.0,0.0,yfinance_raw_daily
2017-02-13,88.0,92.0,85.0,87.0,86.57903289794922,325229400,0.0,0.0,yfinance_raw_daily
2017-02-14,87.0,89.0,80.0,80.0,79.61289978027344,447952600,0.0,0.0,yfinance_raw_daily
2017-02-15,80.0,80.0,80.0,80.0,79.61289978027344,0,0.0,0.0,yfinance_raw_daily
2017-02-16,80.0,82.0,52.0,67.0,66.6758041381836,1101145500,0.0,0.0,yfinance_raw_daily
2017-02-17,68.0,75.0,62.0,66.0,65.68064880371094,1195094500,0.0,0.0,yfinance_raw_daily
2017-02-20,66.0,72.0,65.0,72.0,71.651611328125,558209300,0.0,0.0,yfinance_raw_daily
2017-02-21,73.0,79.0,50.0,52.0,51.74838638305664,2987783200,0.0,0.0,yfinance_raw_daily
2017-02-22,53.0,70.0,52.0,70.0,69.66129302978516,2578934000,0.0,0.0,yfinance_raw_daily
2017-02-23,72.0,85.0,71.0,78.0,77.6225814819336,4148272500,0.0,0.0,yfinance_raw_daily
2017-02-24,79.0,82.0,74.0,74.0,73.64193725585938,839569900,0.0,0.0,yfinance_raw_daily
2017-02-27,72.0,77.0,70.0,72.0,71.651611328125,689400900,0.0,0.0,yfinance_raw_daily
2017-02-28,73.0,75.0,70.0,71.0,70.65644836425781,252488900,0.0,0.0,yfinance_raw_daily
2017-03-01,73.0,73.0,65.0,67.0,66.6758041381836,463003600,0.0,0.0,yfinance_raw_daily
2017-03-02,68.0,71.0,64.0,65.0,64.68548583984375,329385100,0.0,0.0,yfinance_raw_daily
2017-03-03,65.0,77.0,59.0,76.0,75.63225555419922,1565797100,0.0,0.0,yfinance_raw_daily
2017-03-06,77.0,81.0,74.0,77.0,76.6274185180664,960586600,0.0,0.0,yfinance_raw_daily
2017-03-07,77.0,79.0,73.0,74.0,73.64193725585938,732545500,0.0,0.0,yfinance_raw_daily
2017-03-08,74.0,78.0,73.0,74.0,73.64193725585938,520927200,0.0,0.0,yfinance_raw_daily
2017-03-09,74.0,76.0,72.0,72.0,71.651611328125,296200900,0.0,0.0,yfinance_raw_daily
2017-03-10,73.0,74.0,68.0,69.0,68.66613006591797,264099400,0.0,0.0,yfinance_raw_daily
2017-03-13,69.0,74.0,66.0,73.0,72.64677429199219,540439500,0.0,0.0,yfinance_raw_daily
2017-03-14,74.0,75.0,71.0,72.0,71.651611328125,422451400,0.0,0.0,yfinance_raw_daily
2017-03-15,72.0,72.0,68.0,68.0,67.67096710205078,294244300,0.0,0.0,yfinance_raw_daily
2017-03-16,69.0,71.0,67.0,68.0,67.67096710205078,217087800,0.0,0.0,yfinance_raw_daily
2017-03-17,69.0,75.0,68.0,74.0,73.64193725585938,449729500,0.0,0.0,yfinance_raw_daily
2017-03-20,77.0,77.0,71.0,73.0,72.64677429199219,292701800,0.0,0.0,yfinance_raw_daily
2017-03-21,73.0,75.0,72.0,73.0,72.64677429199219,217610400,0.0,0.0,yfinance_raw_daily
2017-03-22,73.0,74.0,70.0,72.0,71.651611328125,143108800,0.0,0.0,yfinance_raw_daily
2017-03-23,72.0,74.0,71.0,72.0,71.651611328125,206656200,0.0,0.0,yfinance_raw_daily
2017-03-24,72.0,73.0,70.0,70.0,69.66129302978516,103235100,0.0,0.0,yfinance_raw_daily
2017-03-27,73.0,73.0,65.0,68.0,67.67096710205078,197999800,0.0,0.0,yfinance_raw_daily
2017-03-29,68.0,70.0,67.0,67.0,66.6758041381836,112519100,0.0,0.0,yfinance_raw_daily
2017-03-30,67.0,69.0,65.0,65.0,64.68548583984375,108714400,0.0,0.0,yfinance_raw_daily
2017-03-31,65.0,69.0,65.0,66.0,65.68064880371094,135424800,0.0,0.0,yfinance_raw_daily
2017-04-03,67.0,67.0,64.0,65.0,64.68548583984375,107927200,0.0,0.0,yfinance_raw_daily
2017-04-04,66.0,78.0,66.0,76.0,75.63225555419922,1170007100,0.0,0.0,yfinance_raw_daily
2017-04-05,77.0,77.0,71.0,73.0,72.64677429199219,617726800,0.0,0.0,yfinance_raw_daily
2017-04-06,73.0,75.0,69.0,69.0,68.66613006591797,162784400,0.0,0.0,yfinance_raw_daily
2017-04-07,69.0,72.0,67.0,69.0,68.66613006591797,158480000,0.0,0.0,yfinance_raw_daily
2017-04-10,69.0,71.0,67.0,68.0,67.67096710205078,137493500,0.0,0.0,yfinance_raw_daily
2017-04-11,68.0,74.0,68.0,69.0,68.66613006591797,499130900,0.0,0.0,yfinance_raw_daily
2017-04-12,69.0,71.0,67.0,67.0,66.6758041381836,159535000,0.0,0.0,yfinance_raw_daily
2017-04-13,66.0,70.0,66.0,67.0,66.6758041381836,133577300,0.0,0.0,yfinance_raw_daily
2017-04-17,67.0,71.0,67.0,68.0,67.67096710205078,160003600,0.0,0.0,yfinance_raw_daily
2017-04-18,69.0,71.0,68.0,68.0,67.67096710205078,184190900,0.0,0.0,yfinance_raw_daily
2017-04-19,68.0,68.0,68.0,68.0,67.67096710205078,0,0.0,0.0,yfinance_raw_daily
2017-04-20,69.0,72.0,66.0,67.0,66.6758041381836,363313700,0.0,0.0,yfinance_raw_daily
2017-04-21,68.0,68.0,66.0,67.0,66.6758041381836,69996500,0.0,0.0,yfinance_raw_daily
2017-04-25,67.0,68.0,65.0,65.0,64.68548583984375,90516400,0.0,0.0,yfinance_raw_daily
2017-04-26,66.0,69.0,65.0,66.0,65.68064880371094,309301800,0.0,0.0,yfinance_raw_daily
2017-04-27,66.0,68.0,66.0,66.0,65.68064880371094,162207800,0.0,0.0,yfinance_raw_daily
2017-04-28,67.0,67.0,65.0,65.0,64.68548583984375,102806100,0.0,0.0,yfinance_raw_daily
2017-05-02,65.0,67.0,63.0,64.0,63.69032287597656,125490900,0.0,0.0,yfinance_raw_daily
2017-05-03,65.0,65.0,59.0,60.0,59.709678649902344,138957800,0.0,0.0,yfinance_raw_daily
2017-05-04,60.0,60.0,52.0,54.0,53.73870849609375,394696700,0.0,0.0,yfinance_raw_daily
2017-05-05,54.0,55.0,50.0,50.0,49.75806427001953,427438700,0.0,0.0,yfinance_raw_daily
2017-05-08,51.0,53.0,50.0,50.0,49.75806427001953,295313500,0.0,0.0,yfinance_raw_daily
2017-05-09,50.0,51.0,50.0,50.0,49.75806427001953,99582300,0.0,0.0,yfinance_raw_daily
2017-05-10,50.0,51.0,50.0,50.0,49.75806427001953,107964200,0.0,0.0,yfinance_raw_daily
2017-05-12,50.0,62.0,50.0,58.0,57.719356536865234,1004725400,0.0,0.0,yfinance_raw_daily
2017-05-15,58.0,61.0,54.0,55.0,54.73387145996094,374149100,0.0,0.0,yfinance_raw_daily
2017-05-16,56.0,58.0,54.0,54.0,53.73870849609375,94922500,0.0,0.0,yfinance_raw_daily
2017-05-17,55.0,56.0,52.0,52.0,51.74838638305664,113516400,0.0,0.0,yfinance_raw_daily
2017-05-18,52.0,57.0,51.0,55.0,54.73387145996094,283234600,0.0,0.0,yfinance_raw_daily
2017-05-19,56.0,59.0,53.0,55.0,54.73387145996094,271444200,0.0,0.0,yfinance_raw_daily
2017-05-22,56.0,57.0,53.0,54.0,53.73870849609375,102169700,0.0,0.0,yfinance_raw_daily
2017-05-23,54.0,56.0,52.0,53.0,52.74354934692383,114779100,0.0,0.0,yfinance_raw_daily
2017-05-24,53.0,54.0,51.0,51.0,50.75322723388672,137742700,0.0,0.0,yfinance_raw_daily
2017-05-26,52.0,54.0,51.0,53.0,52.74354934692383,83222300,0.0,0.0,yfinance_raw_daily
2017-05-29,53.0,54.0,52.0,52.0,51.74838638305664,45161800,0.0,0.0,yfinance_raw_daily
2017-05-30,53.0,54.0,52.0,53.0,52.74354934692383,49337300,0.0,0.0,yfinance_raw_daily
2017-05-31,53.0,55.0,52.0,52.0,51.74838638305664,166552700,0.0,0.0,yfinance_raw_daily
2017-06-01,52.0,52.0,52.0,52.0,51.74838638305664,0,0.0,0.0,yfinance_raw_daily
2017-06-02,53.0,55.0,52.0,52.0,51.74838638305664,131971700,0.0,0.0,yfinance_raw_daily
2017-06-05,53.0,54.0,51.0,52.0,51.74838638305664,99803900,0.0,0.0,yfinance_raw_daily
2017-06-06,52.0,53.0,50.0,50.0,49.75806427001953,549573500,0.0,0.0,yfinance_raw_daily
2017-06-07,50.0,51.0,50.0,50.0,49.75806427001953,76319000,0.0,0.0,yfinance_raw_daily
2017-06-08,50.0,50.0,50.0,50.0,49.75806427001953,8157400,0.0,0.0,yfinance_raw_daily
2017-06-09,50.0,51.0,50.0,50.0,49.75806427001953,194873900,0.0,0.0,yfinance_raw_daily
2017-06-12,50.0,51.0,50.0,50.0,49.75806427001953,29002400,0.0,0.0,yfinance_raw_daily
2017-06-13,50.0,50.0,50.0,50.0,49.75806427001953,1465600,0.0,0.0,yfinance_raw_daily
2017-06-14,50.0,51.0,50.0,50.0,49.75806427001953,39922600,0.0,0.0,yfinance_raw_daily
2017-06-15,50.0,50.0,50.0,50.0,49.75806427001953,4572500,0.0,0.0,yfinance_raw_daily
2017-06-16,50.0,52.0,50.0,50.0,49.75806427001953,92102400,0.0,0.0,yfinance_raw_daily
2017-06-19,50.0,52.0,50.0,50.0,49.75806427001953,242383000,0.0,0.0,yfinance_raw_daily
2017-06-20,50.0,51.0,50.0,50.0,49.75806427001953,89687600,0.0,0.0,yfinance_raw_daily
2017-06-21,50.0,51.0,50.0,50.0,49.75806427001953,24233500,0.0,0.0,yfinance_raw_daily
2017-06-22,50.0,51.0,50.0,50.0,49.75806427001953,19989200,0.0,0.0,yfinance_raw_daily
2017-06-23,50.0,50.0,50.0,50.0,49.75806427001953,0,0.0,0.0,yfinance_raw_daily
2017-06-26,50.0,50.0,50.0,50.0,49.75806427001953,0,0.0,0.0,yfinance_raw_daily
2017-06-27,50.0,50.0,50.0,50.0,49.75806427001953,0,0.0,0.0,yfinance_raw_daily
2017-06-28,50.0,50.0,50.0,50.0,49.75806427001953,0,0.0,0.0,yfinance_raw_daily
2017-06-29,50.0,50.0,50.0,50.0,49.75806427001953,0,0.0,0.0,yfinance_raw_daily
2017-06-30,50.0,50.0,50.0,50.0,49.75806427001953,0,0.0,0.0,yfinance_raw_daily
2017-07-03,51.0,53.0,50.0,50.0,49.75806427001953,115185800,0.0,0.0,yfinance_raw_daily
2017-07-04,50.0,51.0,50.0,50.0,49.75806427001953,19015700,0.0,0.0,yfinance_raw_daily
2017-07-05,50.0,50.0,50.0,50.0,49.75806427001953,867000,0.0,0.0,yfinance_raw_daily
2017-07-06,50.0,50.0,50.0,50.0,49.75806427001953,447800,0.0,0.0,yfinance_raw_daily
2017-07-07,50.0,50.0,50.0,50.0,49.75806427001953,583700,0.0,0.0,yfinance_raw_daily
2017-07-10,50.0,50.0,50.0,50.0,49.75806427001953,318700,0.0,0.0,yfinance_raw_daily
2017-07-11,50.0,50.0,50.0,50.0,49.75806427001953,380900,0.0,0.0,yfinance_raw_daily
2017-07-12,50.0,50.0,50.0,50.0,49.75806427001953,410100,0.0,0.0,yfinance_raw_daily
2017-07-13,50.0,50.0,50.0,50.0,49.75806427001953,346700,0.0,0.0,yfinance_raw_daily
2017-07-14,50.0,50.0,50.0,50.0,49.75806427001953,172800,0.0,0.0,yfinance_raw_daily
2017-07-17,50.0,50.0,50.0,50.0,49.75806427001953,84600,0.0,0.0,yfinance_raw_daily
2017-07-18,50.0,50.0,50.0,50.0,49.75806427001953,9600,0.0,0.0,yfinance_raw_daily
2017-07-19,50.0,50.0,50.0,50.0,49.75806427001953,882500,0.0,0.0,yfinance_raw_daily
2017-07-20,50.0,50.0,50.0,50.0,49.75806427001953,18900,0.0,0.0,yfinance_raw_daily
2017-07-21,50.0,50.0,50.0,50.0,49.75806427001953,12500,0.0,0.0,yfinance_raw_daily
2017-07-24,50.0,50.0,50.0,50.0,49.75806427001953,58400,0.0,0.0,yfinance_raw_daily
2017-07-25,50.0,50.0,50.0,50.0,49.75806427001953,72800,0.0,0.0,yfinance_raw_daily
2017-07-26,50.0,50.0,50.0,50.0,49.75806427001953,109000,0.0,0.0,yfinance_raw_daily
2017-07-27,50.0,50.0,50.0,50.0,49.75806427001953,43900,0.0,0.0,yfinance_raw_daily
2017-07-28,50.0,50.0,50.0,50.0,49.75806427001953,2848400,0.0,0.0,yfinance_raw_daily
2017-07-31,50.0,50.0,50.0,50.0,49.75806427001953,332400,0.0,0.0,yfinance_raw_daily
2017-08-01,50.0,50.0,50.0,50.0,49.75806427001953,153800,0.0,0.0,yfinance_raw_daily
2017-08-02,50.0,50.0,50.0,50.0,49.75806427001953,55500,0.0,0.0,yfinance_raw_daily
2017-08-03,50.0,50.0,50.0,50.0,49.75806427001953,288700,0.0,0.0,yfinance_raw_daily
2017-08-04,50.0,50.0,50.0,50.0,49.75806427001953,251200,0.0,0.0,yfinance_raw_daily
2017-08-07,50.0,50.0,50.0,50.0,49.75806427001953,13900,0.0,0.0,yfinance_raw_daily
2017-08-08,50.0,50.0,50.0,50.0,49.75806427001953,40500,0.0,0.0,yfinance_raw_daily
2017-08-09,50.0,50.0,50.0,50.0,49.75806427001953,4000,0.0,0.0,yfinance_raw_daily
2017-08-10,50.0,50.0,50.0,50.0,49.75806427001953,156100,0.0,0.0,yfinance_raw_daily
2017-08-11,50.0,50.0,50.0,50.0,49.75806427001953,1900,0.0,0.0,yfinance_raw_daily
2017-08-14,50.0,50.0,50.0,50.0,49.75806427001953,18900,0.0,0.0,yfinance_raw_daily
2017-08-15,50.0,50.0,50.0,50.0,49.75806427001953,56600,0.0,0.0,yfinance_raw_daily
2017-08-16,50.0,50.0,50.0,50.0,49.75806427001953,30500,0.0,0.0,yfinance_raw_daily
2017-08-17,50.0,50.0,50.0,50.0,49.75806427001953,0,0.0,0.0,yfinance_raw_daily
2017-08-18,50.0,50.0,50.0,50.0,49.75806427001953,10500,0.0,0.0,yfinance_raw_daily
2017-08-21,50.0,50.0,50.0,50.0,49.75806427001953,96500,0.0,0.0,yfinance_raw_daily
2017-08-22,50.0,50.0,50.0,50.0,49.75806427001953,264600,0.0,0.0,yfinance_raw_daily
2017-08-23,50.0,50.0,50.0,50.0,49.75806427001953,119300,0.0,0.0,yfinance_raw_daily
2017-08-24,50.0,50.0,50.0,50.0,49.75806427001953,56000,0.0,0.0,yfinance_raw_daily
2017-08-25,50.0,50.0,50.0,50.0,49.75806427001953,1015300,0.0,0.0,yfinance_raw_daily
2017-08-28,50.0,50.0,50.0,50.0,49.75806427001953,870900,0.0,0.0,yfinance_raw_daily
2017-08-29,50.0,50.0,50.0,50.0,49.75806427001953,12200,0.0,0.0,yfinance_raw_daily
2017-08-30,50.0,50.0,50.0,50.0,49.75806427001953,1500,0.0,0.0,yfinance_raw_daily
2017-08-31,50.0,50.0,50.0,50.0,49.75806427001953,149100,0.0,0.0,yfinance_raw_daily
2017-09-01,50.0,50.0,50.0,50.0,49.75806427001953,0,0.0,0.0,yfinance_raw_daily
2017-09-04,50.0,50.0,50.0,50.0,49.75806427001953,31000,0.0,0.0,yfinance_raw_daily
2017-09-05,50.0,50.0,50.0,50.0,49.75806427001953,6700,0.0,0.0,yfinance_raw_daily
2017-09-06,50.0,50.0,50.0,50.0,49.75806427001953,221700,0.0,0.0,yfinance_raw_daily
2017-09-07,50.0,50.0,50.0,50.0,49.75806427001953,11500,0.0,0.0,yfinance_raw_daily
2017-09-08,50.0,50.0,50.0,50.0,49.75806427001953,12700,0.0,0.0,yfinance_raw_daily
2017-09-11,50.0,50.0,50.0,50.0,49.75806427001953,226800,0.0,0.0,yfinance_raw_daily
2017-09-12,50.0,50.0,50.0,50.0,49.75806427001953,170500,0.0,0.0,yfinance_raw_daily
2017-09-13,50.0,50.0,50.0,50.0,49.75806427001953,12000,0.0,0.0,yfinance_raw_daily
2017-09-14,50.0,50.0,50.0,50.0,49.75806427001953,7200,0.0,0.0,yfinance_raw_daily
2017-09-15,50.0,50.0,50.0,50.0,49.75806427001953,19800,0.0,0.0,yfinance_raw_daily
2017-09-18,50.0,50.0,50.0,50.0,49.75806427001953,2050800,0.0,0.0,yfinance_raw_daily
2017-09-19,50.0,50.0,50.0,50.0,49.75806427001953,153200,0.0,0.0,yfinance_raw_daily
2017-09-20,50.0,50.0,50.0,50.0,49.75806427001953,1005500,0.0,0.0,yfinance_raw_daily
2017-09-21,50.0,50.0,50.0,50.0,49.75806427001953,0,0.0,0.0,yfinance_raw_daily
2017-09-22,50.0,50.0,50.0,50.0,49.75806427001953,104200,0.0,0.0,yfinance_raw_daily
2017-09-25,50.0,50.0,50.0,50.0,49.75806427001953,8700,0.0,0.0,yfinance_raw_daily
2017-09-26,50.0,50.0,50.0,50.0,49.75806427001953,1200,0.0,0.0,yfinance_raw_daily
2017-09-27,50.0,50.0,50.0,50.0,49.75806427001953,300,0.0,0.0,yfinance_raw_daily
2017-09-28,50.0,50.0,50.0,50.0,49.75806427001953,2100,0.0,0.0,yfinance_raw_daily
2017-09-29,50.0,50.0,50.0,50.0,49.75806427001953,17300,0.0,0.0,yfinance_raw_daily
2017-10-02,50.0,50.0,50.0,50.0,49.75806427001953,15400,0.0,0.0,yfinance_raw_daily
2017-10-03,50.0,50.0,50.0,50.0,49.75806427001953,32200,0.0,0.0,yfinance_raw_daily
2017-10-04,50.0,50.0,50.0,50.0,49.75806427001953,64800,0.0,0.0,yfinance_raw_daily
2017-10-05,50.0,50.0,50.0,50.0,49.75806427001953,22200,0.0,0.0,yfinance_raw_daily
2017-10-06,50.0,50.0,50.0,50.0,49.75806427001953,1600,0.0,0.0,yfinance_raw_daily
2017-10-09,50.0,50.0,50.0,50.0,49.75806427001953,1300,0.0,0.0,yfinance_raw_daily
2017-10-10,50.0,50.0,50.0,50.0,49.75806427001953,42200,0.0,0.0,yfinance_raw_daily
2017-10-11,50.0,50.0,50.0,50.0,49.75806427001953,500,0.0,0.0,yfinance_raw_daily
2017-10-12,50.0,50.0,50.0,50.0,49.75806427001953,21100,0.0,0.0,yfinance_raw_daily
2017-10-13,50.0,50.0,50.0,50.0,49.75806427001953,300,0.0,0.0,yfinance_raw_daily
2017-10-16,50.0,50.0,50.0,50.0,49.75806427001953,4200,0.0,0.0,yfinance_raw_daily
2017-10-17,50.0,50.0,50.0,50.0,49.75806427001953,0,0.0,0.0,yfinance_raw_daily
2017-10-18,50.0,50.0,50.0,50.0,49.75806427001953,12500,0.0,0.0,yfinance_raw_daily
2017-10-19,50.0,50.0,50.0,50.0,49.75806427001953,7500,0.0,0.0,yfinance_raw_daily
2017-10-20,50.0,50.0,50.0,50.0,49.75806427001953,36600,0.0,0.0,yfinance_raw_daily
2017-10-23,50.0,50.0,50.0,50.0,49.75806427001953,875500,0.0,0.0,yfinance_raw_daily
2017-10-24,50.0,50.0,50.0,50.0,49.75806427001953,2788500,0.0,0.0,yfinance_raw_daily
2017-10-25,50.0,50.0,50.0,50.0,49.75806427001953,204300,0.0,0.0,yfinance_raw_daily
2017-10-26,50.0,50.0,50.0,50.0,49.75806427001953,1768000,0.0,0.0,yfinance_raw_daily
2017-10-27,50.0,50.0,50.0,50.0,49.75806427001953,174300,0.0,0.0,yfinance_raw_daily
2017-10-30,50.0,50.0,50.0,50.0,49.75806427001953,315400,0.0,0.0,yfinance_raw_daily
2017-10-31,50.0,50.0,50.0,50.0,49.75806427001953,23000,0.0,0.0,yfinance_raw_daily
2017-11-01,50.0,50.0,50.0,50.0,49.75806427001953,208200,0.0,0.0,yfinance_raw_daily
2017-11-02,50.0,50.0,50.0,50.0,49.75806427001953,104800,0.0,0.0,yfinance_raw_daily
2017-11-03,50.0,50.0,50.0,50.0,49.75806427001953,5100,0.0,0.0,yfinance_raw_daily
2017-11-06,50.0,50.0,50.0,50.0,49.75806427001953,252000,0.0,0.0,yfinance_raw_daily
2017-11-07,50.0,50.0,50.0,50.0,49.75806427001953,38500,0.0,0.0,yfinance_raw_daily
2017-11-08,50.0,50.0,50.0,50.0,49.75806427001953,700,0.0,0.0,yfinance_raw_daily
2017-11-09,50.0,50.0,50.0,50.0,49.75806427001953,304200,0.0,0.0,yfinance_raw_daily
2017-11-10,50.0,50.0,50.0,50.0,49.75806427001953,400,0.0,0.0,yfinance_raw_daily
2017-11-13,50.0,50.0,50.0,50.0,49.75806427001953,151600,0.0,0.0,yfinance_raw_daily
2017-11-14,50.0,50.0,50.0,50.0,49.75806427001953,20500,0.0,0.0,yfinance_raw_daily
2017-11-15,50.0,50.0,50.0,50.0,49.75806427001953,48500,0.0,0.0,yfinance_raw_daily
2017-11-16,50.0,50.0,50.0,50.0,49.75806427001953,61800,0.0,0.0,yfinance_raw_daily
2017-11-17,50.0,50.0,50.0,50.0,49.75806427001953,65000,0.0,0.0,yfinance_raw_daily
2017-11-20,50.0,50.0,50.0,50.0,49.75806427001953,15300,0.0,0.0,yfinance_raw_daily
2017-11-21,50.0,50.0,50.0,50.0,49.75806427001953,18000,0.0,0.0,yfinance_raw_daily
2017-11-22,50.0,50.0,50.0,50.0,49.75806427001953,58000,0.0,0.0,yfinance_raw_daily
2017-11-23,50.0,50.0,50.0,50.0,49.75806427001953,7290300,0.0,0.0,yfinance_raw_daily
2017-11-24,50.0,50.0,50.0,50.0,49.75806427001953,75900,0.0,0.0,yfinance_raw_daily
2017-11-27,50.0,50.0,50.0,50.0,49.75806427001953,111200,0.0,0.0,yfinance_raw_daily
2017-11-28,50.0,50.0,50.0,50.0,49.75806427001953,8000,0.0,0.0,yfinance_raw_daily
2017-11-29,50.0,50.0,50.0,50.0,49.75806427001953,400,0.0,0.0,yfinance_raw_daily
2017-11-30,50.0,50.0,50.0,50.0,49.75806427001953,1100,0.0,0.0,yfinance_raw_daily
2017-12-01,50.0,50.0,50.0,50.0,49.75806427001953,0,0.0,0.0,yfinance_raw_daily
2017-12-04,50.0,50.0,50.0,50.0,49.75806427001953,2700,0.0,0.0,yfinance_raw_daily
2017-12-05,50.0,50.0,50.0,50.0,49.75806427001953,400,0.0,0.0,yfinance_raw_daily
2017-12-06,50.0,50.0,50.0,50.0,49.75806427001953,1600,0.0,0.0,yfinance_raw_daily
2017-12-07,50.0,50.0,50.0,50.0,49.75806427001953,500,0.0,0.0,yfinance_raw_daily
2017-12-08,50.0,50.0,50.0,50.0,49.75806427001953,6300,0.0,0.0,yfinance_raw_daily
2017-12-11,50.0,50.0,50.0,50.0,49.75806427001953,41500,0.0,0.0,yfinance_raw_daily
2017-12-12,50.0,50.0,50.0,50.0,49.75806427001953,52000,0.0,0.0,yfinance_raw_daily
2017-12-13,50.0,50.0,50.0,50.0,49.75806427001953,50200,0.0,0.0,yfinance_raw_daily
2017-12-14,50.0,50.0,50.0,50.0,49.75806427001953,24000,0.0,0.0,yfinance_raw_daily
2017-12-15,50.0,50.0,50.0,50.0,49.75806427001953,7900,0.0,0.0,yfinance_raw_daily
2017-12-18,50.0,50.0,50.0,50.0,49.75806427001953,6600,0.0,0.0,yfinance_raw_daily
2017-12-19,50.0,50.0,50.0,50.0,49.75806427001953,23000,0.0,0.0,yfinance_raw_daily
2017-12-20,50.0,50.0,50.0,50.0,49.75806427001953,100600,0.0,0.0,yfinance_raw_daily
2017-12-21,50.0,50.0,50.0,50.0,49.75806427001953,6200,0.0,0.0,yfinance_raw_daily
2017-12-22,50.0,50.0,50.0,50.0,49.75806427001953,6000,0.0,0.0,yfinance_raw_daily
2017-12-25,50.0,50.0,50.0,50.0,49.75806427001953,0,0.0,0.0,yfinance_raw_daily
2017-12-26,50.0,50.0,50.0,50.0,49.75806427001953,0,0.0,0.0,yfinance_raw_daily
2017-12-27,50.0,50.0,50.0,50.0,49.75806427001953,11300,0.0,0.0,yfinance_raw_daily
2017-12-28,50.0,50.0,50.0,50.0,49.75806427001953,112800,0.0,0.0,yfinance_raw_daily
2017-12-29,50.0,50.0,50.0,50.0,49.75806427001953,21400,0.0,0.0,yfinance_raw_daily
2018-01-01,50.0,50.0,50.0,50.0,49.75806427001953,0,0.0,0.0,yfinance_raw_daily
2018-01-02,50.0,50.0,50.0,50.0,49.75806427001953,23500,0.0,0.0,yfinance_raw_daily
2018-01-03,50.0,50.0,50.0,50.0,49.75806427001953,30000,0.0,0.0,yfinance_raw_daily
2018-01-04,50.0,50.0,50.0,50.0,49.75806427001953,378700,0.0,0.0,yfinance_raw_daily
2018-01-05,50.0,50.0,50.0,50.0,49.75806427001953,228000,0.0,0.0,yfinance_raw_daily
2018-01-08,50.0,50.0,50.0,50.0,49.75806427001953,67600,0.0,0.0,yfinance_raw_daily
2018-01-09,50.0,50.0,50.0,50.0,49.75806427001953,245400,0.0,0.0,yfinance_raw_daily
2018-01-10,50.0,50.0,50.0,50.0,49.75806427001953,19700,0.0,0.0,yfinance_raw_daily
2018-01-11,50.0,58.0,50.0,54.0,53.73870849609375,1244181300,0.0,0.0,yfinance_raw_daily
2018-01-12,55.0,59.0,50.0,50.0,49.75806427001953,939245800,0.0,0.0,yfinance_raw_daily
2018-01-15,51.0,54.0,50.0,51.0,50.75322723388672,356035300,0.0,0.0,yfinance_raw_daily
2018-01-16,51.0,53.0,50.0,50.0,49.75806427001953,154706300,0.0,0.0,yfinance_raw_daily
2018-01-17,50.0,52.0,50.0,50.0,49.75806427001953,194162300,0.0,0.0,yfinance_raw_daily
2018-01-18,50.0,54.0,50.0,50.0,49.75806427001953,489902300,0.0,0.0,yfinance_raw_daily
2018-01-19,51.0,53.0,50.0,50.0,49.75806427001953,141287700,0.0,0.0,yfinance_raw_daily
2018-01-22,50.0,53.0,50.0,51.0,50.75322723388672,159323500,0.0,0.0,yfinance_raw_daily
2018-01-23,52.0,53.0,50.0,51.0,50.75322723388672,106347300,0.0,0.0,yfinance_raw_daily
2018-01-24,51.0,53.0,50.0,52.0,51.74838638305664,185652000,0.0,0.0,yfinance_raw_daily
2018-01-25,52.0,55.0,52.0,53.0,52.74354934692383,516434700,0.0,0.0,yfinance_raw_daily
2018-01-26,54.0,54.0,51.0,52.0,51.74838638305664,270737300,0.0,0.0,yfinance_raw_daily
2018-01-29,52.0,53.0,51.0,51.0,50.75322723388672,67192600,0.0,0.0,yfinance_raw_daily
2018-01-30,51.0,52.0,50.0,50.0,49.75806427001953,115027300,0.0,0.0,yfinance_raw_daily
2018-01-31,50.0,52.0,50.0,51.0,50.75322723388672,139376700,0.0,0.0,yfinance_raw_daily
2018-02-01,51.0,52.0,50.0,50.0,49.75806427001953,73574700,0.0,0.0,yfinance_raw_daily
2018-02-02,51.0,52.0,50.0,51.0,50.75322723388672,54036700,0.0,0.0,yfinance_raw_daily
2018-02-05,51.0,52.0,50.0,50.0,49.75806427001953,63716100,0.0,0.0,yfinance_raw_daily
2018-02-06,51.0,51.0,50.0,50.0,49.75806427001953,118945900,0.0,0.0,yfinance_raw_daily
2018-02-07,50.0,51.0,50.0,50.0,49.75806427001953,31323700,0.0,0.0,yfinance_raw_daily
2018-02-08,50.0,50.0,50.0,50.0,49.75806427001953,24133500,0.0,0.0,yfinance_raw_daily
2018-02-09,50.0,50.0,50.0,50.0,49.75806427001953,940500,0.0,0.0,yfinance_raw_daily
2018-02-12,50.0,51.0,50.0,50.0,49.75806427001953,104852200,0.0,0.0,yfinance_raw_daily
2018-02-13,50.0,51.0,50.0,50.0,49.75806427001953,102268400,0.0,0.0,yfinance_raw_daily
2018-02-14,50.0,51.0,50.0,50.0,49.75806427001953,29257800,0.0,0.0,yfinance_raw_daily
2018-02-15,50.0,51.0,50.0,50.0,49.75806427001953,22387900,0.0,0.0,yfinance_raw_daily
2018-02-16,50.0,50.0,50.0,50.0,49.75806427001953,0,0.0,0.0,yfinance_raw_daily
2018-02-19,50.0,51.0,50.0,50.0,49.75806427001953,28070200,0.0,0.0,yfinance_raw_daily
2018-02-20,50.0,51.0,50.0,50.0,49.75806427001953,64009700,0.0,0.0,yfinance_raw_daily
2018-02-21,50.0,67.0,50.0,65.0,64.68548583984375,3286432900,0.0,0.0,yfinance_raw_daily
2018-02-22,65.0,68.0,60.0,61.0,60.704837799072266,1956799000,0.0,0.0,yfinance_raw_daily
2018-02-23,62.0,65.0,56.0,58.0,57.719356536865234,626147300,0.0,0.0,yfinance_raw_daily
2018-02-26,59.0,63.0,56.0,60.0,59.709678649902344,601370200,0.0,0.0,yfinance_raw_daily
2018-02-27,61.0,65.0,60.0,60.0,59.709678649902344,717090000,0.0,0.0,yfinance_raw_daily
2018-02-28,60.0,63.0,59.0,61.0,60.704837799072266,382591900,0.0,0.0,yfinance_raw_daily
2018-03-01,60.0,62.0,58.0,59.0,58.714515686035156,237116900,0.0,0.0,yfinance_raw_daily
2018-03-02,58.0,59.0,56.0,56.0,55.729034423828125,191450900,0.0,0.0,yfinance_raw_daily
2018-03-05,57.0,59.0,55.0,55.0,54.73387145996094,377497000,0.0,0.0,yfinance_raw_daily
2018-03-06,56.0,58.0,55.0,57.0,56.72419357299805,289658800,0.0,0.0,yfinance_raw_daily
2018-03-07,57.0,58.0,50.0,53.0,52.74354934692383,711286800,0.0,0.0,yfinance_raw_daily
2018-03-08,54.0,54.0,50.0,52.0,51.74838638305664,328754100,0.0,0.0,yfinance_raw_daily
2018-03-09,52.0,53.0,50.0,51.0,50.75322723388672,168454700,0.0,0.0,yfinance_raw_daily
2018-03-12,51.0,52.0,50.0,50.0,49.75806427001953,104914800,0.0,0.0,yfinance_raw_daily
2018-03-13,50.0,51.0,50.0,50.0,49.75806427001953,135742200,0.0,0.0,yfinance_raw_daily
2018-03-14,50.0,52.0,50.0,50.0,49.75806427001953,388958200,0.0,0.0,yfinance_raw_daily
2018-03-15,50.0,51.0,50.0,50.0,49.75806427001953,115059200,0.0,0.0,yfinance_raw_daily
2018-03-16,50.0,51.0,50.0,50.0,49.75806427001953,60542400,0.0,0.0,yfinance_raw_daily
2018-03-19,50.0,51.0,50.0,50.0,49.75806427001953,73886200,0.0,0.0,yfinance_raw_daily
2018-03-20,50.0,50.0,50.0,50.0,49.75806427001953,6689800,0.0,0.0,yfinance_raw_daily
2018-03-21,50.0,58.0,50.0,55.0,54.73387145996094,873696700,0.0,0.0,yfinance_raw_daily
2018-03-22,55.0,57.0,51.0,51.0,50.75322723388672,354907500,0.0,0.0,yfinance_raw_daily
2018-03-23,51.0,53.0,50.0,51.0,50.75322723388672,194128300,0.0,0.0,yfinance_raw_daily
2018-03-26,52.0,53.0,50.0,51.0,50.75322723388672,171315100,0.0,0.0,yfinance_raw_daily
2018-03-27,51.0,52.0,50.0,50.0,49.75806427001953,172694100,0.0,0.0,yfinance_raw_daily
2018-03-28,50.0,51.0,50.0,50.0,49.75806427001953,265489200,0.0,0.0,yfinance_raw_daily
2018-03-29,50.0,51.0,50.0,50.0,49.75806427001953,45771400,0.0,0.0,yfinance_raw_daily
2018-03-30,50.0,50.0,50.0,50.0,49.75806427001953,0,0.0,0.0,yfinance_raw_daily
2018-04-02,50.0,51.0,50.0,50.0,49.75806427001953,68034400,0.0,0.0,yfinance_raw_daily
2018-04-03,50.0,51.0,50.0,50.0,49.75806427001953,17694400,0.0,0.0,yfinance_raw_daily
2018-04-04,50.0,51.0,50.0,50.0,49.75806427001953,28845500,0.0,0.0,yfinance_raw_daily
2018-04-05,50.0,50.0,50.0,50.0,49.75806427001953,4601200,0.0,0.0,yfinance_raw_daily
2018-04-06,50.0,50.0,50.0,50.0,49.75806427001953,7386600,0.0,0.0,yfinance_raw_daily
2018-04-09,50.0,51.0,50.0,50.0,49.75806427001953,73339300,0.0,0.0,yfinance_raw_daily
2018-04-10,50.0,51.0,50.0,50.0,49.75806427001953,45214200,0.0,0.0,yfinance_raw_daily
2018-04-11,50.0,52.0,50.0,50.0,49.75806427001953,258217900,0.0,0.0,yfinance_raw_daily
2018-04-12,50.0,51.0,50.0,50.0,49.75806427001953,55332600,0.0,0.0,yfinance_raw_daily
2018-04-13,50.0,51.0,50.0,50.0,49.75806427001953,18735200,0.0,0.0,yfinance_raw_daily
2018-04-16,50.0,51.0,50.0,50.0,49.75806427001953,19557700,0.0,0.0,yfinance_raw_daily
2018-04-17,50.0,51.0,50.0,50.0,49.75806427001953,74519100,0.0,0.0,yfinance_raw_daily
2018-04-18,50.0,51.0,50.0,50.0,49.75806427001953,19884100,0.0,0.0,yfinance_raw_daily
2018-04-19,50.0,50.0,50.0,50.0,49.75806427001953,34277800,0.0,0.0,yfinance_raw_daily
2018-04-20,50.0,50.0,50.0,50.0,49.75806427001953,2805000,0.0,0.0,yfinance_raw_daily
2018-04-23,50.0,50.0,50.0,50.0,49.75806427001953,883300,0.0,0.0,yfinance_raw_daily
2018-04-24,50.0,50.0,50.0,50.0,49.75806427001953,243000,0.0,0.0,yfinance_raw_daily
2018-04-25,50.0,50.0,50.0,50.0,49.75806427001953,424800,0.0,0.0,yfinance_raw_daily
2018-04-26,50.0,50.0,50.0,50.0,49.75806427001953,63700,0.0,0.0,yfinance_raw_daily
2018-04-27,50.0,50.0,50.0,50.0,49.75806427001953,15600,0.0,0.0,yfinance_raw_daily
2018-04-30,50.0,50.0,50.0,50.0,49.75806427001953,43800,0.0,0.0,yfinance_raw_daily
2018-05-01,50.0,50.0,50.0,50.0,49.75806427001953,0,0.0,0.0,yfinance_raw_daily
2018-05-02,50.0,50.0,50.0,50.0,49.75806427001953,505300,0.0,0.0,yfinance_raw_daily
2018-05-03,50.0,50.0,50.0,50.0,49.75806427001953,11855800,0.0,0.0,yfinance_raw_daily
2018-05-04,50.0,50.0,50.0,50.0,49.75806427001953,75900,0.0,0.0,yfinance_raw_daily
2018-05-07,50.0,50.0,50.0,50.0,49.75806427001953,8066200,0.0,0.0,yfinance_raw_daily
2018-05-08,50.0,50.0,50.0,50.0,49.75806427001953,551000,0.0,0.0,yfinance_raw_daily
2018-05-09,50.0,50.0,50.0,50.0,49.75806427001953,273500,0.0,0.0,yfinance_raw_daily
2018-05-10,50.0,50.0,50.0,50.0,49.75806427001953,0,0.0,0.0,yfinance_raw_daily
2018-05-11,50.0,50.0,50.0,50.0,49.75806427001953,1081200,0.0,0.0,yfinance_raw_daily
2018-05-14,50.0,50.0,50.0,50.0,49.75806427001953,185500,0.0,0.0,yfinance_raw_daily
2018-05-15,50.0,50.0,50.0,50.0,49.75806427001953,648900,0.0,0.0,yfinance_raw_daily
2018-05-16,50.0,50.0,50.0,50.0,49.75806427001953,17300,0.0,0.0,yfinance_raw_daily
2018-05-17,50.0,50.0,50.0,50.0,49.75806427001953,295300,0.0,0.0,yfinance_raw_daily
2018-05-18,50.0,50.0,50.0,50.0,49.75806427001953,108500,0.0,0.0,yfinance_raw_daily
2018-05-21,50.0,50.0,50.0,50.0,49.75806427001953,192200,0.0,0.0,yfinance_raw_daily
2018-05-22,50.0,50.0,50.0,50.0,49.75806427001953,11100,0.0,0.0,yfinance_raw_daily
2018-05-23,50.0,50.0,50.0,50.0,49.75806427001953,73100,0.0,0.0,yfinance_raw_daily
2018-05-24,50.0,50.0,50.0,50.0,49.75806427001953,64900,0.0,0.0,yfinance_raw_daily
2018-05-25,50.0,50.0,50.0,50.0,49.75806427001953,144500,0.0,0.0,yfinance_raw_daily
2018-05-28,50.0,50.0,50.0,50.0,49.75806427001953,14175900,0.0,0.0,yfinance_raw_daily
2018-05-29,50.0,50.0,50.0,50.0,49.75806427001953,0,0.0,0.0,yfinance_raw_daily
2018-05-30,50.0,50.0,50.0,50.0,49.75806427001953,58100,0.0,0.0,yfinance_raw_daily
2018-05-31,50.0,50.0,50.0,50.0,49.75806427001953,109600,0.0,0.0,yfinance_raw_daily
2018-06-01,50.0,50.0,50.0,50.0,49.75806427001953,0,0.0,0.0,yfinance_raw_daily
2018-06-04,50.0,50.0,50.0,50.0,49.75806427001953,10800,0.0,0.0,yfinance_raw_daily
2018-06-05,50.0,50.0,50.0,50.0,49.75806427001953,176200,0.0,0.0,yfinance_raw_daily
2018-06-06,50.0,50.0,50.0,50.0,49.75806427001953,1208200,0.0,0.0,yfinance_raw_daily
2018-06-07,50.0,50.0,50.0,50.0,49.75806427001953,18300,0.0,0.0,yfinance_raw_daily
2018-06-08,50.0,50.0,50.0,50.0,49.75806427001953,2100,0.0,0.0,yfinance_raw_daily
2018-06-11,50.0,50.0,50.0,50.0,49.75806427001953,0,0.0,0.0,yfinance_raw_daily
2018-06-12,50.0,50.0,50.0,50.0,49.75806427001953,0,0.0,0.0,yfinance_raw_daily
2018-06-13,50.0,50.0,50.0,50.0,49.75806427001953,0,0.0,0.0,yfinance_raw_daily
2018-06-14,50.0,50.0,50.0,50.0,49.75806427001953,0,0.0,0.0,yfinance_raw_daily
2018-06-15,50.0,50.0,50.0,50.0,49.75806427001953,0,0.0,0.0,yfinance_raw_daily
2018-06-18,50.0,50.0,50.0,50.0,49.75806427001953,0,0.0,0.0,yfinance_raw_daily
2018-06-19,50.0,50.0,50.0,50.0,49.75806427001953,0,0.0,0.0,yfinance_raw_daily
2018-06-20,50.0,50.0,50.0,50.0,49.75806427001953,33100,0.0,0.0,yfinance_raw_daily
2018-06-21,50.0,50.0,50.0,50.0,49.75806427001953,33100,0.0,0.0,yfinance_raw_daily
2018-06-22,50.0,50.0,50.0,50.0,49.75806427001953,137300,0.0,0.0,yfinance_raw_daily
2018-06-25,50.0,50.0,50.0,50.0,49.75806427001953,13700,0.0,0.0,yfinance_raw_daily
2018-06-26,50.0,50.0,50.0,50.0,49.75806427001953,101700,0.0,0.0,yfinance_raw_daily
2018-06-27,50.0,50.0,50.0,50.0,49.75806427001953,3900,0.0,0.0,yfinance_raw_daily
2018-06-28,50.0,50.0,50.0,50.0,49.75806427001953,2200,0.0,0.0,yfinance_raw_daily
2018-06-29,50.0,50.0,50.0,50.0,49.75806427001953,37400,0.0,0.0,yfinance_raw_daily
2018-07-02,50.0,50.0,50.0,50.0,49.75806427001953,3700,0.0,0.0,yfinance_raw_daily
2018-07-03,50.0,50.0,50.0,50.0,49.75806427001953,30900,0.0,0.0,yfinance_raw_daily
2018-07-04,50.0,50.0,50.0,50.0,49.75806427001953,2900,0.0,0.0,yfinance_raw_daily
2018-07-05,50.0,50.0,50.0,50.0,49.75806427001953,12100,0.0,0.0,yfinance_raw_daily
2018-07-06,50.0,50.0,50.0,50.0,49.75806427001953,28200,0.0,0.0,yfinance_raw_daily
2018-07-09,50.0,50.0,50.0,50.0,49.75806427001953,21100,0.0,0.0,yfinance_raw_daily
2018-07-10,50.0,50.0,50.0,50.0,49.75806427001953,297300,0.0,0.0,yfinance_raw_daily
2018-07-11,50.0,50.0,50.0,50.0,49.75806427001953,7568800,0.0,0.0,yfinance_raw_daily
2018-07-12,50.0,50.0,50.0,50.0,49.75806427001953,189700,0.0,0.0,yfinance_raw_daily
2018-07-13,50.0,50.0,50.0,50.0,49.75806427001953,131400,0.0,0.0,yfinance_raw_daily
2018-07-16,50.0,50.0,50.0,50.0,49.75806427001953,102200,0.0,0.0,yfinance_raw_daily
2018-07-17,50.0,50.0,50.0,50.0,49.75806427001953,27500,0.0,0.0,yfinance_raw_daily
2018-07-18,50.0,50.0,50.0,50.0,49.75806427001953,116900,0.0,0.0,yfinance_raw_daily
2018-07-19,50.0,50.0,50.0,50.0,49.75806427001953,26100,0.0,0.0,yfinance_raw_daily
2018-07-20,50.0,50.0,50.0,50.0,49.75806427001953,400,0.0,0.0,yfinance_raw_daily
2018-07-23,50.0,50.0,50.0,50.0,49.75806427001953,28300,0.0,0.0,yfinance_raw_daily
2018-07-24,50.0,50.0,50.0,50.0,49.75806427001953,24700,0.0,0.0,yfinance_raw_daily
2018-07-25,50.0,50.0,50.0,50.0,49.75806427001953,79800,0.0,0.0,yfinance_raw_daily
2018-07-26,50.0,50.0,50.0,50.0,49.75806427001953,792700,0.0,0.0,yfinance_raw_daily
2018-07-27,50.0,50.0,50.0,50.0,49.75806427001953,229300,0.0,0.0,yfinance_raw_daily
2018-07-30,50.0,50.0,50.0,50.0,49.75806427001953,5200,0.0,0.0,yfinance_raw_daily
2018-07-31,50.0,50.0,50.0,50.0,49.75806427001953,77600,0.0,0.0,yfinance_raw_daily
2018-08-01,50.0,50.0,50.0,50.0,49.75806427001953,16200,0.0,0.0,yfinance_raw_daily
2018-08-02,50.0,50.0,50.0,50.0,49.75806427001953,320700,0.0,0.0,yfinance_raw_daily
2018-08-03,50.0,50.0,50.0,50.0,49.75806427001953,7300,0.0,0.0,yfinance_raw_daily
2018-08-06,50.0,50.0,50.0,50.0,49.75806427001953,61000,0.0,0.0,yfinance_raw_daily
2018-08-07,50.0,50.0,50.0,50.0,49.75806427001953,600,0.0,0.0,yfinance_raw_daily
2018-08-08,50.0,50.0,50.0,50.0,49.75806427001953,800,0.0,0.0,yfinance_raw_daily
2018-08-09,50.0,50.0,50.0,50.0,49.75806427001953,15100,0.0,0.0,yfinance_raw_daily
2018-08-10,50.0,50.0,50.0,50.0,49.75806427001953,10900,0.0,0.0,yfinance_raw_daily
2018-08-13,50.0,50.0,50.0,50.0,49.75806427001953,100,0.0,0.0,yfinance_raw_daily
2018-08-14,50.0,50.0,50.0,50.0,49.75806427001953,81000,0.0,0.0,yfinance_raw_daily
2018-08-15,50.0,50.0,50.0,50.0,49.75806427001953,1400,0.0,0.0,yfinance_raw_daily
2018-08-16,50.0,50.0,50.0,50.0,49.75806427001953,1400,0.0,0.0,yfinance_raw_daily
2018-08-17,50.0,50.0,50.0,50.0,49.75806427001953,0,0.0,0.0,yfinance_raw_daily
2018-08-20,50.0,50.0,50.0,50.0,49.75806427001953,627600,0.0,0.0,yfinance_raw_daily
2018-08-21,50.0,50.0,50.0,50.0,49.75806427001953,1400,0.0,0.0,yfinance_raw_daily
2018-08-22,50.0,50.0,50.0,50.0,49.75806427001953,0,0.0,0.0,yfinance_raw_daily
2018-08-23,50.0,50.0,50.0,50.0,49.75806427001953,16700,0.0,0.0,yfinance_raw_daily
2018-08-24,50.0,50.0,50.0,50.0,49.75806427001953,4800,0.0,0.0,yfinance_raw_daily
2018-08-27,50.0,50.0,50.0,50.0,49.75806427001953,34900,0.0,0.0,yfinance_raw_daily
2018-08-28,50.0,50.0,50.0,50.0,49.75806427001953,122900,0.0,0.0,yfinance_raw_daily
2018-08-29,50.0,50.0,50.0,50.0,49.75806427001953,9300,0.0,0.0,yfinance_raw_daily
2018-08-30,50.0,50.0,50.0,50.0,49.75806427001953,51400,0.0,0.0,yfinance_raw_daily
2018-08-31,50.0,50.0,50.0,50.0,49.75806427001953,14400,0.0,0.0,yfinance_raw_daily
2018-09-03,50.0,50.0,50.0,50.0,49.75806427001953,2700,0.0,0.0,yfinance_raw_daily
2018-09-04,50.0,50.0,50.0,50.0,49.75806427001953,1600,0.0,0.0,yfinance_raw_daily
2018-09-05,50.0,50.0,50.0,50.0,49.75806427001953,60700,0.0,0.0,yfinance_raw_daily
2018-09-06,50.0,50.0,50.0,50.0,49.75806427001953,1200,0.0,0.0,yfinance_raw_daily
2018-09-07,50.0,50.0,50.0,50.0,49.75806427001953,200,0.0,0.0,yfinance_raw_daily
2018-09-10,50.0,50.0,50.0,50.0,49.75806427001953,168600,0.0,0.0,yfinance_raw_daily
2018-09-11,50.0,50.0,50.0,50.0,49.75806427001953,0,0.0,0.0,yfinance_raw_daily
2018-09-12,50.0,50.0,50.0,50.0,49.75806427001953,1024600,0.0,0.0,yfinance_raw_daily
2018-09-13,50.0,50.0,50.0,50.0,49.75806427001953,200,0.0,0.0,yfinance_raw_daily
2018-09-14,50.0,50.0,50.0,50.0,49.75806427001953,25000,0.0,0.0,yfinance_raw_daily
2018-09-17,50.0,50.0,50.0,50.0,49.75806427001953,100,0.0,0.0,yfinance_raw_daily
2018-09-18,50.0,50.0,50.0,50.0,49.75806427001953,200,0.0,0.0,yfinance_raw_daily
2018-09-19,50.0,50.0,50.0,50.0,49.75806427001953,6100,0.0,0.0,yfinance_raw_daily
2018-09-20,50.0,50.0,50.0,50.0,49.75806427001953,300,0.0,0.0,yfinance_raw_daily
2018-09-21,50.0,50.0,50.0,50.0,49.75806427001953,14000,0.0,0.0,yfinance_raw_daily
2018-09-24,50.0,50.0,50.0,50.0,49.75806427001953,900,0.0,0.0,yfinance_raw_daily
2018-09-25,50.0,50.0,50.0,50.0,49.75806427001953,8900,0.0,0.0,yfinance_raw_daily
2018-09-26,50.0,50.0,50.0,50.0,49.75806427001953,14700,0.0,0.0,yfinance_raw_daily
2018-09-27,50.0,50.0,50.0,50.0,49.75806427001953,3400,0.0,0.0,yfinance_raw_daily
2018-09-28,50.0,50.0,50.0,50.0,49.75806427001953,6700,0.0,0.0,yfinance_raw_daily
2018-10-01,50.0,50.0,50.0,50.0,49.75806427001953,29300,0.0,0.0,yfinance_raw_daily
2018-10-02,50.0,50.0,50.0,50.0,49.75806427001953,25700,0.0,0.0,yfinance_raw_daily
2018-10-03,50.0,50.0,50.0,50.0,49.75806427001953,37100,0.0,0.0,yfinance_raw_daily
2018-10-04,50.0,50.0,50.0,50.0,49.75806427001953,1100,0.0,0.0,yfinance_raw_daily
2018-10-05,50.0,50.0,50.0,50.0,49.75806427001953,1700,0.0,0.0,yfinance_raw_daily
2018-10-08,50.0,50.0,50.0,50.0,49.75806427001953,100,0.0,0.0,yfinance_raw_daily
2018-10-09,50.0,50.0,50.0,50.0,49.75806427001953,900,0.0,0.0,yfinance_raw_daily
2018-10-10,50.0,50.0,50.0,50.0,49.75806427001953,40300,0.0,0.0,yfinance_raw_daily
2018-10-11,50.0,50.0,50.0,50.0,49.75806427001953,800,0.0,0.0,yfinance_raw_daily
2018-10-12,50.0,50.0,50.0,50.0,49.75806427001953,11700,0.0,0.0,yfinance_raw_daily
2018-10-15,50.0,50.0,50.0,50.0,49.75806427001953,115200,0.0,0.0,yfinance_raw_daily
2018-10-16,50.0,50.0,50.0,50.0,49.75806427001953,1000,0.0,0.0,yfinance_raw_daily
2018-10-17,50.0,50.0,50.0,50.0,49.75806427001953,1500,0.0,0.0,yfinance_raw_daily
2018-10-18,50.0,50.0,50.0,50.0,49.75806427001953,10300,0.0,0.0,yfinance_raw_daily
2018-10-19,50.0,50.0,50.0,50.0,49.75806427001953,1600,0.0,0.0,yfinance_raw_daily
2018-10-22,50.0,50.0,50.0,50.0,49.75806427001953,1000,0.0,0.0,yfinance_raw_daily
2018-10-23,50.0,50.0,50.0,50.0,49.75806427001953,300,0.0,0.0,yfinance_raw_daily
2018-10-24,50.0,50.0,50.0,50.0,49.75806427001953,5000,0.0,0.0,yfinance_raw_daily
2018-10-25,50.0,50.0,50.0,50.0,49.75806427001953,4500,0.0,0.0,yfinance_raw_daily
2018-10-26,50.0,50.0,50.0,50.0,49.75806427001953,1296500,0.0,0.0,yfinance_raw_daily
2018-10-29,50.0,50.0,50.0,50.0,49.75806427001953,20200,0.0,0.0,yfinance_raw_daily
2018-10-30,50.0,50.0,50.0,50.0,49.75806427001953,209000,0.0,0.0,yfinance_raw_daily
2018-10-31,50.0,50.0,50.0,50.0,49.75806427001953,100900,0.0,0.0,yfinance_raw_daily
2018-11-01,50.0,50.0,50.0,50.0,49.75806427001953,8200,0.0,0.0,yfinance_raw_daily
2018-11-02,50.0,50.0,50.0,50.0,49.75806427001953,14300,0.0,0.0,yfinance_raw_daily
2018-11-05,50.0,50.0,50.0,50.0,49.75806427001953,7000,0.0,0.0,yfinance_raw_daily
2018-11-06,50.0,50.0,50.0,50.0,49.75806427001953,1600,0.0,0.0,yfinance_raw_daily
2018-11-07,50.0,50.0,50.0,50.0,49.75806427001953,203000,0.0,0.0,yfinance_raw_daily
2018-11-08,50.0,50.0,50.0,50.0,49.75806427001953,6300,0.0,0.0,yfinance_raw_daily
2018-11-09,50.0,50.0,50.0,50.0,49.75806427001953,1900,0.0,0.0,yfinance_raw_daily
2018-11-12,50.0,50.0,50.0,50.0,49.75806427001953,700,0.0,0.0,yfinance_raw_daily
2018-11-13,50.0,50.0,50.0,50.0,49.75806427001953,500,0.0,0.0,yfinance_raw_daily
2018-11-14,50.0,50.0,50.0,50.0,49.75806427001953,600,0.0,0.0,yfinance_raw_daily
2018-11-15,50.0,50.0,50.0,50.0,49.75806427001953,2800,0.0,0.0,yfinance_raw_daily
2018-11-16,50.0,50.0,50.0,50.0,49.75806427001953,2000,0.0,0.0,yfinance_raw_daily
2018-11-19,50.0,50.0,50.0,50.0,49.75806427001953,1300,0.0,0.0,yfinance_raw_daily
2018-11-20,50.0,50.0,50.0,50.0,49.75806427001953,0,0.0,0.0,yfinance_raw_daily
2018-11-21,50.0,50.0,50.0,50.0,49.75806427001953,583200,0.0,0.0,yfinance_raw_daily
2018-11-22,50.0,50.0,50.0,50.0,49.75806427001953,142300,0.0,0.0,yfinance_raw_daily
2018-11-23,50.0,50.0,50.0,50.0,49.75806427001953,2200,0.0,0.0,yfinance_raw_daily
2018-11-26,50.0,50.0,50.0,50.0,49.75806427001953,800,0.0,0.0,yfinance_raw_daily
2018-11-27,50.0,50.0,50.0,50.0,49.75806427001953,2000,0.0,0.0,yfinance_raw_daily
2018-11-28,50.0,50.0,50.0,50.0,49.75806427001953,4300,0.0,0.0,yfinance_raw_daily
2018-11-29,50.0,50.0,50.0,50.0,49.75806427001953,13000,0.0,0.0,yfinance_raw_daily
2018-11-30,50.0,50.0,50.0,50.0,49.75806427001953,1100,0.0,0.0,yfinance_raw_daily
2018-12-03,50.0,50.0,50.0,50.0,49.75806427001953,25000,0.0,0.0,yfinance_raw_daily
2018-12-04,50.0,50.0,50.0,50.0,49.75806427001953,5100,0.0,0.0,yfinance_raw_daily
2018-12-05,50.0,50.0,50.0,50.0,49.75806427001953,79200,0.0,0.0,yfinance_raw_daily
2018-12-06,50.0,50.0,50.0,50.0,49.75806427001953,1700,0.0,0.0,yfinance_raw_daily
2018-12-07,50.0,50.0,50.0,50.0,49.75806427001953,10300,0.0,0.0,yfinance_raw_daily
2018-12-10,50.0,50.0,50.0,50.0,49.75806427001953,2100,0.0,0.0,yfinance_raw_daily
2018-12-11,50.0,50.0,50.0,50.0,49.75806427001953,800,0.0,0.0,yfinance_raw_daily
2018-12-12,50.0,50.0,50.0,50.0,49.75806427001953,2600,0.0,0.0,yfinance_raw_daily
2018-12-13,50.0,50.0,50.0,50.0,49.75806427001953,900,0.0,0.0,yfinance_raw_daily
2018-12-14,50.0,50.0,50.0,50.0,49.75806427001953,700,0.0,0.0,yfinance_raw_daily
2018-12-17,50.0,50.0,50.0,50.0,49.75806427001953,700,0.0,0.0,yfinance_raw_daily
2018-12-18,50.0,50.0,50.0,50.0,49.75806427001953,600,0.0,0.0,yfinance_raw_daily
2018-12-19,50.0,50.0,50.0,50.0,49.75806427001953,215300,0.0,0.0,yfinance_raw_daily
2018-12-20,50.0,50.0,50.0,50.0,49.75806427001953,5900,0.0,0.0,yfinance_raw_daily
2018-12-21,50.0,50.0,50.0,50.0,49.75806427001953,32200,0.0,0.0,yfinance_raw_daily
2018-12-24,50.0,50.0,50.0,50.0,49.75806427001953,0,0.0,0.0,yfinance_raw_daily
2018-12-25,50.0,50.0,50.0,50.0,49.75806427001953,0,0.0,0.0,yfinance_raw_daily
2018-12-26,50.0,50.0,50.0,50.0,49.75806427001953,24000,0.0,0.0,yfinance_raw_daily
2018-12-27,50.0,50.0,50.0,50.0,49.75806427001953,30400,0.0,0.0,yfinance_raw_daily
2018-12-28,50.0,50.0,50.0,50.0,49.75806427001953,9600,0.0,0.0,yfinance_raw_daily
2018-12-31,50.0,50.0,50.0,50.0,49.75806427001953,0,0.0,0.0,yfinance_raw_daily
2019-01-01,50.0,50.0,50.0,50.0,49.75806427001953,0,0.0,0.0,yfinance_raw_daily
2019-01-02,50.0,50.0,50.0,50.0,49.75806427001953,0,0.0,0.0,yfinance_raw_daily
2019-01-03,50.0,50.0,50.0,50.0,49.75806427001953,100,0.0,0.0,yfinance_raw_daily
2019-01-04,50.0,50.0,50.0,50.0,49.75806427001953,6700,0.0,0.0,yfinance_raw_daily
2019-01-07,50.0,50.0,50.0,50.0,49.75806427001953,653700,0.0,0.0,yfinance_raw_daily
2019-01-08,50.0,50.0,50.0,50.0,49.75806427001953,65400,0.0,0.0,yfinance_raw_daily
2019-01-09,50.0,50.0,50.0,50.0,49.75806427001953,32100,0.0,0.0,yfinance_raw_daily
2019-01-10,50.0,50.0,50.0,50.0,49.75806427001953,324600,0.0,0.0,yfinance_raw_daily
2019-01-11,50.0,50.0,50.0,50.0,49.75806427001953,2242400,0.0,0.0,yfinance_raw_daily
2019-01-14,50.0,50.0,50.0,50.0,49.75806427001953,500000,0.0,0.0,yfinance_raw_daily
2019-01-15,50.0,50.0,50.0,50.0,49.75806427001953,273900,0.0,0.0,yfinance_raw_daily
2019-01-16,50.0,50.0,50.0,50.0,49.75806427001953,1632000,0.0,0.0,yfinance_raw_daily
2019-01-17,50.0,50.0,50.0,50.0,49.75806427001953,3967600,0.0,0.0,yfinance_raw_daily
2019-01-18,50.0,50.0,50.0,50.0,49.75806427001953,1160300,0.0,0.0,yfinance_raw_daily
2019-01-21,50.0,50.0,50.0,50.0,49.75806427001953,194700,0.0,0.0,yfinance_raw_daily
2019-01-22,50.0,50.0,50.0,50.0,49.75806427001953,11700,0.0,0.0,yfinance_raw_daily
2019-01-23,50.0,50.0,50.0,50.0,49.75806427001953,25300,0.0,0.0,yfinance_raw_daily
2019-01-24,50.0,50.0,50.0,50.0,49.75806427001953,31100,0.0,0.0,yfinance_raw_daily
2019-01-25,50.0,50.0,50.0,50.0,49.75806427001953,28200,0.0,0.0,yfinance_raw_daily
2019-01-28,50.0,50.0,50.0,50.0,49.75806427001953,18200,0.0,0.0,yfinance_raw_daily
2019-01-29,50.0,50.0,50.0,50.0,49.75806427001953,51900,0.0,0.0,yfinance_raw_daily
2019-01-30,50.0,50.0,50.0,50.0,49.75806427001953,69600,0.0,0.0,yfinance_raw_daily
2019-01-31,50.0,50.0,50.0,50.0,49.75806427001953,62500,0.0,0.0,yfinance_raw_daily
2019-02-01,50.0,50.0,50.0,50.0,49.75806427001953,1500,0.0,0.0,yfinance_raw_daily
2019-02-04,50.0,50.0,50.0,50.0,49.75806427001953,26800,0.0,0.0,yfinance_raw_daily
2019-02-05,50.0,50.0,50.0,50.0,49.75806427001953,0,0.0,0.0,yfinance_raw_daily
2019-02-06,50.0,50.0,50.0,50.0,49.75806427001953,60600,0.0,0.0,yfinance_raw_daily
2019-02-07,50.0,50.0,50.0,50.0,49.75806427001953,148500,0.0,0.0,yfinance_raw_daily
2019-02-08,50.0,50.0,50.0,50.0,49.75806427001953,100,0.0,0.0,yfinance_raw_daily
2019-02-11,50.0,50.0,50.0,50.0,49.75806427001953,48700,0.0,0.0,yfinance_raw_daily
2019-02-12,50.0,50.0,50.0,50.0,49.75806427001953,2800,0.0,0.0,yfinance_raw_daily
2019-02-13,50.0,50.0,50.0,50.0,49.75806427001953,126400,0.0,0.0,yfinance_raw_daily
2019-02-14,50.0,50.0,50.0,50.0,49.75806427001953,118900,0.0,0.0,yfinance_raw_daily
2019-02-15,50.0,50.0,50.0,50.0,49.75806427001953,8800,0.0,0.0,yfinance_raw_daily
2019-02-18,50.0,50.0,50.0,50.0,49.75806427001953,11500,0.0,0.0,yfinance_raw_daily
2019-02-19,50.0,50.0,50.0,50.0,49.75806427001953,40200,0.0,0.0,yfinance_raw_daily
2019-02-20,50.0,50.0,50.0,50.0,49.75806427001953,6400,0.0,0.0,yfinance_raw_daily
2019-02-21,50.0,50.0,50.0,50.0,49.75806427001953,25000,0.0,0.0,yfinance_raw_daily
2019-02-22,50.0,50.0,50.0,50.0,49.75806427001953,0,0.0,0.0,yfinance_raw_daily
2019-02-25,50.0,50.0,50.0,50.0,49.75806427001953,101100,0.0,0.0,yfinance_raw_daily
2019-02-26,50.0,50.0,50.0,50.0,49.75806427001953,14600,0.0,0.0,yfinance_raw_daily
2019-02-27,50.0,50.0,50.0,50.0,49.75806427001953,24200,0.0,0.0,yfinance_raw_daily
2019-02-28,50.0,50.0,50.0,50.0,49.75806427001953,15000,0.0,0.0,yfinance_raw_daily
2019-03-01,50.0,50.0,50.0,50.0,49.75806427001953,10100,0.0,0.0,yfinance_raw_daily
2019-03-04,50.0,50.0,50.0,50.0,49.75806427001953,601800,0.0,0.0,yfinance_raw_daily
2019-03-05,50.0,50.0,50.0,50.0,49.75806427001953,10700,0.0,0.0,yfinance_raw_daily
2019-03-06,50.0,50.0,50.0,50.0,49.75806427001953,27500,0.0,0.0,yfinance_raw_daily
2019-03-07,50.0,50.0,50.0,50.0,49.75806427001953,0,0.0,0.0,yfinance_raw_daily
2019-03-08,50.0,50.0,50.0,50.0,49.75806427001953,516000,0.0,0.0,yfinance_raw_daily
2019-03-11,50.0,50.0,50.0,50.0,49.75806427001953,8500,0.0,0.0,yfinance_raw_daily
2019-03-12,50.0,50.0,50.0,50.0,49.75806427001953,170200,0.0,0.0,yfinance_raw_daily
2019-03-13,50.0,50.0,50.0,50.0,49.75806427001953,165000,0.0,0.0,yfinance_raw_daily
2019-03-14,50.0,50.0,50.0,50.0,49.75806427001953,1000,0.0,0.0,yfinance_raw_daily
2019-03-15,50.0,50.0,50.0,50.0,49.75806427001953,21400,0.0,0.0,yfinance_raw_daily
2019-03-18,50.0,50.0,50.0,50.0,49.75806427001953,550400,0.0,0.0,yfinance_raw_daily
2019-03-19,50.0,50.0,50.0,50.0,49.75806427001953,100,0.0,0.0,yfinance_raw_daily
2019-03-20,50.0,50.0,50.0,50.0,49.75806427001953,700,0.0,0.0,yfinance_raw_daily
2019-03-21,50.0,50.0,50.0,50.0,49.75806427001953,60600,0.0,0.0,yfinance_raw_daily
2019-03-22,50.0,50.0,50.0,50.0,49.75806427001953,70900,0.0,0.0,yfinance_raw_daily
2019-03-25,50.0,50.0,50.0,50.0,49.75806427001953,400,0.0,0.0,yfinance_raw_daily
2019-03-26,50.0,50.0,50.0,50.0,49.75806427001953,11700,0.0,0.0,yfinance_raw_daily
2019-03-27,50.0,50.0,50.0,50.0,49.75806427001953,1400,0.0,0.0,yfinance_raw_daily
2019-03-28,50.0,50.0,50.0,50.0,49.75806427001953,1100,0.0,0.0,yfinance_raw_daily
2019-03-29,50.0,50.0,50.0,50.0,49.75806427001953,11300,0.0,0.0,yfinance_raw_daily
2019-04-01,50.0,50.0,50.0,50.0,49.75806427001953,13600,0.0,0.0,yfinance_raw_daily
2019-04-02,50.0,50.0,50.0,50.0,49.75806427001953,1200,0.0,0.0,yfinance_raw_daily
2019-04-03,50.0,50.0,50.0,50.0,49.75806427001953,0,0.0,0.0,yfinance_raw_daily
2019-04-04,50.0,50.0,50.0,50.0,49.75806427001953,6800,0.0,0.0,yfinance_raw_daily
2019-04-05,50.0,50.0,50.0,50.0,49.75806427001953,18600,0.0,0.0,yfinance_raw_daily
2019-04-08,50.0,50.0,50.0,50.0,49.75806427001953,100,0.0,0.0,yfinance_raw_daily
2019-04-09,50.0,50.0,50.0,50.0,49.75806427001953,300,0.0,0.0,yfinance_raw_daily
2019-04-10,50.0,50.0,50.0,50.0,49.75806427001953,1600,0.0,0.0,yfinance_raw_daily
2019-04-11,50.0,50.0,50.0,50.0,49.75806427001953,100,0.0,0.0,yfinance_raw_daily
2019-04-12,50.0,50.0,50.0,50.0,49.75806427001953,100,0.0,0.0,yfinance_raw_daily
2019-04-15,50.0,50.0,50.0,50.0,49.75806427001953,6600,0.0,0.0,yfinance_raw_daily
2019-04-16,50.0,50.0,50.0,50.0,49.75806427001953,100,0.0,0.0,yfinance_raw_daily
2019-04-17,50.0,50.0,50.0,50.0,49.75806427001953,0,0.0,0.0,yfinance_raw_daily
2019-04-18,50.0,50.0,50.0,50.0,49.75806427001953,384400,0.0,0.0,yfinance_raw_daily
2019-04-19,50.0,50.0,50.0,50.0,49.75806427001953,0,0.0,0.0,yfinance_raw_daily
2019-04-22,50.0,50.0,50.0,50.0,49.75806427001953,1800,0.0,0.0,yfinance_raw_daily
2019-04-23,50.0,50.0,50.0,50.0,49.75806427001953,1700,0.0,0.0,yfinance_raw_daily
2019-04-24,50.0,50.0,50.0,50.0,49.75806427001953,7500,0.0,0.0,yfinance_raw_daily
2019-04-25,50.0,50.0,50.0,50.0,49.75806427001953,21600,0.0,0.0,yfinance_raw_daily
2019-04-26,50.0,50.0,50.0,50.0,49.75806427001953,100,0.0,0.0,yfinance_raw_daily
2019-04-29,50.0,50.0,50.0,50.0,49.75806427001953,100,0.0,0.0,yfinance_raw_daily
2019-04-30,50.0,50.0,50.0,50.0,49.75806427001953,20200,0.0,0.0,yfinance_raw_daily
2019-05-01,50.0,50.0,50.0,50.0,49.75806427001953,0,0.0,0.0,yfinance_raw_daily
2019-05-02,50.0,50.0,50.0,50.0,49.75806427001953,11100,0.0,0.0,yfinance_raw_daily
2019-05-03,50.0,50.0,50.0,50.0,49.75806427001953,11100,0.0,0.0,yfinance_raw_daily
2019-05-06,50.0,50.0,50.0,50.0,49.75806427001953,5200,0.0,0.0,yfinance_raw_daily
2019-05-07,50.0,50.0,50.0,50.0,49.75806427001953,9000,0.0,0.0,yfinance_raw_daily
2019-05-08,50.0,50.0,50.0,50.0,49.75806427001953,1200,0.0,0.0,yfinance_raw_daily
2019-05-09,50.0,50.0,50.0,50.0,49.75806427001953,11100,0.0,0.0,yfinance_raw_daily
2019-05-10,50.0,50.0,50.0,50.0,49.75806427001953,2900,0.0,0.0,yfinance_raw_daily
2019-05-13,50.0,50.0,50.0,50.0,49.75806427001953,0,0.0,0.0,yfinance_raw_daily
2019-05-14,50.0,50.0,50.0,50.0,49.75806427001953,82300,0.0,0.0,yfinance_raw_daily
2019-05-15,50.0,50.0,50.0,50.0,49.75806427001953,100,0.0,0.0,yfinance_raw_daily
2019-05-16,50.0,50.0,50.0,50.0,49.75806427001953,31900,0.0,0.0,yfinance_raw_daily
2019-05-17,50.0,50.0,50.0,50.0,49.75806427001953,1200,0.0,0.0,yfinance_raw_daily
2019-05-20,50.0,50.0,50.0,50.0,49.75806427001953,10600,0.0,0.0,yfinance_raw_daily
2019-05-21,50.0,50.0,50.0,50.0,49.75806427001953,1100,0.0,0.0,yfinance_raw_daily
2019-05-22,50.0,50.0,50.0,50.0,49.75806427001953,300,0.0,0.0,yfinance_raw_daily
2019-05-23,50.0,50.0,50.0,50.0,49.75806427001953,0,0.0,0.0,yfinance_raw_daily
2019-05-24,50.0,50.0,50.0,50.0,49.75806427001953,400,0.0,0.0,yfinance_raw_daily
2019-05-27,50.0,50.0,50.0,50.0,49.75806427001953,200,0.0,0.0,yfinance_raw_daily
2019-05-28,50.0,50.0,50.0,50.0,49.75806427001953,27400,0.0,0.0,yfinance_raw_daily
2019-05-29,50.0,50.0,50.0,50.0,49.75806427001953,12900,0.0,0.0,yfinance_raw_daily
2019-05-30,50.0,50.0,50.0,50.0,49.75806427001953,0,0.0,0.0,yfinance_raw_daily
2019-05-31,50.0,50.0,50.0,50.0,49.75806427001953,500,0.0,0.0,yfinance_raw_daily
2019-06-03,50.0,50.0,50.0,50.0,49.75806427001953,0,0.0,0.0,yfinance_raw_daily
2019-06-04,50.0,50.0,50.0,50.0,49.75806427001953,0,0.0,0.0,yfinance_raw_daily
2019-06-05,50.0,50.0,50.0,50.0,49.75806427001953,0,0.0,0.0,yfinance_raw_daily
2019-06-06,50.0,50.0,50.0,50.0,49.75806427001953,0,0.0,0.0,yfinance_raw_daily
2019-06-07,50.0,50.0,50.0,50.0,49.75806427001953,0,0.0,0.0,yfinance_raw_daily
2019-06-10,50.0,50.0,50.0,50.0,49.75806427001953,3000,0.0,0.0,yfinance_raw_daily
2019-06-11,50.0,50.0,50.0,50.0,49.75806427001953,2600,0.0,0.0,yfinance_raw_daily
2019-06-12,50.0,50.0,50.0,50.0,49.75806427001953,500,0.0,0.0,yfinance_raw_daily
2019-06-13,50.0,50.0,50.0,50.0,49.75806427001953,300,0.0,0.0,yfinance_raw_daily
2019-06-14,50.0,50.0,50.0,50.0,49.75806427001953,100,0.0,0.0,yfinance_raw_daily
2019-06-17,50.0,50.0,50.0,50.0,49.75806427001953,20900,0.0,0.0,yfinance_raw_daily
2019-06-18,50.0,50.0,50.0,50.0,49.75806427001953,1500,0.0,0.0,yfinance_raw_daily
2019-06-19,50.0,50.0,50.0,50.0,49.75806427001953,73000,0.0,0.0,yfinance_raw_daily
2019-06-20,50.0,50.0,50.0,50.0,49.75806427001953,60000,0.0,0.0,yfinance_raw_daily
2019-06-21,50.0,50.0,50.0,50.0,49.75806427001953,2300,0.0,0.0,yfinance_raw_daily
2019-06-24,50.0,50.0,50.0,50.0,49.75806427001953,0,0.0,0.0,yfinance_raw_daily
2019-06-25,50.0,50.0,50.0,50.0,49.75806427001953,20000,0.0,0.0,yfinance_raw_daily
2019-06-26,50.0,50.0,50.0,50.0,49.75806427001953,200,0.0,0.0,yfinance_raw_daily
2019-06-27,50.0,50.0,50.0,50.0,49.75806427001953,1200,0.0,0.0,yfinance_raw_daily
2019-06-28,50.0,50.0,50.0,50.0,49.75806427001953,210200,0.0,0.0,yfinance_raw_daily
2019-07-01,50.0,50.0,50.0,50.0,49.75806427001953,11200,0.0,0.0,yfinance_raw_daily
2019-07-02,50.0,50.0,50.0,50.0,49.75806427001953,16000,0.0,0.0,yfinance_raw_daily
2019-07-03,50.0,50.0,50.0,50.0,49.75806427001953,23000,0.0,0.0,yfinance_raw_daily
2019-07-04,50.0,50.0,50.0,50.0,49.75806427001953,5400,0.0,0.0,yfinance_raw_daily
2019-07-05,50.0,50.0,50.0,50.0,49.75806427001953,1400,0.0,0.0,yfinance_raw_daily
2019-07-08,50.0,50.0,50.0,50.0,49.75806427001953,60000,0.0,0.0,yfinance_raw_daily
2019-07-09,50.0,50.0,50.0,50.0,49.75806427001953,166300,0.0,0.0,yfinance_raw_daily
2019-07-10,50.0,50.0,50.0,50.0,49.75806427001953,1300,0.0,0.0,yfinance_raw_daily
2019-07-11,50.0,50.0,50.0,50.0,49.75806427001953,302400,0.0,0.0,yfinance_raw_daily
2019-07-12,50.0,50.0,50.0,50.0,49.75806427001953,23400,0.0,0.0,yfinance_raw_daily
2019-07-15,50.0,50.0,50.0,50.0,49.75806427001953,112400,0.0,0.0,yfinance_raw_daily
2019-07-16,50.0,50.0,50.0,50.0,49.75806427001953,20000,0.0,0.0,yfinance_raw_daily
2019-07-17,50.0,50.0,50.0,50.0,49.75806427001953,12500,0.0,0.0,yfinance_raw_daily
2019-07-18,50.0,50.0,50.0,50.0,49.75806427001953,200,0.0,0.0,yfinance_raw_daily
2019-07-19,50.0,50.0,50.0,50.0,49.75806427001953,0,0.0,0.0,yfinance_raw_daily
2019-07-22,50.0,50.0,50.0,50.0,49.75806427001953,5200,0.0,0.0,yfinance_raw_daily
2019-07-23,50.0,50.0,50.0,50.0,49.75806427001953,500,0.0,0.0,yfinance_raw_daily
2019-07-24,50.0,50.0,50.0,50.0,49.75806427001953,0,0.0,0.0,yfinance_raw_daily
2019-07-25,50.0,50.0,50.0,50.0,49.75806427001953,700,0.0,0.0,yfinance_raw_daily
2019-07-26,50.0,50.0,50.0,50.0,49.75806427001953,100,0.0,0.0,yfinance_raw_daily
2019-07-29,50.0,50.0,50.0,50.0,49.75806427001953,100,0.0,0.0,yfinance_raw_daily
2019-07-30,50.0,50.0,50.0,50.0,49.75806427001953,3200,0.0,0.0,yfinance_raw_daily
2019-07-31,50.0,50.0,50.0,50.0,49.75806427001953,21000,0.0,0.0,yfinance_raw_daily
2019-08-01,50.0,50.0,50.0,50.0,49.75806427001953,100,0.0,0.0,yfinance_raw_daily
2019-08-02,50.0,50.0,50.0,50.0,49.75806427001953,400,0.0,0.0,yfinance_raw_daily
2019-08-05,50.0,50.0,50.0,50.0,49.75806427001953,0,0.0,0.0,yfinance_raw_daily
2019-08-06,50.0,50.0,50.0,50.0,49.75806427001953,24800,0.0,0.0,yfinance_raw_daily
2019-08-07,50.0,50.0,50.0,50.0,49.75806427001953,500,0.0,0.0,yfinance_raw_daily
2019-08-08,50.0,50.0,50.0,50.0,49.75806427001953,0,0.0,0.0,yfinance_raw_daily
2019-08-09,50.0,50.0,50.0,50.0,49.75806427001953,0,0.0,0.0,yfinance_raw_daily
2019-08-12,50.0,50.0,50.0,50.0,49.75806427001953,0,0.0,0.0,yfinance_raw_daily
2019-08-13,50.0,50.0,50.0,50.0,49.75806427001953,500,0.0,0.0,yfinance_raw_daily
2019-08-14,50.0,50.0,50.0,50.0,49.75806427001953,30000,0.0,0.0,yfinance_raw_daily
2019-08-15,50.0,50.0,50.0,50.0,49.75806427001953,100,0.0,0.0,yfinance_raw_daily
2019-08-16,50.0,50.0,50.0,50.0,49.75806427001953,0,0.0,0.0,yfinance_raw_daily
2019-08-19,50.0,50.0,50.0,50.0,49.75806427001953,11500,0.0,0.0,yfinance_raw_daily
2019-08-20,50.0,50.0,50.0,50.0,49.75806427001953,1300,0.0,0.0,yfinance_raw_daily
2019-08-21,50.0,50.0,50.0,50.0,49.75806427001953,2600,0.0,0.0,yfinance_raw_daily
2019-08-22,50.0,50.0,50.0,50.0,49.75806427001953,0,0.0,0.0,yfinance_raw_daily
2019-08-23,50.0,50.0,50.0,50.0,49.75806427001953,0,0.0,0.0,yfinance_raw_daily
2019-08-26,50.0,50.0,50.0,50.0,49.75806427001953,0,0.0,0.0,yfinance_raw_daily
2019-08-27,50.0,50.0,50.0,50.0,49.75806427001953,100,0.0,0.0,yfinance_raw_daily
2019-08-28,50.0,50.0,50.0,50.0,49.75806427001953,56300,0.0,0.0,yfinance_raw_daily
2019-08-29,50.0,50.0,50.0,50.0,49.75806427001953,800,0.0,0.0,yfinance_raw_daily
2019-08-30,50.0,50.0,50.0,50.0,49.75806427001953,4900,0.0,0.0,yfinance_raw_daily
2019-09-02,50.0,50.0,50.0,50.0,49.75806427001953,0,0.0,0.0,yfinance_raw_daily
2019-09-03,50.0,50.0,50.0,50.0,49.75806427001953,0,0.0,0.0,yfinance_raw_daily
2019-09-04,50.0,50.0,50.0,50.0,49.75806427001953,1000,0.0,0.0,yfinance_raw_daily
2019-09-05,50.0,50.0,50.0,50.0,49.75806427001953,0,0.0,0.0,yfinance_raw_daily
2019-09-06,50.0,50.0,50.0,50.0,49.75806427001953,0,0.0,0.0,yfinance_raw_daily
2019-09-09,50.0,50.0,50.0,50.0,49.75806427001953,12100,0.0,0.0,yfinance_raw_daily
2019-09-10,50.0,50.0,50.0,50.0,49.75806427001953,5000,0.0,0.0,yfinance_raw_daily
2019-09-11,50.0,50.0,50.0,50.0,49.75806427001953,18200,0.0,0.0,yfinance_raw_daily
2019-09-12,50.0,50.0,50.0,50.0,49.75806427001953,27500,0.0,0.0,yfinance_raw_daily
2019-09-13,50.0,50.0,50.0,50.0,49.75806427001953,8500,0.0,0.0,yfinance_raw_daily
2019-09-16,50.0,50.0,50.0,50.0,49.75806427001953,202200,0.0,0.0,yfinance_raw_daily
2019-09-17,50.0,50.0,50.0,50.0,49.75806427001953,58300,0.0,0.0,yfinance_raw_daily
2019-09-18,50.0,50.0,50.0,50.0,49.75806427001953,10100,0.0,0.0,yfinance_raw_daily
2019-09-19,50.0,50.0,50.0,50.0,49.75806427001953,0,0.0,0.0,yfinance_raw_daily
2019-09-20,50.0,50.0,50.0,50.0,49.75806427001953,900,0.0,0.0,yfinance_raw_daily
2019-09-23,50.0,50.0,50.0,50.0,49.75806427001953,700,0.0,0.0,yfinance_raw_daily
2019-09-24,50.0,50.0,50.0,50.0,49.75806427001953,100200,0.0,0.0,yfinance_raw_daily
2019-09-25,50.0,50.0,50.0,50.0,49.75806427001953,300,0.0,0.0,yfinance_raw_daily
2019-09-26,50.0,50.0,50.0,50.0,49.75806427001953,0,0.0,0.0,yfinance_raw_daily
2019-09-27,50.0,50.0,50.0,50.0,49.75806427001953,0,0.0,0.0,yfinance_raw_daily
2019-09-30,50.0,50.0,50.0,50.0,49.75806427001953,40000,0.0,0.0,yfinance_raw_daily
2019-10-01,50.0,50.0,50.0,50.0,49.75806427001953,0,0.0,0.0,yfinance_raw_daily
2019-10-02,50.0,50.0,50.0,50.0,49.75806427001953,100,0.0,0.0,yfinance_raw_daily
2019-10-03,50.0,50.0,50.0,50.0,49.75806427001953,250000,0.0,0.0,yfinance_raw_daily
2019-10-04,50.0,50.0,50.0,50.0,49.75806427001953,30100,0.0,0.0,yfinance_raw_daily
2019-10-07,50.0,50.0,50.0,50.0,49.75806427001953,0,0.0,0.0,yfinance_raw_daily
2019-10-08,50.0,50.0,50.0,50.0,49.75806427001953,103200,0.0,0.0,yfinance_raw_daily
2019-10-09,50.0,50.0,50.0,50.0,49.75806427001953,107000,0.0,0.0,yfinance_raw_daily
2019-10-10,50.0,50.0,50.0,50.0,49.75806427001953,50000,0.0,0.0,yfinance_raw_daily
2019-10-11,50.0,50.0,50.0,50.0,49.75806427001953,36700,0.0,0.0,yfinance_raw_daily
2019-10-14,50.0,50.0,50.0,50.0,49.75806427001953,0,0.0,0.0,yfinance_raw_daily
2019-10-15,50.0,50.0,50.0,50.0,49.75806427001953,1100,0.0,0.0,yfinance_raw_daily
2019-10-16,50.0,50.0,50.0,50.0,49.75806427001953,100000,0.0,0.0,yfinance_raw_daily
2019-10-17,50.0,50.0,50.0,50.0,49.75806427001953,100,0.0,0.0,yfinance_raw_daily
2019-10-18,50.0,50.0,50.0,50.0,49.75806427001953,274000,0.0,0.0,yfinance_raw_daily
2019-10-21,50.0,50.0,50.0,50.0,49.75806427001953,89300,0.0,0.0,yfinance_raw_daily
2019-10-22,50.0,50.0,50.0,50.0,49.75806427001953,0,0.0,0.0,yfinance_raw_daily
2019-10-23,50.0,50.0,50.0,50.0,49.75806427001953,0,0.0,0.0,yfinance_raw_daily
2019-10-24,50.0,50.0,50.0,50.0,49.75806427001953,2000,0.0,0.0,yfinance_raw_daily
2019-10-25,50.0,50.0,50.0,50.0,49.75806427001953,7800,0.0,0.0,yfinance_raw_daily
2019-10-28,50.0,50.0,50.0,50.0,49.75806427001953,6000,0.0,0.0,yfinance_raw_daily
2019-10-29,50.0,50.0,50.0,50.0,49.75806427001953,2400,0.0,0.0,yfinance_raw_daily
2019-10-30,50.0,50.0,50.0,50.0,49.75806427001953,400,0.0,0.0,yfinance_raw_daily
2019-10-31,50.0,50.0,50.0,50.0,49.75806427001953,60300,0.0,0.0,yfinance_raw_daily
2019-11-01,50.0,50.0,50.0,50.0,49.75806427001953,143100,0.0,0.0,yfinance_raw_daily
2019-11-04,50.0,50.0,50.0,50.0,49.75806427001953,2000,0.0,0.0,yfinance_raw_daily
2019-11-05,50.0,50.0,50.0,50.0,49.75806427001953,4500,0.0,0.0,yfinance_raw_daily
2019-11-06,50.0,50.0,50.0,50.0,49.75806427001953,13900,0.0,0.0,yfinance_raw_daily
2019-11-07,50.0,50.0,50.0,50.0,49.75806427001953,154900,0.0,0.0,yfinance_raw_daily
2019-11-08,50.0,50.0,50.0,50.0,49.75806427001953,0,0.0,0.0,yfinance_raw_daily
2019-11-11,50.0,50.0,50.0,50.0,49.75806427001953,0,0.0,0.0,yfinance_raw_daily
2019-11-12,50.0,50.0,50.0,50.0,49.75806427001953,5300,0.0,0.0,yfinance_raw_daily
2019-11-13,50.0,50.0,50.0,50.0,49.75806427001953,100,0.0,0.0,yfinance_raw_daily
2019-11-14,50.0,50.0,50.0,50.0,49.75806427001953,300,0.0,0.0,yfinance_raw_daily
2019-11-15,50.0,50.0,50.0,50.0,49.75806427001953,0,0.0,0.0,yfinance_raw_daily
2019-11-18,50.0,50.0,50.0,50.0,49.75806427001953,1400,0.0,0.0,yfinance_raw_daily
2019-11-19,50.0,50.0,50.0,50.0,49.75806427001953,1700,0.0,0.0,yfinance_raw_daily
2019-11-20,50.0,50.0,50.0,50.0,49.75806427001953,8100,0.0,0.0,yfinance_raw_daily
2019-11-21,50.0,50.0,50.0,50.0,49.75806427001953,1100,0.0,0.0,yfinance_raw_daily
2019-11-22,50.0,50.0,50.0,50.0,49.75806427001953,100,0.0,0.0,yfinance_raw_daily
2019-11-25,50.0,50.0,50.0,50.0,49.75806427001953,100,0.0,0.0,yfinance_raw_daily
2019-11-26,50.0,50.0,50.0,50.0,49.75806427001953,100,0.0,0.0,yfinance_raw_daily
2019-11-27,50.0,50.0,50.0,50.0,49.75806427001953,2000,0.0,0.0,yfinance_raw_daily
2019-11-28,50.0,50.0,50.0,50.0,49.75806427001953,100000,0.0,0.0,yfinance_raw_daily
2019-11-29,50.0,50.0,50.0,50.0,49.75806427001953,10100,0.0,0.0,yfinance_raw_daily
2019-12-02,50.0,50.0,50.0,50.0,49.75806427001953,102100,0.0,0.0,yfinance_raw_daily
2019-12-03,50.0,50.0,50.0,50.0,49.75806427001953,0,0.0,0.0,yfinance_raw_daily
2019-12-04,50.0,50.0,50.0,50.0,49.75806427001953,0,0.0,0.0,yfinance_raw_daily
2019-12-05,50.0,50.0,50.0,50.0,49.75806427001953,259300,0.0,0.0,yfinance_raw_daily
2019-12-06,50.0,50.0,50.0,50.0,49.75806427001953,100,0.0,0.0,yfinance_raw_daily
2019-12-09,50.0,50.0,50.0,50.0,49.75806427001953,2100,0.0,0.0,yfinance_raw_daily
2019-12-10,50.0,50.0,50.0,50.0,49.75806427001953,3800,0.0,0.0,yfinance_raw_daily
2019-12-11,50.0,50.0,50.0,50.0,49.75806427001953,12600,0.0,0.0,yfinance_raw_daily
2019-12-12,50.0,50.0,50.0,50.0,49.75806427001953,100,0.0,0.0,yfinance_raw_daily
2019-12-13,50.0,50.0,50.0,50.0,49.75806427001953,5300,0.0,0.0,yfinance_raw_daily
2019-12-16,50.0,50.0,50.0,50.0,49.75806427001953,4100,0.0,0.0,yfinance_raw_daily
2019-12-17,50.0,50.0,50.0,50.0,49.75806427001953,2200,0.0,0.0,yfinance_raw_daily
2019-12-18,50.0,50.0,50.0,50.0,49.75806427001953,30000,0.0,0.0,yfinance_raw_daily
2019-12-19,50.0,50.0,50.0,50.0,49.75806427001953,1900,0.0,0.0,yfinance_raw_daily
2019-12-20,50.0,50.0,50.0,50.0,49.75806427001953,100,0.0,0.0,yfinance_raw_daily
2019-12-23,50.0,50.0,50.0,50.0,49.75806427001953,900,0.0,0.0,yfinance_raw_daily
2019-12-26,50.0,50.0,50.0,50.0,49.75806427001953,2000,0.0,0.0,yfinance_raw_daily
2019-12-27,50.0,50.0,50.0,50.0,49.75806427001953,7700,0.0,0.0,yfinance_raw_daily
2019-12-30,50.0,50.0,50.0,50.0,49.75806427001953,14000,0.0,0.0,yfinance_raw_daily
2020-01-02,50.0,50.0,50.0,50.0,49.75806427001953,13100,0.0,0.0,yfinance_raw_daily
2020-01-03,50.0,50.0,50.0,50.0,49.75806427001953,1300,0.0,0.0,yfinance_raw_daily
2020-01-06,50.0,50.0,50.0,50.0,49.75806427001953,100,0.0,0.0,yfinance_raw_daily
2020-01-07,50.0,50.0,50.0,50.0,49.75806427001953,1900,0.0,0.0,yfinance_raw_daily
2020-01-08,50.0,50.0,50.0,50.0,49.75806427001953,0,0.0,0.0,yfinance_raw_daily
2020-01-09,50.0,50.0,50.0,50.0,49.75806427001953,100,0.0,0.0,yfinance_raw_daily
2020-01-10,50.0,50.0,50.0,50.0,49.75806427001953,1300,0.0,0.0,yfinance_raw_daily
2020-01-13,50.0,50.0,50.0,50.0,49.75806427001953,6500,0.0,0.0,yfinance_raw_daily
2020-01-14,50.0,50.0,50.0,50.0,49.75806427001953,1300,0.0,0.0,yfinance_raw_daily
2020-01-15,50.0,50.0,50.0,50.0,49.75806427001953,150900,0.0,0.0,yfinance_raw_daily
2020-01-16,50.0,50.0,50.0,50.0,49.75806427001953,600,0.0,0.0,yfinance_raw_daily
2020-01-17,50.0,50.0,50.0,50.0,49.75806427001953,400,0.0,0.0,yfinance_raw_daily
2020-01-20,50.0,50.0,50.0,50.0,49.75806427001953,0,0.0,0.0,yfinance_raw_daily
2020-01-21,50.0,50.0,50.0,50.0,49.75806427001953,20300,0.0,0.0,yfinance_raw_daily
2020-01-22,50.0,50.0,50.0,50.0,49.75806427001953,100,0.0,0.0,yfinance_raw_daily
2020-01-23,50.0,50.0,50.0,50.0,49.75806427001953,9700,0.0,0.0,yfinance_raw_daily
2020-01-24,50.0,50.0,50.0,50.0,49.75806427001953,300,0.0,0.0,yfinance_raw_daily
2020-01-27,50.0,50.0,50.0,50.0,49.75806427001953,300,0.0,0.0,yfinance_raw_daily
2020-01-28,50.0,50.0,50.0,50.0,49.75806427001953,200,0.0,0.0,yfinance_raw_daily
2020-01-29,50.0,50.0,50.0,50.0,49.75806427001953,0,0.0,0.0,yfinance_raw_daily
2020-01-30,50.0,50.0,50.0,50.0,49.75806427001953,0,0.0,0.0,yfinance_raw_daily
2020-01-31,50.0,50.0,50.0,50.0,49.75806427001953,0,0.0,0.0,yfinance_raw_daily
2020-02-03,50.0,50.0,50.0,50.0,49.75806427001953,1100,0.0,0.0,yfinance_raw_daily
2020-02-04,50.0,50.0,50.0,50.0,49.75806427001953,100,0.0,0.0,yfinance_raw_daily
2020-02-05,50.0,50.0,50.0,50.0,49.75806427001953,10000,0.0,0.0,yfinance_raw_daily
2020-02-06,50.0,50.0,50.0,50.0,49.75806427001953,0,0.0,0.0,yfinance_raw_daily
2020-02-07,50.0,50.0,50.0,50.0,49.75806427001953,0,0.0,0.0,yfinance_raw_daily
2020-02-10,50.0,50.0,50.0,50.0,49.75806427001953,0,0.0,0.0,yfinance_raw_daily
2020-02-11,50.0,50.0,50.0,50.0,49.75806427001953,0,0.0,0.0,yfinance_raw_daily
2020-02-12,50.0,50.0,50.0,50.0,49.75806427001953,100,0.0,0.0,yfinance_raw_daily
2020-02-13,50.0,50.0,50.0,50.0,49.75806427001953,100,0.0,0.0,yfinance_raw_daily
2020-02-14,50.0,50.0,50.0,50.0,49.75806427001953,0,0.0,0.0,yfinance_raw_daily
2020-02-17,50.0,50.0,50.0,50.0,49.75806427001953,100,0.0,0.0,yfinance_raw_daily
2020-02-18,50.0,50.0,50.0,50.0,49.75806427001953,0,0.0,0.0,yfinance_raw_daily
2020-02-19,50.0,50.0,50.0,50.0,49.75806427001953,200,0.0,0.0,yfinance_raw_daily
2020-02-20,50.0,50.0,50.0,50.0,49.75806427001953,6200,0.0,0.0,yfinance_raw_daily
2020-02-21,50.0,50.0,50.0,50.0,49.75806427001953,200,0.0,0.0,yfinance_raw_daily
2020-02-24,50.0,50.0,50.0,50.0,49.75806427001953,0,0.0,0.0,yfinance_raw_daily
2020-02-25,50.0,50.0,50.0,50.0,49.75806427001953,100,0.0,0.0,yfinance_raw_daily
2020-02-26,50.0,50.0,50.0,50.0,49.75806427001953,5100,0.0,0.0,yfinance_raw_daily
2020-02-27,50.0,50.0,50.0,50.0,49.75806427001953,100,0.0,0.0,yfinance_raw_daily
2020-02-28,50.0,50.0,50.0,50.0,49.75806427001953,200,0.0,0.0,yfinance_raw_daily
2020-03-02,50.0,50.0,50.0,50.0,49.75806427001953,100,0.0,0.0,yfinance_raw_daily
2020-03-03,50.0,50.0,50.0,50.0,49.75806427001953,10100,0.0,0.0,yfinance_raw_daily
2020-03-04,50.0,50.0,50.0,50.0,49.75806427001953,600,0.0,0.0,yfinance_raw_daily
2020-03-05,50.0,50.0,50.0,50.0,49.75806427001953,500,0.0,0.0,yfinance_raw_daily
2020-03-06,50.0,50.0,50.0,50.0,49.75806427001953,400,0.0,0.0,yfinance_raw_daily
2020-03-09,50.0,50.0,50.0,50.0,49.75806427001953,0,0.0,0.0,yfinance_raw_daily
2020-03-10,50.0,50.0,50.0,50.0,49.75806427001953,0,0.0,0.0,yfinance_raw_daily
2020-03-11,50.0,50.0,50.0,50.0,49.75806427001953,400,0.0,0.0,yfinance_raw_daily
2020-03-12,50.0,50.0,50.0,50.0,49.75806427001953,0,0.0,0.0,yfinance_raw_daily
2020-03-13,50.0,50.0,50.0,50.0,49.75806427001953,100,0.0,0.0,yfinance_raw_daily
2020-03-16,50.0,50.0,50.0,50.0,49.75806427001953,200,0.0,0.0,yfinance_raw_daily
2020-03-17,50.0,50.0,50.0,50.0,49.75806427001953,2000,0.0,0.0,yfinance_raw_daily
2020-03-18,50.0,50.0,50.0,50.0,49.75806427001953,0,0.0,0.0,yfinance_raw_daily
2020-03-19,50.0,50.0,50.0,50.0,49.75806427001953,0,0.0,0.0,yfinance_raw_daily
2020-03-20,50.0,50.0,50.0,50.0,49.75806427001953,0,0.0,0.0,yfinance_raw_daily
2020-03-23,50.0,50.0,50.0,50.0,49.75806427001953,1000,0.0,0.0,yfinance_raw_daily
2020-03-24,50.0,50.0,50.0,50.0,49.75806427001953,2000,0.0,0.0,yfinance_raw_daily
2020-03-26,50.0,50.0,50.0,50.0,49.75806427001953,1000,0.0,0.0,yfinance_raw_daily
2020-03-27,50.0,50.0,50.0,50.0,49.75806427001953,2100,0.0,0.0,yfinance_raw_daily
2020-03-30,50.0,50.0,50.0,50.0,49.75806427001953,16300,0.0,0.0,yfinance_raw_daily
2020-03-31,50.0,50.0,50.0,50.0,49.75806427001953,0,0.0,0.0,yfinance_raw_daily
2020-04-01,50.0,50.0,50.0,50.0,49.75806427001953,0,0.0,0.0,yfinance_raw_daily
2020-04-02,50.0,50.0,50.0,50.0,49.75806427001953,0,0.0,0.0,yfinance_raw_daily
2020-04-03,50.0,50.0,50.0,50.0,49.75806427001953,300,0.0,0.0,yfinance_raw_daily
2020-04-06,50.0,50.0,50.0,50.0,49.75806427001953,104800,0.0,0.0,yfinance_raw_daily
2020-04-07,50.0,50.0,50.0,50.0,49.75806427001953,100,0.0,0.0,yfinance_raw_daily
2020-04-08,50.0,50.0,50.0,50.0,49.75806427001953,100,0.0,0.0,yfinance_raw_daily
2020-04-09,50.0,50.0,50.0,50.0,49.75806427001953,1400,0.0,0.0,yfinance_raw_daily
2020-04-13,50.0,50.0,50.0,50.0,49.75806427001953,400,0.0,0.0,yfinance_raw_daily
2020-04-14,50.0,50.0,50.0,50.0,49.75806427001953,5000,0.0,0.0,yfinance_raw_daily
2020-04-15,50.0,50.0,50.0,50.0,49.75806427001953,300000,0.0,0.0,yfinance_raw_daily
2020-04-16,50.0,50.0,50.0,50.0,49.75806427001953,10000,0.0,0.0,yfinance_raw_daily
2020-04-17,50.0,50.0,50.0,50.0,49.75806427001953,0,0.0,0.0,yfinance_raw_daily
2020-04-20,50.0,50.0,50.0,50.0,49.75806427001953,300,0.0,0.0,yfinance_raw_daily
2020-04-21,50.0,50.0,50.0,50.0,49.75806427001953,100,0.0,0.0,yfinance_raw_daily
2020-04-22,50.0,50.0,50.0,50.0,49.75806427001953,100,0.0,0.0,yfinance_raw_daily
2020-04-23,50.0,50.0,50.0,50.0,49.75806427001953,500,0.0,0.0,yfinance_raw_daily
2020-04-24,50.0,50.0,50.0,50.0,49.75806427001953,1800,0.0,0.0,yfinance_raw_daily
2020-04-27,50.0,50.0,50.0,50.0,49.75806427001953,1100,0.0,0.0,yfinance_raw_daily
2020-04-28,50.0,50.0,50.0,50.0,49.75806427001953,400,0.0,0.0,yfinance_raw_daily
2020-04-29,50.0,50.0,50.0,50.0,49.75806427001953,200,0.0,0.0,yfinance_raw_daily
2020-04-30,50.0,50.0,50.0,50.0,49.75806427001953,1900,0.0,0.0,yfinance_raw_daily
2020-05-04,50.0,50.0,50.0,50.0,49.75806427001953,120200,0.0,0.0,yfinance_raw_daily
2020-05-05,50.0,50.0,50.0,50.0,49.75806427001953,400,0.0,0.0,yfinance_raw_daily
2020-05-06,50.0,50.0,50.0,50.0,49.75806427001953,1100,0.0,0.0,yfinance_raw_daily
2020-05-08,50.0,50.0,50.0,50.0,49.75806427001953,0,0.0,0.0,yfinance_raw_daily
2020-05-11,50.0,50.0,50.0,50.0,49.75806427001953,100,0.0,0.0,yfinance_raw_daily
2020-05-12,50.0,50.0,50.0,50.0,49.75806427001953,300,0.0,0.0,yfinance_raw_daily
2020-05-13,50.0,50.0,50.0,50.0,49.75806427001953,100,0.0,0.0,yfinance_raw_daily
2020-05-14,50.0,50.0,50.0,50.0,49.75806427001953,0,0.0,0.0,yfinance_raw_daily
2020-05-15,50.0,50.0,50.0,50.0,49.75806427001953,2400,0.0,0.0,yfinance_raw_daily
2020-05-18,50.0,50.0,50.0,50.0,49.75806427001953,400,0.0,0.0,yfinance_raw_daily
2020-05-19,50.0,50.0,50.0,50.0,49.75806427001953,300,0.0,0.0,yfinance_raw_daily
2020-05-20,50.0,50.0,50.0,50.0,49.75806427001953,200,0.0,0.0,yfinance_raw_daily
2020-05-26,50.0,50.0,50.0,50.0,49.75806427001953,500,0.0,0.0,yfinance_raw_daily
2020-05-27,50.0,50.0,50.0,50.0,49.75806427001953,200,0.0,0.0,yfinance_raw_daily
2020-05-28,50.0,50.0,50.0,50.0,49.75806427001953,20200,0.0,0.0,yfinance_raw_daily
2020-05-29,50.0,50.0,50.0,50.0,49.75806427001953,0,0.0,0.0,yfinance_raw_daily
2020-06-02,50.0,50.0,50.0,50.0,49.75806427001953,900,0.0,0.0,yfinance_raw_daily
2020-06-03,50.0,50.0,50.0,50.0,49.75806427001953,500,0.0,0.0,yfinance_raw_daily
2020-06-04,50.0,50.0,50.0,50.0,49.75806427001953,200,0.0,0.0,yfinance_raw_daily
2020-06-05,50.0,50.0,50.0,50.0,49.75806427001953,301400,0.0,0.0,yfinance_raw_daily
2020-06-08,50.0,50.0,50.0,50.0,49.75806427001953,2100,0.0,0.0,yfinance_raw_daily
2020-06-09,50.0,50.0,50.0,50.0,49.75806427001953,1400,0.0,0.0,yfinance_raw_daily
2020-06-10,50.0,50.0,50.0,50.0,49.75806427001953,1000,0.0,0.0,yfinance_raw_daily
2020-06-11,50.0,50.0,50.0,50.0,49.75806427001953,203300,0.0,0.0,yfinance_raw_daily
2020-06-12,50.0,50.0,50.0,50.0,49.75806427001953,6100,0.0,0.0,yfinance_raw_daily
2020-06-15,50.0,50.0,50.0,50.0,49.75806427001953,58600,0.0,0.0,yfinance_raw_daily
2020-06-16,50.0,50.0,50.0,50.0,49.75806427001953,11800,0.0,0.0,yfinance_raw_daily
2020-06-17,50.0,50.0,50.0,50.0,49.75806427001953,113400,0.0,0.0,yfinance_raw_daily
2020-06-18,50.0,50.0,50.0,50.0,49.75806427001953,21900,0.0,0.0,yfinance_raw_daily
2020-06-19,50.0,50.0,50.0,50.0,49.75806427001953,3000,0.0,0.0,yfinance_raw_daily
2020-06-22,50.0,50.0,50.0,50.0,49.75806427001953,21200,0.0,0.0,yfinance_raw_daily
2020-06-23,50.0,50.0,50.0,50.0,49.75806427001953,1000,0.0,0.0,yfinance_raw_daily
2020-06-24,50.0,50.0,50.0,50.0,49.75806427001953,130000,0.0,0.0,yfinance_raw_daily
2020-06-25,50.0,50.0,50.0,50.0,49.75806427001953,9500,0.0,0.0,yfinance_raw_daily
2020-06-26,50.0,50.0,50.0,50.0,49.75806427001953,2200,0.0,0.0,yfinance_raw_daily
2020-06-29,50.0,50.0,50.0,50.0,49.75806427001953,1800,0.0,0.0,yfinance_raw_daily
2020-06-30,50.0,50.0,50.0,50.0,49.75806427001953,6100,0.0,0.0,yfinance_raw_daily
2020-07-01,50.0,50.0,50.0,50.0,49.75806427001953,1100,0.0,0.0,yfinance_raw_daily
2020-07-02,50.0,50.0,50.0,50.0,49.75806427001953,300,0.0,0.0,yfinance_raw_daily
2020-07-03,50.0,50.0,50.0,50.0,49.75806427001953,0,0.0,0.0,yfinance_raw_daily
2020-07-06,50.0,50.0,50.0,50.0,49.75806427001953,30100,0.0,0.0,yfinance_raw_daily
2020-07-07,50.0,50.0,50.0,50.0,49.75806427001953,0,0.0,0.0,yfinance_raw_daily
2020-07-08,50.0,50.0,50.0,50.0,49.75806427001953,2200,0.0,0.0,yfinance_raw_daily
2020-07-09,50.0,50.0,50.0,50.0,49.75806427001953,500,0.0,0.0,yfinance_raw_daily
2020-07-10,50.0,50.0,50.0,50.0,49.75806427001953,0,0.0,0.0,yfinance_raw_daily
2020-07-13,50.0,50.0,50.0,50.0,49.75806427001953,100,0.0,0.0,yfinance_raw_daily
2020-07-14,50.0,50.0,50.0,50.0,49.75806427001953,900,0.0,0.0,yfinance_raw_daily
2020-07-15,50.0,50.0,50.0,50.0,49.75806427001953,203800,0.0,0.0,yfinance_raw_daily
2020-07-16,50.0,50.0,50.0,50.0,49.75806427001953,0,0.0,0.0,yfinance_raw_daily
2020-07-17,50.0,50.0,50.0,50.0,49.75806427001953,10100,0.0,0.0,yfinance_raw_daily
2020-07-20,50.0,50.0,50.0,50.0,49.75806427001953,1200,0.0,0.0,yfinance_raw_daily
2020-07-21,50.0,50.0,50.0,50.0,49.75806427001953,0,0.0,0.0,yfinance_raw_daily
2020-07-22,50.0,50.0,50.0,50.0,49.75806427001953,100,0.0,0.0,yfinance_raw_daily
2020-07-23,50.0,50.0,50.0,50.0,49.75806427001953,1010000,0.0,0.0,yfinance_raw_daily
2020-07-24,50.0,50.0,50.0,50.0,49.75806427001953,300,0.0,0.0,yfinance_raw_daily
2020-07-27,50.0,50.0,50.0,50.0,49.75806427001953,180100,0.0,0.0,yfinance_raw_daily
2020-07-28,50.0,50.0,50.0,50.0,49.75806427001953,0,0.0,0.0,yfinance_raw_daily
2020-07-29,50.0,50.0,50.0,50.0,49.75806427001953,100,0.0,0.0,yfinance_raw_daily
2020-07-30,50.0,50.0,50.0,50.0,49.75806427001953,0,0.0,0.0,yfinance_raw_daily
2020-08-03,50.0,50.0,50.0,50.0,49.75806427001953,200,0.0,0.0,yfinance_raw_daily
2020-08-04,50.0,50.0,50.0,50.0,49.75806427001953,400,0.0,0.0,yfinance_raw_daily
2020-08-05,50.0,50.0,50.0,50.0,49.75806427001953,22200,0.0,0.0,yfinance_raw_daily
2020-08-06,50.0,50.0,50.0,50.0,49.75806427001953,200,0.0,0.0,yfinance_raw_daily
2020-08-07,50.0,50.0,50.0,50.0,49.75806427001953,2000,0.0,0.0,yfinance_raw_daily
2020-08-10,50.0,50.0,50.0,50.0,49.75806427001953,100,0.0,0.0,yfinance_raw_daily
2020-08-11,50.0,50.0,50.0,50.0,49.75806427001953,0,0.0,0.0,yfinance_raw_daily
2020-08-12,50.0,50.0,50.0,50.0,49.75806427001953,7000,0.0,0.0,yfinance_raw_daily
2020-08-13,50.0,50.0,50.0,50.0,49.75806427001953,300,0.0,0.0,yfinance_raw_daily
2020-08-14,50.0,50.0,50.0,50.0,49.75806427001953,300,0.0,0.0,yfinance_raw_daily
2020-08-18,50.0,50.0,50.0,50.0,49.75806427001953,200,0.0,0.0,yfinance_raw_daily
2020-08-19,50.0,50.0,50.0,50.0,49.75806427001953,11700,0.0,0.0,yfinance_raw_daily
2020-08-24,50.0,50.0,50.0,50.0,49.75806427001953,10000,0.0,0.0,yfinance_raw_daily
2020-08-25,50.0,50.0,50.0,50.0,49.75806427001953,0,0.0,0.0,yfinance_raw_daily
2020-08-26,50.0,50.0,50.0,50.0,49.75806427001953,10400,0.0,0.0,yfinance_raw_daily
2020-08-27,50.0,50.0,50.0,50.0,49.75806427001953,338800,0.0,0.0,yfinance_raw_daily
2020-08-28,50.0,50.0,50.0,50.0,49.75806427001953,1000,0.0,0.0,yfinance_raw_daily
2020-08-31,50.0,50.0,50.0,50.0,49.75806427001953,20000,0.0,0.0,yfinance_raw_daily
2020-09-01,50.0,50.0,50.0,50.0,49.75806427001953,162100,0.0,0.0,yfinance_raw_daily
2020-09-02,50.0,50.0,50.0,50.0,49.75806427001953,1182900,0.0,0.0,yfinance_raw_daily
2020-09-03,50.0,50.0,50.0,50.0,49.75806427001953,10108500,0.0,0.0,yfinance_raw_daily
2020-09-04,50.0,50.0,50.0,50.0,49.75806427001953,82100,0.0,0.0,yfinance_raw_daily
2020-09-07,50.0,50.0,50.0,50.0,49.75806427001953,2000,0.0,0.0,yfinance_raw_daily
2020-09-08,50.0,50.0,50.0,50.0,49.75806427001953,1500,0.0,0.0,yfinance_raw_daily
2020-09-09,50.0,50.0,50.0,50.0,49.75806427001953,7200,0.0,0.0,yfinance_raw_daily
2020-09-10,50.0,50.0,50.0,50.0,49.75806427001953,0,0.0,0.0,yfinance_raw_daily
2020-09-11,50.0,50.0,50.0,50.0,49.75806427001953,0,0.0,0.0,yfinance_raw_daily
2020-09-14,50.0,50.0,50.0,50.0,49.75806427001953,200,0.0,0.0,yfinance_raw_daily
2020-09-15,50.0,50.0,50.0,50.0,49.75806427001953,2307500,0.0,0.0,yfinance_raw_daily
2020-09-16,50.0,50.0,50.0,50.0,49.75806427001953,1300,0.0,0.0,yfinance_raw_daily
2020-09-17,50.0,50.0,50.0,50.0,49.75806427001953,600,0.0,0.0,yfinance_raw_daily
2020-09-18,50.0,50.0,50.0,50.0,49.75806427001953,900,0.0,0.0,yfinance_raw_daily
2020-09-21,50.0,50.0,50.0,50.0,49.75806427001953,200,0.0,0.0,yfinance_raw_daily
2020-09-22,50.0,50.0,50.0,50.0,49.75806427001953,20700,0.0,0.0,yfinance_raw_daily
2020-09-23,50.0,50.0,50.0,50.0,49.75806427001953,0,0.0,0.0,yfinance_raw_daily
2020-09-24,50.0,50.0,50.0,50.0,49.75806427001953,400,0.0,0.0,yfinance_raw_daily
2020-09-25,50.0,50.0,50.0,50.0,49.75806427001953,0,0.0,0.0,yfinance_raw_daily
2020-09-28,50.0,50.0,50.0,50.0,49.75806427001953,2100,0.0,0.0,yfinance_raw_daily
2020-09-29,50.0,50.0,50.0,50.0,49.75806427001953,500,0.0,0.0,yfinance_raw_daily
2020-09-30,50.0,50.0,50.0,50.0,49.75806427001953,0,0.0,0.0,yfinance_raw_daily
2020-10-01,50.0,50.0,50.0,50.0,49.75806427001953,1000,0.0,0.0,yfinance_raw_daily
2020-10-02,50.0,50.0,50.0,50.0,49.75806427001953,3000,0.0,0.0,yfinance_raw_daily
2020-10-05,50.0,50.0,50.0,50.0,49.75806427001953,0,0.0,0.0,yfinance_raw_daily
2020-10-06,50.0,50.0,50.0,50.0,49.75806427001953,150400,0.0,0.0,yfinance_raw_daily
2020-10-07,50.0,50.0,50.0,50.0,49.75806427001953,400,0.0,0.0,yfinance_raw_daily
2020-10-08,50.0,50.0,50.0,50.0,49.75806427001953,50400,0.0,0.0,yfinance_raw_daily
2020-10-09,50.0,50.0,50.0,50.0,49.75806427001953,140300,0.0,0.0,yfinance_raw_daily
2020-10-12,50.0,50.0,50.0,50.0,49.75806427001953,200,0.0,0.0,yfinance_raw_daily
2020-10-13,50.0,50.0,50.0,50.0,49.75806427001953,300,0.0,0.0,yfinance_raw_daily
2020-10-14,50.0,50.0,50.0,50.0,49.75806427001953,4100,0.0,0.0,yfinance_raw_daily
2020-10-15,50.0,50.0,50.0,50.0,49.75806427001953,6200,0.0,0.0,yfinance_raw_daily
2020-10-16,50.0,50.0,50.0,50.0,49.75806427001953,300,0.0,0.0,yfinance_raw_daily
2020-10-19,50.0,50.0,50.0,50.0,49.75806427001953,51200,0.0,0.0,yfinance_raw_daily
2020-10-20,50.0,50.0,50.0,50.0,49.75806427001953,20900,0.0,0.0,yfinance_raw_daily
2020-10-21,50.0,50.0,50.0,50.0,49.75806427001953,11300,0.0,0.0,yfinance_raw_daily
2020-10-22,50.0,50.0,50.0,50.0,49.75806427001953,0,0.0,0.0,yfinance_raw_daily
2020-10-23,50.0,50.0,50.0,50.0,49.75806427001953,100,0.0,0.0,yfinance_raw_daily
2020-10-26,50.0,50.0,50.0,50.0,49.75806427001953,28200,0.0,0.0,yfinance_raw_daily
2020-10-27,50.0,50.0,50.0,50.0,49.75806427001953,0,0.0,0.0,yfinance_raw_daily
2020-11-02,50.0,50.0,50.0,50.0,49.75806427001953,2000,0.0,0.0,yfinance_raw_daily
2020-11-03,50.0,50.0,50.0,50.0,49.75806427001953,10100,0.0,0.0,yfinance_raw_daily
2020-11-04,50.0,50.0,50.0,50.0,49.75806427001953,200,0.0,0.0,yfinance_raw_daily
2020-11-05,50.0,50.0,50.0,50.0,49.75806427001953,1300,0.0,0.0,yfinance_raw_daily
2020-11-06,50.0,50.0,50.0,50.0,49.75806427001953,23200,0.0,0.0,yfinance_raw_daily
2020-11-09,50.0,50.0,50.0,50.0,49.75806427001953,544000,0.0,0.0,yfinance_raw_daily
2020-11-10,50.0,50.0,50.0,50.0,49.75806427001953,9800,0.0,0.0,yfinance_raw_daily
2020-11-11,50.0,50.0,50.0,50.0,49.75806427001953,33000,0.0,0.0,yfinance_raw_daily
2020-11-12,50.0,50.0,50.0,50.0,49.75806427001953,3800,0.0,0.0,yfinance_raw_daily
2020-11-13,50.0,50.0,50.0,50.0,49.75806427001953,2200,0.0,0.0,yfinance_raw_daily
2020-11-16,50.0,50.0,50.0,50.0,49.75806427001953,25000,0.0,0.0,yfinance_raw_daily
2020-11-17,50.0,50.0,50.0,50.0,49.75806427001953,40100,0.0,0.0,yfinance_raw_daily
2020-11-18,50.0,50.0,50.0,50.0,49.75806427001953,100,0.0,0.0,yfinance_raw_daily
2020-11-19,50.0,50.0,50.0,50.0,49.75806427001953,27400,0.0,0.0,yfinance_raw_daily
2020-11-20,50.0,50.0,50.0,50.0,49.75806427001953,85200,0.0,0.0,yfinance_raw_daily
2020-11-23,50.0,50.0,50.0,50.0,49.75806427001953,44600,0.0,0.0,yfinance_raw_daily
2020-11-24,50.0,50.0,50.0,50.0,49.75806427001953,516600,0.0,0.0,yfinance_raw_daily
2020-11-25,50.0,50.0,50.0,50.0,49.75806427001953,14733100,0.0,0.0,yfinance_raw_daily
2020-11-26,50.0,50.0,50.0,50.0,49.75806427001953,11822000,0.0,0.0,yfinance_raw_daily
2020-11-27,50.0,50.0,50.0,50.0,49.75806427001953,2578000,0.0,0.0,yfinance_raw_daily
2020-11-30,50.0,50.0,50.0,50.0,49.75806427001953,416500,0.0,0.0,yfinance_raw_daily
2020-12-01,50.0,50.0,50.0,50.0,49.75806427001953,89100,0.0,0.0,yfinance_raw_daily
2020-12-02,50.0,50.0,50.0,50.0,49.75806427001953,93700,0.0,0.0,yfinance_raw_daily
2020-12-03,50.0,50.0,50.0,50.0,49.75806427001953,161800,0.0,0.0,yfinance_raw_daily
2020-12-04,50.0,50.0,50.0,50.0,49.75806427001953,1205800,0.0,0.0,yfinance_raw_daily
2020-12-07,50.0,50.0,50.0,50.0,49.75806427001953,4903000,0.0,0.0,yfinance_raw_daily
2020-12-08,50.0,50.0,50.0,50.0,49.75806427001953,635200,0.0,0.0,yfinance_raw_daily
2020-12-10,50.0,50.0,50.0,50.0,49.75806427001953,114500,0.0,0.0,yfinance_raw_daily
2020-12-11,50.0,50.0,50.0,50.0,49.75806427001953,64600,0.0,0.0,yfinance_raw_daily
2020-12-14,50.0,50.0,50.0,50.0,49.75806427001953,196900,0.0,0.0,yfinance_raw_daily
2020-12-15,50.0,50.0,50.0,50.0,49.75806427001953,86100,0.0,0.0,yfinance_raw_daily
2020-12-16,50.0,50.0,50.0,50.0,49.75806427001953,216800,0.0,0.0,yfinance_raw_daily
2020-12-17,50.0,50.0,50.0,50.0,49.75806427001953,5646600,0.0,0.0,yfinance_raw_daily
2020-12-18,50.0,50.0,50.0,50.0,49.75806427001953,13518200,0.0,0.0,yfinance_raw_daily
2020-12-21,50.0,50.0,50.0,50.0,49.75806427001953,949300,0.0,0.0,yfinance_raw_daily
2020-12-22,50.0,50.0,50.0,50.0,49.75806427001953,36800,0.0,0.0,yfinance_raw_daily
2020-12-23,50.0,50.0,50.0,50.0,49.75806427001953,28200,0.0,0.0,yfinance_raw_daily
2020-12-28,50.0,50.0,50.0,50.0,49.75806427001953,12300,0.0,0.0,yfinance_raw_daily
2020-12-29,50.0,50.0,50.0,50.0,49.75806427001953,223800,0.0,0.0,yfinance_raw_daily
2020-12-30,50.0,50.0,50.0,50.0,49.75806427001953,176500,0.0,0.0,yfinance_raw_daily
2021-01-04,50.0,50.0,50.0,50.0,49.75806427001953,187300,0.0,0.0,yfinance_raw_daily
2021-01-05,50.0,50.0,50.0,50.0,49.75806427001953,495700,0.0,0.0,yfinance_raw_daily
2021-01-06,50.0,50.0,50.0,50.0,49.75806427001953,36900,0.0,0.0,yfinance_raw_daily
2021-01-07,50.0,50.0,50.0,50.0,49.75806427001953,1400,0.0,0.0,yfinance_raw_daily
2021-01-08,50.0,50.0,50.0,50.0,49.75806427001953,35700,0.0,0.0,yfinance_raw_daily
2021-01-11,50.0,50.0,50.0,50.0,49.75806427001953,102900,0.0,0.0,yfinance_raw_daily
2021-01-12,50.0,50.0,50.0,50.0,49.75806427001953,137700,0.0,0.0,yfinance_raw_daily
2021-01-13,50.0,50.0,50.0,50.0,49.75806427001953,8004600,0.0,0.0,yfinance_raw_daily
2021-01-14,50.0,50.0,50.0,50.0,49.75806427001953,42187300,0.0,0.0,yfinance_raw_daily
2021-01-15,50.0,57.0,50.0,53.0,52.74354934692383,2449468100,0.0,0.0,yfinance_raw_daily
2021-01-18,54.0,70.0,53.0,70.0,69.66129302978516,3077462900,0.0,0.0,yfinance_raw_daily
2021-01-19,72.0,74.0,66.0,66.0,65.68064880371094,1056130300,0.0,0.0,yfinance_raw_daily
2021-01-20,63.0,63.0,62.0,62.0,61.70000076293945,56017400,0.0,0.0,yfinance_raw_daily
2021-01-21,58.0,62.0,58.0,58.0,57.719356536865234,132579600,0.0,0.0,yfinance_raw_daily
2021-01-22,54.0,54.0,54.0,54.0,53.73870849609375,82245200,0.0,0.0,yfinance_raw_daily
2021-01-25,51.0,51.0,51.0,51.0,50.75322723388672,56323000,0.0,0.0,yfinance_raw_daily
2021-01-26,50.0,50.0,50.0,50.0,49.75806427001953,37766800,0.0,0.0,yfinance_raw_daily
2021-01-27,50.0,50.0,50.0,50.0,49.75806427001953,6861700,0.0,0.0,yfinance_raw_daily
2021-01-28,50.0,50.0,50.0,50.0,49.75806427001953,6622200,0.0,0.0,yfinance_raw_daily
2021-01-29,50.0,50.0,50.0,50.0,49.75806427001953,1528500,0.0,0.0,yfinance_raw_daily
2021-02-01,50.0,50.0,50.0,50.0,49.75806427001953,5775500,0.0,0.0,yfinance_raw_daily
2021-02-02,50.0,53.0,50.0,50.0,49.75806427001953,443312000,0.0,0.0,yfinance_raw_daily
2021-02-03,50.0,50.0,50.0,50.0,49.75806427001953,6276800,0.0,0.0,yfinance_raw_daily
2021-02-04,50.0,50.0,50.0,50.0,49.75806427001953,672200,0.0,0.0,yfinance_raw_daily
2021-02-05,50.0,50.0,50.0,50.0,49.75806427001953,5422900,0.0,0.0,yfinance_raw_daily
2021-02-08,50.0,50.0,50.0,50.0,49.75806427001953,15767200,0.0,0.0,yfinance_raw_daily
2021-02-09,50.0,50.0,50.0,50.0,49.75806427001953,2839800,0.0,0.0,yfinance_raw_daily
2021-02-10,50.0,50.0,50.0,50.0,49.75806427001953,2781300,0.0,0.0,yfinance_raw_daily
2021-02-11,50.0,50.0,50.0,50.0,49.75806427001953,435200,0.0,0.0,yfinance_raw_daily
2021-02-15,50.0,50.0,50.0,50.0,49.75806427001953,1233400,0.0,0.0,yfinance_raw_daily
2021-02-16,50.0,50.0,50.0,50.0,49.75806427001953,622400,0.0,0.0,yfinance_raw_daily
2021-02-17,50.0,50.0,50.0,50.0,49.75806427001953,494900,0.0,0.0,yfinance_raw_daily
2021-02-18,50.0,50.0,50.0,50.0,49.75806427001953,1953800,0.0,0.0,yfinance_raw_daily
2021-02-19,50.0,50.0,50.0,50.0,49.75806427001953,529200,0.0,0.0,yfinance_raw_daily
2021-02-22,50.0,50.0,50.0,50.0,49.75806427001953,1587700,0.0,0.0,yfinance_raw_daily
2021-02-23,50.0,50.0,50.0,50.0,49.75806427001953,2450600,0.0,0.0,yfinance_raw_daily
2021-02-24,50.0,50.0,50.0,50.0,49.75806427001953,396600,0.0,0.0,yfinance_raw_daily
2021-02-25,50.0,50.0,50.0,50.0,49.75806427001953,4023000,0.0,0.0,yfinance_raw_daily
2021-02-26,50.0,50.0,50.0,50.0,49.75806427001953,2532600,0.0,0.0,yfinance_raw_daily
2021-03-01,50.0,50.0,50.0,50.0,49.75806427001953,589100,0.0,0.0,yfinance_raw_daily
2021-03-02,50.0,50.0,50.0,50.0,49.75806427001953,409300,0.0,0.0,yfinance_raw_daily
2021-03-03,50.0,50.0,50.0,50.0,49.75806427001953,833500,0.0,0.0,yfinance_raw_daily
2021-03-04,50.0,50.0,50.0,50.0,49.75806427001953,1312700,0.0,0.0,yfinance_raw_daily
2021-03-05,50.0,50.0,50.0,50.0,49.75806427001953,415500,0.0,0.0,yfinance_raw_daily
2021-03-08,50.0,50.0,50.0,50.0,49.75806427001953,537800,0.0,0.0,yfinance_raw_daily
2021-03-09,50.0,50.0,50.0,50.0,49.75806427001953,289900,0.0,0.0,yfinance_raw_daily
2021-03-10,50.0,50.0,50.0,50.0,49.75806427001953,301300,0.0,0.0,yfinance_raw_daily
2021-03-12,50.0,50.0,50.0,50.0,49.75806427001953,1498200,0.0,0.0,yfinance_raw_daily
2021-03-15,50.0,50.0,50.0,50.0,49.75806427001953,408500,0.0,0.0,yfinance_raw_daily
2021-03-16,50.0,50.0,50.0,50.0,49.75806427001953,2732600,0.0,0.0,yfinance_raw_daily
2021-03-17,50.0,50.0,50.0,50.0,49.75806427001953,178600,0.0,0.0,yfinance_raw_daily
2021-03-18,50.0,50.0,50.0,50.0,49.75806427001953,616600,0.0,0.0,yfinance_raw_daily
2021-03-19,50.0,51.0,50.0,50.0,49.75806427001953,145119700,0.0,0.0,yfinance_raw_daily
2021-03-22,50.0,50.0,50.0,50.0,49.75806427001953,23861500,0.0,0.0,yfinance_raw_daily
2021-03-23,50.0,54.0,50.0,50.0,49.75806427001953,829781600,0.0,0.0,yfinance_raw_daily
2021-03-24,50.0,51.0,50.0,50.0,49.75806427001953,26157700,0.0,0.0,yfinance_raw_daily
2021-03-25,50.0,50.0,50.0,50.0,49.75806427001953,622900,0.0,0.0,yfinance_raw_daily
2021-03-26,50.0,50.0,50.0,50.0,49.75806427001953,482500,0.0,0.0,yfinance_raw_daily
2021-03-29,50.0,50.0,50.0,50.0,49.75806427001953,971400,0.0,0.0,yfinance_raw_daily
2021-03-30,50.0,50.0,50.0,50.0,49.75806427001953,177100,0.0,0.0,yfinance_raw_daily
2021-03-31,50.0,50.0,50.0,50.0,49.75806427001953,34700,0.0,0.0,yfinance_raw_daily
2021-04-01,50.0,50.0,50.0,50.0,49.75806427001953,222200,0.0,0.0,yfinance_raw_daily
2021-04-05,50.0,50.0,50.0,50.0,49.75806427001953,40700,0.0,0.0,yfinance_raw_daily
2021-04-06,50.0,50.0,50.0,50.0,49.75806427001953,45000,0.0,0.0,yfinance_raw_daily
2021-04-07,50.0,50.0,50.0,50.0,49.75806427001953,243300,0.0,0.0,yfinance_raw_daily
2021-04-08,50.0,50.0,50.0,50.0,49.75806427001953,130400,0.0,0.0,yfinance_raw_daily
2021-04-09,50.0,50.0,50.0,50.0,49.75806427001953,1255700,0.0,0.0,yfinance_raw_daily
2021-04-12,50.0,50.0,50.0,50.0,49.75806427001953,247200,0.0,0.0,yfinance_raw_daily
2021-04-13,50.0,50.0,50.0,50.0,49.75806427001953,55100,0.0,0.0,yfinance_raw_daily
2021-04-14,50.0,50.0,50.0,50.0,49.75806427001953,139900,0.0,0.0,yfinance_raw_daily
2021-04-15,50.0,50.0,50.0,50.0,49.75806427001953,57600,0.0,0.0,yfinance_raw_daily
2021-04-16,50.0,50.0,50.0,50.0,49.75806427001953,222200,0.0,0.0,yfinance_raw_daily
2021-04-19,50.0,50.0,50.0,50.0,49.75806427001953,49800,0.0,0.0,yfinance_raw_daily
2021-04-20,50.0,50.0,50.0,50.0,49.75806427001953,31200,0.0,0.0,yfinance_raw_daily
2021-04-21,50.0,50.0,50.0,50.0,49.75806427001953,37600,0.0,0.0,yfinance_raw_daily
2021-04-22,50.0,50.0,50.0,50.0,49.75806427001953,87800,0.0,0.0,yfinance_raw_daily
2021-04-23,50.0,50.0,50.0,50.0,49.75806427001953,355000,0.0,0.0,yfinance_raw_daily
2021-04-26,50.0,50.0,50.0,50.0,49.75806427001953,147100,0.0,0.0,yfinance_raw_daily
2021-04-27,50.0,50.0,50.0,50.0,49.75806427001953,126600,0.0,0.0,yfinance_raw_daily
2021-04-28,50.0,50.0,50.0,50.0,49.75806427001953,169800,0.0,0.0,yfinance_raw_daily
2021-04-29,50.0,50.0,50.0,50.0,49.75806427001953,31100,0.0,0.0,yfinance_raw_daily
2021-04-30,50.0,50.0,50.0,50.0,49.75806427001953,47300,0.0,0.0,yfinance_raw_daily
2021-05-03,50.0,50.0,50.0,50.0,49.75806427001953,543200,0.0,0.0,yfinance_raw_daily
2021-05-04,50.0,50.0,50.0,50.0,49.75806427001953,572800,0.0,0.0,yfinance_raw_daily
2021-05-05,50.0,50.0,50.0,50.0,49.75806427001953,142800,0.0,0.0,yfinance_raw_daily
2021-05-06,50.0,50.0,50.0,50.0,49.75806427001953,50400,0.0,0.0,yfinance_raw_daily
2021-05-07,50.0,50.0,50.0,50.0,49.75806427001953,459200,0.0,0.0,yfinance_raw_daily
2021-05-10,50.0,50.0,50.0,50.0,49.75806427001953,247100,0.0,0.0,yfinance_raw_daily
2021-05-11,50.0,50.0,50.0,50.0,49.75806427001953,132500,0.0,0.0,yfinance_raw_daily
2021-05-17,50.0,50.0,50.0,50.0,49.75806427001953,137900,0.0,0.0,yfinance_raw_daily
2021-05-18,50.0,50.0,50.0,50.0,49.75806427001953,655700,0.0,0.0,yfinance_raw_daily
2021-05-19,50.0,50.0,50.0,50.0,49.75806427001953,71200,0.0,0.0,yfinance_raw_daily
2021-05-20,50.0,50.0,50.0,50.0,49.75806427001953,56000,0.0,0.0,yfinance_raw_daily
2021-05-21,50.0,50.0,50.0,50.0,49.75806427001953,49100,0.0,0.0,yfinance_raw_daily
2021-05-24,50.0,50.0,50.0,50.0,49.75806427001953,104600,0.0,0.0,yfinance_raw_daily
2021-05-25,50.0,50.0,50.0,50.0,49.75806427001953,23200,0.0,0.0,yfinance_raw_daily
2021-05-27,50.0,50.0,50.0,50.0,49.75806427001953,15100,0.0,0.0,yfinance_raw_daily
2021-05-28,50.0,50.0,50.0,50.0,49.75806427001953,58900,0.0,0.0,yfinance_raw_daily
2021-05-31,50.0,50.0,50.0,50.0,49.75806427001953,93100,0.0,0.0,yfinance_raw_daily
2021-06-02,50.0,50.0,50.0,50.0,49.75806427001953,139600,0.0,0.0,yfinance_raw_daily
2021-06-03,50.0,50.0,50.0,50.0,49.75806427001953,15600,0.0,0.0,yfinance_raw_daily
2021-06-04,50.0,50.0,50.0,50.0,49.75806427001953,1147700,0.0,0.0,yfinance_raw_daily
2021-06-07,50.0,50.0,50.0,50.0,49.75806427001953,387400,0.0,0.0,yfinance_raw_daily
2021-06-08,50.0,50.0,50.0,50.0,49.75806427001953,288600,0.0,0.0,yfinance_raw_daily
2021-06-09,50.0,50.0,50.0,50.0,49.75806427001953,450300,0.0,0.0,yfinance_raw_daily
2021-06-10,50.0,50.0,50.0,50.0,49.75806427001953,160600,0.0,0.0,yfinance_raw_daily
2021-06-11,50.0,50.0,50.0,50.0,49.75806427001953,1038300,0.0,0.0,yfinance_raw_daily
2021-06-14,50.0,50.0,50.0,50.0,49.75806427001953,166900,0.0,0.0,yfinance_raw_daily
2021-06-15,50.0,50.0,50.0,50.0,49.75806427001953,110500,0.0,0.0,yfinance_raw_daily
2021-06-16,50.0,50.0,50.0,50.0,49.75806427001953,59700,0.0,0.0,yfinance_raw_daily
2021-06-17,50.0,50.0,50.0,50.0,49.75806427001953,86400,0.0,0.0,yfinance_raw_daily
2021-06-18,50.0,50.0,50.0,50.0,49.75806427001953,90100,0.0,0.0,yfinance_raw_daily
2021-06-21,50.0,50.0,50.0,50.0,49.75806427001953,63200,0.0,0.0,yfinance_raw_daily
2021-06-22,50.0,50.0,50.0,50.0,49.75806427001953,20800,0.0,0.0,yfinance_raw_daily
2021-06-23,50.0,50.0,50.0,50.0,49.75806427001953,699600,0.0,0.0,yfinance_raw_daily
2021-06-24,50.0,50.0,50.0,50.0,49.75806427001953,345900,0.0,0.0,yfinance_raw_daily
2021-06-25,50.0,50.0,50.0,50.0,49.75806427001953,297800,0.0,0.0,yfinance_raw_daily
2021-06-28,50.0,50.0,50.0,50.0,49.75806427001953,14600,0.0,0.0,yfinance_raw_daily
2021-06-29,50.0,50.0,50.0,50.0,49.75806427001953,79200,0.0,0.0,yfinance_raw_daily
2021-06-30,50.0,50.0,50.0,50.0,49.75806427001953,446000,0.0,0.0,yfinance_raw_daily
2021-07-01,50.0,50.0,50.0,50.0,49.75806427001953,29000,0.0,0.0,yfinance_raw_daily
2021-07-02,50.0,50.0,50.0,50.0,49.75806427001953,22500,0.0,0.0,yfinance_raw_daily
2021-07-05,50.0,50.0,50.0,50.0,49.75806427001953,15000,0.0,0.0,yfinance_raw_daily
2021-07-06,50.0,50.0,50.0,50.0,49.75806427001953,1624000,0.0,0.0,yfinance_raw_daily
2021-07-07,50.0,50.0,50.0,50.0,49.75806427001953,272700,0.0,0.0,yfinance_raw_daily
2021-07-08,50.0,50.0,50.0,50.0,49.75806427001953,169300,0.0,0.0,yfinance_raw_daily
2021-07-09,50.0,50.0,50.0,50.0,49.75806427001953,20800,0.0,0.0,yfinance_raw_daily
2021-07-12,50.0,50.0,50.0,50.0,49.75806427001953,674500,0.0,0.0,yfinance_raw_daily
2021-07-13,50.0,50.0,50.0,50.0,49.75806427001953,7400,0.0,0.0,yfinance_raw_daily
2021-07-14,50.0,50.0,50.0,50.0,49.75806427001953,7500,0.0,0.0,yfinance_raw_daily
2021-07-15,50.0,50.0,50.0,50.0,49.75806427001953,66000,0.0,0.0,yfinance_raw_daily
2021-07-16,50.0,50.0,50.0,50.0,49.75806427001953,2600,0.0,0.0,yfinance_raw_daily
2021-07-19,50.0,50.0,50.0,50.0,49.75806427001953,26000,0.0,0.0,yfinance_raw_daily
2021-07-21,50.0,50.0,50.0,50.0,49.75806427001953,12600,0.0,0.0,yfinance_raw_daily
2021-07-22,50.0,50.0,50.0,50.0,49.75806427001953,44300,0.0,0.0,yfinance_raw_daily
2021-07-23,50.0,50.0,50.0,50.0,49.75806427001953,745200,0.0,0.0,yfinance_raw_daily
2021-07-26,50.0,50.0,50.0,50.0,49.75806427001953,15900,0.0,0.0,yfinance_raw_daily
2021-07-27,50.0,50.0,50.0,50.0,49.75806427001953,12800,0.0,0.0,yfinance_raw_daily
2021-07-28,50.0,50.0,50.0,50.0,49.75806427001953,127300,0.0,0.0,yfinance_raw_daily
2021-07-29,50.0,50.0,50.0,50.0,49.75806427001953,141500,0.0,0.0,yfinance_raw_daily
2021-07-30,50.0,50.0,50.0,50.0,49.75806427001953,15600,0.0,0.0,yfinance_raw_daily
2021-08-02,50.0,50.0,50.0,50.0,49.75806427001953,463800,0.0,0.0,yfinance_raw_daily
2021-08-03,50.0,50.0,50.0,50.0,49.75806427001953,170900,0.0,0.0,yfinance_raw_daily
2021-08-04,50.0,50.0,50.0,50.0,49.75806427001953,107400,0.0,0.0,yfinance_raw_daily
2021-08-05,50.0,50.0,50.0,50.0,49.75806427001953,6800,0.0,0.0,yfinance_raw_daily
2021-08-06,50.0,50.0,50.0,50.0,49.75806427001953,20800,0.0,0.0,yfinance_raw_daily
2021-08-09,50.0,50.0,50.0,50.0,49.75806427001953,8600,0.0,0.0,yfinance_raw_daily
2021-08-10,50.0,50.0,50.0,50.0,49.75806427001953,552400,0.0,0.0,yfinance_raw_daily
2021-08-12,50.0,50.0,50.0,50.0,49.75806427001953,22700,0.0,0.0,yfinance_raw_daily
2021-08-13,50.0,50.0,50.0,50.0,49.75806427001953,2300,0.0,0.0,yfinance_raw_daily
2021-08-16,50.0,50.0,50.0,50.0,49.75806427001953,248500,0.0,0.0,yfinance_raw_daily
2021-08-18,50.0,50.0,50.0,50.0,49.75806427001953,107700,0.0,0.0,yfinance_raw_daily
2021-08-19,50.0,50.0,50.0,50.0,49.75806427001953,67300,0.0,0.0,yfinance_raw_daily
2021-08-20,50.0,50.0,50.0,50.0,49.75806427001953,72000,0.0,0.0,yfinance_raw_daily
2021-08-23,50.0,50.0,50.0,50.0,49.75806427001953,6400,0.0,0.0,yfinance_raw_daily
2021-08-24,50.0,50.0,50.0,50.0,49.75806427001953,9500,0.0,0.0,yfinance_raw_daily
2021-08-25,50.0,50.0,50.0,50.0,49.75806427001953,199300,0.0,0.0,yfinance_raw_daily
2021-08-26,50.0,50.0,50.0,50.0,49.75806427001953,30800,0.0,0.0,yfinance_raw_daily
2021-08-27,50.0,50.0,50.0,50.0,49.75806427001953,566500,0.0,0.0,yfinance_raw_daily
2021-08-30,50.0,50.0,50.0,50.0,49.75806427001953,40000,0.0,0.0,yfinance_raw_daily
2021-08-31,50.0,50.0,50.0,50.0,49.75806427001953,77700,0.0,0.0,yfinance_raw_daily
2021-09-01,50.0,50.0,50.0,50.0,49.75806427001953,55000,0.0,0.0,yfinance_raw_daily
2021-09-02,50.0,50.0,50.0,50.0,49.75806427001953,3800,0.0,0.0,yfinance_raw_daily
2021-09-03,50.0,50.0,50.0,50.0,49.75806427001953,24600,0.0,0.0,yfinance_raw_daily
2021-09-06,50.0,50.0,50.0,50.0,49.75806427001953,262800,0.0,0.0,yfinance_raw_daily
2021-09-07,50.0,50.0,50.0,50.0,49.75806427001953,57600,0.0,0.0,yfinance_raw_daily
2021-09-08,50.0,50.0,50.0,50.0,49.75806427001953,93500,0.0,0.0,yfinance_raw_daily
2021-09-09,50.0,50.0,50.0,50.0,49.75806427001953,71600,0.0,0.0,yfinance_raw_daily
2021-09-10,50.0,50.0,50.0,50.0,49.75806427001953,399500,0.0,0.0,yfinance_raw_daily
2021-09-13,50.0,50.0,50.0,50.0,49.75806427001953,134500,0.0,0.0,yfinance_raw_daily
2021-09-14,50.0,50.0,50.0,50.0,49.75806427001953,38900,0.0,0.0,yfinance_raw_daily
2021-09-15,50.0,50.0,50.0,50.0,49.75806427001953,40500,0.0,0.0,yfinance_raw_daily
2021-09-16,50.0,50.0,50.0,50.0,49.75806427001953,5900,0.0,0.0,yfinance_raw_daily
2021-09-17,50.0,50.0,50.0,50.0,49.75806427001953,17600,0.0,0.0,yfinance_raw_daily
2021-09-20,50.0,50.0,50.0,50.0,49.75806427001953,38000,0.0,0.0,yfinance_raw_daily
2021-09-21,50.0,50.0,50.0,50.0,49.75806427001953,3900,0.0,0.0,yfinance_raw_daily
2021-09-22,50.0,50.0,50.0,50.0,49.75806427001953,18900,0.0,0.0,yfinance_raw_daily
2021-09-23,50.0,50.0,50.0,50.0,49.75806427001953,38000,0.0,0.0,yfinance_raw_daily
2021-09-24,50.0,50.0,50.0,50.0,49.75806427001953,385600,0.0,0.0,yfinance_raw_daily
2021-09-27,50.0,50.0,50.0,50.0,49.75806427001953,227000,0.0,0.0,yfinance_raw_daily
2021-09-28,50.0,50.0,50.0,50.0,49.75806427001953,1481800,0.0,0.0,yfinance_raw_daily
2021-09-29,50.0,50.0,50.0,50.0,49.75806427001953,4282300,0.0,0.0,yfinance_raw_daily
2021-09-30,50.0,50.0,50.0,50.0,49.75806427001953,4153400,0.0,0.0,yfinance_raw_daily
2021-10-01,50.0,50.0,50.0,50.0,49.75806427001953,904400,0.0,0.0,yfinance_raw_daily
2021-10-04,50.0,53.0,50.0,50.0,49.75806427001953,953365400,0.0,0.0,yfinance_raw_daily
2021-10-05,50.0,53.0,50.0,50.0,49.75806427001953,528262700,0.0,0.0,yfinance_raw_daily
2021-10-06,50.0,51.0,50.0,50.0,49.75806427001953,116973300,0.0,0.0,yfinance_raw_daily
2021-10-07,50.0,50.0,50.0,50.0,49.75806427001953,3538900,0.0,0.0,yfinance_raw_daily
2021-10-08,50.0,50.0,50.0,50.0,49.75806427001953,3168400,0.0,0.0,yfinance_raw_daily
2021-10-11,50.0,50.0,50.0,50.0,49.75806427001953,3460600,0.0,0.0,yfinance_raw_daily
2021-10-12,50.0,50.0,50.0,50.0,49.75806427001953,12021000,0.0,0.0,yfinance_raw_daily
2021-10-13,50.0,50.0,50.0,50.0,49.75806427001953,238400,0.0,0.0,yfinance_raw_daily
2021-10-14,50.0,50.0,50.0,50.0,49.75806427001953,83500,0.0,0.0,yfinance_raw_daily
2021-10-15,50.0,50.0,50.0,50.0,49.75806427001953,689200,0.0,0.0,yfinance_raw_daily
2021-10-18,50.0,50.0,50.0,50.0,49.75806427001953,2043900,0.0,0.0,yfinance_raw_daily
2021-10-19,50.0,50.0,50.0,50.0,49.75806427001953,472100,0.0,0.0,yfinance_raw_daily
2021-10-21,50.0,50.0,50.0,50.0,49.75806427001953,772100,0.0,0.0,yfinance_raw_daily
2021-10-22,50.0,50.0,50.0,50.0,49.75806427001953,200300,0.0,0.0,yfinance_raw_daily
2021-10-25,50.0,50.0,50.0,50.0,49.75806427001953,3435100,0.0,0.0,yfinance_raw_daily
2021-10-26,50.0,50.0,50.0,50.0,49.75806427001953,178000,0.0,0.0,yfinance_raw_daily
2021-10-27,50.0,50.0,50.0,50.0,49.75806427001953,170200,0.0,0.0,yfinance_raw_daily
2021-10-28,50.0,50.0,50.0,50.0,49.75806427001953,16500,0.0,0.0,yfinance_raw_daily
2021-10-29,50.0,50.0,50.0,50.0,49.75806427001953,156100,0.0,0.0,yfinance_raw_daily
2021-11-01,50.0,50.0,50.0,50.0,49.75806427001953,27500,0.0,0.0,yfinance_raw_daily
2021-11-02,50.0,50.0,50.0,50.0,49.75806427001953,141200,0.0,0.0,yfinance_raw_daily
2021-11-03,50.0,50.0,50.0,50.0,49.75806427001953,511100,0.0,0.0,yfinance_raw_daily
2021-11-04,50.0,50.0,50.0,50.0,49.75806427001953,156600,0.0,0.0,yfinance_raw_daily
2021-11-05,50.0,50.0,50.0,50.0,49.75806427001953,24500,0.0,0.0,yfinance_raw_daily
2021-11-08,50.0,50.0,50.0,50.0,49.75806427001953,10700,0.0,0.0,yfinance_raw_daily
2021-11-09,50.0,50.0,50.0,50.0,49.75806427001953,277600,0.0,0.0,yfinance_raw_daily
2021-11-10,50.0,50.0,50.0,50.0,49.75806427001953,482500,0.0,0.0,yfinance_raw_daily
2021-11-11,50.0,50.0,50.0,50.0,49.75806427001953,882800,0.0,0.0,yfinance_raw_daily
2021-11-12,50.0,50.0,50.0,50.0,49.75806427001953,250400,0.0,0.0,yfinance_raw_daily
2021-11-15,50.0,50.0,50.0,50.0,49.75806427001953,104400,0.0,0.0,yfinance_raw_daily
2021-11-16,50.0,50.0,50.0,50.0,49.75806427001953,228400,0.0,0.0,yfinance_raw_daily
2021-11-17,50.0,50.0,50.0,50.0,49.75806427001953,663300,0.0,0.0,yfinance_raw_daily
2021-11-18,50.0,50.0,50.0,50.0,49.75806427001953,869200,0.0,0.0,yfinance_raw_daily
2021-11-19,50.0,50.0,50.0,50.0,49.75806427001953,155300,0.0,0.0,yfinance_raw_daily
2021-11-22,50.0,50.0,50.0,50.0,49.75806427001953,79800,0.0,0.0,yfinance_raw_daily
2021-11-23,50.0,50.0,50.0,50.0,49.75806427001953,140400,0.0,0.0,yfinance_raw_daily
2021-11-24,50.0,50.0,50.0,50.0,49.75806427001953,1499000,0.0,0.0,yfinance_raw_daily
2021-11-25,50.0,50.0,50.0,50.0,49.75806427001953,156800,0.0,0.0,yfinance_raw_daily
2021-11-26,50.0,50.0,50.0,50.0,49.75806427001953,72800,0.0,0.0,yfinance_raw_daily
2021-11-29,50.0,50.0,50.0,50.0,49.75806427001953,222700,0.0,0.0,yfinance_raw_daily
2021-11-30,50.0,50.0,50.0,50.0,49.75806427001953,80100,0.0,0.0,yfinance_raw_daily
2021-12-01,50.0,50.0,50.0,50.0,49.75806427001953,35800,0.0,0.0,yfinance_raw_daily
2021-12-02,50.0,50.0,50.0,50.0,49.75806427001953,245700,0.0,0.0,yfinance_raw_daily
2021-12-03,50.0,50.0,50.0,50.0,49.75806427001953,304500,0.0,0.0,yfinance_raw_daily
2021-12-06,50.0,50.0,50.0,50.0,49.75806427001953,61700,0.0,0.0,yfinance_raw_daily
2021-12-07,50.0,50.0,50.0,50.0,49.75806427001953,8100,0.0,0.0,yfinance_raw_daily
2021-12-08,50.0,50.0,50.0,50.0,49.75806427001953,13900,0.0,0.0,yfinance_raw_daily
2021-12-09,50.0,50.0,50.0,50.0,49.75806427001953,24200,0.0,0.0,yfinance_raw_daily
2021-12-10,50.0,50.0,50.0,50.0,49.75806427001953,22000,0.0,0.0,yfinance_raw_daily
2021-12-13,50.0,50.0,50.0,50.0,49.75806427001953,92800,0.0,0.0,yfinance_raw_daily
2021-12-14,50.0,50.0,50.0,50.0,49.75806427001953,2291700,0.0,0.0,yfinance_raw_daily
2021-12-15,50.0,50.0,50.0,50.0,49.75806427001953,1354400,0.0,0.0,yfinance_raw_daily
2021-12-16,50.0,50.0,50.0,50.0,49.75806427001953,578500,0.0,0.0,yfinance_raw_daily
2021-12-17,50.0,50.0,50.0,50.0,49.75806427001953,173700,0.0,0.0,yfinance_raw_daily
2021-12-20,50.0,50.0,50.0,50.0,49.75806427001953,225400,0.0,0.0,yfinance_raw_daily
2021-12-21,50.0,50.0,50.0,50.0,49.75806427001953,51000,0.0,0.0,yfinance_raw_daily
2021-12-22,50.0,50.0,50.0,50.0,49.75806427001953,97500,0.0,0.0,yfinance_raw_daily
2021-12-23,50.0,50.0,50.0,50.0,49.75806427001953,347000,0.0,0.0,yfinance_raw_daily
2021-12-24,50.0,50.0,50.0,50.0,49.75806427001953,182700,0.0,0.0,yfinance_raw_daily
2021-12-27,50.0,50.0,50.0,50.0,49.75806427001953,9100,0.0,0.0,yfinance_raw_daily
2021-12-28,50.0,50.0,50.0,50.0,49.75806427001953,454400,0.0,0.0,yfinance_raw_daily
2021-12-29,50.0,50.0,50.0,50.0,49.75806427001953,19900,0.0,0.0,yfinance_raw_daily
2021-12-30,50.0,50.0,50.0,50.0,49.75806427001953,191900,0.0,0.0,yfinance_raw_daily
2022-01-03,50.0,50.0,50.0,50.0,49.75806427001953,25500,0.0,0.0,yfinance_raw_daily
2022-01-04,50.0,50.0,50.0,50.0,49.75806427001953,7200,0.0,0.0,yfinance_raw_daily
2022-01-05,50.0,50.0,50.0,50.0,49.75806427001953,41800,0.0,0.0,yfinance_raw_daily
2022-01-06,50.0,50.0,50.0,50.0,49.75806427001953,19000,0.0,0.0,yfinance_raw_daily
2022-01-07,50.0,50.0,50.0,50.0,49.75806427001953,219800,0.0,0.0,yfinance_raw_daily
2022-01-10,50.0,50.0,50.0,50.0,49.75806427001953,157800,0.0,0.0,yfinance_raw_daily
2022-01-11,50.0,50.0,50.0,50.0,49.75806427001953,6200,0.0,0.0,yfinance_raw_daily
2022-01-12,50.0,50.0,50.0,50.0,49.75806427001953,7300,0.0,0.0,yfinance_raw_daily
2022-01-13,50.0,50.0,50.0,50.0,49.75806427001953,37200,0.0,0.0,yfinance_raw_daily
2022-01-14,50.0,50.0,50.0,50.0,49.75806427001953,6400,0.0,0.0,yfinance_raw_daily
2022-01-17,50.0,50.0,50.0,50.0,49.75806427001953,16000,0.0,0.0,yfinance_raw_daily
2022-01-18,50.0,50.0,50.0,50.0,49.75806427001953,119900,0.0,0.0,yfinance_raw_daily
2022-01-19,50.0,50.0,50.0,50.0,49.75806427001953,87500,0.0,0.0,yfinance_raw_daily
2022-01-20,50.0,50.0,50.0,50.0,49.75806427001953,114800,0.0,0.0,yfinance_raw_daily
2022-01-21,50.0,50.0,50.0,50.0,49.75806427001953,476700,0.0,0.0,yfinance_raw_daily
2022-01-24,50.0,50.0,50.0,50.0,49.75806427001953,26500,0.0,0.0,yfinance_raw_daily
2022-01-25,50.0,50.0,50.0,50.0,49.75806427001953,75300,0.0,0.0,yfinance_raw_daily
2022-01-26,50.0,50.0,50.0,50.0,49.75806427001953,13000,0.0,0.0,yfinance_raw_daily
2022-01-27,50.0,50.0,50.0,50.0,49.75806427001953,21800,0.0,0.0,yfinance_raw_daily
2022-01-28,50.0,50.0,50.0,50.0,49.75806427001953,38600,0.0,0.0,yfinance_raw_daily
2022-01-31,50.0,50.0,50.0,50.0,49.75806427001953,33900,0.0,0.0,yfinance_raw_daily
2022-02-02,50.0,50.0,50.0,50.0,49.75806427001953,54000,0.0,0.0,yfinance_raw_daily
2022-02-03,50.0,50.0,50.0,50.0,49.75806427001953,12900,0.0,0.0,yfinance_raw_daily
2022-02-04,50.0,50.0,50.0,50.0,49.75806427001953,208600,0.0,0.0,yfinance_raw_daily
2022-02-07,50.0,50.0,50.0,50.0,49.75806427001953,14000,0.0,0.0,yfinance_raw_daily
2022-02-08,50.0,50.0,50.0,50.0,49.75806427001953,1418200,0.0,0.0,yfinance_raw_daily
2022-02-09,50.0,50.0,50.0,50.0,49.75806427001953,535600,0.0,0.0,yfinance_raw_daily
2022-02-10,50.0,50.0,50.0,50.0,49.75806427001953,1053100,0.0,0.0,yfinance_raw_daily
2022-02-11,50.0,50.0,50.0,50.0,49.75806427001953,503400,0.0,0.0,yfinance_raw_daily
2022-02-14,50.0,50.0,50.0,50.0,49.75806427001953,135000,0.0,0.0,yfinance_raw_daily
2022-02-15,50.0,50.0,50.0,50.0,49.75806427001953,1893200,0.0,0.0,yfinance_raw_daily
2022-02-16,50.0,50.0,50.0,50.0,49.75806427001953,677500,0.0,0.0,yfinance_raw_daily
2022-02-17,50.0,50.0,50.0,50.0,49.75806427001953,85700,0.0,0.0,yfinance_raw_daily
2022-02-18,50.0,50.0,50.0,50.0,49.75806427001953,69400,0.0,0.0,yfinance_raw_daily
2022-02-21,50.0,50.0,50.0,50.0,49.75806427001953,17800,0.0,0.0,yfinance_raw_daily
2022-02-22,50.0,50.0,50.0,50.0,49.75806427001953,15500,0.0,0.0,yfinance_raw_daily
2022-02-23,50.0,50.0,50.0,50.0,49.75806427001953,251600,0.0,0.0,yfinance_raw_daily
2022-02-24,50.0,50.0,50.0,50.0,49.75806427001953,22700,0.0,0.0,yfinance_raw_daily
2022-02-25,50.0,50.0,50.0,50.0,49.75806427001953,63300,0.0,0.0,yfinance_raw_daily
2022-03-01,50.0,50.0,50.0,50.0,49.75806427001953,213900,0.0,0.0,yfinance_raw_daily
2022-03-02,50.0,50.0,50.0,50.0,49.75806427001953,106400,0.0,0.0,yfinance_raw_daily
2022-03-04,50.0,50.0,50.0,50.0,49.75806427001953,506000,0.0,0.0,yfinance_raw_daily
2022-03-07,50.0,50.0,50.0,50.0,49.75806427001953,3506200,0.0,0.0,yfinance_raw_daily
2022-03-08,50.0,50.0,50.0,50.0,49.75806427001953,259300,0.0,0.0,yfinance_raw_daily
2022-03-09,50.0,50.0,50.0,50.0,49.75806427001953,512300,0.0,0.0,yfinance_raw_daily
2022-03-10,50.0,50.0,50.0,50.0,49.75806427001953,2500,0.0,0.0,yfinance_raw_daily
2022-03-11,50.0,50.0,50.0,50.0,49.75806427001953,35700,0.0,0.0,yfinance_raw_daily
2022-03-14,50.0,50.0,50.0,50.0,49.75806427001953,194800,0.0,0.0,yfinance_raw_daily
2022-03-15,50.0,50.0,50.0,50.0,49.75806427001953,200,0.0,0.0,yfinance_raw_daily
2022-03-16,50.0,50.0,50.0,50.0,49.75806427001953,18000,0.0,0.0,yfinance_raw_daily
2022-03-17,50.0,50.0,50.0,50.0,49.75806427001953,5200,0.0,0.0,yfinance_raw_daily
2022-03-18,50.0,50.0,50.0,50.0,49.75806427001953,140400,0.0,0.0,yfinance_raw_daily
2022-03-21,50.0,50.0,50.0,50.0,49.75806427001953,5500,0.0,0.0,yfinance_raw_daily
2022-03-22,50.0,50.0,50.0,50.0,49.75806427001953,1147100,0.0,0.0,yfinance_raw_daily
2022-03-23,50.0,50.0,50.0,50.0,49.75806427001953,364100,0.0,0.0,yfinance_raw_daily
2022-03-24,50.0,50.0,50.0,50.0,49.75806427001953,975000,0.0,0.0,yfinance_raw_daily
2022-03-25,50.0,50.0,50.0,50.0,49.75806427001953,23138200,0.0,0.0,yfinance_raw_daily
2022-03-28,50.0,51.0,50.0,50.0,49.75806427001953,867792500,0.0,0.0,yfinance_raw_daily
2022-03-29,51.0,51.0,50.0,50.0,49.75806427001953,447335600,0.0,0.0,yfinance_raw_daily
2022-03-30,50.0,57.0,50.0,57.0,56.72419357299805,1044222200,0.0,0.0,yfinance_raw_daily
2022-03-31,60.0,60.0,54.0,54.0,53.73870849609375,943536700,0.0,0.0,yfinance_raw_daily
2022-04-01,54.0,55.0,51.0,51.0,50.75322723388672,551226900,0.0,0.0,yfinance_raw_daily
2022-04-04,50.0,54.0,50.0,54.0,53.73870849609375,492185900,0.0,0.0,yfinance_raw_daily
2022-04-05,54.0,56.0,52.0,54.0,53.73870849609375,531215400,0.0,0.0,yfinance_raw_daily
2022-04-06,54.0,55.0,53.0,54.0,53.73870849609375,278418500,0.0,0.0,yfinance_raw_daily
2022-04-07,55.0,61.0,54.0,58.0,57.719356536865234,1725678400,0.0,0.0,yfinance_raw_daily
2022-04-08,59.0,65.0,58.0,65.0,64.68548583984375,1468218600,0.0,0.0,yfinance_raw_daily
2022-04-11,65.0,79.0,65.0,71.0,70.65644836425781,2809710500,0.0,0.0,yfinance_raw_daily
2022-04-12,71.0,75.0,67.0,67.0,66.6758041381836,1258699900,0.0,0.0,yfinance_raw_daily
2022-04-13,68.0,72.0,68.0,69.0,68.66613006591797,467863700,0.0,0.0,yfinance_raw_daily
2022-04-14,70.0,75.0,70.0,74.0,73.64193725585938,731925500,0.0,0.0,yfinance_raw_daily
2022-04-18,71.0,74.0,69.0,72.0,71.651611328125,767285700,0.0,0.0,yfinance_raw_daily
2022-04-19,72.0,74.0,67.0,67.0,66.6758041381836,1120654100,0.0,0.0,yfinance_raw_daily
2022-04-20,67.0,68.0,63.0,63.0,62.695159912109375,456510800,0.0,0.0,yfinance_raw_daily
2022-04-21,62.0,62.0,59.0,59.0,58.714515686035156,494155100,0.0,0.0,yfinance_raw_daily
2022-04-22,57.0,57.0,55.0,55.0,54.73387145996094,163892200,0.0,0.0,yfinance_raw_daily
2022-04-25,52.0,55.0,52.0,53.0,52.74354934692383,891055600,0.0,0.0,yfinance_raw_daily
2022-04-26,54.0,54.0,50.0,51.0,50.75322723388672,357842600,0.0,0.0,yfinance_raw_daily
2022-04-27,51.0,57.0,50.0,56.0,55.729034423828125,299300300,0.0,0.0,yfinance_raw_daily
2022-04-28,57.0,58.0,55.0,56.0,55.729034423828125,195443400,0.0,0.0,yfinance_raw_daily
2022-05-09,56.0,59.0,55.0,57.0,56.72419357299805,152532100,0.0,0.0,yfinance_raw_daily
2022-05-10,57.0,58.0,54.0,56.0,55.729034423828125,254067500,0.0,0.0,yfinance_raw_daily
2022-05-11,56.0,57.0,55.0,56.0,55.729034423828125,47171100,0.0,0.0,yfinance_raw_daily
2022-05-12,56.0,59.0,53.0,53.0,52.74354934692383,282508900,0.0,0.0,yfinance_raw_daily
2022-05-13,53.0,57.0,52.0,55.0,54.73387145996094,97135000,0.0,0.0,yfinance_raw_daily
2022-05-17,55.0,56.0,53.0,54.0,53.73870849609375,69071900,0.0,0.0,yfinance_raw_daily
2022-05-18,55.0,58.0,55.0,55.0,54.73387145996094,60475900,0.0,0.0,yfinance_raw_daily
2022-05-19,54.0,56.0,54.0,55.0,54.73387145996094,34475100,0.0,0.0,yfinance_raw_daily
2022-05-20,55.0,56.0,54.0,55.0,54.73387145996094,77617100,0.0,0.0,yfinance_raw_daily
2022-05-23,54.0,57.0,54.0,54.0,53.73870849609375,99180600,0.0,0.0,yfinance_raw_daily
2022-05-24,54.0,54.0,52.0,53.0,52.74354934692383,69138400,0.0,0.0,yfinance_raw_daily
2022-05-25,54.0,55.0,53.0,55.0,54.73387145996094,31365500,0.0,0.0,yfinance_raw_daily
2022-05-27,55.0,55.0,53.0,54.0,53.73870849609375,38388000,0.0,0.0,yfinance_raw_daily
2022-05-30,54.0,55.0,53.0,53.0,52.74354934692383,28387600,0.0,0.0,yfinance_raw_daily
2022-05-31,53.0,54.0,52.0,54.0,53.73870849609375,36211700,0.0,0.0,yfinance_raw_daily
2022-06-02,53.0,54.0,53.0,53.0,52.74354934692383,20111100,0.0,0.0,yfinance_raw_daily
2022-06-03,53.0,54.0,51.0,53.0,52.74354934692383,89373300,0.0,0.0,yfinance_raw_daily
2022-06-06,53.0,54.0,52.0,54.0,53.73870849609375,79592100,0.0,0.0,yfinance_raw_daily
2022-06-07,54.0,59.0,53.0,56.0,55.729034423828125,343266200,0.0,0.0,yfinance_raw_daily
2022-06-08,57.0,57.0,54.0,55.0,54.73387145996094,60472800,0.0,0.0,yfinance_raw_daily
2022-06-09,54.0,56.0,54.0,54.0,53.73870849609375,47185400,0.0,0.0,yfinance_raw_daily
2022-06-10,54.0,55.0,53.0,53.0,52.74354934692383,71663300,0.0,0.0,yfinance_raw_daily
2022-06-13,53.0,54.0,52.0,52.0,51.74838638305664,53183500,0.0,0.0,yfinance_raw_daily
2022-06-14,53.0,54.0,52.0,52.0,51.74838638305664,55742300,0.0,0.0,yfinance_raw_daily
2022-06-15,52.0,61.0,52.0,60.0,59.709678649902344,1104964900,0.0,0.0,yfinance_raw_daily
2022-06-16,59.0,67.0,58.0,59.0,58.714515686035156,1150218400,0.0,0.0,yfinance_raw_daily
2022-06-17,59.0,63.0,58.0,63.0,62.695159912109375,442467900,0.0,0.0,yfinance_raw_daily
2022-06-20,65.0,66.0,63.0,64.0,63.69032287597656,350620300,0.0,0.0,yfinance_raw_daily
2022-06-21,64.0,66.0,61.0,63.0,62.695159912109375,193963200,0.0,0.0,yfinance_raw_daily
2022-06-22,63.0,65.0,61.0,61.0,60.704837799072266,122360400,0.0,0.0,yfinance_raw_daily
2022-06-23,61.0,63.0,57.0,59.0,58.714515686035156,285760900,0.0,0.0,yfinance_raw_daily
2022-06-24,58.0,61.0,58.0,61.0,60.704837799072266,73161800,0.0,0.0,yfinance_raw_daily
2022-06-27,60.0,61.0,57.0,58.0,57.719356536865234,77203300,0.0,0.0,yfinance_raw_daily
2022-06-28,58.0,59.0,56.0,58.0,57.719356536865234,69606900,0.0,0.0,yfinance_raw_daily
2022-06-29,63.0,63.0,54.0,54.0,53.73870849609375,368633100,0.0,0.0,yfinance_raw_daily
2022-06-30,54.0,55.0,53.0,54.0,53.73870849609375,80259200,0.0,0.0,yfinance_raw_daily
2022-07-01,54.0,55.0,52.0,53.0,52.74354934692383,162359800,0.0,0.0,yfinance_raw_daily
2022-07-04,53.0,55.0,53.0,53.0,52.74354934692383,123351200,0.0,0.0,yfinance_raw_daily
2022-07-05,53.0,56.0,53.0,54.0,53.73870849609375,135537600,0.0,0.0,yfinance_raw_daily
2022-07-06,54.0,55.0,53.0,55.0,54.73387145996094,42089200,0.0,0.0,yfinance_raw_daily
2022-07-07,55.0,55.0,54.0,55.0,54.73387145996094,25458900,0.0,0.0,yfinance_raw_daily
2022-07-08,55.0,55.0,53.0,55.0,54.73387145996094,98294300,0.0,0.0,yfinance_raw_daily
2022-07-11,54.0,55.0,54.0,55.0,54.73387145996094,26053300,0.0,0.0,yfinance_raw_daily
2022-07-12,55.0,58.0,54.0,57.0,56.72419357299805,231045800,0.0,0.0,yfinance_raw_daily
2022-07-13,57.0,59.0,56.0,57.0,56.72419357299805,174010400,0.0,0.0,yfinance_raw_daily
2022-07-14,57.0,57.0,55.0,56.0,55.729034423828125,27266500,0.0,0.0,yfinance_raw_daily
2022-07-15,56.0,56.0,55.0,55.0,54.73387145996094,44003700,0.0,0.0,yfinance_raw_daily
2022-07-18,55.0,56.0,54.0,54.0,53.73870849609375,33364200,0.0,0.0,yfinance_raw_daily
2022-07-19,55.0,57.0,54.0,56.0,55.729034423828125,154969900,0.0,0.0,yfinance_raw_daily
2022-07-20,56.0,58.0,56.0,56.0,55.729034423828125,122064800,0.0,0.0,yfinance_raw_daily
2022-07-21,56.0,58.0,55.0,57.0,56.72419357299805,131284900,0.0,0.0,yfinance_raw_daily
2022-07-22,57.0,62.0,57.0,60.0,59.709678649902344,444988600,0.0,0.0,yfinance_raw_daily
2022-07-25,61.0,62.0,59.0,61.0,60.704837799072266,369929700,0.0,0.0,yfinance_raw_daily
2022-07-26,62.0,65.0,60.0,61.0,60.704837799072266,695193600,0.0,0.0,yfinance_raw_daily
2022-07-27,60.0,61.0,57.0,57.0,56.72419357299805,419782100,0.0,0.0,yfinance_raw_daily
2022-07-28,57.0,58.0,54.0,56.0,55.729034423828125,269039700,0.0,0.0,yfinance_raw_daily
2022-07-29,56.0,59.0,55.0,57.0,56.72419357299805,126857500,0.0,0.0,yfinance_raw_daily
2022-08-01,57.0,60.0,57.0,58.0,57.719356536865234,122657600,0.0,0.0,yfinance_raw_daily
2022-08-02,59.0,59.0,57.0,57.0,56.72419357299805,119844500,0.0,0.0,yfinance_raw_daily
2022-08-03,61.0,61.0,57.0,57.0,56.72419357299805,183961300,0.0,0.0,yfinance_raw_daily
2022-08-04,58.0,65.0,57.0,60.0,59.709678649902344,1153936000,0.0,0.0,yfinance_raw_daily
2022-08-05,60.0,62.0,59.0,60.0,59.709678649902344,189833600,0.0,0.0,yfinance_raw_daily
2022-08-08,60.0,63.0,60.0,61.0,60.704837799072266,201166400,0.0,0.0,yfinance_raw_daily
2022-08-09,61.0,70.0,59.0,70.0,69.66129302978516,2029705900,0.0,0.0,yfinance_raw_daily
2022-08-10,72.0,72.0,66.0,67.0,66.6758041381836,1157463000,0.0,0.0,yfinance_raw_daily
2022-08-11,67.0,76.0,66.0,72.0,71.651611328125,1296108800,0.0,0.0,yfinance_raw_daily
2022-08-12,73.0,81.0,71.0,75.0,74.63710021972656,2152904100,0.0,0.0,yfinance_raw_daily
2022-08-15,76.0,81.0,73.0,74.0,73.64193725585938,1373421700,0.0,0.0,yfinance_raw_daily
2022-08-16,74.0,77.0,72.0,74.0,73.64193725585938,931472900,0.0,0.0,yfinance_raw_daily
2022-08-18,75.0,77.0,73.0,75.0,74.63710021972656,1022393900,0.0,0.0,yfinance_raw_daily
2022-08-19,76.0,81.0,75.0,77.0,76.6274185180664,1510279700,0.0,0.0,yfinance_raw_daily
2022-08-22,78.0,78.0,72.0,72.0,71.651611328125,669640100,0.0,0.0,yfinance_raw_daily
2022-08-23,71.0,74.0,67.0,70.0,69.66129302978516,1268467800,0.0,0.0,yfinance_raw_daily
2022-08-24,70.0,72.0,67.0,69.0,68.66613006591797,784831100,0.0,0.0,yfinance_raw_daily
2022-08-25,70.0,75.0,69.0,74.0,73.64193725585938,1626301200,0.0,0.0,yfinance_raw_daily
2022-08-26,76.0,76.0,72.0,73.0,72.64677429199219,630647500,0.0,0.0,yfinance_raw_daily
2022-08-29,71.0,88.0,69.0,88.0,87.5741958618164,2029637100,0.0,0.0,yfinance_raw_daily
2022-08-30,90.0,90.0,82.0,82.0,81.60322570800781,2212264800,0.0,0.0,yfinance_raw_daily
2022-08-31,77.0,82.0,77.0,80.0,79.61289978027344,1501127600,0.0,0.0,yfinance_raw_daily
2022-09-01,80.0,89.0,78.0,85.0,84.58870697021484,1905078300,0.0,0.0,yfinance_raw_daily
2022-09-02,86.0,92.0,82.0,85.0,84.58870697021484,1905456100,0.0,0.0,yfinance_raw_daily
2022-09-05,85.0,91.0,83.0,89.0,88.5693588256836,1513447300,0.0,0.0,yfinance_raw_daily
2022-09-06,90.0,95.0,89.0,91.0,90.55967712402344,1296945100,0.0,0.0,yfinance_raw_daily
2022-09-07,93.0,93.0,85.0,89.0,88.5693588256836,1204197800,0.0,0.0,yfinance_raw_daily
2022-09-08,90.0,90.0,83.0,86.0,85.58386993408203,947255200,0.0,0.0,yfinance_raw_daily
2022-09-09,86.0,89.0,81.0,87.0,86.57903289794922,697989800,0.0,0.0,yfinance_raw_daily
2022-09-12,88.0,89.0,84.0,87.0,86.57903289794922,692845900,0.0,0.0,yfinance_raw_daily
2022-09-13,87.0,88.0,84.0,84.0,83.59355163574219,412731100,0.0,0.0,yfinance_raw_daily
2022-09-14,84.0,85.0,80.0,82.0,81.60322570800781,691598200,0.0,0.0,yfinance_raw_daily
2022-09-15,84.0,84.0,77.0,77.0,76.6274185180664,865006100,0.0,0.0,yfinance_raw_daily
2022-09-16,74.0,75.0,72.0,72.0,71.651611328125,893811600,0.0,0.0,yfinance_raw_daily
2022-09-19,70.0,73.0,67.0,67.0,66.6758041381836,468481500,0.0,0.0,yfinance_raw_daily
2022-09-20,65.0,71.0,63.0,66.0,65.68064880371094,1800915100,0.0,0.0,yfinance_raw_daily
2022-09-21,66.0,67.0,62.0,62.0,61.70000076293945,791576400,0.0,0.0,yfinance_raw_daily
2022-09-22,62.0,66.0,59.0,65.0,64.68548583984375,572019400,0.0,0.0,yfinance_raw_daily
2022-09-23,66.0,66.0,61.0,61.0,60.704837799072266,286812300,0.0,0.0,yfinance_raw_daily
2022-09-26,61.0,61.0,57.0,57.0,56.72419357299805,462420900,0.0,0.0,yfinance_raw_daily
2022-09-27,57.0,61.0,55.0,59.0,58.714515686035156,408797600,0.0,0.0,yfinance_raw_daily
2022-09-28,59.0,61.0,57.0,57.0,56.72419357299805,176805400,0.0,0.0,yfinance_raw_daily
2022-09-29,58.0,61.0,56.0,56.0,55.729034423828125,254147700,0.0,0.0,yfinance_raw_daily
2022-09-30,56.0,59.0,54.0,58.0,57.719356536865234,225152200,0.0,0.0,yfinance_raw_daily
2022-10-03,57.0,60.0,57.0,60.0,59.709678649902344,313869200,0.0,0.0,yfinance_raw_daily
2022-10-04,61.0,64.0,61.0,63.0,62.695159912109375,512395000,0.0,0.0,yfinance_raw_daily
2022-10-05,64.0,68.0,63.0,67.0,66.6758041381836,646060000,0.0,0.0,yfinance_raw_daily
2022-10-06,68.0,70.0,65.0,66.0,65.68064880371094,348337800,0.0,0.0,yfinance_raw_daily
2022-10-07,70.0,72.0,67.0,70.0,69.66129302978516,756539400,0.0,0.0,yfinance_raw_daily
2022-10-10,70.0,70.0,66.0,66.0,65.68064880371094,393763400,0.0,0.0,yfinance_raw_daily
2022-10-11,64.0,68.0,63.0,63.0,62.695159912109375,619093100,0.0,0.0,yfinance_raw_daily
2022-10-12,63.0,69.0,62.0,66.0,65.68064880371094,368229200,0.0,0.0,yfinance_raw_daily
2022-10-13,67.0,69.0,65.0,65.0,64.68548583984375,192902600,0.0,0.0,yfinance_raw_daily
2022-10-14,66.0,68.0,62.0,63.0,62.695159912109375,223863100,0.0,0.0,yfinance_raw_daily
2022-10-17,63.0,63.0,59.0,62.0,61.70000076293945,541524300,0.0,0.0,yfinance_raw_daily
2022-10-18,63.0,64.0,61.0,64.0,63.69032287597656,317783000,0.0,0.0,yfinance_raw_daily
2022-10-19,64.0,64.0,60.0,61.0,60.704837799072266,579237500,0.0,0.0,yfinance_raw_daily
2022-10-20,61.0,65.0,60.0,63.0,62.695159912109375,410239900,0.0,0.0,yfinance_raw_daily
2022-10-21,63.0,67.0,62.0,66.0,65.68064880371094,461785700,0.0,0.0,yfinance_raw_daily
2022-10-24,65.0,70.0,65.0,67.0,66.6758041381836,456984600,0.0,0.0,yfinance_raw_daily
2022-10-25,67.0,69.0,64.0,66.0,65.68064880371094,353268100,0.0,0.0,yfinance_raw_daily
2022-10-26,67.0,67.0,63.0,64.0,63.69032287597656,281414400,0.0,0.0,yfinance_raw_daily
2022-10-27,65.0,66.0,63.0,63.0,62.695159912109375,320995200,0.0,0.0,yfinance_raw_daily
2022-10-28,64.0,64.0,59.0,60.0,59.709678649902344,717043100,0.0,0.0,yfinance_raw_daily
2022-10-31,60.0,63.0,60.0,61.0,60.704837799072266,295219500,0.0,0.0,yfinance_raw_daily
2022-11-01,61.0,62.0,57.0,59.0,58.714515686035156,458632800,0.0,0.0,yfinance_raw_daily
2022-11-02,59.0,60.0,57.0,57.0,56.72419357299805,220924500,0.0,0.0,yfinance_raw_daily
2022-11-03,58.0,59.0,57.0,59.0,58.714515686035156,166458800,0.0,0.0,yfinance_raw_daily
2022-11-04,58.0,59.0,56.0,58.0,57.719356536865234,186292300,0.0,0.0,yfinance_raw_daily
2022-11-07,58.0,60.0,57.0,59.0,58.714515686035156,270201600,0.0,0.0,yfinance_raw_daily
2022-11-08,60.0,63.0,59.0,61.0,60.704837799072266,426570500,0.0,0.0,yfinance_raw_daily
2022-11-09,62.0,63.0,61.0,62.0,61.70000076293945,201385700,0.0,0.0,yfinance_raw_daily
2022-11-10,62.0,62.0,58.0,61.0,60.704837799072266,240965200,0.0,0.0,yfinance_raw_daily
2022-11-11,60.0,63.0,60.0,60.0,59.709678649902344,165984800,0.0,0.0,yfinance_raw_daily
2022-11-14,60.0,62.0,58.0,59.0,58.714515686035156,169384000,0.0,0.0,yfinance_raw_daily
2022-11-15,58.0,60.0,56.0,58.0,57.719356536865234,224290600,0.0,0.0,yfinance_raw_daily
2022-11-16,58.0,59.0,56.0,57.0,56.72419357299805,231790100,0.0,0.0,yfinance_raw_daily
2022-11-17,57.0,57.0,56.0,57.0,56.72419357299805,59208000,0.0,0.0,yfinance_raw_daily
2022-11-18,57.0,60.0,56.0,59.0,58.714515686035156,370664900,0.0,0.0,yfinance_raw_daily
2022-11-21,60.0,60.0,58.0,59.0,58.714515686035156,135748700,0.0,0.0,yfinance_raw_daily
2022-11-22,59.0,61.0,58.0,59.0,58.714515686035156,190618500,0.0,0.0,yfinance_raw_daily
2022-11-23,59.0,61.0,59.0,60.0,59.709678649902344,128900400,0.0,0.0,yfinance_raw_daily
2022-11-24,60.0,62.0,59.0,59.0,58.714515686035156,178748200,0.0,0.0,yfinance_raw_daily
2022-11-25,59.0,60.0,59.0,60.0,59.709678649902344,81807100,0.0,0.0,yfinance_raw_daily
2022-11-28,60.0,60.0,57.0,57.0,56.72419357299805,204402100,0.0,0.0,yfinance_raw_daily
2022-11-29,58.0,58.0,56.0,57.0,56.72419357299805,97220500,0.0,0.0,yfinance_raw_daily
2022-11-30,57.0,58.0,57.0,57.0,56.72419357299805,53632100,0.0,0.0,yfinance_raw_daily
2022-12-01,54.0,60.0,54.0,59.0,58.714515686035156,371442100,0.0,0.0,yfinance_raw_daily
2022-12-02,60.0,61.0,57.0,58.0,57.719356536865234,288381100,0.0,0.0,yfinance_raw_daily
2022-12-05,59.0,60.0,57.0,57.0,56.72419357299805,171492100,0.0,0.0,yfinance_raw_daily
2022-12-06,57.0,58.0,56.0,56.0,55.729034423828125,134795700,0.0,0.0,yfinance_raw_daily
2022-12-07,56.0,57.0,55.0,55.0,54.73387145996094,119015600,0.0,0.0,yfinance_raw_daily
2022-12-08,55.0,57.0,52.0,54.0,53.73870849609375,388477800,0.0,0.0,yfinance_raw_daily
2022-12-09,54.0,55.0,53.0,54.0,53.73870849609375,82597700,0.0,0.0,yfinance_raw_daily
2022-12-12,54.0,55.0,53.0,54.0,53.73870849609375,60003800,0.0,0.0,yfinance_raw_daily
2022-12-13,55.0,55.0,54.0,55.0,54.73387145996094,59854500,0.0,0.0,yfinance_raw_daily
2022-12-14,55.0,55.0,53.0,54.0,53.73870849609375,104600900,0.0,0.0,yfinance_raw_daily
2022-12-15,54.0,55.0,52.0,53.0,52.74354934692383,159880600,0.0,0.0,yfinance_raw_daily
2022-12-16,53.0,53.0,50.0,50.0,49.75806427001953,486882100,0.0,0.0,yfinance_raw_daily
2022-12-19,50.0,52.0,50.0,51.0,50.75322723388672,324324700,0.0,0.0,yfinance_raw_daily
2022-12-20,51.0,52.0,50.0,51.0,50.75322723388672,81906900,0.0,0.0,yfinance_raw_daily
2022-12-21,51.0,52.0,50.0,51.0,50.75322723388672,68464700,0.0,0.0,yfinance_raw_daily
2022-12-22,53.0,53.0,50.0,52.0,51.74838638305664,65782300,0.0,0.0,yfinance_raw_daily
2022-12-23,52.0,53.0,51.0,52.0,51.74838638305664,55011300,0.0,0.0,yfinance_raw_daily
2022-12-26,52.0,54.0,51.0,54.0,53.73870849609375,92592100,0.0,0.0,yfinance_raw_daily
2022-12-27,54.0,55.0,53.0,53.0,52.74354934692383,39849800,0.0,0.0,yfinance_raw_daily
2022-12-28,53.0,55.0,53.0,53.0,52.74354934692383,73536200,0.0,0.0,yfinance_raw_daily
2022-12-29,53.0,55.0,53.0,54.0,53.73870849609375,38836800,0.0,0.0,yfinance_raw_daily
2022-12-30,54.0,55.0,53.0,53.0,52.74354934692383,29720100,0.0,0.0,yfinance_raw_daily
2023-01-02,53.0,55.0,53.0,53.0,52.74354934692383,32417900,0.0,0.0,yfinance_raw_daily
2023-01-03,54.0,55.0,53.0,55.0,54.73387145996094,93916000,0.0,0.0,yfinance_raw_daily
2023-01-04,55.0,56.0,53.0,53.0,52.74354934692383,72806800,0.0,0.0,yfinance_raw_daily
2023-01-05,54.0,54.0,51.0,51.0,50.75322723388672,146370400,0.0,0.0,yfinance_raw_daily
2023-01-06,52.0,54.0,51.0,54.0,53.73870849609375,127599100,0.0,0.0,yfinance_raw_daily
2023-01-09,54.0,54.0,52.0,53.0,52.74354934692383,54311300,0.0,0.0,yfinance_raw_daily
2023-01-10,53.0,54.0,52.0,54.0,53.73870849609375,94216900,0.0,0.0,yfinance_raw_daily
2023-01-11,54.0,54.0,53.0,53.0,52.74354934692383,27731100,0.0,0.0,yfinance_raw_daily
2023-01-12,53.0,54.0,52.0,53.0,52.74354934692383,44262200,0.0,0.0,yfinance_raw_daily
2023-01-13,53.0,54.0,52.0,53.0,52.74354934692383,25749300,0.0,0.0,yfinance_raw_daily
2023-01-16,53.0,54.0,52.0,54.0,53.73870849609375,41712300,0.0,0.0,yfinance_raw_daily
2023-01-17,54.0,55.0,53.0,54.0,53.73870849609375,102016800,0.0,0.0,yfinance_raw_daily
2023-01-18,55.0,55.0,53.0,54.0,53.73870849609375,57953700,0.0,0.0,yfinance_raw_daily
2023-01-19,55.0,57.0,54.0,56.0,55.729034423828125,158343800,0.0,0.0,yfinance_raw_daily
2023-01-20,57.0,57.0,53.0,55.0,54.73387145996094,351409300,0.0,0.0,yfinance_raw_daily
2023-01-24,55.0,61.0,54.0,60.0,59.709678649902344,545066000,0.0,0.0,yfinance_raw_daily
2023-01-25,60.0,61.0,58.0,59.0,58.714515686035156,209097800,0.0,0.0,yfinance_raw_daily
2023-01-26,59.0,59.0,56.0,57.0,56.72419357299805,110479800,0.0,0.0,yfinance_raw_daily
2023-01-27,57.0,59.0,57.0,58.0,57.719356536865234,79643500,0.0,0.0,yfinance_raw_daily
2023-01-30,58.0,59.0,57.0,57.0,56.72419357299805,62663800,0.0,0.0,yfinance_raw_daily
2023-01-31,57.0,62.0,57.0,60.0,59.709678649902344,349306000,0.0,0.0,yfinance_raw_daily
2023-02-01,60.0,63.0,59.0,60.0,59.709678649902344,295168500,0.0,0.0,yfinance_raw_daily
2023-02-02,60.0,62.0,60.0,60.0,59.709678649902344,79192100,0.0,0.0,yfinance_raw_daily
2023-02-03,61.0,61.0,57.0,57.0,56.72419357299805,225212200,0.0,0.0,yfinance_raw_daily
2023-02-06,57.0,58.0,55.0,56.0,55.729034423828125,110842300,0.0,0.0,yfinance_raw_daily
2023-02-07,56.0,58.0,56.0,57.0,56.72419357299805,72888700,0.0,0.0,yfinance_raw_daily
2023-02-08,56.0,58.0,55.0,56.0,55.729034423828125,78573400,0.0,0.0,yfinance_raw_daily
2023-02-09,56.0,57.0,55.0,55.0,54.73387145996094,62519900,0.0,0.0,yfinance_raw_daily
2023-02-10,55.0,57.0,54.0,55.0,54.73387145996094,90990200,0.0,0.0,yfinance_raw_daily
2023-02-13,55.0,57.0,55.0,56.0,55.729034423828125,40609200,0.0,0.0,yfinance_raw_daily
2023-02-14,57.0,59.0,56.0,58.0,57.719356536865234,145641000,0.0,0.0,yfinance_raw_daily
2023-02-15,58.0,58.0,56.0,56.0,55.729034423828125,37057800,0.0,0.0,yfinance_raw_daily
2023-02-16,57.0,57.0,55.0,55.0,54.73387145996094,49434300,0.0,0.0,yfinance_raw_daily
2023-02-17,55.0,57.0,55.0,55.0,54.73387145996094,31048000,0.0,0.0,yfinance_raw_daily
2023-02-20,55.0,56.0,52.0,53.0,52.74354934692383,165074000,0.0,0.0,yfinance_raw_daily
2023-02-21,53.0,54.0,53.0,53.0,52.74354934692383,32124200,0.0,0.0,yfinance_raw_daily
2023-02-22,53.0,54.0,52.0,53.0,52.74354934692383,37174600,0.0,0.0,yfinance_raw_daily
2023-02-23,53.0,54.0,52.0,53.0,52.74354934692383,33713600,0.0,0.0,yfinance_raw_daily
2023-02-24,53.0,54.0,52.0,52.0,51.74838638305664,21389500,0.0,0.0,yfinance_raw_daily
2023-02-27,52.0,54.0,51.0,51.0,50.75322723388672,96488900,0.0,0.0,yfinance_raw_daily
2023-02-28,51.0,52.0,51.0,51.0,50.75322723388672,47635400,0.0,0.0,yfinance_raw_daily
2023-03-01,51.0,52.0,51.0,52.0,51.74838638305664,27399600,0.0,0.0,yfinance_raw_daily
2023-03-02,52.0,52.0,51.0,51.0,50.75322723388672,19562800,0.0,0.0,yfinance_raw_daily
2023-03-03,51.0,52.0,50.0,50.0,49.75806427001953,127263300,0.0,0.0,yfinance_raw_daily
2023-03-06,50.0,51.0,50.0,51.0,50.75322723388672,174580300,0.0,0.0,yfinance_raw_daily
2023-03-07,51.0,51.0,50.0,50.0,49.75806427001953,100490600,0.0,0.0,yfinance_raw_daily
2023-03-08,50.0,50.0,50.0,50.0,49.75806427001953,11740700,0.0,0.0,yfinance_raw_daily
2023-03-09,50.0,50.0,50.0,50.0,49.75806427001953,24974400,0.0,0.0,yfinance_raw_daily
2023-03-10,50.0,51.0,50.0,50.0,49.75806427001953,60598100,0.0,0.0,yfinance_raw_daily
2023-03-13,50.0,50.0,50.0,50.0,49.75806427001953,8896700,0.0,0.0,yfinance_raw_daily
2023-03-14,50.0,50.0,50.0,50.0,49.75806427001953,2021300,0.0,0.0,yfinance_raw_daily
2023-03-15,50.0,50.0,50.0,50.0,49.75806427001953,614400,0.0,0.0,yfinance_raw_daily
2023-03-16,50.0,50.0,50.0,50.0,49.75806427001953,113000,0.0,0.0,yfinance_raw_daily
2023-03-17,50.0,50.0,50.0,50.0,49.75806427001953,758300,0.0,0.0,yfinance_raw_daily
2023-03-20,50.0,50.0,50.0,50.0,49.75806427001953,468900,0.0,0.0,yfinance_raw_daily
2023-03-21,50.0,50.0,50.0,50.0,49.75806427001953,147200,0.0,0.0,yfinance_raw_daily
2023-03-24,50.0,50.0,50.0,50.0,49.75806427001953,1301000,0.0,0.0,yfinance_raw_daily
2023-03-27,50.0,50.0,50.0,50.0,49.75806427001953,16340700,0.0,0.0,yfinance_raw_daily
2023-03-28,50.0,50.0,50.0,50.0,49.75806427001953,21416300,0.0,0.0,yfinance_raw_daily
2023-03-29,50.0,50.0,50.0,50.0,49.75806427001953,7665400,0.0,0.0,yfinance_raw_daily
2023-03-30,50.0,50.0,50.0,50.0,49.75806427001953,662600,0.0,0.0,yfinance_raw_daily
2023-03-31,50.0,50.0,50.0,50.0,49.75806427001953,621200,0.0,0.0,yfinance_raw_daily
2023-04-03,50.0,50.0,50.0,50.0,49.75806427001953,2838600,0.0,0.0,yfinance_raw_daily
2023-04-04,50.0,50.0,50.0,50.0,49.75806427001953,4904000,0.0,0.0,yfinance_raw_daily
2023-04-05,50.0,50.0,50.0,50.0,49.75806427001953,186400,0.0,0.0,yfinance_raw_daily
2023-04-06,50.0,50.0,50.0,50.0,49.75806427001953,763300,0.0,0.0,yfinance_raw_daily
2023-04-10,50.0,50.0,50.0,50.0,49.75806427001953,133900,0.0,0.0,yfinance_raw_daily
2023-04-11,50.0,50.0,50.0,50.0,49.75806427001953,75300,0.0,0.0,yfinance_raw_daily
2023-04-12,50.0,50.0,50.0,50.0,49.75806427001953,352700,0.0,0.0,yfinance_raw_daily
2023-04-13,50.0,50.0,50.0,50.0,49.75806427001953,45200,0.0,0.0,yfinance_raw_daily
2023-04-14,50.0,50.0,50.0,50.0,49.75806427001953,42100,0.0,0.0,yfinance_raw_daily
2023-04-17,50.0,50.0,50.0,50.0,49.75806427001953,27900,0.0,0.0,yfinance_raw_daily
2023-04-18,50.0,50.0,50.0,50.0,49.75806427001953,119200,0.0,0.0,yfinance_raw_daily
2023-04-26,50.0,50.0,50.0,50.0,49.75806427001953,891100,0.0,0.0,yfinance_raw_daily
2023-04-27,50.0,50.0,50.0,50.0,49.75806427001953,434800,0.0,0.0,yfinance_raw_daily
2023-04-28,50.0,50.0,50.0,50.0,49.75806427001953,632000,0.0,0.0,yfinance_raw_daily
2023-05-02,50.0,50.0,50.0,50.0,49.75806427001953,123700,0.0,0.0,yfinance_raw_daily
2023-05-03,50.0,50.0,50.0,50.0,49.75806427001953,178500,0.0,0.0,yfinance_raw_daily
2023-05-04,50.0,50.0,50.0,50.0,49.75806427001953,31000,0.0,0.0,yfinance_raw_daily
2023-05-05,50.0,50.0,50.0,50.0,49.75806427001953,79000,0.0,0.0,yfinance_raw_daily
2023-05-08,50.0,50.0,50.0,50.0,49.75806427001953,9313700,0.0,0.0,yfinance_raw_daily
2023-05-09,50.0,50.0,50.0,50.0,49.75806427001953,524500,0.0,0.0,yfinance_raw_daily
2023-05-10,50.0,50.0,50.0,50.0,49.75806427001953,274900,0.0,0.0,yfinance_raw_daily
2023-05-11,50.0,50.0,50.0,50.0,49.75806427001953,428900,0.0,0.0,yfinance_raw_daily
2023-05-12,50.0,50.0,50.0,50.0,49.75806427001953,512500,0.0,0.0,yfinance_raw_daily
2023-05-15,50.0,50.0,50.0,50.0,49.75806427001953,202200,0.0,0.0,yfinance_raw_daily
2023-05-16,50.0,50.0,50.0,50.0,49.75806427001953,1315600,0.0,0.0,yfinance_raw_daily
2023-05-17,50.0,50.0,50.0,50.0,49.75806427001953,5300,0.0,0.0,yfinance_raw_daily
2023-05-19,50.0,50.0,50.0,50.0,49.75806427001953,135200,0.0,0.0,yfinance_raw_daily
2023-05-22,50.0,50.0,50.0,50.0,49.75806427001953,54200,0.0,0.0,yfinance_raw_daily
2023-05-23,50.0,50.0,50.0,50.0,49.75806427001953,30200,0.0,0.0,yfinance_raw_daily
2023-05-24,50.0,50.0,50.0,50.0,49.75806427001953,197100,0.0,0.0,yfinance_raw_daily
2023-05-25,50.0,50.0,50.0,50.0,49.75806427001953,89700,0.0,0.0,yfinance_raw_daily
2023-05-26,50.0,50.0,50.0,50.0,49.75806427001953,130700,0.0,0.0,yfinance_raw_daily
2023-05-29,50.0,50.0,50.0,50.0,49.75806427001953,122800,0.0,0.0,yfinance_raw_daily
2023-05-30,50.0,50.0,50.0,50.0,49.75806427001953,12500,0.0,0.0,yfinance_raw_daily
2023-05-31,50.0,50.0,50.0,50.0,49.75806427001953,124600,0.0,0.0,yfinance_raw_daily
2023-06-05,50.0,50.0,50.0,50.0,49.75806427001953,397100,0.0,0.0,yfinance_raw_daily
2023-06-06,50.0,50.0,50.0,50.0,49.75806427001953,1040600,0.0,0.0,yfinance_raw_daily
2023-06-07,50.0,50.0,50.0,50.0,49.75806427001953,61300,0.0,0.0,yfinance_raw_daily
2023-06-08,50.0,50.0,50.0,50.0,49.75806427001953,1359900,0.0,0.0,yfinance_raw_daily
2023-06-09,50.0,50.0,50.0,50.0,49.75806427001953,119100,0.0,0.0,yfinance_raw_daily
2023-06-12,50.0,50.0,50.0,50.0,49.75806427001953,768400,0.0,0.0,yfinance_raw_daily
2023-06-13,50.0,50.0,50.0,50.0,49.75806427001953,155000000,0.0,0.0,yfinance_raw_daily
2023-06-14,60.0,64.0,55.0,61.0,60.704837799072266,3171820300,0.0,0.0,yfinance_raw_daily
2023-06-15,71.0,71.0,54.0,56.0,55.729034423828125,1577583100,0.0,0.0,yfinance_raw_daily
2023-06-16,56.0,58.0,54.0,54.0,53.73870849609375,274439600,0.0,0.0,yfinance_raw_daily
2023-06-19,55.0,57.0,54.0,55.0,54.73387145996094,217640800,0.0,0.0,yfinance_raw_daily
2023-06-20,56.0,57.0,55.0,55.0,54.73387145996094,110719600,0.0,0.0,yfinance_raw_daily
2023-06-21,56.0,57.0,54.0,55.0,54.73387145996094,173180000,0.0,0.0,yfinance_raw_daily
2023-06-22,55.0,56.0,54.0,55.0,54.73387145996094,96975800,0.0,0.0,yfinance_raw_daily
2023-06-23,54.0,55.0,52.0,53.0,52.74354934692383,235503800,0.0,0.0,yfinance_raw_daily
2023-06-26,53.0,53.0,50.0,52.0,51.74838638305664,324096600,0.0,0.0,yfinance_raw_daily
2023-06-27,52.0,53.0,51.0,52.0,51.74838638305664,131322900,0.0,0.0,yfinance_raw_daily
2023-07-03,52.0,54.0,51.0,53.0,52.74354934692383,145925900,0.0,0.0,yfinance_raw_daily
2023-07-04,53.0,55.0,52.0,53.0,52.74354934692383,112145600,0.0,0.0,yfinance_raw_daily
2023-07-05,53.0,55.0,52.0,53.0,52.74354934692383,143479800,0.0,0.0,yfinance_raw_daily
2023-07-06,53.0,57.0,52.0,56.0,55.729034423828125,232749400,0.0,0.0,yfinance_raw_daily
2023-07-07,55.0,56.0,54.0,54.0,53.73870849609375,76883000,0.0,0.0,yfinance_raw_daily
2023-07-10,55.0,55.0,53.0,53.0,52.74354934692383,54160800,0.0,0.0,yfinance_raw_daily
2023-07-11,53.0,56.0,53.0,54.0,53.73870849609375,139001400,0.0,0.0,yfinance_raw_daily
2023-07-12,54.0,55.0,53.0,54.0,53.73870849609375,48245700,0.0,0.0,yfinance_raw_daily
2023-07-13,54.0,55.0,53.0,54.0,53.73870849609375,67101800,0.0,0.0,yfinance_raw_daily
2023-07-14,55.0,56.0,54.0,55.0,54.73387145996094,62347200,0.0,0.0,yfinance_raw_daily
2023-07-17,55.0,57.0,55.0,55.0,54.73387145996094,60654800,0.0,0.0,yfinance_raw_daily
2023-07-18,55.0,56.0,54.0,54.0,53.73870849609375,74647900,0.0,0.0,yfinance_raw_daily
2023-07-20,54.0,57.0,54.0,56.0,55.729034423828125,105724600,0.0,0.0,yfinance_raw_daily
2023-07-21,57.0,57.0,56.0,56.0,55.729034423828125,33301400,0.0,0.0,yfinance_raw_daily
2023-07-24,56.0,58.0,55.0,56.0,55.729034423828125,163826300,0.0,0.0,yfinance_raw_daily
2023-07-25,56.0,57.0,55.0,56.0,55.729034423828125,84779200,0.0,0.0,yfinance_raw_daily
2023-07-26,56.0,57.0,55.0,55.0,54.73387145996094,75637300,0.0,0.0,yfinance_raw_daily
2023-07-27,56.0,56.0,55.0,55.0,54.73387145996094,62856100,0.0,0.0,yfinance_raw_daily
2023-07-28,55.0,56.0,54.0,56.0,55.729034423828125,74775800,0.0,0.0,yfinance_raw_daily
2023-07-31,56.0,56.0,54.0,55.0,54.73387145996094,122240100,0.0,0.0,yfinance_raw_daily
2023-08-01,55.0,55.0,54.0,54.0,53.73870849609375,112913600,0.0,0.0,yfinance_raw_daily
2023-08-02,55.0,55.0,53.0,54.0,53.73870849609375,72915200,0.0,0.0,yfinance_raw_daily
2023-08-03,54.0,59.0,53.0,58.0,57.719356536865234,411931200,0.0,0.0,yfinance_raw_daily
2023-08-04,58.0,59.0,57.0,57.0,56.72419357299805,142012100,0.0,0.0,yfinance_raw_daily
2023-08-07,57.0,60.0,56.0,59.0,58.714515686035156,294608600,0.0,0.0,yfinance_raw_daily
2023-08-08,60.0,63.0,59.0,61.0,60.704837799072266,487848500,0.0,0.0,yfinance_raw_daily
2023-08-09,62.0,63.0,58.0,59.0,58.714515686035156,239143100,0.0,0.0,yfinance_raw_daily
2023-08-10,59.0,61.0,58.0,60.0,59.709678649902344,152010600,0.0,0.0,yfinance_raw_daily
2023-08-11,60.0,61.0,59.0,60.0,59.709678649902344,65158100,0.0,0.0,yfinance_raw_daily
2023-08-14,60.0,62.0,59.0,61.0,60.704837799072266,168937800,0.0,0.0,yfinance_raw_daily
2023-08-15,62.0,62.0,60.0,61.0,60.704837799072266,82102900,0.0,0.0,yfinance_raw_daily
2023-08-16,60.0,62.0,58.0,60.0,59.709678649902344,208038100,0.0,0.0,yfinance_raw_daily
2023-08-18,60.0,61.0,59.0,60.0,59.709678649902344,73131700,0.0,0.0,yfinance_raw_daily
2023-08-21,61.0,64.0,60.0,63.0,62.695159912109375,475697500,0.0,0.0,yfinance_raw_daily
2023-08-22,63.0,64.0,62.0,63.0,62.695159912109375,111132200,0.0,0.0,yfinance_raw_daily
2023-08-23,62.0,64.0,59.0,61.0,60.704837799072266,406371100,0.0,0.0,yfinance_raw_daily
2023-08-24,62.0,63.0,61.0,62.0,61.70000076293945,139323700,0.0,0.0,yfinance_raw_daily
2023-08-25,62.0,63.0,61.0,62.0,61.70000076293945,68669500,0.0,0.0,yfinance_raw_daily
2023-08-28,62.0,64.0,61.0,63.0,62.695159912109375,162199000,0.0,0.0,yfinance_raw_daily
2023-08-29,63.0,71.0,62.0,68.0,67.67096710205078,1294255900,0.0,0.0,yfinance_raw_daily
2023-08-30,69.0,71.0,67.0,68.0,67.67096710205078,291171700,0.0,0.0,yfinance_raw_daily
2023-08-31,68.0,69.0,64.0,65.0,64.68548583984375,267239600,0.0,0.0,yfinance_raw_daily
2023-09-01,65.0,69.0,65.0,67.0,66.6758041381836,170664500,0.0,0.0,yfinance_raw_daily
2023-09-04,68.0,74.0,67.0,70.0,69.66129302978516,805692000,0.0,0.0,yfinance_raw_daily
2023-09-05,71.0,72.0,68.0,68.0,67.67096710205078,370915600,0.0,0.0,yfinance_raw_daily
2023-09-06,69.0,71.0,68.0,69.0,68.66613006591797,213151800,0.0,0.0,yfinance_raw_daily
2023-09-07,69.0,70.0,68.0,68.0,67.67096710205078,114173300,0.0,0.0,yfinance_raw_daily
2023-09-08,69.0,70.0,67.0,67.0,66.6758041381836,132667600,0.0,0.0,yfinance_raw_daily
2023-09-11,75.0,75.0,67.0,67.0,66.6758041381836,102861100,0.0,0.0,yfinance_raw_daily
2023-09-12,68.0,68.0,65.0,66.0,65.68064880371094,169689400,0.0,0.0,yfinance_raw_daily
2023-09-13,66.0,68.0,65.0,66.0,65.68064880371094,136061000,0.0,0.0,yfinance_raw_daily
2023-09-14,66.0,68.0,66.0,68.0,67.67096710205078,93644100,0.0,0.0,yfinance_raw_daily
2023-09-15,68.0,69.0,66.0,67.0,66.6758041381836,191360300,0.0,0.0,yfinance_raw_daily
2023-09-18,67.0,68.0,65.0,66.0,65.68064880371094,199231300,0.0,0.0,yfinance_raw_daily
2023-09-19,66.0,68.0,65.0,66.0,65.68064880371094,115196200,0.0,0.0,yfinance_raw_daily
2023-09-20,66.0,68.0,66.0,66.0,65.68064880371094,54904300,0.0,0.0,yfinance_raw_daily
2023-09-21,66.0,67.0,65.0,66.0,65.68064880371094,44507600,0.0,0.0,yfinance_raw_daily
2023-09-22,66.0,68.0,65.0,67.0,66.6758041381836,130655700,0.0,0.0,yfinance_raw_daily
2023-09-25,70.0,80.0,67.0,77.0,76.6274185180664,1464087000,0.0,0.0,yfinance_raw_daily
2023-09-26,75.0,81.0,71.0,71.0,70.65644836425781,1821746400,0.0,0.0,yfinance_raw_daily
2023-09-27,71.0,80.0,71.0,79.0,78.61774444580078,708982200,0.0,0.0,yfinance_raw_daily
2023-09-29,79.0,87.0,78.0,85.0,84.58870697021484,991122800,0.0,0.0,yfinance_raw_daily
2023-10-02,85.0,87.0,78.0,82.0,81.60322570800781,809770300,0.0,0.0,yfinance_raw_daily
2023-10-03,82.0,83.0,78.0,81.0,80.60806274414062,411445500,0.0,0.0,yfinance_raw_daily
2023-10-04,80.0,81.0,75.0,76.0,75.63225555419922,656172700,0.0,0.0,yfinance_raw_daily
2023-10-05,76.0,81.0,75.0,75.0,74.63710021972656,483452400,0.0,0.0,yfinance_raw_daily
2023-10-06,77.0,78.0,74.0,74.0,73.64193725585938,287561600,0.0,0.0,yfinance_raw_daily
2023-10-09,74.0,79.0,74.0,76.0,75.63225555419922,391093600,0.0,0.0,yfinance_raw_daily
2023-10-10,77.0,79.0,76.0,77.0,76.6274185180664,116948200,0.0,0.0,yfinance_raw_daily
2023-10-11,77.0,78.0,75.0,76.0,75.63225555419922,117275800,0.0,0.0,yfinance_raw_daily
2023-10-12,76.0,80.0,75.0,79.0,78.61774444580078,216068900,0.0,0.0,yfinance_raw_daily
2023-10-13,79.0,83.0,78.0,80.0,79.61289978027344,413087600,0.0,0.0,yfinance_raw_daily
2023-10-16,81.0,86.0,79.0,80.0,79.61289978027344,297655200,0.0,0.0,yfinance_raw_daily
2023-10-17,84.0,85.0,80.0,81.0,80.60806274414062,133043300,0.0,0.0,yfinance_raw_daily
2023-10-18,81.0,82.0,78.0,79.0,78.61774444580078,142794400,0.0,0.0,yfinance_raw_daily
2023-10-19,79.0,82.0,77.0,79.0,78.61774444580078,298824700,0.0,0.0,yfinance_raw_daily
2023-10-20,79.0,80.0,77.0,78.0,77.6225814819336,154815100,0.0,0.0,yfinance_raw_daily
2023-10-23,78.0,79.0,75.0,76.0,75.63225555419922,181163600,0.0,0.0,yfinance_raw_daily
2023-10-24,76.0,78.0,76.0,77.0,76.6274185180664,60819100,0.0,0.0,yfinance_raw_daily
2023-10-25,78.0,78.0,76.0,77.0,76.6274185180664,54407200,0.0,0.0,yfinance_raw_daily
2023-10-26,78.0,78.0,74.0,74.0,73.64193725585938,304651800,0.0,0.0,yfinance_raw_daily
2023-10-27,75.0,77.0,73.0,76.0,75.63225555419922,151360800,0.0,0.0,yfinance_raw_daily
2023-10-30,76.0,80.0,75.0,78.0,77.6225814819336,219393200,0.0,0.0,yfinance_raw_daily
2023-10-31,79.0,81.0,78.0,80.0,79.61289978027344,202861600,0.0,0.0,yfinance_raw_daily
2023-11-01,85.0,93.0,81.0,82.0,81.60322570800781,2288788500,0.0,0.0,yfinance_raw_daily
2023-11-02,83.0,88.0,82.0,84.0,83.59355163574219,339231300,0.0,0.0,yfinance_raw_daily
2023-11-03,85.0,89.0,84.0,87.0,86.57903289794922,315043800,0.0,0.0,yfinance_raw_daily
2023-11-06,87.0,90.0,85.0,86.0,85.58386993408203,274129400,0.0,0.0,yfinance_raw_daily
2023-11-07,81.0,88.0,57.0,72.0,71.651611328125,4629738400,0.0,0.0,yfinance_raw_daily
2023-11-08,72.0,79.0,69.0,77.0,76.6274185180664,592465500,0.0,0.0,yfinance_raw_daily
2023-11-09,77.0,80.0,71.0,73.0,72.64677429199219,520787900,0.0,0.0,yfinance_raw_daily
2023-11-10,73.0,77.0,72.0,75.0,74.63710021972656,246375500,0.0,0.0,yfinance_raw_daily
2023-11-13,75.0,77.0,72.0,73.0,72.64677429199219,235857600,0.0,0.0,yfinance_raw_daily
2023-11-14,73.0,75.0,69.0,71.0,70.65644836425781,409339200,0.0,0.0,yfinance_raw_daily
2023-11-15,71.0,76.0,69.0,73.0,72.64677429199219,728010000,0.0,0.0,yfinance_raw_daily
2023-11-16,73.0,76.0,73.0,74.0,73.64193725585938,274356400,0.0,0.0,yfinance_raw_daily
2023-11-17,75.0,77.0,74.0,75.0,74.63710021972656,181833800,0.0,0.0,yfinance_raw_daily
2023-11-20,75.0,76.0,72.0,73.0,72.64677429199219,113195700,0.0,0.0,yfinance_raw_daily
2023-11-21,73.0,74.0,71.0,71.0,70.65644836425781,116109700,0.0,0.0,yfinance_raw_daily
2023-11-22,72.0,73.0,69.0,70.0,69.66129302978516,162652400,0.0,0.0,yfinance_raw_daily
2023-11-23,70.0,73.0,70.0,73.0,72.64677429199219,96101800,0.0,0.0,yfinance_raw_daily
2023-11-24,74.0,74.0,71.0,72.0,71.651611328125,79749200,0.0,0.0,yfinance_raw_daily
2023-11-27,73.0,73.0,69.0,70.0,69.66129302978516,304871000,0.0,0.0,yfinance_raw_daily
2023-11-28,70.0,71.0,67.0,70.0,69.66129302978516,327338600,0.0,0.0,yfinance_raw_daily
2023-11-29,71.0,75.0,68.0,69.0,68.66613006591797,210415400,0.0,0.0,yfinance_raw_daily
2023-11-30,69.0,71.0,69.0,70.0,69.66129302978516,171018000,0.0,0.0,yfinance_raw_daily
2023-12-01,70.0,71.0,68.0,71.0,70.65644836425781,195100100,0.0,0.0,yfinance_raw_daily
2023-12-04,72.0,82.0,70.0,79.0,78.61774444580078,938384200,0.0,0.0,yfinance_raw_daily
2023-12-05,80.0,84.0,76.0,82.0,81.60322570800781,718761900,0.0,0.0,yfinance_raw_daily
2023-12-06,82.0,88.0,81.0,85.0,84.58870697021484,744823600,0.0,0.0,yfinance_raw_daily
2023-12-07,86.0,88.0,80.0,80.0,79.61289978027344,584351600,0.0,0.0,yfinance_raw_daily
2023-12-08,81.0,83.0,80.0,81.0,80.60806274414062,238872100,0.0,0.0,yfinance_raw_daily
2023-12-11,81.0,83.0,73.0,75.0,74.63710021972656,768075500,0.0,0.0,yfinance_raw_daily
2023-12-12,76.0,79.0,72.0,75.0,74.63710021972656,362704900,0.0,0.0,yfinance_raw_daily
2023-12-13,74.0,76.0,73.0,74.0,73.64193725585938,190828000,0.0,0.0,yfinance_raw_daily
2023-12-14,74.0,75.0,65.0,65.0,64.68548583984375,1049968500,0.0,0.0,yfinance_raw_daily
2023-12-15,60.0,64.0,55.0,61.0,60.704837799072266,1677056800,0.0,0.0,yfinance_raw_daily
2023-12-18,61.0,64.0,59.0,61.0,60.704837799072266,552649800,0.0,0.0,yfinance_raw_daily
2023-12-19,61.0,62.0,59.0,60.0,59.709678649902344,234550200,0.0,0.0,yfinance_raw_daily
2023-12-20,61.0,62.0,59.0,59.0,58.714515686035156,188324100,0.0,0.0,yfinance_raw_daily
2023-12-21,60.0,61.0,59.0,59.0,58.714515686035156,125208400,0.0,0.0,yfinance_raw_daily
2023-12-22,59.0,62.0,59.0,60.0,59.709678649902344,188568400,0.0,0.0,yfinance_raw_daily
2023-12-27,60.0,62.0,60.0,60.0,59.709678649902344,162200000,0.0,0.0,yfinance_raw_daily
2023-12-28,60.0,62.0,60.0,61.0,60.704837799072266,93344700,0.0,0.0,yfinance_raw_daily
2023-12-29,62.0,62.0,60.0,60.0,59.709678649902344,131923700,0.0,0.0,yfinance_raw_daily
2024-01-02,61.0,70.0,60.0,68.0,67.67096710205078,509467700,0.0,0.0,yfinance_raw_daily
2024-01-03,68.0,72.0,66.0,67.0,66.6758041381836,521986500,0.0,0.0,yfinance_raw_daily
2024-01-04,67.0,69.0,67.0,68.0,67.67096710205078,98695300,0.0,0.0,yfinance_raw_daily
2024-01-05,68.0,68.0,65.0,66.0,65.68064880371094,151395500,0.0,0.0,yfinance_raw_daily
2024-01-08,65.0,67.0,64.0,65.0,64.68548583984375,139015000,0.0,0.0,yfinance_raw_daily
2024-01-09,65.0,68.0,64.0,66.0,65.68064880371094,252558300,0.0,0.0,yfinance_raw_daily
2024-01-10,67.0,68.0,65.0,65.0,64.68548583984375,138446200,0.0,0.0,yfinance_raw_daily
2024-01-11,66.0,66.0,64.0,64.0,63.69032287597656,106598300,0.0,0.0,yfinance_raw_daily
2024-01-12,65.0,65.0,62.0,62.0,61.70000076293945,149202500,0.0,0.0,yfinance_raw_daily
2024-01-15,63.0,64.0,62.0,64.0,63.69032287597656,115875400,0.0,0.0,yfinance_raw_daily
2024-01-16,64.0,65.0,62.0,64.0,63.69032287597656,144196100,0.0,0.0,yfinance_raw_daily
2024-01-17,64.0,66.0,63.0,64.0,63.69032287597656,132476300,0.0,0.0,yfinance_raw_daily
2024-01-18,64.0,67.0,64.0,66.0,65.68064880371094,117510600,0.0,0.0,yfinance_raw_daily
2024-01-19,66.0,66.0,64.0,65.0,64.68548583984375,68584200,0.0,0.0,yfinance_raw_daily
2024-01-22,66.0,66.0,63.0,63.0,62.695159912109375,140939900,0.0,0.0,yfinance_raw_daily
2024-01-23,63.0,64.0,61.0,62.0,61.70000076293945,187704300,0.0,0.0,yfinance_raw_daily
2024-01-24,62.0,64.0,59.0,60.0,59.709678649902344,134758800,0.0,0.0,yfinance_raw_daily
2024-01-25,59.0,62.0,58.0,59.0,58.714515686035156,252777800,0.0,0.0,yfinance_raw_daily
2024-01-26,60.0,60.0,56.0,57.0,56.72419357299805,245609200,0.0,0.0,yfinance_raw_daily
2024-01-29,57.0,60.0,55.0,58.0,57.719356536865234,233629600,0.0,0.0,yfinance_raw_daily
2024-01-30,58.0,60.0,57.0,59.0,58.714515686035156,182910200,0.0,0.0,yfinance_raw_daily
2024-01-31,58.0,61.0,58.0,59.0,58.714515686035156,71805800,0.0,0.0,yfinance_raw_daily
2024-02-01,60.0,61.0,59.0,59.0,58.714515686035156,60051400,0.0,0.0,yfinance_raw_daily
2024-02-02,60.0,60.0,57.0,57.0,56.72419357299805,90319400,0.0,0.0,yfinance_raw_daily
2024-02-05,58.0,59.0,57.0,58.0,57.719356536865234,37354900,0.0,0.0,yfinance_raw_daily
2024-02-06,58.0,58.0,57.0,57.0,56.72419357299805,66332200,0.0,0.0,yfinance_raw_daily
2024-02-07,57.0,58.0,56.0,56.0,55.729034423828125,65944500,0.0,0.0,yfinance_raw_daily
2024-02-12,56.0,57.0,55.0,56.0,55.729034423828125,86506900,0.0,0.0,yfinance_raw_daily
2024-02-13,56.0,58.0,56.0,57.0,56.72419357299805,76839100,0.0,0.0,yfinance_raw_daily
2024-02-15,59.0,60.0,57.0,58.0,57.719356536865234,83801100,0.0,0.0,yfinance_raw_daily
2024-02-16,58.0,60.0,57.0,58.0,57.719356536865234,44529400,0.0,0.0,yfinance_raw_daily
2024-02-19,58.0,59.0,55.0,57.0,56.72419357299805,68545800,0.0,0.0,yfinance_raw_daily
2024-02-20,57.0,58.0,56.0,57.0,56.72419357299805,40805700,0.0,0.0,yfinance_raw_daily
2024-02-21,57.0,58.0,56.0,56.0,55.729034423828125,17864000,0.0,0.0,yfinance_raw_daily
2024-02-22,57.0,61.0,56.0,60.0,59.709678649902344,238915600,0.0,0.0,yfinance_raw_daily
2024-02-23,60.0,62.0,59.0,60.0,59.709678649902344,56454800,0.0,0.0,yfinance_raw_daily
2024-02-26,60.0,61.0,59.0,59.0,58.714515686035156,53130500,0.0,0.0,yfinance_raw_daily
2024-02-27,59.0,59.0,57.0,58.0,57.719356536865234,60805200,0.0,0.0,yfinance_raw_daily
2024-02-28,58.0,59.0,56.0,57.0,56.72419357299805,85237100,0.0,0.0,yfinance_raw_daily
2024-02-29,57.0,58.0,56.0,57.0,56.72419357299805,45306200,0.0,0.0,yfinance_raw_daily
2024-03-01,57.0,58.0,56.0,57.0,56.72419357299805,37620900,0.0,0.0,yfinance_raw_daily
2024-03-04,58.0,59.0,57.0,58.0,57.719356536865234,44290000,0.0,0.0,yfinance_raw_daily
2024-03-05,58.0,58.0,56.0,57.0,56.72419357299805,45720400,0.0,0.0,yfinance_raw_daily
2024-03-06,57.0,59.0,57.0,59.0,58.714515686035156,47435300,0.0,0.0,yfinance_raw_daily
2024-03-07,59.0,61.0,58.0,59.0,58.714515686035156,96875700,0.0,0.0,yfinance_raw_daily
2024-03-08,59.0,60.0,58.0,58.0,57.719356536865234,71400200,0.0,0.0,yfinance_raw_daily
2024-03-13,58.0,59.0,58.0,58.0,57.719356536865234,37404000,0.0,0.0,yfinance_raw_daily
2024-03-14,58.0,59.0,58.0,59.0,58.714515686035156,26137300,0.0,0.0,yfinance_raw_daily
2024-03-15,59.0,59.0,57.0,57.0,56.72419357299805,50635200,0.0,0.0,yfinance_raw_daily
2024-03-18,58.0,58.0,56.0,56.0,55.729034423828125,61395500,0.0,0.0,yfinance_raw_daily
2024-03-19,57.0,60.0,56.0,58.0,57.719356536865234,115406400,0.0,0.0,yfinance_raw_daily
2024-03-20,59.0,60.0,58.0,60.0,59.709678649902344,133200200,0.0,0.0,yfinance_raw_daily
2024-03-21,60.0,66.0,59.0,63.0,62.695159912109375,407963800,0.0,0.0,yfinance_raw_daily
2024-03-22,64.0,65.0,62.0,62.0,61.70000076293945,146895500,0.0,0.0,yfinance_raw_daily
2024-03-25,63.0,63.0,61.0,61.0,60.704837799072266,46781900,0.0,0.0,yfinance_raw_daily
2024-03-26,63.0,63.0,61.0,62.0,61.70000076293945,40956300,0.0,0.0,yfinance_raw_daily
2024-03-27,62.0,65.0,62.0,64.0,63.69032287597656,175072700,0.0,0.0,yfinance_raw_daily
2024-03-28,64.0,65.0,62.0,63.0,62.695159912109375,78822600,0.0,0.0,yfinance_raw_daily
2024-04-01,64.0,66.0,63.0,63.0,62.695159912109375,204652700,0.0,0.0,yfinance_raw_daily
2024-04-02,63.0,64.0,62.0,62.0,61.70000076293945,55325700,0.0,0.0,yfinance_raw_daily
2024-04-03,62.0,64.0,62.0,63.0,62.695159912109375,39061700,0.0,0.0,yfinance_raw_daily
2024-04-04,64.0,65.0,63.0,63.0,62.695159912109375,56304400,0.0,0.0,yfinance_raw_daily
2024-04-05,56.0,64.0,56.0,64.0,63.69032287597656,44011600,0.0,0.0,yfinance_raw_daily
2024-04-16,64.0,65.0,62.0,64.0,63.69032287597656,74935600,0.0,0.0,yfinance_raw_daily
2024-04-17,64.0,67.0,63.0,64.0,63.69032287597656,101574900,0.0,0.0,yfinance_raw_daily
2024-04-18,64.0,65.0,62.0,64.0,63.69032287597656,89680000,0.0,0.0,yfinance_raw_daily
2024-04-19,63.0,64.0,59.0,63.0,62.695159912109375,189195300,0.0,0.0,yfinance_raw_daily
2024-04-22,63.0,66.0,62.0,64.0,63.69032287597656,85984500,0.0,0.0,yfinance_raw_daily
2024-04-23,64.0,70.0,64.0,66.0,65.68064880371094,489089700,0.0,0.0,yfinance_raw_daily
2024-04-24,66.0,67.0,64.0,65.0,64.68548583984375,121697700,0.0,0.0,yfinance_raw_daily
2024-04-25,66.0,66.0,62.0,63.0,62.695159912109375,121249600,0.0,0.0,yfinance_raw_daily
2024-04-26,62.0,63.0,61.0,61.0,60.704837799072266,107827800,0.0,0.0,yfinance_raw_daily
2024-04-29,61.0,62.0,60.0,61.0,60.704837799072266,66688000,0.0,0.0,yfinance_raw_daily
2024-04-30,62.0,64.0,61.0,62.0,61.70000076293945,78548100,0.0,0.0,yfinance_raw_daily
2024-05-02,63.0,63.0,60.0,60.0,59.709678649902344,73074200,0.0,0.0,yfinance_raw_daily
2024-05-03,60.0,62.0,60.0,60.0,59.709678649902344,62599100,0.0,0.0,yfinance_raw_daily
2024-05-06,60.0,61.0,58.0,60.0,59.709678649902344,178050200,0.0,0.0,yfinance_raw_daily
2024-05-07,60.0,61.0,58.0,58.0,57.719356536865234,101858700,0.0,0.0,yfinance_raw_daily
2024-05-08,59.0,60.0,57.0,58.0,57.719356536865234,141976500,0.0,0.0,yfinance_raw_daily
2024-05-13,58.0,59.0,57.0,58.0,57.719356536865234,40412200,0.0,0.0,yfinance_raw_daily
2024-05-14,58.0,59.0,58.0,59.0,58.714515686035156,29401700,0.0,0.0,yfinance_raw_daily
2024-05-15,59.0,59.0,58.0,58.0,57.719356536865234,36283000,0.0,0.0,yfinance_raw_daily
2024-05-16,58.0,59.0,58.0,58.0,57.719356536865234,29900600,0.0,0.0,yfinance_raw_daily
2024-05-17,58.0,59.0,56.0,59.0,58.714515686035156,100124400,0.0,0.0,yfinance_raw_daily
2024-05-20,59.0,62.0,58.0,60.0,59.709678649902344,101691200,0.0,0.0,yfinance_raw_daily
2024-05-21,60.0,61.0,59.0,60.0,59.709678649902344,50131000,0.0,0.0,yfinance_raw_daily
2024-05-22,60.0,60.0,59.0,59.0,58.714515686035156,18019600,0.0,0.0,yfinance_raw_daily
2024-05-27,59.0,60.0,58.0,58.0,57.719356536865234,37584800,0.0,0.0,yfinance_raw_daily
2024-05-28,58.0,60.0,58.0,58.0,57.719356536865234,72156500,0.0,0.0,yfinance_raw_daily
2024-05-29,59.0,60.0,58.0,59.0,58.714515686035156,35832800,0.0,0.0,yfinance_raw_daily
2024-05-30,59.0,60.0,58.0,59.0,58.714515686035156,67820200,0.0,0.0,yfinance_raw_daily
2024-05-31,60.0,65.0,59.0,62.0,61.70000076293945,265078500,0.0,0.0,yfinance_raw_daily
2024-06-03,62.0,63.0,61.0,61.0,60.704837799072266,56689400,0.0,0.0,yfinance_raw_daily
2024-06-04,61.0,62.0,59.0,60.0,59.709678649902344,88170900,0.0,0.0,yfinance_raw_daily
2024-06-05,60.0,61.0,60.0,60.0,59.709678649902344,35361000,0.0,0.0,yfinance_raw_daily
2024-06-06,60.0,61.0,59.0,60.0,59.709678649902344,53217900,0.0,0.0,yfinance_raw_daily
2024-06-07,60.0,61.0,59.0,59.0,58.714515686035156,16163000,0.0,0.0,yfinance_raw_daily
2024-06-10,59.0,60.0,56.0,57.0,56.72419357299805,162758800,0.0,0.0,yfinance_raw_daily
2024-06-11,58.0,60.0,57.0,58.0,57.719356536865234,45258300,0.0,0.0,yfinance_raw_daily
2024-06-12,59.0,59.0,57.0,57.0,56.72419357299805,55295600,0.0,0.0,yfinance_raw_daily
2024-06-13,57.0,58.0,57.0,57.0,56.72419357299805,22687900,0.0,0.0,yfinance_raw_daily
2024-06-14,57.0,59.0,57.0,57.0,56.72419357299805,26839100,0.0,0.0,yfinance_raw_daily
2024-06-19,57.0,59.0,57.0,57.0,56.72419357299805,26731600,0.0,0.0,yfinance_raw_daily
2024-06-20,58.0,59.0,57.0,57.0,56.72419357299805,48189400,0.0,0.0,yfinance_raw_daily
2024-06-21,58.0,58.0,56.0,58.0,57.719356536865234,53608000,0.0,0.0,yfinance_raw_daily
2024-06-24,58.0,59.0,57.0,58.0,57.719356536865234,17988600,0.0,0.0,yfinance_raw_daily
2024-06-25,58.0,59.0,56.0,58.0,57.719356536865234,52931100,0.0,0.0,yfinance_raw_daily
2024-06-26,58.0,62.0,57.0,60.0,59.709678649902344,137431900,0.0,0.0,yfinance_raw_daily
2024-06-27,60.0,61.0,58.0,58.0,57.719356536865234,47131600,0.0,0.0,yfinance_raw_daily
2024-06-28,58.0,60.0,58.0,59.0,58.714515686035156,17328900,0.0,0.0,yfinance_raw_daily
2024-07-01,59.0,65.0,59.0,63.0,62.695159912109375,199542900,0.0,0.0,yfinance_raw_daily
2024-07-02,63.0,67.0,62.0,63.0,62.695159912109375,430762600,0.0,0.0,yfinance_raw_daily
2024-07-03,64.0,69.0,63.0,68.0,67.67096710205078,436148300,0.0,0.0,yfinance_raw_daily
2024-07-04,69.0,69.0,67.0,67.0,66.6758041381836,98699200,0.0,0.0,yfinance_raw_daily
2024-07-05,67.0,70.0,66.0,68.0,67.67096710205078,262741500,0.0,0.0,yfinance_raw_daily
2024-07-08,68.0,73.0,67.0,69.0,68.66613006591797,346167500,0.0,0.0,yfinance_raw_daily
2024-07-09,70.0,70.0,65.0,67.0,66.6758041381836,165526200,0.0,0.0,yfinance_raw_daily
2024-07-10,67.0,67.0,63.0,64.0,63.69032287597656,274727800,0.0,0.0,yfinance_raw_daily
2024-07-11,65.0,70.0,64.0,70.0,69.66129302978516,227032300,0.0,0.0,yfinance_raw_daily
2024-07-12,70.0,73.0,69.0,70.0,69.66129302978516,213530000,0.0,0.0,yfinance_raw_daily
2024-07-15,71.0,73.0,68.0,70.0,69.66129302978516,230066200,0.0,0.0,yfinance_raw_daily
2024-07-16,70.0,71.0,69.0,70.0,69.66129302978516,104054200,0.0,0.0,yfinance_raw_daily
2024-07-17,70.0,72.0,69.0,69.0,68.66613006591797,141886600,0.0,0.0,yfinance_raw_daily
2024-07-18,69.0,70.0,68.0,69.0,68.66613006591797,88606200,0.0,0.0,yfinance_raw_daily
2024-07-19,69.0,69.0,65.0,66.0,65.68064880371094,186711000,0.0,0.0,yfinance_raw_daily
2024-07-22,66.0,68.0,65.0,67.0,66.6758041381836,165518800,0.0,0.0,yfinance_raw_daily
2024-07-23,67.0,67.0,65.0,65.0,64.68548583984375,148836600,0.0,0.0,yfinance_raw_daily
2024-07-24,65.0,66.0,63.0,64.0,63.69032287597656,170403100,0.0,0.0,yfinance_raw_daily
2024-07-25,64.0,66.0,63.0,63.0,62.695159912109375,86380700,0.0,0.0,yfinance_raw_daily
2024-07-26,64.0,68.0,64.0,67.0,66.6758041381836,231647100,0.0,0.0,yfinance_raw_daily
2024-07-29,67.0,68.0,66.0,67.0,66.6758041381836,107677300,0.0,0.0,yfinance_raw_daily
2024-07-30,66.0,67.0,66.0,67.0,66.6758041381836,67058600,0.0,0.0,yfinance_raw_daily
2024-07-31,67.0,67.0,65.0,67.0,66.6758041381836,168919100,0.0,0.0,yfinance_raw_daily
2024-08-01,68.0,72.0,67.0,67.0,66.6758041381836,294681400,0.0,0.0,yfinance_raw_daily
2024-08-02,68.0,69.0,66.0,68.0,67.67096710205078,97268100,0.0,0.0,yfinance_raw_daily
2024-08-05,67.0,68.0,63.0,65.0,64.68548583984375,256899300,0.0,0.0,yfinance_raw_daily
2024-08-06,65.0,66.0,64.0,66.0,65.68064880371094,73608400,0.0,0.0,yfinance_raw_daily
2024-08-07,65.0,67.0,64.0,66.0,65.68064880371094,44192700,0.0,0.0,yfinance_raw_daily
2024-08-08,66.0,67.0,65.0,65.0,64.68548583984375,20254700,0.0,0.0,yfinance_raw_daily
2024-08-09,66.0,67.0,65.0,67.0,66.6758041381836,25684400,0.0,0.0,yfinance_raw_daily
2024-08-12,67.0,67.0,65.0,66.0,65.68064880371094,66121000,0.0,0.0,yfinance_raw_daily
2024-08-13,66.0,67.0,66.0,67.0,66.6758041381836,26901700,0.0,0.0,yfinance_raw_daily
2024-08-14,66.0,67.0,66.0,67.0,66.6758041381836,114539900,0.0,0.0,yfinance_raw_daily
2024-08-15,67.0,69.0,66.0,68.0,67.67096710205078,164987500,0.0,0.0,yfinance_raw_daily
2024-08-16,68.0,70.0,68.0,68.0,67.67096710205078,184799200,0.0,0.0,yfinance_raw_daily
2024-08-19,68.0,69.0,67.0,67.0,66.6758041381836,65025500,0.0,0.0,yfinance_raw_daily
2024-08-20,67.0,69.0,67.0,68.0,67.67096710205078,74578800,0.0,0.0,yfinance_raw_daily
2024-08-21,68.0,71.0,67.0,69.0,68.66613006591797,380874800,0.0,0.0,yfinance_raw_daily
2024-08-22,69.0,69.0,66.0,66.0,65.68064880371094,137455600,0.0,0.0,yfinance_raw_daily
2024-08-23,67.0,69.0,66.0,68.0,67.67096710205078,70053300,0.0,0.0,yfinance_raw_daily
2024-08-26,69.0,69.0,67.0,67.0,66.6758041381836,70614700,0.0,0.0,yfinance_raw_daily
2024-08-27,68.0,68.0,67.0,67.0,66.6758041381836,67283700,0.0,0.0,yfinance_raw_daily
2024-08-28,67.0,68.0,67.0,67.0,66.6758041381836,53692900,0.0,0.0,yfinance_raw_daily
2024-08-29,67.0,68.0,66.0,66.0,65.68064880371094,54281800,0.0,0.0,yfinance_raw_daily
2024-08-30,66.0,68.0,66.0,67.0,66.6758041381836,64890400,0.0,0.0,yfinance_raw_daily
2024-09-02,67.0,68.0,66.0,66.0,65.68064880371094,85019100,0.0,0.0,yfinance_raw_daily
2024-09-03,67.0,70.0,66.0,68.0,67.67096710205078,384281200,0.0,0.0,yfinance_raw_daily
2024-09-04,68.0,68.0,66.0,67.0,66.6758041381836,87019100,0.0,0.0,yfinance_raw_daily
2024-09-05,68.0,68.0,66.0,67.0,66.6758041381836,36554300,0.0,0.0,yfinance_raw_daily
2024-09-06,67.0,68.0,66.0,67.0,66.6758041381836,29937100,0.0,0.0,yfinance_raw_daily
2024-09-09,67.0,67.0,65.0,65.0,64.68548583984375,95120700,0.0,0.0,yfinance_raw_daily
2024-09-10,65.0,67.0,65.0,65.0,64.68548583984375,65785200,0.0,0.0,yfinance_raw_daily
2024-09-11,66.0,66.0,64.0,65.0,64.68548583984375,90321500,0.0,0.0,yfinance_raw_daily
2024-09-12,66.0,66.0,63.0,65.0,64.68548583984375,177420600,0.0,0.0,yfinance_raw_daily
2024-09-13,65.0,65.0,63.0,64.0,63.69032287597656,66510000,0.0,0.0,yfinance_raw_daily
2024-09-17,64.0,67.0,63.0,66.0,65.68064880371094,184662300,0.0,0.0,yfinance_raw_daily
2024-09-18,66.0,67.0,65.0,66.0,65.68064880371094,89794100,0.0,0.0,yfinance_raw_daily
2024-09-19,67.0,69.0,66.0,68.0,67.67096710205078,248668900,0.0,0.0,yfinance_raw_daily
2024-09-20,69.0,70.0,67.0,68.0,67.67096710205078,386810800,0.0,0.0,yfinance_raw_daily
2024-09-23,68.0,74.0,68.0,72.0,71.651611328125,726813600,0.0,0.0,yfinance_raw_daily
2024-09-24,73.0,73.0,69.0,71.0,70.65644836425781,228340600,0.0,0.0,yfinance_raw_daily
2024-09-25,70.0,72.0,67.0,69.0,68.66613006591797,292422600,0.0,0.0,yfinance_raw_daily
2024-09-26,69.0,70.0,67.0,68.0,67.67096710205078,88952900,0.0,0.0,yfinance_raw_daily
2024-09-27,69.0,70.0,68.0,69.0,68.66613006591797,65204200,0.0,0.0,yfinance_raw_daily
2024-09-30,69.0,72.0,68.0,70.0,69.66129302978516,284213900,0.0,0.0,yfinance_raw_daily
2024-10-01,70.0,75.0,69.0,75.0,74.63710021972656,475838100,0.0,0.0,yfinance_raw_daily
2024-10-02,75.0,77.0,70.0,71.0,70.65644836425781,1240422400,0.0,0.0,yfinance_raw_daily
2024-10-03,71.0,73.0,70.0,70.0,69.66129302978516,236602800,0.0,0.0,yfinance_raw_daily
2024-10-04,70.0,72.0,70.0,70.0,69.66129302978516,192765900,0.0,0.0,yfinance_raw_daily
2024-10-07,71.0,73.0,70.0,71.0,70.65644836425781,357221800,0.0,0.0,yfinance_raw_daily
2024-10-08,72.0,75.0,69.0,69.0,68.66613006591797,296957100,0.0,0.0,yfinance_raw_daily
2024-10-09,69.0,70.0,67.0,67.0,66.6758041381836,265203700,0.0,0.0,yfinance_raw_daily
2024-10-10,67.0,69.0,67.0,67.0,66.6758041381836,164110300,0.0,0.0,yfinance_raw_daily
2024-10-11,68.0,72.0,68.0,72.0,71.651611328125,272575100,0.0,0.0,yfinance_raw_daily
2024-10-14,72.0,77.0,72.0,77.0,76.6274185180664,519620800,0.0,0.0,yfinance_raw_daily
2024-10-15,78.0,82.0,77.0,82.0,81.60322570800781,1091671100,0.0,0.0,yfinance_raw_daily
2024-10-16,83.0,83.0,76.0,77.0,76.6274185180664,573171300,0.0,0.0,yfinance_raw_daily
2024-10-17,78.0,84.0,77.0,82.0,81.60322570800781,707931400,0.0,0.0,yfinance_raw_daily
2024-10-18,83.0,92.0,82.0,87.0,86.57903289794922,1139405000,0.0,0.0,yfinance_raw_daily
2024-10-21,88.0,98.0,87.0,96.0,95.53548431396484,1359194900,0.0,0.0,yfinance_raw_daily
2024-10-22,97.0,109.0,93.0,109.0,108.47257995605469,1615917400,0.0,0.0,yfinance_raw_daily
2024-10-23,110.0,117.0,103.0,107.0,106.48226165771484,1729245700,0.0,0.0,yfinance_raw_daily
2024-10-24,108.0,108.0,97.0,98.0,97.52581024169922,1241379400,0.0,0.0,yfinance_raw_daily
2024-10-25,99.0,102.0,89.0,90.0,89.56451416015625,782297300,0.0,0.0,yfinance_raw_daily
2024-10-28,91.0,98.0,86.0,96.0,95.53548431396484,778101800,0.0,0.0,yfinance_raw_daily
2024-10-29,96.0,98.0,92.0,93.0,92.55000305175781,405288300,0.0,0.0,yfinance_raw_daily
2024-10-30,93.0,96.0,92.0,94.0,93.54515838623047,185939900,0.0,0.0,yfinance_raw_daily
2024-10-31,95.0,97.0,93.0,93.0,92.55000305175781,239520500,0.0,0.0,yfinance_raw_daily
2024-11-01,93.0,94.0,89.0,92.0,91.55484008789062,274278600,0.0,0.0,yfinance_raw_daily
2024-11-04,92.0,101.0,92.0,95.0,94.54032135009766,722672100,0.0,0.0,yfinance_raw_daily
2024-11-05,94.0,102.0,93.0,102.0,101.50645446777344,760604300,0.0,0.0,yfinance_raw_daily
2024-11-06,103.0,106.0,97.0,98.0,97.52581024169922,1168204400,0.0,0.0,yfinance_raw_daily
2024-11-07,97.0,98.0,91.0,91.0,90.55967712402344,690714700,0.0,0.0,yfinance_raw_daily
2024-11-08,92.0,97.0,91.0,96.0,95.53548431396484,217416900,0.0,0.0,yfinance_raw_daily
2024-11-11,96.0,103.0,95.0,101.0,100.51129150390625,828359500,0.0,0.0,yfinance_raw_daily
2024-11-12,100.0,123.0,98.0,119.0,118.4241943359375,2160148700,0.0,0.0,yfinance_raw_daily
2024-11-13,119.0,145.0,118.0,136.0,135.34193420410156,2104980400,0.0,0.0,yfinance_raw_daily
2024-11-14,136.0,142.0,124.0,124.0,123.4000015258789,1166549800,0.0,0.0,yfinance_raw_daily
2024-11-15,124.0,130.0,107.0,116.0,115.43871307373047,1283921300,0.0,0.0,yfinance_raw_daily
2024-11-18,140.0,140.0,116.0,117.0,116.43386840820312,751499000,0.0,0.0,yfinance_raw_daily
2024-11-19,117.0,121.0,112.0,113.0,112.4532241821289,433724900,0.0,0.0,yfinance_raw_daily
2024-11-20,113.0,124.0,111.0,122.0,121.40967559814453,519913400,0.0,0.0,yfinance_raw_daily
2024-11-21,124.0,128.0,119.0,119.0,118.4241943359375,885114600,0.0,0.0,yfinance_raw_daily
2024-11-22,119.0,122.0,115.0,120.0,119.41935729980469,346368800,0.0,0.0,yfinance_raw_daily
2024-11-25,121.0,121.0,116.0,117.0,116.43386840820312,274381700,0.0,0.0,yfinance_raw_daily
2024-11-26,118.0,123.0,113.0,114.0,113.4483871459961,372217700,0.0,0.0,yfinance_raw_daily
2024-11-28,114.0,117.0,104.0,106.0,105.48709869384766,776045100,0.0,0.0,yfinance_raw_daily
2024-11-29,107.0,110.0,104.0,106.0,105.48709869384766,444448000,0.0,0.0,yfinance_raw_daily
2024-12-02,107.0,111.0,101.0,103.0,102.5016098022461,322147200,0.0,0.0,yfinance_raw_daily
2024-12-03,103.0,106.0,102.0,103.0,102.5016098022461,135504200,0.0,0.0,yfinance_raw_daily
2024-12-04,103.0,115.0,103.0,115.0,114.44355010986328,578842400,0.0,0.0,yfinance_raw_daily
2024-12-05,118.0,123.0,113.0,119.0,118.4241943359375,515366600,0.0,0.0,yfinance_raw_daily
2024-12-06,120.0,120.0,115.0,116.0,115.43871307373047,139984300,0.0,0.0,yfinance_raw_daily
2024-12-09,116.0,122.0,115.0,120.0,119.41935729980469,284756900,0.0,0.0,yfinance_raw_daily
2024-12-10,123.0,126.0,118.0,124.0,123.4000015258789,686369000,0.0,0.0,yfinance_raw_daily
2024-12-11,125.0,128.0,120.0,121.0,120.41452026367188,459652900,0.0,0.0,yfinance_raw_daily
2024-12-12,122.0,124.0,120.0,123.0,122.40483856201172,215281100,0.0,0.0,yfinance_raw_daily
2024-12-13,123.0,123.0,116.0,117.0,116.43386840820312,185160600,0.0,0.0,yfinance_raw_daily
2024-12-16,118.0,119.0,111.0,118.0,117.42903137207031,214607200,0.0,0.0,yfinance_raw_daily
2024-12-17,118.0,121.0,113.0,114.0,113.4483871459961,171656500,0.0,0.0,yfinance_raw_daily
2024-12-18,115.0,117.0,111.0,114.0,113.4483871459961,78642800,0.0,0.0,yfinance_raw_daily
2024-12-19,113.0,113.0,106.0,108.0,107.4774169921875,194037100,0.0,0.0,yfinance_raw_daily
2024-12-20,110.0,111.0,106.0,108.0,107.4774169921875,90957700,0.0,0.0,yfinance_raw_daily
2024-12-23,109.0,109.0,105.0,106.0,105.48709869384766,148439300,0.0,0.0,yfinance_raw_daily
2024-12-24,107.0,109.0,103.0,107.0,106.48226165771484,111650100,0.0,0.0,yfinance_raw_daily
2024-12-27,107.0,109.0,105.0,105.0,104.49193572998047,71505500,0.0,0.0,yfinance_raw_daily
2024-12-30,105.0,112.0,105.0,111.0,110.46290588378906,98152600,0.0,0.0,yfinance_raw_daily
2025-01-02,109.0,123.0,106.0,118.0,117.42903137207031,545588100,0.0,0.0,yfinance_raw_daily
2025-01-03,118.0,124.0,117.0,119.0,118.4241943359375,377489500,0.0,0.0,yfinance_raw_daily
2025-01-06,120.0,121.0,114.0,115.0,114.44355010986328,206176300,0.0,0.0,yfinance_raw_daily
2025-01-07,115.0,119.0,113.0,114.0,113.4483871459961,137626000,0.0,0.0,yfinance_raw_daily
2025-01-08,114.0,114.0,107.0,108.0,107.4774169921875,228421000,0.0,0.0,yfinance_raw_daily
2025-01-09,108.0,111.0,105.0,106.0,105.48709869384766,138758300,0.0,0.0,yfinance_raw_daily
2025-01-10,106.0,116.0,106.0,116.0,115.43871307373047,295634600,0.0,0.0,yfinance_raw_daily
2025-01-13,117.0,118.0,110.0,111.0,110.46290588378906,176472700,0.0,0.0,yfinance_raw_daily
2025-01-14,112.0,115.0,108.0,113.0,112.4532241821289,200019800,0.0,0.0,yfinance_raw_daily
2025-01-15,113.0,114.0,109.0,110.0,109.46774291992188,221801800,0.0,0.0,yfinance_raw_daily
2025-01-16,111.0,117.0,110.0,115.0,114.44355010986328,222760500,0.0,0.0,yfinance_raw_daily
2025-01-17,116.0,117.0,111.0,111.0,110.46290588378906,113595200,0.0,0.0,yfinance_raw_daily
2025-01-20,112.0,120.0,109.0,115.0,114.44355010986328,653923400,0.0,0.0,yfinance_raw_daily
2025-01-21,116.0,118.0,113.0,113.0,112.4532241821289,227510800,0.0,0.0,yfinance_raw_daily
2025-01-22,114.0,117.0,113.0,114.0,113.4483871459961,189266500,0.0,0.0,yfinance_raw_daily
2025-01-23,115.0,123.0,115.0,116.0,115.43871307373047,646131300,0.0,0.0,yfinance_raw_daily
2025-01-24,115.0,116.0,112.0,113.0,112.4532241821289,257645900,0.0,0.0,yfinance_raw_daily
2025-01-30,113.0,114.0,107.0,111.0,110.46290588378906,212812600,0.0,0.0,yfinance_raw_daily
2025-01-31,111.0,116.0,111.0,112.0,111.45806884765625,184235700,0.0,0.0,yfinance_raw_daily
2025-02-03,114.0,114.0,109.0,112.0,111.45806884765625,213698400,0.0,0.0,yfinance_raw_daily
2025-02-04,113.0,129.0,113.0,117.0,116.43386840820312,2253936600,0.0,0.0,yfinance_raw_daily
2025-02-05,119.0,121.0,111.0,113.0,112.4532241821289,1075377800,0.0,0.0,yfinance_raw_daily
2025-02-06,113.0,114.0,109.0,112.0,111.45806884765625,436325500,0.0,0.0,yfinance_raw_daily
2025-02-07,112.0,112.0,106.0,110.0,109.46774291992188,311155900,0.0,0.0,yfinance_raw_daily
2025-02-10,110.0,110.0,100.0,103.0,102.5016098022461,479072800,0.0,0.0,yfinance_raw_daily
2025-02-11,105.0,115.0,105.0,112.0,111.45806884765625,688122100,0.0,0.0,yfinance_raw_daily
2025-02-12,112.0,117.0,106.0,110.0,109.46774291992188,511777200,0.0,0.0,yfinance_raw_daily
2025-02-13,113.0,121.0,111.0,118.0,117.42903137207031,695106800,0.0,0.0,yfinance_raw_daily
2025-02-14,120.0,125.0,119.0,122.0,121.40967559814453,756115000,0.0,0.0,yfinance_raw_daily
2025-02-17,122.0,135.0,121.0,135.0,134.34677124023438,852894200,0.0,0.0,yfinance_raw_daily
2025-02-18,136.0,149.0,133.0,144.0,143.30322265625,964379600,0.0,0.0,yfinance_raw_daily
2025-02-19,146.0,147.0,139.0,145.0,144.2983856201172,560661300,0.0,0.0,yfinance_raw_daily
2025-02-20,145.0,156.0,140.0,145.0,144.2983856201172,1183443800,0.0,0.0,yfinance_raw_daily
2025-02-21,146.0,150.0,142.0,145.0,144.2983856201172,248889100,0.0,0.0,yfinance_raw_daily
2025-02-24,145.0,146.0,139.0,140.0,139.3225860595703,234125800,0.0,0.0,yfinance_raw_daily
2025-02-25,141.0,149.0,135.0,135.0,134.34677124023438,525366200,0.0,0.0,yfinance_raw_daily
2025-02-26,135.0,140.0,130.0,140.0,139.3225860595703,289072200,0.0,0.0,yfinance_raw_daily
2025-02-27,142.0,144.0,135.0,135.0,134.34677124023438,273744800,0.0,0.0,yfinance_raw_daily
2025-02-28,135.0,135.0,121.0,124.0,123.4000015258789,398816900,0.0,0.0,yfinance_raw_daily
2025-03-03,127.0,136.0,126.0,135.0,134.34677124023438,336767700,0.0,0.0,yfinance_raw_daily
2025-03-04,135.0,136.0,125.0,127.0,126.38548278808594,347299500,0.0,0.0,yfinance_raw_daily
2025-03-05,128.0,133.0,126.0,128.0,127.38064575195312,248337100,0.0,0.0,yfinance_raw_daily
2025-03-06,129.0,131.0,127.0,129.0,128.3758087158203,146845700,0.0,0.0,yfinance_raw_daily
2025-03-07,129.0,135.0,128.0,130.0,129.3709716796875,339201300,0.0,0.0,yfinance_raw_daily
2025-03-10,131.0,136.0,129.0,130.0,129.3709716796875,401524900,0.0,0.0,yfinance_raw_daily
2025-03-11,126.0,129.0,124.0,127.0,126.38548278808594,279500000,0.0,0.0,yfinance_raw_daily
2025-03-12,128.0,130.0,123.0,123.0,122.40483856201172,203222100,0.0,0.0,yfinance_raw_daily
2025-03-13,123.0,125.0,116.0,120.0,119.41935729980469,327255300,0.0,0.0,yfinance_raw_daily
2025-03-14,122.0,124.0,116.0,118.0,117.42903137207031,168331900,0.0,0.0,yfinance_raw_daily
2025-03-17,118.0,124.0,117.0,122.0,121.40967559814453,178292400,0.0,0.0,yfinance_raw_daily
2025-03-18,122.0,122.0,91.0,109.0,108.47257995605469,857783600,0.0,0.0,yfinance_raw_daily
2025-03-19,110.0,111.0,106.0,108.0,107.4774169921875,213205000,0.0,0.0,yfinance_raw_daily
2025-03-20,109.0,111.0,105.0,106.0,105.48709869384766,248613700,0.0,0.0,yfinance_raw_daily
2025-03-21,107.0,108.0,101.0,104.0,103.49677276611328,169932800,0.0,0.0,yfinance_raw_daily
2025-03-24,105.0,105.0,91.0,97.0,96.53064727783203,324718100,0.0,0.0,yfinance_raw_daily
2025-03-25,97.0,103.0,97.0,101.0,100.51129150390625,152379900,0.0,0.0,yfinance_raw_daily
2025-03-26,101.0,106.0,101.0,103.0,102.5016098022461,108170300,0.0,0.0,yfinance_raw_daily
2025-03-27,103.0,107.0,101.0,106.0,105.48709869384766,139114500,0.0,0.0,yfinance_raw_daily
2025-04-08,91.0,96.0,91.0,91.0,90.55967712402344,275576100,0.0,0.0,yfinance_raw_daily
2025-04-09,88.0,93.0,83.0,86.0,85.58386993408203,262965400,0.0,0.0,yfinance_raw_daily
2025-04-10,93.0,96.0,90.0,93.0,92.55000305175781,255898600,0.0,0.0,yfinance_raw_daily
2025-04-11,93.0,101.0,91.0,99.0,98.52096557617188,204431400,0.0,0.0,yfinance_raw_daily
2025-04-14,101.0,114.0,101.0,110.0,109.46774291992188,344748700,0.0,0.0,yfinance_raw_daily
2025-04-15,112.0,113.0,105.0,107.0,106.48226165771484,381461700,0.0,0.0,yfinance_raw_daily
2025-04-16,109.0,116.0,107.0,109.0,108.47257995605469,444958300,0.0,0.0,yfinance_raw_daily
2025-04-17,108.0,110.0,107.0,108.0,107.4774169921875,136082000,0.0,0.0,yfinance_raw_daily
2025-04-21,108.0,114.0,108.0,110.0,109.46774291992188,200681200,0.0,0.0,yfinance_raw_daily
2025-04-22,115.0,117.0,112.0,117.0,116.43386840820312,412090700,0.0,0.0,yfinance_raw_daily
2025-04-23,118.0,119.0,113.0,115.0,114.44355010986328,187623000,0.0,0.0,yfinance_raw_daily
2025-04-24,116.0,117.0,112.0,112.0,111.45806884765625,98367900,0.0,0.0,yfinance_raw_daily
2025-04-25,114.0,116.0,111.0,114.0,113.4483871459961,145750200,0.0,0.0,yfinance_raw_daily
2025-04-28,114.0,117.0,112.0,114.0,113.4483871459961,159833600,0.0,0.0,yfinance_raw_daily
2025-04-29,114.0,129.0,114.0,129.0,128.3758087158203,768154100,0.0,0.0,yfinance_raw_daily
2025-04-30,130.0,133.0,125.0,131.0,130.3661346435547,574975400,0.0,0.0,yfinance_raw_daily
2025-05-02,138.0,148.0,133.0,138.0,137.33226013183594,1563426700,0.0,0.0,yfinance_raw_daily
2025-05-05,139.0,140.0,134.0,135.0,134.34677124023438,206246300,0.0,0.0,yfinance_raw_daily
2025-05-06,138.0,142.0,136.0,142.0,141.31289672851562,317415700,0.0,0.0,yfinance_raw_daily
2025-05-07,143.0,147.0,141.0,143.0,142.3080596923828,398798800,0.0,0.0,yfinance_raw_daily
2025-05-08,143.0,154.0,138.0,147.0,146.28871154785156,787295100,0.0,0.0,yfinance_raw_daily
2025-05-09,148.0,156.0,144.0,151.0,150.26934814453125,724671900,0.0,0.0,yfinance_raw_daily
2025-05-14,154.0,183.0,152.0,169.0,168.18226623535156,1434077500,0.0,0.0,yfinance_raw_daily
2025-05-15,171.0,172.0,161.0,165.0,164.2016143798828,850491900,0.0,0.0,yfinance_raw_daily
2025-05-16,166.0,172.0,160.0,163.0,162.21128845214844,601378500,0.0,0.0,yfinance_raw_daily
2025-05-19,164.0,166.0,160.0,163.0,162.21128845214844,279582500,0.0,0.0,yfinance_raw_daily
2025-05-20,164.0,164.0,154.0,156.0,155.2451629638672,585018800,0.0,0.0,yfinance_raw_daily
2025-05-21,157.0,159.0,154.0,157.0,156.24032592773438,378990400,0.0,0.0,yfinance_raw_daily
2025-05-22,159.0,162.0,151.0,152.0,151.26451110839844,755727000,0.0,0.0,yfinance_raw_daily
2025-05-23,151.0,162.0,151.0,161.0,160.22096252441406,589569300,0.0,0.0,yfinance_raw_daily
2025-05-26,162.0,169.0,159.0,163.0,162.21128845214844,942175000,0.0,0.0,yfinance_raw_daily
2025-05-27,167.0,178.0,167.0,172.0,171.16773986816406,1339460000,0.0,0.0,yfinance_raw_daily
2025-05-28,173.0,174.0,165.0,167.0,166.1919403076172,373122700,0.0,0.0,yfinance_raw_daily
2025-06-02,168.0,170.0,160.0,165.0,164.2016143798828,358983400,0.0,0.0,yfinance_raw_daily
2025-06-03,166.0,169.0,161.0,166.0,165.19677734375,299024200,0.0,0.0,yfinance_raw_daily
2025-06-04,167.0,193.0,165.0,191.0,190.0758056640625,1201857400,0.0,0.0,yfinance_raw_daily
2025-06-05,192.0,193.0,183.0,184.0,183.10968017578125,636998900,0.0,0.0,yfinance_raw_daily
2025-06-10,185.0,202.0,185.0,192.0,191.0709686279297,1272641100,0.0,0.0,yfinance_raw_daily
2025-06-11,196.0,202.0,191.0,202.0,201.0225830078125,785792200,0.0,0.0,yfinance_raw_daily
2025-06-12,202.0,206.0,190.0,198.0,197.04193115234375,1003765200,0.0,0.0,yfinance_raw_daily
2025-06-13,197.0,202.0,193.0,195.0,194.05645751953125,311502000,0.0,0.0,yfinance_raw_daily
2025-06-16,196.0,204.0,191.0,192.0,191.0709686279297,414983700,0.0,0.0,yfinance_raw_daily
2025-06-17,193.0,194.0,184.0,190.0,189.0806427001953,404867700,0.0,0.0,yfinance_raw_daily
2025-06-18,190.0,196.0,184.0,185.0,184.10484313964844,285382800,0.0,0.0,yfinance_raw_daily
2025-06-19,186.0,187.0,174.0,178.0,177.1387176513672,445941100,0.0,0.0,yfinance_raw_daily
2025-06-20,178.0,185.0,175.0,178.0,177.1387176513672,326234200,0.0,0.0,yfinance_raw_daily
2025-06-23,173.0,184.0,166.0,175.0,174.15322875976562,406768800,0.0,0.0,yfinance_raw_daily
2025-06-24,178.0,183.0,176.0,180.0,179.1290283203125,323464800,0.0,0.0,yfinance_raw_daily
2025-06-25,181.0,182.0,175.0,177.0,176.1435546875,226321000,0.0,0.0,yfinance_raw_daily
2025-06-26,178.0,181.0,175.0,176.0,175.1483917236328,250187300,0.0,0.0,yfinance_raw_daily
2025-06-30,176.0,183.0,174.0,180.0,179.1290283203125,266006900,0.0,0.0,yfinance_raw_daily
2025-07-01,180.0,181.0,171.0,177.0,176.1435546875,294092300,0.0,0.0,yfinance_raw_daily
2025-07-02,178.0,178.0,172.0,174.0,173.15806579589844,168048000,0.0,0.0,yfinance_raw_daily
2025-07-03,175.0,187.0,172.0,186.0,185.10000610351562,537964800,0.0,0.0,yfinance_raw_daily
2025-07-04,188.0,189.0,181.0,182.0,181.11935424804688,252163200,0.0,0.0,yfinance_raw_daily
2025-07-07,183.0,185.0,179.0,185.0,184.10484313964844,197244100,0.0,0.0,yfinance_raw_daily
2025-07-08,185.0,188.0,183.0,186.0,185.10000610351562,292617700,0.0,0.0,yfinance_raw_daily
2025-07-09,186.0,187.0,181.0,182.0,181.11935424804688,152266100,0.0,0.0,yfinance_raw_daily
2025-07-10,182.0,184.0,177.0,178.0,177.1387176513672,207407000,0.0,0.0,yfinance_raw_daily
2025-07-11,179.0,181.0,176.0,176.0,175.1483917236328,141335000,0.0,0.0,yfinance_raw_daily
2025-07-14,177.0,180.0,175.0,175.0,174.15322875976562,326679400,0.0,0.0,yfinance_raw_daily
2025-07-15,175.0,182.0,172.0,180.0,179.1290283203125,373809000,0.0,0.0,yfinance_raw_daily
2025-07-16,180.0,193.0,180.0,190.0,189.0806427001953,860160200,0.0,0.0,yfinance_raw_daily
2025-07-17,193.0,193.0,185.0,186.0,185.10000610351562,437081000,0.0,0.0,yfinance_raw_daily
2025-07-18,187.0,189.0,182.0,187.0,186.0951690673828,414336300,0.0,0.0,yfinance_raw_daily
2025-07-21,188.0,218.0,188.0,214.0,212.9645233154297,1682613800,0.0,0.0,yfinance_raw_daily
2025-07-22,218.0,228.0,204.0,204.0,203.01290893554688,1120990000,0.0,0.0,yfinance_raw_daily
2025-07-23,206.0,224.0,202.0,222.0,220.92581176757812,620339900,0.0,0.0,yfinance_raw_daily
2025-07-24,224.0,226.0,210.0,216.0,214.954833984375,457602100,0.0,0.0,yfinance_raw_daily
2025-07-25,216.0,226.0,212.0,218.0,216.94515991210938,426783900,0.0,0.0,yfinance_raw_daily
2025-07-28,222.0,238.0,222.0,236.0,234.85806274414062,780460700,0.0,0.0,yfinance_raw_daily
2025-07-29,236.0,238.0,226.0,232.0,230.87742614746094,534942600,0.0,0.0,yfinance_raw_daily
2025-07-30,232.0,240.0,224.0,232.0,230.87742614746094,476076400,0.0,0.0,yfinance_raw_daily
2025-07-31,232.0,244.0,214.0,220.0,218.93548583984375,1050506600,0.0,0.0,yfinance_raw_daily
2025-08-01,220.0,226.0,216.0,222.0,220.92581176757812,244661500,0.0,0.0,yfinance_raw_daily
2025-08-04,222.0,236.0,216.0,230.0,228.88710021972656,540988800,0.0,0.0,yfinance_raw_daily
2025-08-05,234.0,236.0,216.0,216.0,214.954833984375,602455900,0.0,0.0,yfinance_raw_daily
2025-08-06,218.0,228.0,218.0,226.0,224.9064483642578,294980800,0.0,0.0,yfinance_raw_daily
2025-08-07,226.0,234.0,224.0,226.0,224.9064483642578,300905900,0.0,0.0,yfinance_raw_daily
2025-08-08,226.0,228.0,218.0,222.0,220.92581176757812,170055100,0.0,0.0,yfinance_raw_daily
2025-08-11,222.0,230.0,218.0,224.0,222.9161376953125,309197500,0.0,0.0,yfinance_raw_daily
2025-08-12,228.0,234.0,226.0,228.0,226.8967742919922,320992000,0.0,0.0,yfinance_raw_daily
2025-08-13,230.0,232.0,222.0,222.0,220.92581176757812,142526100,0.0,0.0,yfinance_raw_daily
2025-08-14,222.0,228.0,222.0,226.0,224.9064483642578,148446600,0.0,0.0,yfinance_raw_daily
2025-08-15,228.0,230.0,220.0,220.0,218.93548583984375,340679200,0.0,0.0,yfinance_raw_daily
2025-08-19,222.0,226.0,218.0,224.0,222.9161376953125,222632700,0.0,0.0,yfinance_raw_daily
2025-08-20,226.0,244.0,222.0,236.0,234.85806274414062,1037956400,0.0,0.0,yfinance_raw_daily
2025-08-21,240.0,242.0,222.0,226.0,224.9064483642578,711674900,0.0,0.0,yfinance_raw_daily
2025-08-22,226.0,226.0,220.0,220.0,218.93548583984375,288936100,0.0,0.0,yfinance_raw_daily
2025-08-25,222.0,230.0,222.0,226.0,224.9064483642578,239543500,0.0,0.0,yfinance_raw_daily
2025-08-26,228.0,236.0,226.0,226.0,224.9064483642578,432255400,0.0,0.0,yfinance_raw_daily
2025-08-27,226.0,232.0,226.0,226.0,224.9064483642578,192059300,0.0,0.0,yfinance_raw_daily
2025-08-28,234.0,248.0,230.0,230.0,228.88710021972656,820568200,0.0,0.0,yfinance_raw_daily
2025-08-29,224.0,230.0,210.0,224.0,222.9161376953125,534849300,0.0,0.0,yfinance_raw_daily
2025-09-01,216.0,224.0,212.0,218.0,216.94515991210938,359475100,0.0,0.0,yfinance_raw_daily
2025-09-02,222.0,228.0,222.0,224.0,222.9161376953125,311846700,0.0,0.0,yfinance_raw_daily
2025-09-03,226.0,232.0,224.0,226.0,224.9064483642578,251538400,0.0,0.0,yfinance_raw_daily
2025-09-04,226.0,234.0,222.0,222.0,220.92581176757812,242474500,0.0,0.0,yfinance_raw_daily
2025-09-08,224.0,228.0,216.0,216.0,214.954833984375,256584900,0.0,0.0,yfinance_raw_daily
2025-09-09,218.0,222.0,214.0,218.0,216.94515991210938,204690600,0.0,0.0,yfinance_raw_daily
2025-09-10,222.0,224.0,214.0,218.0,216.94515991210938,175539400,0.0,0.0,yfinance_raw_daily
2025-09-11,218.0,222.0,214.0,214.0,212.9645233154297,182750300,0.0,0.0,yfinance_raw_daily
2025-09-12,216.0,222.0,214.0,220.0,218.93548583984375,165148800,0.0,0.0,yfinance_raw_daily
2025-09-15,222.0,226.0,216.0,226.0,224.9064483642578,282187800,0.0,0.0,yfinance_raw_daily
2025-09-16,226.0,232.0,222.0,224.0,222.9161376953125,386368400,0.0,0.0,yfinance_raw_daily
2025-09-17,224.0,226.0,220.0,222.0,220.92581176757812,139886500,0.0,0.0,yfinance_raw_daily
2025-09-18,224.0,224.0,214.0,216.0,214.954833984375,256139200,0.0,0.0,yfinance_raw_daily
2025-09-19,216.0,220.0,214.0,214.0,212.9645233154297,141667200,0.0,0.0,yfinance_raw_daily
2025-09-22,220.0,242.0,218.0,238.0,236.848388671875,1315700000,0.0,0.0,yfinance_raw_daily
2025-09-23,248.0,270.0,248.0,270.0,268.69354248046875,1881689700,0.0,0.0,yfinance_raw_daily
2025-09-24,276.0,280.0,256.0,264.0,262.72259521484375,979935200,0.0,0.0,yfinance_raw_daily
2025-09-25,262.0,282.0,262.0,280.0,278.6451721191406,1043519600,0.0,0.0,yfinance_raw_daily
2025-09-26,282.0,286.0,272.0,278.0,276.65484619140625,440012600,0.0,0.0,yfinance_raw_daily
2025-09-29,278.0,292.0,266.0,290.0,288.5967712402344,765277300,0.0,0.0,yfinance_raw_daily
2025-09-30,290.0,290.0,270.0,272.0,270.6838684082031,810527100,0.0,0.0,yfinance_raw_daily
2025-10-01,272.0,302.0,270.0,294.0,292.5774230957031,1416319700,0.0,0.0,yfinance_raw_daily
2025-10-02,298.0,340.0,288.0,334.0,332.3838806152344,1508918500,0.0,0.0,yfinance_raw_daily
2025-10-03,336.0,354.0,332.0,336.0,334.37420654296875,1035475900,0.0,0.0,yfinance_raw_daily
2025-10-06,338.0,352.0,322.0,326.0,324.4225769042969,630552400,0.0,0.0,yfinance_raw_daily
2025-10-07,326.0,386.0,318.0,354.0,352.287109375,1426838700,0.0,0.0,yfinance_raw_daily
2025-10-08,358.0,364.0,340.0,356.0,354.2774353027344,614798700,0.0,0.0,yfinance_raw_daily
2025-10-09,362.0,382.0,346.0,354.0,352.287109375,836163300,0.0,0.0,yfinance_raw_daily
2025-10-10,356.0,368.0,350.0,356.0,354.2774353027344,271655900,0.0,0.0,yfinance_raw_daily
2025-10-13,350.0,368.0,340.0,362.0,360.2483825683594,492341100,0.0,0.0,yfinance_raw_daily
2025-10-14,366.0,400.0,328.0,334.0,332.3838806152344,2167681500,0.0,0.0,yfinance_raw_daily
2025-10-15,334.0,348.0,300.0,318.0,316.4613037109375,1548998300,0.0,0.0,yfinance_raw_daily
2025-10-16,324.0,334.0,318.0,326.0,324.4225769042969,470465200,0.0,0.0,yfinance_raw_daily
2025-10-17,330.0,334.0,292.0,300.0,298.54840087890625,870629700,0.0,0.0,yfinance_raw_daily
2025-10-20,306.0,326.0,298.0,316.0,314.4709777832031,549602400,0.0,0.0,yfinance_raw_daily
2025-10-21,320.0,332.0,318.0,322.0,320.4419250488281,455399900,0.0,0.0,yfinance_raw_daily
2025-10-22,322.0,326.0,312.0,320.0,318.45159912109375,313375200,0.0,0.0,yfinance_raw_daily
2025-10-23,320.0,340.0,320.0,320.0,318.45159912109375,544770900,0.0,0.0,yfinance_raw_daily
2025-10-24,322.0,326.0,312.0,316.0,314.4709777832031,296097200,0.0,0.0,yfinance_raw_daily
2025-10-27,316.0,320.0,286.0,296.0,294.5677490234375,841894200,0.0,0.0,yfinance_raw_daily
2025-10-28,296.0,318.0,290.0,308.0,306.5096740722656,371583600,0.0,0.0,yfinance_raw_daily
2025-10-29,310.0,316.0,304.0,308.0,306.5096740722656,215079000,0.0,0.0,yfinance_raw_daily
2025-10-30,312.0,326.0,308.0,324.0,322.4322509765625,487818300,0.0,0.0,yfinance_raw_daily
2025-10-31,324.0,346.0,318.0,334.0,332.3838806152344,745191900,0.0,0.0,yfinance_raw_daily
2025-11-03,340.0,346.0,332.0,336.0,334.37420654296875,478019400,0.0,0.0,yfinance_raw_daily
2025-11-04,336.0,340.0,320.0,334.0,332.3838806152344,359227000,0.0,0.0,yfinance_raw_daily
2025-11-05,328.0,356.0,320.0,356.0,354.2774353027344,862968300,0.0,0.0,yfinance_raw_daily
2025-11-06,360.0,370.0,342.0,342.0,340.34515380859375,777790500,0.0,0.0,yfinance_raw_daily
2025-11-07,342.0,354.0,340.0,348.0,346.3161315917969,307839300,0.0,0.0,yfinance_raw_daily
2025-11-10,352.0,400.0,352.0,398.0,396.0741882324219,1615161300,0.0,0.0,yfinance_raw_daily
2025-11-11,402.0,488.0,402.0,446.0,443.8419494628906,5426419900,0.0,0.0,yfinance_raw_daily
2025-11-12,436.0,448.0,412.0,418.0,415.9774169921875,1832959300,0.0,0.0,yfinance_raw_daily
2025-11-13,424.0,448.0,420.0,430.0,427.9193420410156,1399137700,0.0,0.0,yfinance_raw_daily
2025-11-14,432.0,436.0,406.0,410.0,408.0161437988281,1153394200,0.0,0.0,yfinance_raw_daily
2025-11-17,410.0,428.0,404.0,408.0,406.02581787109375,769205700,0.0,0.0,yfinance_raw_daily
2025-11-18,408.0,424.0,398.0,410.0,408.0161437988281,990921200,0.0,0.0,yfinance_raw_daily
2025-11-19,428.0,440.0,418.0,426.0,423.938720703125,1848365600,0.0,0.0,yfinance_raw_daily
2025-11-20,430.0,432.0,410.0,412.0,410.0064392089844,756349300,0.0,0.0,yfinance_raw_daily
2025-11-21,410.0,420.0,404.0,416.0,413.9870910644531,612443800,0.0,0.0,yfinance_raw_daily
2025-11-24,418.0,424.0,412.0,416.0,413.9870910644531,453497700,0.0,0.0,yfinance_raw_daily
2025-11-25,416.0,432.0,412.0,418.0,415.9774169921875,1108746800,0.0,0.0,yfinance_raw_daily
2025-11-26,420.0,436.0,416.0,428.0,425.9290466308594,1223314800,0.0,0.0,yfinance_raw_daily
2025-11-27,430.0,442.0,422.0,426.0,423.938720703125,1025084700,0.0,0.0,yfinance_raw_daily
2025-11-28,430.0,438.0,422.0,432.0,429.90966796875,469683200,0.0,0.0,yfinance_raw_daily
2025-12-01,438.0,470.0,432.0,462.0,459.7645263671875,2806600100,0.0,0.0,yfinance_raw_daily
2025-12-02,464.0,472.0,450.0,468.0,465.7354736328125,1115215500,0.0,0.0,yfinance_raw_daily
2025-12-03,470.0,482.0,456.0,460.0,457.7742004394531,1018454300,0.0,0.0,yfinance_raw_daily
2025-12-04,464.0,466.0,428.0,428.0,425.9290466308594,1535688500,0.0,0.0,yfinance_raw_daily
2025-12-05,420.0,426.0,408.0,412.0,410.0064392089844,1706200200,0.0,0.0,yfinance_raw_daily
2025-12-08,416.0,458.0,416.0,458.0,455.78387451171875,2159144300,0.0,0.0,yfinance_raw_daily
2025-12-09,468.0,510.0,466.0,505.0,502.55645751953125,3326214600,0.0,0.0,yfinance_raw_daily
2025-12-10,510.0,545.0,486.0,496.0,493.6000061035156,3039253300,0.0,0.0,yfinance_raw_daily
2025-12-11,496.0,575.0,488.0,545.0,542.3629150390625,3356341900,0.0,0.0,yfinance_raw_daily
2025-12-12,570.0,645.0,560.0,605.0,602.0725708007812,2627668900,0.0,0.0,yfinance_raw_daily
2025-12-15,615.0,620.0,535.0,540.0,537.3870849609375,2078258900,0.0,0.0,yfinance_raw_daily
2025-12-16,540.0,565.0,515.0,540.0,537.3870849609375,853071300,0.0,0.0,yfinance_raw_daily
2025-12-17,550.0,570.0,535.0,560.0,557.2903442382812,1221008500,0.0,0.0,yfinance_raw_daily
2025-12-18,560.0,565.0,525.0,535.0,532.4113159179688,570817700,0.0,0.0,yfinance_raw_daily
2025-12-19,545.0,550.0,515.0,545.0,542.3629150390625,641676400,0.0,0.0,yfinance_raw_daily
2025-12-22,555.0,585.0,550.0,575.0,572.2177734375,1311589800,0.0,0.0,yfinance_raw_daily
2025-12-23,585.0,620.0,560.0,585.0,582.1693725585938,1474119100,0.0,0.0,yfinance_raw_daily
2025-12-24,600.0,605.0,550.0,560.0,557.2903442382812,1141215600,0.0,0.0,yfinance_raw_daily
2025-12-29,575.0,690.0,570.0,690.0,686.6613159179688,3462096200,0.0,0.0,yfinance_raw_daily
2025-12-30,680.0,745.0,665.0,670.0,666.758056640625,2580204500,0.0,0.0,yfinance_raw_daily
2026-01-02,690.0,760.0,690.0,750.0,746.3709716796875,1993908700,0.0,0.0,yfinance_raw_daily
2026-01-05,760.0,790.0,735.0,755.0,751.3468017578125,2024925300,0.0,0.0,yfinance_raw_daily
2026-01-06,760.0,825.0,725.0,815.0,811.0564575195312,2537576500,0.0,0.0,yfinance_raw_daily
2026-01-07,830.0,865.0,790.0,800.0,796.1290283203125,1833637100,0.0,0.0,yfinance_raw_daily
2026-01-08,800.0,835.0,785.0,800.0,796.1290283203125,745635400,0.0,0.0,yfinance_raw_daily
2026-01-09,810.0,830.0,800.0,810.0,806.0806274414062,759304200,0.0,0.0,yfinance_raw_daily
2026-01-12,825.0,835.0,695.0,790.0,786.1774291992188,2030891400,0.0,0.0,yfinance_raw_daily
2026-01-13,780.0,790.0,705.0,710.0,706.5645141601562,1998906700,0.0,0.0,yfinance_raw_daily
2026-01-14,730.0,775.0,725.0,750.0,746.3709716796875,1034701400,0.0,0.0,yfinance_raw_daily
2026-01-15,755.0,775.0,725.0,765.0,761.2984008789062,809404900,0.0,0.0,yfinance_raw_daily
2026-01-19,775.0,775.0,730.0,755.0,751.3468017578125,647145600,0.0,0.0,yfinance_raw_daily
2026-01-20,790.0,805.0,760.0,770.0,766.274169921875,1114679000,0.0,0.0,yfinance_raw_daily
2026-01-21,765.0,765.0,720.0,735.0,731.4435424804688,741403500,0.0,0.0,yfinance_raw_daily
2026-01-22,745.0,750.0,660.0,665.0,661.7822875976562,1303478900,0.0,0.0,yfinance_raw_daily
2026-01-23,665.0,695.0,600.0,685.0,681.6854858398438,1580535300,0.0,0.0,yfinance_raw_daily
2026-01-26,685.0,720.0,630.0,630.0,626.9515991210938,1470064700,0.0,0.0,yfinance_raw_daily
2026-01-27,640.0,680.0,625.0,670.0,666.758056640625,905348700,0.0,0.0,yfinance_raw_daily
2026-01-28,570.0,625.0,570.0,570.0,567.241943359375,1844800500,0.0,0.0,yfinance_raw_daily
2026-01-29,510.0,575.0,486.0,525.0,522.4596557617188,3489631500,0.0,0.0,yfinance_raw_daily
2026-01-30,535.0,580.0,505.0,540.0,537.3870849609375,1118050000,0.0,0.0,yfinance_raw_daily
2026-02-02,540.0,545.0,460.0,460.0,457.7742004394531,1427327000,0.0,0.0,yfinance_raw_daily
2026-02-03,438.0,530.0,400.0,525.0,522.4596557617188,2548714600,0.0,0.0,yfinance_raw_daily
2026-02-04,505.0,535.0,492.0,505.0,502.55645751953125,929693300,0.0,0.0,yfinance_raw_daily
2026-02-05,505.0,525.0,496.0,500.0,497.5806579589844,515434900,0.0,0.0,yfinance_raw_daily
2026-02-06,480.0,498.0,462.0,464.0,461.7548522949219,645985500,0.0,0.0,yfinance_raw_daily
2026-02-09,472.0,510.0,458.0,500.0,497.5806579589844,833371600,0.0,0.0,yfinance_raw_daily
2026-02-10,490.0,535.0,488.0,505.0,502.55645751953125,1174521900,0.0,0.0,yfinance_raw_daily
2026-02-11,510.0,580.0,505.0,565.0,562.26611328125,1455028300,0.0,0.0,yfinance_raw_daily
2026-02-12,575.0,585.0,555.0,565.0,562.26611328125,805864200,0.0,0.0,yfinance_raw_daily
2026-02-13,560.0,625.0,540.0,620.0,617.0,1359097400,0.0,0.0,yfinance_raw_daily
2026-02-18,635.0,655.0,625.0,630.0,626.9515991210938,783832800,0.0,0.0,yfinance_raw_daily
2026-02-19,635.0,655.0,630.0,640.0,636.9031982421875,590392700,0.0,0.0,yfinance_raw_daily
2026-02-20,640.0,645.0,610.0,615.0,612.024169921875,415335700,0.0,0.0,yfinance_raw_daily
2026-02-23,630.0,640.0,610.0,615.0,612.024169921875,361890500,0.0,0.0,yfinance_raw_daily
2026-02-24,615.0,630.0,560.0,560.0,557.2903442382812,1070919200,0.0,0.0,yfinance_raw_daily
2026-02-25,545.0,585.0,540.0,555.0,552.3145141601562,1002859600,0.0,0.0,yfinance_raw_daily
2026-02-26,565.0,570.0,515.0,525.0,522.4596557617188,747575900,0.0,0.0,yfinance_raw_daily
2026-02-27,520.0,540.0,500.0,525.0,522.4596557617188,960661700,0.0,0.0,yfinance_raw_daily
2026-03-02,505.0,540.0,494.0,500.0,497.5806579589844,842103500,0.0,0.0,yfinance_raw_daily
2026-03-03,515.0,525.0,494.0,500.0,497.5806579589844,422285500,0.0,0.0,yfinance_raw_daily
2026-03-04,505.0,505.0,450.0,466.0,463.74517822265625,1035659600,0.0,0.0,yfinance_raw_daily
2026-03-05,490.0,494.0,464.0,468.0,465.7354736328125,456001100,0.0,0.0,yfinance_raw_daily
2026-03-06,464.0,468.0,432.0,438.0,435.8806457519531,557251700,0.0,0.0,yfinance_raw_daily
2026-03-09,400.0,426.0,380.0,410.0,408.0161437988281,802704300,0.0,0.0,yfinance_raw_daily
2026-03-10,438.0,462.0,426.0,460.0,457.7742004394531,666843500,0.0,0.0,yfinance_raw_daily
2026-03-11,462.0,464.0,428.0,428.0,425.9290466308594,567213700,0.0,0.0,yfinance_raw_daily
2026-03-12,424.0,434.0,406.0,410.0,408.0161437988281,433423400,0.0,0.0,yfinance_raw_daily
2026-03-13,408.0,416.0,392.0,396.0,394.0838623046875,488103200,0.0,0.0,yfinance_raw_daily
2026-03-16,396.0,414.0,372.0,394.0,392.0935363769531,456749600,0.0,0.0,yfinance_raw_daily
2026-03-17,400.0,410.0,388.0,394.0,392.0935363769531,381102100,0.0,0.0,yfinance_raw_daily
2026-03-25,400.0,460.0,394.0,460.0,457.7742004394531,938460600,0.0,0.0,yfinance_raw_daily
2026-03-26,460.0,474.0,438.0,440.0,437.8709716796875,780498200,0.0,0.0,yfinance_raw_daily
2026-03-27,450.0,468.0,440.0,448.0,445.832275390625,1125633800,0.0,0.0,yfinance_raw_daily
2026-03-30,444.0,458.0,432.0,456.0,453.7935485839844,622885400,0.0,0.0,yfinance_raw_daily
2026-03-31,460.0,464.0,434.0,436.0,433.89031982421875,572446300,0.0,0.0,yfinance_raw_daily
2026-04-01,452.0,505.0,448.0,505.0,502.55645751953125,1347419100,0.0,0.0,yfinance_raw_daily
2026-04-02,486.0,492.0,468.0,468.0,465.7354736328125,931241800,0.0,0.0,yfinance_raw_daily
2026-04-06,468.0,505.0,462.0,484.0,481.6580810546875,1368623500,0.0,0.0,yfinance_raw_daily
2026-04-07,486.0,494.0,476.0,476.0,473.69677734375,573757100,0.0,0.0,yfinance_raw_daily
2026-04-08,510.0,520.0,496.0,515.0,512.508056640625,1200197000,0.0,0.0,yfinance_raw_daily
2026-04-09,505.0,510.0,496.0,500.0,497.5806579589844,651785400,0.0,0.0,yfinance_raw_daily
2026-04-10,505.0,535.0,505.0,515.0,512.508056640625,878531300,0.0,0.0,yfinance_raw_daily
2026-04-13,500.0,530.0,500.0,525.0,522.4596557617188,749143500,0.0,0.0,yfinance_raw_daily
2026-04-14,535.0,580.0,530.0,580.0,577.1935424804688,1429141100,0.0,0.0,yfinance_raw_daily
2026-04-15,590.0,595.0,555.0,555.0,552.3145141601562,805275200,0.0,0.0,yfinance_raw_daily
2026-04-16,565.0,575.0,545.0,555.0,552.3145141601562,412235800,0.0,0.0,yfinance_raw_daily
2026-04-17,555.0,575.0,550.0,550.0,547.3386840820312,370423000,0.0,0.0,yfinance_raw_daily
2026-04-20,555.0,575.0,545.0,550.0,547.3386840820312,482819100,0.0,0.0,yfinance_raw_daily
2026-04-21,550.0,565.0,550.0,560.0,557.2903442382812,389718100,0.0,0.0,yfinance_raw_daily
2026-04-22,560.0,570.0,550.0,550.0,547.3386840820312,337895400,0.0,0.0,yfinance_raw_daily
2026-04-23,555.0,555.0,515.0,515.0,512.508056640625,561316500,0.0,0.0,yfinance_raw_daily
2026-04-24,520.0,525.0,484.0,486.0,483.64837646484375,823577700,0.0,0.0,yfinance_raw_daily
2026-04-27,494.0,510.0,492.0,500.0,497.5806579589844,520339700,0.0,0.0,yfinance_raw_daily
2026-04-28,505.0,510.0,492.0,505.0,502.55645751953125,333518200,0.0,0.0,yfinance_raw_daily
2026-04-29,510.0,510.0,498.0,500.0,497.5806579589844,191102100,0.0,0.0,yfinance_raw_daily
2026-04-30,498.0,505.0,468.0,496.0,493.6000061035156,739186500,0.0,0.0,yfinance_raw_daily
2026-05-04,500.0,515.0,492.0,494.0,491.60968017578125,362815700,0.0,0.0,yfinance_raw_daily
2026-05-05,494.0,515.0,488.0,510.0,507.5322570800781,407467600,0.0,0.0,yfinance_raw_daily
2026-05-06,525.0,535.0,520.0,520.0,517.48388671875,500418000,0.0,0.0,yfinance_raw_daily
2026-05-07,525.0,535.0,515.0,515.0,512.508056640625,383670500,0.0,0.0,yfinance_raw_daily
2026-05-08,515.0,515.0,472.0,474.0,471.7064514160156,513066500,0.0,0.0,yfinance_raw_daily
2026-05-11,476.0,500.0,456.0,468.0,465.7354736328125,446651500,0.0,0.0,yfinance_raw_daily
2026-05-12,470.0,476.0,458.0,474.0,471.7064514160156,249168200,0.0,0.0,yfinance_raw_daily
2026-05-13,472.0,505.0,466.0,484.0,481.6580810546875,428713700,0.0,0.0,yfinance_raw_daily
2026-05-14,484.0,484.0,484.0,484.0,481.6580810546875,0,0.0,0.0,yfinance_raw_daily
2026-05-15,484.0,484.0,484.0,484.0,481.6580810546875,0,0.0,0.0,yfinance_raw_daily
2026-05-18,480.0,482.0,424.0,440.0,437.8709716796875,707271300,0.0,0.0,yfinance_raw_daily
2026-05-19,448.0,450.0,374.0,388.0,386.1225891113281,1608515700,0.0,0.0,yfinance_raw_daily
2026-05-20,370.0,392.0,352.0,378.0,376.17095947265625,1400274000,0.0,0.0,yfinance_raw_daily
2026-05-21,390.0,390.0,324.0,334.0,332.3838806152344,1178095800,0.0,0.0,yfinance_raw_daily
2026-05-22,326.0,398.0,320.0,378.0,376.17095947265625,1219258500,0.0,0.0,yfinance_raw_daily
2026-05-25,380.0,384.0,350.0,350.0,348.30645751953125,649999200,0.0,0.0,yfinance_raw_daily
2026-05-26,350.0,368.0,330.0,330.0,328.4032287597656,584878500,0.0,0.0,yfinance_raw_daily
2026-05-27,330.0,330.0,330.0,330.0,328.4032287597656,0,0.0,0.0,yfinance_raw_daily
2026-05-28,330.0,330.0,330.0,330.0,328.4032287597656,0,0.0,0.0,yfinance_raw_daily
2026-05-29,334.0,350.0,328.0,334.0,332.3838806152344,420970500,0.0,0.0,yfinance_raw_daily
2026-06-02,338.0,352.0,330.0,334.0,332.3838806152344,429443500,0.0,0.0,yfinance_raw_daily
2026-06-03,338.0,340.0,284.0,294.0,292.5774230957031,955812900,0.0,0.0,yfinance_raw_daily
2026-06-04,292.0,302.0,250.0,286.0,284.6161193847656,1067018200,0.0,0.0,yfinance_raw_daily
2026-06-05,292.0,294.0,262.0,262.0,260.7322692871094,654394600,0.0,0.0,yfinance_raw_daily
2026-06-08,254.0,264.0,234.0,250.0,248.7903289794922,553025400,0.0,0.0,yfinance_raw_daily
2026-06-09,250.0,282.0,244.0,280.0,278.6451721191406,1133523000,0.0,0.0,yfinance_raw_daily
2026-06-10,280.0,324.0,270.0,302.0,300.5386962890625,1512078300,0.0,0.0,yfinance_raw_daily
2026-06-11,302.0,316.0,284.0,294.0,292.5774230957031,619297300,0.0,0.0,yfinance_raw_daily
2026-06-12,300.0,334.0,300.0,330.0,328.4032287597656,1053314700,0.0,0.0,yfinance_raw_daily
2026-06-15,348.0,406.0,340.0,370.0,368.2096862792969,2091743300,0.0,0.0,yfinance_raw_daily
2026-06-17,376.0,386.0,352.0,358.0,356.2677307128906,806719500,0.0,0.0,yfinance_raw_daily
2026-06-18,358.0,382.0,348.0,382.0,380.151611328125,1036989500,0.0,0.0,yfinance_raw_daily
2026-06-19,384.0,388.0,366.0,368.0,366.2193603515625,852859500,0.0,0.0,yfinance_raw_daily
2026-06-22,368.0,370.0,344.0,348.0,346.3161315917969,458651000,0.0,0.0,yfinance_raw_daily
2026-06-23,348.0,364.0,342.0,364.0,362.23870849609375,402224800,0.0,0.0,yfinance_raw_daily
2026-06-24,364.0,368.0,320.0,322.0,320.4419250488281,770348800,0.0,0.0,yfinance_raw_daily
2026-06-25,322.0,338.0,314.0,326.0,324.4225769042969,726995200,0.0,0.0,yfinance_raw_daily
2026-06-26,326.0,330.0,296.0,306.0,304.51934814453125,704294700,0.0,0.0,yfinance_raw_daily
2026-06-29,306.0,312.0,296.0,308.0,306.5096740722656,314439900,0.0,0.0,yfinance_raw_daily
2026-06-30,308.0,310.0,274.0,284.0,282.62579345703125,676294700,0.0,0.0,yfinance_raw_daily
2026-07-01,280.0,300.0,274.0,292.0,290.58709716796875,719949600,0.0,0.0,yfinance_raw_daily
2026-07-02,294.0,312.0,292.0,300.0,298.54840087890625,606614500,0.0,0.0,yfinance_raw_daily
2026-07-03,306.0,322.0,306.0,314.0,312.48065185546875,443690100,0.0,0.0,yfinance_raw_daily
2026-07-06,318.0,330.0,308.0,318.0,316.4613037109375,479973500,0.0,0.0,yfinance_raw_daily
2026-07-07,318.0,320.0,310.0,310.0,308.5,228306600,0.0,0.0,yfinance_raw_daily
2026-07-08,310.0,310.0,296.0,298.0,298.0,274635700,1.5,0.0,yfinance_raw_daily
2026-07-09,298.0,348.0,296.0,332.0,332.0,1218183600,0.0,0.0,yfinance_raw_daily
2026-07-10,334.0,344.0,330.0,338.0,338.0,609104200,0.0,0.0,yfinance_raw_daily
2026-07-13,334.0,346.0,326.0,346.0,346.0,616077000,0.0,0.0,yfinance_raw_daily
2026-07-14,346.0,372.0,346.0,358.0,358.0,1121442200,0.0,0.0,yfinance_raw_daily
2026-07-15,360.0,372.0,356.0,362.0,362.0,668309500,0.0,0.0,yfinance_raw_daily
2026-07-16,362.0,378.0,354.0,370.0,370.0,586030100,0.0,0.0,yfinance_raw_daily
2026-07-17,370.0,374.0,362.0,364.0,364.0,371196100,0.0,0.0,yfinance_raw_daily
2026-07-20,368.0,400.0,364.0,398.0,398.0,983502900,0.0,0.0,yfinance_raw_daily
2026-07-21,400.0,450.0,392.0,434.0,434.0,1505569400,0.0,0.0,yfinance_raw_daily
