date,open,high,low,close,adj_close,volume,dividends,splits,source
2000-10-02,425.0,427.5,417.5,420.0,297.4873352050781,40281000,0.0,0.0,yfinance_raw_daily
2000-10-03,420.0,422.5,395.0,395.0,279.7797546386719,80108000,0.0,0.0,yfinance_raw_daily
2000-10-04,395.0,395.0,372.5,387.5,274.467529296875,142717000,0.0,0.0,yfinance_raw_daily
2000-10-05,385.0,400.0,385.0,395.0,279.7797546386719,98996000,0.0,0.0,yfinance_raw_daily
2000-10-06,395.0,395.0,382.5,387.5,274.467529296875,32459000,0.0,0.0,yfinance_raw_daily
2000-10-09,387.5,387.5,370.0,377.5,267.3844299316406,73661000,0.0,0.0,yfinance_raw_daily
2000-10-10,375.0,377.5,370.0,375.0,265.61376953125,50967000,0.0,0.0,yfinance_raw_daily
2000-10-11,372.5,390.0,370.0,385.0,272.6967468261719,62755000,0.0,0.0,yfinance_raw_daily
2000-10-12,385.0,395.0,382.5,390.0,276.2382507324219,87548000,0.0,0.0,yfinance_raw_daily
2000-10-13,385.0,395.0,380.0,395.0,279.7797546386719,55849000,0.0,0.0,yfinance_raw_daily
2000-10-16,395.0,395.0,395.0,395.0,279.7797546386719,0,0.0,0.0,yfinance_raw_daily
2000-10-17,400.0,410.0,400.0,405.0,286.86285400390625,56107000,0.0,0.0,yfinance_raw_daily
2000-10-18,405.0,405.0,395.0,400.0,283.3212890625,49564000,0.0,0.0,yfinance_raw_daily
2000-10-19,397.5,405.0,392.5,405.0,286.86285400390625,63699000,0.0,0.0,yfinance_raw_daily
2000-10-20,412.5,412.5,387.5,400.0,283.3212890625,72319000,0.0,0.0,yfinance_raw_daily
2000-10-23,400.0,400.0,387.5,400.0,283.3212890625,14013000,0.0,0.0,yfinance_raw_daily
2000-10-24,400.0,400.0,387.5,400.0,283.3212890625,1201000,0.0,0.0,yfinance_raw_daily
2000-10-25,400.0,400.0,400.0,400.0,283.3212890625,0,0.0,0.0,yfinance_raw_daily
2000-10-26,387.5,400.0,387.5,400.0,283.3212890625,19416000,0.0,0.0,yfinance_raw_daily
2000-10-27,400.0,400.0,400.0,400.0,283.3212890625,0,0.0,0.0,yfinance_raw_daily
2000-10-30,387.5,387.5,375.0,387.5,274.467529296875,18327000,0.0,0.0,yfinance_raw_daily
2000-10-31,375.0,387.5,375.0,387.5,274.467529296875,4662000,0.0,0.0,yfinance_raw_daily
2000-11-01,387.5,387.5,375.0,387.5,274.467529296875,19331000,0.0,0.0,yfinance_raw_daily
2000-11-02,387.5,387.5,375.0,387.5,274.467529296875,5983000,0.0,0.0,yfinance_raw_daily
2000-11-03,387.5,387.5,375.0,387.5,274.467529296875,2152000,0.0,0.0,yfinance_raw_daily
2000-11-06,387.5,400.0,375.0,400.0,283.3212890625,18890000,0.0,0.0,yfinance_raw_daily
2000-11-07,400.0,400.0,387.5,400.0,283.3212890625,7109000,0.0,0.0,yfinance_raw_daily
2000-11-08,400.0,412.5,387.5,400.0,283.3212890625,82401000,0.0,0.0,yfinance_raw_daily
2000-11-09,400.0,412.5,387.5,400.0,283.3212890625,16252000,0.0,0.0,yfinance_raw_daily
2000-11-10,387.5,425.0,387.5,412.5,292.1750793457031,62488000,0.0,0.0,yfinance_raw_daily
2000-11-13,412.5,425.0,400.0,412.5,292.1750793457031,52630000,0.0,0.0,yfinance_raw_daily
2000-11-14,412.5,425.0,412.5,412.5,292.1750793457031,93265000,0.0,0.0,yfinance_raw_daily
2000-11-15,412.5,425.0,387.5,412.5,292.1750793457031,76137000,0.0,0.0,yfinance_raw_daily
2000-11-16,400.0,400.0,387.5,400.0,283.3212890625,15982000,0.0,0.0,yfinance_raw_daily
2000-11-17,400.0,400.0,387.5,400.0,283.3212890625,12389000,0.0,0.0,yfinance_raw_daily
2000-11-20,400.0,400.0,400.0,400.0,283.3212890625,14601000,0.0,0.0,yfinance_raw_daily
2000-11-21,400.0,412.5,387.5,412.5,292.1750793457031,8470000,0.0,0.0,yfinance_raw_daily
2000-11-22,400.0,412.5,400.0,412.5,292.1750793457031,7385000,0.0,0.0,yfinance_raw_daily
2000-11-23,412.5,437.5,412.5,437.5,309.8826599121094,124834000,0.0,0.0,yfinance_raw_daily
2000-11-24,437.5,437.5,425.0,437.5,309.8826599121094,43010000,0.0,0.0,yfinance_raw_daily
2000-11-27,425.0,425.0,412.5,425.0,301.02886962890625,8882000,0.0,0.0,yfinance_raw_daily
2000-11-28,412.5,412.5,400.0,412.5,292.1750793457031,28649000,0.0,0.0,yfinance_raw_daily
2000-11-29,412.5,412.5,400.0,412.5,292.1750793457031,4246000,0.0,0.0,yfinance_raw_daily
2000-11-30,412.5,412.5,400.0,412.5,292.1750793457031,8145000,0.0,0.0,yfinance_raw_daily
2000-12-01,412.5,412.5,400.0,412.5,292.1750793457031,1860000,0.0,0.0,yfinance_raw_daily
2000-12-04,412.5,412.5,400.0,412.5,292.1750793457031,21370000,0.0,0.0,yfinance_raw_daily
2000-12-05,412.5,412.5,400.0,412.5,292.1750793457031,879000,0.0,0.0,yfinance_raw_daily
2000-12-06,412.5,412.5,400.0,412.5,292.1750793457031,11153000,0.0,0.0,yfinance_raw_daily
2000-12-07,412.5,425.0,400.0,425.0,301.02886962890625,29604000,0.0,0.0,yfinance_raw_daily
2000-12-08,412.5,412.5,400.0,412.5,292.1750793457031,3711000,0.0,0.0,yfinance_raw_daily
2000-12-11,400.0,412.5,400.0,412.5,292.1750793457031,12952000,0.0,0.0,yfinance_raw_daily
2000-12-12,400.0,400.0,387.5,400.0,283.3212890625,25065000,0.0,0.0,yfinance_raw_daily
2000-12-13,400.0,400.0,387.5,400.0,283.3212890625,5268000,0.0,0.0,yfinance_raw_daily
2000-12-14,400.0,412.5,387.5,412.5,292.1750793457031,14530000,0.0,0.0,yfinance_raw_daily
2000-12-15,400.0,400.0,387.5,400.0,283.3212890625,11124000,0.0,0.0,yfinance_raw_daily
2000-12-18,387.5,400.0,375.0,387.5,274.467529296875,18394000,0.0,0.0,yfinance_raw_daily
2000-12-19,387.5,387.5,375.0,387.5,274.467529296875,4576000,0.0,0.0,yfinance_raw_daily
2000-12-20,387.5,387.5,375.0,387.5,274.467529296875,508000,0.0,0.0,yfinance_raw_daily
2000-12-21,387.5,387.5,375.0,387.5,274.467529296875,11274000,0.0,0.0,yfinance_raw_daily
2000-12-22,387.5,387.5,375.0,387.5,274.467529296875,1272000,0.0,0.0,yfinance_raw_daily
2000-12-25,387.5,387.5,387.5,387.5,274.467529296875,0,0.0,0.0,yfinance_raw_daily
2000-12-26,387.5,387.5,387.5,387.5,274.467529296875,0,0.0,0.0,yfinance_raw_daily
2000-12-27,387.5,387.5,387.5,387.5,274.467529296875,0,0.0,0.0,yfinance_raw_daily
2000-12-28,387.5,387.5,387.5,387.5,274.467529296875,0,0.0,0.0,yfinance_raw_daily
2000-12-29,387.5,387.5,387.5,387.5,274.467529296875,0,0.0,0.0,yfinance_raw_daily
2001-01-01,387.5,387.5,387.5,387.5,274.467529296875,0,0.0,0.0,yfinance_raw_daily
2001-01-02,387.5,400.0,387.5,400.0,283.3212890625,11422000,0.0,0.0,yfinance_raw_daily
2001-01-03,387.5,400.0,387.5,400.0,283.3212890625,12873000,0.0,0.0,yfinance_raw_daily
2001-01-04,387.5,400.0,387.5,400.0,283.3212890625,17067000,0.0,0.0,yfinance_raw_daily
2001-01-05,400.0,412.5,387.5,400.0,283.3212890625,41156000,0.0,0.0,yfinance_raw_daily
2001-01-08,387.5,400.0,387.5,400.0,283.3212890625,2877000,0.0,0.0,yfinance_raw_daily
2001-01-09,387.5,400.0,387.5,400.0,283.3212890625,2008000,0.0,0.0,yfinance_raw_daily
2001-01-10,400.0,400.0,387.5,400.0,283.3212890625,2865000,0.0,0.0,yfinance_raw_daily
2001-01-11,387.5,400.0,387.5,400.0,283.3212890625,1852000,0.0,0.0,yfinance_raw_daily
2001-01-12,387.5,400.0,387.5,400.0,283.3212890625,40938000,0.0,0.0,yfinance_raw_daily
2001-01-15,387.5,400.0,387.5,400.0,283.3212890625,35873000,0.0,0.0,yfinance_raw_daily
2001-01-16,400.0,400.0,387.5,400.0,283.3212890625,3155000,0.0,0.0,yfinance_raw_daily
2001-01-17,400.0,400.0,387.5,400.0,283.3212890625,40516000,0.0,0.0,yfinance_raw_daily
2001-01-18,400.0,412.5,387.5,412.5,292.1750793457031,17464000,0.0,0.0,yfinance_raw_daily
2001-01-19,400.0,412.5,400.0,412.5,292.1750793457031,19483000,0.0,0.0,yfinance_raw_daily
2001-01-22,400.0,425.0,400.0,425.0,301.02886962890625,47782000,0.0,0.0,yfinance_raw_daily
2001-01-23,412.5,412.5,400.0,412.5,292.1750793457031,2283000,0.0,0.0,yfinance_raw_daily
2001-01-24,400.0,412.5,400.0,412.5,292.1750793457031,56000,0.0,0.0,yfinance_raw_daily
2001-01-25,412.5,437.5,412.5,425.0,301.02886962890625,77618000,0.0,0.0,yfinance_raw_daily
2001-01-26,425.0,425.0,412.5,425.0,301.02886962890625,6950000,0.0,0.0,yfinance_raw_daily
2001-01-29,412.5,425.0,412.5,425.0,301.02886962890625,24072000,0.0,0.0,yfinance_raw_daily
2001-01-30,425.0,437.5,412.5,437.5,309.8826599121094,29582000,0.0,0.0,yfinance_raw_daily
2001-01-31,437.5,462.5,437.5,450.0,318.73638916015625,76376000,0.0,0.0,yfinance_raw_daily
2001-02-01,450.0,475.0,437.5,475.0,336.4440002441406,100991000,0.0,0.0,yfinance_raw_daily
2001-02-02,475.0,562.5,475.0,550.0,389.5667724609375,317593000,0.0,0.0,yfinance_raw_daily
2001-02-05,575.0,637.5,550.0,575.0,407.2744140625,628477000,0.0,0.0,yfinance_raw_daily
2001-02-06,562.5,562.5,537.5,550.0,389.5667724609375,132481000,0.0,0.0,yfinance_raw_daily
2001-02-07,537.5,537.5,475.0,500.0,354.151611328125,191584000,0.0,0.0,yfinance_raw_daily
2001-02-08,500.0,512.5,500.0,512.5,363.00537109375,56678000,0.0,0.0,yfinance_raw_daily
2001-02-09,500.0,500.0,475.0,487.5,345.2978210449219,96414000,0.0,0.0,yfinance_raw_daily
2001-02-12,487.5,500.0,475.0,500.0,354.151611328125,50058000,0.0,0.0,yfinance_raw_daily
2001-02-13,500.0,500.0,487.5,500.0,354.151611328125,21744000,0.0,0.0,yfinance_raw_daily
2001-02-14,487.5,500.0,487.5,500.0,354.151611328125,13189000,0.0,0.0,yfinance_raw_daily
2001-02-15,500.0,525.0,500.0,525.0,371.8591613769531,140063000,0.0,0.0,yfinance_raw_daily
2001-02-16,525.0,525.0,487.5,500.0,354.151611328125,41846000,0.0,0.0,yfinance_raw_daily
2001-02-19,487.5,500.0,487.5,500.0,354.151611328125,17796000,0.0,0.0,yfinance_raw_daily
2001-02-20,500.0,500.0,475.0,487.5,345.2978210449219,28924000,0.0,0.0,yfinance_raw_daily
2001-02-21,487.5,512.5,487.5,512.5,363.00537109375,77569000,0.0,0.0,yfinance_raw_daily
2001-02-22,512.5,512.5,500.0,512.5,363.00537109375,15715000,0.0,0.0,yfinance_raw_daily
2001-02-23,512.5,512.5,500.0,512.5,363.00537109375,1389000,0.0,0.0,yfinance_raw_daily
2001-02-26,500.0,500.0,475.0,487.5,345.2978210449219,42894000,0.0,0.0,yfinance_raw_daily
2001-02-27,487.5,500.0,475.0,487.5,345.2978210449219,15967000,0.0,0.0,yfinance_raw_daily
2001-02-28,487.5,487.5,437.5,462.5,327.5902099609375,161941000,0.0,0.0,yfinance_raw_daily
2001-03-01,450.0,450.0,437.5,450.0,318.73638916015625,57944000,0.0,0.0,yfinance_raw_daily
2001-03-02,450.0,462.5,437.5,450.0,318.73638916015625,39864000,0.0,0.0,yfinance_raw_daily
2001-03-05,450.0,450.0,450.0,450.0,318.73638916015625,0,0.0,0.0,yfinance_raw_daily
2001-03-06,450.0,475.0,450.0,462.5,327.5902099609375,37287000,0.0,0.0,yfinance_raw_daily
2001-03-07,462.5,475.0,462.5,462.5,327.5902099609375,25868000,0.0,0.0,yfinance_raw_daily
2001-03-08,462.5,462.5,450.0,462.5,327.5902099609375,15444000,0.0,0.0,yfinance_raw_daily
2001-03-09,462.5,462.5,437.5,450.0,318.73638916015625,41076000,0.0,0.0,yfinance_raw_daily
2001-03-12,425.0,437.5,412.5,437.5,309.8826599121094,89163000,0.0,0.0,yfinance_raw_daily
2001-03-13,412.5,425.0,400.0,412.5,292.1750793457031,34935000,0.0,0.0,yfinance_raw_daily
2001-03-14,412.5,412.5,412.5,412.5,292.1750793457031,0,0.0,0.0,yfinance_raw_daily
2001-03-15,412.5,425.0,400.0,425.0,301.02886962890625,19298000,0.0,0.0,yfinance_raw_daily
2001-03-16,425.0,425.0,400.0,425.0,301.02886962890625,15799000,0.0,0.0,yfinance_raw_daily
2001-03-19,412.5,412.5,400.0,412.5,292.1750793457031,19003000,0.0,0.0,yfinance_raw_daily
2001-03-20,412.5,412.5,400.0,412.5,292.1750793457031,10184000,0.0,0.0,yfinance_raw_daily
2001-03-21,400.0,425.0,400.0,425.0,301.02886962890625,39101000,0.0,0.0,yfinance_raw_daily
2001-03-22,412.5,425.0,400.0,412.5,292.1750793457031,21168000,0.0,0.0,yfinance_raw_daily
2001-03-23,412.5,425.0,412.5,425.0,301.02886962890625,4018000,0.0,0.0,yfinance_raw_daily
2001-03-26,425.0,425.0,425.0,425.0,301.02886962890625,0,0.0,0.0,yfinance_raw_daily
2001-03-27,425.0,425.0,400.0,412.5,292.1750793457031,6204000,0.0,0.0,yfinance_raw_daily
2001-03-28,412.5,425.0,412.5,425.0,301.02886962890625,5740000,0.0,0.0,yfinance_raw_daily
2001-03-29,412.5,425.0,412.5,425.0,301.02886962890625,1507000,0.0,0.0,yfinance_raw_daily
2001-03-30,425.0,425.0,412.5,425.0,301.02886962890625,19650000,0.0,0.0,yfinance_raw_daily
2001-04-02,425.0,425.0,412.5,412.5,292.1750793457031,13559000,0.0,0.0,yfinance_raw_daily
2001-04-03,412.5,412.5,400.0,400.0,283.3212890625,5010000,0.0,0.0,yfinance_raw_daily
2001-04-04,400.0,412.5,400.0,400.0,283.3212890625,31898000,0.0,0.0,yfinance_raw_daily
2001-04-05,400.0,400.0,387.5,400.0,283.3212890625,26684000,0.0,0.0,yfinance_raw_daily
2001-04-06,400.0,400.0,387.5,400.0,283.3212890625,10898000,0.0,0.0,yfinance_raw_daily
2001-04-09,387.5,387.5,375.0,387.5,274.467529296875,16793000,0.0,0.0,yfinance_raw_daily
2001-04-10,387.5,387.5,375.0,387.5,274.467529296875,55144000,0.0,0.0,yfinance_raw_daily
2001-04-11,387.5,400.0,375.0,387.5,274.467529296875,29903000,0.0,0.0,yfinance_raw_daily
2001-04-12,387.5,400.0,387.5,400.0,283.3212890625,8714000,0.0,0.0,yfinance_raw_daily
2001-04-13,400.0,400.0,400.0,400.0,283.3212890625,0,0.0,0.0,yfinance_raw_daily
2001-04-16,387.5,400.0,387.5,387.5,274.467529296875,8252000,0.0,0.0,yfinance_raw_daily
2001-04-17,400.0,412.5,387.5,400.0,283.3212890625,70498000,0.0,0.0,yfinance_raw_daily
2001-04-18,400.0,400.0,375.0,387.5,274.467529296875,9702000,0.0,0.0,yfinance_raw_daily
2001-04-19,387.5,387.5,375.0,387.5,274.467529296875,32786000,0.0,0.0,yfinance_raw_daily
2001-04-20,375.0,387.5,362.5,387.5,274.467529296875,34068000,0.0,0.0,yfinance_raw_daily
2001-04-23,375.0,375.0,362.5,375.0,265.61376953125,11576000,0.0,0.0,yfinance_raw_daily
2001-04-24,375.0,375.0,362.5,375.0,265.61376953125,1103000,0.0,0.0,yfinance_raw_daily
2001-04-25,375.0,375.0,362.5,375.0,265.61376953125,44660000,0.0,0.0,yfinance_raw_daily
2001-04-26,375.0,375.0,362.5,375.0,265.61376953125,44660000,0.0,0.0,yfinance_raw_daily
2001-04-27,375.0,375.0,362.5,375.0,265.61376953125,8840000,0.0,0.0,yfinance_raw_daily
2001-04-30,375.0,375.0,362.5,375.0,265.61376953125,19069000,0.0,0.0,yfinance_raw_daily
2001-05-01,375.0,400.0,375.0,387.5,274.467529296875,59581000,0.0,0.0,yfinance_raw_daily
2001-05-02,387.5,387.5,387.5,387.5,274.467529296875,21676000,0.0,0.0,yfinance_raw_daily
2001-05-03,387.5,412.5,375.0,400.0,283.3212890625,54279000,0.0,0.0,yfinance_raw_daily
2001-05-04,400.0,425.0,387.5,412.5,292.1750793457031,69879000,0.0,0.0,yfinance_raw_daily
2001-05-07,412.5,412.5,412.5,412.5,292.1750793457031,0,0.0,0.0,yfinance_raw_daily
2001-05-08,412.5,412.5,400.0,412.5,292.1750793457031,36532000,0.0,0.0,yfinance_raw_daily
2001-05-09,400.0,412.5,400.0,412.5,292.1750793457031,43176000,0.0,0.0,yfinance_raw_daily
2001-05-10,400.0,400.0,387.5,400.0,283.3212890625,77164000,0.0,0.0,yfinance_raw_daily
2001-05-11,387.5,387.5,362.5,387.5,274.467529296875,113096000,0.0,0.0,yfinance_raw_daily
2001-05-14,375.0,387.5,375.0,387.5,274.467529296875,9676000,0.0,0.0,yfinance_raw_daily
2001-05-15,375.0,375.0,362.5,375.0,265.61376953125,41941000,0.0,0.0,yfinance_raw_daily
2001-05-16,375.0,375.0,362.5,375.0,265.61376953125,107452000,0.0,0.0,yfinance_raw_daily
2001-05-17,375.0,375.0,362.5,375.0,265.61376953125,27431000,0.0,0.0,yfinance_raw_daily
2001-05-18,375.0,375.0,362.5,375.0,265.61376953125,55045000,0.0,0.0,yfinance_raw_daily
2001-05-21,362.5,375.0,362.5,375.0,265.61376953125,16536000,0.0,0.0,yfinance_raw_daily
2001-05-22,375.0,375.0,362.5,375.0,265.61376953125,808000,0.0,0.0,yfinance_raw_daily
2001-05-23,375.0,375.0,362.5,362.5,256.7598876953125,558000,0.0,0.0,yfinance_raw_daily
2001-05-24,362.5,362.5,362.5,362.5,256.7598876953125,0,0.0,0.0,yfinance_raw_daily
2001-05-25,362.5,400.0,362.5,387.5,274.467529296875,205758000,0.0,0.0,yfinance_raw_daily
2001-05-28,387.5,387.5,375.0,387.5,274.467529296875,99962000,0.0,0.0,yfinance_raw_daily
2001-05-29,387.5,400.0,387.5,400.0,283.3212890625,21391000,0.0,0.0,yfinance_raw_daily
2001-05-30,400.0,400.0,387.5,400.0,283.3212890625,29837000,0.0,0.0,yfinance_raw_daily
2001-05-31,400.0,412.5,387.5,400.0,283.3212890625,75745000,0.0,0.0,yfinance_raw_daily
2001-06-01,400.0,412.5,375.0,375.0,265.61376953125,166540000,0.0,0.0,yfinance_raw_daily
2001-06-04,375.0,375.0,375.0,375.0,265.61376953125,0,0.0,0.0,yfinance_raw_daily
2001-06-05,375.0,400.0,375.0,400.0,283.3212890625,79166000,0.0,0.0,yfinance_raw_daily
2001-06-06,387.5,400.0,387.5,400.0,283.3212890625,34548000,0.0,0.0,yfinance_raw_daily
2001-06-07,400.0,400.0,387.5,400.0,283.3212890625,11112000,0.0,0.0,yfinance_raw_daily
2001-06-08,400.0,400.0,387.5,400.0,283.3212890625,20179000,0.0,0.0,yfinance_raw_daily
2001-06-11,387.5,412.5,387.5,412.5,292.1750793457031,74347000,0.0,0.0,yfinance_raw_daily
2001-06-12,400.0,412.5,400.0,412.5,292.1750793457031,11762000,0.0,0.0,yfinance_raw_daily
2001-06-13,412.5,412.5,400.0,412.5,292.1750793457031,3802000,0.0,0.0,yfinance_raw_daily
2001-06-14,400.0,400.0,400.0,400.0,283.3212890625,78990000,0.0,0.0,yfinance_raw_daily
2001-06-15,400.0,412.5,387.5,412.5,292.1750793457031,44401000,0.0,0.0,yfinance_raw_daily
2001-06-18,400.0,400.0,387.5,400.0,283.3212890625,43299000,0.0,0.0,yfinance_raw_daily
2001-06-19,400.0,400.0,387.5,400.0,283.3212890625,22515000,0.0,0.0,yfinance_raw_daily
2001-06-20,387.5,412.5,387.5,412.5,292.1750793457031,49285000,0.0,0.0,yfinance_raw_daily
2001-06-21,412.5,412.5,400.0,412.5,292.1750793457031,8624000,0.0,0.0,yfinance_raw_daily
2001-06-22,412.5,412.5,400.0,412.5,292.1750793457031,31064000,0.0,0.0,yfinance_raw_daily
2001-06-25,400.0,412.5,400.0,412.5,292.1750793457031,1404000,0.0,0.0,yfinance_raw_daily
2001-06-26,412.5,412.5,400.0,412.5,292.1750793457031,2454000,0.0,0.0,yfinance_raw_daily
2001-06-27,412.5,425.0,400.0,425.0,301.02886962890625,88475000,0.0,0.0,yfinance_raw_daily
2001-06-28,412.5,412.5,400.0,412.5,292.1750793457031,27615000,0.0,0.0,yfinance_raw_daily
2001-06-29,400.0,425.0,400.0,425.0,301.02886962890625,15519000,0.0,0.0,yfinance_raw_daily
2001-07-02,412.5,425.0,412.5,412.5,292.1750793457031,23880000,0.0,0.0,yfinance_raw_daily
2001-07-03,412.5,412.5,400.0,412.5,292.1750793457031,1292000,0.0,0.0,yfinance_raw_daily
2001-07-04,412.5,412.5,400.0,412.5,292.1750793457031,7471000,0.0,0.0,yfinance_raw_daily
2001-07-05,412.5,412.5,400.0,412.5,292.1750793457031,17655000,0.0,0.0,yfinance_raw_daily
2001-07-06,400.0,412.5,400.0,412.5,292.1750793457031,36447000,0.0,0.0,yfinance_raw_daily
2001-07-09,412.5,412.5,400.0,412.5,292.1750793457031,15336000,0.0,0.0,yfinance_raw_daily
2001-07-10,412.5,412.5,400.0,412.5,292.1750793457031,5116000,0.0,0.0,yfinance_raw_daily
2001-07-11,412.5,437.5,412.5,437.5,309.8826599121094,238331000,0.0,0.0,yfinance_raw_daily
2001-07-12,437.5,450.0,425.0,437.5,309.8826599121094,87639000,0.0,0.0,yfinance_raw_daily
2001-07-13,437.5,437.5,425.0,437.5,309.8826599121094,41640000,0.0,0.0,yfinance_raw_daily
2001-07-16,437.5,437.5,425.0,425.0,301.02886962890625,42308000,0.0,0.0,yfinance_raw_daily
2001-07-17,425.0,425.0,412.5,425.0,301.02886962890625,30953000,0.0,0.0,yfinance_raw_daily
2001-07-18,425.0,437.5,425.0,437.5,309.8826599121094,15390000,0.0,0.0,yfinance_raw_daily
2001-07-19,437.5,462.5,437.5,450.0,318.73638916015625,261313000,0.0,0.0,yfinance_raw_daily
2001-07-20,450.0,450.0,425.0,437.5,309.8826599121094,110626000,0.0,0.0,yfinance_raw_daily
2001-07-23,462.5,487.5,437.5,450.0,318.73638916015625,505213000,0.0,0.0,yfinance_raw_daily
2001-07-24,450.0,462.5,437.5,450.0,318.73638916015625,142565000,0.0,0.0,yfinance_raw_daily
2001-07-25,450.0,450.0,425.0,437.5,309.8826599121094,143768000,0.0,0.0,yfinance_raw_daily
2001-07-26,437.5,450.0,425.0,437.5,309.8826599121094,56768000,0.0,0.0,yfinance_raw_daily
2001-07-27,437.5,437.5,412.5,437.5,309.8826599121094,38340000,0.0,0.0,yfinance_raw_daily
2001-07-30,437.5,437.5,425.0,437.5,309.8826599121094,10152000,0.0,0.0,yfinance_raw_daily
2001-07-31,425.0,437.5,412.5,425.0,301.02886962890625,25987000,0.0,0.0,yfinance_raw_daily
2001-08-01,425.0,425.0,412.5,425.0,301.02886962890625,2937000,0.0,0.0,yfinance_raw_daily
2001-08-02,412.5,412.5,400.0,412.5,292.1750793457031,98076000,0.0,0.0,yfinance_raw_daily
2001-08-03,412.5,412.5,400.0,412.5,292.1750793457031,69225000,0.0,0.0,yfinance_raw_daily
2001-08-06,400.0,412.5,400.0,412.5,292.1750793457031,2422000,0.0,0.0,yfinance_raw_daily
2001-08-07,400.0,412.5,387.5,400.0,283.3212890625,61399000,0.0,0.0,yfinance_raw_daily
2001-08-08,400.0,412.5,400.0,412.5,292.1750793457031,77860000,0.0,0.0,yfinance_raw_daily
2001-08-09,412.5,412.5,387.5,400.0,283.3212890625,38081000,0.0,0.0,yfinance_raw_daily
2001-08-10,400.0,412.5,387.5,400.0,283.3212890625,22946000,0.0,0.0,yfinance_raw_daily
2001-08-13,400.0,425.0,400.0,425.0,301.02886962890625,57117000,0.0,0.0,yfinance_raw_daily
2001-08-14,425.0,425.0,400.0,412.5,292.1750793457031,30624000,0.0,0.0,yfinance_raw_daily
2001-08-15,412.5,412.5,400.0,412.5,292.1750793457031,1501000,0.0,0.0,yfinance_raw_daily
2001-08-16,412.5,412.5,400.0,412.5,292.1750793457031,2138000,0.0,0.0,yfinance_raw_daily
2001-08-17,412.5,412.5,412.5,412.5,292.1750793457031,0,0.0,0.0,yfinance_raw_daily
2001-08-20,412.5,412.5,400.0,412.5,292.1750793457031,4137000,0.0,0.0,yfinance_raw_daily
2001-08-21,412.5,412.5,400.0,412.5,292.1750793457031,39424000,0.0,0.0,yfinance_raw_daily
2001-08-22,412.5,412.5,400.0,412.5,292.1750793457031,3766000,0.0,0.0,yfinance_raw_daily
2001-08-23,412.5,412.5,400.0,412.5,292.1750793457031,5002000,0.0,0.0,yfinance_raw_daily
2001-08-24,400.0,412.5,400.0,412.5,292.1750793457031,14492000,0.0,0.0,yfinance_raw_daily
2001-08-27,412.5,412.5,400.0,400.0,283.3212890625,2698000,0.0,0.0,yfinance_raw_daily
2001-08-28,400.0,412.5,400.0,400.0,283.3212890625,4849000,0.0,0.0,yfinance_raw_daily
2001-08-29,400.0,412.5,400.0,400.0,283.3212890625,54280000,0.0,0.0,yfinance_raw_daily
2001-08-30,400.0,400.0,387.5,400.0,283.3212890625,2933000,0.0,0.0,yfinance_raw_daily
2001-08-31,400.0,400.0,387.5,400.0,283.3212890625,3355000,0.0,0.0,yfinance_raw_daily
2001-09-03,400.0,400.0,387.5,400.0,283.3212890625,5876000,0.0,0.0,yfinance_raw_daily
2001-09-04,387.5,400.0,387.5,400.0,283.3212890625,15730000,0.0,0.0,yfinance_raw_daily
2001-09-05,400.0,400.0,387.5,400.0,283.3212890625,14603000,0.0,0.0,yfinance_raw_daily
2001-09-06,400.0,412.5,400.0,412.5,292.1750793457031,51328000,0.0,0.0,yfinance_raw_daily
2001-09-07,400.0,412.5,387.5,400.0,283.3212890625,14621000,0.0,0.0,yfinance_raw_daily
2001-09-10,400.0,400.0,387.5,400.0,283.3212890625,1503000,0.0,0.0,yfinance_raw_daily
2001-09-11,400.0,400.0,400.0,400.0,283.3212890625,20169000,0.0,0.0,yfinance_raw_daily
2001-09-12,387.5,387.5,375.0,375.0,265.61376953125,51433000,0.0,0.0,yfinance_raw_daily
2001-09-13,387.5,387.5,375.0,387.5,274.467529296875,10660000,0.0,0.0,yfinance_raw_daily
2001-09-14,387.5,400.0,375.0,387.5,274.467529296875,34593000,0.0,0.0,yfinance_raw_daily
2001-09-17,375.0,375.0,362.5,375.0,265.61376953125,58381000,0.0,0.0,yfinance_raw_daily
2001-09-18,375.0,387.5,375.0,387.5,274.467529296875,21325000,0.0,0.0,yfinance_raw_daily
2001-09-19,375.0,387.5,375.0,387.5,274.467529296875,13611000,0.0,0.0,yfinance_raw_daily
2001-09-20,375.0,387.5,375.0,387.5,274.467529296875,16898000,0.0,0.0,yfinance_raw_daily
2001-09-21,375.0,387.5,375.0,375.0,265.61376953125,35796000,0.0,0.0,yfinance_raw_daily
2001-09-24,375.0,375.0,375.0,375.0,265.61376953125,0,0.0,0.0,yfinance_raw_daily
2001-09-25,375.0,375.0,362.5,362.5,256.7598876953125,31459000,0.0,0.0,yfinance_raw_daily
2001-09-26,362.5,362.5,350.0,362.5,256.7598876953125,19601000,0.0,0.0,yfinance_raw_daily
2001-09-27,362.5,362.5,350.0,350.0,247.90615844726562,52794000,0.0,0.0,yfinance_raw_daily
2001-09-28,350.0,350.0,350.0,350.0,247.90615844726562,0,0.0,0.0,yfinance_raw_daily
2001-10-01,350.0,362.5,337.5,362.5,256.7598876953125,27887000,0.0,0.0,yfinance_raw_daily
2001-10-02,337.5,350.0,337.5,337.5,239.05230712890625,7782000,0.0,0.0,yfinance_raw_daily
2001-10-03,337.5,350.0,325.0,350.0,247.90615844726562,65028000,0.0,0.0,yfinance_raw_daily
2001-10-04,350.0,350.0,337.5,350.0,247.90615844726562,6450000,0.0,0.0,yfinance_raw_daily
2001-10-05,350.0,350.0,337.5,350.0,247.90615844726562,9849000,0.0,0.0,yfinance_raw_daily
2001-10-08,325.0,350.0,325.0,350.0,247.90615844726562,48513000,0.0,0.0,yfinance_raw_daily
2001-10-09,337.5,350.0,337.5,350.0,247.90615844726562,22992000,0.0,0.0,yfinance_raw_daily
2001-10-10,337.5,337.5,325.0,325.0,230.19854736328125,9312000,0.0,0.0,yfinance_raw_daily
2001-10-11,337.5,337.5,337.5,337.5,239.05230712890625,18064000,0.0,0.0,yfinance_raw_daily
2001-10-12,337.5,337.5,325.0,337.5,239.05230712890625,31079000,0.0,0.0,yfinance_raw_daily
2001-10-15,337.5,337.5,337.5,337.5,239.05230712890625,0,0.0,0.0,yfinance_raw_daily
2001-10-16,337.5,337.5,325.0,337.5,239.05230712890625,1703000,0.0,0.0,yfinance_raw_daily
2001-10-17,337.5,337.5,325.0,337.5,239.05230712890625,9587000,0.0,0.0,yfinance_raw_daily
2001-10-18,337.5,362.5,337.5,350.0,247.90615844726562,107919000,0.0,0.0,yfinance_raw_daily
2001-10-19,350.0,362.5,350.0,362.5,256.7598876953125,19909000,0.0,0.0,yfinance_raw_daily
2001-10-22,350.0,350.0,337.5,350.0,247.90615844726562,7278000,0.0,0.0,yfinance_raw_daily
2001-10-23,350.0,362.5,337.5,337.5,239.05230712890625,83633000,0.0,0.0,yfinance_raw_daily
2001-10-24,350.0,350.0,337.5,350.0,247.90615844726562,25372000,0.0,0.0,yfinance_raw_daily
2001-10-25,350.0,350.0,337.5,350.0,247.90615844726562,3665000,0.0,0.0,yfinance_raw_daily
2001-10-26,337.5,350.0,337.5,337.5,239.05230712890625,13636000,0.0,0.0,yfinance_raw_daily
2001-10-29,337.5,350.0,325.0,337.5,239.05230712890625,37212000,0.0,0.0,yfinance_raw_daily
2001-10-30,337.5,337.5,325.0,337.5,239.05230712890625,4144000,0.0,0.0,yfinance_raw_daily
2001-10-31,337.5,337.5,325.0,337.5,239.05230712890625,1178000,0.0,0.0,yfinance_raw_daily
2001-11-01,337.5,337.5,325.0,337.5,239.05230712890625,6101000,0.0,0.0,yfinance_raw_daily
2001-11-02,325.0,325.0,312.5,325.0,230.19854736328125,29510000,0.0,0.0,yfinance_raw_daily
2001-11-05,325.0,325.0,300.0,312.5,221.34474182128906,16955000,0.0,0.0,yfinance_raw_daily
2001-11-06,312.5,312.5,300.0,312.5,221.34474182128906,12811000,0.0,0.0,yfinance_raw_daily
2001-11-07,312.5,325.0,312.5,312.5,221.34474182128906,65523000,0.0,0.0,yfinance_raw_daily
2001-11-08,312.5,312.5,312.5,312.5,221.34474182128906,28148000,0.0,0.0,yfinance_raw_daily
2001-11-09,312.5,312.5,312.5,312.5,221.34474182128906,0,0.0,0.0,yfinance_raw_daily
2001-11-12,300.0,300.0,287.5,300.0,212.49098205566406,19750000,0.0,0.0,yfinance_raw_daily
2001-11-13,287.5,300.0,275.0,275.0,194.78338623046875,53169000,0.0,0.0,yfinance_raw_daily
2001-11-14,287.5,287.5,287.5,287.5,203.63720703125,37090000,0.0,0.0,yfinance_raw_daily
2001-11-15,287.5,300.0,287.5,300.0,212.49098205566406,43584000,0.0,0.0,yfinance_raw_daily
2001-11-16,287.5,312.5,287.5,312.5,221.34474182128906,35910000,0.0,0.0,yfinance_raw_daily
2001-11-19,300.0,337.5,300.0,337.5,239.05230712890625,46384000,0.0,0.0,yfinance_raw_daily
2001-11-20,325.0,337.5,325.0,325.0,230.19854736328125,33952000,0.0,0.0,yfinance_raw_daily
2001-11-21,325.0,325.0,312.5,325.0,230.19854736328125,6630000,0.0,0.0,yfinance_raw_daily
2001-11-22,312.5,312.5,300.0,312.5,221.34474182128906,23613000,0.0,0.0,yfinance_raw_daily
2001-11-23,312.5,312.5,300.0,312.5,221.34474182128906,15434000,0.0,0.0,yfinance_raw_daily
2001-11-26,312.5,325.0,300.0,312.5,221.34474182128906,26878000,0.0,0.0,yfinance_raw_daily
2001-11-27,312.5,312.5,300.0,312.5,221.34474182128906,31577000,0.0,0.0,yfinance_raw_daily
2001-11-28,300.0,312.5,300.0,312.5,221.34474182128906,15462000,0.0,0.0,yfinance_raw_daily
2001-11-29,300.0,312.5,287.5,287.5,203.63720703125,29237000,0.0,0.0,yfinance_raw_daily
2001-11-30,300.0,312.5,300.0,312.5,221.34474182128906,20261000,0.0,0.0,yfinance_raw_daily
2001-12-03,312.5,312.5,300.0,312.5,221.34474182128906,166136000,0.0,0.0,yfinance_raw_daily
2001-12-04,312.5,312.5,287.5,300.0,212.49098205566406,133396000,0.0,0.0,yfinance_raw_daily
2001-12-05,300.0,312.5,287.5,287.5,203.63720703125,19523000,0.0,0.0,yfinance_raw_daily
2001-12-06,300.0,312.5,287.5,300.0,212.49098205566406,9126000,0.0,0.0,yfinance_raw_daily
2001-12-07,300.0,312.5,300.0,312.5,221.34474182128906,260993000,0.0,0.0,yfinance_raw_daily
2001-12-10,300.0,312.5,300.0,312.5,221.34474182128906,37665000,0.0,0.0,yfinance_raw_daily
2001-12-11,300.0,312.5,300.0,300.0,212.49098205566406,75590000,0.0,0.0,yfinance_raw_daily
2001-12-12,312.5,312.5,300.0,312.5,221.34474182128906,57273000,0.0,0.0,yfinance_raw_daily
2001-12-13,312.5,325.0,300.0,300.0,212.49098205566406,111013000,0.0,0.0,yfinance_raw_daily
2001-12-14,300.0,300.0,300.0,300.0,212.49098205566406,0,0.0,0.0,yfinance_raw_daily
2001-12-17,300.0,300.0,300.0,300.0,212.49098205566406,0,0.0,0.0,yfinance_raw_daily
2001-12-18,300.0,300.0,300.0,300.0,212.49098205566406,0,0.0,0.0,yfinance_raw_daily
2001-12-19,312.5,312.5,300.0,312.5,221.34474182128906,1494000,0.0,0.0,yfinance_raw_daily
2001-12-20,300.0,312.5,300.0,312.5,221.34474182128906,22398000,0.0,0.0,yfinance_raw_daily
2001-12-21,300.0,312.5,300.0,312.5,221.34474182128906,11541000,0.0,0.0,yfinance_raw_daily
2001-12-24,312.5,312.5,312.5,312.5,221.34474182128906,0,0.0,0.0,yfinance_raw_daily
2001-12-25,312.5,312.5,312.5,312.5,221.34474182128906,0,0.0,0.0,yfinance_raw_daily
2001-12-26,312.5,312.5,300.0,300.0,212.49098205566406,2143000,0.0,0.0,yfinance_raw_daily
2001-12-27,312.5,312.5,300.0,312.5,221.34474182128906,499000,0.0,0.0,yfinance_raw_daily
2001-12-28,312.5,325.0,300.0,312.5,221.34474182128906,58611000,0.0,0.0,yfinance_raw_daily
2001-12-31,312.5,312.5,312.5,312.5,221.34474182128906,0,0.0,0.0,yfinance_raw_daily
2002-01-01,312.5,312.5,312.5,312.5,221.34474182128906,0,0.0,0.0,yfinance_raw_daily
2002-01-02,312.5,312.5,300.0,312.5,221.34474182128906,1440000,0.0,0.0,yfinance_raw_daily
2002-01-03,312.5,312.5,312.5,312.5,221.34474182128906,0,0.0,0.0,yfinance_raw_daily
2002-01-04,312.5,325.0,312.5,325.0,230.19854736328125,89855000,0.0,0.0,yfinance_raw_daily
2002-01-07,325.0,325.0,312.5,325.0,230.19854736328125,2067000,0.0,0.0,yfinance_raw_daily
2002-01-08,325.0,337.5,325.0,325.0,230.19854736328125,21509000,0.0,0.0,yfinance_raw_daily
2002-01-09,337.5,337.5,325.0,325.0,230.19854736328125,4998000,0.0,0.0,yfinance_raw_daily
2002-01-10,337.5,350.0,325.0,350.0,247.90615844726562,110362000,0.0,0.0,yfinance_raw_daily
2002-01-11,350.0,375.0,350.0,362.5,256.7598876953125,130602000,0.0,0.0,yfinance_raw_daily
2002-01-14,362.5,362.5,350.0,350.0,247.90615844726562,25120000,0.0,0.0,yfinance_raw_daily
2002-01-15,362.5,362.5,350.0,350.0,247.90615844726562,33260000,0.0,0.0,yfinance_raw_daily
2002-01-16,350.0,400.0,350.0,375.0,265.61376953125,137601000,0.0,0.0,yfinance_raw_daily
2002-01-17,375.0,412.5,375.0,412.5,292.1750793457031,116499000,0.0,0.0,yfinance_raw_daily
2002-01-18,400.0,412.5,375.0,375.0,265.61376953125,60244000,0.0,0.0,yfinance_raw_daily
2002-01-21,375.0,387.5,375.0,375.0,265.61376953125,1822000,0.0,0.0,yfinance_raw_daily
2002-01-22,375.0,400.0,375.0,387.5,274.467529296875,38207000,0.0,0.0,yfinance_raw_daily
2002-01-23,387.5,400.0,387.5,387.5,274.467529296875,37615000,0.0,0.0,yfinance_raw_daily
2002-01-24,400.0,412.5,400.0,400.0,283.3212890625,71402000,0.0,0.0,yfinance_raw_daily
2002-01-25,400.0,425.0,400.0,425.0,301.02886962890625,99494000,0.0,0.0,yfinance_raw_daily
2002-01-28,412.5,412.5,400.0,400.0,283.3212890625,39315000,0.0,0.0,yfinance_raw_daily
2002-01-29,400.0,412.5,400.0,412.5,292.1750793457031,28072000,0.0,0.0,yfinance_raw_daily
2002-01-30,400.0,400.0,387.5,387.5,274.467529296875,10183000,0.0,0.0,yfinance_raw_daily
2002-01-31,387.5,387.5,387.5,387.5,274.467529296875,0,0.0,0.0,yfinance_raw_daily
2002-02-01,387.5,400.0,387.5,400.0,283.3212890625,11592000,0.0,0.0,yfinance_raw_daily
2002-02-04,387.5,387.5,375.0,387.5,274.467529296875,30207000,0.0,0.0,yfinance_raw_daily
2002-02-05,387.5,387.5,375.0,387.5,274.467529296875,9098000,0.0,0.0,yfinance_raw_daily
2002-02-06,387.5,387.5,375.0,387.5,274.467529296875,12123000,0.0,0.0,yfinance_raw_daily
2002-02-07,375.0,375.0,362.5,362.5,256.7598876953125,46527000,0.0,0.0,yfinance_raw_daily
2002-02-08,362.5,362.5,350.0,350.0,247.90615844726562,56902000,0.0,0.0,yfinance_raw_daily
2002-02-11,362.5,362.5,350.0,362.5,256.7598876953125,10776000,0.0,0.0,yfinance_raw_daily
2002-02-12,362.5,362.5,362.5,362.5,256.7598876953125,0,0.0,0.0,yfinance_raw_daily
2002-02-13,362.5,362.5,350.0,350.0,247.90615844726562,27146000,0.0,0.0,yfinance_raw_daily
2002-02-14,362.5,362.5,350.0,362.5,256.7598876953125,24333000,0.0,0.0,yfinance_raw_daily
2002-02-15,362.5,387.5,362.5,387.5,274.467529296875,48398000,0.0,0.0,yfinance_raw_daily
2002-02-18,375.0,400.0,375.0,387.5,274.467529296875,47868000,0.0,0.0,yfinance_raw_daily
2002-02-19,387.5,400.0,375.0,387.5,274.467529296875,77330000,0.0,0.0,yfinance_raw_daily
2002-02-20,375.0,400.0,375.0,400.0,283.3212890625,59690000,0.0,0.0,yfinance_raw_daily
2002-02-21,387.5,412.5,387.5,387.5,274.467529296875,103298000,0.0,0.0,yfinance_raw_daily
2002-02-22,387.5,387.5,387.5,387.5,274.467529296875,0,0.0,0.0,yfinance_raw_daily
2002-02-25,400.0,400.0,375.0,387.5,274.467529296875,88529000,0.0,0.0,yfinance_raw_daily
2002-02-26,387.5,387.5,375.0,375.0,265.61376953125,12883000,0.0,0.0,yfinance_raw_daily
2002-02-27,387.5,387.5,375.0,375.0,265.61376953125,1814000,0.0,0.0,yfinance_raw_daily
2002-02-28,375.0,387.5,375.0,375.0,265.61376953125,14475000,0.0,0.0,yfinance_raw_daily
2002-03-01,387.5,387.5,362.5,375.0,265.61376953125,41185000,0.0,0.0,yfinance_raw_daily
2002-03-04,375.0,387.5,375.0,387.5,274.467529296875,17959000,0.0,0.0,yfinance_raw_daily
2002-03-05,387.5,400.0,375.0,375.0,265.61376953125,25487000,0.0,0.0,yfinance_raw_daily
2002-03-06,387.5,400.0,387.5,400.0,283.3212890625,20950000,0.0,0.0,yfinance_raw_daily
2002-03-07,400.0,400.0,387.5,387.5,274.467529296875,104719000,0.0,0.0,yfinance_raw_daily
2002-03-08,400.0,412.5,400.0,400.0,283.3212890625,50848000,0.0,0.0,yfinance_raw_daily
2002-03-11,400.0,400.0,387.5,387.5,274.467529296875,20439000,0.0,0.0,yfinance_raw_daily
2002-03-12,387.5,400.0,387.5,387.5,274.467529296875,6456000,0.0,0.0,yfinance_raw_daily
2002-03-13,387.5,400.0,387.5,387.5,274.467529296875,601000,0.0,0.0,yfinance_raw_daily
2002-03-14,400.0,400.0,387.5,387.5,274.467529296875,29314000,0.0,0.0,yfinance_raw_daily
2002-03-15,387.5,387.5,387.5,387.5,274.467529296875,0,0.0,0.0,yfinance_raw_daily
2002-03-18,387.5,387.5,375.0,375.0,265.61376953125,28270000,0.0,0.0,yfinance_raw_daily
2002-03-19,387.5,387.5,375.0,375.0,265.61376953125,27556000,0.0,0.0,yfinance_raw_daily
2002-03-20,387.5,400.0,375.0,387.5,274.467529296875,22723000,0.0,0.0,yfinance_raw_daily
2002-03-21,387.5,400.0,387.5,387.5,274.467529296875,28561000,0.0,0.0,yfinance_raw_daily
2002-03-22,387.5,412.5,387.5,412.5,292.1750793457031,292815000,0.0,0.0,yfinance_raw_daily
2002-03-25,412.5,412.5,400.0,400.0,283.3212890625,61834000,0.0,0.0,yfinance_raw_daily
2002-03-26,400.0,412.5,400.0,400.0,283.3212890625,24482000,0.0,0.0,yfinance_raw_daily
2002-03-27,412.5,412.5,400.0,400.0,283.3212890625,45189000,0.0,0.0,yfinance_raw_daily
2002-03-28,400.0,425.0,400.0,400.0,283.3212890625,111506000,0.0,0.0,yfinance_raw_daily
2002-03-29,400.0,400.0,400.0,400.0,283.3212890625,0,0.0,0.0,yfinance_raw_daily
2002-04-01,412.5,412.5,400.0,412.5,292.1750793457031,2298000,0.0,0.0,yfinance_raw_daily
2002-04-02,412.5,425.0,400.0,425.0,301.02886962890625,27447000,0.0,0.0,yfinance_raw_daily
2002-04-03,425.0,437.5,425.0,425.0,301.02886962890625,168069000,0.0,0.0,yfinance_raw_daily
2002-04-04,425.0,450.0,425.0,450.0,318.73638916015625,178249000,0.0,0.0,yfinance_raw_daily
2002-04-05,450.0,462.5,437.5,437.5,309.8826599121094,86732000,0.0,0.0,yfinance_raw_daily
2002-04-08,437.5,462.5,437.5,450.0,318.73638916015625,103867000,0.0,0.0,yfinance_raw_daily
2002-04-09,450.0,462.5,437.5,437.5,309.8826599121094,51566000,0.0,0.0,yfinance_raw_daily
2002-04-10,462.5,487.5,450.0,475.0,336.4440002441406,186463000,0.0,0.0,yfinance_raw_daily
2002-04-11,475.0,487.5,462.5,475.0,336.4440002441406,144950000,0.0,0.0,yfinance_raw_daily
2002-04-12,475.0,550.0,475.0,525.0,371.8591613769531,322145000,0.0,0.0,yfinance_raw_daily
2002-04-15,537.5,575.0,525.0,550.0,389.5667724609375,201290000,0.0,0.0,yfinance_raw_daily
2002-04-16,550.0,550.0,525.0,550.0,389.5667724609375,142222000,0.0,0.0,yfinance_raw_daily
2002-04-17,550.0,562.5,537.5,550.0,389.5667724609375,91721000,0.0,0.0,yfinance_raw_daily
2002-04-18,537.5,550.0,500.0,512.5,363.00537109375,120953000,0.0,0.0,yfinance_raw_daily
2002-04-19,512.5,525.0,500.0,525.0,371.8591613769531,34154000,0.0,0.0,yfinance_raw_daily
2002-04-22,525.0,562.5,525.0,537.5,380.7129211425781,113487000,0.0,0.0,yfinance_raw_daily
2002-04-23,537.5,562.5,537.5,562.5,398.4205322265625,82875000,0.0,0.0,yfinance_raw_daily
2002-04-24,562.5,575.0,550.0,550.0,389.5667724609375,18725000,0.0,0.0,yfinance_raw_daily
2002-04-25,550.0,550.0,525.0,537.5,380.7129211425781,26768000,0.0,0.0,yfinance_raw_daily
2002-04-26,537.5,537.5,525.0,537.5,380.7129211425781,17211000,0.0,0.0,yfinance_raw_daily
2002-04-29,537.5,550.0,512.5,525.0,371.8591613769531,61861000,0.0,0.0,yfinance_raw_daily
2002-04-30,512.5,525.0,512.5,525.0,371.8591613769531,30156000,0.0,0.0,yfinance_raw_daily
2002-05-01,525.0,525.0,500.0,512.5,363.00537109375,24953000,0.0,0.0,yfinance_raw_daily
2002-05-02,512.5,525.0,512.5,525.0,371.8591613769531,36518000,0.0,0.0,yfinance_raw_daily
2002-05-03,525.0,525.0,512.5,525.0,371.8591613769531,3917000,0.0,0.0,yfinance_raw_daily
2002-05-06,512.5,525.0,512.5,512.5,363.00537109375,5653000,0.0,0.0,yfinance_raw_daily
2002-05-07,512.5,525.0,512.5,525.0,371.8591613769531,43951000,0.0,0.0,yfinance_raw_daily
2002-05-08,525.0,525.0,512.5,512.5,363.00537109375,29628000,0.0,0.0,yfinance_raw_daily
2002-05-09,512.5,512.5,512.5,512.5,363.00537109375,0,0.0,0.0,yfinance_raw_daily
2002-05-10,525.0,550.0,525.0,525.0,371.8591613769531,77297000,0.0,0.0,yfinance_raw_daily
2002-05-13,537.5,537.5,500.0,512.5,363.00537109375,46670000,0.0,0.0,yfinance_raw_daily
2002-05-14,512.5,512.5,500.0,512.5,363.00537109375,761000,0.0,0.0,yfinance_raw_daily
2002-05-15,512.5,512.5,487.5,500.0,354.151611328125,33042000,0.0,0.0,yfinance_raw_daily
2002-05-16,500.0,500.0,475.0,475.0,336.4440002441406,69000000,0.0,0.0,yfinance_raw_daily
2002-05-17,487.5,487.5,475.0,487.5,345.2978210449219,21591000,0.0,0.0,yfinance_raw_daily
2002-05-20,487.5,487.5,475.0,487.5,345.2978210449219,20292000,0.0,0.0,yfinance_raw_daily
2002-05-21,487.5,487.5,475.0,487.5,345.2978210449219,6519000,0.0,0.0,yfinance_raw_daily
2002-05-22,487.5,487.5,462.5,487.5,345.2978210449219,58351000,0.0,0.0,yfinance_raw_daily
2002-05-23,475.0,487.5,475.0,475.0,336.4440002441406,43203000,0.0,0.0,yfinance_raw_daily
2002-05-24,475.0,512.5,475.0,500.0,354.151611328125,115870000,0.0,0.0,yfinance_raw_daily
2002-05-27,500.0,512.5,500.0,500.0,354.151611328125,32853000,0.0,0.0,yfinance_raw_daily
2002-05-28,500.0,525.0,500.0,512.5,363.00537109375,70461000,0.0,0.0,yfinance_raw_daily
2002-05-29,512.5,537.5,512.5,525.0,371.8591613769531,69741000,0.0,0.0,yfinance_raw_daily
2002-05-30,537.5,550.0,525.0,525.0,371.8591613769531,115593000,0.0,0.0,yfinance_raw_daily
2002-05-31,525.0,550.0,525.0,550.0,389.5667724609375,40934000,0.0,0.0,yfinance_raw_daily
2002-06-03,550.0,562.5,550.0,550.0,389.5667724609375,89088000,0.0,0.0,yfinance_raw_daily
2002-06-04,550.0,550.0,537.5,550.0,389.5667724609375,29398000,0.0,0.0,yfinance_raw_daily
2002-06-05,537.5,550.0,525.0,537.5,380.7129211425781,26596000,0.0,0.0,yfinance_raw_daily
2002-06-06,525.0,537.5,512.5,525.0,371.8591613769531,42101000,0.0,0.0,yfinance_raw_daily
2002-06-07,512.5,512.5,500.0,512.5,363.00537109375,20386000,0.0,0.0,yfinance_raw_daily
2002-06-10,512.5,525.0,500.0,525.0,371.8591613769531,32850000,0.0,0.0,yfinance_raw_daily
2002-06-11,512.5,537.5,512.5,537.5,380.7129211425781,68663000,0.0,0.0,yfinance_raw_daily
2002-06-12,537.5,562.5,537.5,550.0,389.5667724609375,74683000,0.0,0.0,yfinance_raw_daily
2002-06-13,562.5,600.0,562.5,575.0,407.2744140625,153895000,0.0,0.0,yfinance_raw_daily
2002-06-14,587.5,625.0,575.0,612.5,433.835693359375,218100000,0.0,0.0,yfinance_raw_daily
2002-06-17,612.5,625.0,612.5,625.0,442.6894836425781,118846000,0.0,0.0,yfinance_raw_daily
2002-06-18,625.0,625.0,575.0,600.0,424.9819641113281,227638000,0.0,0.0,yfinance_raw_daily
2002-06-19,587.5,600.0,562.5,600.0,424.9819641113281,25142000,0.0,0.0,yfinance_raw_daily
2002-06-20,587.5,587.5,575.0,587.5,416.1281433105469,6254000,0.0,0.0,yfinance_raw_daily
2002-06-21,575.0,600.0,562.5,600.0,424.9819641113281,50830000,0.0,0.0,yfinance_raw_daily
2002-06-24,587.5,587.5,562.5,575.0,407.2744140625,18065000,0.0,0.0,yfinance_raw_daily
2002-06-25,575.0,575.0,562.5,575.0,407.2744140625,169382000,0.0,0.0,yfinance_raw_daily
2002-06-26,562.5,575.0,525.0,550.0,389.5667724609375,205616000,0.0,0.0,yfinance_raw_daily
2002-06-27,537.5,550.0,537.5,550.0,389.5667724609375,247797000,0.0,0.0,yfinance_raw_daily
2002-06-28,550.0,562.5,537.5,537.5,380.7129211425781,20870000,0.0,0.0,yfinance_raw_daily
2002-07-01,537.5,550.0,512.5,525.0,371.8591613769531,33186000,0.0,0.0,yfinance_raw_daily
2002-07-02,512.5,512.5,487.5,512.5,363.00537109375,63374000,0.0,0.0,yfinance_raw_daily
2002-07-03,500.0,512.5,487.5,500.0,354.151611328125,43892000,0.0,0.0,yfinance_raw_daily
2002-07-04,512.5,537.5,512.5,525.0,371.8591613769531,11796000,0.0,0.0,yfinance_raw_daily
2002-07-05,525.0,550.0,525.0,550.0,389.5667724609375,35414000,0.0,0.0,yfinance_raw_daily
2002-07-08,550.0,550.0,537.5,537.5,380.7129211425781,15195000,0.0,0.0,yfinance_raw_daily
2002-07-09,537.5,550.0,525.0,537.5,380.7129211425781,10708000,0.0,0.0,yfinance_raw_daily
2002-07-10,525.0,525.0,512.5,512.5,363.00537109375,20471000,0.0,0.0,yfinance_raw_daily
2002-07-11,500.0,525.0,500.0,512.5,363.00537109375,24209000,0.0,0.0,yfinance_raw_daily
2002-07-12,512.5,512.5,500.0,500.0,354.151611328125,11756000,0.0,0.0,yfinance_raw_daily
2002-07-15,512.5,537.5,512.5,525.0,371.8591613769531,47605000,0.0,0.0,yfinance_raw_daily
2002-07-16,537.5,550.0,537.5,537.5,380.7129211425781,63106000,0.0,0.0,yfinance_raw_daily
2002-07-17,537.5,550.0,525.0,537.5,380.7129211425781,41300000,0.0,0.0,yfinance_raw_daily
2002-07-18,550.0,587.5,550.0,587.5,416.1281433105469,57057000,0.0,0.0,yfinance_raw_daily
2002-07-19,575.0,587.5,575.0,575.0,407.2744140625,29946000,0.0,0.0,yfinance_raw_daily
2002-07-22,562.5,575.0,550.0,575.0,407.2744140625,40783000,0.0,0.0,yfinance_raw_daily
2002-07-23,525.0,587.5,525.0,575.0,407.2744140625,42639000,0.0,0.0,yfinance_raw_daily
2002-07-24,562.5,575.0,550.0,562.5,398.4205322265625,65229000,0.0,0.0,yfinance_raw_daily
2002-07-25,562.5,575.0,550.0,562.5,398.4205322265625,84011000,0.0,0.0,yfinance_raw_daily
2002-07-26,550.0,562.5,525.0,550.0,389.5667724609375,51929000,0.0,0.0,yfinance_raw_daily
2002-07-29,562.5,562.5,537.5,550.0,389.5667724609375,17435000,0.0,0.0,yfinance_raw_daily
2002-07-30,562.5,575.0,562.5,575.0,407.2744140625,31393000,0.0,0.0,yfinance_raw_daily
2002-07-31,562.5,562.5,550.0,562.5,398.4205322265625,43404000,0.0,0.0,yfinance_raw_daily
2002-08-01,550.0,550.0,525.0,537.5,380.7129211425781,39448000,0.0,0.0,yfinance_raw_daily
2002-08-02,537.5,537.5,512.5,525.0,371.8591613769531,94317000,0.0,0.0,yfinance_raw_daily
2002-08-05,512.5,525.0,487.5,500.0,354.151611328125,110735000,0.0,0.0,yfinance_raw_daily
2002-08-06,487.5,487.5,462.5,475.0,336.4440002441406,62063000,0.0,0.0,yfinance_raw_daily
2002-08-07,487.5,487.5,475.0,475.0,336.4440002441406,44730000,0.0,0.0,yfinance_raw_daily
2002-08-08,475.0,475.0,450.0,450.0,318.73638916015625,34220000,0.0,0.0,yfinance_raw_daily
2002-08-09,462.5,475.0,450.0,462.5,327.5902099609375,12501000,0.0,0.0,yfinance_raw_daily
2002-08-12,475.0,475.0,462.5,462.5,327.5902099609375,51677000,0.0,0.0,yfinance_raw_daily
2002-08-13,462.5,500.0,462.5,500.0,354.151611328125,56395000,0.0,0.0,yfinance_raw_daily
2002-08-14,487.5,487.5,475.0,487.5,345.2978210449219,18367000,0.0,0.0,yfinance_raw_daily
2002-08-15,487.5,500.0,487.5,500.0,354.151611328125,37482000,0.0,0.0,yfinance_raw_daily
2002-08-16,487.5,500.0,487.5,500.0,354.151611328125,19603000,0.0,0.0,yfinance_raw_daily
2002-08-19,500.0,500.0,487.5,487.5,345.2978210449219,22979000,0.0,0.0,yfinance_raw_daily
2002-08-20,500.0,512.5,487.5,500.0,354.151611328125,41046000,0.0,0.0,yfinance_raw_daily
2002-08-21,500.0,500.0,487.5,500.0,354.151611328125,24992000,0.0,0.0,yfinance_raw_daily
2002-08-22,500.0,500.0,487.5,487.5,345.2978210449219,5777000,0.0,0.0,yfinance_raw_daily
2002-08-23,487.5,487.5,487.5,487.5,345.2978210449219,0,0.0,0.0,yfinance_raw_daily
2002-08-26,487.5,500.0,487.5,500.0,354.151611328125,5626000,0.0,0.0,yfinance_raw_daily
2002-08-27,487.5,487.5,475.0,475.0,336.4440002441406,18548000,0.0,0.0,yfinance_raw_daily
2002-08-28,475.0,475.0,462.5,462.5,327.5902099609375,27960000,0.0,0.0,yfinance_raw_daily
2002-08-29,462.5,462.5,450.0,450.0,318.73638916015625,35687000,0.0,0.0,yfinance_raw_daily
2002-08-30,462.5,462.5,450.0,462.5,327.5902099609375,18359000,0.0,0.0,yfinance_raw_daily
2002-09-02,462.5,462.5,450.0,450.0,318.73638916015625,37230000,0.0,0.0,yfinance_raw_daily
2002-09-03,450.0,450.0,412.5,425.0,301.02886962890625,65658000,0.0,0.0,yfinance_raw_daily
2002-09-04,412.5,412.5,375.0,400.0,283.3212890625,83139000,0.0,0.0,yfinance_raw_daily
2002-09-05,400.0,412.5,387.5,400.0,283.3212890625,48066000,0.0,0.0,yfinance_raw_daily
2002-09-06,400.0,400.0,387.5,400.0,283.3212890625,12701000,0.0,0.0,yfinance_raw_daily
2002-09-09,400.0,400.0,375.0,387.5,274.467529296875,55525000,0.0,0.0,yfinance_raw_daily
2002-09-10,387.5,387.5,362.5,375.0,265.61376953125,83442000,0.0,0.0,yfinance_raw_daily
2002-09-11,375.0,375.0,362.5,362.5,256.7598876953125,16753000,0.0,0.0,yfinance_raw_daily
2002-09-12,375.0,387.5,362.5,375.0,265.61376953125,99576000,0.0,0.0,yfinance_raw_daily
2002-09-13,375.0,375.0,362.5,362.5,256.7598876953125,89054000,0.0,0.0,yfinance_raw_daily
2002-09-16,375.0,375.0,362.5,375.0,265.61376953125,18256000,0.0,0.0,yfinance_raw_daily
2002-09-17,375.0,387.5,362.5,375.0,265.61376953125,38335000,0.0,0.0,yfinance_raw_daily
2002-09-18,375.0,387.5,362.5,387.5,274.467529296875,30011000,0.0,0.0,yfinance_raw_daily
2002-09-19,375.0,387.5,362.5,375.0,265.61376953125,32951000,0.0,0.0,yfinance_raw_daily
2002-09-20,362.5,375.0,350.0,362.5,256.7598876953125,74859000,0.0,0.0,yfinance_raw_daily
2002-09-23,362.5,375.0,362.5,375.0,265.61376953125,39434000,0.0,0.0,yfinance_raw_daily
2002-09-24,362.5,375.0,362.5,375.0,265.61376953125,49594000,0.0,0.0,yfinance_raw_daily
2002-09-25,362.5,375.0,337.5,362.5,256.7598876953125,101704000,0.0,0.0,yfinance_raw_daily
2002-09-26,362.5,375.0,350.0,375.0,265.61376953125,37155000,0.0,0.0,yfinance_raw_daily
2002-09-27,375.0,375.0,362.5,375.0,265.61376953125,33852000,0.0,0.0,yfinance_raw_daily
2002-09-30,362.5,375.0,362.5,375.0,265.61376953125,48977000,0.0,0.0,yfinance_raw_daily
2002-10-01,362.5,387.5,362.5,387.5,274.467529296875,47686000,0.0,0.0,yfinance_raw_daily
2002-10-02,387.5,387.5,375.0,387.5,274.467529296875,58137000,0.0,0.0,yfinance_raw_daily
2002-10-03,375.0,387.5,375.0,387.5,274.467529296875,45622000,0.0,0.0,yfinance_raw_daily
2002-10-04,387.5,387.5,387.5,387.5,274.467529296875,0,0.0,0.0,yfinance_raw_daily
2002-10-07,375.0,375.0,362.5,375.0,265.61376953125,27047000,0.0,0.0,yfinance_raw_daily
2002-10-08,362.5,362.5,350.0,362.5,256.7598876953125,33377000,0.0,0.0,yfinance_raw_daily
2002-10-09,362.5,362.5,325.0,350.0,247.90615844726562,137004000,0.0,0.0,yfinance_raw_daily
2002-10-10,337.5,337.5,325.0,337.5,239.05230712890625,60965000,0.0,0.0,yfinance_raw_daily
2002-10-11,337.5,337.5,312.5,325.0,230.19854736328125,62954000,0.0,0.0,yfinance_raw_daily
2002-10-14,287.5,300.0,262.5,275.0,194.78338623046875,118570000,0.0,0.0,yfinance_raw_daily
2002-10-15,275.0,287.5,237.5,275.0,194.78338623046875,242536000,0.0,0.0,yfinance_raw_daily
2002-10-16,287.5,312.5,287.5,300.0,212.49098205566406,97766000,0.0,0.0,yfinance_raw_daily
2002-10-17,300.0,300.0,287.5,300.0,212.49098205566406,51058000,0.0,0.0,yfinance_raw_daily
2002-10-18,300.0,312.5,300.0,312.5,221.34474182128906,49298000,0.0,0.0,yfinance_raw_daily
2002-10-21,312.5,312.5,300.0,312.5,221.34474182128906,41174000,0.0,0.0,yfinance_raw_daily
2002-10-22,312.5,312.5,287.5,287.5,203.63720703125,15909000,0.0,0.0,yfinance_raw_daily
2002-10-23,287.5,287.5,287.5,287.5,203.63720703125,56784000,0.0,0.0,yfinance_raw_daily
2002-10-24,287.5,300.0,287.5,300.0,212.49098205566406,4987000,0.0,0.0,yfinance_raw_daily
2002-10-25,287.5,300.0,287.5,300.0,212.49098205566406,15237000,0.0,0.0,yfinance_raw_daily
2002-10-28,300.0,312.5,287.5,312.5,221.34474182128906,39157000,0.0,0.0,yfinance_raw_daily
2002-10-29,312.5,312.5,300.0,312.5,221.34474182128906,36667000,0.0,0.0,yfinance_raw_daily
2002-10-30,312.5,312.5,300.0,312.5,221.34474182128906,1824000,0.0,0.0,yfinance_raw_daily
2002-10-31,312.5,325.0,300.0,312.5,221.34474182128906,52438000,0.0,0.0,yfinance_raw_daily
2002-11-01,312.5,312.5,300.0,312.5,221.34474182128906,18449000,0.0,0.0,yfinance_raw_daily
2002-11-04,312.5,350.0,300.0,337.5,239.05230712890625,121836000,0.0,0.0,yfinance_raw_daily
2002-11-05,337.5,337.5,300.0,312.5,221.34474182128906,127406000,0.0,0.0,yfinance_raw_daily
2002-11-06,312.5,312.5,287.5,300.0,212.49098205566406,47492000,0.0,0.0,yfinance_raw_daily
2002-11-07,300.0,312.5,287.5,300.0,212.49098205566406,62039000,0.0,0.0,yfinance_raw_daily
2002-11-08,300.0,300.0,287.5,300.0,212.49098205566406,52247000,0.0,0.0,yfinance_raw_daily
2002-11-11,287.5,287.5,287.5,287.5,203.63720703125,56255000,0.0,0.0,yfinance_raw_daily
2002-11-12,287.5,300.0,287.5,300.0,212.49098205566406,82246000,0.0,0.0,yfinance_raw_daily
2002-11-13,287.5,300.0,287.5,300.0,212.49098205566406,15008000,0.0,0.0,yfinance_raw_daily
2002-11-14,300.0,300.0,287.5,300.0,212.49098205566406,257948000,0.0,0.0,yfinance_raw_daily
2002-11-15,300.0,300.0,287.5,300.0,212.49098205566406,189447000,0.0,0.0,yfinance_raw_daily
2002-11-18,300.0,300.0,287.5,300.0,212.49098205566406,56334000,0.0,0.0,yfinance_raw_daily
2002-11-19,287.5,300.0,287.5,300.0,212.49098205566406,206542000,0.0,0.0,yfinance_raw_daily
2002-11-20,300.0,300.0,287.5,300.0,212.49098205566406,209763000,0.0,0.0,yfinance_raw_daily
2002-11-21,300.0,300.0,287.5,300.0,212.49098205566406,169219000,0.0,0.0,yfinance_raw_daily
2002-11-22,300.0,300.0,287.5,300.0,212.49098205566406,9693000,0.0,0.0,yfinance_raw_daily
2002-11-25,300.0,300.0,275.0,275.0,194.78338623046875,86188000,0.0,0.0,yfinance_raw_daily
2002-11-26,287.5,287.5,275.0,275.0,194.78338623046875,7625000,0.0,0.0,yfinance_raw_daily
2002-11-27,287.5,287.5,275.0,287.5,203.63720703125,44433000,0.0,0.0,yfinance_raw_daily
2002-11-28,287.5,287.5,275.0,287.5,203.63720703125,55053000,0.0,0.0,yfinance_raw_daily
2002-11-29,287.5,300.0,287.5,287.5,203.63720703125,47073000,0.0,0.0,yfinance_raw_daily
2002-12-02,287.5,287.5,287.5,287.5,203.63720703125,0,0.0,0.0,yfinance_raw_daily
2002-12-03,287.5,300.0,287.5,287.5,203.63720703125,9070000,0.0,0.0,yfinance_raw_daily
2002-12-04,287.5,300.0,287.5,287.5,203.63720703125,8799000,0.0,0.0,yfinance_raw_daily
2002-12-05,287.5,287.5,287.5,287.5,203.63720703125,0,0.0,0.0,yfinance_raw_daily
2002-12-06,287.5,287.5,287.5,287.5,203.63720703125,0,0.0,0.0,yfinance_raw_daily
2002-12-09,287.5,287.5,287.5,287.5,203.63720703125,0,0.0,0.0,yfinance_raw_daily
2002-12-10,287.5,287.5,287.5,287.5,203.63720703125,0,0.0,0.0,yfinance_raw_daily
2002-12-11,300.0,300.0,287.5,287.5,203.63720703125,57630000,0.0,0.0,yfinance_raw_daily
2002-12-12,300.0,300.0,287.5,287.5,203.63720703125,9907000,0.0,0.0,yfinance_raw_daily
2002-12-13,287.5,300.0,287.5,300.0,212.49098205566406,24119000,0.0,0.0,yfinance_raw_daily
2002-12-16,300.0,300.0,287.5,300.0,212.49098205566406,52086000,0.0,0.0,yfinance_raw_daily
2002-12-17,287.5,300.0,287.5,287.5,203.63720703125,17823000,0.0,0.0,yfinance_raw_daily
2002-12-18,287.5,300.0,287.5,287.5,203.63720703125,5263000,0.0,0.0,yfinance_raw_daily
2002-12-19,300.0,312.5,300.0,312.5,221.34474182128906,158130000,0.0,0.0,yfinance_raw_daily
2002-12-20,312.5,325.0,300.0,312.5,221.34474182128906,67693000,0.0,0.0,yfinance_raw_daily
2002-12-23,312.5,312.5,300.0,300.0,212.49098205566406,3397000,0.0,0.0,yfinance_raw_daily
2002-12-24,300.0,300.0,300.0,300.0,212.49098205566406,0,0.0,0.0,yfinance_raw_daily
2002-12-25,300.0,300.0,300.0,300.0,212.49098205566406,0,0.0,0.0,yfinance_raw_daily
2002-12-26,300.0,300.0,300.0,300.0,212.49098205566406,0,0.0,0.0,yfinance_raw_daily
2002-12-27,312.5,312.5,300.0,300.0,212.49098205566406,31571000,0.0,0.0,yfinance_raw_daily
2002-12-30,300.0,300.0,300.0,300.0,212.49098205566406,0,0.0,0.0,yfinance_raw_daily
2002-12-31,300.0,300.0,300.0,300.0,212.49098205566406,0,0.0,0.0,yfinance_raw_daily
2003-01-01,300.0,300.0,300.0,300.0,212.49098205566406,0,0.0,0.0,yfinance_raw_daily
2003-01-02,300.0,300.0,287.5,287.5,203.63720703125,17798000,0.0,0.0,yfinance_raw_daily
2003-01-03,287.5,300.0,287.5,287.5,203.63720703125,1932000,0.0,0.0,yfinance_raw_daily
2003-01-06,287.5,287.5,287.5,287.5,203.63720703125,50994000,0.0,0.0,yfinance_raw_daily
2003-01-07,287.5,300.0,275.0,275.0,194.78338623046875,7057000,0.0,0.0,yfinance_raw_daily
2003-01-08,287.5,287.5,275.0,287.5,203.63720703125,6515000,0.0,0.0,yfinance_raw_daily
2003-01-09,275.0,287.5,275.0,287.5,203.63720703125,10907000,0.0,0.0,yfinance_raw_daily
2003-01-10,287.5,287.5,287.5,287.5,203.63720703125,11887000,0.0,0.0,yfinance_raw_daily
2003-01-13,287.5,287.5,287.5,287.5,203.63720703125,6057000,0.0,0.0,yfinance_raw_daily
2003-01-14,287.5,300.0,287.5,300.0,212.49098205566406,16925000,0.0,0.0,yfinance_raw_daily
2003-01-15,300.0,300.0,287.5,287.5,203.63720703125,6238000,0.0,0.0,yfinance_raw_daily
2003-01-16,287.5,300.0,287.5,287.5,203.63720703125,9724000,0.0,0.0,yfinance_raw_daily
2003-01-17,300.0,312.5,300.0,312.5,221.34474182128906,61804000,0.0,0.0,yfinance_raw_daily
2003-01-20,312.5,312.5,300.0,312.5,221.34474182128906,8153000,0.0,0.0,yfinance_raw_daily
2003-01-21,300.0,300.0,300.0,300.0,212.49098205566406,17072000,0.0,0.0,yfinance_raw_daily
2003-01-22,300.0,300.0,287.5,287.5,203.63720703125,18047000,0.0,0.0,yfinance_raw_daily
2003-01-23,300.0,300.0,287.5,300.0,212.49098205566406,1095000,0.0,0.0,yfinance_raw_daily
2003-01-24,300.0,300.0,287.5,287.5,203.63720703125,1111000,0.0,0.0,yfinance_raw_daily
2003-01-27,287.5,287.5,287.5,287.5,203.63720703125,46468000,0.0,0.0,yfinance_raw_daily
2003-01-28,287.5,287.5,275.0,287.5,203.63720703125,32319000,0.0,0.0,yfinance_raw_daily
2003-01-29,287.5,287.5,275.0,275.0,194.78338623046875,29341000,0.0,0.0,yfinance_raw_daily
2003-01-30,287.5,287.5,275.0,275.0,194.78338623046875,8342000,0.0,0.0,yfinance_raw_daily
2003-01-31,275.0,287.5,275.0,287.5,203.63720703125,4972000,0.0,0.0,yfinance_raw_daily
2003-02-03,275.0,287.5,275.0,287.5,203.63720703125,2518000,0.0,0.0,yfinance_raw_daily
2003-02-04,287.5,287.5,275.0,275.0,194.78338623046875,6905000,0.0,0.0,yfinance_raw_daily
2003-02-05,275.0,287.5,275.0,287.5,203.63720703125,831000,0.0,0.0,yfinance_raw_daily
2003-02-06,287.5,287.5,275.0,275.0,194.78338623046875,5358000,0.0,0.0,yfinance_raw_daily
2003-02-07,287.5,287.5,275.0,275.0,194.78338623046875,562000,0.0,0.0,yfinance_raw_daily
2003-02-10,287.5,287.5,275.0,287.5,203.63720703125,22508000,0.0,0.0,yfinance_raw_daily
2003-02-11,275.0,287.5,275.0,287.5,203.63720703125,2112000,0.0,0.0,yfinance_raw_daily
2003-02-12,287.5,287.5,287.5,287.5,203.63720703125,0,0.0,0.0,yfinance_raw_daily
2003-02-13,275.0,275.0,275.0,275.0,194.78338623046875,619000,0.0,0.0,yfinance_raw_daily
2003-02-14,287.5,287.5,275.0,287.5,203.63720703125,4174000,0.0,0.0,yfinance_raw_daily
2003-02-17,287.5,287.5,275.0,287.5,203.63720703125,65539000,0.0,0.0,yfinance_raw_daily
2003-02-18,287.5,287.5,275.0,275.0,194.78338623046875,4528000,0.0,0.0,yfinance_raw_daily
2003-02-19,287.5,287.5,275.0,287.5,203.63720703125,1365000,0.0,0.0,yfinance_raw_daily
2003-02-20,287.5,287.5,275.0,287.5,203.63720703125,132000,0.0,0.0,yfinance_raw_daily
2003-02-21,287.5,287.5,287.5,287.5,203.63720703125,248000,0.0,0.0,yfinance_raw_daily
2003-02-24,287.5,287.5,275.0,287.5,203.63720703125,110000,0.0,0.0,yfinance_raw_daily
2003-02-25,275.0,287.5,275.0,287.5,203.63720703125,4074000,0.0,0.0,yfinance_raw_daily
2003-02-26,275.0,287.5,275.0,275.0,194.78338623046875,13938000,0.0,0.0,yfinance_raw_daily
2003-02-27,275.0,287.5,275.0,287.5,203.63720703125,16557000,0.0,0.0,yfinance_raw_daily
2003-02-28,275.0,287.5,275.0,287.5,203.63720703125,1142000,0.0,0.0,yfinance_raw_daily
2003-03-03,287.5,287.5,287.5,287.5,203.63720703125,0,0.0,0.0,yfinance_raw_daily
2003-03-04,275.0,287.5,275.0,275.0,194.78338623046875,5924000,0.0,0.0,yfinance_raw_daily
2003-03-05,275.0,287.5,275.0,287.5,203.63720703125,40318000,0.0,0.0,yfinance_raw_daily
2003-03-06,275.0,287.5,275.0,287.5,203.63720703125,23783000,0.0,0.0,yfinance_raw_daily
2003-03-07,275.0,287.5,275.0,287.5,203.63720703125,22849000,0.0,0.0,yfinance_raw_daily
2003-03-10,287.5,287.5,275.0,287.5,203.63720703125,10417000,0.0,0.0,yfinance_raw_daily
2003-03-11,275.0,287.5,275.0,287.5,203.63720703125,11338000,0.0,0.0,yfinance_raw_daily
2003-03-12,275.0,287.5,275.0,287.5,203.63720703125,2188000,0.0,0.0,yfinance_raw_daily
2003-03-13,287.5,287.5,275.0,287.5,203.63720703125,519000,0.0,0.0,yfinance_raw_daily
2003-03-14,287.5,287.5,275.0,287.5,203.63720703125,4525000,0.0,0.0,yfinance_raw_daily
2003-03-17,275.0,287.5,275.0,275.0,194.78338623046875,2010000,0.0,0.0,yfinance_raw_daily
2003-03-18,275.0,287.5,275.0,287.5,203.63720703125,8954000,0.0,0.0,yfinance_raw_daily
2003-03-19,287.5,300.0,287.5,300.0,212.49098205566406,57232000,0.0,0.0,yfinance_raw_daily
2003-03-20,300.0,300.0,287.5,300.0,212.49098205566406,9806000,0.0,0.0,yfinance_raw_daily
2003-03-21,287.5,300.0,287.5,287.5,203.63720703125,2860000,0.0,0.0,yfinance_raw_daily
2003-03-24,300.0,300.0,287.5,300.0,212.49098205566406,18474000,0.0,0.0,yfinance_raw_daily
2003-03-25,287.5,300.0,287.5,300.0,212.49098205566406,15243000,0.0,0.0,yfinance_raw_daily
2003-03-26,300.0,312.5,300.0,312.5,221.34474182128906,86352000,0.0,0.0,yfinance_raw_daily
2003-03-27,300.0,300.0,287.5,287.5,203.63720703125,28177000,0.0,0.0,yfinance_raw_daily
2003-03-28,300.0,300.0,300.0,300.0,212.49098205566406,239000,0.0,0.0,yfinance_raw_daily
2003-03-31,287.5,300.0,287.5,300.0,212.49098205566406,4847000,0.0,0.0,yfinance_raw_daily
2003-04-01,287.5,300.0,287.5,300.0,212.49098205566406,6421000,0.0,0.0,yfinance_raw_daily
2003-04-02,300.0,300.0,300.0,300.0,212.49098205566406,0,0.0,0.0,yfinance_raw_daily
2003-04-03,300.0,300.0,287.5,300.0,212.49098205566406,547000,0.0,0.0,yfinance_raw_daily
2003-04-04,287.5,300.0,287.5,287.5,203.63720703125,30285000,0.0,0.0,yfinance_raw_daily
2003-04-07,300.0,350.0,300.0,350.0,247.90615844726562,309263000,0.0,0.0,yfinance_raw_daily
2003-04-08,350.0,350.0,325.0,325.0,230.19854736328125,73080000,0.0,0.0,yfinance_raw_daily
2003-04-09,337.5,350.0,325.0,350.0,247.90615844726562,54091000,0.0,0.0,yfinance_raw_daily
2003-04-10,350.0,350.0,337.5,350.0,247.90615844726562,19858000,0.0,0.0,yfinance_raw_daily
2003-04-11,350.0,375.0,350.0,375.0,265.61376953125,194425000,0.0,0.0,yfinance_raw_daily
2003-04-14,375.0,375.0,350.0,362.5,256.7598876953125,70501000,0.0,0.0,yfinance_raw_daily
2003-04-15,362.5,375.0,350.0,375.0,265.61376953125,35177000,0.0,0.0,yfinance_raw_daily
2003-04-16,362.5,362.5,350.0,362.5,256.7598876953125,82633000,0.0,0.0,yfinance_raw_daily
2003-04-17,362.5,375.0,350.0,362.5,256.7598876953125,44968000,0.0,0.0,yfinance_raw_daily
2003-04-18,362.5,362.5,362.5,362.5,256.7598876953125,0,0.0,0.0,yfinance_raw_daily
2003-04-21,362.5,362.5,350.0,362.5,256.7598876953125,11282000,0.0,0.0,yfinance_raw_daily
2003-04-22,362.5,362.5,350.0,350.0,247.90615844726562,61205000,0.0,0.0,yfinance_raw_daily
2003-04-23,350.0,375.0,350.0,362.5,256.7598876953125,125423000,0.0,0.0,yfinance_raw_daily
2003-04-24,362.5,362.5,350.0,362.5,256.7598876953125,24055000,0.0,0.0,yfinance_raw_daily
2003-04-25,362.5,362.5,350.0,362.5,256.7598876953125,65341000,0.0,0.0,yfinance_raw_daily
2003-04-28,350.0,350.0,337.5,350.0,247.90615844726562,23013000,0.0,0.0,yfinance_raw_daily
2003-04-29,350.0,362.5,350.0,362.5,256.7598876953125,34645000,0.0,0.0,yfinance_raw_daily
2003-04-30,350.0,375.0,350.0,362.5,256.7598876953125,53185000,0.0,0.0,yfinance_raw_daily
2003-05-01,362.5,362.5,350.0,362.5,256.7598876953125,3288000,0.0,0.0,yfinance_raw_daily
2003-05-02,362.5,362.5,350.0,350.0,247.90615844726562,4235000,0.0,0.0,yfinance_raw_daily
2003-05-05,350.0,387.5,350.0,387.5,274.467529296875,138321000,0.0,0.0,yfinance_raw_daily
2003-05-06,387.5,400.0,375.0,387.5,274.467529296875,57351000,0.0,0.0,yfinance_raw_daily
2003-05-07,387.5,400.0,375.0,387.5,274.467529296875,62386000,0.0,0.0,yfinance_raw_daily
2003-05-08,387.5,400.0,375.0,387.5,274.467529296875,90271000,0.0,0.0,yfinance_raw_daily
2003-05-09,387.5,400.0,387.5,400.0,283.3212890625,22970000,0.0,0.0,yfinance_raw_daily
2003-05-12,400.0,412.5,387.5,412.5,292.1750793457031,38410000,0.0,0.0,yfinance_raw_daily
2003-05-13,412.5,412.5,400.0,412.5,292.1750793457031,70321000,0.0,0.0,yfinance_raw_daily
2003-05-14,412.5,412.5,387.5,400.0,283.3212890625,27902000,0.0,0.0,yfinance_raw_daily
2003-05-15,400.0,400.0,400.0,400.0,283.3212890625,0,0.0,0.0,yfinance_raw_daily
2003-05-16,400.0,400.0,400.0,400.0,283.3212890625,0,0.0,0.0,yfinance_raw_daily
2003-05-19,400.0,400.0,375.0,387.5,274.467529296875,50450000,0.0,0.0,yfinance_raw_daily
2003-05-20,375.0,400.0,375.0,400.0,283.3212890625,88464000,0.0,0.0,yfinance_raw_daily
2003-05-21,387.5,400.0,375.0,387.5,274.467529296875,35460000,0.0,0.0,yfinance_raw_daily
2003-05-22,387.5,387.5,375.0,375.0,265.61376953125,243000,0.0,0.0,yfinance_raw_daily
2003-05-23,387.5,400.0,375.0,387.5,274.467529296875,86836000,0.0,0.0,yfinance_raw_daily
2003-05-26,400.0,400.0,387.5,387.5,274.467529296875,75682000,0.0,0.0,yfinance_raw_daily
2003-05-27,400.0,412.5,387.5,400.0,283.3212890625,25730000,0.0,0.0,yfinance_raw_daily
2003-05-28,412.5,437.5,412.5,437.5,309.8826599121094,175814000,0.0,0.0,yfinance_raw_daily
2003-05-29,437.5,437.5,425.0,437.5,309.8826599121094,70157000,0.0,0.0,yfinance_raw_daily
2003-05-30,437.5,437.5,437.5,437.5,309.8826599121094,0,0.0,0.0,yfinance_raw_daily
2003-06-02,437.5,450.0,437.5,437.5,309.8826599121094,56694000,0.0,0.0,yfinance_raw_daily
2003-06-03,437.5,450.0,437.5,450.0,318.73638916015625,10074000,0.0,0.0,yfinance_raw_daily
2003-06-04,450.0,450.0,437.5,450.0,318.73638916015625,12087000,0.0,0.0,yfinance_raw_daily
2003-06-05,450.0,475.0,450.0,475.0,336.4440002441406,146403000,0.0,0.0,yfinance_raw_daily
2003-06-06,462.5,475.0,450.0,462.5,327.5902099609375,49777000,0.0,0.0,yfinance_raw_daily
2003-06-09,462.5,475.0,462.5,475.0,336.4440002441406,17723000,0.0,0.0,yfinance_raw_daily
2003-06-10,462.5,475.0,462.5,475.0,336.4440002441406,2809000,0.0,0.0,yfinance_raw_daily
2003-06-11,475.0,475.0,450.0,462.5,327.5902099609375,49988000,0.0,0.0,yfinance_raw_daily
2003-06-12,450.0,462.5,437.5,450.0,318.73638916015625,68232000,0.0,0.0,yfinance_raw_daily
2003-06-13,450.0,462.5,450.0,462.5,327.5902099609375,34307000,0.0,0.0,yfinance_raw_daily
2003-06-16,462.5,462.5,450.0,462.5,327.5902099609375,9960000,0.0,0.0,yfinance_raw_daily
2003-06-17,462.5,475.0,437.5,450.0,318.73638916015625,58233000,0.0,0.0,yfinance_raw_daily
2003-06-18,437.5,437.5,412.5,425.0,301.02886962890625,154162000,0.0,0.0,yfinance_raw_daily
2003-06-19,425.0,437.5,412.5,437.5,309.8826599121094,72825000,0.0,0.0,yfinance_raw_daily
2003-06-20,425.0,450.0,425.0,437.5,309.8826599121094,43998000,0.0,0.0,yfinance_raw_daily
2003-06-23,437.5,437.5,425.0,437.5,309.8826599121094,5627000,0.0,0.0,yfinance_raw_daily
2003-06-24,437.5,437.5,425.0,437.5,309.8826599121094,18035000,0.0,0.0,yfinance_raw_daily
2003-06-25,437.5,437.5,412.5,425.0,301.02886962890625,15165000,0.0,0.0,yfinance_raw_daily
2003-06-26,412.5,425.0,400.0,425.0,301.02886962890625,67454000,0.0,0.0,yfinance_raw_daily
2003-06-27,425.0,437.5,425.0,437.5,309.8826599121094,53122000,0.0,0.0,yfinance_raw_daily
2003-06-30,437.5,437.5,412.5,425.0,301.02886962890625,22565000,0.0,0.0,yfinance_raw_daily
2003-07-01,425.0,437.5,425.0,437.5,309.8826599121094,8665000,0.0,0.0,yfinance_raw_daily
2003-07-02,425.0,437.5,425.0,437.5,309.8826599121094,5316000,0.0,0.0,yfinance_raw_daily
2003-07-03,437.5,450.0,437.5,450.0,318.73638916015625,70055000,0.0,0.0,yfinance_raw_daily
2003-07-04,437.5,437.5,425.0,437.5,309.8826599121094,11133000,0.0,0.0,yfinance_raw_daily
2003-07-07,437.5,450.0,437.5,450.0,318.73638916015625,17471000,0.0,0.0,yfinance_raw_daily
2003-07-08,450.0,450.0,450.0,450.0,318.73638916015625,43398000,0.0,0.0,yfinance_raw_daily
2003-07-09,450.0,450.0,437.5,450.0,318.73638916015625,3665000,0.0,0.0,yfinance_raw_daily
2003-07-10,437.5,450.0,437.5,450.0,318.73638916015625,4571000,0.0,0.0,yfinance_raw_daily
2003-07-11,437.5,450.0,437.5,450.0,318.73638916015625,7723000,0.0,0.0,yfinance_raw_daily
2003-07-14,450.0,450.0,437.5,450.0,318.73638916015625,16013000,0.0,0.0,yfinance_raw_daily
2003-07-15,437.5,437.5,437.5,437.5,309.8826599121094,33934000,0.0,0.0,yfinance_raw_daily
2003-07-16,437.5,437.5,437.5,437.5,309.8826599121094,20673000,0.0,0.0,yfinance_raw_daily
2003-07-17,437.5,437.5,412.5,425.0,301.02886962890625,42303000,0.0,0.0,yfinance_raw_daily
2003-07-18,425.0,425.0,412.5,425.0,301.02886962890625,10647000,0.0,0.0,yfinance_raw_daily
2003-07-21,425.0,425.0,412.5,425.0,301.02886962890625,9329000,0.0,0.0,yfinance_raw_daily
2003-07-22,412.5,425.0,412.5,425.0,301.02886962890625,7055000,0.0,0.0,yfinance_raw_daily
2003-07-23,412.5,412.5,387.5,400.0,283.3212890625,14165000,0.0,0.0,yfinance_raw_daily
2003-07-24,400.0,400.0,362.5,400.0,283.3212890625,114830000,0.0,0.0,yfinance_raw_daily
2003-07-25,387.5,400.0,375.0,387.5,274.467529296875,26974000,0.0,0.0,yfinance_raw_daily
2003-07-28,387.5,400.0,375.0,375.0,265.61376953125,24497000,0.0,0.0,yfinance_raw_daily
2003-07-29,387.5,387.5,375.0,387.5,274.467529296875,3618000,0.0,0.0,yfinance_raw_daily
2003-07-30,387.5,387.5,387.5,387.5,274.467529296875,1471000,0.0,0.0,yfinance_raw_daily
2003-07-31,375.0,387.5,375.0,387.5,274.467529296875,38333000,0.0,0.0,yfinance_raw_daily
2003-08-01,375.0,375.0,362.5,375.0,265.61376953125,8236000,0.0,0.0,yfinance_raw_daily
2003-08-04,375.0,375.0,362.5,375.0,265.61376953125,19240000,0.0,0.0,yfinance_raw_daily
2003-08-05,362.5,375.0,337.5,362.5,256.7598876953125,37910000,0.0,0.0,yfinance_raw_daily
2003-08-06,350.0,362.5,350.0,350.0,247.90615844726562,26458000,0.0,0.0,yfinance_raw_daily
2003-08-07,350.0,375.0,350.0,375.0,265.61376953125,100950000,0.0,0.0,yfinance_raw_daily
2003-08-08,375.0,375.0,350.0,362.5,256.7598876953125,10130000,0.0,0.0,yfinance_raw_daily
2003-08-11,362.5,375.0,362.5,375.0,265.61376953125,5854000,0.0,0.0,yfinance_raw_daily
2003-08-12,362.5,375.0,362.5,375.0,265.61376953125,649000,0.0,0.0,yfinance_raw_daily
2003-08-13,375.0,375.0,362.5,375.0,265.61376953125,6950000,0.0,0.0,yfinance_raw_daily
2003-08-14,375.0,375.0,362.5,375.0,265.61376953125,453000,0.0,0.0,yfinance_raw_daily
2003-08-15,362.5,362.5,350.0,362.5,256.7598876953125,33972000,0.0,0.0,yfinance_raw_daily
2003-08-18,362.5,362.5,362.5,362.5,256.7598876953125,0,0.0,0.0,yfinance_raw_daily
2003-08-19,362.5,362.5,337.5,350.0,247.90615844726562,78975000,0.0,0.0,yfinance_raw_daily
2003-08-20,337.5,350.0,325.0,350.0,247.90615844726562,91550000,0.0,0.0,yfinance_raw_daily
2003-08-21,337.5,350.0,337.5,350.0,247.90615844726562,48512000,0.0,0.0,yfinance_raw_daily
2003-08-22,337.5,350.0,337.5,350.0,247.90615844726562,9205000,0.0,0.0,yfinance_raw_daily
2003-08-25,350.0,350.0,337.5,350.0,247.90615844726562,5133000,0.0,0.0,yfinance_raw_daily
2003-08-26,337.5,350.0,337.5,337.5,239.05230712890625,35445000,0.0,0.0,yfinance_raw_daily
2003-08-27,337.5,337.5,325.0,337.5,239.05230712890625,18462000,0.0,0.0,yfinance_raw_daily
2003-08-28,337.5,337.5,325.0,337.5,239.05230712890625,28007000,0.0,0.0,yfinance_raw_daily
2003-08-29,337.5,337.5,325.0,337.5,239.05230712890625,7721000,0.0,0.0,yfinance_raw_daily
2003-09-01,337.5,337.5,325.0,337.5,239.05230712890625,2482000,0.0,0.0,yfinance_raw_daily
2003-09-02,337.5,337.5,325.0,337.5,239.05230712890625,23996000,0.0,0.0,yfinance_raw_daily
2003-09-03,337.5,362.5,337.5,362.5,256.7598876953125,156372000,0.0,0.0,yfinance_raw_daily
2003-09-04,362.5,375.0,350.0,362.5,256.7598876953125,139039000,0.0,0.0,yfinance_raw_daily
2003-09-05,362.5,387.5,362.5,375.0,265.61376953125,95019000,0.0,0.0,yfinance_raw_daily
2003-09-08,375.0,375.0,350.0,375.0,265.61376953125,52438000,0.0,0.0,yfinance_raw_daily
2003-09-09,375.0,375.0,362.5,375.0,265.61376953125,16492000,0.0,0.0,yfinance_raw_daily
2003-09-10,362.5,375.0,350.0,375.0,265.61376953125,44225000,0.0,0.0,yfinance_raw_daily
2003-09-11,362.5,362.5,350.0,362.5,256.7598876953125,27087000,0.0,0.0,yfinance_raw_daily
2003-09-12,350.0,362.5,350.0,362.5,256.7598876953125,18448000,0.0,0.0,yfinance_raw_daily
2003-09-15,362.5,362.5,350.0,362.5,256.7598876953125,20958000,0.0,0.0,yfinance_raw_daily
2003-09-16,362.5,375.0,350.0,362.5,256.7598876953125,46639000,0.0,0.0,yfinance_raw_daily
2003-09-17,362.5,375.0,362.5,375.0,265.61376953125,19099000,0.0,0.0,yfinance_raw_daily
2003-09-18,362.5,362.5,350.0,362.5,256.7598876953125,19520000,0.0,0.0,yfinance_raw_daily
2003-09-19,362.5,375.0,362.5,375.0,265.61376953125,8031000,0.0,0.0,yfinance_raw_daily
2003-09-22,375.0,375.0,375.0,375.0,265.61376953125,0,0.0,0.0,yfinance_raw_daily
2003-09-23,362.5,362.5,350.0,362.5,256.7598876953125,14240000,0.0,0.0,yfinance_raw_daily
2003-09-24,362.5,375.0,362.5,375.0,265.61376953125,24615000,0.0,0.0,yfinance_raw_daily
2003-09-25,362.5,387.5,362.5,387.5,274.467529296875,141123000,0.0,0.0,yfinance_raw_daily
2003-09-26,375.0,375.0,362.5,375.0,265.61376953125,30843000,0.0,0.0,yfinance_raw_daily
2003-09-29,375.0,375.0,362.5,375.0,265.61376953125,15060000,0.0,0.0,yfinance_raw_daily
2003-09-30,362.5,375.0,350.0,362.5,256.7598876953125,48732000,0.0,0.0,yfinance_raw_daily
2003-10-01,362.5,362.5,350.0,362.5,256.7598876953125,8051000,0.0,0.0,yfinance_raw_daily
2003-10-02,362.5,375.0,350.0,362.5,256.7598876953125,39246000,0.0,0.0,yfinance_raw_daily
2003-10-03,362.5,375.0,362.5,375.0,265.61376953125,51659000,0.0,0.0,yfinance_raw_daily
2003-10-06,362.5,362.5,350.0,362.5,256.7598876953125,42205000,0.0,0.0,yfinance_raw_daily
2003-10-07,362.5,362.5,350.0,362.5,256.7598876953125,17987000,0.0,0.0,yfinance_raw_daily
2003-10-08,362.5,362.5,350.0,362.5,256.7598876953125,15458000,0.0,0.0,yfinance_raw_daily
2003-10-09,362.5,387.5,362.5,375.0,265.61376953125,106519000,0.0,0.0,yfinance_raw_daily
2003-10-10,375.0,387.5,362.5,375.0,265.61376953125,66692000,0.0,0.0,yfinance_raw_daily
2003-10-13,375.0,387.5,375.0,387.5,274.467529296875,35430000,0.0,0.0,yfinance_raw_daily
2003-10-14,387.5,387.5,362.5,375.0,265.61376953125,49435000,0.0,0.0,yfinance_raw_daily
2003-10-15,375.0,387.5,362.5,387.5,274.467529296875,33728000,0.0,0.0,yfinance_raw_daily
2003-10-16,387.5,412.5,387.5,400.0,283.3212890625,114236000,0.0,0.0,yfinance_raw_daily
2003-10-17,400.0,400.0,387.5,400.0,283.3212890625,10242000,0.0,0.0,yfinance_raw_daily
2003-10-20,400.0,400.0,387.5,400.0,283.3212890625,18090000,0.0,0.0,yfinance_raw_daily
2003-10-21,400.0,400.0,375.0,387.5,274.467529296875,104795000,0.0,0.0,yfinance_raw_daily
2003-10-22,387.5,387.5,362.5,375.0,265.61376953125,24880000,0.0,0.0,yfinance_raw_daily
2003-10-23,362.5,375.0,350.0,362.5,256.7598876953125,91584000,0.0,0.0,yfinance_raw_daily
2003-10-24,362.5,375.0,362.5,375.0,265.61376953125,8768000,0.0,0.0,yfinance_raw_daily
2003-10-27,362.5,362.5,350.0,362.5,256.7598876953125,6255000,0.0,0.0,yfinance_raw_daily
2003-10-28,362.5,375.0,362.5,362.5,256.7598876953125,31706000,0.0,0.0,yfinance_raw_daily
2003-10-29,362.5,362.5,350.0,362.5,256.7598876953125,13531000,0.0,0.0,yfinance_raw_daily
2003-10-30,362.5,362.5,350.0,362.5,256.7598876953125,763000,0.0,0.0,yfinance_raw_daily
2003-10-31,350.0,362.5,337.5,350.0,247.90615844726562,40622000,0.0,0.0,yfinance_raw_daily
2003-11-03,337.5,350.0,337.5,350.0,247.90615844726562,29085000,0.0,0.0,yfinance_raw_daily
2003-11-04,337.5,350.0,337.5,350.0,247.90615844726562,6074000,0.0,0.0,yfinance_raw_daily
2003-11-05,350.0,350.0,337.5,350.0,247.90615844726562,4550000,0.0,0.0,yfinance_raw_daily
2003-11-06,350.0,362.5,337.5,350.0,247.90615844726562,92550000,0.0,0.0,yfinance_raw_daily
2003-11-07,350.0,350.0,325.0,337.5,239.05230712890625,50719000,0.0,0.0,yfinance_raw_daily
2003-11-10,350.0,350.0,325.0,325.0,230.19854736328125,35002000,0.0,0.0,yfinance_raw_daily
2003-11-11,325.0,337.5,325.0,337.5,239.05230712890625,53614000,0.0,0.0,yfinance_raw_daily
2003-11-12,337.5,337.5,325.0,337.5,239.05230712890625,2462000,0.0,0.0,yfinance_raw_daily
2003-11-13,337.5,337.5,325.0,337.5,239.05230712890625,2537000,0.0,0.0,yfinance_raw_daily
2003-11-14,337.5,337.5,325.0,337.5,239.05230712890625,9875000,0.0,0.0,yfinance_raw_daily
2003-11-17,325.0,325.0,325.0,325.0,230.19854736328125,30636000,0.0,0.0,yfinance_raw_daily
2003-11-18,325.0,325.0,312.5,325.0,230.19854736328125,2066000,0.0,0.0,yfinance_raw_daily
2003-11-19,325.0,325.0,312.5,325.0,230.19854736328125,4992000,0.0,0.0,yfinance_raw_daily
2003-11-20,325.0,325.0,312.5,325.0,230.19854736328125,41027000,0.0,0.0,yfinance_raw_daily
2003-11-21,325.0,337.5,325.0,337.5,239.05230712890625,47785000,0.0,0.0,yfinance_raw_daily
2003-11-24,337.5,337.5,337.5,337.5,239.05230712890625,0,0.0,0.0,yfinance_raw_daily
2003-11-25,337.5,337.5,337.5,337.5,239.05230712890625,0,0.0,0.0,yfinance_raw_daily
2003-11-26,337.5,337.5,337.5,337.5,239.05230712890625,0,0.0,0.0,yfinance_raw_daily
2003-11-27,337.5,337.5,337.5,337.5,239.05230712890625,0,0.0,0.0,yfinance_raw_daily
2003-11-28,337.5,337.5,337.5,337.5,239.05230712890625,0,0.0,0.0,yfinance_raw_daily
2003-12-01,337.5,362.5,337.5,350.0,247.90615844726562,59974000,0.0,0.0,yfinance_raw_daily
2003-12-02,350.0,350.0,337.5,350.0,247.90615844726562,9982000,0.0,0.0,yfinance_raw_daily
2003-12-03,350.0,362.5,337.5,362.5,256.7598876953125,42546000,0.0,0.0,yfinance_raw_daily
2003-12-04,362.5,362.5,350.0,362.5,256.7598876953125,6254000,0.0,0.0,yfinance_raw_daily
2003-12-05,350.0,375.0,350.0,375.0,265.61376953125,39902000,0.0,0.0,yfinance_raw_daily
2003-12-08,362.5,387.5,362.5,387.5,274.467529296875,56374000,0.0,0.0,yfinance_raw_daily
2003-12-09,387.5,387.5,375.0,387.5,274.467529296875,103878000,0.0,0.0,yfinance_raw_daily
2003-12-10,375.0,387.5,375.0,387.5,274.467529296875,6415000,0.0,0.0,yfinance_raw_daily
2003-12-11,375.0,387.5,375.0,387.5,274.467529296875,101901000,0.0,0.0,yfinance_raw_daily
2003-12-12,387.5,400.0,375.0,387.5,274.467529296875,46561000,0.0,0.0,yfinance_raw_daily
2003-12-15,387.5,387.5,362.5,375.0,265.61376953125,42842000,0.0,0.0,yfinance_raw_daily
2003-12-16,362.5,387.5,362.5,387.5,274.467529296875,43284000,0.0,0.0,yfinance_raw_daily
2003-12-17,375.0,387.5,362.5,375.0,265.61376953125,56167000,0.0,0.0,yfinance_raw_daily
2003-12-18,375.0,375.0,350.0,375.0,265.61376953125,39913000,0.0,0.0,yfinance_raw_daily
2003-12-19,375.0,387.5,375.0,387.5,274.467529296875,48875000,0.0,0.0,yfinance_raw_daily
2003-12-22,387.5,400.0,375.0,400.0,283.3212890625,97202000,0.0,0.0,yfinance_raw_daily
2003-12-23,400.0,412.5,387.5,400.0,283.3212890625,94333000,0.0,0.0,yfinance_raw_daily
2003-12-24,400.0,400.0,400.0,400.0,283.3212890625,0,0.0,0.0,yfinance_raw_daily
2003-12-25,400.0,400.0,400.0,400.0,283.3212890625,0,0.0,0.0,yfinance_raw_daily
2003-12-26,400.0,400.0,400.0,400.0,283.3212890625,0,0.0,0.0,yfinance_raw_daily
2003-12-29,400.0,412.5,400.0,412.5,292.1750793457031,31573000,0.0,0.0,yfinance_raw_daily
2003-12-30,400.0,412.5,387.5,400.0,283.3212890625,66918000,0.0,0.0,yfinance_raw_daily
2003-12-31,400.0,400.0,400.0,400.0,283.3212890625,0,0.0,0.0,yfinance_raw_daily
2004-01-01,400.0,400.0,400.0,400.0,283.3212890625,0,0.0,0.0,yfinance_raw_daily
2004-01-02,387.5,412.5,387.5,412.5,292.1750793457031,60322000,0.0,0.0,yfinance_raw_daily
2004-01-05,412.5,425.0,400.0,412.5,292.1750793457031,110186000,0.0,0.0,yfinance_raw_daily
2004-01-06,412.5,412.5,400.0,412.5,292.1750793457031,87557000,0.0,0.0,yfinance_raw_daily
2004-01-07,400.0,412.5,400.0,400.0,283.3212890625,31401000,0.0,0.0,yfinance_raw_daily
2004-01-08,400.0,412.5,400.0,412.5,292.1750793457031,26140000,0.0,0.0,yfinance_raw_daily
2004-01-09,412.5,437.5,412.5,437.5,309.8826599121094,314574000,0.0,0.0,yfinance_raw_daily
2004-01-12,425.0,450.0,412.5,437.5,309.8826599121094,141139000,0.0,0.0,yfinance_raw_daily
2004-01-13,450.0,450.0,425.0,437.5,309.8826599121094,32112000,0.0,0.0,yfinance_raw_daily
2004-01-14,437.5,450.0,425.0,450.0,318.73638916015625,50822000,0.0,0.0,yfinance_raw_daily
2004-01-15,450.0,462.5,437.5,450.0,318.73638916015625,147307000,0.0,0.0,yfinance_raw_daily
2004-01-16,450.0,450.0,437.5,450.0,318.73638916015625,25516000,0.0,0.0,yfinance_raw_daily
2004-01-19,450.0,450.0,425.0,437.5,309.8826599121094,39782000,0.0,0.0,yfinance_raw_daily
2004-01-20,437.5,437.5,425.0,437.5,309.8826599121094,14673000,0.0,0.0,yfinance_raw_daily
2004-01-21,437.5,437.5,425.0,437.5,309.8826599121094,25354000,0.0,0.0,yfinance_raw_daily
2004-01-22,437.5,437.5,437.5,437.5,309.8826599121094,0,0.0,0.0,yfinance_raw_daily
2004-01-23,437.5,450.0,437.5,450.0,318.73638916015625,95513000,0.0,0.0,yfinance_raw_daily
2004-01-26,437.5,450.0,437.5,450.0,318.73638916015625,7404000,0.0,0.0,yfinance_raw_daily
2004-01-27,437.5,450.0,425.0,437.5,309.8826599121094,140701000,0.0,0.0,yfinance_raw_daily
2004-01-28,425.0,437.5,425.0,425.0,301.02886962890625,29509000,0.0,0.0,yfinance_raw_daily
2004-01-29,425.0,425.0,412.5,425.0,301.02886962890625,31447000,0.0,0.0,yfinance_raw_daily
2004-01-30,412.5,425.0,412.5,425.0,301.02886962890625,5075000,0.0,0.0,yfinance_raw_daily
2004-02-02,425.0,425.0,425.0,425.0,301.02886962890625,0,0.0,0.0,yfinance_raw_daily
2004-02-03,412.5,412.5,400.0,412.5,292.1750793457031,87485000,0.0,0.0,yfinance_raw_daily
2004-02-04,400.0,412.5,400.0,412.5,292.1750793457031,4659000,0.0,0.0,yfinance_raw_daily
2004-02-05,400.0,412.5,400.0,412.5,292.1750793457031,33639000,0.0,0.0,yfinance_raw_daily
2004-02-06,400.0,425.0,400.0,425.0,301.02886962890625,36422000,0.0,0.0,yfinance_raw_daily
2004-02-09,425.0,425.0,412.5,425.0,301.02886962890625,7343000,0.0,0.0,yfinance_raw_daily
2004-02-10,412.5,425.0,412.5,425.0,301.02886962890625,1241000,0.0,0.0,yfinance_raw_daily
2004-02-11,412.5,425.0,412.5,425.0,301.02886962890625,2222000,0.0,0.0,yfinance_raw_daily
2004-02-12,425.0,425.0,412.5,412.5,292.1750793457031,25420000,0.0,0.0,yfinance_raw_daily
2004-02-13,412.5,425.0,412.5,425.0,301.02886962890625,15836000,0.0,0.0,yfinance_raw_daily
2004-02-16,412.5,425.0,412.5,425.0,301.02886962890625,1284000,0.0,0.0,yfinance_raw_daily
2004-02-17,412.5,425.0,412.5,412.5,292.1750793457031,3348000,0.0,0.0,yfinance_raw_daily
2004-02-18,425.0,437.5,412.5,425.0,301.02886962890625,51520000,0.0,0.0,yfinance_raw_daily
2004-02-19,425.0,425.0,412.5,425.0,301.02886962890625,11035000,0.0,0.0,yfinance_raw_daily
2004-02-20,425.0,437.5,425.0,425.0,301.02886962890625,33289000,0.0,0.0,yfinance_raw_daily
2004-02-23,425.0,425.0,425.0,425.0,301.02886962890625,0,0.0,0.0,yfinance_raw_daily
2004-02-24,437.5,437.5,412.5,425.0,301.02886962890625,31336000,0.0,0.0,yfinance_raw_daily
2004-02-25,412.5,437.5,412.5,437.5,309.8826599121094,44762000,0.0,0.0,yfinance_raw_daily
2004-02-26,425.0,437.5,425.0,425.0,301.02886962890625,21768000,0.0,0.0,yfinance_raw_daily
2004-02-27,425.0,425.0,412.5,425.0,301.02886962890625,3248000,0.0,0.0,yfinance_raw_daily
2004-03-01,425.0,425.0,412.5,425.0,301.02886962890625,33621000,0.0,0.0,yfinance_raw_daily
2004-03-02,425.0,437.5,412.5,412.5,292.1750793457031,43388000,0.0,0.0,yfinance_raw_daily
2004-03-03,425.0,425.0,412.5,412.5,292.1750793457031,4531000,0.0,0.0,yfinance_raw_daily
2004-03-04,425.0,425.0,412.5,425.0,301.02886962890625,42212000,0.0,0.0,yfinance_raw_daily
2004-03-05,412.5,425.0,412.5,412.5,292.1750793457031,9113000,0.0,0.0,yfinance_raw_daily
2004-03-08,412.5,412.5,400.0,412.5,292.1750793457031,40183000,0.0,0.0,yfinance_raw_daily
2004-03-09,400.0,412.5,387.5,387.5,274.467529296875,57341000,0.0,0.0,yfinance_raw_daily
2004-03-10,400.0,400.0,387.5,400.0,283.3212890625,63539000,0.0,0.0,yfinance_raw_daily
2004-03-11,387.5,387.5,375.0,387.5,274.467529296875,24133000,0.0,0.0,yfinance_raw_daily
2004-03-12,375.0,387.5,362.5,387.5,274.467529296875,86881000,0.0,0.0,yfinance_raw_daily
2004-03-15,387.5,387.5,362.5,375.0,265.61376953125,13316000,0.0,0.0,yfinance_raw_daily
2004-03-16,362.5,375.0,362.5,375.0,265.61376953125,36642000,0.0,0.0,yfinance_raw_daily
2004-03-17,375.0,387.5,362.5,387.5,274.467529296875,22436000,0.0,0.0,yfinance_raw_daily
2004-03-18,375.0,387.5,375.0,387.5,274.467529296875,1839000,0.0,0.0,yfinance_raw_daily
2004-03-19,387.5,387.5,375.0,387.5,274.467529296875,443000,0.0,0.0,yfinance_raw_daily
2004-03-22,387.5,387.5,387.5,387.5,274.467529296875,0,0.0,0.0,yfinance_raw_daily
2004-03-23,375.0,387.5,375.0,387.5,274.467529296875,26037000,0.0,0.0,yfinance_raw_daily
2004-03-24,375.0,387.5,375.0,387.5,274.467529296875,10925000,0.0,0.0,yfinance_raw_daily
2004-03-25,375.0,375.0,362.5,375.0,265.61376953125,13624000,0.0,0.0,yfinance_raw_daily
2004-03-26,375.0,375.0,362.5,375.0,265.61376953125,15874000,0.0,0.0,yfinance_raw_daily
2004-03-29,375.0,387.5,362.5,387.5,274.467529296875,26420000,0.0,0.0,yfinance_raw_daily
2004-03-30,387.5,400.0,375.0,400.0,283.3212890625,20855000,0.0,0.0,yfinance_raw_daily
2004-03-31,400.0,400.0,387.5,400.0,283.3212890625,37009000,0.0,0.0,yfinance_raw_daily
2004-04-01,400.0,400.0,387.5,387.5,274.467529296875,13870000,0.0,0.0,yfinance_raw_daily
2004-04-02,400.0,412.5,387.5,412.5,292.1750793457031,25327000,0.0,0.0,yfinance_raw_daily
2004-04-05,412.5,412.5,412.5,412.5,292.1750793457031,0,0.0,0.0,yfinance_raw_daily
2004-04-06,412.5,412.5,400.0,412.5,292.1750793457031,8206000,0.0,0.0,yfinance_raw_daily
2004-04-07,412.5,412.5,387.5,400.0,283.3212890625,47150000,0.0,0.0,yfinance_raw_daily
2004-04-08,400.0,400.0,375.0,375.0,265.61376953125,34304000,0.0,0.0,yfinance_raw_daily
2004-04-09,375.0,375.0,375.0,375.0,265.61376953125,0,0.0,0.0,yfinance_raw_daily
2004-04-12,387.5,387.5,375.0,387.5,274.467529296875,1907000,0.0,0.0,yfinance_raw_daily
2004-04-13,387.5,387.5,375.0,387.5,274.467529296875,4130000,0.0,0.0,yfinance_raw_daily
2004-04-14,375.0,387.5,375.0,387.5,274.467529296875,102221000,0.0,0.0,yfinance_raw_daily
2004-04-15,375.0,387.5,362.5,375.0,265.61376953125,35088000,0.0,0.0,yfinance_raw_daily
2004-04-16,375.0,375.0,362.5,362.5,256.7598876953125,4929000,0.0,0.0,yfinance_raw_daily
2004-04-19,375.0,387.5,362.5,375.0,265.61376953125,37183000,0.0,0.0,yfinance_raw_daily
2004-04-20,375.0,387.5,375.0,387.5,274.467529296875,21509000,0.0,0.0,yfinance_raw_daily
2004-04-21,387.5,400.0,375.0,387.5,274.467529296875,98551000,0.0,0.0,yfinance_raw_daily
2004-04-22,387.5,387.5,375.0,375.0,265.61376953125,3465000,0.0,0.0,yfinance_raw_daily
2004-04-23,387.5,387.5,375.0,387.5,274.467529296875,2649000,0.0,0.0,yfinance_raw_daily
2004-04-26,387.5,387.5,375.0,375.0,265.61376953125,26567000,0.0,0.0,yfinance_raw_daily
2004-04-27,375.0,387.5,375.0,387.5,274.467529296875,4526000,0.0,0.0,yfinance_raw_daily
2004-04-28,387.5,387.5,375.0,387.5,274.467529296875,7980000,0.0,0.0,yfinance_raw_daily
2004-04-29,375.0,387.5,362.5,387.5,274.467529296875,38718000,0.0,0.0,yfinance_raw_daily
2004-04-30,375.0,375.0,362.5,375.0,265.61376953125,12680000,0.0,0.0,yfinance_raw_daily
2004-05-03,375.0,375.0,375.0,375.0,265.61376953125,0,0.0,0.0,yfinance_raw_daily
2004-05-04,362.5,375.0,362.5,362.5,256.7598876953125,47645000,0.0,0.0,yfinance_raw_daily
2004-05-05,362.5,362.5,350.0,362.5,256.7598876953125,14477000,0.0,0.0,yfinance_raw_daily
2004-05-06,350.0,362.5,350.0,362.5,256.7598876953125,5398000,0.0,0.0,yfinance_raw_daily
2004-05-07,350.0,350.0,337.5,350.0,247.90615844726562,62677000,0.0,0.0,yfinance_raw_daily
2004-05-10,337.5,337.5,325.0,337.5,239.05230712890625,33259000,0.0,0.0,yfinance_raw_daily
2004-05-11,325.0,350.0,325.0,350.0,247.90615844726562,61805000,0.0,0.0,yfinance_raw_daily
2004-05-12,337.5,350.0,337.5,350.0,247.90615844726562,16931000,0.0,0.0,yfinance_raw_daily
2004-05-13,350.0,350.0,325.0,325.0,230.19854736328125,23663000,0.0,0.0,yfinance_raw_daily
2004-05-14,337.5,337.5,325.0,337.5,239.05230712890625,3865000,0.0,0.0,yfinance_raw_daily
2004-05-17,325.0,325.0,300.0,312.5,221.34474182128906,31834000,0.0,0.0,yfinance_raw_daily
2004-05-18,312.5,325.0,300.0,325.0,230.19854736328125,22610000,0.0,0.0,yfinance_raw_daily
2004-05-19,325.0,325.0,312.5,325.0,230.19854736328125,20429000,0.0,0.0,yfinance_raw_daily
2004-05-20,325.0,325.0,325.0,325.0,230.19854736328125,0,0.0,0.0,yfinance_raw_daily
2004-05-21,325.0,337.5,312.5,325.0,230.19854736328125,20390000,0.0,0.0,yfinance_raw_daily
2004-05-24,325.0,337.5,325.0,337.5,239.05230712890625,23970000,0.0,0.0,yfinance_raw_daily
2004-05-25,325.0,325.0,312.5,325.0,230.19854736328125,4675000,0.0,0.0,yfinance_raw_daily
2004-05-26,325.0,337.5,312.5,325.0,230.19854736328125,20622000,0.0,0.0,yfinance_raw_daily
2004-05-27,325.0,337.5,325.0,337.5,239.05230712890625,18798000,0.0,0.0,yfinance_raw_daily
2004-05-28,337.5,350.0,325.0,350.0,247.90615844726562,66528000,0.0,0.0,yfinance_raw_daily
2004-05-31,337.5,350.0,325.0,350.0,247.90615844726562,19448000,0.0,0.0,yfinance_raw_daily
2004-06-01,337.5,337.5,325.0,337.5,239.05230712890625,8072000,0.0,0.0,yfinance_raw_daily
2004-06-02,337.5,337.5,325.0,337.5,239.05230712890625,6488000,0.0,0.0,yfinance_raw_daily
2004-06-03,337.5,337.5,337.5,337.5,239.05230712890625,0,0.0,0.0,yfinance_raw_daily
2004-06-04,325.0,337.5,312.5,337.5,239.05230712890625,16445000,0.0,0.0,yfinance_raw_daily
2004-06-07,337.5,337.5,325.0,337.5,239.05230712890625,6032000,0.0,0.0,yfinance_raw_daily
2004-06-08,337.5,337.5,325.0,337.5,239.05230712890625,26846000,0.0,0.0,yfinance_raw_daily
2004-06-09,337.5,337.5,325.0,337.5,239.05230712890625,16019000,0.0,0.0,yfinance_raw_daily
2004-06-10,337.5,337.5,325.0,337.5,239.05230712890625,15235000,0.0,0.0,yfinance_raw_daily
2004-06-11,337.5,337.5,337.5,337.5,239.05230712890625,6589000,0.0,0.0,yfinance_raw_daily
2004-06-14,337.5,337.5,325.0,337.5,239.05230712890625,1360000,0.0,0.0,yfinance_raw_daily
2004-06-15,325.0,337.5,325.0,337.5,239.05230712890625,3451000,0.0,0.0,yfinance_raw_daily
2004-06-16,337.5,337.5,325.0,325.0,230.19854736328125,5838000,0.0,0.0,yfinance_raw_daily
2004-06-17,337.5,337.5,337.5,337.5,239.05230712890625,10679000,0.0,0.0,yfinance_raw_daily
2004-06-18,325.0,337.5,325.0,337.5,239.05230712890625,154000,0.0,0.0,yfinance_raw_daily
2004-06-21,325.0,337.5,325.0,337.5,239.05230712890625,1841000,0.0,0.0,yfinance_raw_daily
2004-06-22,325.0,337.5,325.0,337.5,239.05230712890625,610000,0.0,0.0,yfinance_raw_daily
2004-06-23,325.0,337.5,325.0,337.5,239.05230712890625,18336000,0.0,0.0,yfinance_raw_daily
2004-06-24,325.0,337.5,325.0,337.5,239.05230712890625,9195000,0.0,0.0,yfinance_raw_daily
2004-06-25,337.5,337.5,325.0,337.5,239.05230712890625,1969000,0.0,0.0,yfinance_raw_daily
2004-06-28,337.5,337.5,325.0,325.0,230.19854736328125,21627000,0.0,0.0,yfinance_raw_daily
2004-06-29,337.5,337.5,337.5,337.5,239.05230712890625,2273000,0.0,0.0,yfinance_raw_daily
2004-06-30,337.5,350.0,337.5,350.0,247.90615844726562,22837000,0.0,0.0,yfinance_raw_daily
2004-07-01,337.5,337.5,325.0,337.5,239.05230712890625,3854000,0.0,0.0,yfinance_raw_daily
2004-07-02,337.5,362.5,325.0,362.5,256.7598876953125,52745000,0.0,0.0,yfinance_raw_daily
2004-07-05,362.5,362.5,362.5,362.5,256.7598876953125,0,0.0,0.0,yfinance_raw_daily
2004-07-06,362.5,362.5,337.5,362.5,256.7598876953125,22823000,0.0,0.0,yfinance_raw_daily
2004-07-07,350.0,375.0,350.0,375.0,265.61376953125,100969000,0.0,0.0,yfinance_raw_daily
2004-07-08,375.0,375.0,362.5,362.5,256.7598876953125,10126000,0.0,0.0,yfinance_raw_daily
2004-07-09,362.5,375.0,362.5,375.0,265.61376953125,10652000,0.0,0.0,yfinance_raw_daily
2004-07-12,375.0,375.0,362.5,362.5,256.7598876953125,8214000,0.0,0.0,yfinance_raw_daily
2004-07-13,350.0,362.5,350.0,362.5,256.7598876953125,1948000,0.0,0.0,yfinance_raw_daily
2004-07-14,362.5,362.5,350.0,362.5,256.7598876953125,22791000,0.0,0.0,yfinance_raw_daily
2004-07-15,350.0,362.5,350.0,362.5,256.7598876953125,17500000,0.0,0.0,yfinance_raw_daily
2004-07-16,350.0,362.5,350.0,362.5,256.7598876953125,5857000,0.0,0.0,yfinance_raw_daily
2004-07-19,362.5,362.5,337.5,350.0,247.90615844726562,6171000,0.0,0.0,yfinance_raw_daily
2004-07-20,350.0,350.0,337.5,350.0,247.90615844726562,729000,0.0,0.0,yfinance_raw_daily
2004-07-21,350.0,350.0,337.5,350.0,247.90615844726562,2014000,0.0,0.0,yfinance_raw_daily
2004-07-22,350.0,350.0,337.5,350.0,247.90615844726562,6506000,0.0,0.0,yfinance_raw_daily
2004-07-23,350.0,350.0,337.5,350.0,247.90615844726562,3013000,0.0,0.0,yfinance_raw_daily
2004-07-26,350.0,350.0,337.5,350.0,247.90615844726562,3574000,0.0,0.0,yfinance_raw_daily
2004-07-27,337.5,350.0,337.5,350.0,247.90615844726562,789000,0.0,0.0,yfinance_raw_daily
2004-07-28,350.0,362.5,337.5,350.0,247.90615844726562,27677000,0.0,0.0,yfinance_raw_daily
2004-07-29,350.0,350.0,337.5,350.0,247.90615844726562,1135000,0.0,0.0,yfinance_raw_daily
2004-07-30,350.0,350.0,350.0,350.0,247.90615844726562,8075000,0.0,0.0,yfinance_raw_daily
2004-08-02,350.0,350.0,337.5,350.0,247.90615844726562,1206000,0.0,0.0,yfinance_raw_daily
2004-08-03,350.0,362.5,350.0,350.0,247.90615844726562,39574000,0.0,0.0,yfinance_raw_daily
2004-08-04,350.0,350.0,337.5,350.0,247.90615844726562,123000,0.0,0.0,yfinance_raw_daily
2004-08-05,350.0,350.0,337.5,350.0,247.90615844726562,255000,0.0,0.0,yfinance_raw_daily
2004-08-06,350.0,350.0,337.5,350.0,247.90615844726562,3142000,0.0,0.0,yfinance_raw_daily
2004-08-09,337.5,350.0,337.5,350.0,247.90615844726562,908000,0.0,0.0,yfinance_raw_daily
2004-08-10,350.0,350.0,337.5,350.0,247.90615844726562,3204000,0.0,0.0,yfinance_raw_daily
2004-08-11,350.0,350.0,337.5,350.0,247.90615844726562,3320000,0.0,0.0,yfinance_raw_daily
2004-08-12,350.0,350.0,337.5,350.0,247.90615844726562,8587000,0.0,0.0,yfinance_raw_daily
2004-08-13,337.5,350.0,337.5,350.0,247.90615844726562,2472000,0.0,0.0,yfinance_raw_daily
2004-08-16,337.5,337.5,325.0,337.5,239.05230712890625,50018000,0.0,0.0,yfinance_raw_daily
2004-08-17,337.5,337.5,337.5,337.5,239.05230712890625,0,0.0,0.0,yfinance_raw_daily
2004-08-18,325.0,325.0,312.5,312.5,221.34474182128906,11226000,0.0,0.0,yfinance_raw_daily
2004-08-19,312.5,325.0,312.5,325.0,230.19854736328125,5535000,0.0,0.0,yfinance_raw_daily
2004-08-20,325.0,337.5,325.0,337.5,239.05230712890625,2583000,0.0,0.0,yfinance_raw_daily
2004-08-23,325.0,337.5,325.0,337.5,239.05230712890625,1054000,0.0,0.0,yfinance_raw_daily
2004-08-24,325.0,337.5,325.0,337.5,239.05230712890625,2458000,0.0,0.0,yfinance_raw_daily
2004-08-25,337.5,337.5,325.0,325.0,230.19854736328125,3488000,0.0,0.0,yfinance_raw_daily
2004-08-26,325.0,337.5,312.5,325.0,230.19854736328125,17031000,0.0,0.0,yfinance_raw_daily
2004-08-27,325.0,337.5,325.0,325.0,230.19854736328125,16137000,0.0,0.0,yfinance_raw_daily
2004-08-30,325.0,337.5,325.0,337.5,239.05230712890625,1162000,0.0,0.0,yfinance_raw_daily
2004-08-31,325.0,337.5,325.0,337.5,239.05230712890625,504000,0.0,0.0,yfinance_raw_daily
2004-09-01,325.0,350.0,325.0,350.0,247.90615844726562,21376000,0.0,0.0,yfinance_raw_daily
2004-09-02,337.5,350.0,337.5,350.0,247.90615844726562,7460000,0.0,0.0,yfinance_raw_daily
2004-09-03,337.5,350.0,337.5,350.0,247.90615844726562,22129000,0.0,0.0,yfinance_raw_daily
2004-09-06,337.5,350.0,337.5,350.0,247.90615844726562,1609000,0.0,0.0,yfinance_raw_daily
2004-09-07,337.5,362.5,337.5,362.5,256.7598876953125,31171000,0.0,0.0,yfinance_raw_daily
2004-09-08,362.5,362.5,350.0,362.5,256.7598876953125,10609000,0.0,0.0,yfinance_raw_daily
2004-09-09,362.5,362.5,337.5,362.5,256.7598876953125,76206000,0.0,0.0,yfinance_raw_daily
2004-09-10,362.5,375.0,350.0,375.0,265.61376953125,43615000,0.0,0.0,yfinance_raw_daily
2004-09-13,375.0,375.0,375.0,375.0,265.61376953125,0,0.0,0.0,yfinance_raw_daily
2004-09-14,375.0,375.0,362.5,375.0,265.61376953125,28800000,0.0,0.0,yfinance_raw_daily
2004-09-15,375.0,375.0,362.5,375.0,265.61376953125,3955000,0.0,0.0,yfinance_raw_daily
2004-09-16,362.5,375.0,362.5,362.5,256.7598876953125,11882000,0.0,0.0,yfinance_raw_daily
2004-09-17,362.5,375.0,362.5,375.0,265.61376953125,32543000,0.0,0.0,yfinance_raw_daily
2004-09-20,375.0,375.0,375.0,375.0,265.61376953125,0,0.0,0.0,yfinance_raw_daily
2004-09-21,375.0,375.0,350.0,362.5,256.7598876953125,32138000,0.0,0.0,yfinance_raw_daily
2004-09-22,362.5,362.5,350.0,362.5,256.7598876953125,2942000,0.0,0.0,yfinance_raw_daily
2004-09-23,362.5,362.5,350.0,362.5,256.7598876953125,24722000,0.0,0.0,yfinance_raw_daily
2004-09-24,350.0,362.5,350.0,362.5,256.7598876953125,574000,0.0,0.0,yfinance_raw_daily
2004-09-27,362.5,362.5,350.0,362.5,256.7598876953125,614000,0.0,0.0,yfinance_raw_daily
2004-09-28,350.0,362.5,350.0,362.5,256.7598876953125,5316000,0.0,0.0,yfinance_raw_daily
2004-09-29,350.0,362.5,350.0,362.5,256.7598876953125,1808000,0.0,0.0,yfinance_raw_daily
2004-09-30,350.0,362.5,337.5,337.5,239.05230712890625,16554000,0.0,0.0,yfinance_raw_daily
2004-10-01,350.0,362.5,350.0,362.5,256.7598876953125,964000,0.0,0.0,yfinance_raw_daily
2004-10-04,350.0,362.5,350.0,362.5,256.7598876953125,9230000,0.0,0.0,yfinance_raw_daily
2004-10-05,362.5,362.5,350.0,350.0,247.90615844726562,20287000,0.0,0.0,yfinance_raw_daily
2004-10-06,350.0,350.0,337.5,350.0,247.90615844726562,2001000,0.0,0.0,yfinance_raw_daily
2004-10-07,350.0,350.0,350.0,350.0,247.90615844726562,4087000,0.0,0.0,yfinance_raw_daily
2004-10-08,350.0,350.0,337.5,350.0,247.90615844726562,33288000,0.0,0.0,yfinance_raw_daily
2004-10-11,350.0,362.5,350.0,362.5,256.7598876953125,12822000,0.0,0.0,yfinance_raw_daily
2004-10-12,350.0,350.0,337.5,350.0,247.90615844726562,17915000,0.0,0.0,yfinance_raw_daily
2004-10-13,350.0,350.0,337.5,350.0,247.90615844726562,3367000,0.0,0.0,yfinance_raw_daily
2004-10-14,350.0,350.0,337.5,350.0,247.90615844726562,1137000,0.0,0.0,yfinance_raw_daily
2004-10-15,350.0,350.0,337.5,350.0,247.90615844726562,1045000,0.0,0.0,yfinance_raw_daily
2004-10-18,350.0,350.0,337.5,350.0,247.90615844726562,5230000,0.0,0.0,yfinance_raw_daily
2004-10-19,350.0,350.0,337.5,350.0,247.90615844726562,574000,0.0,0.0,yfinance_raw_daily
2004-10-20,350.0,350.0,337.5,350.0,247.90615844726562,46040000,0.0,0.0,yfinance_raw_daily
2004-10-21,337.5,350.0,337.5,350.0,247.90615844726562,12591000,0.0,0.0,yfinance_raw_daily
2004-10-22,337.5,350.0,337.5,350.0,247.90615844726562,2678000,0.0,0.0,yfinance_raw_daily
2004-10-25,337.5,350.0,337.5,350.0,247.90615844726562,8901000,0.0,0.0,yfinance_raw_daily
2004-10-26,337.5,350.0,337.5,350.0,247.90615844726562,1447000,0.0,0.0,yfinance_raw_daily
2004-10-27,337.5,350.0,337.5,337.5,239.05230712890625,5621000,0.0,0.0,yfinance_raw_daily
2004-10-28,337.5,350.0,337.5,350.0,247.90615844726562,17743000,0.0,0.0,yfinance_raw_daily
2004-10-29,337.5,337.5,337.5,337.5,239.05230712890625,14372000,0.0,0.0,yfinance_raw_daily
2004-11-01,337.5,350.0,337.5,350.0,247.90615844726562,2317000,0.0,0.0,yfinance_raw_daily
2004-11-02,337.5,375.0,337.5,362.5,256.7598876953125,108160000,0.0,0.0,yfinance_raw_daily
2004-11-03,362.5,362.5,350.0,350.0,247.90615844726562,2357000,0.0,0.0,yfinance_raw_daily
2004-11-04,350.0,362.5,350.0,350.0,247.90615844726562,38968000,0.0,0.0,yfinance_raw_daily
2004-11-05,350.0,362.5,350.0,350.0,247.90615844726562,14993000,0.0,0.0,yfinance_raw_daily
2004-11-08,350.0,362.5,350.0,350.0,247.90615844726562,15614000,0.0,0.0,yfinance_raw_daily
2004-11-09,350.0,362.5,350.0,362.5,256.7598876953125,5054000,0.0,0.0,yfinance_raw_daily
2004-11-10,362.5,362.5,350.0,362.5,256.7598876953125,3067000,0.0,0.0,yfinance_raw_daily
2004-11-11,362.5,362.5,350.0,350.0,247.90615844726562,16811000,0.0,0.0,yfinance_raw_daily
2004-11-12,362.5,362.5,350.0,362.5,256.7598876953125,49007000,0.0,0.0,yfinance_raw_daily
2004-11-15,362.5,362.5,362.5,362.5,256.7598876953125,0,0.0,0.0,yfinance_raw_daily
2004-11-16,362.5,362.5,362.5,362.5,256.7598876953125,0,0.0,0.0,yfinance_raw_daily
2004-11-17,362.5,362.5,362.5,362.5,256.7598876953125,0,0.0,0.0,yfinance_raw_daily
2004-11-18,362.5,362.5,362.5,362.5,256.7598876953125,0,0.0,0.0,yfinance_raw_daily
2004-11-19,362.5,362.5,362.5,362.5,256.7598876953125,0,0.0,0.0,yfinance_raw_daily
2004-11-22,362.5,362.5,337.5,350.0,247.90615844726562,24487000,0.0,0.0,yfinance_raw_daily
2004-11-23,350.0,362.5,350.0,362.5,256.7598876953125,92396000,0.0,0.0,yfinance_raw_daily
2004-11-24,362.5,375.0,350.0,362.5,256.7598876953125,161126000,0.0,0.0,yfinance_raw_daily
2004-11-25,362.5,375.0,362.5,375.0,265.61376953125,11564000,0.0,0.0,yfinance_raw_daily
2004-11-26,362.5,375.0,362.5,375.0,265.61376953125,10430000,0.0,0.0,yfinance_raw_daily
2004-11-29,375.0,375.0,362.5,375.0,265.61376953125,4830000,0.0,0.0,yfinance_raw_daily
2004-11-30,362.5,375.0,362.5,375.0,265.61376953125,15136000,0.0,0.0,yfinance_raw_daily
2004-12-01,375.0,400.0,375.0,387.5,274.467529296875,119373000,0.0,0.0,yfinance_raw_daily
2004-12-02,387.5,400.0,387.5,400.0,283.3212890625,83362000,0.0,0.0,yfinance_raw_daily
2004-12-03,387.5,400.0,375.0,387.5,274.467529296875,21326000,0.0,0.0,yfinance_raw_daily
2004-12-06,387.5,400.0,375.0,400.0,283.3212890625,32566000,0.0,0.0,yfinance_raw_daily
2004-12-07,400.0,400.0,375.0,387.5,274.467529296875,21095000,0.0,0.0,yfinance_raw_daily
2004-12-08,387.5,387.5,375.0,375.0,265.61376953125,86991000,0.0,0.0,yfinance_raw_daily
2004-12-09,375.0,387.5,362.5,375.0,265.61376953125,89498000,0.0,0.0,yfinance_raw_daily
2004-12-10,375.0,375.0,362.5,375.0,265.61376953125,3596000,0.0,0.0,yfinance_raw_daily
2004-12-13,375.0,375.0,362.5,375.0,265.61376953125,17716000,0.0,0.0,yfinance_raw_daily
2004-12-14,362.5,362.5,350.0,362.5,256.7598876953125,25410000,0.0,0.0,yfinance_raw_daily
2004-12-15,362.5,375.0,350.0,375.0,265.61376953125,42274000,0.0,0.0,yfinance_raw_daily
2004-12-16,362.5,375.0,362.5,375.0,265.61376953125,9817000,0.0,0.0,yfinance_raw_daily
2004-12-17,362.5,375.0,362.5,375.0,265.61376953125,4720000,0.0,0.0,yfinance_raw_daily
2004-12-20,375.0,375.0,362.5,375.0,265.61376953125,842000,0.0,0.0,yfinance_raw_daily
2004-12-21,375.0,375.0,375.0,375.0,265.61376953125,16408000,0.0,0.0,yfinance_raw_daily
2004-12-22,375.0,387.5,362.5,387.5,274.467529296875,31528000,0.0,0.0,yfinance_raw_daily
2004-12-23,375.0,387.5,362.5,375.0,265.61376953125,12545000,0.0,0.0,yfinance_raw_daily
2004-12-24,375.0,375.0,375.0,375.0,265.61376953125,0,0.0,0.0,yfinance_raw_daily
2004-12-27,375.0,387.5,375.0,387.5,274.467529296875,7859000,0.0,0.0,yfinance_raw_daily
2004-12-28,375.0,400.0,375.0,400.0,283.3212890625,64883000,0.0,0.0,yfinance_raw_daily
2004-12-29,400.0,400.0,387.5,400.0,283.3212890625,48227000,0.0,0.0,yfinance_raw_daily
2004-12-30,400.0,400.0,387.5,400.0,283.3212890625,22909000,0.0,0.0,yfinance_raw_daily
2004-12-31,400.0,400.0,400.0,400.0,283.3212890625,0,0.0,0.0,yfinance_raw_daily
2005-01-03,395.0,405.0,390.0,400.0,283.3212890625,56034000,0.0,0.0,yfinance_raw_daily
2005-01-04,400.0,435.0,400.0,430.0,304.57037353515625,241542000,0.0,0.0,yfinance_raw_daily
2005-01-05,430.0,440.0,420.0,420.0,297.4873352050781,218666000,0.0,0.0,yfinance_raw_daily
2005-01-06,420.0,435.0,420.0,425.0,301.02886962890625,97735000,0.0,0.0,yfinance_raw_daily
2005-01-07,425.0,435.0,420.0,420.0,297.4873352050781,67283000,0.0,0.0,yfinance_raw_daily
2005-01-10,420.0,420.0,405.0,410.0,290.40435791015625,61431000,0.0,0.0,yfinance_raw_daily
2005-01-11,405.0,415.0,405.0,415.0,293.9458312988281,54038000,0.0,0.0,yfinance_raw_daily
2005-01-12,415.0,415.0,405.0,410.0,290.40435791015625,20530000,0.0,0.0,yfinance_raw_daily
2005-01-13,405.0,415.0,405.0,410.0,290.40435791015625,33791000,0.0,0.0,yfinance_raw_daily
2005-01-14,410.0,410.0,405.0,410.0,290.40435791015625,25522000,0.0,0.0,yfinance_raw_daily
2005-01-17,410.0,410.0,400.0,405.0,286.86285400390625,16042000,0.0,0.0,yfinance_raw_daily
2005-01-18,405.0,405.0,395.0,400.0,283.3212890625,26284000,0.0,0.0,yfinance_raw_daily
2005-01-19,400.0,405.0,400.0,405.0,286.86285400390625,17166000,0.0,0.0,yfinance_raw_daily
2005-01-20,405.0,415.0,400.0,410.0,290.40435791015625,38137000,0.0,0.0,yfinance_raw_daily
2005-01-24,410.0,410.0,400.0,410.0,290.40435791015625,32654000,0.0,0.0,yfinance_raw_daily
2005-01-25,405.0,420.0,405.0,415.0,293.9458312988281,51808000,0.0,0.0,yfinance_raw_daily
2005-01-26,420.0,430.0,420.0,430.0,304.57037353515625,108498000,0.0,0.0,yfinance_raw_daily
2005-01-27,430.0,450.0,430.0,450.0,318.73638916015625,213555000,0.0,0.0,yfinance_raw_daily
2005-01-28,455.0,455.0,440.0,445.0,315.1949768066406,106027000,0.0,0.0,yfinance_raw_daily
2005-01-31,445.0,445.0,430.0,435.0,308.1119079589844,34670000,0.0,0.0,yfinance_raw_daily
2005-02-01,435.0,435.0,420.0,435.0,308.1119079589844,125404000,0.0,0.0,yfinance_raw_daily
2005-02-02,435.0,435.0,430.0,430.0,304.57037353515625,36164000,0.0,0.0,yfinance_raw_daily
2005-02-03,430.0,435.0,425.0,435.0,308.1119079589844,30641000,0.0,0.0,yfinance_raw_daily
2005-02-04,435.0,440.0,430.0,435.0,308.1119079589844,41935000,0.0,0.0,yfinance_raw_daily
2005-02-07,435.0,435.0,425.0,430.0,304.57037353515625,23604000,0.0,0.0,yfinance_raw_daily
2005-02-08,430.0,430.0,425.0,430.0,304.57037353515625,9904000,0.0,0.0,yfinance_raw_daily
2005-02-11,430.0,440.0,430.0,440.0,311.6534118652344,15832000,0.0,0.0,yfinance_raw_daily
2005-02-14,440.0,445.0,435.0,440.0,311.6534118652344,30798000,0.0,0.0,yfinance_raw_daily
2005-02-15,440.0,440.0,435.0,440.0,311.6534118652344,39653000,0.0,0.0,yfinance_raw_daily
2005-02-16,440.0,440.0,430.0,440.0,311.6534118652344,46127000,0.0,0.0,yfinance_raw_daily
2005-02-17,440.0,455.0,435.0,450.0,318.73638916015625,218982000,0.0,0.0,yfinance_raw_daily
2005-02-18,450.0,455.0,445.0,455.0,322.2779846191406,75493000,0.0,0.0,yfinance_raw_daily
2005-02-21,455.0,475.0,450.0,470.0,332.9024963378906,222459000,0.0,0.0,yfinance_raw_daily
2005-02-22,470.0,480.0,465.0,475.0,336.4440002441406,121607000,0.0,0.0,yfinance_raw_daily
2005-02-23,470.0,480.0,460.0,480.0,339.98553466796875,135715000,0.0,0.0,yfinance_raw_daily
2005-02-24,480.0,480.0,465.0,475.0,336.4440002441406,132619000,0.0,0.0,yfinance_raw_daily
2005-02-25,480.0,480.0,455.0,460.0,325.8195495605469,64915000,0.0,0.0,yfinance_raw_daily
2005-02-28,460.0,465.0,455.0,465.0,329.36102294921875,45619000,0.0,0.0,yfinance_raw_daily
2005-03-01,465.0,490.0,465.0,490.0,347.06854248046875,247379000,0.0,0.0,yfinance_raw_daily
2005-03-02,490.0,510.0,480.0,500.0,354.151611328125,185059000,0.0,0.0,yfinance_raw_daily
2005-03-03,500.0,530.0,500.0,525.0,371.8591613769531,212618000,0.0,0.0,yfinance_raw_daily
2005-03-04,525.0,525.0,510.0,515.0,364.7761535644531,101808000,0.0,0.0,yfinance_raw_daily
2005-03-07,510.0,515.0,500.0,505.0,357.693115234375,111486000,0.0,0.0,yfinance_raw_daily
2005-03-08,505.0,520.0,505.0,515.0,364.7761535644531,100660000,0.0,0.0,yfinance_raw_daily
2005-03-09,515.0,530.0,515.0,525.0,371.8591613769531,102661000,0.0,0.0,yfinance_raw_daily
2005-03-10,520.0,525.0,515.0,525.0,371.8591613769531,70362000,0.0,0.0,yfinance_raw_daily
2005-03-14,535.0,565.0,535.0,560.0,396.6497497558594,264744000,0.0,0.0,yfinance_raw_daily
2005-03-15,565.0,570.0,540.0,555.0,393.1082458496094,164521000,0.0,0.0,yfinance_raw_daily
2005-03-16,560.0,610.0,560.0,600.0,424.9819641113281,318903000,0.0,0.0,yfinance_raw_daily
2005-03-17,600.0,625.0,580.0,625.0,442.6894836425781,293740000,0.0,0.0,yfinance_raw_daily
2005-03-18,625.0,665.0,625.0,660.0,467.48016357421875,304711000,0.0,0.0,yfinance_raw_daily
2005-03-21,660.0,680.0,635.0,640.0,453.31402587890625,228010000,0.0,0.0,yfinance_raw_daily
2005-03-22,640.0,660.0,640.0,650.0,460.3970947265625,161940000,0.0,0.0,yfinance_raw_daily
2005-03-23,650.0,650.0,615.0,620.0,439.1480407714844,200327000,0.0,0.0,yfinance_raw_daily
2005-03-24,625.0,635.0,600.0,620.0,439.1480407714844,178544000,0.0,0.0,yfinance_raw_daily
2005-03-28,620.0,625.0,580.0,585.0,414.35736083984375,109755000,0.0,0.0,yfinance_raw_daily
2005-03-29,580.0,585.0,550.0,565.0,400.1913146972656,180316000,0.0,0.0,yfinance_raw_daily
2005-03-30,555.0,590.0,545.0,555.0,393.1082458496094,308461000,0.0,0.0,yfinance_raw_daily
2005-03-31,560.0,580.0,560.0,580.0,410.81591796875,186696000,0.0,0.0,yfinance_raw_daily
2005-04-01,575.0,595.0,570.0,580.0,410.81591796875,133437000,0.0,0.0,yfinance_raw_daily
2005-04-04,575.0,585.0,570.0,585.0,414.35736083984375,26149000,0.0,0.0,yfinance_raw_daily
2005-04-05,580.0,585.0,575.0,585.0,414.35736083984375,47097000,0.0,0.0,yfinance_raw_daily
2005-04-06,585.0,590.0,585.0,590.0,417.89892578125,30714000,0.0,0.0,yfinance_raw_daily
2005-04-07,590.0,595.0,585.0,585.0,414.35736083984375,53642000,0.0,0.0,yfinance_raw_daily
2005-04-08,590.0,605.0,585.0,600.0,424.9819641113281,105183000,0.0,0.0,yfinance_raw_daily
2005-04-11,600.0,600.0,590.0,595.0,421.44036865234375,23925000,0.0,0.0,yfinance_raw_daily
2005-04-12,590.0,595.0,590.0,595.0,421.44036865234375,7919000,0.0,0.0,yfinance_raw_daily
2005-04-13,595.0,610.0,585.0,590.0,417.89892578125,52545000,0.0,0.0,yfinance_raw_daily
2005-04-14,590.0,590.0,575.0,585.0,414.35736083984375,28971000,0.0,0.0,yfinance_raw_daily
2005-04-15,575.0,580.0,570.0,575.0,407.2744140625,20521000,0.0,0.0,yfinance_raw_daily
2005-04-18,565.0,565.0,540.0,540.0,382.4837646484375,101695000,0.0,0.0,yfinance_raw_daily
2005-04-19,545.0,550.0,520.0,540.0,382.4837646484375,113015000,0.0,0.0,yfinance_raw_daily
2005-04-20,545.0,560.0,530.0,555.0,393.1082458496094,79981000,0.0,0.0,yfinance_raw_daily
2005-04-21,545.0,545.0,530.0,535.0,378.94219970703125,57219000,0.0,0.0,yfinance_raw_daily
2005-04-25,540.0,540.0,505.0,510.0,361.2345886230469,75169000,0.0,0.0,yfinance_raw_daily
2005-04-26,510.0,530.0,505.0,530.0,375.40069580078125,136719000,0.0,0.0,yfinance_raw_daily
2005-04-27,530.0,530.0,515.0,515.0,364.7761535644531,26307000,0.0,0.0,yfinance_raw_daily
2005-04-28,520.0,525.0,515.0,515.0,364.7761535644531,31949000,0.0,0.0,yfinance_raw_daily
2005-04-29,515.0,515.0,505.0,510.0,361.2345886230469,30133000,0.0,0.0,yfinance_raw_daily
2005-05-02,510.0,510.0,485.0,495.0,350.6100769042969,57672000,0.0,0.0,yfinance_raw_daily
2005-05-03,495.0,515.0,485.0,505.0,357.693115234375,98343000,0.0,0.0,yfinance_raw_daily
2005-05-04,510.0,515.0,505.0,510.0,361.2345886230469,39312000,0.0,0.0,yfinance_raw_daily
2005-05-06,515.0,525.0,510.0,520.0,368.3177185058594,76919000,0.0,0.0,yfinance_raw_daily
2005-05-09,520.0,525.0,515.0,520.0,368.3177185058594,19165000,0.0,0.0,yfinance_raw_daily
2005-05-10,520.0,530.0,515.0,520.0,368.3177185058594,39833000,0.0,0.0,yfinance_raw_daily
2005-05-11,510.0,520.0,510.0,520.0,368.3177185058594,18626000,0.0,0.0,yfinance_raw_daily
2005-05-12,520.0,540.0,520.0,535.0,378.94219970703125,78576000,0.0,0.0,yfinance_raw_daily
2005-05-13,525.0,540.0,520.0,525.0,371.8591613769531,26706000,0.0,0.0,yfinance_raw_daily
2005-05-16,520.0,520.0,515.0,520.0,368.3177185058594,9679000,0.0,0.0,yfinance_raw_daily
2005-05-17,520.0,520.0,505.0,510.0,361.2345886230469,15768000,0.0,0.0,yfinance_raw_daily
2005-05-18,510.0,515.0,505.0,510.0,361.2345886230469,12269000,0.0,0.0,yfinance_raw_daily
2005-05-19,515.0,515.0,505.0,510.0,361.2345886230469,16858000,0.0,0.0,yfinance_raw_daily
2005-05-20,510.0,520.0,505.0,520.0,368.3177185058594,19317000,0.0,0.0,yfinance_raw_daily
2005-05-23,520.0,520.0,515.0,520.0,368.3177185058594,4241000,0.0,0.0,yfinance_raw_daily
2005-05-25,520.0,535.0,520.0,530.0,375.40069580078125,30249000,0.0,0.0,yfinance_raw_daily
2005-05-26,525.0,540.0,525.0,540.0,382.4837646484375,34684000,0.0,0.0,yfinance_raw_daily
2005-05-27,540.0,570.0,540.0,570.0,403.7327880859375,123872000,0.0,0.0,yfinance_raw_daily
2005-05-30,565.0,590.0,565.0,580.0,410.81591796875,86517000,0.0,0.0,yfinance_raw_daily
2005-05-31,580.0,600.0,580.0,600.0,424.9819641113281,66216000,0.0,0.0,yfinance_raw_daily
2005-06-01,600.0,600.0,585.0,590.0,417.89892578125,29937000,0.0,0.0,yfinance_raw_daily
2005-06-02,590.0,600.0,575.0,580.0,410.81591796875,32732000,0.0,0.0,yfinance_raw_daily
2005-06-03,580.0,590.0,575.0,590.0,417.89892578125,37023000,0.0,0.0,yfinance_raw_daily
2005-06-06,585.0,590.0,585.0,590.0,417.89892578125,9783000,0.0,0.0,yfinance_raw_daily
2005-06-07,590.0,595.0,585.0,595.0,421.44036865234375,26227000,0.0,0.0,yfinance_raw_daily
2005-06-08,590.0,595.0,590.0,590.0,417.89892578125,17511000,0.0,0.0,yfinance_raw_daily
2005-06-09,590.0,590.0,585.0,590.0,417.89892578125,8043000,0.0,0.0,yfinance_raw_daily
2005-06-10,585.0,585.0,580.0,585.0,414.35736083984375,17984000,0.0,0.0,yfinance_raw_daily
2005-06-13,585.0,590.0,580.0,590.0,417.89892578125,4922000,0.0,0.0,yfinance_raw_daily
2005-06-14,585.0,610.0,585.0,610.0,432.0649719238281,92778000,0.0,0.0,yfinance_raw_daily
2005-06-15,610.0,615.0,590.0,595.0,421.44036865234375,77013000,0.0,0.0,yfinance_raw_daily
2005-06-16,595.0,600.0,585.0,595.0,421.44036865234375,27698000,0.0,0.0,yfinance_raw_daily
2005-06-17,595.0,605.0,590.0,595.0,421.44036865234375,92915000,0.0,0.0,yfinance_raw_daily
2005-06-20,595.0,600.0,590.0,595.0,421.44036865234375,23548000,0.0,0.0,yfinance_raw_daily
2005-06-21,595.0,595.0,580.0,585.0,414.35736083984375,44941000,0.0,0.0,yfinance_raw_daily
2005-06-22,585.0,590.0,585.0,590.0,417.89892578125,25403000,0.0,0.0,yfinance_raw_daily
2005-06-23,590.0,595.0,585.0,590.0,417.89892578125,12196000,0.0,0.0,yfinance_raw_daily
2005-06-24,585.0,590.0,580.0,585.0,414.35736083984375,15022000,0.0,0.0,yfinance_raw_daily
2005-06-27,580.0,580.0,545.0,560.0,396.6497497558594,106657000,0.0,0.0,yfinance_raw_daily
2005-06-28,555.0,555.0,540.0,550.0,389.5667724609375,72868000,0.0,0.0,yfinance_raw_daily
2005-06-29,550.0,550.0,525.0,530.0,375.40069580078125,27018000,0.0,0.0,yfinance_raw_daily
2005-06-30,530.0,555.0,530.0,550.0,389.5667724609375,113320000,0.0,0.0,yfinance_raw_daily
2005-07-01,550.0,565.0,550.0,555.0,393.1082458496094,63773000,0.0,0.0,yfinance_raw_daily
2005-07-04,555.0,570.0,555.0,565.0,400.1913146972656,29660000,0.0,0.0,yfinance_raw_daily
2005-07-05,565.0,570.0,560.0,560.0,396.6497497558594,57030000,0.0,0.0,yfinance_raw_daily
2005-07-06,565.0,565.0,560.0,560.0,396.6497497558594,26392000,0.0,0.0,yfinance_raw_daily
2005-07-07,555.0,555.0,545.0,550.0,389.5667724609375,41212000,0.0,0.0,yfinance_raw_daily
2005-07-08,550.0,560.0,550.0,555.0,393.1082458496094,17489000,0.0,0.0,yfinance_raw_daily
2005-07-11,555.0,560.0,550.0,555.0,393.1082458496094,61308000,0.0,0.0,yfinance_raw_daily
2005-07-12,555.0,565.0,555.0,565.0,400.1913146972656,85717000,0.0,0.0,yfinance_raw_daily
2005-07-13,560.0,560.0,555.0,560.0,396.6497497558594,56559000,0.0,0.0,yfinance_raw_daily
2005-07-14,560.0,565.0,555.0,565.0,400.1913146972656,71272000,0.0,0.0,yfinance_raw_daily
2005-07-15,565.0,565.0,555.0,560.0,396.6497497558594,19789000,0.0,0.0,yfinance_raw_daily
2005-07-18,555.0,555.0,545.0,550.0,389.5667724609375,41020000,0.0,0.0,yfinance_raw_daily
2005-07-19,550.0,550.0,535.0,545.0,386.0252990722656,49766000,0.0,0.0,yfinance_raw_daily
2005-07-20,540.0,540.0,535.0,540.0,382.4837646484375,12949000,0.0,0.0,yfinance_raw_daily
2005-07-21,540.0,550.0,540.0,540.0,382.4837646484375,83726000,0.0,0.0,yfinance_raw_daily
2005-07-22,550.0,555.0,545.0,545.0,386.0252990722656,133114000,0.0,0.0,yfinance_raw_daily
2005-07-25,550.0,555.0,545.0,545.0,386.0252990722656,34968000,0.0,0.0,yfinance_raw_daily
2005-07-26,550.0,555.0,545.0,550.0,389.5667724609375,44460000,0.0,0.0,yfinance_raw_daily
2005-07-27,550.0,555.0,540.0,550.0,389.5667724609375,63031000,0.0,0.0,yfinance_raw_daily
2005-07-28,550.0,555.0,545.0,545.0,386.0252990722656,40993000,0.0,0.0,yfinance_raw_daily
2005-07-29,550.0,550.0,540.0,545.0,386.0252990722656,25002000,0.0,0.0,yfinance_raw_daily
2005-08-01,545.0,550.0,530.0,535.0,378.94219970703125,24202000,0.0,0.0,yfinance_raw_daily
2005-08-02,535.0,540.0,535.0,535.0,378.94219970703125,6912000,0.0,0.0,yfinance_raw_daily
2005-08-03,535.0,540.0,530.0,530.0,375.40069580078125,34583000,0.0,0.0,yfinance_raw_daily
2005-08-04,535.0,535.0,510.0,515.0,364.7761535644531,60230000,0.0,0.0,yfinance_raw_daily
2005-08-05,515.0,515.0,505.0,505.0,357.693115234375,44832000,0.0,0.0,yfinance_raw_daily
2005-08-08,505.0,505.0,495.0,500.0,354.151611328125,35799000,0.0,0.0,yfinance_raw_daily
2005-08-09,500.0,500.0,490.0,500.0,354.151611328125,22892000,0.0,0.0,yfinance_raw_daily
2005-08-10,500.0,500.0,495.0,500.0,354.151611328125,31504000,0.0,0.0,yfinance_raw_daily
2005-08-11,500.0,500.0,485.0,485.0,343.5271301269531,32036000,0.0,0.0,yfinance_raw_daily
2005-08-12,485.0,495.0,480.0,490.0,347.06854248046875,27987000,0.0,0.0,yfinance_raw_daily
2005-08-15,500.0,500.0,485.0,485.0,343.5271301269531,31413000,0.0,0.0,yfinance_raw_daily
2005-08-16,485.0,485.0,475.0,480.0,339.98553466796875,28014000,0.0,0.0,yfinance_raw_daily
2005-08-18,485.0,485.0,460.0,475.0,336.4440002441406,34754000,0.0,0.0,yfinance_raw_daily
2005-08-19,470.0,470.0,450.0,455.0,322.2779846191406,40368000,0.0,0.0,yfinance_raw_daily
2005-08-22,450.0,450.0,420.0,425.0,301.02886962890625,45589000,0.0,0.0,yfinance_raw_daily
2005-08-23,425.0,440.0,420.0,430.0,304.57037353515625,51981000,0.0,0.0,yfinance_raw_daily
2005-08-24,430.0,430.0,395.0,415.0,293.9458312988281,95270000,0.0,0.0,yfinance_raw_daily
2005-08-25,415.0,450.0,410.0,450.0,318.73638916015625,124497000,0.0,0.0,yfinance_raw_daily
2005-08-26,450.0,450.0,435.0,435.0,308.1119079589844,51139000,0.0,0.0,yfinance_raw_daily
2005-08-29,425.0,425.0,395.0,405.0,286.86285400390625,85817000,0.0,0.0,yfinance_raw_daily
2005-08-30,390.0,430.0,370.0,425.0,301.02886962890625,100341000,0.0,0.0,yfinance_raw_daily
2005-08-31,425.0,425.0,385.0,395.0,279.7797546386719,232102000,0.0,0.0,yfinance_raw_daily
2005-09-01,390.0,395.0,380.0,390.0,276.2382507324219,40932000,0.0,0.0,yfinance_raw_daily
2005-09-05,390.0,390.0,365.0,365.0,258.5306701660156,101183000,0.0,0.0,yfinance_raw_daily
2005-09-06,375.0,385.0,375.0,375.0,265.61376953125,71566000,0.0,0.0,yfinance_raw_daily
2005-09-07,385.0,390.0,380.0,385.0,272.6967468261719,50233000,0.0,0.0,yfinance_raw_daily
2005-09-08,390.0,400.0,385.0,395.0,279.7797546386719,82466000,0.0,0.0,yfinance_raw_daily
2005-09-09,400.0,425.0,400.0,425.0,301.02886962890625,118690000,0.0,0.0,yfinance_raw_daily
2005-09-12,425.0,445.0,425.0,445.0,315.1949768066406,112546000,0.0,0.0,yfinance_raw_daily
2005-09-13,445.0,445.0,425.0,425.0,301.02886962890625,99322000,0.0,0.0,yfinance_raw_daily
2005-09-14,425.0,425.0,390.0,390.0,276.2382507324219,88972000,0.0,0.0,yfinance_raw_daily
2005-09-15,390.0,395.0,375.0,380.0,269.15521240234375,146721000,0.0,0.0,yfinance_raw_daily
2005-09-16,380.0,385.0,380.0,380.0,269.15521240234375,61719000,0.0,0.0,yfinance_raw_daily
2005-09-19,385.0,390.0,380.0,380.0,269.15521240234375,30980000,0.0,0.0,yfinance_raw_daily
2005-09-20,380.0,380.0,370.0,375.0,265.61376953125,44402000,0.0,0.0,yfinance_raw_daily
2005-09-21,375.0,375.0,365.0,365.0,258.5306701660156,23979000,0.0,0.0,yfinance_raw_daily
2005-09-22,365.0,365.0,340.0,345.0,244.3645782470703,117309000,0.0,0.0,yfinance_raw_daily
2005-09-23,350.0,350.0,340.0,340.0,240.8231201171875,35692000,0.0,0.0,yfinance_raw_daily
2005-09-26,345.0,355.0,345.0,345.0,244.3645782470703,43253000,0.0,0.0,yfinance_raw_daily
2005-09-27,350.0,355.0,345.0,350.0,247.90615844726562,18080000,0.0,0.0,yfinance_raw_daily
2005-09-28,350.0,350.0,340.0,345.0,244.3645782470703,12096000,0.0,0.0,yfinance_raw_daily
2005-09-29,340.0,350.0,335.0,350.0,247.90615844726562,49154000,0.0,0.0,yfinance_raw_daily
2005-09-30,350.0,365.0,350.0,365.0,258.5306701660156,86960000,0.0,0.0,yfinance_raw_daily
2005-10-03,355.0,360.0,345.0,345.0,244.3645782470703,120240000,0.0,0.0,yfinance_raw_daily
2005-10-04,350.0,375.0,345.0,365.0,258.5306701660156,160237000,0.0,0.0,yfinance_raw_daily
2005-10-05,365.0,365.0,355.0,365.0,258.5306701660156,76320000,0.0,0.0,yfinance_raw_daily
2005-10-06,355.0,360.0,350.0,350.0,247.90615844726562,40927000,0.0,0.0,yfinance_raw_daily
2005-10-07,350.0,360.0,350.0,355.0,251.4476318359375,20781000,0.0,0.0,yfinance_raw_daily
2005-10-10,355.0,360.0,350.0,355.0,251.4476318359375,6296000,0.0,0.0,yfinance_raw_daily
2005-10-11,355.0,360.0,350.0,360.0,254.98912048339844,17388000,0.0,0.0,yfinance_raw_daily
2005-10-12,360.0,360.0,355.0,360.0,254.98912048339844,14338000,0.0,0.0,yfinance_raw_daily
2005-10-13,355.0,360.0,350.0,355.0,251.4476318359375,21999000,0.0,0.0,yfinance_raw_daily
2005-10-14,355.0,365.0,355.0,365.0,258.5306701660156,32347000,0.0,0.0,yfinance_raw_daily
2005-10-17,365.0,370.0,360.0,365.0,258.5306701660156,16456000,0.0,0.0,yfinance_raw_daily
2005-10-18,365.0,365.0,355.0,365.0,258.5306701660156,28814000,0.0,0.0,yfinance_raw_daily
2005-10-19,365.0,365.0,355.0,365.0,258.5306701660156,47950000,0.0,0.0,yfinance_raw_daily
2005-10-20,365.0,370.0,360.0,370.0,262.0721740722656,62291000,0.0,0.0,yfinance_raw_daily
2005-10-21,365.0,380.0,365.0,380.0,269.15521240234375,85771000,0.0,0.0,yfinance_raw_daily
2005-10-24,380.0,385.0,375.0,385.0,272.6967468261719,47889000,0.0,0.0,yfinance_raw_daily
2005-10-25,385.0,390.0,370.0,385.0,272.6967468261719,123432000,0.0,0.0,yfinance_raw_daily
2005-10-26,385.0,420.0,385.0,410.0,290.40435791015625,206695000,0.0,0.0,yfinance_raw_daily
2005-10-27,415.0,420.0,405.0,410.0,290.40435791015625,38643000,0.0,0.0,yfinance_raw_daily
2005-10-28,400.0,415.0,390.0,410.0,290.40435791015625,82532000,0.0,0.0,yfinance_raw_daily
2005-10-31,415.0,415.0,400.0,410.0,290.40435791015625,41237000,0.0,0.0,yfinance_raw_daily
2005-11-01,410.0,410.0,400.0,405.0,286.86285400390625,12335000,0.0,0.0,yfinance_raw_daily
2005-11-07,405.0,405.0,405.0,405.0,286.86285400390625,0,0.0,0.0,yfinance_raw_daily
2005-11-08,405.0,405.0,405.0,405.0,286.86285400390625,0,0.0,0.0,yfinance_raw_daily
2005-11-09,405.0,410.0,400.0,410.0,290.40435791015625,41988000,0.0,0.0,yfinance_raw_daily
2005-11-10,410.0,415.0,410.0,410.0,290.40435791015625,15007000,0.0,0.0,yfinance_raw_daily
2005-11-11,415.0,420.0,400.0,405.0,286.86285400390625,41755000,0.0,0.0,yfinance_raw_daily
2005-11-14,405.0,410.0,405.0,405.0,286.86285400390625,24121000,0.0,0.0,yfinance_raw_daily
2005-11-15,405.0,425.0,405.0,420.0,297.4873352050781,51530000,0.0,0.0,yfinance_raw_daily
2005-11-16,420.0,430.0,420.0,420.0,297.4873352050781,27072000,0.0,0.0,yfinance_raw_daily
2005-11-17,425.0,435.0,425.0,435.0,308.1119079589844,24153000,0.0,0.0,yfinance_raw_daily
2005-11-18,435.0,435.0,425.0,425.0,301.02886962890625,12420000,0.0,0.0,yfinance_raw_daily
2005-11-21,430.0,430.0,420.0,420.0,297.4873352050781,19877000,0.0,0.0,yfinance_raw_daily
2005-11-22,425.0,425.0,410.0,415.0,293.9458312988281,17413000,0.0,0.0,yfinance_raw_daily
2005-11-23,415.0,425.0,415.0,425.0,301.02886962890625,35560000,0.0,0.0,yfinance_raw_daily
2005-11-24,425.0,425.0,415.0,415.0,293.9458312988281,6692000,0.0,0.0,yfinance_raw_daily
2005-11-25,415.0,420.0,415.0,420.0,297.4873352050781,48513000,0.0,0.0,yfinance_raw_daily
2005-11-28,425.0,430.0,420.0,420.0,297.4873352050781,20432000,0.0,0.0,yfinance_raw_daily
2005-11-29,425.0,425.0,420.0,420.0,297.4873352050781,5045000,0.0,0.0,yfinance_raw_daily
2005-11-30,420.0,425.0,420.0,425.0,301.02886962890625,28466000,0.0,0.0,yfinance_raw_daily
2005-12-01,425.0,425.0,420.0,425.0,301.02886962890625,10080000,0.0,0.0,yfinance_raw_daily
2005-12-02,425.0,435.0,420.0,435.0,308.1119079589844,26594000,0.0,0.0,yfinance_raw_daily
2005-12-05,435.0,455.0,430.0,450.0,318.73638916015625,119886000,0.0,0.0,yfinance_raw_daily
2005-12-06,450.0,460.0,445.0,445.0,315.1949768066406,24487000,0.0,0.0,yfinance_raw_daily
2005-12-07,450.0,480.0,450.0,475.0,336.4440002441406,132456000,0.0,0.0,yfinance_raw_daily
2005-12-08,475.0,475.0,460.0,460.0,325.8195495605469,70393000,0.0,0.0,yfinance_raw_daily
2005-12-09,460.0,475.0,460.0,470.0,332.9024963378906,54756000,0.0,0.0,yfinance_raw_daily
2005-12-12,470.0,480.0,470.0,475.0,336.4440002441406,78665000,0.0,0.0,yfinance_raw_daily
2005-12-13,475.0,480.0,470.0,470.0,332.9024963378906,27350000,0.0,0.0,yfinance_raw_daily
2005-12-14,470.0,485.0,470.0,480.0,339.98553466796875,71308000,0.0,0.0,yfinance_raw_daily
2005-12-15,480.0,480.0,455.0,460.0,325.8195495605469,33263000,0.0,0.0,yfinance_raw_daily
2005-12-16,460.0,470.0,455.0,460.0,325.8195495605469,22942000,0.0,0.0,yfinance_raw_daily
2005-12-19,460.0,475.0,460.0,475.0,336.4440002441406,47955000,0.0,0.0,yfinance_raw_daily
2005-12-20,475.0,475.0,465.0,470.0,332.9024963378906,12799000,0.0,0.0,yfinance_raw_daily
2005-12-21,470.0,470.0,455.0,455.0,322.2779846191406,10221000,0.0,0.0,yfinance_raw_daily
2005-12-22,455.0,460.0,450.0,455.0,322.2779846191406,11066000,0.0,0.0,yfinance_raw_daily
2005-12-23,455.0,455.0,450.0,450.0,318.73638916015625,10535000,0.0,0.0,yfinance_raw_daily
2005-12-26,450.0,450.0,450.0,450.0,318.73638916015625,0,0.0,0.0,yfinance_raw_daily
2005-12-27,455.0,460.0,450.0,450.0,318.73638916015625,4060000,0.0,0.0,yfinance_raw_daily
2005-12-28,450.0,460.0,450.0,460.0,325.8195495605469,5823000,0.0,0.0,yfinance_raw_daily
2005-12-29,465.0,465.0,455.0,455.0,322.2779846191406,5526000,0.0,0.0,yfinance_raw_daily
2005-12-30,455.0,455.0,455.0,455.0,322.2779846191406,0,0.0,0.0,yfinance_raw_daily
2006-01-02,455.0,455.0,455.0,455.0,322.2779846191406,2482000,0.0,0.0,yfinance_raw_daily
2006-01-03,455.0,475.0,455.0,470.0,332.9024963378906,41819000,0.0,0.0,yfinance_raw_daily
2006-01-04,475.0,490.0,475.0,490.0,347.06854248046875,123480000,0.0,0.0,yfinance_raw_daily
2006-01-05,490.0,495.0,465.0,470.0,332.9024963378906,63661000,0.0,0.0,yfinance_raw_daily
2006-01-06,465.0,480.0,465.0,475.0,336.4440002441406,19633000,0.0,0.0,yfinance_raw_daily
2006-01-09,475.0,480.0,475.0,480.0,339.98553466796875,30612000,0.0,0.0,yfinance_raw_daily
2006-01-10,480.0,480.0,480.0,480.0,339.98553466796875,0,0.0,0.0,yfinance_raw_daily
2006-01-11,480.0,485.0,470.0,485.0,343.5271301269531,34988000,0.0,0.0,yfinance_raw_daily
2006-01-12,485.0,485.0,470.0,475.0,336.4440002441406,30825000,0.0,0.0,yfinance_raw_daily
2006-01-13,470.0,475.0,470.0,470.0,332.9024963378906,19883000,0.0,0.0,yfinance_raw_daily
2006-01-16,470.0,470.0,455.0,460.0,325.8195495605469,26207000,0.0,0.0,yfinance_raw_daily
2006-01-17,450.0,455.0,430.0,430.0,304.57037353515625,68697000,0.0,0.0,yfinance_raw_daily
2006-01-18,420.0,430.0,410.0,420.0,297.4873352050781,49740000,0.0,0.0,yfinance_raw_daily
2006-01-19,425.0,445.0,425.0,445.0,315.1949768066406,47695000,0.0,0.0,yfinance_raw_daily
2006-01-20,450.0,450.0,430.0,435.0,308.1119079589844,25851000,0.0,0.0,yfinance_raw_daily
2006-01-23,425.0,430.0,420.0,430.0,304.57037353515625,30402000,0.0,0.0,yfinance_raw_daily
2006-01-24,430.0,435.0,425.0,430.0,304.57037353515625,22005000,0.0,0.0,yfinance_raw_daily
2006-01-25,430.0,440.0,430.0,435.0,308.1119079589844,16630000,0.0,0.0,yfinance_raw_daily
2006-01-26,440.0,440.0,430.0,435.0,308.1119079589844,39775000,0.0,0.0,yfinance_raw_daily
2006-01-27,440.0,445.0,430.0,440.0,311.6534118652344,39803000,0.0,0.0,yfinance_raw_daily
2006-01-30,440.0,440.0,435.0,440.0,311.6534118652344,1886000,0.0,0.0,yfinance_raw_daily
2006-01-31,440.0,440.0,440.0,440.0,311.6534118652344,0,0.0,0.0,yfinance_raw_daily
2006-02-01,435.0,450.0,435.0,445.0,315.1949768066406,66398000,0.0,0.0,yfinance_raw_daily
2006-02-02,445.0,460.0,445.0,460.0,325.8195495605469,39920000,0.0,0.0,yfinance_raw_daily
2006-02-03,460.0,465.0,450.0,460.0,325.8195495605469,62241000,0.0,0.0,yfinance_raw_daily
2006-02-06,455.0,460.0,450.0,455.0,322.2779846191406,15927000,0.0,0.0,yfinance_raw_daily
2006-02-07,455.0,455.0,445.0,450.0,318.73638916015625,27034000,0.0,0.0,yfinance_raw_daily
2006-02-08,450.0,450.0,440.0,440.0,311.6534118652344,27822000,0.0,0.0,yfinance_raw_daily
2006-02-09,445.0,445.0,440.0,445.0,315.1949768066406,19735000,0.0,0.0,yfinance_raw_daily
2006-02-10,445.0,445.0,435.0,440.0,311.6534118652344,21177000,0.0,0.0,yfinance_raw_daily
2006-02-13,440.0,450.0,440.0,445.0,315.1949768066406,23269000,0.0,0.0,yfinance_raw_daily
2006-02-14,440.0,440.0,435.0,440.0,311.6534118652344,16003000,0.0,0.0,yfinance_raw_daily
2006-02-15,445.0,445.0,430.0,435.0,308.1119079589844,18971000,0.0,0.0,yfinance_raw_daily
2006-02-16,435.0,435.0,430.0,435.0,308.1119079589844,13303000,0.0,0.0,yfinance_raw_daily
2006-02-17,430.0,435.0,430.0,435.0,308.1119079589844,10668000,0.0,0.0,yfinance_raw_daily
2006-02-20,435.0,435.0,420.0,420.0,297.4873352050781,37894000,0.0,0.0,yfinance_raw_daily
2006-02-21,425.0,425.0,415.0,420.0,297.4873352050781,20854000,0.0,0.0,yfinance_raw_daily
2006-02-22,420.0,425.0,420.0,420.0,297.4873352050781,14253000,0.0,0.0,yfinance_raw_daily
2006-02-23,420.0,425.0,420.0,420.0,297.4873352050781,30100000,0.0,0.0,yfinance_raw_daily
2006-02-24,425.0,425.0,415.0,420.0,297.4873352050781,20730000,0.0,0.0,yfinance_raw_daily
2006-02-27,420.0,430.0,420.0,425.0,301.02886962890625,30725000,0.0,0.0,yfinance_raw_daily
2006-02-28,425.0,425.0,420.0,420.0,297.4873352050781,9254000,0.0,0.0,yfinance_raw_daily
2006-03-01,420.0,420.0,405.0,415.0,293.9458312988281,55502000,0.0,0.0,yfinance_raw_daily
2006-03-02,415.0,415.0,410.0,415.0,293.9458312988281,20796000,0.0,0.0,yfinance_raw_daily
2006-03-03,415.0,425.0,410.0,420.0,297.4873352050781,202572000,0.0,0.0,yfinance_raw_daily
2006-03-06,425.0,430.0,415.0,420.0,297.4873352050781,139459000,0.0,0.0,yfinance_raw_daily
2006-03-07,420.0,420.0,410.0,420.0,297.4873352050781,97991000,0.0,0.0,yfinance_raw_daily
2006-03-08,415.0,415.0,405.0,405.0,286.86285400390625,36799000,0.0,0.0,yfinance_raw_daily
2006-03-09,410.0,410.0,405.0,410.0,290.40435791015625,16882000,0.0,0.0,yfinance_raw_daily
2006-03-10,410.0,415.0,405.0,410.0,290.40435791015625,26131000,0.0,0.0,yfinance_raw_daily
2006-03-13,415.0,415.0,405.0,405.0,286.86285400390625,5664000,0.0,0.0,yfinance_raw_daily
2006-03-14,405.0,420.0,405.0,410.0,290.40435791015625,28788000,0.0,0.0,yfinance_raw_daily
2006-03-15,415.0,415.0,410.0,415.0,293.9458312988281,23979000,0.0,0.0,yfinance_raw_daily
2006-03-16,415.0,425.0,415.0,425.0,301.02886962890625,68912000,0.0,0.0,yfinance_raw_daily
2006-03-17,425.0,435.0,425.0,435.0,308.1119079589844,131180000,0.0,0.0,yfinance_raw_daily
2006-03-20,435.0,435.0,425.0,430.0,304.57037353515625,87241000,0.0,0.0,yfinance_raw_daily
2006-03-21,430.0,440.0,425.0,435.0,308.1119079589844,143156000,0.0,0.0,yfinance_raw_daily
2006-03-22,430.0,435.0,425.0,430.0,304.57037353515625,79034000,0.0,0.0,yfinance_raw_daily
2006-03-23,430.0,435.0,430.0,435.0,308.1119079589844,52542000,0.0,0.0,yfinance_raw_daily
2006-03-24,435.0,445.0,435.0,440.0,311.6534118652344,47483000,0.0,0.0,yfinance_raw_daily
2006-03-27,440.0,445.0,435.0,440.0,311.6534118652344,22017000,0.0,0.0,yfinance_raw_daily
2006-03-28,435.0,445.0,435.0,445.0,315.1949768066406,45062000,0.0,0.0,yfinance_raw_daily
2006-03-29,440.0,445.0,430.0,445.0,315.1949768066406,110864000,0.0,0.0,yfinance_raw_daily
2006-03-30,445.0,445.0,445.0,445.0,315.1949768066406,0,0.0,0.0,yfinance_raw_daily
2006-03-31,445.0,445.0,445.0,445.0,315.1949768066406,0,0.0,0.0,yfinance_raw_daily
2006-04-03,440.0,450.0,440.0,450.0,318.73638916015625,73044000,0.0,0.0,yfinance_raw_daily
2006-04-04,445.0,450.0,430.0,435.0,308.1119079589844,21915000,0.0,0.0,yfinance_raw_daily
2006-04-05,435.0,440.0,435.0,440.0,311.6534118652344,11993000,0.0,0.0,yfinance_raw_daily
2006-04-06,440.0,445.0,435.0,445.0,315.1949768066406,40859000,0.0,0.0,yfinance_raw_daily
2006-04-07,445.0,450.0,440.0,445.0,315.1949768066406,20458000,0.0,0.0,yfinance_raw_daily
2006-04-10,445.0,445.0,445.0,445.0,315.1949768066406,0,0.0,0.0,yfinance_raw_daily
2006-04-11,445.0,445.0,440.0,440.0,311.6534118652344,9906000,0.0,0.0,yfinance_raw_daily
2006-04-12,440.0,465.0,440.0,460.0,325.8195495605469,140267000,0.0,0.0,yfinance_raw_daily
2006-04-13,460.0,475.0,460.0,475.0,336.4440002441406,190896000,0.0,0.0,yfinance_raw_daily
2006-04-14,475.0,475.0,475.0,475.0,336.4440002441406,0,0.0,0.0,yfinance_raw_daily
2006-04-17,470.0,480.0,465.0,475.0,336.4440002441406,94837000,0.0,0.0,yfinance_raw_daily
2006-04-18,475.0,495.0,475.0,495.0,350.6100769042969,169116000,0.0,0.0,yfinance_raw_daily
2006-04-19,495.0,495.0,485.0,485.0,343.5271301269531,85964000,0.0,0.0,yfinance_raw_daily
2006-04-20,490.0,495.0,480.0,485.0,343.5271301269531,48901000,0.0,0.0,yfinance_raw_daily
2006-04-21,480.0,485.0,475.0,480.0,339.98553466796875,55571000,0.0,0.0,yfinance_raw_daily
2006-04-24,480.0,480.0,465.0,475.0,336.4440002441406,62664000,0.0,0.0,yfinance_raw_daily
2006-04-25,470.0,475.0,465.0,475.0,336.4440002441406,55968000,0.0,0.0,yfinance_raw_daily
2006-04-26,475.0,515.0,475.0,515.0,364.7761535644531,296125000,0.0,0.0,yfinance_raw_daily
2006-04-27,520.0,530.0,505.0,510.0,361.2345886230469,211113000,0.0,0.0,yfinance_raw_daily
2006-04-28,505.0,570.0,500.0,565.0,400.1913146972656,327847000,0.0,0.0,yfinance_raw_daily
2006-05-01,560.0,575.0,550.0,575.0,407.2744140625,218313000,0.0,0.0,yfinance_raw_daily
2006-05-02,575.0,575.0,555.0,560.0,396.6497497558594,112093000,0.0,0.0,yfinance_raw_daily
2006-05-03,560.0,575.0,535.0,570.0,403.7327880859375,240001000,0.0,0.0,yfinance_raw_daily
2006-05-04,565.0,620.0,565.0,605.0,428.5234680175781,452095000,0.0,0.0,yfinance_raw_daily
2006-05-05,600.0,600.0,585.0,590.0,417.89892578125,72746000,0.0,0.0,yfinance_raw_daily
2006-05-08,590.0,600.0,585.0,590.0,417.89892578125,43136000,0.0,0.0,yfinance_raw_daily
2006-05-09,595.0,610.0,585.0,590.0,417.89892578125,158105000,0.0,0.0,yfinance_raw_daily
2006-05-10,590.0,590.0,570.0,585.0,414.35736083984375,75247000,0.0,0.0,yfinance_raw_daily
2006-05-11,580.0,600.0,580.0,590.0,417.89892578125,54853000,0.0,0.0,yfinance_raw_daily
2006-05-12,585.0,585.0,570.0,580.0,410.81591796875,68768000,0.0,0.0,yfinance_raw_daily
2006-05-15,575.0,575.0,500.0,510.0,361.2345886230469,151063000,0.0,0.0,yfinance_raw_daily
2006-05-16,510.0,530.0,470.0,525.0,371.8591613769531,197124000,0.0,0.0,yfinance_raw_daily
2006-05-17,530.0,545.0,525.0,530.0,375.40069580078125,114527000,0.0,0.0,yfinance_raw_daily
2006-05-18,500.0,510.0,485.0,500.0,354.151611328125,113815000,0.0,0.0,yfinance_raw_daily
2006-05-19,490.0,515.0,490.0,505.0,357.693115234375,51807000,0.0,0.0,yfinance_raw_daily
2006-05-22,505.0,505.0,450.0,455.0,322.2779846191406,75511000,0.0,0.0,yfinance_raw_daily
2006-05-23,455.0,485.0,440.0,485.0,343.5271301269531,129392000,0.0,0.0,yfinance_raw_daily
2006-05-24,480.0,490.0,455.0,460.0,325.8195495605469,88674000,0.0,0.0,yfinance_raw_daily
2006-05-25,460.0,460.0,460.0,460.0,325.8195495605469,0,0.0,0.0,yfinance_raw_daily
2006-05-26,460.0,460.0,460.0,460.0,325.8195495605469,0,0.0,0.0,yfinance_raw_daily
2006-05-29,470.0,495.0,465.0,475.0,336.4440002441406,104963000,0.0,0.0,yfinance_raw_daily
2006-05-30,480.0,500.0,480.0,485.0,343.5271301269531,89834000,0.0,0.0,yfinance_raw_daily
2006-05-31,470.0,480.0,465.0,470.0,332.9024963378906,48627000,0.0,0.0,yfinance_raw_daily
2006-06-01,480.0,485.0,450.0,455.0,322.2779846191406,56360000,0.0,0.0,yfinance_raw_daily
2006-06-02,460.0,490.0,455.0,485.0,343.5271301269531,80651000,0.0,0.0,yfinance_raw_daily
2006-06-05,485.0,515.0,485.0,500.0,354.151611328125,100387000,0.0,0.0,yfinance_raw_daily
2006-06-06,490.0,505.0,485.0,495.0,350.6100769042969,80117000,0.0,0.0,yfinance_raw_daily
2006-06-07,490.0,490.0,470.0,475.0,336.4440002441406,36271000,0.0,0.0,yfinance_raw_daily
2006-06-08,465.0,470.0,445.0,455.0,322.2779846191406,115249000,0.0,0.0,yfinance_raw_daily
2006-06-09,460.0,475.0,455.0,475.0,336.4440002441406,67478000,0.0,0.0,yfinance_raw_daily
2006-06-12,470.0,480.0,460.0,470.0,332.9024963378906,42817000,0.0,0.0,yfinance_raw_daily
2006-06-13,460.0,460.0,420.0,435.0,308.1119079589844,180599000,0.0,0.0,yfinance_raw_daily
2006-06-14,430.0,435.0,420.0,435.0,308.1119079589844,57198000,0.0,0.0,yfinance_raw_daily
2006-06-15,445.0,450.0,425.0,430.0,304.57037353515625,68111000,0.0,0.0,yfinance_raw_daily
2006-06-16,440.0,465.0,440.0,465.0,329.36102294921875,150184000,0.0,0.0,yfinance_raw_daily
2006-06-19,455.0,460.0,455.0,460.0,325.8195495605469,22172000,0.0,0.0,yfinance_raw_daily
2006-06-20,450.0,450.0,440.0,450.0,318.73638916015625,32162000,0.0,0.0,yfinance_raw_daily
2006-06-21,450.0,450.0,435.0,440.0,311.6534118652344,42642000,0.0,0.0,yfinance_raw_daily
2006-06-22,450.0,450.0,435.0,440.0,311.6534118652344,76875000,0.0,0.0,yfinance_raw_daily
2006-06-23,430.0,435.0,430.0,435.0,308.1119079589844,21453000,0.0,0.0,yfinance_raw_daily
2006-06-26,435.0,435.0,430.0,435.0,308.1119079589844,16064000,0.0,0.0,yfinance_raw_daily
2006-06-27,435.0,435.0,425.0,430.0,304.57037353515625,30178000,0.0,0.0,yfinance_raw_daily
2006-06-28,425.0,430.0,420.0,425.0,301.02886962890625,22823000,0.0,0.0,yfinance_raw_daily
2006-06-29,425.0,440.0,425.0,435.0,308.1119079589844,59934000,0.0,0.0,yfinance_raw_daily
2006-06-30,445.0,450.0,435.0,440.0,311.6534118652344,65450000,0.0,0.0,yfinance_raw_daily
2006-07-03,440.0,450.0,435.0,445.0,315.1949768066406,77286000,0.0,0.0,yfinance_raw_daily
2006-07-04,450.0,465.0,450.0,460.0,325.8195495605469,142275000,0.0,0.0,yfinance_raw_daily
2006-07-05,460.0,460.0,450.0,455.0,322.2779846191406,15591000,0.0,0.0,yfinance_raw_daily
2006-07-06,450.0,465.0,445.0,465.0,329.36102294921875,61378000,0.0,0.0,yfinance_raw_daily
2006-07-07,465.0,470.0,460.0,465.0,329.36102294921875,53333000,0.0,0.0,yfinance_raw_daily
2006-07-10,455.0,475.0,455.0,465.0,329.36102294921875,27624000,0.0,0.0,yfinance_raw_daily
2006-07-11,465.0,470.0,460.0,465.0,329.36102294921875,16938000,0.0,0.0,yfinance_raw_daily
2006-07-12,460.0,475.0,460.0,475.0,336.4440002441406,62271000,0.0,0.0,yfinance_raw_daily
2006-07-13,475.0,480.0,465.0,470.0,332.9024963378906,102608000,0.0,0.0,yfinance_raw_daily
2006-07-14,460.0,465.0,455.0,460.0,325.8195495605469,64022000,0.0,0.0,yfinance_raw_daily
2006-07-17,450.0,460.0,450.0,450.0,318.73638916015625,73859000,0.0,0.0,yfinance_raw_daily
2006-07-18,455.0,465.0,455.0,460.0,325.8195495605469,52578000,0.0,0.0,yfinance_raw_daily
2006-07-19,465.0,470.0,460.0,460.0,325.8195495605469,12387000,0.0,0.0,yfinance_raw_daily
2006-07-20,475.0,495.0,470.0,495.0,350.6100769042969,108752000,0.0,0.0,yfinance_raw_daily
2006-07-21,490.0,495.0,485.0,485.0,343.5271301269531,62490000,0.0,0.0,yfinance_raw_daily
2006-07-24,480.0,495.0,480.0,495.0,350.6100769042969,35885000,0.0,0.0,yfinance_raw_daily
2006-07-25,495.0,500.0,490.0,490.0,347.06854248046875,83953000,0.0,0.0,yfinance_raw_daily
2006-07-26,490.0,500.0,490.0,495.0,350.6100769042969,34087000,0.0,0.0,yfinance_raw_daily
2006-07-27,495.0,525.0,495.0,520.0,368.3177185058594,167596000,0.0,0.0,yfinance_raw_daily
2006-07-28,525.0,525.0,510.0,510.0,361.2345886230469,24922000,0.0,0.0,yfinance_raw_daily
2006-07-31,520.0,525.0,515.0,525.0,371.8591613769531,51698000,0.0,0.0,yfinance_raw_daily
2006-08-01,520.0,540.0,520.0,530.0,375.40069580078125,92046000,0.0,0.0,yfinance_raw_daily
2006-08-02,530.0,540.0,525.0,535.0,378.94219970703125,61726000,0.0,0.0,yfinance_raw_daily
2006-08-03,535.0,540.0,530.0,535.0,378.94219970703125,64470000,0.0,0.0,yfinance_raw_daily
2006-08-04,530.0,535.0,525.0,525.0,371.8591613769531,17352000,0.0,0.0,yfinance_raw_daily
2006-08-07,530.0,535.0,510.0,510.0,361.2345886230469,81437000,0.0,0.0,yfinance_raw_daily
2006-08-08,510.0,520.0,505.0,510.0,361.2345886230469,86130000,0.0,0.0,yfinance_raw_daily
2006-08-09,510.0,525.0,510.0,520.0,368.3177185058594,92803000,0.0,0.0,yfinance_raw_daily
2006-08-10,520.0,535.0,510.0,520.0,368.3177185058594,136052000,0.0,0.0,yfinance_raw_daily
2006-08-11,520.0,530.0,520.0,520.0,368.3177185058594,26699000,0.0,0.0,yfinance_raw_daily
2006-08-14,520.0,525.0,520.0,525.0,371.8591613769531,11309000,0.0,0.0,yfinance_raw_daily
2006-08-15,525.0,540.0,525.0,540.0,382.4837646484375,74807000,0.0,0.0,yfinance_raw_daily
2006-08-16,550.0,550.0,535.0,540.0,382.4837646484375,57567000,0.0,0.0,yfinance_raw_daily
2006-08-17,540.0,540.0,540.0,540.0,382.4837646484375,0,0.0,0.0,yfinance_raw_daily
2006-08-18,540.0,540.0,540.0,540.0,382.4837646484375,0,0.0,0.0,yfinance_raw_daily
2006-08-21,540.0,540.0,540.0,540.0,382.4837646484375,0,0.0,0.0,yfinance_raw_daily
2006-08-22,545.0,545.0,530.0,530.0,375.40069580078125,19264000,0.0,0.0,yfinance_raw_daily
2006-08-23,530.0,545.0,530.0,540.0,382.4837646484375,17428000,0.0,0.0,yfinance_raw_daily
2006-08-24,550.0,590.0,550.0,580.0,410.81591796875,256939000,0.0,0.0,yfinance_raw_daily
2006-08-25,580.0,585.0,560.0,570.0,403.7327880859375,143127000,0.0,0.0,yfinance_raw_daily
2006-08-28,575.0,575.0,565.0,565.0,400.1913146972656,44572000,0.0,0.0,yfinance_raw_daily
2006-08-29,570.0,585.0,570.0,585.0,414.35736083984375,71221000,0.0,0.0,yfinance_raw_daily
2006-08-30,585.0,595.0,580.0,590.0,417.89892578125,86460000,0.0,0.0,yfinance_raw_daily
2006-08-31,595.0,610.0,580.0,595.0,421.44036865234375,175138000,0.0,0.0,yfinance_raw_daily
2006-09-01,595.0,610.0,595.0,600.0,424.9819641113281,78598000,0.0,0.0,yfinance_raw_daily
2006-09-04,605.0,610.0,595.0,605.0,428.5234680175781,68233000,0.0,0.0,yfinance_raw_daily
2006-09-05,605.0,605.0,595.0,595.0,421.44036865234375,33087000,0.0,0.0,yfinance_raw_daily
2006-09-06,595.0,600.0,595.0,600.0,424.9819641113281,13715000,0.0,0.0,yfinance_raw_daily
2006-09-07,595.0,605.0,590.0,590.0,417.89892578125,28846000,0.0,0.0,yfinance_raw_daily
2006-09-08,595.0,605.0,590.0,600.0,424.9819641113281,34735000,0.0,0.0,yfinance_raw_daily
2006-09-11,600.0,600.0,585.0,590.0,417.89892578125,15022000,0.0,0.0,yfinance_raw_daily
2006-09-12,585.0,585.0,560.0,575.0,407.2744140625,57252000,0.0,0.0,yfinance_raw_daily
2006-09-13,575.0,600.0,575.0,600.0,424.9819641113281,119904000,0.0,0.0,yfinance_raw_daily
2006-09-14,600.0,625.0,600.0,625.0,442.6894836425781,187811000,0.0,0.0,yfinance_raw_daily
2006-09-15,625.0,625.0,620.0,625.0,442.6894836425781,40531000,0.0,0.0,yfinance_raw_daily
2006-09-18,630.0,630.0,615.0,625.0,442.6894836425781,34722000,0.0,0.0,yfinance_raw_daily
2006-09-19,625.0,640.0,625.0,635.0,449.77252197265625,90281000,0.0,0.0,yfinance_raw_daily
2006-09-20,625.0,635.0,620.0,635.0,449.77252197265625,59010000,0.0,0.0,yfinance_raw_daily
2006-09-21,630.0,635.0,630.0,635.0,449.77252197265625,31378000,0.0,0.0,yfinance_raw_daily
2006-09-22,630.0,640.0,630.0,630.0,446.23101806640625,57014000,0.0,0.0,yfinance_raw_daily
2006-09-25,625.0,630.0,625.0,625.0,442.6894836425781,27647000,0.0,0.0,yfinance_raw_daily
2006-09-26,630.0,630.0,615.0,620.0,439.1480407714844,16757000,0.0,0.0,yfinance_raw_daily
2006-09-27,625.0,630.0,615.0,625.0,442.6894836425781,52319000,0.0,0.0,yfinance_raw_daily
2006-09-28,625.0,625.0,615.0,620.0,439.1480407714844,64572000,0.0,0.0,yfinance_raw_daily
2006-09-29,620.0,625.0,620.0,625.0,442.6894836425781,30434000,0.0,0.0,yfinance_raw_daily
2006-10-02,625.0,625.0,615.0,620.0,439.1480407714844,12834000,0.0,0.0,yfinance_raw_daily
2006-10-03,620.0,630.0,620.0,620.0,439.1480407714844,33351000,0.0,0.0,yfinance_raw_daily
2006-10-04,625.0,625.0,615.0,625.0,442.6894836425781,17094000,0.0,0.0,yfinance_raw_daily
2006-10-05,625.0,640.0,625.0,635.0,449.77252197265625,47031000,0.0,0.0,yfinance_raw_daily
2006-10-06,635.0,635.0,625.0,630.0,446.23101806640625,36507000,0.0,0.0,yfinance_raw_daily
2006-10-09,630.0,630.0,615.0,620.0,439.1480407714844,15808000,0.0,0.0,yfinance_raw_daily
2006-10-10,620.0,660.0,620.0,660.0,467.48016357421875,160779000,0.0,0.0,yfinance_raw_daily
2006-10-11,660.0,670.0,650.0,650.0,460.3970947265625,58150000,0.0,0.0,yfinance_raw_daily
2006-10-12,655.0,655.0,645.0,650.0,460.3970947265625,49046000,0.0,0.0,yfinance_raw_daily
2006-10-13,655.0,660.0,650.0,655.0,463.9385986328125,19713000,0.0,0.0,yfinance_raw_daily
2006-10-16,655.0,665.0,650.0,655.0,463.9385986328125,41966000,0.0,0.0,yfinance_raw_daily
2006-10-17,660.0,665.0,650.0,650.0,460.3970947265625,40380000,0.0,0.0,yfinance_raw_daily
2006-10-18,650.0,655.0,645.0,650.0,460.3970947265625,35269000,0.0,0.0,yfinance_raw_daily
2006-10-19,655.0,660.0,650.0,655.0,463.9385986328125,7547000,0.0,0.0,yfinance_raw_daily
2006-10-20,655.0,655.0,650.0,655.0,463.9385986328125,15676000,0.0,0.0,yfinance_raw_daily
2006-10-23,655.0,655.0,655.0,655.0,463.9385986328125,0,0.0,0.0,yfinance_raw_daily
2006-10-24,655.0,655.0,655.0,655.0,463.9385986328125,0,0.0,0.0,yfinance_raw_daily
2006-10-25,655.0,655.0,655.0,655.0,463.9385986328125,0,0.0,0.0,yfinance_raw_daily
2006-10-26,655.0,655.0,655.0,655.0,463.9385986328125,0,0.0,0.0,yfinance_raw_daily
2006-10-27,655.0,655.0,655.0,655.0,463.9385986328125,0,0.0,0.0,yfinance_raw_daily
2006-10-30,650.0,655.0,650.0,655.0,463.9385986328125,14159000,0.0,0.0,yfinance_raw_daily
2006-10-31,660.0,670.0,660.0,665.0,471.0216979980469,62166000,0.0,0.0,yfinance_raw_daily
2006-11-01,670.0,670.0,660.0,665.0,471.0216979980469,14563000,0.0,0.0,yfinance_raw_daily
2006-11-02,665.0,685.0,665.0,680.0,481.646240234375,76882000,0.0,0.0,yfinance_raw_daily
2006-11-03,680.0,685.0,675.0,675.0,478.1046142578125,54375000,0.0,0.0,yfinance_raw_daily
2006-11-06,675.0,685.0,670.0,680.0,481.646240234375,26203000,0.0,0.0,yfinance_raw_daily
2006-11-07,680.0,685.0,670.0,670.0,474.56317138671875,27792000,0.0,0.0,yfinance_raw_daily
2006-11-08,675.0,675.0,665.0,670.0,474.56317138671875,17389000,0.0,0.0,yfinance_raw_daily
2006-11-09,670.0,675.0,665.0,670.0,474.56317138671875,12225000,0.0,0.0,yfinance_raw_daily
2006-11-10,670.0,675.0,665.0,670.0,474.56317138671875,15376000,0.0,0.0,yfinance_raw_daily
2006-11-13,670.0,670.0,655.0,660.0,467.48016357421875,22341000,0.0,0.0,yfinance_raw_daily
2006-11-14,660.0,665.0,660.0,665.0,471.0216979980469,17359000,0.0,0.0,yfinance_raw_daily
2006-11-15,665.0,670.0,660.0,665.0,471.0216979980469,21447000,0.0,0.0,yfinance_raw_daily
2006-11-16,670.0,695.0,670.0,690.0,488.7291564941406,88663000,0.0,0.0,yfinance_raw_daily
2006-11-17,690.0,710.0,690.0,700.0,495.81231689453125,120572000,0.0,0.0,yfinance_raw_daily
2006-11-20,700.0,700.0,685.0,695.0,492.270751953125,113259000,0.0,0.0,yfinance_raw_daily
2006-11-21,695.0,705.0,690.0,705.0,499.3537902832031,92093000,0.0,0.0,yfinance_raw_daily
2006-11-22,705.0,725.0,705.0,715.0,506.43682861328125,99736000,0.0,0.0,yfinance_raw_daily
2006-11-23,720.0,725.0,715.0,725.0,513.519775390625,34298000,0.0,0.0,yfinance_raw_daily
2006-11-24,720.0,725.0,705.0,710.0,502.895263671875,50093000,0.0,0.0,yfinance_raw_daily
2006-11-27,710.0,715.0,695.0,705.0,499.3537902832031,32717000,0.0,0.0,yfinance_raw_daily
2006-11-28,695.0,705.0,690.0,695.0,492.270751953125,58655000,0.0,0.0,yfinance_raw_daily
2006-11-29,700.0,705.0,695.0,700.0,495.81231689453125,23447000,0.0,0.0,yfinance_raw_daily
2006-11-30,700.0,705.0,695.0,700.0,495.81231689453125,24779000,0.0,0.0,yfinance_raw_daily
2006-12-01,700.0,700.0,690.0,695.0,492.270751953125,12867000,0.0,0.0,yfinance_raw_daily
2006-12-04,695.0,700.0,695.0,700.0,495.81231689453125,17703000,0.0,0.0,yfinance_raw_daily
2006-12-05,700.0,715.0,700.0,710.0,502.895263671875,37370000,0.0,0.0,yfinance_raw_daily
2006-12-06,705.0,715.0,700.0,705.0,499.3537902832031,26075000,0.0,0.0,yfinance_raw_daily
2006-12-07,700.0,705.0,700.0,705.0,499.3537902832031,14418000,0.0,0.0,yfinance_raw_daily
2006-12-08,700.0,705.0,695.0,700.0,495.81231689453125,19143000,0.0,0.0,yfinance_raw_daily
2006-12-11,700.0,700.0,680.0,690.0,488.7291564941406,40570000,0.0,0.0,yfinance_raw_daily
2006-12-12,690.0,700.0,680.0,700.0,495.81231689453125,19004000,0.0,0.0,yfinance_raw_daily
2006-12-13,695.0,695.0,685.0,690.0,488.7291564941406,17315000,0.0,0.0,yfinance_raw_daily
2006-12-14,695.0,695.0,680.0,685.0,485.1876220703125,30639000,0.0,0.0,yfinance_raw_daily
2006-12-15,690.0,695.0,685.0,690.0,488.7291564941406,23780000,0.0,0.0,yfinance_raw_daily
2006-12-18,690.0,690.0,670.0,680.0,481.646240234375,36096000,0.0,0.0,yfinance_raw_daily
2006-12-19,675.0,675.0,635.0,645.0,456.8555908203125,88592000,0.0,0.0,yfinance_raw_daily
2006-12-20,655.0,670.0,655.0,670.0,474.56317138671875,46924000,0.0,0.0,yfinance_raw_daily
2006-12-21,670.0,695.0,670.0,690.0,488.7291564941406,56538000,0.0,0.0,yfinance_raw_daily
2006-12-22,690.0,690.0,675.0,680.0,481.646240234375,6790000,0.0,0.0,yfinance_raw_daily
2006-12-26,680.0,680.0,675.0,675.0,478.1046142578125,5245000,0.0,0.0,yfinance_raw_daily
2006-12-27,680.0,685.0,680.0,685.0,485.1876220703125,16548000,0.0,0.0,yfinance_raw_daily
2006-12-28,685.0,685.0,670.0,675.0,478.1046142578125,28629000,0.0,0.0,yfinance_raw_daily
2006-12-29,675.0,675.0,675.0,675.0,478.1046142578125,0,0.0,0.0,yfinance_raw_daily
2007-01-02,685.0,690.0,675.0,690.0,488.7291564941406,13569000,0.0,0.0,yfinance_raw_daily
2007-01-03,690.0,700.0,680.0,695.0,492.270751953125,58944000,0.0,0.0,yfinance_raw_daily
2007-01-04,695.0,705.0,690.0,690.0,488.7291564941406,77329000,0.0,0.0,yfinance_raw_daily
2007-01-05,690.0,700.0,685.0,700.0,495.81231689453125,17358000,0.0,0.0,yfinance_raw_daily
2007-01-08,700.0,710.0,680.0,710.0,502.895263671875,55076000,0.0,0.0,yfinance_raw_daily
2007-01-09,715.0,725.0,685.0,705.0,499.3537902832031,71784000,0.0,0.0,yfinance_raw_daily
2007-01-10,695.0,695.0,675.0,680.0,481.646240234375,78005000,0.0,0.0,yfinance_raw_daily
2007-01-11,680.0,685.0,660.0,670.0,474.56317138671875,61192000,0.0,0.0,yfinance_raw_daily
2007-01-12,675.0,675.0,640.0,660.0,467.48016357421875,62934000,0.0,0.0,yfinance_raw_daily
2007-01-15,665.0,715.0,665.0,710.0,502.895263671875,143755000,0.0,0.0,yfinance_raw_daily
2007-01-16,715.0,715.0,700.0,710.0,502.895263671875,21419000,0.0,0.0,yfinance_raw_daily
2007-01-17,710.0,770.0,710.0,770.0,545.3934936523438,328170000,0.0,0.0,yfinance_raw_daily
2007-01-18,775.0,785.0,760.0,770.0,545.3934936523438,71990000,0.0,0.0,yfinance_raw_daily
2007-01-19,770.0,795.0,770.0,795.0,563.1009521484375,72497000,0.0,0.0,yfinance_raw_daily
2007-01-22,795.0,795.0,770.0,775.0,548.93505859375,33471000,0.0,0.0,yfinance_raw_daily
2007-01-23,770.0,770.0,760.0,765.0,541.8519287109375,47751000,0.0,0.0,yfinance_raw_daily
2007-01-24,765.0,800.0,765.0,800.0,566.642578125,82049000,0.0,0.0,yfinance_raw_daily
2007-01-25,800.0,810.0,785.0,785.0,556.0179443359375,63121000,0.0,0.0,yfinance_raw_daily
2007-01-26,770.0,785.0,765.0,780.0,552.4765014648438,36227000,0.0,0.0,yfinance_raw_daily
2007-01-29,780.0,865.0,780.0,845.0,598.5161743164062,225055000,0.0,0.0,yfinance_raw_daily
2007-01-30,855.0,860.0,835.0,845.0,598.5161743164062,84277000,0.0,0.0,yfinance_raw_daily
2007-01-31,845.0,850.0,830.0,845.0,598.5161743164062,56550000,0.0,0.0,yfinance_raw_daily
2007-02-01,850.0,880.0,840.0,875.0,619.7653198242188,82233000,0.0,0.0,yfinance_raw_daily
2007-02-02,875.0,875.0,850.0,855.0,605.5992431640625,12013000,0.0,0.0,yfinance_raw_daily
2007-02-05,860.0,890.0,855.0,865.0,612.6821899414062,79071000,0.0,0.0,yfinance_raw_daily
2007-02-06,865.0,880.0,865.0,870.0,616.2238159179688,21750000,0.0,0.0,yfinance_raw_daily
2007-02-07,880.0,880.0,865.0,875.0,619.7653198242188,27783000,0.0,0.0,yfinance_raw_daily
2007-02-08,875.0,900.0,870.0,900.0,637.4727783203125,108574000,0.0,0.0,yfinance_raw_daily
2007-02-09,900.0,905.0,880.0,885.0,626.848388671875,27253000,0.0,0.0,yfinance_raw_daily
2007-02-12,870.0,880.0,855.0,860.0,609.1407470703125,37274000,0.0,0.0,yfinance_raw_daily
2007-02-13,855.0,855.0,835.0,840.0,594.9746704101562,42900000,0.0,0.0,yfinance_raw_daily
2007-02-14,845.0,860.0,820.0,830.0,587.8916625976562,64696000,0.0,0.0,yfinance_raw_daily
2007-02-15,840.0,855.0,830.0,840.0,594.9746704101562,99905000,0.0,0.0,yfinance_raw_daily
2007-02-16,840.0,850.0,835.0,840.0,594.9746704101562,16610000,0.0,0.0,yfinance_raw_daily
2007-02-19,845.0,860.0,840.0,855.0,605.5992431640625,16570000,0.0,0.0,yfinance_raw_daily
2007-02-20,855.0,855.0,835.0,840.0,594.9746704101562,18633000,0.0,0.0,yfinance_raw_daily
2007-02-21,845.0,860.0,845.0,850.0,602.0577392578125,86316000,0.0,0.0,yfinance_raw_daily
2007-02-22,850.0,855.0,830.0,830.0,587.8916625976562,48054000,0.0,0.0,yfinance_raw_daily
2007-02-23,825.0,830.0,815.0,815.0,577.26708984375,30358000,0.0,0.0,yfinance_raw_daily
2007-02-26,815.0,815.0,785.0,795.0,563.1009521484375,78435000,0.0,0.0,yfinance_raw_daily
2007-02-27,795.0,810.0,790.0,795.0,563.1009521484375,76174000,0.0,0.0,yfinance_raw_daily
2007-02-28,750.0,780.0,725.0,780.0,552.4765014648438,78239000,0.0,0.0,yfinance_raw_daily
2007-03-01,785.0,790.0,775.0,785.0,556.0179443359375,27827000,0.0,0.0,yfinance_raw_daily
2007-03-02,780.0,785.0,775.0,775.0,548.93505859375,8497000,0.0,0.0,yfinance_raw_daily
2007-03-05,770.0,775.0,740.0,745.0,527.6858520507812,39143000,0.0,0.0,yfinance_raw_daily
2007-03-06,760.0,770.0,755.0,770.0,545.3934936523438,7179000,0.0,0.0,yfinance_raw_daily
2007-03-07,770.0,770.0,750.0,755.0,534.7688598632812,27212000,0.0,0.0,yfinance_raw_daily
2007-03-08,765.0,765.0,755.0,760.0,538.3104248046875,19790000,0.0,0.0,yfinance_raw_daily
2007-03-09,760.0,765.0,740.0,745.0,527.6858520507812,9836000,0.0,0.0,yfinance_raw_daily
2007-03-12,750.0,760.0,745.0,755.0,534.7688598632812,24253000,0.0,0.0,yfinance_raw_daily
2007-03-13,755.0,755.0,745.0,750.0,531.2275390625,33779000,0.0,0.0,yfinance_raw_daily
2007-03-14,740.0,745.0,735.0,735.0,520.602783203125,22285000,0.0,0.0,yfinance_raw_daily
2007-03-15,745.0,745.0,715.0,725.0,513.519775390625,48611000,0.0,0.0,yfinance_raw_daily
2007-03-16,725.0,725.0,705.0,710.0,502.895263671875,44055000,0.0,0.0,yfinance_raw_daily
2007-03-20,715.0,715.0,690.0,695.0,492.270751953125,70364000,0.0,0.0,yfinance_raw_daily
2007-03-21,695.0,700.0,685.0,700.0,495.81231689453125,74703000,0.0,0.0,yfinance_raw_daily
2007-03-22,710.0,745.0,710.0,745.0,527.6858520507812,181269000,0.0,0.0,yfinance_raw_daily
2007-03-23,755.0,770.0,745.0,745.0,527.6858520507812,184896000,0.0,0.0,yfinance_raw_daily
2007-03-26,745.0,755.0,740.0,740.0,524.1443481445312,28448000,0.0,0.0,yfinance_raw_daily
2007-03-27,740.0,780.0,740.0,770.0,545.3934936523438,114781000,0.0,0.0,yfinance_raw_daily
2007-03-28,770.0,770.0,755.0,765.0,541.8519287109375,40203000,0.0,0.0,yfinance_raw_daily
2007-03-29,755.0,775.0,750.0,770.0,545.3934936523438,45757000,0.0,0.0,yfinance_raw_daily
2007-03-30,770.0,770.0,760.0,760.0,538.3104248046875,6768000,0.0,0.0,yfinance_raw_daily
2007-04-02,765.0,770.0,760.0,765.0,541.8519287109375,27574000,0.0,0.0,yfinance_raw_daily
2007-04-03,765.0,790.0,760.0,785.0,556.0179443359375,69638000,0.0,0.0,yfinance_raw_daily
2007-04-04,790.0,805.0,780.0,780.0,552.4765014648438,78507000,0.0,0.0,yfinance_raw_daily
2007-04-05,780.0,780.0,765.0,770.0,545.3934936523438,21717000,0.0,0.0,yfinance_raw_daily
2007-04-09,775.0,785.0,770.0,775.0,548.93505859375,22470000,0.0,0.0,yfinance_raw_daily
2007-04-10,780.0,785.0,775.0,780.0,552.4765014648438,14435000,0.0,0.0,yfinance_raw_daily
2007-04-11,780.0,785.0,775.0,780.0,552.4765014648438,28523000,0.0,0.0,yfinance_raw_daily
2007-04-12,775.0,805.0,775.0,795.0,563.1009521484375,116852000,0.0,0.0,yfinance_raw_daily
2007-04-13,800.0,840.0,800.0,835.0,591.43310546875,130779000,0.0,0.0,yfinance_raw_daily
2007-04-16,835.0,870.0,835.0,865.0,612.6821899414062,74106000,0.0,0.0,yfinance_raw_daily
2007-04-17,865.0,870.0,840.0,850.0,602.0577392578125,28686000,0.0,0.0,yfinance_raw_daily
2007-04-18,855.0,855.0,830.0,835.0,591.43310546875,21698000,0.0,0.0,yfinance_raw_daily
2007-04-19,820.0,835.0,810.0,820.0,580.8087158203125,20265000,0.0,0.0,yfinance_raw_daily
2007-04-20,830.0,840.0,825.0,830.0,587.8916625976562,8354000,0.0,0.0,yfinance_raw_daily
2007-04-23,840.0,850.0,825.0,830.0,587.8916625976562,25190000,0.0,0.0,yfinance_raw_daily
2007-04-24,830.0,835.0,810.0,815.0,577.26708984375,48969000,0.0,0.0,yfinance_raw_daily
2007-04-25,815.0,840.0,815.0,835.0,591.43310546875,90086000,0.0,0.0,yfinance_raw_daily
2007-04-26,840.0,860.0,835.0,850.0,602.0577392578125,79730000,0.0,0.0,yfinance_raw_daily
2007-04-27,850.0,850.0,840.0,845.0,598.5161743164062,15882000,0.0,0.0,yfinance_raw_daily
2007-04-30,840.0,845.0,815.0,820.0,580.8087158203125,38026000,0.0,0.0,yfinance_raw_daily
2007-05-01,815.0,830.0,815.0,820.0,580.8087158203125,14552000,0.0,0.0,yfinance_raw_daily
2007-05-02,830.0,835.0,815.0,820.0,580.8087158203125,34782000,0.0,0.0,yfinance_raw_daily
2007-05-03,825.0,830.0,825.0,830.0,587.8916625976562,23104000,0.0,0.0,yfinance_raw_daily
2007-05-04,820.0,850.0,820.0,840.0,594.9746704101562,46132000,0.0,0.0,yfinance_raw_daily
2007-05-07,845.0,860.0,840.0,845.0,598.5161743164062,63746000,0.0,0.0,yfinance_raw_daily
2007-05-08,850.0,860.0,845.0,855.0,605.5992431640625,46269000,0.0,0.0,yfinance_raw_daily
2007-05-09,855.0,870.0,850.0,860.0,609.1407470703125,84140000,0.0,0.0,yfinance_raw_daily
2007-05-10,865.0,865.0,840.0,840.0,594.9746704101562,24411000,0.0,0.0,yfinance_raw_daily
2007-05-11,840.0,850.0,820.0,825.0,584.3501586914062,55207000,0.0,0.0,yfinance_raw_daily
2007-05-14,825.0,840.0,825.0,830.0,587.8916625976562,15886000,0.0,0.0,yfinance_raw_daily
2007-05-15,840.0,840.0,820.0,825.0,584.3501586914062,43447000,0.0,0.0,yfinance_raw_daily
2007-05-16,825.0,845.0,825.0,840.0,594.9746704101562,19537000,0.0,0.0,yfinance_raw_daily
2007-05-21,845.0,845.0,835.0,840.0,594.9746704101562,8243000,0.0,0.0,yfinance_raw_daily
2007-05-22,835.0,855.0,835.0,845.0,598.5161743164062,37632000,0.0,0.0,yfinance_raw_daily
2007-05-23,845.0,850.0,840.0,845.0,598.5161743164062,30659000,0.0,0.0,yfinance_raw_daily
2007-05-24,845.0,845.0,845.0,845.0,598.5161743164062,0,0.0,0.0,yfinance_raw_daily
2007-05-25,845.0,845.0,845.0,845.0,598.5161743164062,0,0.0,0.0,yfinance_raw_daily
2007-05-28,895.0,915.0,875.0,890.0,630.3899536132812,234058000,0.0,0.0,yfinance_raw_daily
2007-05-29,895.0,900.0,870.0,870.0,616.2238159179688,37548000,0.0,0.0,yfinance_raw_daily
2007-05-30,870.0,870.0,840.0,850.0,602.0577392578125,45282000,0.0,0.0,yfinance_raw_daily
2007-05-31,860.0,880.0,860.0,865.0,612.6821899414062,46168000,0.0,0.0,yfinance_raw_daily
2007-06-04,875.0,960.0,875.0,945.0,669.346435546875,253780000,0.0,0.0,yfinance_raw_daily
2007-06-05,950.0,960.0,925.0,935.0,662.2634887695312,59245000,0.0,0.0,yfinance_raw_daily
2007-06-06,930.0,955.0,925.0,940.0,665.8049926757812,30764000,0.0,0.0,yfinance_raw_daily
2007-06-07,935.0,950.0,925.0,945.0,669.346435546875,13864000,0.0,0.0,yfinance_raw_daily
2007-06-08,925.0,930.0,910.0,920.0,651.6390991210938,17184000,0.0,0.0,yfinance_raw_daily
2007-06-11,925.0,945.0,925.0,940.0,665.8049926757812,22675000,0.0,0.0,yfinance_raw_daily
2007-06-12,945.0,1005.0,945.0,995.0,704.7615966796875,191433000,0.0,0.0,yfinance_raw_daily
2007-06-13,985.0,995.0,985.0,990.0,701.2201538085938,13987000,0.0,0.0,yfinance_raw_daily
2007-06-14,1000.0,1055.0,1000.0,1050.0,743.7183227539062,134849000,0.0,0.0,yfinance_raw_daily
2007-06-15,1075.0,1075.0,1012.5,1025.0,726.0107421875,25756000,0.0,0.0,yfinance_raw_daily
2007-06-18,1037.5,1050.0,975.0,987.5,699.449462890625,37276000,0.0,0.0,yfinance_raw_daily
2007-06-19,980.0,1000.0,980.0,995.0,704.7615966796875,12149000,0.0,0.0,yfinance_raw_daily
2007-06-20,1000.0,1035.0,995.0,1035.0,733.0938110351562,65650000,0.0,0.0,yfinance_raw_daily
2007-06-21,1012.5,1050.0,1012.5,1025.0,726.0107421875,16720000,0.0,0.0,yfinance_raw_daily
2007-06-22,1025.0,1025.0,1000.0,1025.0,726.0107421875,8633000,0.0,0.0,yfinance_raw_daily
2007-06-25,1012.5,1087.5,1012.5,1087.5,770.27978515625,70374000,0.0,0.0,yfinance_raw_daily
2007-06-26,1075.0,1100.0,1012.5,1037.5,734.8646240234375,63927000,0.0,0.0,yfinance_raw_daily
2007-06-27,1037.5,1037.5,987.5,1012.5,717.156982421875,28941000,0.0,0.0,yfinance_raw_daily
2007-06-28,1025.0,1037.5,975.0,1012.5,717.156982421875,25491000,0.0,0.0,yfinance_raw_daily
2007-06-29,1012.5,1025.0,987.5,1012.5,717.156982421875,15731000,0.0,0.0,yfinance_raw_daily
2007-07-02,1012.5,1037.5,1000.0,1025.0,726.0107421875,49389000,0.0,0.0,yfinance_raw_daily
2007-07-03,1025.0,1050.0,1012.5,1050.0,743.7183227539062,24760000,0.0,0.0,yfinance_raw_daily
2007-07-04,1050.0,1062.5,1025.0,1037.5,734.8646240234375,26354000,0.0,0.0,yfinance_raw_daily
2007-07-05,1050.0,1062.5,1037.5,1062.5,752.5721435546875,39962000,0.0,0.0,yfinance_raw_daily
2007-07-06,1062.5,1112.5,1037.5,1100.0,779.133544921875,67832000,0.0,0.0,yfinance_raw_daily
2007-07-09,1100.0,1137.5,1087.5,1100.0,779.133544921875,59092000,0.0,0.0,yfinance_raw_daily
2007-07-10,1100.0,1125.0,1087.5,1100.0,779.133544921875,45652000,0.0,0.0,yfinance_raw_daily
2007-07-11,1087.5,1100.0,1075.0,1100.0,779.133544921875,58753000,0.0,0.0,yfinance_raw_daily
2007-07-12,1100.0,1125.0,1075.0,1087.5,770.27978515625,33523000,0.0,0.0,yfinance_raw_daily
2007-07-13,1100.0,1125.0,1100.0,1100.0,779.133544921875,39459000,0.0,0.0,yfinance_raw_daily
2007-07-16,1112.5,1112.5,1075.0,1087.5,770.27978515625,32280000,0.0,0.0,yfinance_raw_daily
2007-07-17,1062.5,1087.5,1062.5,1075.0,761.4258422851562,24536000,0.0,0.0,yfinance_raw_daily
2007-07-18,1075.0,1087.5,1062.5,1075.0,761.4258422851562,37711000,0.0,0.0,yfinance_raw_daily
2007-07-19,1075.0,1112.5,1062.5,1112.5,787.9873046875,52690000,0.0,0.0,yfinance_raw_daily
2007-07-20,1112.5,1125.0,1087.5,1100.0,779.133544921875,39118000,0.0,0.0,yfinance_raw_daily
2007-07-23,1100.0,1100.0,1062.5,1087.5,770.27978515625,56239000,0.0,0.0,yfinance_raw_daily
2007-07-24,1087.5,1100.0,1075.0,1087.5,770.27978515625,21854000,0.0,0.0,yfinance_raw_daily
2007-07-25,1075.0,1087.5,1062.5,1075.0,761.4258422851562,17113000,0.0,0.0,yfinance_raw_daily
2007-07-26,1075.0,1075.0,1025.0,1050.0,743.7183227539062,55863000,0.0,0.0,yfinance_raw_daily
2007-07-27,1000.0,1025.0,975.0,1000.0,708.30322265625,92483000,0.0,0.0,yfinance_raw_daily
2007-07-30,987.5,1000.0,962.5,987.5,699.449462890625,32086000,0.0,0.0,yfinance_raw_daily
2007-07-31,1000.0,1010.0,980.0,1000.0,708.30322265625,29798000,0.0,0.0,yfinance_raw_daily
2007-08-01,987.5,1000.0,925.0,950.0,672.8880004882812,54380000,0.0,0.0,yfinance_raw_daily
2007-08-02,960.0,965.0,925.0,935.0,662.2634887695312,63988000,0.0,0.0,yfinance_raw_daily
2007-08-03,945.0,950.0,930.0,935.0,662.2634887695312,38880000,0.0,0.0,yfinance_raw_daily
2007-08-06,920.0,920.0,900.0,920.0,651.6390991210938,53080000,0.0,0.0,yfinance_raw_daily
2007-08-07,930.0,940.0,900.0,905.0,641.014404296875,27840000,0.0,0.0,yfinance_raw_daily
2007-08-08,915.0,945.0,915.0,945.0,669.346435546875,28040000,0.0,0.0,yfinance_raw_daily
2007-08-09,955.0,965.0,930.0,935.0,662.2634887695312,33129000,0.0,0.0,yfinance_raw_daily
2007-08-10,900.0,935.0,890.0,930.0,658.7220458984375,19517000,0.0,0.0,yfinance_raw_daily
2007-08-13,930.0,930.0,930.0,930.0,658.7220458984375,0,0.0,0.0,yfinance_raw_daily
2007-08-14,920.0,920.0,890.0,905.0,641.014404296875,55025000,0.0,0.0,yfinance_raw_daily
2007-08-15,890.0,890.0,855.0,860.0,609.1407470703125,35815000,0.0,0.0,yfinance_raw_daily
2007-08-16,835.0,835.0,780.0,800.0,566.642578125,36594000,0.0,0.0,yfinance_raw_daily
2007-08-20,850.0,890.0,850.0,885.0,626.848388671875,23026000,0.0,0.0,yfinance_raw_daily
2007-08-21,875.0,900.0,855.0,860.0,609.1407470703125,14654000,0.0,0.0,yfinance_raw_daily
2007-08-22,875.0,880.0,860.0,875.0,619.7653198242188,17509000,0.0,0.0,yfinance_raw_daily
2007-08-23,900.0,925.0,900.0,915.0,648.0973510742188,38337000,0.0,0.0,yfinance_raw_daily
2007-08-24,905.0,910.0,895.0,910.0,644.5559692382812,14341000,0.0,0.0,yfinance_raw_daily
2007-08-27,925.0,925.0,910.0,920.0,651.6390991210938,28507000,0.0,0.0,yfinance_raw_daily
2007-08-28,920.0,955.0,920.0,935.0,662.2634887695312,54166000,0.0,0.0,yfinance_raw_daily
2007-08-29,910.0,925.0,905.0,925.0,655.180419921875,21613000,0.0,0.0,yfinance_raw_daily
2007-08-30,950.0,960.0,910.0,915.0,648.0973510742188,52068000,0.0,0.0,yfinance_raw_daily
2007-08-31,925.0,940.0,910.0,930.0,658.7220458984375,41103000,0.0,0.0,yfinance_raw_daily
2007-09-03,930.0,945.0,925.0,935.0,662.2634887695312,42208000,0.0,0.0,yfinance_raw_daily
2007-09-04,935.0,945.0,925.0,935.0,662.2634887695312,18345000,0.0,0.0,yfinance_raw_daily
2007-09-05,940.0,940.0,915.0,920.0,651.6390991210938,25127000,0.0,0.0,yfinance_raw_daily
2007-09-06,910.0,930.0,910.0,920.0,651.6390991210938,35130000,0.0,0.0,yfinance_raw_daily
2007-09-07,920.0,920.0,900.0,910.0,644.5559692382812,32429000,0.0,0.0,yfinance_raw_daily
2007-09-10,900.0,900.0,885.0,890.0,630.3899536132812,31070000,0.0,0.0,yfinance_raw_daily
2007-09-11,895.0,900.0,890.0,895.0,633.9312744140625,15381000,0.0,0.0,yfinance_raw_daily
2007-09-12,900.0,905.0,895.0,900.0,637.4727783203125,19044000,0.0,0.0,yfinance_raw_daily
2007-09-13,900.0,905.0,890.0,900.0,637.4727783203125,13012000,0.0,0.0,yfinance_raw_daily
2007-09-14,905.0,935.0,900.0,925.0,655.180419921875,87340000,0.0,0.0,yfinance_raw_daily
2007-09-17,925.0,935.0,910.0,925.0,655.180419921875,22944000,0.0,0.0,yfinance_raw_daily
2007-09-18,915.0,935.0,910.0,930.0,658.7220458984375,24269000,0.0,0.0,yfinance_raw_daily
2007-09-19,935.0,950.0,930.0,945.0,669.346435546875,78073000,0.0,0.0,yfinance_raw_daily
2007-09-20,950.0,950.0,930.0,935.0,662.2634887695312,17429000,0.0,0.0,yfinance_raw_daily
2007-09-21,935.0,965.0,935.0,965.0,683.5125732421875,40504000,0.0,0.0,yfinance_raw_daily
2007-09-24,970.0,995.0,970.0,990.0,701.2201538085938,72342000,0.0,0.0,yfinance_raw_daily
2007-09-25,990.0,990.0,965.0,975.0,690.5956420898438,62957000,0.0,0.0,yfinance_raw_daily
2007-09-26,975.0,980.0,970.0,980.0,694.1370849609375,16611000,0.0,0.0,yfinance_raw_daily
2007-09-27,985.0,985.0,970.0,975.0,690.5956420898438,16486000,0.0,0.0,yfinance_raw_daily
2007-09-28,975.0,975.0,955.0,965.0,683.5125732421875,29094000,0.0,0.0,yfinance_raw_daily
2007-10-01,970.0,980.0,970.0,980.0,694.1370849609375,23310000,0.0,0.0,yfinance_raw_daily
2007-10-02,985.0,1015.0,985.0,1005.0,711.8447265625,134916000,0.0,0.0,yfinance_raw_daily
2007-10-03,1012.5,1025.0,987.5,1000.0,708.30322265625,90885000,0.0,0.0,yfinance_raw_daily
2007-10-04,1000.0,1012.5,987.5,1000.0,708.30322265625,20755000,0.0,0.0,yfinance_raw_daily
2007-10-05,1000.0,1012.5,987.5,1000.0,708.30322265625,52197000,0.0,0.0,yfinance_raw_daily
2007-10-08,1012.5,1012.5,1000.0,1012.5,717.156982421875,36528000,0.0,0.0,yfinance_raw_daily
2007-10-09,1000.0,1037.5,1000.0,1025.0,726.0107421875,53032000,0.0,0.0,yfinance_raw_daily
2007-10-10,1025.0,1062.5,1025.0,1037.5,734.8646240234375,125325000,0.0,0.0,yfinance_raw_daily
2007-10-11,1037.5,1050.0,1025.0,1037.5,734.8646240234375,47044000,0.0,0.0,yfinance_raw_daily
2007-10-17,1025.0,1037.5,1012.5,1037.5,734.8646240234375,50496000,0.0,0.0,yfinance_raw_daily
2007-10-18,1037.5,1050.0,1012.5,1025.0,726.0107421875,48964000,0.0,0.0,yfinance_raw_daily
2007-10-19,1025.0,1025.0,987.5,1000.0,708.30322265625,26063000,0.0,0.0,yfinance_raw_daily
2007-10-22,950.0,962.5,925.0,950.0,672.8880004882812,45717000,0.0,0.0,yfinance_raw_daily
2007-10-23,955.0,995.0,955.0,995.0,704.7615966796875,38331000,0.0,0.0,yfinance_raw_daily
2007-10-24,1005.0,1015.0,980.0,985.0,697.6785888671875,35081000,0.0,0.0,yfinance_raw_daily
2007-10-25,995.0,1020.0,990.0,1010.0,715.38623046875,109653000,0.0,0.0,yfinance_raw_daily
2007-10-26,1025.0,1037.5,1000.0,1012.5,717.156982421875,62096000,0.0,0.0,yfinance_raw_daily
2007-10-29,1025.0,1050.0,1012.5,1050.0,743.7183227539062,60119000,0.0,0.0,yfinance_raw_daily
2007-10-30,1037.5,1087.5,1037.5,1062.5,752.5721435546875,138878000,0.0,0.0,yfinance_raw_daily
2007-10-31,1062.5,1100.0,1050.0,1100.0,779.133544921875,110688000,0.0,0.0,yfinance_raw_daily
2007-11-01,1112.5,1137.5,1087.5,1112.5,787.9873046875,208740000,0.0,0.0,yfinance_raw_daily
2007-11-02,1075.0,1112.5,1062.5,1112.5,787.9873046875,82146000,0.0,0.0,yfinance_raw_daily
2007-11-05,1100.0,1100.0,1062.5,1062.5,752.5721435546875,33542000,0.0,0.0,yfinance_raw_daily
2007-11-06,1075.0,1087.5,1062.5,1075.0,761.4258422851562,21538000,0.0,0.0,yfinance_raw_daily
2007-11-07,1087.5,1137.5,1075.0,1112.5,787.9873046875,111702000,0.0,0.0,yfinance_raw_daily
2007-11-08,1087.5,1187.5,1075.0,1187.5,841.10986328125,285267000,0.0,0.0,yfinance_raw_daily
2007-11-09,1200.0,1325.0,1200.0,1312.5,929.6481323242188,309248000,0.0,0.0,yfinance_raw_daily
2007-11-12,1275.0,1350.0,1250.0,1300.0,920.794189453125,141569000,0.0,0.0,yfinance_raw_daily
2007-11-13,1287.5,1350.0,1237.5,1337.5,947.3555908203125,213783000,0.0,0.0,yfinance_raw_daily
2007-11-14,1375.0,1387.5,1325.0,1337.5,947.3555908203125,98702000,0.0,0.0,yfinance_raw_daily
2007-11-15,1350.0,1387.5,1325.0,1375.0,973.9168701171875,79603000,0.0,0.0,yfinance_raw_daily
2007-11-16,1350.0,1425.0,1350.0,1400.0,991.6246337890625,110284000,0.0,0.0,yfinance_raw_daily
2007-11-19,1400.0,1400.0,1287.5,1287.5,911.9404907226562,51521000,0.0,0.0,yfinance_raw_daily
2007-11-20,1237.5,1312.5,1187.5,1300.0,920.794189453125,72147000,0.0,0.0,yfinance_raw_daily
2007-11-21,1300.0,1312.5,1225.0,1237.5,876.5252685546875,23085000,0.0,0.0,yfinance_raw_daily
2007-11-22,1225.0,1262.5,1212.5,1237.5,876.5252685546875,27043000,0.0,0.0,yfinance_raw_daily
2007-11-23,1237.5,1275.0,1237.5,1262.5,894.2329711914062,18514000,0.0,0.0,yfinance_raw_daily
2007-11-26,1300.0,1325.0,1262.5,1325.0,938.501708984375,35197000,0.0,0.0,yfinance_raw_daily
2007-11-27,1275.0,1325.0,1275.0,1300.0,920.794189453125,25405000,0.0,0.0,yfinance_raw_daily
2007-11-28,1312.5,1312.5,1250.0,1275.0,903.08642578125,25189000,0.0,0.0,yfinance_raw_daily
2007-11-29,1300.0,1312.5,1275.0,1300.0,920.794189453125,22978000,0.0,0.0,yfinance_raw_daily
2007-11-30,1300.0,1312.5,1250.0,1262.5,894.2329711914062,26927000,0.0,0.0,yfinance_raw_daily
2007-12-03,1262.5,1275.0,1237.5,1250.0,885.3789672851562,14253000,0.0,0.0,yfinance_raw_daily
2007-12-04,1237.5,1262.5,1225.0,1262.5,894.2329711914062,33158000,0.0,0.0,yfinance_raw_daily
2007-12-05,1262.5,1312.5,1250.0,1312.5,929.6481323242188,40147000,0.0,0.0,yfinance_raw_daily
2007-12-06,1337.5,1350.0,1312.5,1350.0,956.209228515625,51604000,0.0,0.0,yfinance_raw_daily
2007-12-07,1350.0,1362.5,1287.5,1287.5,911.9404907226562,26628000,0.0,0.0,yfinance_raw_daily
2007-12-10,1287.5,1337.5,1287.5,1312.5,929.6481323242188,10959000,0.0,0.0,yfinance_raw_daily
2007-12-11,1337.5,1350.0,1325.0,1350.0,956.209228515625,23734000,0.0,0.0,yfinance_raw_daily
2007-12-12,1325.0,1337.5,1312.5,1325.0,938.501708984375,14034000,0.0,0.0,yfinance_raw_daily
2007-12-13,1325.0,1337.5,1287.5,1300.0,920.794189453125,11281000,0.0,0.0,yfinance_raw_daily
2007-12-14,1300.0,1300.0,1237.5,1275.0,903.08642578125,17435000,0.0,0.0,yfinance_raw_daily
2007-12-17,1250.0,1262.5,1212.5,1225.0,867.67138671875,23803000,0.0,0.0,yfinance_raw_daily
2007-12-18,1225.0,1237.5,1200.0,1225.0,867.67138671875,15672000,0.0,0.0,yfinance_raw_daily
2007-12-19,1237.5,1237.5,1200.0,1225.0,867.67138671875,20286000,0.0,0.0,yfinance_raw_daily
2007-12-26,1225.0,1287.5,1225.0,1287.5,911.9404907226562,15177000,0.0,0.0,yfinance_raw_daily
2007-12-27,1287.5,1300.0,1250.0,1275.0,903.08642578125,16389000,0.0,0.0,yfinance_raw_daily
2007-12-28,1262.5,1287.5,1262.5,1287.5,911.9404907226562,13338000,0.0,0.0,yfinance_raw_daily
2007-12-31,1287.5,1287.5,1287.5,1287.5,911.9404907226562,0,0.0,0.0,yfinance_raw_daily
2008-01-02,1275.0,1275.0,1237.5,1275.0,903.08642578125,13603000,0.0,0.0,yfinance_raw_daily
2008-01-03,1237.5,1300.0,1237.5,1300.0,920.794189453125,11652000,0.0,0.0,yfinance_raw_daily
2008-01-04,1300.0,1362.5,1287.5,1337.5,947.3555908203125,61575000,0.0,0.0,yfinance_raw_daily
2008-01-07,1312.5,1400.0,1312.5,1375.0,973.9168701171875,64407000,0.0,0.0,yfinance_raw_daily
2008-01-08,1387.5,1500.0,1387.5,1462.5,1035.893310546875,154131000,0.0,0.0,yfinance_raw_daily
2008-01-09,1462.5,1600.0,1450.0,1587.5,1124.43115234375,156758000,0.0,0.0,yfinance_raw_daily
2008-01-14,1587.5,1637.5,1500.0,1525.0,1080.162353515625,127769000,0.0,0.0,yfinance_raw_daily
2008-01-15,1562.5,1587.5,1487.5,1512.5,1071.308349609375,61046000,0.0,0.0,yfinance_raw_daily
2008-01-16,1475.0,1500.0,1400.0,1462.5,1035.893310546875,58057000,0.0,0.0,yfinance_raw_daily
2008-01-17,1475.0,1550.0,1412.5,1525.0,1080.162353515625,108363000,0.0,0.0,yfinance_raw_daily
2008-01-18,1450.0,1537.5,1425.0,1500.0,1062.455078125,65810000,0.0,0.0,yfinance_raw_daily
2008-01-21,1500.0,1525.0,1412.5,1450.0,1027.03955078125,60904000,0.0,0.0,yfinance_raw_daily
2008-01-22,1375.0,1375.0,1237.5,1250.0,885.3789672851562,76869000,0.0,0.0,yfinance_raw_daily
2008-01-23,1375.0,1412.5,1312.5,1350.0,956.209228515625,106757000,0.0,0.0,yfinance_raw_daily
2008-01-24,1375.0,1425.0,1362.5,1362.5,965.0631713867188,118543000,0.0,0.0,yfinance_raw_daily
2008-01-25,1400.0,1425.0,1375.0,1412.5,1000.478271484375,91181000,0.0,0.0,yfinance_raw_daily
2008-01-28,1400.0,1400.0,1312.5,1337.5,947.3555908203125,66156000,0.0,0.0,yfinance_raw_daily
2008-01-29,1350.0,1400.0,1337.5,1375.0,973.9168701171875,83786000,0.0,0.0,yfinance_raw_daily
2008-01-30,1375.0,1400.0,1350.0,1400.0,991.6246337890625,54894000,0.0,0.0,yfinance_raw_daily
2008-01-31,1400.0,1437.5,1387.5,1412.5,1000.478271484375,109215000,0.0,0.0,yfinance_raw_daily
2008-02-01,1425.0,1450.0,1387.5,1412.5,1000.478271484375,47198000,0.0,0.0,yfinance_raw_daily
2008-02-04,1425.0,1450.0,1412.5,1412.5,1000.478271484375,49400000,0.0,0.0,yfinance_raw_daily
2008-02-05,1400.0,1487.5,1400.0,1450.0,1027.03955078125,92813000,0.0,0.0,yfinance_raw_daily
2008-02-06,1375.0,1412.5,1375.0,1412.5,1000.478271484375,59171000,0.0,0.0,yfinance_raw_daily
2008-02-11,1375.0,1400.0,1337.5,1337.5,947.3555908203125,27758000,0.0,0.0,yfinance_raw_daily
2008-02-12,1362.5,1362.5,1337.5,1362.5,965.0631713867188,20896000,0.0,0.0,yfinance_raw_daily
2008-02-13,1387.5,1400.0,1375.0,1387.5,982.7706298828125,30949000,0.0,0.0,yfinance_raw_daily
2008-02-14,1412.5,1450.0,1400.0,1412.5,1000.478271484375,47254000,0.0,0.0,yfinance_raw_daily
2008-02-15,1400.0,1425.0,1375.0,1400.0,991.6246337890625,53390000,0.0,0.0,yfinance_raw_daily
2008-02-18,1400.0,1412.5,1375.0,1387.5,982.7706298828125,17907000,0.0,0.0,yfinance_raw_daily
2008-02-19,1412.5,1412.5,1400.0,1412.5,1000.478271484375,12611000,0.0,0.0,yfinance_raw_daily
2008-02-20,1425.0,1425.0,1375.0,1387.5,982.7706298828125,16686000,0.0,0.0,yfinance_raw_daily
2008-02-21,1400.0,1400.0,1375.0,1387.5,982.7706298828125,31169000,0.0,0.0,yfinance_raw_daily
2008-02-22,1375.0,1400.0,1350.0,1375.0,973.9168701171875,31326000,0.0,0.0,yfinance_raw_daily
2008-02-25,1387.5,1412.5,1362.5,1412.5,1000.478271484375,46276000,0.0,0.0,yfinance_raw_daily
2008-02-26,1425.0,1437.5,1400.0,1425.0,1009.332275390625,60411000,0.0,0.0,yfinance_raw_daily
2008-02-27,1437.5,1500.0,1437.5,1475.0,1044.7469482421875,149398000,0.0,0.0,yfinance_raw_daily
2008-02-28,1462.5,1537.5,1462.5,1512.5,1071.308349609375,143349000,0.0,0.0,yfinance_raw_daily
2008-02-29,1512.5,1512.5,1450.0,1462.5,1035.893310546875,45441000,0.0,0.0,yfinance_raw_daily
2008-03-03,1412.5,1475.0,1387.5,1425.0,1009.332275390625,49898000,0.0,0.0,yfinance_raw_daily
2008-03-04,1450.0,1462.5,1400.0,1412.5,1000.478271484375,31771000,0.0,0.0,yfinance_raw_daily
2008-03-05,1425.0,1450.0,1400.0,1450.0,1027.03955078125,13689000,0.0,0.0,yfinance_raw_daily
2008-03-06,1462.5,1462.5,1412.5,1425.0,1009.332275390625,19302000,0.0,0.0,yfinance_raw_daily
2008-03-10,1375.0,1387.5,1325.0,1337.5,947.3555908203125,45350000,0.0,0.0,yfinance_raw_daily
2008-03-11,1300.0,1325.0,1212.5,1325.0,938.501708984375,88982000,0.0,0.0,yfinance_raw_daily
2008-03-12,1362.5,1375.0,1312.5,1325.0,938.501708984375,86538000,0.0,0.0,yfinance_raw_daily
2008-03-13,1300.0,1300.0,1200.0,1200.0,849.9639282226562,33034000,0.0,0.0,yfinance_raw_daily
2008-03-14,1225.0,1250.0,1175.0,1187.5,841.10986328125,31498000,0.0,0.0,yfinance_raw_daily
2008-03-17,1137.5,1137.5,1075.0,1100.0,779.133544921875,76046000,0.0,0.0,yfinance_raw_daily
2008-03-18,1125.0,1125.0,1075.0,1112.5,787.9873046875,53422000,0.0,0.0,yfinance_raw_daily
2008-03-19,1150.0,1162.5,1100.0,1112.5,787.9873046875,34128000,0.0,0.0,yfinance_raw_daily
2008-03-24,1112.5,1125.0,1075.0,1112.5,787.9873046875,20094000,0.0,0.0,yfinance_raw_daily
2008-03-25,1137.5,1175.0,1112.5,1150.0,814.548828125,74126000,0.0,0.0,yfinance_raw_daily
2008-03-26,1137.5,1187.5,1137.5,1162.5,823.4024658203125,63673000,0.0,0.0,yfinance_raw_daily
2008-03-27,1150.0,1175.0,1137.5,1175.0,832.2562866210938,32181000,0.0,0.0,yfinance_raw_daily
2008-03-28,1162.5,1200.0,1162.5,1187.5,841.10986328125,26092000,0.0,0.0,yfinance_raw_daily
2008-03-31,1187.5,1225.0,1137.5,1162.5,823.4024658203125,63725000,0.0,0.0,yfinance_raw_daily
2008-04-01,1175.0,1175.0,1112.5,1150.0,814.548828125,29189000,0.0,0.0,yfinance_raw_daily
2008-04-02,1175.0,1187.5,1125.0,1137.5,805.6947631835938,31971000,0.0,0.0,yfinance_raw_daily
2008-04-03,1137.5,1137.5,950.0,1025.0,726.0107421875,83803000,0.0,0.0,yfinance_raw_daily
2008-04-04,1037.5,1062.5,1025.0,1050.0,743.7183227539062,47175000,0.0,0.0,yfinance_raw_daily
2008-04-07,1050.0,1075.0,1025.0,1075.0,761.4258422851562,47686000,0.0,0.0,yfinance_raw_daily
2008-04-08,1062.5,1087.5,1050.0,1075.0,761.4258422851562,50569000,0.0,0.0,yfinance_raw_daily
2008-04-09,1075.0,1087.5,1037.5,1050.0,743.7183227539062,56008000,0.0,0.0,yfinance_raw_daily
2008-04-10,1050.0,1075.0,1037.5,1075.0,761.4258422851562,29689000,0.0,0.0,yfinance_raw_daily
2008-04-11,1087.5,1150.0,1075.0,1137.5,805.6947631835938,46100000,0.0,0.0,yfinance_raw_daily
2008-04-14,1100.0,1112.5,1075.0,1112.5,787.9873046875,26693000,0.0,0.0,yfinance_raw_daily
2008-04-15,1125.0,1175.0,1125.0,1175.0,832.2562866210938,45513000,0.0,0.0,yfinance_raw_daily
2008-04-16,1175.0,1200.0,1162.5,1200.0,849.9639282226562,28084000,0.0,0.0,yfinance_raw_daily
2008-04-17,1225.0,1237.5,1175.0,1187.5,841.10986328125,59339000,0.0,0.0,yfinance_raw_daily
2008-04-18,1187.5,1212.5,1175.0,1187.5,841.10986328125,27034000,0.0,0.0,yfinance_raw_daily
2008-04-21,1212.5,1212.5,1137.5,1150.0,814.548828125,48685000,0.0,0.0,yfinance_raw_daily
2008-04-22,1137.5,1137.5,1087.5,1112.5,787.9873046875,41625000,0.0,0.0,yfinance_raw_daily
2008-04-23,1087.5,1125.0,1087.5,1112.5,787.9873046875,26852000,0.0,0.0,yfinance_raw_daily
2008-04-24,1137.5,1137.5,1087.5,1100.0,779.133544921875,40106000,0.0,0.0,yfinance_raw_daily
2008-04-25,1112.5,1112.5,1075.0,1087.5,770.27978515625,68992000,0.0,0.0,yfinance_raw_daily
2008-04-28,1087.5,1087.5,1062.5,1087.5,770.27978515625,33278000,0.0,0.0,yfinance_raw_daily
2008-04-29,1087.5,1137.5,1087.5,1137.5,805.6947631835938,40814000,0.0,0.0,yfinance_raw_daily
2008-04-30,1150.0,1150.0,1125.0,1137.5,805.6947631835938,16057000,0.0,0.0,yfinance_raw_daily
2008-05-05,1162.5,1187.5,1162.5,1187.5,841.10986328125,21895000,0.0,0.0,yfinance_raw_daily
2008-05-06,1175.0,1237.5,1162.5,1225.0,867.67138671875,74405000,0.0,0.0,yfinance_raw_daily
2008-05-07,1225.0,1312.5,1225.0,1300.0,920.794189453125,142826000,0.0,0.0,yfinance_raw_daily
2008-05-08,1275.0,1287.5,1250.0,1287.5,911.9404907226562,28611000,0.0,0.0,yfinance_raw_daily
2008-05-09,1312.5,1312.5,1275.0,1287.5,911.9404907226562,9739000,0.0,0.0,yfinance_raw_daily
2008-05-12,1275.0,1287.5,1250.0,1287.5,911.9404907226562,10543000,0.0,0.0,yfinance_raw_daily
2008-05-13,1300.0,1337.5,1287.5,1325.0,938.501708984375,65938000,0.0,0.0,yfinance_raw_daily
2008-05-14,1325.0,1375.0,1325.0,1350.0,956.209228515625,49152000,0.0,0.0,yfinance_raw_daily
2008-05-15,1350.0,1362.5,1300.0,1325.0,938.501708984375,10590000,0.0,0.0,yfinance_raw_daily
2008-05-16,1337.5,1362.5,1325.0,1350.0,956.209228515625,33572000,0.0,0.0,yfinance_raw_daily
2008-05-21,1312.5,1350.0,1300.0,1350.0,956.209228515625,21510000,0.0,0.0,yfinance_raw_daily
2008-05-22,1337.5,1412.5,1312.5,1412.5,1000.478271484375,64787000,0.0,0.0,yfinance_raw_daily
2008-05-23,1412.5,1450.0,1375.0,1400.0,991.6246337890625,68676000,0.0,0.0,yfinance_raw_daily
2008-05-26,1375.0,1412.5,1350.0,1387.5,982.7706298828125,10448000,0.0,0.0,yfinance_raw_daily
2008-05-27,1400.0,1425.0,1375.0,1400.0,991.6246337890625,18824000,0.0,0.0,yfinance_raw_daily
2008-05-28,1425.0,1450.0,1400.0,1437.5,1018.1858520507812,56357000,0.0,0.0,yfinance_raw_daily
2008-05-29,1450.0,1462.5,1400.0,1425.0,1009.332275390625,10414000,0.0,0.0,yfinance_raw_daily
2008-05-30,1425.0,1425.0,1387.5,1400.0,991.6246337890625,7752000,0.0,0.0,yfinance_raw_daily
2008-06-02,1400.0,1425.0,1375.0,1375.0,973.9168701171875,15963000,0.0,0.0,yfinance_raw_daily
2008-06-03,1375.0,1375.0,1312.5,1350.0,956.209228515625,11911000,0.0,0.0,yfinance_raw_daily
2008-06-04,1350.0,1350.0,1312.5,1350.0,956.209228515625,10365000,0.0,0.0,yfinance_raw_daily
2008-06-05,1350.0,1350.0,1312.5,1350.0,956.209228515625,11412000,0.0,0.0,yfinance_raw_daily
2008-06-06,1375.0,1375.0,1337.5,1337.5,947.3555908203125,9266000,0.0,0.0,yfinance_raw_daily
2008-06-09,1300.0,1337.5,1300.0,1337.5,947.3555908203125,4641000,0.0,0.0,yfinance_raw_daily
2008-06-10,1350.0,1350.0,1275.0,1300.0,920.794189453125,21345000,0.0,0.0,yfinance_raw_daily
2008-06-11,1300.0,1312.5,1250.0,1275.0,903.08642578125,10422000,0.0,0.0,yfinance_raw_daily
2008-06-12,1250.0,1300.0,1237.5,1300.0,920.794189453125,34627000,0.0,0.0,yfinance_raw_daily
2008-06-13,1300.0,1300.0,1250.0,1262.5,894.2329711914062,20054000,0.0,0.0,yfinance_raw_daily
2008-06-16,1262.5,1275.0,1262.5,1275.0,903.08642578125,7464000,0.0,0.0,yfinance_raw_daily
2008-06-17,1275.0,1275.0,1175.0,1200.0,849.9639282226562,66730000,0.0,0.0,yfinance_raw_daily
2008-06-18,1200.0,1225.0,1187.5,1200.0,849.9639282226562,43315000,0.0,0.0,yfinance_raw_daily
2008-06-19,1200.0,1212.5,1150.0,1187.5,841.10986328125,42432000,0.0,0.0,yfinance_raw_daily
2008-06-20,1187.5,1212.5,1187.5,1200.0,849.9639282226562,25654000,0.0,0.0,yfinance_raw_daily
2008-06-23,1200.0,1212.5,1187.5,1187.5,841.10986328125,19422000,0.0,0.0,yfinance_raw_daily
2008-06-24,1187.5,1250.0,1187.5,1225.0,867.67138671875,50784000,0.0,0.0,yfinance_raw_daily
2008-06-25,1225.0,1237.5,1200.0,1225.0,867.67138671875,25428000,0.0,0.0,yfinance_raw_daily
2008-06-26,1225.0,1237.5,1212.5,1237.5,876.5252685546875,42310000,0.0,0.0,yfinance_raw_daily
2008-06-27,1225.0,1237.5,1200.0,1225.0,867.67138671875,31389000,0.0,0.0,yfinance_raw_daily
2008-06-30,1237.5,1237.5,1200.0,1200.0,849.9639282226562,17197000,0.0,0.0,yfinance_raw_daily
2008-07-01,1212.5,1225.0,1200.0,1212.5,858.8175659179688,7513000,0.0,0.0,yfinance_raw_daily
2008-07-02,1225.0,1225.0,1187.5,1187.5,841.10986328125,11407000,0.0,0.0,yfinance_raw_daily
2008-07-03,1187.5,1187.5,1100.0,1137.5,805.6947631835938,28873000,0.0,0.0,yfinance_raw_daily
2008-07-04,1137.5,1175.0,1125.0,1150.0,814.548828125,17579000,0.0,0.0,yfinance_raw_daily
2008-07-07,1150.0,1175.0,1125.0,1137.5,805.6947631835938,20673000,0.0,0.0,yfinance_raw_daily
2008-07-08,1137.5,1150.0,1100.0,1125.0,796.841064453125,34783000,0.0,0.0,yfinance_raw_daily
2008-07-09,1137.5,1150.0,1100.0,1112.5,787.9873046875,13738000,0.0,0.0,yfinance_raw_daily
2008-07-10,1112.5,1125.0,1100.0,1125.0,796.841064453125,16215000,0.0,0.0,yfinance_raw_daily
2008-07-11,1125.0,1137.5,1112.5,1125.0,796.841064453125,12399000,0.0,0.0,yfinance_raw_daily
2008-07-14,1137.5,1187.5,1112.5,1125.0,796.841064453125,29798000,0.0,0.0,yfinance_raw_daily
2008-07-15,1112.5,1112.5,1062.5,1112.5,787.9873046875,14247000,0.0,0.0,yfinance_raw_daily
2008-07-16,1100.0,1112.5,1087.5,1087.5,770.27978515625,6982000,0.0,0.0,yfinance_raw_daily
2008-07-17,1112.5,1112.5,1037.5,1050.0,743.7183227539062,12830000,0.0,0.0,yfinance_raw_daily
2008-07-18,1050.0,1050.0,1000.0,1025.0,726.0107421875,16103000,0.0,0.0,yfinance_raw_daily
2008-07-21,1037.5,1062.5,1025.0,1062.5,752.5721435546875,12174000,0.0,0.0,yfinance_raw_daily
2008-07-22,1050.0,1087.5,1050.0,1062.5,752.5721435546875,30280000,0.0,0.0,yfinance_raw_daily
2008-07-23,1087.5,1087.5,1050.0,1087.5,770.27978515625,24157000,0.0,0.0,yfinance_raw_daily
2008-07-24,1087.5,1100.0,1062.5,1100.0,779.133544921875,26155000,0.0,0.0,yfinance_raw_daily
2008-07-25,1087.5,1112.5,1062.5,1112.5,787.9873046875,51184000,0.0,0.0,yfinance_raw_daily
2008-07-28,1125.0,1125.0,1100.0,1112.5,787.9873046875,21412000,0.0,0.0,yfinance_raw_daily
2008-07-29,1087.5,1112.5,1087.5,1112.5,787.9873046875,7801000,0.0,0.0,yfinance_raw_daily
2008-07-31,1112.5,1150.0,1100.0,1137.5,805.6947631835938,43658000,0.0,0.0,yfinance_raw_daily
2008-08-01,1137.5,1137.5,1087.5,1112.5,787.9873046875,13656000,0.0,0.0,yfinance_raw_daily
2008-08-04,1112.5,1112.5,1062.5,1075.0,761.4258422851562,11654000,0.0,0.0,yfinance_raw_daily
2008-08-05,1050.0,1087.5,1037.5,1087.5,770.27978515625,35071000,0.0,0.0,yfinance_raw_daily
2008-08-06,1100.0,1125.0,1062.5,1087.5,770.27978515625,29000000,0.0,0.0,yfinance_raw_daily
2008-08-07,1075.0,1087.5,1025.0,1050.0,743.7183227539062,32517000,0.0,0.0,yfinance_raw_daily
2008-08-08,1025.0,1050.0,1025.0,1037.5,734.8646240234375,7190000,0.0,0.0,yfinance_raw_daily
2008-08-11,1037.5,1037.5,975.0,1000.0,708.30322265625,13995000,0.0,0.0,yfinance_raw_daily
2008-08-12,1000.0,1012.5,925.0,1000.0,708.30322265625,37379000,0.0,0.0,yfinance_raw_daily
2008-08-13,975.0,987.5,950.0,975.0,690.5956420898438,22263000,0.0,0.0,yfinance_raw_daily
2008-08-14,975.0,990.0,960.0,975.0,690.5956420898438,52161000,0.0,0.0,yfinance_raw_daily
2008-08-15,975.0,975.0,940.0,950.0,672.8880004882812,21218000,0.0,0.0,yfinance_raw_daily
2008-08-19,950.0,970.0,945.0,955.0,676.4296264648438,41900000,0.0,0.0,yfinance_raw_daily
2008-08-20,955.0,975.0,955.0,960.0,679.9710693359375,22601000,0.0,0.0,yfinance_raw_daily
2008-08-21,970.0,980.0,965.0,970.0,687.0542602539062,26522000,0.0,0.0,yfinance_raw_daily
2008-08-22,980.0,990.0,975.0,990.0,701.2201538085938,35997000,0.0,0.0,yfinance_raw_daily
2008-08-25,990.0,990.0,975.0,980.0,694.1370849609375,6326000,0.0,0.0,yfinance_raw_daily
2008-08-26,975.0,980.0,970.0,980.0,694.1370849609375,7044000,0.0,0.0,yfinance_raw_daily
2008-08-27,980.0,985.0,970.0,980.0,694.1370849609375,20394000,0.0,0.0,yfinance_raw_daily
2008-08-28,980.0,1050.0,980.0,1045.0,740.1769409179688,136326000,0.0,0.0,yfinance_raw_daily
2008-08-29,1075.0,1125.0,1075.0,1125.0,796.841064453125,141953000,0.0,0.0,yfinance_raw_daily
2008-09-01,1112.5,1137.5,1087.5,1100.0,779.133544921875,52418000,0.0,0.0,yfinance_raw_daily
2008-09-02,1100.0,1112.5,1050.0,1087.5,770.27978515625,43251000,0.0,0.0,yfinance_raw_daily
2008-09-03,1087.5,1087.5,1062.5,1087.5,770.27978515625,25199000,0.0,0.0,yfinance_raw_daily
2008-09-04,1087.5,1100.0,1050.0,1087.5,770.27978515625,19751000,0.0,0.0,yfinance_raw_daily
2008-09-05,1062.5,1087.5,1037.5,1075.0,761.4258422851562,29588000,0.0,0.0,yfinance_raw_daily
2008-09-08,1100.0,1112.5,1087.5,1112.5,787.9873046875,30274000,0.0,0.0,yfinance_raw_daily
2008-09-09,1100.0,1100.0,1062.5,1075.0,761.4258422851562,26654000,0.0,0.0,yfinance_raw_daily
2008-09-10,1062.5,1100.0,1050.0,1087.5,770.27978515625,29049000,0.0,0.0,yfinance_raw_daily
2008-09-11,1075.0,1075.0,1000.0,1037.5,734.8646240234375,36044000,0.0,0.0,yfinance_raw_daily
2008-09-12,1050.0,1050.0,950.0,1000.0,708.30322265625,25515000,0.0,0.0,yfinance_raw_daily
2008-09-15,1000.0,1000.0,950.0,975.0,690.5956420898438,27949000,0.0,0.0,yfinance_raw_daily
2008-09-16,950.0,1025.0,875.0,1005.0,711.8447265625,24282000,0.0,0.0,yfinance_raw_daily
2008-09-17,1037.5,1050.0,975.0,1025.0,726.0107421875,18356000,0.0,0.0,yfinance_raw_daily
2008-09-18,1000.0,1037.5,962.5,1025.0,726.0107421875,27425000,0.0,0.0,yfinance_raw_daily
2008-09-19,1050.0,1125.0,1050.0,1112.5,787.9873046875,46921000,0.0,0.0,yfinance_raw_daily
2008-09-22,1137.5,1137.5,1062.5,1087.5,770.27978515625,24694000,0.0,0.0,yfinance_raw_daily
2008-09-23,1075.0,1075.0,1037.5,1050.0,743.7183227539062,18350000,0.0,0.0,yfinance_raw_daily
2008-09-24,1050.0,1062.5,987.5,1000.0,708.30322265625,60965000,0.0,0.0,yfinance_raw_daily
2008-09-25,1000.0,1000.0,962.5,962.5,681.74169921875,23335000,0.0,0.0,yfinance_raw_daily
2008-09-26,950.0,965.0,935.0,950.0,672.8880004882812,23154000,0.0,0.0,yfinance_raw_daily
2008-10-06,955.0,955.0,900.0,925.0,655.180419921875,34871000,0.0,0.0,yfinance_raw_daily
2008-10-07,905.0,940.0,880.0,900.0,637.4727783203125,26227000,0.0,0.0,yfinance_raw_daily
2008-10-08,850.0,850.0,745.0,760.0,538.3104248046875,8172000,0.0,0.0,yfinance_raw_daily
2008-10-09,760.0,760.0,760.0,760.0,538.3104248046875,0,0.0,0.0,yfinance_raw_daily
2008-10-10,760.0,760.0,760.0,760.0,538.3104248046875,0,0.0,0.0,yfinance_raw_daily
2008-10-13,760.0,760.0,760.0,760.0,538.3104248046875,0,0.0,0.0,yfinance_raw_daily
2008-10-14,890.0,905.0,890.0,900.0,637.4727783203125,58418000,0.0,0.0,yfinance_raw_daily
2008-10-15,900.0,935.0,810.0,830.0,587.8916625976562,45539000,0.0,0.0,yfinance_raw_daily
2008-10-16,760.0,795.0,750.0,790.0,559.5595092773438,22289000,0.0,0.0,yfinance_raw_daily
2008-10-17,800.0,815.0,770.0,775.0,548.93505859375,25110000,0.0,0.0,yfinance_raw_daily
2008-10-20,780.0,850.0,765.0,845.0,598.5161743164062,23479000,0.0,0.0,yfinance_raw_daily
2008-10-21,875.0,880.0,835.0,840.0,594.9746704101562,15571000,0.0,0.0,yfinance_raw_daily
2008-10-22,840.0,845.0,760.0,760.0,538.3104248046875,28955000,0.0,0.0,yfinance_raw_daily
2008-10-23,700.0,725.0,685.0,705.0,499.3537902832031,22098000,0.0,0.0,yfinance_raw_daily
2008-10-24,690.0,690.0,635.0,635.0,449.77252197265625,18663000,0.0,0.0,yfinance_raw_daily
2008-10-27,600.0,600.0,575.0,575.0,407.2744140625,2749000,0.0,0.0,yfinance_raw_daily
2008-10-28,520.0,560.0,520.0,520.0,368.3177185058594,73799000,0.0,0.0,yfinance_raw_daily
2008-10-29,570.0,570.0,470.0,480.0,339.98553466796875,119510000,0.0,0.0,yfinance_raw_daily
2008-10-30,495.0,525.0,485.0,525.0,371.8591613769531,103845000,0.0,0.0,yfinance_raw_daily
2008-10-31,525.0,570.0,520.0,545.0,386.0252990722656,96142000,0.0,0.0,yfinance_raw_daily
2008-11-03,575.0,645.0,570.0,585.0,414.35736083984375,79046000,0.0,0.0,yfinance_raw_daily
2008-11-04,585.0,595.0,540.0,580.0,410.81591796875,117091000,0.0,0.0,yfinance_raw_daily
2008-11-05,600.0,615.0,580.0,580.0,410.81591796875,125970000,0.0,0.0,yfinance_raw_daily
2008-11-06,550.0,550.0,525.0,530.0,375.40069580078125,51309000,0.0,0.0,yfinance_raw_daily
2008-11-07,490.0,555.0,485.0,535.0,378.94219970703125,119089000,0.0,0.0,yfinance_raw_daily
2008-11-10,555.0,565.0,490.0,505.0,357.693115234375,135079000,0.0,0.0,yfinance_raw_daily
2008-11-11,480.0,505.0,470.0,485.0,343.5271301269531,148066000,0.0,0.0,yfinance_raw_daily
2008-11-12,485.0,505.0,480.0,495.0,350.6100769042969,85044000,0.0,0.0,yfinance_raw_daily
2008-11-13,480.0,480.0,455.0,470.0,332.9024963378906,69914000,0.0,0.0,yfinance_raw_daily
2008-11-14,485.0,495.0,470.0,475.0,336.4440002441406,42663000,0.0,0.0,yfinance_raw_daily
2008-11-17,480.0,480.0,455.0,460.0,325.8195495605469,31055000,0.0,0.0,yfinance_raw_daily
2008-11-18,450.0,470.0,430.0,470.0,332.9024963378906,43054000,0.0,0.0,yfinance_raw_daily
2008-11-19,460.0,475.0,440.0,475.0,336.4440002441406,79726000,0.0,0.0,yfinance_raw_daily
2008-11-20,450.0,455.0,440.0,445.0,315.1949768066406,42405000,0.0,0.0,yfinance_raw_daily
2008-11-21,435.0,475.0,420.0,470.0,332.9024963378906,74708000,0.0,0.0,yfinance_raw_daily
2008-11-24,475.0,485.0,450.0,460.0,325.8195495605469,30331000,0.0,0.0,yfinance_raw_daily
2008-11-25,470.0,480.0,460.0,480.0,339.98553466796875,90233000,0.0,0.0,yfinance_raw_daily
2008-11-26,480.0,490.0,465.0,475.0,336.4440002441406,51148000,0.0,0.0,yfinance_raw_daily
2008-11-27,480.0,485.0,460.0,465.0,329.36102294921875,27572000,0.0,0.0,yfinance_raw_daily
2008-11-28,430.0,495.0,430.0,485.0,343.5271301269531,88691000,0.0,0.0,yfinance_raw_daily
2008-12-01,505.0,515.0,470.0,475.0,336.4440002441406,158028000,0.0,0.0,yfinance_raw_daily
2008-12-02,455.0,465.0,435.0,445.0,315.1949768066406,117314000,0.0,0.0,yfinance_raw_daily
2008-12-03,450.0,460.0,445.0,445.0,315.1949768066406,74864000,0.0,0.0,yfinance_raw_daily
2008-12-04,450.0,460.0,445.0,460.0,325.8195495605469,29239000,0.0,0.0,yfinance_raw_daily
2008-12-05,455.0,460.0,440.0,445.0,315.1949768066406,31810000,0.0,0.0,yfinance_raw_daily
2008-12-09,455.0,470.0,450.0,460.0,325.8195495605469,120810000,0.0,0.0,yfinance_raw_daily
2008-12-10,460.0,495.0,460.0,490.0,347.06854248046875,264804000,0.0,0.0,yfinance_raw_daily
2008-12-11,485.0,495.0,465.0,475.0,336.4440002441406,101254000,0.0,0.0,yfinance_raw_daily
2008-12-12,465.0,475.0,450.0,450.0,318.73638916015625,74642000,0.0,0.0,yfinance_raw_daily
2008-12-15,460.0,485.0,460.0,485.0,343.5271301269531,92166000,0.0,0.0,yfinance_raw_daily
2008-12-16,480.0,485.0,465.0,470.0,332.9024963378906,41942000,0.0,0.0,yfinance_raw_daily
2008-12-17,480.0,480.0,465.0,470.0,332.9024963378906,54984000,0.0,0.0,yfinance_raw_daily
2008-12-18,470.0,470.0,460.0,470.0,332.9024963378906,42082000,0.0,0.0,yfinance_raw_daily
2008-12-19,470.0,470.0,460.0,465.0,329.36102294921875,48617000,0.0,0.0,yfinance_raw_daily
2008-12-22,460.0,460.0,450.0,460.0,325.8195495605469,62647000,0.0,0.0,yfinance_raw_daily
2008-12-23,455.0,460.0,450.0,460.0,325.8195495605469,55776000,0.0,0.0,yfinance_raw_daily
2008-12-24,455.0,460.0,450.0,460.0,325.8195495605469,28547000,0.0,0.0,yfinance_raw_daily
2008-12-30,460.0,465.0,450.0,465.0,329.36102294921875,22171000,0.0,0.0,yfinance_raw_daily
2008-12-31,465.0,465.0,465.0,465.0,329.36102294921875,0,0.0,0.0,yfinance_raw_daily
2009-01-05,475.0,490.0,460.0,490.0,347.06854248046875,309281000,0.0,0.0,yfinance_raw_daily
2009-01-06,500.0,555.0,490.0,510.0,361.2345886230469,692035000,0.0,0.0,yfinance_raw_daily
2009-01-07,520.0,540.0,510.0,510.0,361.2345886230469,294285000,0.0,0.0,yfinance_raw_daily
2009-01-08,500.0,525.0,495.0,515.0,364.7761535644531,47693000,0.0,0.0,yfinance_raw_daily
2009-01-09,515.0,555.0,510.0,545.0,386.0252990722656,288827000,0.0,0.0,yfinance_raw_daily
2009-01-12,540.0,560.0,535.0,555.0,393.1082458496094,98205000,0.0,0.0,yfinance_raw_daily
2009-01-13,550.0,565.0,545.0,550.0,389.5667724609375,91197000,0.0,0.0,yfinance_raw_daily
2009-01-14,550.0,560.0,535.0,540.0,382.4837646484375,58589000,0.0,0.0,yfinance_raw_daily
2009-01-15,525.0,525.0,505.0,515.0,364.7761535644531,79136000,0.0,0.0,yfinance_raw_daily
2009-01-16,520.0,535.0,520.0,530.0,375.40069580078125,36440000,0.0,0.0,yfinance_raw_daily
2009-01-19,535.0,540.0,510.0,525.0,371.8591613769531,55826000,0.0,0.0,yfinance_raw_daily
2009-01-20,515.0,520.0,495.0,520.0,368.3177185058594,67133000,0.0,0.0,yfinance_raw_daily
2009-01-21,510.0,515.0,495.0,500.0,354.151611328125,54013000,0.0,0.0,yfinance_raw_daily
2009-01-22,510.0,510.0,490.0,500.0,354.151611328125,44990000,0.0,0.0,yfinance_raw_daily
2009-01-23,490.0,500.0,485.0,500.0,354.151611328125,31287000,0.0,0.0,yfinance_raw_daily
2009-01-27,505.0,515.0,500.0,515.0,364.7761535644531,20356000,0.0,0.0,yfinance_raw_daily
2009-01-28,515.0,515.0,500.0,510.0,361.2345886230469,12804000,0.0,0.0,yfinance_raw_daily
2009-01-29,515.0,515.0,500.0,505.0,357.693115234375,15079000,0.0,0.0,yfinance_raw_daily
2009-01-30,500.0,500.0,480.0,490.0,347.06854248046875,92596000,0.0,0.0,yfinance_raw_daily
2009-02-02,480.0,490.0,475.0,480.0,339.98553466796875,42143000,0.0,0.0,yfinance_raw_daily
2009-02-03,485.0,485.0,475.0,480.0,339.98553466796875,17362000,0.0,0.0,yfinance_raw_daily
2009-02-04,485.0,485.0,475.0,485.0,343.5271301269531,13964000,0.0,0.0,yfinance_raw_daily
2009-02-05,480.0,490.0,475.0,480.0,339.98553466796875,26632000,0.0,0.0,yfinance_raw_daily
2009-02-06,480.0,515.0,480.0,510.0,361.2345886230469,123433000,0.0,0.0,yfinance_raw_daily
2009-02-09,515.0,515.0,490.0,500.0,354.151611328125,83096000,0.0,0.0,yfinance_raw_daily
2009-02-10,495.0,500.0,485.0,490.0,347.06854248046875,58027000,0.0,0.0,yfinance_raw_daily
2009-02-11,480.0,490.0,475.0,485.0,343.5271301269531,44763000,0.0,0.0,yfinance_raw_daily
2009-02-12,485.0,485.0,470.0,480.0,339.98553466796875,72470000,0.0,0.0,yfinance_raw_daily
2009-02-13,480.0,485.0,475.0,480.0,339.98553466796875,36803000,0.0,0.0,yfinance_raw_daily
2009-02-16,480.0,485.0,475.0,480.0,339.98553466796875,16860000,0.0,0.0,yfinance_raw_daily
2009-02-17,480.0,490.0,465.0,470.0,332.9024963378906,73062000,0.0,0.0,yfinance_raw_daily
2009-02-18,465.0,475.0,460.0,465.0,329.36102294921875,72481000,0.0,0.0,yfinance_raw_daily
2009-02-19,465.0,470.0,460.0,465.0,329.36102294921875,24824000,0.0,0.0,yfinance_raw_daily
2009-02-20,465.0,465.0,440.0,450.0,318.73638916015625,169839000,0.0,0.0,yfinance_raw_daily
2009-02-23,445.0,460.0,445.0,460.0,325.8195495605469,34676000,0.0,0.0,yfinance_raw_daily
2009-02-24,450.0,450.0,440.0,450.0,318.73638916015625,44272000,0.0,0.0,yfinance_raw_daily
2009-02-25,450.0,460.0,435.0,440.0,311.6534118652344,88851000,0.0,0.0,yfinance_raw_daily
2009-02-26,440.0,445.0,430.0,440.0,311.6534118652344,47110000,0.0,0.0,yfinance_raw_daily
2009-02-27,440.0,445.0,430.0,440.0,311.6534118652344,28911000,0.0,0.0,yfinance_raw_daily
2009-03-02,430.0,435.0,415.0,420.0,297.4873352050781,41780000,0.0,0.0,yfinance_raw_daily
2009-03-03,415.0,425.0,410.0,425.0,301.02886962890625,27872000,0.0,0.0,yfinance_raw_daily
2009-03-04,425.0,440.0,420.0,435.0,308.1119079589844,56708000,0.0,0.0,yfinance_raw_daily
2009-03-05,435.0,445.0,425.0,430.0,304.57037353515625,48469000,0.0,0.0,yfinance_raw_daily
2009-03-06,425.0,430.0,420.0,430.0,304.57037353515625,12559000,0.0,0.0,yfinance_raw_daily
2009-03-10,425.0,435.0,425.0,430.0,304.57037353515625,35243000,0.0,0.0,yfinance_raw_daily
2009-03-11,435.0,440.0,430.0,435.0,308.1119079589844,50595000,0.0,0.0,yfinance_raw_daily
2009-03-12,430.0,435.0,425.0,430.0,304.57037353515625,24659000,0.0,0.0,yfinance_raw_daily
2009-03-13,435.0,445.0,430.0,440.0,311.6534118652344,74827000,0.0,0.0,yfinance_raw_daily
2009-03-16,445.0,445.0,430.0,435.0,308.1119079589844,24780000,0.0,0.0,yfinance_raw_daily
2009-03-17,435.0,440.0,430.0,430.0,304.57037353515625,17591000,0.0,0.0,yfinance_raw_daily
2009-03-18,435.0,440.0,430.0,440.0,311.6534118652344,22303000,0.0,0.0,yfinance_raw_daily
2009-03-19,440.0,455.0,435.0,445.0,315.1949768066406,74197000,0.0,0.0,yfinance_raw_daily
2009-03-20,445.0,460.0,440.0,460.0,325.8195495605469,80483000,0.0,0.0,yfinance_raw_daily
2009-03-23,460.0,490.0,455.0,485.0,343.5271301269531,192042000,0.0,0.0,yfinance_raw_daily
2009-03-24,495.0,500.0,480.0,495.0,350.6100769042969,164867000,0.0,0.0,yfinance_raw_daily
2009-03-25,490.0,495.0,475.0,480.0,339.98553466796875,61215000,0.0,0.0,yfinance_raw_daily
2009-03-27,485.0,490.0,475.0,480.0,339.98553466796875,71577000,0.0,0.0,yfinance_raw_daily
2009-03-30,480.0,480.0,460.0,470.0,332.9024963378906,42480000,0.0,0.0,yfinance_raw_daily
2009-03-31,470.0,480.0,465.0,470.0,332.9024963378906,48221000,0.0,0.0,yfinance_raw_daily
2009-04-01,470.0,475.0,450.0,460.0,325.8195495605469,113420000,0.0,0.0,yfinance_raw_daily
2009-04-02,460.0,480.0,455.0,480.0,339.98553466796875,356337000,0.0,0.0,yfinance_raw_daily
2009-04-03,485.0,485.0,465.0,465.0,329.36102294921875,178154000,0.0,0.0,yfinance_raw_daily
2009-04-06,470.0,490.0,470.0,485.0,343.5271301269531,221309000,0.0,0.0,yfinance_raw_daily
2009-04-07,485.0,490.0,475.0,480.0,339.98553466796875,130856000,0.0,0.0,yfinance_raw_daily
2009-04-08,475.0,480.0,470.0,480.0,339.98553466796875,52725000,0.0,0.0,yfinance_raw_daily
2009-04-09,480.0,480.0,480.0,480.0,339.98553466796875,0,0.0,0.0,yfinance_raw_daily
2009-04-13,485.0,525.0,485.0,520.0,368.3177185058594,335687000,0.0,0.0,yfinance_raw_daily
2009-04-14,530.0,530.0,510.0,520.0,368.3177185058594,207986000,0.0,0.0,yfinance_raw_daily
2009-04-15,510.0,540.0,510.0,540.0,382.4837646484375,280401000,0.0,0.0,yfinance_raw_daily
2009-04-16,545.0,565.0,535.0,540.0,382.4837646484375,280082000,0.0,0.0,yfinance_raw_daily
2009-04-17,550.0,560.0,530.0,535.0,378.94219970703125,148673000,0.0,0.0,yfinance_raw_daily
2009-04-20,525.0,545.0,525.0,540.0,382.4837646484375,106348000,0.0,0.0,yfinance_raw_daily
2009-04-22,610.0,650.0,585.0,590.0,417.89892578125,482291000,0.0,0.0,yfinance_raw_daily
2009-04-23,590.0,615.0,580.0,600.0,424.9819641113281,86471000,0.0,0.0,yfinance_raw_daily
2009-04-24,600.0,635.0,600.0,625.0,442.6894836425781,291321000,0.0,0.0,yfinance_raw_daily
2009-04-27,630.0,630.0,600.0,610.0,432.0649719238281,82430000,0.0,0.0,yfinance_raw_daily
2009-04-28,610.0,620.0,585.0,590.0,417.89892578125,50188000,0.0,0.0,yfinance_raw_daily
2009-04-29,590.0,625.0,590.0,625.0,442.6894836425781,73915000,0.0,0.0,yfinance_raw_daily
2009-04-30,625.0,645.0,620.0,640.0,453.31402587890625,173425000,0.0,0.0,yfinance_raw_daily
2009-05-01,640.0,640.0,620.0,625.0,442.6894836425781,72691000,0.0,0.0,yfinance_raw_daily
2009-05-04,630.0,695.0,630.0,685.0,485.1876220703125,206742000,0.0,0.0,yfinance_raw_daily
2009-05-05,685.0,715.0,675.0,685.0,485.1876220703125,147996000,0.0,0.0,yfinance_raw_daily
2009-05-06,685.0,725.0,675.0,725.0,513.519775390625,102101000,0.0,0.0,yfinance_raw_daily
2009-05-07,750.0,800.0,730.0,785.0,556.0179443359375,155757000,0.0,0.0,yfinance_raw_daily
2009-05-08,780.0,815.0,765.0,815.0,577.26708984375,89006000,0.0,0.0,yfinance_raw_daily
2009-05-11,835.0,845.0,800.0,800.0,566.642578125,75086000,0.0,0.0,yfinance_raw_daily
2009-05-12,800.0,800.0,770.0,800.0,566.642578125,68562000,0.0,0.0,yfinance_raw_daily
2009-05-13,800.0,815.0,795.0,800.0,566.642578125,75159000,0.0,0.0,yfinance_raw_daily
2009-05-14,790.0,795.0,720.0,740.0,524.1443481445312,74341000,0.0,0.0,yfinance_raw_daily
2009-05-15,750.0,765.0,700.0,725.0,513.519775390625,62371000,0.0,0.0,yfinance_raw_daily
2009-05-18,725.0,790.0,700.0,790.0,559.5595092773438,73050000,0.0,0.0,yfinance_raw_daily
2009-05-19,810.0,860.0,810.0,850.0,602.0577392578125,168189000,0.0,0.0,yfinance_raw_daily
2009-05-20,860.0,975.0,855.0,900.0,637.4727783203125,309945000,0.0,0.0,yfinance_raw_daily
2009-05-21,900.0,900.0,900.0,900.0,637.4727783203125,0,0.0,0.0,yfinance_raw_daily
2009-05-22,910.0,930.0,870.0,890.0,630.3899536132812,96666000,0.0,0.0,yfinance_raw_daily
2009-05-25,890.0,910.0,885.0,890.0,630.3899536132812,29929000,0.0,0.0,yfinance_raw_daily
2009-05-26,900.0,905.0,855.0,860.0,609.1407470703125,51250000,0.0,0.0,yfinance_raw_daily
2009-05-27,880.0,900.0,870.0,880.0,623.3068237304688,38041000,0.0,0.0,yfinance_raw_daily
2009-05-28,880.0,900.0,870.0,895.0,633.9312744140625,35304000,0.0,0.0,yfinance_raw_daily
2009-05-29,900.0,915.0,890.0,890.0,630.3899536132812,46975000,0.0,0.0,yfinance_raw_daily
2009-06-01,900.0,960.0,895.0,960.0,679.9710693359375,91334000,0.0,0.0,yfinance_raw_daily
2009-06-02,975.0,995.0,960.0,965.0,683.5125732421875,75258000,0.0,0.0,yfinance_raw_daily
2009-06-03,975.0,975.0,940.0,950.0,672.8880004882812,40609000,0.0,0.0,yfinance_raw_daily
2009-06-04,945.0,955.0,890.0,925.0,655.180419921875,192697000,0.0,0.0,yfinance_raw_daily
2009-06-05,940.0,965.0,935.0,955.0,676.4296264648438,143693000,0.0,0.0,yfinance_raw_daily
2009-06-08,955.0,970.0,920.0,930.0,658.7220458984375,116262000,0.0,0.0,yfinance_raw_daily
2009-06-09,940.0,955.0,925.0,945.0,669.346435546875,76890000,0.0,0.0,yfinance_raw_daily
2009-06-10,955.0,995.0,955.0,975.0,690.5956420898438,245376000,0.0,0.0,yfinance_raw_daily
2009-06-11,975.0,980.0,955.0,965.0,683.5125732421875,66765000,0.0,0.0,yfinance_raw_daily
2009-06-12,970.0,980.0,940.0,945.0,669.346435546875,59865000,0.0,0.0,yfinance_raw_daily
2009-06-15,945.0,950.0,905.0,910.0,644.5559692382812,100810000,0.0,0.0,yfinance_raw_daily
2009-06-16,900.0,900.0,875.0,895.0,633.9312744140625,91127000,0.0,0.0,yfinance_raw_daily
2009-06-17,890.0,930.0,885.0,905.0,641.014404296875,59256000,0.0,0.0,yfinance_raw_daily
2009-06-18,905.0,920.0,880.0,885.0,626.848388671875,44873000,0.0,0.0,yfinance_raw_daily
2009-06-19,890.0,905.0,865.0,885.0,626.848388671875,53874000,0.0,0.0,yfinance_raw_daily
2009-06-22,885.0,900.0,860.0,865.0,612.6821899414062,25285000,0.0,0.0,yfinance_raw_daily
2009-06-23,850.0,850.0,810.0,815.0,577.26708984375,61582000,0.0,0.0,yfinance_raw_daily
2009-06-24,825.0,905.0,825.0,900.0,637.4727783203125,83414000,0.0,0.0,yfinance_raw_daily
2009-06-25,915.0,935.0,900.0,935.0,662.2634887695312,89053000,0.0,0.0,yfinance_raw_daily
2009-06-26,950.0,975.0,945.0,965.0,683.5125732421875,171791000,0.0,0.0,yfinance_raw_daily
2009-06-29,965.0,970.0,935.0,945.0,669.346435546875,22252000,0.0,0.0,yfinance_raw_daily
2009-06-30,955.0,965.0,925.0,945.0,669.346435546875,35790000,0.0,0.0,yfinance_raw_daily
2009-07-01,940.0,945.0,930.0,945.0,669.346435546875,23321000,0.0,0.0,yfinance_raw_daily
2009-07-02,945.0,955.0,930.0,935.0,662.2634887695312,35403000,0.0,0.0,yfinance_raw_daily
2009-07-03,915.0,935.0,900.0,930.0,658.7220458984375,20947000,0.0,0.0,yfinance_raw_daily
2009-07-06,920.0,920.0,890.0,900.0,637.4727783203125,36859000,0.0,0.0,yfinance_raw_daily
2009-07-07,900.0,930.0,900.0,915.0,648.0973510742188,53110000,0.0,0.0,yfinance_raw_daily
2009-07-08,915.0,915.0,915.0,915.0,648.0973510742188,0,0.0,0.0,yfinance_raw_daily
2009-07-09,940.0,955.0,910.0,920.0,651.6390991210938,77311000,0.0,0.0,yfinance_raw_daily
2009-07-10,920.0,955.0,885.0,890.0,630.3899536132812,140884000,0.0,0.0,yfinance_raw_daily
2009-07-13,880.0,900.0,865.0,880.0,623.3068237304688,60884000,0.0,0.0,yfinance_raw_daily
2009-07-14,895.0,905.0,885.0,900.0,637.4727783203125,39912000,0.0,0.0,yfinance_raw_daily
2009-07-15,905.0,960.0,900.0,960.0,679.9710693359375,140441000,0.0,0.0,yfinance_raw_daily
2009-07-16,975.0,990.0,955.0,960.0,679.9710693359375,160567000,0.0,0.0,yfinance_raw_daily
2009-07-17,925.0,965.0,915.0,955.0,676.4296264648438,76970000,0.0,0.0,yfinance_raw_daily
2009-07-20,955.0,955.0,955.0,955.0,676.4296264648438,0,0.0,0.0,yfinance_raw_daily
2009-07-21,980.0,1050.0,975.0,1037.5,734.8646240234375,214453000,0.0,0.0,yfinance_raw_daily
2009-07-22,1037.5,1100.0,1025.0,1062.5,752.5721435546875,157269000,0.0,0.0,yfinance_raw_daily
2009-07-23,1062.5,1087.5,1037.5,1050.0,743.7183227539062,55041000,0.0,0.0,yfinance_raw_daily
2009-07-24,1062.5,1087.5,1037.5,1050.0,743.7183227539062,62973000,0.0,0.0,yfinance_raw_daily
2009-07-27,1050.0,1100.0,1050.0,1087.5,770.27978515625,75439000,0.0,0.0,yfinance_raw_daily
2009-07-28,1087.5,1175.0,1075.0,1137.5,805.6947631835938,152842000,0.0,0.0,yfinance_raw_daily
2009-07-29,1137.5,1162.5,1075.0,1112.5,787.9873046875,106338000,0.0,0.0,yfinance_raw_daily
2009-07-30,1100.0,1162.5,1087.5,1150.0,814.548828125,75720000,0.0,0.0,yfinance_raw_daily
2009-07-31,1162.5,1175.0,1112.5,1137.5,805.6947631835938,64110000,0.0,0.0,yfinance_raw_daily
2009-08-03,1150.0,1187.5,1137.5,1187.5,841.10986328125,69217000,0.0,0.0,yfinance_raw_daily
2009-08-04,1200.0,1250.0,1162.5,1175.0,832.2562866210938,94828000,0.0,0.0,yfinance_raw_daily
2009-08-05,1187.5,1200.0,1087.5,1112.5,787.9873046875,118464000,0.0,0.0,yfinance_raw_daily
2009-08-06,1112.5,1162.5,1100.0,1150.0,814.548828125,84911000,0.0,0.0,yfinance_raw_daily
2009-08-07,1150.0,1150.0,1100.0,1112.5,787.9873046875,57985000,0.0,0.0,yfinance_raw_daily
2009-08-10,1125.0,1200.0,1125.0,1200.0,849.9639282226562,106194000,0.0,0.0,yfinance_raw_daily
2009-08-11,1200.0,1300.0,1200.0,1262.5,894.2329711914062,171930000,0.0,0.0,yfinance_raw_daily
2009-08-12,1262.5,1287.5,1162.5,1237.5,876.5252685546875,99471000,0.0,0.0,yfinance_raw_daily
2009-08-13,1287.5,1337.5,1275.0,1300.0,920.794189453125,106980000,0.0,0.0,yfinance_raw_daily
2009-08-14,1312.5,1312.5,1262.5,1287.5,911.9404907226562,57959000,0.0,0.0,yfinance_raw_daily
2009-08-18,1275.0,1275.0,1200.0,1237.5,876.5252685546875,128846000,0.0,0.0,yfinance_raw_daily
2009-08-19,1237.5,1250.0,1137.5,1162.5,823.4024658203125,133604000,0.0,0.0,yfinance_raw_daily
2009-08-20,1187.5,1225.0,1175.0,1187.5,841.10986328125,86949000,0.0,0.0,yfinance_raw_daily
2009-08-21,1212.5,1275.0,1212.5,1262.5,894.2329711914062,170495000,0.0,0.0,yfinance_raw_daily
2009-08-24,1300.0,1325.0,1287.5,1312.5,929.6481323242188,146151000,0.0,0.0,yfinance_raw_daily
2009-08-25,1287.5,1350.0,1275.0,1325.0,938.501708984375,118518000,0.0,0.0,yfinance_raw_daily
2009-08-26,1325.0,1362.5,1300.0,1350.0,956.209228515625,52264000,0.0,0.0,yfinance_raw_daily
2009-08-27,1312.5,1362.5,1300.0,1325.0,938.501708984375,53071000,0.0,0.0,yfinance_raw_daily
2009-08-28,1325.0,1337.5,1300.0,1312.5,929.6481323242188,19957000,0.0,0.0,yfinance_raw_daily
2009-08-31,1300.0,1300.0,1250.0,1250.0,885.3789672851562,55847000,0.0,0.0,yfinance_raw_daily
2009-09-01,1250.0,1287.5,1225.0,1237.5,876.5252685546875,41405000,0.0,0.0,yfinance_raw_daily
2009-09-02,1225.0,1300.0,1187.5,1300.0,920.794189453125,115853000,0.0,0.0,yfinance_raw_daily
2009-09-03,1312.5,1400.0,1312.5,1387.5,982.7706298828125,264046000,0.0,0.0,yfinance_raw_daily
2009-09-04,1400.0,1400.0,1312.5,1325.0,938.501708984375,125046000,0.0,0.0,yfinance_raw_daily
2009-09-07,1337.5,1350.0,1262.5,1275.0,903.08642578125,88958000,0.0,0.0,yfinance_raw_daily
2009-09-08,1275.0,1325.0,1275.0,1325.0,938.501708984375,125968000,0.0,0.0,yfinance_raw_daily
2009-09-09,1337.5,1375.0,1325.0,1362.5,965.0631713867188,186818000,0.0,0.0,yfinance_raw_daily
2009-09-10,1375.0,1375.0,1337.5,1350.0,956.209228515625,37796000,0.0,0.0,yfinance_raw_daily
2009-09-11,1362.5,1362.5,1337.5,1350.0,956.209228515625,50995000,0.0,0.0,yfinance_raw_daily
2009-09-14,1337.5,1362.5,1325.0,1325.0,938.501708984375,36686000,0.0,0.0,yfinance_raw_daily
2009-09-15,1350.0,1362.5,1312.5,1325.0,938.501708984375,27698000,0.0,0.0,yfinance_raw_daily
2009-09-16,1350.0,1387.5,1337.5,1375.0,973.9168701171875,51815000,0.0,0.0,yfinance_raw_daily
2009-09-17,1400.0,1412.5,1375.0,1412.5,1000.478271484375,71424000,0.0,0.0,yfinance_raw_daily
2009-09-24,1412.5,1475.0,1412.5,1475.0,1044.7469482421875,105431000,0.0,0.0,yfinance_raw_daily
2009-09-25,1475.0,1475.0,1437.5,1462.5,1035.893310546875,30382000,0.0,0.0,yfinance_raw_daily
2009-09-28,1450.0,1450.0,1412.5,1412.5,1000.478271484375,47562000,0.0,0.0,yfinance_raw_daily
2009-09-29,1425.0,1475.0,1425.0,1475.0,1044.7469482421875,36031000,0.0,0.0,yfinance_raw_daily
2009-09-30,1475.0,1525.0,1450.0,1512.5,1071.308349609375,71433000,0.0,0.0,yfinance_raw_daily
2009-10-01,1525.0,1525.0,1475.0,1487.5,1053.60107421875,24561000,0.0,0.0,yfinance_raw_daily
2009-10-02,1450.0,1475.0,1425.0,1462.5,1035.893310546875,25254000,0.0,0.0,yfinance_raw_daily
2009-10-05,1462.5,1487.5,1450.0,1475.0,1044.7469482421875,23931000,0.0,0.0,yfinance_raw_daily
2009-10-06,1487.5,1550.0,1475.0,1550.0,1097.8701171875,84421000,0.0,0.0,yfinance_raw_daily
2009-10-07,1575.0,1600.0,1562.5,1562.5,1106.723876953125,63648000,0.0,0.0,yfinance_raw_daily
2009-10-08,1562.5,1575.0,1550.0,1575.0,1115.577392578125,31119000,0.0,0.0,yfinance_raw_daily
2009-10-09,1575.0,1587.5,1512.5,1550.0,1097.8701171875,24282000,0.0,0.0,yfinance_raw_daily
2009-10-12,1550.0,1575.0,1550.0,1562.5,1106.723876953125,22535000,0.0,0.0,yfinance_raw_daily
2009-10-13,1562.5,1587.5,1550.0,1562.5,1106.723876953125,21884000,0.0,0.0,yfinance_raw_daily
2009-10-14,1562.5,1625.0,1562.5,1625.0,1150.99267578125,43765000,0.0,0.0,yfinance_raw_daily
2009-10-15,1625.0,1650.0,1587.5,1600.0,1133.28515625,43453000,0.0,0.0,yfinance_raw_daily
2009-10-16,1600.0,1612.5,1575.0,1587.5,1124.43115234375,12655000,0.0,0.0,yfinance_raw_daily
2009-10-19,1587.5,1625.0,1575.0,1625.0,1150.99267578125,8006000,0.0,0.0,yfinance_raw_daily
2009-10-20,1625.0,1637.5,1600.0,1600.0,1133.28515625,8004000,0.0,0.0,yfinance_raw_daily
2009-10-21,1600.0,1600.0,1550.0,1562.5,1106.723876953125,20706000,0.0,0.0,yfinance_raw_daily
2009-10-22,1550.0,1612.5,1550.0,1562.5,1106.723876953125,75009000,0.0,0.0,yfinance_raw_daily
2009-10-23,1587.5,1625.0,1562.5,1625.0,1150.99267578125,28193000,0.0,0.0,yfinance_raw_daily
2009-10-26,1625.0,1625.0,1575.0,1575.0,1115.577392578125,12416000,0.0,0.0,yfinance_raw_daily
2009-10-27,1562.5,1562.5,1500.0,1512.5,1071.308349609375,40321000,0.0,0.0,yfinance_raw_daily
2009-10-28,1500.0,1500.0,1387.5,1425.0,1009.332275390625,51003000,0.0,0.0,yfinance_raw_daily
2009-10-29,1400.0,1462.5,1350.0,1437.5,1018.1858520507812,85788000,0.0,0.0,yfinance_raw_daily
2009-10-30,1475.0,1537.5,1462.5,1537.5,1089.0159912109375,95886000,0.0,0.0,yfinance_raw_daily
2009-11-02,1487.5,1537.5,1462.5,1537.5,1089.0159912109375,32252000,0.0,0.0,yfinance_raw_daily
2009-11-03,1550.0,1550.0,1500.0,1512.5,1071.308349609375,38953000,0.0,0.0,yfinance_raw_daily
2009-11-04,1525.0,1550.0,1512.5,1550.0,1097.8701171875,17776000,0.0,0.0,yfinance_raw_daily
2009-11-05,1537.5,1550.0,1512.5,1525.0,1080.162353515625,9091000,0.0,0.0,yfinance_raw_daily
2009-11-06,1562.5,1562.5,1525.0,1525.0,1080.162353515625,10780000,0.0,0.0,yfinance_raw_daily
2009-11-09,1550.0,1550.0,1512.5,1537.5,1089.0159912109375,7874000,0.0,0.0,yfinance_raw_daily
2009-11-10,1550.0,1562.5,1500.0,1525.0,1080.162353515625,17305000,0.0,0.0,yfinance_raw_daily
2009-11-11,1537.5,1550.0,1525.0,1550.0,1097.8701171875,19831000,0.0,0.0,yfinance_raw_daily
2009-11-12,1562.5,1600.0,1537.5,1562.5,1106.723876953125,30007000,0.0,0.0,yfinance_raw_daily
2009-11-13,1562.5,1587.5,1537.5,1550.0,1097.8701171875,10509000,0.0,0.0,yfinance_raw_daily
2009-11-16,1550.0,1587.5,1550.0,1587.5,1124.43115234375,30123000,0.0,0.0,yfinance_raw_daily
2009-11-17,1587.5,1600.0,1562.5,1600.0,1133.28515625,31981000,0.0,0.0,yfinance_raw_daily
2009-11-18,1587.5,1612.5,1575.0,1600.0,1133.28515625,28559000,0.0,0.0,yfinance_raw_daily
2009-11-19,1600.0,1612.5,1587.5,1600.0,1133.28515625,13066000,0.0,0.0,yfinance_raw_daily
2009-11-20,1587.5,1612.5,1587.5,1600.0,1133.28515625,14575000,0.0,0.0,yfinance_raw_daily
2009-11-23,1612.5,1625.0,1587.5,1625.0,1150.99267578125,21843000,0.0,0.0,yfinance_raw_daily
2009-11-24,1625.0,1625.0,1587.5,1600.0,1133.28515625,15990000,0.0,0.0,yfinance_raw_daily
2009-11-25,1600.0,1600.0,1575.0,1587.5,1124.43115234375,20169000,0.0,0.0,yfinance_raw_daily
2009-11-26,1575.0,1575.0,1537.5,1562.5,1106.723876953125,38167000,0.0,0.0,yfinance_raw_daily
2009-11-30,1562.5,1575.0,1537.5,1537.5,1089.0159912109375,42033000,0.0,0.0,yfinance_raw_daily
2009-12-01,1587.5,1587.5,1537.5,1550.0,1097.8701171875,20577000,0.0,0.0,yfinance_raw_daily
2009-12-02,1575.0,1575.0,1550.0,1550.0,1097.8701171875,16259000,0.0,0.0,yfinance_raw_daily
2009-12-03,1575.0,1587.5,1550.0,1587.5,1124.43115234375,24224000,0.0,0.0,yfinance_raw_daily
2009-12-04,1575.0,1662.5,1575.0,1650.0,1168.7003173828125,72631000,0.0,0.0,yfinance_raw_daily
2009-12-07,1662.5,1687.5,1637.5,1675.0,1186.407958984375,57699000,0.0,0.0,yfinance_raw_daily
2009-12-08,1687.5,1700.0,1662.5,1687.5,1195.261474609375,26353000,0.0,0.0,yfinance_raw_daily
2009-12-09,1687.5,1700.0,1650.0,1662.5,1177.5540771484375,17971000,0.0,0.0,yfinance_raw_daily
2009-12-10,1662.5,1675.0,1625.0,1637.5,1159.8465576171875,17426000,0.0,0.0,yfinance_raw_daily
2009-12-11,1662.5,1662.5,1625.0,1662.5,1177.5540771484375,5506000,0.0,0.0,yfinance_raw_daily
2009-12-14,1637.5,1662.5,1625.0,1650.0,1168.7003173828125,14022000,0.0,0.0,yfinance_raw_daily
2009-12-15,1650.0,1662.5,1625.0,1650.0,1168.7003173828125,8830000,0.0,0.0,yfinance_raw_daily
2009-12-16,1662.5,1775.0,1637.5,1775.0,1257.23828125,57637000,0.0,0.0,yfinance_raw_daily
2009-12-17,1787.5,1800.0,1712.5,1737.5,1230.6768798828125,28475000,0.0,0.0,yfinance_raw_daily
2009-12-21,1775.0,1775.0,1637.5,1700.0,1204.115478515625,33649000,0.0,0.0,yfinance_raw_daily
2009-12-22,1737.5,1737.5,1675.0,1687.5,1195.261474609375,21593000,0.0,0.0,yfinance_raw_daily
2009-12-23,1687.5,1712.5,1675.0,1687.5,1195.261474609375,6524000,0.0,0.0,yfinance_raw_daily
2009-12-28,1712.5,1750.0,1700.0,1737.5,1230.6768798828125,12637000,0.0,0.0,yfinance_raw_daily
2009-12-29,1737.5,1737.5,1737.5,1737.5,1230.6768798828125,0,0.0,0.0,yfinance_raw_daily
2009-12-30,1800.0,1812.5,1737.5,1775.0,1257.23828125,15923000,0.0,0.0,yfinance_raw_daily
2010-01-04,1787.5,1850.0,1762.5,1837.5,1301.507080078125,26442000,0.0,0.0,yfinance_raw_daily
2010-01-05,1875.0,1887.5,1825.0,1875.0,1328.0687255859375,42874000,0.0,0.0,yfinance_raw_daily
2010-01-06,1900.0,1925.0,1862.5,1862.5,1319.2147216796875,44946000,0.0,0.0,yfinance_raw_daily
2010-01-07,1875.0,1912.5,1862.5,1875.0,1328.0687255859375,24863000,0.0,0.0,yfinance_raw_daily
2010-01-08,1900.0,1912.5,1862.5,1887.5,1336.9222412109375,19118000,0.0,0.0,yfinance_raw_daily
2010-01-11,1912.5,1950.0,1887.5,1900.0,1345.7760009765625,25119000,0.0,0.0,yfinance_raw_daily
2010-01-12,1887.5,1937.5,1887.5,1937.5,1372.3375244140625,28934000,0.0,0.0,yfinance_raw_daily
2010-01-13,1912.5,1912.5,1837.5,1862.5,1319.2147216796875,55784000,0.0,0.0,yfinance_raw_daily
2010-01-14,1887.5,1887.5,1850.0,1862.5,1319.2147216796875,47904000,0.0,0.0,yfinance_raw_daily
2010-01-15,1875.0,1900.0,1875.0,1900.0,1345.7760009765625,32422000,0.0,0.0,yfinance_raw_daily
2010-01-18,1900.0,1900.0,1862.5,1887.5,1336.9222412109375,5037000,0.0,0.0,yfinance_raw_daily
2010-01-19,1887.5,1900.0,1875.0,1887.5,1336.9222412109375,13499000,0.0,0.0,yfinance_raw_daily
2010-01-20,1900.0,1925.0,1875.0,1900.0,1345.7760009765625,19423000,0.0,0.0,yfinance_raw_daily
2010-01-21,1875.0,1887.5,1850.0,1862.5,1319.2147216796875,27816000,0.0,0.0,yfinance_raw_daily
2010-01-22,1825.0,1862.5,1800.0,1850.0,1310.36083984375,44142000,0.0,0.0,yfinance_raw_daily
2010-01-25,1825.0,1850.0,1812.5,1825.0,1292.6533203125,12948000,0.0,0.0,yfinance_raw_daily
2010-01-26,1825.0,1850.0,1750.0,1762.5,1248.3846435546875,26197000,0.0,0.0,yfinance_raw_daily
2010-01-27,1762.5,1787.5,1700.0,1725.0,1221.822998046875,49804000,0.0,0.0,yfinance_raw_daily
2010-01-28,1737.5,1837.5,1737.5,1825.0,1292.6533203125,64611000,0.0,0.0,yfinance_raw_daily
2010-01-29,1800.0,1812.5,1750.0,1800.0,1274.945556640625,49427000,0.0,0.0,yfinance_raw_daily
2010-02-01,1800.0,1812.5,1762.5,1787.5,1266.091796875,50317000,0.0,0.0,yfinance_raw_daily
2010-02-02,1787.5,1787.5,1787.5,1787.5,1266.091796875,0,0.0,0.0,yfinance_raw_daily
2010-02-03,1812.5,1812.5,1787.5,1800.0,1274.945556640625,11441000,0.0,0.0,yfinance_raw_daily
2010-02-04,1800.0,1825.0,1787.5,1825.0,1292.6533203125,26395000,0.0,0.0,yfinance_raw_daily
2010-02-05,1750.0,1787.5,1750.0,1762.5,1248.3846435546875,46024000,0.0,0.0,yfinance_raw_daily
2010-02-08,1762.5,1762.5,1687.5,1750.0,1239.5306396484375,45967000,0.0,0.0,yfinance_raw_daily
2010-02-09,1737.5,1787.5,1712.5,1787.5,1266.091796875,48297000,0.0,0.0,yfinance_raw_daily
2010-02-10,1800.0,1812.5,1762.5,1787.5,1266.091796875,25756000,0.0,0.0,yfinance_raw_daily
2010-02-11,1787.5,1800.0,1775.0,1787.5,1266.091796875,12608000,0.0,0.0,yfinance_raw_daily
2010-02-12,1800.0,1837.5,1800.0,1812.5,1283.799560546875,15078000,0.0,0.0,yfinance_raw_daily
2010-02-15,1825.0,1825.0,1800.0,1812.5,1283.799560546875,7725000,0.0,0.0,yfinance_raw_daily
2010-02-16,1825.0,1862.5,1800.0,1862.5,1319.2147216796875,22058000,0.0,0.0,yfinance_raw_daily
2010-02-17,1875.0,1912.5,1875.0,1912.5,1354.6297607421875,59199000,0.0,0.0,yfinance_raw_daily
2010-02-18,1912.5,1925.0,1887.5,1887.5,1336.9222412109375,38112000,0.0,0.0,yfinance_raw_daily
2010-02-19,1900.0,1937.5,1875.0,1925.0,1363.4833984375,45152000,0.0,0.0,yfinance_raw_daily
2010-02-22,1950.0,1975.0,1925.0,1937.5,1372.3375244140625,30347000,0.0,0.0,yfinance_raw_daily
2010-02-23,1925.0,1962.5,1900.0,1962.5,1390.0450439453125,26522000,0.0,0.0,yfinance_raw_daily
2010-02-24,1950.0,1962.5,1925.0,1937.5,1372.3375244140625,19905000,0.0,0.0,yfinance_raw_daily
2010-02-25,1937.5,1937.5,1862.5,1900.0,1345.7760009765625,29317000,0.0,0.0,yfinance_raw_daily
2010-03-01,1950.0,1950.0,1862.5,1887.5,1336.9222412109375,18693000,0.0,0.0,yfinance_raw_daily
2010-03-02,1912.5,1912.5,1875.0,1900.0,1345.7760009765625,11994000,0.0,0.0,yfinance_raw_daily
2010-03-03,1900.0,1912.5,1875.0,1900.0,1345.7760009765625,7774000,0.0,0.0,yfinance_raw_daily
2010-03-04,1900.0,1900.0,1862.5,1875.0,1328.0687255859375,10398000,0.0,0.0,yfinance_raw_daily
2010-03-05,1887.5,1887.5,1850.0,1862.5,1319.2147216796875,21935000,0.0,0.0,yfinance_raw_daily
2010-03-08,1900.0,1925.0,1875.0,1925.0,1363.4833984375,19113000,0.0,0.0,yfinance_raw_daily
2010-03-09,1925.0,1937.5,1912.5,1937.5,1372.3375244140625,10587000,0.0,0.0,yfinance_raw_daily
2010-03-10,1937.5,1950.0,1912.5,1925.0,1363.4833984375,22196000,0.0,0.0,yfinance_raw_daily
2010-03-11,1925.0,1962.5,1925.0,1950.0,1381.1912841796875,23437000,0.0,0.0,yfinance_raw_daily
2010-03-12,1950.0,1950.0,1912.5,1925.0,1363.4833984375,10644000,0.0,0.0,yfinance_raw_daily
2010-03-15,1925.0,1975.0,1925.0,1975.0,1398.89892578125,34517000,0.0,0.0,yfinance_raw_daily
2010-03-17,1975.0,2037.5,1975.0,2025.0,1434.31396484375,50745000,0.0,0.0,yfinance_raw_daily
2010-03-18,2050.0,2050.0,2000.0,2037.5,1443.167724609375,33924000,0.0,0.0,yfinance_raw_daily
2010-03-19,2037.5,2112.5,2025.0,2075.0,1469.729248046875,26287000,0.0,0.0,yfinance_raw_daily
2010-03-22,2062.5,2100.0,2037.5,2050.0,1452.021484375,33531000,0.0,0.0,yfinance_raw_daily
2010-03-23,2062.5,2112.5,1987.5,1987.5,1407.752685546875,37513000,0.0,0.0,yfinance_raw_daily
2010-03-24,2012.5,2037.5,1950.0,1962.5,1390.0450439453125,46471000,0.0,0.0,yfinance_raw_daily
2010-03-25,1962.5,1987.5,1925.0,1950.0,1381.1912841796875,56246000,0.0,0.0,yfinance_raw_daily
2010-03-26,1950.0,1987.5,1925.0,1962.5,1390.0450439453125,46882000,0.0,0.0,yfinance_raw_daily
2010-03-29,1962.5,1962.5,1912.5,1925.0,1363.4833984375,41720000,0.0,0.0,yfinance_raw_daily
2010-03-30,1925.0,1950.0,1912.5,1925.0,1363.4833984375,33452000,0.0,0.0,yfinance_raw_daily
2010-03-31,1925.0,1937.5,1875.0,1887.5,1336.9222412109375,56481000,0.0,0.0,yfinance_raw_daily
2010-04-01,1875.0,1937.5,1875.0,1925.0,1363.4833984375,69594000,0.0,0.0,yfinance_raw_daily
2010-04-05,1937.5,1975.0,1912.5,1937.5,1372.3375244140625,78877000,0.0,0.0,yfinance_raw_daily
2010-04-06,1937.5,1962.5,1925.0,1937.5,1372.3375244140625,36787000,0.0,0.0,yfinance_raw_daily
2010-04-07,1925.0,1937.5,1912.5,1925.0,1363.4833984375,28720000,0.0,0.0,yfinance_raw_daily
2010-04-08,1900.0,1925.0,1887.5,1900.0,1345.7760009765625,43125000,0.0,0.0,yfinance_raw_daily
2010-04-09,1900.0,1912.5,1887.5,1887.5,1336.9222412109375,29720000,0.0,0.0,yfinance_raw_daily
2010-04-12,1900.0,1925.0,1900.0,1912.5,1354.6297607421875,16758000,0.0,0.0,yfinance_raw_daily
2010-04-13,1900.0,1925.0,1900.0,1925.0,1363.4833984375,25770000,0.0,0.0,yfinance_raw_daily
2010-04-14,1912.5,1950.0,1912.5,1937.5,1372.3375244140625,42033000,0.0,0.0,yfinance_raw_daily
2010-04-15,1950.0,1962.5,1900.0,1912.5,1354.6297607421875,31377000,0.0,0.0,yfinance_raw_daily
2010-04-16,1912.5,1925.0,1887.5,1900.0,1345.7760009765625,27137000,0.0,0.0,yfinance_raw_daily
2010-04-19,1875.0,1900.0,1850.0,1862.5,1319.2147216796875,31509000,0.0,0.0,yfinance_raw_daily
2010-04-20,1862.5,1937.5,1862.5,1925.0,1363.4833984375,41836000,0.0,0.0,yfinance_raw_daily
2010-04-21,1937.5,1950.0,1912.5,1912.5,1354.6297607421875,23676000,0.0,0.0,yfinance_raw_daily
2010-04-22,1912.5,1925.0,1887.5,1912.5,1354.6297607421875,17859000,0.0,0.0,yfinance_raw_daily
2010-04-23,1912.5,1925.0,1900.0,1912.5,1354.6297607421875,7585000,0.0,0.0,yfinance_raw_daily
2010-04-26,1925.0,1925.0,1900.0,1900.0,1345.7760009765625,11757000,0.0,0.0,yfinance_raw_daily
2010-04-27,1900.0,1912.5,1887.5,1900.0,1345.7760009765625,15048000,0.0,0.0,yfinance_raw_daily
2010-04-28,1875.0,1900.0,1862.5,1887.5,1336.9222412109375,29292000,0.0,0.0,yfinance_raw_daily
2010-04-29,1887.5,1912.5,1887.5,1912.5,1354.6297607421875,21437000,0.0,0.0,yfinance_raw_daily
2010-04-30,1925.0,1975.0,1900.0,1950.0,1381.1912841796875,154139000,0.0,0.0,yfinance_raw_daily
2010-05-03,1937.5,1975.0,1925.0,1937.5,1372.3375244140625,71994000,0.0,0.0,yfinance_raw_daily
2010-05-04,1950.0,1962.5,1912.5,1925.0,1363.4833984375,58302000,0.0,0.0,yfinance_raw_daily
2010-05-05,1900.0,1900.0,1787.5,1800.0,1274.945556640625,156373000,0.0,0.0,yfinance_raw_daily
2010-05-06,1775.0,1825.0,1712.5,1825.0,1292.6533203125,140949000,0.0,0.0,yfinance_raw_daily
2010-05-07,1725.0,1787.5,1712.5,1737.5,1230.6768798828125,108049000,0.0,0.0,yfinance_raw_daily
2010-05-10,1762.5,1825.0,1762.5,1812.5,1283.799560546875,85855000,0.0,0.0,yfinance_raw_daily
2010-05-11,1825.0,1825.0,1762.5,1775.0,1257.23828125,57384000,0.0,0.0,yfinance_raw_daily
2010-05-12,1775.0,1825.0,1775.0,1812.5,1283.799560546875,49454000,0.0,0.0,yfinance_raw_daily
2010-05-14,1812.5,1850.0,1800.0,1837.5,1301.507080078125,51479000,0.0,0.0,yfinance_raw_daily
2010-05-17,1812.5,1837.5,1775.0,1837.5,1301.507080078125,41541000,0.0,0.0,yfinance_raw_daily
2010-05-18,1837.5,1850.0,1825.0,1837.5,1301.507080078125,26238000,0.0,0.0,yfinance_raw_daily
2010-05-19,1812.5,1812.5,1750.0,1762.5,1248.3846435546875,41507000,0.0,0.0,yfinance_raw_daily
2010-05-20,1762.5,1800.0,1737.5,1787.5,1266.091796875,43022000,0.0,0.0,yfinance_raw_daily
2010-05-21,1737.5,1750.0,1712.5,1737.5,1230.6768798828125,83184000,0.0,0.0,yfinance_raw_daily
2010-05-24,1762.5,1775.0,1737.5,1750.0,1239.5306396484375,31623000,0.0,0.0,yfinance_raw_daily
2010-05-25,1712.5,1725.0,1650.0,1675.0,1186.407958984375,43443000,0.0,0.0,yfinance_raw_daily
2010-05-26,1687.5,1775.0,1687.5,1762.5,1248.3846435546875,42790000,0.0,0.0,yfinance_raw_daily
2010-05-27,1750.0,1787.5,1725.0,1787.5,1266.091796875,29215000,0.0,0.0,yfinance_raw_daily
2010-05-31,1787.5,1825.0,1787.5,1825.0,1292.6533203125,38927000,0.0,0.0,yfinance_raw_daily
2010-06-01,1837.5,1837.5,1775.0,1787.5,1266.091796875,16160000,0.0,0.0,yfinance_raw_daily
2010-06-02,1787.5,1825.0,1775.0,1787.5,1266.091796875,23129000,0.0,0.0,yfinance_raw_daily
2010-06-03,1812.5,1837.5,1800.0,1825.0,1292.6533203125,45141000,0.0,0.0,yfinance_raw_daily
2010-06-04,1812.5,1837.5,1812.5,1825.0,1292.6533203125,28814000,0.0,0.0,yfinance_raw_daily
2010-06-07,1750.0,1800.0,1737.5,1800.0,1274.945556640625,20319000,0.0,0.0,yfinance_raw_daily
2010-06-08,1800.0,1837.5,1787.5,1825.0,1292.6533203125,24821000,0.0,0.0,yfinance_raw_daily
2010-06-09,1825.0,1850.0,1825.0,1850.0,1310.36083984375,48715000,0.0,0.0,yfinance_raw_daily
2010-06-10,1850.0,1912.5,1837.5,1900.0,1345.7760009765625,80820000,0.0,0.0,yfinance_raw_daily
2010-06-11,1925.0,1950.0,1912.5,1937.5,1372.3375244140625,72650000,0.0,0.0,yfinance_raw_daily
2010-06-14,1950.0,1950.0,1925.0,1950.0,1381.1912841796875,22939000,0.0,0.0,yfinance_raw_daily
2010-06-15,1950.0,1950.0,1912.5,1925.0,1363.4833984375,19363000,0.0,0.0,yfinance_raw_daily
2010-06-16,1950.0,1950.0,1900.0,1925.0,1363.4833984375,10914000,0.0,0.0,yfinance_raw_daily
2010-06-17,1925.0,1950.0,1925.0,1950.0,1381.1912841796875,26604000,0.0,0.0,yfinance_raw_daily
2010-06-18,1950.0,2000.0,1950.0,2000.0,1416.6064453125,83033000,0.0,0.0,yfinance_raw_daily
2010-06-21,2025.0,2062.5,2012.5,2012.5,1425.4600830078125,84551000,0.0,0.0,yfinance_raw_daily
2010-06-22,2012.5,2025.0,1950.0,1987.5,1407.752685546875,39669000,0.0,0.0,yfinance_raw_daily
2010-06-23,1975.0,2025.0,1975.0,2025.0,1434.31396484375,41182000,0.0,0.0,yfinance_raw_daily
2010-06-24,2037.5,2037.5,2000.0,2025.0,1434.31396484375,23445000,0.0,0.0,yfinance_raw_daily
2010-06-25,2000.0,2025.0,1987.5,2025.0,1434.31396484375,8529000,0.0,0.0,yfinance_raw_daily
2010-06-28,2025.0,2037.5,2012.5,2037.5,1443.167724609375,15832000,0.0,0.0,yfinance_raw_daily
2010-06-29,2050.0,2112.5,2012.5,2025.0,1434.31396484375,116108000,0.0,0.0,yfinance_raw_daily
2010-06-30,2000.0,2075.0,2000.0,2075.0,1469.729248046875,33670000,0.0,0.0,yfinance_raw_daily
2010-07-01,2050.0,2162.5,2050.0,2137.5,1513.998046875,91154000,0.0,0.0,yfinance_raw_daily
2010-07-02,2137.5,2225.0,2137.5,2225.0,1575.974609375,54808000,0.0,0.0,yfinance_raw_daily
2010-07-05,2225.0,2262.5,2200.0,2212.5,1567.120849609375,34629000,0.0,0.0,yfinance_raw_daily
2010-07-06,2200.0,2225.0,2150.0,2225.0,1575.974609375,36144000,0.0,0.0,yfinance_raw_daily
2010-07-07,2225.0,2225.0,2175.0,2200.0,1558.26708984375,12470000,0.0,0.0,yfinance_raw_daily
2010-07-08,2237.5,2237.5,2162.5,2175.0,1540.5595703125,29303000,0.0,0.0,yfinance_raw_daily
2010-07-09,2175.0,2175.0,2112.5,2162.5,1531.70556640625,29990000,0.0,0.0,yfinance_raw_daily
2010-07-12,2162.5,2200.0,2162.5,2175.0,1540.5595703125,11327000,0.0,0.0,yfinance_raw_daily
2010-07-13,2175.0,2187.5,2137.5,2162.5,1531.70556640625,15402000,0.0,0.0,yfinance_raw_daily
2010-07-14,2200.0,2200.0,2137.5,2150.0,1522.8516845703125,17340000,0.0,0.0,yfinance_raw_daily
2010-07-15,2150.0,2162.5,2125.0,2162.5,1531.70556640625,26820000,0.0,0.0,yfinance_raw_daily
2010-07-16,2162.5,2175.0,2150.0,2175.0,1540.5595703125,22468000,0.0,0.0,yfinance_raw_daily
2010-07-19,2150.0,2200.0,2137.5,2187.5,1549.413330078125,43388000,0.0,0.0,yfinance_raw_daily
2010-07-20,2175.0,2212.5,2162.5,2212.5,1567.120849609375,38088000,0.0,0.0,yfinance_raw_daily
2010-07-21,2225.0,2237.5,2212.5,2225.0,1575.974609375,25435000,0.0,0.0,yfinance_raw_daily
2010-07-22,2225.0,2225.0,2200.0,2225.0,1575.974609375,13928000,0.0,0.0,yfinance_raw_daily
2010-07-23,2250.0,2250.0,2200.0,2212.5,1567.120849609375,23452000,0.0,0.0,yfinance_raw_daily
2010-07-26,2225.0,2250.0,2212.5,2225.0,1575.974609375,14143000,0.0,0.0,yfinance_raw_daily
2010-07-27,2225.0,2275.0,2225.0,2250.0,1593.68212890625,37959000,0.0,0.0,yfinance_raw_daily
2010-07-28,2250.0,2275.0,2237.5,2250.0,1593.68212890625,7862000,0.0,0.0,yfinance_raw_daily
2010-07-29,2250.0,2362.5,2237.5,2362.5,1673.366455078125,39818000,0.0,0.0,yfinance_raw_daily
2010-07-30,2362.5,2362.5,2300.0,2312.5,1637.951171875,27576000,0.0,0.0,yfinance_raw_daily
2010-08-02,2337.5,2350.0,2287.5,2300.0,1629.09765625,14970000,0.0,0.0,yfinance_raw_daily
2010-08-03,2300.0,2325.0,2137.5,2162.5,1531.70556640625,102562000,0.0,0.0,yfinance_raw_daily
2010-08-04,2162.5,2187.5,2087.5,2150.0,1522.8516845703125,106427000,0.0,0.0,yfinance_raw_daily
2010-08-05,2150.0,2175.0,2125.0,2162.5,1531.70556640625,71678000,0.0,0.0,yfinance_raw_daily
2010-08-06,2162.5,2162.5,2050.0,2075.0,1469.729248046875,133154000,0.0,0.0,yfinance_raw_daily
2010-08-09,2075.0,2125.0,2050.0,2100.0,1487.4366455078125,80040000,0.0,0.0,yfinance_raw_daily
2010-08-10,2100.0,2112.5,2075.0,2087.5,1478.5831298828125,33733000,0.0,0.0,yfinance_raw_daily
2010-08-11,2087.5,2112.5,2075.0,2087.5,1478.5831298828125,24420000,0.0,0.0,yfinance_raw_daily
2010-08-12,2062.5,2112.5,2050.0,2100.0,1487.4366455078125,51388000,0.0,0.0,yfinance_raw_daily
2010-08-13,2100.0,2150.0,2087.5,2150.0,1522.8516845703125,72930000,0.0,0.0,yfinance_raw_daily
2010-08-16,2150.0,2150.0,2112.5,2137.5,1513.998046875,36415000,0.0,0.0,yfinance_raw_daily
2010-08-18,2137.5,2150.0,2062.5,2100.0,1487.4366455078125,83902000,0.0,0.0,yfinance_raw_daily
2010-08-19,2100.0,2125.0,2087.5,2112.5,1496.2904052734375,32554000,0.0,0.0,yfinance_raw_daily
2010-08-20,2100.0,2125.0,2087.5,2112.5,1496.2904052734375,31023000,0.0,0.0,yfinance_raw_daily
2010-08-23,2125.0,2125.0,2100.0,2112.5,1496.2904052734375,10605000,0.0,0.0,yfinance_raw_daily
2010-08-24,2100.0,2187.5,2100.0,2162.5,1531.70556640625,98250000,0.0,0.0,yfinance_raw_daily
2010-08-25,2150.0,2187.5,2150.0,2175.0,1540.5595703125,52607000,0.0,0.0,yfinance_raw_daily
2010-08-26,2187.5,2250.0,2187.5,2250.0,1593.68212890625,99980000,0.0,0.0,yfinance_raw_daily
2010-08-27,2250.0,2337.5,2225.0,2287.5,1620.2431640625,142479000,0.0,0.0,yfinance_raw_daily
2010-08-30,2325.0,2425.0,2325.0,2412.5,1708.781494140625,108333000,0.0,0.0,yfinance_raw_daily
2010-08-31,2400.0,2400.0,2225.0,2275.0,1611.3895263671875,103389000,0.0,0.0,yfinance_raw_daily
2010-09-01,2287.5,2337.5,2225.0,2250.0,1593.68212890625,93438000,0.0,0.0,yfinance_raw_daily
2010-09-02,2275.0,2300.0,2225.0,2237.5,1584.828369140625,69727000,0.0,0.0,yfinance_raw_daily
2010-09-03,2250.0,2300.0,2237.5,2275.0,1611.3895263671875,54029000,0.0,0.0,yfinance_raw_daily
2010-09-06,2287.5,2425.0,2287.5,2425.0,1717.6351318359375,136962000,0.0,0.0,yfinance_raw_daily
2010-09-07,2400.0,2475.0,2387.5,2437.5,1726.4892578125,53033000,0.0,0.0,yfinance_raw_daily
2010-09-15,2500.0,2725.0,2500.0,2575.0,1823.8809814453125,95575000,0.0,0.0,yfinance_raw_daily
2010-09-16,2575.0,2600.0,2500.0,2600.0,1841.58837890625,51462000,0.0,0.0,yfinance_raw_daily
2010-09-17,2625.0,2625.0,2500.0,2550.0,1806.1728515625,52369000,0.0,0.0,yfinance_raw_daily
2010-09-20,2550.0,2725.0,2550.0,2675.0,1894.711181640625,58054000,0.0,0.0,yfinance_raw_daily
2010-09-21,2700.0,2750.0,2600.0,2675.0,1894.711181640625,44288000,0.0,0.0,yfinance_raw_daily
2010-09-22,2675.0,2900.0,2675.0,2875.0,2036.3717041015625,105518000,0.0,0.0,yfinance_raw_daily
2010-09-23,2850.0,2850.0,2650.0,2700.0,1912.41845703125,113220000,0.0,0.0,yfinance_raw_daily
2010-09-24,2675.0,2750.0,2650.0,2725.0,1930.1263427734375,47494000,0.0,0.0,yfinance_raw_daily
2010-09-27,2725.0,2775.0,2700.0,2725.0,1930.1263427734375,46615000,0.0,0.0,yfinance_raw_daily
2010-09-28,2700.0,2725.0,2600.0,2625.0,1859.2962646484375,65986000,0.0,0.0,yfinance_raw_daily
2010-09-29,2650.0,2700.0,2625.0,2700.0,1912.41845703125,36457000,0.0,0.0,yfinance_raw_daily
2010-09-30,2700.0,2775.0,2675.0,2725.0,1930.1263427734375,69804000,0.0,0.0,yfinance_raw_daily
2010-10-01,2725.0,2775.0,2700.0,2775.0,1965.541259765625,32023000,0.0,0.0,yfinance_raw_daily
2010-10-04,2775.0,2825.0,2750.0,2775.0,1965.541259765625,54403000,0.0,0.0,yfinance_raw_daily
2010-10-05,2800.0,2825.0,2750.0,2825.0,2000.95654296875,49548000,0.0,0.0,yfinance_raw_daily
2010-10-06,2850.0,2850.0,2800.0,2825.0,2000.95654296875,34788000,0.0,0.0,yfinance_raw_daily
2010-10-07,2975.0,3100.0,2850.0,2975.0,2107.2021484375,570465000,0.0,0.0,yfinance_raw_daily
2010-10-08,2850.0,3000.0,2825.0,2850.0,2018.66455078125,72267000,0.0,0.0,yfinance_raw_daily
2010-10-11,2725.0,2850.0,2600.0,2725.0,1930.1263427734375,102116000,0.0,0.0,yfinance_raw_daily
2010-10-12,2775.0,2875.0,2650.0,2775.0,1965.541259765625,50820000,0.0,0.0,yfinance_raw_daily
2010-10-13,2800.0,2825.0,2750.0,2800.0,1983.249267578125,20092000,0.0,0.0,yfinance_raw_daily
2010-10-14,2775.0,2850.0,2725.0,2775.0,1965.541259765625,38150000,0.0,0.0,yfinance_raw_daily
2010-10-15,2725.0,2800.0,2725.0,2725.0,1930.1263427734375,13239000,0.0,0.0,yfinance_raw_daily
2010-10-18,2725.0,2750.0,2675.0,2725.0,1930.1263427734375,31279000,0.0,0.0,yfinance_raw_daily
2010-10-19,2675.0,2725.0,2650.0,2675.0,1894.711181640625,40146000,0.0,0.0,yfinance_raw_daily
2010-10-20,2700.0,2700.0,2625.0,2700.0,1912.41845703125,17665000,0.0,0.0,yfinance_raw_daily
2010-10-21,2675.0,2700.0,2675.0,2675.0,1894.711181640625,9449000,0.0,0.0,yfinance_raw_daily
2010-10-22,2600.0,2675.0,2575.0,2600.0,1841.58837890625,37846000,0.0,0.0,yfinance_raw_daily
2010-10-25,2775.0,2800.0,2575.0,2775.0,1965.541259765625,68553000,0.0,0.0,yfinance_raw_daily
2010-10-26,2750.0,2825.0,2700.0,2750.0,1947.833740234375,21302000,0.0,0.0,yfinance_raw_daily
2010-10-27,2775.0,2775.0,2700.0,2775.0,1965.541259765625,12989000,0.0,0.0,yfinance_raw_daily
2010-10-28,2875.0,2900.0,2775.0,2875.0,2036.3717041015625,40559000,0.0,0.0,yfinance_raw_daily
2010-10-29,2850.0,2875.0,2825.0,2850.0,2018.66455078125,12619000,0.0,0.0,yfinance_raw_daily
2010-11-01,2775.0,2875.0,2775.0,2775.0,1965.541259765625,4969000,0.0,0.0,yfinance_raw_daily
2010-11-02,2700.0,2775.0,2675.0,2700.0,1912.41845703125,16297000,0.0,0.0,yfinance_raw_daily
2010-11-03,2650.0,2700.0,2625.0,2650.0,1877.00341796875,32236000,0.0,0.0,yfinance_raw_daily
2010-11-04,2625.0,2675.0,2600.0,2625.0,1859.2962646484375,17711000,0.0,0.0,yfinance_raw_daily
2010-11-05,2600.0,2650.0,2575.0,2600.0,1841.58837890625,15961000,0.0,0.0,yfinance_raw_daily
2010-11-08,2700.0,2700.0,2625.0,2700.0,1912.41845703125,29227000,0.0,0.0,yfinance_raw_daily
2010-11-09,2625.0,2675.0,2600.0,2625.0,1859.2962646484375,35805000,0.0,0.0,yfinance_raw_daily
2010-11-10,2625.0,2650.0,2600.0,2625.0,1859.2962646484375,6899000,0.0,0.0,yfinance_raw_daily
2010-11-11,2625.0,2625.0,2550.0,2625.0,1859.2962646484375,32787000,0.0,0.0,yfinance_raw_daily
2010-11-12,2600.0,2650.0,2500.0,2600.0,1841.58837890625,41243000,0.0,0.0,yfinance_raw_daily
2010-11-15,2575.0,2600.0,2525.0,2575.0,1823.8809814453125,16411000,0.0,0.0,yfinance_raw_daily
2010-11-16,2675.0,2675.0,2550.0,2675.0,1894.711181640625,17573000,0.0,0.0,yfinance_raw_daily
2010-11-18,2650.0,2675.0,2600.0,2650.0,1877.00341796875,9151000,0.0,0.0,yfinance_raw_daily
2010-11-19,2700.0,2700.0,2600.0,2700.0,1912.41845703125,25610000,0.0,0.0,yfinance_raw_daily
2010-11-22,2675.0,2700.0,2650.0,2675.0,1894.711181640625,4331000,0.0,0.0,yfinance_raw_daily
2010-11-23,2575.0,2675.0,2575.0,2575.0,1823.8809814453125,23421000,0.0,0.0,yfinance_raw_daily
2010-11-24,2550.0,2600.0,2525.0,2550.0,1806.1728515625,20500000,0.0,0.0,yfinance_raw_daily
2010-11-25,2550.0,2575.0,2525.0,2550.0,1806.1728515625,9796000,0.0,0.0,yfinance_raw_daily
2010-11-26,2600.0,2600.0,2550.0,2600.0,1841.58837890625,8045000,0.0,0.0,yfinance_raw_daily
2010-11-29,2575.0,2600.0,2550.0,2575.0,1823.8809814453125,5748000,0.0,0.0,yfinance_raw_daily
2010-11-30,2550.0,2600.0,2525.0,2550.0,1806.1728515625,7288000,0.0,0.0,yfinance_raw_daily
2010-12-01,2550.0,2575.0,2525.0,2550.0,1806.1728515625,7836000,0.0,0.0,yfinance_raw_daily
2010-12-02,2575.0,2600.0,2550.0,2575.0,1823.8809814453125,12718000,0.0,0.0,yfinance_raw_daily
2010-12-03,2525.0,2600.0,2500.0,2525.0,1788.4659423828125,14496000,0.0,0.0,yfinance_raw_daily
2010-12-06,2437.5,2550.0,2425.0,2437.5,1726.4892578125,36083000,0.0,0.0,yfinance_raw_daily
2010-12-08,2375.0,2437.5,2350.0,2375.0,1682.2197265625,60341000,0.0,0.0,yfinance_raw_daily
2010-12-09,2350.0,2387.5,2300.0,2350.0,1664.5125732421875,51632000,0.0,0.0,yfinance_raw_daily
2010-12-10,2375.0,2375.0,2312.5,2375.0,1682.2197265625,68839000,0.0,0.0,yfinance_raw_daily
2010-12-13,2325.0,2400.0,2325.0,2325.0,1646.804931640625,30146000,0.0,0.0,yfinance_raw_daily
2010-12-14,2300.0,2350.0,2275.0,2300.0,1629.09765625,23521000,0.0,0.0,yfinance_raw_daily
2010-12-15,2250.0,2287.5,2200.0,2250.0,1593.68212890625,45932000,0.0,0.0,yfinance_raw_daily
2010-12-16,2300.0,2325.0,2225.0,2300.0,1629.09765625,36696000,0.0,0.0,yfinance_raw_daily
2010-12-17,2262.5,2312.5,2237.5,2262.5,1602.535888671875,27366000,0.0,0.0,yfinance_raw_daily
2010-12-20,2275.0,2300.0,2250.0,2275.0,1611.3895263671875,8535000,0.0,0.0,yfinance_raw_daily
2010-12-21,2337.5,2350.0,2275.0,2337.5,1655.6583251953125,27544000,0.0,0.0,yfinance_raw_daily
2010-12-22,2300.0,2350.0,2275.0,2300.0,1629.09765625,12024000,0.0,0.0,yfinance_raw_daily
2010-12-23,2250.0,2300.0,2237.5,2250.0,1593.68212890625,19051000,0.0,0.0,yfinance_raw_daily
2010-12-27,2237.5,2275.0,2237.5,2237.5,1584.828369140625,4712000,0.0,0.0,yfinance_raw_daily
2010-12-28,2287.5,2300.0,2250.0,2287.5,1620.2431640625,14670000,0.0,0.0,yfinance_raw_daily
2010-12-29,2325.0,2337.5,2300.0,2325.0,1646.804931640625,14015000,0.0,0.0,yfinance_raw_daily
2010-12-30,2337.5,2337.5,2287.5,2337.5,1655.6583251953125,16651000,0.0,0.0,yfinance_raw_daily
2011-01-03,2362.5,2387.5,2312.5,2362.5,1673.366455078125,28806000,0.0,0.0,yfinance_raw_daily
2011-01-04,2487.5,2500.0,2362.5,2487.5,1761.9041748046875,78937000,0.0,0.0,yfinance_raw_daily
2011-01-05,2525.0,2575.0,2462.5,2525.0,1788.4659423828125,43879000,0.0,0.0,yfinance_raw_daily
2011-01-06,2462.5,2550.0,2450.0,2462.5,1744.1964111328125,9934000,0.0,0.0,yfinance_raw_daily
2011-01-07,2437.5,2462.5,2412.5,2437.5,1726.4892578125,18863000,0.0,0.0,yfinance_raw_daily
2011-01-10,2362.5,2437.5,2325.0,2362.5,1673.366455078125,14003000,0.0,0.0,yfinance_raw_daily
2011-01-11,2250.0,2387.5,2225.0,2250.0,1593.68212890625,11478000,0.0,0.0,yfinance_raw_daily
2011-01-12,2300.0,2300.0,2250.0,2300.0,1629.09765625,44252000,0.0,0.0,yfinance_raw_daily
2011-01-13,2287.5,2325.0,2275.0,2287.5,1620.2431640625,30149000,0.0,0.0,yfinance_raw_daily
2011-01-14,2375.0,2387.5,2287.5,2375.0,1682.2197265625,46989000,0.0,0.0,yfinance_raw_daily
2011-01-17,2400.0,2425.0,2375.0,2400.0,1699.9278564453125,21015000,0.0,0.0,yfinance_raw_daily
2011-01-18,2387.5,2425.0,2375.0,2387.5,1691.073974609375,8270000,0.0,0.0,yfinance_raw_daily
2011-01-19,2375.0,2412.5,2337.5,2375.0,1682.2197265625,8749000,0.0,0.0,yfinance_raw_daily
2011-01-20,2262.5,2375.0,2262.5,2262.5,1602.535888671875,8738000,0.0,0.0,yfinance_raw_daily
2011-01-21,2212.5,2250.0,2175.0,2212.5,1567.120849609375,13727000,0.0,0.0,yfinance_raw_daily
2011-01-24,2200.0,2225.0,2175.0,2200.0,1558.26708984375,9464000,0.0,0.0,yfinance_raw_daily
2011-01-25,2275.0,2275.0,2212.5,2275.0,1611.3895263671875,6881000,0.0,0.0,yfinance_raw_daily
2011-01-26,2375.0,2387.5,2275.0,2375.0,1682.2197265625,18958000,0.0,0.0,yfinance_raw_daily
2011-01-27,2375.0,2412.5,2362.5,2375.0,1682.2197265625,11699000,0.0,0.0,yfinance_raw_daily
2011-01-28,2362.5,2375.0,2337.5,2362.5,1673.366455078125,8307000,0.0,0.0,yfinance_raw_daily
2011-01-31,2287.5,2325.0,2275.0,2287.5,1620.2431640625,9067000,0.0,0.0,yfinance_raw_daily
2011-02-01,2300.0,2337.5,2287.5,2300.0,1629.09765625,9138000,0.0,0.0,yfinance_raw_daily
2011-02-02,2287.5,2325.0,2287.5,2287.5,1620.2431640625,7501000,0.0,0.0,yfinance_raw_daily
2011-02-04,2312.5,2312.5,2287.5,2312.5,1637.951171875,9574000,0.0,0.0,yfinance_raw_daily
2011-02-07,2287.5,2312.5,2262.5,2287.5,1620.2431640625,5886000,0.0,0.0,yfinance_raw_daily
2011-02-08,2275.0,2325.0,2275.0,2275.0,1611.3895263671875,5117000,0.0,0.0,yfinance_raw_daily
2011-02-09,2212.5,2287.5,2187.5,2212.5,1567.120849609375,18238000,0.0,0.0,yfinance_raw_daily
2011-02-10,2162.5,2250.0,2162.5,2162.5,1531.70556640625,19116000,0.0,0.0,yfinance_raw_daily
2011-02-11,2187.5,2200.0,2162.5,2187.5,1549.413330078125,7291000,0.0,0.0,yfinance_raw_daily
2011-02-14,2175.0,2212.5,2162.5,2175.0,1540.5595703125,8660000,0.0,0.0,yfinance_raw_daily
2011-02-16,2175.0,2200.0,2150.0,2175.0,1540.5595703125,7821000,0.0,0.0,yfinance_raw_daily
2011-02-17,2175.0,2212.5,2175.0,2175.0,1540.5595703125,5800000,0.0,0.0,yfinance_raw_daily
2011-02-18,2200.0,2225.0,2187.5,2200.0,1558.26708984375,10886000,0.0,0.0,yfinance_raw_daily
2011-02-21,2212.5,2225.0,2175.0,2212.5,1567.120849609375,13084000,0.0,0.0,yfinance_raw_daily
2011-02-22,2212.5,2237.5,2187.5,2212.5,1567.120849609375,13159000,0.0,0.0,yfinance_raw_daily
2011-02-23,2262.5,2262.5,2200.0,2262.5,1602.535888671875,26458000,0.0,0.0,yfinance_raw_daily
2011-02-24,2275.0,2287.5,2237.5,2275.0,1611.3895263671875,19219000,0.0,0.0,yfinance_raw_daily
2011-02-25,2325.0,2337.5,2262.5,2325.0,1646.804931640625,14977000,0.0,0.0,yfinance_raw_daily
2011-02-28,2287.5,2325.0,2275.0,2287.5,1620.2431640625,2450000,0.0,0.0,yfinance_raw_daily
2011-03-01,2375.0,2387.5,2300.0,2375.0,1682.2197265625,11857000,0.0,0.0,yfinance_raw_daily
2011-03-02,2375.0,2375.0,2325.0,2375.0,1682.2197265625,4741000,0.0,0.0,yfinance_raw_daily
2011-03-03,2400.0,2412.5,2375.0,2400.0,1699.9278564453125,9470000,0.0,0.0,yfinance_raw_daily
2011-03-04,2387.5,2412.5,2375.0,2387.5,1691.073974609375,14030000,0.0,0.0,yfinance_raw_daily
2011-03-07,2375.0,2387.5,2350.0,2375.0,1682.2197265625,8702000,0.0,0.0,yfinance_raw_daily
2011-03-08,2375.0,2375.0,2362.5,2375.0,1682.2197265625,6784000,0.0,0.0,yfinance_raw_daily
2011-03-09,2387.5,2412.5,2375.0,2387.5,1691.073974609375,5936000,0.0,0.0,yfinance_raw_daily
2011-03-10,2400.0,2412.5,2362.5,2400.0,1699.9278564453125,17226000,0.0,0.0,yfinance_raw_daily
2011-03-11,2375.0,2400.0,2362.5,2375.0,1682.2197265625,10514000,0.0,0.0,yfinance_raw_daily
2011-03-14,2387.5,2387.5,2362.5,2387.5,1691.073974609375,8070000,0.0,0.0,yfinance_raw_daily
2011-03-15,2387.5,2387.5,2325.0,2387.5,1691.073974609375,16191000,0.0,0.0,yfinance_raw_daily
2011-03-16,2475.0,2475.0,2350.0,2475.0,1753.050537109375,26584000,0.0,0.0,yfinance_raw_daily
2011-03-17,2475.0,2475.0,2425.0,2475.0,1753.050537109375,10527000,0.0,0.0,yfinance_raw_daily
2011-03-18,2500.0,2500.0,2462.5,2500.0,1770.7579345703125,14932000,0.0,0.0,yfinance_raw_daily
2011-03-21,2500.0,2525.0,2487.5,2500.0,1770.7579345703125,13750000,0.0,0.0,yfinance_raw_daily
2011-03-22,2525.0,2550.0,2500.0,2525.0,1788.4659423828125,19565000,0.0,0.0,yfinance_raw_daily
2011-03-23,2550.0,2550.0,2525.0,2550.0,1806.1728515625,12456000,0.0,0.0,yfinance_raw_daily
2011-03-24,2550.0,2600.0,2550.0,2550.0,1806.1728515625,16600000,0.0,0.0,yfinance_raw_daily
2011-03-25,2500.0,2575.0,2475.0,2500.0,1770.7579345703125,6965000,0.0,0.0,yfinance_raw_daily
2011-03-28,2525.0,2525.0,2487.5,2525.0,1788.4659423828125,2643000,0.0,0.0,yfinance_raw_daily
2011-03-29,2550.0,2575.0,2500.0,2550.0,1806.1728515625,5812000,0.0,0.0,yfinance_raw_daily
2011-03-30,2600.0,2600.0,2550.0,2600.0,1841.58837890625,8118000,0.0,0.0,yfinance_raw_daily
2011-03-31,2650.0,2650.0,2575.0,2650.0,1877.00341796875,27034000,0.0,0.0,yfinance_raw_daily
2011-04-01,2600.0,2650.0,2600.0,2600.0,1841.58837890625,8337000,0.0,0.0,yfinance_raw_daily
2011-04-04,2575.0,2625.0,2550.0,2575.0,1823.8809814453125,9770000,0.0,0.0,yfinance_raw_daily
2011-04-05,2625.0,2625.0,2575.0,2625.0,1859.2962646484375,7500000,0.0,0.0,yfinance_raw_daily
2011-04-06,2675.0,2675.0,2575.0,2675.0,1894.711181640625,15783000,0.0,0.0,yfinance_raw_daily
2011-04-07,2675.0,2700.0,2650.0,2675.0,1894.711181640625,16619000,0.0,0.0,yfinance_raw_daily
2011-04-08,2700.0,2700.0,2625.0,2700.0,1912.41845703125,16442000,0.0,0.0,yfinance_raw_daily
2011-04-11,2650.0,2725.0,2650.0,2650.0,1877.00341796875,13243000,0.0,0.0,yfinance_raw_daily
2011-04-12,2675.0,2700.0,2625.0,2675.0,1894.711181640625,9222000,0.0,0.0,yfinance_raw_daily
2011-04-13,2675.0,2675.0,2650.0,2675.0,1894.711181640625,4266000,0.0,0.0,yfinance_raw_daily
2011-04-14,2675.0,2675.0,2650.0,2675.0,1894.711181640625,10532000,0.0,0.0,yfinance_raw_daily
2011-04-15,2675.0,2675.0,2650.0,2675.0,1894.711181640625,6112000,0.0,0.0,yfinance_raw_daily
2011-04-18,2700.0,2700.0,2675.0,2700.0,1912.41845703125,3919000,0.0,0.0,yfinance_raw_daily
2011-04-19,2700.0,2700.0,2650.0,2700.0,1912.41845703125,7159000,0.0,0.0,yfinance_raw_daily
2011-04-20,2675.0,2725.0,2675.0,2675.0,1894.711181640625,16974000,0.0,0.0,yfinance_raw_daily
2011-04-21,2675.0,2725.0,2650.0,2675.0,1894.711181640625,13937000,0.0,0.0,yfinance_raw_daily
2011-04-25,2700.0,2700.0,2650.0,2700.0,1912.41845703125,5890000,0.0,0.0,yfinance_raw_daily
2011-04-26,2675.0,2700.0,2650.0,2675.0,1894.711181640625,4074000,0.0,0.0,yfinance_raw_daily
2011-04-27,2700.0,2725.0,2675.0,2700.0,1912.41845703125,19807000,0.0,0.0,yfinance_raw_daily
2011-04-28,2700.0,2725.0,2675.0,2700.0,1912.41845703125,4653000,0.0,0.0,yfinance_raw_daily
2011-04-29,2700.0,2700.0,2650.0,2700.0,1912.41845703125,3849000,0.0,0.0,yfinance_raw_daily
2011-05-02,2650.0,2675.0,2625.0,2650.0,1877.00341796875,5571000,0.0,0.0,yfinance_raw_daily
2011-05-03,2600.0,2650.0,2600.0,2600.0,1841.58837890625,5399000,0.0,0.0,yfinance_raw_daily
2011-05-04,2625.0,2650.0,2600.0,2625.0,1859.2962646484375,3096000,0.0,0.0,yfinance_raw_daily
2011-05-05,2600.0,2625.0,2575.0,2600.0,1841.58837890625,7475000,0.0,0.0,yfinance_raw_daily
2011-05-06,2625.0,2625.0,2575.0,2625.0,1859.2962646484375,3558000,0.0,0.0,yfinance_raw_daily
2011-05-09,2600.0,2625.0,2600.0,2600.0,1841.58837890625,2491000,0.0,0.0,yfinance_raw_daily
2011-05-10,2600.0,2625.0,2575.0,2600.0,1841.58837890625,6978000,0.0,0.0,yfinance_raw_daily
2011-05-11,2625.0,2625.0,2575.0,2625.0,1859.2962646484375,21597000,0.0,0.0,yfinance_raw_daily
2011-05-12,2575.0,2625.0,2575.0,2575.0,1823.8809814453125,5202000,0.0,0.0,yfinance_raw_daily
2011-05-13,2625.0,2650.0,2575.0,2625.0,1859.2962646484375,6330000,0.0,0.0,yfinance_raw_daily
2011-05-16,2600.0,2625.0,2600.0,2600.0,1841.58837890625,3450000,0.0,0.0,yfinance_raw_daily
2011-05-18,2625.0,2650.0,2575.0,2625.0,1859.2962646484375,7642000,0.0,0.0,yfinance_raw_daily
2011-05-19,2625.0,2675.0,2600.0,2625.0,1859.2962646484375,8065000,0.0,0.0,yfinance_raw_daily
2011-05-20,2650.0,2700.0,2625.0,2650.0,1877.00341796875,15340000,0.0,0.0,yfinance_raw_daily
2011-05-23,2675.0,2675.0,2600.0,2675.0,1894.711181640625,11822000,0.0,0.0,yfinance_raw_daily
2011-05-24,2625.0,2675.0,2600.0,2625.0,1859.2962646484375,14345000,0.0,0.0,yfinance_raw_daily
2011-05-25,2625.0,2625.0,2600.0,2625.0,1859.2962646484375,6848000,0.0,0.0,yfinance_raw_daily
2011-05-26,2625.0,2650.0,2600.0,2625.0,1859.2962646484375,8335000,0.0,0.0,yfinance_raw_daily
2011-05-27,2600.0,2625.0,2575.0,2600.0,1841.58837890625,25277000,0.0,0.0,yfinance_raw_daily
2011-05-30,2550.0,2600.0,2550.0,2550.0,1806.1728515625,8869000,0.0,0.0,yfinance_raw_daily
2011-05-31,2525.0,2600.0,2525.0,2525.0,1788.4659423828125,13229000,0.0,0.0,yfinance_raw_daily
2011-06-01,2600.0,2600.0,2550.0,2600.0,1841.58837890625,6844000,0.0,0.0,yfinance_raw_daily
2011-06-03,2525.0,2575.0,2525.0,2525.0,1788.4659423828125,6739000,0.0,0.0,yfinance_raw_daily
2011-06-06,2550.0,2575.0,2525.0,2550.0,1806.1728515625,12069000,0.0,0.0,yfinance_raw_daily
2011-06-07,2550.0,2550.0,2525.0,2550.0,1806.1728515625,2335000,0.0,0.0,yfinance_raw_daily
2011-06-08,2550.0,2575.0,2525.0,2550.0,1806.1728515625,6675000,0.0,0.0,yfinance_raw_daily
2011-06-09,2525.0,2575.0,2500.0,2525.0,1788.4659423828125,1380000,0.0,0.0,yfinance_raw_daily
2011-06-10,2550.0,2550.0,2525.0,2550.0,1806.1728515625,8750000,0.0,0.0,yfinance_raw_daily
2011-06-13,2525.0,2575.0,2500.0,2525.0,1788.4659423828125,11805000,0.0,0.0,yfinance_raw_daily
2011-06-14,2575.0,2575.0,2487.5,2575.0,1823.8809814453125,7587000,0.0,0.0,yfinance_raw_daily
2011-06-15,2500.0,2575.0,2500.0,2500.0,1770.7579345703125,7138000,0.0,0.0,yfinance_raw_daily
2011-06-16,2500.0,2525.0,2500.0,2500.0,1770.7579345703125,3987000,0.0,0.0,yfinance_raw_daily
2011-06-17,2462.5,2525.0,2462.5,2462.5,1744.1964111328125,16220000,0.0,0.0,yfinance_raw_daily
2011-06-20,2550.0,2550.0,2475.0,2550.0,1806.1728515625,6455000,0.0,0.0,yfinance_raw_daily
2011-06-21,2600.0,2650.0,2525.0,2600.0,1841.58837890625,12511000,0.0,0.0,yfinance_raw_daily
2011-06-22,2650.0,2650.0,2525.0,2650.0,1919.8304443359375,8353000,58.0,0.0,yfinance_raw_daily
2011-06-23,2700.0,2700.0,2575.0,2700.0,1956.0535888671875,7533000,0.0,0.0,yfinance_raw_daily
2011-06-24,2700.0,2700.0,2650.0,2700.0,1956.0535888671875,13753000,0.0,0.0,yfinance_raw_daily
2011-06-27,2650.0,2700.0,2625.0,2650.0,1919.8304443359375,4021000,0.0,0.0,yfinance_raw_daily
2011-06-28,2650.0,2675.0,2650.0,2650.0,1919.8304443359375,1458000,0.0,0.0,yfinance_raw_daily
2011-06-30,2700.0,2725.0,2650.0,2700.0,1956.0535888671875,7233000,0.0,0.0,yfinance_raw_daily
2011-07-01,2800.0,2800.0,2700.0,2800.0,2028.5001220703125,32497000,0.0,0.0,yfinance_raw_daily
2011-07-04,2800.0,2800.0,2800.0,2800.0,2028.5001220703125,0,0.0,0.0,yfinance_raw_daily
2011-07-05,2800.0,2900.0,2800.0,2800.0,2028.5001220703125,1707000,0.0,0.0,yfinance_raw_daily
2011-07-06,2775.0,2825.0,2750.0,2775.0,2010.3883056640625,4453000,0.0,0.0,yfinance_raw_daily
2011-07-07,2875.0,2875.0,2750.0,2875.0,2082.834716796875,7255000,0.0,0.0,yfinance_raw_daily
2011-07-08,2850.0,2875.0,2825.0,2850.0,2064.7236328125,8529000,0.0,0.0,yfinance_raw_daily
2011-07-11,2850.0,2850.0,2800.0,2850.0,2064.7236328125,11820000,0.0,0.0,yfinance_raw_daily
2011-07-12,2800.0,2850.0,2800.0,2800.0,2028.5001220703125,20623000,0.0,0.0,yfinance_raw_daily
2011-07-13,2825.0,2850.0,2800.0,2825.0,2046.612060546875,5568000,0.0,0.0,yfinance_raw_daily
2011-07-14,2825.0,2850.0,2825.0,2825.0,2046.612060546875,1636000,0.0,0.0,yfinance_raw_daily
2011-07-15,2850.0,2900.0,2825.0,2850.0,2064.7236328125,24046000,0.0,0.0,yfinance_raw_daily
2011-07-18,2850.0,2900.0,2850.0,2850.0,2064.7236328125,8691000,0.0,0.0,yfinance_raw_daily
2011-07-19,2875.0,2900.0,2850.0,2875.0,2082.834716796875,8966000,0.0,0.0,yfinance_raw_daily
2011-07-20,2875.0,2900.0,2875.0,2875.0,2082.834716796875,4668000,0.0,0.0,yfinance_raw_daily
2011-07-21,2850.0,2875.0,2850.0,2850.0,2064.7236328125,2308000,0.0,0.0,yfinance_raw_daily
2011-07-22,2875.0,2900.0,2850.0,2875.0,2082.834716796875,1904000,0.0,0.0,yfinance_raw_daily
2011-07-25,2850.0,2900.0,2825.0,2850.0,2064.7236328125,3335000,0.0,0.0,yfinance_raw_daily
2011-07-26,2850.0,2875.0,2825.0,2850.0,2064.7236328125,7836000,0.0,0.0,yfinance_raw_daily
2011-07-27,2825.0,2850.0,2800.0,2825.0,2046.612060546875,5837000,0.0,0.0,yfinance_raw_daily
2011-07-28,2825.0,2825.0,2750.0,2825.0,2046.612060546875,4702000,0.0,0.0,yfinance_raw_daily
2011-07-29,2900.0,2900.0,2800.0,2900.0,2100.9462890625,12097000,0.0,0.0,yfinance_raw_daily
2011-08-01,3000.0,3000.0,2925.0,3000.0,2173.3935546875,16105000,0.0,0.0,yfinance_raw_daily
2011-08-02,2900.0,3000.0,2875.0,2900.0,2100.9462890625,8905000,0.0,0.0,yfinance_raw_daily
2011-08-03,2875.0,2925.0,2825.0,2875.0,2082.834716796875,6762000,0.0,0.0,yfinance_raw_daily
2011-08-04,2950.0,3000.0,2900.0,2950.0,2137.169189453125,12862000,0.0,0.0,yfinance_raw_daily
2011-08-05,2800.0,2850.0,2775.0,2800.0,2028.5001220703125,19451000,0.0,0.0,yfinance_raw_daily
2011-08-08,2850.0,2850.0,2675.0,2850.0,2064.7236328125,26149000,0.0,0.0,yfinance_raw_daily
2011-08-09,2775.0,2825.0,2675.0,2775.0,2010.3883056640625,16349000,0.0,0.0,yfinance_raw_daily
2011-08-10,2800.0,2875.0,2750.0,2800.0,2028.5001220703125,8648000,0.0,0.0,yfinance_raw_daily
2011-08-11,2875.0,2900.0,2750.0,2875.0,2082.834716796875,8481000,0.0,0.0,yfinance_raw_daily
2011-08-12,2925.0,2925.0,2875.0,2925.0,2119.058349609375,4606000,0.0,0.0,yfinance_raw_daily
2011-08-15,2925.0,2975.0,2925.0,2925.0,2119.058349609375,3805000,0.0,0.0,yfinance_raw_daily
2011-08-16,2975.0,2975.0,2925.0,2975.0,2155.28173828125,6871000,0.0,0.0,yfinance_raw_daily
2011-08-18,2850.0,3000.0,2850.0,2850.0,2064.7236328125,17052000,0.0,0.0,yfinance_raw_daily
2011-08-19,2750.0,2825.0,2750.0,2750.0,1992.276611328125,16462000,0.0,0.0,yfinance_raw_daily
2011-08-22,2800.0,2900.0,2725.0,2800.0,2028.5001220703125,5622000,0.0,0.0,yfinance_raw_daily
2011-08-23,2875.0,2875.0,2800.0,2875.0,2082.834716796875,4214000,0.0,0.0,yfinance_raw_daily
2011-08-24,2800.0,2900.0,2750.0,2800.0,2028.5001220703125,12614000,0.0,0.0,yfinance_raw_daily
2011-08-25,2775.0,2825.0,2750.0,2775.0,2010.3883056640625,11593000,0.0,0.0,yfinance_raw_daily
2011-08-26,2650.0,2750.0,2650.0,2650.0,1919.8304443359375,16785000,0.0,0.0,yfinance_raw_daily
2011-09-05,2575.0,2700.0,2550.0,2575.0,1865.4957275390625,10053000,0.0,0.0,yfinance_raw_daily
2011-09-06,2500.0,2575.0,2462.5,2500.0,1811.1607666015625,30434000,0.0,0.0,yfinance_raw_daily
2011-09-07,2500.0,2525.0,2462.5,2500.0,1811.1607666015625,42771000,0.0,0.0,yfinance_raw_daily
2011-09-08,2650.0,2675.0,2487.5,2650.0,1919.8304443359375,31685000,0.0,0.0,yfinance_raw_daily
2011-09-09,2775.0,2800.0,2650.0,2775.0,2010.3883056640625,18372000,0.0,0.0,yfinance_raw_daily
2011-09-12,2650.0,2725.0,2625.0,2650.0,1919.8304443359375,14291000,0.0,0.0,yfinance_raw_daily
2011-09-13,2600.0,2675.0,2600.0,2600.0,1883.6072998046875,13923000,0.0,0.0,yfinance_raw_daily
2011-09-14,2575.0,2625.0,2550.0,2575.0,1865.4957275390625,8088000,0.0,0.0,yfinance_raw_daily
2011-09-15,2600.0,2625.0,2525.0,2600.0,1883.6072998046875,4013000,0.0,0.0,yfinance_raw_daily
2011-09-16,2675.0,2700.0,2625.0,2675.0,1937.942138671875,7930000,0.0,0.0,yfinance_raw_daily
2011-09-19,2650.0,2675.0,2625.0,2650.0,1919.8304443359375,11276000,0.0,0.0,yfinance_raw_daily
2011-09-20,2700.0,2700.0,2600.0,2700.0,1956.0535888671875,5158000,0.0,0.0,yfinance_raw_daily
2011-09-21,2625.0,2725.0,2600.0,2625.0,1901.7191162109375,2251000,0.0,0.0,yfinance_raw_daily
2011-09-22,2475.0,2600.0,2475.0,2475.0,1793.04931640625,17359000,0.0,0.0,yfinance_raw_daily
2011-09-23,2325.0,2375.0,1900.0,2325.0,1684.3797607421875,19738000,0.0,0.0,yfinance_raw_daily
2011-09-26,2212.5,2387.5,2000.0,2212.5,1602.8773193359375,15956000,0.0,0.0,yfinance_raw_daily
2011-09-27,2400.0,2475.0,2237.5,2400.0,1738.7144775390625,16679000,0.0,0.0,yfinance_raw_daily
2011-09-28,2337.5,2437.5,2325.0,2337.5,1693.4351806640625,13243000,0.0,0.0,yfinance_raw_daily
2011-09-29,2362.5,2400.0,2300.0,2362.5,1711.547119140625,4537000,0.0,0.0,yfinance_raw_daily
2011-09-30,2462.5,2500.0,2362.5,2462.5,1783.9932861328125,5632000,0.0,0.0,yfinance_raw_daily
2011-10-03,2375.0,2462.5,2325.0,2375.0,1720.6024169921875,2938000,0.0,0.0,yfinance_raw_daily
2011-10-04,2362.5,2400.0,2325.0,2362.5,1711.547119140625,5194000,0.0,0.0,yfinance_raw_daily
2011-10-05,2487.5,2487.5,2350.0,2487.5,1802.10498046875,2770000,0.0,0.0,yfinance_raw_daily
2011-10-06,2575.0,2650.0,2525.0,2575.0,1865.4957275390625,6713000,0.0,0.0,yfinance_raw_daily
2011-10-07,2600.0,2650.0,2550.0,2600.0,1883.6072998046875,3216000,0.0,0.0,yfinance_raw_daily
2011-10-10,2575.0,2600.0,2550.0,2575.0,1865.4957275390625,264000,0.0,0.0,yfinance_raw_daily
2011-10-11,2600.0,2675.0,2600.0,2600.0,1883.6072998046875,1324000,0.0,0.0,yfinance_raw_daily
2011-10-12,2600.0,2650.0,2600.0,2600.0,1883.6072998046875,2143000,0.0,0.0,yfinance_raw_daily
2011-10-13,2675.0,2700.0,2600.0,2675.0,1937.942138671875,2885000,0.0,0.0,yfinance_raw_daily
2011-10-14,2675.0,2700.0,2650.0,2675.0,1937.942138671875,268000,0.0,0.0,yfinance_raw_daily
2011-10-17,2650.0,2700.0,2650.0,2650.0,1919.8304443359375,1816000,0.0,0.0,yfinance_raw_daily
2011-10-18,2550.0,2625.0,2550.0,2550.0,1847.3839111328125,2273000,0.0,0.0,yfinance_raw_daily
2011-10-19,2600.0,2600.0,2575.0,2600.0,1883.6072998046875,2024000,0.0,0.0,yfinance_raw_daily
2011-10-20,2575.0,2600.0,2525.0,2575.0,1865.4957275390625,789000,0.0,0.0,yfinance_raw_daily
2011-10-21,2575.0,2625.0,2525.0,2575.0,1865.4957275390625,628000,0.0,0.0,yfinance_raw_daily
2011-10-24,2600.0,2675.0,2600.0,2600.0,1883.6072998046875,3412000,0.0,0.0,yfinance_raw_daily
2011-10-25,2625.0,2650.0,2600.0,2625.0,1901.7191162109375,1216000,0.0,0.0,yfinance_raw_daily
2011-10-26,2625.0,2650.0,2575.0,2625.0,1901.7191162109375,1097000,0.0,0.0,yfinance_raw_daily
2011-10-27,2700.0,2700.0,2625.0,2700.0,1956.0535888671875,3501000,0.0,0.0,yfinance_raw_daily
2011-10-28,2800.0,2875.0,2750.0,2800.0,2028.5001220703125,14191000,0.0,0.0,yfinance_raw_daily
2011-10-31,2650.0,2825.0,2600.0,2650.0,1919.8304443359375,8938000,0.0,0.0,yfinance_raw_daily
2011-11-01,2487.5,2625.0,2475.0,2487.5,1802.10498046875,12865000,0.0,0.0,yfinance_raw_daily
2011-11-02,2625.0,2650.0,2437.5,2625.0,1901.7191162109375,10900000,0.0,0.0,yfinance_raw_daily
2011-11-03,2525.0,2625.0,2525.0,2525.0,1829.27294921875,4591000,0.0,0.0,yfinance_raw_daily
2011-11-04,2600.0,2650.0,2575.0,2600.0,1883.6072998046875,10831000,0.0,0.0,yfinance_raw_daily
2011-11-07,2525.0,2600.0,2525.0,2525.0,1829.27294921875,3773000,0.0,0.0,yfinance_raw_daily
2011-11-08,2575.0,2600.0,2525.0,2575.0,1865.4957275390625,2831000,0.0,0.0,yfinance_raw_daily
2011-11-09,2600.0,2625.0,2550.0,2600.0,1883.6072998046875,11367000,0.0,0.0,yfinance_raw_daily
2011-11-10,2525.0,2550.0,2500.0,2525.0,1829.27294921875,6483000,0.0,0.0,yfinance_raw_daily
2011-11-11,2500.0,2550.0,2487.5,2500.0,1811.1607666015625,9251000,0.0,0.0,yfinance_raw_daily
2011-11-14,2575.0,2575.0,2525.0,2575.0,1865.4957275390625,6913000,0.0,0.0,yfinance_raw_daily
2011-11-15,2600.0,2625.0,2550.0,2600.0,1883.6072998046875,1602000,0.0,0.0,yfinance_raw_daily
2011-11-16,2600.0,2625.0,2575.0,2600.0,1883.6072998046875,5570000,0.0,0.0,yfinance_raw_daily
2011-11-17,2575.0,2600.0,2550.0,2575.0,1865.4957275390625,426000,0.0,0.0,yfinance_raw_daily
2011-11-18,2575.0,2575.0,2525.0,2575.0,1865.4957275390625,606000,0.0,0.0,yfinance_raw_daily
2011-11-21,2550.0,2600.0,2525.0,2550.0,1847.3839111328125,3444000,0.0,0.0,yfinance_raw_daily
2011-11-22,2500.0,2575.0,2500.0,2500.0,1811.1607666015625,2497000,0.0,0.0,yfinance_raw_daily
2011-11-23,2487.5,2550.0,2437.5,2487.5,1802.10498046875,5437000,0.0,0.0,yfinance_raw_daily
2011-11-24,2462.5,2500.0,2462.5,2462.5,1783.9932861328125,8778000,0.0,0.0,yfinance_raw_daily
2011-11-25,2475.0,2475.0,2462.5,2475.0,1793.04931640625,3729000,0.0,0.0,yfinance_raw_daily
2011-11-28,2500.0,2525.0,2500.0,2500.0,1811.1607666015625,1088000,0.0,0.0,yfinance_raw_daily
2011-11-29,2550.0,2550.0,2525.0,2550.0,1847.3839111328125,2990000,0.0,0.0,yfinance_raw_daily
2011-11-30,2575.0,2600.0,2525.0,2575.0,1865.4957275390625,6891000,0.0,0.0,yfinance_raw_daily
2011-12-01,2575.0,2575.0,2575.0,2575.0,1865.4957275390625,0,0.0,0.0,yfinance_raw_daily
2011-12-02,2525.0,2575.0,2500.0,2525.0,1829.27294921875,1641000,0.0,0.0,yfinance_raw_daily
2011-12-05,2550.0,2575.0,2550.0,2550.0,1847.3839111328125,4763000,0.0,0.0,yfinance_raw_daily
2011-12-06,2462.5,2550.0,2462.5,2462.5,1783.9932861328125,2267000,0.0,0.0,yfinance_raw_daily
2011-12-07,2475.0,2525.0,2475.0,2475.0,1793.04931640625,1653000,0.0,0.0,yfinance_raw_daily
2011-12-08,2462.5,2525.0,2462.5,2462.5,1783.9932861328125,1256000,0.0,0.0,yfinance_raw_daily
2011-12-09,2475.0,2487.5,2437.5,2475.0,1793.04931640625,929000,0.0,0.0,yfinance_raw_daily
2011-12-12,2487.5,2500.0,2475.0,2487.5,1802.10498046875,3445000,0.0,0.0,yfinance_raw_daily
2011-12-13,2487.5,2500.0,2462.5,2487.5,1802.10498046875,388000,0.0,0.0,yfinance_raw_daily
2011-12-14,2500.0,2500.0,2462.5,2500.0,1811.1607666015625,813000,0.0,0.0,yfinance_raw_daily
2011-12-15,2500.0,2525.0,2450.0,2500.0,1811.1607666015625,1439000,0.0,0.0,yfinance_raw_daily
2011-12-16,2550.0,2575.0,2487.5,2550.0,1847.3839111328125,2236000,0.0,0.0,yfinance_raw_daily
2011-12-19,2575.0,2575.0,2500.0,2575.0,1865.4957275390625,852000,0.0,0.0,yfinance_raw_daily
2011-12-20,2550.0,2575.0,2550.0,2550.0,1847.3839111328125,373000,0.0,0.0,yfinance_raw_daily
2011-12-21,2550.0,2600.0,2525.0,2550.0,1847.3839111328125,302000,0.0,0.0,yfinance_raw_daily
2011-12-22,2550.0,2550.0,2525.0,2550.0,1847.3839111328125,375000,0.0,0.0,yfinance_raw_daily
2011-12-23,2500.0,2575.0,2500.0,2500.0,1811.1607666015625,1434000,0.0,0.0,yfinance_raw_daily
2011-12-27,2487.5,2525.0,2475.0,2487.5,1802.10498046875,1230000,0.0,0.0,yfinance_raw_daily
2011-12-28,2500.0,2550.0,2487.5,2500.0,1811.1607666015625,1787000,0.0,0.0,yfinance_raw_daily
2011-12-29,2550.0,2600.0,2487.5,2550.0,1847.3839111328125,826000,0.0,0.0,yfinance_raw_daily
2011-12-30,2600.0,2600.0,2525.0,2600.0,1883.6072998046875,2314000,0.0,0.0,yfinance_raw_daily
2012-01-02,2575.0,2575.0,2500.0,2575.0,1865.4957275390625,1490000,0.0,0.0,yfinance_raw_daily
2012-01-03,2625.0,2625.0,2550.0,2625.0,1901.7191162109375,3474000,0.0,0.0,yfinance_raw_daily
2012-01-04,2650.0,2675.0,2600.0,2650.0,1919.8304443359375,1452000,0.0,0.0,yfinance_raw_daily
2012-01-05,2575.0,2650.0,2575.0,2575.0,1865.4957275390625,3729000,0.0,0.0,yfinance_raw_daily
2012-01-06,2525.0,2625.0,2487.5,2525.0,1829.27294921875,5093000,0.0,0.0,yfinance_raw_daily
2012-01-09,2575.0,2575.0,2500.0,2575.0,1865.4957275390625,4320000,0.0,0.0,yfinance_raw_daily
2012-01-10,2625.0,2625.0,2575.0,2625.0,1901.7191162109375,2218000,0.0,0.0,yfinance_raw_daily
2012-01-11,2575.0,2625.0,2550.0,2575.0,1865.4957275390625,3678000,0.0,0.0,yfinance_raw_daily
2012-01-12,2550.0,2600.0,2500.0,2550.0,1847.3839111328125,4066000,0.0,0.0,yfinance_raw_daily
2012-01-13,2575.0,2575.0,2525.0,2575.0,1865.4957275390625,6,0.0,0.0,yfinance_raw_daily
2012-01-16,2525.0,2575.0,2500.0,2525.0,1829.27294921875,6064000,0.0,0.0,yfinance_raw_daily
2012-01-17,2550.0,2575.0,2525.0,2550.0,1847.3839111328125,1142000,0.0,0.0,yfinance_raw_daily
2012-01-18,2525.0,2550.0,2525.0,2525.0,1829.27294921875,9220000,0.0,0.0,yfinance_raw_daily
2012-01-19,2550.0,2575.0,2550.0,2550.0,1847.3839111328125,2875000,0.0,0.0,yfinance_raw_daily
2012-01-20,2575.0,2600.0,2525.0,2575.0,1865.4957275390625,10695000,0.0,0.0,yfinance_raw_daily
2012-01-24,2525.0,2575.0,2525.0,2525.0,1829.27294921875,1321000,0.0,0.0,yfinance_raw_daily
2012-01-25,2525.0,2525.0,2500.0,2525.0,1829.27294921875,1096000,0.0,0.0,yfinance_raw_daily
2012-01-26,2525.0,2550.0,2500.0,2525.0,1829.27294921875,19223000,0.0,0.0,yfinance_raw_daily
2012-01-27,2550.0,2575.0,2500.0,2550.0,1847.3839111328125,5665000,0.0,0.0,yfinance_raw_daily
2012-01-30,2525.0,2550.0,2525.0,2525.0,1829.27294921875,2628000,0.0,0.0,yfinance_raw_daily
2012-01-31,2550.0,2550.0,2500.0,2550.0,1847.3839111328125,9816000,0.0,0.0,yfinance_raw_daily
2012-02-01,2600.0,2600.0,2525.0,2600.0,1883.6072998046875,9672000,0.0,0.0,yfinance_raw_daily
2012-02-02,2575.0,2600.0,2550.0,2575.0,1865.4957275390625,6110000,0.0,0.0,yfinance_raw_daily
2012-02-03,2575.0,2600.0,2550.0,2575.0,1865.4957275390625,2726000,0.0,0.0,yfinance_raw_daily
2012-02-06,2600.0,2600.0,2550.0,2600.0,1883.6072998046875,4242000,0.0,0.0,yfinance_raw_daily
2012-02-07,2575.0,2600.0,2550.0,2575.0,1865.4957275390625,1957000,0.0,0.0,yfinance_raw_daily
2012-02-08,2675.0,2675.0,2600.0,2675.0,1937.942138671875,10773000,0.0,0.0,yfinance_raw_daily
2012-02-09,2800.0,2800.0,2625.0,2800.0,2028.5001220703125,26919000,0.0,0.0,yfinance_raw_daily
2012-02-10,2750.0,2800.0,2725.0,2750.0,1992.276611328125,8420000,0.0,0.0,yfinance_raw_daily
2012-02-13,2750.0,2775.0,2700.0,2750.0,1992.276611328125,6495000,0.0,0.0,yfinance_raw_daily
2012-02-14,2725.0,2775.0,2700.0,2725.0,1974.165283203125,7284000,0.0,0.0,yfinance_raw_daily
2012-02-15,2725.0,2750.0,2725.0,2725.0,1974.165283203125,2077000,0.0,0.0,yfinance_raw_daily
2012-02-16,2675.0,2700.0,2675.0,2675.0,1937.942138671875,6111000,0.0,0.0,yfinance_raw_daily
2012-02-17,2725.0,2750.0,2675.0,2725.0,1974.165283203125,6191000,0.0,0.0,yfinance_raw_daily
2012-02-20,2775.0,2775.0,2675.0,2775.0,2010.3883056640625,5041000,0.0,0.0,yfinance_raw_daily
2012-02-21,2800.0,2825.0,2775.0,2800.0,2028.5001220703125,8237000,0.0,0.0,yfinance_raw_daily
2012-02-22,2750.0,2800.0,2725.0,2750.0,1992.276611328125,1128000,0.0,0.0,yfinance_raw_daily
2012-02-23,2750.0,2775.0,2725.0,2750.0,1992.276611328125,4866000,0.0,0.0,yfinance_raw_daily
2012-02-24,2775.0,2775.0,2700.0,2775.0,2010.3883056640625,5774000,0.0,0.0,yfinance_raw_daily
2012-02-27,2725.0,2775.0,2700.0,2725.0,1974.165283203125,3798000,0.0,0.0,yfinance_raw_daily
2012-02-28,2750.0,2775.0,2725.0,2750.0,1992.276611328125,2508000,0.0,0.0,yfinance_raw_daily
2012-02-29,2825.0,2825.0,2750.0,2825.0,2046.612060546875,7519000,0.0,0.0,yfinance_raw_daily
2012-03-01,2800.0,2825.0,2775.0,2800.0,2028.5001220703125,3623000,0.0,0.0,yfinance_raw_daily
2012-03-02,2800.0,2850.0,2775.0,2800.0,2028.5001220703125,3802000,0.0,0.0,yfinance_raw_daily
2012-03-05,2725.0,2800.0,2725.0,2725.0,1974.165283203125,1356000,0.0,0.0,yfinance_raw_daily
2012-03-06,2700.0,2750.0,2650.0,2700.0,1956.0535888671875,3202000,0.0,0.0,yfinance_raw_daily
2012-03-07,2725.0,2800.0,2700.0,2725.0,1974.165283203125,3065000,0.0,0.0,yfinance_raw_daily
2012-03-08,2700.0,2750.0,2675.0,2700.0,1956.0535888671875,8247000,0.0,0.0,yfinance_raw_daily
2012-03-09,2725.0,2800.0,2700.0,2725.0,1974.165283203125,4,0.0,0.0,yfinance_raw_daily
2012-03-12,2650.0,2750.0,2650.0,2650.0,1919.8304443359375,5098000,0.0,0.0,yfinance_raw_daily
2012-03-13,2725.0,2750.0,2675.0,2725.0,1974.165283203125,6062000,0.0,0.0,yfinance_raw_daily
2012-03-14,2700.0,2750.0,2675.0,2700.0,1956.0535888671875,3617000,0.0,0.0,yfinance_raw_daily
2012-03-15,2725.0,2725.0,2650.0,2725.0,1974.165283203125,3065000,0.0,0.0,yfinance_raw_daily
2012-03-16,2625.0,2750.0,2625.0,2625.0,1901.7191162109375,11949000,0.0,0.0,yfinance_raw_daily
2012-03-19,2600.0,2650.0,2600.0,2600.0,1883.6072998046875,4318000,0.0,0.0,yfinance_raw_daily
2012-03-20,2575.0,2650.0,2575.0,2575.0,1865.4957275390625,6308000,0.0,0.0,yfinance_raw_daily
2012-03-21,2600.0,2650.0,2600.0,2600.0,1883.6072998046875,2409000,0.0,0.0,yfinance_raw_daily
2012-03-22,2700.0,2700.0,2625.0,2700.0,1956.0535888671875,5019000,0.0,0.0,yfinance_raw_daily
2012-03-26,2650.0,2700.0,2625.0,2650.0,1919.8304443359375,624000,0.0,0.0,yfinance_raw_daily
2012-03-27,2675.0,2725.0,2650.0,2675.0,1937.942138671875,1946000,0.0,0.0,yfinance_raw_daily
2012-03-28,2700.0,2700.0,2650.0,2700.0,1956.0535888671875,1596000,0.0,0.0,yfinance_raw_daily
2012-03-29,2625.0,2650.0,2600.0,2625.0,1901.7191162109375,9171000,0.0,0.0,yfinance_raw_daily
2012-03-30,2725.0,2775.0,2650.0,2725.0,1974.165283203125,10515000,0.0,0.0,yfinance_raw_daily
2012-04-02,2700.0,2775.0,2700.0,2700.0,1956.0535888671875,3838000,0.0,0.0,yfinance_raw_daily
2012-04-03,2700.0,2700.0,2700.0,2700.0,1956.0535888671875,0,0.0,0.0,yfinance_raw_daily
2012-04-04,2600.0,2650.0,2575.0,2600.0,1883.6072998046875,10872000,0.0,0.0,yfinance_raw_daily
2012-04-05,2600.0,2625.0,2575.0,2600.0,1883.6072998046875,2982000,0.0,0.0,yfinance_raw_daily
2012-04-09,2600.0,2600.0,2575.0,2600.0,1883.6072998046875,5209000,0.0,0.0,yfinance_raw_daily
2012-04-10,2600.0,2625.0,2600.0,2600.0,1883.6072998046875,2074000,0.0,0.0,yfinance_raw_daily
2012-04-11,2550.0,2600.0,2550.0,2550.0,1847.3839111328125,3272000,0.0,0.0,yfinance_raw_daily
2012-04-12,2550.0,2600.0,2550.0,2550.0,1847.3839111328125,1601000,0.0,0.0,yfinance_raw_daily
2012-04-13,2625.0,2650.0,2575.0,2625.0,1901.7191162109375,5650000,0.0,0.0,yfinance_raw_daily
2012-04-16,2575.0,2600.0,2550.0,2575.0,1865.4957275390625,8902000,0.0,0.0,yfinance_raw_daily
2012-04-17,2600.0,2625.0,2575.0,2600.0,1883.6072998046875,5003000,0.0,0.0,yfinance_raw_daily
2012-04-18,2600.0,2625.0,2575.0,2600.0,1883.6072998046875,8564000,0.0,0.0,yfinance_raw_daily
2012-04-19,2550.0,2600.0,2550.0,2550.0,1847.3839111328125,3514000,0.0,0.0,yfinance_raw_daily
2012-04-20,2550.0,2575.0,2525.0,2550.0,1847.3839111328125,1963000,0.0,0.0,yfinance_raw_daily
2012-04-23,2500.0,2550.0,2500.0,2500.0,1811.1607666015625,4641000,0.0,0.0,yfinance_raw_daily
2012-04-24,2500.0,2550.0,2500.0,2500.0,1811.1607666015625,8059000,0.0,0.0,yfinance_raw_daily
2012-04-25,2575.0,2575.0,2500.0,2575.0,1865.4957275390625,5382000,0.0,0.0,yfinance_raw_daily
2012-04-26,2600.0,2625.0,2575.0,2600.0,1883.6072998046875,2748000,0.0,0.0,yfinance_raw_daily
2012-04-27,2575.0,2625.0,2550.0,2575.0,1865.4957275390625,1875000,0.0,0.0,yfinance_raw_daily
2012-04-30,2825.0,2825.0,2650.0,2825.0,2046.612060546875,25512000,0.0,0.0,yfinance_raw_daily
2012-05-01,2875.0,2875.0,2775.0,2875.0,2082.834716796875,9352000,0.0,0.0,yfinance_raw_daily
2012-05-02,2875.0,2875.0,2775.0,2875.0,2082.834716796875,6,0.0,0.0,yfinance_raw_daily
2012-05-03,2850.0,2850.0,2825.0,2850.0,2064.7236328125,12340000,0.0,0.0,yfinance_raw_daily
2012-05-04,2900.0,2900.0,2850.0,2900.0,2100.9462890625,3170000,0.0,0.0,yfinance_raw_daily
2012-05-07,2900.0,2900.0,2825.0,2900.0,2100.9462890625,10724000,0.0,0.0,yfinance_raw_daily
2012-05-08,2925.0,2950.0,2875.0,2925.0,2119.058349609375,9622000,0.0,0.0,yfinance_raw_daily
2012-05-09,2925.0,2925.0,2875.0,2925.0,2119.058349609375,5788000,0.0,0.0,yfinance_raw_daily
2012-05-10,2900.0,2925.0,2850.0,2900.0,2100.9462890625,2518000,0.0,0.0,yfinance_raw_daily
2012-05-11,2900.0,2925.0,2850.0,2900.0,2100.9462890625,9334000,0.0,0.0,yfinance_raw_daily
2012-05-14,2825.0,2925.0,2825.0,2825.0,2046.612060546875,7409000,0.0,0.0,yfinance_raw_daily
2012-05-15,2875.0,2925.0,2750.0,2875.0,2082.834716796875,10228000,0.0,0.0,yfinance_raw_daily
2012-05-16,2825.0,2875.0,2700.0,2825.0,2046.612060546875,1053000,0.0,0.0,yfinance_raw_daily
2012-05-21,2850.0,2900.0,2775.0,2850.0,2064.7236328125,5556000,0.0,0.0,yfinance_raw_daily
2012-05-22,2875.0,2925.0,2850.0,2875.0,2082.834716796875,12509000,0.0,0.0,yfinance_raw_daily
2012-05-23,2850.0,2875.0,2850.0,2850.0,2064.7236328125,5861000,0.0,0.0,yfinance_raw_daily
2012-05-24,2875.0,2900.0,2850.0,2875.0,2082.834716796875,13231000,0.0,0.0,yfinance_raw_daily
2012-05-25,2825.0,2900.0,2725.0,2825.0,2046.612060546875,6564000,0.0,0.0,yfinance_raw_daily
2012-05-28,2850.0,2900.0,2825.0,2850.0,2064.7236328125,2756000,0.0,0.0,yfinance_raw_daily
2012-05-29,2850.0,2900.0,2850.0,2850.0,2064.7236328125,2140000,0.0,0.0,yfinance_raw_daily
2012-05-30,2825.0,2875.0,2825.0,2825.0,2046.612060546875,4494000,0.0,0.0,yfinance_raw_daily
2012-05-31,2825.0,2875.0,2700.0,2825.0,2046.612060546875,8255000,0.0,0.0,yfinance_raw_daily
2012-06-01,2800.0,2900.0,2700.0,2800.0,2028.5001220703125,2539000,0.0,0.0,yfinance_raw_daily
2012-06-04,2725.0,2850.0,2725.0,2725.0,1974.165283203125,5090000,0.0,0.0,yfinance_raw_daily
2012-06-05,2750.0,2825.0,2725.0,2750.0,1992.276611328125,2865000,0.0,0.0,yfinance_raw_daily
2012-06-06,2850.0,2900.0,2750.0,2850.0,2064.7236328125,5257000,0.0,0.0,yfinance_raw_daily
2012-06-07,2825.0,2900.0,2825.0,2825.0,2046.612060546875,1671000,0.0,0.0,yfinance_raw_daily
2012-06-08,2800.0,2875.0,2800.0,2800.0,2028.5001220703125,794000,0.0,0.0,yfinance_raw_daily
2012-06-11,2825.0,2875.0,2825.0,2825.0,2046.612060546875,927000,0.0,0.0,yfinance_raw_daily
2012-06-12,2850.0,2875.0,2825.0,2850.0,2064.7236328125,2686000,0.0,0.0,yfinance_raw_daily
2012-06-13,2825.0,2875.0,2825.0,2825.0,2046.612060546875,3059000,0.0,0.0,yfinance_raw_daily
2012-06-14,2875.0,2900.0,2825.0,2875.0,2082.834716796875,943000,0.0,0.0,yfinance_raw_daily
2012-06-15,2875.0,2900.0,2850.0,2875.0,2082.834716796875,978000,0.0,0.0,yfinance_raw_daily
2012-06-18,2850.0,2925.0,2850.0,2850.0,2064.7236328125,5446000,0.0,0.0,yfinance_raw_daily
2012-06-19,2850.0,2925.0,2850.0,2850.0,2064.7236328125,2602000,0.0,0.0,yfinance_raw_daily
2012-06-20,2850.0,2875.0,2825.0,2850.0,2064.7236328125,2166000,0.0,0.0,yfinance_raw_daily
2012-06-21,2875.0,2900.0,2825.0,2875.0,2082.834716796875,1952000,0.0,0.0,yfinance_raw_daily
2012-06-22,2875.0,2875.0,2800.0,2875.0,2082.834716796875,1794000,0.0,0.0,yfinance_raw_daily
2012-06-25,2875.0,2875.0,2825.0,2850.0,2064.7236328125,160000,0.0,0.0,yfinance_raw_daily
2012-06-26,2850.0,2850.0,2850.0,2850.0,2064.7236328125,49000,0.0,0.0,yfinance_raw_daily
2012-06-27,2850.0,2875.0,2800.0,2825.0,2046.612060546875,4708000,0.0,0.0,yfinance_raw_daily
2012-06-28,2825.0,2825.0,2800.0,2800.0,2028.5001220703125,2917000,0.0,0.0,yfinance_raw_daily
2012-06-29,2800.0,2875.0,2800.0,2875.0,2082.834716796875,11134000,0.0,0.0,yfinance_raw_daily
2012-07-02,2900.0,2900.0,2875.0,2900.0,2100.9462890625,9614000,0.0,0.0,yfinance_raw_daily
2012-07-03,2900.0,2900.0,2875.0,2900.0,2100.9462890625,1556000,0.0,0.0,yfinance_raw_daily
2012-07-04,2875.0,2925.0,2850.0,2875.0,2082.834716796875,3508000,0.0,0.0,yfinance_raw_daily
2012-07-05,2925.0,2950.0,2850.0,2925.0,2119.058349609375,27465000,0.0,0.0,yfinance_raw_daily
2012-07-06,2950.0,2975.0,2925.0,2950.0,2137.169189453125,19382000,0.0,0.0,yfinance_raw_daily
2012-07-09,2950.0,2975.0,2900.0,2950.0,2137.169189453125,11840000,0.0,0.0,yfinance_raw_daily
2012-07-10,3150.0,3150.0,2975.0,3150.0,2282.062255859375,53631000,0.0,0.0,yfinance_raw_daily
2012-07-11,3275.0,3350.0,3125.0,3275.0,2372.620849609375,31174000,0.0,0.0,yfinance_raw_daily
2012-07-12,3250.0,3300.0,3200.0,3250.0,2354.509033203125,8353000,0.0,0.0,yfinance_raw_daily
2012-07-13,3375.0,3425.0,3275.0,3375.0,2445.06689453125,5348000,0.0,0.0,yfinance_raw_daily
2012-07-16,3300.0,3375.0,3300.0,3300.0,2452.126220703125,6407000,84.5,0.0,yfinance_raw_daily
2012-07-17,3300.0,3325.0,3175.0,3300.0,2452.126220703125,10340000,0.0,0.0,yfinance_raw_daily
2012-07-18,3200.0,3275.0,3150.0,3200.0,2377.819580078125,10029000,0.0,0.0,yfinance_raw_daily
2012-07-19,3225.0,3250.0,3175.0,3225.0,2396.396240234375,7330000,0.0,0.0,yfinance_raw_daily
2012-07-20,3275.0,3300.0,3250.0,3275.0,2433.549560546875,6228000,0.0,0.0,yfinance_raw_daily
2012-07-23,3225.0,3300.0,3200.0,3225.0,2396.396240234375,4413000,0.0,0.0,yfinance_raw_daily
2012-07-24,3175.0,3300.0,3175.0,3175.0,2359.24267578125,4955000,0.0,0.0,yfinance_raw_daily
2012-07-25,3275.0,3275.0,3200.0,3275.0,2433.549560546875,3292000,0.0,0.0,yfinance_raw_daily
2012-07-26,3275.0,3300.0,3250.0,3275.0,2433.549560546875,4045000,0.0,0.0,yfinance_raw_daily
2012-07-27,3225.0,3300.0,3225.0,3225.0,2396.396240234375,3612000,0.0,0.0,yfinance_raw_daily
2012-07-30,3225.0,3325.0,3200.0,3225.0,2396.396240234375,5000000,0.0,0.0,yfinance_raw_daily
2012-07-31,3300.0,3300.0,3225.0,3300.0,2452.126220703125,2499000,0.0,0.0,yfinance_raw_daily
2012-08-01,3325.0,3325.0,3225.0,3325.0,2470.702880859375,2779000,0.0,0.0,yfinance_raw_daily
2012-08-02,3275.0,3325.0,3250.0,3275.0,2433.549560546875,4165000,0.0,0.0,yfinance_raw_daily
2012-08-03,3350.0,3350.0,3225.0,3350.0,2489.280029296875,2476000,0.0,0.0,yfinance_raw_daily
2012-08-06,3300.0,3375.0,3300.0,3300.0,2452.126220703125,2535000,0.0,0.0,yfinance_raw_daily
2012-08-07,3250.0,3325.0,3225.0,3250.0,2414.97314453125,6152000,0.0,0.0,yfinance_raw_daily
2012-08-08,3225.0,3300.0,3225.0,3225.0,2396.396240234375,4254000,0.0,0.0,yfinance_raw_daily
2012-08-09,3275.0,3275.0,3225.0,3275.0,2433.549560546875,2122000,0.0,0.0,yfinance_raw_daily
2012-08-10,3300.0,3300.0,3250.0,3300.0,2452.126220703125,2230000,0.0,0.0,yfinance_raw_daily
2012-08-13,3275.0,3300.0,3250.0,3275.0,2433.549560546875,3349000,0.0,0.0,yfinance_raw_daily
2012-08-14,3275.0,3300.0,3275.0,3275.0,2433.549560546875,1218000,0.0,0.0,yfinance_raw_daily
2012-08-15,3275.0,3300.0,3275.0,3275.0,2433.549560546875,439000,0.0,0.0,yfinance_raw_daily
2012-08-16,3325.0,3325.0,3275.0,3325.0,2470.702880859375,4024000,0.0,0.0,yfinance_raw_daily
2012-08-23,3275.0,3325.0,3225.0,3275.0,2433.549560546875,9357000,0.0,0.0,yfinance_raw_daily
2012-08-24,3375.0,3375.0,3300.0,3375.0,2507.856201171875,9068000,0.0,0.0,yfinance_raw_daily
2012-08-27,3350.0,3375.0,3350.0,3350.0,2489.280029296875,699000,0.0,0.0,yfinance_raw_daily
2012-08-28,3375.0,3425.0,3325.0,3375.0,2507.856201171875,15527000,0.0,0.0,yfinance_raw_daily
2012-08-29,3250.0,3400.0,3250.0,3250.0,2414.97314453125,8220000,0.0,0.0,yfinance_raw_daily
2012-08-30,3200.0,3275.0,3200.0,3200.0,2377.819580078125,6313000,0.0,0.0,yfinance_raw_daily
2012-08-31,3275.0,3300.0,3200.0,3275.0,2433.549560546875,3941000,0.0,0.0,yfinance_raw_daily
2012-09-03,3275.0,3325.0,3200.0,3275.0,2433.549560546875,9718000,0.0,0.0,yfinance_raw_daily
2012-09-04,3275.0,3300.0,3250.0,3275.0,2433.549560546875,4750000,0.0,0.0,yfinance_raw_daily
2012-09-05,3225.0,3275.0,3225.0,3225.0,2396.396240234375,2482000,0.0,0.0,yfinance_raw_daily
2012-09-06,3200.0,3250.0,3175.0,3200.0,2377.819580078125,6120000,0.0,0.0,yfinance_raw_daily
2012-09-07,3150.0,3250.0,3150.0,3150.0,2340.666015625,4342000,0.0,0.0,yfinance_raw_daily
2012-09-10,3150.0,3175.0,3100.0,3150.0,2340.666015625,5514000,0.0,0.0,yfinance_raw_daily
2012-09-11,3175.0,3175.0,3125.0,3175.0,2359.24267578125,3484000,0.0,0.0,yfinance_raw_daily
2012-09-12,3200.0,3225.0,3175.0,3200.0,2377.819580078125,3323000,0.0,0.0,yfinance_raw_daily
2012-09-13,3150.0,3225.0,3150.0,3150.0,2340.666015625,8951000,0.0,0.0,yfinance_raw_daily
2012-09-14,3200.0,3225.0,3150.0,3200.0,2377.819580078125,7583000,0.0,0.0,yfinance_raw_daily
2012-09-17,3150.0,3225.0,3125.0,3150.0,2340.666015625,13890000,0.0,0.0,yfinance_raw_daily
2012-09-18,3125.0,3175.0,3075.0,3125.0,2322.08935546875,6203000,0.0,0.0,yfinance_raw_daily
2012-09-19,3200.0,3200.0,3125.0,3200.0,2377.819580078125,4086000,0.0,0.0,yfinance_raw_daily
2012-09-20,3175.0,3225.0,3150.0,3175.0,2359.24267578125,14720000,0.0,0.0,yfinance_raw_daily
2012-09-21,3225.0,3225.0,3175.0,3225.0,2396.396240234375,3585000,0.0,0.0,yfinance_raw_daily
2012-09-24,3175.0,3250.0,3175.0,3175.0,2359.24267578125,2932000,0.0,0.0,yfinance_raw_daily
2012-09-25,3200.0,3250.0,3175.0,3200.0,2377.819580078125,3944000,0.0,0.0,yfinance_raw_daily
2012-09-26,3175.0,3175.0,3125.0,3175.0,2359.24267578125,5723000,0.0,0.0,yfinance_raw_daily
2012-09-27,3175.0,3225.0,3125.0,3175.0,2359.24267578125,1923000,0.0,0.0,yfinance_raw_daily
2012-09-28,3175.0,3225.0,3150.0,3175.0,2359.24267578125,3936000,0.0,0.0,yfinance_raw_daily
2012-10-01,3200.0,3225.0,3150.0,3200.0,2377.819580078125,6050000,0.0,0.0,yfinance_raw_daily
2012-10-02,3300.0,3300.0,3200.0,3300.0,2452.126220703125,14640000,0.0,0.0,yfinance_raw_daily
2012-10-03,3300.0,3325.0,3250.0,3300.0,2452.126220703125,7151000,0.0,0.0,yfinance_raw_daily
2012-10-04,3325.0,3350.0,3300.0,3325.0,2470.702880859375,7318000,0.0,0.0,yfinance_raw_daily
2012-10-05,3450.0,3475.0,3375.0,3450.0,2563.5869140625,13449000,0.0,0.0,yfinance_raw_daily
2012-10-08,3475.0,3550.0,3400.0,3475.0,2582.163330078125,24044000,0.0,0.0,yfinance_raw_daily
2012-10-09,3400.0,3525.0,3375.0,3400.0,2526.432861328125,7065000,0.0,0.0,yfinance_raw_daily
2012-10-10,3500.0,3500.0,3350.0,3500.0,2600.740234375,11137000,0.0,0.0,yfinance_raw_daily
2012-10-11,3675.0,3675.0,3475.0,3675.0,2730.777099609375,10508000,0.0,0.0,yfinance_raw_daily
2012-10-12,3775.0,3800.0,3650.0,3775.0,2805.083740234375,10353000,0.0,0.0,yfinance_raw_daily
2012-10-15,3800.0,3875.0,3700.0,3800.0,2823.66064453125,13919000,0.0,0.0,yfinance_raw_daily
2012-10-16,3725.0,3800.0,3650.0,3725.0,2767.93017578125,9941000,0.0,0.0,yfinance_raw_daily
2012-10-17,3725.0,3750.0,3675.0,3725.0,2767.93017578125,3301000,0.0,0.0,yfinance_raw_daily
2012-10-18,3700.0,3825.0,3700.0,3700.0,2749.353515625,9757000,0.0,0.0,yfinance_raw_daily
2012-10-19,3625.0,3750.0,3600.0,3625.0,2693.623779296875,7216000,0.0,0.0,yfinance_raw_daily
2012-10-22,3550.0,3625.0,3550.0,3550.0,2637.893798828125,6630000,0.0,0.0,yfinance_raw_daily
2012-10-23,3550.0,3600.0,3525.0,3550.0,2637.893798828125,10493000,0.0,0.0,yfinance_raw_daily
2012-10-24,3475.0,3575.0,3475.0,3475.0,2582.163330078125,11288000,0.0,0.0,yfinance_raw_daily
2012-10-25,3625.0,3625.0,3475.0,3625.0,2693.623779296875,8826000,0.0,0.0,yfinance_raw_daily
2012-10-29,3625.0,3625.0,3575.0,3625.0,2693.623779296875,5086000,0.0,0.0,yfinance_raw_daily
2012-10-30,3675.0,3675.0,3600.0,3675.0,2730.777099609375,3203000,0.0,0.0,yfinance_raw_daily
2012-10-31,3575.0,3650.0,3550.0,3575.0,2656.47021484375,8374000,0.0,0.0,yfinance_raw_daily
2012-11-01,3550.0,3600.0,3500.0,3550.0,2637.893798828125,10750000,0.0,0.0,yfinance_raw_daily
2012-11-02,3525.0,3575.0,3500.0,3525.0,2619.317138671875,5796000,0.0,0.0,yfinance_raw_daily
2012-11-05,3500.0,3600.0,3450.0,3500.0,2600.740234375,17379000,0.0,0.0,yfinance_raw_daily
2012-11-06,3650.0,3650.0,3450.0,3650.0,2712.200439453125,7582000,0.0,0.0,yfinance_raw_daily
2012-11-07,3625.0,3625.0,3550.0,3625.0,2693.623779296875,9593000,0.0,0.0,yfinance_raw_daily
2012-11-08,3650.0,3650.0,3550.0,3650.0,2712.200439453125,4380000,0.0,0.0,yfinance_raw_daily
2012-11-09,3625.0,3650.0,3550.0,3625.0,2693.623779296875,1958000,0.0,0.0,yfinance_raw_daily
2012-11-12,3625.0,3650.0,3600.0,3625.0,2693.623779296875,1022000,0.0,0.0,yfinance_raw_daily
2012-11-13,3600.0,3650.0,3600.0,3600.0,2675.046630859375,2790000,0.0,0.0,yfinance_raw_daily
2012-11-14,3650.0,3650.0,3600.0,3650.0,2712.200439453125,8907000,0.0,0.0,yfinance_raw_daily
2012-11-19,3600.0,3600.0,3550.0,3600.0,2675.046630859375,2175000,0.0,0.0,yfinance_raw_daily
2012-11-20,3575.0,3650.0,3575.0,3575.0,2656.47021484375,2141000,0.0,0.0,yfinance_raw_daily
2012-11-21,3600.0,3600.0,3550.0,3600.0,2675.046630859375,2087000,0.0,0.0,yfinance_raw_daily
2012-11-22,3725.0,3750.0,3550.0,3725.0,2767.93017578125,16313000,0.0,0.0,yfinance_raw_daily
2012-11-23,3725.0,3775.0,3700.0,3725.0,2767.93017578125,8635000,0.0,0.0,yfinance_raw_daily
2012-11-26,3725.0,3750.0,3675.0,3725.0,2767.93017578125,868000,0.0,0.0,yfinance_raw_daily
2012-11-27,3675.0,3725.0,3675.0,3675.0,2730.777099609375,3434000,0.0,0.0,yfinance_raw_daily
2012-11-28,3650.0,3700.0,3600.0,3650.0,2712.200439453125,7175000,0.0,0.0,yfinance_raw_daily
2012-11-29,3700.0,3700.0,3675.0,3700.0,2749.353515625,5555000,0.0,0.0,yfinance_raw_daily
2012-11-30,3700.0,3725.0,3675.0,3700.0,2749.353515625,1898000,0.0,0.0,yfinance_raw_daily
2012-12-03,3725.0,3750.0,3650.0,3725.0,2767.93017578125,7071000,0.0,0.0,yfinance_raw_daily
2012-12-04,3800.0,3800.0,3725.0,3800.0,2823.66064453125,15722000,0.0,0.0,yfinance_raw_daily
2012-12-05,3875.0,3925.0,3775.0,3875.0,2879.390869140625,7909000,0.0,0.0,yfinance_raw_daily
2012-12-06,4100.0,4150.0,3875.0,4100.0,3046.5810546875,5847000,0.0,0.0,yfinance_raw_daily
2012-12-07,3975.0,4100.0,3925.0,3975.0,2953.69775390625,4734000,0.0,0.0,yfinance_raw_daily
2012-12-10,3900.0,4000.0,3875.0,3900.0,2897.967529296875,7915000,0.0,0.0,yfinance_raw_daily
2012-12-11,3950.0,4000.0,3875.0,3950.0,2935.120849609375,8243000,0.0,0.0,yfinance_raw_daily
2012-12-12,3950.0,3975.0,3875.0,3950.0,2935.120849609375,4862000,0.0,0.0,yfinance_raw_daily
2012-12-13,3900.0,3950.0,3900.0,3900.0,2897.967529296875,4237000,0.0,0.0,yfinance_raw_daily
2012-12-14,3900.0,3925.0,3875.0,3900.0,2897.967529296875,3150000,0.0,0.0,yfinance_raw_daily
2012-12-17,3925.0,3975.0,3875.0,3925.0,2916.54443359375,9073000,0.0,0.0,yfinance_raw_daily
2012-12-18,3900.0,3925.0,3875.0,3900.0,2897.967529296875,5584000,0.0,0.0,yfinance_raw_daily
2012-12-19,3825.0,3925.0,3750.0,3825.0,2842.2373046875,2226000,0.0,0.0,yfinance_raw_daily
2012-12-20,3750.0,3825.0,3725.0,3750.0,2786.507080078125,4449000,0.0,0.0,yfinance_raw_daily
2012-12-21,4025.0,4050.0,3750.0,4025.0,2990.85107421875,6380000,0.0,0.0,yfinance_raw_daily
2012-12-26,4000.0,4050.0,3975.0,4000.0,2972.274169921875,6,0.0,0.0,yfinance_raw_daily
2012-12-27,4050.0,4100.0,4000.0,4050.0,3009.427490234375,10789000,0.0,0.0,yfinance_raw_daily
2012-12-28,3900.0,4100.0,3900.0,3900.0,2897.967529296875,5635000,0.0,0.0,yfinance_raw_daily
2013-01-02,4000.0,4000.0,3900.0,4000.0,2972.274169921875,3536000,0.0,0.0,yfinance_raw_daily
2013-01-03,4000.0,4350.0,4000.0,4000.0,2972.274169921875,8788000,0.0,0.0,yfinance_raw_daily
2013-01-04,4000.0,4000.0,3950.0,4000.0,2972.274169921875,3365000,0.0,0.0,yfinance_raw_daily
2013-01-07,3975.0,4050.0,3975.0,3975.0,2953.69775390625,7740000,0.0,0.0,yfinance_raw_daily
2013-01-08,4050.0,4075.0,3975.0,4050.0,3009.427490234375,5068000,0.0,0.0,yfinance_raw_daily
2013-01-09,3950.0,4050.0,3950.0,3950.0,2935.120849609375,3649000,0.0,0.0,yfinance_raw_daily
2013-01-10,3875.0,3975.0,3875.0,3875.0,2879.390869140625,4046000,0.0,0.0,yfinance_raw_daily
2013-01-11,3875.0,3950.0,3800.0,3875.0,2879.390869140625,5261000,0.0,0.0,yfinance_raw_daily
2013-01-14,3975.0,3975.0,3875.0,3975.0,2953.69775390625,1031000,0.0,0.0,yfinance_raw_daily
2013-01-15,4000.0,4000.0,3925.0,4000.0,2972.274169921875,3384000,0.0,0.0,yfinance_raw_daily
2013-01-16,3950.0,4000.0,3925.0,3950.0,2935.120849609375,2312000,0.0,0.0,yfinance_raw_daily
2013-01-17,3975.0,3975.0,3925.0,3975.0,2953.69775390625,5130000,0.0,0.0,yfinance_raw_daily
2013-01-18,3975.0,3975.0,3925.0,3975.0,2953.69775390625,5487000,0.0,0.0,yfinance_raw_daily
2013-01-21,3950.0,3975.0,3925.0,3950.0,2935.120849609375,3923000,0.0,0.0,yfinance_raw_daily
2013-01-22,3950.0,3950.0,3950.0,3950.0,2935.120849609375,0,0.0,0.0,yfinance_raw_daily
2013-01-23,4025.0,4025.0,3975.0,4025.0,2990.85107421875,5181000,0.0,0.0,yfinance_raw_daily
2013-01-25,4050.0,4075.0,3975.0,4050.0,3009.427490234375,7339000,0.0,0.0,yfinance_raw_daily
2013-01-28,4025.0,4075.0,4000.0,4025.0,2990.85107421875,8308000,0.0,0.0,yfinance_raw_daily
2013-01-29,4025.0,4075.0,4025.0,4025.0,2990.85107421875,8332000,0.0,0.0,yfinance_raw_daily
2013-01-30,4000.0,4075.0,3975.0,4000.0,2972.274169921875,7147000,0.0,0.0,yfinance_raw_daily
2013-01-31,4000.0,4025.0,3950.0,4000.0,2972.274169921875,5654000,0.0,0.0,yfinance_raw_daily
2013-02-01,4050.0,4050.0,3975.0,4050.0,3009.427490234375,6668000,0.0,0.0,yfinance_raw_daily
2013-02-04,4050.0,4050.0,3975.0,4050.0,3009.427490234375,5543000,0.0,0.0,yfinance_raw_daily
2013-02-05,4050.0,4075.0,3975.0,4050.0,3009.427490234375,4075000,0.0,0.0,yfinance_raw_daily
2013-02-06,4025.0,4075.0,4025.0,4025.0,2990.85107421875,4301000,0.0,0.0,yfinance_raw_daily
2013-02-07,4025.0,4075.0,4000.0,4025.0,2990.85107421875,4379000,0.0,0.0,yfinance_raw_daily
2013-02-08,4000.0,4050.0,4000.0,4000.0,2972.274169921875,2649000,0.0,0.0,yfinance_raw_daily
2013-02-11,3975.0,4075.0,3975.0,3975.0,2953.69775390625,2911000,0.0,0.0,yfinance_raw_daily
2013-02-12,4000.0,4050.0,3975.0,4000.0,2972.274169921875,7279000,0.0,0.0,yfinance_raw_daily
2013-02-13,4000.0,4075.0,4000.0,4000.0,2972.274169921875,6441000,0.0,0.0,yfinance_raw_daily
2013-02-14,4000.0,4025.0,3950.0,4000.0,2972.274169921875,9908000,0.0,0.0,yfinance_raw_daily
2013-02-15,4000.0,4050.0,3975.0,4000.0,2972.274169921875,2346000,0.0,0.0,yfinance_raw_daily
2013-02-18,4000.0,4050.0,3975.0,4000.0,2972.274169921875,7454000,0.0,0.0,yfinance_raw_daily
2013-02-19,4000.0,4025.0,3975.0,4000.0,2972.274169921875,6772000,0.0,0.0,yfinance_raw_daily
2013-02-20,4000.0,4050.0,3975.0,4000.0,2972.274169921875,9833000,0.0,0.0,yfinance_raw_daily
2013-02-21,4000.0,4025.0,3975.0,4000.0,2972.274169921875,7551000,0.0,0.0,yfinance_raw_daily
2013-02-22,4050.0,4050.0,4025.0,4050.0,3009.427490234375,4994000,0.0,0.0,yfinance_raw_daily
2013-02-25,4150.0,4200.0,4050.0,4150.0,3083.734619140625,19150000,0.0,0.0,yfinance_raw_daily
2013-02-26,4200.0,4300.0,4150.0,4200.0,3120.8876953125,9547000,0.0,0.0,yfinance_raw_daily
2013-02-27,4275.0,4325.0,4200.0,4275.0,3176.6181640625,12648000,0.0,0.0,yfinance_raw_daily
2013-02-28,4250.0,4325.0,4250.0,4250.0,3158.041748046875,5666000,0.0,0.0,yfinance_raw_daily
2013-03-01,4275.0,4425.0,4275.0,4275.0,3176.6181640625,10027000,0.0,0.0,yfinance_raw_daily
2013-03-04,4125.0,4300.0,4100.0,4125.0,3065.157958984375,11082000,0.0,0.0,yfinance_raw_daily
2013-03-05,4325.0,4350.0,4150.0,4325.0,3213.771484375,12183000,0.0,0.0,yfinance_raw_daily
2013-03-06,4475.0,4525.0,4300.0,4475.0,3325.2314453125,12647000,0.0,0.0,yfinance_raw_daily
2013-03-07,4550.0,4650.0,4475.0,4550.0,3380.961669921875,5432000,0.0,0.0,yfinance_raw_daily
2013-03-08,4625.0,4625.0,4375.0,4625.0,3436.692138671875,2840000,0.0,0.0,yfinance_raw_daily
2013-03-11,4475.0,4625.0,4450.0,4475.0,3325.2314453125,4241000,0.0,0.0,yfinance_raw_daily
2013-03-13,4475.0,4575.0,4475.0,4475.0,3325.2314453125,8333000,0.0,0.0,yfinance_raw_daily
2013-03-14,4475.0,4550.0,4450.0,4500.0,3343.80859375,7571000,0.0,0.0,yfinance_raw_daily
2013-03-15,4550.0,4625.0,4475.0,4625.0,3436.692138671875,13539000,0.0,0.0,yfinance_raw_daily
2013-03-18,4600.0,4600.0,4475.0,4525.0,3362.38525390625,7622000,0.0,0.0,yfinance_raw_daily
2013-03-19,4525.0,4550.0,4475.0,4525.0,3362.38525390625,9904000,0.0,0.0,yfinance_raw_daily
2013-03-20,4500.0,4525.0,4350.0,4375.0,3250.9248046875,18480000,0.0,0.0,yfinance_raw_daily
2013-03-21,4400.0,4500.0,4375.0,4425.0,3288.07861328125,17817000,0.0,0.0,yfinance_raw_daily
2013-03-22,4425.0,4575.0,4200.0,4200.0,3120.8876953125,6,0.0,0.0,yfinance_raw_daily
2013-03-25,4325.0,4525.0,4275.0,4525.0,3362.38525390625,9101000,0.0,0.0,yfinance_raw_daily
2013-03-26,4550.0,4600.0,4450.0,4575.0,3399.537841796875,7933000,0.0,0.0,yfinance_raw_daily
2013-03-27,4600.0,4950.0,4575.0,4750.0,3529.5751953125,18559000,0.0,0.0,yfinance_raw_daily
2013-03-28,4700.0,4825.0,4700.0,4800.0,3566.7294921875,6751000,0.0,0.0,yfinance_raw_daily
2013-04-01,4850.0,4950.0,4825.0,4950.0,3678.189697265625,9859000,0.0,0.0,yfinance_raw_daily
2013-04-02,4900.0,4975.0,4750.0,4900.0,3641.036376953125,5677000,0.0,0.0,yfinance_raw_daily
2013-04-03,4950.0,5375.0,4875.0,5300.0,3938.263671875,4,0.0,0.0,yfinance_raw_daily
2013-04-04,5200.0,5300.0,5000.0,5000.0,3715.3427734375,15257000,0.0,0.0,yfinance_raw_daily
2013-04-05,5125.0,5300.0,5100.0,5200.0,3863.95654296875,9977000,0.0,0.0,yfinance_raw_daily
2013-04-08,5200.0,5300.0,4975.0,5100.0,3789.6494140625,11932000,0.0,0.0,yfinance_raw_daily
2013-04-09,5100.0,5150.0,5000.0,5025.0,3733.918701171875,4508000,0.0,0.0,yfinance_raw_daily
2013-04-10,5000.0,5225.0,4975.0,5125.0,3808.226806640625,8002000,0.0,0.0,yfinance_raw_daily
2013-04-11,5125.0,5125.0,5000.0,5025.0,3733.918701171875,4551000,0.0,0.0,yfinance_raw_daily
2013-04-12,5100.0,5100.0,5000.0,5100.0,3789.6494140625,7479000,0.0,0.0,yfinance_raw_daily
2013-04-15,5000.0,5100.0,5000.0,5050.0,3752.4970703125,7610000,0.0,0.0,yfinance_raw_daily
2013-04-16,5100.0,5100.0,5000.0,5075.0,3771.0732421875,3132000,0.0,0.0,yfinance_raw_daily
2013-04-17,5100.0,5125.0,5050.0,5125.0,3808.226806640625,5715000,0.0,0.0,yfinance_raw_daily
2013-04-18,5150.0,5300.0,5125.0,5275.0,3919.68701171875,12232000,0.0,0.0,yfinance_raw_daily
2013-04-19,5300.0,5375.0,5250.0,5325.0,3956.83984375,8709000,0.0,0.0,yfinance_raw_daily
2013-04-22,5300.0,5375.0,5275.0,5300.0,3938.263671875,8727000,0.0,0.0,yfinance_raw_daily
2013-04-23,5300.0,5300.0,5300.0,5300.0,3938.263671875,0,0.0,0.0,yfinance_raw_daily
2013-04-24,5425.0,5625.0,5375.0,5625.0,4179.7607421875,8829000,0.0,0.0,yfinance_raw_daily
2013-04-25,5600.0,5850.0,5525.0,5825.0,4328.37451171875,7016000,0.0,0.0,yfinance_raw_daily
2013-04-26,5750.0,5825.0,5675.0,5700.0,4235.49169921875,10252000,0.0,0.0,yfinance_raw_daily
2013-04-29,5400.0,5650.0,5400.0,5650.0,4198.337890625,8002000,0.0,0.0,yfinance_raw_daily
2013-04-30,5550.0,5750.0,5550.0,5725.0,4254.0673828125,7740000,0.0,0.0,yfinance_raw_daily
2013-05-01,5750.0,5975.0,5750.0,5925.0,4402.681640625,4574000,0.0,0.0,yfinance_raw_daily
2013-05-02,6025.0,6150.0,5875.0,6050.0,4495.56396484375,11243000,0.0,0.0,yfinance_raw_daily
2013-05-03,6200.0,6200.0,5800.0,6000.0,4458.412109375,9133000,0.0,0.0,yfinance_raw_daily
2013-05-06,5950.0,6125.0,5900.0,6000.0,4458.412109375,7244000,0.0,0.0,yfinance_raw_daily
2013-05-07,6050.0,6225.0,6000.0,6075.0,4514.14208984375,9502000,0.0,0.0,yfinance_raw_daily
2013-05-08,6200.0,6200.0,5925.0,5975.0,4439.83447265625,8006000,0.0,0.0,yfinance_raw_daily
2013-05-10,6100.0,6100.0,5850.0,5850.0,4346.95068359375,9748000,0.0,0.0,yfinance_raw_daily
2013-05-13,5850.0,6075.0,5850.0,5875.0,4365.52783203125,13190000,0.0,0.0,yfinance_raw_daily
2013-05-14,6000.0,6025.0,5925.0,5950.0,4421.25830078125,9055000,0.0,0.0,yfinance_raw_daily
2013-05-15,5900.0,6025.0,5900.0,6000.0,4458.412109375,8095000,0.0,0.0,yfinance_raw_daily
2013-05-16,6000.0,6350.0,5950.0,6200.0,4607.02490234375,31958000,0.0,0.0,yfinance_raw_daily
2013-05-17,6250.0,6475.0,6225.0,6350.0,4718.4853515625,12848000,0.0,0.0,yfinance_raw_daily
2013-05-20,6375.0,6400.0,6250.0,6375.0,4737.06201171875,9845000,0.0,0.0,yfinance_raw_daily
2013-05-21,6375.0,6375.0,6250.0,6250.0,4644.1787109375,10847000,0.0,0.0,yfinance_raw_daily
2013-05-22,6250.0,6450.0,6250.0,6275.0,4662.75634765625,13654000,0.0,0.0,yfinance_raw_daily
2013-05-23,6225.0,6350.0,5950.0,6200.0,4607.02490234375,8471000,0.0,0.0,yfinance_raw_daily
2013-05-24,6300.0,6350.0,6250.0,6300.0,4681.33203125,4999000,0.0,0.0,yfinance_raw_daily
2013-05-27,6175.0,6300.0,6150.0,6275.0,4662.75634765625,7038000,0.0,0.0,yfinance_raw_daily
2013-05-28,6275.0,6350.0,6150.0,6350.0,4718.4853515625,7725000,0.0,0.0,yfinance_raw_daily
2013-05-29,6350.0,6350.0,6150.0,6325.0,4699.908203125,21225000,0.0,0.0,yfinance_raw_daily
2013-05-30,6325.0,6375.0,6175.0,6375.0,4737.06201171875,13670000,0.0,0.0,yfinance_raw_daily
2013-05-31,6375.0,6700.0,6300.0,6550.0,4867.09912109375,112048000,0.0,0.0,yfinance_raw_daily
2013-06-03,6500.0,6500.0,6150.0,6300.0,4681.33203125,22824000,0.0,0.0,yfinance_raw_daily
2013-06-04,6325.0,6450.0,6175.0,6450.0,4792.79248046875,14435000,0.0,0.0,yfinance_raw_daily
2013-06-05,6500.0,6500.0,6225.0,6350.0,4718.4853515625,8146000,0.0,0.0,yfinance_raw_daily
2013-06-07,6350.0,6350.0,5950.0,5950.0,4421.25830078125,6,0.0,0.0,yfinance_raw_daily
2013-06-10,6000.0,6050.0,5525.0,5700.0,4235.49169921875,6,0.0,0.0,yfinance_raw_daily
2013-06-11,5925.0,5950.0,5300.0,5550.0,4124.03076171875,6,0.0,0.0,yfinance_raw_daily
2013-06-12,5575.0,5575.0,5350.0,5450.0,4049.724365234375,12070000,0.0,0.0,yfinance_raw_daily
2013-06-13,5400.0,5550.0,5300.0,5350.0,3975.41650390625,6531000,0.0,0.0,yfinance_raw_daily
2013-06-14,5550.0,6025.0,5325.0,5400.0,4012.5703125,17313000,0.0,0.0,yfinance_raw_daily
2013-06-17,5375.0,5400.0,5350.0,5400.0,4012.5703125,5104000,0.0,0.0,yfinance_raw_daily
2013-06-18,5400.0,5500.0,5375.0,5425.0,4031.147216796875,7143000,0.0,0.0,yfinance_raw_daily
2013-06-19,5500.0,5550.0,5400.0,5500.0,4086.876708984375,7344000,0.0,0.0,yfinance_raw_daily
2013-06-20,5425.0,5425.0,5325.0,5375.0,3993.992919921875,6842000,0.0,0.0,yfinance_raw_daily
2013-06-21,5350.0,5750.0,5100.0,5250.0,3901.1103515625,16361000,0.0,0.0,yfinance_raw_daily
2013-06-24,5325.0,5375.0,5150.0,5375.0,3993.992919921875,4180000,0.0,0.0,yfinance_raw_daily
2013-06-25,5325.0,5375.0,4925.0,5175.0,3845.379638671875,10093000,0.0,0.0,yfinance_raw_daily
2013-06-26,5250.0,5500.0,5250.0,5500.0,4086.876708984375,11272000,0.0,0.0,yfinance_raw_daily
2013-06-27,5750.0,5750.0,5575.0,5675.0,4216.91455078125,8086000,0.0,0.0,yfinance_raw_daily
2013-06-28,5700.0,6100.0,5675.0,6100.0,4532.71875,6,0.0,0.0,yfinance_raw_daily
2013-07-01,6250.0,6250.0,5875.0,6075.0,4514.14208984375,4188000,0.0,0.0,yfinance_raw_daily
2013-07-02,6075.0,6075.0,5725.0,5875.0,4365.52783203125,7169000,0.0,0.0,yfinance_raw_daily
2013-07-03,5950.0,5950.0,5475.0,5750.0,4272.64404296875,9399000,0.0,0.0,yfinance_raw_daily
2013-07-04,5550.0,5750.0,5450.0,5450.0,4049.724365234375,4966000,0.0,0.0,yfinance_raw_daily
2013-07-05,5600.0,5600.0,5475.0,5550.0,4124.03076171875,2704000,0.0,0.0,yfinance_raw_daily
2013-07-08,5550.0,5550.0,5175.0,5200.0,3863.95654296875,4554000,0.0,0.0,yfinance_raw_daily
2013-07-09,5275.0,5400.0,5200.0,5225.0,3882.532958984375,7260000,0.0,0.0,yfinance_raw_daily
2013-07-10,5375.0,5500.0,5325.0,5400.0,4012.5703125,7828000,0.0,0.0,yfinance_raw_daily
2013-07-11,5475.0,5575.0,5450.0,5475.0,4068.300048828125,14035000,0.0,0.0,yfinance_raw_daily
2013-07-12,5600.0,5650.0,5475.0,5500.0,4086.876708984375,7880000,0.0,0.0,yfinance_raw_daily
2013-07-15,5500.0,5575.0,5425.0,5575.0,4213.85986328125,5211000,93.0,0.0,yfinance_raw_daily
2013-07-16,5575.0,5650.0,5475.0,5500.0,4157.17041015625,2402000,0.0,0.0,yfinance_raw_daily
2013-07-17,5650.0,5800.0,5550.0,5625.0,4251.65185546875,9958000,0.0,0.0,yfinance_raw_daily
2013-07-18,5725.0,5900.0,5575.0,5625.0,4251.65185546875,10674000,0.0,0.0,yfinance_raw_daily
2013-07-19,5675.0,5675.0,5500.0,5500.0,4157.17041015625,3474000,0.0,0.0,yfinance_raw_daily
2013-07-22,5625.0,5700.0,5550.0,5550.0,4194.9638671875,3829000,0.0,0.0,yfinance_raw_daily
2013-07-23,5675.0,5700.0,5600.0,5700.0,4308.34130859375,4718000,0.0,0.0,yfinance_raw_daily
2013-07-24,5725.0,5800.0,5625.0,5725.0,4327.2373046875,5941000,0.0,0.0,yfinance_raw_daily
2013-07-25,5725.0,5725.0,5450.0,5675.0,4289.4453125,8371000,0.0,0.0,yfinance_raw_daily
2013-07-26,5625.0,5650.0,5525.0,5650.0,4270.548828125,2232000,0.0,0.0,yfinance_raw_daily
2013-07-29,5675.0,5675.0,5550.0,5575.0,4213.85986328125,2413000,0.0,0.0,yfinance_raw_daily
2013-07-30,5675.0,5750.0,5575.0,5600.0,4232.755859375,4267000,0.0,0.0,yfinance_raw_daily
2013-07-31,5750.0,5925.0,5550.0,5600.0,4232.755859375,9050000,0.0,0.0,yfinance_raw_daily
2013-08-01,5700.0,5750.0,5650.0,5750.0,4346.13330078125,6137000,0.0,0.0,yfinance_raw_daily
2013-08-02,5800.0,5800.0,5675.0,5775.0,4365.0302734375,2254000,0.0,0.0,yfinance_raw_daily
2013-08-12,5575.0,5825.0,5400.0,5450.0,4119.37890625,6111000,0.0,0.0,yfinance_raw_daily
2013-08-13,5450.0,5575.0,5425.0,5550.0,4194.9638671875,4724000,0.0,0.0,yfinance_raw_daily
2013-08-14,5550.0,5625.0,5525.0,5600.0,4232.755859375,1935000,0.0,0.0,yfinance_raw_daily
2013-08-15,5575.0,5650.0,5550.0,5625.0,4251.65185546875,2474000,0.0,0.0,yfinance_raw_daily
2013-08-16,5375.0,5500.0,5375.0,5425.0,4100.482421875,4197000,0.0,0.0,yfinance_raw_daily
2013-08-19,5400.0,5450.0,5025.0,5050.0,3817.039794921875,2992000,0.0,0.0,yfinance_raw_daily
2013-08-20,4800.0,4975.0,4400.0,4850.0,3665.86865234375,23126000,0.0,0.0,yfinance_raw_daily
2013-08-21,4850.0,5100.0,4725.0,4950.0,3741.454345703125,4712000,0.0,0.0,yfinance_raw_daily
2013-08-22,4800.0,5025.0,4700.0,4950.0,3741.454345703125,6854000,0.0,0.0,yfinance_raw_daily
2013-08-23,4950.0,5100.0,4875.0,5000.0,3779.246337890625,6135000,0.0,0.0,yfinance_raw_daily
2013-08-26,5100.0,5100.0,4925.0,4950.0,3741.454345703125,1971000,0.0,0.0,yfinance_raw_daily
2013-08-27,4750.0,4925.0,4550.0,4600.0,3476.906982421875,20740000,0.0,0.0,yfinance_raw_daily
2013-08-28,4450.0,4800.0,4350.0,4650.0,3514.699462890625,7614000,0.0,0.0,yfinance_raw_daily
2013-08-29,4650.0,5200.0,4650.0,5050.0,3817.039794921875,14562000,0.0,0.0,yfinance_raw_daily
2013-08-30,5075.0,5150.0,4950.0,5000.0,3779.246337890625,11314000,0.0,0.0,yfinance_raw_daily
2013-09-02,5000.0,5000.0,4700.0,4700.0,3552.49169921875,6732000,0.0,0.0,yfinance_raw_daily
2013-09-03,4675.0,4900.0,4675.0,4825.0,3646.97265625,4321000,0.0,0.0,yfinance_raw_daily
2013-09-04,4700.0,4775.0,4575.0,4625.0,3495.802734375,16254000,0.0,0.0,yfinance_raw_daily
2013-09-05,4600.0,4675.0,4450.0,4500.0,3401.32177734375,8503000,0.0,0.0,yfinance_raw_daily
2013-09-06,4450.0,4525.0,4450.0,4500.0,3401.32177734375,3824000,0.0,0.0,yfinance_raw_daily
2013-09-09,4550.0,4925.0,4500.0,4825.0,3646.97265625,9439000,0.0,0.0,yfinance_raw_daily
2013-09-10,4850.0,4925.0,4750.0,4850.0,3665.86865234375,10647000,0.0,0.0,yfinance_raw_daily
2013-09-11,4875.0,4900.0,4800.0,4900.0,3703.661865234375,5744000,0.0,0.0,yfinance_raw_daily
2013-09-12,4875.0,4975.0,4850.0,4875.0,3684.765869140625,6151000,0.0,0.0,yfinance_raw_daily
2013-09-13,4975.0,5300.0,4925.0,5250.0,3968.208984375,17086000,0.0,0.0,yfinance_raw_daily
2013-09-16,5300.0,5600.0,5300.0,5600.0,4232.755859375,11762000,0.0,0.0,yfinance_raw_daily
2013-09-17,5600.0,5700.0,5525.0,5700.0,4308.34130859375,6632000,0.0,0.0,yfinance_raw_daily
2013-09-18,5625.0,5700.0,5450.0,5600.0,4232.755859375,4275000,0.0,0.0,yfinance_raw_daily
2013-09-19,5775.0,6100.0,5600.0,5750.0,4346.13330078125,17414000,0.0,0.0,yfinance_raw_daily
2013-09-20,5750.0,5750.0,5475.0,5475.0,4138.2744140625,2758000,0.0,0.0,yfinance_raw_daily
2013-09-23,5400.0,5600.0,5300.0,5350.0,4043.79345703125,3209000,0.0,0.0,yfinance_raw_daily
2013-09-24,5375.0,5525.0,5250.0,5425.0,4100.482421875,3736000,0.0,0.0,yfinance_raw_daily
2013-09-25,5100.0,5425.0,5025.0,5125.0,3873.72802734375,4586000,0.0,0.0,yfinance_raw_daily
2013-09-26,5025.0,5350.0,5025.0,5100.0,3854.830810546875,4216000,0.0,0.0,yfinance_raw_daily
2013-09-27,5150.0,5400.0,5150.0,5325.0,4024.897216796875,2853000,0.0,0.0,yfinance_raw_daily
2013-09-30,5125.0,5375.0,5100.0,5125.0,3873.72802734375,4037000,0.0,0.0,yfinance_raw_daily
2013-10-01,5100.0,5325.0,5100.0,5225.0,3949.312255859375,2331000,0.0,0.0,yfinance_raw_daily
2013-10-02,5125.0,5300.0,5125.0,5300.0,4006.00146484375,2301000,0.0,0.0,yfinance_raw_daily
2013-10-03,5350.0,5450.0,5350.0,5400.0,4081.5859375,2414000,0.0,0.0,yfinance_raw_daily
2013-10-04,5350.0,5425.0,5150.0,5175.0,3911.519775390625,4088000,0.0,0.0,yfinance_raw_daily
2013-10-07,5200.0,5250.0,5175.0,5175.0,3911.519775390625,2055000,0.0,0.0,yfinance_raw_daily
2013-10-08,5225.0,5350.0,5175.0,5300.0,4006.00146484375,6721000,0.0,0.0,yfinance_raw_daily
2013-10-09,5275.0,5525.0,5175.0,5525.0,4176.0673828125,11269000,0.0,0.0,yfinance_raw_daily
2013-10-10,5525.0,5625.0,5475.0,5475.0,4138.2744140625,7373000,0.0,0.0,yfinance_raw_daily
2013-10-11,5525.0,5575.0,5475.0,5550.0,4194.9638671875,7311000,0.0,0.0,yfinance_raw_daily
2013-10-16,5550.0,5625.0,5500.0,5600.0,4232.755859375,7391000,0.0,0.0,yfinance_raw_daily
2013-10-17,5650.0,5675.0,5500.0,5575.0,4213.85986328125,6211000,0.0,0.0,yfinance_raw_daily
2013-10-18,5525.0,5575.0,5375.0,5500.0,4157.17041015625,5727000,0.0,0.0,yfinance_raw_daily
2013-10-21,5475.0,5600.0,5475.0,5575.0,4213.85986328125,8188000,0.0,0.0,yfinance_raw_daily
2013-10-22,5625.0,5625.0,5475.0,5500.0,4157.17041015625,3314000,0.0,0.0,yfinance_raw_daily
2013-10-23,5600.0,5600.0,5475.0,5475.0,4138.2744140625,5639000,0.0,0.0,yfinance_raw_daily
2013-10-24,5450.0,5525.0,5450.0,5525.0,4176.0673828125,5161000,0.0,0.0,yfinance_raw_daily
2013-10-25,5550.0,5700.0,5550.0,5600.0,4232.755859375,4704000,0.0,0.0,yfinance_raw_daily
2013-10-28,5650.0,5750.0,5650.0,5700.0,4308.34130859375,7311000,0.0,0.0,yfinance_raw_daily
2013-10-29,5750.0,5750.0,5475.0,5600.0,4232.755859375,9621000,0.0,0.0,yfinance_raw_daily
2013-10-30,5550.0,5600.0,5400.0,5525.0,4176.0673828125,8049000,0.0,0.0,yfinance_raw_daily
2013-10-31,5500.0,5600.0,5400.0,5600.0,4232.755859375,10069000,0.0,0.0,yfinance_raw_daily
2013-11-01,5500.0,5650.0,5400.0,5400.0,4081.5859375,7474000,0.0,0.0,yfinance_raw_daily
2013-11-04,5350.0,5475.0,5300.0,5425.0,4100.482421875,1979000,0.0,0.0,yfinance_raw_daily
2013-11-06,5425.0,5450.0,5350.0,5425.0,4100.482421875,4693000,0.0,0.0,yfinance_raw_daily
2013-11-07,5425.0,5575.0,5425.0,5450.0,4119.37890625,3380000,0.0,0.0,yfinance_raw_daily
2013-11-08,5400.0,5500.0,5400.0,5450.0,4119.37890625,3111000,0.0,0.0,yfinance_raw_daily
2013-11-11,5375.0,5425.0,5300.0,5325.0,4024.897216796875,5807000,0.0,0.0,yfinance_raw_daily
2013-11-12,5325.0,5350.0,5050.0,5150.0,3892.624267578125,6148000,0.0,0.0,yfinance_raw_daily
2013-11-13,5150.0,5150.0,4950.0,5000.0,3779.246337890625,10360000,0.0,0.0,yfinance_raw_daily
2013-11-14,5050.0,5225.0,5050.0,5125.0,3873.72802734375,3577000,0.0,0.0,yfinance_raw_daily
2013-11-15,5150.0,5225.0,4975.0,4975.0,3760.35009765625,6542000,0.0,0.0,yfinance_raw_daily
2013-11-18,5100.0,5200.0,5075.0,5175.0,3911.519775390625,6956000,0.0,0.0,yfinance_raw_daily
2013-11-19,5175.0,5200.0,5000.0,5075.0,3835.93505859375,10183000,0.0,0.0,yfinance_raw_daily
2013-11-20,5175.0,5325.0,5125.0,5200.0,3930.416015625,17163000,0.0,0.0,yfinance_raw_daily
2013-11-21,5200.0,5200.0,5075.0,5125.0,3873.72802734375,6011000,0.0,0.0,yfinance_raw_daily
2013-11-22,5125.0,5150.0,5075.0,5150.0,3892.624267578125,1601000,0.0,0.0,yfinance_raw_daily
2013-11-25,5150.0,5175.0,5100.0,5150.0,3892.624267578125,786000,0.0,0.0,yfinance_raw_daily
2013-11-26,5100.0,5125.0,5000.0,5125.0,3873.72802734375,7261000,0.0,0.0,yfinance_raw_daily
2013-11-27,5200.0,5200.0,4950.0,5000.0,3779.246337890625,12488000,0.0,0.0,yfinance_raw_daily
2013-11-28,5025.0,5025.0,4925.0,4950.0,3741.454345703125,3252000,0.0,0.0,yfinance_raw_daily
2013-11-29,4950.0,5000.0,4875.0,5000.0,3779.246337890625,6636000,0.0,0.0,yfinance_raw_daily
2013-12-02,4900.0,5100.0,4900.0,5100.0,3854.830810546875,4840000,0.0,0.0,yfinance_raw_daily
2013-12-03,5100.0,5100.0,5000.0,5100.0,3854.830810546875,1797000,0.0,0.0,yfinance_raw_daily
2013-12-04,5100.0,5100.0,4950.0,4950.0,3741.454345703125,2471000,0.0,0.0,yfinance_raw_daily
2013-12-05,4975.0,4975.0,4875.0,4950.0,3741.454345703125,2682000,0.0,0.0,yfinance_raw_daily
2013-12-06,4950.0,4950.0,4825.0,4850.0,3665.86865234375,4696000,0.0,0.0,yfinance_raw_daily
2013-12-09,4925.0,4950.0,4775.0,4900.0,3703.661865234375,8195000,0.0,0.0,yfinance_raw_daily
2013-12-10,4950.0,5100.0,4900.0,5100.0,3854.830810546875,6148000,0.0,0.0,yfinance_raw_daily
2013-12-11,5100.0,5100.0,4950.0,5025.0,3798.141845703125,5776000,0.0,0.0,yfinance_raw_daily
2013-12-12,5025.0,5050.0,4950.0,5000.0,3779.246337890625,2208000,0.0,0.0,yfinance_raw_daily
2013-12-13,5025.0,5025.0,4950.0,4950.0,3741.454345703125,2679000,0.0,0.0,yfinance_raw_daily
2013-12-16,5025.0,5025.0,4875.0,4925.0,3722.5576171875,1445000,0.0,0.0,yfinance_raw_daily
2013-12-17,5000.0,5075.0,4950.0,5025.0,3798.141845703125,4383000,0.0,0.0,yfinance_raw_daily
2013-12-18,5050.0,5100.0,4975.0,5075.0,3835.93505859375,3232000,0.0,0.0,yfinance_raw_daily
2013-12-19,5100.0,5125.0,5050.0,5100.0,3854.830810546875,4193000,0.0,0.0,yfinance_raw_daily
2013-12-20,5075.0,5100.0,5025.0,5025.0,3798.141845703125,4286000,0.0,0.0,yfinance_raw_daily
2013-12-23,5100.0,5100.0,4900.0,5075.0,3835.93505859375,4750000,0.0,0.0,yfinance_raw_daily
2013-12-24,4975.0,5100.0,4975.0,5050.0,3817.039794921875,596000,0.0,0.0,yfinance_raw_daily
2013-12-27,5050.0,5100.0,5050.0,5075.0,3835.93505859375,933000,0.0,0.0,yfinance_raw_daily
2013-12-30,5125.0,5150.0,5025.0,5100.0,3854.830810546875,2121000,0.0,0.0,yfinance_raw_daily
2014-01-02,5100.0,5225.0,5100.0,5225.0,3949.312255859375,2562000,0.0,0.0,yfinance_raw_daily
2014-01-03,5150.0,5150.0,5075.0,5100.0,3854.830810546875,2257000,0.0,0.0,yfinance_raw_daily
2014-01-06,5225.0,5225.0,5000.0,5062.5,3826.48681640625,3201600,0.0,0.0,yfinance_raw_daily
2014-01-07,5062.5,5100.0,5037.5,5050.0,3817.039794921875,7844200,0.0,0.0,yfinance_raw_daily
2014-01-08,5025.0,5050.0,4987.5,5037.5,3807.59033203125,4775200,0.0,0.0,yfinance_raw_daily
2014-01-09,5037.5,5062.5,4975.0,4987.5,3769.798095703125,5728200,0.0,0.0,yfinance_raw_daily
2014-01-10,4975.0,5037.5,4950.0,5000.0,3779.246337890625,4425400,0.0,0.0,yfinance_raw_daily
2014-01-13,5000.0,5100.0,5000.0,5075.0,3835.93505859375,7508600,0.0,0.0,yfinance_raw_daily
2014-01-15,5075.0,5387.5,5050.0,5375.0,4062.689208984375,13773200,0.0,0.0,yfinance_raw_daily
2014-01-16,5425.0,5512.5,5275.0,5425.0,4100.482421875,12497200,0.0,0.0,yfinance_raw_daily
2014-01-17,5337.5,5500.0,5325.0,5462.5,4128.82666015625,3395600,0.0,0.0,yfinance_raw_daily
2014-01-20,5400.0,5537.5,5400.0,5487.5,4147.72314453125,3272600,0.0,0.0,yfinance_raw_daily
2014-01-21,5537.5,5550.0,5512.5,5550.0,4194.9638671875,3233200,0.0,0.0,yfinance_raw_daily
2014-01-22,5550.0,5800.0,5550.0,5800.0,4383.92529296875,14898600,0.0,0.0,yfinance_raw_daily
2014-01-23,5750.0,5850.0,5525.0,5650.0,4270.548828125,6863400,0.0,0.0,yfinance_raw_daily
2014-01-24,5600.0,5675.0,5600.0,5600.0,4232.755859375,4464400,0.0,0.0,yfinance_raw_daily
2014-01-27,5375.0,5450.0,5275.0,5425.0,4100.482421875,4168400,0.0,0.0,yfinance_raw_daily
2014-01-28,5400.0,5450.0,5312.5,5337.5,4034.346435546875,7568000,0.0,0.0,yfinance_raw_daily
2014-01-29,5425.0,5600.0,5400.0,5600.0,4232.755859375,5665600,0.0,0.0,yfinance_raw_daily
2014-01-30,5500.0,5525.0,5412.5,5500.0,4157.17041015625,6930600,0.0,0.0,yfinance_raw_daily
2014-02-03,5225.0,5437.5,5225.0,5362.5,4053.241455078125,7804600,0.0,0.0,yfinance_raw_daily
2014-02-04,5387.5,5537.5,5262.5,5387.5,4072.13818359375,9795000,0.0,0.0,yfinance_raw_daily
2014-02-05,5387.5,5487.5,5375.0,5487.5,4147.72314453125,2962800,0.0,0.0,yfinance_raw_daily
2014-02-06,5487.5,5550.0,5437.5,5550.0,4194.9638671875,3523800,0.0,0.0,yfinance_raw_daily
2014-02-07,5550.0,5575.0,5487.5,5575.0,4213.85986328125,6830400,0.0,0.0,yfinance_raw_daily
2014-02-10,5575.0,5600.0,5500.0,5550.0,4194.9638671875,4046200,0.0,0.0,yfinance_raw_daily
2014-02-11,5475.0,5550.0,5462.5,5525.0,4176.0673828125,6152600,0.0,0.0,yfinance_raw_daily
2014-02-12,5550.0,5550.0,5462.5,5475.0,4138.2744140625,4548800,0.0,0.0,yfinance_raw_daily
2014-02-13,5500.0,5500.0,5425.0,5462.5,4128.82666015625,4746800,0.0,0.0,yfinance_raw_daily
2014-02-14,5475.0,5475.0,5425.0,5437.5,4109.93017578125,3877400,0.0,0.0,yfinance_raw_daily
2014-02-17,5475.0,5487.5,5375.0,5400.0,4081.5859375,11324600,0.0,0.0,yfinance_raw_daily
2014-02-18,5437.5,5437.5,5325.0,5350.0,4043.79345703125,9191800,0.0,0.0,yfinance_raw_daily
2014-02-19,5350.0,5400.0,5337.5,5400.0,4081.5859375,8038400,0.0,0.0,yfinance_raw_daily
2014-02-20,5387.5,5437.5,5387.5,5387.5,4072.13818359375,12535800,0.0,0.0,yfinance_raw_daily
2014-02-21,5400.0,5475.0,5400.0,5450.0,4119.37890625,9908800,0.0,0.0,yfinance_raw_daily
2014-02-24,5475.0,5600.0,5425.0,5600.0,4232.755859375,9266400,0.0,0.0,yfinance_raw_daily
2014-02-25,5625.0,5675.0,5600.0,5625.0,4251.65185546875,9487200,0.0,0.0,yfinance_raw_daily
2014-02-26,5350.0,5612.5,5350.0,5450.0,4119.37890625,5652200,0.0,0.0,yfinance_raw_daily
2014-02-27,5450.0,5575.0,5450.0,5500.0,4157.17041015625,3348600,0.0,0.0,yfinance_raw_daily
2014-02-28,5500.0,5600.0,5500.0,5587.5,4223.30810546875,5782000,0.0,0.0,yfinance_raw_daily
2014-03-03,5512.5,5637.5,5512.5,5562.5,4204.412109375,7127800,0.0,0.0,yfinance_raw_daily
2014-03-04,5550.0,5550.0,5412.5,5462.5,4128.82666015625,10119000,0.0,0.0,yfinance_raw_daily
2014-03-05,5475.0,5512.5,5462.5,5475.0,4138.2744140625,4166200,0.0,0.0,yfinance_raw_daily
2014-03-06,5475.0,5500.0,5450.0,5462.5,4128.82666015625,4067600,0.0,0.0,yfinance_raw_daily
2014-03-07,5462.5,5500.0,5450.0,5450.0,4119.37890625,7553200,0.0,0.0,yfinance_raw_daily
2014-03-10,5425.0,5450.0,5412.5,5437.5,4109.93017578125,4009000,0.0,0.0,yfinance_raw_daily
2014-03-11,5487.5,5500.0,5412.5,5500.0,4157.17041015625,4519600,0.0,0.0,yfinance_raw_daily
2014-03-12,5475.0,5500.0,5437.5,5500.0,4157.17041015625,4186400,0.0,0.0,yfinance_raw_daily
2014-03-13,5500.0,5562.5,5487.5,5512.5,4166.619140625,6981600,0.0,0.0,yfinance_raw_daily
2014-03-14,5450.0,5600.0,5425.0,5550.0,4194.9638671875,7815400,0.0,0.0,yfinance_raw_daily
2014-03-17,5625.0,5650.0,5475.0,5575.0,4213.85986328125,12145400,0.0,0.0,yfinance_raw_daily
2014-03-18,5587.5,5587.5,5425.0,5425.0,4100.482421875,10681400,0.0,0.0,yfinance_raw_daily
2014-03-19,5487.5,5487.5,5412.5,5412.5,4091.03466796875,6126200,0.0,0.0,yfinance_raw_daily
2014-03-20,5412.5,5412.5,5300.0,5400.0,4081.5859375,8429200,0.0,0.0,yfinance_raw_daily
2014-03-21,5425.0,5487.5,5400.0,5487.5,4147.72314453125,4930600,0.0,0.0,yfinance_raw_daily
2014-03-24,5437.5,5437.5,5012.5,5100.0,3854.830810546875,35546000,0.0,0.0,yfinance_raw_daily
2014-03-25,5100.0,5100.0,4975.0,5000.0,3779.246337890625,17822400,0.0,0.0,yfinance_raw_daily
2014-03-26,5012.5,5062.5,5012.5,5025.0,3798.141845703125,16218000,0.0,0.0,yfinance_raw_daily
2014-03-27,5050.0,5100.0,5037.5,5075.0,3835.93505859375,14094400,0.0,0.0,yfinance_raw_daily
2014-03-28,5100.0,5125.0,5050.0,5050.0,3817.039794921875,9711200,0.0,0.0,yfinance_raw_daily
2014-04-01,5125.0,5137.5,5025.0,5037.5,3807.59033203125,21835400,0.0,0.0,yfinance_raw_daily
2014-04-02,5050.0,5075.0,5000.0,5000.0,3779.246337890625,14986000,0.0,0.0,yfinance_raw_daily
2014-04-03,5000.0,5037.5,4975.0,5025.0,3798.141845703125,8371200,0.0,0.0,yfinance_raw_daily
2014-04-04,5000.0,5025.0,4987.5,5000.0,3779.246337890625,7987000,0.0,0.0,yfinance_raw_daily
2014-04-07,4962.5,5050.0,4962.5,5037.5,3807.59033203125,9361400,0.0,0.0,yfinance_raw_daily
2014-04-08,5025.0,5025.0,4975.0,5000.0,3779.246337890625,22440000,0.0,0.0,yfinance_raw_daily
2014-04-09,5000.0,5000.0,5000.0,5000.0,3779.246337890625,0,0.0,0.0,yfinance_raw_daily
2014-04-10,5025.0,5025.0,4962.5,4962.5,3750.90234375,20775400,0.0,0.0,yfinance_raw_daily
2014-04-11,4925.0,5000.0,4900.0,4962.5,3750.90234375,10557200,0.0,0.0,yfinance_raw_daily
2014-04-14,4962.5,5012.5,4962.5,5000.0,3779.246337890625,4111600,0.0,0.0,yfinance_raw_daily
2014-04-15,5000.0,5050.0,4987.5,5025.0,3798.141845703125,8950600,0.0,0.0,yfinance_raw_daily
2014-04-16,4987.5,5012.5,4987.5,4987.5,3769.798095703125,12954000,0.0,0.0,yfinance_raw_daily
2014-04-17,4987.5,5012.5,4975.0,4987.5,3769.798095703125,17463000,0.0,0.0,yfinance_raw_daily
2014-04-21,5012.5,5012.5,4987.5,4987.5,3769.798095703125,4161400,0.0,0.0,yfinance_raw_daily
2014-04-22,4987.5,5000.0,4987.5,4987.5,3769.798095703125,4689600,0.0,0.0,yfinance_raw_daily
2014-04-23,5000.0,5025.0,4987.5,5000.0,3779.246337890625,6639400,0.0,0.0,yfinance_raw_daily
2014-04-24,5000.0,5012.5,4987.5,5000.0,3779.246337890625,5387600,0.0,0.0,yfinance_raw_daily
2014-04-25,5000.0,5000.0,4987.5,4987.5,3769.798095703125,8396000,0.0,0.0,yfinance_raw_daily
2014-04-28,5000.0,5012.5,4962.5,5000.0,3779.246337890625,13411200,0.0,0.0,yfinance_raw_daily
2014-04-29,4975.0,5025.0,4975.0,5000.0,3779.246337890625,8513800,0.0,0.0,yfinance_raw_daily
2014-04-30,5050.0,5050.0,4975.0,5000.0,3779.246337890625,4727400,0.0,0.0,yfinance_raw_daily
2014-05-02,5000.0,5000.0,4975.0,4987.5,3769.798095703125,1632600,0.0,0.0,yfinance_raw_daily
2014-05-05,4962.5,5000.0,4962.5,4987.5,3769.798095703125,2654600,0.0,0.0,yfinance_raw_daily
2014-05-06,4975.0,5000.0,4975.0,4987.5,3769.798095703125,6269400,0.0,0.0,yfinance_raw_daily
2014-05-07,4987.5,5000.0,4962.5,5000.0,3779.246337890625,6725000,0.0,0.0,yfinance_raw_daily
2014-05-08,4987.5,5000.0,4975.0,4987.5,3769.798095703125,5155400,0.0,0.0,yfinance_raw_daily
2014-05-09,4975.0,5000.0,4975.0,4987.5,3769.798095703125,2796200,0.0,0.0,yfinance_raw_daily
2014-05-12,5000.0,5000.0,4962.5,4975.0,3760.35009765625,7110000,0.0,0.0,yfinance_raw_daily
2014-05-13,5000.0,5012.5,4975.0,5000.0,3779.246337890625,2737600,0.0,0.0,yfinance_raw_daily
2014-05-14,5012.5,5162.5,5012.5,5150.0,3892.624267578125,11909000,0.0,0.0,yfinance_raw_daily
2014-05-16,5150.0,5187.5,5125.0,5162.5,3902.0732421875,7314200,0.0,0.0,yfinance_raw_daily
2014-05-19,5112.5,5200.0,5050.0,5112.5,3864.278564453125,10622000,0.0,0.0,yfinance_raw_daily
2014-05-20,4987.5,5087.5,4987.5,4987.5,3769.798095703125,11353000,0.0,0.0,yfinance_raw_daily
2014-05-21,5025.0,5037.5,4987.5,5025.0,3798.141845703125,4756800,0.0,0.0,yfinance_raw_daily
2014-05-22,4987.5,5050.0,4987.5,4987.5,3769.798095703125,4609600,0.0,0.0,yfinance_raw_daily
2014-05-23,5100.0,5100.0,4987.5,5100.0,3854.830810546875,5080200,0.0,0.0,yfinance_raw_daily
2014-05-26,5087.5,5087.5,5037.5,5087.5,3845.383056640625,759800,0.0,0.0,yfinance_raw_daily
2014-05-28,5137.5,5162.5,5087.5,5137.5,3883.17578125,4953200,0.0,0.0,yfinance_raw_daily
2014-05-30,5100.0,5162.5,5075.0,5100.0,3854.830810546875,6147000,0.0,0.0,yfinance_raw_daily
2014-06-02,5037.5,5087.5,5000.0,5037.5,3807.59033203125,2745000,0.0,0.0,yfinance_raw_daily
2014-06-03,5037.5,5100.0,5012.5,5037.5,3807.59033203125,13575000,0.0,0.0,yfinance_raw_daily
2014-06-04,5100.0,5112.5,5037.5,5100.0,3854.830810546875,3756800,0.0,0.0,yfinance_raw_daily
2014-06-05,5087.5,5087.5,5025.0,5050.0,3817.039794921875,2980000,0.0,0.0,yfinance_raw_daily
2014-06-06,5050.0,5062.5,5012.5,5050.0,3817.039794921875,5983600,0.0,0.0,yfinance_raw_daily
2014-06-09,5012.5,5050.0,4987.5,5012.5,3788.694580078125,2326200,0.0,0.0,yfinance_raw_daily
2014-06-10,5100.0,5100.0,5012.5,5100.0,3854.830810546875,2746000,0.0,0.0,yfinance_raw_daily
2014-06-11,5100.0,5100.0,5062.5,5100.0,3854.830810546875,4379200,0.0,0.0,yfinance_raw_daily
2014-06-12,5100.0,5100.0,5075.0,5100.0,3854.830810546875,2900400,0.0,0.0,yfinance_raw_daily
2014-06-13,5112.5,5137.5,5062.5,5112.5,3864.278564453125,1813400,0.0,0.0,yfinance_raw_daily
2014-06-16,5000.0,5112.5,5000.0,5000.0,3779.246337890625,4835000,0.0,0.0,yfinance_raw_daily
2014-06-17,5000.0,5037.5,4975.0,5000.0,3779.246337890625,3686400,0.0,0.0,yfinance_raw_daily
2014-06-18,5000.0,5012.5,4975.0,5000.0,3779.246337890625,3187000,0.0,0.0,yfinance_raw_daily
2014-06-19,5050.0,5050.0,4987.5,5050.0,3817.039794921875,4086800,0.0,0.0,yfinance_raw_daily
2014-06-20,5050.0,5062.5,4987.5,5050.0,3817.039794921875,2738600,0.0,0.0,yfinance_raw_daily
2014-06-23,4987.5,5050.0,4987.5,4987.5,3769.798095703125,2087600,0.0,0.0,yfinance_raw_daily
2014-06-24,5000.0,5025.0,4987.5,5000.0,3779.246337890625,2890600,0.0,0.0,yfinance_raw_daily
2014-06-25,4987.5,5000.0,4975.0,4987.5,3769.798095703125,2786800,0.0,0.0,yfinance_raw_daily
2014-06-26,5000.0,5012.5,4975.0,5000.0,3779.246337890625,1697600,0.0,0.0,yfinance_raw_daily
2014-06-27,4950.0,5000.0,4937.5,4950.0,3741.454345703125,3337400,0.0,0.0,yfinance_raw_daily
2014-06-30,5000.0,5025.0,4937.5,5000.0,3779.246337890625,2006400,0.0,0.0,yfinance_raw_daily
2014-07-01,5037.5,5037.5,4975.0,5037.5,3807.59033203125,898600,0.0,0.0,yfinance_raw_daily
2014-07-02,5112.5,5125.0,5000.0,5112.5,3864.278564453125,12830000,0.0,0.0,yfinance_raw_daily
2014-07-03,5075.0,5137.5,5062.5,5075.0,3835.93505859375,5032800,0.0,0.0,yfinance_raw_daily
2014-07-04,5037.5,5100.0,5012.5,5037.5,3807.59033203125,1480400,0.0,0.0,yfinance_raw_daily
2014-07-07,5112.5,5125.0,5050.0,5112.5,3864.278564453125,5938600,0.0,0.0,yfinance_raw_daily
2014-07-08,5112.5,5125.0,5087.5,5112.5,3864.278564453125,3526400,0.0,0.0,yfinance_raw_daily
2014-07-09,5112.5,5112.5,5112.5,5112.5,3864.278564453125,0,0.0,0.0,yfinance_raw_daily
2014-07-10,5175.0,5187.5,5125.0,5175.0,3911.519775390625,17984200,0.0,0.0,yfinance_raw_daily
2014-07-11,5037.5,5100.0,5000.0,5037.5,3878.795166015625,4949800,95.0,0.0,yfinance_raw_daily
2014-07-14,5012.5,5075.0,5000.0,5012.5,3859.546630859375,2178200,0.0,0.0,yfinance_raw_daily
2014-07-15,4987.5,5050.0,4975.0,4987.5,3840.296875,6349400,0.0,0.0,yfinance_raw_daily
2014-07-16,5250.0,5250.0,4975.0,5250.0,4042.417236328125,37033200,0.0,0.0,yfinance_raw_daily
2014-07-17,5250.0,5262.5,5200.0,5250.0,4042.417236328125,15307200,0.0,0.0,yfinance_raw_daily
2014-07-18,5237.5,5275.0,5200.0,5237.5,4032.792236328125,2340800,0.0,0.0,yfinance_raw_daily
2014-07-21,5250.0,5287.5,5237.5,5250.0,4042.417236328125,14979400,0.0,0.0,yfinance_raw_daily
2014-07-22,5225.0,5275.0,5100.0,5225.0,4023.16796875,9901800,0.0,0.0,yfinance_raw_daily
2014-07-23,5262.5,5275.0,5250.0,5262.5,4052.04248046875,5421600,0.0,0.0,yfinance_raw_daily
2014-07-24,5237.5,5287.5,5212.5,5237.5,4032.792236328125,1602600,0.0,0.0,yfinance_raw_daily
2014-07-25,5225.0,5287.5,5150.0,5225.0,4023.16796875,2433600,0.0,0.0,yfinance_raw_daily
2014-08-04,5300.0,5300.0,5237.5,5300.0,4080.91650390625,14782800,0.0,0.0,yfinance_raw_daily
2014-08-05,5275.0,5325.0,5262.5,5275.0,4061.66650390625,10967200,0.0,0.0,yfinance_raw_daily
2014-08-06,5175.0,5250.0,5150.0,5175.0,3984.668212890625,3202200,0.0,0.0,yfinance_raw_daily
2014-08-07,5237.5,5262.5,5175.0,5237.5,4032.792236328125,2677800,0.0,0.0,yfinance_raw_daily
2014-08-08,5175.0,5237.5,5175.0,5175.0,3984.668212890625,3522600,0.0,0.0,yfinance_raw_daily
2014-08-11,5187.5,5300.0,5175.0,5187.5,3994.294189453125,5012800,0.0,0.0,yfinance_raw_daily
2014-08-12,5187.5,5262.5,5187.5,5187.5,3994.294189453125,3760000,0.0,0.0,yfinance_raw_daily
2014-08-13,5250.0,5287.5,5225.0,5250.0,4042.417236328125,7770600,0.0,0.0,yfinance_raw_daily
2014-08-14,5225.0,5287.5,5225.0,5225.0,4023.16796875,5224000,0.0,0.0,yfinance_raw_daily
2014-08-15,5237.5,5275.0,5200.0,5237.5,4032.792236328125,503000,0.0,0.0,yfinance_raw_daily
2014-08-18,5225.0,5262.5,5125.0,5225.0,4023.16796875,3109800,0.0,0.0,yfinance_raw_daily
2014-08-19,5112.5,5225.0,5087.5,5112.5,3936.544189453125,5265000,0.0,0.0,yfinance_raw_daily
2014-08-20,5137.5,5162.5,5100.0,5137.5,3955.79345703125,2306800,0.0,0.0,yfinance_raw_daily
2014-08-21,5125.0,5162.5,5075.0,5125.0,3946.16943359375,3741200,0.0,0.0,yfinance_raw_daily
2014-08-22,5050.0,5162.5,5050.0,5050.0,3888.42041015625,3295000,0.0,0.0,yfinance_raw_daily
2014-08-25,5150.0,5162.5,5050.0,5150.0,3965.419677734375,6053600,0.0,0.0,yfinance_raw_daily
2014-08-26,5137.5,5150.0,5100.0,5137.5,3955.79345703125,4903800,0.0,0.0,yfinance_raw_daily
2014-08-27,5250.0,5300.0,5162.5,5250.0,4042.417236328125,29981000,0.0,0.0,yfinance_raw_daily
2014-08-28,5275.0,5300.0,5250.0,5275.0,4061.66650390625,10522000,0.0,0.0,yfinance_raw_daily
2014-08-29,5250.0,5300.0,5250.0,5250.0,4042.417236328125,6834200,0.0,0.0,yfinance_raw_daily
2014-09-01,5450.0,5450.0,5250.0,5450.0,4196.41455078125,12224800,0.0,0.0,yfinance_raw_daily
2014-09-02,5450.0,5450.0,5387.5,5450.0,4196.41455078125,8867600,0.0,0.0,yfinance_raw_daily
2014-09-03,5475.0,5487.5,5437.5,5475.0,4215.6640625,6550000,0.0,0.0,yfinance_raw_daily
2014-09-04,5450.0,5475.0,5437.5,5450.0,4196.41455078125,2898800,0.0,0.0,yfinance_raw_daily
2014-09-05,5450.0,5475.0,5437.5,5450.0,4196.41455078125,1489400,0.0,0.0,yfinance_raw_daily
2014-09-08,5487.5,5500.0,5437.5,5487.5,4225.2890625,2702600,0.0,0.0,yfinance_raw_daily
2014-09-09,5425.0,5450.0,5350.0,5425.0,4177.1650390625,1683800,0.0,0.0,yfinance_raw_daily
2014-09-10,5387.5,5425.0,5300.0,5387.5,4148.2900390625,3372800,0.0,0.0,yfinance_raw_daily
2014-09-11,5325.0,5437.5,5325.0,5325.0,4100.166015625,2607600,0.0,0.0,yfinance_raw_daily
2014-09-12,5637.5,5700.0,5362.5,5637.5,4340.7861328125,13533400,0.0,0.0,yfinance_raw_daily
2014-09-15,5625.0,5637.5,5512.5,5625.0,4331.1611328125,3514800,0.0,0.0,yfinance_raw_daily
2014-09-16,5487.5,5650.0,5487.5,5487.5,4225.2890625,7335600,0.0,0.0,yfinance_raw_daily
2014-09-17,5600.0,5612.5,5525.0,5600.0,4311.912109375,3868800,0.0,0.0,yfinance_raw_daily
2014-09-18,5612.5,5650.0,5525.0,5612.5,4321.53662109375,2280000,0.0,0.0,yfinance_raw_daily
2014-09-19,5650.0,5700.0,5625.0,5650.0,4350.4111328125,8227600,0.0,0.0,yfinance_raw_daily
2014-09-22,5600.0,5687.5,5575.0,5600.0,4311.912109375,2251600,0.0,0.0,yfinance_raw_daily
2014-09-23,5412.5,5575.0,5412.5,5412.5,4167.5400390625,7547600,0.0,0.0,yfinance_raw_daily
2014-09-24,5500.0,5637.5,5412.5,5500.0,4234.9130859375,3419800,0.0,0.0,yfinance_raw_daily
2014-09-25,5575.0,5650.0,5512.5,5575.0,4292.66259765625,1001000,0.0,0.0,yfinance_raw_daily
2014-09-26,5650.0,5650.0,5425.0,5650.0,4350.4111328125,9514600,0.0,0.0,yfinance_raw_daily
2014-09-29,5675.0,5675.0,5525.0,5675.0,4369.66015625,2485000,0.0,0.0,yfinance_raw_daily
2014-09-30,5675.0,5700.0,5537.5,5675.0,4369.66015625,3073000,0.0,0.0,yfinance_raw_daily
2014-10-01,5600.0,5675.0,5550.0,5600.0,4311.912109375,1214800,0.0,0.0,yfinance_raw_daily
2014-10-02,5375.0,5587.5,5350.0,5375.0,4138.66552734375,5091800,0.0,0.0,yfinance_raw_daily
2014-10-03,5475.0,5500.0,5375.0,5475.0,4215.6640625,4474600,0.0,0.0,yfinance_raw_daily
2014-10-06,5462.5,5600.0,5400.0,5462.5,4206.0390625,954200,0.0,0.0,yfinance_raw_daily
2014-10-07,5425.0,5562.5,5250.0,5425.0,4177.1650390625,4134600,0.0,0.0,yfinance_raw_daily
2014-10-08,5300.0,5487.5,5300.0,5300.0,4080.91650390625,2373800,0.0,0.0,yfinance_raw_daily
2014-10-09,5537.5,5537.5,5362.5,5537.5,4263.78662109375,3284000,0.0,0.0,yfinance_raw_daily
2014-10-10,5550.0,5575.0,5412.5,5550.0,4273.4130859375,3419600,0.0,0.0,yfinance_raw_daily
2014-10-13,5512.5,5525.0,5475.0,5512.5,4244.5380859375,2295400,0.0,0.0,yfinance_raw_daily
2014-10-14,5512.5,5562.5,5500.0,5512.5,4244.5380859375,4707400,0.0,0.0,yfinance_raw_daily
2014-10-15,5700.0,5712.5,5525.0,5700.0,4388.91015625,8935800,0.0,0.0,yfinance_raw_daily
2014-10-16,5662.5,5712.5,5525.0,5662.5,4360.037109375,7747800,0.0,0.0,yfinance_raw_daily
2014-10-17,5700.0,5787.5,5600.0,5700.0,4388.91015625,16639400,0.0,0.0,yfinance_raw_daily
2014-10-20,5500.0,5750.0,5500.0,5500.0,4234.9130859375,4003000,0.0,0.0,yfinance_raw_daily
2014-10-21,5662.5,5675.0,5537.5,5662.5,4360.037109375,1272600,0.0,0.0,yfinance_raw_daily
2014-10-22,5587.5,5700.0,5587.5,5587.5,4302.287109375,2806800,0.0,0.0,yfinance_raw_daily
2014-10-23,5687.5,5712.5,5600.0,5687.5,4379.2861328125,5304200,0.0,0.0,yfinance_raw_daily
2014-10-24,5700.0,5725.0,5675.0,5700.0,4388.91015625,2405200,0.0,0.0,yfinance_raw_daily
2014-10-27,5550.0,5700.0,5400.0,5550.0,4273.4130859375,10548000,0.0,0.0,yfinance_raw_daily
2014-10-28,5450.0,5550.0,5425.0,5450.0,4196.41455078125,5308000,0.0,0.0,yfinance_raw_daily
2014-10-29,5525.0,5550.0,5475.0,5525.0,4254.1630859375,5268600,0.0,0.0,yfinance_raw_daily
2014-10-30,5500.0,5550.0,5487.5,5500.0,4234.9130859375,3938600,0.0,0.0,yfinance_raw_daily
2014-10-31,5525.0,5612.5,5262.5,5525.0,4254.1630859375,13806800,0.0,0.0,yfinance_raw_daily
2014-11-03,5500.0,5537.5,5475.0,5500.0,4234.9130859375,3571000,0.0,0.0,yfinance_raw_daily
2014-11-04,5450.0,5500.0,5437.5,5450.0,4196.41455078125,5222200,0.0,0.0,yfinance_raw_daily
2014-11-05,5425.0,5500.0,5412.5,5425.0,4177.1650390625,3659600,0.0,0.0,yfinance_raw_daily
2014-11-06,5400.0,5475.0,5400.0,5400.0,4157.91455078125,3253600,0.0,0.0,yfinance_raw_daily
2014-11-07,5500.0,5537.5,5400.0,5500.0,4234.9130859375,3947800,0.0,0.0,yfinance_raw_daily
2014-11-10,5525.0,5537.5,5450.0,5525.0,4254.1630859375,1695200,0.0,0.0,yfinance_raw_daily
2014-11-11,5587.5,5587.5,5512.5,5587.5,4302.287109375,2815200,0.0,0.0,yfinance_raw_daily
2014-11-12,5587.5,5600.0,5550.0,5587.5,4302.287109375,1036400,0.0,0.0,yfinance_raw_daily
2014-11-13,5625.0,5637.5,5525.0,5625.0,4331.1611328125,1801000,0.0,0.0,yfinance_raw_daily
2014-11-14,5512.5,5637.5,5500.0,5512.5,4244.5380859375,2035400,0.0,0.0,yfinance_raw_daily
2014-11-17,5512.5,5600.0,5512.5,5512.5,4244.5380859375,2739800,0.0,0.0,yfinance_raw_daily
2014-11-18,5500.0,5550.0,5487.5,5500.0,4234.9130859375,8330400,0.0,0.0,yfinance_raw_daily
2014-11-19,5575.0,5587.5,5500.0,5575.0,4292.66259765625,3874400,0.0,0.0,yfinance_raw_daily
2014-11-20,5612.5,5637.5,5550.0,5612.5,4321.53662109375,4302600,0.0,0.0,yfinance_raw_daily
2014-11-21,5537.5,5562.5,5525.0,5537.5,4263.78662109375,2208200,0.0,0.0,yfinance_raw_daily
2014-11-24,5687.5,5687.5,5575.0,5687.5,4379.2861328125,3356000,0.0,0.0,yfinance_raw_daily
2014-11-25,5725.0,5725.0,5662.5,5725.0,4408.16015625,3381400,0.0,0.0,yfinance_raw_daily
2014-11-26,5700.0,5712.5,5600.0,5700.0,4388.91015625,3476400,0.0,0.0,yfinance_raw_daily
2014-11-27,5687.5,5687.5,5637.5,5687.5,4379.2861328125,3141600,0.0,0.0,yfinance_raw_daily
2014-11-28,5625.0,5712.5,5600.0,5625.0,4331.1611328125,1889000,0.0,0.0,yfinance_raw_daily
2014-12-01,5625.0,5700.0,5612.5,5700.0,4388.91015625,5621000,0.0,0.0,yfinance_raw_daily
2014-12-02,5700.0,5725.0,5575.0,5700.0,4388.91015625,4809600,0.0,0.0,yfinance_raw_daily
2014-12-03,5725.0,5725.0,5675.0,5700.0,4388.91015625,1476400,0.0,0.0,yfinance_raw_daily
2014-12-04,5725.0,5912.5,5700.0,5800.0,4465.90771484375,6929200,0.0,0.0,yfinance_raw_daily
2014-12-05,5750.0,5912.5,5750.0,5875.0,4523.65771484375,8862800,0.0,0.0,yfinance_raw_daily
2014-12-08,5925.0,5937.5,5775.0,5800.0,4465.90771484375,6294400,0.0,0.0,yfinance_raw_daily
2014-12-09,5787.5,5925.0,5712.5,5925.0,4562.15625,5488000,0.0,0.0,yfinance_raw_daily
2014-12-10,5925.0,5925.0,5862.5,5900.0,4542.90771484375,3384800,0.0,0.0,yfinance_raw_daily
2014-12-11,5900.0,5912.5,5750.0,5750.0,4427.40966796875,2463000,0.0,0.0,yfinance_raw_daily
2014-12-12,5825.0,5900.0,5737.5,5850.0,4504.40771484375,2361600,0.0,0.0,yfinance_raw_daily
2014-12-15,5750.0,5900.0,5750.0,5900.0,4542.90771484375,4686800,0.0,0.0,yfinance_raw_daily
2014-12-16,5825.0,5900.0,5725.0,5750.0,4427.40966796875,9409800,0.0,0.0,yfinance_raw_daily
2014-12-17,5850.0,5912.5,5787.5,5887.5,4533.2822265625,3633600,0.0,0.0,yfinance_raw_daily
2014-12-18,5912.5,6100.0,5900.0,6000.0,4619.90576171875,11380400,0.0,0.0,yfinance_raw_daily
2014-12-19,6075.0,6300.0,6075.0,6162.5,4745.02783203125,7040200,0.0,0.0,yfinance_raw_daily
2014-12-22,6162.5,6250.0,6137.5,6137.5,4725.7783203125,4397400,0.0,0.0,yfinance_raw_daily
2014-12-23,6187.5,6200.0,6112.5,6137.5,4725.7783203125,1818200,0.0,0.0,yfinance_raw_daily
2014-12-24,6150.0,6250.0,6150.0,6200.0,4773.90185546875,1790400,0.0,0.0,yfinance_raw_daily
2014-12-29,6200.0,6275.0,6200.0,6250.0,4812.40185546875,1149400,0.0,0.0,yfinance_raw_daily
2014-12-30,6262.5,6700.0,6237.5,6550.0,5043.3974609375,5240400,0.0,0.0,yfinance_raw_daily
2015-01-02,6550.0,6687.5,6550.0,6575.0,5062.64697265625,4689400,0.0,0.0,yfinance_raw_daily
2015-01-05,6550.0,6600.0,6300.0,6575.0,5062.64697265625,6032400,0.0,0.0,yfinance_raw_daily
2015-01-06,6450.0,6462.5,6375.0,6425.0,4947.14892578125,4246400,0.0,0.0,yfinance_raw_daily
2015-01-07,6437.5,6525.0,6437.5,6500.0,5004.8984375,1932800,0.0,0.0,yfinance_raw_daily
2015-01-08,6450.0,6550.0,6450.0,6500.0,5004.8984375,3289000,0.0,0.0,yfinance_raw_daily
2015-01-09,6462.5,6512.5,6462.5,6475.0,4985.64794921875,2988800,0.0,0.0,yfinance_raw_daily
2015-01-12,6525.0,6537.5,6225.0,6250.0,4812.40185546875,4787400,0.0,0.0,yfinance_raw_daily
2015-01-13,6250.0,6437.5,6250.0,6362.5,4899.02587890625,3548200,0.0,0.0,yfinance_raw_daily
2015-01-14,6362.5,6400.0,6325.0,6350.0,4889.40087890625,4583800,0.0,0.0,yfinance_raw_daily
2015-01-15,6400.0,6400.0,6325.0,6400.0,4927.8994140625,2841600,0.0,0.0,yfinance_raw_daily
2015-01-16,6400.0,6412.5,6337.5,6362.5,4899.02587890625,1819200,0.0,0.0,yfinance_raw_daily
2015-01-19,6350.0,6550.0,6350.0,6537.5,5033.7724609375,3033000,0.0,0.0,yfinance_raw_daily
2015-01-20,6587.5,6725.0,6500.0,6700.0,5158.89501953125,6917800,0.0,0.0,yfinance_raw_daily
2015-01-21,6712.5,8025.0,6700.0,7250.0,5582.3857421875,13300000,0.0,0.0,yfinance_raw_daily
2015-01-22,7250.0,7400.0,7250.0,7337.5,5649.75927734375,13327400,0.0,0.0,yfinance_raw_daily
2015-01-23,7375.0,7437.5,6900.0,7400.0,5697.8828125,25127600,0.0,0.0,yfinance_raw_daily
2015-01-26,7175.0,7362.5,6975.0,7050.0,5428.38916015625,11636200,0.0,0.0,yfinance_raw_daily
2015-01-27,7087.5,7400.0,7087.5,7387.5,5688.2587890625,4791800,0.0,0.0,yfinance_raw_daily
2015-01-28,7262.5,7500.0,7250.0,7350.0,5659.38427734375,4075200,0.0,0.0,yfinance_raw_daily
2015-01-29,7250.0,7362.5,7237.5,7350.0,5659.38427734375,2915400,0.0,0.0,yfinance_raw_daily
2015-01-30,7275.0,7325.0,7125.0,7250.0,5582.3857421875,6923800,0.0,0.0,yfinance_raw_daily
2015-02-02,7050.0,7250.0,7025.0,7150.0,5505.3876953125,2942800,0.0,0.0,yfinance_raw_daily
2015-02-03,7187.5,7237.5,7075.0,7150.0,5505.3876953125,3664600,0.0,0.0,yfinance_raw_daily
2015-02-04,7250.0,7250.0,7050.0,7050.0,5428.38916015625,4617800,0.0,0.0,yfinance_raw_daily
2015-02-05,7125.0,7137.5,6950.0,7037.5,5418.7646484375,4217600,0.0,0.0,yfinance_raw_daily
2015-02-06,7125.0,7325.0,7025.0,7200.0,5543.88623046875,4207600,0.0,0.0,yfinance_raw_daily
2015-02-09,7075.0,7312.5,7075.0,7262.5,5592.0107421875,1358000,0.0,0.0,yfinance_raw_daily
2015-02-10,7275.0,7275.0,7075.0,7087.5,5457.263671875,5696800,0.0,0.0,yfinance_raw_daily
2015-02-11,7087.5,7150.0,7000.0,7037.5,5418.7646484375,4375000,0.0,0.0,yfinance_raw_daily
2015-02-12,7037.5,7112.5,7025.0,7112.5,5476.513671875,1628000,0.0,0.0,yfinance_raw_daily
2015-02-13,7125.0,7125.0,7050.0,7112.5,5476.513671875,2099400,0.0,0.0,yfinance_raw_daily
2015-02-16,7125.0,7200.0,7125.0,7187.5,5534.26220703125,1358200,0.0,0.0,yfinance_raw_daily
2015-02-17,7212.5,7225.0,7037.5,7100.0,5466.8876953125,2740400,0.0,0.0,yfinance_raw_daily
2015-02-18,7100.0,7162.5,7025.0,7150.0,5505.3876953125,7742600,0.0,0.0,yfinance_raw_daily
2015-02-20,7050.0,7125.0,7050.0,7100.0,5466.8876953125,3118000,0.0,0.0,yfinance_raw_daily
2015-02-23,7162.5,7162.5,7000.0,7025.0,5409.14013671875,13262600,0.0,0.0,yfinance_raw_daily
2015-02-24,7025.0,7037.5,6987.5,7012.5,5399.51416015625,8354000,0.0,0.0,yfinance_raw_daily
2015-02-25,7087.5,7087.5,7012.5,7025.0,5409.14013671875,3039000,0.0,0.0,yfinance_raw_daily
2015-02-26,7012.5,7112.5,6962.5,7112.5,5476.513671875,4737800,0.0,0.0,yfinance_raw_daily
2015-02-27,7112.5,7150.0,7087.5,7150.0,5505.3876953125,7134000,0.0,0.0,yfinance_raw_daily
2015-03-02,7125.0,7212.5,7100.0,7162.5,5515.01220703125,5135600,0.0,0.0,yfinance_raw_daily
2015-03-03,7200.0,7387.5,7200.0,7362.5,5669.00927734375,15327400,0.0,0.0,yfinance_raw_daily
2015-03-04,7362.5,7487.5,7162.5,7275.0,5601.63525390625,13453600,0.0,0.0,yfinance_raw_daily
2015-03-05,7187.5,7350.0,7187.5,7187.5,5534.26220703125,3666200,0.0,0.0,yfinance_raw_daily
2015-03-06,7200.0,7287.5,7200.0,7262.5,5592.0107421875,3557600,0.0,0.0,yfinance_raw_daily
2015-03-09,7225.0,7250.0,7112.5,7112.5,5476.513671875,6212000,0.0,0.0,yfinance_raw_daily
2015-03-10,7112.5,7300.0,7100.0,7250.0,5582.3857421875,7742400,0.0,0.0,yfinance_raw_daily
2015-03-11,7162.5,7325.0,7112.5,7150.0,5505.3876953125,5803200,0.0,0.0,yfinance_raw_daily
2015-03-12,7162.5,7325.0,7162.5,7300.0,5620.8857421875,7681200,0.0,0.0,yfinance_raw_daily
2015-03-13,7375.0,7375.0,7262.5,7312.5,5630.509765625,4162600,0.0,0.0,yfinance_raw_daily
2015-03-16,7312.5,7750.0,7262.5,7500.0,5774.8818359375,6768400,0.0,0.0,yfinance_raw_daily
2015-03-17,7700.0,7700.0,7437.5,7450.0,5736.38330078125,5028000,0.0,0.0,yfinance_raw_daily
2015-03-18,7400.0,7450.0,7375.0,7450.0,5736.38330078125,6177800,0.0,0.0,yfinance_raw_daily
2015-03-19,7500.0,7587.5,7425.0,7425.0,5717.13427734375,2782400,0.0,0.0,yfinance_raw_daily
2015-03-20,7400.0,7587.5,7350.0,7550.0,5813.38134765625,4770600,0.0,0.0,yfinance_raw_daily
2015-03-23,7550.0,7562.5,7375.0,7400.0,5697.8828125,5188000,0.0,0.0,yfinance_raw_daily
2015-03-24,7400.0,7412.5,7275.0,7350.0,5659.38427734375,7891600,0.0,0.0,yfinance_raw_daily
2015-03-25,7312.5,7312.5,7125.0,7175.0,5524.63720703125,8970600,0.0,0.0,yfinance_raw_daily
2015-03-26,7175.0,7187.5,7087.5,7087.5,5457.263671875,11087600,0.0,0.0,yfinance_raw_daily
2015-03-27,7050.0,7137.5,7012.5,7050.0,5428.38916015625,11059600,0.0,0.0,yfinance_raw_daily
2015-03-30,7137.5,7187.5,7087.5,7100.0,5466.8876953125,5024800,0.0,0.0,yfinance_raw_daily
2015-03-31,7175.0,7412.5,7150.0,7337.5,5649.75927734375,12032600,0.0,0.0,yfinance_raw_daily
2015-04-01,7337.5,7350.0,7187.5,7200.0,5543.88623046875,2299800,0.0,0.0,yfinance_raw_daily
2015-04-02,7237.5,7275.0,7150.0,7162.5,5515.01220703125,7693200,0.0,0.0,yfinance_raw_daily
2015-04-06,7150.0,7200.0,7150.0,7162.5,5515.01220703125,4327800,0.0,0.0,yfinance_raw_daily
2015-04-07,7200.0,7225.0,7162.5,7175.0,5524.63720703125,4130000,0.0,0.0,yfinance_raw_daily
2015-04-08,7150.0,7300.0,7100.0,7250.0,5582.3857421875,7198000,0.0,0.0,yfinance_raw_daily
2015-04-09,7212.5,7262.5,7200.0,7237.5,5572.76171875,4501800,0.0,0.0,yfinance_raw_daily
2015-04-10,7237.5,7275.0,7075.0,7125.0,5486.1376953125,7981600,0.0,0.0,yfinance_raw_daily
2015-04-13,7100.0,7112.5,7062.5,7100.0,5466.8876953125,13297400,0.0,0.0,yfinance_raw_daily
2015-04-14,7100.0,7100.0,7037.5,7075.0,5447.638671875,13049200,0.0,0.0,yfinance_raw_daily
2015-04-15,7075.0,7100.0,7062.5,7087.5,5457.263671875,3317800,0.0,0.0,yfinance_raw_daily
2015-04-16,7150.0,7200.0,7075.0,7200.0,5543.88623046875,3716600,0.0,0.0,yfinance_raw_daily
2015-04-17,7150.0,7175.0,7137.5,7175.0,5524.63720703125,3143000,0.0,0.0,yfinance_raw_daily
2015-04-20,7175.0,7175.0,7075.0,7100.0,5466.8876953125,2757200,0.0,0.0,yfinance_raw_daily
2015-04-21,7075.0,7150.0,7075.0,7150.0,5505.3876953125,3523400,0.0,0.0,yfinance_raw_daily
2015-04-22,7125.0,7125.0,7062.5,7125.0,5486.1376953125,4978200,0.0,0.0,yfinance_raw_daily
2015-04-23,7087.5,7125.0,7037.5,7050.0,5428.38916015625,4601400,0.0,0.0,yfinance_raw_daily
2015-04-24,7012.5,7075.0,7012.5,7050.0,5428.38916015625,7601200,0.0,0.0,yfinance_raw_daily
2015-04-27,7075.0,7075.0,6900.0,6900.0,5312.892578125,7524800,0.0,0.0,yfinance_raw_daily
2015-04-28,6825.0,6825.0,6500.0,6550.0,5043.3974609375,28929000,0.0,0.0,yfinance_raw_daily
2015-04-29,6525.0,6525.0,6275.0,6325.0,4870.14990234375,25622800,0.0,0.0,yfinance_raw_daily
2015-04-30,6250.0,6775.0,6150.0,6600.0,5081.89599609375,13963400,0.0,0.0,yfinance_raw_daily
2015-05-04,6750.0,6850.0,6650.0,6800.0,5235.89404296875,7949400,0.0,0.0,yfinance_raw_daily
2015-05-05,6800.0,6900.0,6750.0,6862.5,5284.0166015625,3954600,0.0,0.0,yfinance_raw_daily
2015-05-06,6800.0,6887.5,6762.5,6837.5,5264.7685546875,8095800,0.0,0.0,yfinance_raw_daily
2015-05-07,6837.5,7000.0,6812.5,6950.0,5351.390625,4345200,0.0,0.0,yfinance_raw_daily
2015-05-08,6950.0,6975.0,6812.5,6887.5,5303.2666015625,3319200,0.0,0.0,yfinance_raw_daily
2015-05-11,7000.0,7000.0,6825.0,6862.5,5284.0166015625,4021600,0.0,0.0,yfinance_raw_daily
2015-05-12,6850.0,6862.5,6787.5,6837.5,5264.7685546875,11027600,0.0,0.0,yfinance_raw_daily
2015-05-13,6837.5,6875.0,6812.5,6812.5,5245.51708984375,6470800,0.0,0.0,yfinance_raw_daily
2015-05-15,6812.5,6837.5,6700.0,6800.0,5235.89404296875,6484000,0.0,0.0,yfinance_raw_daily
2015-05-18,6837.5,6887.5,6800.0,6875.0,5293.6416015625,4190200,0.0,0.0,yfinance_raw_daily
2015-05-19,6825.0,6862.5,6787.5,6850.0,5360.94677734375,4476400,111.0,0.0,yfinance_raw_daily
2015-05-20,6875.0,7000.0,6850.0,7000.0,5478.3408203125,5531400,0.0,0.0,yfinance_raw_daily
2015-05-21,7000.0,7000.0,6812.5,6900.0,5400.07763671875,6096800,0.0,0.0,yfinance_raw_daily
2015-05-22,6912.5,7000.0,6912.5,6962.5,5448.9921875,2668200,0.0,0.0,yfinance_raw_daily
2015-05-25,6975.0,7025.0,6900.0,6987.5,5468.55810546875,1537600,0.0,0.0,yfinance_raw_daily
2015-05-26,7000.0,7075.0,6987.5,7062.5,5527.25390625,8904200,0.0,0.0,yfinance_raw_daily
2015-05-27,7025.0,7100.0,7025.0,7100.0,5556.60205078125,3829800,0.0,0.0,yfinance_raw_daily
2015-05-28,7112.5,7112.5,7000.0,7075.0,5537.03662109375,3675800,0.0,0.0,yfinance_raw_daily
2015-05-29,7000.0,7100.0,7000.0,7050.0,5517.47119140625,11486200,0.0,0.0,yfinance_raw_daily
2015-06-01,7050.0,7100.0,7012.5,7050.0,5517.47119140625,2910200,0.0,0.0,yfinance_raw_daily
2015-06-03,7100.0,7100.0,6825.0,6875.0,5380.5126953125,5357600,0.0,0.0,yfinance_raw_daily
2015-06-04,6875.0,6900.0,6825.0,6837.5,5351.16455078125,2941200,0.0,0.0,yfinance_raw_daily
2015-06-05,6700.0,6825.0,6700.0,6725.0,5263.11962890625,2776400,0.0,0.0,yfinance_raw_daily
2015-06-08,6687.5,6700.0,6400.0,6487.5,5077.248046875,2360400,0.0,0.0,yfinance_raw_daily
2015-06-09,6475.0,6525.0,6325.0,6450.0,5047.8994140625,6129200,0.0,0.0,yfinance_raw_daily
2015-06-10,6437.5,6700.0,6437.5,6587.5,5155.509765625,2985600,0.0,0.0,yfinance_raw_daily
2015-06-11,6675.0,6775.0,6600.0,6700.0,5243.5537109375,2759200,0.0,0.0,yfinance_raw_daily
2015-06-12,6625.0,6762.5,6625.0,6675.0,5223.98876953125,1486000,0.0,0.0,yfinance_raw_daily
2015-06-15,6687.5,6687.5,6350.0,6350.0,4969.63671875,2404800,0.0,0.0,yfinance_raw_daily
2015-06-16,6425.0,6650.0,6350.0,6350.0,4969.63671875,2157600,0.0,0.0,yfinance_raw_daily
2015-06-17,6437.5,6475.0,6375.0,6450.0,5047.8994140625,5253400,0.0,0.0,yfinance_raw_daily
2015-06-18,6450.0,6575.0,6450.0,6575.0,5145.7265625,1989000,0.0,0.0,yfinance_raw_daily
2015-06-19,6575.0,6650.0,6450.0,6475.0,5067.46533203125,4049400,0.0,0.0,yfinance_raw_daily
2015-06-22,6475.0,6525.0,6437.5,6487.5,5077.248046875,859400,0.0,0.0,yfinance_raw_daily
2015-06-23,6537.5,6625.0,6450.0,6450.0,5047.8994140625,2533200,0.0,0.0,yfinance_raw_daily
2015-06-24,6500.0,6525.0,6400.0,6425.0,5028.33349609375,1677800,0.0,0.0,yfinance_raw_daily
2015-06-25,6412.5,6462.5,6387.5,6400.0,5008.76806640625,3096600,0.0,0.0,yfinance_raw_daily
2015-06-26,6400.0,6412.5,6275.0,6300.0,4930.50634765625,2145600,0.0,0.0,yfinance_raw_daily
2015-06-29,6150.0,6225.0,6025.0,6025.0,4715.28564453125,5605600,0.0,0.0,yfinance_raw_daily
2015-06-30,6100.0,6237.5,6025.0,6237.5,4881.5927734375,6653800,0.0,0.0,yfinance_raw_daily
2015-07-01,6262.5,6275.0,6175.0,6175.0,4832.67822265625,3479000,0.0,0.0,yfinance_raw_daily
2015-07-02,6175.0,6275.0,6162.5,6175.0,4832.67822265625,5404600,0.0,0.0,yfinance_raw_daily
2015-07-03,6150.0,6287.5,6150.0,6287.5,4920.72314453125,2139200,0.0,0.0,yfinance_raw_daily
2015-07-06,6225.0,6250.0,6125.0,6137.5,4803.330078125,1841600,0.0,0.0,yfinance_raw_daily
2015-07-07,6075.0,6175.0,6025.0,6050.0,4734.85205078125,4963000,0.0,0.0,yfinance_raw_daily
2015-07-08,6175.0,6175.0,6025.0,6075.0,4754.4169921875,2699800,0.0,0.0,yfinance_raw_daily
2015-07-09,6000.0,6050.0,5900.0,5925.0,4637.02294921875,4212600,0.0,0.0,yfinance_raw_daily
2015-07-10,5975.0,6100.0,5962.5,6062.5,4744.6337890625,2200400,0.0,0.0,yfinance_raw_daily
2015-07-13,6062.5,6250.0,6062.5,6250.0,4891.375,4332600,0.0,0.0,yfinance_raw_daily
2015-07-14,6350.0,6375.0,6075.0,6250.0,4891.375,3530600,0.0,0.0,yfinance_raw_daily
2015-07-15,6325.0,6325.0,6175.0,6275.0,4910.9404296875,1725600,0.0,0.0,yfinance_raw_daily
2015-07-22,6275.0,6525.0,6100.0,6525.0,5106.59619140625,3899400,0.0,0.0,yfinance_raw_daily
2015-07-23,6500.0,6512.5,6237.5,6237.5,4881.5927734375,5164600,0.0,0.0,yfinance_raw_daily
2015-07-24,6200.0,6237.5,6150.0,6212.5,4862.0263671875,3673200,0.0,0.0,yfinance_raw_daily
2015-07-27,6187.5,6262.5,6100.0,6100.0,4773.98193359375,3155800,0.0,0.0,yfinance_raw_daily
2015-07-28,6012.5,6100.0,5950.0,6025.0,4715.28564453125,3566600,0.0,0.0,yfinance_raw_daily
2015-07-29,6062.5,6150.0,5987.5,6012.5,4705.50341796875,1965200,0.0,0.0,yfinance_raw_daily
2015-07-30,5962.5,6100.0,5962.5,6000.0,4695.72021484375,3575800,0.0,0.0,yfinance_raw_daily
2015-07-31,6250.0,6300.0,6100.0,6150.0,4813.11279296875,10971600,0.0,0.0,yfinance_raw_daily
2015-08-03,6275.0,6325.0,6225.0,6325.0,4950.072265625,6088200,0.0,0.0,yfinance_raw_daily
2015-08-04,6325.0,6350.0,6262.5,6300.0,4930.50634765625,2142400,0.0,0.0,yfinance_raw_daily
2015-08-05,6250.0,6337.5,6250.0,6337.5,4959.8544921875,1726200,0.0,0.0,yfinance_raw_daily
2015-08-06,6362.5,6375.0,6325.0,6362.5,4979.41943359375,2278200,0.0,0.0,yfinance_raw_daily
2015-08-07,6362.5,6375.0,6287.5,6362.5,4979.41943359375,3331600,0.0,0.0,yfinance_raw_daily
2015-08-10,6362.5,6400.0,6312.5,6375.0,4989.20263671875,2563000,0.0,0.0,yfinance_raw_daily
2015-08-11,6400.0,6412.5,6250.0,6287.5,4920.72314453125,2198000,0.0,0.0,yfinance_raw_daily
2015-08-12,6287.5,6287.5,6100.0,6150.0,4813.11279296875,3759600,0.0,0.0,yfinance_raw_daily
2015-08-13,6050.0,6175.0,6050.0,6125.0,4793.5478515625,8585600,0.0,0.0,yfinance_raw_daily
2015-08-14,6112.5,6262.5,6100.0,6250.0,4891.375,2683000,0.0,0.0,yfinance_raw_daily
2015-08-18,6237.5,6325.0,6200.0,6250.0,4891.375,2090000,0.0,0.0,yfinance_raw_daily
2015-08-19,6287.5,6375.0,6250.0,6337.5,4959.8544921875,1823800,0.0,0.0,yfinance_raw_daily
2015-08-20,6400.0,6400.0,6150.0,6237.5,4881.5927734375,1436200,0.0,0.0,yfinance_raw_daily
2015-08-21,6237.5,6350.0,6175.0,6225.0,4871.8095703125,3626000,0.0,0.0,yfinance_raw_daily
2015-08-24,6100.0,6337.5,5775.0,6325.0,4950.072265625,7971400,0.0,0.0,yfinance_raw_daily
2015-08-25,6300.0,6500.0,6000.0,6200.0,4852.2431640625,8137800,0.0,0.0,yfinance_raw_daily
2015-08-26,6187.5,6225.0,6012.5,6187.5,4842.46142578125,4232400,0.0,0.0,yfinance_raw_daily
2015-08-27,6200.0,6362.5,6200.0,6337.5,4959.8544921875,8485200,0.0,0.0,yfinance_raw_daily
2015-08-28,6362.5,6375.0,6100.0,6150.0,4813.11279296875,5611400,0.0,0.0,yfinance_raw_daily
2015-08-31,6150.0,6375.0,6150.0,6375.0,4989.20263671875,4332000,0.0,0.0,yfinance_raw_daily
2015-09-01,6250.0,6300.0,6175.0,6175.0,4832.67822265625,4072200,0.0,0.0,yfinance_raw_daily
2015-09-02,6075.0,6162.5,6075.0,6137.5,4803.330078125,3833400,0.0,0.0,yfinance_raw_daily
2015-09-03,6162.5,6187.5,6075.0,6100.0,4773.98193359375,1803600,0.0,0.0,yfinance_raw_daily
2015-09-04,6100.0,6162.5,6075.0,6075.0,4754.4169921875,1402200,0.0,0.0,yfinance_raw_daily
2015-09-07,6137.5,6137.5,6050.0,6062.5,4744.6337890625,2345200,0.0,0.0,yfinance_raw_daily
2015-09-08,6000.0,6125.0,5987.5,6062.5,4744.6337890625,3444200,0.0,0.0,yfinance_raw_daily
2015-09-09,6112.5,6125.0,6037.5,6062.5,4744.6337890625,3507800,0.0,0.0,yfinance_raw_daily
2015-09-10,6087.5,6112.5,6025.0,6075.0,4754.4169921875,1553400,0.0,0.0,yfinance_raw_daily
2015-09-11,6000.0,6100.0,6000.0,6050.0,4734.85205078125,1415400,0.0,0.0,yfinance_raw_daily
2015-09-14,6125.0,6125.0,6025.0,6050.0,4734.85205078125,2662600,0.0,0.0,yfinance_raw_daily
2015-09-15,6025.0,6112.5,6025.0,6112.5,4783.7646484375,1270000,0.0,0.0,yfinance_raw_daily
2015-09-16,6112.5,6237.5,6075.0,6237.5,4881.5927734375,2639000,0.0,0.0,yfinance_raw_daily
2015-09-17,6237.5,6587.5,6237.5,6525.0,5106.59619140625,5752200,0.0,0.0,yfinance_raw_daily
2015-09-18,6525.0,6525.0,6262.5,6475.0,5067.46533203125,4354800,0.0,0.0,yfinance_raw_daily
2015-09-21,6475.0,6525.0,6250.0,6262.5,4901.15771484375,2511000,0.0,0.0,yfinance_raw_daily
2015-09-22,6300.0,6362.5,6125.0,6125.0,4793.5478515625,2812600,0.0,0.0,yfinance_raw_daily
2015-09-23,6075.0,6075.0,5875.0,5875.0,4597.89306640625,5852800,0.0,0.0,yfinance_raw_daily
2015-09-25,5875.0,5950.0,5812.5,5812.5,4548.97900390625,3608400,0.0,0.0,yfinance_raw_daily
2015-09-28,5800.0,5862.5,5600.0,5625.0,4402.2373046875,2517400,0.0,0.0,yfinance_raw_daily
2015-09-29,5575.0,6150.0,5450.0,6150.0,4813.11279296875,5607400,0.0,0.0,yfinance_raw_daily
2015-09-30,6175.0,6225.0,5950.0,6200.0,4852.2431640625,4487800,0.0,0.0,yfinance_raw_daily
2015-10-01,6137.5,6350.0,6062.5,6287.5,4920.72314453125,1715400,0.0,0.0,yfinance_raw_daily
2015-10-02,6175.0,6250.0,6025.0,6025.0,4715.28564453125,2998600,0.0,0.0,yfinance_raw_daily
2015-10-05,6050.0,6175.0,6050.0,6137.5,4803.330078125,6944200,0.0,0.0,yfinance_raw_daily
2015-10-06,6150.0,6487.5,6137.5,6487.5,5077.248046875,6563800,0.0,0.0,yfinance_raw_daily
2015-10-07,6300.0,6462.5,6212.5,6287.5,4920.72314453125,6370200,0.0,0.0,yfinance_raw_daily
2015-10-08,6350.0,6425.0,6175.0,6175.0,4832.67822265625,3330600,0.0,0.0,yfinance_raw_daily
2015-10-09,6400.0,6700.0,6325.0,6537.5,5116.37841796875,11425800,0.0,0.0,yfinance_raw_daily
2015-10-12,6537.5,6662.5,6537.5,6562.5,5135.94384765625,6984000,0.0,0.0,yfinance_raw_daily
2015-10-13,6437.5,6525.0,6312.5,6375.0,4989.20263671875,4479400,0.0,0.0,yfinance_raw_daily
2015-10-15,6250.0,6700.0,6250.0,6600.0,5165.2919921875,8031600,0.0,0.0,yfinance_raw_daily
2015-10-16,6725.0,6787.5,6575.0,6600.0,5165.2919921875,2349600,0.0,0.0,yfinance_raw_daily
2015-10-19,6725.0,6737.5,6625.0,6662.5,5214.2060546875,2254400,0.0,0.0,yfinance_raw_daily
2015-10-20,6700.0,6700.0,6537.5,6662.5,5214.2060546875,1996800,0.0,0.0,yfinance_raw_daily
2015-10-21,6575.0,6675.0,6550.0,6550.0,5126.16162109375,1529400,0.0,0.0,yfinance_raw_daily
2015-10-22,6550.0,6687.5,6550.0,6650.0,5204.42333984375,2765400,0.0,0.0,yfinance_raw_daily
2015-10-23,6850.0,6850.0,6737.5,6787.5,5312.033203125,5464800,0.0,0.0,yfinance_raw_daily
2015-10-26,6700.0,6900.0,6700.0,6850.0,5360.94677734375,3014000,0.0,0.0,yfinance_raw_daily
2015-10-27,6750.0,6850.0,6587.5,6850.0,5360.94677734375,4718200,0.0,0.0,yfinance_raw_daily
2015-10-28,6875.0,6875.0,6612.5,6675.0,5223.98876953125,2253000,0.0,0.0,yfinance_raw_daily
2015-10-29,6612.5,6712.5,6450.0,6662.5,5214.2060546875,4988800,0.0,0.0,yfinance_raw_daily
2015-10-30,6700.0,6700.0,6575.0,6600.0,5165.2919921875,4178800,0.0,0.0,yfinance_raw_daily
2015-11-02,6550.0,6562.5,6487.5,6562.5,5135.94384765625,5513000,0.0,0.0,yfinance_raw_daily
2015-11-03,6600.0,6750.0,6550.0,6562.5,5135.94384765625,4661400,0.0,0.0,yfinance_raw_daily
2015-11-04,6650.0,6650.0,6575.0,6637.5,5194.640625,4255000,0.0,0.0,yfinance_raw_daily
2015-11-05,6525.0,6637.5,6500.0,6537.5,5116.37841796875,6695800,0.0,0.0,yfinance_raw_daily
2015-11-06,6550.0,6562.5,6500.0,6500.0,5087.0302734375,3302000,0.0,0.0,yfinance_raw_daily
2015-11-09,6475.0,6475.0,6400.0,6450.0,5047.8994140625,5825800,0.0,0.0,yfinance_raw_daily
2015-11-10,6375.0,6400.0,6262.5,6262.5,4901.15771484375,6725200,0.0,0.0,yfinance_raw_daily
2015-11-11,6262.5,6312.5,6250.0,6262.5,4901.15771484375,3914000,0.0,0.0,yfinance_raw_daily
2015-11-12,6250.0,6375.0,6250.0,6250.0,4891.375,4343800,0.0,0.0,yfinance_raw_daily
2015-11-13,6162.5,6237.5,6075.0,6200.0,4852.2431640625,5155000,0.0,0.0,yfinance_raw_daily
2015-11-16,6075.0,6187.5,5962.5,6175.0,4832.67822265625,2102000,0.0,0.0,yfinance_raw_daily
2015-11-17,6275.0,6350.0,6237.5,6300.0,4930.50634765625,4828000,0.0,0.0,yfinance_raw_daily
2015-11-18,6400.0,6412.5,6312.5,6375.0,4989.20263671875,3745800,0.0,0.0,yfinance_raw_daily
2015-11-19,6450.0,6450.0,6262.5,6312.5,4940.2890625,2950000,0.0,0.0,yfinance_raw_daily
2015-11-20,6312.5,6450.0,6275.0,6450.0,5047.8994140625,3805000,0.0,0.0,yfinance_raw_daily
2015-11-23,6437.5,6475.0,6350.0,6400.0,5008.76806640625,1114000,0.0,0.0,yfinance_raw_daily
2015-11-24,6400.0,6400.0,6275.0,6325.0,4950.072265625,2690400,0.0,0.0,yfinance_raw_daily
2015-11-25,6325.0,6350.0,6262.5,6300.0,4930.50634765625,2000400,0.0,0.0,yfinance_raw_daily
2015-11-26,6250.0,6387.5,6200.0,6287.5,4920.72314453125,3660000,0.0,0.0,yfinance_raw_daily
2015-11-27,6275.0,6337.5,6200.0,6287.5,4920.72314453125,1933200,0.0,0.0,yfinance_raw_daily
2015-11-30,6150.0,6325.0,6150.0,6312.5,4940.2890625,7063800,0.0,0.0,yfinance_raw_daily
2015-12-01,6350.0,6500.0,6350.0,6500.0,5087.0302734375,4669600,0.0,0.0,yfinance_raw_daily
2015-12-02,6550.0,6562.5,6337.5,6487.5,5077.248046875,5528400,0.0,0.0,yfinance_raw_daily
2015-12-03,6400.0,6450.0,6337.5,6337.5,4959.8544921875,1511200,0.0,0.0,yfinance_raw_daily
2015-12-04,6275.0,6362.5,6250.0,6250.0,4891.375,1969800,0.0,0.0,yfinance_raw_daily
2015-12-07,6375.0,6375.0,6162.5,6225.0,4871.8095703125,4431200,0.0,0.0,yfinance_raw_daily
2015-12-08,6150.0,6212.5,6075.0,6087.5,4764.19970703125,3791800,0.0,0.0,yfinance_raw_daily
2015-12-09,6087.5,6087.5,6087.5,6087.5,4764.19970703125,0,0.0,0.0,yfinance_raw_daily
2015-12-10,6112.5,6137.5,5875.0,5975.0,4676.1552734375,2341600,0.0,0.0,yfinance_raw_daily
2015-12-11,6050.0,6050.0,5762.5,5775.0,4519.63037109375,4527600,0.0,0.0,yfinance_raw_daily
2015-12-14,5675.0,5887.5,5662.5,5862.5,4588.10986328125,3849800,0.0,0.0,yfinance_raw_daily
2015-12-15,5912.5,6075.0,5875.0,6075.0,4754.4169921875,3670400,0.0,0.0,yfinance_raw_daily
2015-12-16,6125.0,6312.5,6100.0,6250.0,4891.375,6945600,0.0,0.0,yfinance_raw_daily
2015-12-17,6450.0,6450.0,6250.0,6350.0,4969.63671875,3940800,0.0,0.0,yfinance_raw_daily
2015-12-18,6250.0,6262.5,6150.0,6200.0,4852.2431640625,2983400,0.0,0.0,yfinance_raw_daily
2015-12-21,6100.0,6387.5,6100.0,6387.5,4998.98583984375,2508000,0.0,0.0,yfinance_raw_daily
2015-12-22,6400.0,6487.5,6325.0,6487.5,5077.248046875,4403600,0.0,0.0,yfinance_raw_daily
2015-12-23,6512.5,6525.0,6412.5,6525.0,5106.59619140625,1801600,0.0,0.0,yfinance_raw_daily
2015-12-28,6525.0,6550.0,6387.5,6500.0,5087.0302734375,2193000,0.0,0.0,yfinance_raw_daily
2015-12-29,6425.0,6587.5,6425.0,6575.0,5145.7265625,1380200,0.0,0.0,yfinance_raw_daily
2015-12-30,6550.0,6800.0,6550.0,6737.5,5272.90234375,5573800,0.0,0.0,yfinance_raw_daily
2016-01-04,6575.0,6750.0,6575.0,6600.0,5165.2919921875,5158400,0.0,0.0,yfinance_raw_daily
2016-01-05,6600.0,6700.0,6425.0,6500.0,5087.0302734375,5101400,0.0,0.0,yfinance_raw_daily
2016-01-06,6500.0,6962.5,6500.0,6937.5,5429.4267578125,5499600,0.0,0.0,yfinance_raw_daily
2016-01-07,6875.0,6975.0,6837.5,6937.5,5429.4267578125,7831200,0.0,0.0,yfinance_raw_daily
2016-01-08,6900.0,7037.5,6887.5,7037.5,5507.6884765625,4277800,0.0,0.0,yfinance_raw_daily
2016-01-11,7037.5,7037.5,6887.5,6975.0,5458.77490234375,2235800,0.0,0.0,yfinance_raw_daily
2016-01-12,7037.5,7075.0,6962.5,7025.0,5497.90625,4825600,0.0,0.0,yfinance_raw_daily
2016-01-13,7025.0,7062.5,6887.5,6987.5,5468.55810546875,3552200,0.0,0.0,yfinance_raw_daily
2016-01-14,6900.0,6987.5,6700.0,6950.0,5439.21044921875,4372200,0.0,0.0,yfinance_raw_daily
2016-01-15,7000.0,7050.0,6950.0,7037.5,5507.6884765625,5238600,0.0,0.0,yfinance_raw_daily
2016-01-18,6900.0,7075.0,6875.0,7037.5,5507.6884765625,6150000,0.0,0.0,yfinance_raw_daily
2016-01-19,7100.0,7150.0,6987.5,7150.0,5595.7333984375,3977600,0.0,0.0,yfinance_raw_daily
2016-01-20,7100.0,7212.5,7100.0,7212.5,5644.646484375,5982800,0.0,0.0,yfinance_raw_daily
2016-01-21,7225.0,7300.0,7150.0,7287.5,5703.34375,6189000,0.0,0.0,yfinance_raw_daily
2016-01-22,7287.5,7325.0,7237.5,7325.0,5732.69091796875,6239600,0.0,0.0,yfinance_raw_daily
2016-01-25,7325.0,7350.0,7112.5,7150.0,5595.7333984375,5823200,0.0,0.0,yfinance_raw_daily
2016-01-26,7050.0,7350.0,7000.0,7350.0,5752.25732421875,5478400,0.0,0.0,yfinance_raw_daily
2016-01-27,7175.0,7450.0,7175.0,7450.0,5830.51904296875,3807400,0.0,0.0,yfinance_raw_daily
2016-01-28,7425.0,7437.5,7337.5,7425.0,5810.95458984375,4808400,0.0,0.0,yfinance_raw_daily
2016-01-29,7437.5,7437.5,7087.5,7225.0,5654.4296875,9042400,0.0,0.0,yfinance_raw_daily
2016-02-01,7225.0,7262.5,7100.0,7237.5,5664.21240234375,4366600,0.0,0.0,yfinance_raw_daily
2016-02-02,7150.0,7300.0,7150.0,7200.0,5634.86474609375,3012600,0.0,0.0,yfinance_raw_daily
2016-02-03,7200.0,7625.0,7187.5,7625.0,5967.47802734375,8426800,0.0,0.0,yfinance_raw_daily
2016-02-04,7500.0,7750.0,7475.0,7725.0,6045.73974609375,7269600,0.0,0.0,yfinance_raw_daily
2016-02-05,7725.0,8300.0,7725.0,8300.0,6495.74658203125,17905600,0.0,0.0,yfinance_raw_daily
2016-02-09,8250.0,8250.0,7900.0,7925.0,6202.263671875,3763000,0.0,0.0,yfinance_raw_daily
2016-02-10,7850.0,7962.5,7600.0,7675.0,6006.609375,7360000,0.0,0.0,yfinance_raw_daily
2016-02-11,7625.0,7875.0,7500.0,7525.0,5889.2158203125,10419800,0.0,0.0,yfinance_raw_daily
2016-02-12,7500.0,7525.0,7262.5,7362.5,5762.0400390625,10605000,0.0,0.0,yfinance_raw_daily
2016-02-15,7500.0,7650.0,7500.0,7600.0,5947.91162109375,10994200,0.0,0.0,yfinance_raw_daily
2016-02-16,7625.0,7725.0,7600.0,7687.5,6016.3916015625,6728600,0.0,0.0,yfinance_raw_daily
2016-02-17,7737.5,7775.0,7687.5,7762.5,6075.087890625,5124600,0.0,0.0,yfinance_raw_daily
2016-02-18,7850.0,7875.0,7450.0,7625.0,5967.47802734375,12651000,0.0,0.0,yfinance_raw_daily
2016-02-19,7500.0,7625.0,7450.0,7550.0,5908.78076171875,10270600,0.0,0.0,yfinance_raw_daily
2016-02-22,7600.0,7737.5,7487.5,7700.0,6026.1748046875,4097800,0.0,0.0,yfinance_raw_daily
2016-02-23,7700.0,7725.0,7550.0,7637.5,5977.259765625,5413200,0.0,0.0,yfinance_raw_daily
2016-02-24,7600.0,7600.0,7375.0,7450.0,5830.51904296875,8050800,0.0,0.0,yfinance_raw_daily
2016-02-25,7525.0,7525.0,7287.5,7400.0,5791.388671875,4895400,0.0,0.0,yfinance_raw_daily
2016-02-26,7500.0,7600.0,7450.0,7562.5,5918.56298828125,3899800,0.0,0.0,yfinance_raw_daily
2016-02-29,7562.5,7975.0,7425.0,7875.0,6163.1328125,15934000,0.0,0.0,yfinance_raw_daily
2016-03-01,7875.0,7925.0,7800.0,7825.0,6124.001953125,3013800,0.0,0.0,yfinance_raw_daily
2016-03-02,7925.0,8075.0,7875.0,7925.0,6202.263671875,9791200,0.0,0.0,yfinance_raw_daily
2016-03-03,7925.0,7987.5,7825.0,7987.5,6251.1787109375,6288200,0.0,0.0,yfinance_raw_daily
2016-03-04,7862.5,7962.5,7712.5,7962.5,6231.6123046875,2890800,0.0,0.0,yfinance_raw_daily
2016-03-07,7987.5,7987.5,7700.0,7750.0,6065.3056640625,3169800,0.0,0.0,yfinance_raw_daily
2016-03-08,7750.0,7837.5,7700.0,7750.0,6065.3056640625,4137800,0.0,0.0,yfinance_raw_daily
2016-03-10,7812.5,7812.5,7587.5,7637.5,5977.259765625,6903000,0.0,0.0,yfinance_raw_daily
2016-03-11,7637.5,7637.5,7637.5,7637.5,5977.259765625,0,0.0,0.0,yfinance_raw_daily
2016-03-14,7637.5,7637.5,7637.5,7637.5,5977.259765625,0,0.0,0.0,yfinance_raw_daily
2016-03-15,7875.0,7900.0,7762.5,7812.5,6114.21826171875,4508600,0.0,0.0,yfinance_raw_daily
2016-03-16,7800.0,7800.0,7625.0,7700.0,6026.1748046875,4014000,0.0,0.0,yfinance_raw_daily
2016-03-17,7900.0,7900.0,7750.0,7812.5,6114.21826171875,4897600,0.0,0.0,yfinance_raw_daily
2016-03-18,7900.0,7900.0,7762.5,7887.5,6172.91455078125,7401200,0.0,0.0,yfinance_raw_daily
2016-03-21,7750.0,7912.5,7750.0,7875.0,6163.1328125,2579200,0.0,0.0,yfinance_raw_daily
2016-03-22,7800.0,7875.0,7625.0,7712.5,6035.95751953125,6305800,0.0,0.0,yfinance_raw_daily
2016-03-23,7712.5,7712.5,7575.0,7650.0,5987.04345703125,2563800,0.0,0.0,yfinance_raw_daily
2016-03-24,7612.5,7612.5,7562.5,7612.5,5957.6953125,1197400,0.0,0.0,yfinance_raw_daily
2016-03-28,7600.0,7687.5,7525.0,7550.0,5908.78076171875,2683800,0.0,0.0,yfinance_raw_daily
2016-03-29,7562.5,7687.5,7487.5,7512.5,5879.43359375,4546000,0.0,0.0,yfinance_raw_daily
2016-03-30,7637.5,7637.5,7500.0,7562.5,5918.56298828125,7394400,0.0,0.0,yfinance_raw_daily
2016-03-31,7600.0,7650.0,7537.5,7600.0,5947.91162109375,8092000,0.0,0.0,yfinance_raw_daily
2016-04-01,7575.0,7662.5,7562.5,7662.5,5996.826171875,3892000,0.0,0.0,yfinance_raw_daily
2016-04-04,7675.0,7737.5,7662.5,7725.0,6045.73974609375,3575200,0.0,0.0,yfinance_raw_daily
2016-04-05,7800.0,7800.0,7587.5,7625.0,5967.47802734375,4066200,0.0,0.0,yfinance_raw_daily
2016-04-06,7575.0,7612.5,7550.0,7600.0,5947.91162109375,3679000,0.0,0.0,yfinance_raw_daily
2016-04-07,7600.0,7675.0,7550.0,7562.5,5918.56298828125,6278800,0.0,0.0,yfinance_raw_daily
2016-04-08,7500.0,7625.0,7500.0,7562.5,5918.56298828125,4702400,0.0,0.0,yfinance_raw_daily
2016-04-11,7562.5,7562.5,7562.5,7562.5,5918.56298828125,0,0.0,0.0,yfinance_raw_daily
2016-04-12,7475.0,7500.0,7450.0,7500.0,5869.65087890625,2956000,0.0,0.0,yfinance_raw_daily
2016-04-13,7500.0,7500.0,7500.0,7500.0,5869.65087890625,0,0.0,0.0,yfinance_raw_daily
2016-04-14,7500.0,7500.0,7500.0,7500.0,5869.65087890625,0,0.0,0.0,yfinance_raw_daily
2016-04-15,7500.0,7500.0,7500.0,7500.0,5869.65087890625,0,0.0,0.0,yfinance_raw_daily
2016-04-18,7500.0,7500.0,7500.0,7500.0,5869.65087890625,0,0.0,0.0,yfinance_raw_daily
2016-04-19,7500.0,7500.0,7500.0,7500.0,5869.65087890625,0,0.0,0.0,yfinance_raw_daily
2016-04-20,7350.0,7500.0,7337.5,7500.0,5869.65087890625,3168200,0.0,0.0,yfinance_raw_daily
2016-04-21,7500.0,7625.0,7500.0,7512.5,5879.43359375,5120600,0.0,0.0,yfinance_raw_daily
2016-04-22,7512.5,7650.0,7525.0,7525.0,5889.2158203125,2261000,0.0,0.0,yfinance_raw_daily
2016-04-25,7525.0,7625.0,7400.0,7562.5,5918.56298828125,2522000,0.0,0.0,yfinance_raw_daily
2016-04-26,7575.0,7600.0,7425.0,7475.0,5850.08544921875,3257800,0.0,0.0,yfinance_raw_daily
2016-04-27,7400.0,7462.5,7375.0,7462.5,5840.3017578125,4538400,0.0,0.0,yfinance_raw_daily
2016-04-28,7462.5,7512.5,7400.0,7512.5,5879.43359375,4828400,0.0,0.0,yfinance_raw_daily
2016-04-29,7612.5,7650.0,7537.5,7637.5,5977.259765625,7289600,0.0,0.0,yfinance_raw_daily
2016-05-02,7687.5,7687.5,7587.5,7650.0,5987.04345703125,3662400,0.0,0.0,yfinance_raw_daily
2016-05-03,7650.0,7687.5,7587.5,7650.0,5987.04345703125,4366800,0.0,0.0,yfinance_raw_daily
2016-05-04,7662.5,7687.5,7600.0,7675.0,6006.609375,5043800,0.0,0.0,yfinance_raw_daily
2016-05-09,7737.5,7750.0,7675.0,7700.0,6026.1748046875,8950400,0.0,0.0,yfinance_raw_daily
2016-05-10,7600.0,7700.0,7562.5,7700.0,6026.1748046875,2427800,0.0,0.0,yfinance_raw_daily
2016-05-11,7750.0,7762.5,7637.5,7750.0,6065.3056640625,6860600,0.0,0.0,yfinance_raw_daily
2016-05-12,7750.0,7775.0,7725.0,7775.0,6084.8701171875,3716200,0.0,0.0,yfinance_raw_daily
2016-05-13,7775.0,7800.0,7737.5,7800.0,6104.435546875,2828800,0.0,0.0,yfinance_raw_daily
2016-05-16,7800.0,7800.0,7675.0,7737.5,6055.5224609375,2699800,0.0,0.0,yfinance_raw_daily
2016-05-17,7737.5,7975.0,7700.0,7950.0,6221.830078125,10514200,0.0,0.0,yfinance_raw_daily
2016-05-18,7950.0,8225.0,7937.5,8200.0,6417.4853515625,13645000,0.0,0.0,yfinance_raw_daily
2016-05-19,8200.0,8200.0,7912.5,7962.5,6231.6123046875,4314600,0.0,0.0,yfinance_raw_daily
2016-05-20,7800.0,8000.0,7700.0,7987.5,6251.1787109375,4875200,0.0,0.0,yfinance_raw_daily
2016-05-23,7987.5,8050.0,7850.0,7987.5,6251.1787109375,2495800,0.0,0.0,yfinance_raw_daily
2016-05-24,7987.5,8012.5,7875.0,7937.5,6212.04638671875,4333000,0.0,0.0,yfinance_raw_daily
2016-05-25,8000.0,8050.0,7850.0,7950.0,6221.830078125,3041800,0.0,0.0,yfinance_raw_daily
2016-05-26,7987.5,7987.5,7887.5,7950.0,6221.830078125,1525000,0.0,0.0,yfinance_raw_daily
2016-05-27,7950.0,8150.0,7900.0,8150.0,6378.353515625,2981400,0.0,0.0,yfinance_raw_daily
2016-05-30,8150.0,8250.0,7937.5,7962.5,6231.6123046875,2555000,0.0,0.0,yfinance_raw_daily
2016-05-31,7962.5,8112.5,7950.0,8100.0,6339.22216796875,8349000,0.0,0.0,yfinance_raw_daily
2016-06-01,8100.0,8100.0,8000.0,8062.5,6309.8740234375,2715600,0.0,0.0,yfinance_raw_daily
2016-06-02,8100.0,8100.0,7937.5,7937.5,6212.04638671875,1229200,0.0,0.0,yfinance_raw_daily
2016-06-03,7962.5,8087.5,7900.0,8037.5,6290.30859375,3178800,0.0,0.0,yfinance_raw_daily
2016-06-06,8087.5,8150.0,8037.5,8150.0,6378.353515625,3929400,0.0,0.0,yfinance_raw_daily
2016-06-07,8200.0,8375.0,8187.5,8375.0,6554.443359375,7117600,0.0,0.0,yfinance_raw_daily
2016-06-08,8375.0,8375.0,8150.0,8350.0,6534.87646484375,5538600,0.0,0.0,yfinance_raw_daily
2016-06-09,8350.0,8400.0,8162.5,8200.0,6417.4853515625,4319200,0.0,0.0,yfinance_raw_daily
2016-06-10,8212.5,8250.0,8137.5,8162.5,6388.13623046875,2501400,0.0,0.0,yfinance_raw_daily
2016-06-13,8125.0,8125.0,8075.0,8075.0,6420.33642578125,2230600,128.0,0.0,yfinance_raw_daily
2016-06-14,8137.5,8350.0,8050.0,8350.0,6638.98681640625,1964000,0.0,0.0,yfinance_raw_daily
2016-06-15,8325.0,8325.0,8175.0,8287.5,6589.29296875,2103000,0.0,0.0,yfinance_raw_daily
2016-06-16,8325.0,8375.0,8250.0,8350.0,6638.98681640625,4461800,0.0,0.0,yfinance_raw_daily
2016-06-17,8387.5,8500.0,8387.5,8500.0,6758.25,5747400,0.0,0.0,yfinance_raw_daily
2016-06-20,8750.0,8762.5,8475.0,8587.5,6827.8203125,4068800,0.0,0.0,yfinance_raw_daily
2016-06-21,8550.0,8675.0,8475.0,8525.0,6778.1259765625,3678000,0.0,0.0,yfinance_raw_daily
2016-06-22,8550.0,8737.5,8487.5,8737.5,6947.0830078125,2616200,0.0,0.0,yfinance_raw_daily
2016-06-23,8525.0,8625.0,8525.0,8575.0,6817.88134765625,3401400,0.0,0.0,yfinance_raw_daily
2016-06-24,8600.0,8637.5,8412.5,8525.0,6778.1259765625,5796600,0.0,0.0,yfinance_raw_daily
2016-06-27,8500.0,8650.0,8487.5,8625.0,6857.6357421875,2241800,0.0,0.0,yfinance_raw_daily
2016-06-28,8675.0,8725.0,8612.5,8650.0,6877.51171875,7246400,0.0,0.0,yfinance_raw_daily
2016-06-29,8850.0,8850.0,8462.5,8500.0,6758.25,5952600,0.0,0.0,yfinance_raw_daily
2016-06-30,8612.5,8612.5,8475.0,8612.5,6847.6962890625,8651000,0.0,0.0,yfinance_raw_daily
2016-07-01,8550.0,8612.5,8437.5,8475.0,6738.3720703125,5966200,0.0,0.0,yfinance_raw_daily
2016-07-11,8500.0,8712.5,8500.0,8712.5,6927.20654296875,7198800,0.0,0.0,yfinance_raw_daily
2016-07-12,8800.0,8800.0,8500.0,8700.0,6917.267578125,5436400,0.0,0.0,yfinance_raw_daily
2016-07-13,8675.0,8737.5,8500.0,8675.0,6897.3896484375,7299200,0.0,0.0,yfinance_raw_daily
2016-07-14,8675.0,8700.0,8500.0,8500.0,6758.25,4925400,0.0,0.0,yfinance_raw_daily
2016-07-15,8587.5,8587.5,8462.5,8500.0,6758.25,5359200,0.0,0.0,yfinance_raw_daily
2016-07-18,8500.0,8537.5,8462.5,8462.5,6728.4345703125,2570400,0.0,0.0,yfinance_raw_daily
2016-07-19,8600.0,8712.5,8525.0,8562.5,6807.94287109375,5331000,0.0,0.0,yfinance_raw_daily
2016-07-20,8600.0,8725.0,8537.5,8725.0,6937.14404296875,5846000,0.0,0.0,yfinance_raw_daily
2016-07-21,8712.5,8712.5,8575.0,8600.0,6837.7587890625,4144400,0.0,0.0,yfinance_raw_daily
2016-07-22,8650.0,8687.5,8625.0,8687.5,6907.32861328125,2197800,0.0,0.0,yfinance_raw_daily
2016-07-25,8725.0,8775.0,8687.5,8775.0,6976.89794921875,4023800,0.0,0.0,yfinance_raw_daily
2016-07-26,8687.5,9012.5,8687.5,8950.0,7116.0390625,4689200,0.0,0.0,yfinance_raw_daily
2016-07-27,9075.0,9150.0,8975.0,9000.0,7155.79296875,4065900,0.0,2.0,yfinance_raw_daily
2016-07-28,9000.0,9025.0,8775.0,8850.0,7036.53076171875,5184700,0.0,0.0,yfinance_raw_daily
2016-07-29,9025.0,9025.0,8600.0,8600.0,6837.7587890625,4375700,0.0,0.0,yfinance_raw_daily
2016-08-01,8700.0,9125.0,8700.0,8925.0,7096.16162109375,6696600,0.0,0.0,yfinance_raw_daily
2016-08-02,8925.0,9075.0,8700.0,8800.0,6996.775390625,4632500,0.0,0.0,yfinance_raw_daily
2016-08-03,8800.0,8900.0,8700.0,8800.0,6996.775390625,3499700,0.0,0.0,yfinance_raw_daily
2016-08-04,8850.0,8850.0,8725.0,8850.0,7036.53076171875,3189300,0.0,0.0,yfinance_raw_daily
2016-08-05,8850.0,8925.0,8825.0,8925.0,7096.16162109375,2868200,0.0,0.0,yfinance_raw_daily
2016-08-08,8850.0,8925.0,8675.0,8825.0,7016.65380859375,5042800,0.0,0.0,yfinance_raw_daily
2016-08-09,8825.0,8825.0,8700.0,8750.0,6957.021484375,4529600,0.0,0.0,yfinance_raw_daily
2016-08-10,8800.0,8800.0,8625.0,8750.0,6957.021484375,3952600,0.0,0.0,yfinance_raw_daily
2016-08-11,8775.0,8800.0,8575.0,8725.0,6937.14404296875,3904100,0.0,0.0,yfinance_raw_daily
2016-08-12,8725.0,8750.0,8600.0,8600.0,6837.7587890625,2723200,0.0,0.0,yfinance_raw_daily
2016-08-15,8700.0,8750.0,8600.0,8650.0,6877.51171875,4945700,0.0,0.0,yfinance_raw_daily
2016-08-16,8700.0,8725.0,8625.0,8725.0,6937.14404296875,3881000,0.0,0.0,yfinance_raw_daily
2016-08-18,8775.0,9225.0,8775.0,9200.0,7314.8115234375,17698500,0.0,0.0,yfinance_raw_daily
2016-08-19,9250.0,9275.0,8950.0,9025.0,7175.67041015625,3987900,0.0,0.0,yfinance_raw_daily
2016-08-22,9050.0,9250.0,9025.0,9250.0,7354.56494140625,4045300,0.0,0.0,yfinance_raw_daily
2016-08-23,9250.0,9350.0,9000.0,9350.0,7434.07470703125,5418700,0.0,0.0,yfinance_raw_daily
2016-08-24,9300.0,9400.0,9125.0,9300.0,7394.31982421875,4153400,0.0,0.0,yfinance_raw_daily
2016-08-25,9300.0,9775.0,9300.0,9625.0,7652.7236328125,13607400,0.0,0.0,yfinance_raw_daily
2016-08-26,9725.0,9825.0,9625.0,9775.0,7771.98681640625,6873200,0.0,0.0,yfinance_raw_daily
2016-08-29,9775.0,9775.0,9250.0,9500.0,7553.337890625,4958200,0.0,0.0,yfinance_raw_daily
2016-08-30,9675.0,9750.0,9500.0,9700.0,7712.3544921875,4689700,0.0,0.0,yfinance_raw_daily
2016-08-31,9500.0,10000.0,9500.0,9975.0,7931.0048828125,7649400,0.0,0.0,yfinance_raw_daily
2016-09-01,9800.0,10275.0,9800.0,10000.0,7950.88134765625,6300100,0.0,0.0,yfinance_raw_daily
2016-09-02,10000.0,10025.0,9600.0,9700.0,7712.3544921875,4988600,0.0,0.0,yfinance_raw_daily
2016-09-05,9700.0,9800.0,9400.0,9450.0,7513.58203125,3422500,0.0,0.0,yfinance_raw_daily
2016-09-06,9475.0,9550.0,9325.0,9475.0,7533.4609375,4248400,0.0,0.0,yfinance_raw_daily
2016-09-07,9475.0,9850.0,9475.0,9700.0,7712.3544921875,9231200,0.0,0.0,yfinance_raw_daily
2016-09-08,9775.0,9800.0,9700.0,9800.0,7791.8642578125,4523300,0.0,0.0,yfinance_raw_daily
2016-09-09,9700.0,9775.0,9400.0,9425.0,7493.70556640625,4468400,0.0,0.0,yfinance_raw_daily
2016-09-13,9450.0,9575.0,9275.0,9425.0,7493.70556640625,4145900,0.0,0.0,yfinance_raw_daily
2016-09-14,9250.0,9300.0,8975.0,9025.0,7175.67041015625,9799000,0.0,0.0,yfinance_raw_daily
2016-09-15,9150.0,9450.0,9050.0,9450.0,7513.58203125,9671800,0.0,0.0,yfinance_raw_daily
2016-09-16,9500.0,9525.0,9350.0,9475.0,7533.4609375,4697800,0.0,0.0,yfinance_raw_daily
2016-09-19,9475.0,9700.0,9475.0,9700.0,7712.3544921875,3459900,0.0,0.0,yfinance_raw_daily
2016-09-20,9775.0,9800.0,9525.0,9600.0,7632.84619140625,3392200,0.0,0.0,yfinance_raw_daily
2016-09-21,9600.0,9700.0,9500.0,9600.0,7632.84619140625,5739100,0.0,0.0,yfinance_raw_daily
2016-09-22,9600.0,9700.0,9400.0,9475.0,7533.4609375,7244400,0.0,0.0,yfinance_raw_daily
2016-09-23,9500.0,9550.0,9325.0,9500.0,7553.337890625,6806100,0.0,0.0,yfinance_raw_daily
2016-09-26,9450.0,9450.0,9300.0,9350.0,7434.07470703125,2836400,0.0,0.0,yfinance_raw_daily
2016-09-27,9300.0,9350.0,9200.0,9300.0,7394.31982421875,12236400,0.0,0.0,yfinance_raw_daily
2016-09-28,9375.0,9650.0,9325.0,9625.0,7652.7236328125,13060600,0.0,0.0,yfinance_raw_daily
2016-09-29,9700.0,9775.0,9575.0,9725.0,7732.232421875,5939800,0.0,0.0,yfinance_raw_daily
2016-09-30,9700.0,9700.0,9475.0,9475.0,7533.4609375,6148100,0.0,0.0,yfinance_raw_daily
2016-10-03,9475.0,9750.0,9475.0,9750.0,7752.1103515625,2909900,0.0,0.0,yfinance_raw_daily
2016-10-04,9750.0,9800.0,9625.0,9750.0,7752.1103515625,4785300,0.0,0.0,yfinance_raw_daily
2016-10-05,9775.0,9775.0,9475.0,9725.0,7732.232421875,2798900,0.0,0.0,yfinance_raw_daily
2016-10-06,9700.0,9800.0,9650.0,9725.0,7732.232421875,1875100,0.0,0.0,yfinance_raw_daily
2016-10-07,9725.0,9750.0,9550.0,9575.0,7612.9697265625,2410900,0.0,0.0,yfinance_raw_daily
2016-10-10,9800.0,9800.0,9575.0,9625.0,7652.7236328125,1783600,0.0,0.0,yfinance_raw_daily
2016-10-11,9600.0,9800.0,9575.0,9800.0,7791.8642578125,3758900,0.0,0.0,yfinance_raw_daily
2016-10-12,9625.0,10000.0,9625.0,9800.0,7791.8642578125,5154700,0.0,0.0,yfinance_raw_daily
2016-10-13,9800.0,9975.0,9475.0,9475.0,7533.4609375,3217500,0.0,0.0,yfinance_raw_daily
2016-10-14,9525.0,9950.0,9525.0,9800.0,7791.8642578125,4129300,0.0,0.0,yfinance_raw_daily
2016-10-17,9775.0,9825.0,9600.0,9600.0,7632.84619140625,4754800,0.0,0.0,yfinance_raw_daily
2016-10-18,9600.0,9650.0,9525.0,9525.0,7573.21435546875,2668700,0.0,0.0,yfinance_raw_daily
2016-10-19,9525.0,9625.0,9450.0,9450.0,7513.58203125,3324400,0.0,0.0,yfinance_raw_daily
2016-10-20,9550.0,9625.0,9450.0,9475.0,7533.4609375,1461900,0.0,0.0,yfinance_raw_daily
2016-10-21,9600.0,9700.0,9500.0,9575.0,7612.9697265625,2176700,0.0,0.0,yfinance_raw_daily
2016-10-24,9500.0,9725.0,9500.0,9500.0,7553.337890625,2595300,0.0,0.0,yfinance_raw_daily
2016-10-25,9525.0,9650.0,9525.0,9600.0,7632.84619140625,1662300,0.0,0.0,yfinance_raw_daily
2016-10-26,9525.0,9675.0,9500.0,9525.0,7573.21435546875,2304300,0.0,0.0,yfinance_raw_daily
2016-10-27,9525.0,9575.0,9475.0,9575.0,7612.9697265625,3010700,0.0,0.0,yfinance_raw_daily
2016-10-28,9650.0,9650.0,9525.0,9525.0,7573.21435546875,774700,0.0,0.0,yfinance_raw_daily
2016-10-31,9450.0,9650.0,9350.0,9400.0,7473.82958984375,4146000,0.0,0.0,yfinance_raw_daily
2016-11-01,9350.0,9400.0,9175.0,9200.0,7314.8115234375,6362800,0.0,0.0,yfinance_raw_daily
2016-11-02,9200.0,9300.0,9125.0,9150.0,7275.056640625,4497700,0.0,0.0,yfinance_raw_daily
2016-11-03,9150.0,9250.0,8800.0,8800.0,6996.775390625,6631700,0.0,0.0,yfinance_raw_daily
2016-11-04,8900.0,9125.0,8825.0,9100.0,7235.302734375,5100200,0.0,0.0,yfinance_raw_daily
2016-11-07,9050.0,9350.0,9000.0,9275.0,7374.44287109375,4900200,0.0,0.0,yfinance_raw_daily
2016-11-08,9350.0,9600.0,9300.0,9575.0,7612.9697265625,7809500,0.0,0.0,yfinance_raw_daily
2016-11-09,9650.0,9650.0,9125.0,9450.0,7513.58203125,7722400,0.0,0.0,yfinance_raw_daily
2016-11-10,9500.0,9625.0,9425.0,9425.0,7493.70556640625,5432600,0.0,0.0,yfinance_raw_daily
2016-11-11,9350.0,9350.0,8725.0,8775.0,6976.89794921875,11327100,0.0,0.0,yfinance_raw_daily
2016-11-14,8700.0,8800.0,8350.0,8550.0,6798.00390625,17381700,0.0,0.0,yfinance_raw_daily
2016-11-15,8600.0,8850.0,8350.0,8650.0,6877.51171875,12599700,0.0,0.0,yfinance_raw_daily
2016-11-16,8650.0,8975.0,8650.0,8825.0,7016.65380859375,6880100,0.0,0.0,yfinance_raw_daily
2016-11-17,8850.0,9100.0,8775.0,9100.0,7235.302734375,2864200,0.0,0.0,yfinance_raw_daily
2016-11-18,9100.0,9100.0,8800.0,9100.0,7235.302734375,6086400,0.0,0.0,yfinance_raw_daily
2016-11-21,9100.0,9100.0,8750.0,8775.0,6976.89794921875,6870800,0.0,0.0,yfinance_raw_daily
2016-11-22,8775.0,8850.0,8650.0,8725.0,6937.14404296875,5117400,0.0,0.0,yfinance_raw_daily
2016-11-23,8725.0,8775.0,8625.0,8775.0,6976.89794921875,4595100,0.0,0.0,yfinance_raw_daily
2016-11-24,8725.0,8750.0,8550.0,8550.0,6798.00390625,3254100,0.0,0.0,yfinance_raw_daily
2016-11-25,8550.0,8550.0,8250.0,8275.0,6579.35400390625,5137100,0.0,0.0,yfinance_raw_daily
2016-11-28,8150.0,8400.0,8150.0,8350.0,6638.98681640625,4295500,0.0,0.0,yfinance_raw_daily
2016-11-29,8350.0,8525.0,8300.0,8425.0,6698.61865234375,4288600,0.0,0.0,yfinance_raw_daily
2016-11-30,8475.0,8725.0,8450.0,8650.0,6877.51171875,6724600,0.0,0.0,yfinance_raw_daily
2016-12-01,8650.0,8800.0,8600.0,8625.0,6857.6357421875,2329600,0.0,0.0,yfinance_raw_daily
2016-12-02,8600.0,8825.0,8525.0,8750.0,6957.021484375,2588500,0.0,0.0,yfinance_raw_daily
2016-12-05,8750.0,8975.0,8750.0,8875.0,7056.408203125,2353500,0.0,0.0,yfinance_raw_daily
2016-12-06,8975.0,9025.0,8675.0,8700.0,6917.267578125,3537700,0.0,0.0,yfinance_raw_daily
2016-12-07,8700.0,8725.0,8575.0,8675.0,6897.3896484375,4306300,0.0,0.0,yfinance_raw_daily
2016-12-08,8700.0,8850.0,8600.0,8850.0,7036.53076171875,4035300,0.0,0.0,yfinance_raw_daily
2016-12-09,8750.0,8850.0,8750.0,8850.0,7036.53076171875,1367200,0.0,0.0,yfinance_raw_daily
2016-12-13,8850.0,8950.0,8725.0,8950.0,7116.0390625,3094300,0.0,0.0,yfinance_raw_daily
2016-12-14,8900.0,8950.0,8825.0,8925.0,7096.16162109375,2122900,0.0,0.0,yfinance_raw_daily
2016-12-15,8900.0,8900.0,8700.0,8700.0,6917.267578125,1550300,0.0,0.0,yfinance_raw_daily
2016-12-16,8650.0,8775.0,8550.0,8625.0,6857.6357421875,5904800,0.0,0.0,yfinance_raw_daily
2016-12-19,8625.0,8625.0,8325.0,8325.0,6619.10888671875,3434300,0.0,0.0,yfinance_raw_daily
2016-12-20,8350.0,8425.0,8100.0,8175.0,6499.845703125,3391800,0.0,0.0,yfinance_raw_daily
2016-12-21,8200.0,8300.0,7925.0,7925.0,6301.07373046875,4791800,0.0,0.0,yfinance_raw_daily
2016-12-22,7925.0,8050.0,7700.0,7775.0,6181.81103515625,5362800,0.0,0.0,yfinance_raw_daily
2016-12-23,7675.0,7900.0,7550.0,7550.0,6002.916015625,6383800,0.0,0.0,yfinance_raw_daily
2016-12-27,7600.0,8075.0,7600.0,7950.0,6320.95068359375,2735300,0.0,0.0,yfinance_raw_daily
2016-12-28,8000.0,8375.0,8000.0,8325.0,6619.10888671875,5231800,0.0,0.0,yfinance_raw_daily
2016-12-29,8350.0,8650.0,8275.0,8625.0,6857.6357421875,4821800,0.0,0.0,yfinance_raw_daily
2016-12-30,8600.0,8675.0,8425.0,8575.0,6817.88134765625,6203000,0.0,0.0,yfinance_raw_daily
2017-01-02,8575.0,8575.0,8575.0,8575.0,6817.88134765625,0,0.0,0.0,yfinance_raw_daily
2017-01-03,8500.0,8625.0,8400.0,8600.0,6837.7587890625,2040600,0.0,0.0,yfinance_raw_daily
2017-01-04,8575.0,8750.0,8575.0,8600.0,6837.7587890625,4027100,0.0,0.0,yfinance_raw_daily
2017-01-05,8600.0,8700.0,8550.0,8575.0,6817.88134765625,3970900,0.0,0.0,yfinance_raw_daily
2017-01-06,8650.0,8650.0,8525.0,8525.0,6778.1259765625,1497300,0.0,0.0,yfinance_raw_daily
2017-01-09,8525.0,8800.0,8525.0,8800.0,6996.775390625,5899200,0.0,0.0,yfinance_raw_daily
2017-01-10,8800.0,8825.0,8600.0,8775.0,6976.89794921875,1942400,0.0,0.0,yfinance_raw_daily
2017-01-11,8700.0,8725.0,8575.0,8575.0,6817.88134765625,2354800,0.0,0.0,yfinance_raw_daily
2017-01-12,8525.0,8625.0,8525.0,8550.0,6798.00390625,1985700,0.0,0.0,yfinance_raw_daily
2017-01-13,8500.0,8600.0,8450.0,8525.0,6778.1259765625,4278600,0.0,0.0,yfinance_raw_daily
2017-01-16,8400.0,8550.0,8375.0,8450.0,6718.49462890625,3834200,0.0,0.0,yfinance_raw_daily
2017-01-17,8450.0,8525.0,8425.0,8425.0,6698.61865234375,2273700,0.0,0.0,yfinance_raw_daily
2017-01-18,8375.0,8600.0,8375.0,8575.0,6817.88134765625,4515000,0.0,0.0,yfinance_raw_daily
2017-01-19,8600.0,8650.0,8575.0,8600.0,6837.7587890625,4785000,0.0,0.0,yfinance_raw_daily
2017-01-20,8600.0,8600.0,8425.0,8500.0,6758.25,2326100,0.0,0.0,yfinance_raw_daily
2017-01-23,8500.0,8550.0,8350.0,8450.0,6718.49462890625,1040900,0.0,0.0,yfinance_raw_daily
2017-01-24,8425.0,8550.0,8425.0,8475.0,6738.3720703125,3841900,0.0,0.0,yfinance_raw_daily
2017-01-25,8600.0,8600.0,8450.0,8600.0,6837.7587890625,1916400,0.0,0.0,yfinance_raw_daily
2017-01-26,8650.0,8700.0,8475.0,8550.0,6798.00390625,2818800,0.0,0.0,yfinance_raw_daily
2017-01-27,8500.0,8650.0,8450.0,8550.0,6798.00390625,923300,0.0,0.0,yfinance_raw_daily
2017-01-30,8550.0,8550.0,8425.0,8475.0,6738.3720703125,1782100,0.0,0.0,yfinance_raw_daily
2017-01-31,8400.0,8525.0,8400.0,8400.0,6678.7392578125,2976900,0.0,0.0,yfinance_raw_daily
2017-02-01,8400.0,8500.0,8400.0,8425.0,6698.61865234375,3966000,0.0,0.0,yfinance_raw_daily
2017-02-02,8425.0,8500.0,8400.0,8450.0,6718.49462890625,6861500,0.0,0.0,yfinance_raw_daily
2017-02-03,8450.0,8475.0,8375.0,8450.0,6718.49462890625,5433300,0.0,0.0,yfinance_raw_daily
2017-02-06,8425.0,8575.0,8400.0,8575.0,6817.88134765625,2118200,0.0,0.0,yfinance_raw_daily
2017-02-07,8575.0,8575.0,8475.0,8475.0,6738.3720703125,2710300,0.0,0.0,yfinance_raw_daily
2017-02-08,8525.0,8525.0,8425.0,8500.0,6758.25,2501600,0.0,0.0,yfinance_raw_daily
2017-02-09,8525.0,8550.0,8425.0,8500.0,6758.25,3318400,0.0,0.0,yfinance_raw_daily
2017-02-10,8450.0,8550.0,8450.0,8550.0,6798.00390625,3053900,0.0,0.0,yfinance_raw_daily
2017-02-13,8475.0,8525.0,8475.0,8500.0,6758.25,7923300,0.0,0.0,yfinance_raw_daily
2017-02-14,8475.0,8525.0,8450.0,8450.0,6718.49462890625,7508800,0.0,0.0,yfinance_raw_daily
2017-02-15,8450.0,8450.0,8450.0,8450.0,6718.49462890625,0,0.0,0.0,yfinance_raw_daily
2017-02-16,8400.0,8450.0,8375.0,8400.0,6678.7392578125,16963200,0.0,0.0,yfinance_raw_daily
2017-02-17,8400.0,8450.0,8350.0,8375.0,6658.86376953125,4533500,0.0,0.0,yfinance_raw_daily
2017-02-20,8400.0,8450.0,8350.0,8375.0,6658.86376953125,4499500,0.0,0.0,yfinance_raw_daily
2017-02-21,8425.0,8475.0,8250.0,8250.0,6559.4775390625,4601400,0.0,0.0,yfinance_raw_daily
2017-02-22,8400.0,8425.0,8250.0,8250.0,6559.4775390625,8560200,0.0,0.0,yfinance_raw_daily
2017-02-23,8250.0,8375.0,8250.0,8300.0,6599.232421875,9825900,0.0,0.0,yfinance_raw_daily
2017-02-24,8250.0,8375.0,8250.0,8325.0,6619.10888671875,5325200,0.0,0.0,yfinance_raw_daily
2017-02-27,8350.0,8375.0,8300.0,8350.0,6638.98681640625,3935800,0.0,0.0,yfinance_raw_daily
2017-02-28,8300.0,8350.0,8275.0,8325.0,6619.10888671875,4578500,0.0,0.0,yfinance_raw_daily
2017-03-01,8250.0,8325.0,8200.0,8275.0,6579.35400390625,3424800,0.0,0.0,yfinance_raw_daily
2017-03-02,8300.0,8375.0,8250.0,8250.0,6559.4775390625,3950900,0.0,0.0,yfinance_raw_daily
2017-03-03,8275.0,8375.0,8225.0,8225.0,6539.60107421875,3121200,0.0,0.0,yfinance_raw_daily
2017-03-06,8325.0,8350.0,8225.0,8300.0,6599.232421875,1353200,0.0,0.0,yfinance_raw_daily
2017-03-07,8300.0,8300.0,8150.0,8225.0,6539.60107421875,7297300,0.0,0.0,yfinance_raw_daily
2017-03-08,8300.0,8300.0,8075.0,8200.0,6519.72216796875,6077600,0.0,0.0,yfinance_raw_daily
2017-03-09,8150.0,8225.0,8125.0,8150.0,6479.96875,1970600,0.0,0.0,yfinance_raw_daily
2017-03-10,8225.0,8225.0,8075.0,8150.0,6479.96875,2782500,0.0,0.0,yfinance_raw_daily
2017-03-13,8150.0,8325.0,8150.0,8325.0,6619.10888671875,1766300,0.0,0.0,yfinance_raw_daily
2017-03-14,8350.0,8475.0,8275.0,8375.0,6658.86376953125,3421700,0.0,0.0,yfinance_raw_daily
2017-03-15,8400.0,8525.0,8275.0,8475.0,6738.3720703125,4179400,0.0,0.0,yfinance_raw_daily
2017-03-16,8550.0,8875.0,8450.0,8825.0,7016.65380859375,10142600,0.0,0.0,yfinance_raw_daily
2017-03-17,8875.0,8900.0,8525.0,8700.0,6917.267578125,10546500,0.0,0.0,yfinance_raw_daily
2017-03-20,8725.0,8750.0,8625.0,8725.0,6937.14404296875,2024700,0.0,0.0,yfinance_raw_daily
2017-03-21,8725.0,8750.0,8600.0,8725.0,6937.14404296875,2329100,0.0,0.0,yfinance_raw_daily
2017-03-22,8700.0,8800.0,8500.0,8800.0,6996.775390625,5600600,0.0,0.0,yfinance_raw_daily
2017-03-23,8775.0,8800.0,8750.0,8775.0,6976.89794921875,3011200,0.0,0.0,yfinance_raw_daily
2017-03-24,8900.0,8950.0,8550.0,8600.0,6837.7587890625,6528800,0.0,0.0,yfinance_raw_daily
2017-03-27,8425.0,8650.0,8425.0,8425.0,6698.61865234375,2833700,0.0,0.0,yfinance_raw_daily
2017-03-29,8450.0,8575.0,8375.0,8375.0,6658.86376953125,9925900,0.0,0.0,yfinance_raw_daily
2017-03-30,8250.0,8450.0,8250.0,8250.0,6559.4775390625,7328100,0.0,0.0,yfinance_raw_daily
2017-03-31,8250.0,8400.0,8150.0,8150.0,6479.96875,4878300,0.0,0.0,yfinance_raw_daily
2017-04-03,8200.0,8450.0,8200.0,8425.0,6698.61865234375,2068600,0.0,0.0,yfinance_raw_daily
2017-04-04,8400.0,8425.0,8275.0,8400.0,6678.7392578125,3444200,0.0,0.0,yfinance_raw_daily
2017-04-05,8400.0,8400.0,8400.0,8400.0,6678.7392578125,0,0.0,0.0,yfinance_raw_daily
2017-04-06,8300.0,8325.0,8200.0,8225.0,6539.60107421875,10471800,0.0,0.0,yfinance_raw_daily
2017-04-07,8200.0,8225.0,8150.0,8175.0,6499.845703125,7078600,0.0,0.0,yfinance_raw_daily
2017-04-10,8200.0,8250.0,8150.0,8175.0,6499.845703125,3083400,0.0,0.0,yfinance_raw_daily
2017-04-11,8200.0,8225.0,8100.0,8125.0,6460.091796875,7277700,0.0,0.0,yfinance_raw_daily
2017-04-12,8100.0,8125.0,7975.0,8100.0,6440.21435546875,13885500,0.0,0.0,yfinance_raw_daily
2017-04-13,8100.0,8200.0,8100.0,8125.0,6460.091796875,4228100,0.0,0.0,yfinance_raw_daily
2017-04-17,8100.0,8225.0,8100.0,8150.0,6479.96875,3206500,0.0,0.0,yfinance_raw_daily
2017-04-18,8175.0,8200.0,8075.0,8200.0,6519.72216796875,7389500,0.0,0.0,yfinance_raw_daily
2017-04-19,8200.0,8200.0,8200.0,8200.0,6519.72216796875,0,0.0,0.0,yfinance_raw_daily
2017-04-20,8100.0,8225.0,8100.0,8175.0,6499.845703125,3410900,0.0,0.0,yfinance_raw_daily
2017-04-21,8200.0,8425.0,8150.0,8400.0,6678.7392578125,4351900,0.0,0.0,yfinance_raw_daily
2017-04-25,8450.0,8500.0,8375.0,8500.0,6758.25,6203900,0.0,0.0,yfinance_raw_daily
2017-04-26,8500.0,8550.0,8425.0,8525.0,6778.1259765625,6733500,0.0,0.0,yfinance_raw_daily
2017-04-27,8525.0,8725.0,8500.0,8700.0,6917.267578125,10926300,0.0,0.0,yfinance_raw_daily
2017-04-28,8800.0,8950.0,8775.0,8775.0,6976.89794921875,16681500,0.0,0.0,yfinance_raw_daily
2017-05-02,8775.0,8775.0,8550.0,8550.0,6798.00390625,3454900,0.0,0.0,yfinance_raw_daily
2017-05-03,8550.0,8650.0,8475.0,8600.0,6837.7587890625,5304900,0.0,0.0,yfinance_raw_daily
2017-05-04,8550.0,8650.0,8425.0,8600.0,6837.7587890625,6363800,0.0,0.0,yfinance_raw_daily
2017-05-05,8600.0,8650.0,8550.0,8625.0,6857.6357421875,3246000,0.0,0.0,yfinance_raw_daily
2017-05-08,8650.0,8675.0,8600.0,8600.0,6837.7587890625,5840400,0.0,0.0,yfinance_raw_daily
2017-05-09,8675.0,8675.0,8600.0,8625.0,6857.6357421875,4784600,0.0,0.0,yfinance_raw_daily
2017-05-10,8675.0,8700.0,8500.0,8700.0,6917.267578125,3719900,0.0,0.0,yfinance_raw_daily
2017-05-12,8700.0,8750.0,8600.0,8600.0,6837.7587890625,3426100,0.0,0.0,yfinance_raw_daily
2017-05-15,8675.0,8700.0,8550.0,8625.0,6857.6357421875,2144400,0.0,0.0,yfinance_raw_daily
2017-05-16,8575.0,8675.0,8575.0,8575.0,6817.88134765625,2670000,0.0,0.0,yfinance_raw_daily
2017-05-17,8600.0,8725.0,8525.0,8700.0,6917.267578125,8964800,0.0,0.0,yfinance_raw_daily
2017-05-18,8550.0,8725.0,8525.0,8700.0,6917.267578125,3936900,0.0,0.0,yfinance_raw_daily
2017-05-19,8725.0,9225.0,8625.0,9100.0,7235.302734375,8295800,0.0,0.0,yfinance_raw_daily
2017-05-22,9100.0,9175.0,8650.0,8750.0,6957.021484375,7913700,0.0,0.0,yfinance_raw_daily
2017-05-23,8750.0,8825.0,8725.0,8825.0,7016.65380859375,6923600,0.0,0.0,yfinance_raw_daily
2017-05-24,8700.0,8850.0,8625.0,8825.0,7016.65380859375,2350300,0.0,0.0,yfinance_raw_daily
2017-05-26,8900.0,8900.0,8750.0,8800.0,6996.775390625,5057600,0.0,0.0,yfinance_raw_daily
2017-05-29,8850.0,8875.0,8700.0,8825.0,7016.65380859375,2551400,0.0,0.0,yfinance_raw_daily
2017-05-30,8825.0,8950.0,8650.0,8675.0,6897.3896484375,4949200,0.0,0.0,yfinance_raw_daily
2017-05-31,8675.0,8775.0,8675.0,8700.0,6917.267578125,11977000,0.0,0.0,yfinance_raw_daily
2017-06-01,8700.0,8700.0,8700.0,8700.0,6917.267578125,0,0.0,0.0,yfinance_raw_daily
2017-06-02,8725.0,8825.0,8675.0,8700.0,6917.267578125,7379300,0.0,0.0,yfinance_raw_daily
2017-06-05,8750.0,8800.0,8700.0,8800.0,6996.775390625,1720100,0.0,0.0,yfinance_raw_daily
2017-06-06,8800.0,8850.0,8700.0,8750.0,6957.021484375,4460800,0.0,0.0,yfinance_raw_daily
2017-06-07,8700.0,8800.0,8700.0,8725.0,6937.14404296875,1998200,0.0,0.0,yfinance_raw_daily
2017-06-08,8725.0,8750.0,8375.0,8475.0,6738.3720703125,23630500,0.0,0.0,yfinance_raw_daily
2017-06-09,8475.0,8525.0,8325.0,8400.0,6678.7392578125,15467600,0.0,0.0,yfinance_raw_daily
2017-06-12,8350.0,8525.0,8275.0,8475.0,6864.2158203125,3301800,154.0,0.0,yfinance_raw_daily
2017-06-13,8500.0,8500.0,8450.0,8500.0,6884.46533203125,4854500,0.0,0.0,yfinance_raw_daily
2017-06-14,8500.0,8750.0,8475.0,8750.0,7086.94921875,3812300,0.0,0.0,yfinance_raw_daily
2017-06-15,8700.0,8800.0,8625.0,8750.0,7086.94921875,3319400,0.0,0.0,yfinance_raw_daily
2017-06-16,8650.0,8800.0,8550.0,8750.0,7086.94921875,6907000,0.0,0.0,yfinance_raw_daily
2017-06-19,8750.0,8750.0,8625.0,8675.0,7026.20361328125,2558900,0.0,0.0,yfinance_raw_daily
2017-06-20,8750.0,8800.0,8625.0,8775.0,7107.19775390625,6849400,0.0,0.0,yfinance_raw_daily
2017-06-21,8700.0,8825.0,8700.0,8800.0,7127.4453125,4372000,0.0,0.0,yfinance_raw_daily
2017-06-22,8850.0,8875.0,8650.0,8800.0,7127.4453125,1813600,0.0,0.0,yfinance_raw_daily
2017-06-23,8800.0,8800.0,8800.0,8800.0,7127.4453125,0,0.0,0.0,yfinance_raw_daily
2017-06-26,8800.0,8800.0,8800.0,8800.0,7127.4453125,0,0.0,0.0,yfinance_raw_daily
2017-06-27,8800.0,8800.0,8800.0,8800.0,7127.4453125,0,0.0,0.0,yfinance_raw_daily
2017-06-28,8800.0,8800.0,8800.0,8800.0,7127.4453125,0,0.0,0.0,yfinance_raw_daily
2017-06-29,8800.0,8800.0,8800.0,8800.0,7127.4453125,0,0.0,0.0,yfinance_raw_daily
2017-06-30,8800.0,8800.0,8800.0,8800.0,7127.4453125,0,0.0,0.0,yfinance_raw_daily
2017-07-03,8650.0,8825.0,8650.0,8800.0,7127.4453125,4120600,0.0,0.0,yfinance_raw_daily
2017-07-04,8750.0,8800.0,8750.0,8800.0,7127.4453125,9774600,0.0,0.0,yfinance_raw_daily
2017-07-05,8825.0,8825.0,8600.0,8675.0,7026.20361328125,6315500,0.0,0.0,yfinance_raw_daily
2017-07-06,8675.0,8725.0,8475.0,8525.0,6904.71240234375,12517900,0.0,0.0,yfinance_raw_daily
2017-07-07,8550.0,8575.0,8400.0,8500.0,6884.46533203125,6387800,0.0,0.0,yfinance_raw_daily
2017-07-10,8600.0,8600.0,8450.0,8500.0,6884.46533203125,1792400,0.0,0.0,yfinance_raw_daily
2017-07-11,8500.0,8500.0,8425.0,8475.0,6864.2158203125,3445800,0.0,0.0,yfinance_raw_daily
2017-07-12,8550.0,8600.0,8500.0,8525.0,6904.71240234375,1416000,0.0,0.0,yfinance_raw_daily
2017-07-13,8600.0,8600.0,8475.0,8600.0,6965.45849609375,2903300,0.0,0.0,yfinance_raw_daily
2017-07-14,8525.0,8700.0,8525.0,8700.0,7046.45166015625,3428100,0.0,0.0,yfinance_raw_daily
2017-07-17,8750.0,8750.0,8550.0,8650.0,7005.9541015625,2186300,0.0,0.0,yfinance_raw_daily
2017-07-18,8600.0,8650.0,8575.0,8625.0,6985.70751953125,2151500,0.0,0.0,yfinance_raw_daily
2017-07-19,8625.0,8625.0,8425.0,8500.0,6884.46533203125,8057800,0.0,0.0,yfinance_raw_daily
2017-07-20,8500.0,8550.0,8450.0,8500.0,6884.46533203125,6661200,0.0,0.0,yfinance_raw_daily
2017-07-21,8600.0,8600.0,8450.0,8475.0,6864.2158203125,13697800,0.0,0.0,yfinance_raw_daily
2017-07-24,8475.0,8650.0,8450.0,8650.0,7005.9541015625,6005200,0.0,0.0,yfinance_raw_daily
2017-07-25,8650.0,8675.0,8550.0,8675.0,7026.20361328125,2926200,0.0,0.0,yfinance_raw_daily
2017-07-26,8600.0,8650.0,8500.0,8625.0,6985.70751953125,4498600,0.0,0.0,yfinance_raw_daily
2017-07-27,8625.0,8625.0,8550.0,8600.0,6965.45849609375,4940000,0.0,0.0,yfinance_raw_daily
2017-07-28,8600.0,8625.0,8450.0,8475.0,6864.2158203125,6042700,0.0,0.0,yfinance_raw_daily
2017-07-31,8450.0,8500.0,8275.0,8350.0,6762.97412109375,11906600,0.0,0.0,yfinance_raw_daily
2017-08-01,8300.0,8350.0,8250.0,8325.0,6742.72607421875,6721800,0.0,0.0,yfinance_raw_daily
2017-08-02,8300.0,8350.0,8175.0,8300.0,6722.47705078125,4626600,0.0,0.0,yfinance_raw_daily
2017-08-03,8250.0,8325.0,8225.0,8300.0,6722.47705078125,4140600,0.0,0.0,yfinance_raw_daily
2017-08-04,8250.0,8350.0,8200.0,8300.0,6722.47705078125,5412100,0.0,0.0,yfinance_raw_daily
2017-08-07,8300.0,8325.0,8275.0,8275.0,6702.228515625,3145300,0.0,0.0,yfinance_raw_daily
2017-08-08,8275.0,8350.0,8225.0,8350.0,6762.97412109375,2875600,0.0,0.0,yfinance_raw_daily
2017-08-09,8350.0,8350.0,8225.0,8350.0,6762.97412109375,5668900,0.0,0.0,yfinance_raw_daily
2017-08-10,8375.0,8375.0,8275.0,8300.0,6722.47705078125,1069600,0.0,0.0,yfinance_raw_daily
2017-08-11,8275.0,8350.0,8200.0,8350.0,6762.97412109375,3737400,0.0,0.0,yfinance_raw_daily
2017-08-14,8275.0,8400.0,8275.0,8350.0,6762.97412109375,2787400,0.0,0.0,yfinance_raw_daily
2017-08-15,8325.0,8425.0,8300.0,8400.0,6803.4697265625,2480500,0.0,0.0,yfinance_raw_daily
2017-08-16,8425.0,8675.0,8400.0,8675.0,7026.20361328125,5832600,0.0,0.0,yfinance_raw_daily
2017-08-17,8675.0,8675.0,8675.0,8675.0,7026.20361328125,0,0.0,0.0,yfinance_raw_daily
2017-08-18,8650.0,8700.0,8475.0,8700.0,7046.45166015625,5200300,0.0,0.0,yfinance_raw_daily
2017-08-21,8650.0,8700.0,8500.0,8675.0,7026.20361328125,3484700,0.0,0.0,yfinance_raw_daily
2017-08-22,8600.0,8775.0,8600.0,8725.0,7066.70068359375,4678600,0.0,0.0,yfinance_raw_daily
2017-08-23,8725.0,8800.0,8600.0,8725.0,7066.70068359375,5490200,0.0,0.0,yfinance_raw_daily
2017-08-24,8725.0,8725.0,8525.0,8600.0,6965.45849609375,1898200,0.0,0.0,yfinance_raw_daily
2017-08-25,8600.0,8875.0,8550.0,8850.0,7167.9423828125,5923100,0.0,0.0,yfinance_raw_daily
2017-08-28,8850.0,8850.0,8675.0,8800.0,7127.4453125,1071700,0.0,0.0,yfinance_raw_daily
2017-08-29,8700.0,8725.0,8600.0,8675.0,7026.20361328125,5370400,0.0,0.0,yfinance_raw_daily
2017-08-30,8675.0,8700.0,8600.0,8650.0,7005.9541015625,2446100,0.0,0.0,yfinance_raw_daily
2017-08-31,8650.0,8725.0,8575.0,8725.0,7066.70068359375,1772800,0.0,0.0,yfinance_raw_daily
2017-09-01,8725.0,8725.0,8725.0,8725.0,7066.70068359375,0,0.0,0.0,yfinance_raw_daily
2017-09-04,8700.0,8700.0,8550.0,8675.0,7026.20361328125,2763400,0.0,0.0,yfinance_raw_daily
2017-09-05,8675.0,8675.0,8550.0,8575.0,6945.2099609375,2221300,0.0,0.0,yfinance_raw_daily
2017-09-06,8575.0,8775.0,8575.0,8775.0,7107.19775390625,3715400,0.0,0.0,yfinance_raw_daily
2017-09-07,8775.0,8800.0,8700.0,8725.0,7066.70068359375,2045800,0.0,0.0,yfinance_raw_daily
2017-09-08,8700.0,8825.0,8675.0,8725.0,7066.70068359375,2544200,0.0,0.0,yfinance_raw_daily
2017-09-11,8750.0,8800.0,8675.0,8700.0,7046.45166015625,1464100,0.0,0.0,yfinance_raw_daily
2017-09-12,8800.0,8825.0,8750.0,8775.0,7107.19775390625,3686200,0.0,0.0,yfinance_raw_daily
2017-09-13,8750.0,8775.0,8675.0,8775.0,7107.19775390625,3350500,0.0,0.0,yfinance_raw_daily
2017-09-14,8800.0,8800.0,8725.0,8725.0,7066.70068359375,2231100,0.0,0.0,yfinance_raw_daily
2017-09-15,8675.0,8825.0,8600.0,8700.0,7046.45166015625,5403000,0.0,0.0,yfinance_raw_daily
2017-09-18,8700.0,8825.0,8675.0,8775.0,7107.19775390625,2503700,0.0,0.0,yfinance_raw_daily
2017-09-19,8775.0,8825.0,8750.0,8825.0,7147.69384765625,3482000,0.0,0.0,yfinance_raw_daily
2017-09-20,8850.0,8875.0,8800.0,8850.0,7167.9423828125,7447000,0.0,0.0,yfinance_raw_daily
2017-09-21,8850.0,8850.0,8850.0,8850.0,7167.9423828125,0,0.0,0.0,yfinance_raw_daily
2017-09-22,8850.0,8925.0,8825.0,8875.0,7188.19189453125,6249600,0.0,0.0,yfinance_raw_daily
2017-09-25,8875.0,8950.0,8800.0,8900.0,7208.439453125,3282400,0.0,0.0,yfinance_raw_daily
2017-09-26,8925.0,8950.0,8700.0,8800.0,7127.4453125,1374100,0.0,0.0,yfinance_raw_daily
2017-09-27,8850.0,8875.0,8725.0,8825.0,7147.69384765625,3019400,0.0,0.0,yfinance_raw_daily
2017-09-28,8750.0,8925.0,8725.0,8725.0,7066.70068359375,2436900,0.0,0.0,yfinance_raw_daily
2017-09-29,8725.0,8900.0,8725.0,8725.0,7066.70068359375,5858300,0.0,0.0,yfinance_raw_daily
2017-10-02,8750.0,8900.0,8750.0,8875.0,7188.19189453125,2844500,0.0,0.0,yfinance_raw_daily
2017-10-03,8900.0,8925.0,8650.0,8700.0,7046.45166015625,4266100,0.0,0.0,yfinance_raw_daily
2017-10-04,8725.0,8825.0,8725.0,8775.0,7107.19775390625,4151100,0.0,0.0,yfinance_raw_daily
2017-10-05,8825.0,8825.0,8625.0,8675.0,7026.20361328125,10442900,0.0,0.0,yfinance_raw_daily
2017-10-06,8675.0,8725.0,8625.0,8650.0,7005.9541015625,3780500,0.0,0.0,yfinance_raw_daily
2017-10-09,8650.0,8750.0,8625.0,8700.0,7046.45166015625,2114100,0.0,0.0,yfinance_raw_daily
2017-10-10,8700.0,8825.0,8650.0,8700.0,7046.45166015625,2812300,0.0,0.0,yfinance_raw_daily
2017-10-11,8700.0,8800.0,8650.0,8725.0,7066.70068359375,2031400,0.0,0.0,yfinance_raw_daily
2017-10-12,8725.0,8775.0,8625.0,8700.0,7046.45166015625,12663700,0.0,0.0,yfinance_raw_daily
2017-10-13,8700.0,8850.0,8675.0,8825.0,7147.69384765625,2883300,0.0,0.0,yfinance_raw_daily
2017-10-16,8825.0,8825.0,8700.0,8700.0,7046.45166015625,2555700,0.0,0.0,yfinance_raw_daily
2017-10-17,8750.0,8850.0,8725.0,8850.0,7167.9423828125,5599700,0.0,0.0,yfinance_raw_daily
2017-10-18,8850.0,8900.0,8700.0,8875.0,7188.19189453125,2611800,0.0,0.0,yfinance_raw_daily
2017-10-19,8725.0,9000.0,8725.0,8925.0,7228.6875,5052900,0.0,0.0,yfinance_raw_daily
2017-10-20,8850.0,8925.0,8725.0,8725.0,7066.70068359375,3103800,0.0,0.0,yfinance_raw_daily
2017-10-23,8800.0,8900.0,8650.0,8850.0,7167.9423828125,3298400,0.0,0.0,yfinance_raw_daily
2017-10-24,8850.0,8900.0,8725.0,8725.0,7066.70068359375,1931100,0.0,0.0,yfinance_raw_daily
2017-10-25,8750.0,8875.0,8750.0,8875.0,7188.19189453125,3556700,0.0,0.0,yfinance_raw_daily
2017-10-26,8900.0,8925.0,8800.0,8900.0,7208.439453125,5364300,0.0,0.0,yfinance_raw_daily
2017-10-27,8875.0,8925.0,8850.0,8900.0,7208.439453125,5206600,0.0,0.0,yfinance_raw_daily
2017-10-30,8900.0,8925.0,8825.0,8825.0,7147.69384765625,4968200,0.0,0.0,yfinance_raw_daily
2017-10-31,9000.0,9000.0,8750.0,8800.0,7127.4453125,4606300,0.0,0.0,yfinance_raw_daily
2017-11-01,8825.0,8850.0,8675.0,8850.0,7167.9423828125,2518000,0.0,0.0,yfinance_raw_daily
2017-11-02,8875.0,8875.0,8600.0,8625.0,6985.70751953125,5279800,0.0,0.0,yfinance_raw_daily
2017-11-03,8675.0,8900.0,8625.0,8850.0,7167.9423828125,2488300,0.0,0.0,yfinance_raw_daily
2017-11-06,8800.0,8800.0,8725.0,8750.0,7086.94921875,2780900,0.0,0.0,yfinance_raw_daily
2017-11-07,8750.0,8775.0,8575.0,8575.0,6945.2099609375,2895900,0.0,0.0,yfinance_raw_daily
2017-11-08,8700.0,8700.0,8500.0,8500.0,6884.46533203125,3348000,0.0,0.0,yfinance_raw_daily
2017-11-09,8575.0,8575.0,8500.0,8500.0,6884.46533203125,3479900,0.0,0.0,yfinance_raw_daily
2017-11-10,8500.0,8550.0,8500.0,8525.0,6904.71240234375,2194000,0.0,0.0,yfinance_raw_daily
2017-11-13,8525.0,8600.0,8525.0,8550.0,6924.9619140625,2212100,0.0,0.0,yfinance_raw_daily
2017-11-14,8550.0,8625.0,8550.0,8550.0,6924.9619140625,2366700,0.0,0.0,yfinance_raw_daily
2017-11-15,8550.0,8700.0,8550.0,8575.0,6945.2099609375,2507100,0.0,0.0,yfinance_raw_daily
2017-11-16,8700.0,8800.0,8675.0,8750.0,7086.94921875,2238400,0.0,0.0,yfinance_raw_daily
2017-11-17,8800.0,9000.0,8750.0,8950.0,7248.93603515625,4087700,0.0,0.0,yfinance_raw_daily
2017-11-20,9000.0,9000.0,8900.0,8925.0,7228.6875,3709400,0.0,0.0,yfinance_raw_daily
2017-11-21,8925.0,8950.0,8850.0,8900.0,7208.439453125,4210400,0.0,0.0,yfinance_raw_daily
2017-11-22,8825.0,8900.0,8825.0,8825.0,7147.69384765625,3103700,0.0,0.0,yfinance_raw_daily
2017-11-23,8825.0,8900.0,8675.0,8725.0,7066.70068359375,1951300,0.0,0.0,yfinance_raw_daily
2017-11-24,8775.0,8800.0,8550.0,8550.0,6924.9619140625,2882200,0.0,0.0,yfinance_raw_daily
2017-11-27,8650.0,8825.0,8600.0,8675.0,7026.20361328125,8435400,0.0,0.0,yfinance_raw_daily
2017-11-28,8700.0,8800.0,8675.0,8675.0,7026.20361328125,12187700,0.0,0.0,yfinance_raw_daily
2017-11-29,8700.0,8825.0,8700.0,8775.0,7107.19775390625,11105600,0.0,0.0,yfinance_raw_daily
2017-11-30,8825.0,8875.0,8450.0,8450.0,6843.9677734375,14947800,0.0,0.0,yfinance_raw_daily
2017-12-01,8450.0,8450.0,8450.0,8450.0,6843.9677734375,0,0.0,0.0,yfinance_raw_daily
2017-12-04,8600.0,8875.0,8600.0,8750.0,7086.94921875,5190000,0.0,0.0,yfinance_raw_daily
2017-12-05,8750.0,8900.0,8650.0,8650.0,7005.9541015625,2874300,0.0,0.0,yfinance_raw_daily
2017-12-06,8700.0,8900.0,8625.0,8850.0,7167.9423828125,2963500,0.0,0.0,yfinance_raw_daily
2017-12-07,8850.0,8950.0,8675.0,8675.0,7026.20361328125,3179500,0.0,0.0,yfinance_raw_daily
2017-12-08,8700.0,8850.0,8700.0,8775.0,7107.19775390625,1299300,0.0,0.0,yfinance_raw_daily
2017-12-11,8775.0,8900.0,8700.0,8700.0,7046.45166015625,1581200,0.0,0.0,yfinance_raw_daily
2017-12-12,8725.0,8825.0,8725.0,8800.0,7127.4453125,2017400,0.0,0.0,yfinance_raw_daily
2017-12-13,8800.0,8850.0,8750.0,8775.0,7107.19775390625,2723400,0.0,0.0,yfinance_raw_daily
2017-12-14,8850.0,8850.0,8700.0,8800.0,7127.4453125,4387300,0.0,0.0,yfinance_raw_daily
2017-12-15,8800.0,8800.0,8600.0,8725.0,7066.70068359375,11590100,0.0,0.0,yfinance_raw_daily
2017-12-18,8725.0,8925.0,8675.0,8925.0,7228.6875,3682000,0.0,0.0,yfinance_raw_daily
2017-12-19,8925.0,8975.0,8775.0,8875.0,7188.19189453125,2925000,0.0,0.0,yfinance_raw_daily
2017-12-20,8850.0,8925.0,8725.0,8925.0,7228.6875,3561800,0.0,0.0,yfinance_raw_daily
2017-12-21,8950.0,9125.0,8925.0,9075.0,7350.17822265625,10573300,0.0,0.0,yfinance_raw_daily
2017-12-22,9075.0,9150.0,8850.0,9000.0,7289.43310546875,3190600,0.0,0.0,yfinance_raw_daily
2017-12-25,9000.0,9000.0,9000.0,9000.0,7289.43310546875,0,0.0,0.0,yfinance_raw_daily
2017-12-26,9000.0,9000.0,9000.0,9000.0,7289.43310546875,0,0.0,0.0,yfinance_raw_daily
2017-12-27,9000.0,9100.0,8875.0,9000.0,7289.43310546875,2361800,0.0,0.0,yfinance_raw_daily
2017-12-28,9000.0,9000.0,8750.0,8900.0,7208.439453125,6811300,0.0,0.0,yfinance_raw_daily
2017-12-29,8900.0,9000.0,8875.0,8900.0,7208.439453125,5181700,0.0,0.0,yfinance_raw_daily
2018-01-01,8900.0,8900.0,8900.0,8900.0,7208.439453125,0,0.0,0.0,yfinance_raw_daily
2018-01-02,8750.0,9275.0,8750.0,9100.0,7370.4267578125,5599400,0.0,0.0,yfinance_raw_daily
2018-01-03,9075.0,9100.0,8825.0,9100.0,7370.4267578125,4366800,0.0,0.0,yfinance_raw_daily
2018-01-04,9100.0,9125.0,8925.0,9125.0,7390.6748046875,2862200,0.0,0.0,yfinance_raw_daily
2018-01-05,9125.0,9275.0,9000.0,9275.0,7512.166015625,1810300,0.0,0.0,yfinance_raw_daily
2018-01-08,9275.0,9275.0,8875.0,9000.0,7289.43310546875,8825800,0.0,0.0,yfinance_raw_daily
2018-01-09,9025.0,9025.0,8825.0,8875.0,7188.19189453125,8099000,0.0,0.0,yfinance_raw_daily
2018-01-10,8875.0,8925.0,8675.0,8725.0,7066.70068359375,23830700,0.0,0.0,yfinance_raw_daily
2018-01-11,8675.0,8775.0,8625.0,8725.0,7066.70068359375,13582800,0.0,0.0,yfinance_raw_daily
2018-01-12,8750.0,8875.0,8750.0,8850.0,7167.9423828125,6192400,0.0,0.0,yfinance_raw_daily
2018-01-15,8900.0,8900.0,8725.0,8850.0,7167.9423828125,3709200,0.0,0.0,yfinance_raw_daily
2018-01-16,8900.0,8900.0,8775.0,8850.0,7167.9423828125,10673500,0.0,0.0,yfinance_raw_daily
2018-01-17,8850.0,8925.0,8800.0,8875.0,7188.19189453125,8573100,0.0,0.0,yfinance_raw_daily
2018-01-18,8875.0,8925.0,8825.0,8875.0,7188.19189453125,7097200,0.0,0.0,yfinance_raw_daily
2018-01-19,8900.0,8900.0,8575.0,8700.0,7046.45166015625,18329300,0.0,0.0,yfinance_raw_daily
2018-01-22,8700.0,8725.0,8650.0,8700.0,7046.45166015625,14068700,0.0,0.0,yfinance_raw_daily
2018-01-23,8800.0,8850.0,8725.0,8850.0,7167.9423828125,7788500,0.0,0.0,yfinance_raw_daily
2018-01-24,8875.0,8875.0,8775.0,8850.0,7167.9423828125,12676600,0.0,0.0,yfinance_raw_daily
2018-01-25,8850.0,8875.0,8800.0,8825.0,7147.69384765625,7479000,0.0,0.0,yfinance_raw_daily
2018-01-26,8825.0,8850.0,8775.0,8825.0,7147.69384765625,3105800,0.0,0.0,yfinance_raw_daily
2018-01-29,8825.0,8875.0,8775.0,8875.0,7188.19189453125,3686400,0.0,0.0,yfinance_raw_daily
2018-01-30,8875.0,8875.0,8700.0,8700.0,7046.45166015625,10278600,0.0,0.0,yfinance_raw_daily
2018-01-31,8675.0,8750.0,8675.0,8725.0,7066.70068359375,7407400,0.0,0.0,yfinance_raw_daily
2018-02-01,8825.0,8825.0,8700.0,8700.0,7046.45166015625,3019700,0.0,0.0,yfinance_raw_daily
2018-02-02,8800.0,8875.0,8750.0,8800.0,7127.4453125,6075700,0.0,0.0,yfinance_raw_daily
2018-02-05,8700.0,8800.0,8675.0,8750.0,7086.94921875,3366700,0.0,0.0,yfinance_raw_daily
2018-02-06,8700.0,8800.0,8675.0,8750.0,7086.94921875,6984600,0.0,0.0,yfinance_raw_daily
2018-02-07,8750.0,8825.0,8750.0,8825.0,7147.69384765625,3048600,0.0,0.0,yfinance_raw_daily
2018-02-08,8825.0,8950.0,8750.0,8950.0,7248.93603515625,6702000,0.0,0.0,yfinance_raw_daily
2018-02-09,8750.0,8950.0,8750.0,8925.0,7228.6875,2997700,0.0,0.0,yfinance_raw_daily
2018-02-12,8925.0,8950.0,8875.0,8900.0,7208.439453125,4221100,0.0,0.0,yfinance_raw_daily
2018-02-13,8900.0,8925.0,8875.0,8900.0,7208.439453125,2290900,0.0,0.0,yfinance_raw_daily
2018-02-14,8850.0,8950.0,8850.0,8950.0,7248.93603515625,1151800,0.0,0.0,yfinance_raw_daily
2018-02-15,8950.0,9000.0,8950.0,8975.0,7269.185546875,4885100,0.0,0.0,yfinance_raw_daily
2018-02-16,8975.0,8975.0,8975.0,8975.0,7269.185546875,0,0.0,0.0,yfinance_raw_daily
2018-02-19,9000.0,9100.0,8975.0,9100.0,7370.4267578125,2251200,0.0,0.0,yfinance_raw_daily
2018-02-20,9075.0,9075.0,8825.0,8875.0,7188.19189453125,4421100,0.0,0.0,yfinance_raw_daily
2018-02-21,8900.0,8900.0,8775.0,8825.0,7147.69384765625,3621700,0.0,0.0,yfinance_raw_daily
2018-02-22,8875.0,8900.0,8800.0,8900.0,7208.439453125,3901700,0.0,0.0,yfinance_raw_daily
2018-02-23,8750.0,9050.0,8750.0,8925.0,7228.6875,5070100,0.0,0.0,yfinance_raw_daily
2018-02-26,8925.0,8975.0,8850.0,8925.0,7228.6875,2994500,0.0,0.0,yfinance_raw_daily
2018-02-27,8975.0,9000.0,8900.0,9000.0,7289.43310546875,3027600,0.0,0.0,yfinance_raw_daily
2018-02-28,9000.0,9050.0,8900.0,8975.0,7269.185546875,3183900,0.0,0.0,yfinance_raw_daily
2018-03-01,8975.0,9100.0,8925.0,9000.0,7289.43310546875,3388200,0.0,0.0,yfinance_raw_daily
2018-03-02,9025.0,9100.0,8975.0,9100.0,7370.4267578125,2119300,0.0,0.0,yfinance_raw_daily
2018-03-05,9100.0,9125.0,9000.0,9000.0,7289.43310546875,3145800,0.0,0.0,yfinance_raw_daily
2018-03-06,9100.0,9100.0,8825.0,8925.0,7228.6875,2274900,0.0,0.0,yfinance_raw_daily
2018-03-07,8925.0,8950.0,8725.0,8725.0,7066.70068359375,2871700,0.0,0.0,yfinance_raw_daily
2018-03-08,8875.0,8900.0,8725.0,8800.0,7127.4453125,3326800,0.0,0.0,yfinance_raw_daily
2018-03-09,8875.0,9000.0,8775.0,9000.0,7289.43310546875,1054400,0.0,0.0,yfinance_raw_daily
2018-03-12,9000.0,9100.0,8825.0,9100.0,7370.4267578125,3017500,0.0,0.0,yfinance_raw_daily
2018-03-13,9100.0,9150.0,8725.0,8725.0,7066.70068359375,4525100,0.0,0.0,yfinance_raw_daily
2018-03-14,8775.0,8800.0,8625.0,8700.0,7046.45166015625,1899100,0.0,0.0,yfinance_raw_daily
2018-03-15,8700.0,8725.0,8600.0,8625.0,6985.70751953125,8421300,0.0,0.0,yfinance_raw_daily
2018-03-16,8600.0,8800.0,8550.0,8750.0,7086.94921875,6026300,0.0,0.0,yfinance_raw_daily
2018-03-19,8775.0,9000.0,8700.0,8825.0,7147.69384765625,1869400,0.0,0.0,yfinance_raw_daily
2018-03-20,8800.0,8825.0,8500.0,8575.0,6945.2099609375,2730400,0.0,0.0,yfinance_raw_daily
2018-03-21,8625.0,8675.0,8550.0,8600.0,6965.45849609375,2585200,0.0,0.0,yfinance_raw_daily
2018-03-22,8675.0,8775.0,8575.0,8750.0,7086.94921875,2256000,0.0,0.0,yfinance_raw_daily
2018-03-23,8550.0,8700.0,8400.0,8700.0,7046.45166015625,2748100,0.0,0.0,yfinance_raw_daily
2018-03-26,8650.0,8700.0,8550.0,8550.0,6924.9619140625,3240700,0.0,0.0,yfinance_raw_daily
2018-03-27,8625.0,8675.0,8350.0,8375.0,6783.22265625,4033900,0.0,0.0,yfinance_raw_daily
2018-03-28,8425.0,8500.0,8350.0,8475.0,6864.2158203125,1894200,0.0,0.0,yfinance_raw_daily
2018-03-29,8475.0,8475.0,8200.0,8275.0,6702.228515625,5206500,0.0,0.0,yfinance_raw_daily
2018-03-30,8275.0,8275.0,8275.0,8275.0,6702.228515625,0,0.0,0.0,yfinance_raw_daily
2018-04-02,8300.0,8375.0,8250.0,8350.0,6762.97412109375,1382800,0.0,0.0,yfinance_raw_daily
2018-04-03,8300.0,8300.0,8150.0,8200.0,6641.48291015625,8654000,0.0,0.0,yfinance_raw_daily
2018-04-04,8200.0,8325.0,8075.0,8150.0,6600.98681640625,3334900,0.0,0.0,yfinance_raw_daily
2018-04-05,8150.0,8300.0,8150.0,8200.0,6641.48291015625,1341900,0.0,0.0,yfinance_raw_daily
2018-04-06,8325.0,8325.0,8125.0,8175.0,6621.23486328125,1366300,0.0,0.0,yfinance_raw_daily
2018-04-09,8050.0,8300.0,8050.0,8275.0,6702.228515625,3147300,0.0,0.0,yfinance_raw_daily
2018-04-10,8275.0,8425.0,8275.0,8425.0,6823.72021484375,4882800,0.0,0.0,yfinance_raw_daily
2018-04-11,8450.0,8500.0,8325.0,8400.0,6803.4697265625,2938000,0.0,0.0,yfinance_raw_daily
2018-04-12,8425.0,8425.0,8275.0,8350.0,6762.97412109375,3597100,0.0,0.0,yfinance_raw_daily
2018-04-13,8375.0,8400.0,8325.0,8350.0,6762.97412109375,3511600,0.0,0.0,yfinance_raw_daily
2018-04-16,8350.0,8350.0,8350.0,8350.0,6762.97412109375,0,0.0,0.0,yfinance_raw_daily
2018-04-17,8350.0,8350.0,8350.0,8350.0,6762.97412109375,0,0.0,0.0,yfinance_raw_daily
2018-04-18,8425.0,8425.0,8275.0,8325.0,6742.72607421875,1849400,0.0,0.0,yfinance_raw_daily
2018-04-19,8325.0,8325.0,8325.0,8325.0,6742.72607421875,0,0.0,0.0,yfinance_raw_daily
2018-04-20,8325.0,8325.0,8325.0,8325.0,6742.72607421875,0,0.0,0.0,yfinance_raw_daily
2018-04-23,8300.0,8375.0,8275.0,8375.0,6783.22265625,2153300,0.0,0.0,yfinance_raw_daily
2018-04-24,8375.0,8375.0,8250.0,8350.0,6762.97412109375,2618100,0.0,0.0,yfinance_raw_daily
2018-04-25,8350.0,8350.0,8350.0,8350.0,6762.97412109375,0,0.0,0.0,yfinance_raw_daily
2018-04-26,8350.0,8350.0,8350.0,8350.0,6762.97412109375,0,0.0,0.0,yfinance_raw_daily
2018-04-27,8350.0,8350.0,8350.0,8350.0,6762.97412109375,0,0.0,0.0,yfinance_raw_daily
2018-04-30,8200.0,8800.0,8200.0,8675.0,7026.20361328125,8316100,0.0,0.0,yfinance_raw_daily
2018-05-01,8675.0,8675.0,8675.0,8675.0,7026.20361328125,0,0.0,0.0,yfinance_raw_daily
2018-05-02,8650.0,8725.0,8500.0,8700.0,7046.45166015625,3340300,0.0,0.0,yfinance_raw_daily
2018-05-03,8450.0,8650.0,8175.0,8200.0,6641.48291015625,3011300,0.0,0.0,yfinance_raw_daily
2018-05-04,8100.0,8300.0,8050.0,8200.0,6641.48291015625,2153900,0.0,0.0,yfinance_raw_daily
2018-05-07,8200.0,8700.0,8200.0,8575.0,6945.2099609375,3357500,0.0,0.0,yfinance_raw_daily
2018-05-08,8625.0,8625.0,8325.0,8450.0,6843.9677734375,3361800,0.0,0.0,yfinance_raw_daily
2018-05-09,8200.0,8650.0,8125.0,8475.0,6864.2158203125,2741600,0.0,0.0,yfinance_raw_daily
2018-05-10,8475.0,8475.0,8475.0,8475.0,6864.2158203125,0,0.0,0.0,yfinance_raw_daily
2018-05-11,8300.0,8450.0,8300.0,8375.0,6783.22265625,5241400,0.0,0.0,yfinance_raw_daily
2018-05-14,8300.0,8375.0,8225.0,8350.0,6762.97412109375,1674500,0.0,0.0,yfinance_raw_daily
2018-05-15,8350.0,8375.0,8150.0,8200.0,6641.48291015625,3056100,0.0,0.0,yfinance_raw_daily
2018-05-16,8000.0,8400.0,7975.0,8300.0,6722.47705078125,7731500,0.0,0.0,yfinance_raw_daily
2018-05-17,8300.0,8375.0,8150.0,8175.0,6621.23486328125,2961100,0.0,0.0,yfinance_raw_daily
2018-05-18,8050.0,8225.0,8000.0,8000.0,6479.49609375,2644400,0.0,0.0,yfinance_raw_daily
2018-05-21,8025.0,8075.0,7900.0,8000.0,6479.49609375,1104300,0.0,0.0,yfinance_raw_daily
2018-05-22,8150.0,8200.0,8025.0,8100.0,6560.48974609375,2170800,0.0,0.0,yfinance_raw_daily
2018-05-23,8100.0,8175.0,8025.0,8025.0,6499.744140625,3673900,0.0,0.0,yfinance_raw_daily
2018-05-24,8050.0,8450.0,8050.0,8250.0,6681.97998046875,4315900,0.0,0.0,yfinance_raw_daily
2018-05-25,8250.0,8450.0,8225.0,8300.0,6722.47705078125,2592300,0.0,0.0,yfinance_raw_daily
2018-05-28,8300.0,8825.0,8300.0,8625.0,6985.70751953125,4993000,0.0,0.0,yfinance_raw_daily
2018-05-29,8625.0,8625.0,8625.0,8625.0,6985.70751953125,0,0.0,0.0,yfinance_raw_daily
2018-05-30,8600.0,8700.0,8400.0,8500.0,6884.46533203125,5819600,0.0,0.0,yfinance_raw_daily
2018-05-31,8500.0,8700.0,8425.0,8700.0,7046.45166015625,12836100,0.0,0.0,yfinance_raw_daily
2018-06-01,8700.0,8700.0,8700.0,8700.0,7046.45166015625,0,0.0,0.0,yfinance_raw_daily
2018-06-04,8700.0,8700.0,8450.0,8675.0,7026.20361328125,3096000,0.0,0.0,yfinance_raw_daily
2018-06-05,8700.0,8775.0,8525.0,8775.0,7107.19775390625,5751800,0.0,0.0,yfinance_raw_daily
2018-06-06,8775.0,8850.0,8625.0,8850.0,7167.9423828125,2107000,0.0,0.0,yfinance_raw_daily
2018-06-07,8850.0,9000.0,8800.0,9000.0,7289.43310546875,3601800,0.0,0.0,yfinance_raw_daily
2018-06-08,8800.0,9000.0,8700.0,8850.0,7167.9423828125,7813700,0.0,0.0,yfinance_raw_daily
2018-06-11,8850.0,8850.0,8850.0,8850.0,7167.9423828125,0,0.0,0.0,yfinance_raw_daily
2018-06-12,8850.0,8850.0,8850.0,8850.0,7167.9423828125,0,0.0,0.0,yfinance_raw_daily
2018-06-13,8850.0,8850.0,8850.0,8850.0,7167.9423828125,0,0.0,0.0,yfinance_raw_daily
2018-06-14,8850.0,8850.0,8850.0,8850.0,7167.9423828125,0,0.0,0.0,yfinance_raw_daily
2018-06-15,8850.0,8850.0,8850.0,8850.0,7167.9423828125,0,0.0,0.0,yfinance_raw_daily
2018-06-18,8850.0,8850.0,8850.0,8850.0,7167.9423828125,0,0.0,0.0,yfinance_raw_daily
2018-06-19,8850.0,8850.0,8850.0,8850.0,7167.9423828125,0,0.0,0.0,yfinance_raw_daily
2018-06-20,8550.0,8875.0,8475.0,8600.0,7095.33935546875,6157600,162.0,0.0,yfinance_raw_daily
2018-06-21,8550.0,8800.0,8150.0,8250.0,6806.57470703125,6583900,0.0,0.0,yfinance_raw_daily
2018-06-22,8200.0,8550.0,8200.0,8400.0,6930.33056640625,6807400,0.0,0.0,yfinance_raw_daily
2018-06-25,8575.0,8900.0,8300.0,8750.0,7219.09423828125,3340500,0.0,0.0,yfinance_raw_daily
2018-06-26,8750.0,8900.0,8450.0,8800.0,7260.3466796875,4183200,0.0,0.0,yfinance_raw_daily
2018-06-27,8875.0,8900.0,8575.0,8575.0,7074.71240234375,3189100,0.0,0.0,yfinance_raw_daily
2018-06-28,8475.0,8675.0,8275.0,8525.0,7033.4609375,2851600,0.0,0.0,yfinance_raw_daily
2018-06-29,8525.0,8850.0,8525.0,8850.0,7301.59814453125,6143100,0.0,0.0,yfinance_raw_daily
2018-07-02,8900.0,8950.0,8650.0,8875.0,7322.224609375,1545300,0.0,0.0,yfinance_raw_daily
2018-07-03,8875.0,8900.0,8450.0,8825.0,7280.97265625,1892800,0.0,0.0,yfinance_raw_daily
2018-07-04,8800.0,9075.0,8600.0,9075.0,7487.23291015625,3172300,0.0,0.0,yfinance_raw_daily
2018-07-05,9075.0,9075.0,8800.0,8900.0,7342.85009765625,3362000,0.0,0.0,yfinance_raw_daily
2018-07-06,9000.0,9000.0,8700.0,8700.0,7177.84228515625,1343400,0.0,0.0,yfinance_raw_daily
2018-07-09,8625.0,8800.0,8575.0,8775.0,7239.720703125,1404900,0.0,0.0,yfinance_raw_daily
2018-07-10,8875.0,8900.0,8650.0,8900.0,7342.85009765625,2344400,0.0,0.0,yfinance_raw_daily
2018-07-11,8900.0,8900.0,8675.0,8800.0,7260.3466796875,2448000,0.0,0.0,yfinance_raw_daily
2018-07-12,8675.0,8875.0,8675.0,8825.0,7280.97265625,1993100,0.0,0.0,yfinance_raw_daily
2018-07-13,8675.0,8875.0,8675.0,8875.0,7322.224609375,2202100,0.0,0.0,yfinance_raw_daily
2018-07-16,8875.0,8875.0,8550.0,8825.0,7280.97265625,1890300,0.0,0.0,yfinance_raw_daily
2018-07-17,8700.0,8775.0,8675.0,8675.0,7157.216796875,799600,0.0,0.0,yfinance_raw_daily
2018-07-18,8675.0,8775.0,8575.0,8650.0,7136.59130859375,2430100,0.0,0.0,yfinance_raw_daily
2018-07-19,8700.0,8750.0,8600.0,8600.0,7095.33935546875,1262600,0.0,0.0,yfinance_raw_daily
2018-07-20,8700.0,8700.0,8600.0,8600.0,7095.33935546875,1007600,0.0,0.0,yfinance_raw_daily
2018-07-23,8600.0,8675.0,8600.0,8675.0,7157.216796875,516100,0.0,0.0,yfinance_raw_daily
2018-07-24,8675.0,8700.0,8575.0,8675.0,7157.216796875,2254600,0.0,0.0,yfinance_raw_daily
2018-07-25,8675.0,8675.0,8550.0,8550.0,7054.0859375,2790600,0.0,0.0,yfinance_raw_daily
2018-07-26,8550.0,8650.0,8550.0,8650.0,7136.59130859375,2187200,0.0,0.0,yfinance_raw_daily
2018-07-27,8650.0,8725.0,8575.0,8600.0,7095.33935546875,1489200,0.0,0.0,yfinance_raw_daily
2018-07-30,8700.0,8800.0,8650.0,8775.0,7239.720703125,2696700,0.0,0.0,yfinance_raw_daily
2018-07-31,8800.0,8800.0,8625.0,8725.0,7198.4697265625,2065400,0.0,0.0,yfinance_raw_daily
2018-08-01,8800.0,8800.0,8700.0,8725.0,7198.4697265625,1516400,0.0,0.0,yfinance_raw_daily
2018-08-02,8775.0,8800.0,8675.0,8775.0,7239.720703125,758400,0.0,0.0,yfinance_raw_daily
2018-08-03,8775.0,8775.0,8675.0,8775.0,7239.720703125,1996700,0.0,0.0,yfinance_raw_daily
2018-08-06,8775.0,9000.0,8700.0,9000.0,7425.35498046875,5029200,0.0,0.0,yfinance_raw_daily
2018-08-07,9000.0,9050.0,8900.0,9000.0,7425.35498046875,3082000,0.0,0.0,yfinance_raw_daily
2018-08-08,9000.0,9000.0,8750.0,8950.0,7384.10302734375,22165200,0.0,0.0,yfinance_raw_daily
2018-08-09,8950.0,9000.0,8775.0,8975.0,7404.72802734375,7343300,0.0,0.0,yfinance_raw_daily
2018-08-10,8975.0,9000.0,8900.0,8975.0,7404.72802734375,1972700,0.0,0.0,yfinance_raw_daily
2018-08-13,8875.0,9000.0,8550.0,8550.0,7054.0859375,2544700,0.0,0.0,yfinance_raw_daily
2018-08-14,8550.0,8650.0,8150.0,8200.0,6765.32373046875,7136900,0.0,0.0,yfinance_raw_daily
2018-08-15,8325.0,8575.0,8175.0,8550.0,7054.0859375,5691600,0.0,0.0,yfinance_raw_daily
2018-08-16,8300.0,8675.0,8300.0,8650.0,7136.59130859375,3220400,0.0,0.0,yfinance_raw_daily
2018-08-17,8650.0,8650.0,8650.0,8650.0,7136.59130859375,0,0.0,0.0,yfinance_raw_daily
2018-08-20,8675.0,8750.0,8600.0,8600.0,7095.33935546875,1946100,0.0,0.0,yfinance_raw_daily
2018-08-21,8600.0,8800.0,8600.0,8800.0,7260.3466796875,1410000,0.0,0.0,yfinance_raw_daily
2018-08-22,8800.0,8800.0,8800.0,8800.0,7260.3466796875,0,0.0,0.0,yfinance_raw_daily
2018-08-23,8800.0,8925.0,8675.0,8925.0,7363.47705078125,2496500,0.0,0.0,yfinance_raw_daily
2018-08-24,8775.0,8875.0,8775.0,8875.0,7322.224609375,1498800,0.0,0.0,yfinance_raw_daily
2018-08-27,8875.0,8900.0,8750.0,8800.0,7260.3466796875,1602900,0.0,0.0,yfinance_raw_daily
2018-08-28,8800.0,8900.0,8625.0,8625.0,7115.96435546875,3579100,0.0,0.0,yfinance_raw_daily
2018-08-29,8625.0,8850.0,8625.0,8825.0,7280.97265625,5056700,0.0,0.0,yfinance_raw_daily
2018-08-30,8850.0,8900.0,8725.0,8800.0,7260.3466796875,2882500,0.0,0.0,yfinance_raw_daily
2018-08-31,8850.0,8900.0,8575.0,8675.0,7157.216796875,6453900,0.0,0.0,yfinance_raw_daily
2018-09-03,8775.0,8775.0,8675.0,8700.0,7177.84228515625,2369000,0.0,0.0,yfinance_raw_daily
2018-09-04,8775.0,8800.0,8625.0,8650.0,7136.59130859375,3434000,0.0,0.0,yfinance_raw_daily
2018-09-05,8625.0,8625.0,8325.0,8400.0,6930.33056640625,3221100,0.0,0.0,yfinance_raw_daily
2018-09-06,8350.0,8750.0,8350.0,8650.0,7136.59130859375,3732200,0.0,0.0,yfinance_raw_daily
2018-09-07,8700.0,8850.0,8550.0,8850.0,7301.59814453125,4017100,0.0,0.0,yfinance_raw_daily
2018-09-10,8850.0,8950.0,8650.0,8900.0,7342.85009765625,2134000,0.0,0.0,yfinance_raw_daily
2018-09-11,8900.0,8900.0,8900.0,8900.0,7342.85009765625,0,0.0,0.0,yfinance_raw_daily
2018-09-12,8900.0,8950.0,8725.0,8875.0,7322.224609375,3262700,0.0,0.0,yfinance_raw_daily
2018-09-13,8900.0,8975.0,8750.0,8850.0,7301.59814453125,1077900,0.0,0.0,yfinance_raw_daily
2018-09-14,8875.0,8950.0,8825.0,8925.0,7363.47705078125,2550700,0.0,0.0,yfinance_raw_daily
2018-09-17,8950.0,8950.0,8800.0,8825.0,7280.97265625,2265300,0.0,0.0,yfinance_raw_daily
2018-09-18,8900.0,8900.0,8650.0,8775.0,7239.720703125,1789400,0.0,0.0,yfinance_raw_daily
2018-09-19,8875.0,8875.0,8675.0,8725.0,7198.4697265625,2291900,0.0,0.0,yfinance_raw_daily
2018-09-20,8775.0,8850.0,8775.0,8850.0,7301.59814453125,1868600,0.0,0.0,yfinance_raw_daily
2018-09-21,8900.0,8950.0,8800.0,8950.0,7384.10302734375,3613300,0.0,0.0,yfinance_raw_daily
2018-09-24,8900.0,8900.0,8675.0,8800.0,7260.3466796875,1015200,0.0,0.0,yfinance_raw_daily
2018-09-25,8700.0,8850.0,8700.0,8850.0,7301.59814453125,707900,0.0,0.0,yfinance_raw_daily
2018-09-26,8700.0,8825.0,8600.0,8600.0,7095.33935546875,1980700,0.0,0.0,yfinance_raw_daily
2018-09-27,8725.0,8850.0,8700.0,8825.0,7280.97265625,2377000,0.0,0.0,yfinance_raw_daily
2018-09-28,8800.0,8850.0,8775.0,8825.0,7280.97265625,10593300,0.0,0.0,yfinance_raw_daily
2018-10-01,8800.0,8925.0,8800.0,8825.0,7280.97265625,2298200,0.0,0.0,yfinance_raw_daily
2018-10-02,8825.0,8975.0,8825.0,8950.0,7384.10302734375,2330900,0.0,0.0,yfinance_raw_daily
2018-10-03,8950.0,8950.0,8775.0,8825.0,7280.97265625,1461100,0.0,0.0,yfinance_raw_daily
2018-10-04,8800.0,8925.0,8750.0,8825.0,7280.97265625,8672200,0.0,0.0,yfinance_raw_daily
2018-10-05,8825.0,8875.0,8725.0,8800.0,7260.3466796875,3270600,0.0,0.0,yfinance_raw_daily
2018-10-08,8800.0,8850.0,8775.0,8825.0,7280.97265625,6186600,0.0,0.0,yfinance_raw_daily
2018-10-09,8850.0,8900.0,8750.0,8875.0,7322.224609375,2333800,0.0,0.0,yfinance_raw_daily
2018-10-10,8850.0,8875.0,8625.0,8625.0,7115.96435546875,4218800,0.0,0.0,yfinance_raw_daily
2018-10-11,8750.0,8775.0,8500.0,8575.0,7074.71240234375,2258900,0.0,0.0,yfinance_raw_daily
2018-10-12,8700.0,8800.0,8600.0,8725.0,7198.4697265625,2614400,0.0,0.0,yfinance_raw_daily
2018-10-15,8725.0,8750.0,8675.0,8725.0,7198.4697265625,1846700,0.0,0.0,yfinance_raw_daily
2018-10-16,8700.0,8775.0,8700.0,8750.0,7219.09423828125,1266800,0.0,0.0,yfinance_raw_daily
2018-10-17,8800.0,8800.0,8725.0,8800.0,7260.3466796875,3144600,0.0,0.0,yfinance_raw_daily
2018-10-18,8850.0,8850.0,8750.0,8850.0,7301.59814453125,708700,0.0,0.0,yfinance_raw_daily
2018-10-19,8750.0,8850.0,8750.0,8775.0,7239.720703125,1054400,0.0,0.0,yfinance_raw_daily
2018-10-22,8775.0,8800.0,8725.0,8750.0,7219.09423828125,4283800,0.0,0.0,yfinance_raw_daily
2018-10-23,8675.0,8800.0,8675.0,8750.0,7219.09423828125,6620300,0.0,0.0,yfinance_raw_daily
2018-10-24,8800.0,8800.0,8725.0,8750.0,7219.09423828125,4655500,0.0,0.0,yfinance_raw_daily
2018-10-25,8500.0,8800.0,8500.0,8775.0,7239.720703125,2652600,0.0,0.0,yfinance_raw_daily
2018-10-26,8650.0,8800.0,8650.0,8775.0,7239.720703125,2886000,0.0,0.0,yfinance_raw_daily
2018-10-29,8850.0,8850.0,8750.0,8800.0,7260.3466796875,2504200,0.0,0.0,yfinance_raw_daily
2018-10-30,8650.0,8800.0,8600.0,8650.0,7136.59130859375,6590800,0.0,0.0,yfinance_raw_daily
2018-10-31,8700.0,9050.0,8700.0,8925.0,7363.47705078125,17387500,0.0,0.0,yfinance_raw_daily
2018-11-01,8975.0,9025.0,8875.0,8925.0,7363.47705078125,4464800,0.0,0.0,yfinance_raw_daily
2018-11-02,9025.0,9025.0,8875.0,8925.0,7363.47705078125,7017900,0.0,0.0,yfinance_raw_daily
2018-11-05,8950.0,9000.0,8925.0,8975.0,7404.72802734375,4029700,0.0,0.0,yfinance_raw_daily
2018-11-06,9000.0,9000.0,8825.0,8900.0,7390.611328125,3141600,58.0,0.0,yfinance_raw_daily
2018-11-07,8950.0,8975.0,8675.0,8725.0,7245.29150390625,6283800,0.0,0.0,yfinance_raw_daily
2018-11-08,8825.0,8825.0,8700.0,8750.0,7266.05029296875,5848100,0.0,0.0,yfinance_raw_daily
2018-11-09,8750.0,8750.0,8475.0,8575.0,7120.7294921875,8597400,0.0,0.0,yfinance_raw_daily
2018-11-12,8525.0,8600.0,8300.0,8425.0,6996.1689453125,4511300,0.0,0.0,yfinance_raw_daily
2018-11-13,8400.0,8675.0,8325.0,8550.0,7099.96875,2443500,0.0,0.0,yfinance_raw_daily
2018-11-14,8550.0,8700.0,8550.0,8700.0,7224.5302734375,1716000,0.0,0.0,yfinance_raw_daily
2018-11-15,8700.0,8775.0,8675.0,8725.0,7245.29150390625,3112700,0.0,0.0,yfinance_raw_daily
2018-11-16,8775.0,8800.0,8700.0,8775.0,7286.81103515625,3503600,0.0,0.0,yfinance_raw_daily
2018-11-19,8800.0,8800.0,8650.0,8775.0,7286.81103515625,3051900,0.0,0.0,yfinance_raw_daily
2018-11-20,8775.0,8775.0,8775.0,8775.0,7286.81103515625,0,0.0,0.0,yfinance_raw_daily
2018-11-21,8750.0,8875.0,8700.0,8850.0,7349.0908203125,8274600,0.0,0.0,yfinance_raw_daily
2018-11-22,8875.0,8950.0,8850.0,8950.0,7432.13232421875,7275300,0.0,0.0,yfinance_raw_daily
2018-11-23,8975.0,9000.0,8875.0,8925.0,7411.3720703125,2860800,0.0,0.0,yfinance_raw_daily
2018-11-26,8975.0,8975.0,8850.0,8900.0,7390.611328125,3159600,0.0,0.0,yfinance_raw_daily
2018-11-27,8925.0,8975.0,8875.0,8950.0,7432.13232421875,3747100,0.0,0.0,yfinance_raw_daily
2018-11-28,8975.0,9000.0,8950.0,9000.0,7473.65283203125,3249300,0.0,0.0,yfinance_raw_daily
2018-11-29,9025.0,9700.0,9025.0,9700.0,8054.9375,24076300,0.0,0.0,yfinance_raw_daily
2018-11-30,9700.0,9875.0,9675.0,9850.0,8179.49658203125,18507400,0.0,0.0,yfinance_raw_daily
2018-12-03,9975.0,9975.0,9625.0,9625.0,7992.65576171875,3880300,0.0,0.0,yfinance_raw_daily
2018-12-04,9450.0,9750.0,9450.0,9750.0,8096.45703125,5133200,0.0,0.0,yfinance_raw_daily
2018-12-05,9650.0,9750.0,9450.0,9750.0,8096.45703125,2964800,0.0,0.0,yfinance_raw_daily
2018-12-06,9750.0,9750.0,9550.0,9700.0,8054.9375,4119600,0.0,0.0,yfinance_raw_daily
2018-12-07,9600.0,9775.0,9600.0,9700.0,8054.9375,8743900,0.0,0.0,yfinance_raw_daily
2018-12-10,9650.0,9750.0,9550.0,9725.0,8075.69775390625,1197100,0.0,0.0,yfinance_raw_daily
2018-12-11,9725.0,9750.0,9650.0,9700.0,8054.9375,2852500,0.0,0.0,yfinance_raw_daily
2018-12-12,9775.0,9800.0,9550.0,9675.0,8034.17578125,6880600,0.0,0.0,yfinance_raw_daily
2018-12-13,9800.0,9950.0,9650.0,9825.0,8158.7373046875,11804000,0.0,0.0,yfinance_raw_daily
2018-12-14,9900.0,10325.0,9900.0,10100.0,8387.0966796875,14592100,0.0,0.0,yfinance_raw_daily
2018-12-17,10200.0,10250.0,10000.0,10125.0,8407.859375,5966000,0.0,0.0,yfinance_raw_daily
2018-12-18,10050.0,10225.0,10025.0,10050.0,8345.5791015625,8961500,0.0,0.0,yfinance_raw_daily
2018-12-19,10100.0,10225.0,10025.0,10200.0,8470.138671875,5853500,0.0,0.0,yfinance_raw_daily
2018-12-20,10200.0,10500.0,10150.0,10475.0,8698.5,24269900,0.0,0.0,yfinance_raw_daily
2018-12-21,10250.0,10525.0,10250.0,10525.0,8740.0205078125,7629400,0.0,0.0,yfinance_raw_daily
2018-12-24,10525.0,10525.0,10525.0,10525.0,8740.0205078125,0,0.0,0.0,yfinance_raw_daily
2018-12-25,10525.0,10525.0,10525.0,10525.0,8740.0205078125,0,0.0,0.0,yfinance_raw_daily
2018-12-26,10550.0,10550.0,10125.0,10250.0,8511.6611328125,3278500,0.0,0.0,yfinance_raw_daily
2018-12-27,10400.0,10725.0,10400.0,10700.0,8885.341796875,6170400,0.0,0.0,yfinance_raw_daily
2018-12-28,10700.0,10825.0,10450.0,10450.0,8677.740234375,6873000,0.0,0.0,yfinance_raw_daily
2018-12-31,10450.0,10450.0,10450.0,10450.0,8677.740234375,0,0.0,0.0,yfinance_raw_daily
2019-01-01,10450.0,10450.0,10450.0,10450.0,8677.740234375,0,0.0,0.0,yfinance_raw_daily
2019-01-02,10500.0,10550.0,10200.0,10400.0,8636.2197265625,1844700,0.0,0.0,yfinance_raw_daily
2019-01-03,10525.0,10675.0,10450.0,10575.0,8781.5419921875,3283000,0.0,0.0,yfinance_raw_daily
2019-01-04,10575.0,10600.0,10500.0,10600.0,8802.30078125,3964600,0.0,0.0,yfinance_raw_daily
2019-01-07,10700.0,10775.0,10225.0,10350.0,8594.69921875,5581500,0.0,0.0,yfinance_raw_daily
2019-01-08,10350.0,10350.0,10050.0,10175.0,8449.3779296875,10049900,0.0,0.0,yfinance_raw_daily
2019-01-09,10300.0,10300.0,10200.0,10250.0,8511.6611328125,2295000,0.0,0.0,yfinance_raw_daily
2019-01-10,10250.0,10300.0,10075.0,10150.0,8428.619140625,6857000,0.0,0.0,yfinance_raw_daily
2019-01-11,10275.0,10300.0,10050.0,10150.0,8428.619140625,5601300,0.0,0.0,yfinance_raw_daily
2019-01-14,10100.0,10175.0,9925.0,10000.0,8304.05859375,6259600,0.0,0.0,yfinance_raw_daily
2019-01-15,10000.0,10100.0,9925.0,10100.0,8387.0966796875,5476000,0.0,0.0,yfinance_raw_daily
2019-01-16,10150.0,10250.0,9975.0,10025.0,8324.818359375,7694600,0.0,0.0,yfinance_raw_daily
2019-01-17,10025.0,10175.0,9975.0,10000.0,8304.05859375,4156500,0.0,0.0,yfinance_raw_daily
2019-01-18,10125.0,10150.0,10075.0,10150.0,8428.619140625,13240200,0.0,0.0,yfinance_raw_daily
2019-01-21,10200.0,10300.0,10200.0,10200.0,8470.138671875,6783200,0.0,0.0,yfinance_raw_daily
2019-01-22,10250.0,10475.0,10225.0,10450.0,8677.740234375,7422200,0.0,0.0,yfinance_raw_daily
2019-01-23,10550.0,10550.0,10450.0,10475.0,8698.5,6877100,0.0,0.0,yfinance_raw_daily
2019-01-24,10525.0,10875.0,10525.0,10850.0,9009.904296875,14756500,0.0,0.0,yfinance_raw_daily
2019-01-25,10950.0,10950.0,10625.0,10750.0,8926.8623046875,5926300,0.0,0.0,yfinance_raw_daily
2019-01-28,10800.0,10800.0,10550.0,10750.0,8926.8623046875,9435600,0.0,0.0,yfinance_raw_daily
2019-01-29,10800.0,10800.0,10675.0,10725.0,8906.1025390625,3958700,0.0,0.0,yfinance_raw_daily
2019-01-30,10725.0,10800.0,10725.0,10775.0,8947.623046875,4598500,0.0,0.0,yfinance_raw_daily
2019-01-31,10825.0,10825.0,10700.0,10775.0,8947.623046875,11009300,0.0,0.0,yfinance_raw_daily
2019-02-01,10900.0,10900.0,10550.0,10750.0,8926.8623046875,2471600,0.0,0.0,yfinance_raw_daily
2019-02-04,10650.0,10800.0,10575.0,10650.0,8843.8212890625,4469100,0.0,0.0,yfinance_raw_daily
2019-02-05,10650.0,10650.0,10650.0,10650.0,8843.8212890625,0,0.0,0.0,yfinance_raw_daily
2019-02-06,10600.0,10700.0,10575.0,10600.0,8802.30078125,7406500,0.0,0.0,yfinance_raw_daily
2019-02-07,10650.0,10650.0,10375.0,10525.0,8740.0205078125,3523400,0.0,0.0,yfinance_raw_daily
2019-02-08,10600.0,10725.0,10450.0,10600.0,8802.30078125,5670000,0.0,0.0,yfinance_raw_daily
2019-02-11,10600.0,10600.0,10450.0,10500.0,8719.26171875,4834800,0.0,0.0,yfinance_raw_daily
2019-02-12,10500.0,10600.0,10450.0,10450.0,8677.740234375,5405200,0.0,0.0,yfinance_raw_daily
2019-02-13,10450.0,10700.0,10425.0,10425.0,8656.98046875,3454900,0.0,0.0,yfinance_raw_daily
2019-02-14,10425.0,10525.0,10425.0,10500.0,8719.26171875,4307200,0.0,0.0,yfinance_raw_daily
2019-02-15,10450.0,10600.0,10300.0,10425.0,8656.98046875,3255100,0.0,0.0,yfinance_raw_daily
2019-02-18,10525.0,10600.0,10425.0,10550.0,8760.78125,5625800,0.0,0.0,yfinance_raw_daily
2019-02-19,10550.0,10575.0,10475.0,10475.0,8698.5,3472600,0.0,0.0,yfinance_raw_daily
2019-02-20,10500.0,10525.0,10350.0,10500.0,8719.26171875,6394400,0.0,0.0,yfinance_raw_daily
2019-02-21,10400.0,10550.0,10325.0,10475.0,8698.5,15449600,0.0,0.0,yfinance_raw_daily
2019-02-22,10400.0,10400.0,10300.0,10400.0,8636.2197265625,8520200,0.0,0.0,yfinance_raw_daily
2019-02-25,10450.0,10450.0,10200.0,10250.0,8511.6611328125,5233500,0.0,0.0,yfinance_raw_daily
2019-02-26,10250.0,10400.0,10200.0,10400.0,8636.2197265625,5769300,0.0,0.0,yfinance_raw_daily
2019-02-27,10400.0,10500.0,10350.0,10425.0,8656.98046875,4188700,0.0,0.0,yfinance_raw_daily
2019-02-28,10400.0,10425.0,10225.0,10225.0,8490.8994140625,5742300,0.0,0.0,yfinance_raw_daily
2019-03-01,10375.0,10375.0,10175.0,10300.0,8553.1806640625,5823400,0.0,0.0,yfinance_raw_daily
2019-03-04,10400.0,10450.0,10275.0,10350.0,8594.69921875,1743000,0.0,0.0,yfinance_raw_daily
2019-03-05,10350.0,10375.0,10200.0,10275.0,8532.4208984375,1656800,0.0,0.0,yfinance_raw_daily
2019-03-06,10275.0,10325.0,10175.0,10250.0,8511.6611328125,2877200,0.0,0.0,yfinance_raw_daily
2019-03-07,10250.0,10250.0,10250.0,10250.0,8511.6611328125,0,0.0,0.0,yfinance_raw_daily
2019-03-08,10400.0,10400.0,10175.0,10250.0,8511.6611328125,1951100,0.0,0.0,yfinance_raw_daily
2019-03-11,10275.0,10350.0,10200.0,10300.0,8553.1806640625,882300,0.0,0.0,yfinance_raw_daily
2019-03-12,10300.0,10325.0,10200.0,10225.0,8490.8994140625,2133600,0.0,0.0,yfinance_raw_daily
2019-03-13,10250.0,10375.0,10250.0,10350.0,8594.69921875,2021700,0.0,0.0,yfinance_raw_daily
2019-03-14,10350.0,10425.0,10350.0,10375.0,8615.4619140625,3788300,0.0,0.0,yfinance_raw_daily
2019-03-15,10450.0,10500.0,10375.0,10425.0,8656.98046875,4923600,0.0,0.0,yfinance_raw_daily
2019-03-18,10325.0,10425.0,10325.0,10375.0,8615.4619140625,2640000,0.0,0.0,yfinance_raw_daily
2019-03-19,10425.0,10450.0,10300.0,10300.0,8553.1806640625,1519700,0.0,0.0,yfinance_raw_daily
2019-03-20,10400.0,10400.0,10300.0,10375.0,8615.4619140625,2728000,0.0,0.0,yfinance_raw_daily
2019-03-21,10450.0,10450.0,10275.0,10375.0,8615.4619140625,1341800,0.0,0.0,yfinance_raw_daily
2019-03-22,10450.0,10450.0,10300.0,10325.0,8573.9404296875,1489800,0.0,0.0,yfinance_raw_daily
2019-03-25,10300.0,10300.0,9250.0,9400.0,7805.81396484375,23557600,0.0,0.0,yfinance_raw_daily
2019-03-26,9500.0,9700.0,9475.0,9575.0,7951.13525390625,8418700,0.0,0.0,yfinance_raw_daily
2019-03-27,9550.0,9600.0,8950.0,9150.0,7598.21337890625,19033200,0.0,0.0,yfinance_raw_daily
2019-03-28,9175.0,9325.0,9050.0,9275.0,7702.0126953125,9427300,0.0,0.0,yfinance_raw_daily
2019-03-29,9350.0,9350.0,9250.0,9325.0,7743.5341796875,6738300,0.0,0.0,yfinance_raw_daily
2019-04-01,9400.0,9400.0,9250.0,9250.0,7681.25341796875,4725200,0.0,0.0,yfinance_raw_daily
2019-04-02,9275.0,9300.0,8950.0,9000.0,7473.65283203125,10437700,0.0,0.0,yfinance_raw_daily
2019-04-03,9000.0,9000.0,9000.0,9000.0,7473.65283203125,0,0.0,0.0,yfinance_raw_daily
2019-04-04,9000.0,9125.0,8975.0,9050.0,7515.17236328125,9460500,0.0,0.0,yfinance_raw_daily
2019-04-05,9075.0,9100.0,9000.0,9075.0,7535.93310546875,4860900,0.0,0.0,yfinance_raw_daily
2019-04-08,9075.0,9100.0,8950.0,9025.0,7494.4130859375,7669000,0.0,0.0,yfinance_raw_daily
2019-04-09,9025.0,9275.0,9025.0,9250.0,7681.25341796875,5422000,0.0,0.0,yfinance_raw_daily
2019-04-10,9300.0,9350.0,9150.0,9300.0,7722.77392578125,6151300,0.0,0.0,yfinance_raw_daily
2019-04-11,9375.0,9400.0,9050.0,9050.0,7515.17236328125,6438100,0.0,0.0,yfinance_raw_daily
2019-04-12,9050.0,9075.0,8950.0,9050.0,7515.17236328125,5680700,0.0,0.0,yfinance_raw_daily
2019-04-15,9050.0,9125.0,9025.0,9050.0,7515.17236328125,7383800,0.0,0.0,yfinance_raw_daily
2019-04-16,9050.0,9150.0,9025.0,9075.0,7535.93310546875,9366900,0.0,0.0,yfinance_raw_daily
2019-04-17,9075.0,9075.0,9075.0,9075.0,7535.93310546875,0,0.0,0.0,yfinance_raw_daily
2019-04-18,9200.0,9250.0,8975.0,9100.0,7556.6943359375,9814000,0.0,0.0,yfinance_raw_daily
2019-04-19,9100.0,9100.0,9100.0,9100.0,7556.6943359375,0,0.0,0.0,yfinance_raw_daily
2019-04-22,9100.0,9150.0,9000.0,9025.0,7494.4130859375,4508800,0.0,0.0,yfinance_raw_daily
2019-04-23,9025.0,9250.0,9000.0,9200.0,7639.7333984375,7391100,0.0,0.0,yfinance_raw_daily
2019-04-24,9275.0,9275.0,9150.0,9200.0,7639.7333984375,4551000,0.0,0.0,yfinance_raw_daily
2019-04-25,9200.0,9225.0,9075.0,9075.0,7535.93310546875,8457600,0.0,0.0,yfinance_raw_daily
2019-04-26,9125.0,9250.0,9075.0,9175.0,7618.9736328125,9330800,0.0,0.0,yfinance_raw_daily
2019-04-29,9250.0,9325.0,9150.0,9300.0,7722.77392578125,7772200,0.0,0.0,yfinance_raw_daily
2019-04-30,9475.0,9800.0,9475.0,9725.0,8075.69775390625,23070300,0.0,0.0,yfinance_raw_daily
2019-05-01,9725.0,9725.0,9725.0,9725.0,8075.69775390625,0,0.0,0.0,yfinance_raw_daily
2019-05-02,9725.0,9800.0,9600.0,9700.0,8054.9375,9553100,0.0,0.0,yfinance_raw_daily
2019-05-03,9700.0,9700.0,9450.0,9625.0,7992.65576171875,7205900,0.0,0.0,yfinance_raw_daily
2019-05-06,9425.0,9650.0,9425.0,9600.0,7971.89501953125,4011200,0.0,0.0,yfinance_raw_daily
2019-05-07,9650.0,9725.0,9625.0,9700.0,8054.9375,5647100,0.0,0.0,yfinance_raw_daily
2019-05-08,9600.0,9700.0,9525.0,9700.0,8054.9375,4525600,0.0,0.0,yfinance_raw_daily
2019-05-09,9800.0,9800.0,9600.0,9675.0,8034.17578125,7134000,0.0,0.0,yfinance_raw_daily
2019-05-10,9600.0,9900.0,9575.0,9825.0,8158.7373046875,8510000,0.0,0.0,yfinance_raw_daily
2019-05-13,9850.0,9900.0,9625.0,9625.0,7992.65576171875,5054900,0.0,0.0,yfinance_raw_daily
2019-05-14,9400.0,9750.0,9350.0,9650.0,8013.41650390625,5829500,0.0,0.0,yfinance_raw_daily
2019-05-15,9500.0,9650.0,9500.0,9525.0,7909.61572265625,6269800,0.0,0.0,yfinance_raw_daily
2019-05-16,9475.0,9725.0,9275.0,9500.0,7888.85498046875,5387200,0.0,0.0,yfinance_raw_daily
2019-05-17,9500.0,9550.0,9250.0,9300.0,7722.77392578125,3029000,0.0,0.0,yfinance_raw_daily
2019-05-20,9300.0,9450.0,9075.0,9375.0,7785.0546875,2840200,0.0,0.0,yfinance_raw_daily
2019-05-21,9375.0,9650.0,9375.0,9625.0,7992.65576171875,2987200,0.0,0.0,yfinance_raw_daily
2019-05-22,9650.0,9675.0,9325.0,9500.0,7888.85498046875,2243500,0.0,0.0,yfinance_raw_daily
2019-05-23,9550.0,9750.0,9500.0,9725.0,8075.69775390625,3942700,0.0,0.0,yfinance_raw_daily
2019-05-24,9750.0,9775.0,9550.0,9700.0,8054.9375,2087200,0.0,0.0,yfinance_raw_daily
2019-05-27,9800.0,9800.0,9675.0,9775.0,8117.21728515625,2815700,0.0,0.0,yfinance_raw_daily
2019-05-28,9800.0,9825.0,9600.0,9725.0,8075.69775390625,11469100,0.0,0.0,yfinance_raw_daily
2019-05-29,9725.0,9725.0,9575.0,9725.0,8075.69775390625,3939700,0.0,0.0,yfinance_raw_daily
2019-05-30,9725.0,9725.0,9725.0,9725.0,8075.69775390625,0,0.0,0.0,yfinance_raw_daily
2019-05-31,9725.0,9800.0,9700.0,9800.0,8137.97705078125,7160600,0.0,0.0,yfinance_raw_daily
2019-06-03,9800.0,9800.0,9800.0,9800.0,8137.97705078125,0,0.0,0.0,yfinance_raw_daily
2019-06-04,9800.0,9800.0,9800.0,9800.0,8137.97705078125,0,0.0,0.0,yfinance_raw_daily
2019-06-05,9800.0,9800.0,9800.0,9800.0,8137.97705078125,0,0.0,0.0,yfinance_raw_daily
2019-06-06,9800.0,9800.0,9800.0,9800.0,8137.97705078125,0,0.0,0.0,yfinance_raw_daily
2019-06-07,9800.0,9800.0,9800.0,9800.0,8137.97705078125,0,0.0,0.0,yfinance_raw_daily
2019-06-10,9900.0,9900.0,9700.0,9800.0,8137.97705078125,4458100,0.0,0.0,yfinance_raw_daily
2019-06-11,9900.0,10150.0,9875.0,10150.0,8428.619140625,9200400,0.0,0.0,yfinance_raw_daily
2019-06-12,10150.0,10200.0,10050.0,10150.0,8428.619140625,4065500,0.0,0.0,yfinance_raw_daily
2019-06-13,10200.0,10200.0,9950.0,10000.0,8304.05859375,5328600,0.0,0.0,yfinance_raw_daily
2019-06-14,10000.0,10050.0,9950.0,9975.0,8283.296875,3172900,0.0,0.0,yfinance_raw_daily
2019-06-17,9975.0,10050.0,9875.0,9950.0,8377.5986328125,2591800,137.0,0.0,yfinance_raw_daily
2019-06-18,9975.0,10125.0,9975.0,10125.0,8524.943359375,16228900,0.0,0.0,yfinance_raw_daily
2019-06-20,10125.0,10175.0,10050.0,10150.0,8545.9931640625,4722800,0.0,0.0,yfinance_raw_daily
2019-06-21,10250.0,10250.0,9950.0,10025.0,8440.74609375,12671700,0.0,0.0,yfinance_raw_daily
2019-06-24,10000.0,10025.0,9925.0,9950.0,8377.5986328125,1975100,0.0,0.0,yfinance_raw_daily
2019-06-25,9975.0,10100.0,9875.0,10000.0,8419.6962890625,24636700,0.0,0.0,yfinance_raw_daily
2019-06-26,9950.0,10150.0,9925.0,10050.0,8461.7958984375,4283700,0.0,0.0,yfinance_raw_daily
2019-06-27,10050.0,10175.0,10000.0,10150.0,8545.9931640625,4233600,0.0,0.0,yfinance_raw_daily
2019-06-28,10200.0,10200.0,10150.0,10150.0,8545.9931640625,5163200,0.0,0.0,yfinance_raw_daily
2019-07-01,10175.0,10175.0,10025.0,10125.0,8524.943359375,1810900,0.0,0.0,yfinance_raw_daily
2019-07-02,10000.0,10150.0,9950.0,10125.0,8524.943359375,2919400,0.0,0.0,yfinance_raw_daily
2019-07-03,10000.0,10125.0,10000.0,10125.0,8524.943359375,3023200,0.0,0.0,yfinance_raw_daily
2019-07-04,10075.0,10125.0,10075.0,10100.0,8503.892578125,1186700,0.0,0.0,yfinance_raw_daily
2019-07-05,10025.0,10150.0,10025.0,10100.0,8503.892578125,4857300,0.0,0.0,yfinance_raw_daily
2019-07-08,10100.0,10125.0,10000.0,10025.0,8440.74609375,3219300,0.0,0.0,yfinance_raw_daily
2019-07-09,9950.0,10125.0,9950.0,10100.0,8503.892578125,2957200,0.0,0.0,yfinance_raw_daily
2019-07-10,10050.0,10150.0,10025.0,10125.0,8524.943359375,4132100,0.0,0.0,yfinance_raw_daily
2019-07-11,10075.0,10250.0,10075.0,10250.0,8630.1904296875,4959400,0.0,0.0,yfinance_raw_daily
2019-07-12,10250.0,10400.0,10200.0,10275.0,8651.240234375,4944000,0.0,0.0,yfinance_raw_daily
2019-07-15,10400.0,10400.0,10275.0,10375.0,8735.4365234375,3802600,0.0,0.0,yfinance_raw_daily
2019-07-16,10375.0,10425.0,10300.0,10425.0,8777.5341796875,2887800,0.0,0.0,yfinance_raw_daily
2019-07-17,10425.0,10650.0,10350.0,10625.0,8945.9287109375,4657700,0.0,0.0,yfinance_raw_daily
2019-07-18,10625.0,10825.0,10575.0,10725.0,9030.125,3141500,0.0,0.0,yfinance_raw_daily
2019-07-19,10800.0,10850.0,10725.0,10850.0,9135.3720703125,4500500,0.0,0.0,yfinance_raw_daily
2019-07-22,10850.0,10850.0,10550.0,10650.0,8966.9775390625,2231900,0.0,0.0,yfinance_raw_daily
2019-07-23,10650.0,10825.0,10625.0,10725.0,9030.125,3789800,0.0,0.0,yfinance_raw_daily
2019-07-24,10775.0,10775.0,10550.0,10575.0,8903.830078125,2573700,0.0,0.0,yfinance_raw_daily
2019-07-25,10600.0,10825.0,10575.0,10700.0,9009.076171875,4393300,0.0,0.0,yfinance_raw_daily
2019-07-26,10675.0,10775.0,10250.0,10575.0,8903.830078125,5094200,0.0,0.0,yfinance_raw_daily
2019-07-29,10600.0,10600.0,10150.0,10550.0,8882.7802734375,4662100,0.0,0.0,yfinance_raw_daily
2019-07-30,10350.0,10625.0,10325.0,10625.0,8945.9287109375,6836000,0.0,0.0,yfinance_raw_daily
2019-07-31,10700.0,10725.0,10600.0,10700.0,9009.076171875,9353300,0.0,0.0,yfinance_raw_daily
2019-08-01,10700.0,10825.0,10575.0,10700.0,9009.076171875,5747800,0.0,0.0,yfinance_raw_daily
2019-08-02,10600.0,10875.0,10600.0,10850.0,9135.3720703125,6844300,0.0,0.0,yfinance_raw_daily
2019-08-05,10800.0,11175.0,10725.0,10875.0,9156.4208984375,10260200,0.0,0.0,yfinance_raw_daily
2019-08-06,10875.0,10875.0,10625.0,10775.0,9072.2236328125,7514300,0.0,0.0,yfinance_raw_daily
2019-08-07,10875.0,11900.0,10850.0,11225.0,9451.109375,8654200,0.0,0.0,yfinance_raw_daily
2019-08-08,11100.0,11500.0,11100.0,11175.0,9409.0126953125,7458300,0.0,0.0,yfinance_raw_daily
2019-08-09,11275.0,11350.0,11200.0,11300.0,9514.2578125,4156500,0.0,0.0,yfinance_raw_daily
2019-08-12,11350.0,11450.0,11225.0,11275.0,9493.2080078125,2861900,0.0,0.0,yfinance_raw_daily
2019-08-13,11500.0,11500.0,11175.0,11250.0,9472.158203125,7798500,0.0,0.0,yfinance_raw_daily
2019-08-14,11400.0,11400.0,11275.0,11350.0,9556.3564453125,4994700,0.0,0.0,yfinance_raw_daily
2019-08-15,11100.0,11500.0,11050.0,11500.0,9682.65234375,7785500,0.0,0.0,yfinance_raw_daily
2019-08-16,10750.0,11650.0,10750.0,11625.0,9787.8984375,7037500,0.0,0.0,yfinance_raw_daily
2019-08-19,11625.0,12125.0,11475.0,11525.0,9703.7001953125,7924300,0.0,0.0,yfinance_raw_daily
2019-08-20,11800.0,11950.0,11600.0,11900.0,10019.439453125,11360000,0.0,0.0,yfinance_raw_daily
2019-08-21,11875.0,11900.0,11725.0,11800.0,9935.2421875,7288200,0.0,0.0,yfinance_raw_daily
2019-08-22,11900.0,11900.0,11800.0,11825.0,9956.2919921875,7625300,0.0,0.0,yfinance_raw_daily
2019-08-23,12075.0,12075.0,11700.0,11775.0,9914.1943359375,7936400,0.0,0.0,yfinance_raw_daily
2019-08-26,11675.0,11775.0,11250.0,11750.0,9893.1435546875,6608200,0.0,0.0,yfinance_raw_daily
2019-08-27,11850.0,11850.0,11725.0,11750.0,9893.1435546875,12491900,0.0,0.0,yfinance_raw_daily
2019-08-28,11900.0,11950.0,11775.0,11825.0,9956.2919921875,8964800,0.0,0.0,yfinance_raw_daily
2019-08-29,11825.0,12050.0,11825.0,12000.0,10103.6376953125,12311400,0.0,0.0,yfinance_raw_daily
2019-08-30,12100.0,12100.0,11950.0,12050.0,10145.7353515625,7502900,0.0,0.0,yfinance_raw_daily
2019-09-02,12100.0,12100.0,11950.0,11975.0,10082.587890625,2153200,0.0,0.0,yfinance_raw_daily
2019-09-03,11975.0,12025.0,11850.0,12000.0,10103.6376953125,2459000,0.0,0.0,yfinance_raw_daily
2019-09-04,12100.0,12100.0,11975.0,12000.0,10103.6376953125,5760400,0.0,0.0,yfinance_raw_daily
2019-09-05,11775.0,12000.0,11700.0,12000.0,10103.6376953125,4230700,0.0,0.0,yfinance_raw_daily
2019-09-06,12000.0,12000.0,11775.0,11900.0,10019.439453125,2320000,0.0,0.0,yfinance_raw_daily
2019-09-09,11900.0,11950.0,11800.0,11850.0,9977.33984375,2642700,0.0,0.0,yfinance_raw_daily
2019-09-10,11850.0,12025.0,11825.0,12025.0,10124.6865234375,4550900,0.0,0.0,yfinance_raw_daily
2019-09-11,12025.0,12050.0,11850.0,11950.0,10061.537109375,5861100,0.0,0.0,yfinance_raw_daily
2019-09-12,12000.0,12025.0,11850.0,11925.0,10040.4892578125,2164800,0.0,0.0,yfinance_raw_daily
2019-09-13,11800.0,11825.0,11550.0,11600.0,9766.8486328125,4968500,0.0,0.0,yfinance_raw_daily
2019-09-16,11500.0,11875.0,11475.0,11825.0,9956.2919921875,6073500,0.0,0.0,yfinance_raw_daily
2019-09-17,11900.0,12000.0,11875.0,11950.0,10061.537109375,5113400,0.0,0.0,yfinance_raw_daily
2019-09-18,11950.0,12000.0,11850.0,11875.0,9998.390625,2632200,0.0,0.0,yfinance_raw_daily
2019-09-19,11975.0,11975.0,11850.0,11900.0,10019.439453125,2160600,0.0,0.0,yfinance_raw_daily
2019-09-20,11925.0,11950.0,11775.0,11950.0,10061.537109375,8730600,0.0,0.0,yfinance_raw_daily
2019-09-23,11950.0,11975.0,11850.0,11875.0,9998.390625,2435100,0.0,0.0,yfinance_raw_daily
2019-09-24,11950.0,11975.0,11725.0,11800.0,9935.2421875,2092300,0.0,0.0,yfinance_raw_daily
2019-09-25,11800.0,11850.0,11600.0,11800.0,9935.2421875,4008700,0.0,0.0,yfinance_raw_daily
2019-09-26,11900.0,12050.0,11875.0,12000.0,10103.6376953125,4714500,0.0,0.0,yfinance_raw_daily
2019-09-27,12000.0,12000.0,11875.0,11950.0,10061.537109375,2938500,0.0,0.0,yfinance_raw_daily
2019-09-30,11950.0,12025.0,11900.0,12025.0,10124.6865234375,3417900,0.0,0.0,yfinance_raw_daily
2019-10-01,11950.0,11975.0,11875.0,11925.0,10040.4892578125,2714500,0.0,0.0,yfinance_raw_daily
2019-10-02,11975.0,12550.0,11975.0,12200.0,10272.03125,3768000,0.0,0.0,yfinance_raw_daily
2019-10-03,12275.0,12400.0,11700.0,12200.0,10272.03125,6457500,0.0,0.0,yfinance_raw_daily
2019-10-04,12275.0,12325.0,12150.0,12225.0,10293.080078125,1296900,0.0,0.0,yfinance_raw_daily
2019-10-07,12225.0,12350.0,12150.0,12275.0,10335.177734375,1419100,0.0,0.0,yfinance_raw_daily
2019-10-08,12400.0,12400.0,12275.0,12400.0,10440.423828125,2937900,0.0,0.0,yfinance_raw_daily
2019-10-09,12500.0,12500.0,11975.0,12000.0,10103.6376953125,3141600,0.0,0.0,yfinance_raw_daily
2019-10-10,11875.0,11875.0,11350.0,11450.0,9640.5537109375,9475400,0.0,0.0,yfinance_raw_daily
2019-10-11,11550.0,11675.0,11525.0,11625.0,9787.8984375,6715800,0.0,0.0,yfinance_raw_daily
2019-10-14,11650.0,11750.0,11550.0,11600.0,9766.8486328125,6405900,0.0,0.0,yfinance_raw_daily
2019-10-15,11550.0,11625.0,11325.0,11375.0,9577.404296875,3905000,0.0,0.0,yfinance_raw_daily
2019-10-16,11400.0,11600.0,11250.0,11325.0,9535.3056640625,8774100,0.0,0.0,yfinance_raw_daily
2019-10-17,11325.0,11550.0,11325.0,11550.0,9724.7509765625,4469900,0.0,0.0,yfinance_raw_daily
2019-10-18,11575.0,11600.0,11250.0,11275.0,9493.2080078125,5140100,0.0,0.0,yfinance_raw_daily
2019-10-21,11275.0,11600.0,11250.0,11400.0,9598.4560546875,4684500,0.0,0.0,yfinance_raw_daily
2019-10-22,11500.0,11525.0,11375.0,11425.0,9619.50390625,5062200,0.0,0.0,yfinance_raw_daily
2019-10-23,11425.0,11525.0,11300.0,11500.0,9682.65234375,5815300,0.0,0.0,yfinance_raw_daily
2019-10-24,11500.0,11625.0,11450.0,11600.0,9766.8486328125,8818700,0.0,0.0,yfinance_raw_daily
2019-10-25,11575.0,11700.0,11200.0,11425.0,9619.50390625,5173500,0.0,0.0,yfinance_raw_daily
2019-10-28,11450.0,11725.0,11350.0,11700.0,9851.044921875,2733100,0.0,0.0,yfinance_raw_daily
2019-10-29,11675.0,11700.0,11500.0,11600.0,9766.8486328125,4852400,0.0,0.0,yfinance_raw_daily
2019-10-30,11850.0,11850.0,11600.0,11675.0,9829.99609375,4996400,0.0,0.0,yfinance_raw_daily
2019-10-31,11650.0,11725.0,11575.0,11625.0,9787.8984375,6226300,0.0,0.0,yfinance_raw_daily
2019-11-01,11750.0,11750.0,11575.0,11625.0,9787.8984375,3642500,0.0,0.0,yfinance_raw_daily
2019-11-04,11625.0,11650.0,11325.0,11350.0,9556.3564453125,4044400,0.0,0.0,yfinance_raw_daily
2019-11-05,11300.0,11425.0,11100.0,11200.0,9430.0615234375,9265000,0.0,0.0,yfinance_raw_daily
2019-11-06,11250.0,11325.0,11100.0,11225.0,9451.109375,6111800,0.0,0.0,yfinance_raw_daily
2019-11-07,11250.0,11300.0,10800.0,10800.0,9093.2724609375,6648400,0.0,0.0,yfinance_raw_daily
2019-11-08,10775.0,11300.0,10750.0,11275.0,9493.2080078125,8192000,0.0,0.0,yfinance_raw_daily
2019-11-11,11300.0,11475.0,11300.0,11400.0,9598.4560546875,9711300,0.0,0.0,yfinance_raw_daily
2019-11-12,11400.0,11425.0,11300.0,11400.0,9598.4560546875,6231700,0.0,0.0,yfinance_raw_daily
2019-11-13,11400.0,11475.0,11325.0,11475.0,9661.6025390625,3092400,0.0,0.0,yfinance_raw_daily
2019-11-14,11475.0,11500.0,11325.0,11400.0,9598.4560546875,13000400,0.0,0.0,yfinance_raw_daily
2019-11-15,11350.0,11425.0,11350.0,11400.0,9598.4560546875,8348400,0.0,0.0,yfinance_raw_daily
2019-11-18,11400.0,11450.0,11300.0,11400.0,9598.4560546875,3468700,0.0,0.0,yfinance_raw_daily
2019-11-19,11400.0,11425.0,11250.0,11425.0,9619.50390625,7517700,0.0,0.0,yfinance_raw_daily
2019-11-20,11400.0,11425.0,11350.0,11425.0,9619.50390625,2800200,0.0,0.0,yfinance_raw_daily
2019-11-21,11400.0,11450.0,11400.0,11400.0,9598.4560546875,5055700,0.0,0.0,yfinance_raw_daily
2019-11-22,11300.0,11425.0,11300.0,11425.0,9619.50390625,1941500,0.0,0.0,yfinance_raw_daily
2019-11-25,11375.0,11425.0,11375.0,11400.0,9598.4560546875,8105000,0.0,0.0,yfinance_raw_daily
2019-11-26,11375.0,11425.0,11375.0,11375.0,9577.404296875,13063100,0.0,0.0,yfinance_raw_daily
2019-11-27,11325.0,11550.0,11300.0,11375.0,9577.404296875,2689000,0.0,0.0,yfinance_raw_daily
2019-11-28,11450.0,11525.0,11325.0,11325.0,9535.3056640625,2859600,0.0,0.0,yfinance_raw_daily
2019-11-29,11325.0,11500.0,11300.0,11325.0,9535.3056640625,3762100,0.0,0.0,yfinance_raw_daily
2019-12-02,11350.0,11500.0,11350.0,11400.0,9598.4560546875,2671100,0.0,0.0,yfinance_raw_daily
2019-12-03,11600.0,11625.0,11375.0,11400.0,9598.4560546875,2400700,0.0,0.0,yfinance_raw_daily
2019-12-04,11400.0,11425.0,11100.0,11100.0,9345.86328125,6445900,0.0,0.0,yfinance_raw_daily
2019-12-05,11250.0,11325.0,11150.0,11250.0,9472.158203125,6379900,0.0,0.0,yfinance_raw_daily
2019-12-06,11300.0,11450.0,11250.0,11425.0,9619.50390625,2077700,0.0,0.0,yfinance_raw_daily
2019-12-09,11425.0,11425.0,11325.0,11375.0,9577.404296875,2446300,0.0,0.0,yfinance_raw_daily
2019-12-10,11375.0,11550.0,11350.0,11375.0,9577.404296875,3879900,0.0,0.0,yfinance_raw_daily
2019-12-11,11400.0,11525.0,11400.0,11450.0,9640.5537109375,2694800,0.0,0.0,yfinance_raw_daily
2019-12-12,11525.0,11525.0,11350.0,11375.0,9577.404296875,3944900,0.0,0.0,yfinance_raw_daily
2019-12-13,11350.0,11475.0,11350.0,11450.0,9640.5537109375,3441700,0.0,0.0,yfinance_raw_daily
2019-12-16,11350.0,11450.0,11325.0,11350.0,9556.3564453125,4959000,0.0,0.0,yfinance_raw_daily
2019-12-17,11325.0,11500.0,11300.0,11500.0,9682.65234375,7056800,0.0,0.0,yfinance_raw_daily
2019-12-18,11450.0,11500.0,11250.0,11500.0,9682.65234375,9347100,0.0,0.0,yfinance_raw_daily
2019-12-19,11475.0,11475.0,11375.0,11425.0,9619.50390625,3900600,0.0,0.0,yfinance_raw_daily
2019-12-20,11400.0,11525.0,11275.0,11525.0,9703.7001953125,12072700,0.0,0.0,yfinance_raw_daily
2019-12-23,11500.0,11500.0,11325.0,11400.0,9598.4560546875,4627300,0.0,0.0,yfinance_raw_daily
2019-12-26,11325.0,11425.0,11250.0,11275.0,9493.2080078125,2931200,0.0,0.0,yfinance_raw_daily
2019-12-27,11275.0,11275.0,11100.0,11175.0,9409.0126953125,6856300,0.0,0.0,yfinance_raw_daily
2019-12-30,11200.0,11275.0,11150.0,11150.0,9387.9619140625,5838000,0.0,0.0,yfinance_raw_daily
2020-01-02,11275.0,11300.0,11100.0,11150.0,9387.9619140625,1240200,0.0,0.0,yfinance_raw_daily
2020-01-03,11150.0,11275.0,11050.0,11250.0,9472.158203125,3044300,0.0,0.0,yfinance_raw_daily
2020-01-06,11250.0,11550.0,11175.0,11500.0,9682.65234375,3369400,0.0,0.0,yfinance_raw_daily
2020-01-07,11550.0,11550.0,11200.0,11500.0,9682.65234375,4636500,0.0,0.0,yfinance_raw_daily
2020-01-08,11300.0,11550.0,11300.0,11550.0,9724.7509765625,3602100,0.0,0.0,yfinance_raw_daily
2020-01-09,11550.0,11550.0,11400.0,11525.0,9703.7001953125,4490400,0.0,0.0,yfinance_raw_daily
2020-01-10,11550.0,11575.0,11475.0,11525.0,9703.7001953125,4671700,0.0,0.0,yfinance_raw_daily
2020-01-13,11600.0,11600.0,11525.0,11550.0,9724.7509765625,3006900,0.0,0.0,yfinance_raw_daily
2020-01-14,11625.0,11625.0,11550.0,11600.0,9766.8486328125,4265000,0.0,0.0,yfinance_raw_daily
2020-01-15,11625.0,11625.0,11425.0,11475.0,9661.6025390625,4462500,0.0,0.0,yfinance_raw_daily
2020-01-16,11475.0,11600.0,11425.0,11600.0,9766.8486328125,4698300,0.0,0.0,yfinance_raw_daily
2020-01-17,11600.0,11600.0,11550.0,11575.0,9745.7998046875,2827400,0.0,0.0,yfinance_raw_daily
2020-01-20,11575.0,11600.0,11550.0,11600.0,9766.8486328125,3167900,0.0,0.0,yfinance_raw_daily
2020-01-21,11625.0,11800.0,11600.0,11700.0,9851.044921875,3918900,0.0,0.0,yfinance_raw_daily
2020-01-22,11700.0,11875.0,11675.0,11750.0,9893.1435546875,5004000,0.0,0.0,yfinance_raw_daily
2020-01-23,11700.0,11775.0,11650.0,11700.0,9851.044921875,1669200,0.0,0.0,yfinance_raw_daily
2020-01-24,11675.0,11700.0,11600.0,11700.0,9851.044921875,1701000,0.0,0.0,yfinance_raw_daily
2020-01-27,11700.0,11725.0,11625.0,11650.0,9808.9462890625,2236100,0.0,0.0,yfinance_raw_daily
2020-01-28,11625.0,11650.0,11300.0,11625.0,9787.8984375,3602200,0.0,0.0,yfinance_raw_daily
2020-01-29,11650.0,11800.0,11650.0,11700.0,9851.044921875,2873700,0.0,0.0,yfinance_raw_daily
2020-01-30,11750.0,11900.0,11475.0,11625.0,9787.8984375,5091400,0.0,0.0,yfinance_raw_daily
2020-01-31,11600.0,11600.0,11375.0,11375.0,9577.404296875,6281100,0.0,0.0,yfinance_raw_daily
2020-02-03,11375.0,11425.0,11300.0,11400.0,9598.4560546875,2396500,0.0,0.0,yfinance_raw_daily
2020-02-04,11550.0,11700.0,11475.0,11600.0,9766.8486328125,6060300,0.0,0.0,yfinance_raw_daily
2020-02-05,11600.0,11625.0,11450.0,11500.0,9682.65234375,2591600,0.0,0.0,yfinance_raw_daily
2020-02-06,11475.0,11650.0,11475.0,11500.0,9682.65234375,2299400,0.0,0.0,yfinance_raw_daily
2020-02-07,11500.0,11550.0,11400.0,11500.0,9682.65234375,1786400,0.0,0.0,yfinance_raw_daily
2020-02-10,11650.0,11650.0,11400.0,11575.0,9745.7998046875,2697700,0.0,0.0,yfinance_raw_daily
2020-02-11,11575.0,11575.0,11400.0,11475.0,9661.6025390625,13191900,0.0,0.0,yfinance_raw_daily
2020-02-12,11050.0,11050.0,10550.0,10750.0,9051.1748046875,38781300,0.0,0.0,yfinance_raw_daily
2020-02-13,10700.0,10950.0,10600.0,10800.0,9093.2724609375,6782100,0.0,0.0,yfinance_raw_daily
2020-02-14,10825.0,10850.0,10750.0,10775.0,9072.2236328125,5096600,0.0,0.0,yfinance_raw_daily
2020-02-17,10750.0,10925.0,10725.0,10850.0,9135.3720703125,3487400,0.0,0.0,yfinance_raw_daily
2020-02-18,10850.0,10950.0,10825.0,10850.0,9135.3720703125,5428000,0.0,0.0,yfinance_raw_daily
2020-02-19,10950.0,11000.0,10800.0,11000.0,9261.666015625,3665500,0.0,0.0,yfinance_raw_daily
2020-02-20,11025.0,11375.0,11000.0,11225.0,9451.109375,5472600,0.0,0.0,yfinance_raw_daily
2020-02-21,11225.0,11275.0,10925.0,10950.0,9219.568359375,4520700,0.0,0.0,yfinance_raw_daily
2020-02-24,10750.0,11125.0,10750.0,11025.0,9282.7158203125,2871700,0.0,0.0,yfinance_raw_daily
2020-02-25,11000.0,11075.0,10875.0,10975.0,9240.6181640625,3213600,0.0,0.0,yfinance_raw_daily
2020-02-26,10900.0,10925.0,10775.0,10825.0,9114.322265625,4142700,0.0,0.0,yfinance_raw_daily
2020-02-27,10750.0,10825.0,10350.0,10550.0,8882.7802734375,5781400,0.0,0.0,yfinance_raw_daily
2020-02-28,10100.0,10450.0,9900.0,10275.0,8651.240234375,12019600,0.0,0.0,yfinance_raw_daily
2020-03-02,10275.0,10275.0,9975.0,10150.0,8545.9931640625,6373100,0.0,0.0,yfinance_raw_daily
2020-03-03,10650.0,11125.0,10475.0,10950.0,9219.568359375,7187600,0.0,0.0,yfinance_raw_daily
2020-03-04,10975.0,11000.0,10750.0,10950.0,9219.568359375,4640300,0.0,0.0,yfinance_raw_daily
2020-03-05,11025.0,11075.0,10800.0,10950.0,9219.568359375,6386500,0.0,0.0,yfinance_raw_daily
2020-03-06,10750.0,11000.0,10750.0,10950.0,9219.568359375,5805700,0.0,0.0,yfinance_raw_daily
2020-03-09,10700.0,10700.0,10350.0,10375.0,8735.4365234375,4459700,0.0,0.0,yfinance_raw_daily
2020-03-10,10300.0,11000.0,10300.0,10775.0,9072.2236328125,4665700,0.0,0.0,yfinance_raw_daily
2020-03-11,10775.0,10950.0,10450.0,10950.0,9219.568359375,5798300,0.0,0.0,yfinance_raw_daily
2020-03-12,10775.0,10950.0,10500.0,10525.0,8861.73046875,4114900,0.0,0.0,yfinance_raw_daily
2020-03-13,10525.0,11100.0,9800.0,10975.0,9240.6181640625,9473800,0.0,0.0,yfinance_raw_daily
2020-03-16,10825.0,10925.0,10325.0,10400.0,8756.484375,6384200,0.0,0.0,yfinance_raw_daily
2020-03-17,10400.0,10500.0,9700.0,9750.0,8209.205078125,8147300,0.0,0.0,yfinance_raw_daily
2020-03-18,9875.0,9950.0,9075.0,9325.0,7851.3671875,6285700,0.0,0.0,yfinance_raw_daily
2020-03-19,9100.0,9100.0,8675.0,8850.0,7451.43115234375,7344600,0.0,0.0,yfinance_raw_daily
2020-03-20,9000.0,9700.0,8300.0,8975.0,7556.67724609375,16501400,0.0,0.0,yfinance_raw_daily
2020-03-23,8950.0,8950.0,8350.0,8350.0,7030.44677734375,4901900,0.0,0.0,yfinance_raw_daily
2020-03-24,8300.0,9050.0,8125.0,8300.0,6988.34912109375,10642400,0.0,0.0,yfinance_raw_daily
2020-03-26,8525.0,9900.0,8325.0,9500.0,7998.7119140625,14307800,0.0,0.0,yfinance_raw_daily
2020-03-27,9500.0,10350.0,9500.0,9975.0,8398.6474609375,6618600,0.0,0.0,yfinance_raw_daily
2020-03-30,9950.0,10100.0,9300.0,9650.0,8125.00830078125,4572400,0.0,0.0,yfinance_raw_daily
2020-03-31,9650.0,10700.0,9650.0,10225.0,8609.140625,10710300,0.0,0.0,yfinance_raw_daily
2020-04-01,10200.0,10475.0,9900.0,10150.0,8545.9931640625,4606400,0.0,0.0,yfinance_raw_daily
2020-04-02,10100.0,10300.0,9800.0,10200.0,8588.0908203125,7811800,0.0,0.0,yfinance_raw_daily
2020-04-03,10200.0,10300.0,9925.0,10000.0,8419.6962890625,4190800,0.0,0.0,yfinance_raw_daily
2020-04-06,10100.0,10300.0,9950.0,10250.0,8630.1904296875,5343900,0.0,0.0,yfinance_raw_daily
2020-04-07,10350.0,10600.0,9875.0,10075.0,8482.84375,6342100,0.0,0.0,yfinance_raw_daily
2020-04-08,10100.0,10200.0,9575.0,9600.0,8082.90869140625,7488000,0.0,0.0,yfinance_raw_daily
2020-04-09,9600.0,10125.0,9600.0,10100.0,8503.892578125,5938100,0.0,0.0,yfinance_raw_daily
2020-04-13,10100.0,10300.0,10050.0,10200.0,8588.0908203125,3225000,0.0,0.0,yfinance_raw_daily
2020-04-14,10200.0,10350.0,10100.0,10350.0,8714.3857421875,4600800,0.0,0.0,yfinance_raw_daily
2020-04-15,10350.0,10350.0,9900.0,10175.0,8567.041015625,3361900,0.0,0.0,yfinance_raw_daily
2020-04-16,10175.0,10175.0,9900.0,9900.0,8335.5,5543800,0.0,0.0,yfinance_raw_daily
2020-04-17,10000.0,10300.0,10000.0,10200.0,8588.0908203125,6244900,0.0,0.0,yfinance_raw_daily
2020-04-20,10300.0,10300.0,10025.0,10075.0,8482.84375,5211200,0.0,0.0,yfinance_raw_daily
2020-04-21,10075.0,10200.0,9975.0,9975.0,8398.6474609375,2472900,0.0,0.0,yfinance_raw_daily
2020-04-22,10000.0,10175.0,9975.0,10025.0,8440.74609375,4752000,0.0,0.0,yfinance_raw_daily
2020-04-23,10175.0,10250.0,10050.0,10150.0,8545.9931640625,5175900,0.0,0.0,yfinance_raw_daily
2020-04-24,10200.0,10200.0,9900.0,9900.0,8335.5,6779300,0.0,0.0,yfinance_raw_daily
2020-04-27,9900.0,10050.0,9750.0,9925.0,8356.5498046875,3587100,0.0,0.0,yfinance_raw_daily
2020-04-28,9900.0,10050.0,9900.0,10025.0,8440.74609375,3350600,0.0,0.0,yfinance_raw_daily
2020-04-29,10050.0,10100.0,9900.0,10000.0,8419.6962890625,3956900,0.0,0.0,yfinance_raw_daily
2020-04-30,10050.0,10150.0,9875.0,9875.0,8314.4501953125,7794500,0.0,0.0,yfinance_raw_daily
2020-05-04,9875.0,9900.0,9700.0,9700.0,8167.10693359375,5036700,0.0,0.0,yfinance_raw_daily
2020-05-05,9850.0,9850.0,9700.0,9750.0,8209.205078125,2481700,0.0,0.0,yfinance_raw_daily
2020-05-06,9775.0,9875.0,9650.0,9675.0,8146.056640625,5417100,0.0,0.0,yfinance_raw_daily
2020-05-08,9700.0,9775.0,9550.0,9625.0,8103.9580078125,7505800,0.0,0.0,yfinance_raw_daily
2020-05-11,9725.0,9825.0,9700.0,9750.0,8209.205078125,3409000,0.0,0.0,yfinance_raw_daily
2020-05-12,9750.0,9800.0,9625.0,9750.0,8209.205078125,10015800,0.0,0.0,yfinance_raw_daily
2020-05-13,9750.0,9775.0,9600.0,9650.0,8125.00830078125,3462800,0.0,0.0,yfinance_raw_daily
2020-05-14,9675.0,9975.0,9600.0,9725.0,8188.15625,7272200,0.0,0.0,yfinance_raw_daily
2020-05-15,9800.0,9900.0,9700.0,9700.0,8167.10693359375,6164400,0.0,0.0,yfinance_raw_daily
2020-05-18,9700.0,9825.0,9625.0,9725.0,8188.15625,3533300,0.0,0.0,yfinance_raw_daily
2020-05-19,9800.0,9950.0,9800.0,9900.0,8335.5,6299300,0.0,0.0,yfinance_raw_daily
2020-05-20,9800.0,9900.0,9350.0,9600.0,8082.90869140625,11973600,0.0,0.0,yfinance_raw_daily
2020-05-26,9600.0,9600.0,8950.0,8950.0,7535.62890625,10324600,0.0,0.0,yfinance_raw_daily
2020-05-27,8700.0,8700.0,8325.0,8325.0,7009.39794921875,13319000,0.0,0.0,yfinance_raw_daily
2020-05-28,8075.0,8575.0,7750.0,8325.0,7009.39794921875,204450600,0.0,0.0,yfinance_raw_daily
2020-05-29,8350.0,8500.0,8150.0,8150.0,6862.05322265625,61130900,0.0,0.0,yfinance_raw_daily
2020-06-02,8250.0,8550.0,8250.0,8475.0,7135.693359375,39990400,0.0,0.0,yfinance_raw_daily
2020-06-03,8600.0,8800.0,8400.0,8500.0,7156.74267578125,38866800,0.0,0.0,yfinance_raw_daily
2020-06-04,8525.0,8700.0,8500.0,8500.0,7156.74267578125,28171800,0.0,0.0,yfinance_raw_daily
2020-06-05,8525.0,8625.0,8400.0,8625.0,7261.98828125,13685700,0.0,0.0,yfinance_raw_daily
2020-06-08,8725.0,9000.0,8700.0,8775.0,7388.2841796875,24469300,0.0,0.0,yfinance_raw_daily
2020-06-09,8850.0,8975.0,8800.0,8900.0,7493.5302734375,21394700,0.0,0.0,yfinance_raw_daily
2020-06-10,8800.0,8900.0,8625.0,8650.0,7283.0380859375,15356000,0.0,0.0,yfinance_raw_daily
2020-06-11,8575.0,8750.0,8450.0,8600.0,7240.9404296875,11516100,0.0,0.0,yfinance_raw_daily
2020-06-12,8600.0,8625.0,8200.0,8600.0,7240.9404296875,15411500,0.0,0.0,yfinance_raw_daily
2020-06-15,8600.0,8800.0,8575.0,8700.0,7325.13623046875,12064600,0.0,0.0,yfinance_raw_daily
2020-06-16,8700.0,8900.0,8700.0,8875.0,7472.48095703125,9437600,0.0,0.0,yfinance_raw_daily
2020-06-17,8875.0,9000.0,8875.0,8950.0,7535.62890625,7449300,0.0,0.0,yfinance_raw_daily
2020-06-18,8900.0,8975.0,8750.0,8750.0,7367.234375,6346200,0.0,0.0,yfinance_raw_daily
2020-06-19,8700.0,8925.0,8675.0,8925.0,7514.580078125,6381100,0.0,0.0,yfinance_raw_daily
2020-06-22,8925.0,9250.0,8900.0,9100.0,7661.92529296875,15587900,0.0,0.0,yfinance_raw_daily
2020-06-23,9150.0,9150.0,8925.0,8925.0,7514.580078125,12104800,0.0,0.0,yfinance_raw_daily
2020-06-24,8950.0,9075.0,8925.0,9075.0,7640.87548828125,6518200,0.0,0.0,yfinance_raw_daily
2020-06-25,9075.0,9075.0,8950.0,8975.0,7556.67724609375,5614100,0.0,0.0,yfinance_raw_daily
2020-06-26,9075.0,9250.0,9000.0,9225.0,7767.171875,10454900,0.0,0.0,yfinance_raw_daily
2020-06-29,9200.0,9450.0,9125.0,9400.0,7914.5146484375,12020200,0.0,0.0,yfinance_raw_daily
2020-06-30,9450.0,9500.0,9350.0,9350.0,7872.416015625,13922700,0.0,0.0,yfinance_raw_daily
2020-07-01,9350.0,9400.0,9200.0,9200.0,7746.12158203125,7022000,0.0,0.0,yfinance_raw_daily
2020-07-02,9250.0,9550.0,9225.0,9550.0,8040.81103515625,7749600,0.0,0.0,yfinance_raw_daily
2020-07-03,9525.0,9600.0,9400.0,9425.0,7935.564453125,3649100,0.0,0.0,yfinance_raw_daily
2020-07-06,9425.0,9525.0,9400.0,9425.0,7935.564453125,3042600,0.0,0.0,yfinance_raw_daily
2020-07-07,9425.0,9500.0,9400.0,9500.0,7998.7119140625,6629600,0.0,0.0,yfinance_raw_daily
2020-07-08,9425.0,9550.0,9300.0,9450.0,7956.6142578125,9140000,0.0,0.0,yfinance_raw_daily
2020-07-09,9500.0,9525.0,9350.0,9350.0,7872.416015625,5609200,0.0,0.0,yfinance_raw_daily
2020-07-10,9350.0,9400.0,9200.0,9225.0,7767.171875,6827600,0.0,0.0,yfinance_raw_daily
2020-07-13,9325.0,9350.0,9225.0,9250.0,7788.21923828125,4046700,0.0,0.0,yfinance_raw_daily
2020-07-14,9400.0,9450.0,9250.0,9450.0,7956.6142578125,4863900,0.0,0.0,yfinance_raw_daily
2020-07-15,9450.0,9500.0,9425.0,9450.0,7956.6142578125,5436400,0.0,0.0,yfinance_raw_daily
2020-07-16,9500.0,9650.0,9450.0,9575.0,8061.859375,12667900,0.0,0.0,yfinance_raw_daily
2020-07-17,9650.0,9650.0,9125.0,9275.0,7809.26806640625,18966400,0.0,0.0,yfinance_raw_daily
2020-07-20,9350.0,9425.0,9225.0,9325.0,7851.3671875,13802800,0.0,0.0,yfinance_raw_daily
2020-07-21,9325.0,9425.0,9325.0,9325.0,7851.3671875,7936100,0.0,0.0,yfinance_raw_daily
2020-07-22,9375.0,9425.0,9325.0,9375.0,7893.4658203125,5859000,0.0,0.0,yfinance_raw_daily
2020-07-23,9375.0,9475.0,9375.0,9400.0,7914.5146484375,9044800,0.0,0.0,yfinance_raw_daily
2020-07-24,9300.0,9325.0,9175.0,9175.0,7905.89892578125,9935000,215.0,0.0,yfinance_raw_daily
2020-07-27,9200.0,9300.0,9000.0,9000.0,7755.10498046875,12846800,0.0,0.0,yfinance_raw_daily
2020-07-28,9075.0,9150.0,9000.0,9050.0,7798.1884765625,9219900,0.0,0.0,yfinance_raw_daily
2020-07-29,9075.0,9125.0,9050.0,9125.0,7862.8154296875,6255400,0.0,0.0,yfinance_raw_daily
2020-07-30,9125.0,9200.0,9075.0,9200.0,7927.4404296875,8499300,0.0,0.0,yfinance_raw_daily
2020-08-03,9200.0,9400.0,9075.0,9300.0,8013.60791015625,20483300,0.0,0.0,yfinance_raw_daily
2020-08-04,9425.0,10425.0,9200.0,10025.0,8638.3251953125,45798800,0.0,0.0,yfinance_raw_daily
2020-08-05,10000.0,10625.0,9925.0,10550.0,9090.7060546875,25765000,0.0,0.0,yfinance_raw_daily
2020-08-06,10575.0,10600.0,10325.0,10325.0,8896.8291015625,11910700,0.0,0.0,yfinance_raw_daily
2020-08-07,10325.0,10375.0,10075.0,10175.0,8767.576171875,11490600,0.0,0.0,yfinance_raw_daily
2020-08-10,10200.0,10250.0,10050.0,10175.0,8767.576171875,8662600,0.0,0.0,yfinance_raw_daily
2020-08-11,10175.0,10350.0,10125.0,10200.0,8789.1181640625,8829900,0.0,0.0,yfinance_raw_daily
2020-08-12,10225.0,10300.0,10125.0,10150.0,8746.03515625,7687000,0.0,0.0,yfinance_raw_daily
2020-08-13,10150.0,10275.0,10150.0,10250.0,8832.203125,8840200,0.0,0.0,yfinance_raw_daily
2020-08-14,10250.0,10300.0,10125.0,10175.0,8767.576171875,6382600,0.0,0.0,yfinance_raw_daily
2020-08-18,10200.0,10275.0,10125.0,10200.0,8789.1181640625,6105900,0.0,0.0,yfinance_raw_daily
2020-08-19,10200.0,10275.0,10100.0,10100.0,8702.94921875,5372500,0.0,0.0,yfinance_raw_daily
2020-08-24,10150.0,10275.0,10150.0,10225.0,8810.6611328125,7070300,0.0,0.0,yfinance_raw_daily
2020-08-25,10225.0,10475.0,10200.0,10425.0,8982.99609375,8463700,0.0,0.0,yfinance_raw_daily
2020-08-26,10425.0,10500.0,10325.0,10350.0,8918.3701171875,4974600,0.0,0.0,yfinance_raw_daily
2020-08-27,10450.0,10450.0,10300.0,10350.0,8918.3701171875,3609200,0.0,0.0,yfinance_raw_daily
2020-08-28,10400.0,10400.0,10250.0,10325.0,8896.8291015625,3591500,0.0,0.0,yfinance_raw_daily
2020-08-31,10325.0,10375.0,10225.0,10225.0,8810.6611328125,6480900,0.0,0.0,yfinance_raw_daily
2020-09-01,10175.0,10250.0,10125.0,10225.0,8810.6611328125,5985500,0.0,0.0,yfinance_raw_daily
2020-09-02,10325.0,10350.0,10200.0,10200.0,8789.1181640625,6190400,0.0,0.0,yfinance_raw_daily
2020-09-03,10200.0,10350.0,10200.0,10225.0,8810.6611328125,4452600,0.0,0.0,yfinance_raw_daily
2020-09-04,10250.0,10375.0,10100.0,10300.0,8875.287109375,6204400,0.0,0.0,yfinance_raw_daily
2020-09-07,10275.0,10325.0,10250.0,10325.0,8896.8291015625,2898700,0.0,0.0,yfinance_raw_daily
2020-09-08,10325.0,10375.0,10275.0,10325.0,8896.8291015625,8859000,0.0,0.0,yfinance_raw_daily
2020-09-09,10300.0,10450.0,10250.0,10275.0,8853.74609375,5255900,0.0,0.0,yfinance_raw_daily
2020-09-10,10225.0,10225.0,9600.0,9975.0,8595.240234375,14206300,0.0,0.0,yfinance_raw_daily
2020-09-11,9900.0,10500.0,9725.0,10250.0,8832.203125,12182000,0.0,0.0,yfinance_raw_daily
2020-09-14,10400.0,10600.0,10375.0,10550.0,9090.7060546875,6768500,0.0,0.0,yfinance_raw_daily
2020-09-15,10575.0,10600.0,10375.0,10400.0,8961.4541015625,3665900,0.0,0.0,yfinance_raw_daily
2020-09-16,10500.0,10550.0,10350.0,10450.0,9004.5380859375,3624200,0.0,0.0,yfinance_raw_daily
2020-09-17,10450.0,10475.0,10050.0,10200.0,8789.1181640625,4053600,0.0,0.0,yfinance_raw_daily
2020-09-18,10200.0,10275.0,10150.0,10175.0,8767.576171875,4415000,0.0,0.0,yfinance_raw_daily
2020-09-21,10175.0,10275.0,10000.0,10150.0,8746.03515625,2745700,0.0,0.0,yfinance_raw_daily
2020-09-22,10050.0,10350.0,9950.0,10250.0,8832.203125,5540400,0.0,0.0,yfinance_raw_daily
2020-09-23,10350.0,10375.0,10150.0,10350.0,8918.3701171875,6495900,0.0,0.0,yfinance_raw_daily
2020-09-24,10225.0,10225.0,10025.0,10100.0,8702.94921875,5972900,0.0,0.0,yfinance_raw_daily
2020-09-25,10200.0,10250.0,10050.0,10050.0,8659.8671875,6329100,0.0,0.0,yfinance_raw_daily
2020-09-28,10175.0,10175.0,10050.0,10075.0,8681.408203125,3033500,0.0,0.0,yfinance_raw_daily
2020-09-29,10175.0,10175.0,10050.0,10150.0,8746.03515625,3448900,0.0,0.0,yfinance_raw_daily
2020-09-30,10200.0,10200.0,10075.0,10075.0,8681.408203125,3833100,0.0,0.0,yfinance_raw_daily
2020-10-01,10075.0,10175.0,10075.0,10150.0,8746.03515625,2693500,0.0,0.0,yfinance_raw_daily
2020-10-02,10150.0,10175.0,10025.0,10075.0,8681.408203125,2634300,0.0,0.0,yfinance_raw_daily
2020-10-05,10075.0,10175.0,10050.0,10100.0,8702.94921875,2439600,0.0,0.0,yfinance_raw_daily
2020-10-06,10200.0,10200.0,10100.0,10100.0,8702.94921875,2538900,0.0,0.0,yfinance_raw_daily
2020-10-07,10150.0,10150.0,10000.0,10000.0,8616.7822265625,4764400,0.0,0.0,yfinance_raw_daily
2020-10-08,10025.0,10075.0,10025.0,10075.0,8681.408203125,3209400,0.0,0.0,yfinance_raw_daily
2020-10-09,10100.0,10100.0,10050.0,10050.0,8659.8671875,2004200,0.0,0.0,yfinance_raw_daily
2020-10-12,10050.0,10075.0,9950.0,9950.0,8573.69921875,6518600,0.0,0.0,yfinance_raw_daily
2020-10-13,9900.0,9950.0,9875.0,9925.0,8552.1572265625,7526700,0.0,0.0,yfinance_raw_daily
2020-10-14,10000.0,10000.0,9875.0,9950.0,8573.69921875,9351800,0.0,0.0,yfinance_raw_daily
2020-10-15,9925.0,9950.0,9750.0,9750.0,8401.3642578125,10009200,0.0,0.0,yfinance_raw_daily
2020-10-16,9775.0,9925.0,9750.0,9750.0,8401.3642578125,7227300,0.0,0.0,yfinance_raw_daily
2020-10-19,9775.0,9875.0,9775.0,9825.0,8465.9892578125,2188500,0.0,0.0,yfinance_raw_daily
2020-10-20,9825.0,9850.0,9725.0,9725.0,8379.822265625,6697000,0.0,0.0,yfinance_raw_daily
2020-10-21,9725.0,9850.0,9650.0,9700.0,8358.2802734375,9752700,0.0,0.0,yfinance_raw_daily
2020-10-22,9700.0,9725.0,9650.0,9650.0,8315.1962890625,5281200,0.0,0.0,yfinance_raw_daily
2020-10-23,9700.0,9775.0,9700.0,9725.0,8379.822265625,2466700,0.0,0.0,yfinance_raw_daily
2020-10-26,9725.0,9875.0,9700.0,9775.0,8422.9052734375,5331300,0.0,0.0,yfinance_raw_daily
2020-10-27,9750.0,9775.0,9650.0,9650.0,8315.1962890625,4979000,0.0,0.0,yfinance_raw_daily
2020-11-02,9650.0,9925.0,9625.0,9750.0,8401.3642578125,9102800,0.0,0.0,yfinance_raw_daily
2020-11-03,9825.0,9825.0,9725.0,9725.0,8379.822265625,4004300,0.0,0.0,yfinance_raw_daily
2020-11-04,9750.0,9825.0,9750.0,9775.0,8422.9052734375,2680800,0.0,0.0,yfinance_raw_daily
2020-11-05,9850.0,9900.0,9800.0,9900.0,8530.615234375,5042500,0.0,0.0,yfinance_raw_daily
2020-11-06,9900.0,9950.0,9800.0,9875.0,8509.072265625,10391600,0.0,0.0,yfinance_raw_daily
2020-11-09,9900.0,9950.0,9750.0,9750.0,8401.3642578125,9146900,0.0,0.0,yfinance_raw_daily
2020-11-10,9775.0,9850.0,9650.0,9675.0,8336.7373046875,21280100,0.0,0.0,yfinance_raw_daily
2020-11-11,9775.0,9775.0,9600.0,9600.0,8272.111328125,20988000,0.0,0.0,yfinance_raw_daily
2020-11-12,9675.0,9800.0,9675.0,9775.0,8422.9052734375,10317600,0.0,0.0,yfinance_raw_daily
2020-11-13,9775.0,9775.0,9675.0,9700.0,8358.2802734375,7350000,0.0,0.0,yfinance_raw_daily
2020-11-16,9775.0,9800.0,9700.0,9750.0,8401.3642578125,7054800,0.0,0.0,yfinance_raw_daily
2020-11-17,9800.0,10475.0,9800.0,10250.0,8832.203125,24735800,0.0,0.0,yfinance_raw_daily
2020-11-18,10250.0,10475.0,10250.0,10275.0,8853.74609375,10675000,0.0,0.0,yfinance_raw_daily
2020-11-19,10275.0,10400.0,10150.0,10350.0,8918.3701171875,7159300,0.0,0.0,yfinance_raw_daily
2020-11-20,10400.0,10400.0,10100.0,10100.0,8702.94921875,10424600,0.0,0.0,yfinance_raw_daily
2020-11-23,10150.0,10250.0,10125.0,10200.0,8789.1181640625,5293500,0.0,0.0,yfinance_raw_daily
2020-11-24,10225.0,10250.0,10100.0,10125.0,8724.4931640625,8640800,0.0,0.0,yfinance_raw_daily
2020-11-25,10125.0,10175.0,10000.0,10000.0,8616.7822265625,12555600,0.0,0.0,yfinance_raw_daily
2020-11-26,10000.0,10150.0,9925.0,10125.0,8724.4931640625,13527800,0.0,0.0,yfinance_raw_daily
2020-11-27,10150.0,10600.0,10075.0,10600.0,9133.7900390625,28037600,0.0,0.0,yfinance_raw_daily
2020-11-30,10600.0,10625.0,9900.0,9900.0,8530.615234375,64378700,0.0,0.0,yfinance_raw_daily
2020-12-01,10000.0,10150.0,9950.0,10100.0,8702.94921875,20983400,0.0,0.0,yfinance_raw_daily
2020-12-02,10175.0,10200.0,10025.0,10175.0,8767.576171875,14997900,0.0,0.0,yfinance_raw_daily
2020-12-03,10200.0,10225.0,10025.0,10025.0,8638.3251953125,15979900,0.0,0.0,yfinance_raw_daily
2020-12-04,10025.0,10025.0,9950.0,9950.0,8573.69921875,16025500,0.0,0.0,yfinance_raw_daily
2020-12-07,9975.0,10025.0,9950.0,9950.0,8573.69921875,14777600,0.0,0.0,yfinance_raw_daily
2020-12-08,9950.0,9975.0,9750.0,9800.0,8444.4482421875,37259300,0.0,0.0,yfinance_raw_daily
2020-12-10,9875.0,9950.0,9725.0,9950.0,8573.69921875,27446400,0.0,0.0,yfinance_raw_daily
2020-12-11,9950.0,9975.0,9800.0,9825.0,8465.9892578125,15130000,0.0,0.0,yfinance_raw_daily
2020-12-14,9825.0,9875.0,9800.0,9825.0,8465.9892578125,7997300,0.0,0.0,yfinance_raw_daily
2020-12-15,9825.0,9850.0,9700.0,9700.0,8358.2802734375,17300900,0.0,0.0,yfinance_raw_daily
2020-12-16,9725.0,9800.0,9700.0,9775.0,8422.9052734375,16458300,0.0,0.0,yfinance_raw_daily
2020-12-17,9800.0,9850.0,9725.0,9725.0,8379.822265625,12290800,0.0,0.0,yfinance_raw_daily
2020-12-18,9750.0,9775.0,9675.0,9700.0,8358.2802734375,15122100,0.0,0.0,yfinance_raw_daily
2020-12-21,9700.0,9825.0,9650.0,9775.0,8422.9052734375,10927500,0.0,0.0,yfinance_raw_daily
2020-12-22,9825.0,9825.0,9600.0,9600.0,8272.111328125,15824100,0.0,0.0,yfinance_raw_daily
2020-12-23,9600.0,9675.0,9450.0,9525.0,8207.4853515625,11933300,0.0,0.0,yfinance_raw_daily
2020-12-28,9525.0,9550.0,9450.0,9475.0,8164.40185546875,10841700,0.0,0.0,yfinance_raw_daily
2020-12-29,9500.0,9575.0,9275.0,9300.0,8013.60791015625,18237100,0.0,0.0,yfinance_raw_daily
2020-12-30,9300.0,9575.0,9300.0,9575.0,8250.5693359375,16093100,0.0,0.0,yfinance_raw_daily
2021-01-04,9600.0,9600.0,9400.0,9575.0,8250.5693359375,6040400,0.0,0.0,yfinance_raw_daily
2021-01-05,9525.0,9575.0,9450.0,9450.0,8142.8603515625,10086200,0.0,0.0,yfinance_raw_daily
2021-01-06,9450.0,9550.0,9375.0,9425.0,8121.31787109375,10369600,0.0,0.0,yfinance_raw_daily
2021-01-07,9425.0,9600.0,9400.0,9500.0,8185.943359375,8826900,0.0,0.0,yfinance_raw_daily
2021-01-08,9550.0,9575.0,9450.0,9525.0,8207.4853515625,11195000,0.0,0.0,yfinance_raw_daily
2021-01-11,9525.0,9600.0,9500.0,9525.0,8207.4853515625,5309300,0.0,0.0,yfinance_raw_daily
2021-01-12,9525.0,9550.0,9425.0,9425.0,8121.31787109375,6644300,0.0,0.0,yfinance_raw_daily
2021-01-13,9425.0,9450.0,9325.0,9325.0,8035.14990234375,11366200,0.0,0.0,yfinance_raw_daily
2021-01-14,9350.0,9475.0,9325.0,9350.0,8056.69140625,6211400,0.0,0.0,yfinance_raw_daily
2021-01-15,9350.0,9425.0,9325.0,9375.0,8078.23388671875,6773600,0.0,0.0,yfinance_raw_daily
2021-01-18,9375.0,9650.0,9375.0,9625.0,8293.6533203125,15779400,0.0,0.0,yfinance_raw_daily
2021-01-19,9700.0,9900.0,9625.0,9750.0,8401.3642578125,34368300,0.0,0.0,yfinance_raw_daily
2021-01-20,9750.0,9825.0,9600.0,9675.0,8336.7373046875,14452800,0.0,0.0,yfinance_raw_daily
2021-01-21,9700.0,9750.0,9575.0,9575.0,8250.5693359375,7065100,0.0,0.0,yfinance_raw_daily
2021-01-22,9575.0,9600.0,9400.0,9475.0,8164.40185546875,5631500,0.0,0.0,yfinance_raw_daily
2021-01-25,9450.0,9575.0,9325.0,9500.0,8185.943359375,8009500,0.0,0.0,yfinance_raw_daily
2021-01-26,9575.0,9700.0,9400.0,9500.0,8185.943359375,13587300,0.0,0.0,yfinance_raw_daily
2021-01-27,9500.0,9650.0,9400.0,9500.0,8185.943359375,9466000,0.0,0.0,yfinance_raw_daily
2021-01-28,9500.0,9500.0,9350.0,9350.0,8056.69140625,8804700,0.0,0.0,yfinance_raw_daily
2021-01-29,9350.0,9400.0,9000.0,9100.0,7841.2734375,14066800,0.0,0.0,yfinance_raw_daily
2021-02-01,9000.0,9300.0,9000.0,9225.0,7948.9833984375,6846000,0.0,0.0,yfinance_raw_daily
2021-02-02,9250.0,9575.0,9225.0,9500.0,8185.943359375,12534000,0.0,0.0,yfinance_raw_daily
2021-02-03,9525.0,9550.0,9400.0,9425.0,8121.31787109375,8510200,0.0,0.0,yfinance_raw_daily
2021-02-04,9425.0,9475.0,9225.0,9325.0,8035.14990234375,6585300,0.0,0.0,yfinance_raw_daily
2021-02-05,9325.0,9350.0,9175.0,9225.0,7948.9833984375,7215800,0.0,0.0,yfinance_raw_daily
2021-02-08,9225.0,9275.0,9100.0,9100.0,7841.2734375,11335300,0.0,0.0,yfinance_raw_daily
2021-02-09,9150.0,9200.0,8800.0,8800.0,7582.76953125,35900200,0.0,0.0,yfinance_raw_daily
2021-02-10,8850.0,9075.0,8850.0,9000.0,7755.10498046875,19472200,0.0,0.0,yfinance_raw_daily
2021-02-11,9000.0,9050.0,8950.0,8975.0,7733.56201171875,4249400,0.0,0.0,yfinance_raw_daily
2021-02-15,9000.0,9025.0,8950.0,8975.0,7733.56201171875,4050100,0.0,0.0,yfinance_raw_daily
2021-02-16,9000.0,9025.0,8800.0,8825.0,7604.31103515625,14656600,0.0,0.0,yfinance_raw_daily
2021-02-17,8825.0,8900.0,8800.0,8825.0,7604.31103515625,5044600,0.0,0.0,yfinance_raw_daily
2021-02-18,8900.0,8925.0,8750.0,8750.0,7539.6845703125,10242500,0.0,0.0,yfinance_raw_daily
2021-02-19,8750.0,8800.0,8550.0,8600.0,7410.43408203125,16657400,0.0,0.0,yfinance_raw_daily
2021-02-22,8725.0,8750.0,8625.0,8625.0,7431.974609375,6220800,0.0,0.0,yfinance_raw_daily
2021-02-23,8625.0,8625.0,8550.0,8550.0,7367.3486328125,11933200,0.0,0.0,yfinance_raw_daily
2021-02-24,8550.0,8725.0,8500.0,8650.0,7453.517578125,17672400,0.0,0.0,yfinance_raw_daily
2021-02-25,8700.0,8750.0,8575.0,8575.0,7388.89111328125,7989700,0.0,0.0,yfinance_raw_daily
2021-02-26,8550.0,8650.0,8500.0,8575.0,7388.89111328125,11519000,0.0,0.0,yfinance_raw_daily
2021-03-01,8600.0,8650.0,8575.0,8600.0,7410.43408203125,4982200,0.0,0.0,yfinance_raw_daily
2021-03-02,8600.0,8900.0,8600.0,8700.0,7496.60107421875,13965700,0.0,0.0,yfinance_raw_daily
2021-03-03,8700.0,8750.0,8650.0,8725.0,7518.14404296875,9225100,0.0,0.0,yfinance_raw_daily
2021-03-04,8775.0,8775.0,8600.0,8600.0,7410.43408203125,7279700,0.0,0.0,yfinance_raw_daily
2021-03-05,8600.0,8600.0,8500.0,8500.0,7324.265625,12683100,0.0,0.0,yfinance_raw_daily
2021-03-08,8500.0,8550.0,8325.0,8375.0,7216.55615234375,12971400,0.0,0.0,yfinance_raw_daily
2021-03-09,8375.0,8425.0,8300.0,8325.0,7173.47216796875,8629600,0.0,0.0,yfinance_raw_daily
2021-03-10,8325.0,8500.0,8325.0,8375.0,7216.55615234375,7208800,0.0,0.0,yfinance_raw_daily
2021-03-12,8400.0,8475.0,8375.0,8375.0,7216.55615234375,6857000,0.0,0.0,yfinance_raw_daily
2021-03-15,8475.0,8675.0,8450.0,8500.0,7324.265625,9366100,0.0,0.0,yfinance_raw_daily
2021-03-16,8575.0,8625.0,8525.0,8600.0,7410.43408203125,4733700,0.0,0.0,yfinance_raw_daily
2021-03-17,8650.0,8650.0,8550.0,8625.0,7431.974609375,6268400,0.0,0.0,yfinance_raw_daily
2021-03-18,8675.0,8725.0,8650.0,8700.0,7496.60107421875,8262600,0.0,0.0,yfinance_raw_daily
2021-03-19,8700.0,8875.0,8625.0,8825.0,7604.31103515625,15236900,0.0,0.0,yfinance_raw_daily
2021-03-22,8850.0,8900.0,8800.0,8825.0,7604.31103515625,7289500,0.0,0.0,yfinance_raw_daily
2021-03-23,9100.0,9275.0,9100.0,9200.0,7927.4404296875,30860800,0.0,0.0,yfinance_raw_daily
2021-03-24,9200.0,9275.0,9050.0,9250.0,7970.52392578125,12586500,0.0,0.0,yfinance_raw_daily
2021-03-25,9200.0,9225.0,8875.0,8950.0,7712.02099609375,11930600,0.0,0.0,yfinance_raw_daily
2021-03-26,9050.0,9100.0,8975.0,9100.0,7841.2734375,7860900,0.0,0.0,yfinance_raw_daily
2021-03-29,9100.0,9225.0,9050.0,9225.0,7948.9833984375,5927500,0.0,0.0,yfinance_raw_daily
2021-03-30,9200.0,9225.0,9025.0,9075.0,7819.73095703125,6974500,0.0,0.0,yfinance_raw_daily
2021-03-31,9075.0,9200.0,8800.0,9200.0,7927.4404296875,11218500,0.0,0.0,yfinance_raw_daily
2021-04-01,9075.0,9150.0,8925.0,8950.0,7712.02099609375,8292600,0.0,0.0,yfinance_raw_daily
2021-04-05,9000.0,9050.0,8925.0,8925.0,7690.47900390625,1842800,0.0,0.0,yfinance_raw_daily
2021-04-06,8925.0,8950.0,8800.0,8825.0,7604.31103515625,4493200,0.0,0.0,yfinance_raw_daily
2021-04-07,8850.0,8975.0,8850.0,8900.0,7668.9365234375,3186900,0.0,0.0,yfinance_raw_daily
2021-04-08,8900.0,8950.0,8800.0,8800.0,7582.76953125,7579300,0.0,0.0,yfinance_raw_daily
2021-04-09,8800.0,8900.0,8800.0,8875.0,7647.39453125,2731400,0.0,0.0,yfinance_raw_daily
2021-04-12,8900.0,8925.0,8650.0,8650.0,7453.517578125,5958000,0.0,0.0,yfinance_raw_daily
2021-04-13,8650.0,8725.0,8550.0,8625.0,7431.974609375,2735700,0.0,0.0,yfinance_raw_daily
2021-04-14,8700.0,8750.0,8675.0,8750.0,7539.6845703125,2798800,0.0,0.0,yfinance_raw_daily
2021-04-15,8750.0,8775.0,8675.0,8750.0,7539.6845703125,2319600,0.0,0.0,yfinance_raw_daily
2021-04-16,8750.0,8950.0,8750.0,8950.0,7712.02099609375,4801000,0.0,0.0,yfinance_raw_daily
2021-04-19,8975.0,9000.0,8900.0,8950.0,7712.02099609375,4496300,0.0,0.0,yfinance_raw_daily
2021-04-20,9000.0,9000.0,8850.0,8900.0,7668.9365234375,2117200,0.0,0.0,yfinance_raw_daily
2021-04-21,8850.0,8900.0,8800.0,8800.0,7582.76953125,2711600,0.0,0.0,yfinance_raw_daily
2021-04-22,8825.0,8875.0,8750.0,8750.0,7539.6845703125,1843600,0.0,0.0,yfinance_raw_daily
2021-04-23,8800.0,8925.0,8750.0,8875.0,7647.39453125,3492000,0.0,0.0,yfinance_raw_daily
2021-04-26,8875.0,8900.0,8700.0,8700.0,7496.60107421875,4114300,0.0,0.0,yfinance_raw_daily
2021-04-27,8700.0,8725.0,8550.0,8600.0,7410.43408203125,7502700,0.0,0.0,yfinance_raw_daily
2021-04-28,8600.0,8675.0,8500.0,8575.0,7388.89111328125,5144400,0.0,0.0,yfinance_raw_daily
2021-04-29,8600.0,8675.0,8575.0,8625.0,7431.974609375,2352400,0.0,0.0,yfinance_raw_daily
2021-04-30,8650.0,8700.0,8575.0,8700.0,7496.60107421875,3825600,0.0,0.0,yfinance_raw_daily
2021-05-03,8700.0,8700.0,8550.0,8550.0,7367.3486328125,3563800,0.0,0.0,yfinance_raw_daily
2021-05-04,8550.0,8575.0,8450.0,8525.0,7345.80712890625,6310100,0.0,0.0,yfinance_raw_daily
2021-05-05,8525.0,8600.0,8500.0,8525.0,7345.80712890625,2506600,0.0,0.0,yfinance_raw_daily
2021-05-06,8550.0,8600.0,8400.0,8500.0,7324.265625,6187000,0.0,0.0,yfinance_raw_daily
2021-05-07,8500.0,8525.0,8425.0,8450.0,7281.181640625,2904100,0.0,0.0,yfinance_raw_daily
2021-05-10,8450.0,8600.0,8425.0,8600.0,7410.43408203125,3839900,0.0,0.0,yfinance_raw_daily
2021-05-11,8600.0,8600.0,8500.0,8525.0,7345.80712890625,2161700,0.0,0.0,yfinance_raw_daily
2021-05-17,8550.0,8575.0,8200.0,8250.0,7108.845703125,9477500,0.0,0.0,yfinance_raw_daily
2021-05-18,8250.0,8400.0,8250.0,8300.0,7151.93017578125,3770500,0.0,0.0,yfinance_raw_daily
2021-05-19,8300.0,8350.0,8250.0,8275.0,7130.3876953125,4186400,0.0,0.0,yfinance_raw_daily
2021-05-20,8300.0,8450.0,8275.0,8375.0,7216.55615234375,4715400,0.0,0.0,yfinance_raw_daily
2021-05-21,8400.0,8425.0,8300.0,8325.0,7173.47216796875,2032000,0.0,0.0,yfinance_raw_daily
2021-05-24,8350.0,8350.0,8200.0,8200.0,7065.76220703125,3906400,0.0,0.0,yfinance_raw_daily
2021-05-25,8200.0,8225.0,8100.0,8175.0,7044.22021484375,8978000,0.0,0.0,yfinance_raw_daily
2021-05-27,8200.0,8275.0,8150.0,8275.0,7130.3876953125,11260600,0.0,0.0,yfinance_raw_daily
2021-05-28,8275.0,8300.0,8050.0,8125.0,7001.13623046875,7763900,0.0,0.0,yfinance_raw_daily
2021-05-31,8150.0,8225.0,8075.0,8200.0,7065.76220703125,4574100,0.0,0.0,yfinance_raw_daily
2021-06-02,8250.0,8375.0,8200.0,8225.0,7087.30419921875,5611200,0.0,0.0,yfinance_raw_daily
2021-06-03,8250.0,8700.0,8250.0,8700.0,7496.60107421875,10251900,0.0,0.0,yfinance_raw_daily
2021-06-04,8675.0,8675.0,8425.0,8450.0,7281.181640625,9862700,0.0,0.0,yfinance_raw_daily
2021-06-07,8500.0,8525.0,8325.0,8350.0,7195.013671875,3596700,0.0,0.0,yfinance_raw_daily
2021-06-08,8350.0,8375.0,8125.0,8175.0,7044.22021484375,8321100,0.0,0.0,yfinance_raw_daily
2021-06-09,8175.0,8250.0,8125.0,8150.0,7022.67822265625,4260000,0.0,0.0,yfinance_raw_daily
2021-06-10,8175.0,8225.0,8150.0,8150.0,7022.67822265625,2264700,0.0,0.0,yfinance_raw_daily
2021-06-11,8175.0,8225.0,8150.0,8175.0,7044.22021484375,2528900,0.0,0.0,yfinance_raw_daily
2021-06-14,8175.0,8250.0,8150.0,8150.0,7022.67822265625,2865900,0.0,0.0,yfinance_raw_daily
2021-06-15,8175.0,8200.0,8125.0,8150.0,7022.67822265625,4067700,0.0,0.0,yfinance_raw_daily
2021-06-16,8175.0,8325.0,8150.0,8175.0,7044.22021484375,4552800,0.0,0.0,yfinance_raw_daily
2021-06-17,8175.0,8250.0,8125.0,8125.0,7001.13623046875,4122100,0.0,0.0,yfinance_raw_daily
2021-06-18,8125.0,8150.0,7750.0,7750.0,6678.0068359375,22478200,0.0,0.0,yfinance_raw_daily
2021-06-21,7725.0,8000.0,7625.0,7925.0,6828.80078125,8643800,0.0,0.0,yfinance_raw_daily
2021-06-22,7975.0,8150.0,7950.0,8050.0,6936.51025390625,4253300,0.0,0.0,yfinance_raw_daily
2021-06-23,8150.0,8150.0,7950.0,7975.0,6871.88427734375,3698700,0.0,0.0,yfinance_raw_daily
2021-06-24,8000.0,8125.0,7875.0,8025.0,6914.96826171875,5529100,0.0,0.0,yfinance_raw_daily
2021-06-25,8025.0,8100.0,8000.0,8025.0,6914.96826171875,3121500,0.0,0.0,yfinance_raw_daily
2021-06-28,8025.0,8100.0,7900.0,7975.0,6871.88427734375,3796900,0.0,0.0,yfinance_raw_daily
2021-06-29,8050.0,8300.0,8000.0,8250.0,7108.845703125,9487400,0.0,0.0,yfinance_raw_daily
2021-06-30,8250.0,8350.0,8150.0,8150.0,7022.67822265625,5574700,0.0,0.0,yfinance_raw_daily
2021-07-01,8425.0,8700.0,8350.0,8500.0,7324.265625,17723600,0.0,0.0,yfinance_raw_daily
2021-07-02,8500.0,8575.0,8350.0,8425.0,7259.6396484375,10481800,0.0,0.0,yfinance_raw_daily
2021-07-05,8425.0,8425.0,8200.0,8225.0,7087.30419921875,3802800,0.0,0.0,yfinance_raw_daily
2021-07-06,8275.0,8400.0,8225.0,8400.0,7238.09716796875,2930700,0.0,0.0,yfinance_raw_daily
2021-07-07,8350.0,8500.0,8325.0,8450.0,7281.181640625,4513900,0.0,0.0,yfinance_raw_daily
2021-07-08,8475.0,8550.0,8425.0,8475.0,7302.7236328125,3402100,0.0,0.0,yfinance_raw_daily
2021-07-09,8400.0,8600.0,8375.0,8550.0,7367.3486328125,6327200,0.0,0.0,yfinance_raw_daily
2021-07-12,8550.0,8900.0,8500.0,8825.0,7604.31103515625,12916200,0.0,0.0,yfinance_raw_daily
2021-07-13,8825.0,9025.0,8725.0,8950.0,7712.02099609375,16894100,0.0,0.0,yfinance_raw_daily
2021-07-14,8950.0,8950.0,8600.0,8700.0,7496.60107421875,7941000,0.0,0.0,yfinance_raw_daily
2021-07-15,8675.0,8800.0,8600.0,8675.0,7475.0595703125,2707700,0.0,0.0,yfinance_raw_daily
2021-07-16,8675.0,8725.0,8450.0,8575.0,7388.89111328125,5375000,0.0,0.0,yfinance_raw_daily
2021-07-19,8575.0,8575.0,8425.0,8500.0,7324.265625,3177400,0.0,0.0,yfinance_raw_daily
2021-07-21,8425.0,8625.0,8425.0,8500.0,7324.265625,4519000,0.0,0.0,yfinance_raw_daily
2021-07-22,8575.0,8850.0,8525.0,8825.0,7604.31103515625,4700400,0.0,0.0,yfinance_raw_daily
2021-07-23,8825.0,8825.0,8550.0,8650.0,7453.517578125,4113700,0.0,0.0,yfinance_raw_daily
2021-07-26,8700.0,8800.0,8600.0,8725.0,7518.14404296875,3926200,0.0,0.0,yfinance_raw_daily
2021-07-27,8750.0,8775.0,8450.0,8500.0,7324.265625,3332900,0.0,0.0,yfinance_raw_daily
2021-07-28,8500.0,8550.0,8400.0,8500.0,7324.265625,2409400,0.0,0.0,yfinance_raw_daily
2021-07-29,8500.0,8500.0,8350.0,8350.0,7195.013671875,4082900,0.0,0.0,yfinance_raw_daily
2021-07-30,8325.0,8350.0,8125.0,8125.0,7001.13623046875,7765100,0.0,0.0,yfinance_raw_daily
2021-08-02,8125.0,8250.0,8075.0,8125.0,7001.13623046875,5251600,0.0,0.0,yfinance_raw_daily
2021-08-03,8150.0,8300.0,8125.0,8225.0,7087.30419921875,3370400,0.0,0.0,yfinance_raw_daily
2021-08-04,8250.0,8275.0,8150.0,8175.0,7044.22021484375,2039900,0.0,0.0,yfinance_raw_daily
2021-08-05,8175.0,8200.0,8125.0,8150.0,7022.67822265625,4600500,0.0,0.0,yfinance_raw_daily
2021-08-06,8175.0,8325.0,8150.0,8275.0,7130.3876953125,2308400,0.0,0.0,yfinance_raw_daily
2021-08-09,8325.0,8350.0,8100.0,8150.0,7022.67822265625,2627400,0.0,0.0,yfinance_raw_daily
2021-08-10,8200.0,8200.0,7950.0,8050.0,6936.51025390625,6585900,0.0,0.0,yfinance_raw_daily
2021-08-12,8125.0,8225.0,8050.0,8075.0,6958.052734375,3115600,0.0,0.0,yfinance_raw_daily
2021-08-13,8075.0,8250.0,8075.0,8200.0,7065.76220703125,2441900,0.0,0.0,yfinance_raw_daily
2021-08-16,8200.0,8250.0,8150.0,8250.0,7108.845703125,1827100,0.0,0.0,yfinance_raw_daily
2021-08-18,8250.0,8375.0,8250.0,8350.0,7195.013671875,4277300,0.0,0.0,yfinance_raw_daily
2021-08-19,8350.0,8375.0,8150.0,8150.0,7022.67822265625,4775800,0.0,0.0,yfinance_raw_daily
2021-08-20,8150.0,8200.0,8100.0,8150.0,7022.67822265625,2045300,0.0,0.0,yfinance_raw_daily
2021-08-23,8250.0,8250.0,8175.0,8225.0,7087.30419921875,1949700,0.0,0.0,yfinance_raw_daily
2021-08-24,8225.0,8275.0,8125.0,8200.0,7065.76220703125,5218600,0.0,0.0,yfinance_raw_daily
2021-08-25,8300.0,8300.0,8075.0,8225.0,7087.30419921875,7193700,0.0,0.0,yfinance_raw_daily
2021-08-26,8225.0,8250.0,8125.0,8225.0,7087.30419921875,3990200,0.0,0.0,yfinance_raw_daily
2021-08-27,8225.0,8300.0,8125.0,8300.0,7151.93017578125,7356500,0.0,0.0,yfinance_raw_daily
2021-08-30,8350.0,8650.0,8325.0,8600.0,7410.43408203125,11729900,0.0,0.0,yfinance_raw_daily
2021-08-31,8600.0,8625.0,8425.0,8425.0,7259.6396484375,5271700,0.0,0.0,yfinance_raw_daily
2021-09-01,8500.0,8500.0,8325.0,8400.0,7238.09716796875,3241900,0.0,0.0,yfinance_raw_daily
2021-09-02,8425.0,8450.0,8325.0,8450.0,7281.181640625,1920100,0.0,0.0,yfinance_raw_daily
2021-09-03,8450.0,8500.0,8425.0,8475.0,7302.7236328125,3556700,0.0,0.0,yfinance_raw_daily
2021-09-06,8500.0,8550.0,8500.0,8525.0,7345.80712890625,4167800,0.0,0.0,yfinance_raw_daily
2021-09-07,8325.0,8425.0,8325.0,8425.0,7447.46435546875,2986500,215.0,0.0,yfinance_raw_daily
2021-09-08,8450.0,8450.0,8350.0,8425.0,7447.46435546875,6423000,0.0,0.0,yfinance_raw_daily
2021-09-09,8425.0,8525.0,8375.0,8525.0,7535.861328125,3731500,0.0,0.0,yfinance_raw_daily
2021-09-10,8525.0,8525.0,8450.0,8500.0,7513.76171875,1793900,0.0,0.0,yfinance_raw_daily
2021-09-13,8400.0,8475.0,8375.0,8425.0,7447.46435546875,2351900,0.0,0.0,yfinance_raw_daily
2021-09-14,8425.0,8475.0,8400.0,8450.0,7469.5634765625,1167000,0.0,0.0,yfinance_raw_daily
2021-09-15,8450.0,8450.0,8350.0,8375.0,7403.265625,5544500,0.0,0.0,yfinance_raw_daily
2021-09-16,8375.0,8400.0,8175.0,8225.0,7270.669921875,6857300,0.0,0.0,yfinance_raw_daily
2021-09-17,8225.0,8225.0,8150.0,8150.0,7204.3720703125,4816000,0.0,0.0,yfinance_raw_daily
2021-09-20,8250.0,8250.0,8075.0,8125.0,7182.27294921875,4134700,0.0,0.0,yfinance_raw_daily
2021-09-21,8100.0,8375.0,8100.0,8300.0,7336.96728515625,3757800,0.0,0.0,yfinance_raw_daily
2021-09-22,8300.0,8325.0,8200.0,8200.0,7248.5703125,1639100,0.0,0.0,yfinance_raw_daily
2021-09-23,8275.0,8300.0,8200.0,8250.0,7292.7685546875,1829100,0.0,0.0,yfinance_raw_daily
2021-09-24,8250.0,8300.0,8175.0,8300.0,7336.96728515625,2634400,0.0,0.0,yfinance_raw_daily
2021-09-27,8300.0,8350.0,8200.0,8350.0,7381.166015625,5104700,0.0,0.0,yfinance_raw_daily
2021-09-28,8350.0,8350.0,8175.0,8225.0,7270.669921875,4369400,0.0,0.0,yfinance_raw_daily
2021-09-29,8225.0,8225.0,8150.0,8225.0,7270.669921875,2750800,0.0,0.0,yfinance_raw_daily
2021-09-30,8225.0,8400.0,8225.0,8350.0,7381.166015625,5656600,0.0,0.0,yfinance_raw_daily
2021-10-01,8350.0,8400.0,8225.0,8325.0,7359.0673828125,4065700,0.0,0.0,yfinance_raw_daily
2021-10-04,8375.0,8650.0,8350.0,8650.0,7646.357421875,11058600,0.0,0.0,yfinance_raw_daily
2021-10-05,8650.0,8850.0,8600.0,8825.0,7801.052734375,13184600,0.0,0.0,yfinance_raw_daily
2021-10-06,8825.0,8900.0,8700.0,8850.0,7823.15185546875,9047000,0.0,0.0,yfinance_raw_daily
2021-10-07,8850.0,9000.0,8800.0,8850.0,7823.15185546875,9890400,0.0,0.0,yfinance_raw_daily
2021-10-08,8850.0,8925.0,8775.0,8900.0,7867.35107421875,5016500,0.0,0.0,yfinance_raw_daily
2021-10-11,8900.0,8925.0,8800.0,8850.0,7823.15185546875,4998400,0.0,0.0,yfinance_raw_daily
2021-10-12,8875.0,8900.0,8800.0,8875.0,7845.25146484375,7922600,0.0,0.0,yfinance_raw_daily
2021-10-13,8875.0,9000.0,8800.0,8950.0,7911.5498046875,9413800,0.0,0.0,yfinance_raw_daily
2021-10-14,9000.0,9325.0,8975.0,9325.0,8243.0390625,19813500,0.0,0.0,yfinance_raw_daily
2021-10-15,9350.0,9425.0,9100.0,9275.0,8198.83984375,10441700,0.0,0.0,yfinance_raw_daily
2021-10-18,9300.0,9350.0,9200.0,9300.0,8220.9404296875,7172800,0.0,0.0,yfinance_raw_daily
2021-10-19,9300.0,9350.0,9225.0,9300.0,8220.9404296875,5926900,0.0,0.0,yfinance_raw_daily
2021-10-21,9350.0,9350.0,9100.0,9225.0,8154.64208984375,8833800,0.0,0.0,yfinance_raw_daily
2021-10-22,9225.0,9225.0,9025.0,9100.0,8044.1455078125,8038500,0.0,0.0,yfinance_raw_daily
2021-10-25,9100.0,9150.0,9025.0,9100.0,8044.1455078125,5603700,0.0,0.0,yfinance_raw_daily
2021-10-26,9125.0,9200.0,9075.0,9100.0,8044.1455078125,6724600,0.0,0.0,yfinance_raw_daily
2021-10-27,9150.0,9175.0,8800.0,8850.0,7823.15185546875,7857600,0.0,0.0,yfinance_raw_daily
2021-10-28,8825.0,8850.0,8675.0,8800.0,7778.9541015625,7670900,0.0,0.0,yfinance_raw_daily
2021-10-29,8800.0,8925.0,8750.0,8800.0,7778.9541015625,7541300,0.0,0.0,yfinance_raw_daily
2021-11-01,8800.0,8875.0,8700.0,8800.0,7778.9541015625,6520400,0.0,0.0,yfinance_raw_daily
2021-11-02,8800.0,8875.0,8775.0,8850.0,7823.15185546875,3320900,0.0,0.0,yfinance_raw_daily
2021-11-03,8850.0,8850.0,8700.0,8775.0,7756.85400390625,6778900,0.0,0.0,yfinance_raw_daily
2021-11-04,8775.0,8875.0,8775.0,8800.0,7778.9541015625,2796400,0.0,0.0,yfinance_raw_daily
2021-11-05,8800.0,8850.0,8750.0,8800.0,7778.9541015625,5357200,0.0,0.0,yfinance_raw_daily
2021-11-08,8825.0,8900.0,8800.0,8900.0,7867.35107421875,2606200,0.0,0.0,yfinance_raw_daily
2021-11-09,8925.0,8975.0,8875.0,8925.0,7889.45068359375,2936800,0.0,0.0,yfinance_raw_daily
2021-11-10,8925.0,8950.0,8825.0,8900.0,7867.35107421875,2206900,0.0,0.0,yfinance_raw_daily
2021-11-11,8900.0,8925.0,8800.0,8850.0,7823.15185546875,1269200,0.0,0.0,yfinance_raw_daily
2021-11-12,8900.0,8950.0,8850.0,8950.0,7911.5498046875,1767300,0.0,0.0,yfinance_raw_daily
2021-11-15,8950.0,8975.0,8900.0,8925.0,7889.45068359375,2870000,0.0,0.0,yfinance_raw_daily
2021-11-16,8950.0,8975.0,8800.0,8825.0,7801.052734375,6167400,0.0,0.0,yfinance_raw_daily
2021-11-17,8825.0,8875.0,8825.0,8850.0,7823.15185546875,6965500,0.0,0.0,yfinance_raw_daily
2021-11-18,8875.0,9175.0,8875.0,9075.0,8022.04638671875,9739300,0.0,0.0,yfinance_raw_daily
2021-11-19,9150.0,9200.0,9000.0,9025.0,7977.84716796875,4570900,0.0,0.0,yfinance_raw_daily
2021-11-22,9025.0,9100.0,9000.0,9075.0,8022.04638671875,3401900,0.0,0.0,yfinance_raw_daily
2021-11-23,9050.0,9050.0,8900.0,8950.0,7911.5498046875,5458400,0.0,0.0,yfinance_raw_daily
2021-11-24,8975.0,9000.0,8950.0,9000.0,7955.748046875,1648300,0.0,0.0,yfinance_raw_daily
2021-11-25,9000.0,9025.0,8950.0,8950.0,7911.5498046875,1599300,0.0,0.0,yfinance_raw_daily
2021-11-26,8950.0,8975.0,8850.0,8875.0,7845.25146484375,5372700,0.0,0.0,yfinance_raw_daily
2021-11-29,8875.0,8900.0,8800.0,8875.0,7845.25146484375,7196000,0.0,0.0,yfinance_raw_daily
2021-11-30,9025.0,9050.0,8450.0,8450.0,7469.5634765625,12610000,0.0,0.0,yfinance_raw_daily
2021-12-01,8725.0,8950.0,8700.0,8925.0,7889.45068359375,15597800,0.0,0.0,yfinance_raw_daily
2021-12-02,8900.0,8975.0,8800.0,8850.0,7823.15185546875,2949200,0.0,0.0,yfinance_raw_daily
2021-12-03,8825.0,8850.0,8675.0,8700.0,7690.55615234375,5921800,0.0,0.0,yfinance_raw_daily
2021-12-06,8725.0,8850.0,8700.0,8750.0,7734.75439453125,4168800,0.0,0.0,yfinance_raw_daily
2021-12-07,8800.0,8800.0,8700.0,8750.0,7734.75439453125,4921400,0.0,0.0,yfinance_raw_daily
2021-12-08,8750.0,8900.0,8750.0,8775.0,7756.85400390625,2751100,0.0,0.0,yfinance_raw_daily
2021-12-09,8875.0,8950.0,8800.0,8950.0,7911.5498046875,2668700,0.0,0.0,yfinance_raw_daily
2021-12-10,8950.0,8975.0,8725.0,8850.0,7823.15185546875,4209200,0.0,0.0,yfinance_raw_daily
2021-12-13,8950.0,8950.0,8750.0,8750.0,7734.75439453125,2949100,0.0,0.0,yfinance_raw_daily
2021-12-14,8750.0,8775.0,8700.0,8700.0,7690.55615234375,4739900,0.0,0.0,yfinance_raw_daily
2021-12-15,8700.0,8800.0,8700.0,8800.0,7778.9541015625,2295800,0.0,0.0,yfinance_raw_daily
2021-12-16,8825.0,8825.0,8675.0,8750.0,7734.75439453125,3678900,0.0,0.0,yfinance_raw_daily
2021-12-17,8725.0,8800.0,8700.0,8800.0,7778.9541015625,5451900,0.0,0.0,yfinance_raw_daily
2021-12-20,8800.0,8825.0,8700.0,8825.0,7801.052734375,2285700,0.0,0.0,yfinance_raw_daily
2021-12-21,8775.0,8825.0,8700.0,8750.0,7734.75439453125,2317600,0.0,0.0,yfinance_raw_daily
2021-12-22,8750.0,8775.0,8500.0,8675.0,7668.4580078125,6189900,0.0,0.0,yfinance_raw_daily
2021-12-23,8700.0,8775.0,8650.0,8775.0,7756.85400390625,2797800,0.0,0.0,yfinance_raw_daily
2021-12-24,8775.0,8800.0,8650.0,8725.0,7712.65625,2906000,0.0,0.0,yfinance_raw_daily
2021-12-27,8725.0,8725.0,8625.0,8650.0,7646.357421875,1290200,0.0,0.0,yfinance_raw_daily
2021-12-28,8650.0,8750.0,8650.0,8700.0,7690.55615234375,3719600,0.0,0.0,yfinance_raw_daily
2021-12-29,8700.0,8725.0,8650.0,8675.0,7668.4580078125,2009000,0.0,0.0,yfinance_raw_daily
2021-12-30,8675.0,8725.0,8600.0,8700.0,7690.55615234375,4302200,0.0,0.0,yfinance_raw_daily
2022-01-03,8675.0,8725.0,8600.0,8625.0,7624.2578125,2449700,0.0,0.0,yfinance_raw_daily
2022-01-04,8650.0,8850.0,8625.0,8775.0,7756.85400390625,4450000,0.0,0.0,yfinance_raw_daily
2022-01-05,8750.0,8825.0,8675.0,8825.0,7801.052734375,3133400,0.0,0.0,yfinance_raw_daily
2022-01-06,8825.0,8850.0,8725.0,8850.0,7823.15185546875,1984800,0.0,0.0,yfinance_raw_daily
2022-01-07,8800.0,8950.0,8775.0,8875.0,7845.25146484375,6266500,0.0,0.0,yfinance_raw_daily
2022-01-10,8900.0,8975.0,8825.0,8850.0,7823.15185546875,3461300,0.0,0.0,yfinance_raw_daily
2022-01-11,8850.0,8850.0,8650.0,8700.0,7690.55615234375,3692600,0.0,0.0,yfinance_raw_daily
2022-01-12,8725.0,8825.0,8700.0,8750.0,7734.75439453125,2584900,0.0,0.0,yfinance_raw_daily
2022-01-13,8725.0,8825.0,8700.0,8775.0,7756.85400390625,2367700,0.0,0.0,yfinance_raw_daily
2022-01-14,8775.0,8825.0,8725.0,8750.0,7734.75439453125,1865900,0.0,0.0,yfinance_raw_daily
2022-01-17,8750.0,8800.0,8725.0,8775.0,7756.85400390625,3363800,0.0,0.0,yfinance_raw_daily
2022-01-18,8775.0,8775.0,8700.0,8775.0,7756.85400390625,3038300,0.0,0.0,yfinance_raw_daily
2022-01-19,8775.0,8775.0,8650.0,8750.0,7734.75439453125,2877200,0.0,0.0,yfinance_raw_daily
2022-01-20,8725.0,8750.0,8525.0,8525.0,7535.861328125,9525700,0.0,0.0,yfinance_raw_daily
2022-01-21,8550.0,8725.0,8550.0,8675.0,7668.4580078125,8287900,0.0,0.0,yfinance_raw_daily
2022-01-24,8675.0,8725.0,8575.0,8600.0,7602.16015625,2233500,0.0,0.0,yfinance_raw_daily
2022-01-25,8600.0,8775.0,8600.0,8750.0,7734.75439453125,5194200,0.0,0.0,yfinance_raw_daily
2022-01-26,8775.0,8825.0,8725.0,8750.0,7734.75439453125,3207700,0.0,0.0,yfinance_raw_daily
2022-01-27,8750.0,8800.0,8650.0,8700.0,7690.55615234375,1600000,0.0,0.0,yfinance_raw_daily
2022-01-28,8700.0,8800.0,8575.0,8675.0,7668.4580078125,3084800,0.0,0.0,yfinance_raw_daily
2022-01-31,8675.0,8750.0,8575.0,8725.0,7712.65625,11996000,0.0,0.0,yfinance_raw_daily
2022-02-02,8725.0,8725.0,8600.0,8675.0,7668.4580078125,2102100,0.0,0.0,yfinance_raw_daily
2022-02-03,8600.0,8600.0,8500.0,8500.0,7513.76171875,4600200,0.0,0.0,yfinance_raw_daily
2022-02-04,8525.0,8700.0,8475.0,8625.0,7624.2578125,4939500,0.0,0.0,yfinance_raw_daily
2022-02-07,8625.0,8750.0,8600.0,8650.0,7646.357421875,5159100,0.0,0.0,yfinance_raw_daily
2022-02-08,8650.0,8750.0,8600.0,8625.0,7624.2578125,4900000,0.0,0.0,yfinance_raw_daily
2022-02-09,8625.0,8725.0,8625.0,8675.0,7668.4580078125,6006500,0.0,0.0,yfinance_raw_daily
2022-02-10,8675.0,8725.0,8625.0,8625.0,7624.2578125,5007100,0.0,0.0,yfinance_raw_daily
2022-02-11,8625.0,8675.0,8550.0,8650.0,7646.357421875,6545700,0.0,0.0,yfinance_raw_daily
2022-02-14,8575.0,8650.0,8525.0,8550.0,7557.96044921875,3905100,0.0,0.0,yfinance_raw_daily
2022-02-15,8550.0,8625.0,8350.0,8550.0,7557.96044921875,11049400,0.0,0.0,yfinance_raw_daily
2022-02-16,8550.0,8600.0,8475.0,8500.0,7513.76171875,7178700,0.0,0.0,yfinance_raw_daily
2022-02-17,8525.0,8575.0,8500.0,8525.0,7535.861328125,5767000,0.0,0.0,yfinance_raw_daily
2022-02-18,8525.0,8650.0,8525.0,8525.0,7535.861328125,9210400,0.0,0.0,yfinance_raw_daily
2022-02-21,8525.0,8575.0,8500.0,8500.0,7513.76171875,7714500,0.0,0.0,yfinance_raw_daily
2022-02-22,8525.0,8525.0,8400.0,8525.0,7535.861328125,7311200,0.0,0.0,yfinance_raw_daily
2022-02-23,8525.0,8725.0,8475.0,8700.0,7690.55615234375,7812000,0.0,0.0,yfinance_raw_daily
2022-02-24,8675.0,8700.0,8450.0,8525.0,7535.861328125,10974000,0.0,0.0,yfinance_raw_daily
2022-02-25,8525.0,8650.0,8475.0,8500.0,7513.76171875,10382300,0.0,0.0,yfinance_raw_daily
2022-03-01,8500.0,8525.0,8150.0,8250.0,7292.7685546875,21470900,0.0,0.0,yfinance_raw_daily
2022-03-02,8100.0,8225.0,7900.0,7925.0,7005.478515625,28428600,0.0,0.0,yfinance_raw_daily
2022-03-04,7900.0,7950.0,7750.0,7825.0,6917.0810546875,24282500,0.0,0.0,yfinance_raw_daily
2022-03-07,7800.0,7800.0,7375.0,7400.0,6541.39306640625,25237400,0.0,0.0,yfinance_raw_daily
2022-03-08,7400.0,7600.0,7400.0,7600.0,6718.18701171875,21825800,0.0,0.0,yfinance_raw_daily
2022-03-09,7650.0,7750.0,7550.0,7625.0,6740.28662109375,11438800,0.0,0.0,yfinance_raw_daily
2022-03-10,7775.0,7800.0,7650.0,7750.0,6850.783203125,8712200,0.0,0.0,yfinance_raw_daily
2022-03-11,7750.0,7775.0,7550.0,7550.0,6673.98876953125,8055000,0.0,0.0,yfinance_raw_daily
2022-03-14,7575.0,7600.0,7500.0,7525.0,6651.8896484375,6353200,0.0,0.0,yfinance_raw_daily
2022-03-15,7525.0,7600.0,7375.0,7425.0,6563.4921875,15064300,0.0,0.0,yfinance_raw_daily
2022-03-16,7425.0,7650.0,7425.0,7625.0,6740.28662109375,7742600,0.0,0.0,yfinance_raw_daily
2022-03-17,7650.0,7700.0,7475.0,7575.0,6696.08740234375,6832200,0.0,0.0,yfinance_raw_daily
2022-03-18,7600.0,7600.0,7450.0,7575.0,6696.08740234375,8157900,0.0,0.0,yfinance_raw_daily
2022-03-21,7600.0,7600.0,7450.0,7450.0,6585.59130859375,4030800,0.0,0.0,yfinance_raw_daily
2022-03-22,7475.0,7600.0,7475.0,7475.0,6607.69091796875,4588300,0.0,0.0,yfinance_raw_daily
2022-03-23,7475.0,7550.0,7475.0,7500.0,6629.7900390625,3310700,0.0,0.0,yfinance_raw_daily
2022-03-24,7525.0,7550.0,7500.0,7550.0,6673.98876953125,3315100,0.0,0.0,yfinance_raw_daily
2022-03-25,7550.0,7550.0,7200.0,7250.0,6408.796875,28613700,0.0,0.0,yfinance_raw_daily
2022-03-28,7250.0,7400.0,7200.0,7275.0,6430.896484375,13828500,0.0,0.0,yfinance_raw_daily
2022-03-29,7300.0,7400.0,7250.0,7300.0,6452.99609375,9243600,0.0,0.0,yfinance_raw_daily
2022-03-30,7350.0,7475.0,7325.0,7375.0,6519.29296875,9768800,0.0,0.0,yfinance_raw_daily
2022-03-31,7400.0,7450.0,7300.0,7350.0,6497.1943359375,6875300,0.0,0.0,yfinance_raw_daily
2022-04-01,7350.0,7550.0,7350.0,7525.0,6651.8896484375,14229300,0.0,0.0,yfinance_raw_daily
2022-04-04,7550.0,7650.0,7550.0,7550.0,6673.98876953125,9542200,0.0,0.0,yfinance_raw_daily
2022-04-05,7550.0,7600.0,7500.0,7575.0,6696.08740234375,6290300,0.0,0.0,yfinance_raw_daily
2022-04-06,7575.0,7600.0,7325.0,7400.0,6541.39306640625,14545900,0.0,0.0,yfinance_raw_daily
2022-04-07,7400.0,7600.0,7375.0,7575.0,6696.08740234375,11142300,0.0,0.0,yfinance_raw_daily
2022-04-08,7575.0,7600.0,7425.0,7450.0,6585.59130859375,4565300,0.0,0.0,yfinance_raw_daily
2022-04-11,7450.0,7525.0,7375.0,7525.0,6651.8896484375,4994400,0.0,0.0,yfinance_raw_daily
2022-04-12,7500.0,7500.0,7325.0,7400.0,6541.39306640625,4546800,0.0,0.0,yfinance_raw_daily
2022-04-13,7400.0,7425.0,7300.0,7325.0,6475.0947265625,8990800,0.0,0.0,yfinance_raw_daily
2022-04-14,7300.0,7325.0,7150.0,7175.0,6342.49853515625,10581800,0.0,0.0,yfinance_raw_daily
2022-04-18,7175.0,7225.0,7050.0,7100.0,6276.20166015625,7820300,0.0,0.0,yfinance_raw_daily
2022-04-19,7125.0,7250.0,7100.0,7175.0,6342.49853515625,8334300,0.0,0.0,yfinance_raw_daily
2022-04-20,7200.0,7400.0,7200.0,7325.0,6475.0947265625,7752700,0.0,0.0,yfinance_raw_daily
2022-04-21,7325.0,7475.0,7325.0,7425.0,6563.4921875,8557700,0.0,0.0,yfinance_raw_daily
2022-04-22,7425.0,7450.0,7250.0,7300.0,6452.99609375,6678100,0.0,0.0,yfinance_raw_daily
2022-04-25,7300.0,7450.0,7275.0,7425.0,6563.4921875,7140000,0.0,0.0,yfinance_raw_daily
2022-04-26,7450.0,7600.0,7350.0,7575.0,6696.08740234375,11541600,0.0,0.0,yfinance_raw_daily
2022-04-27,7575.0,7600.0,7450.0,7600.0,6718.18701171875,7890200,0.0,0.0,yfinance_raw_daily
2022-04-28,7600.0,7650.0,7525.0,7625.0,6740.28662109375,7891500,0.0,0.0,yfinance_raw_daily
2022-05-09,7550.0,7575.0,7400.0,7400.0,6541.39306640625,9648400,0.0,0.0,yfinance_raw_daily
2022-05-10,7300.0,8000.0,7200.0,7975.0,7049.6767578125,24691800,0.0,0.0,yfinance_raw_daily
2022-05-11,7950.0,8350.0,7775.0,8300.0,7336.96728515625,21331500,0.0,0.0,yfinance_raw_daily
2022-05-12,8300.0,8325.0,7950.0,8025.0,7093.87548828125,16279900,0.0,0.0,yfinance_raw_daily
2022-05-13,8000.0,8275.0,7875.0,8175.0,7226.470703125,11232900,0.0,0.0,yfinance_raw_daily
2022-05-17,7950.0,7950.0,7750.0,7825.0,6917.0810546875,11289000,0.0,0.0,yfinance_raw_daily
2022-05-18,7875.0,8250.0,7825.0,8100.0,7160.1728515625,13474300,0.0,0.0,yfinance_raw_daily
2022-05-19,8000.0,8225.0,7875.0,7975.0,7049.6767578125,10620900,0.0,0.0,yfinance_raw_daily
2022-05-20,8000.0,8100.0,8000.0,8050.0,7115.974609375,5593000,0.0,0.0,yfinance_raw_daily
2022-05-23,8075.0,8100.0,7925.0,7975.0,7049.6767578125,5300800,0.0,0.0,yfinance_raw_daily
2022-05-24,8050.0,8175.0,7975.0,8150.0,7204.3720703125,6395400,0.0,0.0,yfinance_raw_daily
2022-05-25,8150.0,8250.0,8150.0,8250.0,7292.7685546875,6948800,0.0,0.0,yfinance_raw_daily
2022-05-27,8300.0,8650.0,8275.0,8625.0,7624.2578125,14411000,0.0,0.0,yfinance_raw_daily
2022-05-30,8625.0,8650.0,8500.0,8550.0,7557.96044921875,5869400,0.0,0.0,yfinance_raw_daily
2022-05-31,8550.0,8575.0,8450.0,8575.0,7580.0595703125,8505500,0.0,0.0,yfinance_raw_daily
2022-06-02,8750.0,8800.0,8450.0,8550.0,7557.96044921875,8258900,0.0,0.0,yfinance_raw_daily
2022-06-03,8550.0,8650.0,8525.0,8575.0,7580.0595703125,4816900,0.0,0.0,yfinance_raw_daily
2022-06-06,8575.0,8675.0,8550.0,8650.0,7646.357421875,4912400,0.0,0.0,yfinance_raw_daily
2022-06-07,8675.0,8700.0,8575.0,8575.0,7580.0595703125,5391500,0.0,0.0,yfinance_raw_daily
2022-06-08,8600.0,8675.0,8575.0,8575.0,7580.0595703125,4854600,0.0,0.0,yfinance_raw_daily
2022-06-09,8575.0,8650.0,8550.0,8625.0,7624.2578125,6835000,0.0,0.0,yfinance_raw_daily
2022-06-10,8550.0,8600.0,8500.0,8500.0,7513.76171875,6748700,0.0,0.0,yfinance_raw_daily
2022-06-13,8375.0,8625.0,8200.0,8600.0,7602.16015625,9404100,0.0,0.0,yfinance_raw_daily
2022-06-14,8600.0,8650.0,8450.0,8650.0,7646.357421875,5273000,0.0,0.0,yfinance_raw_daily
2022-06-15,8600.0,8625.0,8475.0,8600.0,7602.16015625,2774400,0.0,0.0,yfinance_raw_daily
2022-06-16,8675.0,8700.0,8650.0,8675.0,7668.4580078125,6615900,0.0,0.0,yfinance_raw_daily
2022-06-17,8625.0,8650.0,8550.0,8550.0,7557.96044921875,15529900,0.0,0.0,yfinance_raw_daily
2022-06-20,8650.0,8975.0,8600.0,8975.0,7933.64794921875,18639200,0.0,0.0,yfinance_raw_daily
2022-06-21,9000.0,9200.0,9000.0,9150.0,8088.34326171875,18588800,0.0,0.0,yfinance_raw_daily
2022-06-22,9150.0,9225.0,8950.0,9225.0,8154.64208984375,12168500,0.0,0.0,yfinance_raw_daily
2022-06-23,9225.0,9350.0,9175.0,9325.0,8243.0390625,14035700,0.0,0.0,yfinance_raw_daily
2022-06-24,9350.0,9450.0,9300.0,9425.0,8331.4365234375,14596100,0.0,0.0,yfinance_raw_daily
2022-06-27,9425.0,9500.0,9375.0,9500.0,8397.734375,12022100,0.0,0.0,yfinance_raw_daily
2022-06-28,9500.0,9525.0,9450.0,9500.0,8397.734375,14198000,0.0,0.0,yfinance_raw_daily
2022-06-29,9600.0,9625.0,9400.0,9450.0,8353.53515625,7580700,0.0,0.0,yfinance_raw_daily
2022-06-30,9450.0,9575.0,9450.0,9550.0,8441.9326171875,14236800,0.0,0.0,yfinance_raw_daily
2022-07-01,9550.0,9550.0,9275.0,9350.0,8265.1376953125,6160300,0.0,0.0,yfinance_raw_daily
2022-07-04,9350.0,9350.0,8975.0,9225.0,8154.64208984375,8105800,0.0,0.0,yfinance_raw_daily
2022-07-05,9250.0,9350.0,9150.0,9175.0,8110.443359375,4827900,0.0,0.0,yfinance_raw_daily
2022-07-06,9175.0,9450.0,9175.0,9450.0,8353.53515625,8890700,0.0,0.0,yfinance_raw_daily
2022-07-07,9475.0,9500.0,9375.0,9475.0,8375.6337890625,8219500,0.0,0.0,yfinance_raw_daily
2022-07-08,9500.0,9500.0,9250.0,9425.0,8331.4365234375,4717000,0.0,0.0,yfinance_raw_daily
2022-07-11,9400.0,9450.0,9300.0,9450.0,8353.53515625,2464400,0.0,0.0,yfinance_raw_daily
2022-07-12,9450.0,9500.0,9325.0,9325.0,8243.0390625,4425700,0.0,0.0,yfinance_raw_daily
2022-07-13,9300.0,9400.0,9225.0,9300.0,8220.9404296875,6786200,0.0,0.0,yfinance_raw_daily
2022-07-14,9225.0,9300.0,9150.0,9250.0,8176.740234375,5480200,0.0,0.0,yfinance_raw_daily
2022-07-15,9200.0,9425.0,9200.0,9350.0,8265.1376953125,5190200,0.0,0.0,yfinance_raw_daily
2022-07-18,9350.0,9500.0,9200.0,9500.0,8397.734375,4903100,0.0,0.0,yfinance_raw_daily
2022-07-19,9500.0,9500.0,9350.0,9450.0,8353.53515625,4373500,0.0,0.0,yfinance_raw_daily
2022-07-20,9400.0,9500.0,9400.0,9450.0,8353.53515625,7280900,0.0,0.0,yfinance_raw_daily
2022-07-21,9450.0,9500.0,9325.0,9500.0,8397.734375,5238400,0.0,0.0,yfinance_raw_daily
2022-07-22,9500.0,9600.0,9400.0,9400.0,8309.3359375,4172000,0.0,0.0,yfinance_raw_daily
2022-07-25,9400.0,9500.0,9400.0,9450.0,8353.53515625,2168900,0.0,0.0,yfinance_raw_daily
2022-07-26,9450.0,9450.0,9275.0,9375.0,8287.2373046875,3983700,0.0,0.0,yfinance_raw_daily
2022-07-27,9375.0,9375.0,9200.0,9275.0,8198.83984375,6584100,0.0,0.0,yfinance_raw_daily
2022-07-28,9250.0,9250.0,8875.0,8975.0,7933.64794921875,36869300,0.0,0.0,yfinance_raw_daily
2022-07-29,8950.0,8975.0,8775.0,8825.0,7801.052734375,15100400,0.0,0.0,yfinance_raw_daily
2022-08-01,8850.0,8975.0,8825.0,8900.0,7867.35107421875,5969300,0.0,0.0,yfinance_raw_daily
2022-08-02,8750.0,8975.0,8700.0,8975.0,8130.04833984375,8753500,215.0,0.0,yfinance_raw_daily
2022-08-03,8950.0,8950.0,8725.0,8800.0,7971.5244140625,8092700,0.0,0.0,yfinance_raw_daily
2022-08-04,8850.0,8925.0,8700.0,8925.0,8084.75634765625,7101900,0.0,0.0,yfinance_raw_daily
2022-08-05,8925.0,8950.0,8750.0,8800.0,7971.5244140625,5847300,0.0,0.0,yfinance_raw_daily
2022-08-08,8800.0,8925.0,8750.0,8800.0,7971.5244140625,5381600,0.0,0.0,yfinance_raw_daily
2022-08-09,8750.0,8800.0,8625.0,8725.0,7903.58544921875,9512100,0.0,0.0,yfinance_raw_daily
2022-08-10,8700.0,8725.0,8500.0,8725.0,7903.58544921875,9132000,0.0,0.0,yfinance_raw_daily
2022-08-11,8800.0,8875.0,8700.0,8875.0,8039.462890625,8299700,0.0,0.0,yfinance_raw_daily
2022-08-12,8900.0,8900.0,8650.0,8675.0,7858.29248046875,12405000,0.0,0.0,yfinance_raw_daily
2022-08-15,8700.0,8875.0,8675.0,8875.0,8039.462890625,7725900,0.0,0.0,yfinance_raw_daily
2022-08-16,8875.0,8900.0,8675.0,8750.0,7926.23046875,6877200,0.0,0.0,yfinance_raw_daily
2022-08-18,8750.0,8850.0,8675.0,8775.0,7948.87744140625,4612700,0.0,0.0,yfinance_raw_daily
2022-08-19,8775.0,8800.0,8700.0,8700.0,7880.9384765625,2671500,0.0,0.0,yfinance_raw_daily
2022-08-22,8700.0,8750.0,8600.0,8725.0,7903.58544921875,6545700,0.0,0.0,yfinance_raw_daily
2022-08-23,8775.0,8850.0,8750.0,8800.0,7971.5244140625,4274600,0.0,0.0,yfinance_raw_daily
2022-08-24,8800.0,8825.0,8700.0,8775.0,7948.87744140625,4350700,0.0,0.0,yfinance_raw_daily
2022-08-25,8825.0,8825.0,8725.0,8775.0,7948.87744140625,3658400,0.0,0.0,yfinance_raw_daily
2022-08-26,8775.0,8800.0,8700.0,8725.0,7903.58544921875,3573500,0.0,0.0,yfinance_raw_daily
2022-08-29,8675.0,8850.0,8650.0,8850.0,8016.81640625,2426600,0.0,0.0,yfinance_raw_daily
2022-08-30,8850.0,8875.0,8725.0,8725.0,7903.58544921875,5118700,0.0,0.0,yfinance_raw_daily
2022-08-31,8125.0,8425.0,8125.0,8300.0,7518.5966796875,40179900,0.0,0.0,yfinance_raw_daily
2022-09-01,8300.0,8725.0,8300.0,8700.0,7880.9384765625,22198800,0.0,0.0,yfinance_raw_daily
2022-09-02,8700.0,8725.0,8575.0,8725.0,7903.58544921875,8052700,0.0,0.0,yfinance_raw_daily
2022-09-05,8700.0,8725.0,8600.0,8700.0,7880.9384765625,7694000,0.0,0.0,yfinance_raw_daily
2022-09-06,8700.0,8775.0,8600.0,8650.0,7835.6455078125,8195400,0.0,0.0,yfinance_raw_daily
2022-09-07,8600.0,8650.0,8500.0,8550.0,7745.0595703125,7229800,0.0,0.0,yfinance_raw_daily
2022-09-08,8550.0,8600.0,8500.0,8525.0,7722.4140625,2567400,0.0,0.0,yfinance_raw_daily
2022-09-09,8525.0,8550.0,8425.0,8450.0,7654.474609375,4783500,0.0,0.0,yfinance_raw_daily
2022-09-12,8450.0,8600.0,8450.0,8600.0,7790.35400390625,3479000,0.0,0.0,yfinance_raw_daily
2022-09-13,8600.0,8600.0,8500.0,8525.0,7722.4140625,5413000,0.0,0.0,yfinance_raw_daily
2022-09-14,8475.0,8600.0,8475.0,8525.0,7722.4140625,5287300,0.0,0.0,yfinance_raw_daily
2022-09-15,8600.0,8650.0,8525.0,8600.0,7790.35400390625,6959000,0.0,0.0,yfinance_raw_daily
2022-09-16,8600.0,8650.0,8525.0,8650.0,7835.6455078125,13190200,0.0,0.0,yfinance_raw_daily
2022-09-19,8625.0,8775.0,8575.0,8700.0,7880.9384765625,4445400,0.0,0.0,yfinance_raw_daily
2022-09-20,8700.0,8900.0,8700.0,8875.0,8039.462890625,6978300,0.0,0.0,yfinance_raw_daily
2022-09-21,8900.0,8900.0,8700.0,8700.0,7880.9384765625,4979500,0.0,0.0,yfinance_raw_daily
2022-09-22,8700.0,8825.0,8675.0,8825.0,7994.17041015625,3474200,0.0,0.0,yfinance_raw_daily
2022-09-23,8850.0,9000.0,8775.0,9000.0,8152.69482421875,7310000,0.0,0.0,yfinance_raw_daily
2022-09-26,8975.0,9100.0,8850.0,9075.0,8220.6337890625,11479900,0.0,0.0,yfinance_raw_daily
2022-09-27,9075.0,9075.0,8850.0,8850.0,8016.81640625,8523700,0.0,0.0,yfinance_raw_daily
2022-09-28,8850.0,8950.0,8800.0,8800.0,7971.5244140625,3243300,0.0,0.0,yfinance_raw_daily
2022-09-29,8800.0,8875.0,8750.0,8850.0,8016.81640625,4652900,0.0,0.0,yfinance_raw_daily
2022-09-30,8850.0,8875.0,8600.0,8650.0,7835.6455078125,8292000,0.0,0.0,yfinance_raw_daily
2022-10-03,8650.0,8750.0,8625.0,8725.0,7903.58544921875,3692900,0.0,0.0,yfinance_raw_daily
2022-10-04,8725.0,8775.0,8475.0,8525.0,7722.4140625,7330500,0.0,0.0,yfinance_raw_daily
2022-10-05,8550.0,8725.0,8525.0,8650.0,7835.6455078125,3838300,0.0,0.0,yfinance_raw_daily
2022-10-06,8650.0,8875.0,8650.0,8825.0,7994.17041015625,4286500,0.0,0.0,yfinance_raw_daily
2022-10-07,8825.0,8900.0,8750.0,8900.0,8062.10986328125,3913000,0.0,0.0,yfinance_raw_daily
2022-10-10,8900.0,8950.0,8850.0,8950.0,8107.40234375,5712500,0.0,0.0,yfinance_raw_daily
2022-10-11,8925.0,9000.0,8850.0,9000.0,8152.69482421875,3055500,0.0,0.0,yfinance_raw_daily
2022-10-12,9000.0,9000.0,8875.0,8950.0,8107.40234375,4142100,0.0,0.0,yfinance_raw_daily
2022-10-13,8925.0,8950.0,8800.0,8850.0,8016.81640625,3106000,0.0,0.0,yfinance_raw_daily
2022-10-14,8850.0,8850.0,8700.0,8700.0,7880.9384765625,2742200,0.0,0.0,yfinance_raw_daily
2022-10-17,8700.0,8825.0,8575.0,8825.0,7994.17041015625,3735500,0.0,0.0,yfinance_raw_daily
2022-10-18,8825.0,8950.0,8775.0,8950.0,8107.40234375,4606600,0.0,0.0,yfinance_raw_daily
2022-10-19,8950.0,9150.0,8825.0,9125.0,8265.9267578125,5120900,0.0,0.0,yfinance_raw_daily
2022-10-20,9100.0,9500.0,9100.0,9500.0,8605.6220703125,11282000,0.0,0.0,yfinance_raw_daily
2022-10-21,9300.0,9475.0,9300.0,9425.0,8537.68359375,12299200,0.0,0.0,yfinance_raw_daily
2022-10-24,9500.0,9525.0,9350.0,9425.0,8537.68359375,7596200,0.0,0.0,yfinance_raw_daily
2022-10-25,9425.0,9525.0,9400.0,9525.0,8628.26953125,10549000,0.0,0.0,yfinance_raw_daily
2022-10-26,9525.0,9800.0,9475.0,9800.0,8877.37890625,21378000,0.0,0.0,yfinance_raw_daily
2022-10-27,9775.0,9900.0,9700.0,9825.0,8900.0244140625,9880700,0.0,0.0,yfinance_raw_daily
2022-10-28,9900.0,9900.0,9775.0,9800.0,8877.37890625,10192100,0.0,0.0,yfinance_raw_daily
2022-10-31,9825.0,9900.0,9625.0,9725.0,8809.4404296875,12513900,0.0,0.0,yfinance_raw_daily
2022-11-01,9725.0,9725.0,9350.0,9500.0,8605.6220703125,10660500,0.0,0.0,yfinance_raw_daily
2022-11-02,9525.0,9675.0,9500.0,9600.0,8696.2080078125,5675700,0.0,0.0,yfinance_raw_daily
2022-11-03,9600.0,9650.0,9475.0,9550.0,8650.9150390625,4470100,0.0,0.0,yfinance_raw_daily
2022-11-04,9525.0,9650.0,9375.0,9650.0,8741.5009765625,7272400,0.0,0.0,yfinance_raw_daily
2022-11-07,9725.0,9775.0,9650.0,9750.0,8832.0859375,8038600,0.0,0.0,yfinance_raw_daily
2022-11-08,9750.0,9750.0,9650.0,9750.0,8832.0859375,1953700,0.0,0.0,yfinance_raw_daily
2022-11-09,9750.0,9775.0,9700.0,9750.0,8832.0859375,7885600,0.0,0.0,yfinance_raw_daily
2022-11-10,9750.0,9775.0,9700.0,9725.0,8809.4404296875,3773300,0.0,0.0,yfinance_raw_daily
2022-11-11,9800.0,9900.0,9600.0,9850.0,8922.6728515625,8391000,0.0,0.0,yfinance_raw_daily
2022-11-14,9850.0,9850.0,9725.0,9750.0,8832.0859375,2114500,0.0,0.0,yfinance_raw_daily
2022-11-15,9750.0,9825.0,9725.0,9800.0,8877.37890625,5912100,0.0,0.0,yfinance_raw_daily
2022-11-16,9800.0,9800.0,9600.0,9775.0,8854.732421875,3665800,0.0,0.0,yfinance_raw_daily
2022-11-17,9750.0,9800.0,9600.0,9675.0,8764.146484375,3762600,0.0,0.0,yfinance_raw_daily
2022-11-18,9675.0,9775.0,9500.0,9650.0,8741.5009765625,3350000,0.0,0.0,yfinance_raw_daily
2022-11-21,9650.0,9825.0,9625.0,9800.0,8877.37890625,2648000,0.0,0.0,yfinance_raw_daily
2022-11-22,9800.0,9850.0,9650.0,9650.0,8741.5009765625,2625200,0.0,0.0,yfinance_raw_daily
2022-11-23,9650.0,9900.0,9650.0,9900.0,8967.9638671875,2818100,0.0,0.0,yfinance_raw_daily
2022-11-24,9900.0,9900.0,9775.0,9800.0,8877.37890625,2652000,0.0,0.0,yfinance_raw_daily
2022-11-25,9800.0,9900.0,9700.0,9900.0,8967.9638671875,4931600,0.0,0.0,yfinance_raw_daily
2022-11-28,9900.0,10000.0,9825.0,9975.0,9035.9033203125,7923400,0.0,0.0,yfinance_raw_daily
2022-11-29,10000.0,10000.0,9900.0,9975.0,9035.9033203125,4824800,0.0,0.0,yfinance_raw_daily
2022-11-30,9975.0,10100.0,9900.0,10100.0,9149.1357421875,21565300,0.0,0.0,yfinance_raw_daily
2022-12-01,10100.0,10175.0,9975.0,10150.0,9194.4287109375,11562700,0.0,0.0,yfinance_raw_daily
2022-12-02,10150.0,10200.0,10025.0,10200.0,9239.720703125,7169200,0.0,0.0,yfinance_raw_daily
2022-12-05,10175.0,10350.0,10100.0,10350.0,9375.599609375,6783100,0.0,0.0,yfinance_raw_daily
2022-12-06,10275.0,10350.0,10150.0,10350.0,9375.599609375,4223600,0.0,0.0,yfinance_raw_daily
2022-12-07,10350.0,10350.0,10075.0,10325.0,9352.9521484375,5592100,0.0,0.0,yfinance_raw_daily
2022-12-08,10200.0,10225.0,10050.0,10200.0,9239.720703125,4883200,0.0,0.0,yfinance_raw_daily
2022-12-09,10200.0,10225.0,10025.0,10150.0,9194.4287109375,3475600,0.0,0.0,yfinance_raw_daily
2022-12-12,10100.0,10400.0,9925.0,10400.0,9420.8916015625,7138500,0.0,0.0,yfinance_raw_daily
2022-12-13,10400.0,10400.0,10200.0,10300.0,9330.306640625,5890400,0.0,0.0,yfinance_raw_daily
2022-12-14,10300.0,10325.0,10150.0,10325.0,9352.9521484375,2376400,0.0,0.0,yfinance_raw_daily
2022-12-15,10300.0,10350.0,10200.0,10300.0,9330.306640625,3197500,0.0,0.0,yfinance_raw_daily
2022-12-16,10300.0,10450.0,10250.0,10425.0,9443.5380859375,9094300,0.0,0.0,yfinance_raw_daily
2022-12-19,10400.0,10400.0,10150.0,10150.0,9194.4287109375,3943600,0.0,0.0,yfinance_raw_daily
2022-12-20,10150.0,10300.0,10050.0,10300.0,9330.306640625,1999800,0.0,0.0,yfinance_raw_daily
2022-12-21,10275.0,10300.0,10200.0,10225.0,9262.3671875,1492500,0.0,0.0,yfinance_raw_daily
2022-12-22,10225.0,10350.0,10025.0,10125.0,9171.7822265625,1609900,0.0,0.0,yfinance_raw_daily
2022-12-23,10125.0,10175.0,10000.0,10025.0,9081.1962890625,1559600,0.0,0.0,yfinance_raw_daily
2022-12-26,10050.0,10150.0,10000.0,10150.0,9194.4287109375,1028000,0.0,0.0,yfinance_raw_daily
2022-12-27,10150.0,10200.0,10050.0,10075.0,9126.48828125,1260200,0.0,0.0,yfinance_raw_daily
2022-12-28,10125.0,10175.0,10000.0,10175.0,9217.0732421875,1017400,0.0,0.0,yfinance_raw_daily
2022-12-29,10150.0,10175.0,9725.0,10175.0,9217.0732421875,3858600,0.0,0.0,yfinance_raw_daily
2022-12-30,10175.0,10175.0,10000.0,10000.0,9058.5498046875,1958000,0.0,0.0,yfinance_raw_daily
2023-01-02,9975.0,10200.0,9975.0,10150.0,9194.4287109375,1201400,0.0,0.0,yfinance_raw_daily
2023-01-03,10100.0,10300.0,10100.0,10175.0,9217.0732421875,3169800,0.0,0.0,yfinance_raw_daily
2023-01-04,10225.0,10250.0,10025.0,10100.0,9149.1357421875,3973100,0.0,0.0,yfinance_raw_daily
2023-01-05,10100.0,10225.0,9875.0,10225.0,9262.3671875,3774400,0.0,0.0,yfinance_raw_daily
2023-01-06,10225.0,10300.0,10100.0,10175.0,9217.0732421875,6288100,0.0,0.0,yfinance_raw_daily
2023-01-09,10150.0,10275.0,10150.0,10200.0,9239.720703125,5829300,0.0,0.0,yfinance_raw_daily
2023-01-10,10225.0,10275.0,10150.0,10200.0,9239.720703125,12903700,0.0,0.0,yfinance_raw_daily
2023-01-11,10200.0,10600.0,10200.0,10525.0,9534.1240234375,10176300,0.0,0.0,yfinance_raw_daily
2023-01-12,10525.0,10525.0,10300.0,10450.0,9466.1845703125,5439200,0.0,0.0,yfinance_raw_daily
2023-01-13,10450.0,10475.0,10300.0,10450.0,9466.1845703125,6858700,0.0,0.0,yfinance_raw_daily
2023-01-16,10450.0,10475.0,10200.0,10400.0,9420.8916015625,4400700,0.0,0.0,yfinance_raw_daily
2023-01-17,10325.0,10500.0,10300.0,10350.0,9375.599609375,3597900,0.0,0.0,yfinance_raw_daily
2023-01-18,10350.0,10475.0,10325.0,10475.0,9488.8310546875,1468700,0.0,0.0,yfinance_raw_daily
2023-01-19,10475.0,10500.0,10375.0,10500.0,9511.4775390625,3508100,0.0,0.0,yfinance_raw_daily
2023-01-20,10500.0,10525.0,10325.0,10500.0,9511.4775390625,2174100,0.0,0.0,yfinance_raw_daily
2023-01-24,10475.0,10475.0,10275.0,10400.0,9420.8916015625,1978500,0.0,0.0,yfinance_raw_daily
2023-01-25,10400.0,10450.0,10300.0,10425.0,9443.5380859375,1422900,0.0,0.0,yfinance_raw_daily
2023-01-26,10425.0,10425.0,10000.0,10075.0,9126.48828125,11211000,0.0,0.0,yfinance_raw_daily
2023-01-27,10075.0,10125.0,9925.0,10000.0,9058.5498046875,6769700,0.0,0.0,yfinance_raw_daily
2023-01-30,10000.0,10175.0,9950.0,10100.0,9149.1357421875,3962300,0.0,0.0,yfinance_raw_daily
2023-01-31,10100.0,10375.0,10025.0,10100.0,9149.1357421875,19385600,0.0,0.0,yfinance_raw_daily
2023-02-01,10125.0,10375.0,10125.0,10375.0,9398.2470703125,6394700,0.0,0.0,yfinance_raw_daily
2023-02-02,10375.0,10400.0,10225.0,10250.0,9285.013671875,3471900,0.0,0.0,yfinance_raw_daily
2023-02-03,10250.0,10500.0,10225.0,10475.0,9488.8310546875,6290200,0.0,0.0,yfinance_raw_daily
2023-02-06,10450.0,10475.0,10275.0,10275.0,9307.6611328125,3375400,0.0,0.0,yfinance_raw_daily
2023-02-07,10300.0,10400.0,10275.0,10275.0,9307.6611328125,1421900,0.0,0.0,yfinance_raw_daily
2023-02-08,10250.0,10425.0,10250.0,10325.0,9352.9521484375,1465900,0.0,0.0,yfinance_raw_daily
2023-02-09,10325.0,10400.0,10250.0,10300.0,9330.306640625,3348000,0.0,0.0,yfinance_raw_daily
2023-02-10,10250.0,10375.0,10250.0,10300.0,9330.306640625,2206800,0.0,0.0,yfinance_raw_daily
2023-02-13,10300.0,10575.0,10275.0,10275.0,9307.6611328125,9716000,0.0,0.0,yfinance_raw_daily
2023-02-14,10350.0,10500.0,10275.0,10300.0,9330.306640625,8167300,0.0,0.0,yfinance_raw_daily
2023-02-15,10325.0,10400.0,10250.0,10300.0,9330.306640625,2018800,0.0,0.0,yfinance_raw_daily
2023-02-16,10325.0,10325.0,10125.0,10200.0,9239.720703125,3145300,0.0,0.0,yfinance_raw_daily
2023-02-17,10200.0,10400.0,10150.0,10350.0,9375.599609375,2249400,0.0,0.0,yfinance_raw_daily
2023-02-20,10350.0,10350.0,10175.0,10350.0,9375.599609375,1671600,0.0,0.0,yfinance_raw_daily
2023-02-21,10350.0,10450.0,10250.0,10300.0,9330.306640625,2415800,0.0,0.0,yfinance_raw_daily
2023-02-22,10300.0,10300.0,10100.0,10225.0,9262.3671875,1786400,0.0,0.0,yfinance_raw_daily
2023-02-23,10225.0,10300.0,10150.0,10225.0,9262.3671875,2221800,0.0,0.0,yfinance_raw_daily
2023-02-24,10200.0,10250.0,10150.0,10175.0,9217.0732421875,1169200,0.0,0.0,yfinance_raw_daily
2023-02-27,10125.0,10150.0,10000.0,10050.0,9103.8427734375,3355700,0.0,0.0,yfinance_raw_daily
2023-02-28,10000.0,10125.0,9900.0,10125.0,9171.7822265625,6041600,0.0,0.0,yfinance_raw_daily
2023-03-01,10125.0,10125.0,9750.0,9900.0,8967.9638671875,11688400,0.0,0.0,yfinance_raw_daily
2023-03-02,9875.0,9875.0,9700.0,9850.0,8922.6728515625,9145000,0.0,0.0,yfinance_raw_daily
2023-03-03,9850.0,9900.0,9725.0,9725.0,8809.4404296875,4486000,0.0,0.0,yfinance_raw_daily
2023-03-06,9700.0,9850.0,9700.0,9750.0,8832.0859375,4757200,0.0,0.0,yfinance_raw_daily
2023-03-07,9750.0,10175.0,9650.0,9975.0,9035.9033203125,10589900,0.0,0.0,yfinance_raw_daily
2023-03-08,9975.0,9975.0,9800.0,9800.0,8877.37890625,4646700,0.0,0.0,yfinance_raw_daily
2023-03-09,9800.0,9925.0,9750.0,9800.0,8877.37890625,1450100,0.0,0.0,yfinance_raw_daily
2023-03-10,9800.0,9975.0,9625.0,9750.0,8832.0859375,3436700,0.0,0.0,yfinance_raw_daily
2023-03-13,9725.0,9875.0,9650.0,9650.0,8741.5009765625,1858700,0.0,0.0,yfinance_raw_daily
2023-03-14,9650.0,9725.0,9600.0,9650.0,8741.5009765625,2627200,0.0,0.0,yfinance_raw_daily
2023-03-15,9650.0,9725.0,9325.0,9325.0,8447.09765625,4882400,0.0,0.0,yfinance_raw_daily
2023-03-16,9300.0,9600.0,9275.0,9400.0,8515.0361328125,5112400,0.0,0.0,yfinance_raw_daily
2023-03-17,9500.0,9800.0,9500.0,9550.0,8650.9150390625,8527800,0.0,0.0,yfinance_raw_daily
2023-03-20,9550.0,9625.0,9450.0,9625.0,8718.8544921875,2151300,0.0,0.0,yfinance_raw_daily
2023-03-21,9625.0,9725.0,9550.0,9700.0,8786.7939453125,3073600,0.0,0.0,yfinance_raw_daily
2023-03-24,9650.0,10125.0,9625.0,9975.0,9035.9033203125,7244800,0.0,0.0,yfinance_raw_daily
2023-03-27,10000.0,10025.0,9875.0,9975.0,9035.9033203125,2852200,0.0,0.0,yfinance_raw_daily
2023-03-28,10000.0,10200.0,9975.0,10100.0,9149.1357421875,5237500,0.0,0.0,yfinance_raw_daily
2023-03-29,10100.0,10125.0,9975.0,9975.0,9035.9033203125,5013700,0.0,0.0,yfinance_raw_daily
2023-03-30,9975.0,9975.0,9825.0,9875.0,8945.318359375,5282600,0.0,0.0,yfinance_raw_daily
2023-03-31,9875.0,10000.0,9850.0,9975.0,9035.9033203125,4672700,0.0,0.0,yfinance_raw_daily
2023-04-03,9975.0,9975.0,9850.0,9975.0,9035.9033203125,3949200,0.0,0.0,yfinance_raw_daily
2023-04-04,9975.0,10200.0,9850.0,10200.0,9239.720703125,6696500,0.0,0.0,yfinance_raw_daily
2023-04-05,10200.0,10200.0,10025.0,10125.0,9171.7822265625,4243900,0.0,0.0,yfinance_raw_daily
2023-04-06,10125.0,10125.0,9975.0,10075.0,9126.48828125,2480300,0.0,0.0,yfinance_raw_daily
2023-04-10,10050.0,10075.0,10000.0,10075.0,9126.48828125,2263100,0.0,0.0,yfinance_raw_daily
2023-04-11,10100.0,10200.0,10050.0,10200.0,9239.720703125,1579100,0.0,0.0,yfinance_raw_daily
2023-04-12,10175.0,10175.0,10025.0,10050.0,9103.8427734375,3379700,0.0,0.0,yfinance_raw_daily
2023-04-13,10075.0,10375.0,10075.0,10250.0,9285.013671875,3551000,0.0,0.0,yfinance_raw_daily
2023-04-14,10300.0,10350.0,10200.0,10250.0,9285.013671875,4102000,0.0,0.0,yfinance_raw_daily
2023-04-17,10125.0,10225.0,10025.0,10225.0,9262.3671875,4558000,0.0,0.0,yfinance_raw_daily
2023-04-18,10225.0,10325.0,10150.0,10200.0,9239.720703125,4165200,0.0,0.0,yfinance_raw_daily
2023-04-26,10100.0,10350.0,10000.0,10200.0,9239.720703125,11287900,0.0,0.0,yfinance_raw_daily
2023-04-27,10100.0,10300.0,10100.0,10250.0,9285.013671875,4748200,0.0,0.0,yfinance_raw_daily
2023-04-28,10250.0,10575.0,10200.0,10575.0,9579.4169921875,9935000,0.0,0.0,yfinance_raw_daily
2023-05-02,10550.0,10550.0,10325.0,10400.0,9420.8916015625,5413700,0.0,0.0,yfinance_raw_daily
2023-05-03,10625.0,10850.0,10575.0,10750.0,9737.9404296875,19269600,0.0,0.0,yfinance_raw_daily
2023-05-04,10700.0,10850.0,10625.0,10800.0,9783.234375,8644600,0.0,0.0,yfinance_raw_daily
2023-05-05,10800.0,10875.0,10700.0,10875.0,9851.1728515625,15775700,0.0,0.0,yfinance_raw_daily
2023-05-08,10875.0,11050.0,10850.0,11025.0,9987.05078125,16280400,0.0,0.0,yfinance_raw_daily
2023-05-09,11025.0,11125.0,10925.0,11000.0,9964.404296875,12832600,0.0,0.0,yfinance_raw_daily
2023-05-10,10925.0,11050.0,10850.0,10900.0,9873.8193359375,4090800,0.0,0.0,yfinance_raw_daily
2023-05-11,10900.0,10975.0,10775.0,10975.0,9941.7587890625,4074000,0.0,0.0,yfinance_raw_daily
2023-05-12,10900.0,10975.0,10850.0,10875.0,9851.1728515625,3636400,0.0,0.0,yfinance_raw_daily
2023-05-15,10900.0,11125.0,10900.0,11000.0,9964.404296875,11802100,0.0,0.0,yfinance_raw_daily
2023-05-16,11000.0,11025.0,10950.0,11000.0,9964.404296875,6701500,0.0,0.0,yfinance_raw_daily
2023-05-17,11075.0,11075.0,10925.0,11000.0,9964.404296875,9627800,0.0,0.0,yfinance_raw_daily
2023-05-19,11050.0,11050.0,10925.0,10950.0,9919.1123046875,13878600,0.0,0.0,yfinance_raw_daily
2023-05-22,10950.0,11075.0,10950.0,11000.0,9964.404296875,18449000,0.0,0.0,yfinance_raw_daily
2023-05-23,11000.0,11350.0,10975.0,11175.0,10122.9296875,16962200,0.0,0.0,yfinance_raw_daily
2023-05-24,11175.0,11250.0,11150.0,11200.0,10145.5771484375,10976800,0.0,0.0,yfinance_raw_daily
2023-05-25,11200.0,11275.0,11175.0,11200.0,10145.5771484375,16498000,0.0,0.0,yfinance_raw_daily
2023-05-26,11200.0,11250.0,11175.0,11200.0,10145.5771484375,9079400,0.0,0.0,yfinance_raw_daily
2023-05-29,11200.0,11250.0,11150.0,11175.0,10122.9296875,7607500,0.0,0.0,yfinance_raw_daily
2023-05-30,11200.0,11325.0,11175.0,11200.0,10145.5771484375,11956500,0.0,0.0,yfinance_raw_daily
2023-05-31,11300.0,11700.0,11250.0,11700.0,10598.50390625,55219100,0.0,0.0,yfinance_raw_daily
2023-06-05,11575.0,11575.0,11325.0,11550.0,10462.625,19610600,0.0,0.0,yfinance_raw_daily
2023-06-06,11400.0,11550.0,11250.0,11300.0,10236.162109375,16325200,0.0,0.0,yfinance_raw_daily
2023-06-07,11250.0,11475.0,11250.0,11300.0,10236.162109375,14861700,0.0,0.0,yfinance_raw_daily
2023-06-08,11325.0,11525.0,11250.0,11300.0,10236.162109375,10950100,0.0,0.0,yfinance_raw_daily
2023-06-09,11300.0,11400.0,11175.0,11375.0,10304.1005859375,14068100,0.0,0.0,yfinance_raw_daily
2023-06-12,11350.0,11400.0,11225.0,11300.0,10236.162109375,5427500,0.0,0.0,yfinance_raw_daily
2023-06-13,11300.0,11325.0,11225.0,11250.0,10190.8681640625,5166300,0.0,0.0,yfinance_raw_daily
2023-06-14,11300.0,11300.0,11225.0,11300.0,10236.162109375,4387300,0.0,0.0,yfinance_raw_daily
2023-06-15,11325.0,11350.0,11250.0,11325.0,10258.8076171875,8669700,0.0,0.0,yfinance_raw_daily
2023-06-16,11300.0,11400.0,11200.0,11200.0,10145.5771484375,14121200,0.0,0.0,yfinance_raw_daily
2023-06-19,11200.0,11275.0,11200.0,11250.0,10190.8681640625,4302900,0.0,0.0,yfinance_raw_daily
2023-06-20,11250.0,11250.0,10975.0,11200.0,10145.5771484375,8294300,0.0,0.0,yfinance_raw_daily
2023-06-21,11200.0,11375.0,11175.0,11325.0,10258.8076171875,9926300,0.0,0.0,yfinance_raw_daily
2023-06-22,11300.0,11300.0,11125.0,11175.0,10122.9296875,6988400,0.0,0.0,yfinance_raw_daily
2023-06-23,11150.0,11250.0,11075.0,11175.0,10122.9296875,5224200,0.0,0.0,yfinance_raw_daily
2023-06-26,11275.0,11375.0,11175.0,11325.0,10258.8076171875,7496000,0.0,0.0,yfinance_raw_daily
2023-06-27,11350.0,11450.0,11250.0,11325.0,10258.8076171875,11473200,0.0,0.0,yfinance_raw_daily
2023-07-03,11600.0,11600.0,11350.0,11575.0,10485.2724609375,7246700,0.0,0.0,yfinance_raw_daily
2023-07-04,11600.0,11600.0,11450.0,11475.0,10394.6865234375,3933600,0.0,0.0,yfinance_raw_daily
2023-07-05,11500.0,11550.0,11350.0,11450.0,10372.0400390625,8144000,0.0,0.0,yfinance_raw_daily
2023-07-06,11450.0,11450.0,11350.0,11400.0,10326.7470703125,3790500,0.0,0.0,yfinance_raw_daily
2023-07-07,11300.0,11400.0,11225.0,11275.0,10384.7734375,3881200,188.0,0.0,yfinance_raw_daily
2023-07-10,11325.0,11450.0,11250.0,11325.0,10430.82421875,3372200,0.0,0.0,yfinance_raw_daily
2023-07-11,11450.0,11600.0,11375.0,11525.0,10615.0341796875,7366100,0.0,0.0,yfinance_raw_daily
2023-07-12,11700.0,11875.0,11550.0,11650.0,10730.1650390625,11957300,0.0,0.0,yfinance_raw_daily
2023-07-13,11650.0,11925.0,11650.0,11700.0,10776.216796875,9467200,0.0,0.0,yfinance_raw_daily
2023-07-14,11800.0,11800.0,11650.0,11775.0,10845.294921875,4077400,0.0,0.0,yfinance_raw_daily
2023-07-17,11800.0,11875.0,11650.0,11650.0,10730.1650390625,8656700,0.0,0.0,yfinance_raw_daily
2023-07-18,11675.0,11800.0,11500.0,11750.0,10822.2685546875,8160500,0.0,0.0,yfinance_raw_daily
2023-07-20,11750.0,11750.0,11350.0,11475.0,10568.9814453125,17637200,0.0,0.0,yfinance_raw_daily
2023-07-21,11500.0,11600.0,11425.0,11500.0,10592.0078125,5102000,0.0,0.0,yfinance_raw_daily
2023-07-24,11500.0,11625.0,11475.0,11525.0,10615.0341796875,4574500,0.0,0.0,yfinance_raw_daily
2023-07-25,11475.0,11550.0,11200.0,11225.0,10338.7216796875,9932300,0.0,0.0,yfinance_raw_daily
2023-07-26,11225.0,11225.0,11075.0,11175.0,10292.66796875,5003000,0.0,0.0,yfinance_raw_daily
2023-07-27,11175.0,11300.0,11150.0,11175.0,10292.66796875,4539400,0.0,0.0,yfinance_raw_daily
2023-07-28,11175.0,11200.0,10950.0,11200.0,10315.6943359375,7477300,0.0,0.0,yfinance_raw_daily
2023-07-31,11200.0,11275.0,11100.0,11200.0,10315.6943359375,4635800,0.0,0.0,yfinance_raw_daily
2023-08-01,11200.0,11200.0,10850.0,11075.0,10200.564453125,7197300,0.0,0.0,yfinance_raw_daily
2023-08-02,11075.0,11225.0,10950.0,11175.0,10292.66796875,6184000,0.0,0.0,yfinance_raw_daily
2023-08-03,11100.0,11300.0,11100.0,11200.0,10315.6943359375,5683300,0.0,0.0,yfinance_raw_daily
2023-08-04,11200.0,11300.0,11125.0,11250.0,10361.74609375,6014000,0.0,0.0,yfinance_raw_daily
2023-08-07,11300.0,11300.0,11050.0,11125.0,10246.6162109375,5146000,0.0,0.0,yfinance_raw_daily
2023-08-08,11125.0,11250.0,11100.0,11150.0,10269.6435546875,3765300,0.0,0.0,yfinance_raw_daily
2023-08-09,11225.0,11225.0,11025.0,11100.0,10223.58984375,2993400,0.0,0.0,yfinance_raw_daily
2023-08-10,11200.0,11450.0,11125.0,11450.0,10545.9560546875,7467000,0.0,0.0,yfinance_raw_daily
2023-08-11,11450.0,11525.0,11300.0,11475.0,10568.9814453125,5047600,0.0,0.0,yfinance_raw_daily
2023-08-14,11500.0,11500.0,11300.0,11400.0,10499.9033203125,4849400,0.0,0.0,yfinance_raw_daily
2023-08-15,11400.0,11500.0,11350.0,11475.0,10568.9814453125,4388600,0.0,0.0,yfinance_raw_daily
2023-08-16,11550.0,11700.0,11450.0,11675.0,10753.1904296875,5716100,0.0,0.0,yfinance_raw_daily
2023-08-18,11650.0,11700.0,11500.0,11700.0,10776.216796875,6270900,0.0,0.0,yfinance_raw_daily
2023-08-21,11725.0,11775.0,11600.0,11675.0,10753.1904296875,4556600,0.0,0.0,yfinance_raw_daily
2023-08-22,11700.0,11700.0,11475.0,11525.0,10615.0341796875,2811800,0.0,0.0,yfinance_raw_daily
2023-08-23,11525.0,11525.0,11400.0,11500.0,10592.0078125,5173500,0.0,0.0,yfinance_raw_daily
2023-08-24,11500.0,11500.0,11350.0,11350.0,10453.8515625,2938500,0.0,0.0,yfinance_raw_daily
2023-08-25,11350.0,11425.0,11225.0,11425.0,10522.9296875,2972100,0.0,0.0,yfinance_raw_daily
2023-08-28,11425.0,11425.0,11225.0,11300.0,10407.798828125,2836900,0.0,0.0,yfinance_raw_daily
2023-08-29,11325.0,11425.0,11275.0,11375.0,10476.876953125,3082600,0.0,0.0,yfinance_raw_daily
2023-08-30,11375.0,11375.0,11250.0,11250.0,10361.74609375,3638000,0.0,0.0,yfinance_raw_daily
2023-08-31,11225.0,11250.0,11125.0,11200.0,10315.6943359375,10231100,0.0,0.0,yfinance_raw_daily
2023-09-01,11200.0,11275.0,11050.0,11200.0,10315.6943359375,4602100,0.0,0.0,yfinance_raw_daily
2023-09-04,11200.0,11400.0,11175.0,11200.0,10315.6943359375,4055000,0.0,0.0,yfinance_raw_daily
2023-09-05,11200.0,11275.0,11125.0,11175.0,10292.66796875,2295000,0.0,0.0,yfinance_raw_daily
2023-09-06,11150.0,11250.0,10950.0,11050.0,10177.5380859375,4817600,0.0,0.0,yfinance_raw_daily
2023-09-07,11075.0,11200.0,11075.0,11200.0,10315.6943359375,4889200,0.0,0.0,yfinance_raw_daily
2023-09-08,11200.0,11350.0,11025.0,11125.0,10246.6162109375,5514100,0.0,0.0,yfinance_raw_daily
2023-09-11,11125.0,11225.0,11050.0,11175.0,10292.66796875,3452600,0.0,0.0,yfinance_raw_daily
2023-09-12,11175.0,11200.0,11100.0,11200.0,10315.6943359375,3767200,0.0,0.0,yfinance_raw_daily
2023-09-13,11200.0,11200.0,11100.0,11200.0,10315.6943359375,3169500,0.0,0.0,yfinance_raw_daily
2023-09-14,11200.0,11225.0,11000.0,11000.0,10131.486328125,4753700,0.0,0.0,yfinance_raw_daily
2023-09-15,11000.0,11050.0,10700.0,10975.0,10108.4599609375,8271100,0.0,0.0,yfinance_raw_daily
2023-09-18,10850.0,10975.0,10700.0,10850.0,9993.3291015625,4752900,0.0,0.0,yfinance_raw_daily
2023-09-19,10700.0,10875.0,10700.0,10825.0,9970.302734375,3828900,0.0,0.0,yfinance_raw_daily
2023-09-20,10825.0,11050.0,10800.0,10850.0,9993.3291015625,4337500,0.0,0.0,yfinance_raw_daily
2023-09-21,10825.0,11200.0,10750.0,11200.0,10315.6943359375,5964300,0.0,0.0,yfinance_raw_daily
2023-09-22,11200.0,11450.0,11200.0,11350.0,10453.8515625,8580400,0.0,0.0,yfinance_raw_daily
2023-09-25,11425.0,11450.0,11200.0,11250.0,10361.74609375,2726800,0.0,0.0,yfinance_raw_daily
2023-09-26,11275.0,11275.0,11025.0,11175.0,10292.66796875,3475600,0.0,0.0,yfinance_raw_daily
2023-09-27,11225.0,11225.0,10975.0,11000.0,10131.486328125,2605000,0.0,0.0,yfinance_raw_daily
2023-09-29,11175.0,11175.0,10900.0,11075.0,10200.564453125,3978700,0.0,0.0,yfinance_raw_daily
2023-10-02,11100.0,11200.0,11050.0,11100.0,10223.58984375,3048800,0.0,0.0,yfinance_raw_daily
2023-10-03,11125.0,11175.0,10950.0,10950.0,10085.4326171875,4392200,0.0,0.0,yfinance_raw_daily
2023-10-04,10950.0,11200.0,10850.0,11200.0,10315.6943359375,9283000,0.0,0.0,yfinance_raw_daily
2023-10-05,11275.0,11675.0,11250.0,11625.0,10707.1376953125,12755300,0.0,0.0,yfinance_raw_daily
2023-10-06,11625.0,11700.0,11450.0,11500.0,10592.0078125,4721300,0.0,0.0,yfinance_raw_daily
2023-10-09,11400.0,11400.0,11075.0,11100.0,10223.58984375,4360800,0.0,0.0,yfinance_raw_daily
2023-10-10,11100.0,11100.0,10850.0,10850.0,9993.3291015625,5032600,0.0,0.0,yfinance_raw_daily
2023-10-11,10850.0,10975.0,10700.0,10700.0,9855.171875,6408300,0.0,0.0,yfinance_raw_daily
2023-10-12,10800.0,11150.0,10775.0,10975.0,10108.4599609375,6821900,0.0,0.0,yfinance_raw_daily
2023-10-13,10975.0,11100.0,10875.0,10875.0,10016.3544921875,2727400,0.0,0.0,yfinance_raw_daily
2023-10-16,11000.0,11000.0,10750.0,10900.0,10039.380859375,2385800,0.0,0.0,yfinance_raw_daily
2023-10-17,10925.0,10975.0,10800.0,10900.0,10039.380859375,4515200,0.0,0.0,yfinance_raw_daily
2023-10-18,10900.0,10900.0,10625.0,10625.0,9786.09375,5680900,0.0,0.0,yfinance_raw_daily
2023-10-19,10625.0,10700.0,10225.0,10425.0,9601.8857421875,11233800,0.0,0.0,yfinance_raw_daily
2023-10-20,10475.0,10775.0,10450.0,10600.0,9763.068359375,3439700,0.0,0.0,yfinance_raw_daily
2023-10-23,10650.0,10725.0,10450.0,10500.0,9670.9638671875,4213500,0.0,0.0,yfinance_raw_daily
2023-10-24,10600.0,10825.0,10525.0,10800.0,9947.27734375,5166900,0.0,0.0,yfinance_raw_daily
2023-10-25,10725.0,10775.0,10450.0,10450.0,9624.9111328125,3907400,0.0,0.0,yfinance_raw_daily
2023-10-26,10450.0,10600.0,10225.0,10275.0,9463.728515625,6579200,0.0,0.0,yfinance_raw_daily
2023-10-27,10275.0,10550.0,10175.0,10525.0,9693.9892578125,5503300,0.0,0.0,yfinance_raw_daily
2023-10-30,10525.0,10525.0,10375.0,10525.0,9693.9892578125,3187000,0.0,0.0,yfinance_raw_daily
2023-10-31,10500.0,10500.0,10125.0,10350.0,9532.806640625,4549800,0.0,0.0,yfinance_raw_daily
2023-11-01,10325.0,10550.0,10075.0,10375.0,9555.833984375,13173300,0.0,0.0,yfinance_raw_daily
2023-11-02,10375.0,10575.0,10250.0,10350.0,9532.806640625,4731600,0.0,0.0,yfinance_raw_daily
2023-11-03,10325.0,10550.0,10200.0,10450.0,9624.9111328125,4688400,0.0,0.0,yfinance_raw_daily
2023-11-06,10450.0,10500.0,10275.0,10475.0,9647.9365234375,4923200,0.0,0.0,yfinance_raw_daily
2023-11-07,10500.0,10525.0,10325.0,10475.0,9647.9365234375,5949700,0.0,0.0,yfinance_raw_daily
2023-11-08,10500.0,10500.0,10250.0,10475.0,9647.9365234375,5589900,0.0,0.0,yfinance_raw_daily
2023-11-09,10475.0,10650.0,10450.0,10450.0,9624.9111328125,2166300,0.0,0.0,yfinance_raw_daily
2023-11-10,10500.0,10575.0,10400.0,10575.0,9740.0419921875,2215700,0.0,0.0,yfinance_raw_daily
2023-11-13,10575.0,10675.0,10375.0,10375.0,9555.833984375,2206900,0.0,0.0,yfinance_raw_daily
2023-11-14,10350.0,10500.0,10250.0,10450.0,9624.9111328125,6893000,0.0,0.0,yfinance_raw_daily
2023-11-15,10475.0,10650.0,10475.0,10575.0,9740.0419921875,3453900,0.0,0.0,yfinance_raw_daily
2023-11-16,10575.0,10575.0,10400.0,10575.0,9740.0419921875,5186400,0.0,0.0,yfinance_raw_daily
2023-11-17,10625.0,10625.0,10350.0,10475.0,9647.9365234375,4270900,0.0,0.0,yfinance_raw_daily
2023-11-20,10475.0,10550.0,10450.0,10525.0,9693.9892578125,972500,0.0,0.0,yfinance_raw_daily
2023-11-21,10525.0,10525.0,10400.0,10500.0,9670.9638671875,2778800,0.0,0.0,yfinance_raw_daily
2023-11-22,10500.0,10550.0,10400.0,10500.0,9670.9638671875,2170800,0.0,0.0,yfinance_raw_daily
2023-11-23,10525.0,10650.0,10475.0,10550.0,9717.015625,3034500,0.0,0.0,yfinance_raw_daily
2023-11-24,10550.0,10550.0,10400.0,10425.0,9601.8857421875,1244800,0.0,0.0,yfinance_raw_daily
2023-11-27,10425.0,10725.0,10425.0,10650.0,9809.1201171875,3045400,0.0,0.0,yfinance_raw_daily
2023-11-28,10675.0,10750.0,10550.0,10650.0,9809.1201171875,4504400,0.0,0.0,yfinance_raw_daily
2023-11-29,10650.0,10700.0,10400.0,10500.0,9670.9638671875,4096900,0.0,0.0,yfinance_raw_daily
2023-11-30,10350.0,11550.0,10275.0,11550.0,10638.0595703125,14781100,0.0,0.0,yfinance_raw_daily
2023-12-01,10675.0,10750.0,10475.0,10525.0,9693.9892578125,7478900,0.0,0.0,yfinance_raw_daily
2023-12-04,10575.0,10600.0,10350.0,10500.0,9670.9638671875,10072200,0.0,0.0,yfinance_raw_daily
2023-12-05,10525.0,10675.0,10450.0,10675.0,9832.146484375,2323900,0.0,0.0,yfinance_raw_daily
2023-12-06,10675.0,10950.0,10550.0,10650.0,9809.1201171875,4963900,0.0,0.0,yfinance_raw_daily
2023-12-07,10650.0,10725.0,10525.0,10650.0,9809.1201171875,3033800,0.0,0.0,yfinance_raw_daily
2023-12-08,10675.0,10975.0,10675.0,10975.0,10108.4599609375,5209000,0.0,0.0,yfinance_raw_daily
2023-12-11,10900.0,10925.0,10475.0,10525.0,9693.9892578125,6701100,0.0,0.0,yfinance_raw_daily
2023-12-12,10525.0,10725.0,10500.0,10625.0,9786.09375,2993100,0.0,0.0,yfinance_raw_daily
2023-12-13,10625.0,10675.0,10500.0,10550.0,9717.015625,3286000,0.0,0.0,yfinance_raw_daily
2023-12-14,10400.0,10675.0,10400.0,10575.0,9740.0419921875,2834700,0.0,0.0,yfinance_raw_daily
2023-12-15,10575.0,10675.0,10425.0,10425.0,9601.8857421875,8340900,0.0,0.0,yfinance_raw_daily
2023-12-18,10450.0,10600.0,10375.0,10600.0,9763.068359375,6538900,0.0,0.0,yfinance_raw_daily
2023-12-19,10650.0,10675.0,10525.0,10575.0,9740.0419921875,1511400,0.0,0.0,yfinance_raw_daily
2023-12-20,10575.0,10675.0,10575.0,10575.0,9740.0419921875,1858400,0.0,0.0,yfinance_raw_daily
2023-12-21,10575.0,10650.0,10550.0,10550.0,9717.015625,1724900,0.0,0.0,yfinance_raw_daily
2023-12-22,10575.0,10625.0,10475.0,10525.0,9693.9892578125,1311300,0.0,0.0,yfinance_raw_daily
2023-12-27,10525.0,10675.0,10525.0,10575.0,9740.0419921875,1530000,0.0,0.0,yfinance_raw_daily
2023-12-28,10625.0,10825.0,10600.0,10650.0,9809.1201171875,3160100,0.0,0.0,yfinance_raw_daily
2023-12-29,10675.0,10800.0,10575.0,10575.0,9740.0419921875,4680900,0.0,0.0,yfinance_raw_daily
2024-01-02,10575.0,10650.0,10550.0,10650.0,9809.1201171875,3555400,0.0,0.0,yfinance_raw_daily
2024-01-03,10650.0,10675.0,10600.0,10625.0,9786.09375,803100,0.0,0.0,yfinance_raw_daily
2024-01-04,10675.0,11150.0,10650.0,11050.0,10177.5380859375,6276400,0.0,0.0,yfinance_raw_daily
2024-01-05,11025.0,11025.0,10725.0,10725.0,9878.19921875,3438400,0.0,0.0,yfinance_raw_daily
2024-01-08,10725.0,10925.0,10675.0,10750.0,9901.224609375,3206700,0.0,0.0,yfinance_raw_daily
2024-01-09,10800.0,11075.0,10800.0,11025.0,10154.51171875,4437300,0.0,0.0,yfinance_raw_daily
2024-01-10,11075.0,11375.0,10975.0,11350.0,10453.8515625,7536000,0.0,0.0,yfinance_raw_daily
2024-01-11,11350.0,11350.0,11100.0,11125.0,10246.6162109375,3633700,0.0,0.0,yfinance_raw_daily
2024-01-12,11025.0,11175.0,11025.0,11175.0,10292.66796875,1897600,0.0,0.0,yfinance_raw_daily
2024-01-15,11200.0,11350.0,11100.0,11125.0,10246.6162109375,3546600,0.0,0.0,yfinance_raw_daily
2024-01-16,11125.0,11250.0,11050.0,11075.0,10200.564453125,3301700,0.0,0.0,yfinance_raw_daily
2024-01-17,11075.0,11125.0,11000.0,11125.0,10246.6162109375,2865600,0.0,0.0,yfinance_raw_daily
2024-01-18,11175.0,11350.0,11075.0,11275.0,10384.7734375,5651900,0.0,0.0,yfinance_raw_daily
2024-01-19,11375.0,11625.0,11300.0,11550.0,10638.0595703125,9591900,0.0,0.0,yfinance_raw_daily
2024-01-22,11600.0,11625.0,11200.0,11400.0,10499.9033203125,6162800,0.0,0.0,yfinance_raw_daily
2024-01-23,11400.0,11400.0,11225.0,11375.0,10476.876953125,3755700,0.0,0.0,yfinance_raw_daily
2024-01-24,11400.0,11525.0,11325.0,11400.0,10499.9033203125,3733500,0.0,0.0,yfinance_raw_daily
2024-01-25,11400.0,11500.0,11400.0,11400.0,10499.9033203125,4040000,0.0,0.0,yfinance_raw_daily
2024-01-26,11600.0,11625.0,11275.0,11450.0,10545.9560546875,5350200,0.0,0.0,yfinance_raw_daily
2024-01-29,11450.0,11500.0,11375.0,11400.0,10499.9033203125,2404000,0.0,0.0,yfinance_raw_daily
2024-01-30,11400.0,11425.0,11200.0,11225.0,10338.7216796875,3672600,0.0,0.0,yfinance_raw_daily
2024-01-31,11225.0,11825.0,11225.0,11775.0,10845.294921875,16694400,0.0,0.0,yfinance_raw_daily
2024-02-01,11625.0,11775.0,11375.0,11575.0,10661.0869140625,7741600,0.0,0.0,yfinance_raw_daily
2024-02-02,11550.0,11725.0,11425.0,11575.0,10661.0869140625,6564300,0.0,0.0,yfinance_raw_daily
2024-02-05,11575.0,11575.0,11425.0,11475.0,10568.9814453125,2374000,0.0,0.0,yfinance_raw_daily
2024-02-06,11500.0,11550.0,11450.0,11525.0,10615.0341796875,2815200,0.0,0.0,yfinance_raw_daily
2024-02-07,11575.0,11575.0,11425.0,11425.0,10522.9296875,2784200,0.0,0.0,yfinance_raw_daily
2024-02-12,11500.0,11650.0,11425.0,11650.0,10730.1650390625,6509900,0.0,0.0,yfinance_raw_daily
2024-02-13,11650.0,11650.0,11375.0,11375.0,10476.876953125,5869200,0.0,0.0,yfinance_raw_daily
2024-02-15,11625.0,11750.0,11625.0,11650.0,10730.1650390625,6995500,0.0,0.0,yfinance_raw_daily
2024-02-16,11650.0,11675.0,11425.0,11450.0,10545.9560546875,6008600,0.0,0.0,yfinance_raw_daily
2024-02-19,11450.0,11650.0,11400.0,11575.0,10661.0869140625,3107400,0.0,0.0,yfinance_raw_daily
2024-02-20,11575.0,11650.0,11450.0,11550.0,10638.0595703125,4743300,0.0,0.0,yfinance_raw_daily
2024-02-21,11550.0,11550.0,11325.0,11475.0,10568.9814453125,4232000,0.0,0.0,yfinance_raw_daily
2024-02-22,11525.0,11625.0,11475.0,11600.0,10684.1123046875,4281600,0.0,0.0,yfinance_raw_daily
2024-02-23,11650.0,11650.0,11450.0,11550.0,10638.0595703125,4537500,0.0,0.0,yfinance_raw_daily
2024-02-26,11575.0,11650.0,11475.0,11550.0,10638.0595703125,2626300,0.0,0.0,yfinance_raw_daily
2024-02-27,11550.0,11650.0,11500.0,11600.0,10684.1123046875,3928400,0.0,0.0,yfinance_raw_daily
2024-02-28,11600.0,11625.0,11550.0,11600.0,10684.1123046875,1213000,0.0,0.0,yfinance_raw_daily
2024-02-29,11600.0,11625.0,11450.0,11550.0,10638.0595703125,5965900,0.0,0.0,yfinance_raw_daily
2024-03-01,11475.0,11625.0,11475.0,11625.0,10707.1376953125,9250500,0.0,0.0,yfinance_raw_daily
2024-03-04,11625.0,11625.0,11450.0,11450.0,10545.9560546875,3310000,0.0,0.0,yfinance_raw_daily
2024-03-05,11450.0,11475.0,11350.0,11375.0,10476.876953125,3559500,0.0,0.0,yfinance_raw_daily
2024-03-06,11350.0,11350.0,11100.0,11150.0,10269.6435546875,4603700,0.0,0.0,yfinance_raw_daily
2024-03-07,11150.0,11150.0,10700.0,10700.0,9855.171875,14189000,0.0,0.0,yfinance_raw_daily
2024-03-08,10600.0,10900.0,10600.0,10775.0,9924.25,10088700,0.0,0.0,yfinance_raw_daily
2024-03-13,10750.0,10850.0,10600.0,10725.0,9878.19921875,13549200,0.0,0.0,yfinance_raw_daily
2024-03-14,10725.0,10900.0,10650.0,10900.0,10039.380859375,9405800,0.0,0.0,yfinance_raw_daily
2024-03-15,10750.0,10800.0,10600.0,10725.0,9878.19921875,15472200,0.0,0.0,yfinance_raw_daily
2024-03-18,10750.0,10950.0,10750.0,10850.0,9993.3291015625,9332700,0.0,0.0,yfinance_raw_daily
2024-03-19,10900.0,11225.0,10750.0,11000.0,10131.486328125,12233400,0.0,0.0,yfinance_raw_daily
2024-03-20,11000.0,11225.0,10975.0,11225.0,10338.7216796875,4770900,0.0,0.0,yfinance_raw_daily
2024-03-21,11225.0,11225.0,10950.0,10950.0,10085.4326171875,8369200,0.0,0.0,yfinance_raw_daily
2024-03-22,11000.0,11125.0,10900.0,11125.0,10246.6162109375,4113600,0.0,0.0,yfinance_raw_daily
2024-03-25,11300.0,11300.0,11025.0,11200.0,10315.6943359375,4031700,0.0,0.0,yfinance_raw_daily
2024-03-26,11000.0,11000.0,10350.0,10850.0,9993.3291015625,17108300,0.0,0.0,yfinance_raw_daily
2024-03-27,10875.0,11150.0,10875.0,11000.0,10131.486328125,5181700,0.0,0.0,yfinance_raw_daily
2024-03-28,11025.0,11600.0,10850.0,11600.0,10684.1123046875,8583800,0.0,0.0,yfinance_raw_daily
2024-04-01,11375.0,11375.0,11000.0,11225.0,10338.7216796875,5789500,0.0,0.0,yfinance_raw_daily
2024-04-02,11250.0,11250.0,11025.0,11200.0,10315.6943359375,4363900,0.0,0.0,yfinance_raw_daily
2024-04-03,11200.0,11200.0,10925.0,11000.0,10131.486328125,2469800,0.0,0.0,yfinance_raw_daily
2024-04-04,11000.0,11100.0,10950.0,11025.0,10154.51171875,2527700,0.0,0.0,yfinance_raw_daily
2024-04-05,11050.0,11050.0,10850.0,10850.0,9993.3291015625,2242100,0.0,0.0,yfinance_raw_daily
2024-04-16,10300.0,10625.0,10075.0,10100.0,9302.544921875,18880100,0.0,0.0,yfinance_raw_daily
2024-04-17,10050.0,10300.0,10050.0,10150.0,9348.5986328125,14369100,0.0,0.0,yfinance_raw_daily
2024-04-18,10150.0,10175.0,9800.0,10100.0,9302.544921875,11022600,0.0,0.0,yfinance_raw_daily
2024-04-19,9975.0,10000.0,9600.0,9725.0,8957.154296875,11496400,0.0,0.0,yfinance_raw_daily
2024-04-22,9850.0,9975.0,9650.0,9800.0,9026.232421875,8329600,0.0,0.0,yfinance_raw_daily
2024-04-23,9825.0,10025.0,9825.0,9925.0,9141.36328125,5539400,0.0,0.0,yfinance_raw_daily
2024-04-24,9925.0,10225.0,9925.0,10175.0,9371.6240234375,8075100,0.0,0.0,yfinance_raw_daily
2024-04-25,10275.0,10925.0,10100.0,10700.0,9855.171875,16918500,0.0,0.0,yfinance_raw_daily
2024-04-26,10700.0,10775.0,10550.0,10600.0,9763.068359375,4076200,0.0,0.0,yfinance_raw_daily
2024-04-29,10750.0,10800.0,10575.0,10675.0,9832.146484375,4497500,0.0,0.0,yfinance_raw_daily
2024-04-30,10700.0,10975.0,10700.0,10875.0,10016.3544921875,6660300,0.0,0.0,yfinance_raw_daily
2024-05-02,10875.0,10875.0,10300.0,10475.0,9647.9365234375,5930000,0.0,0.0,yfinance_raw_daily
2024-05-03,10475.0,10850.0,10325.0,10850.0,9993.3291015625,3524800,0.0,0.0,yfinance_raw_daily
2024-05-06,11150.0,11150.0,10750.0,10850.0,9993.3291015625,2850400,0.0,0.0,yfinance_raw_daily
2024-05-07,10900.0,10925.0,10650.0,10775.0,9924.25,2877500,0.0,0.0,yfinance_raw_daily
2024-05-08,10825.0,10850.0,10575.0,10775.0,9924.25,4333600,0.0,0.0,yfinance_raw_daily
2024-05-13,10600.0,10600.0,10025.0,10300.0,9486.755859375,7265800,0.0,0.0,yfinance_raw_daily
2024-05-14,10300.0,10400.0,10200.0,10300.0,9486.755859375,8204800,0.0,0.0,yfinance_raw_daily
2024-05-15,10300.0,10600.0,10175.0,10600.0,9763.068359375,5442200,0.0,0.0,yfinance_raw_daily
2024-05-16,10700.0,10900.0,10500.0,10575.0,9740.0419921875,4835200,0.0,0.0,yfinance_raw_daily
2024-05-17,10575.0,10750.0,10450.0,10550.0,9717.015625,4102700,0.0,0.0,yfinance_raw_daily
2024-05-20,10600.0,10725.0,10450.0,10500.0,9670.9638671875,2328300,0.0,0.0,yfinance_raw_daily
2024-05-21,10550.0,10575.0,10350.0,10400.0,9578.8583984375,3604100,0.0,0.0,yfinance_raw_daily
2024-05-22,10500.0,10600.0,10375.0,10475.0,9647.9365234375,3951100,0.0,0.0,yfinance_raw_daily
2024-05-27,10400.0,10475.0,10150.0,10425.0,9601.8857421875,4798800,0.0,0.0,yfinance_raw_daily
2024-05-28,10475.0,10775.0,10450.0,10600.0,9763.068359375,4378100,0.0,0.0,yfinance_raw_daily
2024-05-29,10600.0,10600.0,10375.0,10425.0,9601.8857421875,2905300,0.0,0.0,yfinance_raw_daily
2024-05-30,10425.0,10425.0,10125.0,10150.0,9348.5986328125,6573700,0.0,0.0,yfinance_raw_daily
2024-05-31,10275.0,10425.0,9750.0,9750.0,8980.1806640625,13874400,0.0,0.0,yfinance_raw_daily
2024-06-03,9875.0,10425.0,9875.0,10200.0,9394.650390625,7155200,0.0,0.0,yfinance_raw_daily
2024-06-04,10275.0,10475.0,10250.0,10325.0,9509.7802734375,2538200,0.0,0.0,yfinance_raw_daily
2024-06-05,10450.0,10525.0,10350.0,10450.0,9624.9111328125,3586600,0.0,0.0,yfinance_raw_daily
2024-06-06,10500.0,10600.0,10375.0,10600.0,9763.068359375,3304700,0.0,0.0,yfinance_raw_daily
2024-06-07,10600.0,10650.0,10450.0,10575.0,9740.0419921875,2828600,0.0,0.0,yfinance_raw_daily
2024-06-10,10575.0,10650.0,10400.0,10500.0,9670.9638671875,3375400,0.0,0.0,yfinance_raw_daily
2024-06-11,10400.0,10600.0,10400.0,10550.0,9717.015625,2464400,0.0,0.0,yfinance_raw_daily
2024-06-12,10600.0,10650.0,10500.0,10575.0,9740.0419921875,4456800,0.0,0.0,yfinance_raw_daily
2024-06-13,10600.0,10750.0,10575.0,10675.0,9832.146484375,4244200,0.0,0.0,yfinance_raw_daily
2024-06-14,10675.0,10725.0,10400.0,10500.0,9670.9638671875,7605600,0.0,0.0,yfinance_raw_daily
2024-06-19,10500.0,10500.0,10150.0,10200.0,9394.650390625,6183700,0.0,0.0,yfinance_raw_daily
2024-06-20,10200.0,10225.0,10000.0,10175.0,9371.6240234375,7627200,0.0,0.0,yfinance_raw_daily
2024-06-21,10175.0,10325.0,10025.0,10300.0,9486.755859375,8739800,0.0,0.0,yfinance_raw_daily
2024-06-24,10325.0,10375.0,10175.0,10300.0,9486.755859375,1715900,0.0,0.0,yfinance_raw_daily
2024-06-25,10300.0,10325.0,10125.0,10125.0,9325.572265625,3239400,0.0,0.0,yfinance_raw_daily
2024-06-26,10200.0,10450.0,10150.0,10375.0,9555.833984375,4923000,0.0,0.0,yfinance_raw_daily
2024-06-27,10425.0,10600.0,10325.0,10500.0,9670.9638671875,5913800,0.0,0.0,yfinance_raw_daily
2024-06-28,10350.0,10400.0,10275.0,10300.0,9486.755859375,6499600,0.0,0.0,yfinance_raw_daily
2024-07-01,10300.0,10400.0,10175.0,10300.0,9486.755859375,2453800,0.0,0.0,yfinance_raw_daily
2024-07-02,10300.0,10300.0,10100.0,10250.0,9440.7021484375,3564300,0.0,0.0,yfinance_raw_daily
2024-07-03,10275.0,10275.0,10150.0,10275.0,9463.728515625,5316900,0.0,0.0,yfinance_raw_daily
2024-07-04,10275.0,10350.0,10175.0,10225.0,9417.6767578125,3803000,0.0,0.0,yfinance_raw_daily
2024-07-05,10250.0,10275.0,10175.0,10275.0,9463.728515625,2943200,0.0,0.0,yfinance_raw_daily
2024-07-08,10275.0,10400.0,10275.0,10400.0,9578.8583984375,6163500,0.0,0.0,yfinance_raw_daily
2024-07-09,10300.0,10425.0,10225.0,10325.0,9696.2470703125,10883600,200.0,0.0,yfinance_raw_daily
2024-07-10,10325.0,10325.0,10200.0,10300.0,9672.7705078125,3171100,0.0,0.0,yfinance_raw_daily
2024-07-11,10325.0,10350.0,10250.0,10300.0,9672.7705078125,3371100,0.0,0.0,yfinance_raw_daily
2024-07-12,10375.0,10550.0,10300.0,10375.0,9743.203125,1985800,0.0,0.0,yfinance_raw_daily
2024-07-15,10375.0,10575.0,10300.0,10575.0,9931.0234375,3988500,0.0,0.0,yfinance_raw_daily
2024-07-16,10600.0,10600.0,10350.0,10475.0,9837.1123046875,1382300,0.0,0.0,yfinance_raw_daily
2024-07-17,10550.0,10875.0,10525.0,10750.0,10095.3662109375,9906800,0.0,0.0,yfinance_raw_daily
2024-07-18,10750.0,10800.0,10650.0,10750.0,10095.3662109375,3682500,0.0,0.0,yfinance_raw_daily
2024-07-19,10700.0,10800.0,10600.0,10800.0,10142.322265625,4951000,0.0,0.0,yfinance_raw_daily
2024-07-22,10900.0,10950.0,10700.0,10900.0,10236.2314453125,2848600,0.0,0.0,yfinance_raw_daily
2024-07-23,10825.0,11000.0,10725.0,10725.0,10071.8896484375,4947600,0.0,0.0,yfinance_raw_daily
2024-07-24,10725.0,10850.0,10650.0,10800.0,10142.322265625,2054400,0.0,0.0,yfinance_raw_daily
2024-07-25,10800.0,10875.0,10650.0,10850.0,10189.27734375,3684200,0.0,0.0,yfinance_raw_daily
2024-07-26,10875.0,11000.0,10775.0,10850.0,10189.27734375,6806800,0.0,0.0,yfinance_raw_daily
2024-07-29,10900.0,10950.0,10750.0,10825.0,10165.798828125,5727200,0.0,0.0,yfinance_raw_daily
2024-07-30,10950.0,10950.0,10800.0,10900.0,10236.2314453125,2399400,0.0,0.0,yfinance_raw_daily
2024-07-31,10950.0,10950.0,10875.0,10925.0,10259.7099609375,2971700,0.0,0.0,yfinance_raw_daily
2024-08-01,11000.0,11125.0,10975.0,11000.0,10330.142578125,6655400,0.0,0.0,yfinance_raw_daily
2024-08-02,11000.0,11250.0,11000.0,11175.0,10494.4853515625,7335300,0.0,0.0,yfinance_raw_daily
2024-08-05,11000.0,11275.0,10675.0,10900.0,10236.2314453125,10163800,0.0,0.0,yfinance_raw_daily
2024-08-06,11000.0,11100.0,10900.0,11000.0,10330.142578125,7517800,0.0,0.0,yfinance_raw_daily
2024-08-07,11000.0,11150.0,10950.0,11050.0,10377.09765625,5618600,0.0,0.0,yfinance_raw_daily
2024-08-08,11050.0,11125.0,10775.0,10975.0,10306.6650390625,5063700,0.0,0.0,yfinance_raw_daily
2024-08-09,11000.0,11250.0,11000.0,11200.0,10517.962890625,4031800,0.0,0.0,yfinance_raw_daily
2024-08-12,11200.0,11200.0,10950.0,11000.0,10330.142578125,3494700,0.0,0.0,yfinance_raw_daily
2024-08-13,11200.0,11200.0,11025.0,11175.0,10494.4853515625,5104600,0.0,0.0,yfinance_raw_daily
2024-08-14,11100.0,11550.0,11100.0,11350.0,10658.8291015625,9082000,0.0,0.0,yfinance_raw_daily
2024-08-15,11375.0,11375.0,11200.0,11275.0,10588.396484375,3778300,0.0,0.0,yfinance_raw_daily
2024-08-16,11425.0,11425.0,11100.0,11375.0,10682.3056640625,5379900,0.0,0.0,yfinance_raw_daily
2024-08-19,11300.0,11400.0,11275.0,11400.0,10705.7841796875,5734300,0.0,0.0,yfinance_raw_daily
2024-08-20,11400.0,11500.0,11275.0,11425.0,10729.26171875,9564900,0.0,0.0,yfinance_raw_daily
2024-08-21,11500.0,11500.0,11350.0,11450.0,10752.7392578125,2674000,0.0,0.0,yfinance_raw_daily
2024-08-22,11350.0,11475.0,11250.0,11350.0,10658.8291015625,4855400,0.0,0.0,yfinance_raw_daily
2024-08-23,11350.0,11500.0,11350.0,11475.0,10776.216796875,4846300,0.0,0.0,yfinance_raw_daily
2024-08-26,11300.0,11425.0,11150.0,11400.0,10705.7841796875,6606600,0.0,0.0,yfinance_raw_daily
2024-08-27,11425.0,11500.0,11325.0,11425.0,10729.26171875,4355700,0.0,0.0,yfinance_raw_daily
2024-08-28,11475.0,11575.0,11375.0,11400.0,10705.7841796875,4722500,0.0,0.0,yfinance_raw_daily
2024-08-29,11500.0,11550.0,11400.0,11400.0,10705.7841796875,3988700,0.0,0.0,yfinance_raw_daily
2024-08-30,11200.0,11475.0,11200.0,11475.0,10776.216796875,7521300,0.0,0.0,yfinance_raw_daily
2024-09-02,11400.0,11550.0,11375.0,11500.0,10799.6943359375,7506100,0.0,0.0,yfinance_raw_daily
2024-09-03,11425.0,11450.0,11275.0,11375.0,10682.3056640625,4461700,0.0,0.0,yfinance_raw_daily
2024-09-04,11075.0,11425.0,11075.0,11400.0,10705.7841796875,6155200,0.0,0.0,yfinance_raw_daily
2024-09-05,11450.0,11725.0,11450.0,11650.0,10940.560546875,7236600,0.0,0.0,yfinance_raw_daily
2024-09-06,11525.0,11700.0,11450.0,11450.0,10752.7392578125,4077500,0.0,0.0,yfinance_raw_daily
2024-09-09,11450.0,11600.0,11200.0,11600.0,10893.6044921875,8829500,0.0,0.0,yfinance_raw_daily
2024-09-10,11675.0,11675.0,11550.0,11575.0,10870.1279296875,4439800,0.0,0.0,yfinance_raw_daily
2024-09-11,11575.0,11600.0,11525.0,11575.0,10870.1279296875,3358600,0.0,0.0,yfinance_raw_daily
2024-09-12,11475.0,11625.0,11475.0,11475.0,10776.216796875,2736700,0.0,0.0,yfinance_raw_daily
2024-09-13,11375.0,11450.0,11325.0,11325.0,10635.3505859375,4657400,0.0,0.0,yfinance_raw_daily
2024-09-17,11425.0,11450.0,11325.0,11400.0,10705.7841796875,3279400,0.0,0.0,yfinance_raw_daily
2024-09-18,11375.0,11525.0,11375.0,11500.0,10799.6943359375,1922500,0.0,0.0,yfinance_raw_daily
2024-09-19,11525.0,11800.0,11450.0,11700.0,10987.515625,7514700,0.0,0.0,yfinance_raw_daily
2024-09-20,11725.0,12350.0,11725.0,12000.0,11269.2470703125,11064700,0.0,0.0,yfinance_raw_daily
2024-09-23,12125.0,12300.0,12000.0,12200.0,11457.0673828125,5239500,0.0,0.0,yfinance_raw_daily
2024-09-24,12325.0,12725.0,12250.0,12425.0,11668.3662109375,12381000,0.0,0.0,yfinance_raw_daily
2024-09-25,12500.0,12500.0,12125.0,12450.0,11691.8427734375,7539700,0.0,0.0,yfinance_raw_daily
2024-09-26,12650.0,12875.0,12450.0,12775.0,11997.0517578125,12978300,0.0,0.0,yfinance_raw_daily
2024-09-27,12800.0,12800.0,12475.0,12650.0,11879.6630859375,7139400,0.0,0.0,yfinance_raw_daily
2024-09-30,12650.0,12650.0,12325.0,12325.0,11574.455078125,7362100,0.0,0.0,yfinance_raw_daily
2024-10-01,12325.0,12575.0,12100.0,12450.0,11691.8427734375,6887000,0.0,0.0,yfinance_raw_daily
2024-10-02,12275.0,12400.0,12025.0,12200.0,11457.0673828125,8171200,0.0,0.0,yfinance_raw_daily
2024-10-03,12250.0,12250.0,11950.0,12000.0,11269.2470703125,10296200,0.0,0.0,yfinance_raw_daily
2024-10-04,12000.0,12250.0,11925.0,12125.0,11386.634765625,5569800,0.0,0.0,yfinance_raw_daily
2024-10-07,12050.0,12150.0,11725.0,12000.0,11269.2470703125,4128800,0.0,0.0,yfinance_raw_daily
2024-10-08,12000.0,12350.0,11925.0,12300.0,11550.9775390625,5779300,0.0,0.0,yfinance_raw_daily
2024-10-09,12200.0,12275.0,12050.0,12075.0,11339.6796875,4270800,0.0,0.0,yfinance_raw_daily
2024-10-10,12075.0,12225.0,12025.0,12050.0,11316.201171875,1908600,0.0,0.0,yfinance_raw_daily
2024-10-11,12500.0,12500.0,12075.0,12250.0,11504.0224609375,4363700,0.0,0.0,yfinance_raw_daily
2024-10-14,12250.0,12500.0,12150.0,12350.0,11597.9326171875,3228200,0.0,0.0,yfinance_raw_daily
2024-10-15,12350.0,12625.0,12325.0,12575.0,11809.23046875,4111700,0.0,0.0,yfinance_raw_daily
2024-10-16,12750.0,12750.0,12225.0,12500.0,11738.798828125,3719000,0.0,0.0,yfinance_raw_daily
2024-10-17,12500.0,12650.0,12350.0,12500.0,11738.798828125,5359100,0.0,0.0,yfinance_raw_daily
2024-10-18,12625.0,12850.0,12400.0,12800.0,12020.529296875,5069700,0.0,0.0,yfinance_raw_daily
2024-10-21,12800.0,12800.0,12500.0,12500.0,11738.798828125,3698000,0.0,0.0,yfinance_raw_daily
2024-10-22,12600.0,12675.0,12425.0,12525.0,11762.275390625,2545600,0.0,0.0,yfinance_raw_daily
2024-10-23,12500.0,12650.0,12500.0,12600.0,11832.7080078125,3484200,0.0,0.0,yfinance_raw_daily
2024-10-24,12600.0,12675.0,12500.0,12525.0,11762.275390625,1918300,0.0,0.0,yfinance_raw_daily
2024-10-25,12550.0,12850.0,12525.0,12650.0,11879.6630859375,3657800,0.0,0.0,yfinance_raw_daily
2024-10-28,12575.0,12650.0,12500.0,12650.0,11879.6630859375,2159300,0.0,0.0,yfinance_raw_daily
2024-10-29,12650.0,12675.0,12550.0,12575.0,11809.23046875,1739200,0.0,0.0,yfinance_raw_daily
2024-10-30,12600.0,12600.0,12350.0,12450.0,11691.8427734375,3915400,0.0,0.0,yfinance_raw_daily
2024-10-31,12450.0,12450.0,12300.0,12325.0,11574.455078125,2305900,0.0,0.0,yfinance_raw_daily
2024-11-01,12425.0,12450.0,12100.0,12100.0,11363.15625,4011200,0.0,0.0,yfinance_raw_daily
2024-11-04,12175.0,12500.0,11950.0,12325.0,11574.455078125,3534000,0.0,0.0,yfinance_raw_daily
2024-11-05,12500.0,12600.0,12300.0,12600.0,11832.7080078125,3941300,0.0,0.0,yfinance_raw_daily
2024-11-06,12500.0,12500.0,12050.0,12150.0,11410.111328125,4396900,0.0,0.0,yfinance_raw_daily
2024-11-07,12200.0,12250.0,11800.0,12075.0,11339.6796875,7684900,0.0,0.0,yfinance_raw_daily
2024-11-08,12075.0,12175.0,12000.0,12100.0,11363.15625,2920900,0.0,0.0,yfinance_raw_daily
2024-11-11,12000.0,12000.0,11650.0,11950.0,11222.291015625,3367300,0.0,0.0,yfinance_raw_daily
2024-11-12,11950.0,12075.0,11825.0,11850.0,11128.380859375,3318200,0.0,0.0,yfinance_raw_daily
2024-11-13,11850.0,12000.0,11800.0,11850.0,11128.380859375,4027500,0.0,0.0,yfinance_raw_daily
2024-11-14,11850.0,11850.0,11450.0,11450.0,10752.7392578125,5482800,0.0,0.0,yfinance_raw_daily
2024-11-15,11450.0,11725.0,11450.0,11675.0,10964.037109375,3792500,0.0,0.0,yfinance_raw_daily
2024-11-18,11750.0,12025.0,11750.0,11975.0,11245.7685546875,2830700,0.0,0.0,yfinance_raw_daily
2024-11-19,11975.0,12025.0,11775.0,11900.0,11175.3359375,5336100,0.0,0.0,yfinance_raw_daily
2024-11-20,11925.0,11925.0,11650.0,11800.0,11081.4248046875,2082200,0.0,0.0,yfinance_raw_daily
2024-11-21,11800.0,11900.0,11675.0,11800.0,11081.4248046875,4577300,0.0,0.0,yfinance_raw_daily
2024-11-22,12075.0,12225.0,11925.0,12000.0,11269.2470703125,7267400,0.0,0.0,yfinance_raw_daily
2024-11-25,12000.0,12050.0,11800.0,11950.0,11222.291015625,9711300,0.0,0.0,yfinance_raw_daily
2024-11-26,12175.0,12175.0,11900.0,11975.0,11245.7685546875,4931800,0.0,0.0,yfinance_raw_daily
2024-11-28,11975.0,11975.0,11650.0,11900.0,11175.3359375,3166900,0.0,0.0,yfinance_raw_daily
2024-11-29,11975.0,12025.0,11825.0,11900.0,11175.3359375,4519900,0.0,0.0,yfinance_raw_daily
2024-12-02,11700.0,12000.0,11700.0,11850.0,11128.380859375,4943400,0.0,0.0,yfinance_raw_daily
2024-12-03,11925.0,11975.0,11725.0,11925.0,11198.8134765625,6398300,0.0,0.0,yfinance_raw_daily
2024-12-04,11800.0,11925.0,11775.0,11800.0,11081.4248046875,4248900,0.0,0.0,yfinance_raw_daily
2024-12-05,11825.0,11950.0,11775.0,11900.0,11175.3359375,4593600,0.0,0.0,yfinance_raw_daily
2024-12-06,11900.0,11900.0,11775.0,11825.0,11104.9033203125,1582600,0.0,0.0,yfinance_raw_daily
2024-12-09,11800.0,11800.0,11700.0,11775.0,11057.9482421875,4161700,0.0,0.0,yfinance_raw_daily
2024-12-10,11775.0,11800.0,11600.0,11725.0,11010.9921875,3743300,0.0,0.0,yfinance_raw_daily
2024-12-11,11650.0,11800.0,11650.0,11725.0,11010.9921875,3453500,0.0,0.0,yfinance_raw_daily
2024-12-12,11625.0,11650.0,11400.0,11600.0,10893.6044921875,3262700,0.0,0.0,yfinance_raw_daily
2024-12-13,11625.0,11925.0,11625.0,11850.0,11128.380859375,4752600,0.0,0.0,yfinance_raw_daily
2024-12-16,11850.0,11900.0,11725.0,11800.0,11081.4248046875,3537900,0.0,0.0,yfinance_raw_daily
2024-12-17,11600.0,11725.0,11425.0,11525.0,10823.171875,3251800,0.0,0.0,yfinance_raw_daily
2024-12-18,11500.0,11550.0,11150.0,11325.0,10635.3505859375,7023500,0.0,0.0,yfinance_raw_daily
2024-12-19,11375.0,11375.0,10925.0,11200.0,10517.962890625,7376500,0.0,0.0,yfinance_raw_daily
2024-12-20,11275.0,11400.0,11050.0,11250.0,10564.91796875,3806300,0.0,0.0,yfinance_raw_daily
2024-12-23,11250.0,11475.0,11250.0,11425.0,10729.26171875,2328700,0.0,0.0,yfinance_raw_daily
2024-12-24,11425.0,11625.0,11125.0,11575.0,10870.1279296875,1809000,0.0,0.0,yfinance_raw_daily
2024-12-27,11525.0,11550.0,11325.0,11425.0,10729.26171875,5274600,0.0,0.0,yfinance_raw_daily
2024-12-30,11400.0,11400.0,11150.0,11375.0,10682.3056640625,2852100,0.0,0.0,yfinance_raw_daily
2025-01-02,11375.0,11375.0,11125.0,11225.0,10541.44140625,846100,0.0,0.0,yfinance_raw_daily
2025-01-03,11225.0,11375.0,11225.0,11375.0,10682.3056640625,1377300,0.0,0.0,yfinance_raw_daily
2025-01-06,11375.0,11375.0,11150.0,11175.0,10494.4853515625,1981900,0.0,0.0,yfinance_raw_daily
2025-01-07,11100.0,11175.0,10925.0,10925.0,10259.7099609375,3994000,0.0,0.0,yfinance_raw_daily
2025-01-08,10925.0,11225.0,10925.0,11100.0,10424.052734375,5788600,0.0,0.0,yfinance_raw_daily
2025-01-09,11100.0,11100.0,11025.0,11025.0,10353.6201171875,1495000,0.0,0.0,yfinance_raw_daily
2025-01-10,11025.0,11125.0,10950.0,11075.0,10400.5751953125,2469200,0.0,0.0,yfinance_raw_daily
2025-01-13,11050.0,11125.0,10975.0,11100.0,10424.052734375,3913400,0.0,0.0,yfinance_raw_daily
2025-01-14,11100.0,11100.0,10750.0,10750.0,10095.3662109375,3999700,0.0,0.0,yfinance_raw_daily
2025-01-15,10750.0,10900.0,10600.0,10775.0,10118.84375,4810100,0.0,0.0,yfinance_raw_daily
2025-01-16,10800.0,11025.0,10750.0,10925.0,10259.7099609375,3687800,0.0,0.0,yfinance_raw_daily
2025-01-17,10900.0,11050.0,10700.0,10825.0,10165.798828125,2690000,0.0,0.0,yfinance_raw_daily
2025-01-20,10800.0,10800.0,10525.0,10525.0,9884.0673828125,2593900,0.0,0.0,yfinance_raw_daily
2025-01-21,10525.0,11375.0,10500.0,11000.0,10330.142578125,5679300,0.0,0.0,yfinance_raw_daily
2025-01-22,11200.0,11475.0,11100.0,11375.0,10682.3056640625,5640100,0.0,0.0,yfinance_raw_daily
2025-01-23,11400.0,11500.0,11275.0,11275.0,10588.396484375,2962600,0.0,0.0,yfinance_raw_daily
2025-01-24,11000.0,11650.0,11000.0,11425.0,10729.26171875,4293800,0.0,0.0,yfinance_raw_daily
2025-01-30,11425.0,11650.0,11375.0,11575.0,10870.1279296875,2052100,0.0,0.0,yfinance_raw_daily
2025-01-31,11675.0,11850.0,11450.0,11500.0,10799.6943359375,2701400,0.0,0.0,yfinance_raw_daily
2025-02-03,11450.0,11575.0,11025.0,11225.0,10541.44140625,3242900,0.0,0.0,yfinance_raw_daily
2025-02-04,11425.0,11425.0,11025.0,11100.0,10424.052734375,2543100,0.0,0.0,yfinance_raw_daily
2025-02-05,11100.0,11200.0,10825.0,10900.0,10236.2314453125,4420400,0.0,0.0,yfinance_raw_daily
2025-02-06,11075.0,11075.0,10875.0,10950.0,10283.1865234375,3635900,0.0,0.0,yfinance_raw_daily
2025-02-07,11075.0,11400.0,10800.0,11375.0,10682.3056640625,4344400,0.0,0.0,yfinance_raw_daily
2025-02-10,11450.0,11850.0,11200.0,11275.0,10588.396484375,6793800,0.0,0.0,yfinance_raw_daily
2025-02-11,11225.0,11375.0,11000.0,11225.0,10541.44140625,4041900,0.0,0.0,yfinance_raw_daily
2025-02-12,11200.0,11225.0,11025.0,11150.0,10471.0087890625,2337100,0.0,0.0,yfinance_raw_daily
2025-02-13,11150.0,11400.0,11000.0,11225.0,10541.44140625,3580600,0.0,0.0,yfinance_raw_daily
2025-02-14,11225.0,11700.0,11225.0,11525.0,10823.171875,6318600,0.0,0.0,yfinance_raw_daily
2025-02-17,11525.0,11650.0,11450.0,11500.0,10799.6943359375,1815500,0.0,0.0,yfinance_raw_daily
2025-02-18,11500.0,11725.0,11425.0,11525.0,10823.171875,4037000,0.0,0.0,yfinance_raw_daily
2025-02-19,11625.0,11775.0,11525.0,11650.0,10940.560546875,4837300,0.0,0.0,yfinance_raw_daily
2025-02-20,11675.0,11700.0,11425.0,11550.0,10846.6494140625,2565800,0.0,0.0,yfinance_raw_daily
2025-02-21,11525.0,11675.0,11325.0,11500.0,10799.6943359375,4313200,0.0,0.0,yfinance_raw_daily
2025-02-24,11475.0,12000.0,11425.0,11875.0,11151.8583984375,3749400,0.0,0.0,yfinance_raw_daily
2025-02-25,11875.0,11875.0,11325.0,11325.0,10635.3505859375,4676200,0.0,0.0,yfinance_raw_daily
2025-02-26,11325.0,11325.0,10275.0,10500.0,9860.5908203125,10117200,0.0,0.0,yfinance_raw_daily
2025-02-27,10500.0,10600.0,10225.0,10400.0,9766.6796875,10113900,0.0,0.0,yfinance_raw_daily
2025-02-28,10275.0,10575.0,10200.0,10450.0,9813.634765625,9319700,0.0,0.0,yfinance_raw_daily
2025-03-03,10450.0,10725.0,10350.0,10575.0,9931.0234375,3313000,0.0,0.0,yfinance_raw_daily
2025-03-04,10575.0,10650.0,10400.0,10575.0,9931.0234375,3491200,0.0,0.0,yfinance_raw_daily
2025-03-05,10600.0,10650.0,10400.0,10400.0,9766.6796875,5465900,0.0,0.0,yfinance_raw_daily
2025-03-06,10325.0,10525.0,10325.0,10350.0,9719.724609375,3741000,0.0,0.0,yfinance_raw_daily
2025-03-07,10350.0,10725.0,10275.0,10550.0,9907.5458984375,3290700,0.0,0.0,yfinance_raw_daily
2025-03-10,10550.0,10725.0,10475.0,10600.0,9954.5009765625,3750000,0.0,0.0,yfinance_raw_daily
2025-03-11,10400.0,10575.0,10325.0,10425.0,9790.158203125,1234500,0.0,0.0,yfinance_raw_daily
2025-03-12,10500.0,10975.0,10500.0,10925.0,10259.7099609375,4504800,0.0,0.0,yfinance_raw_daily
2025-03-13,11000.0,11075.0,10775.0,11000.0,10330.142578125,3685600,0.0,0.0,yfinance_raw_daily
2025-03-14,11025.0,11025.0,10725.0,10750.0,10095.3662109375,2173400,0.0,0.0,yfinance_raw_daily
2025-03-17,10725.0,11000.0,10675.0,10950.0,10283.1865234375,1895300,0.0,0.0,yfinance_raw_daily
2025-03-18,10950.0,10950.0,10525.0,10825.0,10165.798828125,3133000,0.0,0.0,yfinance_raw_daily
2025-03-19,10775.0,10775.0,10450.0,10725.0,10071.8896484375,3129100,0.0,0.0,yfinance_raw_daily
2025-03-20,10725.0,10725.0,10525.0,10600.0,9954.5009765625,2096000,0.0,0.0,yfinance_raw_daily
2025-03-21,10600.0,10725.0,10475.0,10575.0,9931.0234375,4579600,0.0,0.0,yfinance_raw_daily
2025-03-24,10500.0,10525.0,9925.0,10425.0,9790.158203125,8524900,0.0,0.0,yfinance_raw_daily
2025-03-25,10450.0,10675.0,10375.0,10375.0,9743.203125,2272600,0.0,0.0,yfinance_raw_daily
2025-03-26,10450.0,10575.0,10300.0,10550.0,9907.5458984375,3818000,0.0,0.0,yfinance_raw_daily
2025-03-27,10350.0,10450.0,10100.0,10175.0,9555.3818359375,6715200,0.0,0.0,yfinance_raw_daily
2025-04-08,10000.0,10000.0,9500.0,9700.0,9109.3076171875,13575500,0.0,0.0,yfinance_raw_daily
2025-04-09,9700.0,10075.0,9450.0,9575.0,8991.919921875,6675700,0.0,0.0,yfinance_raw_daily
2025-04-10,9825.0,10100.0,9775.0,10000.0,9391.0390625,6369200,0.0,0.0,yfinance_raw_daily
2025-04-11,9650.0,9950.0,9550.0,9925.0,9320.60546875,5910000,0.0,0.0,yfinance_raw_daily
2025-04-14,9925.0,10350.0,9925.0,10325.0,9696.2470703125,3364000,0.0,0.0,yfinance_raw_daily
2025-04-15,10325.0,10475.0,10050.0,10475.0,9837.1123046875,5346100,0.0,0.0,yfinance_raw_daily
2025-04-16,10475.0,10475.0,10200.0,10250.0,9625.814453125,3047800,0.0,0.0,yfinance_raw_daily
2025-04-17,10250.0,10750.0,10100.0,10600.0,9954.5009765625,7789900,0.0,0.0,yfinance_raw_daily
2025-04-21,10600.0,10600.0,10400.0,10550.0,9907.5458984375,1425200,0.0,0.0,yfinance_raw_daily
2025-04-22,10550.0,10550.0,10450.0,10475.0,9837.1123046875,1806100,0.0,0.0,yfinance_raw_daily
2025-04-23,10475.0,10750.0,10400.0,10700.0,10048.4111328125,7661100,0.0,0.0,yfinance_raw_daily
2025-04-24,10700.0,11000.0,10700.0,11000.0,10330.142578125,4147600,0.0,0.0,yfinance_raw_daily
2025-04-25,11100.0,11150.0,10900.0,11000.0,10330.142578125,4395500,0.0,0.0,yfinance_raw_daily
2025-04-28,11025.0,11075.0,10850.0,11000.0,10330.142578125,1094100,0.0,0.0,yfinance_raw_daily
2025-04-29,11000.0,11275.0,10900.0,11250.0,10564.91796875,2295500,0.0,0.0,yfinance_raw_daily
2025-04-30,11250.0,11350.0,11050.0,11350.0,10658.8291015625,2335600,0.0,0.0,yfinance_raw_daily
2025-05-02,11350.0,11350.0,10550.0,11000.0,10330.142578125,10223300,0.0,0.0,yfinance_raw_daily
2025-05-05,11050.0,11325.0,11050.0,11200.0,10517.962890625,3839600,0.0,0.0,yfinance_raw_daily
2025-05-06,11250.0,11600.0,11250.0,11275.0,10588.396484375,4443700,0.0,0.0,yfinance_raw_daily
2025-05-07,11350.0,11400.0,11075.0,11075.0,10400.5751953125,4410500,0.0,0.0,yfinance_raw_daily
2025-05-08,11200.0,11400.0,11100.0,11400.0,10705.7841796875,3008000,0.0,0.0,yfinance_raw_daily
2025-05-09,11400.0,11400.0,11125.0,11200.0,10517.962890625,2031000,0.0,0.0,yfinance_raw_daily
2025-05-14,11425.0,11425.0,11050.0,11175.0,10494.4853515625,5245800,0.0,0.0,yfinance_raw_daily
2025-05-15,11175.0,11475.0,11050.0,11050.0,10377.09765625,3943900,0.0,0.0,yfinance_raw_daily
2025-05-16,11200.0,11200.0,10900.0,11075.0,10400.5751953125,7428000,0.0,0.0,yfinance_raw_daily
2025-05-19,11100.0,11100.0,10925.0,10950.0,10283.1865234375,5847100,0.0,0.0,yfinance_raw_daily
2025-05-20,11050.0,11075.0,10750.0,10750.0,10095.3662109375,6391600,0.0,0.0,yfinance_raw_daily
2025-05-21,10825.0,10925.0,10700.0,10825.0,10165.798828125,4312500,0.0,0.0,yfinance_raw_daily
2025-05-22,10825.0,11000.0,10725.0,10800.0,10142.322265625,3175000,0.0,0.0,yfinance_raw_daily
2025-05-23,10850.0,10900.0,10800.0,10825.0,10165.798828125,1811100,0.0,0.0,yfinance_raw_daily
2025-05-26,10825.0,11050.0,10825.0,11025.0,10353.6201171875,4661200,0.0,0.0,yfinance_raw_daily
2025-05-27,11075.0,11225.0,10950.0,11125.0,10447.5302734375,4928700,0.0,0.0,yfinance_raw_daily
2025-05-28,11200.0,11225.0,10900.0,10900.0,10236.2314453125,7578200,0.0,0.0,yfinance_raw_daily
2025-06-02,10825.0,10900.0,10550.0,10800.0,10142.322265625,10667100,0.0,0.0,yfinance_raw_daily
2025-06-03,10800.0,10850.0,10600.0,10625.0,9977.978515625,2685000,0.0,0.0,yfinance_raw_daily
2025-06-04,10825.0,10825.0,10600.0,10825.0,10165.798828125,3186300,0.0,0.0,yfinance_raw_daily
2025-06-05,10800.0,10800.0,10600.0,10700.0,10048.4111328125,1482700,0.0,0.0,yfinance_raw_daily
2025-06-10,10700.0,10750.0,10500.0,10650.0,10001.4560546875,4733600,0.0,0.0,yfinance_raw_daily
2025-06-11,10700.0,10750.0,10550.0,10700.0,10048.4111328125,5451900,0.0,0.0,yfinance_raw_daily
2025-06-12,10700.0,10825.0,10600.0,10675.0,10024.93359375,4172700,0.0,0.0,yfinance_raw_daily
2025-06-13,10675.0,10725.0,10550.0,10600.0,9954.5009765625,4299100,0.0,0.0,yfinance_raw_daily
2025-06-16,10600.0,10750.0,10550.0,10575.0,9931.0234375,3557500,0.0,0.0,yfinance_raw_daily
2025-06-17,10575.0,10725.0,10575.0,10625.0,9977.978515625,2443900,0.0,0.0,yfinance_raw_daily
2025-06-18,10600.0,10675.0,10550.0,10650.0,10001.4560546875,2999200,0.0,0.0,yfinance_raw_daily
2025-06-19,10675.0,10675.0,10400.0,10450.0,9813.634765625,4446100,0.0,0.0,yfinance_raw_daily
2025-06-20,10450.0,10650.0,10200.0,10425.0,9790.158203125,14686100,0.0,0.0,yfinance_raw_daily
2025-06-23,10300.0,10300.0,9950.0,9950.0,9344.083984375,8896600,0.0,0.0,yfinance_raw_daily
2025-06-24,10200.0,10375.0,10175.0,10225.0,9602.3369140625,3624700,0.0,0.0,yfinance_raw_daily
2025-06-25,10450.0,10450.0,10175.0,10225.0,9602.3369140625,2262900,0.0,0.0,yfinance_raw_daily
2025-06-26,10100.0,10300.0,9950.0,10150.0,9531.904296875,10959700,0.0,0.0,yfinance_raw_daily
2025-06-30,10350.0,10550.0,10200.0,10500.0,9860.5908203125,12168800,0.0,0.0,yfinance_raw_daily
2025-07-01,10500.0,10625.0,10400.0,10625.0,9977.978515625,4235400,0.0,0.0,yfinance_raw_daily
2025-07-02,10425.0,10625.0,10350.0,10500.0,10098.1953125,3473000,250.0,0.0,yfinance_raw_daily
2025-07-03,10600.0,10850.0,10550.0,10750.0,10338.6279296875,3199900,0.0,0.0,yfinance_raw_daily
2025-07-04,10750.0,10800.0,10550.0,10650.0,10242.455078125,1376400,0.0,0.0,yfinance_raw_daily
2025-07-07,10725.0,10725.0,10275.0,10500.0,10098.1953125,5720900,0.0,0.0,yfinance_raw_daily
2025-07-08,10450.0,10550.0,10325.0,10500.0,10098.1953125,7659400,0.0,0.0,yfinance_raw_daily
2025-07-09,10525.0,10550.0,10075.0,10525.0,10122.23828125,6547300,0.0,0.0,yfinance_raw_daily
2025-07-10,10500.0,10500.0,10350.0,10450.0,10050.1083984375,3168500,0.0,0.0,yfinance_raw_daily
2025-07-11,10475.0,10500.0,10300.0,10325.0,9929.8916015625,2731600,0.0,0.0,yfinance_raw_daily
2025-07-14,10325.0,10425.0,10200.0,10400.0,10002.021484375,4153500,0.0,0.0,yfinance_raw_daily
2025-07-15,10400.0,10425.0,10150.0,10400.0,10002.021484375,12047900,0.0,0.0,yfinance_raw_daily
2025-07-16,10400.0,10425.0,10275.0,10350.0,9953.935546875,2396100,0.0,0.0,yfinance_raw_daily
2025-07-17,10350.0,10400.0,10150.0,10350.0,9953.935546875,13247400,0.0,0.0,yfinance_raw_daily
2025-07-18,10350.0,10525.0,10300.0,10400.0,10002.021484375,12730500,0.0,0.0,yfinance_raw_daily
2025-07-21,10425.0,10500.0,10250.0,10500.0,10098.1953125,11341700,0.0,0.0,yfinance_raw_daily
2025-07-22,10525.0,10525.0,10350.0,10350.0,9953.935546875,2916000,0.0,0.0,yfinance_raw_daily
2025-07-23,10475.0,10475.0,10300.0,10450.0,10050.1083984375,3234000,0.0,0.0,yfinance_raw_daily
2025-07-24,10450.0,10475.0,10350.0,10350.0,9953.935546875,2976000,0.0,0.0,yfinance_raw_daily
2025-07-25,10350.0,10550.0,10275.0,10550.0,10146.28125,6635900,0.0,0.0,yfinance_raw_daily
2025-07-28,10550.0,10575.0,10225.0,10225.0,9833.71875,5895900,0.0,0.0,yfinance_raw_daily
2025-07-29,10225.0,10250.0,9950.0,10000.0,9617.3291015625,23316400,0.0,0.0,yfinance_raw_daily
2025-07-30,10050.0,10100.0,9800.0,9925.0,9545.1982421875,11795400,0.0,0.0,yfinance_raw_daily
2025-07-31,9925.0,9975.0,9800.0,9800.0,9424.982421875,4990600,0.0,0.0,yfinance_raw_daily
2025-08-01,9900.0,9950.0,9800.0,9900.0,9521.1552734375,9390400,0.0,0.0,yfinance_raw_daily
2025-08-04,9900.0,9925.0,9525.0,9550.0,9184.548828125,12748700,0.0,0.0,yfinance_raw_daily
2025-08-05,9600.0,9625.0,9475.0,9575.0,9208.591796875,8541600,0.0,0.0,yfinance_raw_daily
2025-08-06,9575.0,9625.0,9500.0,9550.0,9184.548828125,5467100,0.0,0.0,yfinance_raw_daily
2025-08-07,9550.0,9575.0,9500.0,9500.0,9136.4619140625,6473400,0.0,0.0,yfinance_raw_daily
2025-08-08,9450.0,9450.0,9350.0,9350.0,8992.2021484375,7653700,0.0,0.0,yfinance_raw_daily
2025-08-11,9350.0,9600.0,9350.0,9550.0,9184.548828125,7665100,0.0,0.0,yfinance_raw_daily
2025-08-12,9600.0,9700.0,9500.0,9550.0,9184.548828125,6203500,0.0,0.0,yfinance_raw_daily
2025-08-13,9600.0,9650.0,9375.0,9475.0,9112.4189453125,9967500,0.0,0.0,yfinance_raw_daily
2025-08-14,9450.0,9825.0,9425.0,9725.0,9352.8525390625,25589500,0.0,0.0,yfinance_raw_daily
2025-08-15,9750.0,9950.0,9550.0,9900.0,9521.1552734375,18332000,0.0,0.0,yfinance_raw_daily
2025-08-19,9900.0,9925.0,9625.0,9775.0,9400.9384765625,6045500,0.0,0.0,yfinance_raw_daily
2025-08-20,9775.0,9825.0,9600.0,9650.0,9280.7216796875,5730000,0.0,0.0,yfinance_raw_daily
2025-08-21,9600.0,9700.0,9550.0,9550.0,9184.548828125,3901000,0.0,0.0,yfinance_raw_daily
2025-08-22,9600.0,9675.0,9550.0,9575.0,9208.591796875,3331700,0.0,0.0,yfinance_raw_daily
2025-08-25,9575.0,9625.0,9500.0,9500.0,9136.4619140625,5199200,0.0,0.0,yfinance_raw_daily
2025-08-26,9500.0,9575.0,9375.0,9375.0,9016.2451171875,9031900,0.0,0.0,yfinance_raw_daily
2025-08-27,9375.0,9425.0,9325.0,9325.0,8968.1591796875,3413900,0.0,0.0,yfinance_raw_daily
2025-08-28,9325.0,9450.0,9275.0,9300.0,8944.115234375,4029300,0.0,0.0,yfinance_raw_daily
2025-08-29,9250.0,9275.0,8975.0,8975.0,8631.552734375,12958600,0.0,0.0,yfinance_raw_daily
2025-09-01,8800.0,9275.0,8650.0,9200.0,8847.9423828125,5969700,0.0,0.0,yfinance_raw_daily
2025-09-02,9225.0,9325.0,9200.0,9200.0,8847.9423828125,3319500,0.0,0.0,yfinance_raw_daily
2025-09-03,9225.0,9300.0,9200.0,9300.0,8944.115234375,2439300,0.0,0.0,yfinance_raw_daily
2025-09-04,9300.0,9300.0,9200.0,9250.0,8896.029296875,2740200,0.0,0.0,yfinance_raw_daily
2025-09-08,9300.0,9475.0,9275.0,9375.0,9016.2451171875,8124700,0.0,0.0,yfinance_raw_daily
2025-09-09,9325.0,9325.0,9100.0,9225.0,8871.9853515625,4218400,0.0,0.0,yfinance_raw_daily
2025-09-10,9225.0,9225.0,9150.0,9225.0,8871.9853515625,2211300,0.0,0.0,yfinance_raw_daily
2025-09-11,9225.0,9400.0,9200.0,9300.0,8944.115234375,4876500,0.0,0.0,yfinance_raw_daily
2025-09-12,9300.0,9400.0,9175.0,9250.0,8896.029296875,4228300,0.0,0.0,yfinance_raw_daily
2025-09-15,9250.0,9325.0,9150.0,9225.0,8871.9853515625,3520100,0.0,0.0,yfinance_raw_daily
2025-09-16,9250.0,9325.0,9200.0,9300.0,8944.115234375,2267100,0.0,0.0,yfinance_raw_daily
2025-09-17,9275.0,9500.0,9250.0,9500.0,9136.4619140625,3034300,0.0,0.0,yfinance_raw_daily
2025-09-18,9500.0,9525.0,9425.0,9425.0,9064.33203125,2855900,0.0,0.0,yfinance_raw_daily
2025-09-19,9425.0,9700.0,9425.0,9700.0,9328.80859375,6110200,0.0,0.0,yfinance_raw_daily
2025-09-22,9700.0,9825.0,9500.0,9625.0,9256.6787109375,4473300,0.0,0.0,yfinance_raw_daily
2025-09-23,9700.0,9700.0,9600.0,9700.0,9328.80859375,1955400,0.0,0.0,yfinance_raw_daily
2025-09-24,9700.0,9725.0,9550.0,9550.0,9184.548828125,5779000,0.0,0.0,yfinance_raw_daily
2025-09-25,9625.0,9800.0,9600.0,9800.0,9424.982421875,6445600,0.0,0.0,yfinance_raw_daily
2025-09-26,9800.0,10050.0,9675.0,10000.0,9617.3291015625,8532100,0.0,0.0,yfinance_raw_daily
2025-09-29,10025.0,10050.0,9650.0,9650.0,9280.7216796875,6132900,0.0,0.0,yfinance_raw_daily
2025-09-30,9650.0,9750.0,9475.0,9475.0,9112.4189453125,6069800,0.0,0.0,yfinance_raw_daily
2025-10-01,9550.0,9625.0,9300.0,9325.0,8968.1591796875,3535600,0.0,0.0,yfinance_raw_daily
2025-10-02,9425.0,9625.0,9400.0,9500.0,9136.4619140625,2820900,0.0,0.0,yfinance_raw_daily
2025-10-03,9525.0,9575.0,9400.0,9550.0,9184.548828125,2598800,0.0,0.0,yfinance_raw_daily
2025-10-06,9550.0,9550.0,9400.0,9500.0,9136.4619140625,2234600,0.0,0.0,yfinance_raw_daily
2025-10-07,9475.0,9475.0,9200.0,9200.0,8847.9423828125,4053100,0.0,0.0,yfinance_raw_daily
2025-10-08,9200.0,9375.0,9150.0,9200.0,8847.9423828125,3003600,0.0,0.0,yfinance_raw_daily
2025-10-09,9200.0,9325.0,9075.0,9100.0,8751.76953125,7056400,0.0,0.0,yfinance_raw_daily
2025-10-10,9150.0,9175.0,8850.0,8850.0,8511.3359375,11183000,0.0,0.0,yfinance_raw_daily
2025-10-13,8850.0,8925.0,8800.0,8800.0,8463.2490234375,4920500,0.0,0.0,yfinance_raw_daily
2025-10-14,8900.0,8900.0,8475.0,8475.0,8150.68603515625,10863600,0.0,0.0,yfinance_raw_daily
2025-10-15,8500.0,8750.0,8425.0,8675.0,8343.0322265625,9029700,0.0,0.0,yfinance_raw_daily
2025-10-16,8700.0,9300.0,8650.0,9250.0,8896.029296875,10168600,0.0,0.0,yfinance_raw_daily
2025-10-17,9300.0,9400.0,9025.0,9400.0,9040.2890625,8398300,0.0,0.0,yfinance_raw_daily
2025-10-20,9425.0,9550.0,9275.0,9375.0,9016.2451171875,7951500,0.0,0.0,yfinance_raw_daily
2025-10-21,9500.0,9500.0,9225.0,9275.0,8920.072265625,3346700,0.0,0.0,yfinance_raw_daily
2025-10-22,9300.0,9325.0,8900.0,8900.0,8559.4228515625,7695400,0.0,0.0,yfinance_raw_daily
2025-10-23,8900.0,8950.0,8725.0,8825.0,8487.29296875,14457700,0.0,0.0,yfinance_raw_daily
2025-10-24,8850.0,8950.0,8800.0,8800.0,8463.2490234375,7447900,0.0,0.0,yfinance_raw_daily
2025-10-27,8800.0,8975.0,8750.0,8850.0,8511.3359375,8921900,0.0,0.0,yfinance_raw_daily
2025-10-28,8875.0,8925.0,8700.0,8775.0,8439.2060546875,12338900,0.0,0.0,yfinance_raw_daily
2025-10-29,8800.0,8825.0,8650.0,8700.0,8367.076171875,16526500,0.0,0.0,yfinance_raw_daily
2025-10-30,8700.0,8875.0,8700.0,8800.0,8463.2490234375,13885200,0.0,0.0,yfinance_raw_daily
2025-10-31,8800.0,8850.0,8700.0,8700.0,8367.076171875,9693500,0.0,0.0,yfinance_raw_daily
2025-11-03,8700.0,8700.0,8500.0,8500.0,8174.7294921875,14837200,0.0,0.0,yfinance_raw_daily
2025-11-04,8500.0,8600.0,8475.0,8475.0,8150.68603515625,14071000,0.0,0.0,yfinance_raw_daily
2025-11-05,8500.0,8700.0,8475.0,8700.0,8367.076171875,7693000,0.0,0.0,yfinance_raw_daily
2025-11-06,8650.0,8675.0,8550.0,8575.0,8246.859375,15202700,0.0,0.0,yfinance_raw_daily
2025-11-07,8550.0,8650.0,8550.0,8600.0,8270.90234375,5446000,0.0,0.0,yfinance_raw_daily
2025-11-10,8700.0,8725.0,8600.0,8650.0,8318.9892578125,6371300,0.0,0.0,yfinance_raw_daily
2025-11-11,8725.0,8725.0,8525.0,8550.0,8222.81640625,9738300,0.0,0.0,yfinance_raw_daily
2025-11-12,8550.0,8675.0,8525.0,8525.0,8198.7724609375,7459700,0.0,0.0,yfinance_raw_daily
2025-11-13,8525.0,8600.0,8475.0,8475.0,8150.68603515625,9366500,0.0,0.0,yfinance_raw_daily
2025-11-14,8500.0,8550.0,8425.0,8425.0,8102.599609375,9077300,0.0,0.0,yfinance_raw_daily
2025-11-17,8500.0,8700.0,8325.0,8375.0,8054.5126953125,21504300,0.0,0.0,yfinance_raw_daily
2025-11-18,8375.0,8475.0,8325.0,8325.0,8006.42626953125,14213100,0.0,0.0,yfinance_raw_daily
2025-11-19,8325.0,8525.0,8325.0,8400.0,8078.55615234375,20237100,0.0,0.0,yfinance_raw_daily
2025-11-20,8500.0,8525.0,8325.0,8325.0,8006.42626953125,15336300,0.0,0.0,yfinance_raw_daily
2025-11-21,8350.0,8400.0,8325.0,8350.0,8030.46923828125,9262700,0.0,0.0,yfinance_raw_daily
2025-11-24,8350.0,8450.0,8200.0,8350.0,8030.46923828125,176275900,0.0,0.0,yfinance_raw_daily
2025-11-25,8450.0,8600.0,8450.0,8575.0,8246.859375,36155100,0.0,0.0,yfinance_raw_daily
2025-11-26,8625.0,8650.0,8525.0,8600.0,8270.90234375,19741000,0.0,0.0,yfinance_raw_daily
2025-11-27,8600.0,8625.0,8500.0,8550.0,8222.81640625,17082500,0.0,0.0,yfinance_raw_daily
2025-11-28,8575.0,8600.0,8425.0,8450.0,8126.642578125,8785500,0.0,0.0,yfinance_raw_daily
2025-12-01,8425.0,8475.0,8400.0,8400.0,8078.55615234375,5346900,0.0,0.0,yfinance_raw_daily
2025-12-02,8400.0,8425.0,8050.0,8100.0,7790.0361328125,43427600,0.0,0.0,yfinance_raw_daily
2025-12-03,8100.0,8200.0,8100.0,8125.0,7814.07958984375,10525100,0.0,0.0,yfinance_raw_daily
2025-12-04,8225.0,8250.0,8100.0,8200.0,7886.20947265625,13673600,0.0,0.0,yfinance_raw_daily
2025-12-05,8200.0,8200.0,8050.0,8050.0,7741.94970703125,16859700,0.0,0.0,yfinance_raw_daily
2025-12-08,8100.0,8200.0,8075.0,8075.0,7765.99267578125,11661200,0.0,0.0,yfinance_raw_daily
2025-12-09,8100.0,8125.0,8000.0,8000.0,7693.86279296875,16634200,0.0,0.0,yfinance_raw_daily
2025-12-10,8000.0,8075.0,8000.0,8025.0,7717.90625,8871000,0.0,0.0,yfinance_raw_daily
2025-12-11,8050.0,8150.0,7950.0,8025.0,7717.90625,10206100,0.0,0.0,yfinance_raw_daily
2025-12-12,8100.0,8100.0,7975.0,8075.0,7765.99267578125,8185400,0.0,0.0,yfinance_raw_daily
2025-12-15,8225.0,8375.0,8075.0,8300.0,7982.3828125,15671200,0.0,0.0,yfinance_raw_daily
2025-12-16,8325.0,8400.0,8225.0,8350.0,8030.46923828125,17355800,0.0,0.0,yfinance_raw_daily
2025-12-17,8350.0,8400.0,8300.0,8325.0,8006.42626953125,5997500,0.0,0.0,yfinance_raw_daily
2025-12-18,8325.0,8400.0,8200.0,8250.0,7934.2958984375,6171700,0.0,0.0,yfinance_raw_daily
2025-12-19,8250.0,8425.0,8225.0,8425.0,8102.599609375,11114100,0.0,0.0,yfinance_raw_daily
2025-12-22,8400.0,8400.0,8275.0,8350.0,8030.46923828125,6241200,0.0,0.0,yfinance_raw_daily
2025-12-23,8350.0,8350.0,8225.0,8250.0,7934.2958984375,4615400,0.0,0.0,yfinance_raw_daily
2025-12-24,8200.0,8275.0,8200.0,8250.0,7934.2958984375,1899500,0.0,0.0,yfinance_raw_daily
2025-12-29,8250.0,8325.0,8125.0,8300.0,7982.3828125,6435900,0.0,0.0,yfinance_raw_daily
2025-12-30,8250.0,8325.0,8175.0,8200.0,7886.20947265625,3807000,0.0,0.0,yfinance_raw_daily
2026-01-02,8200.0,8225.0,8075.0,8075.0,7765.99267578125,4906200,0.0,0.0,yfinance_raw_daily
2026-01-05,8100.0,8150.0,8000.0,8100.0,7790.0361328125,6465500,0.0,0.0,yfinance_raw_daily
2026-01-06,8100.0,8175.0,8075.0,8100.0,7790.0361328125,6207700,0.0,0.0,yfinance_raw_daily
2026-01-07,8100.0,8125.0,8000.0,8050.0,7741.94970703125,9501900,0.0,0.0,yfinance_raw_daily
2026-01-08,8050.0,8125.0,8025.0,8025.0,7717.90625,10684500,0.0,0.0,yfinance_raw_daily
2026-01-09,8050.0,8075.0,8000.0,8000.0,7693.86279296875,5016300,0.0,0.0,yfinance_raw_daily
2026-01-12,8000.0,8025.0,7900.0,7900.0,7597.689453125,10239900,0.0,0.0,yfinance_raw_daily
2026-01-13,7925.0,8000.0,7925.0,7975.0,7669.81982421875,3957300,0.0,0.0,yfinance_raw_daily
2026-01-14,7975.0,8050.0,7950.0,7950.0,7645.7763671875,5323700,0.0,0.0,yfinance_raw_daily
2026-01-15,8000.0,8100.0,7975.0,8050.0,7741.94970703125,5660000,0.0,0.0,yfinance_raw_daily
2026-01-19,8050.0,8150.0,8025.0,8100.0,7790.0361328125,9458500,0.0,0.0,yfinance_raw_daily
2026-01-20,8100.0,8200.0,8100.0,8125.0,7814.07958984375,4869500,0.0,0.0,yfinance_raw_daily
2026-01-21,8125.0,8150.0,8025.0,8100.0,7790.0361328125,9619600,0.0,0.0,yfinance_raw_daily
2026-01-22,8150.0,8400.0,8075.0,8325.0,8006.42626953125,13969100,0.0,0.0,yfinance_raw_daily
2026-01-23,8325.0,8350.0,8175.0,8275.0,7958.33935546875,11745000,0.0,0.0,yfinance_raw_daily
2026-01-26,8275.0,8450.0,8175.0,8400.0,8078.55615234375,11911100,0.0,0.0,yfinance_raw_daily
2026-01-27,8400.0,8400.0,8125.0,8225.0,7910.2529296875,8344200,0.0,0.0,yfinance_raw_daily
2026-01-28,8150.0,8150.0,7675.0,7775.0,7477.47314453125,21932000,0.0,0.0,yfinance_raw_daily
2026-01-29,7700.0,7775.0,7225.0,7675.0,7381.2998046875,29324800,0.0,0.0,yfinance_raw_daily
2026-01-30,7675.0,8125.0,7675.0,7950.0,7645.7763671875,18174200,0.0,0.0,yfinance_raw_daily
2026-02-02,8075.0,8375.0,8025.0,8375.0,8054.5126953125,19372900,0.0,0.0,yfinance_raw_daily
2026-02-03,8350.0,8600.0,8225.0,8575.0,8246.859375,17576700,0.0,0.0,yfinance_raw_daily
2026-02-04,8575.0,8575.0,8300.0,8300.0,7982.3828125,9948300,0.0,0.0,yfinance_raw_daily
2026-02-05,8300.0,8500.0,8300.0,8300.0,7982.3828125,7338300,0.0,0.0,yfinance_raw_daily
2026-02-06,8250.0,8275.0,8000.0,8075.0,7765.99267578125,10290000,0.0,0.0,yfinance_raw_daily
2026-02-09,8075.0,8175.0,7875.0,8075.0,7765.99267578125,13201700,0.0,0.0,yfinance_raw_daily
2026-02-10,8125.0,8200.0,8100.0,8125.0,7814.07958984375,4255800,0.0,0.0,yfinance_raw_daily
2026-02-11,8150.0,8250.0,8125.0,8175.0,7862.166015625,4709900,0.0,0.0,yfinance_raw_daily
2026-02-12,8200.0,8250.0,8125.0,8200.0,7886.20947265625,2880200,0.0,0.0,yfinance_raw_daily
2026-02-13,8200.0,8225.0,8075.0,8200.0,7886.20947265625,7720000,0.0,0.0,yfinance_raw_daily
2026-02-18,8225.0,8250.0,8150.0,8200.0,7886.20947265625,4370200,0.0,0.0,yfinance_raw_daily
2026-02-19,8200.0,8275.0,8100.0,8125.0,7814.07958984375,7449100,0.0,0.0,yfinance_raw_daily
2026-02-20,8200.0,8225.0,8000.0,8025.0,7717.90625,12383500,0.0,0.0,yfinance_raw_daily
2026-02-23,8050.0,8175.0,8050.0,8150.0,7838.123046875,6422300,0.0,0.0,yfinance_raw_daily
2026-02-24,8150.0,8175.0,7950.0,7950.0,7645.7763671875,13392800,0.0,0.0,yfinance_raw_daily
2026-02-25,8000.0,8075.0,7975.0,8025.0,7717.90625,4880000,0.0,0.0,yfinance_raw_daily
2026-02-26,8025.0,8100.0,7875.0,7900.0,7597.689453125,11033700,0.0,0.0,yfinance_raw_daily
2026-02-27,7950.0,8025.0,7850.0,7850.0,7549.60302734375,7916500,0.0,0.0,yfinance_raw_daily
2026-03-02,7800.0,7825.0,7550.0,7600.0,7309.169921875,13451700,0.0,0.0,yfinance_raw_daily
2026-03-03,7625.0,7800.0,7600.0,7700.0,7405.34326171875,5983700,0.0,0.0,yfinance_raw_daily
2026-03-04,7700.0,7800.0,7200.0,7475.0,7188.953125,14354800,0.0,0.0,yfinance_raw_daily
2026-03-05,7525.0,7650.0,7400.0,7475.0,7188.953125,6618400,0.0,0.0,yfinance_raw_daily
2026-03-06,7475.0,7525.0,7400.0,7450.0,7164.90966796875,3343800,0.0,0.0,yfinance_raw_daily
2026-03-09,7350.0,7350.0,7100.0,7125.0,6852.3466796875,11547600,0.0,0.0,yfinance_raw_daily
2026-03-10,7275.0,7300.0,7200.0,7250.0,6972.5634765625,2522500,0.0,0.0,yfinance_raw_daily
2026-03-11,7250.0,7325.0,7225.0,7250.0,6972.5634765625,3376700,0.0,0.0,yfinance_raw_daily
2026-03-12,7250.0,7575.0,7225.0,7575.0,7285.12646484375,9775100,0.0,0.0,yfinance_raw_daily
2026-03-13,7500.0,7525.0,7250.0,7250.0,6972.5634765625,4264700,0.0,0.0,yfinance_raw_daily
2026-03-16,7325.0,7350.0,7075.0,7075.0,6804.26025390625,3602000,0.0,0.0,yfinance_raw_daily
2026-03-17,7100.0,7325.0,7100.0,7100.0,6828.30322265625,5574000,0.0,0.0,yfinance_raw_daily
2026-03-25,7125.0,7300.0,7125.0,7250.0,6972.5634765625,2837600,0.0,0.0,yfinance_raw_daily
2026-03-26,7300.0,7375.0,7225.0,7275.0,6996.6064453125,2518000,0.0,0.0,yfinance_raw_daily
2026-03-27,7275.0,7300.0,7100.0,7100.0,6828.30322265625,2839300,0.0,0.0,yfinance_raw_daily
2026-03-30,7075.0,7225.0,7075.0,7225.0,6948.52001953125,2735600,0.0,0.0,yfinance_raw_daily
2026-03-31,7325.0,7450.0,7150.0,7350.0,7068.736328125,10698900,0.0,0.0,yfinance_raw_daily
2026-04-01,7350.0,7450.0,7275.0,7400.0,7116.8232421875,2712700,0.0,0.0,yfinance_raw_daily
2026-04-02,7375.0,7475.0,7350.0,7375.0,7092.77978515625,3685000,0.0,0.0,yfinance_raw_daily
2026-04-06,7375.0,7450.0,7250.0,7425.0,7140.86669921875,2031700,0.0,0.0,yfinance_raw_daily
2026-04-07,7425.0,7425.0,7300.0,7325.0,7044.693359375,1337800,0.0,0.0,yfinance_raw_daily
2026-04-08,7450.0,7550.0,7375.0,7525.0,7237.0400390625,2420400,0.0,0.0,yfinance_raw_daily
2026-04-09,7525.0,7525.0,7400.0,7450.0,7164.90966796875,3881800,0.0,0.0,yfinance_raw_daily
2026-04-10,7475.0,7475.0,7350.0,7375.0,7092.77978515625,3243900,0.0,0.0,yfinance_raw_daily
2026-04-13,7375.0,7375.0,7200.0,7225.0,6948.52001953125,5113800,0.0,0.0,yfinance_raw_daily
2026-04-14,7275.0,7300.0,7200.0,7225.0,6948.52001953125,4643000,0.0,0.0,yfinance_raw_daily
2026-04-15,7250.0,7300.0,7200.0,7200.0,6924.4765625,6618700,0.0,0.0,yfinance_raw_daily
2026-04-16,7250.0,7325.0,7225.0,7275.0,6996.6064453125,3765900,0.0,0.0,yfinance_raw_daily
2026-04-17,7275.0,7300.0,7225.0,7300.0,7020.64990234375,2626700,0.0,0.0,yfinance_raw_daily
2026-04-20,7275.0,7300.0,7175.0,7175.0,6900.43310546875,3932800,0.0,0.0,yfinance_raw_daily
2026-04-21,7175.0,7200.0,7125.0,7150.0,6876.39013671875,3851300,0.0,0.0,yfinance_raw_daily
2026-04-22,7175.0,7175.0,7050.0,7100.0,6828.30322265625,7957300,0.0,0.0,yfinance_raw_daily
2026-04-23,7100.0,7150.0,7025.0,7075.0,6804.26025390625,6103600,0.0,0.0,yfinance_raw_daily
2026-04-24,7075.0,7100.0,6825.0,6825.0,6563.82666015625,8562900,0.0,0.0,yfinance_raw_daily
2026-04-27,6825.0,6925.0,6750.0,6900.0,6635.95654296875,4100900,0.0,0.0,yfinance_raw_daily
2026-04-28,6900.0,6950.0,6750.0,6775.0,6515.740234375,5589600,0.0,0.0,yfinance_raw_daily
2026-04-29,6775.0,6825.0,6700.0,6725.0,6467.6533203125,6155900,0.0,0.0,yfinance_raw_daily
2026-04-30,6725.0,6775.0,6650.0,6775.0,6515.740234375,6568000,0.0,0.0,yfinance_raw_daily
2026-05-04,6775.0,6875.0,6675.0,6800.0,6539.78369140625,6688000,0.0,0.0,yfinance_raw_daily
2026-05-05,6775.0,6800.0,6700.0,6725.0,6467.6533203125,7234600,0.0,0.0,yfinance_raw_daily
2026-05-06,6725.0,6850.0,6725.0,6800.0,6539.78369140625,6494900,0.0,0.0,yfinance_raw_daily
2026-05-07,6900.0,7250.0,6875.0,7175.0,6900.43310546875,13524700,0.0,0.0,yfinance_raw_daily
2026-05-08,7175.0,7250.0,7025.0,7050.0,6780.216796875,7207100,0.0,0.0,yfinance_raw_daily
2026-05-11,7050.0,7175.0,6900.0,7100.0,6828.30322265625,5072900,0.0,0.0,yfinance_raw_daily
2026-05-12,7100.0,7125.0,6850.0,6950.0,6684.04345703125,5044900,0.0,0.0,yfinance_raw_daily
2026-05-13,6925.0,6925.0,6800.0,6825.0,6563.82666015625,4991500,0.0,0.0,yfinance_raw_daily
2026-05-14,6825.0,6825.0,6825.0,6825.0,6563.82666015625,0,0.0,0.0,yfinance_raw_daily
2026-05-15,6825.0,6825.0,6825.0,6825.0,6563.82666015625,0,0.0,0.0,yfinance_raw_daily
2026-05-18,6825.0,6850.0,6725.0,6800.0,6539.78369140625,5351100,0.0,0.0,yfinance_raw_daily
2026-05-19,6825.0,6850.0,6700.0,6725.0,6467.6533203125,4197400,0.0,0.0,yfinance_raw_daily
2026-05-20,6725.0,6825.0,6700.0,6750.0,6491.69677734375,7512200,0.0,0.0,yfinance_raw_daily
2026-05-21,6750.0,6800.0,6625.0,6675.0,6419.56689453125,6240200,0.0,0.0,yfinance_raw_daily
2026-05-22,6675.0,6950.0,6575.0,6825.0,6563.82666015625,5072300,0.0,0.0,yfinance_raw_daily
2026-05-25,6925.0,7150.0,6850.0,7100.0,6828.30322265625,6552500,0.0,0.0,yfinance_raw_daily
2026-05-26,7100.0,7100.0,6875.0,6875.0,6611.91357421875,3354100,0.0,0.0,yfinance_raw_daily
2026-05-27,6875.0,6875.0,6875.0,6875.0,6611.91357421875,0,0.0,0.0,yfinance_raw_daily
2026-05-28,6875.0,6875.0,6875.0,6875.0,6611.91357421875,0,0.0,0.0,yfinance_raw_daily
2026-05-29,6875.0,7100.0,6775.0,7100.0,6828.30322265625,5777900,0.0,0.0,yfinance_raw_daily
2026-06-02,7100.0,7100.0,6750.0,6800.0,6539.78369140625,9456000,0.0,0.0,yfinance_raw_daily
2026-06-03,6800.0,6825.0,6425.0,6525.0,6275.30712890625,9366000,0.0,0.0,yfinance_raw_daily
2026-06-04,6550.0,6625.0,6375.0,6625.0,6371.48046875,8176900,0.0,0.0,yfinance_raw_daily
2026-06-05,6625.0,6625.0,6400.0,6450.0,6203.1767578125,7736900,0.0,0.0,yfinance_raw_daily
2026-06-08,6425.0,6425.0,6000.0,6000.0,5770.39697265625,3951800,0.0,0.0,yfinance_raw_daily
2026-06-09,6000.0,6325.0,5925.0,6325.0,6082.96044921875,4113300,0.0,0.0,yfinance_raw_daily
2026-06-10,6125.0,6325.0,6100.0,6250.0,6010.83056640625,10357600,0.0,0.0,yfinance_raw_daily
2026-06-11,6250.0,6450.0,6175.0,6250.0,6010.83056640625,12389600,0.0,0.0,yfinance_raw_daily
2026-06-12,6275.0,6450.0,6175.0,6350.0,6107.00390625,13984100,0.0,0.0,yfinance_raw_daily
2026-06-15,6500.0,6700.0,6500.0,6600.0,6347.43701171875,9935600,0.0,0.0,yfinance_raw_daily
2026-06-17,6600.0,6775.0,6500.0,6625.0,6371.48046875,5517400,0.0,0.0,yfinance_raw_daily
2026-06-18,6625.0,6650.0,6500.0,6625.0,6371.48046875,4188900,0.0,0.0,yfinance_raw_daily
2026-06-19,6550.0,6800.0,6500.0,6700.0,6443.6103515625,13041800,0.0,0.0,yfinance_raw_daily
2026-06-22,6875.0,6875.0,6525.0,6575.0,6323.3935546875,2886500,0.0,0.0,yfinance_raw_daily
2026-06-23,6575.0,6650.0,6475.0,6600.0,6347.43701171875,3657800,0.0,0.0,yfinance_raw_daily
2026-06-24,6600.0,6700.0,6450.0,6500.0,6251.263671875,3799500,0.0,0.0,yfinance_raw_daily
2026-06-25,6500.0,6825.0,6475.0,6725.0,6467.6533203125,5717300,0.0,0.0,yfinance_raw_daily
2026-06-26,6725.0,6725.0,6550.0,6600.0,6347.43701171875,1870300,0.0,0.0,yfinance_raw_daily
2026-06-29,6800.0,6875.0,6625.0,6650.0,6395.5234375,3793300,0.0,0.0,yfinance_raw_daily
2026-06-30,6650.0,6875.0,6550.0,6800.0,6539.78369140625,8402500,0.0,0.0,yfinance_raw_daily
2026-07-01,6800.0,6850.0,6750.0,6800.0,6539.78369140625,4211000,0.0,0.0,yfinance_raw_daily
2026-07-02,6800.0,6800.0,6725.0,6750.0,6491.69677734375,1095800,0.0,0.0,yfinance_raw_daily
2026-07-03,6750.0,7050.0,6750.0,6950.0,6684.04345703125,4350800,0.0,0.0,yfinance_raw_daily
2026-07-06,6950.0,7000.0,6900.0,6925.0,6660.0,2710500,0.0,0.0,yfinance_raw_daily
2026-07-07,6850.0,6850.0,6675.0,6725.0,6725.0,1799300,265.0,0.0,yfinance_raw_daily
2026-07-08,6725.0,6750.0,6625.0,6625.0,6625.0,1316000,0.0,0.0,yfinance_raw_daily
2026-07-09,6625.0,6675.0,6575.0,6675.0,6675.0,2586500,0.0,0.0,yfinance_raw_daily
2026-07-10,6675.0,6675.0,6600.0,6650.0,6650.0,1048800,0.0,0.0,yfinance_raw_daily
2026-07-13,6650.0,6675.0,6575.0,6625.0,6625.0,1627400,0.0,0.0,yfinance_raw_daily
2026-07-14,6625.0,6675.0,6575.0,6650.0,6650.0,2030800,0.0,0.0,yfinance_raw_daily
2026-07-15,6650.0,6650.0,6600.0,6600.0,6600.0,1502200,0.0,0.0,yfinance_raw_daily
2026-07-16,6625.0,6700.0,6600.0,6700.0,6700.0,1186500,0.0,0.0,yfinance_raw_daily
2026-07-17,6775.0,6850.0,6625.0,6850.0,6850.0,3779700,0.0,0.0,yfinance_raw_daily
2026-07-20,6850.0,6950.0,6850.0,6900.0,6900.0,3538400,0.0,0.0,yfinance_raw_daily
2026-07-21,6950.0,6950.0,6850.0,6925.0,6925.0,1501300,0.0,0.0,yfinance_raw_daily
