date,open,high,low,close,adj_close,volume,dividends,splits,source
2000-10-02,850.0,855.0,835.0,840.0,391.34661865234375,20140500,0.0,0.0,yfinance_raw_daily
2000-10-03,840.0,845.0,790.0,790.0,368.0521545410156,40054000,0.0,0.0,yfinance_raw_daily
2000-10-04,790.0,790.0,745.0,775.0,361.0638427734375,71358500,0.0,0.0,yfinance_raw_daily
2000-10-05,770.0,800.0,770.0,790.0,368.0521545410156,49498000,0.0,0.0,yfinance_raw_daily
2000-10-06,790.0,790.0,765.0,775.0,361.0638427734375,16229500,0.0,0.0,yfinance_raw_daily
2000-10-09,775.0,775.0,740.0,755.0,351.74603271484375,36830500,0.0,0.0,yfinance_raw_daily
2000-10-10,750.0,755.0,740.0,750.0,349.4165954589844,25483500,0.0,0.0,yfinance_raw_daily
2000-10-11,745.0,780.0,740.0,770.0,358.73431396484375,31377500,0.0,0.0,yfinance_raw_daily
2000-10-12,770.0,790.0,765.0,780.0,363.393310546875,43774000,0.0,0.0,yfinance_raw_daily
2000-10-13,770.0,790.0,760.0,790.0,368.0521545410156,27924500,0.0,0.0,yfinance_raw_daily
2000-10-16,790.0,790.0,790.0,790.0,368.0521545410156,0,0.0,0.0,yfinance_raw_daily
2000-10-17,800.0,820.0,800.0,810.0,377.3699951171875,28053500,0.0,0.0,yfinance_raw_daily
2000-10-18,810.0,810.0,790.0,800.0,372.7110900878906,24782000,0.0,0.0,yfinance_raw_daily
2000-10-19,795.0,810.0,785.0,810.0,377.3699951171875,31849500,0.0,0.0,yfinance_raw_daily
2000-10-20,825.0,825.0,775.0,800.0,372.7110900878906,36159500,0.0,0.0,yfinance_raw_daily
2000-10-23,800.0,800.0,775.0,800.0,372.7110900878906,7006500,0.0,0.0,yfinance_raw_daily
2000-10-24,800.0,800.0,775.0,800.0,372.7110900878906,600500,0.0,0.0,yfinance_raw_daily
2000-10-25,800.0,800.0,800.0,800.0,372.7110900878906,0,0.0,0.0,yfinance_raw_daily
2000-10-26,775.0,800.0,775.0,800.0,372.7110900878906,9708000,0.0,0.0,yfinance_raw_daily
2000-10-27,800.0,800.0,800.0,800.0,372.7110900878906,0,0.0,0.0,yfinance_raw_daily
2000-10-30,775.0,775.0,750.0,775.0,361.0638427734375,9163500,0.0,0.0,yfinance_raw_daily
2000-10-31,750.0,775.0,750.0,775.0,361.0638427734375,2331000,0.0,0.0,yfinance_raw_daily
2000-11-01,775.0,775.0,750.0,775.0,361.0638427734375,9665500,0.0,0.0,yfinance_raw_daily
2000-11-02,775.0,775.0,750.0,775.0,361.0638427734375,2991500,0.0,0.0,yfinance_raw_daily
2000-11-03,775.0,775.0,750.0,775.0,361.0638427734375,1076000,0.0,0.0,yfinance_raw_daily
2000-11-06,775.0,800.0,750.0,800.0,372.7110900878906,9445000,0.0,0.0,yfinance_raw_daily
2000-11-07,800.0,800.0,775.0,800.0,372.7110900878906,3554500,0.0,0.0,yfinance_raw_daily
2000-11-08,800.0,825.0,775.0,800.0,372.7110900878906,41200500,0.0,0.0,yfinance_raw_daily
2000-11-09,800.0,825.0,775.0,800.0,372.7110900878906,8126000,0.0,0.0,yfinance_raw_daily
2000-11-10,775.0,850.0,775.0,825.0,384.3582763671875,31244000,0.0,0.0,yfinance_raw_daily
2000-11-13,825.0,850.0,800.0,825.0,384.3582763671875,26315000,0.0,0.0,yfinance_raw_daily
2000-11-14,825.0,850.0,825.0,825.0,384.3582763671875,46632500,0.0,0.0,yfinance_raw_daily
2000-11-15,825.0,850.0,775.0,825.0,384.3582763671875,38068500,0.0,0.0,yfinance_raw_daily
2000-11-16,800.0,800.0,775.0,800.0,372.7110900878906,7991000,0.0,0.0,yfinance_raw_daily
2000-11-17,800.0,800.0,775.0,800.0,372.7110900878906,6194500,0.0,0.0,yfinance_raw_daily
2000-11-20,800.0,800.0,800.0,800.0,372.7110900878906,7300500,0.0,0.0,yfinance_raw_daily
2000-11-21,800.0,825.0,775.0,825.0,384.3582763671875,4235000,0.0,0.0,yfinance_raw_daily
2000-11-22,800.0,825.0,800.0,825.0,384.3582763671875,3692500,0.0,0.0,yfinance_raw_daily
2000-11-23,825.0,875.0,825.0,875.0,407.65277099609375,62417000,0.0,0.0,yfinance_raw_daily
2000-11-24,875.0,875.0,850.0,875.0,407.65277099609375,21505000,0.0,0.0,yfinance_raw_daily
2000-11-27,850.0,850.0,825.0,850.0,396.0055236816406,4441000,0.0,0.0,yfinance_raw_daily
2000-11-28,825.0,825.0,800.0,825.0,384.3582763671875,14324500,0.0,0.0,yfinance_raw_daily
2000-11-29,825.0,825.0,800.0,825.0,384.3582763671875,2123000,0.0,0.0,yfinance_raw_daily
2000-11-30,825.0,825.0,800.0,825.0,384.3582763671875,4072500,0.0,0.0,yfinance_raw_daily
2000-12-01,825.0,825.0,800.0,825.0,384.3582763671875,930000,0.0,0.0,yfinance_raw_daily
2000-12-04,825.0,825.0,800.0,825.0,384.3582763671875,10685000,0.0,0.0,yfinance_raw_daily
2000-12-05,825.0,825.0,800.0,825.0,384.3582763671875,439500,0.0,0.0,yfinance_raw_daily
2000-12-06,825.0,825.0,800.0,825.0,384.3582763671875,5576500,0.0,0.0,yfinance_raw_daily
2000-12-07,825.0,850.0,800.0,850.0,396.0055236816406,14802000,0.0,0.0,yfinance_raw_daily
2000-12-08,825.0,825.0,800.0,825.0,384.3582763671875,1855500,0.0,0.0,yfinance_raw_daily
2000-12-11,800.0,825.0,800.0,825.0,384.3582763671875,6476000,0.0,0.0,yfinance_raw_daily
2000-12-12,800.0,800.0,775.0,800.0,372.7110900878906,12532500,0.0,0.0,yfinance_raw_daily
2000-12-13,800.0,800.0,775.0,800.0,372.7110900878906,2634000,0.0,0.0,yfinance_raw_daily
2000-12-14,800.0,825.0,775.0,825.0,384.3582763671875,7265000,0.0,0.0,yfinance_raw_daily
2000-12-15,800.0,800.0,775.0,800.0,372.7110900878906,5562000,0.0,0.0,yfinance_raw_daily
2000-12-18,775.0,800.0,750.0,775.0,361.0638427734375,9197000,0.0,0.0,yfinance_raw_daily
2000-12-19,775.0,775.0,750.0,775.0,361.0638427734375,2288000,0.0,0.0,yfinance_raw_daily
2000-12-20,775.0,775.0,750.0,775.0,361.0638427734375,254000,0.0,0.0,yfinance_raw_daily
2000-12-21,775.0,775.0,750.0,775.0,361.0638427734375,5637000,0.0,0.0,yfinance_raw_daily
2000-12-22,775.0,775.0,750.0,775.0,361.0638427734375,636000,0.0,0.0,yfinance_raw_daily
2000-12-25,775.0,775.0,775.0,775.0,361.0638427734375,0,0.0,0.0,yfinance_raw_daily
2000-12-26,775.0,775.0,775.0,775.0,361.0638427734375,0,0.0,0.0,yfinance_raw_daily
2000-12-27,775.0,775.0,775.0,775.0,361.0638427734375,0,0.0,0.0,yfinance_raw_daily
2000-12-28,775.0,775.0,775.0,775.0,361.0638427734375,0,0.0,0.0,yfinance_raw_daily
2000-12-29,775.0,775.0,775.0,775.0,361.0638427734375,0,0.0,0.0,yfinance_raw_daily
2001-01-01,775.0,775.0,775.0,775.0,361.0638427734375,0,0.0,0.0,yfinance_raw_daily
2001-01-02,775.0,800.0,775.0,800.0,372.7110900878906,5711000,0.0,0.0,yfinance_raw_daily
2001-01-03,775.0,800.0,775.0,800.0,372.7110900878906,6436500,0.0,0.0,yfinance_raw_daily
2001-01-04,775.0,800.0,775.0,800.0,372.7110900878906,8533500,0.0,0.0,yfinance_raw_daily
2001-01-05,800.0,825.0,775.0,800.0,372.7110900878906,20578000,0.0,0.0,yfinance_raw_daily
2001-01-08,775.0,800.0,775.0,800.0,372.7110900878906,1438500,0.0,0.0,yfinance_raw_daily
2001-01-09,775.0,800.0,775.0,800.0,372.7110900878906,1004000,0.0,0.0,yfinance_raw_daily
2001-01-10,800.0,800.0,775.0,800.0,372.7110900878906,1432500,0.0,0.0,yfinance_raw_daily
2001-01-11,775.0,800.0,775.0,800.0,372.7110900878906,926000,0.0,0.0,yfinance_raw_daily
2001-01-12,775.0,800.0,775.0,800.0,372.7110900878906,20469000,0.0,0.0,yfinance_raw_daily
2001-01-15,775.0,800.0,775.0,800.0,372.7110900878906,17936500,0.0,0.0,yfinance_raw_daily
2001-01-16,800.0,800.0,775.0,800.0,372.7110900878906,1577500,0.0,0.0,yfinance_raw_daily
2001-01-17,800.0,800.0,775.0,800.0,372.7110900878906,20258000,0.0,0.0,yfinance_raw_daily
2001-01-18,800.0,825.0,775.0,825.0,384.3582763671875,8732000,0.0,0.0,yfinance_raw_daily
2001-01-19,800.0,825.0,800.0,825.0,384.3582763671875,9741500,0.0,0.0,yfinance_raw_daily
2001-01-22,800.0,850.0,800.0,850.0,396.0055236816406,23891000,0.0,0.0,yfinance_raw_daily
2001-01-23,825.0,825.0,800.0,825.0,384.3582763671875,1141500,0.0,0.0,yfinance_raw_daily
2001-01-24,800.0,825.0,800.0,825.0,384.3582763671875,28000,0.0,0.0,yfinance_raw_daily
2001-01-25,825.0,875.0,825.0,850.0,396.0055236816406,38809000,0.0,0.0,yfinance_raw_daily
2001-01-26,850.0,850.0,825.0,850.0,396.0055236816406,3475000,0.0,0.0,yfinance_raw_daily
2001-01-29,825.0,850.0,825.0,850.0,396.0055236816406,12036000,0.0,0.0,yfinance_raw_daily
2001-01-30,850.0,875.0,825.0,875.0,407.65277099609375,14791000,0.0,0.0,yfinance_raw_daily
2001-01-31,875.0,925.0,875.0,900.0,419.2998962402344,38188000,0.0,0.0,yfinance_raw_daily
2001-02-01,900.0,950.0,875.0,950.0,442.5943908691406,50495500,0.0,0.0,yfinance_raw_daily
2001-02-02,950.0,1125.0,950.0,1100.0,512.4778442382812,158796500,0.0,0.0,yfinance_raw_daily
2001-02-05,1150.0,1275.0,1100.0,1150.0,535.7721557617188,314238500,0.0,0.0,yfinance_raw_daily
2001-02-06,1125.0,1125.0,1075.0,1100.0,512.4778442382812,66240500,0.0,0.0,yfinance_raw_daily
2001-02-07,1075.0,1075.0,950.0,1000.0,465.8887634277344,95792000,0.0,0.0,yfinance_raw_daily
2001-02-08,1000.0,1025.0,1000.0,1025.0,477.53607177734375,28339000,0.0,0.0,yfinance_raw_daily
2001-02-09,1000.0,1000.0,950.0,975.0,454.2415466308594,48207000,0.0,0.0,yfinance_raw_daily
2001-02-12,975.0,1000.0,950.0,1000.0,465.8887634277344,25029000,0.0,0.0,yfinance_raw_daily
2001-02-13,1000.0,1000.0,975.0,1000.0,465.8887634277344,10872000,0.0,0.0,yfinance_raw_daily
2001-02-14,975.0,1000.0,975.0,1000.0,465.8887634277344,6594500,0.0,0.0,yfinance_raw_daily
2001-02-15,1000.0,1050.0,1000.0,1050.0,489.1832580566406,70031500,0.0,0.0,yfinance_raw_daily
2001-02-16,1050.0,1050.0,975.0,1000.0,465.8887634277344,20923000,0.0,0.0,yfinance_raw_daily
2001-02-19,975.0,1000.0,975.0,1000.0,465.8887634277344,8898000,0.0,0.0,yfinance_raw_daily
2001-02-20,1000.0,1000.0,950.0,975.0,454.2415466308594,14462000,0.0,0.0,yfinance_raw_daily
2001-02-21,975.0,1025.0,975.0,1025.0,477.53607177734375,38784500,0.0,0.0,yfinance_raw_daily
2001-02-22,1025.0,1025.0,1000.0,1025.0,477.53607177734375,7857500,0.0,0.0,yfinance_raw_daily
2001-02-23,1025.0,1025.0,1000.0,1025.0,477.53607177734375,694500,0.0,0.0,yfinance_raw_daily
2001-02-26,1000.0,1000.0,950.0,975.0,454.2415466308594,21447000,0.0,0.0,yfinance_raw_daily
2001-02-27,975.0,1000.0,950.0,975.0,454.2415466308594,7983500,0.0,0.0,yfinance_raw_daily
2001-02-28,975.0,975.0,875.0,925.0,430.94720458984375,80970500,0.0,0.0,yfinance_raw_daily
2001-03-01,900.0,900.0,875.0,900.0,419.2998962402344,28972000,0.0,0.0,yfinance_raw_daily
2001-03-02,900.0,925.0,875.0,900.0,419.2998962402344,19932000,0.0,0.0,yfinance_raw_daily
2001-03-05,900.0,900.0,900.0,900.0,419.2998962402344,0,0.0,0.0,yfinance_raw_daily
2001-03-06,900.0,950.0,900.0,925.0,430.94720458984375,18643500,0.0,0.0,yfinance_raw_daily
2001-03-07,925.0,950.0,925.0,925.0,430.94720458984375,12934000,0.0,0.0,yfinance_raw_daily
2001-03-08,925.0,925.0,900.0,925.0,430.94720458984375,7722000,0.0,0.0,yfinance_raw_daily
2001-03-09,925.0,925.0,875.0,900.0,419.2998962402344,20538000,0.0,0.0,yfinance_raw_daily
2001-03-12,850.0,875.0,825.0,875.0,407.65277099609375,44581500,0.0,0.0,yfinance_raw_daily
2001-03-13,825.0,850.0,800.0,825.0,384.3582763671875,17467500,0.0,0.0,yfinance_raw_daily
2001-03-14,825.0,825.0,825.0,825.0,384.3582763671875,0,0.0,0.0,yfinance_raw_daily
2001-03-15,825.0,850.0,800.0,850.0,396.0055236816406,9649000,0.0,0.0,yfinance_raw_daily
2001-03-16,850.0,850.0,800.0,850.0,396.0055236816406,7899500,0.0,0.0,yfinance_raw_daily
2001-03-19,825.0,825.0,800.0,825.0,384.3582763671875,9501500,0.0,0.0,yfinance_raw_daily
2001-03-20,825.0,825.0,800.0,825.0,384.3582763671875,5092000,0.0,0.0,yfinance_raw_daily
2001-03-21,800.0,850.0,800.0,850.0,396.0055236816406,19550500,0.0,0.0,yfinance_raw_daily
2001-03-22,825.0,850.0,800.0,825.0,384.3582763671875,10584000,0.0,0.0,yfinance_raw_daily
2001-03-23,825.0,850.0,825.0,850.0,396.0055236816406,2009000,0.0,0.0,yfinance_raw_daily
2001-03-26,850.0,850.0,850.0,850.0,396.0055236816406,0,0.0,0.0,yfinance_raw_daily
2001-03-27,850.0,850.0,800.0,825.0,384.3582763671875,3102000,0.0,0.0,yfinance_raw_daily
2001-03-28,825.0,850.0,825.0,850.0,396.0055236816406,2870000,0.0,0.0,yfinance_raw_daily
2001-03-29,825.0,850.0,825.0,850.0,396.0055236816406,753500,0.0,0.0,yfinance_raw_daily
2001-03-30,850.0,850.0,825.0,850.0,396.0055236816406,9825000,0.0,0.0,yfinance_raw_daily
2001-04-02,850.0,850.0,825.0,825.0,384.3582763671875,6779500,0.0,0.0,yfinance_raw_daily
2001-04-03,825.0,825.0,800.0,800.0,372.7110900878906,2505000,0.0,0.0,yfinance_raw_daily
2001-04-04,800.0,825.0,800.0,800.0,372.7110900878906,15949000,0.0,0.0,yfinance_raw_daily
2001-04-05,800.0,800.0,775.0,800.0,372.7110900878906,13342000,0.0,0.0,yfinance_raw_daily
2001-04-06,800.0,800.0,775.0,800.0,372.7110900878906,5449000,0.0,0.0,yfinance_raw_daily
2001-04-09,775.0,775.0,750.0,775.0,361.0638427734375,8396500,0.0,0.0,yfinance_raw_daily
2001-04-10,775.0,775.0,750.0,775.0,361.0638427734375,27572000,0.0,0.0,yfinance_raw_daily
2001-04-11,775.0,800.0,750.0,775.0,361.0638427734375,14951500,0.0,0.0,yfinance_raw_daily
2001-04-12,775.0,800.0,775.0,800.0,372.7110900878906,4357000,0.0,0.0,yfinance_raw_daily
2001-04-13,800.0,800.0,800.0,800.0,372.7110900878906,0,0.0,0.0,yfinance_raw_daily
2001-04-16,775.0,800.0,775.0,775.0,361.0638427734375,4126000,0.0,0.0,yfinance_raw_daily
2001-04-17,800.0,825.0,775.0,800.0,372.7110900878906,35249000,0.0,0.0,yfinance_raw_daily
2001-04-18,800.0,800.0,750.0,775.0,361.0638427734375,4851000,0.0,0.0,yfinance_raw_daily
2001-04-19,775.0,775.0,750.0,775.0,361.0638427734375,16393000,0.0,0.0,yfinance_raw_daily
2001-04-20,750.0,775.0,725.0,775.0,361.0638427734375,17034000,0.0,0.0,yfinance_raw_daily
2001-04-23,750.0,750.0,725.0,750.0,349.4165954589844,5788000,0.0,0.0,yfinance_raw_daily
2001-04-24,750.0,750.0,725.0,750.0,349.4165954589844,551500,0.0,0.0,yfinance_raw_daily
2001-04-25,750.0,750.0,725.0,750.0,349.4165954589844,22330000,0.0,0.0,yfinance_raw_daily
2001-04-26,750.0,750.0,725.0,750.0,349.4165954589844,22330000,0.0,0.0,yfinance_raw_daily
2001-04-27,750.0,750.0,725.0,750.0,349.4165954589844,4420000,0.0,0.0,yfinance_raw_daily
2001-04-30,750.0,750.0,725.0,750.0,349.4165954589844,9534500,0.0,0.0,yfinance_raw_daily
2001-05-01,750.0,800.0,750.0,775.0,361.0638427734375,29790500,0.0,0.0,yfinance_raw_daily
2001-05-02,775.0,775.0,775.0,775.0,361.0638427734375,10838000,0.0,0.0,yfinance_raw_daily
2001-05-03,775.0,825.0,750.0,800.0,372.7110900878906,27139500,0.0,0.0,yfinance_raw_daily
2001-05-04,800.0,850.0,775.0,825.0,384.3582763671875,34939500,0.0,0.0,yfinance_raw_daily
2001-05-07,825.0,825.0,825.0,825.0,384.3582763671875,0,0.0,0.0,yfinance_raw_daily
2001-05-08,825.0,825.0,800.0,825.0,384.3582763671875,18266000,0.0,0.0,yfinance_raw_daily
2001-05-09,800.0,825.0,800.0,825.0,384.3582763671875,21588000,0.0,0.0,yfinance_raw_daily
2001-05-10,800.0,800.0,775.0,800.0,372.7110900878906,38582000,0.0,0.0,yfinance_raw_daily
2001-05-11,775.0,775.0,725.0,775.0,361.0638427734375,56548000,0.0,0.0,yfinance_raw_daily
2001-05-14,750.0,775.0,750.0,775.0,361.0638427734375,4838000,0.0,0.0,yfinance_raw_daily
2001-05-15,750.0,750.0,725.0,750.0,349.4165954589844,20970500,0.0,0.0,yfinance_raw_daily
2001-05-16,750.0,750.0,725.0,750.0,349.4165954589844,53726000,0.0,0.0,yfinance_raw_daily
2001-05-17,750.0,750.0,725.0,750.0,349.4165954589844,13715500,0.0,0.0,yfinance_raw_daily
2001-05-18,750.0,750.0,725.0,750.0,349.4165954589844,27522500,0.0,0.0,yfinance_raw_daily
2001-05-21,725.0,750.0,725.0,750.0,349.4165954589844,8268000,0.0,0.0,yfinance_raw_daily
2001-05-22,750.0,750.0,725.0,750.0,349.4165954589844,404000,0.0,0.0,yfinance_raw_daily
2001-05-23,750.0,750.0,725.0,725.0,337.7694091796875,279000,0.0,0.0,yfinance_raw_daily
2001-05-24,725.0,725.0,725.0,725.0,337.7694091796875,0,0.0,0.0,yfinance_raw_daily
2001-05-25,725.0,800.0,725.0,775.0,361.0638427734375,102879000,0.0,0.0,yfinance_raw_daily
2001-05-28,775.0,775.0,750.0,775.0,361.0638427734375,49981000,0.0,0.0,yfinance_raw_daily
2001-05-29,775.0,800.0,775.0,800.0,372.7110900878906,10695500,0.0,0.0,yfinance_raw_daily
2001-05-30,800.0,800.0,775.0,800.0,372.7110900878906,14918500,0.0,0.0,yfinance_raw_daily
2001-05-31,800.0,825.0,775.0,800.0,372.7110900878906,37872500,0.0,0.0,yfinance_raw_daily
2001-06-01,800.0,825.0,750.0,750.0,349.4165954589844,83270000,0.0,0.0,yfinance_raw_daily
2001-06-04,750.0,750.0,750.0,750.0,349.4165954589844,0,0.0,0.0,yfinance_raw_daily
2001-06-05,750.0,800.0,750.0,800.0,372.7110900878906,39583000,0.0,0.0,yfinance_raw_daily
2001-06-06,775.0,800.0,775.0,800.0,372.7110900878906,17274000,0.0,0.0,yfinance_raw_daily
2001-06-07,800.0,800.0,775.0,800.0,372.7110900878906,5556000,0.0,0.0,yfinance_raw_daily
2001-06-08,800.0,800.0,775.0,800.0,372.7110900878906,10089500,0.0,0.0,yfinance_raw_daily
2001-06-11,775.0,825.0,775.0,825.0,384.3582763671875,37173500,0.0,0.0,yfinance_raw_daily
2001-06-12,800.0,825.0,800.0,825.0,384.3582763671875,5881000,0.0,0.0,yfinance_raw_daily
2001-06-13,825.0,825.0,800.0,825.0,384.3582763671875,1901000,0.0,0.0,yfinance_raw_daily
2001-06-14,800.0,800.0,800.0,800.0,372.7110900878906,39495000,0.0,0.0,yfinance_raw_daily
2001-06-15,800.0,825.0,775.0,825.0,384.3582763671875,22200500,0.0,0.0,yfinance_raw_daily
2001-06-18,800.0,800.0,775.0,800.0,372.7110900878906,21649500,0.0,0.0,yfinance_raw_daily
2001-06-19,800.0,800.0,775.0,800.0,372.7110900878906,11257500,0.0,0.0,yfinance_raw_daily
2001-06-20,775.0,825.0,775.0,825.0,384.3582763671875,24642500,0.0,0.0,yfinance_raw_daily
2001-06-21,825.0,825.0,800.0,825.0,384.3582763671875,4312000,0.0,0.0,yfinance_raw_daily
2001-06-22,825.0,825.0,800.0,825.0,384.3582763671875,15532000,0.0,0.0,yfinance_raw_daily
2001-06-25,800.0,825.0,800.0,825.0,384.3582763671875,702000,0.0,0.0,yfinance_raw_daily
2001-06-26,825.0,825.0,800.0,825.0,384.3582763671875,1227000,0.0,0.0,yfinance_raw_daily
2001-06-27,825.0,850.0,800.0,850.0,396.0055236816406,44237500,0.0,0.0,yfinance_raw_daily
2001-06-28,825.0,825.0,800.0,825.0,384.3582763671875,13807500,0.0,0.0,yfinance_raw_daily
2001-06-29,800.0,850.0,800.0,850.0,396.0055236816406,7759500,0.0,0.0,yfinance_raw_daily
2001-07-02,825.0,850.0,825.0,825.0,384.3582763671875,11940000,0.0,0.0,yfinance_raw_daily
2001-07-03,825.0,825.0,800.0,825.0,384.3582763671875,646000,0.0,0.0,yfinance_raw_daily
2001-07-04,825.0,825.0,800.0,825.0,384.3582763671875,3735500,0.0,0.0,yfinance_raw_daily
2001-07-05,825.0,825.0,800.0,825.0,384.3582763671875,8827500,0.0,0.0,yfinance_raw_daily
2001-07-06,800.0,825.0,800.0,825.0,384.3582763671875,18223500,0.0,0.0,yfinance_raw_daily
2001-07-09,825.0,825.0,800.0,825.0,384.3582763671875,7668000,0.0,0.0,yfinance_raw_daily
2001-07-10,825.0,825.0,800.0,825.0,384.3582763671875,2558000,0.0,0.0,yfinance_raw_daily
2001-07-11,825.0,875.0,825.0,875.0,407.65277099609375,119165500,0.0,0.0,yfinance_raw_daily
2001-07-12,875.0,900.0,850.0,875.0,416.2149353027344,43819500,18.0,0.0,yfinance_raw_daily
2001-07-13,875.0,875.0,850.0,875.0,416.2149353027344,20820000,0.0,0.0,yfinance_raw_daily
2001-07-16,875.0,875.0,850.0,850.0,404.3230285644531,21154000,0.0,0.0,yfinance_raw_daily
2001-07-17,850.0,850.0,825.0,850.0,404.3230285644531,15476500,0.0,0.0,yfinance_raw_daily
2001-07-18,850.0,875.0,850.0,875.0,416.2149353027344,7695000,0.0,0.0,yfinance_raw_daily
2001-07-19,875.0,925.0,875.0,900.0,428.106689453125,130656500,0.0,0.0,yfinance_raw_daily
2001-07-20,900.0,900.0,850.0,875.0,416.2149353027344,55313000,0.0,0.0,yfinance_raw_daily
2001-07-23,925.0,975.0,875.0,900.0,428.106689453125,252606500,0.0,0.0,yfinance_raw_daily
2001-07-24,900.0,925.0,875.0,900.0,428.106689453125,71282500,0.0,0.0,yfinance_raw_daily
2001-07-25,900.0,900.0,850.0,875.0,416.2149353027344,71884000,0.0,0.0,yfinance_raw_daily
2001-07-26,875.0,900.0,850.0,875.0,416.2149353027344,28384000,0.0,0.0,yfinance_raw_daily
2001-07-27,875.0,875.0,825.0,875.0,416.2149353027344,19170000,0.0,0.0,yfinance_raw_daily
2001-07-30,875.0,875.0,850.0,875.0,416.2149353027344,5076000,0.0,0.0,yfinance_raw_daily
2001-07-31,850.0,875.0,825.0,850.0,404.3230285644531,12993500,0.0,0.0,yfinance_raw_daily
2001-08-01,850.0,850.0,825.0,850.0,404.3230285644531,1468500,0.0,0.0,yfinance_raw_daily
2001-08-02,825.0,825.0,800.0,825.0,392.43115234375,49038000,0.0,0.0,yfinance_raw_daily
2001-08-03,825.0,825.0,800.0,825.0,392.43115234375,34612500,0.0,0.0,yfinance_raw_daily
2001-08-06,800.0,825.0,800.0,825.0,392.43115234375,1211000,0.0,0.0,yfinance_raw_daily
2001-08-07,800.0,825.0,775.0,800.0,380.53924560546875,30699500,0.0,0.0,yfinance_raw_daily
2001-08-08,800.0,825.0,800.0,825.0,392.43115234375,38930000,0.0,0.0,yfinance_raw_daily
2001-08-09,825.0,825.0,775.0,800.0,380.53924560546875,19040500,0.0,0.0,yfinance_raw_daily
2001-08-10,800.0,825.0,775.0,800.0,380.53924560546875,11473000,0.0,0.0,yfinance_raw_daily
2001-08-13,800.0,850.0,800.0,850.0,404.3230285644531,28558500,0.0,0.0,yfinance_raw_daily
2001-08-14,850.0,850.0,800.0,825.0,392.43115234375,15312000,0.0,0.0,yfinance_raw_daily
2001-08-15,825.0,825.0,800.0,825.0,392.43115234375,750500,0.0,0.0,yfinance_raw_daily
2001-08-16,825.0,825.0,800.0,825.0,392.43115234375,1069000,0.0,0.0,yfinance_raw_daily
2001-08-17,825.0,825.0,825.0,825.0,392.43115234375,0,0.0,0.0,yfinance_raw_daily
2001-08-20,825.0,825.0,800.0,825.0,392.43115234375,2068500,0.0,0.0,yfinance_raw_daily
2001-08-21,825.0,825.0,800.0,825.0,392.43115234375,19712000,0.0,0.0,yfinance_raw_daily
2001-08-22,825.0,825.0,800.0,825.0,392.43115234375,1883000,0.0,0.0,yfinance_raw_daily
2001-08-23,825.0,825.0,800.0,825.0,392.43115234375,2501000,0.0,0.0,yfinance_raw_daily
2001-08-24,800.0,825.0,800.0,825.0,392.43115234375,7246000,0.0,0.0,yfinance_raw_daily
2001-08-27,825.0,825.0,800.0,800.0,380.53924560546875,1349000,0.0,0.0,yfinance_raw_daily
2001-08-28,800.0,825.0,800.0,800.0,380.53924560546875,2424500,0.0,0.0,yfinance_raw_daily
2001-08-29,800.0,825.0,800.0,800.0,380.53924560546875,27140000,0.0,0.0,yfinance_raw_daily
2001-08-30,800.0,800.0,775.0,800.0,380.53924560546875,1466500,0.0,0.0,yfinance_raw_daily
2001-08-31,800.0,800.0,775.0,800.0,380.53924560546875,1677500,0.0,0.0,yfinance_raw_daily
2001-09-03,800.0,800.0,775.0,800.0,380.53924560546875,2938000,0.0,0.0,yfinance_raw_daily
2001-09-04,775.0,800.0,775.0,800.0,380.53924560546875,7865000,0.0,0.0,yfinance_raw_daily
2001-09-05,800.0,800.0,775.0,800.0,380.53924560546875,7301500,0.0,0.0,yfinance_raw_daily
2001-09-06,800.0,825.0,800.0,825.0,392.43115234375,25664000,0.0,0.0,yfinance_raw_daily
2001-09-07,800.0,825.0,775.0,800.0,380.53924560546875,7310500,0.0,0.0,yfinance_raw_daily
2001-09-10,800.0,800.0,775.0,800.0,380.53924560546875,751500,0.0,0.0,yfinance_raw_daily
2001-09-11,800.0,800.0,800.0,800.0,380.53924560546875,10084500,0.0,0.0,yfinance_raw_daily
2001-09-12,775.0,775.0,750.0,750.0,356.755615234375,25716500,0.0,0.0,yfinance_raw_daily
2001-09-13,775.0,775.0,750.0,775.0,368.64739990234375,5330000,0.0,0.0,yfinance_raw_daily
2001-09-14,775.0,800.0,750.0,775.0,368.64739990234375,17296500,0.0,0.0,yfinance_raw_daily
2001-09-17,750.0,750.0,725.0,750.0,356.755615234375,29190500,0.0,0.0,yfinance_raw_daily
2001-09-18,750.0,775.0,750.0,775.0,368.64739990234375,10662500,0.0,0.0,yfinance_raw_daily
2001-09-19,750.0,775.0,750.0,775.0,368.64739990234375,6805500,0.0,0.0,yfinance_raw_daily
2001-09-20,750.0,775.0,750.0,775.0,368.64739990234375,8449000,0.0,0.0,yfinance_raw_daily
2001-09-21,750.0,775.0,750.0,750.0,356.755615234375,17898000,0.0,0.0,yfinance_raw_daily
2001-09-24,750.0,750.0,750.0,750.0,356.755615234375,0,0.0,0.0,yfinance_raw_daily
2001-09-25,750.0,750.0,725.0,725.0,344.8637390136719,15729500,0.0,0.0,yfinance_raw_daily
2001-09-26,725.0,725.0,700.0,725.0,344.8637390136719,9800500,0.0,0.0,yfinance_raw_daily
2001-09-27,725.0,725.0,700.0,700.0,332.9718933105469,26397000,0.0,0.0,yfinance_raw_daily
2001-09-28,700.0,700.0,700.0,700.0,332.9718933105469,0,0.0,0.0,yfinance_raw_daily
2001-10-01,700.0,725.0,675.0,725.0,344.8637390136719,13943500,0.0,0.0,yfinance_raw_daily
2001-10-02,675.0,700.0,675.0,675.0,321.08001708984375,3891000,0.0,0.0,yfinance_raw_daily
2001-10-03,675.0,700.0,650.0,700.0,332.9718933105469,32514000,0.0,0.0,yfinance_raw_daily
2001-10-04,700.0,700.0,675.0,700.0,332.9718933105469,3225000,0.0,0.0,yfinance_raw_daily
2001-10-05,700.0,700.0,675.0,700.0,332.9718933105469,4924500,0.0,0.0,yfinance_raw_daily
2001-10-08,650.0,700.0,650.0,700.0,332.9718933105469,24256500,0.0,0.0,yfinance_raw_daily
2001-10-09,675.0,700.0,675.0,700.0,332.9718933105469,11496000,0.0,0.0,yfinance_raw_daily
2001-10-10,675.0,675.0,650.0,650.0,309.188232421875,4656000,0.0,0.0,yfinance_raw_daily
2001-10-11,675.0,675.0,675.0,675.0,321.08001708984375,9032000,0.0,0.0,yfinance_raw_daily
2001-10-12,675.0,675.0,650.0,675.0,321.08001708984375,15539500,0.0,0.0,yfinance_raw_daily
2001-10-15,675.0,675.0,675.0,675.0,321.08001708984375,0,0.0,0.0,yfinance_raw_daily
2001-10-16,675.0,675.0,650.0,675.0,321.08001708984375,851500,0.0,0.0,yfinance_raw_daily
2001-10-17,675.0,675.0,650.0,675.0,321.08001708984375,4793500,0.0,0.0,yfinance_raw_daily
2001-10-18,675.0,725.0,675.0,700.0,332.9718933105469,53959500,0.0,0.0,yfinance_raw_daily
2001-10-19,700.0,725.0,700.0,725.0,344.8637390136719,9954500,0.0,0.0,yfinance_raw_daily
2001-10-22,700.0,700.0,675.0,700.0,332.9718933105469,3639000,0.0,0.0,yfinance_raw_daily
2001-10-23,700.0,725.0,675.0,675.0,321.08001708984375,41816500,0.0,0.0,yfinance_raw_daily
2001-10-24,700.0,700.0,675.0,700.0,332.9718933105469,12686000,0.0,0.0,yfinance_raw_daily
2001-10-25,700.0,700.0,675.0,700.0,332.9718933105469,1832500,0.0,0.0,yfinance_raw_daily
2001-10-26,675.0,700.0,675.0,675.0,321.08001708984375,6818000,0.0,0.0,yfinance_raw_daily
2001-10-29,675.0,700.0,650.0,675.0,321.08001708984375,18606000,0.0,0.0,yfinance_raw_daily
2001-10-30,675.0,675.0,650.0,675.0,321.08001708984375,2072000,0.0,0.0,yfinance_raw_daily
2001-10-31,675.0,675.0,650.0,675.0,321.08001708984375,589000,0.0,0.0,yfinance_raw_daily
2001-11-01,675.0,675.0,650.0,675.0,321.08001708984375,3050500,0.0,0.0,yfinance_raw_daily
2001-11-02,650.0,650.0,625.0,650.0,309.188232421875,14755000,0.0,0.0,yfinance_raw_daily
2001-11-05,650.0,650.0,600.0,625.0,297.29638671875,8477500,0.0,0.0,yfinance_raw_daily
2001-11-06,625.0,625.0,600.0,625.0,297.29638671875,6405500,0.0,0.0,yfinance_raw_daily
2001-11-07,625.0,650.0,625.0,625.0,297.29638671875,32761500,0.0,0.0,yfinance_raw_daily
2001-11-08,625.0,625.0,625.0,625.0,297.29638671875,14074000,0.0,0.0,yfinance_raw_daily
2001-11-09,625.0,625.0,625.0,625.0,297.29638671875,0,0.0,0.0,yfinance_raw_daily
2001-11-12,600.0,600.0,575.0,600.0,285.4044189453125,9875000,0.0,0.0,yfinance_raw_daily
2001-11-13,575.0,600.0,550.0,550.0,261.62078857421875,26584500,0.0,0.0,yfinance_raw_daily
2001-11-14,575.0,575.0,575.0,575.0,273.5126647949219,18545000,0.0,0.0,yfinance_raw_daily
2001-11-15,575.0,600.0,575.0,600.0,285.4044189453125,21792000,0.0,0.0,yfinance_raw_daily
2001-11-16,575.0,625.0,575.0,625.0,297.29638671875,17955000,0.0,0.0,yfinance_raw_daily
2001-11-19,600.0,675.0,600.0,675.0,321.08001708984375,23192000,0.0,0.0,yfinance_raw_daily
2001-11-20,650.0,675.0,650.0,650.0,309.188232421875,16976000,0.0,0.0,yfinance_raw_daily
2001-11-21,650.0,650.0,625.0,650.0,309.188232421875,3315000,0.0,0.0,yfinance_raw_daily
2001-11-22,625.0,625.0,600.0,625.0,297.29638671875,11806500,0.0,0.0,yfinance_raw_daily
2001-11-23,625.0,625.0,600.0,625.0,297.29638671875,7717000,0.0,0.0,yfinance_raw_daily
2001-11-26,625.0,650.0,600.0,625.0,297.29638671875,13439000,0.0,0.0,yfinance_raw_daily
2001-11-27,625.0,625.0,600.0,625.0,297.29638671875,15788500,0.0,0.0,yfinance_raw_daily
2001-11-28,600.0,625.0,600.0,625.0,297.29638671875,7731000,0.0,0.0,yfinance_raw_daily
2001-11-29,600.0,625.0,575.0,575.0,273.5126647949219,14618500,0.0,0.0,yfinance_raw_daily
2001-11-30,600.0,625.0,600.0,625.0,297.29638671875,10130500,0.0,0.0,yfinance_raw_daily
2001-12-03,625.0,625.0,600.0,625.0,297.29638671875,83068000,0.0,0.0,yfinance_raw_daily
2001-12-04,625.0,625.0,575.0,600.0,285.4044189453125,66698000,0.0,0.0,yfinance_raw_daily
2001-12-05,600.0,625.0,575.0,575.0,273.5126647949219,9761500,0.0,0.0,yfinance_raw_daily
2001-12-06,600.0,625.0,575.0,600.0,285.4044189453125,4563000,0.0,0.0,yfinance_raw_daily
2001-12-07,600.0,625.0,600.0,625.0,297.29638671875,130496500,0.0,0.0,yfinance_raw_daily
2001-12-10,600.0,625.0,600.0,625.0,297.29638671875,18832500,0.0,0.0,yfinance_raw_daily
2001-12-11,600.0,625.0,600.0,600.0,285.4044189453125,37795000,0.0,0.0,yfinance_raw_daily
2001-12-12,625.0,625.0,600.0,625.0,297.29638671875,28636500,0.0,0.0,yfinance_raw_daily
2001-12-13,625.0,650.0,600.0,600.0,285.4044189453125,55506500,0.0,0.0,yfinance_raw_daily
2001-12-14,600.0,600.0,600.0,600.0,285.4044189453125,0,0.0,0.0,yfinance_raw_daily
2001-12-17,600.0,600.0,600.0,600.0,285.4044189453125,0,0.0,0.0,yfinance_raw_daily
2001-12-18,600.0,600.0,600.0,600.0,285.4044189453125,0,0.0,0.0,yfinance_raw_daily
2001-12-19,625.0,625.0,600.0,625.0,297.29638671875,747000,0.0,0.0,yfinance_raw_daily
2001-12-20,600.0,625.0,600.0,625.0,297.29638671875,11199000,0.0,0.0,yfinance_raw_daily
2001-12-21,600.0,625.0,600.0,625.0,297.29638671875,5770500,0.0,0.0,yfinance_raw_daily
2001-12-24,625.0,625.0,625.0,625.0,297.29638671875,0,0.0,0.0,yfinance_raw_daily
2001-12-25,625.0,625.0,625.0,625.0,297.29638671875,0,0.0,0.0,yfinance_raw_daily
2001-12-26,625.0,625.0,600.0,600.0,285.4044189453125,1071500,0.0,0.0,yfinance_raw_daily
2001-12-27,625.0,625.0,600.0,625.0,297.29638671875,249500,0.0,0.0,yfinance_raw_daily
2001-12-28,625.0,650.0,600.0,625.0,297.29638671875,29305500,0.0,0.0,yfinance_raw_daily
2001-12-31,625.0,625.0,625.0,625.0,297.29638671875,0,0.0,0.0,yfinance_raw_daily
2002-01-01,625.0,625.0,625.0,625.0,297.29638671875,0,0.0,0.0,yfinance_raw_daily
2002-01-02,625.0,625.0,600.0,625.0,297.29638671875,720000,0.0,0.0,yfinance_raw_daily
2002-01-03,625.0,625.0,625.0,625.0,297.29638671875,0,0.0,0.0,yfinance_raw_daily
2002-01-04,625.0,650.0,625.0,650.0,309.188232421875,44927500,0.0,0.0,yfinance_raw_daily
2002-01-07,650.0,650.0,625.0,650.0,309.188232421875,1033500,0.0,0.0,yfinance_raw_daily
2002-01-08,650.0,675.0,650.0,650.0,309.188232421875,10754500,0.0,0.0,yfinance_raw_daily
2002-01-09,675.0,675.0,650.0,650.0,309.188232421875,2499000,0.0,0.0,yfinance_raw_daily
2002-01-10,675.0,700.0,650.0,700.0,332.9718933105469,55181000,0.0,0.0,yfinance_raw_daily
2002-01-11,700.0,750.0,700.0,725.0,344.8637390136719,65301000,0.0,0.0,yfinance_raw_daily
2002-01-14,725.0,725.0,700.0,700.0,332.9718933105469,12560000,0.0,0.0,yfinance_raw_daily
2002-01-15,725.0,725.0,700.0,700.0,332.9718933105469,16630000,0.0,0.0,yfinance_raw_daily
2002-01-16,700.0,800.0,700.0,750.0,356.755615234375,68800500,0.0,0.0,yfinance_raw_daily
2002-01-17,750.0,825.0,750.0,825.0,392.43115234375,58249500,0.0,0.0,yfinance_raw_daily
2002-01-18,800.0,825.0,750.0,750.0,356.755615234375,30122000,0.0,0.0,yfinance_raw_daily
2002-01-21,750.0,775.0,750.0,750.0,356.755615234375,911000,0.0,0.0,yfinance_raw_daily
2002-01-22,750.0,800.0,750.0,775.0,368.64739990234375,19103500,0.0,0.0,yfinance_raw_daily
2002-01-23,775.0,800.0,775.0,775.0,368.64739990234375,18807500,0.0,0.0,yfinance_raw_daily
2002-01-24,800.0,825.0,800.0,800.0,380.53924560546875,35701000,0.0,0.0,yfinance_raw_daily
2002-01-25,800.0,850.0,800.0,850.0,404.3230285644531,49747000,0.0,0.0,yfinance_raw_daily
2002-01-28,825.0,825.0,800.0,800.0,380.53924560546875,19657500,0.0,0.0,yfinance_raw_daily
2002-01-29,800.0,825.0,800.0,825.0,392.43115234375,14036000,0.0,0.0,yfinance_raw_daily
2002-01-30,800.0,800.0,775.0,775.0,368.64739990234375,5091500,0.0,0.0,yfinance_raw_daily
2002-01-31,775.0,775.0,775.0,775.0,368.64739990234375,0,0.0,0.0,yfinance_raw_daily
2002-02-01,775.0,800.0,775.0,800.0,380.53924560546875,5796000,0.0,0.0,yfinance_raw_daily
2002-02-04,775.0,775.0,750.0,775.0,368.64739990234375,15103500,0.0,0.0,yfinance_raw_daily
2002-02-05,775.0,775.0,750.0,775.0,368.64739990234375,4549000,0.0,0.0,yfinance_raw_daily
2002-02-06,775.0,775.0,750.0,775.0,368.64739990234375,6061500,0.0,0.0,yfinance_raw_daily
2002-02-07,750.0,750.0,725.0,725.0,344.8637390136719,23263500,0.0,0.0,yfinance_raw_daily
2002-02-08,725.0,725.0,700.0,700.0,332.9718933105469,28451000,0.0,0.0,yfinance_raw_daily
2002-02-11,725.0,725.0,700.0,725.0,344.8637390136719,5388000,0.0,0.0,yfinance_raw_daily
2002-02-12,725.0,725.0,725.0,725.0,344.8637390136719,0,0.0,0.0,yfinance_raw_daily
2002-02-13,725.0,725.0,700.0,700.0,332.9718933105469,13573000,0.0,0.0,yfinance_raw_daily
2002-02-14,725.0,725.0,700.0,725.0,344.8637390136719,12166500,0.0,0.0,yfinance_raw_daily
2002-02-15,725.0,775.0,725.0,775.0,368.64739990234375,24199000,0.0,0.0,yfinance_raw_daily
2002-02-18,750.0,800.0,750.0,775.0,368.64739990234375,23934000,0.0,0.0,yfinance_raw_daily
2002-02-19,775.0,800.0,750.0,775.0,368.64739990234375,38665000,0.0,0.0,yfinance_raw_daily
2002-02-20,750.0,800.0,750.0,800.0,380.53924560546875,29845000,0.0,0.0,yfinance_raw_daily
2002-02-21,775.0,825.0,775.0,775.0,368.64739990234375,51649000,0.0,0.0,yfinance_raw_daily
2002-02-22,775.0,775.0,775.0,775.0,368.64739990234375,0,0.0,0.0,yfinance_raw_daily
2002-02-25,800.0,800.0,750.0,775.0,368.64739990234375,44264500,0.0,0.0,yfinance_raw_daily
2002-02-26,775.0,775.0,750.0,750.0,356.755615234375,6441500,0.0,0.0,yfinance_raw_daily
2002-02-27,775.0,775.0,750.0,750.0,356.755615234375,907000,0.0,0.0,yfinance_raw_daily
2002-02-28,750.0,775.0,750.0,750.0,356.755615234375,7237500,0.0,0.0,yfinance_raw_daily
2002-03-01,775.0,775.0,725.0,750.0,356.755615234375,20592500,0.0,0.0,yfinance_raw_daily
2002-03-04,750.0,775.0,750.0,775.0,368.64739990234375,8979500,0.0,0.0,yfinance_raw_daily
2002-03-05,775.0,800.0,750.0,750.0,356.755615234375,12743500,0.0,0.0,yfinance_raw_daily
2002-03-06,775.0,800.0,775.0,800.0,380.53924560546875,10475000,0.0,0.0,yfinance_raw_daily
2002-03-07,800.0,800.0,775.0,775.0,368.64739990234375,52359500,0.0,0.0,yfinance_raw_daily
2002-03-08,800.0,825.0,800.0,800.0,380.53924560546875,25424000,0.0,0.0,yfinance_raw_daily
2002-03-11,800.0,800.0,775.0,775.0,368.64739990234375,10219500,0.0,0.0,yfinance_raw_daily
2002-03-12,775.0,800.0,775.0,775.0,368.64739990234375,3228000,0.0,0.0,yfinance_raw_daily
2002-03-13,775.0,800.0,775.0,775.0,368.64739990234375,300500,0.0,0.0,yfinance_raw_daily
2002-03-14,800.0,800.0,775.0,775.0,368.64739990234375,14657000,0.0,0.0,yfinance_raw_daily
2002-03-15,775.0,775.0,775.0,775.0,368.64739990234375,0,0.0,0.0,yfinance_raw_daily
2002-03-18,775.0,775.0,750.0,750.0,356.755615234375,14135000,0.0,0.0,yfinance_raw_daily
2002-03-19,775.0,775.0,750.0,750.0,356.755615234375,13778000,0.0,0.0,yfinance_raw_daily
2002-03-20,775.0,800.0,750.0,775.0,368.64739990234375,11361500,0.0,0.0,yfinance_raw_daily
2002-03-21,775.0,800.0,775.0,775.0,368.64739990234375,14280500,0.0,0.0,yfinance_raw_daily
2002-03-22,775.0,825.0,775.0,825.0,392.43115234375,146407500,0.0,0.0,yfinance_raw_daily
2002-03-25,825.0,825.0,800.0,800.0,380.53924560546875,30917000,0.0,0.0,yfinance_raw_daily
2002-03-26,800.0,825.0,800.0,800.0,380.53924560546875,12241000,0.0,0.0,yfinance_raw_daily
2002-03-27,825.0,825.0,800.0,800.0,380.53924560546875,22594500,0.0,0.0,yfinance_raw_daily
2002-03-28,800.0,850.0,800.0,800.0,380.53924560546875,55753000,0.0,0.0,yfinance_raw_daily
2002-03-29,800.0,800.0,800.0,800.0,380.53924560546875,0,0.0,0.0,yfinance_raw_daily
2002-04-01,825.0,825.0,800.0,825.0,392.43115234375,1149000,0.0,0.0,yfinance_raw_daily
2002-04-02,825.0,850.0,800.0,850.0,404.3230285644531,13723500,0.0,0.0,yfinance_raw_daily
2002-04-03,850.0,875.0,850.0,850.0,404.3230285644531,84034500,0.0,0.0,yfinance_raw_daily
2002-04-04,850.0,900.0,850.0,900.0,428.106689453125,89124500,0.0,0.0,yfinance_raw_daily
2002-04-05,900.0,925.0,875.0,875.0,416.2149353027344,43366000,0.0,0.0,yfinance_raw_daily
2002-04-08,875.0,925.0,875.0,900.0,428.106689453125,51933500,0.0,0.0,yfinance_raw_daily
2002-04-09,900.0,925.0,875.0,875.0,416.2149353027344,25783000,0.0,0.0,yfinance_raw_daily
2002-04-10,925.0,975.0,900.0,950.0,451.8904113769531,93231500,0.0,0.0,yfinance_raw_daily
2002-04-11,950.0,975.0,925.0,950.0,451.8904113769531,72475000,0.0,0.0,yfinance_raw_daily
2002-04-12,950.0,1100.0,950.0,1050.0,499.457763671875,161072500,0.0,0.0,yfinance_raw_daily
2002-04-15,1075.0,1150.0,1050.0,1100.0,523.2415771484375,100645000,0.0,0.0,yfinance_raw_daily
2002-04-16,1100.0,1100.0,1050.0,1100.0,523.2415771484375,71111000,0.0,0.0,yfinance_raw_daily
2002-04-17,1100.0,1125.0,1075.0,1100.0,523.2415771484375,45860500,0.0,0.0,yfinance_raw_daily
2002-04-18,1075.0,1100.0,1000.0,1025.0,487.5660705566406,60476500,0.0,0.0,yfinance_raw_daily
2002-04-19,1025.0,1050.0,1000.0,1050.0,499.457763671875,17077000,0.0,0.0,yfinance_raw_daily
2002-04-22,1050.0,1125.0,1050.0,1075.0,511.34979248046875,56743500,0.0,0.0,yfinance_raw_daily
2002-04-23,1075.0,1125.0,1075.0,1125.0,535.1334838867188,41437500,0.0,0.0,yfinance_raw_daily
2002-04-24,1125.0,1150.0,1100.0,1100.0,523.2415771484375,9362500,0.0,0.0,yfinance_raw_daily
2002-04-25,1100.0,1100.0,1050.0,1075.0,511.34979248046875,13384000,0.0,0.0,yfinance_raw_daily
2002-04-26,1075.0,1075.0,1050.0,1075.0,511.34979248046875,8605500,0.0,0.0,yfinance_raw_daily
2002-04-29,1075.0,1100.0,1025.0,1050.0,499.457763671875,30930500,0.0,0.0,yfinance_raw_daily
2002-04-30,1025.0,1050.0,1025.0,1050.0,499.457763671875,15078000,0.0,0.0,yfinance_raw_daily
2002-05-01,1050.0,1050.0,1000.0,1025.0,487.5660705566406,12476500,0.0,0.0,yfinance_raw_daily
2002-05-02,1025.0,1050.0,1025.0,1050.0,499.457763671875,18259000,0.0,0.0,yfinance_raw_daily
2002-05-03,1050.0,1050.0,1025.0,1050.0,499.457763671875,1958500,0.0,0.0,yfinance_raw_daily
2002-05-06,1025.0,1050.0,1025.0,1025.0,487.5660705566406,2826500,0.0,0.0,yfinance_raw_daily
2002-05-07,1025.0,1050.0,1025.0,1050.0,499.457763671875,21975500,0.0,0.0,yfinance_raw_daily
2002-05-08,1050.0,1050.0,1025.0,1025.0,487.5660705566406,14814000,0.0,0.0,yfinance_raw_daily
2002-05-09,1025.0,1025.0,1025.0,1025.0,487.5660705566406,0,0.0,0.0,yfinance_raw_daily
2002-05-10,1050.0,1100.0,1050.0,1050.0,499.457763671875,38648500,0.0,0.0,yfinance_raw_daily
2002-05-13,1075.0,1075.0,1000.0,1025.0,487.5660705566406,23335000,0.0,0.0,yfinance_raw_daily
2002-05-14,1025.0,1025.0,1000.0,1025.0,487.5660705566406,380500,0.0,0.0,yfinance_raw_daily
2002-05-15,1025.0,1025.0,975.0,1000.0,475.67401123046875,16521000,0.0,0.0,yfinance_raw_daily
2002-05-16,1000.0,1000.0,950.0,950.0,451.8904113769531,34500000,0.0,0.0,yfinance_raw_daily
2002-05-17,975.0,975.0,950.0,975.0,463.7822265625,10795500,0.0,0.0,yfinance_raw_daily
2002-05-20,975.0,975.0,950.0,975.0,463.7822265625,10146000,0.0,0.0,yfinance_raw_daily
2002-05-21,975.0,975.0,950.0,975.0,463.7822265625,3259500,0.0,0.0,yfinance_raw_daily
2002-05-22,975.0,975.0,925.0,975.0,463.7822265625,29175500,0.0,0.0,yfinance_raw_daily
2002-05-23,950.0,975.0,950.0,950.0,451.8904113769531,21601500,0.0,0.0,yfinance_raw_daily
2002-05-24,950.0,1025.0,950.0,1000.0,475.67401123046875,57935000,0.0,0.0,yfinance_raw_daily
2002-05-27,1000.0,1025.0,1000.0,1000.0,475.67401123046875,16426500,0.0,0.0,yfinance_raw_daily
2002-05-28,1000.0,1050.0,1000.0,1025.0,487.5660705566406,35230500,0.0,0.0,yfinance_raw_daily
2002-05-29,1025.0,1075.0,1025.0,1050.0,499.457763671875,34870500,0.0,0.0,yfinance_raw_daily
2002-05-30,1075.0,1100.0,1050.0,1050.0,499.457763671875,57796500,0.0,0.0,yfinance_raw_daily
2002-05-31,1050.0,1100.0,1050.0,1100.0,523.2415771484375,20467000,0.0,0.0,yfinance_raw_daily
2002-06-03,1100.0,1125.0,1100.0,1100.0,523.2415771484375,44544000,0.0,0.0,yfinance_raw_daily
2002-06-04,1100.0,1100.0,1075.0,1100.0,523.2415771484375,14699000,0.0,0.0,yfinance_raw_daily
2002-06-05,1075.0,1100.0,1050.0,1075.0,511.34979248046875,13298000,0.0,0.0,yfinance_raw_daily
2002-06-06,1050.0,1075.0,1025.0,1050.0,499.457763671875,21050500,0.0,0.0,yfinance_raw_daily
2002-06-07,1025.0,1025.0,1000.0,1025.0,487.5660705566406,10193000,0.0,0.0,yfinance_raw_daily
2002-06-10,1025.0,1050.0,1000.0,1050.0,499.457763671875,16425000,0.0,0.0,yfinance_raw_daily
2002-06-11,1025.0,1075.0,1025.0,1075.0,511.34979248046875,34331500,0.0,0.0,yfinance_raw_daily
2002-06-12,1075.0,1125.0,1075.0,1100.0,523.2415771484375,37341500,0.0,0.0,yfinance_raw_daily
2002-06-13,1125.0,1200.0,1125.0,1150.0,547.0253295898438,76947500,0.0,0.0,yfinance_raw_daily
2002-06-14,1175.0,1250.0,1150.0,1225.0,582.7006225585938,109050000,0.0,0.0,yfinance_raw_daily
2002-06-17,1225.0,1250.0,1225.0,1250.0,594.5927734375,59423000,0.0,0.0,yfinance_raw_daily
2002-06-18,1250.0,1250.0,1150.0,1200.0,570.808837890625,113819000,0.0,0.0,yfinance_raw_daily
2002-06-19,1175.0,1200.0,1125.0,1200.0,570.808837890625,12571000,0.0,0.0,yfinance_raw_daily
2002-06-20,1175.0,1175.0,1150.0,1175.0,558.9171142578125,3127000,0.0,0.0,yfinance_raw_daily
2002-06-21,1150.0,1200.0,1125.0,1200.0,570.808837890625,25415000,0.0,0.0,yfinance_raw_daily
2002-06-24,1175.0,1175.0,1125.0,1150.0,547.0253295898438,9032500,0.0,0.0,yfinance_raw_daily
2002-06-25,1150.0,1150.0,1125.0,1150.0,547.0253295898438,84691000,0.0,0.0,yfinance_raw_daily
2002-06-26,1125.0,1150.0,1050.0,1100.0,523.2415771484375,102808000,0.0,0.0,yfinance_raw_daily
2002-06-27,1075.0,1100.0,1075.0,1100.0,523.2415771484375,123898500,0.0,0.0,yfinance_raw_daily
2002-06-28,1100.0,1125.0,1075.0,1075.0,511.34979248046875,10435000,0.0,0.0,yfinance_raw_daily
2002-07-01,1075.0,1100.0,1025.0,1050.0,499.457763671875,16593000,0.0,0.0,yfinance_raw_daily
2002-07-02,1025.0,1025.0,975.0,1025.0,487.5660705566406,31687000,0.0,0.0,yfinance_raw_daily
2002-07-03,1000.0,1025.0,975.0,1000.0,475.67401123046875,21946000,0.0,0.0,yfinance_raw_daily
2002-07-04,1025.0,1075.0,1025.0,1050.0,499.457763671875,5898000,0.0,0.0,yfinance_raw_daily
2002-07-05,1050.0,1100.0,1050.0,1100.0,523.2415771484375,17707000,0.0,0.0,yfinance_raw_daily
2002-07-08,1100.0,1100.0,1075.0,1075.0,511.34979248046875,7597500,0.0,0.0,yfinance_raw_daily
2002-07-09,1075.0,1100.0,1050.0,1075.0,511.34979248046875,5354000,0.0,0.0,yfinance_raw_daily
2002-07-10,1050.0,1050.0,1025.0,1025.0,499.1748046875,10235500,25.0,0.0,yfinance_raw_daily
2002-07-11,1000.0,1050.0,1000.0,1025.0,499.1748046875,12104500,0.0,0.0,yfinance_raw_daily
2002-07-12,1025.0,1025.0,1000.0,1000.0,486.9996643066406,5878000,0.0,0.0,yfinance_raw_daily
2002-07-15,1025.0,1075.0,1025.0,1050.0,511.349609375,23802500,0.0,0.0,yfinance_raw_daily
2002-07-16,1075.0,1100.0,1075.0,1075.0,523.5247802734375,31553000,0.0,0.0,yfinance_raw_daily
2002-07-17,1075.0,1100.0,1050.0,1075.0,523.5247802734375,20650000,0.0,0.0,yfinance_raw_daily
2002-07-18,1100.0,1175.0,1100.0,1175.0,572.2246704101562,28528500,0.0,0.0,yfinance_raw_daily
2002-07-19,1150.0,1175.0,1150.0,1150.0,560.0496826171875,14973000,0.0,0.0,yfinance_raw_daily
2002-07-22,1125.0,1150.0,1100.0,1150.0,560.0496826171875,20391500,0.0,0.0,yfinance_raw_daily
2002-07-23,1050.0,1175.0,1050.0,1150.0,560.0496826171875,21319500,0.0,0.0,yfinance_raw_daily
2002-07-24,1125.0,1150.0,1100.0,1125.0,547.874755859375,32614500,0.0,0.0,yfinance_raw_daily
2002-07-25,1125.0,1150.0,1100.0,1125.0,547.874755859375,42005500,0.0,0.0,yfinance_raw_daily
2002-07-26,1100.0,1125.0,1050.0,1100.0,535.69970703125,25964500,0.0,0.0,yfinance_raw_daily
2002-07-29,1125.0,1125.0,1075.0,1100.0,535.69970703125,8717500,0.0,0.0,yfinance_raw_daily
2002-07-30,1125.0,1150.0,1125.0,1150.0,560.0496826171875,15696500,0.0,0.0,yfinance_raw_daily
2002-07-31,1125.0,1125.0,1100.0,1125.0,547.874755859375,21702000,0.0,0.0,yfinance_raw_daily
2002-08-01,1100.0,1100.0,1050.0,1075.0,523.5247802734375,19724000,0.0,0.0,yfinance_raw_daily
2002-08-02,1075.0,1075.0,1025.0,1050.0,511.349609375,47158500,0.0,0.0,yfinance_raw_daily
2002-08-05,1025.0,1050.0,975.0,1000.0,486.9996643066406,55367500,0.0,0.0,yfinance_raw_daily
2002-08-06,975.0,975.0,925.0,950.0,462.6496887207031,31031500,0.0,0.0,yfinance_raw_daily
2002-08-07,975.0,975.0,950.0,950.0,462.6496887207031,22365000,0.0,0.0,yfinance_raw_daily
2002-08-08,950.0,950.0,900.0,900.0,438.2996826171875,17110000,0.0,0.0,yfinance_raw_daily
2002-08-09,925.0,950.0,900.0,925.0,450.47479248046875,6250500,0.0,0.0,yfinance_raw_daily
2002-08-12,950.0,950.0,925.0,925.0,450.47479248046875,25838500,0.0,0.0,yfinance_raw_daily
2002-08-13,925.0,1000.0,925.0,1000.0,486.9996643066406,28197500,0.0,0.0,yfinance_raw_daily
2002-08-14,975.0,975.0,950.0,975.0,474.82464599609375,9183500,0.0,0.0,yfinance_raw_daily
2002-08-15,975.0,1000.0,975.0,1000.0,486.9996643066406,18741000,0.0,0.0,yfinance_raw_daily
2002-08-16,975.0,1000.0,975.0,1000.0,486.9996643066406,9801500,0.0,0.0,yfinance_raw_daily
2002-08-19,1000.0,1000.0,975.0,975.0,474.82464599609375,11489500,0.0,0.0,yfinance_raw_daily
2002-08-20,1000.0,1025.0,975.0,1000.0,486.9996643066406,20523000,0.0,0.0,yfinance_raw_daily
2002-08-21,1000.0,1000.0,975.0,1000.0,486.9996643066406,12496000,0.0,0.0,yfinance_raw_daily
2002-08-22,1000.0,1000.0,975.0,975.0,474.82464599609375,2888500,0.0,0.0,yfinance_raw_daily
2002-08-23,975.0,975.0,975.0,975.0,474.82464599609375,0,0.0,0.0,yfinance_raw_daily
2002-08-26,975.0,1000.0,975.0,1000.0,486.9996643066406,2813000,0.0,0.0,yfinance_raw_daily
2002-08-27,975.0,975.0,950.0,950.0,462.6496887207031,9274000,0.0,0.0,yfinance_raw_daily
2002-08-28,950.0,950.0,925.0,925.0,450.47479248046875,13980000,0.0,0.0,yfinance_raw_daily
2002-08-29,925.0,925.0,900.0,900.0,438.2996826171875,17843500,0.0,0.0,yfinance_raw_daily
2002-08-30,925.0,925.0,900.0,925.0,450.47479248046875,9179500,0.0,0.0,yfinance_raw_daily
2002-09-02,925.0,925.0,900.0,900.0,438.2996826171875,18615000,0.0,0.0,yfinance_raw_daily
2002-09-03,900.0,900.0,825.0,850.0,413.9497985839844,32829000,0.0,0.0,yfinance_raw_daily
2002-09-04,825.0,825.0,750.0,800.0,389.5997619628906,41569500,0.0,0.0,yfinance_raw_daily
2002-09-05,800.0,825.0,775.0,800.0,389.5997619628906,24033000,0.0,0.0,yfinance_raw_daily
2002-09-06,800.0,800.0,775.0,800.0,389.5997619628906,6350500,0.0,0.0,yfinance_raw_daily
2002-09-09,800.0,800.0,750.0,775.0,377.4247131347656,27762500,0.0,0.0,yfinance_raw_daily
2002-09-10,775.0,775.0,725.0,750.0,365.249755859375,41721000,0.0,0.0,yfinance_raw_daily
2002-09-11,750.0,750.0,725.0,725.0,353.07476806640625,8376500,0.0,0.0,yfinance_raw_daily
2002-09-12,750.0,775.0,725.0,750.0,365.249755859375,49788000,0.0,0.0,yfinance_raw_daily
2002-09-13,750.0,750.0,725.0,725.0,353.07476806640625,44527000,0.0,0.0,yfinance_raw_daily
2002-09-16,750.0,750.0,725.0,750.0,365.249755859375,9128000,0.0,0.0,yfinance_raw_daily
2002-09-17,750.0,775.0,725.0,750.0,365.249755859375,19167500,0.0,0.0,yfinance_raw_daily
2002-09-18,750.0,775.0,725.0,775.0,377.4247131347656,15005500,0.0,0.0,yfinance_raw_daily
2002-09-19,750.0,775.0,725.0,750.0,365.249755859375,16475500,0.0,0.0,yfinance_raw_daily
2002-09-20,725.0,750.0,700.0,725.0,353.07476806640625,37429500,0.0,0.0,yfinance_raw_daily
2002-09-23,725.0,750.0,725.0,750.0,365.249755859375,19717000,0.0,0.0,yfinance_raw_daily
2002-09-24,725.0,750.0,725.0,750.0,365.249755859375,24797000,0.0,0.0,yfinance_raw_daily
2002-09-25,725.0,750.0,675.0,725.0,353.07476806640625,50852000,0.0,0.0,yfinance_raw_daily
2002-09-26,725.0,750.0,700.0,750.0,365.249755859375,18577500,0.0,0.0,yfinance_raw_daily
2002-09-27,750.0,750.0,725.0,750.0,365.249755859375,16926000,0.0,0.0,yfinance_raw_daily
2002-09-30,725.0,750.0,725.0,750.0,365.249755859375,24488500,0.0,0.0,yfinance_raw_daily
2002-10-01,725.0,775.0,725.0,775.0,377.4247131347656,23843000,0.0,0.0,yfinance_raw_daily
2002-10-02,775.0,775.0,750.0,775.0,377.4247131347656,29068500,0.0,0.0,yfinance_raw_daily
2002-10-03,750.0,775.0,750.0,775.0,377.4247131347656,22811000,0.0,0.0,yfinance_raw_daily
2002-10-04,775.0,775.0,775.0,775.0,377.4247131347656,0,0.0,0.0,yfinance_raw_daily
2002-10-07,750.0,750.0,725.0,750.0,365.249755859375,13523500,0.0,0.0,yfinance_raw_daily
2002-10-08,725.0,725.0,700.0,725.0,353.07476806640625,16688500,0.0,0.0,yfinance_raw_daily
2002-10-09,725.0,725.0,650.0,700.0,340.8997802734375,68502000,0.0,0.0,yfinance_raw_daily
2002-10-10,675.0,675.0,650.0,675.0,328.72479248046875,30482500,0.0,0.0,yfinance_raw_daily
2002-10-11,675.0,675.0,625.0,650.0,316.54986572265625,31477000,0.0,0.0,yfinance_raw_daily
2002-10-14,575.0,600.0,525.0,550.0,267.849853515625,59285000,0.0,0.0,yfinance_raw_daily
2002-10-15,550.0,575.0,475.0,550.0,267.849853515625,121268000,0.0,0.0,yfinance_raw_daily
2002-10-16,575.0,625.0,575.0,600.0,292.1997985839844,48883000,0.0,0.0,yfinance_raw_daily
2002-10-17,600.0,600.0,575.0,600.0,292.1997985839844,25529000,0.0,0.0,yfinance_raw_daily
2002-10-18,600.0,625.0,600.0,625.0,304.3748474121094,24649000,0.0,0.0,yfinance_raw_daily
2002-10-21,625.0,625.0,600.0,625.0,304.3748474121094,20587000,0.0,0.0,yfinance_raw_daily
2002-10-22,625.0,625.0,575.0,575.0,280.02484130859375,7954500,0.0,0.0,yfinance_raw_daily
2002-10-23,575.0,575.0,575.0,575.0,280.02484130859375,28392000,0.0,0.0,yfinance_raw_daily
2002-10-24,575.0,600.0,575.0,600.0,292.1997985839844,2493500,0.0,0.0,yfinance_raw_daily
2002-10-25,575.0,600.0,575.0,600.0,292.1997985839844,7618500,0.0,0.0,yfinance_raw_daily
2002-10-28,600.0,625.0,575.0,625.0,304.3748474121094,19578500,0.0,0.0,yfinance_raw_daily
2002-10-29,625.0,625.0,600.0,625.0,304.3748474121094,18333500,0.0,0.0,yfinance_raw_daily
2002-10-30,625.0,625.0,600.0,625.0,304.3748474121094,912000,0.0,0.0,yfinance_raw_daily
2002-10-31,625.0,650.0,600.0,625.0,304.3748474121094,26219000,0.0,0.0,yfinance_raw_daily
2002-11-01,625.0,625.0,600.0,625.0,304.3748474121094,9224500,0.0,0.0,yfinance_raw_daily
2002-11-04,625.0,700.0,600.0,675.0,328.72479248046875,60918000,0.0,0.0,yfinance_raw_daily
2002-11-05,675.0,675.0,600.0,625.0,304.3748474121094,63703000,0.0,0.0,yfinance_raw_daily
2002-11-06,625.0,625.0,575.0,600.0,292.1997985839844,23746000,0.0,0.0,yfinance_raw_daily
2002-11-07,600.0,625.0,575.0,600.0,292.1997985839844,31019500,0.0,0.0,yfinance_raw_daily
2002-11-08,600.0,600.0,575.0,600.0,292.1997985839844,26123500,0.0,0.0,yfinance_raw_daily
2002-11-11,575.0,575.0,575.0,575.0,280.02484130859375,28127500,0.0,0.0,yfinance_raw_daily
2002-11-12,575.0,600.0,575.0,600.0,292.1997985839844,41123000,0.0,0.0,yfinance_raw_daily
2002-11-13,575.0,600.0,575.0,600.0,292.1997985839844,7504000,0.0,0.0,yfinance_raw_daily
2002-11-14,600.0,600.0,575.0,600.0,292.1997985839844,128974000,0.0,0.0,yfinance_raw_daily
2002-11-15,600.0,600.0,575.0,600.0,292.1997985839844,94723500,0.0,0.0,yfinance_raw_daily
2002-11-18,600.0,600.0,575.0,600.0,292.1997985839844,28167000,0.0,0.0,yfinance_raw_daily
2002-11-19,575.0,600.0,575.0,600.0,292.1997985839844,103271000,0.0,0.0,yfinance_raw_daily
2002-11-20,600.0,600.0,575.0,600.0,292.1997985839844,104881500,0.0,0.0,yfinance_raw_daily
2002-11-21,600.0,600.0,575.0,600.0,292.1997985839844,84609500,0.0,0.0,yfinance_raw_daily
2002-11-22,600.0,600.0,575.0,600.0,292.1997985839844,4846500,0.0,0.0,yfinance_raw_daily
2002-11-25,600.0,600.0,550.0,550.0,267.849853515625,43094000,0.0,0.0,yfinance_raw_daily
2002-11-26,575.0,575.0,550.0,550.0,267.849853515625,3812500,0.0,0.0,yfinance_raw_daily
2002-11-27,575.0,575.0,550.0,575.0,280.02484130859375,22216500,0.0,0.0,yfinance_raw_daily
2002-11-28,575.0,575.0,550.0,575.0,280.02484130859375,27526500,0.0,0.0,yfinance_raw_daily
2002-11-29,575.0,600.0,575.0,575.0,280.02484130859375,23536500,0.0,0.0,yfinance_raw_daily
2002-12-02,575.0,575.0,575.0,575.0,280.02484130859375,0,0.0,0.0,yfinance_raw_daily
2002-12-03,575.0,600.0,575.0,575.0,280.02484130859375,4535000,0.0,0.0,yfinance_raw_daily
2002-12-04,575.0,600.0,575.0,575.0,280.02484130859375,4399500,0.0,0.0,yfinance_raw_daily
2002-12-05,575.0,575.0,575.0,575.0,280.02484130859375,0,0.0,0.0,yfinance_raw_daily
2002-12-06,575.0,575.0,575.0,575.0,280.02484130859375,0,0.0,0.0,yfinance_raw_daily
2002-12-09,575.0,575.0,575.0,575.0,280.02484130859375,0,0.0,0.0,yfinance_raw_daily
2002-12-10,575.0,575.0,575.0,575.0,280.02484130859375,0,0.0,0.0,yfinance_raw_daily
2002-12-11,600.0,600.0,575.0,575.0,280.02484130859375,28815000,0.0,0.0,yfinance_raw_daily
2002-12-12,600.0,600.0,575.0,575.0,280.02484130859375,4953500,0.0,0.0,yfinance_raw_daily
2002-12-13,575.0,600.0,575.0,600.0,292.1997985839844,12059500,0.0,0.0,yfinance_raw_daily
2002-12-16,600.0,600.0,575.0,600.0,292.1997985839844,26043000,0.0,0.0,yfinance_raw_daily
2002-12-17,575.0,600.0,575.0,575.0,280.02484130859375,8911500,0.0,0.0,yfinance_raw_daily
2002-12-18,575.0,600.0,575.0,575.0,280.02484130859375,2631500,0.0,0.0,yfinance_raw_daily
2002-12-19,600.0,625.0,600.0,625.0,304.3748474121094,79065000,0.0,0.0,yfinance_raw_daily
2002-12-20,625.0,650.0,600.0,625.0,304.3748474121094,33846500,0.0,0.0,yfinance_raw_daily
2002-12-23,625.0,625.0,600.0,600.0,292.1997985839844,1698500,0.0,0.0,yfinance_raw_daily
2002-12-24,600.0,600.0,600.0,600.0,292.1997985839844,0,0.0,0.0,yfinance_raw_daily
2002-12-25,600.0,600.0,600.0,600.0,292.1997985839844,0,0.0,0.0,yfinance_raw_daily
2002-12-26,600.0,600.0,600.0,600.0,292.1997985839844,0,0.0,0.0,yfinance_raw_daily
2002-12-27,625.0,625.0,600.0,600.0,292.1997985839844,15785500,0.0,0.0,yfinance_raw_daily
2002-12-30,600.0,600.0,600.0,600.0,292.1997985839844,0,0.0,0.0,yfinance_raw_daily
2002-12-31,600.0,600.0,600.0,600.0,292.1997985839844,0,0.0,0.0,yfinance_raw_daily
2003-01-01,600.0,600.0,600.0,600.0,292.1997985839844,0,0.0,0.0,yfinance_raw_daily
2003-01-02,600.0,600.0,575.0,575.0,280.02484130859375,8899000,0.0,0.0,yfinance_raw_daily
2003-01-03,575.0,600.0,575.0,575.0,280.02484130859375,966000,0.0,0.0,yfinance_raw_daily
2003-01-06,575.0,575.0,575.0,575.0,280.02484130859375,25497000,0.0,0.0,yfinance_raw_daily
2003-01-07,575.0,600.0,550.0,550.0,267.849853515625,3528500,0.0,0.0,yfinance_raw_daily
2003-01-08,575.0,575.0,550.0,575.0,280.02484130859375,3257500,0.0,0.0,yfinance_raw_daily
2003-01-09,550.0,575.0,550.0,575.0,280.02484130859375,5453500,0.0,0.0,yfinance_raw_daily
2003-01-10,575.0,575.0,575.0,575.0,280.02484130859375,5943500,0.0,0.0,yfinance_raw_daily
2003-01-13,575.0,575.0,575.0,575.0,280.02484130859375,3028500,0.0,0.0,yfinance_raw_daily
2003-01-14,575.0,600.0,575.0,600.0,292.1997985839844,8462500,0.0,0.0,yfinance_raw_daily
2003-01-15,600.0,600.0,575.0,575.0,280.02484130859375,3119000,0.0,0.0,yfinance_raw_daily
2003-01-16,575.0,600.0,575.0,575.0,280.02484130859375,4862000,0.0,0.0,yfinance_raw_daily
2003-01-17,600.0,625.0,600.0,625.0,304.3748474121094,30902000,0.0,0.0,yfinance_raw_daily
2003-01-20,625.0,625.0,600.0,625.0,304.3748474121094,4076500,0.0,0.0,yfinance_raw_daily
2003-01-21,600.0,600.0,600.0,600.0,292.1997985839844,8536000,0.0,0.0,yfinance_raw_daily
2003-01-22,600.0,600.0,575.0,575.0,280.02484130859375,9023500,0.0,0.0,yfinance_raw_daily
2003-01-23,600.0,600.0,575.0,600.0,292.1997985839844,547500,0.0,0.0,yfinance_raw_daily
2003-01-24,600.0,600.0,575.0,575.0,280.02484130859375,555500,0.0,0.0,yfinance_raw_daily
2003-01-27,575.0,575.0,575.0,575.0,280.02484130859375,23234000,0.0,0.0,yfinance_raw_daily
2003-01-28,575.0,575.0,550.0,575.0,280.02484130859375,16159500,0.0,0.0,yfinance_raw_daily
2003-01-29,575.0,575.0,550.0,550.0,267.849853515625,14670500,0.0,0.0,yfinance_raw_daily
2003-01-30,575.0,575.0,550.0,550.0,267.849853515625,4171000,0.0,0.0,yfinance_raw_daily
2003-01-31,550.0,575.0,550.0,575.0,280.02484130859375,2486000,0.0,0.0,yfinance_raw_daily
2003-02-03,550.0,575.0,550.0,575.0,280.02484130859375,1259000,0.0,0.0,yfinance_raw_daily
2003-02-04,575.0,575.0,550.0,550.0,267.849853515625,3452500,0.0,0.0,yfinance_raw_daily
2003-02-05,550.0,575.0,550.0,575.0,280.02484130859375,415500,0.0,0.0,yfinance_raw_daily
2003-02-06,575.0,575.0,550.0,550.0,267.849853515625,2679000,0.0,0.0,yfinance_raw_daily
2003-02-07,575.0,575.0,550.0,550.0,267.849853515625,281000,0.0,0.0,yfinance_raw_daily
2003-02-10,575.0,575.0,550.0,575.0,280.02484130859375,11254000,0.0,0.0,yfinance_raw_daily
2003-02-11,550.0,575.0,550.0,575.0,280.02484130859375,1056000,0.0,0.0,yfinance_raw_daily
2003-02-12,575.0,575.0,575.0,575.0,280.02484130859375,0,0.0,0.0,yfinance_raw_daily
2003-02-13,550.0,550.0,550.0,550.0,267.849853515625,309500,0.0,0.0,yfinance_raw_daily
2003-02-14,575.0,575.0,550.0,575.0,280.02484130859375,2087000,0.0,0.0,yfinance_raw_daily
2003-02-17,575.0,575.0,550.0,575.0,280.02484130859375,32769500,0.0,0.0,yfinance_raw_daily
2003-02-18,575.0,575.0,550.0,550.0,267.849853515625,2264000,0.0,0.0,yfinance_raw_daily
2003-02-19,575.0,575.0,550.0,575.0,280.02484130859375,682500,0.0,0.0,yfinance_raw_daily
2003-02-20,575.0,575.0,550.0,575.0,280.02484130859375,66000,0.0,0.0,yfinance_raw_daily
2003-02-21,575.0,575.0,575.0,575.0,280.02484130859375,124000,0.0,0.0,yfinance_raw_daily
2003-02-24,575.0,575.0,550.0,575.0,280.02484130859375,55000,0.0,0.0,yfinance_raw_daily
2003-02-25,550.0,575.0,550.0,575.0,280.02484130859375,2037000,0.0,0.0,yfinance_raw_daily
2003-02-26,550.0,575.0,550.0,550.0,267.849853515625,6969000,0.0,0.0,yfinance_raw_daily
2003-02-27,550.0,575.0,550.0,575.0,280.02484130859375,8278500,0.0,0.0,yfinance_raw_daily
2003-02-28,550.0,575.0,550.0,575.0,280.02484130859375,571000,0.0,0.0,yfinance_raw_daily
2003-03-03,575.0,575.0,575.0,575.0,280.02484130859375,0,0.0,0.0,yfinance_raw_daily
2003-03-04,550.0,575.0,550.0,550.0,267.849853515625,2962000,0.0,0.0,yfinance_raw_daily
2003-03-05,550.0,575.0,550.0,575.0,280.02484130859375,20159000,0.0,0.0,yfinance_raw_daily
2003-03-06,550.0,575.0,550.0,575.0,280.02484130859375,11891500,0.0,0.0,yfinance_raw_daily
2003-03-07,550.0,575.0,550.0,575.0,280.02484130859375,11424500,0.0,0.0,yfinance_raw_daily
2003-03-10,575.0,575.0,550.0,575.0,280.02484130859375,5208500,0.0,0.0,yfinance_raw_daily
2003-03-11,550.0,575.0,550.0,575.0,280.02484130859375,5669000,0.0,0.0,yfinance_raw_daily
2003-03-12,550.0,575.0,550.0,575.0,280.02484130859375,1094000,0.0,0.0,yfinance_raw_daily
2003-03-13,575.0,575.0,550.0,575.0,280.02484130859375,259500,0.0,0.0,yfinance_raw_daily
2003-03-14,575.0,575.0,550.0,575.0,280.02484130859375,2262500,0.0,0.0,yfinance_raw_daily
2003-03-17,550.0,575.0,550.0,550.0,267.849853515625,1005000,0.0,0.0,yfinance_raw_daily
2003-03-18,550.0,575.0,550.0,575.0,280.02484130859375,4477000,0.0,0.0,yfinance_raw_daily
2003-03-19,575.0,600.0,575.0,600.0,292.1997985839844,28616000,0.0,0.0,yfinance_raw_daily
2003-03-20,600.0,600.0,575.0,600.0,292.1997985839844,4903000,0.0,0.0,yfinance_raw_daily
2003-03-21,575.0,600.0,575.0,575.0,280.02484130859375,1430000,0.0,0.0,yfinance_raw_daily
2003-03-24,600.0,600.0,575.0,600.0,292.1997985839844,9237000,0.0,0.0,yfinance_raw_daily
2003-03-25,575.0,600.0,575.0,600.0,292.1997985839844,7621500,0.0,0.0,yfinance_raw_daily
2003-03-26,600.0,625.0,600.0,625.0,304.3748474121094,43176000,0.0,0.0,yfinance_raw_daily
2003-03-27,600.0,600.0,575.0,575.0,280.02484130859375,14088500,0.0,0.0,yfinance_raw_daily
2003-03-28,600.0,600.0,600.0,600.0,292.1997985839844,119500,0.0,0.0,yfinance_raw_daily
2003-03-31,575.0,600.0,575.0,600.0,292.1997985839844,2423500,0.0,0.0,yfinance_raw_daily
2003-04-01,575.0,600.0,575.0,600.0,292.1997985839844,3210500,0.0,0.0,yfinance_raw_daily
2003-04-02,600.0,600.0,600.0,600.0,292.1997985839844,0,0.0,0.0,yfinance_raw_daily
2003-04-03,600.0,600.0,575.0,600.0,292.1997985839844,273500,0.0,0.0,yfinance_raw_daily
2003-04-04,575.0,600.0,575.0,575.0,280.02484130859375,15142500,0.0,0.0,yfinance_raw_daily
2003-04-07,600.0,700.0,600.0,700.0,340.8997802734375,154631500,0.0,0.0,yfinance_raw_daily
2003-04-08,700.0,700.0,650.0,650.0,316.54986572265625,36540000,0.0,0.0,yfinance_raw_daily
2003-04-09,675.0,700.0,650.0,700.0,340.8997802734375,27045500,0.0,0.0,yfinance_raw_daily
2003-04-10,700.0,700.0,675.0,700.0,340.8997802734375,9929000,0.0,0.0,yfinance_raw_daily
2003-04-11,700.0,750.0,700.0,750.0,365.249755859375,97212500,0.0,0.0,yfinance_raw_daily
2003-04-14,750.0,750.0,700.0,725.0,353.07476806640625,35250500,0.0,0.0,yfinance_raw_daily
2003-04-15,725.0,750.0,700.0,750.0,365.249755859375,17588500,0.0,0.0,yfinance_raw_daily
2003-04-16,725.0,725.0,700.0,725.0,353.07476806640625,41316500,0.0,0.0,yfinance_raw_daily
2003-04-17,725.0,750.0,700.0,725.0,353.07476806640625,22484000,0.0,0.0,yfinance_raw_daily
2003-04-18,725.0,725.0,725.0,725.0,353.07476806640625,0,0.0,0.0,yfinance_raw_daily
2003-04-21,725.0,725.0,700.0,725.0,353.07476806640625,5641000,0.0,0.0,yfinance_raw_daily
2003-04-22,725.0,725.0,700.0,700.0,340.8997802734375,30602500,0.0,0.0,yfinance_raw_daily
2003-04-23,700.0,750.0,700.0,725.0,353.07476806640625,62711500,0.0,0.0,yfinance_raw_daily
2003-04-24,725.0,725.0,700.0,725.0,353.07476806640625,12027500,0.0,0.0,yfinance_raw_daily
2003-04-25,725.0,725.0,700.0,725.0,353.07476806640625,32670500,0.0,0.0,yfinance_raw_daily
2003-04-28,700.0,700.0,675.0,700.0,340.8997802734375,11506500,0.0,0.0,yfinance_raw_daily
2003-04-29,700.0,725.0,700.0,725.0,353.07476806640625,17322500,0.0,0.0,yfinance_raw_daily
2003-04-30,700.0,750.0,700.0,725.0,353.07476806640625,26592500,0.0,0.0,yfinance_raw_daily
2003-05-01,725.0,725.0,700.0,725.0,353.07476806640625,1644000,0.0,0.0,yfinance_raw_daily
2003-05-02,725.0,725.0,700.0,700.0,340.8997802734375,2117500,0.0,0.0,yfinance_raw_daily
2003-05-05,700.0,775.0,700.0,775.0,377.4247131347656,69160500,0.0,0.0,yfinance_raw_daily
2003-05-06,775.0,800.0,750.0,775.0,377.4247131347656,28675500,0.0,0.0,yfinance_raw_daily
2003-05-07,775.0,800.0,750.0,775.0,377.4247131347656,31193000,0.0,0.0,yfinance_raw_daily
2003-05-08,775.0,800.0,750.0,775.0,377.4247131347656,45135500,0.0,0.0,yfinance_raw_daily
2003-05-09,775.0,800.0,775.0,800.0,389.5997619628906,11485000,0.0,0.0,yfinance_raw_daily
2003-05-12,800.0,825.0,775.0,825.0,401.77471923828125,19205000,0.0,0.0,yfinance_raw_daily
2003-05-13,825.0,825.0,800.0,825.0,401.77471923828125,35160500,0.0,0.0,yfinance_raw_daily
2003-05-14,825.0,825.0,775.0,800.0,389.5997619628906,13951000,0.0,0.0,yfinance_raw_daily
2003-05-15,800.0,800.0,800.0,800.0,389.5997619628906,0,0.0,0.0,yfinance_raw_daily
2003-05-16,800.0,800.0,800.0,800.0,389.5997619628906,0,0.0,0.0,yfinance_raw_daily
2003-05-19,800.0,800.0,750.0,775.0,377.4247131347656,25225000,0.0,0.0,yfinance_raw_daily
2003-05-20,750.0,800.0,750.0,800.0,389.5997619628906,44232000,0.0,0.0,yfinance_raw_daily
2003-05-21,775.0,800.0,750.0,775.0,377.4247131347656,17730000,0.0,0.0,yfinance_raw_daily
2003-05-22,775.0,775.0,750.0,750.0,365.249755859375,121500,0.0,0.0,yfinance_raw_daily
2003-05-23,775.0,800.0,750.0,775.0,377.4247131347656,43418000,0.0,0.0,yfinance_raw_daily
2003-05-26,800.0,800.0,775.0,775.0,377.4247131347656,37841000,0.0,0.0,yfinance_raw_daily
2003-05-27,800.0,825.0,775.0,800.0,389.5997619628906,12865000,0.0,0.0,yfinance_raw_daily
2003-05-28,825.0,875.0,825.0,875.0,426.1247863769531,87907000,0.0,0.0,yfinance_raw_daily
2003-05-29,875.0,875.0,850.0,875.0,426.1247863769531,35078500,0.0,0.0,yfinance_raw_daily
2003-05-30,875.0,875.0,875.0,875.0,426.1247863769531,0,0.0,0.0,yfinance_raw_daily
2003-06-02,875.0,900.0,875.0,875.0,426.1247863769531,28347000,0.0,0.0,yfinance_raw_daily
2003-06-03,875.0,900.0,875.0,900.0,438.2996826171875,5037000,0.0,0.0,yfinance_raw_daily
2003-06-04,900.0,900.0,875.0,900.0,438.2996826171875,6043500,0.0,0.0,yfinance_raw_daily
2003-06-05,900.0,950.0,900.0,950.0,462.6496887207031,73201500,0.0,0.0,yfinance_raw_daily
2003-06-06,925.0,950.0,900.0,925.0,450.47479248046875,24888500,0.0,0.0,yfinance_raw_daily
2003-06-09,925.0,950.0,925.0,950.0,462.6496887207031,8861500,0.0,0.0,yfinance_raw_daily
2003-06-10,925.0,950.0,925.0,950.0,462.6496887207031,1404500,0.0,0.0,yfinance_raw_daily
2003-06-11,950.0,950.0,900.0,925.0,450.47479248046875,24994000,0.0,0.0,yfinance_raw_daily
2003-06-12,900.0,925.0,875.0,900.0,438.2996826171875,34116000,0.0,0.0,yfinance_raw_daily
2003-06-13,900.0,925.0,900.0,925.0,450.47479248046875,17153500,0.0,0.0,yfinance_raw_daily
2003-06-16,925.0,925.0,900.0,925.0,450.47479248046875,4980000,0.0,0.0,yfinance_raw_daily
2003-06-17,925.0,950.0,875.0,900.0,438.2996826171875,29116500,0.0,0.0,yfinance_raw_daily
2003-06-18,875.0,875.0,825.0,850.0,413.9497985839844,77081000,0.0,0.0,yfinance_raw_daily
2003-06-19,850.0,875.0,825.0,875.0,426.1247863769531,36412500,0.0,0.0,yfinance_raw_daily
2003-06-20,850.0,900.0,850.0,875.0,426.1247863769531,21999000,0.0,0.0,yfinance_raw_daily
2003-06-23,875.0,875.0,850.0,875.0,426.1247863769531,2813500,0.0,0.0,yfinance_raw_daily
2003-06-24,875.0,875.0,850.0,875.0,426.1247863769531,9017500,0.0,0.0,yfinance_raw_daily
2003-06-25,875.0,875.0,825.0,850.0,413.9497985839844,7582500,0.0,0.0,yfinance_raw_daily
2003-06-26,825.0,850.0,800.0,850.0,413.9497985839844,33727000,0.0,0.0,yfinance_raw_daily
2003-06-27,850.0,875.0,850.0,875.0,426.1247863769531,26561000,0.0,0.0,yfinance_raw_daily
2003-06-30,875.0,875.0,825.0,850.0,413.9497985839844,11282500,0.0,0.0,yfinance_raw_daily
2003-07-01,850.0,875.0,850.0,875.0,426.1247863769531,4332500,0.0,0.0,yfinance_raw_daily
2003-07-02,850.0,875.0,850.0,875.0,426.1247863769531,2658000,0.0,0.0,yfinance_raw_daily
2003-07-03,875.0,900.0,875.0,900.0,438.2996826171875,35027500,0.0,0.0,yfinance_raw_daily
2003-07-04,875.0,875.0,850.0,875.0,426.1247863769531,5566500,0.0,0.0,yfinance_raw_daily
2003-07-07,875.0,900.0,875.0,900.0,438.2996826171875,8735500,0.0,0.0,yfinance_raw_daily
2003-07-08,900.0,900.0,900.0,900.0,438.2996826171875,21699000,0.0,0.0,yfinance_raw_daily
2003-07-09,900.0,900.0,875.0,900.0,438.2996826171875,1832500,0.0,0.0,yfinance_raw_daily
2003-07-10,875.0,900.0,875.0,900.0,438.2996826171875,2285500,0.0,0.0,yfinance_raw_daily
2003-07-11,875.0,900.0,875.0,900.0,438.2996826171875,3861500,0.0,0.0,yfinance_raw_daily
2003-07-14,900.0,900.0,875.0,900.0,438.2996826171875,8006500,0.0,0.0,yfinance_raw_daily
2003-07-15,875.0,875.0,875.0,875.0,426.1247863769531,16967000,0.0,0.0,yfinance_raw_daily
2003-07-16,875.0,875.0,875.0,875.0,426.1247863769531,10336500,0.0,0.0,yfinance_raw_daily
2003-07-17,875.0,875.0,825.0,850.0,413.9497985839844,21151500,0.0,0.0,yfinance_raw_daily
2003-07-18,850.0,850.0,825.0,850.0,428.05029296875,5323500,28.0,0.0,yfinance_raw_daily
2003-07-21,850.0,850.0,825.0,850.0,428.05029296875,4664500,0.0,0.0,yfinance_raw_daily
2003-07-22,825.0,850.0,825.0,850.0,428.05029296875,3527500,0.0,0.0,yfinance_raw_daily
2003-07-23,825.0,825.0,775.0,800.0,402.8708190917969,7082500,0.0,0.0,yfinance_raw_daily
2003-07-24,800.0,800.0,725.0,800.0,402.8708190917969,57415000,0.0,0.0,yfinance_raw_daily
2003-07-25,775.0,800.0,750.0,775.0,390.2810974121094,13487000,0.0,0.0,yfinance_raw_daily
2003-07-28,775.0,800.0,750.0,750.0,377.6914367675781,12248500,0.0,0.0,yfinance_raw_daily
2003-07-29,775.0,775.0,750.0,775.0,390.2810974121094,1809000,0.0,0.0,yfinance_raw_daily
2003-07-30,775.0,775.0,775.0,775.0,390.2810974121094,735500,0.0,0.0,yfinance_raw_daily
2003-07-31,750.0,775.0,750.0,775.0,390.2810974121094,19166500,0.0,0.0,yfinance_raw_daily
2003-08-01,750.0,750.0,725.0,750.0,377.6914367675781,4118000,0.0,0.0,yfinance_raw_daily
2003-08-04,750.0,750.0,725.0,750.0,377.6914367675781,9620000,0.0,0.0,yfinance_raw_daily
2003-08-05,725.0,750.0,675.0,725.0,365.1016540527344,18955000,0.0,0.0,yfinance_raw_daily
2003-08-06,700.0,725.0,700.0,700.0,352.5119323730469,13229000,0.0,0.0,yfinance_raw_daily
2003-08-07,700.0,750.0,700.0,750.0,377.6914367675781,50475000,0.0,0.0,yfinance_raw_daily
2003-08-08,750.0,750.0,700.0,725.0,365.1016540527344,5065000,0.0,0.0,yfinance_raw_daily
2003-08-11,725.0,750.0,725.0,750.0,377.6914367675781,2927000,0.0,0.0,yfinance_raw_daily
2003-08-12,725.0,750.0,725.0,750.0,377.6914367675781,324500,0.0,0.0,yfinance_raw_daily
2003-08-13,750.0,750.0,725.0,750.0,377.6914367675781,3475000,0.0,0.0,yfinance_raw_daily
2003-08-14,750.0,750.0,725.0,750.0,377.6914367675781,226500,0.0,0.0,yfinance_raw_daily
2003-08-15,725.0,725.0,700.0,725.0,365.1016540527344,16986000,0.0,0.0,yfinance_raw_daily
2003-08-18,725.0,725.0,725.0,725.0,365.1016540527344,0,0.0,0.0,yfinance_raw_daily
2003-08-19,725.0,725.0,675.0,700.0,352.5119323730469,39487500,0.0,0.0,yfinance_raw_daily
2003-08-20,675.0,700.0,650.0,700.0,352.5119323730469,45775000,0.0,0.0,yfinance_raw_daily
2003-08-21,675.0,700.0,675.0,700.0,352.5119323730469,24256000,0.0,0.0,yfinance_raw_daily
2003-08-22,675.0,700.0,675.0,700.0,352.5119323730469,4602500,0.0,0.0,yfinance_raw_daily
2003-08-25,700.0,700.0,675.0,700.0,352.5119323730469,2566500,0.0,0.0,yfinance_raw_daily
2003-08-26,675.0,700.0,675.0,675.0,339.9222717285156,17722500,0.0,0.0,yfinance_raw_daily
2003-08-27,675.0,675.0,650.0,675.0,339.9222717285156,9231000,0.0,0.0,yfinance_raw_daily
2003-08-28,675.0,675.0,650.0,675.0,339.9222717285156,14003500,0.0,0.0,yfinance_raw_daily
2003-08-29,675.0,675.0,650.0,675.0,339.9222717285156,3860500,0.0,0.0,yfinance_raw_daily
2003-09-01,675.0,675.0,650.0,675.0,339.9222717285156,1241000,0.0,0.0,yfinance_raw_daily
2003-09-02,675.0,675.0,650.0,675.0,339.9222717285156,11998000,0.0,0.0,yfinance_raw_daily
2003-09-03,675.0,725.0,675.0,725.0,365.1016540527344,78186000,0.0,0.0,yfinance_raw_daily
2003-09-04,725.0,750.0,700.0,725.0,365.1016540527344,69519500,0.0,0.0,yfinance_raw_daily
2003-09-05,725.0,775.0,725.0,750.0,377.6914367675781,47509500,0.0,0.0,yfinance_raw_daily
2003-09-08,750.0,750.0,700.0,750.0,377.6914367675781,26219000,0.0,0.0,yfinance_raw_daily
2003-09-09,750.0,750.0,725.0,750.0,377.6914367675781,8246000,0.0,0.0,yfinance_raw_daily
2003-09-10,725.0,750.0,700.0,750.0,377.6914367675781,22112500,0.0,0.0,yfinance_raw_daily
2003-09-11,725.0,725.0,700.0,725.0,365.1016540527344,13543500,0.0,0.0,yfinance_raw_daily
2003-09-12,700.0,725.0,700.0,725.0,365.1016540527344,9224000,0.0,0.0,yfinance_raw_daily
2003-09-15,725.0,725.0,700.0,725.0,365.1016540527344,10479000,0.0,0.0,yfinance_raw_daily
2003-09-16,725.0,750.0,700.0,725.0,365.1016540527344,23319500,0.0,0.0,yfinance_raw_daily
2003-09-17,725.0,750.0,725.0,750.0,377.6914367675781,9549500,0.0,0.0,yfinance_raw_daily
2003-09-18,725.0,725.0,700.0,725.0,365.1016540527344,9760000,0.0,0.0,yfinance_raw_daily
2003-09-19,725.0,750.0,725.0,750.0,377.6914367675781,4015500,0.0,0.0,yfinance_raw_daily
2003-09-22,750.0,750.0,750.0,750.0,377.6914367675781,0,0.0,0.0,yfinance_raw_daily
2003-09-23,725.0,725.0,700.0,725.0,365.1016540527344,7120000,0.0,0.0,yfinance_raw_daily
2003-09-24,725.0,750.0,725.0,750.0,377.6914367675781,12307500,0.0,0.0,yfinance_raw_daily
2003-09-25,725.0,775.0,725.0,775.0,390.2810974121094,70561500,0.0,0.0,yfinance_raw_daily
2003-09-26,750.0,750.0,725.0,750.0,377.6914367675781,15421500,0.0,0.0,yfinance_raw_daily
2003-09-29,750.0,750.0,725.0,750.0,377.6914367675781,7530000,0.0,0.0,yfinance_raw_daily
2003-09-30,725.0,750.0,700.0,725.0,365.1016540527344,24366000,0.0,0.0,yfinance_raw_daily
2003-10-01,725.0,725.0,700.0,725.0,365.1016540527344,4025500,0.0,0.0,yfinance_raw_daily
2003-10-02,725.0,750.0,700.0,725.0,365.1016540527344,19623000,0.0,0.0,yfinance_raw_daily
2003-10-03,725.0,750.0,725.0,750.0,377.6914367675781,25829500,0.0,0.0,yfinance_raw_daily
2003-10-06,725.0,725.0,700.0,725.0,365.1016540527344,21102500,0.0,0.0,yfinance_raw_daily
2003-10-07,725.0,725.0,700.0,725.0,365.1016540527344,8993500,0.0,0.0,yfinance_raw_daily
2003-10-08,725.0,725.0,700.0,725.0,365.1016540527344,7729000,0.0,0.0,yfinance_raw_daily
2003-10-09,725.0,775.0,725.0,750.0,377.6914367675781,53259500,0.0,0.0,yfinance_raw_daily
2003-10-10,750.0,775.0,725.0,750.0,377.6914367675781,33346000,0.0,0.0,yfinance_raw_daily
2003-10-13,750.0,775.0,750.0,775.0,390.2810974121094,17715000,0.0,0.0,yfinance_raw_daily
2003-10-14,775.0,775.0,725.0,750.0,377.6914367675781,24717500,0.0,0.0,yfinance_raw_daily
2003-10-15,750.0,775.0,725.0,775.0,390.2810974121094,16864000,0.0,0.0,yfinance_raw_daily
2003-10-16,775.0,825.0,775.0,800.0,402.8708190917969,57118000,0.0,0.0,yfinance_raw_daily
2003-10-17,800.0,800.0,775.0,800.0,402.8708190917969,5121000,0.0,0.0,yfinance_raw_daily
2003-10-20,800.0,800.0,775.0,800.0,402.8708190917969,9045000,0.0,0.0,yfinance_raw_daily
2003-10-21,800.0,800.0,750.0,775.0,390.2810974121094,52397500,0.0,0.0,yfinance_raw_daily
2003-10-22,775.0,775.0,725.0,750.0,377.6914367675781,12440000,0.0,0.0,yfinance_raw_daily
2003-10-23,725.0,750.0,700.0,725.0,365.1016540527344,45792000,0.0,0.0,yfinance_raw_daily
2003-10-24,725.0,750.0,725.0,750.0,377.6914367675781,4384000,0.0,0.0,yfinance_raw_daily
2003-10-27,725.0,725.0,700.0,725.0,365.1016540527344,3127500,0.0,0.0,yfinance_raw_daily
2003-10-28,725.0,750.0,725.0,725.0,365.1016540527344,15853000,0.0,0.0,yfinance_raw_daily
2003-10-29,725.0,725.0,700.0,725.0,365.1016540527344,6765500,0.0,0.0,yfinance_raw_daily
2003-10-30,725.0,725.0,700.0,725.0,365.1016540527344,381500,0.0,0.0,yfinance_raw_daily
2003-10-31,700.0,725.0,675.0,700.0,352.5119323730469,20311000,0.0,0.0,yfinance_raw_daily
2003-11-03,675.0,700.0,675.0,700.0,352.5119323730469,14542500,0.0,0.0,yfinance_raw_daily
2003-11-04,675.0,700.0,675.0,700.0,352.5119323730469,3037000,0.0,0.0,yfinance_raw_daily
2003-11-05,700.0,700.0,675.0,700.0,352.5119323730469,2275000,0.0,0.0,yfinance_raw_daily
2003-11-06,700.0,725.0,675.0,700.0,352.5119323730469,46275000,0.0,0.0,yfinance_raw_daily
2003-11-07,700.0,700.0,650.0,675.0,339.9222717285156,25359500,0.0,0.0,yfinance_raw_daily
2003-11-10,700.0,700.0,650.0,650.0,327.33258056640625,17501000,0.0,0.0,yfinance_raw_daily
2003-11-11,650.0,675.0,650.0,675.0,339.9222717285156,26807000,0.0,0.0,yfinance_raw_daily
2003-11-12,675.0,675.0,650.0,675.0,339.9222717285156,1231000,0.0,0.0,yfinance_raw_daily
2003-11-13,675.0,675.0,650.0,675.0,339.9222717285156,1268500,0.0,0.0,yfinance_raw_daily
2003-11-14,675.0,675.0,650.0,675.0,339.9222717285156,4937500,0.0,0.0,yfinance_raw_daily
2003-11-17,650.0,650.0,650.0,650.0,327.33258056640625,15318000,0.0,0.0,yfinance_raw_daily
2003-11-18,650.0,650.0,625.0,650.0,327.33258056640625,1033000,0.0,0.0,yfinance_raw_daily
2003-11-19,650.0,650.0,625.0,650.0,327.33258056640625,2496000,0.0,0.0,yfinance_raw_daily
2003-11-20,650.0,650.0,625.0,650.0,327.33258056640625,20513500,0.0,0.0,yfinance_raw_daily
2003-11-21,650.0,675.0,650.0,675.0,339.9222717285156,23892500,0.0,0.0,yfinance_raw_daily
2003-11-24,675.0,675.0,675.0,675.0,339.9222717285156,0,0.0,0.0,yfinance_raw_daily
2003-11-25,675.0,675.0,675.0,675.0,339.9222717285156,0,0.0,0.0,yfinance_raw_daily
2003-11-26,675.0,675.0,675.0,675.0,339.9222717285156,0,0.0,0.0,yfinance_raw_daily
2003-11-27,675.0,675.0,675.0,675.0,339.9222717285156,0,0.0,0.0,yfinance_raw_daily
2003-11-28,675.0,675.0,675.0,675.0,339.9222717285156,0,0.0,0.0,yfinance_raw_daily
2003-12-01,675.0,725.0,675.0,700.0,352.5119323730469,29987000,0.0,0.0,yfinance_raw_daily
2003-12-02,700.0,700.0,675.0,700.0,352.5119323730469,4991000,0.0,0.0,yfinance_raw_daily
2003-12-03,700.0,725.0,675.0,725.0,365.1016540527344,21273000,0.0,0.0,yfinance_raw_daily
2003-12-04,725.0,725.0,700.0,725.0,365.1016540527344,3127000,0.0,0.0,yfinance_raw_daily
2003-12-05,700.0,750.0,700.0,750.0,377.6914367675781,19951000,0.0,0.0,yfinance_raw_daily
2003-12-08,725.0,775.0,725.0,775.0,390.2810974121094,28187000,0.0,0.0,yfinance_raw_daily
2003-12-09,775.0,775.0,750.0,775.0,390.2810974121094,51939000,0.0,0.0,yfinance_raw_daily
2003-12-10,750.0,775.0,750.0,775.0,390.2810974121094,3207500,0.0,0.0,yfinance_raw_daily
2003-12-11,750.0,775.0,750.0,775.0,390.2810974121094,50950500,0.0,0.0,yfinance_raw_daily
2003-12-12,775.0,800.0,750.0,775.0,390.2810974121094,23280500,0.0,0.0,yfinance_raw_daily
2003-12-15,775.0,775.0,725.0,750.0,377.6914367675781,21421000,0.0,0.0,yfinance_raw_daily
2003-12-16,725.0,775.0,725.0,775.0,390.2810974121094,21642000,0.0,0.0,yfinance_raw_daily
2003-12-17,750.0,775.0,725.0,750.0,377.6914367675781,28083500,0.0,0.0,yfinance_raw_daily
2003-12-18,750.0,750.0,700.0,750.0,377.6914367675781,19956500,0.0,0.0,yfinance_raw_daily
2003-12-19,750.0,775.0,750.0,775.0,390.2810974121094,24437500,0.0,0.0,yfinance_raw_daily
2003-12-22,775.0,800.0,750.0,800.0,402.8708190917969,48601000,0.0,0.0,yfinance_raw_daily
2003-12-23,800.0,825.0,775.0,800.0,402.8708190917969,47166500,0.0,0.0,yfinance_raw_daily
2003-12-24,800.0,800.0,800.0,800.0,402.8708190917969,0,0.0,0.0,yfinance_raw_daily
2003-12-25,800.0,800.0,800.0,800.0,402.8708190917969,0,0.0,0.0,yfinance_raw_daily
2003-12-26,800.0,800.0,800.0,800.0,402.8708190917969,0,0.0,0.0,yfinance_raw_daily
2003-12-29,800.0,825.0,800.0,825.0,415.4604187011719,15786500,0.0,0.0,yfinance_raw_daily
2003-12-30,800.0,825.0,775.0,800.0,402.8708190917969,33459000,0.0,0.0,yfinance_raw_daily
2003-12-31,800.0,800.0,800.0,800.0,402.8708190917969,0,0.0,0.0,yfinance_raw_daily
2004-01-01,800.0,800.0,800.0,800.0,402.8708190917969,0,0.0,0.0,yfinance_raw_daily
2004-01-02,775.0,825.0,775.0,825.0,415.4604187011719,30161000,0.0,0.0,yfinance_raw_daily
2004-01-05,825.0,850.0,800.0,825.0,415.4604187011719,55093000,0.0,0.0,yfinance_raw_daily
2004-01-06,825.0,825.0,800.0,825.0,415.4604187011719,43778500,0.0,0.0,yfinance_raw_daily
2004-01-07,800.0,825.0,800.0,800.0,402.8708190917969,15700500,0.0,0.0,yfinance_raw_daily
2004-01-08,800.0,825.0,800.0,825.0,415.4604187011719,13070000,0.0,0.0,yfinance_raw_daily
2004-01-09,825.0,875.0,825.0,875.0,440.6400146484375,157287000,0.0,0.0,yfinance_raw_daily
2004-01-12,850.0,900.0,825.0,875.0,440.6400146484375,70569500,0.0,0.0,yfinance_raw_daily
2004-01-13,900.0,900.0,850.0,875.0,440.6400146484375,16056000,0.0,0.0,yfinance_raw_daily
2004-01-14,875.0,900.0,850.0,900.0,453.2296142578125,25411000,0.0,0.0,yfinance_raw_daily
2004-01-15,900.0,925.0,875.0,900.0,453.2296142578125,73653500,0.0,0.0,yfinance_raw_daily
2004-01-16,900.0,900.0,875.0,900.0,453.2296142578125,12758000,0.0,0.0,yfinance_raw_daily
2004-01-19,900.0,900.0,850.0,875.0,440.6400146484375,19891000,0.0,0.0,yfinance_raw_daily
2004-01-20,875.0,875.0,850.0,875.0,440.6400146484375,7336500,0.0,0.0,yfinance_raw_daily
2004-01-21,875.0,875.0,850.0,875.0,440.6400146484375,12677000,0.0,0.0,yfinance_raw_daily
2004-01-22,875.0,875.0,875.0,875.0,440.6400146484375,0,0.0,0.0,yfinance_raw_daily
2004-01-23,875.0,900.0,875.0,900.0,453.2296142578125,47756500,0.0,0.0,yfinance_raw_daily
2004-01-26,875.0,900.0,875.0,900.0,453.2296142578125,3702000,0.0,0.0,yfinance_raw_daily
2004-01-27,875.0,900.0,850.0,875.0,440.6400146484375,70350500,0.0,0.0,yfinance_raw_daily
2004-01-28,850.0,875.0,850.0,850.0,428.05029296875,14754500,0.0,0.0,yfinance_raw_daily
2004-01-29,850.0,850.0,825.0,850.0,428.05029296875,15723500,0.0,0.0,yfinance_raw_daily
2004-01-30,825.0,850.0,825.0,850.0,428.05029296875,2537500,0.0,0.0,yfinance_raw_daily
2004-02-02,850.0,850.0,850.0,850.0,428.05029296875,0,0.0,0.0,yfinance_raw_daily
2004-02-03,825.0,825.0,800.0,825.0,415.4604187011719,43742500,0.0,0.0,yfinance_raw_daily
2004-02-04,800.0,825.0,800.0,825.0,415.4604187011719,2329500,0.0,0.0,yfinance_raw_daily
2004-02-05,800.0,825.0,800.0,825.0,415.4604187011719,16819500,0.0,0.0,yfinance_raw_daily
2004-02-06,800.0,850.0,800.0,850.0,428.05029296875,18211000,0.0,0.0,yfinance_raw_daily
2004-02-09,850.0,850.0,825.0,850.0,428.05029296875,3671500,0.0,0.0,yfinance_raw_daily
2004-02-10,825.0,850.0,825.0,850.0,428.05029296875,620500,0.0,0.0,yfinance_raw_daily
2004-02-11,825.0,850.0,825.0,850.0,428.05029296875,1111000,0.0,0.0,yfinance_raw_daily
2004-02-12,850.0,850.0,825.0,825.0,415.4604187011719,12710000,0.0,0.0,yfinance_raw_daily
2004-02-13,825.0,850.0,825.0,850.0,428.05029296875,7918000,0.0,0.0,yfinance_raw_daily
2004-02-16,825.0,850.0,825.0,850.0,428.05029296875,642000,0.0,0.0,yfinance_raw_daily
2004-02-17,825.0,850.0,825.0,825.0,415.4604187011719,1674000,0.0,0.0,yfinance_raw_daily
2004-02-18,850.0,875.0,825.0,850.0,428.05029296875,25760000,0.0,0.0,yfinance_raw_daily
2004-02-19,850.0,850.0,825.0,850.0,428.05029296875,5517500,0.0,0.0,yfinance_raw_daily
2004-02-20,850.0,875.0,850.0,850.0,428.05029296875,16644500,0.0,0.0,yfinance_raw_daily
2004-02-23,850.0,850.0,850.0,850.0,428.05029296875,0,0.0,0.0,yfinance_raw_daily
2004-02-24,875.0,875.0,825.0,850.0,428.05029296875,15668000,0.0,0.0,yfinance_raw_daily
2004-02-25,825.0,875.0,825.0,875.0,440.6400146484375,22381000,0.0,0.0,yfinance_raw_daily
2004-02-26,850.0,875.0,850.0,850.0,428.05029296875,10884000,0.0,0.0,yfinance_raw_daily
2004-02-27,850.0,850.0,825.0,850.0,428.05029296875,1624000,0.0,0.0,yfinance_raw_daily
2004-03-01,850.0,850.0,825.0,850.0,428.05029296875,16810500,0.0,0.0,yfinance_raw_daily
2004-03-02,850.0,875.0,825.0,825.0,415.4604187011719,21694000,0.0,0.0,yfinance_raw_daily
2004-03-03,850.0,850.0,825.0,825.0,415.4604187011719,2265500,0.0,0.0,yfinance_raw_daily
2004-03-04,850.0,850.0,825.0,850.0,428.05029296875,21106000,0.0,0.0,yfinance_raw_daily
2004-03-05,825.0,850.0,825.0,825.0,415.4604187011719,4556500,0.0,0.0,yfinance_raw_daily
2004-03-08,825.0,825.0,800.0,825.0,415.4604187011719,20091500,0.0,0.0,yfinance_raw_daily
2004-03-09,800.0,825.0,775.0,775.0,390.2810974121094,28670500,0.0,0.0,yfinance_raw_daily
2004-03-10,800.0,800.0,775.0,800.0,402.8708190917969,31769500,0.0,0.0,yfinance_raw_daily
2004-03-11,775.0,775.0,750.0,775.0,390.2810974121094,12066500,0.0,0.0,yfinance_raw_daily
2004-03-12,750.0,775.0,725.0,775.0,390.2810974121094,43440500,0.0,0.0,yfinance_raw_daily
2004-03-15,775.0,775.0,725.0,750.0,377.6914367675781,6658000,0.0,0.0,yfinance_raw_daily
2004-03-16,725.0,750.0,725.0,750.0,377.6914367675781,18321000,0.0,0.0,yfinance_raw_daily
2004-03-17,750.0,775.0,725.0,775.0,390.2810974121094,11218000,0.0,0.0,yfinance_raw_daily
2004-03-18,750.0,775.0,750.0,775.0,390.2810974121094,919500,0.0,0.0,yfinance_raw_daily
2004-03-19,775.0,775.0,750.0,775.0,390.2810974121094,221500,0.0,0.0,yfinance_raw_daily
2004-03-22,775.0,775.0,775.0,775.0,390.2810974121094,0,0.0,0.0,yfinance_raw_daily
2004-03-23,750.0,775.0,750.0,775.0,390.2810974121094,13018500,0.0,0.0,yfinance_raw_daily
2004-03-24,750.0,775.0,750.0,775.0,390.2810974121094,5462500,0.0,0.0,yfinance_raw_daily
2004-03-25,750.0,750.0,725.0,750.0,377.6914367675781,6812000,0.0,0.0,yfinance_raw_daily
2004-03-26,750.0,750.0,725.0,750.0,377.6914367675781,7937000,0.0,0.0,yfinance_raw_daily
2004-03-29,750.0,775.0,725.0,775.0,390.2810974121094,13210000,0.0,0.0,yfinance_raw_daily
2004-03-30,775.0,800.0,750.0,800.0,402.8708190917969,10427500,0.0,0.0,yfinance_raw_daily
2004-03-31,800.0,800.0,775.0,800.0,402.8708190917969,18504500,0.0,0.0,yfinance_raw_daily
2004-04-01,800.0,800.0,775.0,775.0,390.2810974121094,6935000,0.0,0.0,yfinance_raw_daily
2004-04-02,800.0,825.0,775.0,825.0,415.4604187011719,12663500,0.0,0.0,yfinance_raw_daily
2004-04-05,825.0,825.0,825.0,825.0,415.4604187011719,0,0.0,0.0,yfinance_raw_daily
2004-04-06,825.0,825.0,800.0,825.0,415.4604187011719,4103000,0.0,0.0,yfinance_raw_daily
2004-04-07,825.0,825.0,775.0,800.0,402.8708190917969,23575000,0.0,0.0,yfinance_raw_daily
2004-04-08,800.0,800.0,750.0,750.0,377.6914367675781,17152000,0.0,0.0,yfinance_raw_daily
2004-04-09,750.0,750.0,750.0,750.0,377.6914367675781,0,0.0,0.0,yfinance_raw_daily
2004-04-12,775.0,775.0,750.0,775.0,390.2810974121094,953500,0.0,0.0,yfinance_raw_daily
2004-04-13,775.0,775.0,750.0,775.0,390.2810974121094,2065000,0.0,0.0,yfinance_raw_daily
2004-04-14,750.0,775.0,750.0,775.0,390.2810974121094,51110500,0.0,0.0,yfinance_raw_daily
2004-04-15,750.0,775.0,725.0,750.0,377.6914367675781,17544000,0.0,0.0,yfinance_raw_daily
2004-04-16,750.0,750.0,725.0,725.0,365.1016540527344,2464500,0.0,0.0,yfinance_raw_daily
2004-04-19,750.0,775.0,725.0,750.0,377.6914367675781,18591500,0.0,0.0,yfinance_raw_daily
2004-04-20,750.0,775.0,750.0,775.0,390.2810974121094,10754500,0.0,0.0,yfinance_raw_daily
2004-04-21,775.0,800.0,750.0,775.0,390.2810974121094,49275500,0.0,0.0,yfinance_raw_daily
2004-04-22,775.0,775.0,750.0,750.0,377.6914367675781,1732500,0.0,0.0,yfinance_raw_daily
2004-04-23,775.0,775.0,750.0,775.0,390.2810974121094,1324500,0.0,0.0,yfinance_raw_daily
2004-04-26,775.0,775.0,750.0,750.0,377.6914367675781,13283500,0.0,0.0,yfinance_raw_daily
2004-04-27,750.0,775.0,750.0,775.0,390.2810974121094,2263000,0.0,0.0,yfinance_raw_daily
2004-04-28,775.0,775.0,750.0,775.0,390.2810974121094,3990000,0.0,0.0,yfinance_raw_daily
2004-04-29,750.0,775.0,725.0,775.0,390.2810974121094,19359000,0.0,0.0,yfinance_raw_daily
2004-04-30,750.0,750.0,725.0,750.0,377.6914367675781,6340000,0.0,0.0,yfinance_raw_daily
2004-05-03,750.0,750.0,750.0,750.0,377.6914367675781,0,0.0,0.0,yfinance_raw_daily
2004-05-04,725.0,750.0,725.0,725.0,365.1016540527344,23822500,0.0,0.0,yfinance_raw_daily
2004-05-05,725.0,725.0,700.0,725.0,365.1016540527344,7238500,0.0,0.0,yfinance_raw_daily
2004-05-06,700.0,725.0,700.0,725.0,365.1016540527344,2699000,0.0,0.0,yfinance_raw_daily
2004-05-07,700.0,700.0,675.0,700.0,352.5119323730469,31338500,0.0,0.0,yfinance_raw_daily
2004-05-10,675.0,675.0,650.0,675.0,339.9222717285156,16629500,0.0,0.0,yfinance_raw_daily
2004-05-11,650.0,700.0,650.0,700.0,352.5119323730469,30902500,0.0,0.0,yfinance_raw_daily
2004-05-12,675.0,700.0,675.0,700.0,352.5119323730469,8465500,0.0,0.0,yfinance_raw_daily
2004-05-13,700.0,700.0,650.0,650.0,327.33258056640625,11831500,0.0,0.0,yfinance_raw_daily
2004-05-14,675.0,675.0,650.0,675.0,339.9222717285156,1932500,0.0,0.0,yfinance_raw_daily
2004-05-17,650.0,650.0,600.0,625.0,314.7428283691406,15917000,0.0,0.0,yfinance_raw_daily
2004-05-18,625.0,650.0,600.0,650.0,327.33258056640625,11305000,0.0,0.0,yfinance_raw_daily
2004-05-19,650.0,650.0,625.0,650.0,327.33258056640625,10214500,0.0,0.0,yfinance_raw_daily
2004-05-20,650.0,650.0,650.0,650.0,327.33258056640625,0,0.0,0.0,yfinance_raw_daily
2004-05-21,650.0,675.0,625.0,650.0,327.33258056640625,10195000,0.0,0.0,yfinance_raw_daily
2004-05-24,650.0,675.0,650.0,675.0,339.9222717285156,11985000,0.0,0.0,yfinance_raw_daily
2004-05-25,650.0,650.0,625.0,650.0,327.33258056640625,2337500,0.0,0.0,yfinance_raw_daily
2004-05-26,650.0,675.0,625.0,650.0,327.33258056640625,10311000,0.0,0.0,yfinance_raw_daily
2004-05-27,650.0,675.0,650.0,675.0,339.9222717285156,9399000,0.0,0.0,yfinance_raw_daily
2004-05-28,675.0,700.0,650.0,700.0,352.5119323730469,33264000,0.0,0.0,yfinance_raw_daily
2004-05-31,675.0,700.0,650.0,700.0,352.5119323730469,9724000,0.0,0.0,yfinance_raw_daily
2004-06-01,675.0,675.0,650.0,675.0,339.9222717285156,4036000,0.0,0.0,yfinance_raw_daily
2004-06-02,675.0,675.0,650.0,675.0,339.9222717285156,3244000,0.0,0.0,yfinance_raw_daily
2004-06-03,675.0,675.0,675.0,675.0,339.9222717285156,0,0.0,0.0,yfinance_raw_daily
2004-06-04,650.0,675.0,625.0,675.0,339.9222717285156,8222500,0.0,0.0,yfinance_raw_daily
2004-06-07,675.0,675.0,650.0,675.0,339.9222717285156,3016000,0.0,0.0,yfinance_raw_daily
2004-06-08,675.0,675.0,650.0,675.0,339.9222717285156,13423000,0.0,0.0,yfinance_raw_daily
2004-06-09,675.0,675.0,650.0,675.0,339.9222717285156,8009500,0.0,0.0,yfinance_raw_daily
2004-06-10,675.0,675.0,650.0,675.0,339.9222717285156,7617500,0.0,0.0,yfinance_raw_daily
2004-06-11,675.0,675.0,675.0,675.0,339.9222717285156,3294500,0.0,0.0,yfinance_raw_daily
2004-06-14,675.0,675.0,650.0,675.0,339.9222717285156,680000,0.0,0.0,yfinance_raw_daily
2004-06-15,650.0,675.0,650.0,675.0,339.9222717285156,1725500,0.0,0.0,yfinance_raw_daily
2004-06-16,675.0,675.0,650.0,650.0,327.33258056640625,2919000,0.0,0.0,yfinance_raw_daily
2004-06-17,675.0,675.0,675.0,675.0,339.9222717285156,5339500,0.0,0.0,yfinance_raw_daily
2004-06-18,650.0,675.0,650.0,675.0,339.9222717285156,77000,0.0,0.0,yfinance_raw_daily
2004-06-21,650.0,675.0,650.0,675.0,339.9222717285156,920500,0.0,0.0,yfinance_raw_daily
2004-06-22,650.0,675.0,650.0,675.0,339.9222717285156,305000,0.0,0.0,yfinance_raw_daily
2004-06-23,650.0,675.0,650.0,675.0,339.9222717285156,9168000,0.0,0.0,yfinance_raw_daily
2004-06-24,650.0,675.0,650.0,675.0,339.9222717285156,4597500,0.0,0.0,yfinance_raw_daily
2004-06-25,675.0,675.0,650.0,675.0,339.9222717285156,984500,0.0,0.0,yfinance_raw_daily
2004-06-28,675.0,675.0,650.0,650.0,327.33258056640625,10813500,0.0,0.0,yfinance_raw_daily
2004-06-29,675.0,675.0,675.0,675.0,339.9222717285156,1136500,0.0,0.0,yfinance_raw_daily
2004-06-30,675.0,700.0,675.0,700.0,352.5119323730469,11418500,0.0,0.0,yfinance_raw_daily
2004-07-01,675.0,675.0,650.0,675.0,339.9222717285156,1927000,0.0,0.0,yfinance_raw_daily
2004-07-02,675.0,725.0,650.0,725.0,365.1016540527344,26372500,0.0,0.0,yfinance_raw_daily
2004-07-05,725.0,725.0,725.0,725.0,365.1016540527344,0,0.0,0.0,yfinance_raw_daily
2004-07-06,725.0,725.0,675.0,725.0,365.1016540527344,11411500,0.0,0.0,yfinance_raw_daily
2004-07-07,700.0,750.0,700.0,750.0,377.6914367675781,50484500,0.0,0.0,yfinance_raw_daily
2004-07-08,750.0,750.0,725.0,725.0,365.1016540527344,5063000,0.0,0.0,yfinance_raw_daily
2004-07-09,725.0,750.0,725.0,750.0,377.6914367675781,5326000,0.0,0.0,yfinance_raw_daily
2004-07-12,750.0,750.0,725.0,725.0,365.1016540527344,4107000,0.0,0.0,yfinance_raw_daily
2004-07-13,700.0,725.0,700.0,725.0,365.1016540527344,974000,0.0,0.0,yfinance_raw_daily
2004-07-14,725.0,725.0,700.0,725.0,365.1016540527344,11395500,0.0,0.0,yfinance_raw_daily
2004-07-15,700.0,725.0,700.0,725.0,365.1016540527344,8750000,0.0,0.0,yfinance_raw_daily
2004-07-16,700.0,725.0,700.0,725.0,379.7686462402344,2928500,28.0,0.0,yfinance_raw_daily
2004-07-19,725.0,725.0,675.0,700.0,366.67315673828125,3085500,0.0,0.0,yfinance_raw_daily
2004-07-20,700.0,700.0,675.0,700.0,366.67315673828125,364500,0.0,0.0,yfinance_raw_daily
2004-07-21,700.0,700.0,675.0,700.0,366.67315673828125,1007000,0.0,0.0,yfinance_raw_daily
2004-07-22,700.0,700.0,675.0,700.0,366.67315673828125,3253000,0.0,0.0,yfinance_raw_daily
2004-07-23,700.0,700.0,675.0,700.0,366.67315673828125,1506500,0.0,0.0,yfinance_raw_daily
2004-07-26,700.0,700.0,675.0,700.0,366.67315673828125,1787000,0.0,0.0,yfinance_raw_daily
2004-07-27,675.0,700.0,675.0,700.0,366.67315673828125,394500,0.0,0.0,yfinance_raw_daily
2004-07-28,700.0,725.0,675.0,700.0,366.67315673828125,13838500,0.0,0.0,yfinance_raw_daily
2004-07-29,700.0,700.0,675.0,700.0,366.67315673828125,567500,0.0,0.0,yfinance_raw_daily
2004-07-30,700.0,700.0,700.0,700.0,366.67315673828125,4037500,0.0,0.0,yfinance_raw_daily
2004-08-02,700.0,700.0,675.0,700.0,366.67315673828125,603000,0.0,0.0,yfinance_raw_daily
2004-08-03,700.0,725.0,700.0,700.0,366.67315673828125,19787000,0.0,0.0,yfinance_raw_daily
2004-08-04,700.0,700.0,675.0,700.0,366.67315673828125,61500,0.0,0.0,yfinance_raw_daily
2004-08-05,700.0,700.0,675.0,700.0,366.67315673828125,127500,0.0,0.0,yfinance_raw_daily
2004-08-06,700.0,700.0,675.0,700.0,366.67315673828125,1571000,0.0,0.0,yfinance_raw_daily
2004-08-09,675.0,700.0,675.0,700.0,366.67315673828125,454000,0.0,0.0,yfinance_raw_daily
2004-08-10,700.0,700.0,675.0,700.0,366.67315673828125,1602000,0.0,0.0,yfinance_raw_daily
2004-08-11,700.0,700.0,675.0,700.0,366.67315673828125,1660000,0.0,0.0,yfinance_raw_daily
2004-08-12,700.0,700.0,675.0,700.0,366.67315673828125,4293500,0.0,0.0,yfinance_raw_daily
2004-08-13,675.0,700.0,675.0,700.0,366.67315673828125,1236000,0.0,0.0,yfinance_raw_daily
2004-08-16,675.0,675.0,650.0,675.0,353.57763671875,25009000,0.0,0.0,yfinance_raw_daily
2004-08-17,675.0,675.0,675.0,675.0,353.57763671875,0,0.0,0.0,yfinance_raw_daily
2004-08-18,650.0,650.0,625.0,625.0,327.38671875,5613000,0.0,0.0,yfinance_raw_daily
2004-08-19,625.0,650.0,625.0,650.0,340.482177734375,2767500,0.0,0.0,yfinance_raw_daily
2004-08-20,650.0,675.0,650.0,675.0,353.57763671875,1291500,0.0,0.0,yfinance_raw_daily
2004-08-23,650.0,675.0,650.0,675.0,353.57763671875,527000,0.0,0.0,yfinance_raw_daily
2004-08-24,650.0,675.0,650.0,675.0,353.57763671875,1229000,0.0,0.0,yfinance_raw_daily
2004-08-25,675.0,675.0,650.0,650.0,340.482177734375,1744000,0.0,0.0,yfinance_raw_daily
2004-08-26,650.0,675.0,625.0,650.0,340.482177734375,8515500,0.0,0.0,yfinance_raw_daily
2004-08-27,650.0,675.0,650.0,650.0,340.482177734375,8068500,0.0,0.0,yfinance_raw_daily
2004-08-30,650.0,675.0,650.0,675.0,353.57763671875,581000,0.0,0.0,yfinance_raw_daily
2004-08-31,650.0,675.0,650.0,675.0,353.57763671875,252000,0.0,0.0,yfinance_raw_daily
2004-09-01,650.0,700.0,650.0,700.0,366.67315673828125,10688000,0.0,0.0,yfinance_raw_daily
2004-09-02,675.0,700.0,675.0,700.0,366.67315673828125,3730000,0.0,0.0,yfinance_raw_daily
2004-09-03,675.0,700.0,675.0,700.0,366.67315673828125,11064500,0.0,0.0,yfinance_raw_daily
2004-09-06,675.0,700.0,675.0,700.0,366.67315673828125,804500,0.0,0.0,yfinance_raw_daily
2004-09-07,675.0,725.0,675.0,725.0,379.7686462402344,15585500,0.0,0.0,yfinance_raw_daily
2004-09-08,725.0,725.0,700.0,725.0,379.7686462402344,5304500,0.0,0.0,yfinance_raw_daily
2004-09-09,725.0,725.0,675.0,725.0,379.7686462402344,38103000,0.0,0.0,yfinance_raw_daily
2004-09-10,725.0,750.0,700.0,750.0,392.8640441894531,21807500,0.0,0.0,yfinance_raw_daily
2004-09-13,750.0,750.0,750.0,750.0,392.8640441894531,0,0.0,0.0,yfinance_raw_daily
2004-09-14,750.0,750.0,725.0,750.0,392.8640441894531,14400000,0.0,0.0,yfinance_raw_daily
2004-09-15,750.0,750.0,725.0,750.0,392.8640441894531,1977500,0.0,0.0,yfinance_raw_daily
2004-09-16,725.0,750.0,725.0,725.0,379.7686462402344,5941000,0.0,0.0,yfinance_raw_daily
2004-09-17,725.0,750.0,725.0,750.0,392.8640441894531,16271500,0.0,0.0,yfinance_raw_daily
2004-09-20,750.0,750.0,750.0,750.0,392.8640441894531,0,0.0,0.0,yfinance_raw_daily
2004-09-21,750.0,750.0,700.0,725.0,379.7686462402344,16069000,0.0,0.0,yfinance_raw_daily
2004-09-22,725.0,725.0,700.0,725.0,379.7686462402344,1471000,0.0,0.0,yfinance_raw_daily
2004-09-23,725.0,725.0,700.0,725.0,379.7686462402344,12361000,0.0,0.0,yfinance_raw_daily
2004-09-24,700.0,725.0,700.0,725.0,379.7686462402344,287000,0.0,0.0,yfinance_raw_daily
2004-09-27,725.0,725.0,700.0,725.0,379.7686462402344,307000,0.0,0.0,yfinance_raw_daily
2004-09-28,700.0,725.0,700.0,725.0,379.7686462402344,2658000,0.0,0.0,yfinance_raw_daily
2004-09-29,700.0,725.0,700.0,725.0,379.7686462402344,904000,0.0,0.0,yfinance_raw_daily
2004-09-30,700.0,725.0,675.0,675.0,353.57763671875,8277000,0.0,0.0,yfinance_raw_daily
2004-10-01,700.0,725.0,700.0,725.0,379.7686462402344,482000,0.0,0.0,yfinance_raw_daily
2004-10-04,700.0,725.0,700.0,725.0,379.7686462402344,4615000,0.0,0.0,yfinance_raw_daily
2004-10-05,725.0,725.0,700.0,700.0,366.67315673828125,10143500,0.0,0.0,yfinance_raw_daily
2004-10-06,700.0,700.0,675.0,700.0,366.67315673828125,1000500,0.0,0.0,yfinance_raw_daily
2004-10-07,700.0,700.0,700.0,700.0,366.67315673828125,2043500,0.0,0.0,yfinance_raw_daily
2004-10-08,700.0,700.0,675.0,700.0,366.67315673828125,16644000,0.0,0.0,yfinance_raw_daily
2004-10-11,700.0,725.0,700.0,725.0,379.7686462402344,6411000,0.0,0.0,yfinance_raw_daily
2004-10-12,700.0,700.0,675.0,700.0,366.67315673828125,8957500,0.0,0.0,yfinance_raw_daily
2004-10-13,700.0,700.0,675.0,700.0,366.67315673828125,1683500,0.0,0.0,yfinance_raw_daily
2004-10-14,700.0,700.0,675.0,700.0,366.67315673828125,568500,0.0,0.0,yfinance_raw_daily
2004-10-15,700.0,700.0,675.0,700.0,366.67315673828125,522500,0.0,0.0,yfinance_raw_daily
2004-10-18,700.0,700.0,675.0,700.0,366.67315673828125,2615000,0.0,0.0,yfinance_raw_daily
2004-10-19,700.0,700.0,675.0,700.0,366.67315673828125,287000,0.0,0.0,yfinance_raw_daily
2004-10-20,700.0,700.0,675.0,700.0,366.67315673828125,23020000,0.0,0.0,yfinance_raw_daily
2004-10-21,675.0,700.0,675.0,700.0,366.67315673828125,6295500,0.0,0.0,yfinance_raw_daily
2004-10-22,675.0,700.0,675.0,700.0,366.67315673828125,1339000,0.0,0.0,yfinance_raw_daily
2004-10-25,675.0,700.0,675.0,700.0,366.67315673828125,4450500,0.0,0.0,yfinance_raw_daily
2004-10-26,675.0,700.0,675.0,700.0,366.67315673828125,723500,0.0,0.0,yfinance_raw_daily
2004-10-27,675.0,700.0,675.0,675.0,353.57763671875,2810500,0.0,0.0,yfinance_raw_daily
2004-10-28,675.0,700.0,675.0,700.0,366.67315673828125,8871500,0.0,0.0,yfinance_raw_daily
2004-10-29,675.0,675.0,675.0,675.0,353.57763671875,7186000,0.0,0.0,yfinance_raw_daily
2004-11-01,675.0,700.0,675.0,700.0,366.67315673828125,1158500,0.0,0.0,yfinance_raw_daily
2004-11-02,675.0,750.0,675.0,725.0,379.7686462402344,54080000,0.0,0.0,yfinance_raw_daily
2004-11-03,725.0,725.0,700.0,700.0,366.67315673828125,1178500,0.0,0.0,yfinance_raw_daily
2004-11-04,700.0,725.0,700.0,700.0,366.67315673828125,19484000,0.0,0.0,yfinance_raw_daily
2004-11-05,700.0,725.0,700.0,700.0,366.67315673828125,7496500,0.0,0.0,yfinance_raw_daily
2004-11-08,700.0,725.0,700.0,700.0,366.67315673828125,7807000,0.0,0.0,yfinance_raw_daily
2004-11-09,700.0,725.0,700.0,725.0,379.7686462402344,2527000,0.0,0.0,yfinance_raw_daily
2004-11-10,725.0,725.0,700.0,725.0,379.7686462402344,1533500,0.0,0.0,yfinance_raw_daily
2004-11-11,725.0,725.0,700.0,700.0,366.67315673828125,8405500,0.0,0.0,yfinance_raw_daily
2004-11-12,725.0,725.0,700.0,725.0,379.7686462402344,24503500,0.0,0.0,yfinance_raw_daily
2004-11-15,725.0,725.0,725.0,725.0,379.7686462402344,0,0.0,0.0,yfinance_raw_daily
2004-11-16,725.0,725.0,725.0,725.0,379.7686462402344,0,0.0,0.0,yfinance_raw_daily
2004-11-17,725.0,725.0,725.0,725.0,379.7686462402344,0,0.0,0.0,yfinance_raw_daily
2004-11-18,725.0,725.0,725.0,725.0,379.7686462402344,0,0.0,0.0,yfinance_raw_daily
2004-11-19,725.0,725.0,725.0,725.0,379.7686462402344,0,0.0,0.0,yfinance_raw_daily
2004-11-22,725.0,725.0,675.0,700.0,366.67315673828125,12243500,0.0,0.0,yfinance_raw_daily
2004-11-23,700.0,725.0,700.0,725.0,379.7686462402344,46198000,0.0,0.0,yfinance_raw_daily
2004-11-24,725.0,750.0,700.0,725.0,379.7686462402344,80563000,0.0,0.0,yfinance_raw_daily
2004-11-25,725.0,750.0,725.0,750.0,392.8640441894531,5782000,0.0,0.0,yfinance_raw_daily
2004-11-26,725.0,750.0,725.0,750.0,392.8640441894531,5215000,0.0,0.0,yfinance_raw_daily
2004-11-29,750.0,750.0,725.0,750.0,392.8640441894531,2415000,0.0,0.0,yfinance_raw_daily
2004-11-30,725.0,750.0,725.0,750.0,392.8640441894531,7568000,0.0,0.0,yfinance_raw_daily
2004-12-01,750.0,800.0,750.0,775.0,405.95953369140625,59686500,0.0,0.0,yfinance_raw_daily
2004-12-02,775.0,800.0,775.0,800.0,419.0549621582031,41681000,0.0,0.0,yfinance_raw_daily
2004-12-03,775.0,800.0,750.0,775.0,405.95953369140625,10663000,0.0,0.0,yfinance_raw_daily
2004-12-06,775.0,800.0,750.0,800.0,419.0549621582031,16283000,0.0,0.0,yfinance_raw_daily
2004-12-07,800.0,800.0,750.0,775.0,405.95953369140625,10547500,0.0,0.0,yfinance_raw_daily
2004-12-08,775.0,775.0,750.0,750.0,392.8640441894531,43495500,0.0,0.0,yfinance_raw_daily
2004-12-09,750.0,775.0,725.0,750.0,392.8640441894531,44749000,0.0,0.0,yfinance_raw_daily
2004-12-10,750.0,750.0,725.0,750.0,392.8640441894531,1798000,0.0,0.0,yfinance_raw_daily
2004-12-13,750.0,750.0,725.0,750.0,392.8640441894531,8858000,0.0,0.0,yfinance_raw_daily
2004-12-14,725.0,725.0,700.0,725.0,379.7686462402344,12705000,0.0,0.0,yfinance_raw_daily
2004-12-15,725.0,750.0,700.0,750.0,392.8640441894531,21137000,0.0,0.0,yfinance_raw_daily
2004-12-16,725.0,750.0,725.0,750.0,392.8640441894531,4908500,0.0,0.0,yfinance_raw_daily
2004-12-17,725.0,750.0,725.0,750.0,392.8640441894531,2360000,0.0,0.0,yfinance_raw_daily
2004-12-20,750.0,750.0,725.0,750.0,392.8640441894531,421000,0.0,0.0,yfinance_raw_daily
2004-12-21,750.0,750.0,750.0,750.0,392.8640441894531,8204000,0.0,0.0,yfinance_raw_daily
2004-12-22,750.0,775.0,725.0,775.0,405.95953369140625,15764000,0.0,0.0,yfinance_raw_daily
2004-12-23,750.0,775.0,725.0,750.0,392.8640441894531,6272500,0.0,0.0,yfinance_raw_daily
2004-12-24,750.0,750.0,750.0,750.0,392.8640441894531,0,0.0,0.0,yfinance_raw_daily
2004-12-27,750.0,775.0,750.0,775.0,405.95953369140625,3929500,0.0,0.0,yfinance_raw_daily
2004-12-28,750.0,800.0,750.0,800.0,419.0549621582031,32441500,0.0,0.0,yfinance_raw_daily
2004-12-29,800.0,800.0,775.0,800.0,419.0549621582031,24113500,0.0,0.0,yfinance_raw_daily
2004-12-30,800.0,800.0,775.0,800.0,419.0549621582031,11454500,0.0,0.0,yfinance_raw_daily
2004-12-31,800.0,800.0,800.0,800.0,419.0549621582031,0,0.0,0.0,yfinance_raw_daily
2005-01-03,790.0,810.0,780.0,800.0,419.0549621582031,28017000,0.0,0.0,yfinance_raw_daily
2005-01-04,800.0,870.0,800.0,860.0,450.48406982421875,120771000,0.0,0.0,yfinance_raw_daily
2005-01-05,860.0,880.0,840.0,840.0,440.0078125,109333000,0.0,0.0,yfinance_raw_daily
2005-01-06,840.0,870.0,840.0,850.0,445.2459716796875,48867500,0.0,0.0,yfinance_raw_daily
2005-01-07,850.0,870.0,840.0,840.0,440.0078125,33641500,0.0,0.0,yfinance_raw_daily
2005-01-10,840.0,840.0,810.0,820.0,429.5313415527344,30715500,0.0,0.0,yfinance_raw_daily
2005-01-11,810.0,830.0,810.0,830.0,434.7695007324219,27019000,0.0,0.0,yfinance_raw_daily
2005-01-12,830.0,830.0,810.0,820.0,429.5313415527344,10265000,0.0,0.0,yfinance_raw_daily
2005-01-13,810.0,830.0,810.0,820.0,429.5313415527344,16895500,0.0,0.0,yfinance_raw_daily
2005-01-14,820.0,820.0,810.0,820.0,429.5313415527344,12761000,0.0,0.0,yfinance_raw_daily
2005-01-17,820.0,820.0,800.0,810.0,424.2932434082031,8021000,0.0,0.0,yfinance_raw_daily
2005-01-18,810.0,810.0,790.0,800.0,419.0549621582031,13142000,0.0,0.0,yfinance_raw_daily
2005-01-19,800.0,810.0,800.0,810.0,424.2932434082031,8583000,0.0,0.0,yfinance_raw_daily
2005-01-20,810.0,830.0,800.0,820.0,429.5313415527344,19068500,0.0,0.0,yfinance_raw_daily
2005-01-24,820.0,820.0,800.0,820.0,429.5313415527344,16327000,0.0,0.0,yfinance_raw_daily
2005-01-25,810.0,840.0,810.0,830.0,434.7695007324219,25904000,0.0,0.0,yfinance_raw_daily
2005-01-26,840.0,860.0,840.0,860.0,450.48406982421875,54249000,0.0,0.0,yfinance_raw_daily
2005-01-27,860.0,900.0,860.0,900.0,471.4367980957031,106777500,0.0,0.0,yfinance_raw_daily
2005-01-28,910.0,910.0,880.0,890.0,466.19873046875,53013500,0.0,0.0,yfinance_raw_daily
2005-01-31,890.0,890.0,860.0,870.0,455.7223205566406,17335000,0.0,0.0,yfinance_raw_daily
2005-02-01,870.0,870.0,840.0,870.0,455.7223205566406,62702000,0.0,0.0,yfinance_raw_daily
2005-02-02,870.0,870.0,860.0,860.0,450.48406982421875,18082000,0.0,0.0,yfinance_raw_daily
2005-02-03,860.0,870.0,850.0,870.0,455.7223205566406,15320500,0.0,0.0,yfinance_raw_daily
2005-02-04,870.0,880.0,860.0,870.0,455.7223205566406,20967500,0.0,0.0,yfinance_raw_daily
2005-02-07,870.0,870.0,850.0,860.0,450.48406982421875,11802000,0.0,0.0,yfinance_raw_daily
2005-02-08,860.0,860.0,850.0,860.0,450.48406982421875,4952000,0.0,0.0,yfinance_raw_daily
2005-02-11,860.0,880.0,860.0,880.0,460.96051025390625,7916000,0.0,0.0,yfinance_raw_daily
2005-02-14,880.0,890.0,870.0,880.0,460.96051025390625,15399000,0.0,0.0,yfinance_raw_daily
2005-02-15,880.0,880.0,870.0,880.0,460.96051025390625,19826500,0.0,0.0,yfinance_raw_daily
2005-02-16,880.0,880.0,860.0,880.0,460.96051025390625,23063500,0.0,0.0,yfinance_raw_daily
2005-02-17,880.0,910.0,870.0,900.0,471.4367980957031,109491000,0.0,0.0,yfinance_raw_daily
2005-02-18,900.0,910.0,890.0,910.0,476.6751403808594,37746500,0.0,0.0,yfinance_raw_daily
2005-02-21,910.0,950.0,900.0,940.0,492.3896789550781,111229500,0.0,0.0,yfinance_raw_daily
2005-02-22,940.0,960.0,930.0,950.0,497.62774658203125,60803500,0.0,0.0,yfinance_raw_daily
2005-02-23,940.0,960.0,920.0,960.0,502.8659362792969,67857500,0.0,0.0,yfinance_raw_daily
2005-02-24,960.0,960.0,930.0,950.0,497.62774658203125,66309500,0.0,0.0,yfinance_raw_daily
2005-02-25,960.0,960.0,910.0,920.0,481.9131774902344,32457500,0.0,0.0,yfinance_raw_daily
2005-02-28,920.0,930.0,910.0,930.0,487.1514892578125,22809500,0.0,0.0,yfinance_raw_daily
2005-03-01,930.0,980.0,930.0,980.0,513.3424682617188,123689500,0.0,0.0,yfinance_raw_daily
2005-03-02,980.0,1020.0,960.0,1000.0,523.81884765625,92529500,0.0,0.0,yfinance_raw_daily
2005-03-03,1000.0,1060.0,1000.0,1050.0,550.0097045898438,106309000,0.0,0.0,yfinance_raw_daily
2005-03-04,1050.0,1050.0,1020.0,1030.0,539.5333862304688,50904000,0.0,0.0,yfinance_raw_daily
2005-03-07,1020.0,1030.0,1000.0,1010.0,529.0569458007812,55743000,0.0,0.0,yfinance_raw_daily
2005-03-08,1010.0,1040.0,1010.0,1030.0,539.5333862304688,50330000,0.0,0.0,yfinance_raw_daily
2005-03-09,1030.0,1060.0,1030.0,1050.0,550.0097045898438,51330500,0.0,0.0,yfinance_raw_daily
2005-03-10,1040.0,1050.0,1030.0,1050.0,550.0097045898438,35181000,0.0,0.0,yfinance_raw_daily
2005-03-14,1070.0,1130.0,1070.0,1120.0,586.677001953125,132372000,0.0,0.0,yfinance_raw_daily
2005-03-15,1130.0,1140.0,1080.0,1110.0,581.4389038085938,82260500,0.0,0.0,yfinance_raw_daily
2005-03-16,1120.0,1220.0,1120.0,1200.0,628.5823974609375,159451500,0.0,0.0,yfinance_raw_daily
2005-03-17,1200.0,1250.0,1160.0,1250.0,654.7734375,146870000,0.0,0.0,yfinance_raw_daily
2005-03-18,1250.0,1330.0,1250.0,1320.0,691.4407348632812,152355500,0.0,0.0,yfinance_raw_daily
2005-03-21,1320.0,1360.0,1270.0,1280.0,670.488037109375,114005000,0.0,0.0,yfinance_raw_daily
2005-03-22,1280.0,1320.0,1280.0,1300.0,680.96435546875,80970000,0.0,0.0,yfinance_raw_daily
2005-03-23,1300.0,1300.0,1230.0,1240.0,649.5353393554688,100163500,0.0,0.0,yfinance_raw_daily
2005-03-24,1250.0,1270.0,1200.0,1240.0,649.5353393554688,89272000,0.0,0.0,yfinance_raw_daily
2005-03-28,1240.0,1250.0,1160.0,1170.0,612.867919921875,54877500,0.0,0.0,yfinance_raw_daily
2005-03-29,1160.0,1170.0,1100.0,1130.0,591.9152221679688,90158000,0.0,0.0,yfinance_raw_daily
2005-03-30,1110.0,1180.0,1090.0,1110.0,581.4389038085938,154230500,0.0,0.0,yfinance_raw_daily
2005-03-31,1120.0,1160.0,1120.0,1160.0,607.6296997070312,93348000,0.0,0.0,yfinance_raw_daily
2005-04-01,1150.0,1190.0,1140.0,1160.0,607.6296997070312,66718500,0.0,0.0,yfinance_raw_daily
2005-04-04,1150.0,1170.0,1140.0,1170.0,612.867919921875,13074500,0.0,0.0,yfinance_raw_daily
2005-04-05,1160.0,1170.0,1150.0,1170.0,612.867919921875,23548500,0.0,0.0,yfinance_raw_daily
2005-04-06,1170.0,1180.0,1170.0,1180.0,618.1062622070312,15357000,0.0,0.0,yfinance_raw_daily
2005-04-07,1180.0,1190.0,1170.0,1170.0,612.867919921875,26821000,0.0,0.0,yfinance_raw_daily
2005-04-08,1180.0,1210.0,1170.0,1200.0,628.5823974609375,52591500,0.0,0.0,yfinance_raw_daily
2005-04-11,1200.0,1200.0,1180.0,1190.0,623.3444213867188,11962500,0.0,0.0,yfinance_raw_daily
2005-04-12,1180.0,1190.0,1180.0,1190.0,623.3444213867188,3959500,0.0,0.0,yfinance_raw_daily
2005-04-13,1190.0,1220.0,1170.0,1180.0,618.1062622070312,26272500,0.0,0.0,yfinance_raw_daily
2005-04-14,1180.0,1180.0,1150.0,1170.0,612.867919921875,14485500,0.0,0.0,yfinance_raw_daily
2005-04-15,1150.0,1160.0,1140.0,1150.0,602.3915405273438,10260500,0.0,0.0,yfinance_raw_daily
2005-04-18,1130.0,1130.0,1080.0,1080.0,565.7243041992188,50847500,0.0,0.0,yfinance_raw_daily
2005-04-19,1090.0,1100.0,1040.0,1080.0,565.7243041992188,56507500,0.0,0.0,yfinance_raw_daily
2005-04-20,1090.0,1120.0,1060.0,1110.0,581.4389038085938,39990500,0.0,0.0,yfinance_raw_daily
2005-04-21,1090.0,1090.0,1060.0,1070.0,560.486083984375,28609500,0.0,0.0,yfinance_raw_daily
2005-04-25,1080.0,1080.0,1010.0,1020.0,534.2951049804688,37584500,0.0,0.0,yfinance_raw_daily
2005-04-26,1020.0,1060.0,1010.0,1060.0,555.247802734375,68359500,0.0,0.0,yfinance_raw_daily
2005-04-27,1060.0,1060.0,1030.0,1030.0,539.5333862304688,13153500,0.0,0.0,yfinance_raw_daily
2005-04-28,1040.0,1050.0,1030.0,1030.0,539.5333862304688,15974500,0.0,0.0,yfinance_raw_daily
2005-04-29,1030.0,1030.0,1010.0,1020.0,534.2951049804688,15066500,0.0,0.0,yfinance_raw_daily
2005-05-02,1020.0,1020.0,970.0,990.0,518.5806274414062,28836000,0.0,0.0,yfinance_raw_daily
2005-05-03,990.0,1030.0,970.0,1010.0,529.0569458007812,49171500,0.0,0.0,yfinance_raw_daily
2005-05-04,1020.0,1030.0,1010.0,1020.0,534.2951049804688,19656000,0.0,0.0,yfinance_raw_daily
2005-05-06,1030.0,1050.0,1020.0,1040.0,544.7715454101562,38459500,0.0,0.0,yfinance_raw_daily
2005-05-09,1040.0,1050.0,1030.0,1040.0,544.7715454101562,9582500,0.0,0.0,yfinance_raw_daily
2005-05-10,1040.0,1060.0,1030.0,1040.0,544.7715454101562,19916500,0.0,0.0,yfinance_raw_daily
2005-05-11,1020.0,1040.0,1020.0,1040.0,544.7715454101562,9313000,0.0,0.0,yfinance_raw_daily
2005-05-12,1040.0,1080.0,1040.0,1070.0,560.486083984375,39288000,0.0,0.0,yfinance_raw_daily
2005-05-13,1050.0,1080.0,1040.0,1050.0,550.0097045898438,13353000,0.0,0.0,yfinance_raw_daily
2005-05-16,1040.0,1040.0,1030.0,1040.0,544.7715454101562,4839500,0.0,0.0,yfinance_raw_daily
2005-05-17,1040.0,1040.0,1010.0,1020.0,534.2951049804688,7884000,0.0,0.0,yfinance_raw_daily
2005-05-18,1020.0,1030.0,1010.0,1020.0,534.2951049804688,6134500,0.0,0.0,yfinance_raw_daily
2005-05-19,1030.0,1030.0,1010.0,1020.0,534.2951049804688,8429000,0.0,0.0,yfinance_raw_daily
2005-05-20,1020.0,1040.0,1010.0,1040.0,544.7715454101562,9658500,0.0,0.0,yfinance_raw_daily
2005-05-23,1040.0,1040.0,1030.0,1040.0,544.7715454101562,2120500,0.0,0.0,yfinance_raw_daily
2005-05-25,1040.0,1070.0,1040.0,1060.0,555.247802734375,15124500,0.0,0.0,yfinance_raw_daily
2005-05-26,1050.0,1080.0,1050.0,1080.0,565.7243041992188,17342000,0.0,0.0,yfinance_raw_daily
2005-05-27,1080.0,1140.0,1080.0,1140.0,597.1534423828125,61936000,0.0,0.0,yfinance_raw_daily
2005-05-30,1130.0,1180.0,1130.0,1160.0,607.6296997070312,43258500,0.0,0.0,yfinance_raw_daily
2005-05-31,1160.0,1200.0,1160.0,1200.0,628.5823974609375,33108000,0.0,0.0,yfinance_raw_daily
2005-06-01,1200.0,1200.0,1170.0,1180.0,618.1062622070312,14968500,0.0,0.0,yfinance_raw_daily
2005-06-02,1180.0,1200.0,1150.0,1160.0,607.6296997070312,16366000,0.0,0.0,yfinance_raw_daily
2005-06-03,1160.0,1180.0,1150.0,1180.0,618.1062622070312,18511500,0.0,0.0,yfinance_raw_daily
2005-06-06,1170.0,1180.0,1170.0,1180.0,618.1062622070312,4891500,0.0,0.0,yfinance_raw_daily
2005-06-07,1180.0,1190.0,1170.0,1190.0,623.3444213867188,13113500,0.0,0.0,yfinance_raw_daily
2005-06-08,1180.0,1190.0,1180.0,1180.0,618.1062622070312,8755500,0.0,0.0,yfinance_raw_daily
2005-06-09,1180.0,1180.0,1170.0,1180.0,618.1062622070312,4021500,0.0,0.0,yfinance_raw_daily
2005-06-10,1170.0,1170.0,1160.0,1170.0,612.867919921875,8992000,0.0,0.0,yfinance_raw_daily
2005-06-13,1170.0,1180.0,1160.0,1180.0,618.1062622070312,2461000,0.0,0.0,yfinance_raw_daily
2005-06-14,1170.0,1220.0,1170.0,1220.0,639.058837890625,46389000,0.0,0.0,yfinance_raw_daily
2005-06-15,1220.0,1230.0,1180.0,1190.0,623.3444213867188,38506500,0.0,0.0,yfinance_raw_daily
2005-06-16,1190.0,1200.0,1170.0,1190.0,623.3444213867188,13849000,0.0,0.0,yfinance_raw_daily
2005-06-17,1190.0,1210.0,1180.0,1190.0,623.3444213867188,46457500,0.0,0.0,yfinance_raw_daily
2005-06-20,1190.0,1200.0,1180.0,1190.0,623.3444213867188,11774000,0.0,0.0,yfinance_raw_daily
2005-06-21,1190.0,1190.0,1160.0,1170.0,612.867919921875,22470500,0.0,0.0,yfinance_raw_daily
2005-06-22,1170.0,1180.0,1170.0,1180.0,618.1062622070312,12701500,0.0,0.0,yfinance_raw_daily
2005-06-23,1180.0,1190.0,1170.0,1180.0,618.1062622070312,6098000,0.0,0.0,yfinance_raw_daily
2005-06-24,1170.0,1180.0,1160.0,1170.0,612.867919921875,7511000,0.0,0.0,yfinance_raw_daily
2005-06-27,1160.0,1160.0,1090.0,1120.0,586.677001953125,53328500,0.0,0.0,yfinance_raw_daily
2005-06-28,1110.0,1110.0,1080.0,1100.0,576.2006225585938,36434000,0.0,0.0,yfinance_raw_daily
2005-06-29,1100.0,1100.0,1050.0,1060.0,555.247802734375,13509000,0.0,0.0,yfinance_raw_daily
2005-06-30,1060.0,1110.0,1060.0,1100.0,576.2006225585938,56660000,0.0,0.0,yfinance_raw_daily
2005-07-01,1100.0,1130.0,1100.0,1110.0,581.4389038085938,31886500,0.0,0.0,yfinance_raw_daily
2005-07-04,1110.0,1140.0,1110.0,1130.0,591.9152221679688,14830000,0.0,0.0,yfinance_raw_daily
2005-07-05,1130.0,1140.0,1120.0,1120.0,586.677001953125,28515000,0.0,0.0,yfinance_raw_daily
2005-07-06,1130.0,1130.0,1120.0,1120.0,586.677001953125,13196000,0.0,0.0,yfinance_raw_daily
2005-07-07,1110.0,1110.0,1090.0,1100.0,576.2006225585938,20606000,0.0,0.0,yfinance_raw_daily
2005-07-08,1100.0,1120.0,1100.0,1110.0,581.4389038085938,8744500,0.0,0.0,yfinance_raw_daily
2005-07-11,1110.0,1120.0,1100.0,1110.0,581.4389038085938,30654000,0.0,0.0,yfinance_raw_daily
2005-07-12,1110.0,1130.0,1110.0,1130.0,591.9152221679688,42858500,0.0,0.0,yfinance_raw_daily
2005-07-13,1120.0,1120.0,1110.0,1120.0,586.677001953125,28279500,0.0,0.0,yfinance_raw_daily
2005-07-14,1120.0,1130.0,1110.0,1130.0,591.9152221679688,35636000,0.0,0.0,yfinance_raw_daily
2005-07-15,1130.0,1130.0,1110.0,1120.0,586.677001953125,9894500,0.0,0.0,yfinance_raw_daily
2005-07-18,1110.0,1110.0,1090.0,1100.0,576.2006225585938,20510000,0.0,0.0,yfinance_raw_daily
2005-07-19,1100.0,1100.0,1070.0,1090.0,570.9623413085938,24883000,0.0,0.0,yfinance_raw_daily
2005-07-20,1080.0,1080.0,1070.0,1080.0,565.7243041992188,6474500,0.0,0.0,yfinance_raw_daily
2005-07-21,1080.0,1100.0,1080.0,1080.0,565.7243041992188,41863000,0.0,0.0,yfinance_raw_daily
2005-07-22,1100.0,1110.0,1090.0,1090.0,570.9623413085938,66557000,0.0,0.0,yfinance_raw_daily
2005-07-25,1100.0,1110.0,1090.0,1090.0,570.9623413085938,17484000,0.0,0.0,yfinance_raw_daily
2005-07-26,1100.0,1110.0,1090.0,1100.0,576.2006225585938,22230000,0.0,0.0,yfinance_raw_daily
2005-07-27,1100.0,1110.0,1080.0,1100.0,576.2006225585938,31515500,0.0,0.0,yfinance_raw_daily
2005-07-28,1100.0,1110.0,1090.0,1090.0,570.9623413085938,20496500,0.0,0.0,yfinance_raw_daily
2005-07-29,1100.0,1100.0,1080.0,1090.0,570.9623413085938,12501000,0.0,0.0,yfinance_raw_daily
2005-08-01,1090.0,1100.0,1060.0,1070.0,560.486083984375,12101000,0.0,0.0,yfinance_raw_daily
2005-08-02,1070.0,1080.0,1070.0,1070.0,560.486083984375,3456000,0.0,0.0,yfinance_raw_daily
2005-08-03,1070.0,1080.0,1060.0,1060.0,555.247802734375,17291500,0.0,0.0,yfinance_raw_daily
2005-08-04,1070.0,1070.0,1020.0,1030.0,539.5333862304688,30115000,0.0,0.0,yfinance_raw_daily
2005-08-05,1030.0,1030.0,1010.0,1010.0,529.0569458007812,22416000,0.0,0.0,yfinance_raw_daily
2005-08-08,1010.0,1010.0,990.0,1000.0,523.81884765625,17899500,0.0,0.0,yfinance_raw_daily
2005-08-09,1000.0,1000.0,980.0,1000.0,523.81884765625,11446000,0.0,0.0,yfinance_raw_daily
2005-08-10,1000.0,1000.0,990.0,1000.0,523.81884765625,15752000,0.0,0.0,yfinance_raw_daily
2005-08-11,1000.0,1000.0,970.0,970.0,508.10430908203125,16018000,0.0,0.0,yfinance_raw_daily
2005-08-12,970.0,990.0,960.0,980.0,513.3424682617188,13993500,0.0,0.0,yfinance_raw_daily
2005-08-15,1000.0,1000.0,970.0,970.0,508.10430908203125,15706500,0.0,0.0,yfinance_raw_daily
2005-08-16,970.0,970.0,950.0,960.0,502.8659362792969,14007000,0.0,0.0,yfinance_raw_daily
2005-08-18,970.0,970.0,920.0,950.0,497.62774658203125,17377000,0.0,0.0,yfinance_raw_daily
2005-08-19,940.0,940.0,900.0,910.0,476.6751403808594,20184000,0.0,0.0,yfinance_raw_daily
2005-08-22,900.0,900.0,840.0,850.0,445.2459716796875,22794500,0.0,0.0,yfinance_raw_daily
2005-08-23,850.0,880.0,840.0,860.0,450.48406982421875,25990500,0.0,0.0,yfinance_raw_daily
2005-08-24,860.0,860.0,790.0,830.0,434.7695007324219,47635000,0.0,0.0,yfinance_raw_daily
2005-08-25,830.0,900.0,820.0,900.0,471.4367980957031,62248500,0.0,0.0,yfinance_raw_daily
2005-08-26,900.0,900.0,870.0,870.0,455.7223205566406,25569500,0.0,0.0,yfinance_raw_daily
2005-08-29,850.0,850.0,790.0,810.0,433.0030822753906,42908500,17.5,0.0,yfinance_raw_daily
2005-08-30,780.0,860.0,740.0,850.0,454.38592529296875,50170500,0.0,0.0,yfinance_raw_daily
2005-08-31,850.0,850.0,770.0,790.0,422.31158447265625,116051000,0.0,0.0,yfinance_raw_daily
2005-09-01,780.0,790.0,760.0,780.0,416.96600341796875,20466000,0.0,0.0,yfinance_raw_daily
2005-09-05,780.0,780.0,730.0,730.0,390.23736572265625,50591500,0.0,0.0,yfinance_raw_daily
2005-09-06,750.0,770.0,750.0,750.0,400.9287109375,35783000,0.0,0.0,yfinance_raw_daily
2005-09-07,770.0,780.0,760.0,770.0,411.6201171875,25116500,0.0,0.0,yfinance_raw_daily
2005-09-08,780.0,800.0,770.0,790.0,422.31158447265625,41233000,0.0,0.0,yfinance_raw_daily
2005-09-09,800.0,850.0,800.0,850.0,454.38592529296875,59345000,0.0,0.0,yfinance_raw_daily
2005-09-12,850.0,890.0,850.0,890.0,475.768798828125,56273000,0.0,0.0,yfinance_raw_daily
2005-09-13,890.0,890.0,850.0,850.0,454.38592529296875,49661000,0.0,0.0,yfinance_raw_daily
2005-09-14,850.0,850.0,780.0,780.0,416.96600341796875,44486000,0.0,0.0,yfinance_raw_daily
2005-09-15,780.0,790.0,750.0,760.0,406.27447509765625,73360500,0.0,0.0,yfinance_raw_daily
2005-09-16,760.0,770.0,760.0,760.0,406.27447509765625,30859500,0.0,0.0,yfinance_raw_daily
2005-09-19,770.0,780.0,760.0,760.0,406.27447509765625,15490000,0.0,0.0,yfinance_raw_daily
2005-09-20,760.0,760.0,740.0,750.0,400.9287109375,22201000,0.0,0.0,yfinance_raw_daily
2005-09-21,750.0,750.0,730.0,730.0,390.23736572265625,11989500,0.0,0.0,yfinance_raw_daily
2005-09-22,730.0,730.0,680.0,690.0,368.85443115234375,58654500,0.0,0.0,yfinance_raw_daily
2005-09-23,700.0,700.0,680.0,680.0,363.5087890625,17846000,0.0,0.0,yfinance_raw_daily
2005-09-26,690.0,710.0,690.0,690.0,368.85443115234375,21626500,0.0,0.0,yfinance_raw_daily
2005-09-27,700.0,710.0,690.0,700.0,374.2001647949219,9040000,0.0,0.0,yfinance_raw_daily
2005-09-28,700.0,700.0,680.0,690.0,368.85443115234375,6048000,0.0,0.0,yfinance_raw_daily
2005-09-29,677.0,697.0,667.0,697.0,372.596435546875,24577000,0.0,0.0,yfinance_raw_daily
2005-09-30,697.0,727.0,697.0,727.0,388.63360595703125,43480000,0.0,0.0,yfinance_raw_daily
2005-10-03,707.0,717.0,687.0,687.0,367.25067138671875,60120000,0.0,0.0,yfinance_raw_daily
2005-10-04,697.0,747.0,687.0,727.0,388.63360595703125,80118496,0.0,0.0,yfinance_raw_daily
2005-10-05,727.0,727.0,707.0,727.0,388.63360595703125,38160000,0.0,0.0,yfinance_raw_daily
2005-10-06,707.0,717.0,697.0,697.0,372.596435546875,20463500,0.0,0.0,yfinance_raw_daily
2005-10-07,697.0,717.0,697.0,707.0,377.9421691894531,10390500,0.0,0.0,yfinance_raw_daily
2005-10-10,707.0,717.0,697.0,707.0,377.9421691894531,3148000,0.0,0.0,yfinance_raw_daily
2005-10-11,707.0,717.0,697.0,717.0,383.2878723144531,8694000,0.0,0.0,yfinance_raw_daily
2005-10-12,717.0,717.0,707.0,717.0,383.2878723144531,7169000,0.0,0.0,yfinance_raw_daily
2005-10-13,707.0,717.0,697.0,707.0,377.9421691894531,10999500,0.0,0.0,yfinance_raw_daily
2005-10-14,707.0,727.0,707.0,727.0,388.63360595703125,16173500,0.0,0.0,yfinance_raw_daily
2005-10-17,727.0,727.0,727.0,727.0,388.63360595703125,8228000,0.0,0.0,yfinance_raw_daily
2005-10-18,727.0,727.0,707.0,727.0,388.63360595703125,14407000,0.0,0.0,yfinance_raw_daily
2005-10-19,727.0,727.0,707.0,727.0,388.63360595703125,23975000,0.0,0.0,yfinance_raw_daily
2005-10-20,727.0,727.0,727.0,727.0,388.63360595703125,31145500,0.0,0.0,yfinance_raw_daily
2005-10-21,727.0,757.0,727.0,757.0,404.6707458496094,42885500,0.0,0.0,yfinance_raw_daily
2005-10-24,757.0,767.0,747.0,767.0,410.01641845703125,23944500,0.0,0.0,yfinance_raw_daily
2005-10-25,767.0,767.0,767.0,767.0,410.01641845703125,61716000,0.0,0.0,yfinance_raw_daily
2005-10-26,767.0,836.0,767.0,816.0,436.21038818359375,103347504,0.0,0.0,yfinance_raw_daily
2005-10-27,826.0,836.0,807.0,816.0,436.21038818359375,19321500,0.0,0.0,yfinance_raw_daily
2005-10-28,797.0,826.0,777.0,816.0,436.21038818359375,41266000,0.0,0.0,yfinance_raw_daily
2005-10-31,826.0,826.0,797.0,816.0,436.21038818359375,20618500,0.0,0.0,yfinance_raw_daily
2005-11-01,816.0,816.0,797.0,807.0,431.3994140625,6167500,0.0,0.0,yfinance_raw_daily
2005-11-07,807.0,807.0,807.0,807.0,431.3994140625,0,0.0,0.0,yfinance_raw_daily
2005-11-08,807.0,807.0,807.0,807.0,431.3994140625,0,0.0,0.0,yfinance_raw_daily
2005-11-09,807.0,807.0,807.0,807.0,431.3994140625,20994000,0.0,0.0,yfinance_raw_daily
2005-11-10,816.0,826.0,816.0,816.0,436.21038818359375,7503500,0.0,0.0,yfinance_raw_daily
2005-11-11,826.0,836.0,797.0,807.0,431.3994140625,20877500,0.0,0.0,yfinance_raw_daily
2005-11-14,807.0,816.0,807.0,807.0,431.3994140625,12060500,0.0,0.0,yfinance_raw_daily
2005-11-15,807.0,846.0,807.0,836.0,446.90191650390625,25765000,0.0,0.0,yfinance_raw_daily
2005-11-16,836.0,856.0,836.0,836.0,446.90191650390625,13536000,0.0,0.0,yfinance_raw_daily
2005-11-17,846.0,866.0,846.0,866.0,462.9389953613281,12076500,0.0,0.0,yfinance_raw_daily
2005-11-18,866.0,866.0,846.0,846.0,452.2475280761719,6210000,0.0,0.0,yfinance_raw_daily
2005-11-21,856.0,856.0,836.0,836.0,446.90191650390625,9938500,0.0,0.0,yfinance_raw_daily
2005-11-22,846.0,846.0,816.0,826.0,441.5562438964844,8706500,0.0,0.0,yfinance_raw_daily
2005-11-23,826.0,846.0,826.0,846.0,452.2475280761719,17780000,0.0,0.0,yfinance_raw_daily
2005-11-24,846.0,846.0,826.0,826.0,441.5562438964844,3346000,0.0,0.0,yfinance_raw_daily
2005-11-25,826.0,836.0,826.0,836.0,446.90191650390625,24256500,0.0,0.0,yfinance_raw_daily
2005-11-28,846.0,856.0,836.0,836.0,446.90191650390625,10216000,0.0,0.0,yfinance_raw_daily
2005-11-29,846.0,846.0,836.0,836.0,446.90191650390625,2522500,0.0,0.0,yfinance_raw_daily
2005-11-30,836.0,846.0,836.0,846.0,452.2475280761719,14233000,0.0,0.0,yfinance_raw_daily
2005-12-01,846.0,846.0,836.0,846.0,452.2475280761719,5040000,0.0,0.0,yfinance_raw_daily
2005-12-02,846.0,866.0,836.0,866.0,462.9389953613281,13297000,0.0,0.0,yfinance_raw_daily
2005-12-05,866.0,906.0,856.0,896.0,478.9762268066406,59943000,0.0,0.0,yfinance_raw_daily
2005-12-06,896.0,916.0,886.0,886.0,473.63043212890625,12243500,0.0,0.0,yfinance_raw_daily
2005-12-07,896.0,956.0,896.0,946.0,505.70489501953125,66228000,0.0,0.0,yfinance_raw_daily
2005-12-08,946.0,946.0,916.0,916.0,489.66766357421875,35196500,0.0,0.0,yfinance_raw_daily
2005-12-09,916.0,946.0,916.0,936.0,500.359130859375,27378000,0.0,0.0,yfinance_raw_daily
2005-12-12,936.0,956.0,936.0,936.0,500.359130859375,39332500,0.0,0.0,yfinance_raw_daily
2005-12-13,946.0,956.0,936.0,936.0,500.359130859375,13675000,0.0,0.0,yfinance_raw_daily
2005-12-14,936.0,966.0,936.0,956.0,511.0505065917969,35654000,0.0,0.0,yfinance_raw_daily
2005-12-15,956.0,956.0,906.0,916.0,489.66766357421875,16631500,0.0,0.0,yfinance_raw_daily
2005-12-16,916.0,936.0,906.0,916.0,489.66766357421875,11471000,0.0,0.0,yfinance_raw_daily
2005-12-19,916.0,946.0,916.0,946.0,505.70489501953125,23977500,0.0,0.0,yfinance_raw_daily
2005-12-20,946.0,946.0,926.0,936.0,500.359130859375,6399500,0.0,0.0,yfinance_raw_daily
2005-12-21,936.0,936.0,906.0,906.0,484.3219299316406,5110500,0.0,0.0,yfinance_raw_daily
2005-12-22,906.0,916.0,896.0,906.0,484.3219299316406,5533000,0.0,0.0,yfinance_raw_daily
2005-12-23,906.0,906.0,896.0,896.0,478.9762268066406,5267500,0.0,0.0,yfinance_raw_daily
2005-12-26,896.0,896.0,896.0,896.0,478.9762268066406,0,0.0,0.0,yfinance_raw_daily
2005-12-27,906.0,916.0,896.0,896.0,478.9762268066406,2030000,0.0,0.0,yfinance_raw_daily
2005-12-28,896.0,916.0,896.0,916.0,489.66766357421875,2911500,0.0,0.0,yfinance_raw_daily
2005-12-29,926.0,926.0,906.0,906.0,484.3219299316406,2763000,0.0,0.0,yfinance_raw_daily
2005-12-30,906.0,906.0,906.0,906.0,484.3219299316406,0,0.0,0.0,yfinance_raw_daily
2006-01-02,906.0,906.0,906.0,906.0,484.3219299316406,1241000,0.0,0.0,yfinance_raw_daily
2006-01-03,906.0,946.0,906.0,936.0,500.359130859375,20909500,0.0,0.0,yfinance_raw_daily
2006-01-04,946.0,976.0,946.0,976.0,521.7418823242188,61740000,0.0,0.0,yfinance_raw_daily
2006-01-05,976.0,986.0,926.0,936.0,500.359130859375,31830500,0.0,0.0,yfinance_raw_daily
2006-01-06,926.0,956.0,926.0,946.0,505.70489501953125,9816500,0.0,0.0,yfinance_raw_daily
2006-01-09,946.0,956.0,946.0,956.0,511.0505065917969,15306000,0.0,0.0,yfinance_raw_daily
2006-01-10,956.0,956.0,956.0,956.0,511.0505065917969,0,0.0,0.0,yfinance_raw_daily
2006-01-11,956.0,966.0,936.0,966.0,516.3961181640625,17494000,0.0,0.0,yfinance_raw_daily
2006-01-12,966.0,966.0,936.0,946.0,505.70489501953125,15412500,0.0,0.0,yfinance_raw_daily
2006-01-13,936.0,946.0,936.0,936.0,500.359130859375,9941500,0.0,0.0,yfinance_raw_daily
2006-01-16,936.0,936.0,906.0,916.0,489.66766357421875,13103500,0.0,0.0,yfinance_raw_daily
2006-01-17,896.0,906.0,856.0,856.0,457.5933837890625,34348500,0.0,0.0,yfinance_raw_daily
2006-01-18,846.0,856.0,816.0,836.0,446.90191650390625,24870000,0.0,0.0,yfinance_raw_daily
2006-01-19,846.0,886.0,846.0,886.0,473.63043212890625,23847500,0.0,0.0,yfinance_raw_daily
2006-01-20,896.0,896.0,856.0,866.0,462.9389953613281,12925500,0.0,0.0,yfinance_raw_daily
2006-01-23,856.0,856.0,836.0,856.0,457.5933837890625,15201000,0.0,0.0,yfinance_raw_daily
2006-01-24,856.0,866.0,846.0,856.0,457.5933837890625,11002500,0.0,0.0,yfinance_raw_daily
2006-01-25,856.0,876.0,856.0,866.0,462.9389953613281,8315000,0.0,0.0,yfinance_raw_daily
2006-01-26,876.0,876.0,856.0,866.0,462.9389953613281,19887500,0.0,0.0,yfinance_raw_daily
2006-01-27,876.0,886.0,856.0,876.0,468.2848205566406,19901500,0.0,0.0,yfinance_raw_daily
2006-01-30,876.0,876.0,866.0,876.0,468.2848205566406,943000,0.0,0.0,yfinance_raw_daily
2006-01-31,876.0,876.0,876.0,876.0,468.2848205566406,0,0.0,0.0,yfinance_raw_daily
2006-02-01,866.0,896.0,866.0,886.0,473.63043212890625,33199000,0.0,0.0,yfinance_raw_daily
2006-02-02,886.0,916.0,886.0,916.0,489.66766357421875,19960000,0.0,0.0,yfinance_raw_daily
2006-02-03,916.0,926.0,896.0,916.0,489.66766357421875,31120500,0.0,0.0,yfinance_raw_daily
2006-02-06,906.0,916.0,896.0,906.0,484.3219299316406,7963500,0.0,0.0,yfinance_raw_daily
2006-02-07,906.0,906.0,886.0,896.0,478.9762268066406,13517000,0.0,0.0,yfinance_raw_daily
2006-02-08,896.0,896.0,876.0,876.0,468.2848205566406,13911000,0.0,0.0,yfinance_raw_daily
2006-02-09,886.0,886.0,876.0,886.0,473.63043212890625,9867500,0.0,0.0,yfinance_raw_daily
2006-02-10,886.0,886.0,866.0,876.0,468.2848205566406,10588500,0.0,0.0,yfinance_raw_daily
2006-02-13,876.0,896.0,876.0,886.0,473.63043212890625,11634500,0.0,0.0,yfinance_raw_daily
2006-02-14,876.0,876.0,866.0,876.0,468.2848205566406,8001500,0.0,0.0,yfinance_raw_daily
2006-02-15,886.0,886.0,856.0,866.0,462.9389953613281,9485500,0.0,0.0,yfinance_raw_daily
2006-02-16,866.0,866.0,856.0,866.0,462.9389953613281,6651500,0.0,0.0,yfinance_raw_daily
2006-02-17,856.0,866.0,856.0,866.0,462.9389953613281,5334000,0.0,0.0,yfinance_raw_daily
2006-02-20,846.0,866.0,836.0,836.0,446.90191650390625,18947000,0.0,0.0,yfinance_raw_daily
2006-02-21,846.0,846.0,826.0,836.0,446.90191650390625,10427000,0.0,0.0,yfinance_raw_daily
2006-02-22,836.0,846.0,836.0,836.0,446.90191650390625,7126500,0.0,0.0,yfinance_raw_daily
2006-02-23,836.0,846.0,836.0,836.0,446.90191650390625,15050000,0.0,0.0,yfinance_raw_daily
2006-02-24,846.0,846.0,826.0,836.0,446.90191650390625,10365000,0.0,0.0,yfinance_raw_daily
2006-02-27,836.0,856.0,836.0,846.0,452.2475280761719,15362500,0.0,0.0,yfinance_raw_daily
2006-02-28,836.0,846.0,836.0,836.0,446.90191650390625,4627000,0.0,0.0,yfinance_raw_daily
2006-03-01,836.0,836.0,807.0,826.0,441.5562438964844,27751000,0.0,0.0,yfinance_raw_daily
2006-03-02,826.0,826.0,816.0,826.0,441.5562438964844,10398000,0.0,0.0,yfinance_raw_daily
2006-03-03,826.0,846.0,816.0,836.0,446.90191650390625,101286000,0.0,0.0,yfinance_raw_daily
2006-03-06,846.0,856.0,826.0,836.0,446.90191650390625,27751000,0.0,0.0,yfinance_raw_daily
2006-03-07,836.0,836.0,816.0,836.0,446.90191650390625,48995500,0.0,0.0,yfinance_raw_daily
2006-03-08,826.0,826.0,807.0,807.0,431.3994140625,18399500,0.0,0.0,yfinance_raw_daily
2006-03-09,816.0,816.0,807.0,816.0,436.21038818359375,8441000,0.0,0.0,yfinance_raw_daily
2006-03-10,816.0,826.0,807.0,816.0,436.21038818359375,13065500,0.0,0.0,yfinance_raw_daily
2006-03-13,826.0,826.0,807.0,807.0,431.3994140625,2832000,0.0,0.0,yfinance_raw_daily
2006-03-14,807.0,836.0,807.0,816.0,436.21038818359375,14394000,0.0,0.0,yfinance_raw_daily
2006-03-15,826.0,826.0,816.0,826.0,441.5562438964844,11989500,0.0,0.0,yfinance_raw_daily
2006-03-16,826.0,846.0,826.0,846.0,452.2475280761719,34456000,0.0,0.0,yfinance_raw_daily
2006-03-17,846.0,866.0,846.0,866.0,462.9389953613281,65590000,0.0,0.0,yfinance_raw_daily
2006-03-20,866.0,866.0,846.0,856.0,457.5933837890625,43620500,0.0,0.0,yfinance_raw_daily
2006-03-21,856.0,876.0,846.0,866.0,462.9389953613281,71578000,0.0,0.0,yfinance_raw_daily
2006-03-22,856.0,866.0,846.0,856.0,457.5933837890625,39517000,0.0,0.0,yfinance_raw_daily
2006-03-23,856.0,866.0,856.0,866.0,462.9389953613281,26271000,0.0,0.0,yfinance_raw_daily
2006-03-24,866.0,886.0,866.0,876.0,468.2848205566406,23741500,0.0,0.0,yfinance_raw_daily
2006-03-27,876.0,886.0,866.0,876.0,468.2848205566406,11008500,0.0,0.0,yfinance_raw_daily
2006-03-28,866.0,886.0,866.0,886.0,473.63043212890625,22531000,0.0,0.0,yfinance_raw_daily
2006-03-29,876.0,886.0,856.0,886.0,473.63043212890625,55432000,0.0,0.0,yfinance_raw_daily
2006-03-30,886.0,886.0,886.0,886.0,473.63043212890625,0,0.0,0.0,yfinance_raw_daily
2006-03-31,886.0,886.0,886.0,886.0,473.63043212890625,0,0.0,0.0,yfinance_raw_daily
2006-04-03,876.0,896.0,876.0,896.0,478.9762268066406,36522000,0.0,0.0,yfinance_raw_daily
2006-04-04,886.0,896.0,856.0,866.0,462.9389953613281,10957500,0.0,0.0,yfinance_raw_daily
2006-04-05,866.0,876.0,866.0,876.0,468.2848205566406,5996500,0.0,0.0,yfinance_raw_daily
2006-04-06,876.0,886.0,866.0,886.0,473.63043212890625,20429500,0.0,0.0,yfinance_raw_daily
2006-04-07,886.0,896.0,876.0,886.0,473.63043212890625,10229000,0.0,0.0,yfinance_raw_daily
2006-04-10,886.0,886.0,886.0,886.0,473.63043212890625,0,0.0,0.0,yfinance_raw_daily
2006-04-11,886.0,886.0,876.0,876.0,468.2848205566406,4953000,0.0,0.0,yfinance_raw_daily
2006-04-12,876.0,926.0,876.0,916.0,489.66766357421875,70133504,0.0,0.0,yfinance_raw_daily
2006-04-13,916.0,946.0,916.0,946.0,505.70489501953125,95448000,0.0,0.0,yfinance_raw_daily
2006-04-14,946.0,946.0,946.0,946.0,505.70489501953125,0,0.0,0.0,yfinance_raw_daily
2006-04-17,936.0,956.0,926.0,946.0,505.70489501953125,47418500,0.0,0.0,yfinance_raw_daily
2006-04-18,946.0,986.0,946.0,986.0,527.087646484375,84558000,0.0,0.0,yfinance_raw_daily
2006-04-19,986.0,986.0,966.0,966.0,516.3961181640625,42982000,0.0,0.0,yfinance_raw_daily
2006-04-20,976.0,986.0,956.0,966.0,516.3961181640625,24450500,0.0,0.0,yfinance_raw_daily
2006-04-21,956.0,966.0,946.0,956.0,511.0505065917969,27785500,0.0,0.0,yfinance_raw_daily
2006-04-24,956.0,956.0,926.0,946.0,505.70489501953125,31332000,0.0,0.0,yfinance_raw_daily
2006-04-25,936.0,946.0,926.0,946.0,505.70489501953125,27984000,0.0,0.0,yfinance_raw_daily
2006-04-26,946.0,1026.0,946.0,1026.0,548.470458984375,148062496,0.0,0.0,yfinance_raw_daily
2006-04-27,1036.0,1055.0,1006.0,1016.0,543.1248168945312,105556496,0.0,0.0,yfinance_raw_daily
2006-04-28,1006.0,1135.0,996.0,1125.0,601.3931884765625,163923504,0.0,0.0,yfinance_raw_daily
2006-05-01,1115.0,1145.0,1095.0,1145.0,612.0845947265625,109156496,0.0,0.0,yfinance_raw_daily
2006-05-02,1145.0,1145.0,1105.0,1115.0,596.04736328125,56046500,0.0,0.0,yfinance_raw_daily
2006-05-03,1115.0,1145.0,1065.0,1135.0,606.7388916015625,120000496,0.0,0.0,yfinance_raw_daily
2006-05-04,1125.0,1235.0,1125.0,1205.0,644.158935546875,226047504,0.0,0.0,yfinance_raw_daily
2006-05-05,1205.0,1205.0,1205.0,1205.0,644.158935546875,36373000,0.0,0.0,yfinance_raw_daily
2006-05-08,1175.0,1195.0,1165.0,1175.0,628.1217041015625,21568000,0.0,0.0,yfinance_raw_daily
2006-05-09,1185.0,1215.0,1165.0,1175.0,628.1217041015625,79052496,0.0,0.0,yfinance_raw_daily
2006-05-10,1155.0,1175.0,1135.0,1165.0,622.7760620117188,37623500,0.0,0.0,yfinance_raw_daily
2006-05-11,1155.0,1195.0,1155.0,1175.0,628.1217041015625,27426500,0.0,0.0,yfinance_raw_daily
2006-05-12,1165.0,1165.0,1135.0,1155.0,617.4302978515625,34384000,0.0,0.0,yfinance_raw_daily
2006-05-15,1145.0,1145.0,996.0,1016.0,543.1248168945312,75531504,0.0,0.0,yfinance_raw_daily
2006-05-16,1016.0,1055.0,936.0,1045.0,558.6273803710938,98562000,0.0,0.0,yfinance_raw_daily
2006-05-17,1055.0,1085.0,1045.0,1055.0,563.9730834960938,57263500,0.0,0.0,yfinance_raw_daily
2006-05-18,1055.0,1055.0,1055.0,1055.0,563.9730834960938,56907500,0.0,0.0,yfinance_raw_daily
2006-05-19,1055.0,1055.0,1055.0,1055.0,563.9730834960938,25903500,0.0,0.0,yfinance_raw_daily
2006-05-22,1006.0,1006.0,896.0,906.0,484.3219299316406,37755500,0.0,0.0,yfinance_raw_daily
2006-05-23,906.0,966.0,876.0,966.0,516.3961181640625,64696000,0.0,0.0,yfinance_raw_daily
2006-05-24,956.0,976.0,906.0,916.0,489.66766357421875,44337000,0.0,0.0,yfinance_raw_daily
2006-05-25,916.0,916.0,916.0,916.0,489.66766357421875,0,0.0,0.0,yfinance_raw_daily
2006-05-26,916.0,916.0,916.0,916.0,489.66766357421875,0,0.0,0.0,yfinance_raw_daily
2006-05-29,916.0,916.0,916.0,916.0,489.66766357421875,52481500,0.0,0.0,yfinance_raw_daily
2006-05-30,956.0,996.0,956.0,966.0,516.3961181640625,44917000,0.0,0.0,yfinance_raw_daily
2006-05-31,936.0,956.0,926.0,936.0,500.359130859375,24313500,0.0,0.0,yfinance_raw_daily
2006-06-01,956.0,966.0,896.0,906.0,484.3219299316406,28180000,0.0,0.0,yfinance_raw_daily
2006-06-02,916.0,976.0,906.0,966.0,516.3961181640625,40325500,0.0,0.0,yfinance_raw_daily
2006-06-05,966.0,1026.0,966.0,996.0,532.433349609375,50193500,0.0,0.0,yfinance_raw_daily
2006-06-06,976.0,1006.0,966.0,986.0,527.087646484375,40058500,0.0,0.0,yfinance_raw_daily
2006-06-07,976.0,976.0,936.0,946.0,505.70489501953125,18135500,0.0,0.0,yfinance_raw_daily
2006-06-08,926.0,936.0,886.0,906.0,484.3219299316406,57624500,0.0,0.0,yfinance_raw_daily
2006-06-09,916.0,946.0,906.0,946.0,505.70489501953125,33739000,0.0,0.0,yfinance_raw_daily
2006-06-12,936.0,956.0,916.0,936.0,500.359130859375,21408500,0.0,0.0,yfinance_raw_daily
2006-06-13,916.0,916.0,836.0,866.0,462.9389953613281,90299504,0.0,0.0,yfinance_raw_daily
2006-06-14,856.0,866.0,836.0,866.0,462.9389953613281,28599000,0.0,0.0,yfinance_raw_daily
2006-06-15,886.0,896.0,846.0,856.0,457.5933837890625,34055500,0.0,0.0,yfinance_raw_daily
2006-06-16,876.0,926.0,876.0,926.0,495.0133361816406,75092000,0.0,0.0,yfinance_raw_daily
2006-06-19,906.0,916.0,906.0,916.0,489.66766357421875,11086000,0.0,0.0,yfinance_raw_daily
2006-06-20,896.0,896.0,876.0,896.0,478.9762268066406,16081000,0.0,0.0,yfinance_raw_daily
2006-06-21,896.0,896.0,866.0,876.0,468.2848205566406,21321000,0.0,0.0,yfinance_raw_daily
2006-06-22,896.0,896.0,866.0,876.0,468.2848205566406,38437500,0.0,0.0,yfinance_raw_daily
2006-06-23,856.0,866.0,856.0,866.0,462.9389953613281,10726500,0.0,0.0,yfinance_raw_daily
2006-06-26,866.0,866.0,856.0,866.0,462.9389953613281,8032000,0.0,0.0,yfinance_raw_daily
2006-06-27,866.0,866.0,846.0,856.0,457.5933837890625,15089000,0.0,0.0,yfinance_raw_daily
2006-06-28,846.0,856.0,836.0,846.0,452.2475280761719,11411500,0.0,0.0,yfinance_raw_daily
2006-06-29,846.0,876.0,846.0,866.0,462.9389953613281,29967000,0.0,0.0,yfinance_raw_daily
2006-06-30,886.0,896.0,866.0,876.0,468.2848205566406,32725000,0.0,0.0,yfinance_raw_daily
2006-07-03,876.0,896.0,866.0,886.0,473.63043212890625,38643000,0.0,0.0,yfinance_raw_daily
2006-07-04,896.0,926.0,896.0,916.0,489.66766357421875,71137504,0.0,0.0,yfinance_raw_daily
2006-07-05,916.0,916.0,896.0,906.0,484.3219299316406,7795500,0.0,0.0,yfinance_raw_daily
2006-07-06,896.0,926.0,886.0,926.0,495.0133361816406,30689000,0.0,0.0,yfinance_raw_daily
2006-07-07,926.0,936.0,916.0,926.0,495.0133361816406,26666500,0.0,0.0,yfinance_raw_daily
2006-07-10,906.0,946.0,906.0,926.0,495.0133361816406,13812000,0.0,0.0,yfinance_raw_daily
2006-07-11,926.0,936.0,916.0,926.0,495.0133361816406,8469000,0.0,0.0,yfinance_raw_daily
2006-07-12,916.0,946.0,916.0,946.0,505.70489501953125,31135500,0.0,0.0,yfinance_raw_daily
2006-07-13,946.0,956.0,926.0,936.0,500.359130859375,51304000,0.0,0.0,yfinance_raw_daily
2006-07-14,916.0,926.0,906.0,916.0,489.66766357421875,32011000,0.0,0.0,yfinance_raw_daily
2006-07-17,896.0,916.0,896.0,896.0,478.9762268066406,36929500,0.0,0.0,yfinance_raw_daily
2006-07-18,906.0,926.0,906.0,916.0,489.66766357421875,26289000,0.0,0.0,yfinance_raw_daily
2006-07-19,916.0,916.0,916.0,916.0,489.66766357421875,6193500,0.0,0.0,yfinance_raw_daily
2006-07-20,946.0,986.0,936.0,986.0,527.087646484375,54376000,0.0,0.0,yfinance_raw_daily
2006-07-21,976.0,986.0,966.0,966.0,519.0281372070312,31245000,5.0,0.0,yfinance_raw_daily
2006-07-24,956.0,986.0,956.0,986.0,529.7741088867188,17942500,0.0,0.0,yfinance_raw_daily
2006-07-25,986.0,996.0,976.0,976.0,524.401123046875,41976500,0.0,0.0,yfinance_raw_daily
2006-07-26,976.0,976.0,976.0,976.0,524.401123046875,17043500,0.0,0.0,yfinance_raw_daily
2006-07-27,976.0,976.0,976.0,976.0,524.401123046875,83798000,0.0,0.0,yfinance_raw_daily
2006-07-28,1045.0,1045.0,1016.0,1016.0,545.8930053710938,12461000,0.0,0.0,yfinance_raw_daily
2006-07-31,1036.0,1045.0,1026.0,1045.0,561.474609375,25849000,0.0,0.0,yfinance_raw_daily
2006-08-01,1036.0,1075.0,1036.0,1055.0,566.8475341796875,46023000,0.0,0.0,yfinance_raw_daily
2006-08-02,1055.0,1075.0,1045.0,1065.0,572.2206420898438,30863000,0.0,0.0,yfinance_raw_daily
2006-08-03,1065.0,1075.0,1055.0,1065.0,572.2206420898438,32235000,0.0,0.0,yfinance_raw_daily
2006-08-04,1055.0,1065.0,1045.0,1045.0,561.474609375,8676000,0.0,0.0,yfinance_raw_daily
2006-08-07,1055.0,1065.0,1016.0,1016.0,545.8930053710938,40718500,0.0,0.0,yfinance_raw_daily
2006-08-08,1016.0,1036.0,1006.0,1016.0,545.8930053710938,43065000,0.0,0.0,yfinance_raw_daily
2006-08-09,1016.0,1045.0,1016.0,1036.0,556.638916015625,46401500,0.0,0.0,yfinance_raw_daily
2006-08-10,1036.0,1065.0,1016.0,1036.0,556.638916015625,68026000,0.0,0.0,yfinance_raw_daily
2006-08-11,1036.0,1055.0,1036.0,1036.0,556.638916015625,13349500,0.0,0.0,yfinance_raw_daily
2006-08-14,1036.0,1045.0,1036.0,1045.0,561.474609375,5654500,0.0,0.0,yfinance_raw_daily
2006-08-15,1045.0,1075.0,1045.0,1075.0,577.5935668945312,37403500,0.0,0.0,yfinance_raw_daily
2006-08-16,1095.0,1095.0,1065.0,1075.0,577.5935668945312,28783500,0.0,0.0,yfinance_raw_daily
2006-08-17,1075.0,1075.0,1075.0,1075.0,577.5935668945312,0,0.0,0.0,yfinance_raw_daily
2006-08-18,1075.0,1075.0,1075.0,1075.0,577.5935668945312,0,0.0,0.0,yfinance_raw_daily
2006-08-21,1075.0,1075.0,1075.0,1075.0,577.5935668945312,0,0.0,0.0,yfinance_raw_daily
2006-08-22,1085.0,1085.0,1055.0,1055.0,566.8475341796875,9632000,0.0,0.0,yfinance_raw_daily
2006-08-23,1055.0,1095.0,1055.0,1095.0,588.3394165039062,18202500,0.0,0.0,yfinance_raw_daily
2006-08-24,1095.0,1175.0,1095.0,1155.0,620.5772094726562,128469504,0.0,0.0,yfinance_raw_daily
2006-08-25,1155.0,1165.0,1115.0,1135.0,609.8313598632812,71563504,0.0,0.0,yfinance_raw_daily
2006-08-28,1145.0,1145.0,1125.0,1125.0,604.4583740234375,22286000,0.0,0.0,yfinance_raw_daily
2006-08-29,1135.0,1165.0,1135.0,1165.0,625.9503173828125,35610500,0.0,0.0,yfinance_raw_daily
2006-08-30,1165.0,1185.0,1155.0,1175.0,631.3231811523438,43230000,0.0,0.0,yfinance_raw_daily
2006-08-31,1185.0,1215.0,1155.0,1185.0,636.696044921875,87569000,0.0,0.0,yfinance_raw_daily
2006-09-01,1185.0,1215.0,1185.0,1195.0,642.0691528320312,39299000,0.0,0.0,yfinance_raw_daily
2006-09-04,1205.0,1215.0,1185.0,1205.0,647.442138671875,34116500,0.0,0.0,yfinance_raw_daily
2006-09-05,1205.0,1205.0,1185.0,1185.0,636.696044921875,16543500,0.0,0.0,yfinance_raw_daily
2006-09-06,1185.0,1195.0,1185.0,1195.0,642.0691528320312,6857500,0.0,0.0,yfinance_raw_daily
2006-09-07,1185.0,1205.0,1175.0,1175.0,631.3231811523438,14423000,0.0,0.0,yfinance_raw_daily
2006-09-08,1185.0,1205.0,1175.0,1195.0,642.0691528320312,17367500,0.0,0.0,yfinance_raw_daily
2006-09-11,1195.0,1195.0,1165.0,1175.0,631.3231811523438,7511000,0.0,0.0,yfinance_raw_daily
2006-09-12,1165.0,1165.0,1115.0,1145.0,615.2042846679688,28626000,0.0,0.0,yfinance_raw_daily
2006-09-13,1145.0,1195.0,1145.0,1195.0,642.0691528320312,59952000,0.0,0.0,yfinance_raw_daily
2006-09-14,1195.0,1245.0,1195.0,1245.0,668.9339599609375,93905504,0.0,0.0,yfinance_raw_daily
2006-09-15,1245.0,1245.0,1235.0,1245.0,668.9339599609375,20265500,0.0,0.0,yfinance_raw_daily
2006-09-18,1245.0,1245.0,1245.0,1245.0,668.9339599609375,17361000,0.0,0.0,yfinance_raw_daily
2006-09-19,1245.0,1274.0,1245.0,1265.0,679.6798706054688,45140500,0.0,0.0,yfinance_raw_daily
2006-09-20,1245.0,1265.0,1235.0,1265.0,679.6798706054688,29505000,0.0,0.0,yfinance_raw_daily
2006-09-21,1255.0,1265.0,1255.0,1265.0,679.6798706054688,15689000,0.0,0.0,yfinance_raw_daily
2006-09-22,1255.0,1274.0,1255.0,1255.0,674.3069458007812,28507000,0.0,0.0,yfinance_raw_daily
2006-09-25,1245.0,1255.0,1245.0,1245.0,668.9339599609375,13823500,0.0,0.0,yfinance_raw_daily
2006-09-26,1255.0,1255.0,1225.0,1235.0,663.5608520507812,8378500,0.0,0.0,yfinance_raw_daily
2006-09-27,1245.0,1255.0,1225.0,1245.0,668.9339599609375,26159500,0.0,0.0,yfinance_raw_daily
2006-09-28,1245.0,1245.0,1225.0,1235.0,663.5608520507812,32286000,0.0,0.0,yfinance_raw_daily
2006-09-29,1235.0,1245.0,1235.0,1245.0,668.9339599609375,15217000,0.0,0.0,yfinance_raw_daily
2006-10-02,1245.0,1245.0,1225.0,1235.0,663.5608520507812,6417000,0.0,0.0,yfinance_raw_daily
2006-10-03,1235.0,1255.0,1235.0,1235.0,663.5608520507812,16675500,0.0,0.0,yfinance_raw_daily
2006-10-04,1245.0,1245.0,1225.0,1245.0,668.9339599609375,8547000,0.0,0.0,yfinance_raw_daily
2006-10-05,1245.0,1274.0,1245.0,1265.0,679.6798706054688,23515500,0.0,0.0,yfinance_raw_daily
2006-10-06,1265.0,1265.0,1245.0,1255.0,674.3069458007812,18253500,0.0,0.0,yfinance_raw_daily
2006-10-09,1255.0,1255.0,1225.0,1235.0,663.5608520507812,7904000,0.0,0.0,yfinance_raw_daily
2006-10-10,1235.0,1314.0,1235.0,1314.0,706.0072631835938,80389504,0.0,0.0,yfinance_raw_daily
2006-10-11,1314.0,1334.0,1294.0,1294.0,695.2613525390625,29075000,0.0,0.0,yfinance_raw_daily
2006-10-12,1304.0,1304.0,1284.0,1294.0,695.2613525390625,24523000,0.0,0.0,yfinance_raw_daily
2006-10-13,1304.0,1314.0,1294.0,1304.0,700.63427734375,9856500,0.0,0.0,yfinance_raw_daily
2006-10-16,1304.0,1324.0,1294.0,1304.0,700.63427734375,20983000,0.0,0.0,yfinance_raw_daily
2006-10-17,1314.0,1324.0,1294.0,1294.0,695.2613525390625,20190000,0.0,0.0,yfinance_raw_daily
2006-10-18,1294.0,1304.0,1284.0,1294.0,695.2613525390625,17634500,0.0,0.0,yfinance_raw_daily
2006-10-19,1304.0,1314.0,1294.0,1304.0,700.63427734375,3773500,0.0,0.0,yfinance_raw_daily
2006-10-20,1304.0,1304.0,1294.0,1304.0,700.63427734375,7838000,0.0,0.0,yfinance_raw_daily
2006-10-23,1304.0,1304.0,1304.0,1304.0,700.63427734375,0,0.0,0.0,yfinance_raw_daily
2006-10-24,1304.0,1304.0,1304.0,1304.0,700.63427734375,0,0.0,0.0,yfinance_raw_daily
2006-10-25,1304.0,1304.0,1304.0,1304.0,700.63427734375,0,0.0,0.0,yfinance_raw_daily
2006-10-26,1304.0,1304.0,1304.0,1304.0,700.63427734375,0,0.0,0.0,yfinance_raw_daily
2006-10-27,1304.0,1304.0,1304.0,1304.0,700.63427734375,0,0.0,0.0,yfinance_raw_daily
2006-10-30,1294.0,1304.0,1294.0,1304.0,700.63427734375,7079500,0.0,0.0,yfinance_raw_daily
2006-10-31,1314.0,1334.0,1314.0,1324.0,711.3803100585938,31083000,0.0,0.0,yfinance_raw_daily
2006-11-01,1334.0,1334.0,1314.0,1324.0,711.3803100585938,7281500,0.0,0.0,yfinance_raw_daily
2006-11-02,1324.0,1364.0,1324.0,1354.0,727.499267578125,38441000,0.0,0.0,yfinance_raw_daily
2006-11-03,1354.0,1364.0,1344.0,1344.0,722.1260986328125,27187500,0.0,0.0,yfinance_raw_daily
2006-11-06,1344.0,1364.0,1334.0,1354.0,727.499267578125,13101500,0.0,0.0,yfinance_raw_daily
2006-11-07,1354.0,1364.0,1334.0,1334.0,716.7532348632812,13896000,0.0,0.0,yfinance_raw_daily
2006-11-08,1344.0,1344.0,1324.0,1334.0,716.7532348632812,8694500,0.0,0.0,yfinance_raw_daily
2006-11-09,1334.0,1344.0,1324.0,1334.0,716.7532348632812,6112500,0.0,0.0,yfinance_raw_daily
2006-11-10,1334.0,1334.0,1334.0,1334.0,716.7532348632812,7688000,0.0,0.0,yfinance_raw_daily
2006-11-13,1334.0,1334.0,1304.0,1314.0,706.0072631835938,11170500,0.0,0.0,yfinance_raw_daily
2006-11-14,1314.0,1324.0,1314.0,1324.0,711.3803100585938,8679500,0.0,0.0,yfinance_raw_daily
2006-11-15,1324.0,1334.0,1314.0,1324.0,711.3803100585938,10723500,0.0,0.0,yfinance_raw_daily
2006-11-16,1334.0,1384.0,1334.0,1374.0,738.2449951171875,44331500,0.0,0.0,yfinance_raw_daily
2006-11-17,1374.0,1414.0,1374.0,1394.0,748.990966796875,60286000,0.0,0.0,yfinance_raw_daily
2006-11-20,1394.0,1394.0,1364.0,1384.0,743.6182250976562,56629500,0.0,0.0,yfinance_raw_daily
2006-11-21,1384.0,1404.0,1374.0,1404.0,754.3638916015625,20456500,0.0,0.0,yfinance_raw_daily
2006-11-22,1404.0,1444.0,1404.0,1424.0,765.1098022460938,49868000,0.0,0.0,yfinance_raw_daily
2006-11-23,1434.0,1444.0,1424.0,1444.0,775.855712890625,17149000,0.0,0.0,yfinance_raw_daily
2006-11-24,1434.0,1444.0,1404.0,1414.0,759.7369384765625,25046500,0.0,0.0,yfinance_raw_daily
2006-11-27,1414.0,1424.0,1384.0,1404.0,754.3638916015625,16358500,0.0,0.0,yfinance_raw_daily
2006-11-28,1404.0,1404.0,1404.0,1404.0,754.3638916015625,29327500,0.0,0.0,yfinance_raw_daily
2006-11-29,1394.0,1404.0,1384.0,1394.0,748.990966796875,11723500,0.0,0.0,yfinance_raw_daily
2006-11-30,1394.0,1404.0,1384.0,1394.0,748.990966796875,12389500,0.0,0.0,yfinance_raw_daily
2006-12-01,1394.0,1394.0,1374.0,1384.0,743.6182250976562,6433500,0.0,0.0,yfinance_raw_daily
2006-12-04,1384.0,1394.0,1384.0,1394.0,748.990966796875,8851500,0.0,0.0,yfinance_raw_daily
2006-12-05,1394.0,1424.0,1394.0,1414.0,759.7369384765625,18685000,0.0,0.0,yfinance_raw_daily
2006-12-06,1404.0,1424.0,1394.0,1404.0,754.3638916015625,13037500,0.0,0.0,yfinance_raw_daily
2006-12-07,1394.0,1404.0,1394.0,1404.0,754.3638916015625,7209000,0.0,0.0,yfinance_raw_daily
2006-12-08,1394.0,1404.0,1384.0,1394.0,748.990966796875,9571500,0.0,0.0,yfinance_raw_daily
2006-12-11,1394.0,1394.0,1354.0,1374.0,738.2449951171875,20285000,0.0,0.0,yfinance_raw_daily
2006-12-12,1374.0,1394.0,1354.0,1394.0,748.990966796875,9502000,0.0,0.0,yfinance_raw_daily
2006-12-13,1384.0,1384.0,1364.0,1374.0,738.2449951171875,8657500,0.0,0.0,yfinance_raw_daily
2006-12-14,1384.0,1384.0,1354.0,1364.0,732.8721923828125,15319500,0.0,0.0,yfinance_raw_daily
2006-12-15,1364.0,1364.0,1364.0,1364.0,732.8721923828125,11890000,0.0,0.0,yfinance_raw_daily
2006-12-18,1374.0,1374.0,1334.0,1354.0,727.499267578125,18048000,0.0,0.0,yfinance_raw_daily
2006-12-19,1344.0,1344.0,1265.0,1284.0,689.8884887695312,44296000,0.0,0.0,yfinance_raw_daily
2006-12-20,1304.0,1334.0,1304.0,1334.0,716.7532348632812,23462000,0.0,0.0,yfinance_raw_daily
2006-12-21,1334.0,1384.0,1334.0,1374.0,738.2449951171875,28269000,0.0,0.0,yfinance_raw_daily
2006-12-22,1374.0,1374.0,1344.0,1354.0,727.499267578125,3395000,0.0,0.0,yfinance_raw_daily
2006-12-26,1354.0,1354.0,1344.0,1344.0,722.1260986328125,2622500,0.0,0.0,yfinance_raw_daily
2006-12-27,1344.0,1344.0,1344.0,1344.0,722.1260986328125,8274000,0.0,0.0,yfinance_raw_daily
2006-12-28,1364.0,1364.0,1334.0,1344.0,722.1260986328125,8274000,0.0,0.0,yfinance_raw_daily
2006-12-29,1350.0,1370.0,1340.0,1350.0,725.3499145507812,14314500,0.0,0.0,yfinance_raw_daily
2007-01-02,1364.0,1374.0,1344.0,1374.0,738.2449951171875,6784500,0.0,0.0,yfinance_raw_daily
2007-01-03,1374.0,1394.0,1354.0,1384.0,743.6182250976562,29472000,0.0,0.0,yfinance_raw_daily
2007-01-04,1384.0,1404.0,1374.0,1374.0,738.2449951171875,38664500,0.0,0.0,yfinance_raw_daily
2007-01-05,1374.0,1394.0,1364.0,1394.0,748.990966796875,8679000,0.0,0.0,yfinance_raw_daily
2007-01-08,1394.0,1414.0,1354.0,1414.0,759.7369384765625,27538000,0.0,0.0,yfinance_raw_daily
2007-01-09,1424.0,1444.0,1364.0,1404.0,754.3638916015625,35892000,0.0,0.0,yfinance_raw_daily
2007-01-10,1384.0,1384.0,1344.0,1354.0,727.499267578125,39002500,0.0,0.0,yfinance_raw_daily
2007-01-11,1354.0,1364.0,1314.0,1334.0,716.7532348632812,30596000,0.0,0.0,yfinance_raw_daily
2007-01-12,1344.0,1344.0,1274.0,1314.0,706.0072631835938,31467000,0.0,0.0,yfinance_raw_daily
2007-01-15,1324.0,1424.0,1324.0,1414.0,759.7369384765625,71877504,0.0,0.0,yfinance_raw_daily
2007-01-16,1424.0,1424.0,1394.0,1414.0,759.7369384765625,10709500,0.0,0.0,yfinance_raw_daily
2007-01-17,1414.0,1533.0,1414.0,1533.0,823.67529296875,164084992,0.0,0.0,yfinance_raw_daily
2007-01-18,1543.0,1563.0,1513.0,1533.0,823.67529296875,35995000,0.0,0.0,yfinance_raw_daily
2007-01-19,1533.0,1583.0,1533.0,1583.0,850.5401000976562,36248500,0.0,0.0,yfinance_raw_daily
2007-01-22,1583.0,1583.0,1533.0,1543.0,829.0481567382812,16735500,0.0,0.0,yfinance_raw_daily
2007-01-23,1533.0,1533.0,1513.0,1523.0,818.30224609375,23875500,0.0,0.0,yfinance_raw_daily
2007-01-24,1523.0,1593.0,1523.0,1593.0,855.9129638671875,41024500,0.0,0.0,yfinance_raw_daily
2007-01-25,1593.0,1613.0,1563.0,1563.0,839.794189453125,31560500,0.0,0.0,yfinance_raw_daily
2007-01-26,1533.0,1563.0,1523.0,1553.0,834.4212036132812,18113500,0.0,0.0,yfinance_raw_daily
2007-01-29,1553.0,1723.0,1553.0,1683.0,904.2695922851562,112527504,0.0,0.0,yfinance_raw_daily
2007-01-30,1703.0,1713.0,1663.0,1683.0,904.2695922851562,42138500,0.0,0.0,yfinance_raw_daily
2007-01-31,1683.0,1693.0,1653.0,1683.0,904.2695922851562,28275000,0.0,0.0,yfinance_raw_daily
2007-02-01,1693.0,1752.0,1673.0,1742.0,935.9699096679688,41116500,0.0,0.0,yfinance_raw_daily
2007-02-02,1742.0,1742.0,1693.0,1703.0,915.0156860351562,6006500,0.0,0.0,yfinance_raw_daily
2007-02-05,1713.0,1772.0,1703.0,1723.0,925.7613525390625,39535500,0.0,0.0,yfinance_raw_daily
2007-02-06,1723.0,1752.0,1723.0,1732.0,930.5969848632812,10875000,0.0,0.0,yfinance_raw_daily
2007-02-07,1752.0,1752.0,1723.0,1742.0,935.9699096679688,13891500,0.0,0.0,yfinance_raw_daily
2007-02-08,1742.0,1792.0,1732.0,1792.0,962.8349609375,54287000,0.0,0.0,yfinance_raw_daily
2007-02-09,1792.0,1802.0,1752.0,1762.0,946.7158813476562,13626500,0.0,0.0,yfinance_raw_daily
2007-02-12,1732.0,1752.0,1703.0,1713.0,920.3883056640625,18637000,0.0,0.0,yfinance_raw_daily
2007-02-13,1703.0,1703.0,1663.0,1673.0,898.896728515625,21450000,0.0,0.0,yfinance_raw_daily
2007-02-14,1683.0,1713.0,1633.0,1653.0,888.150634765625,32348000,0.0,0.0,yfinance_raw_daily
2007-02-15,1673.0,1703.0,1653.0,1673.0,898.896728515625,49952500,0.0,0.0,yfinance_raw_daily
2007-02-16,1673.0,1693.0,1663.0,1673.0,898.896728515625,8305000,0.0,0.0,yfinance_raw_daily
2007-02-19,1683.0,1713.0,1673.0,1703.0,915.0156860351562,8285000,0.0,0.0,yfinance_raw_daily
2007-02-20,1703.0,1703.0,1663.0,1673.0,898.896728515625,9316500,0.0,0.0,yfinance_raw_daily
2007-02-21,1683.0,1713.0,1683.0,1693.0,909.6426391601562,43158000,0.0,0.0,yfinance_raw_daily
2007-02-22,1693.0,1703.0,1653.0,1653.0,888.150634765625,24027000,0.0,0.0,yfinance_raw_daily
2007-02-23,1643.0,1653.0,1623.0,1623.0,872.0318603515625,15179000,0.0,0.0,yfinance_raw_daily
2007-02-26,1623.0,1623.0,1563.0,1583.0,850.5401000976562,39217500,0.0,0.0,yfinance_raw_daily
2007-02-27,1583.0,1613.0,1573.0,1583.0,850.5401000976562,38087000,0.0,0.0,yfinance_raw_daily
2007-02-28,1494.0,1553.0,1444.0,1553.0,834.4212036132812,39119500,0.0,0.0,yfinance_raw_daily
2007-03-01,1563.0,1573.0,1543.0,1563.0,839.794189453125,13913500,0.0,0.0,yfinance_raw_daily
2007-03-02,1553.0,1563.0,1543.0,1543.0,829.0481567382812,4248500,0.0,0.0,yfinance_raw_daily
2007-03-05,1533.0,1543.0,1474.0,1484.0,797.3478393554688,19571500,0.0,0.0,yfinance_raw_daily
2007-03-06,1513.0,1533.0,1503.0,1533.0,823.67529296875,3589500,0.0,0.0,yfinance_raw_daily
2007-03-07,1533.0,1533.0,1494.0,1503.0,807.5564575195312,13606000,0.0,0.0,yfinance_raw_daily
2007-03-08,1503.0,1503.0,1503.0,1503.0,807.5564575195312,9895000,0.0,0.0,yfinance_raw_daily
2007-03-09,1513.0,1523.0,1474.0,1484.0,797.3478393554688,4918000,0.0,0.0,yfinance_raw_daily
2007-03-12,1494.0,1513.0,1484.0,1503.0,807.5564575195312,12126500,0.0,0.0,yfinance_raw_daily
2007-03-13,1503.0,1503.0,1484.0,1494.0,802.720703125,16889500,0.0,0.0,yfinance_raw_daily
2007-03-14,1474.0,1484.0,1464.0,1464.0,786.6016845703125,11142500,0.0,0.0,yfinance_raw_daily
2007-03-15,1484.0,1484.0,1424.0,1444.0,775.855712890625,24305500,0.0,0.0,yfinance_raw_daily
2007-03-16,1444.0,1444.0,1404.0,1414.0,759.7369384765625,22027500,0.0,0.0,yfinance_raw_daily
2007-03-20,1424.0,1424.0,1374.0,1384.0,743.6182250976562,35182000,0.0,0.0,yfinance_raw_daily
2007-03-21,1384.0,1394.0,1364.0,1394.0,748.990966796875,37351500,0.0,0.0,yfinance_raw_daily
2007-03-22,1414.0,1484.0,1414.0,1484.0,797.3478393554688,90634496,0.0,0.0,yfinance_raw_daily
2007-03-23,1503.0,1533.0,1484.0,1484.0,797.3478393554688,92448000,0.0,0.0,yfinance_raw_daily
2007-03-26,1484.0,1503.0,1474.0,1474.0,791.9746704101562,14224000,0.0,0.0,yfinance_raw_daily
2007-03-27,1474.0,1553.0,1474.0,1533.0,823.67529296875,57390500,0.0,0.0,yfinance_raw_daily
2007-03-28,1533.0,1533.0,1503.0,1523.0,818.30224609375,20101500,0.0,0.0,yfinance_raw_daily
2007-03-29,1503.0,1543.0,1494.0,1533.0,823.67529296875,22878500,0.0,0.0,yfinance_raw_daily
2007-03-30,1533.0,1533.0,1513.0,1513.0,812.9290771484375,3384000,0.0,0.0,yfinance_raw_daily
2007-04-02,1523.0,1533.0,1513.0,1523.0,818.30224609375,13787000,0.0,0.0,yfinance_raw_daily
2007-04-03,1523.0,1573.0,1513.0,1563.0,839.794189453125,34819000,0.0,0.0,yfinance_raw_daily
2007-04-04,1573.0,1603.0,1553.0,1553.0,834.4212036132812,39253500,0.0,0.0,yfinance_raw_daily
2007-04-05,1553.0,1553.0,1523.0,1533.0,823.67529296875,10858500,0.0,0.0,yfinance_raw_daily
2007-04-09,1543.0,1563.0,1533.0,1543.0,829.0481567382812,11235000,0.0,0.0,yfinance_raw_daily
2007-04-10,1553.0,1563.0,1543.0,1553.0,834.4212036132812,7217500,0.0,0.0,yfinance_raw_daily
2007-04-11,1553.0,1563.0,1543.0,1553.0,834.4212036132812,14261500,0.0,0.0,yfinance_raw_daily
2007-04-12,1553.0,1553.0,1553.0,1553.0,834.4212036132812,58426000,0.0,0.0,yfinance_raw_daily
2007-04-13,1593.0,1673.0,1593.0,1663.0,893.5237426757812,65389500,0.0,0.0,yfinance_raw_daily
2007-04-16,1663.0,1732.0,1663.0,1723.0,925.7613525390625,37053000,0.0,0.0,yfinance_raw_daily
2007-04-17,1723.0,1723.0,1723.0,1723.0,925.7613525390625,14343000,0.0,0.0,yfinance_raw_daily
2007-04-18,1703.0,1703.0,1653.0,1663.0,893.5237426757812,10849000,0.0,0.0,yfinance_raw_daily
2007-04-19,1633.0,1663.0,1613.0,1633.0,877.405029296875,10132500,0.0,0.0,yfinance_raw_daily
2007-04-20,1633.0,1633.0,1633.0,1633.0,877.405029296875,4177000,0.0,0.0,yfinance_raw_daily
2007-04-23,1673.0,1693.0,1643.0,1653.0,888.150634765625,12595000,0.0,0.0,yfinance_raw_daily
2007-04-24,1653.0,1663.0,1613.0,1623.0,872.0318603515625,24484500,0.0,0.0,yfinance_raw_daily
2007-04-25,1623.0,1673.0,1623.0,1663.0,893.5237426757812,45043000,0.0,0.0,yfinance_raw_daily
2007-04-26,1673.0,1713.0,1663.0,1693.0,909.6426391601562,39865000,0.0,0.0,yfinance_raw_daily
2007-04-27,1693.0,1693.0,1673.0,1683.0,904.2695922851562,7941000,0.0,0.0,yfinance_raw_daily
2007-04-30,1673.0,1683.0,1623.0,1633.0,877.405029296875,19013000,0.0,0.0,yfinance_raw_daily
2007-05-01,1623.0,1653.0,1623.0,1633.0,877.405029296875,7276000,0.0,0.0,yfinance_raw_daily
2007-05-02,1653.0,1663.0,1623.0,1633.0,877.405029296875,17391000,0.0,0.0,yfinance_raw_daily
2007-05-03,1643.0,1653.0,1643.0,1653.0,888.150634765625,11552000,0.0,0.0,yfinance_raw_daily
2007-05-04,1633.0,1693.0,1633.0,1673.0,898.896728515625,23066000,0.0,0.0,yfinance_raw_daily
2007-05-07,1683.0,1713.0,1673.0,1683.0,904.2695922851562,31873000,0.0,0.0,yfinance_raw_daily
2007-05-08,1693.0,1713.0,1683.0,1703.0,915.0156860351562,23134500,0.0,0.0,yfinance_raw_daily
2007-05-09,1703.0,1732.0,1693.0,1713.0,920.3883056640625,42070000,0.0,0.0,yfinance_raw_daily
2007-05-10,1723.0,1723.0,1673.0,1673.0,898.896728515625,12205500,0.0,0.0,yfinance_raw_daily
2007-05-11,1673.0,1693.0,1633.0,1643.0,882.7777709960938,27603500,0.0,0.0,yfinance_raw_daily
2007-05-14,1643.0,1673.0,1643.0,1653.0,888.150634765625,7943000,0.0,0.0,yfinance_raw_daily
2007-05-15,1673.0,1673.0,1633.0,1643.0,882.7777709960938,21723500,0.0,0.0,yfinance_raw_daily
2007-05-16,1643.0,1683.0,1643.0,1673.0,898.896728515625,9768500,0.0,0.0,yfinance_raw_daily
2007-05-21,1683.0,1683.0,1663.0,1673.0,898.896728515625,4121500,0.0,0.0,yfinance_raw_daily
2007-05-22,1663.0,1703.0,1663.0,1683.0,904.2695922851562,18816000,0.0,0.0,yfinance_raw_daily
2007-05-23,1683.0,1693.0,1673.0,1683.0,904.2695922851562,15329500,0.0,0.0,yfinance_raw_daily
2007-05-24,1683.0,1683.0,1683.0,1683.0,904.2695922851562,0,0.0,0.0,yfinance_raw_daily
2007-05-25,1683.0,1683.0,1683.0,1683.0,904.2695922851562,0,0.0,0.0,yfinance_raw_daily
2007-05-28,1782.0,1822.0,1742.0,1772.0,952.0889282226562,117029000,0.0,0.0,yfinance_raw_daily
2007-05-29,1782.0,1792.0,1732.0,1732.0,930.5969848632812,18774000,0.0,0.0,yfinance_raw_daily
2007-05-30,1732.0,1732.0,1673.0,1693.0,909.6426391601562,22641000,0.0,0.0,yfinance_raw_daily
2007-05-31,1693.0,1693.0,1693.0,1693.0,909.6426391601562,23084000,0.0,0.0,yfinance_raw_daily
2007-06-04,1742.0,1912.0,1742.0,1882.0,1011.1914672851562,126890000,0.0,0.0,yfinance_raw_daily
2007-06-05,1892.0,1912.0,1842.0,1862.0,1000.4457397460938,29622500,0.0,0.0,yfinance_raw_daily
2007-06-06,1852.0,1902.0,1842.0,1872.0,1005.8187255859375,15382000,0.0,0.0,yfinance_raw_daily
2007-06-07,1862.0,1892.0,1842.0,1882.0,1011.1914672851562,6932000,0.0,0.0,yfinance_raw_daily
2007-06-08,1842.0,1852.0,1812.0,1832.0,984.3267822265625,8592000,0.0,0.0,yfinance_raw_daily
2007-06-11,1842.0,1882.0,1842.0,1872.0,1005.8187255859375,11337500,0.0,0.0,yfinance_raw_daily
2007-06-12,1882.0,2001.0,1882.0,1981.0,1064.3837890625,95716496,0.0,0.0,yfinance_raw_daily
2007-06-13,1961.0,1981.0,1961.0,1971.0,1059.010986328125,6993500,0.0,0.0,yfinance_raw_daily
2007-06-14,1991.0,2101.0,1991.0,2091.0,1123.486572265625,67424496,0.0,0.0,yfinance_raw_daily
2007-06-15,2141.0,2141.0,2016.0,2041.0,1096.621826171875,12878000,0.0,0.0,yfinance_raw_daily
2007-06-18,2066.0,2091.0,1942.0,1966.0,1056.3243408203125,18638000,0.0,0.0,yfinance_raw_daily
2007-06-19,1952.0,1991.0,1952.0,1981.0,1064.3837890625,6074500,0.0,0.0,yfinance_raw_daily
2007-06-20,1991.0,2061.0,1981.0,2061.0,1107.367431640625,32825000,0.0,0.0,yfinance_raw_daily
2007-06-21,2016.0,2091.0,2016.0,2041.0,1096.621826171875,8360000,0.0,0.0,yfinance_raw_daily
2007-06-22,2041.0,2041.0,1991.0,2041.0,1096.621826171875,4316500,0.0,0.0,yfinance_raw_daily
2007-06-25,2016.0,2166.0,2016.0,2166.0,1163.78369140625,35187000,0.0,0.0,yfinance_raw_daily
2007-06-26,2141.0,2190.0,2016.0,2066.0,1110.05419921875,31963500,0.0,0.0,yfinance_raw_daily
2007-06-27,2066.0,2066.0,1966.0,2016.0,1083.1893310546875,14470500,0.0,0.0,yfinance_raw_daily
2007-06-28,2041.0,2066.0,1942.0,2016.0,1083.1893310546875,12745500,0.0,0.0,yfinance_raw_daily
2007-06-29,2016.0,2041.0,1966.0,2016.0,1083.1893310546875,7865500,0.0,0.0,yfinance_raw_daily
2007-07-02,2016.0,2066.0,1991.0,2041.0,1096.621826171875,24694500,0.0,0.0,yfinance_raw_daily
2007-07-03,2041.0,2091.0,2016.0,2091.0,1123.486572265625,12380000,0.0,0.0,yfinance_raw_daily
2007-07-04,2091.0,2116.0,2041.0,2066.0,1110.05419921875,13177000,0.0,0.0,yfinance_raw_daily
2007-07-05,2066.0,2066.0,2066.0,2066.0,1110.05419921875,19981000,0.0,0.0,yfinance_raw_daily
2007-07-06,2116.0,2215.0,2066.0,2190.0,1176.6788330078125,33916000,0.0,0.0,yfinance_raw_daily
2007-07-09,2190.0,2265.0,2166.0,2190.0,1176.6788330078125,29546000,0.0,0.0,yfinance_raw_daily
2007-07-10,2190.0,2240.0,2166.0,2190.0,1176.6788330078125,22826000,0.0,0.0,yfinance_raw_daily
2007-07-11,2166.0,2190.0,2141.0,2190.0,1176.6788330078125,29376500,0.0,0.0,yfinance_raw_daily
2007-07-12,2190.0,2240.0,2141.0,2166.0,1163.78369140625,16761500,0.0,0.0,yfinance_raw_daily
2007-07-13,2190.0,2240.0,2190.0,2190.0,1176.6788330078125,19729500,0.0,0.0,yfinance_raw_daily
2007-07-16,2215.0,2215.0,2141.0,2166.0,1163.78369140625,16140000,0.0,0.0,yfinance_raw_daily
2007-07-17,2116.0,2166.0,2116.0,2141.0,1150.351318359375,12268000,0.0,0.0,yfinance_raw_daily
2007-07-18,2141.0,2166.0,2116.0,2141.0,1150.351318359375,18855500,0.0,0.0,yfinance_raw_daily
2007-07-19,2141.0,2215.0,2116.0,2215.0,1190.1112060546875,26345000,0.0,0.0,yfinance_raw_daily
2007-07-20,2215.0,2240.0,2166.0,2190.0,1176.6788330078125,19559000,0.0,0.0,yfinance_raw_daily
2007-07-23,2190.0,2190.0,2190.0,2190.0,1176.6788330078125,28119500,0.0,0.0,yfinance_raw_daily
2007-07-24,2190.0,2190.0,2190.0,2190.0,1176.6788330078125,10927000,0.0,0.0,yfinance_raw_daily
2007-07-25,2190.0,2190.0,2190.0,2190.0,1176.6788330078125,8556500,0.0,0.0,yfinance_raw_daily
2007-07-26,2190.0,2190.0,2190.0,2190.0,1176.6788330078125,27931500,0.0,0.0,yfinance_raw_daily
2007-07-27,2190.0,2190.0,2190.0,2190.0,1176.6788330078125,46241500,0.0,0.0,yfinance_raw_daily
2007-07-30,2190.0,2190.0,2190.0,2190.0,1193.57421875,16043000,31.0,0.0,yfinance_raw_daily
2007-07-31,2190.0,2190.0,2190.0,2190.0,1193.57421875,14899000,0.0,0.0,yfinance_raw_daily
2007-08-01,1966.0,1991.0,1842.0,1892.0,1031.160888671875,27190000,0.0,0.0,yfinance_raw_daily
2007-08-02,1912.0,1922.0,1842.0,1862.0,1014.8104858398438,31994000,0.0,0.0,yfinance_raw_daily
2007-08-03,1882.0,1892.0,1852.0,1862.0,1014.8104858398438,19440000,0.0,0.0,yfinance_raw_daily
2007-08-06,1832.0,1832.0,1792.0,1832.0,998.4600830078125,8556500,0.0,0.0,yfinance_raw_daily
2007-08-07,1852.0,1872.0,1792.0,1802.0,982.1099243164062,13920000,0.0,0.0,yfinance_raw_daily
2007-08-08,1822.0,1882.0,1822.0,1882.0,1025.710693359375,14020000,0.0,0.0,yfinance_raw_daily
2007-08-09,1902.0,1922.0,1852.0,1862.0,1014.8104858398438,16564500,0.0,0.0,yfinance_raw_daily
2007-08-10,1862.0,1862.0,1862.0,1862.0,1014.8104858398438,9758500,0.0,0.0,yfinance_raw_daily
2007-08-13,1852.0,1852.0,1812.0,1842.0,1003.9102172851562,5677500,0.0,0.0,yfinance_raw_daily
2007-08-14,1842.0,1842.0,1842.0,1842.0,1003.9102172851562,27512500,0.0,0.0,yfinance_raw_daily
2007-08-15,1772.0,1772.0,1703.0,1713.0,933.6038818359375,17907500,0.0,0.0,yfinance_raw_daily
2007-08-16,1663.0,1663.0,1553.0,1593.0,868.20263671875,18297000,0.0,0.0,yfinance_raw_daily
2007-08-20,1693.0,1772.0,1693.0,1762.0,960.3095092773438,11513000,0.0,0.0,yfinance_raw_daily
2007-08-21,1742.0,1792.0,1703.0,1713.0,933.6038818359375,7327000,0.0,0.0,yfinance_raw_daily
2007-08-22,1742.0,1752.0,1713.0,1742.0,949.4093627929688,8754500,0.0,0.0,yfinance_raw_daily
2007-08-23,1742.0,1742.0,1742.0,1742.0,949.4093627929688,19168500,0.0,0.0,yfinance_raw_daily
2007-08-24,1802.0,1812.0,1782.0,1812.0,987.56005859375,7170500,0.0,0.0,yfinance_raw_daily
2007-08-27,1812.0,1812.0,1812.0,1812.0,987.56005859375,14253500,0.0,0.0,yfinance_raw_daily
2007-08-28,1832.0,1902.0,1832.0,1862.0,1014.8104858398438,27083000,0.0,0.0,yfinance_raw_daily
2007-08-29,1812.0,1842.0,1802.0,1842.0,1003.9102172851562,10806500,0.0,0.0,yfinance_raw_daily
2007-08-30,1892.0,1912.0,1812.0,1822.0,993.0101928710938,26034000,0.0,0.0,yfinance_raw_daily
2007-08-31,1842.0,1872.0,1812.0,1852.0,1009.3603515625,20551500,0.0,0.0,yfinance_raw_daily
2007-09-03,1852.0,1882.0,1842.0,1862.0,1014.8104858398438,21104000,0.0,0.0,yfinance_raw_daily
2007-09-04,1862.0,1882.0,1842.0,1862.0,1014.8104858398438,9172500,0.0,0.0,yfinance_raw_daily
2007-09-05,1872.0,1872.0,1822.0,1832.0,998.4600830078125,12563500,0.0,0.0,yfinance_raw_daily
2007-09-06,1812.0,1852.0,1812.0,1832.0,998.4600830078125,17565000,0.0,0.0,yfinance_raw_daily
2007-09-07,1832.0,1832.0,1792.0,1812.0,987.56005859375,16214500,0.0,0.0,yfinance_raw_daily
2007-09-10,1812.0,1812.0,1812.0,1812.0,987.56005859375,15535000,0.0,0.0,yfinance_raw_daily
2007-09-11,1782.0,1792.0,1772.0,1782.0,971.209716796875,7690500,0.0,0.0,yfinance_raw_daily
2007-09-12,1792.0,1802.0,1782.0,1792.0,976.659912109375,9522000,0.0,0.0,yfinance_raw_daily
2007-09-13,1792.0,1802.0,1772.0,1792.0,976.659912109375,6506000,0.0,0.0,yfinance_raw_daily
2007-09-14,1802.0,1862.0,1792.0,1842.0,1003.9102172851562,43670000,0.0,0.0,yfinance_raw_daily
2007-09-17,1842.0,1862.0,1812.0,1842.0,1003.9102172851562,11472000,0.0,0.0,yfinance_raw_daily
2007-09-18,1822.0,1862.0,1812.0,1852.0,1009.3603515625,12134500,0.0,0.0,yfinance_raw_daily
2007-09-19,1862.0,1892.0,1852.0,1882.0,1025.710693359375,39036500,0.0,0.0,yfinance_raw_daily
2007-09-20,1892.0,1892.0,1852.0,1862.0,1014.8104858398438,8714500,0.0,0.0,yfinance_raw_daily
2007-09-21,1862.0,1922.0,1862.0,1922.0,1047.5115966796875,20252000,0.0,0.0,yfinance_raw_daily
2007-09-24,1922.0,1922.0,1922.0,1922.0,1047.5115966796875,36171000,0.0,0.0,yfinance_raw_daily
2007-09-25,1971.0,1971.0,1922.0,1942.0,1058.411376953125,36171000,0.0,0.0,yfinance_raw_daily
2007-09-26,1942.0,1952.0,1932.0,1952.0,1063.8616943359375,74500,0.0,0.0,yfinance_raw_daily
2007-09-27,1961.0,1961.0,1932.0,1942.0,1058.411376953125,8243000,0.0,0.0,yfinance_raw_daily
2007-09-28,1942.0,1942.0,1942.0,1942.0,1058.411376953125,14547000,0.0,0.0,yfinance_raw_daily
2007-10-01,1932.0,1952.0,1932.0,1952.0,1063.8616943359375,11655000,0.0,0.0,yfinance_raw_daily
2007-10-02,1961.0,2021.0,1961.0,2001.0,1090.5670166015625,67458000,0.0,0.0,yfinance_raw_daily
2007-10-03,2016.0,2041.0,1966.0,1991.0,1085.1170654296875,45442500,0.0,0.0,yfinance_raw_daily
2007-10-04,1991.0,2016.0,1966.0,1991.0,1085.1170654296875,10377500,0.0,0.0,yfinance_raw_daily
2007-10-05,1991.0,1991.0,1991.0,1991.0,1085.1170654296875,26098500,0.0,0.0,yfinance_raw_daily
2007-10-08,2016.0,2016.0,1991.0,2016.0,1098.7421875,18264000,0.0,0.0,yfinance_raw_daily
2007-10-09,1991.0,2066.0,1991.0,2041.0,1112.3675537109375,26516000,0.0,0.0,yfinance_raw_daily
2007-10-10,2041.0,2116.0,2041.0,2066.0,1125.9927978515625,62662500,0.0,0.0,yfinance_raw_daily
2007-10-11,2066.0,2091.0,2041.0,2066.0,1125.9927978515625,23522000,0.0,0.0,yfinance_raw_daily
2007-10-17,2041.0,2066.0,2016.0,2066.0,1125.9927978515625,25248000,0.0,0.0,yfinance_raw_daily
2007-10-18,2066.0,2091.0,2016.0,2041.0,1112.3675537109375,24482000,0.0,0.0,yfinance_raw_daily
2007-10-19,2041.0,2041.0,1966.0,1991.0,1085.1170654296875,13031500,0.0,0.0,yfinance_raw_daily
2007-10-22,1991.0,1991.0,1991.0,1991.0,1085.1170654296875,22858500,0.0,0.0,yfinance_raw_daily
2007-10-23,1902.0,1981.0,1902.0,1981.0,1079.6668701171875,19165500,0.0,0.0,yfinance_raw_daily
2007-10-24,2001.0,2021.0,1952.0,1961.0,1068.7667236328125,17540500,0.0,0.0,yfinance_raw_daily
2007-10-25,1981.0,2031.0,1971.0,2011.0,1096.017578125,54826500,0.0,0.0,yfinance_raw_daily
2007-10-26,2041.0,2066.0,1991.0,2016.0,1098.7421875,31048000,0.0,0.0,yfinance_raw_daily
2007-10-29,2016.0,2016.0,2016.0,2016.0,1098.7421875,30059500,0.0,0.0,yfinance_raw_daily
2007-10-30,2066.0,2166.0,2066.0,2116.0,1153.243408203125,69439000,0.0,0.0,yfinance_raw_daily
2007-10-31,2116.0,2190.0,2091.0,2190.0,1193.57421875,55344000,0.0,0.0,yfinance_raw_daily
2007-11-01,2215.0,2265.0,2166.0,2215.0,1207.1995849609375,104370000,0.0,0.0,yfinance_raw_daily
2007-11-02,2141.0,2215.0,2116.0,2215.0,1207.1995849609375,41073000,0.0,0.0,yfinance_raw_daily
2007-11-05,2190.0,2190.0,2116.0,2116.0,1153.243408203125,16771000,0.0,0.0,yfinance_raw_daily
2007-11-06,2141.0,2166.0,2116.0,2141.0,1166.868896484375,10769000,0.0,0.0,yfinance_raw_daily
2007-11-07,2166.0,2265.0,2141.0,2215.0,1207.1995849609375,55851000,0.0,0.0,yfinance_raw_daily
2007-11-08,2166.0,2365.0,2141.0,2365.0,1288.9512939453125,142633504,0.0,0.0,yfinance_raw_daily
2007-11-09,2390.0,2639.0,2390.0,2614.0,1424.6591796875,154624000,0.0,0.0,yfinance_raw_daily
2007-11-12,2539.0,2688.0,2489.0,2589.0,1411.03369140625,70784496,0.0,0.0,yfinance_raw_daily
2007-11-13,2589.0,2589.0,2589.0,2589.0,1411.03369140625,106891500,0.0,0.0,yfinance_raw_daily
2007-11-14,2738.0,2763.0,2639.0,2663.0,1451.3643798828125,49351000,0.0,0.0,yfinance_raw_daily
2007-11-15,2688.0,2763.0,2639.0,2738.0,1492.2406005859375,39801500,0.0,0.0,yfinance_raw_daily
2007-11-16,2738.0,2738.0,2738.0,2738.0,1492.2406005859375,55142000,0.0,0.0,yfinance_raw_daily
2007-11-19,2788.0,2788.0,2564.0,2564.0,1397.4083251953125,25760500,0.0,0.0,yfinance_raw_daily
2007-11-20,2464.0,2614.0,2365.0,2589.0,1411.03369140625,36073500,0.0,0.0,yfinance_raw_daily
2007-11-21,2589.0,2589.0,2589.0,2589.0,1411.03369140625,11542500,0.0,0.0,yfinance_raw_daily
2007-11-22,2439.0,2514.0,2415.0,2464.0,1342.907470703125,13521500,0.0,0.0,yfinance_raw_daily
2007-11-23,2464.0,2539.0,2464.0,2514.0,1370.15771484375,9257000,0.0,0.0,yfinance_raw_daily
2007-11-26,2514.0,2514.0,2514.0,2514.0,1370.15771484375,17598500,0.0,0.0,yfinance_raw_daily
2007-11-27,2539.0,2639.0,2539.0,2589.0,1411.03369140625,12702500,0.0,0.0,yfinance_raw_daily
2007-11-28,2614.0,2614.0,2489.0,2539.0,1383.7828369140625,12594500,0.0,0.0,yfinance_raw_daily
2007-11-29,2589.0,2614.0,2539.0,2589.0,1411.03369140625,11489000,0.0,0.0,yfinance_raw_daily
2007-11-30,2589.0,2614.0,2489.0,2514.0,1370.15771484375,13463500,0.0,0.0,yfinance_raw_daily
2007-12-03,2514.0,2539.0,2464.0,2489.0,1356.5322265625,7126500,0.0,0.0,yfinance_raw_daily
2007-12-04,2464.0,2514.0,2439.0,2514.0,1370.15771484375,16579000,0.0,0.0,yfinance_raw_daily
2007-12-05,2514.0,2614.0,2489.0,2614.0,1424.6591796875,20073500,0.0,0.0,yfinance_raw_daily
2007-12-06,2663.0,2688.0,2614.0,2688.0,1464.989501953125,25802000,0.0,0.0,yfinance_raw_daily
2007-12-07,2688.0,2713.0,2564.0,2564.0,1397.4083251953125,13314000,0.0,0.0,yfinance_raw_daily
2007-12-10,2564.0,2663.0,2564.0,2614.0,1424.6591796875,5479500,0.0,0.0,yfinance_raw_daily
2007-12-11,2663.0,2688.0,2639.0,2688.0,1464.989501953125,11867000,0.0,0.0,yfinance_raw_daily
2007-12-12,2639.0,2663.0,2614.0,2639.0,1438.2843017578125,7017000,0.0,0.0,yfinance_raw_daily
2007-12-13,2639.0,2663.0,2564.0,2589.0,1411.03369140625,5640500,0.0,0.0,yfinance_raw_daily
2007-12-14,2589.0,2589.0,2589.0,2589.0,1411.03369140625,8717500,0.0,0.0,yfinance_raw_daily
2007-12-17,2489.0,2514.0,2415.0,2439.0,1329.2821044921875,8717500,0.0,0.0,yfinance_raw_daily
2007-12-18,2439.0,2439.0,2439.0,2439.0,1329.2821044921875,7836000,0.0,0.0,yfinance_raw_daily
2007-12-19,2464.0,2464.0,2390.0,2439.0,1329.2821044921875,10143000,0.0,0.0,yfinance_raw_daily
2007-12-26,2439.0,2439.0,2439.0,2439.0,1329.2821044921875,7588500,0.0,0.0,yfinance_raw_daily
2007-12-27,2564.0,2589.0,2489.0,2539.0,1383.7828369140625,8194500,0.0,0.0,yfinance_raw_daily
2007-12-28,2514.0,2564.0,2514.0,2564.0,1397.4083251953125,6669000,0.0,0.0,yfinance_raw_daily
2007-12-31,2564.0,2564.0,2564.0,2564.0,1397.4083251953125,0,0.0,0.0,yfinance_raw_daily
2008-01-02,2564.0,2564.0,2564.0,2564.0,1397.4083251953125,6801500,0.0,0.0,yfinance_raw_daily
2008-01-03,2464.0,2589.0,2464.0,2589.0,1411.03369140625,5826000,0.0,0.0,yfinance_raw_daily
2008-01-04,2589.0,2713.0,2564.0,2663.0,1451.3643798828125,30787500,0.0,0.0,yfinance_raw_daily
2008-01-07,2614.0,2788.0,2614.0,2738.0,1492.2406005859375,32203500,0.0,0.0,yfinance_raw_daily
2008-01-08,2763.0,2987.0,2763.0,2912.0,1587.072509765625,77065504,0.0,0.0,yfinance_raw_daily
2008-01-09,2912.0,3186.0,2887.0,3161.0,1722.77978515625,78379000,0.0,0.0,yfinance_raw_daily
2008-01-14,3161.0,3261.0,2987.0,3037.0,1655.1983642578125,63884500,0.0,0.0,yfinance_raw_daily
2008-01-15,3111.0,3161.0,2962.0,3012.0,1641.573486328125,30523000,0.0,0.0,yfinance_raw_daily
2008-01-16,2937.0,2987.0,2788.0,2912.0,1587.072509765625,29028500,0.0,0.0,yfinance_raw_daily
2008-01-17,2937.0,3087.0,2813.0,3037.0,1655.1983642578125,54181500,0.0,0.0,yfinance_raw_daily
2008-01-18,2887.0,3062.0,2838.0,2987.0,1627.947998046875,32905000,0.0,0.0,yfinance_raw_daily
2008-01-21,2987.0,3037.0,2813.0,2887.0,1573.447021484375,30452000,0.0,0.0,yfinance_raw_daily
2008-01-22,2738.0,2738.0,2464.0,2489.0,1356.5322265625,38434500,0.0,0.0,yfinance_raw_daily
2008-01-23,2738.0,2813.0,2614.0,2688.0,1464.989501953125,53378500,0.0,0.0,yfinance_raw_daily
2008-01-24,2738.0,2838.0,2713.0,2713.0,1478.614990234375,59271500,0.0,0.0,yfinance_raw_daily
2008-01-25,2788.0,2838.0,2738.0,2813.0,1533.1158447265625,45590500,0.0,0.0,yfinance_raw_daily
2008-01-28,2788.0,2788.0,2614.0,2663.0,1451.3643798828125,33078000,0.0,0.0,yfinance_raw_daily
2008-01-29,2688.0,2788.0,2663.0,2738.0,1492.2406005859375,41893000,0.0,0.0,yfinance_raw_daily
2008-01-30,2738.0,2788.0,2688.0,2788.0,1519.4906005859375,27447000,0.0,0.0,yfinance_raw_daily
2008-01-31,2788.0,2863.0,2763.0,2813.0,1533.1158447265625,54607500,0.0,0.0,yfinance_raw_daily
2008-02-01,2838.0,2887.0,2763.0,2813.0,1533.1158447265625,23599000,0.0,0.0,yfinance_raw_daily
2008-02-04,2838.0,2887.0,2813.0,2813.0,1533.1158447265625,24700000,0.0,0.0,yfinance_raw_daily
2008-02-05,2788.0,2962.0,2788.0,2887.0,1573.447021484375,46406500,0.0,0.0,yfinance_raw_daily
2008-02-06,2738.0,2813.0,2738.0,2813.0,1533.1158447265625,29585500,0.0,0.0,yfinance_raw_daily
2008-02-11,2738.0,2788.0,2663.0,2663.0,1451.3643798828125,13879000,0.0,0.0,yfinance_raw_daily
2008-02-12,2713.0,2713.0,2663.0,2713.0,1478.614990234375,10448000,0.0,0.0,yfinance_raw_daily
2008-02-13,2763.0,2788.0,2738.0,2763.0,1505.865478515625,15474500,0.0,0.0,yfinance_raw_daily
2008-02-14,2813.0,2887.0,2788.0,2813.0,1533.1158447265625,23627000,0.0,0.0,yfinance_raw_daily
2008-02-15,2788.0,2838.0,2738.0,2788.0,1519.4906005859375,26695000,0.0,0.0,yfinance_raw_daily
2008-02-18,2788.0,2813.0,2738.0,2763.0,1505.865478515625,8953500,0.0,0.0,yfinance_raw_daily
2008-02-19,2813.0,2813.0,2788.0,2813.0,1533.1158447265625,6305500,0.0,0.0,yfinance_raw_daily
2008-02-20,2838.0,2838.0,2738.0,2763.0,1505.865478515625,8343000,0.0,0.0,yfinance_raw_daily
2008-02-21,2788.0,2788.0,2738.0,2763.0,1505.865478515625,15584500,0.0,0.0,yfinance_raw_daily
2008-02-22,2738.0,2788.0,2688.0,2738.0,1492.2406005859375,15663000,0.0,0.0,yfinance_raw_daily
2008-02-25,2763.0,2813.0,2713.0,2813.0,1533.1158447265625,23138000,0.0,0.0,yfinance_raw_daily
2008-02-26,2838.0,2863.0,2788.0,2838.0,1546.7415771484375,30205500,0.0,0.0,yfinance_raw_daily
2008-02-27,2863.0,2987.0,2863.0,2937.0,1600.6973876953125,74699000,0.0,0.0,yfinance_raw_daily
2008-02-28,2912.0,3062.0,2912.0,3012.0,1641.573486328125,71674496,0.0,0.0,yfinance_raw_daily
2008-02-29,3012.0,3012.0,2887.0,2912.0,1587.072509765625,22720500,0.0,0.0,yfinance_raw_daily
2008-03-03,2813.0,2937.0,2763.0,2838.0,1546.7415771484375,24949000,0.0,0.0,yfinance_raw_daily
2008-03-04,2887.0,2912.0,2788.0,2813.0,1533.1158447265625,15885500,0.0,0.0,yfinance_raw_daily
2008-03-05,2838.0,2887.0,2788.0,2887.0,1573.447021484375,6844500,0.0,0.0,yfinance_raw_daily
2008-03-06,2912.0,2912.0,2813.0,2838.0,1546.7415771484375,9651000,0.0,0.0,yfinance_raw_daily
2008-03-10,2738.0,2763.0,2639.0,2663.0,1451.3643798828125,22675000,0.0,0.0,yfinance_raw_daily
2008-03-11,2589.0,2639.0,2415.0,2639.0,1438.2843017578125,44491000,0.0,0.0,yfinance_raw_daily
2008-03-12,2713.0,2738.0,2614.0,2639.0,1438.2843017578125,43269000,0.0,0.0,yfinance_raw_daily
2008-03-13,2589.0,2589.0,2390.0,2390.0,1302.57666015625,16517000,0.0,0.0,yfinance_raw_daily
2008-03-14,2439.0,2489.0,2340.0,2365.0,1288.9512939453125,15749000,0.0,0.0,yfinance_raw_daily
2008-03-17,2265.0,2265.0,2141.0,2190.0,1193.57421875,38023000,0.0,0.0,yfinance_raw_daily
2008-03-18,2240.0,2240.0,2141.0,2215.0,1207.1995849609375,26711000,0.0,0.0,yfinance_raw_daily
2008-03-19,2290.0,2315.0,2190.0,2215.0,1207.1995849609375,17064000,0.0,0.0,yfinance_raw_daily
2008-03-24,2215.0,2240.0,2141.0,2215.0,1207.1995849609375,10047000,0.0,0.0,yfinance_raw_daily
2008-03-25,2265.0,2340.0,2215.0,2290.0,1248.0753173828125,37063000,0.0,0.0,yfinance_raw_daily
2008-03-26,2265.0,2365.0,2265.0,2315.0,1261.7005615234375,31836500,0.0,0.0,yfinance_raw_daily
2008-03-27,2290.0,2340.0,2265.0,2340.0,1275.325927734375,16090500,0.0,0.0,yfinance_raw_daily
2008-03-28,2315.0,2390.0,2315.0,2365.0,1288.9512939453125,13046000,0.0,0.0,yfinance_raw_daily
2008-03-31,2365.0,2439.0,2265.0,2315.0,1261.7005615234375,31862500,0.0,0.0,yfinance_raw_daily
2008-04-01,2340.0,2340.0,2215.0,2290.0,1248.0753173828125,14594500,0.0,0.0,yfinance_raw_daily
2008-04-02,2340.0,2365.0,2240.0,2265.0,1234.4500732421875,15985500,0.0,0.0,yfinance_raw_daily
2008-04-03,2265.0,2265.0,1892.0,2041.0,1112.3675537109375,41901500,0.0,0.0,yfinance_raw_daily
2008-04-04,2041.0,2041.0,2041.0,2041.0,1112.3675537109375,23587500,0.0,0.0,yfinance_raw_daily
2008-04-07,2041.0,2041.0,2041.0,2041.0,1112.3675537109375,23843000,0.0,0.0,yfinance_raw_daily
2008-04-08,2116.0,2166.0,2091.0,2141.0,1166.868896484375,25284500,0.0,0.0,yfinance_raw_daily
2008-04-09,2141.0,2166.0,2066.0,2091.0,1139.6180419921875,28004000,0.0,0.0,yfinance_raw_daily
2008-04-10,2091.0,2141.0,2066.0,2141.0,1166.868896484375,14844500,0.0,0.0,yfinance_raw_daily
2008-04-11,2166.0,2290.0,2141.0,2265.0,1234.4500732421875,23050000,0.0,0.0,yfinance_raw_daily
2008-04-14,2190.0,2215.0,2141.0,2215.0,1207.1995849609375,13346500,0.0,0.0,yfinance_raw_daily
2008-04-15,2240.0,2340.0,2240.0,2340.0,1275.325927734375,22756500,0.0,0.0,yfinance_raw_daily
2008-04-16,2340.0,2390.0,2315.0,2390.0,1302.57666015625,14042000,0.0,0.0,yfinance_raw_daily
2008-04-17,2439.0,2464.0,2340.0,2365.0,1288.9512939453125,29669500,0.0,0.0,yfinance_raw_daily
2008-04-18,2365.0,2415.0,2340.0,2365.0,1288.9512939453125,13517000,0.0,0.0,yfinance_raw_daily
2008-04-21,2415.0,2415.0,2265.0,2290.0,1248.0753173828125,24342500,0.0,0.0,yfinance_raw_daily
2008-04-22,2265.0,2265.0,2166.0,2215.0,1207.1995849609375,20812500,0.0,0.0,yfinance_raw_daily
2008-04-23,2166.0,2240.0,2166.0,2215.0,1207.1995849609375,13426000,0.0,0.0,yfinance_raw_daily
2008-04-24,2265.0,2265.0,2166.0,2190.0,1193.57421875,20053000,0.0,0.0,yfinance_raw_daily
2008-04-25,2215.0,2215.0,2141.0,2166.0,1180.4940185546875,34496000,0.0,0.0,yfinance_raw_daily
2008-04-28,2166.0,2166.0,2116.0,2166.0,1180.4940185546875,16639000,0.0,0.0,yfinance_raw_daily
2008-04-29,2166.0,2166.0,2166.0,2166.0,1180.4940185546875,20407000,0.0,0.0,yfinance_raw_daily
2008-04-30,2166.0,2166.0,2166.0,2166.0,1180.4940185546875,8028500,0.0,0.0,yfinance_raw_daily
2008-05-05,2166.0,2166.0,2166.0,2166.0,1180.4940185546875,10947500,0.0,0.0,yfinance_raw_daily
2008-05-06,2166.0,2166.0,2166.0,2166.0,1180.4940185546875,37202500,0.0,0.0,yfinance_raw_daily
2008-05-07,2166.0,2166.0,2166.0,2166.0,1180.4940185546875,71413000,0.0,0.0,yfinance_raw_daily
2008-05-08,2166.0,2166.0,2166.0,2166.0,1180.4940185546875,14305500,0.0,0.0,yfinance_raw_daily
2008-05-09,2166.0,2166.0,2166.0,2166.0,1180.4940185546875,4869500,0.0,0.0,yfinance_raw_daily
2008-05-12,2166.0,2166.0,2166.0,2166.0,1180.4940185546875,5271500,0.0,0.0,yfinance_raw_daily
2008-05-13,2166.0,2166.0,2166.0,2166.0,1180.4940185546875,32969000,0.0,0.0,yfinance_raw_daily
2008-05-14,2166.0,2166.0,2166.0,2166.0,1180.4940185546875,24576000,0.0,0.0,yfinance_raw_daily
2008-05-15,2166.0,2166.0,2166.0,2166.0,1180.4940185546875,5295000,0.0,0.0,yfinance_raw_daily
2008-05-16,2166.0,2166.0,2166.0,2166.0,1180.4940185546875,16786000,0.0,0.0,yfinance_raw_daily
2008-05-21,2166.0,2166.0,2166.0,2166.0,1180.4940185546875,10755000,0.0,0.0,yfinance_raw_daily
2008-05-22,2166.0,2166.0,2166.0,2166.0,1180.4940185546875,32393500,0.0,0.0,yfinance_raw_daily
2008-05-23,2166.0,2166.0,2166.0,2166.0,1180.4940185546875,34338000,0.0,0.0,yfinance_raw_daily
2008-05-26,2166.0,2166.0,2166.0,2166.0,1180.4940185546875,5224000,0.0,0.0,yfinance_raw_daily
2008-05-27,2166.0,2166.0,2166.0,2166.0,1180.4940185546875,9412000,0.0,0.0,yfinance_raw_daily
2008-05-28,2166.0,2166.0,2166.0,2166.0,1180.4940185546875,28178500,0.0,0.0,yfinance_raw_daily
2008-05-29,2166.0,2166.0,2166.0,2166.0,1180.4940185546875,5207000,0.0,0.0,yfinance_raw_daily
2008-05-30,2166.0,2166.0,2166.0,2166.0,1180.4940185546875,3876000,0.0,0.0,yfinance_raw_daily
2008-06-02,2166.0,2166.0,2166.0,2166.0,1180.4940185546875,7981500,0.0,0.0,yfinance_raw_daily
2008-06-03,2738.0,2738.0,2614.0,2688.0,1464.989501953125,5955500,0.0,0.0,yfinance_raw_daily
2008-06-04,2688.0,2688.0,2614.0,2688.0,1464.989501953125,5182500,0.0,0.0,yfinance_raw_daily
2008-06-05,2688.0,2688.0,2614.0,2688.0,1464.989501953125,5706000,0.0,0.0,yfinance_raw_daily
2008-06-06,2738.0,2738.0,2663.0,2663.0,1451.3643798828125,4633000,0.0,0.0,yfinance_raw_daily
2008-06-09,2589.0,2663.0,2589.0,2663.0,1451.3643798828125,2320500,0.0,0.0,yfinance_raw_daily
2008-06-10,2688.0,2688.0,2539.0,2589.0,1411.03369140625,10672500,0.0,0.0,yfinance_raw_daily
2008-06-11,2589.0,2614.0,2489.0,2539.0,1383.7828369140625,5211000,0.0,0.0,yfinance_raw_daily
2008-06-12,2489.0,2589.0,2464.0,2589.0,1411.03369140625,17313500,0.0,0.0,yfinance_raw_daily
2008-06-13,2589.0,2589.0,2489.0,2514.0,1370.15771484375,10027000,0.0,0.0,yfinance_raw_daily
2008-06-16,2514.0,2539.0,2514.0,2539.0,1383.7828369140625,3732000,0.0,0.0,yfinance_raw_daily
2008-06-17,2539.0,2539.0,2340.0,2390.0,1302.57666015625,33365000,0.0,0.0,yfinance_raw_daily
2008-06-18,2390.0,2439.0,2365.0,2390.0,1302.57666015625,21657500,0.0,0.0,yfinance_raw_daily
2008-06-19,2390.0,2415.0,2290.0,2365.0,1288.9512939453125,21216000,0.0,0.0,yfinance_raw_daily
2008-06-20,2365.0,2415.0,2365.0,2390.0,1302.57666015625,12827000,0.0,0.0,yfinance_raw_daily
2008-06-23,2390.0,2415.0,2365.0,2365.0,1288.9512939453125,9711000,0.0,0.0,yfinance_raw_daily
2008-06-24,2365.0,2489.0,2365.0,2439.0,1329.2821044921875,25392000,0.0,0.0,yfinance_raw_daily
2008-06-25,2439.0,2464.0,2390.0,2439.0,1329.2821044921875,12714000,0.0,0.0,yfinance_raw_daily
2008-06-26,2439.0,2464.0,2415.0,2464.0,1342.907470703125,21155000,0.0,0.0,yfinance_raw_daily
2008-06-27,2439.0,2464.0,2390.0,2439.0,1329.2821044921875,15694500,0.0,0.0,yfinance_raw_daily
2008-06-30,2464.0,2464.0,2390.0,2390.0,1302.57666015625,8598500,0.0,0.0,yfinance_raw_daily
2008-07-01,2415.0,2439.0,2390.0,2415.0,1316.20166015625,3756500,0.0,0.0,yfinance_raw_daily
2008-07-02,2439.0,2439.0,2365.0,2365.0,1288.9512939453125,5703500,0.0,0.0,yfinance_raw_daily
2008-07-03,2365.0,2365.0,2190.0,2265.0,1234.4500732421875,14436500,0.0,0.0,yfinance_raw_daily
2008-07-04,2265.0,2340.0,2240.0,2290.0,1248.0753173828125,8789500,0.0,0.0,yfinance_raw_daily
2008-07-07,2290.0,2340.0,2240.0,2265.0,1234.4500732421875,10336500,0.0,0.0,yfinance_raw_daily
2008-07-08,2265.0,2290.0,2190.0,2240.0,1220.82470703125,17391500,0.0,0.0,yfinance_raw_daily
2008-07-09,2265.0,2290.0,2190.0,2215.0,1207.1995849609375,6869000,0.0,0.0,yfinance_raw_daily
2008-07-10,2215.0,2240.0,2190.0,2240.0,1220.82470703125,8107500,0.0,0.0,yfinance_raw_daily
2008-07-11,2240.0,2265.0,2215.0,2240.0,1220.82470703125,6199500,0.0,0.0,yfinance_raw_daily
2008-07-14,2265.0,2365.0,2215.0,2240.0,1220.82470703125,14899000,0.0,0.0,yfinance_raw_daily
2008-07-15,2215.0,2215.0,2116.0,2215.0,1207.1995849609375,7123500,0.0,0.0,yfinance_raw_daily
2008-07-16,2190.0,2215.0,2166.0,2166.0,1180.4940185546875,3491000,0.0,0.0,yfinance_raw_daily
2008-07-17,2215.0,2215.0,2066.0,2091.0,1139.6180419921875,6415000,0.0,0.0,yfinance_raw_daily
2008-07-18,2091.0,2091.0,1991.0,2041.0,1112.3675537109375,8051500,0.0,0.0,yfinance_raw_daily
2008-07-21,2066.0,2116.0,2041.0,2116.0,1153.243408203125,6087000,0.0,0.0,yfinance_raw_daily
2008-07-22,2091.0,2166.0,2091.0,2116.0,1153.243408203125,15140000,0.0,0.0,yfinance_raw_daily
2008-07-23,2166.0,2166.0,2141.0,2166.0,1180.4940185546875,12078500,0.0,0.0,yfinance_raw_daily
2008-07-24,2166.0,2190.0,2116.0,2190.0,1193.57421875,13077500,0.0,0.0,yfinance_raw_daily
2008-07-25,2166.0,2215.0,2116.0,2215.0,1207.1995849609375,25592000,0.0,0.0,yfinance_raw_daily
2008-07-28,2240.0,2240.0,2190.0,2215.0,1207.1995849609375,10706000,0.0,0.0,yfinance_raw_daily
2008-07-29,2166.0,2215.0,2166.0,2215.0,1207.1995849609375,3900500,0.0,0.0,yfinance_raw_daily
2008-07-31,2215.0,2290.0,2190.0,2265.0,1234.4500732421875,21829000,0.0,0.0,yfinance_raw_daily
2008-08-01,2265.0,2265.0,2166.0,2215.0,1207.1995849609375,6828000,0.0,0.0,yfinance_raw_daily
2008-08-04,2215.0,2215.0,2116.0,2141.0,1166.868896484375,5827000,0.0,0.0,yfinance_raw_daily
2008-08-05,2091.0,2166.0,2066.0,2166.0,1180.4940185546875,17535500,0.0,0.0,yfinance_raw_daily
2008-08-06,2190.0,2240.0,2116.0,2166.0,1180.4940185546875,14500000,0.0,0.0,yfinance_raw_daily
2008-08-07,2141.0,2166.0,2041.0,2091.0,1139.6180419921875,16258500,0.0,0.0,yfinance_raw_daily
2008-08-08,2041.0,2091.0,2041.0,2066.0,1125.9927978515625,3595000,0.0,0.0,yfinance_raw_daily
2008-08-11,2066.0,2066.0,1942.0,1991.0,1085.1170654296875,6997500,0.0,0.0,yfinance_raw_daily
2008-08-12,1991.0,2016.0,1842.0,1991.0,1085.1170654296875,18689500,0.0,0.0,yfinance_raw_daily
2008-08-13,1942.0,1966.0,1892.0,1942.0,1081.774658203125,11131500,43.0,0.0,yfinance_raw_daily
2008-08-14,1942.0,1971.0,1912.0,1942.0,1081.774658203125,26080500,0.0,0.0,yfinance_raw_daily
2008-08-15,1942.0,1942.0,1872.0,1892.0,1053.9227294921875,10609000,0.0,0.0,yfinance_raw_daily
2008-08-19,1892.0,1932.0,1882.0,1902.0,1059.4931640625,20950000,0.0,0.0,yfinance_raw_daily
2008-08-20,1902.0,1942.0,1902.0,1912.0,1065.063720703125,11300500,0.0,0.0,yfinance_raw_daily
2008-08-21,1932.0,1952.0,1922.0,1932.0,1076.204345703125,13261000,0.0,0.0,yfinance_raw_daily
2008-08-22,1952.0,1971.0,1942.0,1971.0,1097.9290771484375,17998500,0.0,0.0,yfinance_raw_daily
2008-08-25,1971.0,1971.0,1942.0,1952.0,1087.3453369140625,3163000,0.0,0.0,yfinance_raw_daily
2008-08-26,1942.0,1952.0,1932.0,1952.0,1087.3453369140625,3522000,0.0,0.0,yfinance_raw_daily
2008-08-27,1952.0,1961.0,1932.0,1952.0,1087.3453369140625,10197000,0.0,0.0,yfinance_raw_daily
2008-08-28,1952.0,2091.0,1952.0,2081.0,1159.2037353515625,68163000,0.0,0.0,yfinance_raw_daily
2008-08-29,2141.0,2240.0,2141.0,2240.0,1247.773193359375,70976496,0.0,0.0,yfinance_raw_daily
2008-09-01,2215.0,2265.0,2166.0,2190.0,1219.921142578125,26209000,0.0,0.0,yfinance_raw_daily
2008-09-02,2190.0,2215.0,2091.0,2166.0,1206.5521240234375,21625500,0.0,0.0,yfinance_raw_daily
2008-09-03,2166.0,2166.0,2116.0,2166.0,1206.5521240234375,12599500,0.0,0.0,yfinance_raw_daily
2008-09-04,2166.0,2190.0,2091.0,2166.0,1206.5521240234375,9875500,0.0,0.0,yfinance_raw_daily
2008-09-05,2116.0,2166.0,2066.0,2141.0,1192.6260986328125,14794000,0.0,0.0,yfinance_raw_daily
2008-09-08,2190.0,2215.0,2166.0,2215.0,1233.8470458984375,15137000,0.0,0.0,yfinance_raw_daily
2008-09-09,2190.0,2190.0,2116.0,2141.0,1192.6260986328125,13327000,0.0,0.0,yfinance_raw_daily
2008-09-10,2116.0,2190.0,2091.0,2166.0,1206.5521240234375,14524500,0.0,0.0,yfinance_raw_daily
2008-09-11,2141.0,2141.0,1991.0,2066.0,1150.8480224609375,18022000,0.0,0.0,yfinance_raw_daily
2008-09-12,2091.0,2091.0,1892.0,1991.0,1109.06982421875,12757500,0.0,0.0,yfinance_raw_daily
2008-09-15,1991.0,1991.0,1892.0,1942.0,1081.774658203125,13974500,0.0,0.0,yfinance_raw_daily
2008-09-16,1892.0,2041.0,1742.0,2001.0,1114.64013671875,12141000,0.0,0.0,yfinance_raw_daily
2008-09-17,2066.0,2091.0,1942.0,2041.0,1136.921875,9178000,0.0,0.0,yfinance_raw_daily
2008-09-18,1991.0,2066.0,1917.0,2041.0,1136.921875,13712500,0.0,0.0,yfinance_raw_daily
2008-09-19,2091.0,2240.0,2091.0,2215.0,1233.8470458984375,23460500,0.0,0.0,yfinance_raw_daily
2008-09-22,2265.0,2265.0,2116.0,2166.0,1206.5521240234375,12347000,0.0,0.0,yfinance_raw_daily
2008-09-23,2141.0,2141.0,2066.0,2091.0,1164.7740478515625,9175000,0.0,0.0,yfinance_raw_daily
2008-09-24,2091.0,2116.0,1966.0,1991.0,1109.06982421875,30482500,0.0,0.0,yfinance_raw_daily
2008-09-25,1991.0,1991.0,1917.0,1917.0,1067.848876953125,11667500,0.0,0.0,yfinance_raw_daily
2008-09-26,1892.0,1922.0,1862.0,1892.0,1053.9227294921875,11577000,0.0,0.0,yfinance_raw_daily
2008-10-06,1902.0,1902.0,1792.0,1842.0,1026.0704345703125,17435500,0.0,0.0,yfinance_raw_daily
2008-10-07,1802.0,1872.0,1752.0,1792.0,998.2184448242188,13113500,0.0,0.0,yfinance_raw_daily
2008-10-08,1693.0,1693.0,1484.0,1513.0,842.8038330078125,4086000,0.0,0.0,yfinance_raw_daily
2008-10-09,1513.0,1513.0,1513.0,1513.0,842.8038330078125,0,0.0,0.0,yfinance_raw_daily
2008-10-10,1513.0,1513.0,1513.0,1513.0,842.8038330078125,0,0.0,0.0,yfinance_raw_daily
2008-10-13,1494.0,1663.0,1364.0,1643.0,915.21923828125,26583500,0.0,0.0,yfinance_raw_daily
2008-10-14,1772.0,1802.0,1772.0,1792.0,998.2184448242188,29209000,0.0,0.0,yfinance_raw_daily
2008-10-15,1792.0,1862.0,1613.0,1653.0,920.7897338867188,22769500,0.0,0.0,yfinance_raw_daily
2008-10-16,1513.0,1583.0,1494.0,1573.0,876.2263793945312,11144500,0.0,0.0,yfinance_raw_daily
2008-10-17,1593.0,1623.0,1533.0,1543.0,859.51513671875,12555000,0.0,0.0,yfinance_raw_daily
2008-10-20,1553.0,1693.0,1523.0,1683.0,937.5008544921875,11739500,0.0,0.0,yfinance_raw_daily
2008-10-21,1742.0,1752.0,1663.0,1673.0,931.9306030273438,7785500,0.0,0.0,yfinance_raw_daily
2008-10-22,1673.0,1683.0,1513.0,1513.0,842.8038330078125,14477500,0.0,0.0,yfinance_raw_daily
2008-10-23,1394.0,1444.0,1364.0,1404.0,782.0863037109375,11049000,0.0,0.0,yfinance_raw_daily
2008-10-24,1404.0,1404.0,1404.0,1404.0,782.0863037109375,9331500,0.0,0.0,yfinance_raw_daily
2008-10-27,1195.0,1195.0,1145.0,1145.0,637.8126220703125,1374500,0.0,0.0,yfinance_raw_daily
2008-10-28,1036.0,1115.0,1036.0,1036.0,577.0950927734375,36899500,0.0,0.0,yfinance_raw_daily
2008-10-29,1135.0,1135.0,936.0,956.0,532.5318603515625,59755000,0.0,0.0,yfinance_raw_daily
2008-10-30,986.0,1045.0,966.0,1045.0,582.1083984375,51922500,0.0,0.0,yfinance_raw_daily
2008-10-31,1045.0,1135.0,1036.0,1085.0,604.3901977539062,48071000,0.0,0.0,yfinance_raw_daily
2008-11-03,1145.0,1284.0,1135.0,1165.0,648.95361328125,39523000,0.0,0.0,yfinance_raw_daily
2008-11-04,1165.0,1185.0,1075.0,1155.0,643.3829956054688,58545500,0.0,0.0,yfinance_raw_daily
2008-11-05,1195.0,1225.0,1155.0,1155.0,643.3829956054688,62985000,0.0,0.0,yfinance_raw_daily
2008-11-06,1095.0,1095.0,1045.0,1055.0,587.6788330078125,25654500,0.0,0.0,yfinance_raw_daily
2008-11-07,976.0,1105.0,966.0,1065.0,593.2493896484375,59544500,0.0,0.0,yfinance_raw_daily
2008-11-10,1105.0,1125.0,976.0,1006.0,560.3837890625,67539504,0.0,0.0,yfinance_raw_daily
2008-11-11,956.0,1006.0,936.0,966.0,538.1021728515625,74033000,0.0,0.0,yfinance_raw_daily
2008-11-12,966.0,1006.0,956.0,986.0,549.2430419921875,42522000,0.0,0.0,yfinance_raw_daily
2008-11-13,956.0,956.0,906.0,936.0,521.3909912109375,34957000,0.0,0.0,yfinance_raw_daily
2008-11-14,966.0,986.0,936.0,946.0,526.9613647460938,21331500,0.0,0.0,yfinance_raw_daily
2008-11-17,956.0,956.0,906.0,916.0,510.2500915527344,15527500,0.0,0.0,yfinance_raw_daily
2008-11-18,896.0,936.0,856.0,936.0,521.3909912109375,21527000,0.0,0.0,yfinance_raw_daily
2008-11-19,916.0,946.0,876.0,946.0,526.9613647460938,39863000,0.0,0.0,yfinance_raw_daily
2008-11-20,896.0,906.0,876.0,886.0,493.5389404296875,21202500,0.0,0.0,yfinance_raw_daily
2008-11-21,866.0,946.0,836.0,936.0,521.3909912109375,37354000,0.0,0.0,yfinance_raw_daily
2008-11-24,946.0,966.0,896.0,916.0,510.2500915527344,15165500,0.0,0.0,yfinance_raw_daily
2008-11-25,936.0,956.0,916.0,956.0,532.5318603515625,45116500,0.0,0.0,yfinance_raw_daily
2008-11-26,956.0,976.0,926.0,946.0,526.9613647460938,25574000,0.0,0.0,yfinance_raw_daily
2008-11-27,956.0,966.0,916.0,926.0,515.8204956054688,13786000,0.0,0.0,yfinance_raw_daily
2008-11-28,926.0,926.0,926.0,926.0,515.8204956054688,44345500,0.0,0.0,yfinance_raw_daily
2008-12-01,1006.0,1026.0,936.0,946.0,526.9613647460938,79014000,0.0,0.0,yfinance_raw_daily
2008-12-02,906.0,926.0,866.0,886.0,493.5389404296875,58657000,0.0,0.0,yfinance_raw_daily
2008-12-03,896.0,916.0,886.0,886.0,493.5389404296875,37432000,0.0,0.0,yfinance_raw_daily
2008-12-04,896.0,916.0,886.0,916.0,510.2500915527344,14619500,0.0,0.0,yfinance_raw_daily
2008-12-05,906.0,916.0,876.0,886.0,493.5389404296875,15905000,0.0,0.0,yfinance_raw_daily
2008-12-09,906.0,936.0,896.0,916.0,510.2500915527344,60405000,0.0,0.0,yfinance_raw_daily
2008-12-10,916.0,986.0,916.0,976.0,543.6726684570312,132402000,0.0,0.0,yfinance_raw_daily
2008-12-11,966.0,986.0,926.0,946.0,526.9613647460938,50627000,0.0,0.0,yfinance_raw_daily
2008-12-12,926.0,946.0,896.0,896.0,499.1092224121094,37321000,0.0,0.0,yfinance_raw_daily
2008-12-15,916.0,966.0,916.0,966.0,538.1021728515625,46083000,0.0,0.0,yfinance_raw_daily
2008-12-16,956.0,966.0,926.0,936.0,521.3909912109375,20971000,0.0,0.0,yfinance_raw_daily
2008-12-17,956.0,956.0,926.0,936.0,521.3909912109375,27492000,0.0,0.0,yfinance_raw_daily
2008-12-18,936.0,936.0,916.0,936.0,521.3909912109375,21041000,0.0,0.0,yfinance_raw_daily
2008-12-19,936.0,936.0,916.0,926.0,515.8204956054688,24308500,0.0,0.0,yfinance_raw_daily
2008-12-22,936.0,936.0,896.0,916.0,510.2500915527344,31323500,0.0,0.0,yfinance_raw_daily
2008-12-23,906.0,916.0,896.0,916.0,510.2500915527344,27888000,0.0,0.0,yfinance_raw_daily
2008-12-24,906.0,916.0,896.0,916.0,510.2500915527344,14273500,0.0,0.0,yfinance_raw_daily
2008-12-30,916.0,926.0,896.0,926.0,515.8204956054688,11085500,0.0,0.0,yfinance_raw_daily
2008-12-31,926.0,926.0,926.0,926.0,515.8204956054688,0,0.0,0.0,yfinance_raw_daily
2009-01-05,946.0,976.0,916.0,976.0,543.6726684570312,154640496,0.0,0.0,yfinance_raw_daily
2009-01-06,976.0,976.0,976.0,976.0,543.6726684570312,346017500,0.0,0.0,yfinance_raw_daily
2009-01-07,1036.0,1075.0,1016.0,1016.0,565.9544067382812,147142496,0.0,0.0,yfinance_raw_daily
2009-01-08,996.0,1045.0,986.0,1026.0,571.524658203125,23846500,0.0,0.0,yfinance_raw_daily
2009-01-09,1026.0,1105.0,1016.0,1085.0,604.3901977539062,144413504,0.0,0.0,yfinance_raw_daily
2009-01-12,1075.0,1115.0,1065.0,1105.0,615.5308837890625,49102500,0.0,0.0,yfinance_raw_daily
2009-01-13,1095.0,1125.0,1085.0,1095.0,609.9605712890625,45598500,0.0,0.0,yfinance_raw_daily
2009-01-14,1115.0,1115.0,1065.0,1075.0,598.8196411132812,29294500,0.0,0.0,yfinance_raw_daily
2009-01-15,1045.0,1045.0,1006.0,1026.0,571.524658203125,39568000,0.0,0.0,yfinance_raw_daily
2009-01-16,1036.0,1065.0,1036.0,1055.0,587.6788330078125,18220000,0.0,0.0,yfinance_raw_daily
2009-01-19,1065.0,1075.0,1016.0,1045.0,582.1083984375,27913000,0.0,0.0,yfinance_raw_daily
2009-01-20,1026.0,1036.0,986.0,1036.0,577.0950927734375,33566500,0.0,0.0,yfinance_raw_daily
2009-01-21,1016.0,1026.0,986.0,996.0,554.8134155273438,27006500,0.0,0.0,yfinance_raw_daily
2009-01-22,1016.0,1016.0,976.0,996.0,554.8134155273438,22495000,0.0,0.0,yfinance_raw_daily
2009-01-23,976.0,996.0,966.0,996.0,554.8134155273438,15643500,0.0,0.0,yfinance_raw_daily
2009-01-27,1006.0,1026.0,996.0,1026.0,571.524658203125,10178000,0.0,0.0,yfinance_raw_daily
2009-01-28,1026.0,1026.0,996.0,1016.0,565.9544067382812,6402000,0.0,0.0,yfinance_raw_daily
2009-01-29,1026.0,1026.0,996.0,1006.0,560.3837890625,7539500,0.0,0.0,yfinance_raw_daily
2009-01-30,996.0,996.0,956.0,976.0,543.6726684570312,46298000,0.0,0.0,yfinance_raw_daily
2009-02-02,956.0,976.0,946.0,956.0,532.5318603515625,21071500,0.0,0.0,yfinance_raw_daily
2009-02-03,966.0,966.0,946.0,956.0,532.5318603515625,8681000,0.0,0.0,yfinance_raw_daily
2009-02-04,966.0,966.0,946.0,966.0,538.1021728515625,6982000,0.0,0.0,yfinance_raw_daily
2009-02-05,956.0,976.0,946.0,956.0,532.5318603515625,13316000,0.0,0.0,yfinance_raw_daily
2009-02-06,956.0,1026.0,956.0,1016.0,565.9544067382812,61716500,0.0,0.0,yfinance_raw_daily
2009-02-09,1026.0,1026.0,976.0,996.0,554.8134155273438,41548000,0.0,0.0,yfinance_raw_daily
2009-02-10,986.0,996.0,966.0,976.0,543.6726684570312,29013500,0.0,0.0,yfinance_raw_daily
2009-02-11,956.0,976.0,946.0,966.0,538.1021728515625,22381500,0.0,0.0,yfinance_raw_daily
2009-02-12,966.0,966.0,936.0,956.0,532.5318603515625,36235000,0.0,0.0,yfinance_raw_daily
2009-02-13,956.0,966.0,946.0,956.0,532.5318603515625,18401500,0.0,0.0,yfinance_raw_daily
2009-02-16,956.0,966.0,946.0,956.0,532.5318603515625,8430000,0.0,0.0,yfinance_raw_daily
2009-02-17,956.0,976.0,926.0,936.0,521.3909912109375,36531000,0.0,0.0,yfinance_raw_daily
2009-02-18,926.0,946.0,916.0,926.0,515.8204956054688,36240500,0.0,0.0,yfinance_raw_daily
2009-02-19,926.0,936.0,916.0,926.0,515.8204956054688,12412000,0.0,0.0,yfinance_raw_daily
2009-02-20,926.0,926.0,876.0,896.0,499.1092224121094,84919504,0.0,0.0,yfinance_raw_daily
2009-02-23,886.0,916.0,886.0,916.0,510.2500915527344,17338000,0.0,0.0,yfinance_raw_daily
2009-02-24,896.0,896.0,876.0,896.0,499.1092224121094,22136000,0.0,0.0,yfinance_raw_daily
2009-02-25,896.0,916.0,866.0,876.0,487.968505859375,44425500,0.0,0.0,yfinance_raw_daily
2009-02-26,876.0,886.0,856.0,876.0,487.968505859375,23555000,0.0,0.0,yfinance_raw_daily
2009-02-27,876.0,886.0,856.0,876.0,487.968505859375,14455500,0.0,0.0,yfinance_raw_daily
2009-03-02,856.0,866.0,826.0,836.0,465.6867980957031,20890000,0.0,0.0,yfinance_raw_daily
2009-03-03,826.0,846.0,816.0,846.0,471.2571105957031,13936000,0.0,0.0,yfinance_raw_daily
2009-03-04,846.0,876.0,836.0,866.0,482.3978576660156,28354000,0.0,0.0,yfinance_raw_daily
2009-03-05,866.0,886.0,846.0,856.0,476.8276672363281,24234500,0.0,0.0,yfinance_raw_daily
2009-03-06,846.0,856.0,836.0,856.0,476.8276672363281,6279500,0.0,0.0,yfinance_raw_daily
2009-03-10,846.0,866.0,846.0,856.0,476.8276672363281,17621500,0.0,0.0,yfinance_raw_daily
2009-03-11,866.0,876.0,856.0,866.0,482.3978576660156,25297500,0.0,0.0,yfinance_raw_daily
2009-03-12,856.0,866.0,846.0,856.0,476.8276672363281,12329500,0.0,0.0,yfinance_raw_daily
2009-03-13,866.0,886.0,856.0,876.0,487.968505859375,37413500,0.0,0.0,yfinance_raw_daily
2009-03-16,886.0,886.0,856.0,866.0,482.3978576660156,12390000,0.0,0.0,yfinance_raw_daily
2009-03-17,866.0,876.0,856.0,856.0,476.8276672363281,8795500,0.0,0.0,yfinance_raw_daily
2009-03-18,866.0,876.0,856.0,876.0,487.968505859375,11151500,0.0,0.0,yfinance_raw_daily
2009-03-19,876.0,876.0,876.0,876.0,487.968505859375,37098500,0.0,0.0,yfinance_raw_daily
2009-03-20,886.0,916.0,876.0,916.0,510.2500915527344,40241500,0.0,0.0,yfinance_raw_daily
2009-03-23,916.0,976.0,906.0,966.0,538.1021728515625,96021000,0.0,0.0,yfinance_raw_daily
2009-03-24,986.0,996.0,956.0,986.0,549.2430419921875,82433504,0.0,0.0,yfinance_raw_daily
2009-03-25,976.0,986.0,946.0,956.0,532.5318603515625,30607500,0.0,0.0,yfinance_raw_daily
2009-03-27,966.0,976.0,946.0,956.0,532.5318603515625,35788500,0.0,0.0,yfinance_raw_daily
2009-03-30,956.0,956.0,916.0,936.0,521.3909912109375,21240000,0.0,0.0,yfinance_raw_daily
2009-03-31,936.0,956.0,926.0,936.0,521.3909912109375,24110500,0.0,0.0,yfinance_raw_daily
2009-04-01,946.0,946.0,896.0,916.0,510.2500915527344,56710000,0.0,0.0,yfinance_raw_daily
2009-04-02,916.0,956.0,906.0,956.0,532.5318603515625,178168496,0.0,0.0,yfinance_raw_daily
2009-04-03,966.0,966.0,926.0,926.0,515.8204956054688,89077000,0.0,0.0,yfinance_raw_daily
2009-04-06,936.0,976.0,936.0,966.0,538.1021728515625,110654496,0.0,0.0,yfinance_raw_daily
2009-04-07,966.0,976.0,946.0,956.0,532.5318603515625,65428000,0.0,0.0,yfinance_raw_daily
2009-04-08,946.0,956.0,936.0,956.0,532.5318603515625,26362500,0.0,0.0,yfinance_raw_daily
2009-04-09,956.0,956.0,956.0,956.0,532.5318603515625,0,0.0,0.0,yfinance_raw_daily
2009-04-13,966.0,1045.0,966.0,1036.0,577.0950927734375,167843504,0.0,0.0,yfinance_raw_daily
2009-04-14,1055.0,1055.0,1016.0,1036.0,577.0950927734375,103993000,0.0,0.0,yfinance_raw_daily
2009-04-15,1016.0,1075.0,1016.0,1075.0,598.8196411132812,140200496,0.0,0.0,yfinance_raw_daily
2009-04-16,1085.0,1125.0,1065.0,1075.0,598.8196411132812,140040992,0.0,0.0,yfinance_raw_daily
2009-04-17,1075.0,1075.0,1075.0,1075.0,598.8196411132812,74336500,0.0,0.0,yfinance_raw_daily
2009-04-20,1045.0,1085.0,1045.0,1075.0,598.8196411132812,53174000,0.0,0.0,yfinance_raw_daily
2009-04-22,1215.0,1294.0,1165.0,1175.0,654.5238037109375,241145504,0.0,0.0,yfinance_raw_daily
2009-04-23,1175.0,1225.0,1155.0,1195.0,665.6648559570312,43235500,0.0,0.0,yfinance_raw_daily
2009-04-24,1195.0,1265.0,1195.0,1245.0,693.5169067382812,145660496,0.0,0.0,yfinance_raw_daily
2009-04-27,1255.0,1255.0,1195.0,1215.0,676.8054809570312,41215000,0.0,0.0,yfinance_raw_daily
2009-04-28,1215.0,1235.0,1165.0,1175.0,654.5238037109375,25094000,0.0,0.0,yfinance_raw_daily
2009-04-29,1175.0,1245.0,1175.0,1245.0,693.5169067382812,36957500,0.0,0.0,yfinance_raw_daily
2009-04-30,1245.0,1284.0,1235.0,1274.0,709.6709594726562,86712496,0.0,0.0,yfinance_raw_daily
2009-05-01,1274.0,1274.0,1235.0,1245.0,693.5169067382812,36345500,0.0,0.0,yfinance_raw_daily
2009-05-04,1255.0,1384.0,1255.0,1364.0,759.8047485351562,103371000,0.0,0.0,yfinance_raw_daily
2009-05-05,1364.0,1424.0,1344.0,1364.0,759.8047485351562,73998000,0.0,0.0,yfinance_raw_daily
2009-05-06,1364.0,1444.0,1344.0,1444.0,804.3680419921875,51050500,0.0,0.0,yfinance_raw_daily
2009-05-07,1494.0,1593.0,1454.0,1563.0,870.6560668945312,77878496,0.0,0.0,yfinance_raw_daily
2009-05-08,1553.0,1623.0,1523.0,1623.0,904.0785522460938,44503000,0.0,0.0,yfinance_raw_daily
2009-05-11,1663.0,1683.0,1593.0,1593.0,887.3672485351562,37543000,0.0,0.0,yfinance_raw_daily
2009-05-12,1593.0,1593.0,1533.0,1593.0,887.3672485351562,34281000,0.0,0.0,yfinance_raw_daily
2009-05-13,1593.0,1623.0,1583.0,1593.0,887.3672485351562,37579500,0.0,0.0,yfinance_raw_daily
2009-05-14,1573.0,1583.0,1434.0,1474.0,821.0794067382812,37170500,0.0,0.0,yfinance_raw_daily
2009-05-15,1494.0,1523.0,1394.0,1444.0,804.3680419921875,31185500,0.0,0.0,yfinance_raw_daily
2009-05-18,1444.0,1573.0,1394.0,1573.0,876.2263793945312,36525000,0.0,0.0,yfinance_raw_daily
2009-05-19,1613.0,1713.0,1613.0,1693.0,943.0712890625,84094496,0.0,0.0,yfinance_raw_daily
2009-05-20,1713.0,1942.0,1703.0,1792.0,998.2184448242188,154972496,0.0,0.0,yfinance_raw_daily
2009-05-21,1792.0,1792.0,1792.0,1792.0,998.2184448242188,0,0.0,0.0,yfinance_raw_daily
2009-05-22,1812.0,1852.0,1732.0,1772.0,987.077880859375,48333000,0.0,0.0,yfinance_raw_daily
2009-05-25,1772.0,1812.0,1762.0,1772.0,987.077880859375,14964500,0.0,0.0,yfinance_raw_daily
2009-05-26,1792.0,1802.0,1703.0,1713.0,954.2120971679688,25625000,0.0,0.0,yfinance_raw_daily
2009-05-27,1752.0,1792.0,1732.0,1752.0,975.93701171875,19020500,0.0,0.0,yfinance_raw_daily
2009-05-28,1752.0,1792.0,1732.0,1782.0,992.6480102539062,17652000,0.0,0.0,yfinance_raw_daily
2009-05-29,1792.0,1822.0,1772.0,1772.0,987.077880859375,23487500,0.0,0.0,yfinance_raw_daily
2009-06-01,1792.0,1912.0,1782.0,1912.0,1065.063720703125,45667000,0.0,0.0,yfinance_raw_daily
2009-06-02,1942.0,1981.0,1912.0,1922.0,1070.6341552734375,37629000,0.0,0.0,yfinance_raw_daily
2009-06-03,1942.0,1942.0,1872.0,1892.0,1053.9227294921875,20304500,0.0,0.0,yfinance_raw_daily
2009-06-04,1882.0,1902.0,1772.0,1842.0,1026.0704345703125,96348496,0.0,0.0,yfinance_raw_daily
2009-06-05,1872.0,1922.0,1862.0,1902.0,1059.4931640625,71846496,0.0,0.0,yfinance_raw_daily
2009-06-08,1902.0,1932.0,1832.0,1852.0,1031.6409912109375,58131000,0.0,0.0,yfinance_raw_daily
2009-06-09,1872.0,1902.0,1842.0,1882.0,1048.3521728515625,38445000,0.0,0.0,yfinance_raw_daily
2009-06-10,1902.0,1981.0,1902.0,1942.0,1081.774658203125,122688000,0.0,0.0,yfinance_raw_daily
2009-06-11,1942.0,1952.0,1902.0,1922.0,1070.6341552734375,33382500,0.0,0.0,yfinance_raw_daily
2009-06-12,1932.0,1952.0,1872.0,1882.0,1048.3521728515625,29932500,0.0,0.0,yfinance_raw_daily
2009-06-15,1882.0,1892.0,1802.0,1812.0,1009.3594360351562,50405000,0.0,0.0,yfinance_raw_daily
2009-06-16,1792.0,1792.0,1742.0,1782.0,992.6480102539062,45563500,0.0,0.0,yfinance_raw_daily
2009-06-17,1772.0,1852.0,1762.0,1802.0,1003.7890625,29628000,0.0,0.0,yfinance_raw_daily
2009-06-18,1802.0,1832.0,1752.0,1762.0,981.5072021484375,22436500,0.0,0.0,yfinance_raw_daily
2009-06-19,1772.0,1802.0,1723.0,1762.0,981.5072021484375,26937000,0.0,0.0,yfinance_raw_daily
2009-06-22,1762.0,1792.0,1713.0,1723.0,959.7825317382812,12642500,0.0,0.0,yfinance_raw_daily
2009-06-23,1693.0,1693.0,1613.0,1623.0,904.0785522460938,30791000,0.0,0.0,yfinance_raw_daily
2009-06-24,1643.0,1802.0,1643.0,1792.0,998.2184448242188,41707000,0.0,0.0,yfinance_raw_daily
2009-06-25,1822.0,1862.0,1792.0,1862.0,1037.21142578125,44526500,0.0,0.0,yfinance_raw_daily
2009-06-26,1892.0,1942.0,1882.0,1922.0,1070.6341552734375,85895504,0.0,0.0,yfinance_raw_daily
2009-06-29,1922.0,1932.0,1862.0,1882.0,1048.3521728515625,11126000,0.0,0.0,yfinance_raw_daily
2009-06-30,1902.0,1922.0,1842.0,1882.0,1048.3521728515625,17895000,0.0,0.0,yfinance_raw_daily
2009-07-01,1872.0,1882.0,1852.0,1882.0,1048.3521728515625,11660500,0.0,0.0,yfinance_raw_daily
2009-07-02,1882.0,1882.0,1882.0,1882.0,1048.3521728515625,17701500,0.0,0.0,yfinance_raw_daily
2009-07-03,1822.0,1862.0,1792.0,1852.0,1058.064453125,10473500,47.0,0.0,yfinance_raw_daily
2009-07-06,1832.0,1832.0,1772.0,1792.0,1023.7860107421875,18429500,0.0,0.0,yfinance_raw_daily
2009-07-07,1792.0,1852.0,1792.0,1822.0,1040.92529296875,26555000,0.0,0.0,yfinance_raw_daily
2009-07-08,1822.0,1822.0,1822.0,1822.0,1040.92529296875,0,0.0,0.0,yfinance_raw_daily
2009-07-09,1872.0,1902.0,1812.0,1832.0,1046.6383056640625,38655500,0.0,0.0,yfinance_raw_daily
2009-07-10,1832.0,1832.0,1832.0,1832.0,1046.6383056640625,70442000,0.0,0.0,yfinance_raw_daily
2009-07-13,1752.0,1792.0,1723.0,1752.0,1000.9337158203125,30442000,0.0,0.0,yfinance_raw_daily
2009-07-14,1782.0,1802.0,1762.0,1792.0,1023.7860107421875,19956000,0.0,0.0,yfinance_raw_daily
2009-07-15,1802.0,1912.0,1792.0,1912.0,1092.3431396484375,70220496,0.0,0.0,yfinance_raw_daily
2009-07-16,1942.0,1971.0,1902.0,1912.0,1092.3431396484375,80283504,0.0,0.0,yfinance_raw_daily
2009-07-17,1842.0,1922.0,1822.0,1902.0,1086.6300048828125,38485000,0.0,0.0,yfinance_raw_daily
2009-07-20,1902.0,1902.0,1902.0,1902.0,1086.6300048828125,0,0.0,0.0,yfinance_raw_daily
2009-07-21,1952.0,2091.0,1942.0,2066.0,1180.324462890625,107226496,0.0,0.0,yfinance_raw_daily
2009-07-22,2066.0,2190.0,2041.0,2116.0,1208.89013671875,78634496,0.0,0.0,yfinance_raw_daily
2009-07-23,2116.0,2166.0,2066.0,2091.0,1194.607421875,27520500,0.0,0.0,yfinance_raw_daily
2009-07-24,2116.0,2166.0,2066.0,2091.0,1194.607421875,31486500,0.0,0.0,yfinance_raw_daily
2009-07-27,2091.0,2190.0,2091.0,2166.0,1237.4556884765625,37719500,0.0,0.0,yfinance_raw_daily
2009-07-28,2166.0,2340.0,2141.0,2265.0,1294.0152587890625,76421000,0.0,0.0,yfinance_raw_daily
2009-07-29,2265.0,2315.0,2141.0,2215.0,1265.4495849609375,53169000,0.0,0.0,yfinance_raw_daily
2009-07-30,2190.0,2315.0,2166.0,2290.0,1308.2982177734375,37860000,0.0,0.0,yfinance_raw_daily
2009-07-31,2315.0,2340.0,2215.0,2265.0,1294.0152587890625,32055000,0.0,0.0,yfinance_raw_daily
2009-08-03,2290.0,2365.0,2265.0,2365.0,1351.146240234375,34608500,0.0,0.0,yfinance_raw_daily
2009-08-04,2390.0,2489.0,2315.0,2340.0,1336.8636474609375,47414000,0.0,0.0,yfinance_raw_daily
2009-08-05,2365.0,2390.0,2166.0,2215.0,1265.4495849609375,59232000,0.0,0.0,yfinance_raw_daily
2009-08-06,2215.0,2315.0,2190.0,2290.0,1308.2982177734375,42455500,0.0,0.0,yfinance_raw_daily
2009-08-07,2290.0,2290.0,2190.0,2215.0,1265.4495849609375,28992500,0.0,0.0,yfinance_raw_daily
2009-08-10,2240.0,2390.0,2240.0,2390.0,1365.4288330078125,53097000,0.0,0.0,yfinance_raw_daily
2009-08-11,2390.0,2589.0,2390.0,2514.0,1436.271484375,85965000,0.0,0.0,yfinance_raw_daily
2009-08-12,2514.0,2514.0,2514.0,2514.0,1436.271484375,49735500,0.0,0.0,yfinance_raw_daily
2009-08-13,2564.0,2663.0,2539.0,2589.0,1479.119384765625,53490000,0.0,0.0,yfinance_raw_daily
2009-08-14,2614.0,2614.0,2514.0,2564.0,1464.836669921875,28979500,0.0,0.0,yfinance_raw_daily
2009-08-18,2539.0,2539.0,2390.0,2464.0,1407.705810546875,64423000,0.0,0.0,yfinance_raw_daily
2009-08-19,2464.0,2489.0,2265.0,2315.0,1322.580810546875,66802000,0.0,0.0,yfinance_raw_daily
2009-08-20,2365.0,2439.0,2340.0,2365.0,1351.146240234375,43474500,0.0,0.0,yfinance_raw_daily
2009-08-21,2415.0,2539.0,2415.0,2514.0,1436.271484375,85247504,0.0,0.0,yfinance_raw_daily
2009-08-24,2589.0,2639.0,2564.0,2614.0,1493.40234375,73075504,0.0,0.0,yfinance_raw_daily
2009-08-25,2564.0,2688.0,2539.0,2639.0,1507.6846923828125,59259000,0.0,0.0,yfinance_raw_daily
2009-08-26,2639.0,2713.0,2589.0,2688.0,1535.6793212890625,26132000,0.0,0.0,yfinance_raw_daily
2009-08-27,2614.0,2713.0,2589.0,2639.0,1507.6846923828125,26535500,0.0,0.0,yfinance_raw_daily
2009-08-28,2639.0,2663.0,2589.0,2614.0,1493.40234375,9978500,0.0,0.0,yfinance_raw_daily
2009-08-31,2589.0,2589.0,2489.0,2489.0,1421.9886474609375,27923500,0.0,0.0,yfinance_raw_daily
2009-09-01,2489.0,2564.0,2439.0,2464.0,1407.705810546875,20702500,0.0,0.0,yfinance_raw_daily
2009-09-02,2439.0,2589.0,2365.0,2589.0,1479.119384765625,57926500,0.0,0.0,yfinance_raw_daily
2009-09-03,2614.0,2788.0,2614.0,2763.0,1578.5269775390625,132023000,0.0,0.0,yfinance_raw_daily
2009-09-04,2788.0,2788.0,2614.0,2639.0,1507.6846923828125,62523000,0.0,0.0,yfinance_raw_daily
2009-09-07,2663.0,2688.0,2514.0,2539.0,1450.5538330078125,44479000,0.0,0.0,yfinance_raw_daily
2009-09-08,2539.0,2639.0,2539.0,2639.0,1507.6846923828125,62984000,0.0,0.0,yfinance_raw_daily
2009-09-09,2663.0,2738.0,2639.0,2713.0,1549.9617919921875,93409000,0.0,0.0,yfinance_raw_daily
2009-09-10,2738.0,2738.0,2663.0,2688.0,1535.6793212890625,18898000,0.0,0.0,yfinance_raw_daily
2009-09-11,2713.0,2713.0,2663.0,2688.0,1535.6793212890625,25497500,0.0,0.0,yfinance_raw_daily
2009-09-14,2663.0,2713.0,2639.0,2639.0,1507.6846923828125,18343000,0.0,0.0,yfinance_raw_daily
2009-09-15,2688.0,2713.0,2614.0,2639.0,1507.6846923828125,13849000,0.0,0.0,yfinance_raw_daily
2009-09-16,2688.0,2763.0,2663.0,2738.0,1564.2445068359375,25907500,0.0,0.0,yfinance_raw_daily
2009-09-17,2788.0,2813.0,2738.0,2813.0,1607.0926513671875,35712000,0.0,0.0,yfinance_raw_daily
2009-09-24,2813.0,2937.0,2813.0,2937.0,1677.934814453125,52715500,0.0,0.0,yfinance_raw_daily
2009-09-25,2937.0,2937.0,2863.0,2912.0,1663.6519775390625,15191000,0.0,0.0,yfinance_raw_daily
2009-09-28,2887.0,2887.0,2813.0,2813.0,1607.0926513671875,23781000,0.0,0.0,yfinance_raw_daily
2009-09-29,2838.0,2937.0,2838.0,2937.0,1677.934814453125,18015500,0.0,0.0,yfinance_raw_daily
2009-09-30,2937.0,3037.0,2887.0,3012.0,1720.783447265625,35716500,0.0,0.0,yfinance_raw_daily
2009-10-01,3037.0,3037.0,2937.0,2962.0,1692.2177734375,12280500,0.0,0.0,yfinance_raw_daily
2009-10-02,2887.0,2937.0,2838.0,2912.0,1663.6519775390625,12627000,0.0,0.0,yfinance_raw_daily
2009-10-05,2912.0,2962.0,2887.0,2937.0,1677.934814453125,11965500,0.0,0.0,yfinance_raw_daily
2009-10-06,2962.0,3087.0,2937.0,3087.0,1763.63134765625,42210500,0.0,0.0,yfinance_raw_daily
2009-10-07,3136.0,3186.0,3111.0,3111.0,1777.343017578125,31824000,0.0,0.0,yfinance_raw_daily
2009-10-08,3111.0,3136.0,3087.0,3136.0,1791.625732421875,15559500,0.0,0.0,yfinance_raw_daily
2009-10-09,3136.0,3161.0,3012.0,3087.0,1763.63134765625,12141000,0.0,0.0,yfinance_raw_daily
2009-10-12,3087.0,3136.0,3087.0,3111.0,1777.343017578125,11267500,0.0,0.0,yfinance_raw_daily
2009-10-13,3111.0,3161.0,3087.0,3111.0,1777.343017578125,10942000,0.0,0.0,yfinance_raw_daily
2009-10-14,3111.0,3236.0,3111.0,3236.0,1848.756103515625,21882500,0.0,0.0,yfinance_raw_daily
2009-10-15,3236.0,3286.0,3161.0,3186.0,1820.1907958984375,21726500,0.0,0.0,yfinance_raw_daily
2009-10-16,3186.0,3211.0,3136.0,3161.0,1805.9085693359375,6327500,0.0,0.0,yfinance_raw_daily
2009-10-19,3161.0,3236.0,3136.0,3236.0,1848.756103515625,4003000,0.0,0.0,yfinance_raw_daily
2009-10-20,3236.0,3261.0,3186.0,3186.0,1820.1907958984375,4002000,0.0,0.0,yfinance_raw_daily
2009-10-21,3186.0,3186.0,3087.0,3111.0,1777.343017578125,10353000,0.0,0.0,yfinance_raw_daily
2009-10-22,3087.0,3211.0,3087.0,3111.0,1777.343017578125,37504500,0.0,0.0,yfinance_raw_daily
2009-10-23,3161.0,3236.0,3111.0,3236.0,1848.756103515625,14096500,0.0,0.0,yfinance_raw_daily
2009-10-26,3236.0,3236.0,3136.0,3136.0,1791.625732421875,6208000,0.0,0.0,yfinance_raw_daily
2009-10-27,3111.0,3111.0,2987.0,3012.0,1720.783447265625,20160500,0.0,0.0,yfinance_raw_daily
2009-10-28,2987.0,2987.0,2763.0,2838.0,1621.3756103515625,25501500,0.0,0.0,yfinance_raw_daily
2009-10-29,2788.0,2912.0,2688.0,2863.0,1635.6575927734375,42894000,0.0,0.0,yfinance_raw_daily
2009-10-30,2937.0,3062.0,2912.0,3062.0,1749.3485107421875,47943000,0.0,0.0,yfinance_raw_daily
2009-11-02,2962.0,3062.0,2912.0,3062.0,1749.3485107421875,16126000,0.0,0.0,yfinance_raw_daily
2009-11-03,3087.0,3087.0,2987.0,3012.0,1720.783447265625,19476500,0.0,0.0,yfinance_raw_daily
2009-11-04,3037.0,3087.0,3012.0,3087.0,1763.63134765625,8888000,0.0,0.0,yfinance_raw_daily
2009-11-05,3062.0,3087.0,3012.0,3037.0,1735.06591796875,4545500,0.0,0.0,yfinance_raw_daily
2009-11-06,3111.0,3111.0,3037.0,3037.0,1735.06591796875,5390000,0.0,0.0,yfinance_raw_daily
2009-11-09,3087.0,3087.0,3012.0,3062.0,1749.3485107421875,3937000,0.0,0.0,yfinance_raw_daily
2009-11-10,3087.0,3111.0,2987.0,3037.0,1735.06591796875,8652500,0.0,0.0,yfinance_raw_daily
2009-11-11,3062.0,3087.0,3037.0,3087.0,1763.63134765625,9915500,0.0,0.0,yfinance_raw_daily
2009-11-12,3111.0,3186.0,3062.0,3111.0,1777.343017578125,15003500,0.0,0.0,yfinance_raw_daily
2009-11-13,3111.0,3161.0,3062.0,3087.0,1763.63134765625,5254500,0.0,0.0,yfinance_raw_daily
2009-11-16,3087.0,3161.0,3087.0,3161.0,1805.9085693359375,15061500,0.0,0.0,yfinance_raw_daily
2009-11-17,3161.0,3186.0,3111.0,3186.0,1820.1907958984375,15990500,0.0,0.0,yfinance_raw_daily
2009-11-18,3161.0,3211.0,3136.0,3186.0,1820.1907958984375,14279500,0.0,0.0,yfinance_raw_daily
2009-11-19,3186.0,3211.0,3161.0,3186.0,1820.1907958984375,6533000,0.0,0.0,yfinance_raw_daily
2009-11-20,3161.0,3211.0,3161.0,3186.0,1820.1907958984375,7287500,0.0,0.0,yfinance_raw_daily
2009-11-23,3211.0,3236.0,3161.0,3236.0,1848.756103515625,10921500,0.0,0.0,yfinance_raw_daily
2009-11-24,3236.0,3236.0,3161.0,3186.0,1820.1907958984375,7995000,0.0,0.0,yfinance_raw_daily
2009-11-25,3186.0,3186.0,3136.0,3161.0,1805.9085693359375,10084500,0.0,0.0,yfinance_raw_daily
2009-11-26,3136.0,3136.0,3062.0,3111.0,1777.343017578125,19083500,0.0,0.0,yfinance_raw_daily
2009-11-30,3111.0,3136.0,3062.0,3062.0,1749.3485107421875,21016500,0.0,0.0,yfinance_raw_daily
2009-12-01,3161.0,3161.0,3062.0,3087.0,1763.63134765625,10288500,0.0,0.0,yfinance_raw_daily
2009-12-02,3087.0,3087.0,3087.0,3087.0,1763.63134765625,8129500,0.0,0.0,yfinance_raw_daily
2009-12-03,3136.0,3161.0,3087.0,3161.0,1805.9085693359375,8129500,0.0,0.0,yfinance_raw_daily
2009-12-04,3161.0,3161.0,3161.0,3161.0,1805.9085693359375,36315500,0.0,0.0,yfinance_raw_daily
2009-12-07,3311.0,3360.0,3261.0,3336.0,1905.8875732421875,12112000,0.0,0.0,yfinance_raw_daily
2009-12-08,3336.0,3336.0,3336.0,3336.0,1905.8875732421875,13176500,0.0,0.0,yfinance_raw_daily
2009-12-09,3360.0,3385.0,3286.0,3311.0,1891.604736328125,8985500,0.0,0.0,yfinance_raw_daily
2009-12-10,3311.0,3336.0,3236.0,3261.0,1863.0389404296875,8713000,0.0,0.0,yfinance_raw_daily
2009-12-11,3311.0,3311.0,3236.0,3311.0,1891.604736328125,2753000,0.0,0.0,yfinance_raw_daily
2009-12-14,3261.0,3311.0,3236.0,3286.0,1877.3218994140625,7011000,0.0,0.0,yfinance_raw_daily
2009-12-15,3286.0,3311.0,3236.0,3286.0,1877.3218994140625,4415000,0.0,0.0,yfinance_raw_daily
2009-12-16,3311.0,3535.0,3261.0,3535.0,2019.5780029296875,28818500,0.0,0.0,yfinance_raw_daily
2009-12-17,3560.0,3584.0,3410.0,3460.0,1976.7298583984375,14237500,0.0,0.0,yfinance_raw_daily
2009-12-21,3535.0,3535.0,3261.0,3385.0,1933.8814697265625,16824500,0.0,0.0,yfinance_raw_daily
2009-12-22,3460.0,3460.0,3336.0,3360.0,1919.5985107421875,10796500,0.0,0.0,yfinance_raw_daily
2009-12-23,3360.0,3410.0,3336.0,3360.0,1919.5985107421875,3262000,0.0,0.0,yfinance_raw_daily
2009-12-28,3360.0,3360.0,3360.0,3360.0,1919.5985107421875,6318500,0.0,0.0,yfinance_raw_daily
2009-12-29,3485.0,3609.0,3485.0,3560.0,2033.8603515625,13755500,0.0,0.0,yfinance_raw_daily
2009-12-30,3584.0,3609.0,3460.0,3535.0,2019.5780029296875,7961500,0.0,0.0,yfinance_raw_daily
2010-01-04,3560.0,3684.0,3510.0,3659.0,2090.420166015625,13221000,0.0,0.0,yfinance_raw_daily
2010-01-05,3734.0,3759.0,3634.0,3734.0,2133.26806640625,21437000,0.0,0.0,yfinance_raw_daily
2010-01-06,3784.0,3833.0,3709.0,3709.0,2118.98583984375,22473000,0.0,0.0,yfinance_raw_daily
2010-01-07,3734.0,3808.0,3709.0,3734.0,2133.26806640625,12431500,0.0,0.0,yfinance_raw_daily
2010-01-08,3784.0,3808.0,3709.0,3759.0,2147.55126953125,9559000,0.0,0.0,yfinance_raw_daily
2010-01-11,3808.0,3883.0,3759.0,3784.0,2161.833740234375,12559500,0.0,0.0,yfinance_raw_daily
2010-01-12,3759.0,3858.0,3759.0,3858.0,2204.110595703125,14467000,0.0,0.0,yfinance_raw_daily
2010-01-13,3808.0,3808.0,3659.0,3709.0,2118.98583984375,27892000,0.0,0.0,yfinance_raw_daily
2010-01-14,3759.0,3759.0,3684.0,3709.0,2118.98583984375,23952000,0.0,0.0,yfinance_raw_daily
2010-01-15,3734.0,3784.0,3734.0,3784.0,2161.833740234375,16211000,0.0,0.0,yfinance_raw_daily
2010-01-18,3784.0,3784.0,3784.0,3784.0,2161.833740234375,2518500,0.0,0.0,yfinance_raw_daily
2010-01-19,3759.0,3784.0,3734.0,3759.0,2147.55126953125,6749500,0.0,0.0,yfinance_raw_daily
2010-01-20,3784.0,3833.0,3734.0,3784.0,2161.833740234375,9711500,0.0,0.0,yfinance_raw_daily
2010-01-21,3734.0,3759.0,3684.0,3709.0,2118.98583984375,13908000,0.0,0.0,yfinance_raw_daily
2010-01-22,3634.0,3709.0,3584.0,3684.0,2104.702880859375,22071000,0.0,0.0,yfinance_raw_daily
2010-01-25,3634.0,3684.0,3609.0,3634.0,2076.136962890625,6474000,0.0,0.0,yfinance_raw_daily
2010-01-26,3634.0,3634.0,3634.0,3634.0,2076.136962890625,13098500,0.0,0.0,yfinance_raw_daily
2010-01-27,3510.0,3560.0,3385.0,3435.0,1962.447021484375,24902000,0.0,0.0,yfinance_raw_daily
2010-01-28,3460.0,3659.0,3460.0,3634.0,2076.136962890625,32305500,0.0,0.0,yfinance_raw_daily
2010-01-29,3584.0,3609.0,3485.0,3584.0,2047.572021484375,24713500,0.0,0.0,yfinance_raw_daily
2010-02-01,3584.0,3609.0,3510.0,3560.0,2033.8603515625,25158500,0.0,0.0,yfinance_raw_daily
2010-02-02,3584.0,3609.0,3535.0,3560.0,2033.8603515625,11458500,0.0,0.0,yfinance_raw_daily
2010-02-03,3609.0,3609.0,3560.0,3584.0,2047.572021484375,5720500,0.0,0.0,yfinance_raw_daily
2010-02-04,3584.0,3634.0,3560.0,3634.0,2076.136962890625,13197500,0.0,0.0,yfinance_raw_daily
2010-02-05,3485.0,3560.0,3485.0,3510.0,2005.294921875,23012000,0.0,0.0,yfinance_raw_daily
2010-02-08,3510.0,3510.0,3360.0,3485.0,1991.0126953125,22983500,0.0,0.0,yfinance_raw_daily
2010-02-09,3460.0,3560.0,3410.0,3560.0,2033.8603515625,24148500,0.0,0.0,yfinance_raw_daily
2010-02-10,3584.0,3609.0,3510.0,3560.0,2033.8603515625,12878000,0.0,0.0,yfinance_raw_daily
2010-02-11,3560.0,3584.0,3535.0,3560.0,2033.8603515625,6304000,0.0,0.0,yfinance_raw_daily
2010-02-12,3584.0,3659.0,3584.0,3609.0,2061.85498046875,7539000,0.0,0.0,yfinance_raw_daily
2010-02-15,3634.0,3634.0,3584.0,3609.0,2061.85498046875,3862500,0.0,0.0,yfinance_raw_daily
2010-02-16,3634.0,3709.0,3584.0,3709.0,2118.98583984375,11029000,0.0,0.0,yfinance_raw_daily
2010-02-17,3734.0,3808.0,3734.0,3808.0,2175.544921875,29599500,0.0,0.0,yfinance_raw_daily
2010-02-18,3808.0,3833.0,3759.0,3759.0,2147.55126953125,19056000,0.0,0.0,yfinance_raw_daily
2010-02-19,3784.0,3858.0,3734.0,3833.0,2189.828369140625,22576000,0.0,0.0,yfinance_raw_daily
2010-02-22,3883.0,3933.0,3833.0,3858.0,2204.110595703125,15173500,0.0,0.0,yfinance_raw_daily
2010-02-23,3833.0,3908.0,3784.0,3908.0,2232.67626953125,13261000,0.0,0.0,yfinance_raw_daily
2010-02-24,3883.0,3908.0,3833.0,3858.0,2204.110595703125,9952500,0.0,0.0,yfinance_raw_daily
2010-02-25,3858.0,3858.0,3709.0,3784.0,2161.833740234375,14658500,0.0,0.0,yfinance_raw_daily
2010-03-01,3883.0,3883.0,3709.0,3759.0,2147.55126953125,9346500,0.0,0.0,yfinance_raw_daily
2010-03-02,3808.0,3808.0,3734.0,3784.0,2161.833740234375,5997000,0.0,0.0,yfinance_raw_daily
2010-03-03,3784.0,3808.0,3734.0,3784.0,2161.833740234375,3887000,0.0,0.0,yfinance_raw_daily
2010-03-04,3784.0,3784.0,3709.0,3734.0,2133.26806640625,5199000,0.0,0.0,yfinance_raw_daily
2010-03-05,3759.0,3759.0,3684.0,3709.0,2118.98583984375,10967500,0.0,0.0,yfinance_raw_daily
2010-03-08,3784.0,3833.0,3734.0,3833.0,2189.828369140625,9556500,0.0,0.0,yfinance_raw_daily
2010-03-09,3833.0,3858.0,3808.0,3858.0,2204.110595703125,5293500,0.0,0.0,yfinance_raw_daily
2010-03-10,3858.0,3883.0,3808.0,3833.0,2189.828369140625,11098000,0.0,0.0,yfinance_raw_daily
2010-03-11,3833.0,3908.0,3833.0,3883.0,2218.393798828125,11718500,0.0,0.0,yfinance_raw_daily
2010-03-12,3883.0,3883.0,3808.0,3833.0,2189.828369140625,5322000,0.0,0.0,yfinance_raw_daily
2010-03-15,3833.0,3933.0,3833.0,3933.0,2246.958740234375,17258500,0.0,0.0,yfinance_raw_daily
2010-03-17,3933.0,4057.0,3933.0,4033.0,2304.089599609375,25372500,0.0,0.0,yfinance_raw_daily
2010-03-18,4082.0,4082.0,3983.0,4057.0,2317.801513671875,16962000,0.0,0.0,yfinance_raw_daily
2010-03-19,4057.0,4207.0,4033.0,4132.0,2360.64892578125,13143500,0.0,0.0,yfinance_raw_daily
2010-03-22,4107.0,4182.0,4057.0,4082.0,2332.084228515625,16765500,0.0,0.0,yfinance_raw_daily
2010-03-23,4107.0,4207.0,3958.0,3958.0,2261.24169921875,18756500,0.0,0.0,yfinance_raw_daily
2010-03-24,4008.0,4057.0,3883.0,3908.0,2232.67626953125,23235500,0.0,0.0,yfinance_raw_daily
2010-03-25,3908.0,3958.0,3833.0,3883.0,2218.393798828125,28123000,0.0,0.0,yfinance_raw_daily
2010-03-26,3883.0,3958.0,3833.0,3908.0,2232.67626953125,23441000,0.0,0.0,yfinance_raw_daily
2010-03-29,3908.0,3908.0,3808.0,3833.0,2189.828369140625,20860000,0.0,0.0,yfinance_raw_daily
2010-03-30,3833.0,3883.0,3808.0,3833.0,2189.828369140625,16726000,0.0,0.0,yfinance_raw_daily
2010-03-31,3833.0,3858.0,3734.0,3759.0,2147.55126953125,28240500,0.0,0.0,yfinance_raw_daily
2010-04-01,3734.0,3858.0,3734.0,3833.0,2189.828369140625,34797000,0.0,0.0,yfinance_raw_daily
2010-04-05,3833.0,3833.0,3833.0,3833.0,2189.828369140625,39438500,0.0,0.0,yfinance_raw_daily
2010-04-06,3858.0,3908.0,3833.0,3858.0,2204.110595703125,18393500,0.0,0.0,yfinance_raw_daily
2010-04-07,3833.0,3858.0,3808.0,3833.0,2189.828369140625,14360000,0.0,0.0,yfinance_raw_daily
2010-04-08,3784.0,3833.0,3759.0,3784.0,2161.833740234375,21562500,0.0,0.0,yfinance_raw_daily
2010-04-09,3784.0,3808.0,3759.0,3759.0,2147.55126953125,14860000,0.0,0.0,yfinance_raw_daily
2010-04-12,3784.0,3833.0,3784.0,3808.0,2175.544921875,8379000,0.0,0.0,yfinance_raw_daily
2010-04-13,3808.0,3808.0,3808.0,3808.0,2175.544921875,12885000,0.0,0.0,yfinance_raw_daily
2010-04-14,3808.0,3883.0,3808.0,3858.0,2204.110595703125,21016500,0.0,0.0,yfinance_raw_daily
2010-04-15,3883.0,3908.0,3784.0,3808.0,2175.544921875,15688500,0.0,0.0,yfinance_raw_daily
2010-04-16,3808.0,3833.0,3759.0,3784.0,2161.833740234375,13568500,0.0,0.0,yfinance_raw_daily
2010-04-19,3734.0,3784.0,3684.0,3709.0,2118.98583984375,15754500,0.0,0.0,yfinance_raw_daily
2010-04-20,3709.0,3858.0,3709.0,3833.0,2189.828369140625,20918000,0.0,0.0,yfinance_raw_daily
2010-04-21,3858.0,3883.0,3808.0,3808.0,2175.544921875,11838000,0.0,0.0,yfinance_raw_daily
2010-04-22,3808.0,3833.0,3759.0,3808.0,2175.544921875,8929500,0.0,0.0,yfinance_raw_daily
2010-04-23,3808.0,3833.0,3784.0,3808.0,2175.544921875,3792500,0.0,0.0,yfinance_raw_daily
2010-04-26,3833.0,3833.0,3784.0,3784.0,2161.833740234375,5878500,0.0,0.0,yfinance_raw_daily
2010-04-27,3784.0,3808.0,3759.0,3784.0,2161.833740234375,7524000,0.0,0.0,yfinance_raw_daily
2010-04-28,3734.0,3784.0,3709.0,3759.0,2147.55126953125,14646000,0.0,0.0,yfinance_raw_daily
2010-04-29,3759.0,3808.0,3759.0,3808.0,2175.544921875,10718500,0.0,0.0,yfinance_raw_daily
2010-04-30,3833.0,3933.0,3784.0,3883.0,2218.393798828125,77069504,0.0,0.0,yfinance_raw_daily
2010-05-03,3858.0,3933.0,3833.0,3858.0,2204.110595703125,35997000,0.0,0.0,yfinance_raw_daily
2010-05-04,3883.0,3908.0,3808.0,3833.0,2189.828369140625,29151000,0.0,0.0,yfinance_raw_daily
2010-05-05,3784.0,3784.0,3560.0,3584.0,2047.572021484375,78186496,0.0,0.0,yfinance_raw_daily
2010-05-06,3535.0,3634.0,3410.0,3634.0,2076.136962890625,70474496,0.0,0.0,yfinance_raw_daily
2010-05-07,3435.0,3560.0,3410.0,3460.0,1976.7298583984375,54024500,0.0,0.0,yfinance_raw_daily
2010-05-10,3460.0,3460.0,3460.0,3460.0,1976.7298583984375,42927500,0.0,0.0,yfinance_raw_daily
2010-05-11,3460.0,3460.0,3460.0,3460.0,1976.7298583984375,28692000,0.0,0.0,yfinance_raw_daily
2010-05-12,3535.0,3634.0,3535.0,3609.0,2061.85498046875,24727000,0.0,0.0,yfinance_raw_daily
2010-05-14,3609.0,3684.0,3584.0,3659.0,2090.420166015625,25739500,0.0,0.0,yfinance_raw_daily
2010-05-17,3609.0,3659.0,3535.0,3659.0,2090.420166015625,20770500,0.0,0.0,yfinance_raw_daily
2010-05-18,3659.0,3684.0,3634.0,3659.0,2090.420166015625,13119000,0.0,0.0,yfinance_raw_daily
2010-05-19,3609.0,3609.0,3485.0,3510.0,2005.294921875,20753500,0.0,0.0,yfinance_raw_daily
2010-05-20,3510.0,3584.0,3460.0,3560.0,2033.8603515625,21511000,0.0,0.0,yfinance_raw_daily
2010-05-21,3460.0,3485.0,3410.0,3460.0,1976.7298583984375,41592000,0.0,0.0,yfinance_raw_daily
2010-05-24,3510.0,3535.0,3460.0,3485.0,1991.0126953125,15811500,0.0,0.0,yfinance_raw_daily
2010-05-25,3410.0,3435.0,3286.0,3336.0,1905.8875732421875,21721500,0.0,0.0,yfinance_raw_daily
2010-05-26,3360.0,3535.0,3360.0,3510.0,2005.294921875,21395000,0.0,0.0,yfinance_raw_daily
2010-05-27,3485.0,3560.0,3435.0,3560.0,2033.8603515625,14607500,0.0,0.0,yfinance_raw_daily
2010-05-31,3560.0,3634.0,3560.0,3634.0,2076.136962890625,19463500,0.0,0.0,yfinance_raw_daily
2010-06-01,3659.0,3659.0,3535.0,3560.0,2033.8603515625,8080000,0.0,0.0,yfinance_raw_daily
2010-06-02,3560.0,3634.0,3535.0,3560.0,2033.8603515625,11564500,0.0,0.0,yfinance_raw_daily
2010-06-03,3609.0,3659.0,3584.0,3634.0,2076.136962890625,22570500,0.0,0.0,yfinance_raw_daily
2010-06-04,3609.0,3659.0,3609.0,3634.0,2076.136962890625,14407000,0.0,0.0,yfinance_raw_daily
2010-06-07,3485.0,3584.0,3460.0,3584.0,2047.572021484375,10159500,0.0,0.0,yfinance_raw_daily
2010-06-08,3584.0,3659.0,3560.0,3634.0,2076.136962890625,12410500,0.0,0.0,yfinance_raw_daily
2010-06-09,3634.0,3684.0,3634.0,3684.0,2104.702880859375,24357500,0.0,0.0,yfinance_raw_daily
2010-06-10,3684.0,3808.0,3659.0,3784.0,2161.833740234375,40410000,0.0,0.0,yfinance_raw_daily
2010-06-11,3833.0,3883.0,3808.0,3858.0,2204.110595703125,36325000,0.0,0.0,yfinance_raw_daily
2010-06-14,3883.0,3883.0,3833.0,3883.0,2218.393798828125,11469500,0.0,0.0,yfinance_raw_daily
2010-06-15,3883.0,3883.0,3808.0,3833.0,2189.828369140625,9681500,0.0,0.0,yfinance_raw_daily
2010-06-16,3883.0,3883.0,3784.0,3833.0,2189.828369140625,5457000,0.0,0.0,yfinance_raw_daily
2010-06-17,3833.0,3883.0,3833.0,3883.0,2218.393798828125,13302000,0.0,0.0,yfinance_raw_daily
2010-06-18,3883.0,3983.0,3883.0,3983.0,2275.52490234375,41516500,0.0,0.0,yfinance_raw_daily
2010-06-21,4033.0,4107.0,4008.0,4008.0,2289.80712890625,42275500,0.0,0.0,yfinance_raw_daily
2010-06-22,4008.0,4033.0,3883.0,3958.0,2261.24169921875,19834500,0.0,0.0,yfinance_raw_daily
2010-06-23,3933.0,4033.0,3933.0,4033.0,2304.089599609375,20591000,0.0,0.0,yfinance_raw_daily
2010-06-24,4057.0,4057.0,3983.0,4033.0,2304.089599609375,11722500,0.0,0.0,yfinance_raw_daily
2010-06-25,3983.0,4033.0,3958.0,4033.0,2304.089599609375,4264500,0.0,0.0,yfinance_raw_daily
2010-06-28,4033.0,4057.0,4008.0,4057.0,2317.801513671875,7916000,0.0,0.0,yfinance_raw_daily
2010-06-29,4082.0,4207.0,4008.0,4033.0,2304.089599609375,58054000,0.0,0.0,yfinance_raw_daily
2010-06-30,4033.0,4033.0,4033.0,4033.0,2304.089599609375,16835000,0.0,0.0,yfinance_raw_daily
2010-07-01,4082.0,4306.0,4082.0,4257.0,2432.06298828125,45577000,0.0,0.0,yfinance_raw_daily
2010-07-02,4257.0,4431.0,4257.0,4431.0,2531.470947265625,27404000,0.0,0.0,yfinance_raw_daily
2010-07-05,4431.0,4505.0,4381.0,4406.0,2517.188232421875,17314500,0.0,0.0,yfinance_raw_daily
2010-07-06,4381.0,4431.0,4281.0,4431.0,2531.470947265625,18072000,0.0,0.0,yfinance_raw_daily
2010-07-07,4431.0,4431.0,4331.0,4381.0,2502.905517578125,6235000,0.0,0.0,yfinance_raw_daily
2010-07-08,4456.0,4456.0,4306.0,4331.0,2474.340087890625,14651500,0.0,0.0,yfinance_raw_daily
2010-07-09,4331.0,4331.0,4207.0,4306.0,2460.05712890625,14995000,0.0,0.0,yfinance_raw_daily
2010-07-12,4306.0,4381.0,4306.0,4331.0,2474.340087890625,5663500,0.0,0.0,yfinance_raw_daily
2010-07-13,4331.0,4356.0,4257.0,4306.0,2460.05712890625,7701000,0.0,0.0,yfinance_raw_daily
2010-07-14,4381.0,4381.0,4257.0,4281.0,2445.7744140625,8670000,0.0,0.0,yfinance_raw_daily
2010-07-15,4281.0,4306.0,4232.0,4306.0,2460.05712890625,13410000,0.0,0.0,yfinance_raw_daily
2010-07-16,4306.0,4331.0,4281.0,4331.0,2474.340087890625,11234000,0.0,0.0,yfinance_raw_daily
2010-07-19,4281.0,4381.0,4257.0,4356.0,2488.623046875,21694000,0.0,0.0,yfinance_raw_daily
2010-07-20,4331.0,4406.0,4306.0,4406.0,2572.10205078125,19044000,93.0,0.0,yfinance_raw_daily
2010-07-21,4431.0,4456.0,4406.0,4431.0,2586.696533203125,12717500,0.0,0.0,yfinance_raw_daily
2010-07-22,4431.0,4431.0,4381.0,4431.0,2586.696533203125,6964000,0.0,0.0,yfinance_raw_daily
2010-07-23,4481.0,4481.0,4381.0,4406.0,2572.10205078125,11726000,0.0,0.0,yfinance_raw_daily
2010-07-26,4431.0,4481.0,4406.0,4431.0,2586.696533203125,7071500,0.0,0.0,yfinance_raw_daily
2010-07-27,4431.0,4530.0,4431.0,4481.0,2615.88525390625,18979500,0.0,0.0,yfinance_raw_daily
2010-07-28,4481.0,4530.0,4456.0,4481.0,2615.88525390625,3931000,0.0,0.0,yfinance_raw_daily
2010-07-29,4481.0,4705.0,4456.0,4705.0,2746.650390625,19909000,0.0,0.0,yfinance_raw_daily
2010-07-30,4705.0,4705.0,4580.0,4605.0,2688.273193359375,13788000,0.0,0.0,yfinance_raw_daily
2010-08-02,4655.0,4680.0,4555.0,4580.0,2673.6787109375,7485000,0.0,0.0,yfinance_raw_daily
2010-08-03,4580.0,4630.0,4257.0,4306.0,2513.72509765625,51281000,0.0,0.0,yfinance_raw_daily
2010-08-04,4306.0,4356.0,4157.0,4281.0,2499.130615234375,53213500,0.0,0.0,yfinance_raw_daily
2010-08-05,4281.0,4331.0,4232.0,4306.0,2513.72509765625,35839000,0.0,0.0,yfinance_raw_daily
2010-08-06,4306.0,4306.0,4082.0,4132.0,2412.148681640625,66577000,0.0,0.0,yfinance_raw_daily
2010-08-09,4132.0,4232.0,4082.0,4182.0,2441.3369140625,40020000,0.0,0.0,yfinance_raw_daily
2010-08-10,4182.0,4207.0,4132.0,4157.0,2426.74267578125,16866500,0.0,0.0,yfinance_raw_daily
2010-08-11,4157.0,4207.0,4132.0,4157.0,2426.74267578125,12210000,0.0,0.0,yfinance_raw_daily
2010-08-12,4107.0,4207.0,4082.0,4182.0,2441.3369140625,25694000,0.0,0.0,yfinance_raw_daily
2010-08-13,4182.0,4281.0,4157.0,4281.0,2499.130615234375,36465000,0.0,0.0,yfinance_raw_daily
2010-08-16,4281.0,4281.0,4207.0,4257.0,2485.120361328125,18207500,0.0,0.0,yfinance_raw_daily
2010-08-18,4257.0,4281.0,4107.0,4182.0,2441.3369140625,41951000,0.0,0.0,yfinance_raw_daily
2010-08-19,4182.0,4232.0,4157.0,4207.0,2455.931396484375,16277000,0.0,0.0,yfinance_raw_daily
2010-08-20,4182.0,4232.0,4157.0,4207.0,2455.931396484375,15511500,0.0,0.0,yfinance_raw_daily
2010-08-23,4232.0,4232.0,4182.0,4207.0,2455.931396484375,5302500,0.0,0.0,yfinance_raw_daily
2010-08-24,4182.0,4356.0,4182.0,4306.0,2513.72509765625,49125000,0.0,0.0,yfinance_raw_daily
2010-08-25,4281.0,4356.0,4281.0,4331.0,2528.319091796875,26303500,0.0,0.0,yfinance_raw_daily
2010-08-26,4356.0,4481.0,4356.0,4481.0,2615.88525390625,49990000,0.0,0.0,yfinance_raw_daily
2010-08-27,4481.0,4655.0,4431.0,4555.0,2659.084228515625,71239504,0.0,0.0,yfinance_raw_daily
2010-08-30,4630.0,4829.0,4630.0,4804.0,2804.443603515625,54166500,0.0,0.0,yfinance_raw_daily
2010-08-31,4779.0,4779.0,4431.0,4530.0,2644.490478515625,51694500,0.0,0.0,yfinance_raw_daily
2010-09-01,4555.0,4655.0,4431.0,4481.0,2615.88525390625,46719000,0.0,0.0,yfinance_raw_daily
2010-09-02,4530.0,4580.0,4431.0,4456.0,2601.291259765625,34863500,0.0,0.0,yfinance_raw_daily
2010-09-03,4481.0,4580.0,4456.0,4530.0,2644.490478515625,27014500,0.0,0.0,yfinance_raw_daily
2010-09-06,4555.0,4829.0,4555.0,4829.0,2819.0380859375,68481000,0.0,0.0,yfinance_raw_daily
2010-09-07,4779.0,4929.0,4754.0,4854.0,2833.63232421875,26516500,0.0,0.0,yfinance_raw_daily
2010-09-15,4854.0,4854.0,4854.0,4854.0,2833.63232421875,47787500,0.0,0.0,yfinance_raw_daily
2010-09-16,5128.0,5178.0,4978.0,5178.0,3022.774658203125,25731000,0.0,0.0,yfinance_raw_daily
2010-09-17,5227.0,5227.0,4978.0,5078.0,2964.39697265625,26184500,0.0,0.0,yfinance_raw_daily
2010-09-20,5078.0,5426.0,5078.0,5327.0,3109.7568359375,29027000,0.0,0.0,yfinance_raw_daily
2010-09-21,5377.0,5476.0,5178.0,5327.0,3109.7568359375,22144000,0.0,0.0,yfinance_raw_daily
2010-09-22,5327.0,5775.0,5327.0,5725.0,3342.098388671875,52759000,0.0,0.0,yfinance_raw_daily
2010-09-23,5675.0,5675.0,5277.0,5377.0,3138.945556640625,56610000,0.0,0.0,yfinance_raw_daily
2010-09-24,5327.0,5476.0,5277.0,5426.0,3167.550537109375,23747000,0.0,0.0,yfinance_raw_daily
2010-09-27,5426.0,5526.0,5377.0,5426.0,3167.550537109375,23307500,0.0,0.0,yfinance_raw_daily
2010-09-28,5377.0,5426.0,5178.0,5227.0,3051.379638671875,32993000,0.0,0.0,yfinance_raw_daily
2010-09-29,5277.0,5377.0,5227.0,5377.0,3138.945556640625,18228500,0.0,0.0,yfinance_raw_daily
2010-09-30,5377.0,5526.0,5327.0,5426.0,3167.550537109375,34902000,0.0,0.0,yfinance_raw_daily
2010-10-01,5426.0,5526.0,5377.0,5526.0,3225.927490234375,16011500,0.0,0.0,yfinance_raw_daily
2010-10-04,5526.0,5626.0,5476.0,5526.0,3225.927490234375,27201500,0.0,0.0,yfinance_raw_daily
2010-10-05,5576.0,5626.0,5476.0,5626.0,3284.3046875,24774000,0.0,0.0,yfinance_raw_daily
2010-10-06,5675.0,5675.0,5576.0,5626.0,3284.3046875,17394000,0.0,0.0,yfinance_raw_daily
2010-10-07,5626.0,5626.0,5178.0,5327.0,3109.7568359375,87284496,0.0,0.0,yfinance_raw_daily
2010-10-08,5277.0,5327.0,5028.0,5078.0,2964.39697265625,40074500,0.0,0.0,yfinance_raw_daily
2010-10-11,5078.0,5078.0,4779.0,4854.0,2833.63232421875,93444496,0.0,0.0,yfinance_raw_daily
2010-10-12,4829.0,5078.0,4779.0,5028.0,2935.208984375,94601000,0.0,0.0,yfinance_raw_daily
2010-10-13,5028.0,5128.0,4978.0,5078.0,2964.39697265625,31364000,0.0,0.0,yfinance_raw_daily
2010-10-14,5128.0,5128.0,5028.0,5078.0,2964.39697265625,17849000,0.0,0.0,yfinance_raw_daily
2010-10-15,5078.0,5128.0,5028.0,5078.0,2964.39697265625,10522500,0.0,0.0,yfinance_raw_daily
2010-10-18,5028.0,5078.0,4904.0,4954.0,2892.009521484375,13921500,0.0,0.0,yfinance_raw_daily
2010-10-19,4978.0,5028.0,4929.0,4978.0,2906.019775390625,9297500,0.0,0.0,yfinance_raw_daily
2010-10-20,4879.0,4978.0,4854.0,4978.0,2906.019775390625,20248000,0.0,0.0,yfinance_raw_daily
2010-10-21,5000.0,5050.0,4925.0,4975.0,2904.26904296875,11225500,0.0,0.0,yfinance_raw_daily
2010-10-22,4975.0,4975.0,4900.0,4925.0,2875.080322265625,6763000,0.0,0.0,yfinance_raw_daily
2010-10-25,4925.0,5100.0,4925.0,5100.0,2977.240234375,16379000,0.0,0.0,yfinance_raw_daily
2010-10-26,5100.0,5250.0,5100.0,5150.0,3006.428955078125,19336000,0.0,0.0,yfinance_raw_daily
2010-10-27,5150.0,5200.0,5050.0,5050.0,2948.0517578125,11306000,0.0,0.0,yfinance_raw_daily
2010-10-28,5050.0,5250.0,5050.0,5250.0,3064.806396484375,27389500,0.0,0.0,yfinance_raw_daily
2010-10-29,5250.0,5250.0,5000.0,5200.0,3035.617919921875,30132500,0.0,0.0,yfinance_raw_daily
2010-11-01,5200.0,5200.0,5050.0,5100.0,2977.240234375,9774500,0.0,0.0,yfinance_raw_daily
2010-11-02,5100.0,5200.0,5050.0,5100.0,2977.240234375,14605500,0.0,0.0,yfinance_raw_daily
2010-11-03,5100.0,5150.0,5050.0,5150.0,3006.428955078125,10172500,0.0,0.0,yfinance_raw_daily
2010-11-04,5150.0,5150.0,5000.0,5100.0,2977.240234375,10155500,0.0,0.0,yfinance_raw_daily
2010-11-05,5100.0,5150.0,5000.0,5100.0,2977.240234375,13320500,0.0,0.0,yfinance_raw_daily
2010-11-08,5100.0,5200.0,5050.0,5200.0,3035.617919921875,15536000,0.0,0.0,yfinance_raw_daily
2010-11-09,5150.0,5200.0,5100.0,5200.0,3035.617919921875,13749000,0.0,0.0,yfinance_raw_daily
2010-11-10,5200.0,5200.0,5100.0,5200.0,3035.617919921875,14221000,0.0,0.0,yfinance_raw_daily
2010-11-11,5200.0,5200.0,5050.0,5150.0,3006.428955078125,17167500,0.0,0.0,yfinance_raw_daily
2010-11-12,5100.0,5150.0,4950.0,4975.0,2904.26904296875,24186500,0.0,0.0,yfinance_raw_daily
2010-11-15,4950.0,5050.0,4875.0,4950.0,2889.6748046875,11145500,0.0,0.0,yfinance_raw_daily
2010-11-16,4950.0,5000.0,4925.0,5000.0,2918.863037109375,9630500,0.0,0.0,yfinance_raw_daily
2010-11-18,5000.0,5000.0,4950.0,5000.0,2918.863037109375,7984000,0.0,0.0,yfinance_raw_daily
2010-11-19,5000.0,5050.0,4900.0,4925.0,2875.080322265625,17134500,0.0,0.0,yfinance_raw_daily
2010-11-22,4950.0,4950.0,4875.0,4900.0,2860.48583984375,15471000,0.0,0.0,yfinance_raw_daily
2010-11-23,4900.0,4900.0,4800.0,4850.0,2831.297119140625,18111000,0.0,0.0,yfinance_raw_daily
2010-11-24,4825.0,4850.0,4725.0,4800.0,2802.107666015625,15083000,0.0,0.0,yfinance_raw_daily
2010-11-25,4825.0,4850.0,4750.0,4750.0,2772.919677734375,20860500,0.0,0.0,yfinance_raw_daily
2010-11-26,4750.0,4750.0,4625.0,4650.0,2714.54248046875,23016000,0.0,0.0,yfinance_raw_daily
2010-11-29,4625.0,4625.0,4525.0,4600.0,2685.353759765625,30678000,0.0,0.0,yfinance_raw_daily
2010-11-30,4600.0,4725.0,4575.0,4575.0,2670.760009765625,30781500,0.0,0.0,yfinance_raw_daily
2010-12-01,4600.0,4800.0,4575.0,4800.0,2802.107666015625,26395500,0.0,0.0,yfinance_raw_daily
2010-12-02,4875.0,4950.0,4825.0,4900.0,2860.48583984375,34222000,0.0,0.0,yfinance_raw_daily
2010-12-03,4925.0,4975.0,4825.0,4850.0,2831.297119140625,11485500,0.0,0.0,yfinance_raw_daily
2010-12-06,4850.0,4900.0,4800.0,4825.0,2816.702392578125,9828500,0.0,0.0,yfinance_raw_daily
2010-12-08,4825.0,4850.0,4650.0,4725.0,2758.32568359375,24022000,0.0,0.0,yfinance_raw_daily
2010-12-09,4750.0,4750.0,4700.0,4750.0,2772.919677734375,7786500,0.0,0.0,yfinance_raw_daily
2010-12-10,4750.0,4750.0,4675.0,4750.0,2772.919677734375,11663500,0.0,0.0,yfinance_raw_daily
2010-12-13,4750.0,4800.0,4675.0,4750.0,2772.919677734375,12378000,0.0,0.0,yfinance_raw_daily
2010-12-14,4750.0,4750.0,4650.0,4675.0,2729.13720703125,10021000,0.0,0.0,yfinance_raw_daily
2010-12-15,4650.0,4675.0,4600.0,4650.0,2714.54248046875,15436000,0.0,0.0,yfinance_raw_daily
2010-12-16,4650.0,4650.0,4500.0,4525.0,2641.5712890625,31026000,0.0,0.0,yfinance_raw_daily
2010-12-17,4525.0,4550.0,4450.0,4475.0,2612.382568359375,36618500,0.0,0.0,yfinance_raw_daily
2010-12-20,4500.0,4500.0,4425.0,4475.0,2612.382568359375,11600000,0.0,0.0,yfinance_raw_daily
2010-12-21,4475.0,4650.0,4475.0,4650.0,2714.54248046875,22118000,0.0,0.0,yfinance_raw_daily
2010-12-22,4650.0,4700.0,4600.0,4650.0,2714.54248046875,9165000,0.0,0.0,yfinance_raw_daily
2010-12-23,4650.0,4650.0,4600.0,4650.0,2714.54248046875,5118000,0.0,0.0,yfinance_raw_daily
2010-12-27,4700.0,4725.0,4600.0,4650.0,2714.54248046875,4988500,0.0,0.0,yfinance_raw_daily
2010-12-28,4650.0,4825.0,4600.0,4825.0,2816.702392578125,19062500,0.0,0.0,yfinance_raw_daily
2010-12-29,4850.0,4900.0,4825.0,4875.0,2845.891845703125,15372500,0.0,0.0,yfinance_raw_daily
2010-12-30,4850.0,4900.0,4800.0,4875.0,2845.891845703125,12123000,0.0,0.0,yfinance_raw_daily
2011-01-03,4875.0,4950.0,4825.0,4950.0,2889.6748046875,14112500,0.0,0.0,yfinance_raw_daily
2011-01-04,4975.0,5100.0,4925.0,5100.0,2977.240234375,27676500,0.0,0.0,yfinance_raw_daily
2011-01-05,5000.0,5100.0,4950.0,4950.0,2889.6748046875,11431000,0.0,0.0,yfinance_raw_daily
2011-01-06,4950.0,4950.0,4825.0,4850.0,2831.297119140625,14167000,0.0,0.0,yfinance_raw_daily
2011-01-07,4850.0,4875.0,4700.0,4725.0,2758.32568359375,16699000,0.0,0.0,yfinance_raw_daily
2011-01-10,4750.0,4750.0,4550.0,4575.0,2670.760009765625,21909500,0.0,0.0,yfinance_raw_daily
2011-01-11,4550.0,4675.0,4450.0,4525.0,2641.5712890625,15763500,0.0,0.0,yfinance_raw_daily
2011-01-12,4525.0,4700.0,4525.0,4700.0,2743.7314453125,24490000,0.0,0.0,yfinance_raw_daily
2011-01-13,4700.0,4750.0,4650.0,4725.0,2758.32568359375,21173000,0.0,0.0,yfinance_raw_daily
2011-01-14,4700.0,4875.0,4675.0,4875.0,2845.891845703125,17211000,0.0,0.0,yfinance_raw_daily
2011-01-17,4900.0,4950.0,4750.0,4825.0,2816.702392578125,14911000,0.0,0.0,yfinance_raw_daily
2011-01-18,4850.0,4850.0,4750.0,4775.0,2787.514404296875,3560000,0.0,0.0,yfinance_raw_daily
2011-01-19,4800.0,4825.0,4650.0,4725.0,2758.32568359375,7492500,0.0,0.0,yfinance_raw_daily
2011-01-20,4650.0,4650.0,4525.0,4550.0,2656.16552734375,11205500,0.0,0.0,yfinance_raw_daily
2011-01-21,4500.0,4525.0,4300.0,4525.0,2641.5712890625,31298000,0.0,0.0,yfinance_raw_daily
2011-01-24,4525.0,4625.0,4500.0,4575.0,2670.760009765625,11573000,0.0,0.0,yfinance_raw_daily
2011-01-25,4600.0,4725.0,4600.0,4725.0,2758.32568359375,12185000,0.0,0.0,yfinance_raw_daily
2011-01-26,4775.0,4800.0,4675.0,4775.0,2787.514404296875,10496500,0.0,0.0,yfinance_raw_daily
2011-01-27,4800.0,4900.0,4800.0,4875.0,2845.891845703125,23625000,0.0,0.0,yfinance_raw_daily
2011-01-28,4850.0,4850.0,4750.0,4800.0,2802.107666015625,11413500,0.0,0.0,yfinance_raw_daily
2011-01-31,4725.0,4750.0,4625.0,4700.0,2743.7314453125,8973500,0.0,0.0,yfinance_raw_daily
2011-02-01,4700.0,4775.0,4650.0,4650.0,2714.54248046875,8801500,0.0,0.0,yfinance_raw_daily
2011-02-02,4700.0,4775.0,4700.0,4750.0,2772.919677734375,6388500,0.0,0.0,yfinance_raw_daily
2011-02-04,4750.0,4775.0,4700.0,4750.0,2772.919677734375,2852500,0.0,0.0,yfinance_raw_daily
2011-02-07,4800.0,4825.0,4700.0,4725.0,2758.32568359375,6260000,0.0,0.0,yfinance_raw_daily
2011-02-08,4775.0,4825.0,4725.0,4825.0,2816.702392578125,17827500,0.0,0.0,yfinance_raw_daily
2011-02-09,4825.0,4825.0,4675.0,4750.0,2772.919677734375,9466000,0.0,0.0,yfinance_raw_daily
2011-02-10,4750.0,4750.0,4550.0,4675.0,2729.13720703125,19669000,0.0,0.0,yfinance_raw_daily
2011-02-11,4700.0,4700.0,4600.0,4650.0,2714.54248046875,11977000,0.0,0.0,yfinance_raw_daily
2011-02-14,4675.0,4775.0,4675.0,4725.0,2758.32568359375,6496000,0.0,0.0,yfinance_raw_daily
2011-02-16,4725.0,4725.0,4625.0,4700.0,2743.7314453125,6764500,0.0,0.0,yfinance_raw_daily
2011-02-17,4725.0,4750.0,4675.0,4675.0,2729.13720703125,5264500,0.0,0.0,yfinance_raw_daily
2011-02-18,4675.0,4750.0,4675.0,4700.0,2743.7314453125,11094000,0.0,0.0,yfinance_raw_daily
2011-02-21,4725.0,4825.0,4700.0,4825.0,2816.702392578125,10644500,0.0,0.0,yfinance_raw_daily
2011-02-22,4775.0,4850.0,4700.0,4850.0,2831.297119140625,14353500,0.0,0.0,yfinance_raw_daily
2011-02-23,4825.0,4900.0,4800.0,4900.0,2860.48583984375,13741500,0.0,0.0,yfinance_raw_daily
2011-02-24,4875.0,4875.0,4750.0,4800.0,2802.107666015625,5924000,0.0,0.0,yfinance_raw_daily
2011-02-25,4825.0,4825.0,4750.0,4800.0,2802.107666015625,3864000,0.0,0.0,yfinance_raw_daily
2011-02-28,4825.0,4850.0,4725.0,4750.0,2772.919677734375,7530000,0.0,0.0,yfinance_raw_daily
2011-03-01,4750.0,4750.0,4750.0,4750.0,2772.919677734375,6875500,0.0,0.0,yfinance_raw_daily
2011-03-02,4775.0,4850.0,4750.0,4825.0,2816.702392578125,14544500,0.0,0.0,yfinance_raw_daily
2011-03-03,4850.0,4875.0,4850.0,4850.0,2831.297119140625,12762000,0.0,0.0,yfinance_raw_daily
2011-03-04,4900.0,5050.0,4850.0,5000.0,2918.863037109375,26420000,0.0,0.0,yfinance_raw_daily
2011-03-07,4975.0,5000.0,4900.0,4950.0,2889.6748046875,11599000,0.0,0.0,yfinance_raw_daily
2011-03-08,4950.0,4950.0,4900.0,4950.0,2889.6748046875,6352000,0.0,0.0,yfinance_raw_daily
2011-03-09,4975.0,5000.0,4900.0,4925.0,2875.080322265625,9492500,0.0,0.0,yfinance_raw_daily
2011-03-10,4925.0,4925.0,4875.0,4875.0,2845.891845703125,4719000,0.0,0.0,yfinance_raw_daily
2011-03-11,4825.0,4850.0,4800.0,4825.0,2816.702392578125,7180500,0.0,0.0,yfinance_raw_daily
2011-03-14,4825.0,4925.0,4800.0,4900.0,2860.48583984375,8165000,0.0,0.0,yfinance_raw_daily
2011-03-15,4825.0,4900.0,4825.0,4900.0,2860.48583984375,10872000,0.0,0.0,yfinance_raw_daily
2011-03-16,4900.0,5000.0,4875.0,4975.0,2904.26904296875,11767500,0.0,0.0,yfinance_raw_daily
2011-03-17,4950.0,4950.0,4900.0,4900.0,2860.48583984375,6695500,0.0,0.0,yfinance_raw_daily
2011-03-18,4925.0,4975.0,4850.0,4850.0,2831.297119140625,5300500,0.0,0.0,yfinance_raw_daily
2011-03-21,4900.0,5000.0,4900.0,4950.0,2889.6748046875,9860000,0.0,0.0,yfinance_raw_daily
2011-03-22,4950.0,4950.0,4950.0,4950.0,2889.6748046875,14174500,0.0,0.0,yfinance_raw_daily
2011-03-23,4950.0,4950.0,4950.0,4950.0,2889.6748046875,0,0.0,0.0,yfinance_raw_daily
2011-03-24,5100.0,5250.0,5100.0,5150.0,3006.428955078125,18845500,0.0,0.0,yfinance_raw_daily
2011-03-25,5200.0,5250.0,5150.0,5200.0,3035.617919921875,20539000,0.0,0.0,yfinance_raw_daily
2011-03-28,5150.0,5250.0,5150.0,5250.0,3064.806396484375,9488500,0.0,0.0,yfinance_raw_daily
2011-03-29,5250.0,5250.0,5150.0,5200.0,3035.617919921875,7690500,0.0,0.0,yfinance_raw_daily
2011-03-30,5250.0,5400.0,5200.0,5350.0,3123.18310546875,23342500,0.0,0.0,yfinance_raw_daily
2011-03-31,5450.0,5450.0,5300.0,5400.0,3152.3720703125,19160000,0.0,0.0,yfinance_raw_daily
2011-04-01,5450.0,5450.0,5300.0,5350.0,3123.18310546875,10471500,0.0,0.0,yfinance_raw_daily
2011-04-04,5450.0,5450.0,5300.0,5300.0,3093.99462890625,7823000,0.0,0.0,yfinance_raw_daily
2011-04-05,5300.0,5350.0,5200.0,5250.0,3064.806396484375,6836500,0.0,0.0,yfinance_raw_daily
2011-04-06,5250.0,5350.0,5250.0,5350.0,3123.18310546875,3733000,0.0,0.0,yfinance_raw_daily
2011-04-07,5400.0,5400.0,5300.0,5400.0,3152.3720703125,6554500,0.0,0.0,yfinance_raw_daily
2011-04-08,5400.0,5450.0,5350.0,5350.0,3123.18310546875,11533000,0.0,0.0,yfinance_raw_daily
2011-04-11,5350.0,5450.0,5300.0,5350.0,3123.18310546875,6880000,0.0,0.0,yfinance_raw_daily
2011-04-12,5350.0,5400.0,5300.0,5400.0,3152.3720703125,7429000,0.0,0.0,yfinance_raw_daily
2011-04-13,5300.0,5450.0,5300.0,5400.0,3152.3720703125,4968000,0.0,0.0,yfinance_raw_daily
2011-04-14,5400.0,5400.0,5300.0,5300.0,3093.99462890625,6480500,0.0,0.0,yfinance_raw_daily
2011-04-15,5350.0,5400.0,5350.0,5350.0,3123.18310546875,6450500,0.0,0.0,yfinance_raw_daily
2011-04-18,5350.0,5400.0,5350.0,5400.0,3152.3720703125,2528500,0.0,0.0,yfinance_raw_daily
2011-04-19,5350.0,5450.0,5300.0,5450.0,3181.560546875,6481000,0.0,0.0,yfinance_raw_daily
2011-04-20,5450.0,5600.0,5400.0,5600.0,3269.126220703125,26334500,0.0,0.0,yfinance_raw_daily
2011-04-21,5600.0,5650.0,5550.0,5600.0,3269.126220703125,9898500,0.0,0.0,yfinance_raw_daily
2011-04-25,5600.0,5600.0,5600.0,5600.0,3269.126220703125,2507500,0.0,0.0,yfinance_raw_daily
2011-04-26,5600.0,5700.0,5600.0,5650.0,3298.314697265625,13701500,0.0,0.0,yfinance_raw_daily
2011-04-27,5600.0,5600.0,5500.0,5600.0,3269.126220703125,14890500,0.0,0.0,yfinance_raw_daily
2011-04-28,5600.0,5650.0,5550.0,5600.0,3269.126220703125,10622500,0.0,0.0,yfinance_raw_daily
2011-04-29,5600.0,5600.0,5550.0,5550.0,3239.937744140625,6228500,0.0,0.0,yfinance_raw_daily
2011-05-02,5550.0,5600.0,5500.0,5600.0,3269.126220703125,2415000,0.0,0.0,yfinance_raw_daily
2011-05-03,5600.0,5600.0,5500.0,5500.0,3210.74951171875,4723500,0.0,0.0,yfinance_raw_daily
2011-05-04,5500.0,5550.0,5450.0,5550.0,3239.937744140625,9713500,0.0,0.0,yfinance_raw_daily
2011-05-05,5550.0,5750.0,5550.0,5600.0,3269.126220703125,18795500,0.0,0.0,yfinance_raw_daily
2011-05-06,5600.0,5750.0,5600.0,5700.0,3327.50439453125,16041500,0.0,0.0,yfinance_raw_daily
2011-05-09,5700.0,5750.0,5600.0,5600.0,3269.126220703125,3943000,0.0,0.0,yfinance_raw_daily
2011-05-10,5600.0,5700.0,5600.0,5600.0,3269.126220703125,4009000,0.0,0.0,yfinance_raw_daily
2011-05-11,5650.0,5750.0,5600.0,5650.0,3298.314697265625,13775500,0.0,0.0,yfinance_raw_daily
2011-05-12,5650.0,5700.0,5550.0,5550.0,3239.937744140625,9132500,0.0,0.0,yfinance_raw_daily
2011-05-13,5500.0,5700.0,5500.0,5650.0,3298.314697265625,8660500,0.0,0.0,yfinance_raw_daily
2011-05-16,5600.0,5650.0,5550.0,5600.0,3269.126220703125,5498000,0.0,0.0,yfinance_raw_daily
2011-05-18,5650.0,5700.0,5600.0,5700.0,3327.50439453125,6630500,0.0,0.0,yfinance_raw_daily
2011-05-19,5700.0,5750.0,5600.0,5700.0,3327.50439453125,9328000,0.0,0.0,yfinance_raw_daily
2011-05-20,5650.0,5700.0,5600.0,5650.0,3298.314697265625,10210500,0.0,0.0,yfinance_raw_daily
2011-05-23,5600.0,5600.0,5250.0,5400.0,3152.3720703125,44739500,0.0,0.0,yfinance_raw_daily
2011-05-24,5400.0,5400.0,5250.0,5300.0,3093.99462890625,22547000,0.0,0.0,yfinance_raw_daily
2011-05-25,5300.0,5400.0,5250.0,5350.0,3123.18310546875,7301000,0.0,0.0,yfinance_raw_daily
2011-05-26,5450.0,5450.0,5350.0,5450.0,3181.560546875,6483500,0.0,0.0,yfinance_raw_daily
2011-05-27,5450.0,5450.0,5350.0,5400.0,3152.3720703125,6639500,0.0,0.0,yfinance_raw_daily
2011-05-30,5500.0,5500.0,5350.0,5350.0,3123.18310546875,6231500,0.0,0.0,yfinance_raw_daily
2011-05-31,5450.0,5450.0,5300.0,5400.0,3152.3720703125,11160000,0.0,0.0,yfinance_raw_daily
2011-06-01,5400.0,5450.0,5350.0,5450.0,3181.560546875,10562500,0.0,0.0,yfinance_raw_daily
2011-06-03,5450.0,5500.0,5400.0,5500.0,3210.74951171875,9190500,0.0,0.0,yfinance_raw_daily
2011-06-06,5450.0,5450.0,5350.0,5400.0,3152.3720703125,4362000,0.0,0.0,yfinance_raw_daily
2011-06-07,5350.0,5500.0,5350.0,5450.0,3181.560546875,8566500,0.0,0.0,yfinance_raw_daily
2011-06-08,5350.0,5500.0,5300.0,5300.0,3093.99462890625,14772500,0.0,0.0,yfinance_raw_daily
2011-06-09,5250.0,5350.0,5200.0,5200.0,3035.617919921875,16552500,0.0,0.0,yfinance_raw_daily
2011-06-10,5300.0,5350.0,5200.0,5200.0,3035.617919921875,16271500,0.0,0.0,yfinance_raw_daily
2011-06-13,5200.0,5250.0,5150.0,5200.0,3035.617919921875,19272000,0.0,0.0,yfinance_raw_daily
2011-06-14,5200.0,5350.0,5200.0,5300.0,3093.99462890625,7013000,0.0,0.0,yfinance_raw_daily
2011-06-15,5350.0,5450.0,5350.0,5350.0,3123.18310546875,7406500,0.0,0.0,yfinance_raw_daily
2011-06-16,5350.0,5400.0,5250.0,5300.0,3093.99462890625,6022500,0.0,0.0,yfinance_raw_daily
2011-06-17,5300.0,5400.0,5200.0,5200.0,3035.617919921875,6927500,0.0,0.0,yfinance_raw_daily
2011-06-20,5300.0,5400.0,5300.0,5350.0,3123.18310546875,4883000,0.0,0.0,yfinance_raw_daily
2011-06-21,5450.0,5700.0,5400.0,5600.0,3269.126220703125,31903000,0.0,0.0,yfinance_raw_daily
2011-06-22,5650.0,5700.0,5550.0,5600.0,3269.126220703125,16144000,0.0,0.0,yfinance_raw_daily
2011-06-23,5600.0,5600.0,5500.0,5600.0,3269.126220703125,3735500,0.0,0.0,yfinance_raw_daily
2011-06-24,5550.0,5700.0,5500.0,5600.0,3269.126220703125,7488000,0.0,0.0,yfinance_raw_daily
2011-06-27,5550.0,5600.0,5500.0,5500.0,3210.74951171875,3927500,0.0,0.0,yfinance_raw_daily
2011-06-28,5550.0,5650.0,5550.0,5600.0,3269.126220703125,5999000,0.0,0.0,yfinance_raw_daily
2011-06-30,5700.0,5850.0,5650.0,5750.0,3356.6923828125,29156000,0.0,0.0,yfinance_raw_daily
2011-07-01,5850.0,6000.0,5800.0,6000.0,3502.6357421875,21978000,0.0,0.0,yfinance_raw_daily
2011-07-04,6000.0,6000.0,6000.0,6000.0,3502.6357421875,0,0.0,0.0,yfinance_raw_daily
2011-07-05,6000.0,6000.0,5800.0,5800.0,3385.881103515625,13414000,0.0,0.0,yfinance_raw_daily
2011-07-06,5850.0,5900.0,5700.0,5700.0,3327.50439453125,8728000,0.0,0.0,yfinance_raw_daily
2011-07-07,5700.0,5850.0,5700.0,5800.0,3385.881103515625,10165000,0.0,0.0,yfinance_raw_daily
2011-07-08,5800.0,5900.0,5800.0,5850.0,3415.069580078125,12043000,0.0,0.0,yfinance_raw_daily
2011-07-11,5800.0,5900.0,5800.0,5900.0,3444.258544921875,12765500,0.0,0.0,yfinance_raw_daily
2011-07-12,5800.0,5900.0,5800.0,5850.0,3415.069580078125,7645000,0.0,0.0,yfinance_raw_daily
2011-07-13,5850.0,5900.0,5750.0,5800.0,3385.881103515625,10714000,0.0,0.0,yfinance_raw_daily
2011-07-14,5850.0,5950.0,5850.0,5950.0,3473.44677734375,13151000,0.0,0.0,yfinance_raw_daily
2011-07-15,5950.0,6000.0,5900.0,5950.0,3473.44677734375,11012500,0.0,0.0,yfinance_raw_daily
2011-07-18,5950.0,6050.0,5950.0,6000.0,3502.6357421875,5471500,0.0,0.0,yfinance_raw_daily
2011-07-19,6000.0,6000.0,5800.0,5900.0,3444.258544921875,20996500,0.0,0.0,yfinance_raw_daily
2011-07-20,5950.0,5950.0,5900.0,5950.0,3473.44677734375,4298000,0.0,0.0,yfinance_raw_daily
2011-07-21,5950.0,5950.0,5850.0,5900.0,3444.258544921875,10878000,0.0,0.0,yfinance_raw_daily
2011-07-22,5900.0,6000.0,5900.0,6000.0,3502.6357421875,4621000,0.0,0.0,yfinance_raw_daily
2011-07-25,6000.0,6050.0,5950.0,6050.0,3531.823974609375,13019000,0.0,0.0,yfinance_raw_daily
2011-07-26,6100.0,6200.0,6050.0,6150.0,3590.20166015625,11950500,0.0,0.0,yfinance_raw_daily
2011-07-27,6150.0,6200.0,6050.0,6100.0,3639.725830078125,9445000,133.0,0.0,yfinance_raw_daily
2011-07-28,6050.0,6300.0,6050.0,6300.0,3759.060546875,13717500,0.0,0.0,yfinance_raw_daily
2011-07-29,6350.0,6500.0,6250.0,6350.0,3788.89453125,13492000,0.0,0.0,yfinance_raw_daily
2011-08-01,6400.0,6500.0,6350.0,6400.0,3818.72802734375,8771500,0.0,0.0,yfinance_raw_daily
2011-08-02,6400.0,6450.0,6200.0,6300.0,3759.060546875,11047000,0.0,0.0,yfinance_raw_daily
2011-08-03,6200.0,6450.0,6150.0,6450.0,3848.5625,16920000,0.0,0.0,yfinance_raw_daily
2011-08-04,6400.0,6700.0,6400.0,6500.0,3878.39599609375,17585000,0.0,0.0,yfinance_raw_daily
2011-08-05,6250.0,6400.0,6000.0,6400.0,3818.72802734375,35947000,0.0,0.0,yfinance_raw_daily
2011-08-08,6400.0,6400.0,6400.0,6400.0,3818.72802734375,29575000,0.0,0.0,yfinance_raw_daily
2011-08-09,6000.0,6350.0,5850.0,6100.0,3639.725830078125,24003000,0.0,0.0,yfinance_raw_daily
2011-08-10,6250.0,6400.0,6200.0,6350.0,3788.89453125,25548000,0.0,0.0,yfinance_raw_daily
2011-08-11,6300.0,6500.0,6250.0,6500.0,3878.39599609375,13160000,0.0,0.0,yfinance_raw_daily
2011-08-12,6550.0,6600.0,6350.0,6450.0,3848.5625,11373500,0.0,0.0,yfinance_raw_daily
2011-08-15,6500.0,6500.0,6350.0,6450.0,3848.5625,13897000,0.0,0.0,yfinance_raw_daily
2011-08-16,6450.0,6450.0,6450.0,6450.0,3848.5625,19178000,0.0,0.0,yfinance_raw_daily
2011-08-18,6400.0,6500.0,6350.0,6450.0,3848.5625,14829500,0.0,0.0,yfinance_raw_daily
2011-08-19,6250.0,6300.0,6000.0,6100.0,3639.725830078125,23427000,0.0,0.0,yfinance_raw_daily
2011-08-22,6100.0,6450.0,6000.0,6450.0,3848.5625,21657000,0.0,0.0,yfinance_raw_daily
2011-08-23,6450.0,6800.0,6400.0,6750.0,4027.565185546875,25165500,0.0,0.0,yfinance_raw_daily
2011-08-24,6750.0,6750.0,6450.0,6450.0,3848.5625,15181500,0.0,0.0,yfinance_raw_daily
2011-08-25,6500.0,6600.0,6200.0,6200.0,3699.393798828125,7261000,0.0,0.0,yfinance_raw_daily
2011-08-26,6100.0,6200.0,6050.0,6100.0,3639.725830078125,14825500,0.0,0.0,yfinance_raw_daily
2011-09-05,6200.0,6250.0,5900.0,5950.0,3550.223876953125,14274000,0.0,0.0,yfinance_raw_daily
2011-09-06,5800.0,6000.0,5800.0,5950.0,3550.223876953125,10314000,0.0,0.0,yfinance_raw_daily
2011-09-07,5950.0,6050.0,5900.0,6000.0,3580.05810546875,23419500,0.0,0.0,yfinance_raw_daily
2011-09-08,6000.0,6000.0,5750.0,5950.0,3550.223876953125,39848500,0.0,0.0,yfinance_raw_daily
2011-09-09,5900.0,6000.0,5800.0,5900.0,3520.390380859375,29457500,0.0,0.0,yfinance_raw_daily
2011-09-12,5800.0,5850.0,5700.0,5700.0,3401.0556640625,18672000,0.0,0.0,yfinance_raw_daily
2011-09-13,5700.0,5800.0,5650.0,5700.0,3401.0556640625,21510500,0.0,0.0,yfinance_raw_daily
2011-09-14,5750.0,5750.0,5450.0,5550.0,3311.553466796875,15079000,0.0,0.0,yfinance_raw_daily
2011-09-15,5650.0,5650.0,5300.0,5450.0,3251.885986328125,24521500,0.0,0.0,yfinance_raw_daily
2011-09-16,5600.0,5700.0,5450.0,5650.0,3371.220703125,14744000,0.0,0.0,yfinance_raw_daily
2011-09-19,5650.0,5650.0,5350.0,5400.0,3222.052001953125,9579500,0.0,0.0,yfinance_raw_daily
2011-09-20,5300.0,5350.0,5100.0,5250.0,3132.55078125,26098000,0.0,0.0,yfinance_raw_daily
2011-09-21,5250.0,5250.0,4975.0,5000.0,2983.381591796875,26971000,0.0,0.0,yfinance_raw_daily
2011-09-22,4850.0,4850.0,4350.0,4350.0,2595.5419921875,43965500,0.0,0.0,yfinance_raw_daily
2011-09-23,4200.0,4600.0,4150.0,4600.0,2744.7109375,34381000,0.0,0.0,yfinance_raw_daily
2011-09-26,4600.0,4600.0,4300.0,4500.0,2685.043701171875,21086000,0.0,0.0,yfinance_raw_daily
2011-09-27,4650.0,4775.0,4550.0,4700.0,2804.37890625,50575000,0.0,0.0,yfinance_raw_daily
2011-09-28,4700.0,4825.0,4650.0,4725.0,2819.295654296875,37922000,0.0,0.0,yfinance_raw_daily
2011-09-29,4675.0,4875.0,4650.0,4850.0,2893.880126953125,28865000,0.0,0.0,yfinance_raw_daily
2011-09-30,4800.0,5100.0,4800.0,5050.0,3013.215576171875,50834500,0.0,0.0,yfinance_raw_daily
2011-10-03,4975.0,4975.0,4850.0,4875.0,2908.797607421875,21562000,0.0,0.0,yfinance_raw_daily
2011-10-04,4750.0,4875.0,4575.0,4625.0,2759.627685546875,15197500,0.0,0.0,yfinance_raw_daily
2011-10-05,4625.0,4800.0,4625.0,4650.0,2774.544677734375,20466500,0.0,0.0,yfinance_raw_daily
2011-10-06,4775.0,4975.0,4750.0,4925.0,2938.630859375,15711500,0.0,0.0,yfinance_raw_daily
2011-10-07,5000.0,5150.0,4900.0,4925.0,2938.630859375,10730500,0.0,0.0,yfinance_raw_daily
2011-10-10,4925.0,4975.0,4825.0,4950.0,2953.548095703125,4334000,0.0,0.0,yfinance_raw_daily
2011-10-11,5100.0,5200.0,5050.0,5150.0,3072.88330078125,12085500,0.0,0.0,yfinance_raw_daily
2011-10-12,5150.0,5350.0,5100.0,5300.0,3162.384521484375,13410500,0.0,0.0,yfinance_raw_daily
2011-10-13,5400.0,5650.0,5350.0,5550.0,3311.553466796875,22373500,0.0,0.0,yfinance_raw_daily
2011-10-14,5600.0,5650.0,5500.0,5550.0,3311.553466796875,6733500,0.0,0.0,yfinance_raw_daily
2011-10-17,5650.0,5700.0,5450.0,5550.0,3311.553466796875,11565000,0.0,0.0,yfinance_raw_daily
2011-10-18,5400.0,5450.0,5150.0,5300.0,3162.384521484375,11934500,0.0,0.0,yfinance_raw_daily
2011-10-19,5400.0,5550.0,5400.0,5550.0,3311.553466796875,6865500,0.0,0.0,yfinance_raw_daily
2011-10-20,5600.0,5600.0,5300.0,5450.0,3251.885986328125,6231500,0.0,0.0,yfinance_raw_daily
2011-10-21,5500.0,5550.0,5350.0,5450.0,3251.885986328125,5173000,0.0,0.0,yfinance_raw_daily
2011-10-24,5600.0,5650.0,5500.0,5600.0,3341.386962890625,9549000,0.0,0.0,yfinance_raw_daily
2011-10-25,5600.0,5650.0,5500.0,5600.0,3341.386962890625,9415500,0.0,0.0,yfinance_raw_daily
2011-10-26,5550.0,5600.0,5500.0,5600.0,3341.386962890625,15848500,0.0,0.0,yfinance_raw_daily
2011-10-27,5650.0,5700.0,5500.0,5650.0,3371.220703125,25709000,0.0,0.0,yfinance_raw_daily
2011-10-28,5700.0,5750.0,5300.0,5400.0,3222.052001953125,29879000,0.0,0.0,yfinance_raw_daily
2011-10-31,5350.0,5350.0,5100.0,5250.0,3132.55078125,23060000,0.0,0.0,yfinance_raw_daily
2011-11-01,5100.0,5200.0,4975.0,5000.0,2983.381591796875,20035000,0.0,0.0,yfinance_raw_daily
2011-11-02,4925.0,5250.0,4875.0,5250.0,3132.55078125,15021500,0.0,0.0,yfinance_raw_daily
2011-11-03,5100.0,5150.0,5000.0,5050.0,3013.215576171875,12903500,0.0,0.0,yfinance_raw_daily
2011-11-04,5150.0,5250.0,5100.0,5150.0,3072.88330078125,13025000,0.0,0.0,yfinance_raw_daily
2011-11-07,5150.0,5150.0,5050.0,5050.0,3013.215576171875,4837500,0.0,0.0,yfinance_raw_daily
2011-11-08,5100.0,5150.0,5000.0,5050.0,3013.215576171875,15044500,0.0,0.0,yfinance_raw_daily
2011-11-09,5100.0,5150.0,4975.0,5000.0,2983.381591796875,27426000,0.0,0.0,yfinance_raw_daily
2011-11-10,4900.0,4925.0,4825.0,4875.0,2908.797607421875,35742500,0.0,0.0,yfinance_raw_daily
2011-11-11,4875.0,4925.0,4875.0,4875.0,2908.797607421875,16049500,0.0,0.0,yfinance_raw_daily
2011-11-14,4925.0,4975.0,4900.0,4925.0,2938.630859375,21702000,0.0,0.0,yfinance_raw_daily
2011-11-15,4925.0,4925.0,4875.0,4925.0,2938.630859375,9149000,0.0,0.0,yfinance_raw_daily
2011-11-16,4950.0,4950.0,4875.0,4950.0,2953.548095703125,11425500,0.0,0.0,yfinance_raw_daily
2011-11-17,4900.0,4925.0,4875.0,4900.0,2923.71435546875,9678000,0.0,0.0,yfinance_raw_daily
2011-11-18,4775.0,4875.0,4750.0,4775.0,2849.129638671875,19706500,0.0,0.0,yfinance_raw_daily
2011-11-21,4775.0,4850.0,4700.0,4775.0,2849.129638671875,10928500,0.0,0.0,yfinance_raw_daily
2011-11-22,4800.0,4850.0,4750.0,4800.0,2864.045654296875,15544500,0.0,0.0,yfinance_raw_daily
2011-11-23,4725.0,4775.0,4725.0,4725.0,2819.295654296875,5678000,0.0,0.0,yfinance_raw_daily
2011-11-24,4700.0,4750.0,4675.0,4700.0,2804.37890625,10899500,0.0,0.0,yfinance_raw_daily
2011-11-25,4675.0,4700.0,4625.0,4675.0,2789.462158203125,6334000,0.0,0.0,yfinance_raw_daily
2011-11-28,4675.0,4750.0,4600.0,4675.0,2789.462158203125,8256500,0.0,0.0,yfinance_raw_daily
2011-11-29,4675.0,4725.0,4650.0,4675.0,2789.462158203125,19059000,0.0,0.0,yfinance_raw_daily
2011-11-30,4700.0,4775.0,4625.0,4700.0,2804.37890625,22728000,0.0,0.0,yfinance_raw_daily
2011-12-01,4700.0,4700.0,4700.0,4700.0,2804.37890625,0,0.0,0.0,yfinance_raw_daily
2011-12-02,4850.0,4875.0,4825.0,4850.0,2893.880126953125,7025000,0.0,0.0,yfinance_raw_daily
2011-12-05,4850.0,4875.0,4800.0,4850.0,2893.880126953125,3926000,0.0,0.0,yfinance_raw_daily
2011-12-06,4775.0,4850.0,4750.0,4775.0,2849.129638671875,8507500,0.0,0.0,yfinance_raw_daily
2011-12-07,4825.0,4825.0,4775.0,4825.0,2878.962890625,13763500,0.0,0.0,yfinance_raw_daily
2011-12-08,4825.0,4825.0,4750.0,4825.0,2878.962890625,5118000,0.0,0.0,yfinance_raw_daily
2011-12-09,4750.0,4775.0,4700.0,4750.0,2834.21240234375,5431500,0.0,0.0,yfinance_raw_daily
2011-12-12,4700.0,4800.0,4700.0,4700.0,2804.37890625,8695500,0.0,0.0,yfinance_raw_daily
2011-12-13,4625.0,4725.0,4575.0,4625.0,2759.627685546875,20060000,0.0,0.0,yfinance_raw_daily
2011-12-14,4575.0,4625.0,4550.0,4575.0,2729.794677734375,10628000,0.0,0.0,yfinance_raw_daily
2011-12-15,4550.0,4550.0,4500.0,4550.0,2714.87744140625,14484500,0.0,0.0,yfinance_raw_daily
2011-12-16,4575.0,4625.0,4575.0,4575.0,2729.794677734375,20043500,0.0,0.0,yfinance_raw_daily
2011-12-19,4575.0,4600.0,4550.0,4575.0,2729.794677734375,4445500,0.0,0.0,yfinance_raw_daily
2011-12-20,4525.0,4600.0,4525.0,4525.0,2699.96044921875,8831500,0.0,0.0,yfinance_raw_daily
2011-12-21,4650.0,4650.0,4550.0,4650.0,2774.544677734375,13105000,0.0,0.0,yfinance_raw_daily
2011-12-22,4675.0,4675.0,4625.0,4675.0,2789.462158203125,11316000,0.0,0.0,yfinance_raw_daily
2011-12-23,4725.0,4725.0,4650.0,4725.0,2819.295654296875,7235000,0.0,0.0,yfinance_raw_daily
2011-12-27,4700.0,4750.0,4650.0,4700.0,2804.37890625,7134000,0.0,0.0,yfinance_raw_daily
2011-12-28,4650.0,4675.0,4600.0,4650.0,2774.544677734375,5222500,0.0,0.0,yfinance_raw_daily
2011-12-29,4600.0,4675.0,4550.0,4600.0,2744.7109375,10331000,0.0,0.0,yfinance_raw_daily
2011-12-30,4600.0,4675.0,4600.0,4600.0,2744.7109375,9631500,0.0,0.0,yfinance_raw_daily
2012-01-02,4625.0,4625.0,4600.0,4625.0,2759.627685546875,3712500,0.0,0.0,yfinance_raw_daily
2012-01-03,4725.0,4725.0,4600.0,4725.0,2819.295654296875,15057500,0.0,0.0,yfinance_raw_daily
2012-01-04,4825.0,4875.0,4750.0,4825.0,2878.962890625,26759500,0.0,0.0,yfinance_raw_daily
2012-01-05,4800.0,4875.0,4775.0,4800.0,2864.045654296875,15259500,0.0,0.0,yfinance_raw_daily
2012-01-06,4775.0,4825.0,4750.0,4775.0,2849.129638671875,5786000,0.0,0.0,yfinance_raw_daily
2012-01-09,4800.0,4800.0,4725.0,4800.0,2864.045654296875,7546500,0.0,0.0,yfinance_raw_daily
2012-01-10,4950.0,4975.0,4800.0,4950.0,2953.548095703125,27342000,0.0,0.0,yfinance_raw_daily
2012-01-11,4900.0,4975.0,4875.0,4900.0,2923.71435546875,10939000,0.0,0.0,yfinance_raw_daily
2012-01-12,4775.0,4900.0,4775.0,4775.0,2849.129638671875,10723000,0.0,0.0,yfinance_raw_daily
2012-01-13,4800.0,4850.0,4750.0,4800.0,2864.045654296875,10548000,0.0,0.0,yfinance_raw_daily
2012-01-16,4750.0,4775.0,4725.0,4750.0,2834.21240234375,5879000,0.0,0.0,yfinance_raw_daily
2012-01-17,4775.0,4775.0,4725.0,4775.0,2849.129638671875,12471500,0.0,0.0,yfinance_raw_daily
2012-01-18,4850.0,4850.0,4750.0,4850.0,2893.880126953125,10038000,0.0,0.0,yfinance_raw_daily
2012-01-19,4850.0,4925.0,4800.0,4850.0,2893.880126953125,16490000,0.0,0.0,yfinance_raw_daily
2012-01-20,4775.0,4900.0,4750.0,4775.0,2849.129638671875,10708000,0.0,0.0,yfinance_raw_daily
2012-01-24,4850.0,4875.0,4800.0,4850.0,2893.880126953125,8323500,0.0,0.0,yfinance_raw_daily
2012-01-25,4875.0,4875.0,4825.0,4875.0,2908.797607421875,4649500,0.0,0.0,yfinance_raw_daily
2012-01-26,4875.0,4900.0,4850.0,4875.0,2908.797607421875,5486500,0.0,0.0,yfinance_raw_daily
2012-01-27,4875.0,4900.0,4825.0,4875.0,2908.797607421875,3924000,0.0,0.0,yfinance_raw_daily
2012-01-30,4875.0,4875.0,4875.0,4875.0,2908.797607421875,6392000,0.0,0.0,yfinance_raw_daily
2012-01-31,4800.0,4850.0,4775.0,4800.0,2864.045654296875,11170500,0.0,0.0,yfinance_raw_daily
2012-02-01,4850.0,4900.0,4825.0,4850.0,2893.880126953125,7099000,0.0,0.0,yfinance_raw_daily
2012-02-02,4925.0,4950.0,4850.0,4925.0,2938.630859375,21727000,0.0,0.0,yfinance_raw_daily
2012-02-03,4925.0,4950.0,4875.0,4925.0,2938.630859375,9600000,0.0,0.0,yfinance_raw_daily
2012-02-06,4850.0,4975.0,4825.0,4850.0,2893.880126953125,12834000,0.0,0.0,yfinance_raw_daily
2012-02-07,4850.0,4875.0,4825.0,4850.0,2893.880126953125,6782500,0.0,0.0,yfinance_raw_daily
2012-02-08,5100.0,5100.0,4850.0,5100.0,3043.04931640625,33339000,0.0,0.0,yfinance_raw_daily
2012-02-09,5150.0,5150.0,5000.0,5150.0,3072.88330078125,22922500,0.0,0.0,yfinance_raw_daily
2012-02-10,4975.0,5150.0,4950.0,4975.0,2968.465087890625,17499000,0.0,0.0,yfinance_raw_daily
2012-02-13,5000.0,5050.0,4950.0,5000.0,2983.381591796875,8554000,0.0,0.0,yfinance_raw_daily
2012-02-14,5000.0,5000.0,4975.0,5000.0,2983.381591796875,6986000,0.0,0.0,yfinance_raw_daily
2012-02-15,5000.0,5000.0,4950.0,5000.0,2983.381591796875,9435500,0.0,0.0,yfinance_raw_daily
2012-02-16,4900.0,4975.0,4850.0,4900.0,2923.71435546875,8269000,0.0,0.0,yfinance_raw_daily
2012-02-17,4850.0,4975.0,4825.0,4850.0,2893.880126953125,16469000,0.0,0.0,yfinance_raw_daily
2012-02-20,4850.0,4875.0,4825.0,4850.0,2893.880126953125,7731500,0.0,0.0,yfinance_raw_daily
2012-02-21,4900.0,4925.0,4850.0,4900.0,2923.71435546875,13420000,0.0,0.0,yfinance_raw_daily
2012-02-22,4900.0,4925.0,4875.0,4900.0,2923.71435546875,10946000,0.0,0.0,yfinance_raw_daily
2012-02-23,4875.0,4900.0,4850.0,4875.0,2908.797607421875,7068500,0.0,0.0,yfinance_raw_daily
2012-02-24,4850.0,4900.0,4800.0,4850.0,2893.880126953125,10631000,0.0,0.0,yfinance_raw_daily
2012-02-27,4850.0,4875.0,4800.0,4850.0,2893.880126953125,6351000,0.0,0.0,yfinance_raw_daily
2012-02-28,4875.0,4925.0,4850.0,4875.0,2908.797607421875,7546000,0.0,0.0,yfinance_raw_daily
2012-02-29,5100.0,5100.0,4900.0,5100.0,3043.04931640625,29306000,0.0,0.0,yfinance_raw_daily
2012-03-01,5050.0,5100.0,5000.0,5050.0,3013.215576171875,6285500,0.0,0.0,yfinance_raw_daily
2012-03-02,5150.0,5200.0,5050.0,5150.0,3072.88330078125,17561500,0.0,0.0,yfinance_raw_daily
2012-03-05,5050.0,5150.0,5000.0,5050.0,3013.215576171875,5095000,0.0,0.0,yfinance_raw_daily
2012-03-06,5050.0,5050.0,5050.0,5050.0,3013.215576171875,8517000,0.0,0.0,yfinance_raw_daily
2012-03-07,5050.0,5050.0,5050.0,5050.0,3013.215576171875,7382500,0.0,0.0,yfinance_raw_daily
2012-03-08,5100.0,5100.0,5000.0,5100.0,3043.04931640625,5181000,0.0,0.0,yfinance_raw_daily
2012-03-09,5000.0,5000.0,4875.0,5000.0,2983.381591796875,7382500,0.0,0.0,yfinance_raw_daily
2012-03-12,5100.0,5100.0,5000.0,5100.0,3043.04931640625,5314000,0.0,0.0,yfinance_raw_daily
2012-03-13,5050.0,5100.0,4975.0,5050.0,3013.215576171875,13103500,0.0,0.0,yfinance_raw_daily
2012-03-14,5000.0,5100.0,4975.0,5000.0,2983.381591796875,20460500,0.0,0.0,yfinance_raw_daily
2012-03-15,4975.0,5050.0,4950.0,4975.0,2968.465087890625,8785500,0.0,0.0,yfinance_raw_daily
2012-03-16,4925.0,5000.0,4925.0,4925.0,2938.630859375,8118000,0.0,0.0,yfinance_raw_daily
2012-03-19,4900.0,4975.0,4875.0,4900.0,2923.71435546875,7325500,0.0,0.0,yfinance_raw_daily
2012-03-20,4875.0,4925.0,4825.0,4875.0,2908.797607421875,10785500,0.0,0.0,yfinance_raw_daily
2012-03-21,4875.0,4900.0,4825.0,4875.0,2908.797607421875,17321500,0.0,0.0,yfinance_raw_daily
2012-03-22,4825.0,4875.0,4825.0,4825.0,2878.962890625,11529500,0.0,0.0,yfinance_raw_daily
2012-03-26,4825.0,4900.0,4800.0,4825.0,2878.962890625,8845000,0.0,0.0,yfinance_raw_daily
2012-03-27,4850.0,4875.0,4825.0,4850.0,2893.880126953125,14545000,0.0,0.0,yfinance_raw_daily
2012-03-28,4825.0,4850.0,4825.0,4825.0,2878.962890625,13289000,0.0,0.0,yfinance_raw_daily
2012-03-29,4800.0,4850.0,4750.0,4800.0,2864.045654296875,27757000,0.0,0.0,yfinance_raw_daily
2012-03-30,4850.0,4850.0,4775.0,4850.0,2893.880126953125,23284000,0.0,0.0,yfinance_raw_daily
2012-04-02,4850.0,4900.0,4825.0,4850.0,2893.880126953125,23992000,0.0,0.0,yfinance_raw_daily
2012-04-03,4850.0,4850.0,4850.0,4850.0,2893.880126953125,0,0.0,0.0,yfinance_raw_daily
2012-04-04,4775.0,4825.0,4750.0,4775.0,2849.129638671875,29790000,0.0,0.0,yfinance_raw_daily
2012-04-05,4750.0,4800.0,4725.0,4750.0,2834.21240234375,32005000,0.0,0.0,yfinance_raw_daily
2012-04-09,4750.0,4775.0,4725.0,4750.0,2834.21240234375,6995500,0.0,0.0,yfinance_raw_daily
2012-04-10,4775.0,4800.0,4725.0,4775.0,2849.129638671875,8048000,0.0,0.0,yfinance_raw_daily
2012-04-11,4775.0,4800.0,4725.0,4775.0,2849.129638671875,13775000,0.0,0.0,yfinance_raw_daily
2012-04-12,4725.0,4800.0,4675.0,4725.0,2819.295654296875,17327500,0.0,0.0,yfinance_raw_daily
2012-04-13,4750.0,4775.0,4725.0,4750.0,2834.21240234375,8318000,0.0,0.0,yfinance_raw_daily
2012-04-16,4675.0,4725.0,4650.0,4675.0,2789.462158203125,25978000,0.0,0.0,yfinance_raw_daily
2012-04-17,4650.0,4700.0,4625.0,4650.0,2774.544677734375,17404000,0.0,0.0,yfinance_raw_daily
2012-04-18,4650.0,4675.0,4625.0,4650.0,2774.544677734375,16392000,0.0,0.0,yfinance_raw_daily
2012-04-19,4625.0,4625.0,4575.0,4625.0,2759.627685546875,10074500,0.0,0.0,yfinance_raw_daily
2012-04-20,4700.0,4700.0,4600.0,4700.0,2804.37890625,12900500,0.0,0.0,yfinance_raw_daily
2012-04-23,4675.0,4725.0,4650.0,4675.0,2789.462158203125,14537000,0.0,0.0,yfinance_raw_daily
2012-04-24,4725.0,4725.0,4675.0,4725.0,2819.295654296875,5045000,0.0,0.0,yfinance_raw_daily
2012-04-25,4775.0,4775.0,4700.0,4775.0,2849.129638671875,9387000,0.0,0.0,yfinance_raw_daily
2012-04-26,4775.0,4800.0,4750.0,4775.0,2849.129638671875,6812000,0.0,0.0,yfinance_raw_daily
2012-04-27,4700.0,4775.0,4675.0,4700.0,2804.37890625,9971500,0.0,0.0,yfinance_raw_daily
2012-04-30,4850.0,4850.0,4725.0,4850.0,2893.880126953125,24712500,0.0,0.0,yfinance_raw_daily
2012-05-01,4850.0,4850.0,4850.0,4850.0,2893.880126953125,5806000,0.0,0.0,yfinance_raw_daily
2012-05-02,4850.0,4850.0,4800.0,4850.0,2893.880126953125,5806000,0.0,0.0,yfinance_raw_daily
2012-05-03,4800.0,4825.0,4775.0,4800.0,2864.045654296875,11862500,0.0,0.0,yfinance_raw_daily
2012-05-04,4800.0,4825.0,4775.0,4800.0,2864.045654296875,5611500,0.0,0.0,yfinance_raw_daily
2012-05-07,4775.0,4775.0,4725.0,4775.0,2849.129638671875,8598500,0.0,0.0,yfinance_raw_daily
2012-05-08,4900.0,4900.0,4800.0,4900.0,2923.71435546875,23115000,0.0,0.0,yfinance_raw_daily
2012-05-09,4825.0,4875.0,4800.0,4825.0,2878.962890625,11294000,0.0,0.0,yfinance_raw_daily
2012-05-10,4875.0,4900.0,4825.0,4875.0,2908.797607421875,11489000,0.0,0.0,yfinance_raw_daily
2012-05-11,4900.0,4900.0,4825.0,4900.0,2923.71435546875,11651000,0.0,0.0,yfinance_raw_daily
2012-05-14,4875.0,4900.0,4850.0,4875.0,2908.797607421875,9531000,0.0,0.0,yfinance_raw_daily
2012-05-15,4875.0,4900.0,4800.0,4875.0,2908.797607421875,9864500,0.0,0.0,yfinance_raw_daily
2012-05-16,4825.0,4875.0,4750.0,4825.0,2878.962890625,9338000,0.0,0.0,yfinance_raw_daily
2012-05-21,4725.0,4850.0,4675.0,4725.0,2819.295654296875,13853000,0.0,0.0,yfinance_raw_daily
2012-05-22,4725.0,4775.0,4700.0,4725.0,2819.295654296875,14811000,0.0,0.0,yfinance_raw_daily
2012-05-23,4775.0,4800.0,4650.0,4775.0,2849.129638671875,10939500,0.0,0.0,yfinance_raw_daily
2012-05-24,4775.0,4825.0,4750.0,4775.0,2849.129638671875,8612000,0.0,0.0,yfinance_raw_daily
2012-05-25,4725.0,4800.0,4725.0,4725.0,2819.295654296875,9562000,0.0,0.0,yfinance_raw_daily
2012-05-28,4775.0,4800.0,4675.0,4775.0,2849.129638671875,5000000,0.0,0.0,yfinance_raw_daily
2012-05-29,4800.0,4825.0,4750.0,4800.0,2864.045654296875,6795000,0.0,0.0,yfinance_raw_daily
2012-05-30,4825.0,4825.0,4750.0,4825.0,2878.962890625,11648500,0.0,0.0,yfinance_raw_daily
2012-05-31,4725.0,4750.0,4625.0,4725.0,2819.295654296875,21710500,0.0,0.0,yfinance_raw_daily
2012-06-01,4675.0,4725.0,4625.0,4675.0,2789.462158203125,6770500,0.0,0.0,yfinance_raw_daily
2012-06-04,4400.0,4650.0,4400.0,4400.0,2625.3759765625,7505000,0.0,0.0,yfinance_raw_daily
2012-06-05,4500.0,4525.0,4450.0,4500.0,2685.043701171875,8578500,0.0,0.0,yfinance_raw_daily
2012-06-06,4600.0,4625.0,4500.0,4600.0,2744.7109375,6529000,0.0,0.0,yfinance_raw_daily
2012-06-07,4700.0,4700.0,4625.0,4700.0,2804.37890625,11681000,0.0,0.0,yfinance_raw_daily
2012-06-08,4700.0,4725.0,4625.0,4700.0,2804.37890625,5106500,0.0,0.0,yfinance_raw_daily
2012-06-11,4825.0,4850.0,4650.0,4825.0,2878.962890625,6137500,0.0,0.0,yfinance_raw_daily
2012-06-12,4800.0,4825.0,4750.0,4800.0,2864.045654296875,5801000,0.0,0.0,yfinance_raw_daily
2012-06-13,4850.0,4875.0,4800.0,4850.0,2893.880126953125,6881000,0.0,0.0,yfinance_raw_daily
2012-06-14,4750.0,4850.0,4725.0,4750.0,2834.21240234375,3104000,0.0,0.0,yfinance_raw_daily
2012-06-15,4775.0,4825.0,4700.0,4775.0,2849.129638671875,8759000,0.0,0.0,yfinance_raw_daily
2012-06-18,4775.0,4775.0,4775.0,4775.0,2849.129638671875,10602500,0.0,0.0,yfinance_raw_daily
2012-06-19,4750.0,4775.0,4725.0,4750.0,2834.21240234375,5771000,0.0,0.0,yfinance_raw_daily
2012-06-20,4850.0,4850.0,4750.0,4850.0,2893.880126953125,9761000,0.0,0.0,yfinance_raw_daily
2012-06-21,4825.0,4825.0,4775.0,4825.0,2878.962890625,5860000,0.0,0.0,yfinance_raw_daily
2012-06-22,4825.0,4825.0,4750.0,4825.0,2878.962890625,3973000,0.0,0.0,yfinance_raw_daily
2012-06-25,4825.0,4825.0,4825.0,4825.0,2878.962890625,1094000,0.0,0.0,yfinance_raw_daily
2012-06-26,4775.0,4825.0,4775.0,4825.0,2878.962890625,3604000,0.0,0.0,yfinance_raw_daily
2012-06-27,4825.0,4850.0,4800.0,4825.0,2878.962890625,6120000,0.0,0.0,yfinance_raw_daily
2012-06-28,4825.0,4850.0,4750.0,4800.0,2864.045654296875,5720500,0.0,0.0,yfinance_raw_daily
2012-06-29,4800.0,4875.0,4800.0,4850.0,2893.880126953125,9309500,0.0,0.0,yfinance_raw_daily
2012-07-02,4850.0,4875.0,4825.0,4850.0,2893.880126953125,2921000,0.0,0.0,yfinance_raw_daily
2012-07-03,4925.0,4925.0,4875.0,4925.0,2938.630859375,7980000,0.0,0.0,yfinance_raw_daily
2012-07-04,5000.0,5100.0,4925.0,5000.0,2983.381591796875,46492500,0.0,0.0,yfinance_raw_daily
2012-07-05,5200.0,5250.0,5000.0,5200.0,3102.71728515625,30796500,0.0,0.0,yfinance_raw_daily
2012-07-06,5250.0,5300.0,5200.0,5250.0,3132.55078125,17049500,0.0,0.0,yfinance_raw_daily
2012-07-09,5200.0,5250.0,5100.0,5200.0,3102.71728515625,10638000,0.0,0.0,yfinance_raw_daily
2012-07-10,5400.0,5450.0,5250.0,5400.0,3222.052001953125,35486500,0.0,0.0,yfinance_raw_daily
2012-07-11,5600.0,5650.0,5400.0,5600.0,3341.386962890625,44245000,0.0,0.0,yfinance_raw_daily
2012-07-12,5500.0,5600.0,5500.0,5500.0,3281.7197265625,19148500,0.0,0.0,yfinance_raw_daily
2012-07-13,5550.0,5550.0,5450.0,5550.0,3311.553466796875,9910000,0.0,0.0,yfinance_raw_daily
2012-07-16,5500.0,5600.0,5400.0,5500.0,3281.7197265625,12435000,0.0,0.0,yfinance_raw_daily
2012-07-17,5400.0,5550.0,5350.0,5400.0,3222.052001953125,18554500,0.0,0.0,yfinance_raw_daily
2012-07-18,5300.0,5350.0,5250.0,5300.0,3268.3017578125,13078000,175.0,0.0,yfinance_raw_daily
2012-07-19,5400.0,5400.0,5200.0,5400.0,3329.96826171875,14817500,0.0,0.0,yfinance_raw_daily
2012-07-20,5400.0,5400.0,5300.0,5400.0,3329.96826171875,7926500,0.0,0.0,yfinance_raw_daily
2012-07-23,5350.0,5350.0,5250.0,5350.0,3299.134765625,13351500,0.0,0.0,yfinance_raw_daily
2012-07-24,5400.0,5400.0,5300.0,5400.0,3329.96826171875,13220500,0.0,0.0,yfinance_raw_daily
2012-07-25,5400.0,5450.0,5350.0,5400.0,3329.96826171875,20948000,0.0,0.0,yfinance_raw_daily
2012-07-26,5400.0,5400.0,5350.0,5400.0,3329.96826171875,3297000,0.0,0.0,yfinance_raw_daily
2012-07-27,5350.0,5450.0,5350.0,5350.0,3299.134765625,14581000,0.0,0.0,yfinance_raw_daily
2012-07-30,5400.0,5450.0,5350.0,5400.0,3329.96826171875,9017000,0.0,0.0,yfinance_raw_daily
2012-07-31,5400.0,5450.0,5350.0,5400.0,3329.96826171875,14030000,0.0,0.0,yfinance_raw_daily
2012-08-01,5400.0,5450.0,5350.0,5400.0,3329.96826171875,14350500,0.0,0.0,yfinance_raw_daily
2012-08-02,5350.0,5450.0,5350.0,5350.0,3299.134765625,5835000,0.0,0.0,yfinance_raw_daily
2012-08-03,5400.0,5450.0,5300.0,5400.0,3329.96826171875,6059500,0.0,0.0,yfinance_raw_daily
2012-08-06,5450.0,5500.0,5400.0,5450.0,3360.80078125,5235000,0.0,0.0,yfinance_raw_daily
2012-08-07,5450.0,5450.0,5350.0,5450.0,3360.80078125,8641500,0.0,0.0,yfinance_raw_daily
2012-08-08,5350.0,5450.0,5300.0,5350.0,3299.134765625,9414500,0.0,0.0,yfinance_raw_daily
2012-08-09,5350.0,5400.0,5300.0,5350.0,3299.134765625,6697500,0.0,0.0,yfinance_raw_daily
2012-08-10,5350.0,5400.0,5300.0,5350.0,3299.134765625,10039500,0.0,0.0,yfinance_raw_daily
2012-08-13,5250.0,5350.0,5200.0,5250.0,3237.468994140625,8293000,0.0,0.0,yfinance_raw_daily
2012-08-14,5200.0,5300.0,5150.0,5200.0,3206.635986328125,7092000,0.0,0.0,yfinance_raw_daily
2012-08-15,5200.0,5250.0,5150.0,5200.0,3206.635986328125,12092500,0.0,0.0,yfinance_raw_daily
2012-08-16,5150.0,5200.0,5100.0,5150.0,3175.802734375,9643000,0.0,0.0,yfinance_raw_daily
2012-08-23,5300.0,5350.0,5250.0,5300.0,3268.3017578125,24321000,0.0,0.0,yfinance_raw_daily
2012-08-24,5350.0,5400.0,5250.0,5350.0,3299.134765625,6133000,0.0,0.0,yfinance_raw_daily
2012-08-27,5350.0,5450.0,5300.0,5350.0,3299.134765625,3058500,0.0,0.0,yfinance_raw_daily
2012-08-28,5400.0,5450.0,5300.0,5400.0,3329.96826171875,14562000,0.0,0.0,yfinance_raw_daily
2012-08-29,5450.0,5500.0,5350.0,5450.0,3360.80078125,28933500,0.0,0.0,yfinance_raw_daily
2012-08-30,5400.0,5450.0,5300.0,5400.0,3329.96826171875,10378000,0.0,0.0,yfinance_raw_daily
2012-08-31,5400.0,5450.0,5350.0,5400.0,3329.96826171875,13936000,0.0,0.0,yfinance_raw_daily
2012-09-03,5400.0,5400.0,5350.0,5400.0,3329.96826171875,5604500,0.0,0.0,yfinance_raw_daily
2012-09-04,5400.0,5400.0,5350.0,5400.0,3329.96826171875,2804000,0.0,0.0,yfinance_raw_daily
2012-09-05,5400.0,5450.0,5350.0,5400.0,3329.96826171875,11502500,0.0,0.0,yfinance_raw_daily
2012-09-06,5400.0,5400.0,5350.0,5400.0,3329.96826171875,3479500,0.0,0.0,yfinance_raw_daily
2012-09-07,5400.0,5450.0,5350.0,5400.0,3329.96826171875,4243000,0.0,0.0,yfinance_raw_daily
2012-09-10,5400.0,5450.0,5350.0,5400.0,3329.96826171875,6682500,0.0,0.0,yfinance_raw_daily
2012-09-11,5400.0,5450.0,5350.0,5400.0,3329.96826171875,7202000,0.0,0.0,yfinance_raw_daily
2012-09-12,5400.0,5450.0,5350.0,5400.0,3329.96826171875,12107500,0.0,0.0,yfinance_raw_daily
2012-09-13,5450.0,5550.0,5350.0,5450.0,3360.80078125,29761000,0.0,0.0,yfinance_raw_daily
2012-09-14,5500.0,5550.0,5450.0,5500.0,3391.63427734375,18054000,0.0,0.0,yfinance_raw_daily
2012-09-17,5500.0,5500.0,5400.0,5500.0,3391.63427734375,10758500,0.0,0.0,yfinance_raw_daily
2012-09-18,5450.0,5500.0,5400.0,5450.0,3360.80078125,5117000,0.0,0.0,yfinance_raw_daily
2012-09-19,5500.0,5550.0,5350.0,5500.0,3391.63427734375,10954500,0.0,0.0,yfinance_raw_daily
2012-09-20,5500.0,5500.0,5400.0,5500.0,3391.63427734375,8944000,0.0,0.0,yfinance_raw_daily
2012-09-21,5500.0,5550.0,5400.0,5500.0,3391.63427734375,11362000,0.0,0.0,yfinance_raw_daily
2012-09-24,5400.0,5500.0,5350.0,5400.0,3329.96826171875,7826500,0.0,0.0,yfinance_raw_daily
2012-09-25,5500.0,5500.0,5350.0,5500.0,3391.63427734375,11087500,0.0,0.0,yfinance_raw_daily
2012-09-26,5400.0,5500.0,5300.0,5400.0,3329.96826171875,12544000,0.0,0.0,yfinance_raw_daily
2012-09-27,5500.0,5500.0,5350.0,5500.0,3391.63427734375,5821500,0.0,0.0,yfinance_raw_daily
2012-09-28,5650.0,5650.0,5500.0,5650.0,3484.1328125,26427500,0.0,0.0,yfinance_raw_daily
2012-10-01,5600.0,5650.0,5550.0,5600.0,3453.30029296875,16000500,0.0,0.0,yfinance_raw_daily
2012-10-02,5650.0,5700.0,5600.0,5650.0,3484.1328125,12857500,0.0,0.0,yfinance_raw_daily
2012-10-03,5700.0,5800.0,5650.0,5700.0,3514.9658203125,32876500,0.0,0.0,yfinance_raw_daily
2012-10-04,5750.0,5800.0,5650.0,5750.0,3545.798828125,24668500,0.0,0.0,yfinance_raw_daily
2012-10-05,5800.0,5800.0,5700.0,5800.0,3576.632568359375,16383000,0.0,0.0,yfinance_raw_daily
2012-10-08,5700.0,5800.0,5650.0,5700.0,3514.9658203125,20484500,0.0,0.0,yfinance_raw_daily
2012-10-09,5800.0,5800.0,5700.0,5800.0,3576.632568359375,16274000,0.0,0.0,yfinance_raw_daily
2012-10-10,5800.0,5800.0,5700.0,5800.0,3576.632568359375,6086500,0.0,0.0,yfinance_raw_daily
2012-10-11,5750.0,5800.0,5700.0,5750.0,3545.798828125,17042500,0.0,0.0,yfinance_raw_daily
2012-10-12,5750.0,5800.0,5750.0,5750.0,3545.798828125,3865000,0.0,0.0,yfinance_raw_daily
2012-10-15,5800.0,5800.0,5700.0,5800.0,3576.632568359375,10470500,0.0,0.0,yfinance_raw_daily
2012-10-16,5950.0,5950.0,5700.0,5950.0,3669.130859375,24178000,0.0,0.0,yfinance_raw_daily
2012-10-17,5950.0,5950.0,5800.0,5950.0,3669.130859375,12834000,0.0,0.0,yfinance_raw_daily
2012-10-18,6150.0,6150.0,5950.0,6150.0,3792.462646484375,21839000,0.0,0.0,yfinance_raw_daily
2012-10-19,6200.0,6200.0,6000.0,6200.0,3823.29638671875,16782500,0.0,0.0,yfinance_raw_daily
2012-10-22,6150.0,6150.0,6050.0,6150.0,3792.462646484375,4460000,0.0,0.0,yfinance_raw_daily
2012-10-23,6000.0,6150.0,5950.0,6000.0,3699.964111328125,6330000,0.0,0.0,yfinance_raw_daily
2012-10-24,6000.0,6050.0,5950.0,6000.0,3699.964111328125,10274000,0.0,0.0,yfinance_raw_daily
2012-10-25,6000.0,6050.0,5950.0,6000.0,3699.964111328125,7787500,0.0,0.0,yfinance_raw_daily
2012-10-29,5950.0,6000.0,5850.0,5950.0,3669.130859375,6927500,0.0,0.0,yfinance_raw_daily
2012-10-30,5800.0,5900.0,5700.0,5800.0,3576.632568359375,16232500,0.0,0.0,yfinance_raw_daily
2012-10-31,5700.0,5800.0,5650.0,5700.0,3514.9658203125,8502000,0.0,0.0,yfinance_raw_daily
2012-11-01,5700.0,5700.0,5650.0,5700.0,3514.9658203125,7378500,0.0,0.0,yfinance_raw_daily
2012-11-02,5800.0,5800.0,5700.0,5800.0,3576.632568359375,8021000,0.0,0.0,yfinance_raw_daily
2012-11-05,5850.0,5850.0,5700.0,5850.0,3607.464599609375,7899500,0.0,0.0,yfinance_raw_daily
2012-11-06,5800.0,5900.0,5750.0,5800.0,3576.632568359375,9936500,0.0,0.0,yfinance_raw_daily
2012-11-07,5800.0,5850.0,5750.0,5800.0,3576.632568359375,7029500,0.0,0.0,yfinance_raw_daily
2012-11-08,5800.0,5900.0,5700.0,5800.0,3576.632568359375,11195500,0.0,0.0,yfinance_raw_daily
2012-11-09,5900.0,5900.0,5800.0,5900.0,3638.297607421875,5045500,0.0,0.0,yfinance_raw_daily
2012-11-12,5800.0,5850.0,5700.0,5800.0,3576.632568359375,6773000,0.0,0.0,yfinance_raw_daily
2012-11-13,5800.0,5850.0,5700.0,5800.0,3576.632568359375,5960000,0.0,0.0,yfinance_raw_daily
2012-11-14,5700.0,5800.0,5650.0,5700.0,3514.9658203125,11666500,0.0,0.0,yfinance_raw_daily
2012-11-19,5600.0,5750.0,5550.0,5600.0,3453.30029296875,17180500,0.0,0.0,yfinance_raw_daily
2012-11-20,5550.0,5700.0,5550.0,5550.0,3422.466552734375,8725000,0.0,0.0,yfinance_raw_daily
2012-11-21,5550.0,5600.0,5500.0,5550.0,3422.466552734375,10959000,0.0,0.0,yfinance_raw_daily
2012-11-22,5750.0,5800.0,5500.0,5750.0,3545.798828125,7552000,0.0,0.0,yfinance_raw_daily
2012-11-23,5850.0,5850.0,5750.0,5850.0,3607.464599609375,2558500,0.0,0.0,yfinance_raw_daily
2012-11-26,5850.0,5850.0,5750.0,5850.0,3607.464599609375,7299500,0.0,0.0,yfinance_raw_daily
2012-11-27,5650.0,5850.0,5600.0,5650.0,3484.1328125,10963500,0.0,0.0,yfinance_raw_daily
2012-11-28,5700.0,5700.0,5600.0,5700.0,3514.9658203125,8196500,0.0,0.0,yfinance_raw_daily
2012-11-29,5800.0,5800.0,5650.0,5800.0,3576.632568359375,6839000,0.0,0.0,yfinance_raw_daily
2012-11-30,5850.0,5850.0,5750.0,5850.0,3607.464599609375,10219000,0.0,0.0,yfinance_raw_daily
2012-12-03,5900.0,5900.0,5750.0,5900.0,3638.297607421875,5227000,0.0,0.0,yfinance_raw_daily
2012-12-04,6000.0,6000.0,5800.0,6000.0,3699.964111328125,18200000,0.0,0.0,yfinance_raw_daily
2012-12-05,5900.0,6100.0,5800.0,5900.0,3638.297607421875,8228500,0.0,0.0,yfinance_raw_daily
2012-12-06,5950.0,6000.0,5850.0,5950.0,3669.130859375,5447500,0.0,0.0,yfinance_raw_daily
2012-12-07,5900.0,5950.0,5800.0,5900.0,3638.297607421875,8832500,0.0,0.0,yfinance_raw_daily
2012-12-10,6000.0,6000.0,5850.0,6000.0,3699.964111328125,10034000,0.0,0.0,yfinance_raw_daily
2012-12-11,6100.0,6100.0,5900.0,6100.0,3761.630126953125,11121000,0.0,0.0,yfinance_raw_daily
2012-12-12,6150.0,6150.0,6000.0,6150.0,3792.462646484375,13094500,0.0,0.0,yfinance_raw_daily
2012-12-13,6200.0,6200.0,6000.0,6200.0,3823.29638671875,9003500,0.0,0.0,yfinance_raw_daily
2012-12-14,6050.0,6100.0,5950.0,6050.0,3730.797607421875,7103500,0.0,0.0,yfinance_raw_daily
2012-12-17,5850.0,6000.0,5800.0,5850.0,3607.464599609375,10802500,0.0,0.0,yfinance_raw_daily
2012-12-18,5700.0,5900.0,5600.0,5700.0,3514.9658203125,16485000,0.0,0.0,yfinance_raw_daily
2012-12-19,5550.0,5700.0,5500.0,5550.0,3422.466552734375,28593000,0.0,0.0,yfinance_raw_daily
2012-12-20,5550.0,5600.0,5450.0,5550.0,3422.466552734375,12253500,0.0,0.0,yfinance_raw_daily
2012-12-21,5600.0,5750.0,5550.0,5600.0,3453.30029296875,18067500,0.0,0.0,yfinance_raw_daily
2012-12-26,5750.0,5750.0,5550.0,5750.0,3545.798828125,8903500,0.0,0.0,yfinance_raw_daily
2012-12-27,5850.0,5850.0,5700.0,5850.0,3607.464599609375,11255000,0.0,0.0,yfinance_raw_daily
2012-12-28,5850.0,5950.0,5800.0,5850.0,3607.464599609375,12856000,0.0,0.0,yfinance_raw_daily
2013-01-02,5800.0,5900.0,5750.0,5800.0,3576.632568359375,8213000,0.0,0.0,yfinance_raw_daily
2013-01-03,5850.0,5900.0,5800.0,5850.0,3607.464599609375,11989000,0.0,0.0,yfinance_raw_daily
2013-01-04,5950.0,5950.0,5800.0,5950.0,3669.130859375,9410000,0.0,0.0,yfinance_raw_daily
2013-01-07,5850.0,5950.0,5850.0,5850.0,3607.464599609375,10864000,0.0,0.0,yfinance_raw_daily
2013-01-08,6000.0,6050.0,5850.0,6000.0,3699.964111328125,22112500,0.0,0.0,yfinance_raw_daily
2013-01-09,6000.0,6150.0,6000.0,6000.0,3699.964111328125,39449000,0.0,0.0,yfinance_raw_daily
2013-01-10,5900.0,6050.0,5850.0,5900.0,3638.297607421875,8528000,0.0,0.0,yfinance_raw_daily
2013-01-11,5900.0,6000.0,5900.0,5900.0,3638.297607421875,5664500,0.0,0.0,yfinance_raw_daily
2013-01-14,6050.0,6050.0,5900.0,6050.0,3730.797607421875,17039000,0.0,0.0,yfinance_raw_daily
2013-01-15,6050.0,6100.0,6000.0,6050.0,3730.797607421875,8195500,0.0,0.0,yfinance_raw_daily
2013-01-16,6150.0,6150.0,6000.0,6150.0,3792.462646484375,21349000,0.0,0.0,yfinance_raw_daily
2013-01-17,6100.0,6150.0,6000.0,6100.0,3761.630126953125,18982500,0.0,0.0,yfinance_raw_daily
2013-01-18,5950.0,6100.0,5900.0,5950.0,3669.130859375,20349500,0.0,0.0,yfinance_raw_daily
2013-01-21,6000.0,6000.0,5900.0,6000.0,3699.964111328125,8740500,0.0,0.0,yfinance_raw_daily
2013-01-22,6000.0,6000.0,6000.0,6000.0,3699.964111328125,0,0.0,0.0,yfinance_raw_daily
2013-01-23,6050.0,6050.0,5850.0,6050.0,3730.797607421875,14942500,0.0,0.0,yfinance_raw_daily
2013-01-25,6000.0,6100.0,5950.0,6000.0,3699.964111328125,25263000,0.0,0.0,yfinance_raw_daily
2013-01-28,6050.0,6050.0,5950.0,6050.0,3730.797607421875,12555500,0.0,0.0,yfinance_raw_daily
2013-01-29,6100.0,6150.0,6000.0,6100.0,3761.630126953125,18310000,0.0,0.0,yfinance_raw_daily
2013-01-30,6100.0,6200.0,6050.0,6100.0,3761.630126953125,24002500,0.0,0.0,yfinance_raw_daily
2013-01-31,6050.0,6100.0,5950.0,6050.0,3730.797607421875,18787500,0.0,0.0,yfinance_raw_daily
2013-02-01,5950.0,6150.0,5950.0,5950.0,3669.130859375,21714500,0.0,0.0,yfinance_raw_daily
2013-02-04,6050.0,6050.0,5950.0,6050.0,3730.797607421875,13001000,0.0,0.0,yfinance_raw_daily
2013-02-05,6050.0,6150.0,6050.0,6050.0,3730.797607421875,20459000,0.0,0.0,yfinance_raw_daily
2013-02-06,6350.0,6400.0,6150.0,6350.0,3915.795654296875,37863500,0.0,0.0,yfinance_raw_daily
2013-02-07,6550.0,6600.0,6350.0,6550.0,4039.1279296875,27475500,0.0,0.0,yfinance_raw_daily
2013-02-08,6600.0,6600.0,6500.0,6600.0,4069.960205078125,16087500,0.0,0.0,yfinance_raw_daily
2013-02-11,6700.0,6700.0,6550.0,6700.0,4131.62744140625,7072500,0.0,0.0,yfinance_raw_daily
2013-02-12,6700.0,6750.0,6550.0,6700.0,4131.62744140625,7066000,0.0,0.0,yfinance_raw_daily
2013-02-13,6550.0,6800.0,6450.0,6550.0,4039.1279296875,12751000,0.0,0.0,yfinance_raw_daily
2013-02-14,6600.0,6650.0,6550.0,6600.0,4069.960205078125,7662500,0.0,0.0,yfinance_raw_daily
2013-02-15,6700.0,6700.0,6500.0,6700.0,4131.62744140625,13833000,0.0,0.0,yfinance_raw_daily
2013-02-18,6600.0,6700.0,6600.0,6600.0,4069.960205078125,7726500,0.0,0.0,yfinance_raw_daily
2013-02-19,6600.0,6650.0,6450.0,6600.0,4069.960205078125,8235500,0.0,0.0,yfinance_raw_daily
2013-02-20,6650.0,6650.0,6500.0,6650.0,4100.79345703125,11513000,0.0,0.0,yfinance_raw_daily
2013-02-21,6950.0,6950.0,6550.0,6950.0,4285.7919921875,17185500,0.0,0.0,yfinance_raw_daily
2013-02-22,6800.0,6950.0,6700.0,6800.0,4193.29296875,8294000,0.0,0.0,yfinance_raw_daily
2013-02-25,6850.0,6850.0,6700.0,6850.0,4224.12548828125,9148500,0.0,0.0,yfinance_raw_daily
2013-02-26,6900.0,7000.0,6750.0,6900.0,4254.958984375,8396500,0.0,0.0,yfinance_raw_daily
2013-02-27,7100.0,7100.0,6900.0,7100.0,4378.291015625,9900500,0.0,0.0,yfinance_raw_daily
2013-02-28,7300.0,7300.0,7050.0,7300.0,4501.623046875,12868000,0.0,0.0,yfinance_raw_daily
2013-03-01,7400.0,7600.0,7300.0,7400.0,4563.28955078125,8649000,0.0,0.0,yfinance_raw_daily
2013-03-04,7300.0,7400.0,7100.0,7300.0,4501.623046875,16621500,0.0,0.0,yfinance_raw_daily
2013-03-05,7350.0,7450.0,7200.0,7350.0,4532.4560546875,8192000,0.0,0.0,yfinance_raw_daily
2013-03-06,7850.0,7900.0,7350.0,7850.0,4840.7861328125,15989500,0.0,0.0,yfinance_raw_daily
2013-03-07,7850.0,7850.0,7500.0,7850.0,4840.7861328125,14966500,0.0,0.0,yfinance_raw_daily
2013-03-08,7700.0,8000.0,7700.0,7700.0,4748.28759765625,9076000,0.0,0.0,yfinance_raw_daily
2013-03-11,7800.0,7850.0,7650.0,7800.0,4809.953125,6448500,0.0,0.0,yfinance_raw_daily
2013-03-13,7750.0,7850.0,7550.0,7750.0,4779.1201171875,15057000,0.0,0.0,yfinance_raw_daily
2013-03-14,7550.0,7600.0,7400.0,7400.0,4563.28955078125,17649000,0.0,0.0,yfinance_raw_daily
2013-03-15,7400.0,7550.0,7250.0,7250.0,4470.79052734375,18029000,0.0,0.0,yfinance_raw_daily
2013-03-18,7300.0,7550.0,7250.0,7500.0,4624.95556640625,10603000,0.0,0.0,yfinance_raw_daily
2013-03-19,7550.0,7550.0,7400.0,7400.0,4563.28955078125,14892500,0.0,0.0,yfinance_raw_daily
2013-03-20,7400.0,7500.0,7300.0,7450.0,4594.12255859375,16897000,0.0,0.0,yfinance_raw_daily
2013-03-21,7300.0,7450.0,7250.0,7350.0,4532.4560546875,14044000,0.0,0.0,yfinance_raw_daily
2013-03-22,7350.0,7400.0,7200.0,7200.0,4439.95703125,21529000,0.0,0.0,yfinance_raw_daily
2013-03-25,7300.0,7400.0,7250.0,7350.0,4532.4560546875,13956000,0.0,0.0,yfinance_raw_daily
2013-03-26,7350.0,7450.0,7200.0,7350.0,4532.4560546875,12292000,0.0,0.0,yfinance_raw_daily
2013-03-27,7250.0,7550.0,7250.0,7550.0,4655.78857421875,15706000,0.0,0.0,yfinance_raw_daily
2013-03-28,7550.0,7600.0,7450.0,7450.0,4594.12255859375,13673500,0.0,0.0,yfinance_raw_daily
2013-04-01,7400.0,7550.0,7400.0,7450.0,4594.12255859375,4087000,0.0,0.0,yfinance_raw_daily
2013-04-02,7450.0,7500.0,7400.0,7450.0,4594.12255859375,9709000,0.0,0.0,yfinance_raw_daily
2013-04-03,7450.0,7550.0,7450.0,7550.0,4655.78857421875,10214500,0.0,0.0,yfinance_raw_daily
2013-04-04,7550.0,7550.0,7400.0,7450.0,4594.12255859375,15463500,0.0,0.0,yfinance_raw_daily
2013-04-05,7500.0,7500.0,7300.0,7300.0,4501.623046875,18868500,0.0,0.0,yfinance_raw_daily
2013-04-08,7300.0,7300.0,7200.0,7250.0,4470.79052734375,14877000,0.0,0.0,yfinance_raw_daily
2013-04-09,7300.0,7500.0,7250.0,7500.0,4624.95556640625,10530000,0.0,0.0,yfinance_raw_daily
2013-04-10,7450.0,7500.0,7350.0,7500.0,4624.95556640625,5835000,0.0,0.0,yfinance_raw_daily
2013-04-11,7400.0,7500.0,7350.0,7500.0,4624.95556640625,5284000,0.0,0.0,yfinance_raw_daily
2013-04-12,7400.0,7500.0,7350.0,7400.0,4563.28955078125,6107000,0.0,0.0,yfinance_raw_daily
2013-04-15,7350.0,7500.0,7300.0,7400.0,4563.28955078125,8328500,0.0,0.0,yfinance_raw_daily
2013-04-16,7300.0,7500.0,7300.0,7450.0,4594.12255859375,5208000,0.0,0.0,yfinance_raw_daily
2013-04-17,7500.0,7550.0,7450.0,7500.0,4624.95556640625,7328000,0.0,0.0,yfinance_raw_daily
2013-04-18,7550.0,7550.0,7450.0,7500.0,4624.95556640625,5452500,0.0,0.0,yfinance_raw_daily
2013-04-19,7450.0,7500.0,7350.0,7400.0,4563.28955078125,7378000,0.0,0.0,yfinance_raw_daily
2013-04-22,7450.0,7450.0,7350.0,7350.0,4532.4560546875,3518000,0.0,0.0,yfinance_raw_daily
2013-04-23,7450.0,7500.0,7350.0,7500.0,4624.95556640625,8858000,0.0,0.0,yfinance_raw_daily
2013-04-24,7550.0,7550.0,7450.0,7550.0,4655.78857421875,12782000,0.0,0.0,yfinance_raw_daily
2013-04-25,7550.0,7600.0,7450.0,7550.0,4655.78857421875,10706000,0.0,0.0,yfinance_raw_daily
2013-04-26,7550.0,7550.0,7350.0,7500.0,4624.95556640625,11141500,0.0,0.0,yfinance_raw_daily
2013-04-29,7450.0,7450.0,7400.0,7450.0,4594.12255859375,6173000,0.0,0.0,yfinance_raw_daily
2013-04-30,7350.0,7400.0,7250.0,7350.0,4532.4560546875,23241000,0.0,0.0,yfinance_raw_daily
2013-05-01,7300.0,7400.0,7250.0,7400.0,4563.28955078125,7377000,0.0,0.0,yfinance_raw_daily
2013-05-02,7400.0,7400.0,7300.0,7350.0,4532.4560546875,9517500,0.0,0.0,yfinance_raw_daily
2013-05-03,7350.0,7350.0,7150.0,7250.0,4470.79052734375,12548500,0.0,0.0,yfinance_raw_daily
2013-05-06,7250.0,7450.0,7250.0,7400.0,4563.28955078125,5868000,0.0,0.0,yfinance_raw_daily
2013-05-07,7300.0,7400.0,7300.0,7300.0,4501.623046875,7303500,0.0,0.0,yfinance_raw_daily
2013-05-08,7400.0,7400.0,7300.0,7350.0,4532.4560546875,10360000,0.0,0.0,yfinance_raw_daily
2013-05-10,7250.0,7300.0,7100.0,7200.0,4439.95703125,16459000,0.0,0.0,yfinance_raw_daily
2013-05-13,7250.0,7250.0,7050.0,7050.0,4347.45751953125,20167000,0.0,0.0,yfinance_raw_daily
2013-05-14,7050.0,7250.0,7000.0,7250.0,4470.79052734375,12537500,0.0,0.0,yfinance_raw_daily
2013-05-15,7250.0,7300.0,7200.0,7250.0,4470.79052734375,8118500,0.0,0.0,yfinance_raw_daily
2013-05-16,7350.0,7500.0,7250.0,7400.0,4563.28955078125,22907000,0.0,0.0,yfinance_raw_daily
2013-05-17,7450.0,7500.0,7400.0,7450.0,4594.12255859375,11804500,0.0,0.0,yfinance_raw_daily
2013-05-20,7450.0,7800.0,7450.0,7800.0,4809.953125,49707500,0.0,0.0,yfinance_raw_daily
2013-05-21,7800.0,7850.0,7600.0,7600.0,4686.62109375,9608000,0.0,0.0,yfinance_raw_daily
2013-05-22,7550.0,7650.0,7400.0,7650.0,4717.4541015625,15397500,0.0,0.0,yfinance_raw_daily
2013-05-23,7550.0,7550.0,7400.0,7550.0,4655.78857421875,19406500,0.0,0.0,yfinance_raw_daily
2013-05-24,7450.0,7550.0,7400.0,7500.0,4624.95556640625,8245500,0.0,0.0,yfinance_raw_daily
2013-05-27,7400.0,7450.0,7300.0,7300.0,4501.623046875,12797500,0.0,0.0,yfinance_raw_daily
2013-05-28,7200.0,7500.0,7200.0,7450.0,4594.12255859375,13120000,0.0,0.0,yfinance_raw_daily
2013-05-29,7450.0,7500.0,7350.0,7350.0,4532.4560546875,12682500,0.0,0.0,yfinance_raw_daily
2013-05-30,7350.0,7400.0,7250.0,7350.0,4532.4560546875,12595000,0.0,0.0,yfinance_raw_daily
2013-05-31,7400.0,7550.0,7300.0,7350.0,4532.4560546875,17569000,0.0,0.0,yfinance_raw_daily
2013-06-03,7200.0,7400.0,7100.0,7350.0,4532.4560546875,10287500,0.0,0.0,yfinance_raw_daily
2013-06-04,7300.0,7450.0,7250.0,7350.0,4532.4560546875,9414000,0.0,0.0,yfinance_raw_daily
2013-06-05,7300.0,7350.0,7250.0,7250.0,4470.79052734375,5462500,0.0,0.0,yfinance_raw_daily
2013-06-07,7200.0,7250.0,7050.0,7050.0,4347.45751953125,18064500,0.0,0.0,yfinance_raw_daily
2013-06-10,7200.0,7200.0,6700.0,6700.0,4131.62744140625,15224500,0.0,0.0,yfinance_raw_daily
2013-06-11,6600.0,6700.0,6200.0,6350.0,3915.795654296875,19625500,0.0,0.0,yfinance_raw_daily
2013-06-12,6300.0,7150.0,6150.0,6900.0,4254.958984375,11438000,0.0,0.0,yfinance_raw_daily
2013-06-13,6800.0,7150.0,6500.0,6800.0,4193.29296875,20042000,0.0,0.0,yfinance_raw_daily
2013-06-14,7000.0,7050.0,6850.0,6900.0,4254.958984375,16152500,0.0,0.0,yfinance_raw_daily
2013-06-17,6900.0,6950.0,6700.0,6850.0,4224.12548828125,10230500,0.0,0.0,yfinance_raw_daily
2013-06-18,6900.0,6950.0,6550.0,6650.0,4100.79345703125,20225500,0.0,0.0,yfinance_raw_daily
2013-06-19,6750.0,6800.0,6500.0,6550.0,4039.1279296875,10154500,0.0,0.0,yfinance_raw_daily
2013-06-20,6500.0,6550.0,6400.0,6450.0,3977.4619140625,13727000,0.0,0.0,yfinance_raw_daily
2013-06-21,6400.0,6650.0,6250.0,6300.0,3884.962890625,22157500,0.0,0.0,yfinance_raw_daily
2013-06-24,6200.0,6550.0,6200.0,6350.0,3915.795654296875,4956500,0.0,0.0,yfinance_raw_daily
2013-06-25,6500.0,6650.0,6200.0,6350.0,3915.795654296875,13588000,0.0,0.0,yfinance_raw_daily
2013-06-26,6500.0,6900.0,6500.0,6900.0,4254.958984375,14187500,0.0,0.0,yfinance_raw_daily
2013-06-27,7050.0,7150.0,6850.0,7050.0,4347.45751953125,18381500,0.0,0.0,yfinance_raw_daily
2013-06-28,7200.0,7400.0,7150.0,7350.0,4532.4560546875,21276500,0.0,0.0,yfinance_raw_daily
2013-07-01,7350.0,7400.0,6850.0,6850.0,4224.12548828125,8128000,0.0,0.0,yfinance_raw_daily
2013-07-02,7000.0,7100.0,6950.0,7000.0,4316.625,11343500,0.0,0.0,yfinance_raw_daily
2013-07-03,6950.0,7200.0,6900.0,7200.0,4439.95703125,13511000,0.0,0.0,yfinance_raw_daily
2013-07-04,7150.0,7200.0,7000.0,7050.0,4347.45751953125,6680000,0.0,0.0,yfinance_raw_daily
2013-07-05,7100.0,7300.0,7050.0,7050.0,4347.45751953125,8034000,0.0,0.0,yfinance_raw_daily
2013-07-08,7050.0,7050.0,6600.0,6600.0,4069.960205078125,10572000,0.0,0.0,yfinance_raw_daily
2013-07-09,6700.0,6750.0,6450.0,6550.0,4039.1279296875,11625000,0.0,0.0,yfinance_raw_daily
2013-07-10,6650.0,6850.0,6600.0,6850.0,4224.12548828125,4793000,0.0,0.0,yfinance_raw_daily
2013-07-11,6850.0,7050.0,6850.0,7000.0,4316.625,16695500,0.0,0.0,yfinance_raw_daily
2013-07-12,7100.0,7200.0,6900.0,7050.0,4347.45751953125,9272000,0.0,0.0,yfinance_raw_daily
2013-07-15,7100.0,7150.0,7000.0,7150.0,4409.12451171875,4454500,0.0,0.0,yfinance_raw_daily
2013-07-16,7100.0,7200.0,7050.0,7100.0,4378.291015625,5542500,0.0,0.0,yfinance_raw_daily
2013-07-17,7200.0,7300.0,7100.0,7250.0,4470.79052734375,7999500,0.0,0.0,yfinance_raw_daily
2013-07-18,7150.0,7200.0,7050.0,7200.0,4556.2197265625,8443500,185.0,0.0,yfinance_raw_daily
2013-07-19,7200.0,7300.0,7100.0,7300.0,4619.49951171875,5363500,0.0,0.0,yfinance_raw_daily
2013-07-22,7250.0,7250.0,7100.0,7100.0,4492.93798828125,2469500,0.0,0.0,yfinance_raw_daily
2013-07-23,7100.0,7200.0,7050.0,7100.0,4492.93798828125,6292000,0.0,0.0,yfinance_raw_daily
2013-07-24,7100.0,7150.0,6650.0,6700.0,4239.81591796875,16952500,0.0,0.0,yfinance_raw_daily
2013-07-25,6650.0,6850.0,6650.0,6700.0,4239.81591796875,7755500,0.0,0.0,yfinance_raw_daily
2013-07-26,6700.0,6800.0,6700.0,6700.0,4239.81591796875,5489500,0.0,0.0,yfinance_raw_daily
2013-07-29,6700.0,6800.0,6650.0,6700.0,4239.81591796875,3862500,0.0,0.0,yfinance_raw_daily
2013-07-30,6800.0,6850.0,6750.0,6850.0,4334.736328125,4222500,0.0,0.0,yfinance_raw_daily
2013-07-31,6850.0,6850.0,6500.0,6500.0,4113.25244140625,14783500,0.0,0.0,yfinance_raw_daily
2013-08-01,6700.0,6800.0,6600.0,6750.0,4271.455078125,5392500,0.0,0.0,yfinance_raw_daily
2013-08-02,6850.0,6850.0,6700.0,6800.0,4303.0966796875,5087500,0.0,0.0,yfinance_raw_daily
2013-08-12,6950.0,7050.0,6750.0,6750.0,4271.455078125,10144000,0.0,0.0,yfinance_raw_daily
2013-08-13,6750.0,6900.0,6750.0,6900.0,4366.37646484375,3463500,0.0,0.0,yfinance_raw_daily
2013-08-14,6950.0,7000.0,6850.0,6950.0,4398.01708984375,3427500,0.0,0.0,yfinance_raw_daily
2013-08-15,6850.0,6900.0,6800.0,6850.0,4334.736328125,3972500,0.0,0.0,yfinance_raw_daily
2013-08-16,6800.0,6800.0,6600.0,6700.0,4239.81591796875,6452500,0.0,0.0,yfinance_raw_daily
2013-08-19,6850.0,6850.0,6300.0,6350.0,4018.33154296875,7268000,0.0,0.0,yfinance_raw_daily
2013-08-20,6200.0,6400.0,5850.0,6150.0,3891.770751953125,15634000,0.0,0.0,yfinance_raw_daily
2013-08-21,6100.0,6300.0,6000.0,6050.0,3828.4892578125,10764000,0.0,0.0,yfinance_raw_daily
2013-08-22,6000.0,6600.0,5900.0,6200.0,3923.41064453125,15810500,0.0,0.0,yfinance_raw_daily
2013-08-23,6200.0,6450.0,6150.0,6250.0,3955.051025390625,9644500,0.0,0.0,yfinance_raw_daily
2013-08-26,6250.0,6600.0,5850.0,5900.0,3733.568359375,18446500,0.0,0.0,yfinance_raw_daily
2013-08-27,5900.0,5950.0,5700.0,5800.0,3670.288330078125,12386500,0.0,0.0,yfinance_raw_daily
2013-08-28,5750.0,5750.0,5350.0,5750.0,3638.646728515625,20462500,0.0,0.0,yfinance_raw_daily
2013-08-29,5800.0,6200.0,5600.0,6200.0,3923.41064453125,12721500,0.0,0.0,yfinance_raw_daily
2013-08-30,6200.0,6500.0,6100.0,6500.0,4113.25244140625,11094000,0.0,0.0,yfinance_raw_daily
2013-09-02,6450.0,6450.0,5750.0,5900.0,3733.568359375,16353500,0.0,0.0,yfinance_raw_daily
2013-09-03,5800.0,6000.0,5800.0,5900.0,3733.568359375,10314500,0.0,0.0,yfinance_raw_daily
2013-09-04,5950.0,5950.0,5800.0,5950.0,3765.208984375,4609500,0.0,0.0,yfinance_raw_daily
2013-09-05,6000.0,6100.0,5900.0,6000.0,3796.848876953125,7961500,0.0,0.0,yfinance_raw_daily
2013-09-06,5850.0,6100.0,5850.0,5950.0,3765.208984375,6613000,0.0,0.0,yfinance_raw_daily
2013-09-09,6100.0,6400.0,6050.0,6350.0,4018.33154296875,10925500,0.0,0.0,yfinance_raw_daily
2013-09-10,6400.0,6650.0,6400.0,6650.0,4208.17431640625,11932000,0.0,0.0,yfinance_raw_daily
2013-09-11,6700.0,6800.0,6550.0,6650.0,4208.17431640625,9935500,0.0,0.0,yfinance_raw_daily
2013-09-12,6600.0,6600.0,6450.0,6550.0,4144.89453125,4210000,0.0,0.0,yfinance_raw_daily
2013-09-13,6600.0,6650.0,6450.0,6500.0,4113.25244140625,6979500,0.0,0.0,yfinance_raw_daily
2013-09-16,6600.0,6750.0,6600.0,6750.0,4271.455078125,8585500,0.0,0.0,yfinance_raw_daily
2013-09-17,6750.0,6900.0,6700.0,6850.0,4334.736328125,12864000,0.0,0.0,yfinance_raw_daily
2013-09-18,6850.0,6850.0,6650.0,6700.0,4239.81591796875,3902000,0.0,0.0,yfinance_raw_daily
2013-09-19,7000.0,7200.0,6850.0,6850.0,4334.736328125,14916500,0.0,0.0,yfinance_raw_daily
2013-09-20,6750.0,6950.0,6750.0,6950.0,4398.01708984375,4129000,0.0,0.0,yfinance_raw_daily
2013-09-23,6800.0,6950.0,6700.0,6950.0,4398.01708984375,5440000,0.0,0.0,yfinance_raw_daily
2013-09-24,6950.0,7000.0,6600.0,6700.0,4239.81591796875,6886500,0.0,0.0,yfinance_raw_daily
2013-09-25,6450.0,6750.0,6450.0,6750.0,4271.455078125,5206000,0.0,0.0,yfinance_raw_daily
2013-09-26,6700.0,7000.0,6650.0,6800.0,4303.0966796875,11789000,0.0,0.0,yfinance_raw_daily
2013-09-27,6950.0,7100.0,6950.0,7050.0,4461.2978515625,12061500,0.0,0.0,yfinance_raw_daily
2013-09-30,7100.0,7100.0,6950.0,7050.0,4461.2978515625,18861000,0.0,0.0,yfinance_raw_daily
2013-10-01,7000.0,7000.0,6900.0,7000.0,4429.65771484375,4268000,0.0,0.0,yfinance_raw_daily
2013-10-02,6900.0,7000.0,6900.0,6950.0,4398.01708984375,5964000,0.0,0.0,yfinance_raw_daily
2013-10-03,6950.0,6950.0,6850.0,6900.0,4366.37646484375,1584500,0.0,0.0,yfinance_raw_daily
2013-10-04,6900.0,6900.0,6700.0,6700.0,4239.81591796875,2520500,0.0,0.0,yfinance_raw_daily
2013-10-07,6800.0,6900.0,6700.0,6750.0,4271.455078125,6060000,0.0,0.0,yfinance_raw_daily
2013-10-08,6700.0,6850.0,6650.0,6700.0,4239.81591796875,10837500,0.0,0.0,yfinance_raw_daily
2013-10-09,6650.0,6800.0,6650.0,6700.0,4239.81591796875,7175000,0.0,0.0,yfinance_raw_daily
2013-10-10,6800.0,6800.0,6600.0,6700.0,4239.81591796875,17313500,0.0,0.0,yfinance_raw_daily
2013-10-11,6750.0,7000.0,6750.0,7000.0,4429.65771484375,15534000,0.0,0.0,yfinance_raw_daily
2013-10-16,6900.0,7000.0,6850.0,6950.0,4398.01708984375,16115000,0.0,0.0,yfinance_raw_daily
2013-10-17,7000.0,7100.0,6900.0,7100.0,4492.93798828125,18284000,0.0,0.0,yfinance_raw_daily
2013-10-18,7150.0,7200.0,6950.0,7100.0,4492.93798828125,13971000,0.0,0.0,yfinance_raw_daily
2013-10-21,7150.0,7250.0,7050.0,7250.0,4587.859375,13004000,0.0,0.0,yfinance_raw_daily
2013-10-22,7150.0,7250.0,7050.0,7150.0,4524.57861328125,11154500,0.0,0.0,yfinance_raw_daily
2013-10-23,7200.0,7400.0,7100.0,7400.0,4682.7802734375,34939000,0.0,0.0,yfinance_raw_daily
2013-10-24,7250.0,7450.0,7250.0,7400.0,4682.7802734375,14122000,0.0,0.0,yfinance_raw_daily
2013-10-25,7350.0,7450.0,7350.0,7400.0,4682.7802734375,5162000,0.0,0.0,yfinance_raw_daily
2013-10-28,7300.0,7450.0,7250.0,7450.0,4714.42138671875,11350000,0.0,0.0,yfinance_raw_daily
2013-10-29,7300.0,7400.0,7200.0,7300.0,4619.49951171875,16013500,0.0,0.0,yfinance_raw_daily
2013-10-30,7250.0,7250.0,6850.0,6950.0,4398.01708984375,22185000,0.0,0.0,yfinance_raw_daily
2013-10-31,6900.0,6900.0,6600.0,6650.0,4208.17431640625,23701500,0.0,0.0,yfinance_raw_daily
2013-11-01,6600.0,6750.0,6500.0,6500.0,4113.25244140625,11625500,0.0,0.0,yfinance_raw_daily
2013-11-04,6600.0,6600.0,6450.0,6550.0,4144.89453125,6731000,0.0,0.0,yfinance_raw_daily
2013-11-06,6500.0,6650.0,6500.0,6650.0,4208.17431640625,9873500,0.0,0.0,yfinance_raw_daily
2013-11-07,6650.0,6800.0,6650.0,6750.0,4271.455078125,13678500,0.0,0.0,yfinance_raw_daily
2013-11-08,6750.0,6750.0,6600.0,6700.0,4239.81591796875,6494000,0.0,0.0,yfinance_raw_daily
2013-11-11,6650.0,6700.0,6500.0,6500.0,4113.25244140625,9967000,0.0,0.0,yfinance_raw_daily
2013-11-12,6550.0,6550.0,6250.0,6250.0,3955.051025390625,14720000,0.0,0.0,yfinance_raw_daily
2013-11-13,6200.0,6450.0,6200.0,6450.0,4081.61328125,18347000,0.0,0.0,yfinance_raw_daily
2013-11-14,6500.0,6650.0,6500.0,6550.0,4144.89453125,6994000,0.0,0.0,yfinance_raw_daily
2013-11-15,6650.0,6650.0,6500.0,6600.0,4176.53369140625,5620000,0.0,0.0,yfinance_raw_daily
2013-11-18,6550.0,6700.0,6550.0,6700.0,4239.81591796875,5620500,0.0,0.0,yfinance_raw_daily
2013-11-19,6800.0,6800.0,6700.0,6750.0,4271.455078125,10889000,0.0,0.0,yfinance_raw_daily
2013-11-20,6850.0,6850.0,6650.0,6750.0,4271.455078125,5968500,0.0,0.0,yfinance_raw_daily
2013-11-21,6650.0,6700.0,6550.0,6650.0,4208.17431640625,10070500,0.0,0.0,yfinance_raw_daily
2013-11-22,6650.0,6700.0,6550.0,6600.0,4176.53369140625,4024000,0.0,0.0,yfinance_raw_daily
2013-11-25,6600.0,6600.0,6500.0,6500.0,4113.25244140625,2267500,0.0,0.0,yfinance_raw_daily
2013-11-26,6500.0,6650.0,6400.0,6650.0,4208.17431640625,15957000,0.0,0.0,yfinance_raw_daily
2013-11-27,6700.0,6700.0,6550.0,6700.0,4239.81591796875,6623000,0.0,0.0,yfinance_raw_daily
2013-11-28,6750.0,6750.0,6600.0,6650.0,4208.17431640625,3336000,0.0,0.0,yfinance_raw_daily
2013-11-29,6650.0,6650.0,6600.0,6650.0,4208.17431640625,2760500,0.0,0.0,yfinance_raw_daily
2013-12-02,6700.0,6700.0,6550.0,6700.0,4239.81591796875,5287500,0.0,0.0,yfinance_raw_daily
2013-12-03,6650.0,6750.0,6550.0,6650.0,4208.17431640625,6254500,0.0,0.0,yfinance_raw_daily
2013-12-04,6650.0,6650.0,6550.0,6600.0,4176.53369140625,7497500,0.0,0.0,yfinance_raw_daily
2013-12-05,6650.0,6650.0,6450.0,6500.0,4113.25244140625,7298000,0.0,0.0,yfinance_raw_daily
2013-12-06,6400.0,6600.0,6250.0,6500.0,4113.25244140625,6708500,0.0,0.0,yfinance_raw_daily
2013-12-09,6500.0,6800.0,6500.0,6700.0,4239.81591796875,9281000,0.0,0.0,yfinance_raw_daily
2013-12-10,6700.0,6850.0,6650.0,6800.0,4303.0966796875,13453500,0.0,0.0,yfinance_raw_daily
2013-12-11,6700.0,6800.0,6550.0,6700.0,4239.81591796875,9176000,0.0,0.0,yfinance_raw_daily
2013-12-12,6500.0,6600.0,6500.0,6500.0,4113.25244140625,8460500,0.0,0.0,yfinance_raw_daily
2013-12-13,6600.0,6650.0,6450.0,6600.0,4176.53369140625,7856500,0.0,0.0,yfinance_raw_daily
2013-12-16,6500.0,6600.0,6400.0,6500.0,4113.25244140625,10101500,0.0,0.0,yfinance_raw_daily
2013-12-17,6400.0,6650.0,6400.0,6600.0,4176.53369140625,10414000,0.0,0.0,yfinance_raw_daily
2013-12-18,6500.0,6650.0,6500.0,6600.0,4176.53369140625,16416500,0.0,0.0,yfinance_raw_daily
2013-12-19,6600.0,6700.0,6550.0,6550.0,4144.89453125,12610500,0.0,0.0,yfinance_raw_daily
2013-12-20,6650.0,6650.0,6450.0,6450.0,4081.61328125,6246000,0.0,0.0,yfinance_raw_daily
2013-12-23,6450.0,6500.0,6400.0,6450.0,4081.61328125,3206500,0.0,0.0,yfinance_raw_daily
2013-12-24,6500.0,6500.0,6450.0,6500.0,4113.25244140625,1000000,0.0,0.0,yfinance_raw_daily
2013-12-27,6650.0,6650.0,6450.0,6450.0,4081.61328125,5641000,0.0,0.0,yfinance_raw_daily
2013-12-30,6550.0,6600.0,6450.0,6600.0,4176.53369140625,5978000,0.0,0.0,yfinance_raw_daily
2014-01-02,6650.0,6700.0,6600.0,6700.0,4239.81591796875,1940000,0.0,0.0,yfinance_raw_daily
2014-01-03,6600.0,6750.0,6550.0,6700.0,4239.81591796875,6471000,0.0,0.0,yfinance_raw_daily
2014-01-06,6600.0,6700.0,6600.0,6675.0,4223.994140625,3571300,0.0,0.0,yfinance_raw_daily
2014-01-07,6600.0,6700.0,6600.0,6625.0,4192.3544921875,5572200,0.0,0.0,yfinance_raw_daily
2014-01-08,6600.0,6725.0,6550.0,6700.0,4239.81591796875,6745300,0.0,0.0,yfinance_raw_daily
2014-01-09,6600.0,6650.0,6575.0,6575.0,4160.71435546875,6128600,0.0,0.0,yfinance_raw_daily
2014-01-10,6550.0,6725.0,6550.0,6675.0,4223.994140625,7651400,0.0,0.0,yfinance_raw_daily
2014-01-13,6725.0,6775.0,6675.0,6725.0,4255.63525390625,11008500,0.0,0.0,yfinance_raw_daily
2014-01-15,6725.0,6775.0,6650.0,6675.0,4223.994140625,10759300,0.0,0.0,yfinance_raw_daily
2014-01-16,6700.0,6825.0,6675.0,6725.0,4255.63525390625,8321400,0.0,0.0,yfinance_raw_daily
2014-01-17,6675.0,6700.0,6625.0,6675.0,4223.994140625,6225500,0.0,0.0,yfinance_raw_daily
2014-01-20,6675.0,6750.0,6650.0,6750.0,4271.455078125,2849500,0.0,0.0,yfinance_raw_daily
2014-01-21,6750.0,6800.0,6750.0,6775.0,4287.275390625,5653700,0.0,0.0,yfinance_raw_daily
2014-01-22,6800.0,7175.0,6750.0,7175.0,4540.3984375,33180900,0.0,0.0,yfinance_raw_daily
2014-01-23,7200.0,7350.0,7175.0,7275.0,4603.6796875,23596100,0.0,0.0,yfinance_raw_daily
2014-01-24,7275.0,7300.0,7225.0,7275.0,4603.6796875,11041400,0.0,0.0,yfinance_raw_daily
2014-01-27,6850.0,7025.0,6850.0,6950.0,4398.01708984375,8042800,0.0,0.0,yfinance_raw_daily
2014-01-28,6950.0,7075.0,6925.0,6950.0,4398.01708984375,8509500,0.0,0.0,yfinance_raw_daily
2014-01-29,6925.0,7050.0,6925.0,6925.0,4382.19775390625,10223800,0.0,0.0,yfinance_raw_daily
2014-01-30,6850.0,6975.0,6800.0,6975.0,4413.8369140625,6115700,0.0,0.0,yfinance_raw_daily
2014-02-03,6975.0,6975.0,6850.0,6925.0,4382.19775390625,3630500,0.0,0.0,yfinance_raw_daily
2014-02-04,6825.0,6925.0,6825.0,6825.0,4318.91650390625,6228600,0.0,0.0,yfinance_raw_daily
2014-02-05,6825.0,6925.0,6825.0,6875.0,4350.55615234375,3761600,0.0,0.0,yfinance_raw_daily
2014-02-06,6900.0,7050.0,6900.0,7025.0,4445.47802734375,8175500,0.0,0.0,yfinance_raw_daily
2014-02-07,7075.0,7125.0,7050.0,7050.0,4461.2978515625,5762300,0.0,0.0,yfinance_raw_daily
2014-02-10,7050.0,7100.0,6975.0,7050.0,4461.2978515625,6808200,0.0,0.0,yfinance_raw_daily
2014-02-11,7000.0,7050.0,6900.0,6900.0,4366.37646484375,6698800,0.0,0.0,yfinance_raw_daily
2014-02-12,6950.0,7025.0,6950.0,7000.0,4429.65771484375,7176500,0.0,0.0,yfinance_raw_daily
2014-02-13,6950.0,7025.0,6950.0,6975.0,4413.8369140625,5190700,0.0,0.0,yfinance_raw_daily
2014-02-14,7025.0,7025.0,6975.0,7000.0,4429.65771484375,2213900,0.0,0.0,yfinance_raw_daily
2014-02-17,7025.0,7075.0,7000.0,7025.0,4445.47802734375,5322700,0.0,0.0,yfinance_raw_daily
2014-02-18,7050.0,7050.0,6975.0,7000.0,4429.65771484375,1814000,0.0,0.0,yfinance_raw_daily
2014-02-19,7000.0,7025.0,6950.0,7000.0,4429.65771484375,8366500,0.0,0.0,yfinance_raw_daily
2014-02-20,6950.0,7000.0,6925.0,7000.0,4429.65771484375,8700400,0.0,0.0,yfinance_raw_daily
2014-02-21,7050.0,7075.0,6975.0,7050.0,4461.2978515625,5059300,0.0,0.0,yfinance_raw_daily
2014-02-24,7000.0,7075.0,6975.0,6975.0,4413.8369140625,4710200,0.0,0.0,yfinance_raw_daily
2014-02-25,7000.0,7050.0,6925.0,6975.0,4413.8369140625,5566600,0.0,0.0,yfinance_raw_daily
2014-02-26,7000.0,7000.0,6925.0,6950.0,4398.01708984375,9550300,0.0,0.0,yfinance_raw_daily
2014-02-27,6925.0,7025.0,6900.0,7025.0,4445.47802734375,4008600,0.0,0.0,yfinance_raw_daily
2014-02-28,7050.0,7175.0,7025.0,7175.0,4540.3984375,34222800,0.0,0.0,yfinance_raw_daily
2014-03-03,7100.0,7150.0,7075.0,7150.0,4524.57861328125,7955600,0.0,0.0,yfinance_raw_daily
2014-03-04,7150.0,7175.0,7075.0,7125.0,4508.75830078125,9724800,0.0,0.0,yfinance_raw_daily
2014-03-05,7100.0,7225.0,7100.0,7225.0,4572.0390625,19835800,0.0,0.0,yfinance_raw_daily
2014-03-06,7250.0,7400.0,7200.0,7400.0,4682.7802734375,20671000,0.0,0.0,yfinance_raw_daily
2014-03-07,7325.0,7450.0,7325.0,7425.0,4698.60107421875,11366500,0.0,0.0,yfinance_raw_daily
2014-03-10,7425.0,7425.0,7350.0,7400.0,4682.7802734375,6726900,0.0,0.0,yfinance_raw_daily
2014-03-11,7300.0,7500.0,7275.0,7500.0,4746.06103515625,19553000,0.0,0.0,yfinance_raw_daily
2014-03-12,7300.0,7600.0,7300.0,7550.0,4777.70263671875,11699000,0.0,0.0,yfinance_raw_daily
2014-03-13,7575.0,7700.0,7525.0,7700.0,4872.6240234375,19130500,0.0,0.0,yfinance_raw_daily
2014-03-14,7525.0,7750.0,7500.0,7750.0,4904.263671875,10767900,0.0,0.0,yfinance_raw_daily
2014-03-17,7750.0,7750.0,7750.0,7750.0,4904.263671875,11899600,0.0,0.0,yfinance_raw_daily
2014-03-18,7600.0,7675.0,7400.0,7500.0,4746.06103515625,9165600,0.0,0.0,yfinance_raw_daily
2014-03-19,7500.0,7550.0,7400.0,7475.0,4730.2421875,11627200,0.0,0.0,yfinance_raw_daily
2014-03-20,7350.0,7425.0,7150.0,7225.0,4572.0390625,16617900,0.0,0.0,yfinance_raw_daily
2014-03-21,7225.0,7325.0,7200.0,7325.0,4635.32080078125,9641400,0.0,0.0,yfinance_raw_daily
2014-03-24,7300.0,7300.0,7050.0,7050.0,4461.2978515625,10399800,0.0,0.0,yfinance_raw_daily
2014-03-25,7025.0,7050.0,6900.0,7025.0,4445.47802734375,11650700,0.0,0.0,yfinance_raw_daily
2014-03-26,7050.0,7175.0,7050.0,7075.0,4477.11865234375,13924900,0.0,0.0,yfinance_raw_daily
2014-03-27,7050.0,7275.0,7050.0,7250.0,4587.859375,12347400,0.0,0.0,yfinance_raw_daily
2014-03-28,7275.0,7325.0,7200.0,7300.0,4619.49951171875,13483800,0.0,0.0,yfinance_raw_daily
2014-04-01,7350.0,7425.0,7325.0,7425.0,4698.60107421875,18165200,0.0,0.0,yfinance_raw_daily
2014-04-02,7425.0,7475.0,7350.0,7400.0,4682.7802734375,13399700,0.0,0.0,yfinance_raw_daily
2014-04-03,7450.0,7450.0,7250.0,7300.0,4619.49951171875,11014300,0.0,0.0,yfinance_raw_daily
2014-04-04,7275.0,7300.0,7125.0,7150.0,4524.57861328125,13450000,0.0,0.0,yfinance_raw_daily
2014-04-07,7100.0,7275.0,7100.0,7225.0,4572.0390625,9005200,0.0,0.0,yfinance_raw_daily
2014-04-08,7225.0,7275.0,7100.0,7175.0,4540.3984375,11591600,0.0,0.0,yfinance_raw_daily
2014-04-09,7175.0,7175.0,7175.0,7175.0,4540.3984375,0,0.0,0.0,yfinance_raw_daily
2014-04-10,7150.0,7150.0,6925.0,7025.0,4445.47802734375,19043000,0.0,0.0,yfinance_raw_daily
2014-04-11,6950.0,7200.0,6950.0,7200.0,4556.2197265625,6818900,0.0,0.0,yfinance_raw_daily
2014-04-14,7200.0,7225.0,7150.0,7225.0,4572.0390625,4566400,0.0,0.0,yfinance_raw_daily
2014-04-15,7275.0,7300.0,7150.0,7150.0,4524.57861328125,5664200,0.0,0.0,yfinance_raw_daily
2014-04-16,7150.0,7250.0,7025.0,7050.0,4461.2978515625,19566400,0.0,0.0,yfinance_raw_daily
2014-04-17,7100.0,7200.0,7050.0,7200.0,4556.2197265625,6386300,0.0,0.0,yfinance_raw_daily
2014-04-21,7250.0,7250.0,7150.0,7175.0,4540.3984375,4496200,0.0,0.0,yfinance_raw_daily
2014-04-22,7200.0,7225.0,7125.0,7225.0,4572.0390625,5440700,0.0,0.0,yfinance_raw_daily
2014-04-23,7225.0,7250.0,7150.0,7150.0,4524.57861328125,5534300,0.0,0.0,yfinance_raw_daily
2014-04-24,7175.0,7200.0,7100.0,7200.0,4556.2197265625,7079600,0.0,0.0,yfinance_raw_daily
2014-04-25,7125.0,7200.0,7125.0,7150.0,4524.57861328125,6367300,0.0,0.0,yfinance_raw_daily
2014-04-28,7125.0,7200.0,7000.0,7000.0,4429.65771484375,16204400,0.0,0.0,yfinance_raw_daily
2014-04-29,7000.0,7050.0,6900.0,7025.0,4445.47802734375,10008400,0.0,0.0,yfinance_raw_daily
2014-04-30,7100.0,7175.0,7025.0,7050.0,4461.2978515625,15409100,0.0,0.0,yfinance_raw_daily
2014-05-02,7100.0,7150.0,7025.0,7050.0,4461.2978515625,4726700,0.0,0.0,yfinance_raw_daily
2014-05-05,7100.0,7125.0,7025.0,7025.0,4445.47802734375,4341800,0.0,0.0,yfinance_raw_daily
2014-05-06,7050.0,7100.0,7025.0,7025.0,4445.47802734375,3317300,0.0,0.0,yfinance_raw_daily
2014-05-07,7000.0,7100.0,7000.0,7025.0,4445.47802734375,10866500,0.0,0.0,yfinance_raw_daily
2014-05-08,7050.0,7075.0,7025.0,7025.0,4445.47802734375,11869700,0.0,0.0,yfinance_raw_daily
2014-05-09,7050.0,7050.0,7025.0,7050.0,4461.2978515625,4762800,0.0,0.0,yfinance_raw_daily
2014-05-12,7050.0,7125.0,7050.0,7075.0,4477.11865234375,10655400,0.0,0.0,yfinance_raw_daily
2014-05-13,7075.0,7125.0,7025.0,7050.0,4461.2978515625,11340800,0.0,0.0,yfinance_raw_daily
2014-05-14,7125.0,7125.0,7050.0,7050.0,4461.2978515625,18141400,0.0,0.0,yfinance_raw_daily
2014-05-16,7050.0,7100.0,7025.0,7100.0,4492.93798828125,18877900,0.0,0.0,yfinance_raw_daily
2014-05-19,7025.0,7150.0,7000.0,7025.0,4445.47802734375,22556200,0.0,0.0,yfinance_raw_daily
2014-05-20,6775.0,7050.0,6725.0,6775.0,4287.275390625,26241900,0.0,0.0,yfinance_raw_daily
2014-05-21,6750.0,6825.0,6725.0,6750.0,4271.455078125,18794300,0.0,0.0,yfinance_raw_daily
2014-05-22,6775.0,6875.0,6725.0,6775.0,4287.275390625,21590400,0.0,0.0,yfinance_raw_daily
2014-05-23,6700.0,6800.0,6700.0,6700.0,4239.81591796875,22583400,0.0,0.0,yfinance_raw_daily
2014-05-26,6775.0,6775.0,6725.0,6775.0,4287.275390625,6575700,0.0,0.0,yfinance_raw_daily
2014-05-28,6800.0,6825.0,6725.0,6800.0,4303.0966796875,10813200,0.0,0.0,yfinance_raw_daily
2014-05-30,6825.0,6850.0,6725.0,6825.0,4318.91650390625,16233500,0.0,0.0,yfinance_raw_daily
2014-06-02,6875.0,6875.0,6750.0,6875.0,4350.55615234375,10109800,0.0,0.0,yfinance_raw_daily
2014-06-03,6950.0,6950.0,6825.0,6950.0,4398.01708984375,9861700,0.0,0.0,yfinance_raw_daily
2014-06-04,6900.0,6950.0,6875.0,6900.0,4366.37646484375,7472000,0.0,0.0,yfinance_raw_daily
2014-06-05,6925.0,6925.0,6825.0,6850.0,4334.736328125,8278100,0.0,0.0,yfinance_raw_daily
2014-06-06,6800.0,6875.0,6800.0,6800.0,4303.0966796875,9328800,0.0,0.0,yfinance_raw_daily
2014-06-09,6800.0,6850.0,6750.0,6800.0,4303.0966796875,6422900,0.0,0.0,yfinance_raw_daily
2014-06-10,6850.0,6850.0,6750.0,6850.0,4334.736328125,11451600,0.0,0.0,yfinance_raw_daily
2014-06-11,6900.0,6900.0,6825.0,6900.0,4366.37646484375,7756100,0.0,0.0,yfinance_raw_daily
2014-06-12,6875.0,6925.0,6850.0,6875.0,4350.55615234375,5955900,0.0,0.0,yfinance_raw_daily
2014-06-13,6875.0,6900.0,6825.0,6875.0,4350.55615234375,5418800,0.0,0.0,yfinance_raw_daily
2014-06-16,6800.0,6900.0,6800.0,6800.0,4303.0966796875,7481800,0.0,0.0,yfinance_raw_daily
2014-06-17,6825.0,6850.0,6775.0,6825.0,4318.91650390625,4563200,0.0,0.0,yfinance_raw_daily
2014-06-18,6825.0,6850.0,6750.0,6825.0,4318.91650390625,8430800,0.0,0.0,yfinance_raw_daily
2014-06-19,6825.0,6825.0,6775.0,6825.0,4318.91650390625,9206100,0.0,0.0,yfinance_raw_daily
2014-06-20,6825.0,6850.0,6775.0,6825.0,4318.91650390625,10185200,0.0,0.0,yfinance_raw_daily
2014-06-23,6825.0,6825.0,6800.0,6825.0,4318.91650390625,1872800,0.0,0.0,yfinance_raw_daily
2014-06-24,6825.0,6850.0,6800.0,6825.0,4318.91650390625,5846800,0.0,0.0,yfinance_raw_daily
2014-06-25,6775.0,6825.0,6775.0,6775.0,4287.275390625,6488600,0.0,0.0,yfinance_raw_daily
2014-06-26,6825.0,6825.0,6750.0,6825.0,4318.91650390625,7647600,0.0,0.0,yfinance_raw_daily
2014-06-27,6800.0,6850.0,6725.0,6800.0,4303.0966796875,6838800,0.0,0.0,yfinance_raw_daily
2014-06-30,6700.0,6825.0,6700.0,6700.0,4239.81591796875,17129600,0.0,0.0,yfinance_raw_daily
2014-07-01,6750.0,6775.0,6700.0,6750.0,4271.455078125,4915700,0.0,0.0,yfinance_raw_daily
2014-07-02,6825.0,6825.0,6725.0,6825.0,4318.91650390625,5126800,0.0,0.0,yfinance_raw_daily
2014-07-03,6825.0,6850.0,6800.0,6825.0,4318.91650390625,4123800,0.0,0.0,yfinance_raw_daily
2014-07-04,6800.0,6850.0,6800.0,6800.0,4303.0966796875,4543600,0.0,0.0,yfinance_raw_daily
2014-07-07,6900.0,6925.0,6800.0,6900.0,4366.37646484375,11264000,0.0,0.0,yfinance_raw_daily
2014-07-08,6900.0,6975.0,6875.0,6900.0,4366.37646484375,14840000,0.0,0.0,yfinance_raw_daily
2014-07-09,6900.0,6900.0,6900.0,6900.0,4366.37646484375,0,0.0,0.0,yfinance_raw_daily
2014-07-10,7075.0,7150.0,6900.0,7075.0,4477.11865234375,29977800,0.0,0.0,yfinance_raw_daily
2014-07-11,7100.0,7150.0,7025.0,7100.0,4492.93798828125,20559500,0.0,0.0,yfinance_raw_daily
2014-07-14,7050.0,7125.0,7025.0,7050.0,4461.2978515625,10301700,0.0,0.0,yfinance_raw_daily
2014-07-15,7050.0,7075.0,7000.0,7050.0,4461.2978515625,8744300,0.0,0.0,yfinance_raw_daily
2014-07-16,7075.0,7100.0,6950.0,7075.0,4569.1494140625,17407500,142.0,0.0,yfinance_raw_daily
2014-07-17,6975.0,7100.0,6950.0,6975.0,4504.5673828125,10091100,0.0,0.0,yfinance_raw_daily
2014-07-18,7075.0,7075.0,6900.0,7075.0,4569.1494140625,7895100,0.0,0.0,yfinance_raw_daily
2014-07-21,7050.0,7100.0,7050.0,7050.0,4553.00390625,6633100,0.0,0.0,yfinance_raw_daily
2014-07-22,7000.0,7100.0,6925.0,7000.0,4520.712890625,15215500,0.0,0.0,yfinance_raw_daily
2014-07-23,7050.0,7100.0,6975.0,7050.0,4553.00390625,7495200,0.0,0.0,yfinance_raw_daily
2014-07-24,7075.0,7100.0,7050.0,7075.0,4569.1494140625,6567500,0.0,0.0,yfinance_raw_daily
2014-07-25,7075.0,7100.0,7025.0,7075.0,4569.1494140625,7128700,0.0,0.0,yfinance_raw_daily
2014-08-04,7175.0,7175.0,6950.0,7175.0,4633.73046875,9912900,0.0,0.0,yfinance_raw_daily
2014-08-05,7075.0,7200.0,7050.0,7075.0,4569.1494140625,7309800,0.0,0.0,yfinance_raw_daily
2014-08-06,7050.0,7050.0,6975.0,7050.0,4553.00390625,7144800,0.0,0.0,yfinance_raw_daily
2014-08-07,7000.0,7050.0,6925.0,7000.0,4520.712890625,8834700,0.0,0.0,yfinance_raw_daily
2014-08-08,6975.0,7000.0,6950.0,6975.0,4504.5673828125,4590000,0.0,0.0,yfinance_raw_daily
2014-08-11,7075.0,7075.0,7000.0,7075.0,4569.1494140625,5624100,0.0,0.0,yfinance_raw_daily
2014-08-12,7100.0,7100.0,7025.0,7100.0,4585.29443359375,5157500,0.0,0.0,yfinance_raw_daily
2014-08-13,7125.0,7125.0,7075.0,7125.0,4601.43994140625,6771600,0.0,0.0,yfinance_raw_daily
2014-08-14,7150.0,7150.0,7075.0,7150.0,4617.58544921875,5091300,0.0,0.0,yfinance_raw_daily
2014-08-15,7100.0,7150.0,7075.0,7100.0,4585.29443359375,2613100,0.0,0.0,yfinance_raw_daily
2014-08-18,7125.0,7125.0,7075.0,7125.0,4601.43994140625,5302800,0.0,0.0,yfinance_raw_daily
2014-08-19,7000.0,7125.0,7000.0,7000.0,4520.712890625,6954800,0.0,0.0,yfinance_raw_daily
2014-08-20,7075.0,7075.0,7000.0,7075.0,4569.1494140625,4337600,0.0,0.0,yfinance_raw_daily
2014-08-21,7125.0,7125.0,6975.0,7125.0,4601.43994140625,7370800,0.0,0.0,yfinance_raw_daily
2014-08-22,7100.0,7125.0,7025.0,7100.0,4585.29443359375,4190800,0.0,0.0,yfinance_raw_daily
2014-08-25,7075.0,7100.0,7025.0,7075.0,4569.1494140625,3818600,0.0,0.0,yfinance_raw_daily
2014-08-26,7000.0,7050.0,6950.0,7000.0,4520.712890625,15680300,0.0,0.0,yfinance_raw_daily
2014-08-27,6950.0,7025.0,6950.0,6950.0,4488.421875,16168100,0.0,0.0,yfinance_raw_daily
2014-08-28,6950.0,7025.0,6950.0,6950.0,4488.421875,14768300,0.0,0.0,yfinance_raw_daily
2014-08-29,6875.0,7050.0,6875.0,6875.0,4439.98583984375,10824700,0.0,0.0,yfinance_raw_daily
2014-09-01,7025.0,7025.0,6925.0,7025.0,4536.85888671875,10715800,0.0,0.0,yfinance_raw_daily
2014-09-02,7025.0,7050.0,7000.0,7025.0,4536.85888671875,5669400,0.0,0.0,yfinance_raw_daily
2014-09-03,7075.0,7075.0,7025.0,7075.0,4569.1494140625,4708300,0.0,0.0,yfinance_raw_daily
2014-09-04,7025.0,7100.0,7025.0,7025.0,4536.85888671875,6623100,0.0,0.0,yfinance_raw_daily
2014-09-05,6975.0,7050.0,6975.0,6975.0,4504.5673828125,12305000,0.0,0.0,yfinance_raw_daily
2014-09-08,7000.0,7075.0,7000.0,7000.0,4520.712890625,9283600,0.0,0.0,yfinance_raw_daily
2014-09-09,7000.0,7050.0,6950.0,7000.0,4520.712890625,9626300,0.0,0.0,yfinance_raw_daily
2014-09-10,6950.0,7025.0,6925.0,6950.0,4488.421875,10907600,0.0,0.0,yfinance_raw_daily
2014-09-11,6950.0,7000.0,6925.0,6950.0,4488.421875,7303500,0.0,0.0,yfinance_raw_daily
2014-09-12,7050.0,7050.0,6850.0,7050.0,4553.00390625,11857200,0.0,0.0,yfinance_raw_daily
2014-09-15,7025.0,7050.0,6975.0,7025.0,4536.85888671875,4874300,0.0,0.0,yfinance_raw_daily
2014-09-16,6975.0,7075.0,6950.0,6975.0,4504.5673828125,7087400,0.0,0.0,yfinance_raw_daily
2014-09-17,7075.0,7075.0,7000.0,7075.0,4569.1494140625,10596900,0.0,0.0,yfinance_raw_daily
2014-09-18,7100.0,7100.0,7000.0,7100.0,4585.29443359375,5473600,0.0,0.0,yfinance_raw_daily
2014-09-19,7100.0,7125.0,7025.0,7100.0,4585.29443359375,8997000,0.0,0.0,yfinance_raw_daily
2014-09-22,7125.0,7125.0,7025.0,7125.0,4601.43994140625,6357700,0.0,0.0,yfinance_raw_daily
2014-09-23,7025.0,7100.0,7025.0,7025.0,4536.85888671875,6589100,0.0,0.0,yfinance_raw_daily
2014-09-24,7050.0,7100.0,7025.0,7050.0,4553.00390625,6486700,0.0,0.0,yfinance_raw_daily
2014-09-25,6925.0,7100.0,6925.0,6925.0,4472.27685546875,12797900,0.0,0.0,yfinance_raw_daily
2014-09-26,6950.0,6950.0,6825.0,6950.0,4488.421875,10025500,0.0,0.0,yfinance_raw_daily
2014-09-29,6975.0,7025.0,6875.0,6975.0,4504.5673828125,7348700,0.0,0.0,yfinance_raw_daily
2014-09-30,7000.0,7000.0,6900.0,7000.0,4520.712890625,6819500,0.0,0.0,yfinance_raw_daily
2014-10-01,6975.0,7025.0,6925.0,6975.0,4504.5673828125,4457600,0.0,0.0,yfinance_raw_daily
2014-10-02,6825.0,6950.0,6825.0,6825.0,4407.6953125,16099200,0.0,0.0,yfinance_raw_daily
2014-10-03,6775.0,6875.0,6725.0,6775.0,4375.40380859375,5430900,0.0,0.0,yfinance_raw_daily
2014-10-06,6775.0,6850.0,6725.0,6775.0,4375.40380859375,3012000,0.0,0.0,yfinance_raw_daily
2014-10-07,6875.0,6875.0,6725.0,6875.0,4439.98583984375,3173200,0.0,0.0,yfinance_raw_daily
2014-10-08,6725.0,6800.0,6725.0,6725.0,4343.1142578125,6751700,0.0,0.0,yfinance_raw_daily
2014-10-09,6775.0,6850.0,6750.0,6775.0,4375.40380859375,3673800,0.0,0.0,yfinance_raw_daily
2014-10-10,6850.0,6850.0,6750.0,6850.0,4423.8408203125,4171600,0.0,0.0,yfinance_raw_daily
2014-10-13,6800.0,6875.0,6800.0,6800.0,4391.55078125,3806000,0.0,0.0,yfinance_raw_daily
2014-10-14,6950.0,6975.0,6800.0,6950.0,4488.421875,9111500,0.0,0.0,yfinance_raw_daily
2014-10-15,7000.0,7000.0,6925.0,7000.0,4520.712890625,5957200,0.0,0.0,yfinance_raw_daily
2014-10-16,6825.0,6975.0,6825.0,6825.0,4407.6953125,5066800,0.0,0.0,yfinance_raw_daily
2014-10-17,6975.0,6975.0,6825.0,6975.0,4504.5673828125,8270300,0.0,0.0,yfinance_raw_daily
2014-10-20,6900.0,7000.0,6900.0,6900.0,4456.13134765625,4876000,0.0,0.0,yfinance_raw_daily
2014-10-21,6800.0,6950.0,6800.0,6800.0,4391.55078125,6457400,0.0,0.0,yfinance_raw_daily
2014-10-22,6775.0,6875.0,6775.0,6775.0,4375.40380859375,4102800,0.0,0.0,yfinance_raw_daily
2014-10-23,6750.0,6800.0,6725.0,6750.0,4359.2587890625,8743500,0.0,0.0,yfinance_raw_daily
2014-10-24,6650.0,6725.0,6650.0,6650.0,4294.67724609375,7703200,0.0,0.0,yfinance_raw_daily
2014-10-27,6475.0,6700.0,6425.0,6475.0,4181.65966796875,13649500,0.0,0.0,yfinance_raw_daily
2014-10-28,6400.0,6500.0,6375.0,6400.0,4133.22314453125,8467100,0.0,0.0,yfinance_raw_daily
2014-10-29,6575.0,6600.0,6425.0,6575.0,4246.2412109375,12153900,0.0,0.0,yfinance_raw_daily
2014-10-30,6600.0,6600.0,6500.0,6600.0,4262.3857421875,7837800,0.0,0.0,yfinance_raw_daily
2014-10-31,6825.0,6825.0,6625.0,6825.0,4407.6953125,22243400,0.0,0.0,yfinance_raw_daily
2014-11-03,6850.0,6850.0,6750.0,6850.0,4423.8408203125,15442200,0.0,0.0,yfinance_raw_daily
2014-11-04,6725.0,6900.0,6725.0,6725.0,4343.1142578125,8101000,0.0,0.0,yfinance_raw_daily
2014-11-05,6625.0,6825.0,6600.0,6625.0,4278.53173828125,8854700,0.0,0.0,yfinance_raw_daily
2014-11-06,6500.0,6700.0,6500.0,6500.0,4197.80419921875,12281700,0.0,0.0,yfinance_raw_daily
2014-11-07,6450.0,6550.0,6400.0,6450.0,4165.51416015625,14375700,0.0,0.0,yfinance_raw_daily
2014-11-10,6425.0,6525.0,6425.0,6425.0,4149.369140625,8368400,0.0,0.0,yfinance_raw_daily
2014-11-11,6525.0,6600.0,6475.0,6525.0,4213.95068359375,6251100,0.0,0.0,yfinance_raw_daily
2014-11-12,6550.0,6600.0,6525.0,6550.0,4230.0966796875,6283200,0.0,0.0,yfinance_raw_daily
2014-11-13,6575.0,6600.0,6550.0,6575.0,4246.2412109375,5273300,0.0,0.0,yfinance_raw_daily
2014-11-14,6575.0,6600.0,6550.0,6575.0,4246.2412109375,5529400,0.0,0.0,yfinance_raw_daily
2014-11-17,6575.0,6675.0,6550.0,6675.0,4310.822265625,9694700,0.0,0.0,yfinance_raw_daily
2014-11-18,6650.0,6675.0,6625.0,6650.0,4294.67724609375,5542300,0.0,0.0,yfinance_raw_daily
2014-11-19,6650.0,6725.0,6650.0,6650.0,4294.67724609375,6658200,0.0,0.0,yfinance_raw_daily
2014-11-20,6650.0,6700.0,6600.0,6650.0,4294.67724609375,8666700,0.0,0.0,yfinance_raw_daily
2014-11-21,6750.0,6750.0,6650.0,6750.0,4359.2587890625,5181200,0.0,0.0,yfinance_raw_daily
2014-11-24,6800.0,6800.0,6750.0,6800.0,4391.55078125,7063100,0.0,0.0,yfinance_raw_daily
2014-11-25,6775.0,6825.0,6650.0,6775.0,4375.40380859375,14457800,0.0,0.0,yfinance_raw_daily
2014-11-26,6675.0,6725.0,6650.0,6675.0,4310.822265625,6720300,0.0,0.0,yfinance_raw_daily
2014-11-27,6725.0,6775.0,6675.0,6725.0,4343.1142578125,5274000,0.0,0.0,yfinance_raw_daily
2014-11-28,6700.0,6725.0,6650.0,6700.0,4326.96826171875,4670000,0.0,0.0,yfinance_raw_daily
2014-12-01,6700.0,6700.0,6600.0,6625.0,4278.53173828125,5544200,0.0,0.0,yfinance_raw_daily
2014-12-02,6675.0,6675.0,6575.0,6675.0,4310.822265625,8912300,0.0,0.0,yfinance_raw_daily
2014-12-03,6625.0,6650.0,6575.0,6600.0,4262.3857421875,7765700,0.0,0.0,yfinance_raw_daily
2014-12-04,6600.0,6675.0,6575.0,6625.0,4278.53173828125,8875000,0.0,0.0,yfinance_raw_daily
2014-12-05,6675.0,6675.0,6625.0,6675.0,4310.822265625,3804000,0.0,0.0,yfinance_raw_daily
2014-12-08,6700.0,6700.0,6600.0,6625.0,4278.53173828125,7125000,0.0,0.0,yfinance_raw_daily
2014-12-09,6600.0,6675.0,6600.0,6650.0,4294.67724609375,10715700,0.0,0.0,yfinance_raw_daily
2014-12-10,6600.0,6650.0,6600.0,6600.0,4262.3857421875,10854400,0.0,0.0,yfinance_raw_daily
2014-12-11,6550.0,6600.0,6525.0,6525.0,4213.95068359375,9640900,0.0,0.0,yfinance_raw_daily
2014-12-12,6525.0,6575.0,6525.0,6550.0,4230.0966796875,8766800,0.0,0.0,yfinance_raw_daily
2014-12-15,6550.0,6600.0,6500.0,6575.0,4246.2412109375,7700000,0.0,0.0,yfinance_raw_daily
2014-12-16,6525.0,6575.0,6450.0,6525.0,4213.95068359375,11374500,0.0,0.0,yfinance_raw_daily
2014-12-17,6475.0,6525.0,6400.0,6400.0,4133.22314453125,13772500,0.0,0.0,yfinance_raw_daily
2014-12-18,6325.0,6475.0,6325.0,6450.0,4165.51416015625,11514600,0.0,0.0,yfinance_raw_daily
2014-12-19,6475.0,6550.0,6425.0,6550.0,4230.0966796875,19071400,0.0,0.0,yfinance_raw_daily
2014-12-22,6500.0,6600.0,6500.0,6550.0,4230.0966796875,6277600,0.0,0.0,yfinance_raw_daily
2014-12-23,6575.0,6625.0,6550.0,6625.0,4278.53173828125,12544100,0.0,0.0,yfinance_raw_daily
2014-12-24,6600.0,6650.0,6575.0,6600.0,4262.3857421875,5119800,0.0,0.0,yfinance_raw_daily
2014-12-29,6625.0,6650.0,6600.0,6625.0,4278.53173828125,7055900,0.0,0.0,yfinance_raw_daily
2014-12-30,6650.0,6775.0,6600.0,6750.0,4359.2587890625,20693500,0.0,0.0,yfinance_raw_daily
2015-01-02,6850.0,7450.0,6850.0,7450.0,4811.33056640625,56582900,0.0,0.0,yfinance_raw_daily
2015-01-05,7400.0,7500.0,7225.0,7475.0,4827.4765625,24205800,0.0,0.0,yfinance_raw_daily
2015-01-06,7350.0,7475.0,7300.0,7375.0,4762.8935546875,12161500,0.0,0.0,yfinance_raw_daily
2015-01-07,7300.0,7350.0,7275.0,7275.0,4698.3125,19626100,0.0,0.0,yfinance_raw_daily
2015-01-08,7325.0,7350.0,7250.0,7250.0,4682.1669921875,9449500,0.0,0.0,yfinance_raw_daily
2015-01-09,7300.0,7500.0,7200.0,7400.0,4779.03955078125,23167400,0.0,0.0,yfinance_raw_daily
2015-01-12,7450.0,7450.0,7375.0,7425.0,4795.1845703125,15150700,0.0,0.0,yfinance_raw_daily
2015-01-13,7450.0,7475.0,7400.0,7425.0,4795.1845703125,14252500,0.0,0.0,yfinance_raw_daily
2015-01-14,7425.0,7450.0,7400.0,7425.0,4795.1845703125,13406400,0.0,0.0,yfinance_raw_daily
2015-01-15,7450.0,7450.0,7350.0,7450.0,4811.33056640625,12615600,0.0,0.0,yfinance_raw_daily
2015-01-16,7400.0,7425.0,7300.0,7300.0,4714.4580078125,10442400,0.0,0.0,yfinance_raw_daily
2015-01-19,7300.0,7400.0,7300.0,7325.0,4730.603515625,6440700,0.0,0.0,yfinance_raw_daily
2015-01-20,7200.0,7375.0,7200.0,7375.0,4762.8935546875,7030700,0.0,0.0,yfinance_raw_daily
2015-01-21,7425.0,7425.0,7325.0,7425.0,4795.1845703125,18415600,0.0,0.0,yfinance_raw_daily
2015-01-22,7450.0,7700.0,7425.0,7625.0,4924.3486328125,38720000,0.0,0.0,yfinance_raw_daily
2015-01-23,7675.0,7725.0,7600.0,7625.0,4924.3486328125,15195800,0.0,0.0,yfinance_raw_daily
2015-01-26,7650.0,7650.0,7300.0,7475.0,4827.4765625,14549600,0.0,0.0,yfinance_raw_daily
2015-01-27,7525.0,7525.0,7425.0,7475.0,4827.4765625,12968600,0.0,0.0,yfinance_raw_daily
2015-01-28,7450.0,7525.0,7400.0,7400.0,4779.03955078125,13192200,0.0,0.0,yfinance_raw_daily
2015-01-29,7425.0,7475.0,7375.0,7375.0,4762.8935546875,6848100,0.0,0.0,yfinance_raw_daily
2015-01-30,7450.0,7550.0,7375.0,7550.0,4875.91162109375,7913500,0.0,0.0,yfinance_raw_daily
2015-02-02,7450.0,7600.0,7425.0,7600.0,4908.20263671875,6625600,0.0,0.0,yfinance_raw_daily
2015-02-03,7675.0,7675.0,7425.0,7450.0,4811.33056640625,7869600,0.0,0.0,yfinance_raw_daily
2015-02-04,7525.0,7525.0,7350.0,7500.0,4843.62109375,8486600,0.0,0.0,yfinance_raw_daily
2015-02-05,7500.0,7500.0,7250.0,7300.0,4714.4580078125,14081600,0.0,0.0,yfinance_raw_daily
2015-02-06,7350.0,7500.0,7350.0,7500.0,4843.62109375,10956000,0.0,0.0,yfinance_raw_daily
2015-02-09,7475.0,7500.0,7400.0,7475.0,4827.4765625,5324400,0.0,0.0,yfinance_raw_daily
2015-02-10,7475.0,7475.0,7350.0,7350.0,4746.748046875,6743900,0.0,0.0,yfinance_raw_daily
2015-02-11,7350.0,7400.0,7350.0,7350.0,4746.748046875,4051200,0.0,0.0,yfinance_raw_daily
2015-02-12,7325.0,7375.0,7300.0,7350.0,4746.748046875,11244100,0.0,0.0,yfinance_raw_daily
2015-02-13,7300.0,7400.0,7300.0,7400.0,4779.03955078125,12896900,0.0,0.0,yfinance_raw_daily
2015-02-16,7425.0,7450.0,7300.0,7325.0,4730.603515625,5506000,0.0,0.0,yfinance_raw_daily
2015-02-17,7375.0,7425.0,7300.0,7400.0,4779.03955078125,4553100,0.0,0.0,yfinance_raw_daily
2015-02-18,7400.0,7450.0,7375.0,7425.0,4795.1845703125,14954600,0.0,0.0,yfinance_raw_daily
2015-02-20,7450.0,7450.0,7350.0,7350.0,4746.748046875,4342000,0.0,0.0,yfinance_raw_daily
2015-02-23,7400.0,7400.0,7325.0,7350.0,4746.748046875,6440300,0.0,0.0,yfinance_raw_daily
2015-02-24,7350.0,7450.0,7325.0,7350.0,4746.748046875,17579400,0.0,0.0,yfinance_raw_daily
2015-02-25,7400.0,7425.0,7350.0,7425.0,4795.1845703125,3839600,0.0,0.0,yfinance_raw_daily
2015-02-26,7425.0,7425.0,7375.0,7425.0,4795.1845703125,5330700,0.0,0.0,yfinance_raw_daily
2015-02-27,7450.0,7450.0,7375.0,7400.0,4779.03955078125,7207300,0.0,0.0,yfinance_raw_daily
2015-03-02,7375.0,7450.0,7375.0,7425.0,4795.1845703125,10431000,0.0,0.0,yfinance_raw_daily
2015-03-03,7450.0,7475.0,7400.0,7425.0,4795.1845703125,11373100,0.0,0.0,yfinance_raw_daily
2015-03-04,7450.0,7500.0,7400.0,7450.0,4811.33056640625,17126500,0.0,0.0,yfinance_raw_daily
2015-03-05,7450.0,7500.0,7425.0,7450.0,4811.33056640625,12926100,0.0,0.0,yfinance_raw_daily
2015-03-06,7400.0,7525.0,7375.0,7475.0,4827.4765625,14335400,0.0,0.0,yfinance_raw_daily
2015-03-09,7425.0,7425.0,7325.0,7375.0,4762.8935546875,6210500,0.0,0.0,yfinance_raw_daily
2015-03-10,7350.0,7500.0,7300.0,7475.0,4827.4765625,25388300,0.0,0.0,yfinance_raw_daily
2015-03-11,7400.0,7425.0,7350.0,7350.0,4746.748046875,12473200,0.0,0.0,yfinance_raw_daily
2015-03-12,7350.0,7400.0,7325.0,7325.0,4730.603515625,9370400,0.0,0.0,yfinance_raw_daily
2015-03-13,7325.0,7350.0,7300.0,7325.0,4730.603515625,13872600,0.0,0.0,yfinance_raw_daily
2015-03-16,7300.0,7400.0,7300.0,7350.0,4746.748046875,8061700,0.0,0.0,yfinance_raw_daily
2015-03-17,7375.0,7475.0,7325.0,7325.0,4730.603515625,14171700,0.0,0.0,yfinance_raw_daily
2015-03-18,7350.0,7400.0,7325.0,7400.0,4779.03955078125,8104700,0.0,0.0,yfinance_raw_daily
2015-03-19,7450.0,7450.0,7375.0,7400.0,4779.03955078125,8300400,0.0,0.0,yfinance_raw_daily
2015-03-20,7400.0,7475.0,7375.0,7425.0,4795.1845703125,14837100,0.0,0.0,yfinance_raw_daily
2015-03-23,7425.0,7500.0,7400.0,7400.0,4779.03955078125,10381400,0.0,0.0,yfinance_raw_daily
2015-03-24,7400.0,7475.0,7375.0,7475.0,4827.4765625,6730400,0.0,0.0,yfinance_raw_daily
2015-03-25,7475.0,7475.0,7400.0,7425.0,4795.1845703125,8150800,0.0,0.0,yfinance_raw_daily
2015-03-26,7325.0,7425.0,7325.0,7375.0,4762.8935546875,9213200,0.0,0.0,yfinance_raw_daily
2015-03-27,7350.0,7475.0,7350.0,7425.0,4795.1845703125,8827300,0.0,0.0,yfinance_raw_daily
2015-03-30,7475.0,7525.0,7425.0,7475.0,4827.4765625,11483700,0.0,0.0,yfinance_raw_daily
2015-03-31,7550.0,7550.0,7450.0,7450.0,4811.33056640625,11465800,0.0,0.0,yfinance_raw_daily
2015-04-01,7500.0,7500.0,7375.0,7375.0,4762.8935546875,9502800,0.0,0.0,yfinance_raw_daily
2015-04-02,7375.0,7425.0,7350.0,7375.0,4762.8935546875,8931200,0.0,0.0,yfinance_raw_daily
2015-04-06,7425.0,7425.0,7350.0,7375.0,4762.8935546875,2779100,0.0,0.0,yfinance_raw_daily
2015-04-07,7350.0,7450.0,7350.0,7400.0,4779.03955078125,7176700,0.0,0.0,yfinance_raw_daily
2015-04-08,7375.0,7400.0,7325.0,7350.0,4746.748046875,14957400,0.0,0.0,yfinance_raw_daily
2015-04-09,7350.0,7400.0,7325.0,7375.0,4762.8935546875,12073800,0.0,0.0,yfinance_raw_daily
2015-04-10,7350.0,7400.0,7325.0,7375.0,4762.8935546875,13161700,0.0,0.0,yfinance_raw_daily
2015-04-13,7350.0,7375.0,7325.0,7350.0,4746.748046875,9311800,0.0,0.0,yfinance_raw_daily
2015-04-14,7300.0,7375.0,7300.0,7350.0,4746.748046875,8132000,0.0,0.0,yfinance_raw_daily
2015-04-15,7350.0,7400.0,7300.0,7400.0,4779.03955078125,10996800,0.0,0.0,yfinance_raw_daily
2015-04-16,7350.0,7450.0,7350.0,7450.0,4811.33056640625,7139900,0.0,0.0,yfinance_raw_daily
2015-04-17,7450.0,7450.0,7350.0,7350.0,4746.748046875,5124200,0.0,0.0,yfinance_raw_daily
2015-04-20,7325.0,7450.0,7325.0,7450.0,4811.33056640625,11555300,0.0,0.0,yfinance_raw_daily
2015-04-21,7425.0,7450.0,7400.0,7425.0,4795.1845703125,2872100,0.0,0.0,yfinance_raw_daily
2015-04-22,7375.0,7425.0,7375.0,7400.0,4779.03955078125,5469200,0.0,0.0,yfinance_raw_daily
2015-04-23,7400.0,7425.0,7375.0,7400.0,4779.03955078125,5052900,0.0,0.0,yfinance_raw_daily
2015-04-24,7375.0,7425.0,7375.0,7375.0,4762.8935546875,11172000,0.0,0.0,yfinance_raw_daily
2015-04-27,7375.0,7400.0,6875.0,7200.0,4649.87646484375,11687900,0.0,0.0,yfinance_raw_daily
2015-04-28,7150.0,7175.0,7000.0,7125.0,4601.43994140625,6422400,0.0,0.0,yfinance_raw_daily
2015-04-29,7100.0,7125.0,6625.0,6700.0,4326.96826171875,14754200,0.0,0.0,yfinance_raw_daily
2015-04-30,6650.0,6925.0,6475.0,6750.0,4359.2587890625,22518100,0.0,0.0,yfinance_raw_daily
2015-05-04,6750.0,6975.0,6750.0,6875.0,4439.98583984375,9072400,0.0,0.0,yfinance_raw_daily
2015-05-05,6925.0,6950.0,6775.0,6875.0,4439.98583984375,5069800,0.0,0.0,yfinance_raw_daily
2015-05-06,6750.0,6850.0,6750.0,6800.0,4391.55078125,8577400,0.0,0.0,yfinance_raw_daily
2015-05-07,6750.0,6800.0,6600.0,6750.0,4359.2587890625,12465400,0.0,0.0,yfinance_raw_daily
2015-05-08,6650.0,6725.0,6625.0,6650.0,4294.67724609375,7563000,0.0,0.0,yfinance_raw_daily
2015-05-11,6675.0,6725.0,6625.0,6650.0,4294.67724609375,6809500,0.0,0.0,yfinance_raw_daily
2015-05-12,6700.0,6950.0,6650.0,6925.0,4472.27685546875,16475600,0.0,0.0,yfinance_raw_daily
2015-05-13,7000.0,7300.0,6950.0,7200.0,4649.87646484375,13933800,0.0,0.0,yfinance_raw_daily
2015-05-15,7200.0,7250.0,6975.0,7175.0,4633.73046875,8798100,0.0,0.0,yfinance_raw_daily
2015-05-18,7100.0,7150.0,7000.0,7050.0,4553.00390625,15544900,0.0,0.0,yfinance_raw_daily
2015-05-19,6875.0,7075.0,6850.0,7050.0,4699.6591796875,10893600,220.0,0.0,yfinance_raw_daily
2015-05-20,7025.0,7075.0,6875.0,6925.0,4616.33203125,22833200,0.0,0.0,yfinance_raw_daily
2015-05-21,6925.0,6925.0,6800.0,6850.0,4566.3359375,20235300,0.0,0.0,yfinance_raw_daily
2015-05-22,6850.0,6900.0,6775.0,6875.0,4583.00244140625,13887200,0.0,0.0,yfinance_raw_daily
2015-05-25,6875.0,6900.0,6825.0,6875.0,4583.00244140625,3977700,0.0,0.0,yfinance_raw_daily
2015-05-26,6900.0,7075.0,6875.0,7025.0,4682.99365234375,11860400,0.0,0.0,yfinance_raw_daily
2015-05-27,6950.0,7200.0,6950.0,7200.0,4799.65234375,14364800,0.0,0.0,yfinance_raw_daily
2015-05-28,7200.0,7350.0,7100.0,7300.0,4866.314453125,13492800,0.0,0.0,yfinance_raw_daily
2015-05-29,7200.0,7400.0,7150.0,7300.0,4866.314453125,32762800,0.0,0.0,yfinance_raw_daily
2015-06-01,7150.0,7250.0,7050.0,7100.0,4732.99169921875,8119300,0.0,0.0,yfinance_raw_daily
2015-06-03,7100.0,7125.0,6875.0,6975.0,4649.66357421875,11914500,0.0,0.0,yfinance_raw_daily
2015-06-04,7075.0,7100.0,6950.0,6975.0,4649.66357421875,3502200,0.0,0.0,yfinance_raw_daily
2015-06-05,6875.0,7050.0,6850.0,7050.0,4699.6591796875,6729800,0.0,0.0,yfinance_raw_daily
2015-06-08,7050.0,7050.0,6900.0,6975.0,4649.66357421875,3875700,0.0,0.0,yfinance_raw_daily
2015-06-09,6875.0,6875.0,6550.0,6600.0,4399.681640625,13565800,0.0,0.0,yfinance_raw_daily
2015-06-10,6600.0,6825.0,6550.0,6775.0,4516.33984375,12058100,0.0,0.0,yfinance_raw_daily
2015-06-11,6950.0,6950.0,6650.0,6650.0,4433.0126953125,6569100,0.0,0.0,yfinance_raw_daily
2015-06-12,6675.0,6700.0,6600.0,6600.0,4399.681640625,5808900,0.0,0.0,yfinance_raw_daily
2015-06-15,6550.0,6600.0,6475.0,6500.0,4333.01904296875,6013200,0.0,0.0,yfinance_raw_daily
2015-06-16,6500.0,6675.0,6450.0,6575.0,4383.015625,6006600,0.0,0.0,yfinance_raw_daily
2015-06-17,6600.0,6700.0,6575.0,6575.0,4383.015625,6182700,0.0,0.0,yfinance_raw_daily
2015-06-18,6575.0,6850.0,6575.0,6850.0,4566.3359375,6529800,0.0,0.0,yfinance_raw_daily
2015-06-19,6850.0,6950.0,6775.0,6950.0,4632.99755859375,6318900,0.0,0.0,yfinance_raw_daily
2015-06-22,6950.0,6950.0,6850.0,6900.0,4599.6669921875,2957300,0.0,0.0,yfinance_raw_daily
2015-06-23,6900.0,6950.0,6825.0,6850.0,4566.3359375,4743700,0.0,0.0,yfinance_raw_daily
2015-06-24,6850.0,6900.0,6750.0,6900.0,4599.6669921875,5828000,0.0,0.0,yfinance_raw_daily
2015-06-25,6850.0,6875.0,6750.0,6750.0,4499.67431640625,5467000,0.0,0.0,yfinance_raw_daily
2015-06-26,6700.0,6775.0,6625.0,6625.0,4416.3466796875,5490900,0.0,0.0,yfinance_raw_daily
2015-06-29,6550.0,6575.0,6425.0,6475.0,4316.35400390625,6773600,0.0,0.0,yfinance_raw_daily
2015-06-30,6475.0,6625.0,6450.0,6575.0,4383.015625,9149600,0.0,0.0,yfinance_raw_daily
2015-07-01,6525.0,6600.0,6500.0,6500.0,4333.01904296875,8956800,0.0,0.0,yfinance_raw_daily
2015-07-02,6500.0,6575.0,6500.0,6500.0,4333.01904296875,10704800,0.0,0.0,yfinance_raw_daily
2015-07-03,6500.0,6750.0,6500.0,6725.0,4483.0087890625,9987200,0.0,0.0,yfinance_raw_daily
2015-07-06,6650.0,6700.0,6550.0,6550.0,4366.3505859375,4448700,0.0,0.0,yfinance_raw_daily
2015-07-07,6650.0,6650.0,6525.0,6575.0,4383.015625,4154200,0.0,0.0,yfinance_raw_daily
2015-07-08,6550.0,6600.0,6500.0,6550.0,4366.3505859375,3573800,0.0,0.0,yfinance_raw_daily
2015-07-09,6550.0,6600.0,6500.0,6600.0,4399.681640625,4258200,0.0,0.0,yfinance_raw_daily
2015-07-10,6650.0,6650.0,6550.0,6550.0,4366.3505859375,5289400,0.0,0.0,yfinance_raw_daily
2015-07-13,6600.0,6600.0,6500.0,6525.0,4349.68505859375,5223400,0.0,0.0,yfinance_raw_daily
2015-07-14,6575.0,6575.0,6400.0,6400.0,4266.35791015625,10413900,0.0,0.0,yfinance_raw_daily
2015-07-15,6400.0,6450.0,6225.0,6225.0,4149.69970703125,11225100,0.0,0.0,yfinance_raw_daily
2015-07-22,6200.0,6225.0,6025.0,6125.0,4083.03759765625,15783000,0.0,0.0,yfinance_raw_daily
2015-07-23,6125.0,6225.0,6125.0,6200.0,4133.0341796875,7452200,0.0,0.0,yfinance_raw_daily
2015-07-24,6200.0,6200.0,6100.0,6150.0,4099.70361328125,7186400,0.0,0.0,yfinance_raw_daily
2015-07-27,6075.0,6100.0,5975.0,6000.0,3999.710205078125,4689900,0.0,0.0,yfinance_raw_daily
2015-07-28,6025.0,6075.0,5975.0,6025.0,4016.37548828125,8691900,0.0,0.0,yfinance_raw_daily
2015-07-29,6050.0,6075.0,5775.0,5775.0,3849.720947265625,6766100,0.0,0.0,yfinance_raw_daily
2015-07-30,5850.0,5975.0,5825.0,5900.0,3933.04833984375,5936300,0.0,0.0,yfinance_raw_daily
2015-07-31,5950.0,6125.0,5925.0,6100.0,4066.372314453125,12846100,0.0,0.0,yfinance_raw_daily
2015-08-03,6000.0,6125.0,5950.0,6000.0,3999.710205078125,6709000,0.0,0.0,yfinance_raw_daily
2015-08-04,5950.0,6125.0,5950.0,6125.0,4083.03759765625,10822700,0.0,0.0,yfinance_raw_daily
2015-08-05,6125.0,6300.0,6050.0,6300.0,4199.6962890625,10999800,0.0,0.0,yfinance_raw_daily
2015-08-06,6300.0,6325.0,6000.0,6000.0,3999.710205078125,9489800,0.0,0.0,yfinance_raw_daily
2015-08-07,6025.0,6050.0,5975.0,5975.0,3983.045166015625,8709700,0.0,0.0,yfinance_raw_daily
2015-08-10,6000.0,6150.0,5925.0,6050.0,4033.041259765625,6992400,0.0,0.0,yfinance_raw_daily
2015-08-11,6100.0,6150.0,5875.0,5875.0,3916.38330078125,18339400,0.0,0.0,yfinance_raw_daily
2015-08-12,5800.0,5875.0,5600.0,5800.0,3866.386474609375,11202300,0.0,0.0,yfinance_raw_daily
2015-08-13,5900.0,6175.0,5850.0,6175.0,4116.3681640625,7172300,0.0,0.0,yfinance_raw_daily
2015-08-14,5975.0,6075.0,5925.0,5925.0,3949.7138671875,7453000,0.0,0.0,yfinance_raw_daily
2015-08-18,5975.0,6000.0,5800.0,5825.0,3883.052001953125,4555300,0.0,0.0,yfinance_raw_daily
2015-08-19,5800.0,5875.0,5750.0,5775.0,3849.720947265625,2976900,0.0,0.0,yfinance_raw_daily
2015-08-20,5775.0,5775.0,5625.0,5700.0,3799.725341796875,3960300,0.0,0.0,yfinance_raw_daily
2015-08-21,5600.0,5650.0,5400.0,5425.0,3616.40478515625,9867300,0.0,0.0,yfinance_raw_daily
2015-08-24,5275.0,5275.0,4890.0,4955.0,3303.093994140625,14286700,0.0,0.0,yfinance_raw_daily
2015-08-25,5000.0,5150.0,4670.0,4680.0,3119.774169921875,24805600,0.0,0.0,yfinance_raw_daily
2015-08-26,4680.0,4800.0,4560.0,4680.0,3119.774169921875,25976700,0.0,0.0,yfinance_raw_daily
2015-08-27,4800.0,5125.0,4800.0,5125.0,3416.419677734375,19392200,0.0,0.0,yfinance_raw_daily
2015-08-28,5300.0,5325.0,5100.0,5225.0,3483.081787109375,11251100,0.0,0.0,yfinance_raw_daily
2015-08-31,5200.0,5300.0,5100.0,5300.0,3533.077880859375,11118700,0.0,0.0,yfinance_raw_daily
2015-09-01,5300.0,5300.0,5125.0,5200.0,3466.41552734375,4807200,0.0,0.0,yfinance_raw_daily
2015-09-02,5125.0,5250.0,5075.0,5200.0,3466.41552734375,7089400,0.0,0.0,yfinance_raw_daily
2015-09-03,5275.0,5350.0,5175.0,5325.0,3549.7431640625,8009900,0.0,0.0,yfinance_raw_daily
2015-09-04,5400.0,5400.0,5250.0,5275.0,3516.41259765625,5186000,0.0,0.0,yfinance_raw_daily
2015-09-07,5175.0,5200.0,4925.0,4940.0,3293.09521484375,8186400,0.0,0.0,yfinance_raw_daily
2015-09-08,4850.0,4955.0,4845.0,4900.0,3266.430419921875,8962600,0.0,0.0,yfinance_raw_daily
2015-09-09,4950.0,5000.0,4895.0,4965.0,3309.760986328125,9367300,0.0,0.0,yfinance_raw_daily
2015-09-10,4900.0,5000.0,4890.0,4960.0,3306.42724609375,10809200,0.0,0.0,yfinance_raw_daily
2015-09-11,5000.0,5200.0,4960.0,5175.0,3449.75048828125,6033400,0.0,0.0,yfinance_raw_daily
2015-09-14,5200.0,5325.0,5150.0,5325.0,3549.7431640625,6211100,0.0,0.0,yfinance_raw_daily
2015-09-15,5250.0,5325.0,5175.0,5300.0,3533.077880859375,5492000,0.0,0.0,yfinance_raw_daily
2015-09-16,5325.0,5375.0,5150.0,5250.0,3499.7470703125,3758400,0.0,0.0,yfinance_raw_daily
2015-09-17,5300.0,5350.0,5150.0,5350.0,3566.408203125,4732900,0.0,0.0,yfinance_raw_daily
2015-09-18,5350.0,5575.0,5225.0,5225.0,3483.081787109375,9971100,0.0,0.0,yfinance_raw_daily
2015-09-21,5175.0,5325.0,5150.0,5225.0,3483.081787109375,3723500,0.0,0.0,yfinance_raw_daily
2015-09-22,5300.0,5325.0,5200.0,5300.0,3533.077880859375,3339600,0.0,0.0,yfinance_raw_daily
2015-09-23,5250.0,5250.0,5100.0,5175.0,3449.75048828125,5605100,0.0,0.0,yfinance_raw_daily
2015-09-25,5075.0,5225.0,5050.0,5150.0,3433.0849609375,4787500,0.0,0.0,yfinance_raw_daily
2015-09-28,5000.0,5150.0,4960.0,5100.0,3399.75341796875,5260300,0.0,0.0,yfinance_raw_daily
2015-09-29,5125.0,5400.0,4990.0,5400.0,3599.7392578125,6548100,0.0,0.0,yfinance_raw_daily
2015-09-30,5325.0,5525.0,5325.0,5500.0,3666.401123046875,11528200,0.0,0.0,yfinance_raw_daily
2015-10-01,5525.0,5625.0,5425.0,5550.0,3699.732421875,4430700,0.0,0.0,yfinance_raw_daily
2015-10-02,5400.0,5550.0,5275.0,5275.0,3516.41259765625,5846200,0.0,0.0,yfinance_raw_daily
2015-10-05,5325.0,5550.0,5325.0,5525.0,3683.06689453125,7035700,0.0,0.0,yfinance_raw_daily
2015-10-06,5450.0,5625.0,5425.0,5525.0,3683.06689453125,8741700,0.0,0.0,yfinance_raw_daily
2015-10-07,5525.0,5650.0,5500.0,5575.0,3716.3974609375,10630300,0.0,0.0,yfinance_raw_daily
2015-10-08,5575.0,5650.0,5550.0,5575.0,3716.3974609375,8231600,0.0,0.0,yfinance_raw_daily
2015-10-09,5675.0,5800.0,5625.0,5800.0,3866.386474609375,7986300,0.0,0.0,yfinance_raw_daily
2015-10-12,5850.0,5900.0,5750.0,5850.0,3899.717529296875,4035800,0.0,0.0,yfinance_raw_daily
2015-10-13,5850.0,5875.0,5500.0,5500.0,3666.401123046875,5530100,0.0,0.0,yfinance_raw_daily
2015-10-15,5625.0,5925.0,5600.0,5900.0,3933.04833984375,14821200,0.0,0.0,yfinance_raw_daily
2015-10-16,5900.0,6200.0,5750.0,6200.0,4133.0341796875,8928800,0.0,0.0,yfinance_raw_daily
2015-10-19,6200.0,6400.0,6150.0,6400.0,4266.35791015625,7036500,0.0,0.0,yfinance_raw_daily
2015-10-20,6400.0,6400.0,6325.0,6325.0,4216.36181640625,6936500,0.0,0.0,yfinance_raw_daily
2015-10-21,6325.0,6425.0,6150.0,6225.0,4149.69970703125,8218500,0.0,0.0,yfinance_raw_daily
2015-10-22,6125.0,6200.0,6000.0,6100.0,4066.372314453125,13039400,0.0,0.0,yfinance_raw_daily
2015-10-23,6200.0,6400.0,6125.0,6225.0,4149.69970703125,11352800,0.0,0.0,yfinance_raw_daily
2015-10-26,6275.0,6325.0,6200.0,6225.0,4149.69970703125,5553700,0.0,0.0,yfinance_raw_daily
2015-10-27,6150.0,6200.0,6100.0,6200.0,4133.0341796875,3770900,0.0,0.0,yfinance_raw_daily
2015-10-28,6050.0,6150.0,6050.0,6075.0,4049.70654296875,3686900,0.0,0.0,yfinance_raw_daily
2015-10-29,6050.0,6075.0,5650.0,5650.0,3766.394287109375,8032200,0.0,0.0,yfinance_raw_daily
2015-10-30,5600.0,5675.0,5525.0,5525.0,3683.06689453125,10035800,0.0,0.0,yfinance_raw_daily
2015-11-02,5450.0,5825.0,5450.0,5825.0,3883.052001953125,5450700,0.0,0.0,yfinance_raw_daily
2015-11-03,5875.0,5950.0,5800.0,5825.0,3883.052001953125,4895400,0.0,0.0,yfinance_raw_daily
2015-11-04,5750.0,6100.0,5750.0,6100.0,4066.372314453125,5902800,0.0,0.0,yfinance_raw_daily
2015-11-05,6075.0,6100.0,5925.0,6000.0,3999.710205078125,5015800,0.0,0.0,yfinance_raw_daily
2015-11-06,5950.0,6000.0,5850.0,5850.0,3899.717529296875,5937500,0.0,0.0,yfinance_raw_daily
2015-11-09,5750.0,5800.0,5550.0,5550.0,3699.732421875,6986000,0.0,0.0,yfinance_raw_daily
2015-11-10,5500.0,5625.0,5375.0,5375.0,3583.074462890625,11669600,0.0,0.0,yfinance_raw_daily
2015-11-11,5375.0,5375.0,5150.0,5250.0,3499.7470703125,7191000,0.0,0.0,yfinance_raw_daily
2015-11-12,5175.0,5300.0,5175.0,5175.0,3449.75048828125,9933300,0.0,0.0,yfinance_raw_daily
2015-11-13,5125.0,5250.0,5075.0,5175.0,3449.75048828125,5840300,0.0,0.0,yfinance_raw_daily
2015-11-16,5175.0,5200.0,5050.0,5075.0,3383.088623046875,5258200,0.0,0.0,yfinance_raw_daily
2015-11-17,5175.0,5325.0,5150.0,5275.0,3516.41259765625,8246000,0.0,0.0,yfinance_raw_daily
2015-11-18,5325.0,5475.0,5275.0,5400.0,3599.7392578125,7802500,0.0,0.0,yfinance_raw_daily
2015-11-19,5500.0,5650.0,5500.0,5650.0,3766.394287109375,10498200,0.0,0.0,yfinance_raw_daily
2015-11-20,5650.0,5650.0,5525.0,5650.0,3766.394287109375,4131200,0.0,0.0,yfinance_raw_daily
2015-11-23,5550.0,5625.0,5425.0,5450.0,3633.0703125,4984000,0.0,0.0,yfinance_raw_daily
2015-11-24,5400.0,5450.0,5350.0,5350.0,3566.408203125,4534700,0.0,0.0,yfinance_raw_daily
2015-11-25,5350.0,5425.0,5325.0,5350.0,3566.408203125,4276300,0.0,0.0,yfinance_raw_daily
2015-11-26,5425.0,5475.0,5350.0,5475.0,3649.735595703125,5025900,0.0,0.0,yfinance_raw_daily
2015-11-27,5500.0,5525.0,5400.0,5400.0,3599.7392578125,4111600,0.0,0.0,yfinance_raw_daily
2015-11-30,5300.0,5300.0,4875.0,4875.0,3249.764892578125,35363700,0.0,0.0,yfinance_raw_daily
2015-12-01,5000.0,5300.0,5000.0,5225.0,3483.081787109375,16797700,0.0,0.0,yfinance_raw_daily
2015-12-02,5225.0,5275.0,5175.0,5175.0,3449.75048828125,4011800,0.0,0.0,yfinance_raw_daily
2015-12-03,5150.0,5225.0,5100.0,5175.0,3449.75048828125,4535100,0.0,0.0,yfinance_raw_daily
2015-12-04,5150.0,5175.0,5025.0,5050.0,3366.423828125,10005500,0.0,0.0,yfinance_raw_daily
2015-12-07,5075.0,5150.0,5075.0,5125.0,3416.419677734375,6220600,0.0,0.0,yfinance_raw_daily
2015-12-08,5050.0,5125.0,5025.0,5075.0,3383.088623046875,9216100,0.0,0.0,yfinance_raw_daily
2015-12-09,5075.0,5075.0,5075.0,5075.0,3383.088623046875,0,0.0,0.0,yfinance_raw_daily
2015-12-10,5025.0,5050.0,4950.0,5000.0,3333.092041015625,10252500,0.0,0.0,yfinance_raw_daily
2015-12-11,5050.0,5075.0,4960.0,4960.0,3306.42724609375,6187500,0.0,0.0,yfinance_raw_daily
2015-12-14,4860.0,4950.0,4840.0,4890.0,3259.763916015625,5946300,0.0,0.0,yfinance_raw_daily
2015-12-15,4840.0,4940.0,4840.0,4890.0,3259.763916015625,4611500,0.0,0.0,yfinance_raw_daily
2015-12-16,4990.0,5000.0,4900.0,4990.0,3326.42626953125,9345600,0.0,0.0,yfinance_raw_daily
2015-12-17,5200.0,5200.0,5050.0,5125.0,3416.419677734375,10652000,0.0,0.0,yfinance_raw_daily
2015-12-18,5050.0,5125.0,5025.0,5050.0,3366.423828125,6061800,0.0,0.0,yfinance_raw_daily
2015-12-21,5050.0,5075.0,4975.0,4975.0,3316.426025390625,5800900,0.0,0.0,yfinance_raw_daily
2015-12-22,5000.0,5000.0,4905.0,4965.0,3309.760986328125,7156600,0.0,0.0,yfinance_raw_daily
2015-12-23,4970.0,5000.0,4910.0,4955.0,3303.093994140625,4252600,0.0,0.0,yfinance_raw_daily
2015-12-28,4910.0,5175.0,4905.0,5150.0,3433.0849609375,9537300,0.0,0.0,yfinance_raw_daily
2015-12-29,5150.0,5175.0,5075.0,5125.0,3416.419677734375,2961700,0.0,0.0,yfinance_raw_daily
2015-12-30,5100.0,5200.0,5075.0,5175.0,3449.75048828125,9778200,0.0,0.0,yfinance_raw_daily
2016-01-04,5250.0,5575.0,5175.0,5300.0,3533.077880859375,26737300,0.0,0.0,yfinance_raw_daily
2016-01-05,5300.0,5550.0,5300.0,5475.0,3649.735595703125,18355100,0.0,0.0,yfinance_raw_daily
2016-01-06,5475.0,5800.0,5450.0,5800.0,3866.386474609375,22503300,0.0,0.0,yfinance_raw_daily
2016-01-07,5575.0,5675.0,5525.0,5650.0,3766.394287109375,12743300,0.0,0.0,yfinance_raw_daily
2016-01-08,5600.0,5725.0,5550.0,5675.0,3783.059814453125,6863900,0.0,0.0,yfinance_raw_daily
2016-01-11,5625.0,5625.0,5500.0,5525.0,3683.06689453125,8017400,0.0,0.0,yfinance_raw_daily
2016-01-12,5575.0,5875.0,5525.0,5775.0,3849.720947265625,18842600,0.0,0.0,yfinance_raw_daily
2016-01-13,5875.0,5925.0,5800.0,5850.0,3899.717529296875,7165100,0.0,0.0,yfinance_raw_daily
2016-01-14,5750.0,5775.0,5650.0,5700.0,3799.725341796875,12594900,0.0,0.0,yfinance_raw_daily
2016-01-15,5800.0,5800.0,5700.0,5725.0,3816.390380859375,5913700,0.0,0.0,yfinance_raw_daily
2016-01-18,5600.0,5725.0,5575.0,5675.0,3783.059814453125,4909800,0.0,0.0,yfinance_raw_daily
2016-01-19,5650.0,5875.0,5650.0,5825.0,3883.052001953125,6368400,0.0,0.0,yfinance_raw_daily
2016-01-20,5775.0,5850.0,5725.0,5750.0,3833.0556640625,10637500,0.0,0.0,yfinance_raw_daily
2016-01-21,5900.0,5900.0,5625.0,5650.0,3766.394287109375,8160700,0.0,0.0,yfinance_raw_daily
2016-01-22,5750.0,5825.0,5725.0,5800.0,3866.386474609375,7090400,0.0,0.0,yfinance_raw_daily
2016-01-25,5800.0,5825.0,5675.0,5700.0,3799.725341796875,4761100,0.0,0.0,yfinance_raw_daily
2016-01-26,5625.0,5700.0,5525.0,5525.0,3683.06689453125,11663100,0.0,0.0,yfinance_raw_daily
2016-01-27,5550.0,5850.0,5550.0,5850.0,3899.717529296875,8382800,0.0,0.0,yfinance_raw_daily
2016-01-28,5850.0,6000.0,5725.0,5975.0,3983.045166015625,14665900,0.0,0.0,yfinance_raw_daily
2016-01-29,6025.0,6200.0,5950.0,6200.0,4133.0341796875,17996600,0.0,0.0,yfinance_raw_daily
2016-02-01,6250.0,6300.0,6050.0,6275.0,4183.02978515625,12407500,0.0,0.0,yfinance_raw_daily
2016-02-02,6275.0,6300.0,6175.0,6250.0,4166.36474609375,12533800,0.0,0.0,yfinance_raw_daily
2016-02-03,6200.0,6200.0,6125.0,6150.0,4099.70361328125,5372300,0.0,0.0,yfinance_raw_daily
2016-02-04,6200.0,6450.0,6175.0,6375.0,4249.69287109375,9827000,0.0,0.0,yfinance_raw_daily
2016-02-05,6475.0,6600.0,6425.0,6575.0,4383.015625,14723800,0.0,0.0,yfinance_raw_daily
2016-02-09,6325.0,6725.0,6325.0,6700.0,4466.34326171875,11835100,0.0,0.0,yfinance_raw_daily
2016-02-10,6525.0,6875.0,6525.0,6775.0,4516.33984375,7156600,0.0,0.0,yfinance_raw_daily
2016-02-11,6625.0,6900.0,6625.0,6725.0,4483.0087890625,6818600,0.0,0.0,yfinance_raw_daily
2016-02-12,6625.0,6675.0,6500.0,6500.0,4333.01904296875,7886100,0.0,0.0,yfinance_raw_daily
2016-02-15,6525.0,6600.0,6500.0,6500.0,4333.01904296875,4859200,0.0,0.0,yfinance_raw_daily
2016-02-16,6550.0,6600.0,6475.0,6550.0,4366.3505859375,3479100,0.0,0.0,yfinance_raw_daily
2016-02-17,6600.0,6600.0,6525.0,6525.0,4349.68505859375,5634600,0.0,0.0,yfinance_raw_daily
2016-02-18,6600.0,6825.0,6550.0,6825.0,4549.6708984375,12145200,0.0,0.0,yfinance_raw_daily
2016-02-19,6850.0,6850.0,6650.0,6725.0,4483.0087890625,7348900,0.0,0.0,yfinance_raw_daily
2016-02-22,6700.0,6850.0,6700.0,6825.0,4549.6708984375,6252600,0.0,0.0,yfinance_raw_daily
2016-02-23,6825.0,6850.0,6750.0,6775.0,4516.33984375,9197200,0.0,0.0,yfinance_raw_daily
2016-02-24,6850.0,6850.0,6550.0,6650.0,4433.0126953125,6983600,0.0,0.0,yfinance_raw_daily
2016-02-25,6700.0,6700.0,6500.0,6500.0,4333.01904296875,5320500,0.0,0.0,yfinance_raw_daily
2016-02-26,6525.0,6825.0,6525.0,6825.0,4549.6708984375,8319000,0.0,0.0,yfinance_raw_daily
2016-02-29,6700.0,7250.0,6625.0,7050.0,4699.6591796875,22876500,0.0,0.0,yfinance_raw_daily
2016-03-01,7000.0,7250.0,6950.0,7150.0,4766.32177734375,6688600,0.0,0.0,yfinance_raw_daily
2016-03-02,7175.0,7425.0,7150.0,7275.0,4849.6484375,22223900,0.0,0.0,yfinance_raw_daily
2016-03-03,7325.0,7575.0,7325.0,7375.0,4916.31103515625,27662100,0.0,0.0,yfinance_raw_daily
2016-03-04,7375.0,7475.0,7000.0,7475.0,4982.97265625,19026600,0.0,0.0,yfinance_raw_daily
2016-03-07,7500.0,7525.0,7300.0,7400.0,4932.9765625,10664400,0.0,0.0,yfinance_raw_daily
2016-03-08,7400.0,7400.0,7150.0,7350.0,4899.64501953125,6317700,0.0,0.0,yfinance_raw_daily
2016-03-10,7325.0,7425.0,7300.0,7425.0,4949.6416015625,15143300,0.0,0.0,yfinance_raw_daily
2016-03-11,7225.0,7375.0,7225.0,7300.0,4866.314453125,7123400,0.0,0.0,yfinance_raw_daily
2016-03-14,7300.0,7500.0,7300.0,7450.0,4966.30712890625,11852000,0.0,0.0,yfinance_raw_daily
2016-03-15,7475.0,7500.0,7225.0,7425.0,4949.6416015625,5174100,0.0,0.0,yfinance_raw_daily
2016-03-16,7400.0,7400.0,7200.0,7225.0,4816.318359375,10640200,0.0,0.0,yfinance_raw_daily
2016-03-17,7175.0,7275.0,7150.0,7200.0,4799.65234375,8726300,0.0,0.0,yfinance_raw_daily
2016-03-18,7250.0,7250.0,6875.0,6875.0,4583.00244140625,27552600,0.0,0.0,yfinance_raw_daily
2016-03-21,7000.0,7150.0,6925.0,7100.0,4732.99169921875,14135900,0.0,0.0,yfinance_raw_daily
2016-03-22,7100.0,7125.0,7050.0,7075.0,4716.32568359375,10721400,0.0,0.0,yfinance_raw_daily
2016-03-23,7050.0,7100.0,7025.0,7100.0,4732.99169921875,5565200,0.0,0.0,yfinance_raw_daily
2016-03-24,7050.0,7075.0,6925.0,6975.0,4649.66357421875,4920400,0.0,0.0,yfinance_raw_daily
2016-03-28,6850.0,6950.0,6800.0,6875.0,4583.00244140625,10062400,0.0,0.0,yfinance_raw_daily
2016-03-29,6875.0,6950.0,6825.0,6925.0,4616.33203125,6134400,0.0,0.0,yfinance_raw_daily
2016-03-30,6900.0,7250.0,6900.0,7250.0,4832.98388671875,14934600,0.0,0.0,yfinance_raw_daily
2016-03-31,7250.0,7300.0,7175.0,7225.0,4816.318359375,21522400,0.0,0.0,yfinance_raw_daily
2016-04-01,7225.0,7250.0,7125.0,7225.0,4816.318359375,6462500,0.0,0.0,yfinance_raw_daily
2016-04-04,7225.0,7225.0,7125.0,7225.0,4816.318359375,2564300,0.0,0.0,yfinance_raw_daily
2016-04-05,7100.0,7225.0,7100.0,7175.0,4782.9873046875,4006100,0.0,0.0,yfinance_raw_daily
2016-04-06,7175.0,7225.0,7125.0,7150.0,4766.32177734375,4111500,0.0,0.0,yfinance_raw_daily
2016-04-07,7225.0,7250.0,7175.0,7225.0,4816.318359375,12373700,0.0,0.0,yfinance_raw_daily
2016-04-08,7150.0,7225.0,7150.0,7225.0,4816.318359375,5752600,0.0,0.0,yfinance_raw_daily
2016-04-11,7100.0,7200.0,7025.0,7100.0,4732.99169921875,5185500,0.0,0.0,yfinance_raw_daily
2016-04-12,7100.0,7125.0,7050.0,7125.0,4749.65625,6050100,0.0,0.0,yfinance_raw_daily
2016-04-13,7125.0,7125.0,7125.0,7125.0,4749.65625,0,0.0,0.0,yfinance_raw_daily
2016-04-14,7125.0,7125.0,7125.0,7125.0,4749.65625,0,0.0,0.0,yfinance_raw_daily
2016-04-15,7125.0,7125.0,7125.0,7125.0,4749.65625,0,0.0,0.0,yfinance_raw_daily
2016-04-18,7125.0,7125.0,7125.0,7125.0,4749.65625,0,0.0,0.0,yfinance_raw_daily
2016-04-19,7125.0,7125.0,7125.0,7125.0,4749.65625,0,0.0,0.0,yfinance_raw_daily
2016-04-20,7175.0,7300.0,7175.0,7200.0,4799.65234375,21163700,0.0,0.0,yfinance_raw_daily
2016-04-21,7200.0,7275.0,7150.0,7250.0,4832.98388671875,10128900,0.0,0.0,yfinance_raw_daily
2016-04-22,7250.0,7275.0,7225.0,7275.0,4849.6484375,5767500,0.0,0.0,yfinance_raw_daily
2016-04-25,7250.0,7250.0,7150.0,7225.0,4816.318359375,2769700,0.0,0.0,yfinance_raw_daily
2016-04-26,7150.0,7175.0,6975.0,7025.0,4682.99365234375,6176800,0.0,0.0,yfinance_raw_daily
2016-04-27,6850.0,7000.0,6800.0,6850.0,4566.3359375,9136900,0.0,0.0,yfinance_raw_daily
2016-04-28,6850.0,6975.0,6850.0,6950.0,4632.99755859375,5850600,0.0,0.0,yfinance_raw_daily
2016-04-29,6875.0,7150.0,6875.0,7125.0,4749.65625,10075400,0.0,0.0,yfinance_raw_daily
2016-05-02,7100.0,7100.0,6975.0,7025.0,4682.99365234375,1611700,0.0,0.0,yfinance_raw_daily
2016-05-03,7100.0,7225.0,7025.0,7200.0,4799.65234375,7984600,0.0,0.0,yfinance_raw_daily
2016-05-04,7100.0,7225.0,7025.0,7200.0,4799.65234375,5901100,0.0,0.0,yfinance_raw_daily
2016-05-09,7050.0,7200.0,6950.0,7075.0,4716.32568359375,3969200,0.0,0.0,yfinance_raw_daily
2016-05-10,7000.0,7150.0,6950.0,7150.0,4766.32177734375,7668500,0.0,0.0,yfinance_raw_daily
2016-05-11,7175.0,7200.0,7075.0,7175.0,4782.9873046875,5990800,0.0,0.0,yfinance_raw_daily
2016-05-12,7150.0,7175.0,7050.0,7050.0,4699.6591796875,3069100,0.0,0.0,yfinance_raw_daily
2016-05-13,7050.0,7175.0,7025.0,7125.0,4749.65625,4489300,0.0,0.0,yfinance_raw_daily
2016-05-16,7050.0,7075.0,6925.0,7025.0,4682.99365234375,3924300,0.0,0.0,yfinance_raw_daily
2016-05-17,6950.0,7050.0,6900.0,7025.0,4682.99365234375,4190700,0.0,0.0,yfinance_raw_daily
2016-05-18,7000.0,7025.0,6900.0,7025.0,4682.99365234375,7357600,0.0,0.0,yfinance_raw_daily
2016-05-19,7025.0,7050.0,6875.0,6975.0,4649.66357421875,5707900,0.0,0.0,yfinance_raw_daily
2016-05-20,6900.0,6925.0,6850.0,6875.0,4583.00244140625,5823700,0.0,0.0,yfinance_raw_daily
2016-05-23,6850.0,6900.0,6825.0,6875.0,4583.00244140625,5453800,0.0,0.0,yfinance_raw_daily
2016-05-24,6875.0,6950.0,6850.0,6850.0,4566.3359375,3799600,0.0,0.0,yfinance_raw_daily
2016-05-25,6950.0,7050.0,6900.0,7025.0,4682.99365234375,4419200,0.0,0.0,yfinance_raw_daily
2016-05-26,6925.0,7025.0,6925.0,6975.0,4649.66357421875,2151600,0.0,0.0,yfinance_raw_daily
2016-05-27,6975.0,7100.0,6950.0,7075.0,4716.32568359375,4700200,0.0,0.0,yfinance_raw_daily
2016-05-30,7050.0,7075.0,6950.0,7000.0,4666.328125,3288800,0.0,0.0,yfinance_raw_daily
2016-05-31,7000.0,7025.0,6900.0,6925.0,4616.33203125,14228800,0.0,0.0,yfinance_raw_daily
2016-06-01,6925.0,7000.0,6875.0,6975.0,4649.66357421875,4924400,0.0,0.0,yfinance_raw_daily
2016-06-02,7025.0,7175.0,7000.0,7125.0,4749.65625,7227100,0.0,0.0,yfinance_raw_daily
2016-06-03,7175.0,7175.0,7125.0,7175.0,4782.9873046875,3791400,0.0,0.0,yfinance_raw_daily
2016-06-06,7200.0,7400.0,7175.0,7325.0,4882.97998046875,27686700,0.0,0.0,yfinance_raw_daily
2016-06-07,7400.0,7400.0,7300.0,7350.0,4899.64501953125,10621500,0.0,0.0,yfinance_raw_daily
2016-06-08,7300.0,7350.0,7200.0,7325.0,4882.97998046875,6427200,0.0,0.0,yfinance_raw_daily
2016-06-09,7300.0,7300.0,7200.0,7200.0,4799.65234375,4887200,0.0,0.0,yfinance_raw_daily
2016-06-10,7300.0,7325.0,7225.0,7300.0,4866.314453125,5186100,0.0,0.0,yfinance_raw_daily
2016-06-13,7200.0,7225.0,7125.0,7150.0,4878.59619140625,3300700,168.0,0.0,yfinance_raw_daily
2016-06-14,7100.0,7150.0,7025.0,7150.0,4878.59619140625,3496500,0.0,0.0,yfinance_raw_daily
2016-06-15,7050.0,7175.0,7050.0,7175.0,4895.65478515625,4623300,0.0,0.0,yfinance_raw_daily
2016-06-16,7025.0,7100.0,7025.0,7050.0,4810.36376953125,4878500,0.0,0.0,yfinance_raw_daily
2016-06-17,7050.0,7100.0,7000.0,7050.0,4810.36376953125,6180200,0.0,0.0,yfinance_raw_daily
2016-06-20,7025.0,7050.0,6950.0,7050.0,4810.36376953125,6634800,0.0,0.0,yfinance_raw_daily
2016-06-21,7050.0,7075.0,6900.0,7000.0,4776.24853515625,9315800,0.0,0.0,yfinance_raw_daily
2016-06-22,6975.0,7175.0,6975.0,7100.0,4844.47998046875,12399900,0.0,0.0,yfinance_raw_daily
2016-06-23,7100.0,7150.0,7000.0,7000.0,4776.24853515625,9390000,0.0,0.0,yfinance_raw_daily
2016-06-24,7100.0,7100.0,6900.0,7050.0,4810.36376953125,11698700,0.0,0.0,yfinance_raw_daily
2016-06-27,7050.0,7050.0,6950.0,7000.0,4776.24853515625,4664300,0.0,0.0,yfinance_raw_daily
2016-06-28,7050.0,7225.0,7000.0,7175.0,4895.65478515625,9237900,0.0,0.0,yfinance_raw_daily
2016-06-29,7225.0,7250.0,7175.0,7225.0,4929.7705078125,12556500,0.0,0.0,yfinance_raw_daily
2016-06-30,7225.0,7275.0,7125.0,7250.0,4946.82861328125,7664500,0.0,0.0,yfinance_raw_daily
2016-07-01,7275.0,7275.0,6975.0,7025.0,4793.30615234375,9986500,0.0,0.0,yfinance_raw_daily
2016-07-11,7100.0,7200.0,7050.0,7200.0,4912.7119140625,12880400,0.0,0.0,yfinance_raw_daily
2016-07-12,7200.0,7300.0,7050.0,7200.0,4912.7119140625,16340600,0.0,0.0,yfinance_raw_daily
2016-07-13,7250.0,7275.0,7075.0,7200.0,4912.7119140625,8252500,0.0,0.0,yfinance_raw_daily
2016-07-14,7200.0,7250.0,7100.0,7100.0,4844.47998046875,6913800,0.0,0.0,yfinance_raw_daily
2016-07-15,7100.0,7225.0,7075.0,7125.0,4861.5380859375,5016900,0.0,0.0,yfinance_raw_daily
2016-07-18,7200.0,7250.0,7125.0,7250.0,4946.82861328125,6442500,0.0,0.0,yfinance_raw_daily
2016-07-19,7300.0,7675.0,7250.0,7550.0,5151.52490234375,26827200,0.0,0.0,yfinance_raw_daily
2016-07-20,7550.0,7575.0,7400.0,7475.0,5100.3505859375,8201900,0.0,0.0,yfinance_raw_daily
2016-07-21,7500.0,7525.0,7425.0,7425.0,5066.234375,9914900,0.0,0.0,yfinance_raw_daily
2016-07-22,7425.0,7425.0,7300.0,7350.0,5015.06005859375,10552200,0.0,0.0,yfinance_raw_daily
2016-07-25,7300.0,7450.0,7300.0,7400.0,5049.1767578125,6079500,0.0,0.0,yfinance_raw_daily
2016-07-26,7450.0,7650.0,7400.0,7650.0,5219.75634765625,10384200,0.0,0.0,yfinance_raw_daily
2016-07-27,7700.0,8125.0,7650.0,8000.0,5458.5693359375,29042900,0.0,0.0,yfinance_raw_daily
2016-07-28,8025.0,8725.0,8025.0,8450.0,5765.61474609375,26761500,0.0,0.0,yfinance_raw_daily
2016-07-29,8300.0,8600.0,8200.0,8325.0,5680.32275390625,14191300,0.0,0.0,yfinance_raw_daily
2016-08-01,8325.0,8500.0,8325.0,8400.0,5731.49755859375,11058400,0.0,0.0,yfinance_raw_daily
2016-08-02,8225.0,8475.0,8225.0,8325.0,5680.32275390625,5048500,0.0,0.0,yfinance_raw_daily
2016-08-03,8250.0,8400.0,8250.0,8375.0,5714.439453125,17512400,0.0,0.0,yfinance_raw_daily
2016-08-04,8450.0,8475.0,8175.0,8250.0,5629.14990234375,6934800,0.0,0.0,yfinance_raw_daily
2016-08-05,8350.0,8400.0,8250.0,8400.0,5731.49755859375,6083400,0.0,0.0,yfinance_raw_daily
2016-08-08,8450.0,8500.0,8375.0,8500.0,5799.72998046875,4926100,0.0,0.0,yfinance_raw_daily
2016-08-09,8400.0,8500.0,8175.0,8275.0,5646.20751953125,5228000,0.0,0.0,yfinance_raw_daily
2016-08-10,8275.0,8275.0,8050.0,8100.0,5526.80126953125,5218300,0.0,0.0,yfinance_raw_daily
2016-08-11,8200.0,8225.0,7850.0,8050.0,5492.68505859375,7547600,0.0,0.0,yfinance_raw_daily
2016-08-12,8125.0,8125.0,8000.0,8100.0,5526.80126953125,7190400,0.0,0.0,yfinance_raw_daily
2016-08-15,8200.0,8200.0,7850.0,7900.0,5390.33740234375,5844700,0.0,0.0,yfinance_raw_daily
2016-08-16,8000.0,8000.0,7825.0,7900.0,5390.33740234375,7063000,0.0,0.0,yfinance_raw_daily
2016-08-18,7950.0,8300.0,7925.0,8250.0,5629.14990234375,9655600,0.0,0.0,yfinance_raw_daily
2016-08-19,8325.0,8325.0,8050.0,8050.0,5492.68505859375,4937100,0.0,0.0,yfinance_raw_daily
2016-08-22,8200.0,8200.0,7900.0,7925.0,5407.3955078125,8772200,0.0,0.0,yfinance_raw_daily
2016-08-23,7925.0,7950.0,7750.0,7900.0,5390.33740234375,13962100,0.0,0.0,yfinance_raw_daily
2016-08-24,7950.0,7950.0,7825.0,7900.0,5390.33740234375,12449700,0.0,0.0,yfinance_raw_daily
2016-08-25,7900.0,7975.0,7875.0,7950.0,5424.45263671875,26014200,0.0,0.0,yfinance_raw_daily
2016-08-26,7975.0,8000.0,7875.0,7925.0,5407.3955078125,7442300,0.0,0.0,yfinance_raw_daily
2016-08-29,7900.0,7925.0,7775.0,7925.0,5407.3955078125,4721100,0.0,0.0,yfinance_raw_daily
2016-08-30,7925.0,7950.0,7850.0,7900.0,5390.33740234375,8172800,0.0,0.0,yfinance_raw_daily
2016-08-31,7925.0,8200.0,7850.0,7925.0,5407.3955078125,35279600,0.0,0.0,yfinance_raw_daily
2016-09-01,8000.0,8075.0,7950.0,8000.0,5458.5693359375,13086600,0.0,0.0,yfinance_raw_daily
2016-09-02,8025.0,8025.0,7950.0,8000.0,5458.5693359375,17771900,0.0,0.0,yfinance_raw_daily
2016-09-05,8075.0,8200.0,8025.0,8125.0,5543.85888671875,24273600,0.0,0.0,yfinance_raw_daily
2016-09-06,8175.0,8375.0,8175.0,8375.0,5714.439453125,27363300,0.0,0.0,yfinance_raw_daily
2016-09-07,8450.0,8725.0,8425.0,8525.0,5816.78759765625,43671000,0.0,0.0,yfinance_raw_daily
2016-09-08,8525.0,8550.0,8400.0,8425.0,5748.5556640625,5837600,0.0,0.0,yfinance_raw_daily
2016-09-09,8425.0,8425.0,8150.0,8200.0,5595.033203125,11756300,0.0,0.0,yfinance_raw_daily
2016-09-13,8025.0,8200.0,7975.0,8175.0,5577.974609375,7523200,0.0,0.0,yfinance_raw_daily
2016-09-14,8050.0,8100.0,7950.0,8000.0,5458.5693359375,11160200,0.0,0.0,yfinance_raw_daily
2016-09-15,8000.0,8475.0,7950.0,8475.0,5782.671875,19580600,0.0,0.0,yfinance_raw_daily
2016-09-16,8550.0,8550.0,8300.0,8475.0,5782.671875,11817400,0.0,0.0,yfinance_raw_daily
2016-09-19,8475.0,8525.0,8400.0,8400.0,5731.49755859375,3849900,0.0,0.0,yfinance_raw_daily
2016-09-20,8400.0,8400.0,8275.0,8350.0,5697.38134765625,2238900,0.0,0.0,yfinance_raw_daily
2016-09-21,8400.0,8600.0,8250.0,8600.0,5867.96240234375,10942000,0.0,0.0,yfinance_raw_daily
2016-09-22,8625.0,8750.0,8550.0,8675.0,5919.13623046875,9009000,0.0,0.0,yfinance_raw_daily
2016-09-23,8750.0,8925.0,8700.0,8875.0,6055.60009765625,14196400,0.0,0.0,yfinance_raw_daily
2016-09-26,8800.0,8800.0,8650.0,8750.0,5970.31103515625,7288300,0.0,0.0,yfinance_raw_daily
2016-09-27,8650.0,9125.0,8625.0,9125.0,6226.18017578125,11017200,0.0,0.0,yfinance_raw_daily
2016-09-28,8825.0,9100.0,8825.0,9000.0,6140.890625,15543200,0.0,0.0,yfinance_raw_daily
2016-09-29,9050.0,9200.0,9050.0,9150.0,6243.23779296875,8495200,0.0,0.0,yfinance_raw_daily
2016-09-30,9100.0,9125.0,8700.0,8700.0,5936.19482421875,12719500,0.0,0.0,yfinance_raw_daily
2016-10-03,8825.0,9175.0,8825.0,9150.0,6243.23779296875,7491600,0.0,0.0,yfinance_raw_daily
2016-10-04,9200.0,9200.0,8925.0,8925.0,6089.716796875,6970100,0.0,0.0,yfinance_raw_daily
2016-10-05,8875.0,8900.0,8700.0,8900.0,6072.658203125,5222100,0.0,0.0,yfinance_raw_daily
2016-10-06,8825.0,8975.0,8800.0,8900.0,6072.658203125,4708900,0.0,0.0,yfinance_raw_daily
2016-10-07,8975.0,8975.0,8825.0,8900.0,6072.658203125,2914700,0.0,0.0,yfinance_raw_daily
2016-10-10,8975.0,8975.0,8700.0,8725.0,5953.251953125,3208900,0.0,0.0,yfinance_raw_daily
2016-10-11,8900.0,8950.0,8700.0,8925.0,6089.716796875,11488300,0.0,0.0,yfinance_raw_daily
2016-10-12,8900.0,8950.0,8800.0,8925.0,6089.716796875,4556800,0.0,0.0,yfinance_raw_daily
2016-10-13,8825.0,8900.0,8700.0,8700.0,5936.19482421875,5373200,0.0,0.0,yfinance_raw_daily
2016-10-14,8750.0,8875.0,8600.0,8825.0,6021.484375,8629900,0.0,0.0,yfinance_raw_daily
2016-10-17,8700.0,8800.0,8625.0,8625.0,5885.0205078125,6431000,0.0,0.0,yfinance_raw_daily
2016-10-18,8600.0,8700.0,8550.0,8650.0,5902.07763671875,8060300,0.0,0.0,yfinance_raw_daily
2016-10-19,8625.0,8650.0,8525.0,8550.0,5833.84619140625,8421500,0.0,0.0,yfinance_raw_daily
2016-10-20,8550.0,8625.0,8475.0,8600.0,5867.96240234375,20371700,0.0,0.0,yfinance_raw_daily
2016-10-21,8625.0,8800.0,8600.0,8725.0,5953.251953125,11929900,0.0,0.0,yfinance_raw_daily
2016-10-24,8750.0,8775.0,8725.0,8725.0,5953.251953125,6274400,0.0,0.0,yfinance_raw_daily
2016-10-25,8750.0,8750.0,8525.0,8525.0,5816.78759765625,7269400,0.0,0.0,yfinance_raw_daily
2016-10-26,8525.0,8575.0,8400.0,8525.0,5816.78759765625,11709800,0.0,0.0,yfinance_raw_daily
2016-10-27,8550.0,8625.0,8450.0,8625.0,5885.0205078125,6210800,0.0,0.0,yfinance_raw_daily
2016-10-28,8650.0,8650.0,8500.0,8525.0,5816.78759765625,8609600,0.0,0.0,yfinance_raw_daily
2016-10-31,8575.0,8600.0,8500.0,8500.0,5799.72998046875,8062100,0.0,0.0,yfinance_raw_daily
2016-11-01,8525.0,8525.0,8425.0,8500.0,5799.72998046875,6441900,0.0,0.0,yfinance_raw_daily
2016-11-02,8500.0,8500.0,8425.0,8450.0,5765.61474609375,4306400,0.0,0.0,yfinance_raw_daily
2016-11-03,8475.0,8500.0,8150.0,8200.0,5595.033203125,11030000,0.0,0.0,yfinance_raw_daily
2016-11-04,8275.0,8275.0,8050.0,8175.0,5577.974609375,8128400,0.0,0.0,yfinance_raw_daily
2016-11-07,8175.0,8225.0,8100.0,8150.0,5560.91748046875,13029600,0.0,0.0,yfinance_raw_daily
2016-11-08,8225.0,8425.0,8225.0,8375.0,5714.439453125,12279900,0.0,0.0,yfinance_raw_daily
2016-11-09,8450.0,8450.0,8075.0,8200.0,5595.033203125,14384200,0.0,0.0,yfinance_raw_daily
2016-11-10,8300.0,8350.0,8250.0,8300.0,5663.26513671875,13305400,0.0,0.0,yfinance_raw_daily
2016-11-11,8200.0,8200.0,7675.0,7675.0,5236.81494140625,16300600,0.0,0.0,yfinance_raw_daily
2016-11-14,7550.0,7775.0,7225.0,7600.0,5185.64013671875,29160300,0.0,0.0,yfinance_raw_daily
2016-11-15,7700.0,7775.0,7500.0,7600.0,5185.64013671875,15813900,0.0,0.0,yfinance_raw_daily
2016-11-16,7700.0,7850.0,7650.0,7700.0,5253.873046875,13864800,0.0,0.0,yfinance_raw_daily
2016-11-17,7750.0,7825.0,7625.0,7825.0,5339.1630859375,6190200,0.0,0.0,yfinance_raw_daily
2016-11-18,7700.0,7800.0,7650.0,7775.0,5305.0478515625,7473300,0.0,0.0,yfinance_raw_daily
2016-11-21,7650.0,7800.0,7625.0,7800.0,5322.10498046875,11781400,0.0,0.0,yfinance_raw_daily
2016-11-22,7700.0,7800.0,7600.0,7700.0,5253.873046875,13076500,0.0,0.0,yfinance_raw_daily
2016-11-23,7725.0,7750.0,7575.0,7700.0,5253.873046875,12067000,0.0,0.0,yfinance_raw_daily
2016-11-24,7650.0,7675.0,7425.0,7450.0,5083.29248046875,10919500,0.0,0.0,yfinance_raw_daily
2016-11-25,7400.0,7525.0,7350.0,7425.0,5066.234375,4395000,0.0,0.0,yfinance_raw_daily
2016-11-28,7475.0,7475.0,7225.0,7325.0,4998.00244140625,5872600,0.0,0.0,yfinance_raw_daily
2016-11-29,7375.0,7550.0,7375.0,7525.0,5134.46630859375,5857700,0.0,0.0,yfinance_raw_daily
2016-11-30,7575.0,7700.0,7500.0,7575.0,5168.5830078125,43279600,0.0,0.0,yfinance_raw_daily
2016-12-01,7625.0,7725.0,7625.0,7700.0,5253.873046875,12731500,0.0,0.0,yfinance_raw_daily
2016-12-02,7700.0,7700.0,7375.0,7450.0,5083.29248046875,29875200,0.0,0.0,yfinance_raw_daily
2016-12-05,7500.0,7575.0,7450.0,7525.0,5134.46630859375,12187400,0.0,0.0,yfinance_raw_daily
2016-12-06,7575.0,7625.0,7500.0,7500.0,5117.40869140625,7695100,0.0,0.0,yfinance_raw_daily
2016-12-07,7500.0,7900.0,7500.0,7875.0,5373.27978515625,19907700,0.0,0.0,yfinance_raw_daily
2016-12-08,7875.0,8100.0,7750.0,8100.0,5526.80126953125,13527300,0.0,0.0,yfinance_raw_daily
2016-12-09,8000.0,8100.0,7950.0,8050.0,5492.68505859375,4342800,0.0,0.0,yfinance_raw_daily
2016-12-13,8050.0,8125.0,7925.0,8125.0,5543.85888671875,12477200,0.0,0.0,yfinance_raw_daily
2016-12-14,8075.0,8100.0,7900.0,7975.0,5441.51123046875,7594000,0.0,0.0,yfinance_raw_daily
2016-12-15,7900.0,7975.0,7825.0,7975.0,5441.51123046875,3768900,0.0,0.0,yfinance_raw_daily
2016-12-16,7825.0,7975.0,7750.0,7750.0,5287.98876953125,8485200,0.0,0.0,yfinance_raw_daily
2016-12-19,7800.0,7925.0,7700.0,7700.0,5253.873046875,3746100,0.0,0.0,yfinance_raw_daily
2016-12-20,7650.0,7750.0,7575.0,7625.0,5202.69873046875,3404200,0.0,0.0,yfinance_raw_daily
2016-12-21,7500.0,7650.0,7375.0,7375.0,5032.1181640625,9314500,0.0,0.0,yfinance_raw_daily
2016-12-22,7375.0,7425.0,7200.0,7250.0,4946.82861328125,5084100,0.0,0.0,yfinance_raw_daily
2016-12-23,7200.0,7400.0,7200.0,7275.0,4963.88623046875,6158300,0.0,0.0,yfinance_raw_daily
2016-12-27,7300.0,7650.0,7300.0,7650.0,5219.75634765625,4380100,0.0,0.0,yfinance_raw_daily
2016-12-28,7700.0,7775.0,7625.0,7625.0,5202.69873046875,4977800,0.0,0.0,yfinance_raw_daily
2016-12-29,7550.0,7925.0,7550.0,7850.0,5356.22119140625,11993900,0.0,0.0,yfinance_raw_daily
2016-12-30,8000.0,8000.0,7850.0,7925.0,5407.3955078125,8171400,0.0,0.0,yfinance_raw_daily
2017-01-02,7925.0,7925.0,7925.0,7925.0,5407.3955078125,0,0.0,0.0,yfinance_raw_daily
2017-01-03,7975.0,7975.0,7725.0,7725.0,5270.93115234375,5389900,0.0,0.0,yfinance_raw_daily
2017-01-04,7800.0,7850.0,7750.0,7800.0,5322.10498046875,4002000,0.0,0.0,yfinance_raw_daily
2017-01-05,7775.0,8000.0,7775.0,8000.0,5458.5693359375,6301900,0.0,0.0,yfinance_raw_daily
2017-01-06,8000.0,8075.0,7950.0,8025.0,5475.626953125,5791100,0.0,0.0,yfinance_raw_daily
2017-01-09,8000.0,8025.0,7800.0,7825.0,5339.1630859375,8242700,0.0,0.0,yfinance_raw_daily
2017-01-10,7800.0,7975.0,7700.0,7975.0,5441.51123046875,3999400,0.0,0.0,yfinance_raw_daily
2017-01-11,7950.0,7950.0,7850.0,7950.0,5424.45263671875,5501200,0.0,0.0,yfinance_raw_daily
2017-01-12,7825.0,7900.0,7825.0,7875.0,5373.27978515625,4348600,0.0,0.0,yfinance_raw_daily
2017-01-13,7825.0,7875.0,7750.0,7875.0,5373.27978515625,5265200,0.0,0.0,yfinance_raw_daily
2017-01-16,7900.0,7900.0,7800.0,7800.0,5322.10498046875,3164200,0.0,0.0,yfinance_raw_daily
2017-01-17,7800.0,7925.0,7800.0,7800.0,5322.10498046875,2975800,0.0,0.0,yfinance_raw_daily
2017-01-18,7850.0,7975.0,7850.0,7950.0,5424.45263671875,6164100,0.0,0.0,yfinance_raw_daily
2017-01-19,8000.0,8050.0,7950.0,8025.0,5475.626953125,15221600,0.0,0.0,yfinance_raw_daily
2017-01-20,8025.0,8050.0,7925.0,8050.0,5492.68505859375,5446100,0.0,0.0,yfinance_raw_daily
2017-01-23,8050.0,8100.0,7975.0,8100.0,5526.80126953125,5644600,0.0,0.0,yfinance_raw_daily
2017-01-24,8125.0,8150.0,7975.0,8000.0,5458.5693359375,5629400,0.0,0.0,yfinance_raw_daily
2017-01-25,8000.0,8050.0,7925.0,8000.0,5458.5693359375,5232200,0.0,0.0,yfinance_raw_daily
2017-01-26,8075.0,8075.0,7950.0,8000.0,5458.5693359375,3434400,0.0,0.0,yfinance_raw_daily
2017-01-27,7950.0,8050.0,7925.0,8000.0,5458.5693359375,4757000,0.0,0.0,yfinance_raw_daily
2017-01-30,7925.0,8000.0,7800.0,7800.0,5322.10498046875,6930900,0.0,0.0,yfinance_raw_daily
2017-01-31,7900.0,8000.0,7850.0,7925.0,5407.3955078125,5304400,0.0,0.0,yfinance_raw_daily
2017-02-01,7975.0,8025.0,7925.0,7925.0,5407.3955078125,6561800,0.0,0.0,yfinance_raw_daily
2017-02-02,7900.0,8000.0,7875.0,7925.0,5407.3955078125,12175000,0.0,0.0,yfinance_raw_daily
2017-02-03,8000.0,8000.0,7875.0,7875.0,5373.27978515625,10019500,0.0,0.0,yfinance_raw_daily
2017-02-06,7875.0,7975.0,7875.0,7950.0,5424.45263671875,4396800,0.0,0.0,yfinance_raw_daily
2017-02-07,7900.0,7975.0,7900.0,7925.0,5407.3955078125,5169800,0.0,0.0,yfinance_raw_daily
2017-02-08,7900.0,8000.0,7900.0,7950.0,5424.45263671875,5632300,0.0,0.0,yfinance_raw_daily
2017-02-09,8050.0,8050.0,7900.0,7950.0,5424.45263671875,13166700,0.0,0.0,yfinance_raw_daily
2017-02-10,7950.0,8025.0,7950.0,8000.0,5458.5693359375,4119300,0.0,0.0,yfinance_raw_daily
2017-02-13,8050.0,8050.0,7950.0,8000.0,5458.5693359375,9040100,0.0,0.0,yfinance_raw_daily
2017-02-14,8000.0,8025.0,7950.0,7975.0,5441.51123046875,8175600,0.0,0.0,yfinance_raw_daily
2017-02-15,7975.0,7975.0,7975.0,7975.0,5441.51123046875,0,0.0,0.0,yfinance_raw_daily
2017-02-16,8025.0,8125.0,8000.0,8000.0,5458.5693359375,7016400,0.0,0.0,yfinance_raw_daily
2017-02-17,8000.0,8075.0,7950.0,8000.0,5458.5693359375,2499100,0.0,0.0,yfinance_raw_daily
2017-02-20,7975.0,8150.0,7975.0,8125.0,5543.85888671875,3241000,0.0,0.0,yfinance_raw_daily
2017-02-21,8125.0,8200.0,8100.0,8150.0,5560.91748046875,8230600,0.0,0.0,yfinance_raw_daily
2017-02-22,8150.0,8200.0,8075.0,8125.0,5543.85888671875,12770300,0.0,0.0,yfinance_raw_daily
2017-02-23,8125.0,8125.0,8000.0,8075.0,5509.7431640625,4173100,0.0,0.0,yfinance_raw_daily
2017-02-24,7975.0,8150.0,7975.0,8100.0,5526.80126953125,3257300,0.0,0.0,yfinance_raw_daily
2017-02-27,8100.0,8100.0,7975.0,7975.0,5441.51123046875,3414400,0.0,0.0,yfinance_raw_daily
2017-02-28,7950.0,8125.0,7950.0,8125.0,5543.85888671875,7012500,0.0,0.0,yfinance_raw_daily
2017-03-01,8150.0,8175.0,8000.0,8000.0,5458.5693359375,7024400,0.0,0.0,yfinance_raw_daily
2017-03-02,8100.0,8150.0,8025.0,8025.0,5475.626953125,6605000,0.0,0.0,yfinance_raw_daily
2017-03-03,8100.0,8100.0,8000.0,8050.0,5492.68505859375,5377900,0.0,0.0,yfinance_raw_daily
2017-03-06,8050.0,8100.0,8025.0,8075.0,5509.7431640625,3315200,0.0,0.0,yfinance_raw_daily
2017-03-07,8050.0,8075.0,7975.0,8025.0,5475.626953125,3497600,0.0,0.0,yfinance_raw_daily
2017-03-08,7975.0,8050.0,7950.0,7975.0,5441.51123046875,3772200,0.0,0.0,yfinance_raw_daily
2017-03-09,7925.0,8000.0,7925.0,8000.0,5458.5693359375,2017800,0.0,0.0,yfinance_raw_daily
2017-03-10,8050.0,8050.0,7875.0,7925.0,5407.3955078125,4617900,0.0,0.0,yfinance_raw_daily
2017-03-13,7925.0,8000.0,7875.0,7950.0,5424.45263671875,1300000,0.0,0.0,yfinance_raw_daily
2017-03-14,7875.0,8000.0,7875.0,7925.0,5407.3955078125,17856800,0.0,0.0,yfinance_raw_daily
2017-03-15,7925.0,8075.0,7925.0,7975.0,5441.51123046875,6909400,0.0,0.0,yfinance_raw_daily
2017-03-16,8050.0,8375.0,8050.0,8300.0,5663.26513671875,15511000,0.0,0.0,yfinance_raw_daily
2017-03-17,8375.0,8525.0,8275.0,8325.0,5680.32275390625,17094300,0.0,0.0,yfinance_raw_daily
2017-03-20,8325.0,8325.0,8100.0,8175.0,5577.974609375,6339500,0.0,0.0,yfinance_raw_daily
2017-03-21,8225.0,8225.0,8000.0,8125.0,5543.85888671875,9418800,0.0,0.0,yfinance_raw_daily
2017-03-22,8075.0,8100.0,7975.0,8100.0,5526.80126953125,14244800,0.0,0.0,yfinance_raw_daily
2017-03-23,8100.0,8150.0,8025.0,8075.0,5509.7431640625,5941800,0.0,0.0,yfinance_raw_daily
2017-03-24,8200.0,8300.0,8025.0,8050.0,5492.68505859375,14880900,0.0,0.0,yfinance_raw_daily
2017-03-27,8125.0,8125.0,7950.0,7950.0,5424.45263671875,9061400,0.0,0.0,yfinance_raw_daily
2017-03-29,8050.0,8150.0,7950.0,8000.0,5458.5693359375,18234400,0.0,0.0,yfinance_raw_daily
2017-03-30,8025.0,8050.0,7950.0,8000.0,5458.5693359375,7205400,0.0,0.0,yfinance_raw_daily
2017-03-31,8025.0,8025.0,7950.0,8000.0,5458.5693359375,10022300,0.0,0.0,yfinance_raw_daily
2017-04-03,7950.0,8075.0,7950.0,8000.0,5458.5693359375,5892000,0.0,0.0,yfinance_raw_daily
2017-04-04,8050.0,8100.0,7975.0,8075.0,5509.7431640625,8092000,0.0,0.0,yfinance_raw_daily
2017-04-05,8100.0,8100.0,7925.0,7975.0,5441.51123046875,13999200,0.0,0.0,yfinance_raw_daily
2017-04-06,8025.0,8025.0,7950.0,8000.0,5458.5693359375,4195500,0.0,0.0,yfinance_raw_daily
2017-04-07,7950.0,8000.0,7925.0,7975.0,5441.51123046875,7729500,0.0,0.0,yfinance_raw_daily
2017-04-10,7975.0,8000.0,7925.0,7975.0,5441.51123046875,6438400,0.0,0.0,yfinance_raw_daily
2017-04-11,7950.0,8000.0,7950.0,7975.0,5441.51123046875,9772700,0.0,0.0,yfinance_raw_daily
2017-04-12,7975.0,8075.0,7925.0,7975.0,5441.51123046875,4027900,0.0,0.0,yfinance_raw_daily
2017-04-13,8000.0,8000.0,7925.0,7975.0,5441.51123046875,3379400,0.0,0.0,yfinance_raw_daily
2017-04-17,7950.0,8000.0,7925.0,7975.0,5441.51123046875,5392700,0.0,0.0,yfinance_raw_daily
2017-04-18,7975.0,8000.0,7950.0,7950.0,5424.45263671875,5197600,0.0,0.0,yfinance_raw_daily
2017-04-19,7950.0,7950.0,7950.0,7950.0,5424.45263671875,0,0.0,0.0,yfinance_raw_daily
2017-04-20,7925.0,8000.0,7925.0,7950.0,5424.45263671875,4689400,0.0,0.0,yfinance_raw_daily
2017-04-21,7925.0,8100.0,7925.0,8025.0,5475.626953125,5063500,0.0,0.0,yfinance_raw_daily
2017-04-25,8100.0,8125.0,8025.0,8100.0,5526.80126953125,7333600,0.0,0.0,yfinance_raw_daily
2017-04-26,8125.0,8175.0,8075.0,8125.0,5543.85888671875,9944100,0.0,0.0,yfinance_raw_daily
2017-04-27,8225.0,8500.0,8200.0,8450.0,5765.61474609375,63743900,0.0,0.0,yfinance_raw_daily
2017-04-28,8525.0,8525.0,8350.0,8375.0,5714.439453125,14963600,0.0,0.0,yfinance_raw_daily
2017-05-02,8325.0,8500.0,8300.0,8425.0,5748.5556640625,13445900,0.0,0.0,yfinance_raw_daily
2017-05-03,8500.0,8550.0,8400.0,8475.0,5782.671875,22302800,0.0,0.0,yfinance_raw_daily
2017-05-04,8475.0,8525.0,8425.0,8475.0,5782.671875,17737700,0.0,0.0,yfinance_raw_daily
2017-05-05,8500.0,8500.0,8400.0,8475.0,5782.671875,7505100,0.0,0.0,yfinance_raw_daily
2017-05-08,8500.0,8575.0,8425.0,8450.0,5765.61474609375,13372200,0.0,0.0,yfinance_raw_daily
2017-05-09,8525.0,8525.0,8450.0,8475.0,5782.671875,7634800,0.0,0.0,yfinance_raw_daily
2017-05-10,8500.0,8525.0,8325.0,8400.0,5731.49755859375,7460500,0.0,0.0,yfinance_raw_daily
2017-05-12,8300.0,8500.0,8300.0,8475.0,5782.671875,6216200,0.0,0.0,yfinance_raw_daily
2017-05-15,8475.0,8500.0,8400.0,8475.0,5782.671875,3717300,0.0,0.0,yfinance_raw_daily
2017-05-16,8525.0,8525.0,8375.0,8375.0,5714.439453125,7650800,0.0,0.0,yfinance_raw_daily
2017-05-17,8350.0,8500.0,8325.0,8475.0,5782.671875,14161700,0.0,0.0,yfinance_raw_daily
2017-05-18,8350.0,8500.0,8325.0,8450.0,5765.61474609375,17968600,0.0,0.0,yfinance_raw_daily
2017-05-19,8450.0,9000.0,8400.0,8650.0,5902.07763671875,12826900,0.0,0.0,yfinance_raw_daily
2017-05-22,8775.0,8800.0,8575.0,8700.0,5936.19482421875,22704000,0.0,0.0,yfinance_raw_daily
2017-05-23,8725.0,8800.0,8650.0,8800.0,6004.42578125,16512000,0.0,0.0,yfinance_raw_daily
2017-05-24,8600.0,8800.0,8600.0,8800.0,6004.42578125,13258200,0.0,0.0,yfinance_raw_daily
2017-05-26,8725.0,8800.0,8650.0,8750.0,5970.31103515625,10230300,0.0,0.0,yfinance_raw_daily
2017-05-29,8800.0,8850.0,8700.0,8850.0,6038.54248046875,2667300,0.0,0.0,yfinance_raw_daily
2017-05-30,8900.0,8925.0,8750.0,8775.0,5987.3671875,9242600,0.0,0.0,yfinance_raw_daily
2017-05-31,8775.0,8775.0,8650.0,8750.0,5970.31103515625,13099200,0.0,0.0,yfinance_raw_daily
2017-06-01,8750.0,8750.0,8750.0,8750.0,5970.31103515625,0,0.0,0.0,yfinance_raw_daily
2017-06-02,8850.0,8850.0,8700.0,8825.0,6021.484375,7398200,0.0,0.0,yfinance_raw_daily
2017-06-05,8875.0,8900.0,8800.0,8875.0,6055.60009765625,4884500,0.0,0.0,yfinance_raw_daily
2017-06-06,8925.0,8950.0,8875.0,8875.0,6055.60009765625,7211900,0.0,0.0,yfinance_raw_daily
2017-06-07,8875.0,8950.0,8875.0,8925.0,6089.716796875,3348100,0.0,0.0,yfinance_raw_daily
2017-06-08,8925.0,8950.0,8550.0,8600.0,5867.96240234375,44088100,0.0,0.0,yfinance_raw_daily
2017-06-09,8600.0,8600.0,8450.0,8500.0,5799.72998046875,27551100,0.0,0.0,yfinance_raw_daily
2017-06-12,8400.0,8500.0,8325.0,8475.0,5947.091796875,11935200,235.0,0.0,yfinance_raw_daily
2017-06-13,8475.0,8550.0,8450.0,8475.0,5947.091796875,14432200,0.0,0.0,yfinance_raw_daily
2017-06-14,8500.0,8550.0,8425.0,8550.0,5999.720703125,20291100,0.0,0.0,yfinance_raw_daily
2017-06-15,8550.0,8550.0,8475.0,8500.0,5964.634765625,16345000,0.0,0.0,yfinance_raw_daily
2017-06-16,8500.0,8525.0,8325.0,8325.0,5841.83251953125,16091100,0.0,0.0,yfinance_raw_daily
2017-06-19,8400.0,8425.0,8300.0,8325.0,5841.83251953125,11059000,0.0,0.0,yfinance_raw_daily
2017-06-20,8375.0,8525.0,8350.0,8500.0,5964.634765625,9129900,0.0,0.0,yfinance_raw_daily
2017-06-21,8450.0,8550.0,8400.0,8500.0,5964.634765625,7901700,0.0,0.0,yfinance_raw_daily
2017-06-22,8450.0,8625.0,8450.0,8600.0,6034.80712890625,13105900,0.0,0.0,yfinance_raw_daily
2017-06-23,8600.0,8600.0,8600.0,8600.0,6034.80712890625,0,0.0,0.0,yfinance_raw_daily
2017-06-26,8600.0,8600.0,8600.0,8600.0,6034.80712890625,0,0.0,0.0,yfinance_raw_daily
2017-06-27,8600.0,8600.0,8600.0,8600.0,6034.80712890625,0,0.0,0.0,yfinance_raw_daily
2017-06-28,8600.0,8600.0,8600.0,8600.0,6034.80712890625,0,0.0,0.0,yfinance_raw_daily
2017-06-29,8600.0,8600.0,8600.0,8600.0,6034.80712890625,0,0.0,0.0,yfinance_raw_daily
2017-06-30,8600.0,8600.0,8600.0,8600.0,6034.80712890625,0,0.0,0.0,yfinance_raw_daily
2017-07-03,8650.0,8775.0,8600.0,8775.0,6157.60693359375,13126900,0.0,0.0,yfinance_raw_daily
2017-07-04,8700.0,8750.0,8675.0,8750.0,6140.06591796875,11112700,0.0,0.0,yfinance_raw_daily
2017-07-05,8750.0,8750.0,8550.0,8750.0,6140.06591796875,8292900,0.0,0.0,yfinance_raw_daily
2017-07-06,8750.0,8750.0,8650.0,8750.0,6140.06591796875,4677100,0.0,0.0,yfinance_raw_daily
2017-07-07,8750.0,8750.0,8625.0,8750.0,6140.06591796875,7710200,0.0,0.0,yfinance_raw_daily
2017-07-10,8750.0,8750.0,8575.0,8600.0,6034.80712890625,4205200,0.0,0.0,yfinance_raw_daily
2017-07-11,8675.0,8675.0,8550.0,8675.0,6087.43603515625,5029200,0.0,0.0,yfinance_raw_daily
2017-07-12,8650.0,8700.0,8550.0,8700.0,6104.9794921875,7133400,0.0,0.0,yfinance_raw_daily
2017-07-13,8750.0,8800.0,8700.0,8750.0,6140.06591796875,9377600,0.0,0.0,yfinance_raw_daily
2017-07-14,8750.0,8800.0,8650.0,8775.0,6157.60693359375,4365900,0.0,0.0,yfinance_raw_daily
2017-07-17,8800.0,8800.0,8650.0,8775.0,6157.60693359375,4656000,0.0,0.0,yfinance_raw_daily
2017-07-18,8775.0,8775.0,8675.0,8775.0,6157.60693359375,3183700,0.0,0.0,yfinance_raw_daily
2017-07-19,8750.0,8750.0,8625.0,8675.0,6087.43603515625,5206000,0.0,0.0,yfinance_raw_daily
2017-07-20,8675.0,8775.0,8675.0,8775.0,6157.60693359375,2737900,0.0,0.0,yfinance_raw_daily
2017-07-21,8800.0,8800.0,8500.0,8575.0,6017.26416015625,7429900,0.0,0.0,yfinance_raw_daily
2017-07-24,8500.0,8725.0,8475.0,8725.0,6122.52197265625,4864600,0.0,0.0,yfinance_raw_daily
2017-07-25,8725.0,8725.0,8575.0,8725.0,6122.52197265625,6022900,0.0,0.0,yfinance_raw_daily
2017-07-26,8625.0,8725.0,8550.0,8625.0,6052.35009765625,4887700,0.0,0.0,yfinance_raw_daily
2017-07-27,8675.0,8675.0,8525.0,8600.0,6034.80712890625,4113200,0.0,0.0,yfinance_raw_daily
2017-07-28,8500.0,8625.0,8450.0,8600.0,6034.80712890625,7315500,0.0,0.0,yfinance_raw_daily
2017-07-31,8500.0,8600.0,8250.0,8375.0,5876.9189453125,12752100,0.0,0.0,yfinance_raw_daily
2017-08-01,8400.0,8450.0,8225.0,8300.0,5824.28955078125,9058200,0.0,0.0,yfinance_raw_daily
2017-08-02,8275.0,8350.0,8250.0,8300.0,5824.28955078125,4753300,0.0,0.0,yfinance_raw_daily
2017-08-03,8300.0,8350.0,8225.0,8250.0,5789.20458984375,6708500,0.0,0.0,yfinance_raw_daily
2017-08-04,8225.0,8325.0,8175.0,8225.0,5771.6611328125,6600200,0.0,0.0,yfinance_raw_daily
2017-08-07,8250.0,8350.0,8150.0,8200.0,5754.11767578125,6799900,0.0,0.0,yfinance_raw_daily
2017-08-08,8200.0,8400.0,8200.0,8400.0,5894.46240234375,4036400,0.0,0.0,yfinance_raw_daily
2017-08-09,8325.0,8400.0,8200.0,8400.0,5894.46240234375,7303600,0.0,0.0,yfinance_raw_daily
2017-08-10,8450.0,8475.0,8275.0,8450.0,5929.54931640625,3290400,0.0,0.0,yfinance_raw_daily
2017-08-11,8425.0,8425.0,8225.0,8250.0,5789.20458984375,6379900,0.0,0.0,yfinance_raw_daily
2017-08-14,8325.0,8350.0,8250.0,8250.0,5789.20458984375,2446300,0.0,0.0,yfinance_raw_daily
2017-08-15,8300.0,8350.0,8225.0,8325.0,5841.83251953125,2245000,0.0,0.0,yfinance_raw_daily
2017-08-16,8275.0,8375.0,8275.0,8375.0,5876.9189453125,4965000,0.0,0.0,yfinance_raw_daily
2017-08-17,8375.0,8375.0,8375.0,8375.0,5876.9189453125,0,0.0,0.0,yfinance_raw_daily
2017-08-18,8300.0,8450.0,8300.0,8400.0,5894.46240234375,3986300,0.0,0.0,yfinance_raw_daily
2017-08-21,8300.0,8375.0,8275.0,8300.0,5824.28955078125,3944700,0.0,0.0,yfinance_raw_daily
2017-08-22,8400.0,8400.0,8300.0,8325.0,5841.83251953125,4511500,0.0,0.0,yfinance_raw_daily
2017-08-23,8375.0,8375.0,8275.0,8350.0,5859.3759765625,4373400,0.0,0.0,yfinance_raw_daily
2017-08-24,8275.0,8425.0,8275.0,8400.0,5894.46240234375,4660700,0.0,0.0,yfinance_raw_daily
2017-08-25,8400.0,8600.0,8400.0,8600.0,6034.80712890625,6548800,0.0,0.0,yfinance_raw_daily
2017-08-28,8600.0,8625.0,8500.0,8625.0,6052.35009765625,1562800,0.0,0.0,yfinance_raw_daily
2017-08-29,8625.0,8700.0,8525.0,8675.0,6087.43603515625,3673100,0.0,0.0,yfinance_raw_daily
2017-08-30,8675.0,8700.0,8550.0,8675.0,6087.43603515625,5397500,0.0,0.0,yfinance_raw_daily
2017-08-31,8650.0,8650.0,8375.0,8375.0,5876.9189453125,7684600,0.0,0.0,yfinance_raw_daily
2017-09-01,8375.0,8375.0,8375.0,8375.0,5876.9189453125,0,0.0,0.0,yfinance_raw_daily
2017-09-04,8400.0,8450.0,8350.0,8375.0,5876.9189453125,4531000,0.0,0.0,yfinance_raw_daily
2017-09-05,8375.0,8400.0,8275.0,8375.0,5876.9189453125,3513700,0.0,0.0,yfinance_raw_daily
2017-09-06,8375.0,8400.0,8300.0,8375.0,5876.9189453125,4532000,0.0,0.0,yfinance_raw_daily
2017-09-07,8350.0,8550.0,8325.0,8525.0,5982.17724609375,4356300,0.0,0.0,yfinance_raw_daily
2017-09-08,8550.0,8675.0,8525.0,8650.0,6069.892578125,5785600,0.0,0.0,yfinance_raw_daily
2017-09-11,8650.0,8700.0,8575.0,8600.0,6034.80712890625,3978600,0.0,0.0,yfinance_raw_daily
2017-09-12,8650.0,8700.0,8575.0,8700.0,6104.9794921875,4194200,0.0,0.0,yfinance_raw_daily
2017-09-13,8700.0,8700.0,8575.0,8575.0,6017.26416015625,2842700,0.0,0.0,yfinance_raw_daily
2017-09-14,8550.0,8575.0,8500.0,8525.0,5982.17724609375,4132100,0.0,0.0,yfinance_raw_daily
2017-09-15,8525.0,8575.0,8425.0,8500.0,5964.634765625,11066600,0.0,0.0,yfinance_raw_daily
2017-09-18,8500.0,8600.0,8450.0,8475.0,5947.091796875,3842600,0.0,0.0,yfinance_raw_daily
2017-09-19,8475.0,8600.0,8400.0,8575.0,6017.26416015625,7630800,0.0,0.0,yfinance_raw_daily
2017-09-20,8550.0,8725.0,8500.0,8725.0,6122.52197265625,6021600,0.0,0.0,yfinance_raw_daily
2017-09-21,8725.0,8725.0,8725.0,8725.0,6122.52197265625,0,0.0,0.0,yfinance_raw_daily
2017-09-22,8750.0,8750.0,8525.0,8525.0,5982.17724609375,9517400,0.0,0.0,yfinance_raw_daily
2017-09-25,8525.0,8625.0,8525.0,8625.0,6052.35009765625,2846600,0.0,0.0,yfinance_raw_daily
2017-09-26,8600.0,8600.0,8475.0,8525.0,5982.17724609375,5980400,0.0,0.0,yfinance_raw_daily
2017-09-27,8550.0,8550.0,8450.0,8550.0,5999.720703125,7354500,0.0,0.0,yfinance_raw_daily
2017-09-28,8575.0,8575.0,8400.0,8400.0,5894.46240234375,6959900,0.0,0.0,yfinance_raw_daily
2017-09-29,8425.0,8575.0,8425.0,8425.0,5912.00537109375,7300700,0.0,0.0,yfinance_raw_daily
2017-10-02,8450.0,8550.0,8450.0,8550.0,5999.720703125,3636400,0.0,0.0,yfinance_raw_daily
2017-10-03,8550.0,8675.0,8500.0,8600.0,6034.80712890625,7394100,0.0,0.0,yfinance_raw_daily
2017-10-04,8675.0,8675.0,8525.0,8600.0,6034.80712890625,2437300,0.0,0.0,yfinance_raw_daily
2017-10-05,8600.0,8625.0,8425.0,8425.0,5912.00537109375,10440500,0.0,0.0,yfinance_raw_daily
2017-10-06,8425.0,8500.0,8400.0,8400.0,5894.46240234375,5878000,0.0,0.0,yfinance_raw_daily
2017-10-09,8400.0,8425.0,8325.0,8400.0,5894.46240234375,9358800,0.0,0.0,yfinance_raw_daily
2017-10-10,8400.0,8425.0,8350.0,8425.0,5912.00537109375,5187400,0.0,0.0,yfinance_raw_daily
2017-10-11,8400.0,8425.0,8275.0,8375.0,5876.9189453125,9194200,0.0,0.0,yfinance_raw_daily
2017-10-12,8350.0,8450.0,8350.0,8400.0,5894.46240234375,7717900,0.0,0.0,yfinance_raw_daily
2017-10-13,8400.0,8400.0,8325.0,8325.0,5841.83251953125,17438600,0.0,0.0,yfinance_raw_daily
2017-10-16,8325.0,8375.0,8250.0,8325.0,5841.83251953125,6637200,0.0,0.0,yfinance_raw_daily
2017-10-17,8325.0,8350.0,8200.0,8250.0,5789.20458984375,7392100,0.0,0.0,yfinance_raw_daily
2017-10-18,8250.0,8325.0,8175.0,8325.0,5841.83251953125,5620100,0.0,0.0,yfinance_raw_daily
2017-10-19,8325.0,8325.0,8150.0,8150.0,5719.0322265625,6156900,0.0,0.0,yfinance_raw_daily
2017-10-20,8225.0,8300.0,8175.0,8225.0,5771.6611328125,3576900,0.0,0.0,yfinance_raw_daily
2017-10-23,8250.0,8400.0,8250.0,8350.0,5859.3759765625,4812800,0.0,0.0,yfinance_raw_daily
2017-10-24,8400.0,8450.0,8325.0,8400.0,5894.46240234375,5353100,0.0,0.0,yfinance_raw_daily
2017-10-25,8350.0,8475.0,8350.0,8475.0,5947.091796875,4369200,0.0,0.0,yfinance_raw_daily
2017-10-26,8450.0,8500.0,8225.0,8475.0,5947.091796875,11333500,0.0,0.0,yfinance_raw_daily
2017-10-27,8475.0,8475.0,8250.0,8250.0,5789.20458984375,6246400,0.0,0.0,yfinance_raw_daily
2017-10-30,8325.0,8325.0,8150.0,8150.0,5719.0322265625,6944500,0.0,0.0,yfinance_raw_daily
2017-10-31,8300.0,8300.0,8200.0,8200.0,5754.11767578125,6001300,0.0,0.0,yfinance_raw_daily
2017-11-01,8275.0,8300.0,8200.0,8200.0,5754.11767578125,5341700,0.0,0.0,yfinance_raw_daily
2017-11-02,8175.0,8325.0,8100.0,8100.0,5683.94580078125,6435600,0.0,0.0,yfinance_raw_daily
2017-11-03,8150.0,8250.0,8100.0,8225.0,5771.6611328125,5582300,0.0,0.0,yfinance_raw_daily
2017-11-06,8250.0,8250.0,8175.0,8200.0,5754.11767578125,4338100,0.0,0.0,yfinance_raw_daily
2017-11-07,8225.0,8225.0,8025.0,8125.0,5701.48828125,13398500,0.0,0.0,yfinance_raw_daily
2017-11-08,8125.0,8150.0,8050.0,8075.0,5666.40283203125,5650000,0.0,0.0,yfinance_raw_daily
2017-11-09,8100.0,8100.0,7950.0,7950.0,5578.68701171875,11225200,0.0,0.0,yfinance_raw_daily
2017-11-10,8050.0,8100.0,8000.0,8025.0,5631.31640625,10264200,0.0,0.0,yfinance_raw_daily
2017-11-13,8025.0,8075.0,7950.0,7950.0,5578.68701171875,6142600,0.0,0.0,yfinance_raw_daily
2017-11-14,8000.0,8050.0,7950.0,7950.0,5578.68701171875,2857300,0.0,0.0,yfinance_raw_daily
2017-11-15,8000.0,8025.0,7875.0,7875.0,5526.05908203125,4615700,0.0,0.0,yfinance_raw_daily
2017-11-16,7850.0,7900.0,7750.0,7750.0,5438.34326171875,10602100,0.0,0.0,yfinance_raw_daily
2017-11-17,7775.0,7925.0,7750.0,7800.0,5473.42919921875,13645600,0.0,0.0,yfinance_raw_daily
2017-11-20,7875.0,7975.0,7800.0,7800.0,5473.42919921875,9330600,0.0,0.0,yfinance_raw_daily
2017-11-21,7775.0,7825.0,7700.0,7725.0,5420.80029296875,9885300,0.0,0.0,yfinance_raw_daily
2017-11-22,7675.0,7800.0,7675.0,7725.0,5420.80029296875,7497000,0.0,0.0,yfinance_raw_daily
2017-11-23,7775.0,7900.0,7725.0,7800.0,5473.42919921875,10216400,0.0,0.0,yfinance_raw_daily
2017-11-24,7750.0,7775.0,7675.0,7700.0,5403.25732421875,9343400,0.0,0.0,yfinance_raw_daily
2017-11-27,7750.0,7825.0,7700.0,7825.0,5490.97265625,12473100,0.0,0.0,yfinance_raw_daily
2017-11-28,7850.0,7850.0,7650.0,7700.0,5403.25732421875,14653400,0.0,0.0,yfinance_raw_daily
2017-11-29,7700.0,7750.0,7600.0,7600.0,5333.08447265625,11133500,0.0,0.0,yfinance_raw_daily
2017-11-30,7550.0,7675.0,7325.0,7325.0,5140.111328125,27027000,0.0,0.0,yfinance_raw_daily
2017-12-01,7325.0,7325.0,7325.0,7325.0,5140.111328125,0,0.0,0.0,yfinance_raw_daily
2017-12-04,7500.0,7525.0,7300.0,7300.0,5122.56787109375,14221600,0.0,0.0,yfinance_raw_daily
2017-12-05,7400.0,7400.0,7275.0,7300.0,5122.56787109375,13366800,0.0,0.0,yfinance_raw_daily
2017-12-06,7350.0,7400.0,7300.0,7325.0,5140.111328125,8356500,0.0,0.0,yfinance_raw_daily
2017-12-07,7300.0,7400.0,7300.0,7325.0,5140.111328125,8866800,0.0,0.0,yfinance_raw_daily
2017-12-08,7400.0,7425.0,7300.0,7375.0,5175.197265625,9393400,0.0,0.0,yfinance_raw_daily
2017-12-11,7400.0,7425.0,7350.0,7375.0,5175.197265625,6757400,0.0,0.0,yfinance_raw_daily
2017-12-12,7350.0,7400.0,7275.0,7350.0,5157.654296875,12214700,0.0,0.0,yfinance_raw_daily
2017-12-13,7350.0,7475.0,7325.0,7475.0,5245.36962890625,18456700,0.0,0.0,yfinance_raw_daily
2017-12-14,7475.0,7675.0,7475.0,7525.0,5280.45556640625,15601800,0.0,0.0,yfinance_raw_daily
2017-12-15,7525.0,7525.0,7400.0,7450.0,5227.82666015625,16750900,0.0,0.0,yfinance_raw_daily
2017-12-18,7400.0,7500.0,7375.0,7500.0,5262.9130859375,9181300,0.0,0.0,yfinance_raw_daily
2017-12-19,7500.0,7700.0,7475.0,7650.0,5368.17041015625,15706100,0.0,0.0,yfinance_raw_daily
2017-12-20,7650.0,7700.0,7425.0,7550.0,5297.9990234375,14606300,0.0,0.0,yfinance_raw_daily
2017-12-21,7525.0,7600.0,7475.0,7600.0,5333.08447265625,10857700,0.0,0.0,yfinance_raw_daily
2017-12-22,7600.0,7625.0,7575.0,7625.0,5350.6279296875,4686000,0.0,0.0,yfinance_raw_daily
2017-12-25,7625.0,7625.0,7625.0,7625.0,5350.6279296875,0,0.0,0.0,yfinance_raw_daily
2017-12-26,7625.0,7625.0,7625.0,7625.0,5350.6279296875,0,0.0,0.0,yfinance_raw_daily
2017-12-27,7625.0,7625.0,7575.0,7625.0,5350.6279296875,3274600,0.0,0.0,yfinance_raw_daily
2017-12-28,7650.0,7700.0,7600.0,7700.0,5403.25732421875,10295800,0.0,0.0,yfinance_raw_daily
2017-12-29,7700.0,7775.0,7600.0,7625.0,5350.6279296875,12848100,0.0,0.0,yfinance_raw_daily
2018-01-01,7625.0,7625.0,7625.0,7625.0,5350.6279296875,0,0.0,0.0,yfinance_raw_daily
2018-01-02,7650.0,7700.0,7550.0,7550.0,5297.9990234375,6875700,0.0,0.0,yfinance_raw_daily
2018-01-03,7600.0,7700.0,7600.0,7650.0,5368.17041015625,11532300,0.0,0.0,yfinance_raw_daily
2018-01-04,7650.0,7725.0,7600.0,7725.0,5420.80029296875,6861700,0.0,0.0,yfinance_raw_daily
2018-01-05,7700.0,7700.0,7625.0,7675.0,5385.71435546875,8060200,0.0,0.0,yfinance_raw_daily
2018-01-08,7700.0,7875.0,7700.0,7850.0,5508.515625,13357200,0.0,0.0,yfinance_raw_daily
2018-01-09,7825.0,7850.0,7775.0,7825.0,5490.97265625,13531800,0.0,0.0,yfinance_raw_daily
2018-01-10,7875.0,7875.0,7800.0,7825.0,5490.97265625,9997600,0.0,0.0,yfinance_raw_daily
2018-01-11,7800.0,7875.0,7750.0,7875.0,5526.05908203125,5038700,0.0,0.0,yfinance_raw_daily
2018-01-12,7875.0,7900.0,7800.0,7850.0,5508.515625,8527900,0.0,0.0,yfinance_raw_daily
2018-01-15,7850.0,7875.0,7775.0,7800.0,5473.42919921875,2802200,0.0,0.0,yfinance_raw_daily
2018-01-16,7800.0,7900.0,7775.0,7900.0,5543.6015625,15046200,0.0,0.0,yfinance_raw_daily
2018-01-17,7900.0,7975.0,7875.0,7950.0,5578.68701171875,13872400,0.0,0.0,yfinance_raw_daily
2018-01-18,7900.0,7975.0,7875.0,7900.0,5543.6015625,7602900,0.0,0.0,yfinance_raw_daily
2018-01-19,7925.0,7925.0,7850.0,7925.0,5561.14501953125,6292200,0.0,0.0,yfinance_raw_daily
2018-01-22,7925.0,8100.0,7925.0,8075.0,5666.40283203125,19058300,0.0,0.0,yfinance_raw_daily
2018-01-23,8075.0,8125.0,8000.0,8125.0,5701.48828125,14253300,0.0,0.0,yfinance_raw_daily
2018-01-24,8025.0,8125.0,8025.0,8075.0,5666.40283203125,7079200,0.0,0.0,yfinance_raw_daily
2018-01-25,8075.0,8100.0,7900.0,8000.0,5613.77392578125,7476600,0.0,0.0,yfinance_raw_daily
2018-01-26,8000.0,8075.0,7975.0,8075.0,5666.40283203125,3990400,0.0,0.0,yfinance_raw_daily
2018-01-29,8100.0,8100.0,7975.0,8075.0,5666.40283203125,6652900,0.0,0.0,yfinance_raw_daily
2018-01-30,8125.0,8125.0,7800.0,7800.0,5473.42919921875,11507100,0.0,0.0,yfinance_raw_daily
2018-01-31,7800.0,7875.0,7700.0,7750.0,5438.34326171875,11965100,0.0,0.0,yfinance_raw_daily
2018-02-01,7750.0,7900.0,7700.0,7700.0,5403.25732421875,10204300,0.0,0.0,yfinance_raw_daily
2018-02-02,7800.0,7875.0,7750.0,7775.0,5455.88720703125,4592300,0.0,0.0,yfinance_raw_daily
2018-02-05,7600.0,7875.0,7575.0,7800.0,5473.42919921875,5115700,0.0,0.0,yfinance_raw_daily
2018-02-06,7700.0,7775.0,7650.0,7650.0,5368.17041015625,16499000,0.0,0.0,yfinance_raw_daily
2018-02-07,7800.0,7925.0,7700.0,7925.0,5561.14501953125,9916400,0.0,0.0,yfinance_raw_daily
2018-02-08,7900.0,7900.0,7825.0,7850.0,5508.515625,6543200,0.0,0.0,yfinance_raw_daily
2018-02-09,7750.0,7875.0,7725.0,7750.0,5438.34326171875,8919100,0.0,0.0,yfinance_raw_daily
2018-02-12,7775.0,7825.0,7750.0,7775.0,5455.88720703125,3646800,0.0,0.0,yfinance_raw_daily
2018-02-13,7725.0,7825.0,7725.0,7750.0,5438.34326171875,10107000,0.0,0.0,yfinance_raw_daily
2018-02-14,7750.0,7850.0,7750.0,7825.0,5490.97265625,3861800,0.0,0.0,yfinance_raw_daily
2018-02-15,7850.0,7850.0,7800.0,7800.0,5473.42919921875,4137500,0.0,0.0,yfinance_raw_daily
2018-02-16,7800.0,7800.0,7800.0,7800.0,5473.42919921875,0,0.0,0.0,yfinance_raw_daily
2018-02-19,7850.0,7875.0,7775.0,7850.0,5508.515625,4795300,0.0,0.0,yfinance_raw_daily
2018-02-20,7800.0,7875.0,7725.0,7750.0,5438.34326171875,3427900,0.0,0.0,yfinance_raw_daily
2018-02-21,7750.0,7775.0,7625.0,7625.0,5350.6279296875,10740300,0.0,0.0,yfinance_raw_daily
2018-02-22,7650.0,7750.0,7625.0,7700.0,5403.25732421875,6050200,0.0,0.0,yfinance_raw_daily
2018-02-23,7725.0,7775.0,7625.0,7625.0,5350.6279296875,6811800,0.0,0.0,yfinance_raw_daily
2018-02-26,7650.0,7675.0,7550.0,7550.0,5297.9990234375,7874900,0.0,0.0,yfinance_raw_daily
2018-02-27,7625.0,7675.0,7550.0,7575.0,5315.5419921875,7910600,0.0,0.0,yfinance_raw_daily
2018-02-28,7550.0,7650.0,7550.0,7575.0,5315.5419921875,10388200,0.0,0.0,yfinance_raw_daily
2018-03-01,7575.0,7800.0,7550.0,7775.0,5455.88720703125,8506100,0.0,0.0,yfinance_raw_daily
2018-03-02,7750.0,7775.0,7675.0,7700.0,5403.25732421875,6042200,0.0,0.0,yfinance_raw_daily
2018-03-05,7700.0,7700.0,7575.0,7600.0,5333.08447265625,13235400,0.0,0.0,yfinance_raw_daily
2018-03-06,7600.0,7600.0,7450.0,7450.0,5227.82666015625,11197500,0.0,0.0,yfinance_raw_daily
2018-03-07,7450.0,7450.0,7250.0,7275.0,5105.025390625,9955000,0.0,0.0,yfinance_raw_daily
2018-03-08,7300.0,7500.0,7300.0,7325.0,5140.111328125,9359200,0.0,0.0,yfinance_raw_daily
2018-03-09,7450.0,7500.0,7375.0,7450.0,5227.82666015625,3127000,0.0,0.0,yfinance_raw_daily
2018-03-12,7525.0,7600.0,7500.0,7550.0,5297.9990234375,6550500,0.0,0.0,yfinance_raw_daily
2018-03-13,7550.0,7575.0,7475.0,7500.0,5262.9130859375,7593700,0.0,0.0,yfinance_raw_daily
2018-03-14,7600.0,7600.0,7325.0,7325.0,5140.111328125,3518500,0.0,0.0,yfinance_raw_daily
2018-03-15,7425.0,7425.0,7150.0,7175.0,5034.85400390625,7585400,0.0,0.0,yfinance_raw_daily
2018-03-16,7175.0,7325.0,7075.0,7150.0,5017.31005859375,14475200,0.0,0.0,yfinance_raw_daily
2018-03-19,7150.0,7350.0,7150.0,7200.0,5052.39599609375,3136100,0.0,0.0,yfinance_raw_daily
2018-03-20,7200.0,7275.0,7000.0,7000.0,4912.05224609375,5952200,0.0,0.0,yfinance_raw_daily
2018-03-21,7000.0,7350.0,7000.0,7275.0,5105.025390625,7725200,0.0,0.0,yfinance_raw_daily
2018-03-22,7325.0,7400.0,7150.0,7150.0,5017.31005859375,5782000,0.0,0.0,yfinance_raw_daily
2018-03-23,7150.0,7375.0,7050.0,7150.0,5017.31005859375,8574000,0.0,0.0,yfinance_raw_daily
2018-03-26,7150.0,7225.0,7125.0,7200.0,5052.39599609375,3789000,0.0,0.0,yfinance_raw_daily
2018-03-27,7250.0,7350.0,7050.0,7150.0,5017.31005859375,8866500,0.0,0.0,yfinance_raw_daily
2018-03-28,7125.0,7150.0,6975.0,7125.0,4999.76708984375,7495400,0.0,0.0,yfinance_raw_daily
2018-03-29,7125.0,7200.0,7025.0,7200.0,5052.39599609375,8823500,0.0,0.0,yfinance_raw_daily
2018-03-30,7200.0,7200.0,7200.0,7200.0,5052.39599609375,0,0.0,0.0,yfinance_raw_daily
2018-04-02,7250.0,7350.0,7150.0,7350.0,5157.654296875,2889600,0.0,0.0,yfinance_raw_daily
2018-04-03,7350.0,7350.0,7125.0,7150.0,5017.31005859375,6528100,0.0,0.0,yfinance_raw_daily
2018-04-04,7225.0,7300.0,7075.0,7200.0,5052.39599609375,5165100,0.0,0.0,yfinance_raw_daily
2018-04-05,7200.0,7225.0,7125.0,7125.0,4999.76708984375,2348600,0.0,0.0,yfinance_raw_daily
2018-04-06,7150.0,7200.0,7100.0,7100.0,4982.22412109375,3894200,0.0,0.0,yfinance_raw_daily
2018-04-09,7075.0,7225.0,7075.0,7175.0,5034.85400390625,6902600,0.0,0.0,yfinance_raw_daily
2018-04-10,7125.0,7275.0,7125.0,7250.0,5087.482421875,11617900,0.0,0.0,yfinance_raw_daily
2018-04-11,7300.0,7300.0,7150.0,7225.0,5069.939453125,9453000,0.0,0.0,yfinance_raw_daily
2018-04-12,7225.0,7225.0,7050.0,7125.0,4999.76708984375,10132200,0.0,0.0,yfinance_raw_daily
2018-04-13,7150.0,7175.0,7050.0,7075.0,4964.681640625,7042900,0.0,0.0,yfinance_raw_daily
2018-04-16,7050.0,7100.0,7025.0,7050.0,4947.1376953125,5150100,0.0,0.0,yfinance_raw_daily
2018-04-17,7075.0,7125.0,7050.0,7100.0,4982.22412109375,12172100,0.0,0.0,yfinance_raw_daily
2018-04-18,7125.0,7150.0,7025.0,7050.0,4947.1376953125,8005200,0.0,0.0,yfinance_raw_daily
2018-04-19,7050.0,7150.0,7050.0,7150.0,5017.31005859375,3752100,0.0,0.0,yfinance_raw_daily
2018-04-20,7150.0,7150.0,7050.0,7100.0,4982.22412109375,6606500,0.0,0.0,yfinance_raw_daily
2018-04-23,7050.0,7100.0,6975.0,7000.0,4912.05224609375,8442300,0.0,0.0,yfinance_raw_daily
2018-04-24,7050.0,7050.0,6900.0,6900.0,4841.8798828125,4391400,0.0,0.0,yfinance_raw_daily
2018-04-25,6900.0,6950.0,6800.0,6875.0,4824.33642578125,4629800,0.0,0.0,yfinance_raw_daily
2018-04-26,6800.0,6875.0,6575.0,6750.0,4736.62158203125,10318400,0.0,0.0,yfinance_raw_daily
2018-04-27,6775.0,6875.0,6675.0,6775.0,4754.16357421875,4395000,0.0,0.0,yfinance_raw_daily
2018-04-30,6775.0,6975.0,6775.0,6975.0,4894.50927734375,9476200,0.0,0.0,yfinance_raw_daily
2018-05-01,6975.0,6975.0,6975.0,6975.0,4894.50927734375,0,0.0,0.0,yfinance_raw_daily
2018-05-02,6975.0,6975.0,6850.0,6925.0,4859.42236328125,7277400,0.0,0.0,yfinance_raw_daily
2018-05-03,6800.0,6850.0,6700.0,6725.0,4719.07861328125,7637400,0.0,0.0,yfinance_raw_daily
2018-05-04,6675.0,6675.0,6300.0,6350.0,4455.93310546875,14993100,0.0,0.0,yfinance_raw_daily
2018-05-07,6300.0,6475.0,6250.0,6375.0,4473.47607421875,4370700,0.0,0.0,yfinance_raw_daily
2018-05-08,6375.0,6450.0,6200.0,6200.0,4350.67431640625,7322600,0.0,0.0,yfinance_raw_daily
2018-05-09,6100.0,6600.0,6075.0,6375.0,4473.47607421875,14518000,0.0,0.0,yfinance_raw_daily
2018-05-10,6375.0,6375.0,6375.0,6375.0,4473.47607421875,0,0.0,0.0,yfinance_raw_daily
2018-05-11,6400.0,6575.0,6400.0,6500.0,4561.19189453125,7990000,0.0,0.0,yfinance_raw_daily
2018-05-14,6350.0,6500.0,6325.0,6450.0,4526.10498046875,6590000,0.0,0.0,yfinance_raw_daily
2018-05-15,6450.0,6500.0,6425.0,6475.0,4543.6484375,7393200,0.0,0.0,yfinance_raw_daily
2018-05-16,6375.0,6450.0,6300.0,6425.0,4508.5615234375,6789500,0.0,0.0,yfinance_raw_daily
2018-05-17,6500.0,6500.0,6300.0,6300.0,4420.84716796875,9836700,0.0,0.0,yfinance_raw_daily
2018-05-18,6400.0,6425.0,6325.0,6375.0,4473.47607421875,5593800,0.0,0.0,yfinance_raw_daily
2018-05-21,6375.0,6375.0,6275.0,6300.0,4420.84716796875,10348400,0.0,0.0,yfinance_raw_daily
2018-05-22,6500.0,6650.0,6375.0,6550.0,4596.2763671875,11034400,0.0,0.0,yfinance_raw_daily
2018-05-23,6550.0,6950.0,6525.0,6800.0,4771.7080078125,15409400,0.0,0.0,yfinance_raw_daily
2018-05-24,6875.0,7075.0,6800.0,6975.0,4894.50927734375,16201500,0.0,0.0,yfinance_raw_daily
2018-05-25,7000.0,7025.0,6800.0,7025.0,4929.59521484375,9524400,0.0,0.0,yfinance_raw_daily
2018-05-28,7025.0,7150.0,6900.0,7075.0,4964.681640625,9057800,0.0,0.0,yfinance_raw_daily
2018-05-29,7075.0,7075.0,7075.0,7075.0,4964.681640625,0,0.0,0.0,yfinance_raw_daily
2018-05-30,7075.0,7125.0,6875.0,7025.0,4929.59521484375,11301000,0.0,0.0,yfinance_raw_daily
2018-05-31,6900.0,7075.0,6875.0,7075.0,4964.681640625,21651200,0.0,0.0,yfinance_raw_daily
2018-06-01,7075.0,7075.0,7075.0,7075.0,4964.681640625,0,0.0,0.0,yfinance_raw_daily
2018-06-04,7075.0,7125.0,7025.0,7025.0,4929.59521484375,7713300,0.0,0.0,yfinance_raw_daily
2018-06-05,7100.0,7200.0,7000.0,7200.0,5052.39599609375,8137300,0.0,0.0,yfinance_raw_daily
2018-06-06,7250.0,7250.0,6975.0,6975.0,4894.50927734375,10755400,0.0,0.0,yfinance_raw_daily
2018-06-07,7000.0,7175.0,7000.0,7100.0,4982.22412109375,12775900,0.0,0.0,yfinance_raw_daily
2018-06-08,7125.0,7150.0,6950.0,6950.0,4876.96630859375,17604100,0.0,0.0,yfinance_raw_daily
2018-06-11,6950.0,6950.0,6950.0,6950.0,4876.96630859375,0,0.0,0.0,yfinance_raw_daily
2018-06-12,6950.0,6950.0,6950.0,6950.0,4876.96630859375,0,0.0,0.0,yfinance_raw_daily
2018-06-13,6950.0,6950.0,6950.0,6950.0,4876.96630859375,0,0.0,0.0,yfinance_raw_daily
2018-06-14,6950.0,6950.0,6950.0,6950.0,4876.96630859375,0,0.0,0.0,yfinance_raw_daily
2018-06-15,6950.0,6950.0,6950.0,6950.0,4876.96630859375,0,0.0,0.0,yfinance_raw_daily
2018-06-18,6950.0,6950.0,6950.0,6950.0,4876.96630859375,0,0.0,0.0,yfinance_raw_daily
2018-06-19,6950.0,6950.0,6950.0,6950.0,4876.96630859375,0,0.0,0.0,yfinance_raw_daily
2018-06-20,6900.0,6950.0,6625.0,6700.0,4867.521484375,20191400,237.0,0.0,yfinance_raw_daily
2018-06-21,6850.0,6850.0,6475.0,6525.0,4740.384765625,7803300,0.0,0.0,yfinance_raw_daily
2018-06-22,6500.0,6675.0,6475.0,6550.0,4758.54638671875,8909500,0.0,0.0,yfinance_raw_daily
2018-06-25,6650.0,6700.0,6500.0,6625.0,4813.03466796875,5831500,0.0,0.0,yfinance_raw_daily
2018-06-26,6625.0,6725.0,6550.0,6625.0,4813.03466796875,9372700,0.0,0.0,yfinance_raw_daily
2018-06-27,6600.0,6625.0,6550.0,6550.0,4758.54638671875,4276300,0.0,0.0,yfinance_raw_daily
2018-06-28,6500.0,6575.0,6350.0,6350.0,4613.248046875,8162800,0.0,0.0,yfinance_raw_daily
2018-06-29,6425.0,6700.0,6400.0,6650.0,4831.19677734375,7575500,0.0,0.0,yfinance_raw_daily
2018-07-02,6650.0,6650.0,6500.0,6525.0,4740.384765625,3110700,0.0,0.0,yfinance_raw_daily
2018-07-03,6450.0,6450.0,6200.0,6250.0,4540.5986328125,7073200,0.0,0.0,yfinance_raw_daily
2018-07-04,6250.0,6475.0,6150.0,6425.0,4667.73486328125,2508700,0.0,0.0,yfinance_raw_daily
2018-07-05,6375.0,6400.0,6225.0,6300.0,4576.92333984375,5574800,0.0,0.0,yfinance_raw_daily
2018-07-06,6325.0,6350.0,6200.0,6200.0,4504.2734375,2360100,0.0,0.0,yfinance_raw_daily
2018-07-09,6250.0,6600.0,6225.0,6550.0,4758.54638671875,5603200,0.0,0.0,yfinance_raw_daily
2018-07-10,6600.0,6650.0,6475.0,6650.0,4831.19677734375,6278100,0.0,0.0,yfinance_raw_daily
2018-07-11,6600.0,6675.0,6500.0,6625.0,4813.03466796875,5216400,0.0,0.0,yfinance_raw_daily
2018-07-12,6625.0,6625.0,6475.0,6550.0,4758.54638671875,3074800,0.0,0.0,yfinance_raw_daily
2018-07-13,6475.0,6550.0,6450.0,6525.0,4740.384765625,4189300,0.0,0.0,yfinance_raw_daily
2018-07-16,6525.0,6550.0,6400.0,6525.0,4740.384765625,3613900,0.0,0.0,yfinance_raw_daily
2018-07-17,6450.0,6475.0,6375.0,6425.0,4667.73486328125,3247700,0.0,0.0,yfinance_raw_daily
2018-07-18,6450.0,6450.0,6350.0,6400.0,4649.57275390625,3124000,0.0,0.0,yfinance_raw_daily
2018-07-19,6400.0,6425.0,6325.0,6325.0,4595.0859375,4363400,0.0,0.0,yfinance_raw_daily
2018-07-20,6300.0,6350.0,6275.0,6275.0,4558.76123046875,5042500,0.0,0.0,yfinance_raw_daily
2018-07-23,6300.0,6425.0,6275.0,6425.0,4667.73486328125,3590000,0.0,0.0,yfinance_raw_daily
2018-07-24,6425.0,6450.0,6375.0,6400.0,4649.57275390625,2898800,0.0,0.0,yfinance_raw_daily
2018-07-25,6400.0,6425.0,6350.0,6350.0,4613.248046875,1290200,0.0,0.0,yfinance_raw_daily
2018-07-26,6400.0,6400.0,6325.0,6375.0,4631.41064453125,3138900,0.0,0.0,yfinance_raw_daily
2018-07-27,6400.0,6400.0,6275.0,6275.0,4558.76123046875,8735200,0.0,0.0,yfinance_raw_daily
2018-07-30,6300.0,6350.0,6250.0,6275.0,4558.76123046875,9155400,0.0,0.0,yfinance_raw_daily
2018-07-31,6350.0,6350.0,6250.0,6350.0,4613.248046875,6709500,0.0,0.0,yfinance_raw_daily
2018-08-01,6350.0,6450.0,6325.0,6425.0,4667.73486328125,7581800,0.0,0.0,yfinance_raw_daily
2018-08-02,6425.0,6450.0,6350.0,6400.0,4649.57275390625,3044800,0.0,0.0,yfinance_raw_daily
2018-08-03,6350.0,6425.0,6300.0,6375.0,4631.41064453125,3678500,0.0,0.0,yfinance_raw_daily
2018-08-06,6400.0,6625.0,6375.0,6600.0,4794.8720703125,7211500,0.0,0.0,yfinance_raw_daily
2018-08-07,6600.0,6650.0,6500.0,6575.0,4776.7099609375,5339500,0.0,0.0,yfinance_raw_daily
2018-08-08,6600.0,6625.0,6400.0,6450.0,4685.89697265625,5200300,0.0,0.0,yfinance_raw_daily
2018-08-09,6450.0,6475.0,6375.0,6425.0,4667.73486328125,2776800,0.0,0.0,yfinance_raw_daily
2018-08-10,6425.0,6450.0,6325.0,6400.0,4649.57275390625,4038200,0.0,0.0,yfinance_raw_daily
2018-08-13,6375.0,6375.0,6200.0,6200.0,4504.2734375,4920300,0.0,0.0,yfinance_raw_daily
2018-08-14,6250.0,6300.0,6000.0,6125.0,4449.7861328125,8213400,0.0,0.0,yfinance_raw_daily
2018-08-15,6125.0,6225.0,6050.0,6125.0,4449.7861328125,7347500,0.0,0.0,yfinance_raw_daily
2018-08-16,6100.0,6150.0,6050.0,6100.0,4431.62353515625,6587800,0.0,0.0,yfinance_raw_daily
2018-08-17,6100.0,6100.0,6100.0,6100.0,4431.62353515625,0,0.0,0.0,yfinance_raw_daily
2018-08-20,6225.0,6350.0,6150.0,6200.0,4504.2734375,3653100,0.0,0.0,yfinance_raw_daily
2018-08-21,6200.0,6500.0,6200.0,6475.0,4704.06005859375,7230000,0.0,0.0,yfinance_raw_daily
2018-08-22,6475.0,6475.0,6475.0,6475.0,4704.06005859375,0,0.0,0.0,yfinance_raw_daily
2018-08-23,6500.0,6600.0,6500.0,6600.0,4794.8720703125,7411300,0.0,0.0,yfinance_raw_daily
2018-08-24,6650.0,6700.0,6600.0,6675.0,4849.3583984375,5193600,0.0,0.0,yfinance_raw_daily
2018-08-27,6700.0,6775.0,6625.0,6675.0,4849.3583984375,5229200,0.0,0.0,yfinance_raw_daily
2018-08-28,6675.0,6700.0,6425.0,6450.0,4685.89697265625,7898300,0.0,0.0,yfinance_raw_daily
2018-08-29,6450.0,6475.0,6275.0,6375.0,4631.41064453125,7805700,0.0,0.0,yfinance_raw_daily
2018-08-30,6375.0,6500.0,6300.0,6300.0,4576.92333984375,6908000,0.0,0.0,yfinance_raw_daily
2018-08-31,6275.0,6375.0,6250.0,6375.0,4631.41064453125,7698200,0.0,0.0,yfinance_raw_daily
2018-09-03,6375.0,6375.0,6325.0,6375.0,4631.41064453125,3770400,0.0,0.0,yfinance_raw_daily
2018-09-04,6400.0,6425.0,6300.0,6350.0,4613.248046875,5213400,0.0,0.0,yfinance_raw_daily
2018-09-05,6300.0,6300.0,5950.0,5950.0,4322.6494140625,11865300,0.0,0.0,yfinance_raw_daily
2018-09-06,5875.0,6100.0,5850.0,5950.0,4322.6494140625,7774000,0.0,0.0,yfinance_raw_daily
2018-09-07,6000.0,6200.0,5975.0,6100.0,4431.62353515625,9081900,0.0,0.0,yfinance_raw_daily
2018-09-10,6100.0,6200.0,6050.0,6125.0,4449.7861328125,3213300,0.0,0.0,yfinance_raw_daily
2018-09-11,6125.0,6125.0,6125.0,6125.0,4449.7861328125,0,0.0,0.0,yfinance_raw_daily
2018-09-12,6125.0,6125.0,6025.0,6125.0,4449.7861328125,8838700,0.0,0.0,yfinance_raw_daily
2018-09-13,6125.0,6125.0,5925.0,6000.0,4358.97412109375,17650500,0.0,0.0,yfinance_raw_daily
2018-09-14,6000.0,6225.0,5975.0,6175.0,4486.1103515625,9231100,0.0,0.0,yfinance_raw_daily
2018-09-17,6200.0,6200.0,6050.0,6100.0,4431.62353515625,3320100,0.0,0.0,yfinance_raw_daily
2018-09-18,6050.0,6100.0,5925.0,5925.0,4304.4873046875,12712800,0.0,0.0,yfinance_raw_daily
2018-09-19,5950.0,6025.0,5850.0,5850.0,4250.0,10491700,0.0,0.0,yfinance_raw_daily
2018-09-20,5900.0,6025.0,5875.0,6000.0,4358.97412109375,9299100,0.0,0.0,yfinance_raw_daily
2018-09-21,6075.0,6075.0,6000.0,6075.0,4413.4609375,11840000,0.0,0.0,yfinance_raw_daily
2018-09-24,6075.0,6075.0,5950.0,5975.0,4340.81201171875,3544000,0.0,0.0,yfinance_raw_daily
2018-09-25,6000.0,6025.0,5950.0,6000.0,4358.97412109375,2098800,0.0,0.0,yfinance_raw_daily
2018-09-26,6000.0,6025.0,5975.0,5975.0,4340.81201171875,1938000,0.0,0.0,yfinance_raw_daily
2018-09-27,5975.0,6025.0,5925.0,5975.0,4340.81201171875,5665100,0.0,0.0,yfinance_raw_daily
2018-09-28,5950.0,6000.0,5900.0,5900.0,4286.3251953125,9676200,0.0,0.0,yfinance_raw_daily
2018-10-01,5900.0,6025.0,5900.0,6025.0,4377.13671875,3788200,0.0,0.0,yfinance_raw_daily
2018-10-02,6025.0,6025.0,5925.0,5975.0,4340.81201171875,4198100,0.0,0.0,yfinance_raw_daily
2018-10-03,5950.0,5975.0,5925.0,5950.0,4322.6494140625,3465400,0.0,0.0,yfinance_raw_daily
2018-10-04,5925.0,5950.0,5875.0,5900.0,4286.3251953125,4041000,0.0,0.0,yfinance_raw_daily
2018-10-05,5900.0,5900.0,5775.0,5775.0,4195.51318359375,5549400,0.0,0.0,yfinance_raw_daily
2018-10-08,5775.0,5825.0,5550.0,5575.0,4050.21337890625,13184800,0.0,0.0,yfinance_raw_daily
2018-10-09,5600.0,5650.0,5575.0,5600.0,4068.3759765625,8004300,0.0,0.0,yfinance_raw_daily
2018-10-10,5600.0,5725.0,5600.0,5700.0,4141.025390625,9256600,0.0,0.0,yfinance_raw_daily
2018-10-11,5550.0,5675.0,5500.0,5525.0,4013.8896484375,9393100,0.0,0.0,yfinance_raw_daily
2018-10-12,5525.0,5700.0,5525.0,5575.0,4050.21337890625,6643500,0.0,0.0,yfinance_raw_daily
2018-10-15,5575.0,5675.0,5525.0,5525.0,4013.8896484375,5150300,0.0,0.0,yfinance_raw_daily
2018-10-16,5550.0,5650.0,5525.0,5650.0,4104.701171875,5789800,0.0,0.0,yfinance_raw_daily
2018-10-17,5675.0,6025.0,5675.0,6000.0,4358.97412109375,11591500,0.0,0.0,yfinance_raw_daily
2018-10-18,6000.0,6100.0,5900.0,6100.0,4431.62353515625,7135800,0.0,0.0,yfinance_raw_daily
2018-10-19,6000.0,6025.0,5850.0,6000.0,4358.97412109375,6181900,0.0,0.0,yfinance_raw_daily
2018-10-22,6000.0,6000.0,5900.0,5950.0,4322.6494140625,3023600,0.0,0.0,yfinance_raw_daily
2018-10-23,5950.0,5975.0,5800.0,5800.0,4213.6748046875,3202900,0.0,0.0,yfinance_raw_daily
2018-10-24,5825.0,5875.0,5700.0,5700.0,4141.025390625,4055800,0.0,0.0,yfinance_raw_daily
2018-10-25,5600.0,5800.0,5600.0,5800.0,4213.6748046875,4207100,0.0,0.0,yfinance_raw_daily
2018-10-26,5800.0,5825.0,5700.0,5700.0,4141.025390625,3074400,0.0,0.0,yfinance_raw_daily
2018-10-29,5800.0,5800.0,5650.0,5650.0,4104.701171875,967500,0.0,0.0,yfinance_raw_daily
2018-10-30,5650.0,5750.0,5650.0,5700.0,4141.025390625,2559100,0.0,0.0,yfinance_raw_daily
2018-10-31,5750.0,5975.0,5750.0,5975.0,4340.81201171875,8572600,0.0,0.0,yfinance_raw_daily
2018-11-01,5975.0,6000.0,5750.0,5925.0,4304.4873046875,6362700,0.0,0.0,yfinance_raw_daily
2018-11-02,5950.0,6075.0,5800.0,6025.0,4377.13671875,9164200,0.0,0.0,yfinance_raw_daily
2018-11-05,6050.0,6075.0,5900.0,5975.0,4340.81201171875,5153600,0.0,0.0,yfinance_raw_daily
2018-11-06,6000.0,6000.0,5825.0,5825.0,4278.38037109375,6954700,65.0,0.0,yfinance_raw_daily
2018-11-07,5800.0,5800.0,5700.0,5725.0,4204.93212890625,12166500,0.0,0.0,yfinance_raw_daily
2018-11-08,5750.0,6000.0,5750.0,5975.0,4388.5537109375,14676900,0.0,0.0,yfinance_raw_daily
2018-11-09,5950.0,5950.0,5725.0,5775.0,4241.65673828125,10561400,0.0,0.0,yfinance_raw_daily
2018-11-12,5775.0,5800.0,5575.0,5575.0,4094.759033203125,7536900,0.0,0.0,yfinance_raw_daily
2018-11-13,5700.0,5725.0,5600.0,5600.0,4113.12109375,6991700,0.0,0.0,yfinance_raw_daily
2018-11-14,5650.0,5700.0,5625.0,5650.0,4149.84619140625,7765800,0.0,0.0,yfinance_raw_daily
2018-11-15,5650.0,5925.0,5650.0,5875.0,4315.10498046875,9805100,0.0,0.0,yfinance_raw_daily
2018-11-16,5925.0,6050.0,5850.0,5950.0,4370.19091796875,18547200,0.0,0.0,yfinance_raw_daily
2018-11-19,5950.0,5975.0,5850.0,5950.0,4370.19091796875,5507600,0.0,0.0,yfinance_raw_daily
2018-11-20,5950.0,5950.0,5950.0,5950.0,4370.19091796875,0,0.0,0.0,yfinance_raw_daily
2018-11-21,5900.0,6025.0,5825.0,6000.0,4406.916015625,7348600,0.0,0.0,yfinance_raw_daily
2018-11-22,6050.0,6300.0,6000.0,6250.0,4590.537109375,10940500,0.0,0.0,yfinance_raw_daily
2018-11-23,6150.0,6325.0,6150.0,6250.0,4590.537109375,7701700,0.0,0.0,yfinance_raw_daily
2018-11-26,6250.0,6300.0,6150.0,6275.0,4608.89990234375,3249900,0.0,0.0,yfinance_raw_daily
2018-11-27,6275.0,6275.0,6175.0,6225.0,4572.17529296875,2954100,0.0,0.0,yfinance_raw_daily
2018-11-28,6175.0,6200.0,6050.0,6050.0,4443.64013671875,5126100,0.0,0.0,yfinance_raw_daily
2018-11-29,6100.0,6400.0,6100.0,6400.0,4700.71044921875,17057500,0.0,0.0,yfinance_raw_daily
2018-11-30,6425.0,6600.0,6350.0,6600.0,4847.60693359375,21054400,0.0,0.0,yfinance_raw_daily
2018-12-03,6650.0,6750.0,6500.0,6650.0,4884.33154296875,11643000,0.0,0.0,yfinance_raw_daily
2018-12-04,6700.0,6700.0,6550.0,6625.0,4865.97021484375,10223700,0.0,0.0,yfinance_raw_daily
2018-12-05,6500.0,6575.0,6450.0,6575.0,4829.24560546875,8844300,0.0,0.0,yfinance_raw_daily
2018-12-06,6575.0,6725.0,6525.0,6675.0,4902.693359375,9982000,0.0,0.0,yfinance_raw_daily
2018-12-07,6725.0,6750.0,6650.0,6700.0,4921.05615234375,4687400,0.0,0.0,yfinance_raw_daily
2018-12-10,6575.0,6625.0,6500.0,6525.0,4792.5205078125,5459500,0.0,0.0,yfinance_raw_daily
2018-12-11,6525.0,6600.0,6400.0,6575.0,4829.24560546875,7863500,0.0,0.0,yfinance_raw_daily
2018-12-12,6500.0,6750.0,6500.0,6725.0,4939.41796875,11801200,0.0,0.0,yfinance_raw_daily
2018-12-13,6800.0,7025.0,6800.0,6900.0,5067.953125,18246800,0.0,0.0,yfinance_raw_daily
2018-12-14,6900.0,7125.0,6850.0,7075.0,5196.48876953125,16119700,0.0,0.0,yfinance_raw_daily
2018-12-17,7050.0,7100.0,6925.0,6975.0,5123.04052734375,10255200,0.0,0.0,yfinance_raw_daily
2018-12-18,6975.0,7150.0,6850.0,7075.0,5196.48876953125,9169400,0.0,0.0,yfinance_raw_daily
2018-12-19,7075.0,7300.0,7075.0,7300.0,5361.74755859375,21249900,0.0,0.0,yfinance_raw_daily
2018-12-20,7275.0,7375.0,7150.0,7350.0,5398.47216796875,16585400,0.0,0.0,yfinance_raw_daily
2018-12-21,7275.0,7550.0,7250.0,7500.0,5508.64501953125,20143900,0.0,0.0,yfinance_raw_daily
2018-12-24,7500.0,7500.0,7500.0,7500.0,5508.64501953125,0,0.0,0.0,yfinance_raw_daily
2018-12-25,7500.0,7500.0,7500.0,7500.0,5508.64501953125,0,0.0,0.0,yfinance_raw_daily
2018-12-26,7400.0,7400.0,7275.0,7375.0,5416.83349609375,6946900,0.0,0.0,yfinance_raw_daily
2018-12-27,7400.0,7500.0,7350.0,7450.0,5471.92041015625,7934800,0.0,0.0,yfinance_raw_daily
2018-12-28,7450.0,7475.0,7350.0,7450.0,5471.92041015625,5658600,0.0,0.0,yfinance_raw_daily
2018-12-31,7450.0,7450.0,7450.0,7450.0,5471.92041015625,0,0.0,0.0,yfinance_raw_daily
2019-01-01,7450.0,7450.0,7450.0,7450.0,5471.92041015625,0,0.0,0.0,yfinance_raw_daily
2019-01-02,7425.0,7450.0,7250.0,7275.0,5343.38525390625,2114300,0.0,0.0,yfinance_raw_daily
2019-01-03,7325.0,7500.0,7325.0,7475.0,5490.2822265625,7396900,0.0,0.0,yfinance_raw_daily
2019-01-04,7400.0,7575.0,7350.0,7425.0,5453.55859375,6549600,0.0,0.0,yfinance_raw_daily
2019-01-07,7500.0,7650.0,7400.0,7425.0,5453.55859375,8385000,0.0,0.0,yfinance_raw_daily
2019-01-08,7425.0,7575.0,7300.0,7300.0,5361.74755859375,7246100,0.0,0.0,yfinance_raw_daily
2019-01-09,7375.0,7400.0,7275.0,7325.0,5380.10986328125,9373200,0.0,0.0,yfinance_raw_daily
2019-01-10,7275.0,7450.0,7200.0,7450.0,5471.92041015625,10032700,0.0,0.0,yfinance_raw_daily
2019-01-11,7475.0,7500.0,7375.0,7475.0,5490.2822265625,7313100,0.0,0.0,yfinance_raw_daily
2019-01-14,7400.0,7450.0,7375.0,7400.0,5435.1962890625,4955300,0.0,0.0,yfinance_raw_daily
2019-01-15,7400.0,7500.0,7325.0,7500.0,5508.64501953125,7321500,0.0,0.0,yfinance_raw_daily
2019-01-16,7475.0,7525.0,7375.0,7500.0,5508.64501953125,11507300,0.0,0.0,yfinance_raw_daily
2019-01-17,7400.0,7525.0,7400.0,7500.0,5508.64501953125,9129800,0.0,0.0,yfinance_raw_daily
2019-01-18,7525.0,7550.0,7425.0,7500.0,5508.64501953125,10220600,0.0,0.0,yfinance_raw_daily
2019-01-21,7550.0,7550.0,7475.0,7500.0,5508.64501953125,7266700,0.0,0.0,yfinance_raw_daily
2019-01-22,7575.0,7575.0,7500.0,7575.0,5563.73095703125,10249300,0.0,0.0,yfinance_raw_daily
2019-01-23,7575.0,7675.0,7500.0,7650.0,5618.8173828125,9811700,0.0,0.0,yfinance_raw_daily
2019-01-24,7700.0,7825.0,7625.0,7775.0,5710.62939453125,13757400,0.0,0.0,yfinance_raw_daily
2019-01-25,7825.0,7850.0,7775.0,7850.0,5765.71484375,6857200,0.0,0.0,yfinance_raw_daily
2019-01-28,7875.0,7900.0,7525.0,7700.0,5655.5419921875,8105700,0.0,0.0,yfinance_raw_daily
2019-01-29,7625.0,7725.0,7500.0,7700.0,5655.5419921875,6990300,0.0,0.0,yfinance_raw_daily
2019-01-30,7575.0,7700.0,7525.0,7700.0,5655.5419921875,11433500,0.0,0.0,yfinance_raw_daily
2019-01-31,7650.0,7750.0,7600.0,7750.0,5692.2666015625,15054900,0.0,0.0,yfinance_raw_daily
2019-02-01,7625.0,7800.0,7625.0,7775.0,5710.62939453125,12587000,0.0,0.0,yfinance_raw_daily
2019-02-04,7775.0,7800.0,7525.0,7600.0,5582.09326171875,13322100,0.0,0.0,yfinance_raw_daily
2019-02-05,7600.0,7600.0,7600.0,7600.0,5582.09326171875,0,0.0,0.0,yfinance_raw_daily
2019-02-06,7650.0,7725.0,7600.0,7650.0,5618.8173828125,11891700,0.0,0.0,yfinance_raw_daily
2019-02-07,7600.0,7675.0,7550.0,7600.0,5582.09326171875,9943100,0.0,0.0,yfinance_raw_daily
2019-02-08,7600.0,7725.0,7550.0,7700.0,5655.5419921875,9997000,0.0,0.0,yfinance_raw_daily
2019-02-11,7750.0,7750.0,7650.0,7750.0,5692.2666015625,5865200,0.0,0.0,yfinance_raw_daily
2019-02-12,7800.0,7800.0,7425.0,7600.0,5582.09326171875,8761200,0.0,0.0,yfinance_raw_daily
2019-02-13,7600.0,7700.0,7600.0,7600.0,5582.09326171875,9769800,0.0,0.0,yfinance_raw_daily
2019-02-14,7600.0,7625.0,7550.0,7550.0,5545.369140625,6118100,0.0,0.0,yfinance_raw_daily
2019-02-15,7600.0,7600.0,7425.0,7425.0,5453.55859375,4941500,0.0,0.0,yfinance_raw_daily
2019-02-18,7575.0,7650.0,7550.0,7625.0,5600.455078125,3942700,0.0,0.0,yfinance_raw_daily
2019-02-19,7650.0,7650.0,7475.0,7500.0,5508.64501953125,2286800,0.0,0.0,yfinance_raw_daily
2019-02-20,7525.0,7575.0,7425.0,7500.0,5508.64501953125,6396800,0.0,0.0,yfinance_raw_daily
2019-02-21,7475.0,7600.0,7475.0,7550.0,5545.369140625,5095900,0.0,0.0,yfinance_raw_daily
2019-02-22,7475.0,7625.0,7475.0,7625.0,5600.455078125,6665200,0.0,0.0,yfinance_raw_daily
2019-02-25,7625.0,7650.0,7575.0,7600.0,5582.09326171875,3938800,0.0,0.0,yfinance_raw_daily
2019-02-26,7600.0,7650.0,7500.0,7600.0,5582.09326171875,4703500,0.0,0.0,yfinance_raw_daily
2019-02-27,7525.0,7575.0,7400.0,7475.0,5490.2822265625,6564000,0.0,0.0,yfinance_raw_daily
2019-02-28,7425.0,7425.0,7025.0,7075.0,5196.48876953125,18118700,0.0,0.0,yfinance_raw_daily
2019-03-01,7100.0,7375.0,7075.0,7300.0,5361.74755859375,15756800,0.0,0.0,yfinance_raw_daily
2019-03-04,7375.0,7375.0,7225.0,7375.0,5416.83349609375,4126900,0.0,0.0,yfinance_raw_daily
2019-03-05,7375.0,7375.0,7150.0,7150.0,5251.57421875,5515000,0.0,0.0,yfinance_raw_daily
2019-03-06,7100.0,7200.0,7075.0,7200.0,5288.298828125,7002100,0.0,0.0,yfinance_raw_daily
2019-03-07,7200.0,7200.0,7200.0,7200.0,5288.298828125,0,0.0,0.0,yfinance_raw_daily
2019-03-08,7200.0,7300.0,7125.0,7250.0,5325.02294921875,4010100,0.0,0.0,yfinance_raw_daily
2019-03-11,7175.0,7200.0,7125.0,7150.0,5251.57421875,3948900,0.0,0.0,yfinance_raw_daily
2019-03-12,7150.0,7250.0,7050.0,7100.0,5214.85009765625,6397300,0.0,0.0,yfinance_raw_daily
2019-03-13,7075.0,7200.0,7000.0,7175.0,5269.93701171875,5830500,0.0,0.0,yfinance_raw_daily
2019-03-14,7225.0,7225.0,7050.0,7075.0,5196.48876953125,5297400,0.0,0.0,yfinance_raw_daily
2019-03-15,7125.0,7250.0,7075.0,7175.0,5269.93701171875,15581700,0.0,0.0,yfinance_raw_daily
2019-03-18,7175.0,7250.0,7100.0,7225.0,5306.66064453125,4684600,0.0,0.0,yfinance_raw_daily
2019-03-19,7250.0,7300.0,7200.0,7300.0,5361.74755859375,5455800,0.0,0.0,yfinance_raw_daily
2019-03-20,7350.0,7350.0,7200.0,7275.0,5343.38525390625,4502700,0.0,0.0,yfinance_raw_daily
2019-03-21,7275.0,7350.0,7175.0,7300.0,5361.74755859375,4435700,0.0,0.0,yfinance_raw_daily
2019-03-22,7300.0,7400.0,7250.0,7400.0,5435.1962890625,3714500,0.0,0.0,yfinance_raw_daily
2019-03-25,7350.0,7350.0,6675.0,6775.0,4976.14208984375,44339900,0.0,0.0,yfinance_raw_daily
2019-03-26,6850.0,6925.0,6800.0,6900.0,5067.953125,16052300,0.0,0.0,yfinance_raw_daily
2019-03-27,6900.0,6925.0,6550.0,6550.0,4810.8828125,29274400,0.0,0.0,yfinance_raw_daily
2019-03-28,6600.0,6675.0,6550.0,6575.0,4829.24560546875,13698900,0.0,0.0,yfinance_raw_daily
2019-03-29,6575.0,6600.0,6375.0,6375.0,4682.34814453125,24330600,0.0,0.0,yfinance_raw_daily
2019-04-01,6375.0,6400.0,6250.0,6275.0,4608.89990234375,14803600,0.0,0.0,yfinance_raw_daily
2019-04-02,6300.0,6325.0,6125.0,6225.0,4572.17529296875,12941600,0.0,0.0,yfinance_raw_daily
2019-04-03,6225.0,6225.0,6225.0,6225.0,4572.17529296875,0,0.0,0.0,yfinance_raw_daily
2019-04-04,6250.0,6475.0,6250.0,6425.0,4719.072265625,14697600,0.0,0.0,yfinance_raw_daily
2019-04-05,6475.0,6525.0,6425.0,6475.0,4755.796875,11060000,0.0,0.0,yfinance_raw_daily
2019-04-08,6525.0,6525.0,6325.0,6500.0,4774.1591796875,8122100,0.0,0.0,yfinance_raw_daily
2019-04-09,6500.0,6575.0,6450.0,6550.0,4810.8828125,5995000,0.0,0.0,yfinance_raw_daily
2019-04-10,6575.0,6575.0,6425.0,6525.0,4792.5205078125,8191500,0.0,0.0,yfinance_raw_daily
2019-04-11,6400.0,6400.0,6100.0,6175.0,4535.4501953125,26701300,0.0,0.0,yfinance_raw_daily
2019-04-12,6150.0,6400.0,6150.0,6325.0,4645.62451171875,18944000,0.0,0.0,yfinance_raw_daily
2019-04-15,6325.0,6500.0,6250.0,6400.0,4700.71044921875,18831600,0.0,0.0,yfinance_raw_daily
2019-04-16,6450.0,6500.0,6375.0,6450.0,4737.43408203125,7864100,0.0,0.0,yfinance_raw_daily
2019-04-17,6450.0,6450.0,6450.0,6450.0,4737.43408203125,0,0.0,0.0,yfinance_raw_daily
2019-04-18,6600.0,6650.0,6275.0,6275.0,4608.89990234375,20284300,0.0,0.0,yfinance_raw_daily
2019-04-19,6275.0,6275.0,6275.0,6275.0,4608.89990234375,0,0.0,0.0,yfinance_raw_daily
2019-04-22,6275.0,6350.0,6175.0,6250.0,4590.537109375,7073400,0.0,0.0,yfinance_raw_daily
2019-04-23,6250.0,6375.0,6250.0,6350.0,4663.986328125,5276700,0.0,0.0,yfinance_raw_daily
2019-04-24,6400.0,6400.0,6300.0,6325.0,4645.62451171875,4957400,0.0,0.0,yfinance_raw_daily
2019-04-25,6350.0,6350.0,6200.0,6250.0,4590.537109375,7537000,0.0,0.0,yfinance_raw_daily
2019-04-26,6275.0,6400.0,6200.0,6400.0,4700.71044921875,5748900,0.0,0.0,yfinance_raw_daily
2019-04-29,6400.0,6425.0,6350.0,6425.0,4719.072265625,4708200,0.0,0.0,yfinance_raw_daily
2019-04-30,6550.0,7000.0,6550.0,6950.0,5104.677734375,50600300,0.0,0.0,yfinance_raw_daily
2019-05-01,6950.0,6950.0,6950.0,6950.0,5104.677734375,0,0.0,0.0,yfinance_raw_daily
2019-05-02,6950.0,7075.0,6800.0,7000.0,5141.40185546875,17405800,0.0,0.0,yfinance_raw_daily
2019-05-03,7000.0,7025.0,6700.0,6800.0,4994.50439453125,10742200,0.0,0.0,yfinance_raw_daily
2019-05-06,6600.0,6800.0,6550.0,6775.0,4976.14208984375,3462800,0.0,0.0,yfinance_raw_daily
2019-05-07,6850.0,6875.0,6725.0,6850.0,5031.22900390625,6338000,0.0,0.0,yfinance_raw_daily
2019-05-08,6675.0,6850.0,6675.0,6750.0,4957.7802734375,7032200,0.0,0.0,yfinance_raw_daily
2019-05-09,6625.0,6700.0,6550.0,6625.0,4865.97021484375,9143600,0.0,0.0,yfinance_raw_daily
2019-05-10,6700.0,6750.0,6600.0,6650.0,4884.33154296875,8679000,0.0,0.0,yfinance_raw_daily
2019-05-13,6650.0,6725.0,6400.0,6400.0,4700.71044921875,8865100,0.0,0.0,yfinance_raw_daily
2019-05-14,6150.0,6425.0,6150.0,6375.0,4682.34814453125,14284900,0.0,0.0,yfinance_raw_daily
2019-05-15,6375.0,6400.0,6250.0,6250.0,4590.537109375,8574000,0.0,0.0,yfinance_raw_daily
2019-05-16,6175.0,6300.0,6100.0,6100.0,4480.3642578125,7602800,0.0,0.0,yfinance_raw_daily
2019-05-17,6175.0,6200.0,6000.0,6000.0,4406.916015625,6890000,0.0,0.0,yfinance_raw_daily
2019-05-20,6150.0,6225.0,5850.0,6225.0,4572.17529296875,7418900,0.0,0.0,yfinance_raw_daily
2019-05-21,6225.0,6325.0,6200.0,6250.0,4590.537109375,9653100,0.0,0.0,yfinance_raw_daily
2019-05-22,6250.0,6325.0,6175.0,6250.0,4590.537109375,5867400,0.0,0.0,yfinance_raw_daily
2019-05-23,6375.0,6450.0,6300.0,6400.0,4700.71044921875,5311200,0.0,0.0,yfinance_raw_daily
2019-05-24,6400.0,6400.0,6300.0,6300.0,4627.26171875,4276100,0.0,0.0,yfinance_raw_daily
2019-05-27,6350.0,6525.0,6325.0,6525.0,4792.5205078125,7857500,0.0,0.0,yfinance_raw_daily
2019-05-28,6525.0,6550.0,6375.0,6400.0,4700.71044921875,18328800,0.0,0.0,yfinance_raw_daily
2019-05-29,6450.0,6525.0,6275.0,6350.0,4663.986328125,8068500,0.0,0.0,yfinance_raw_daily
2019-05-30,6350.0,6350.0,6350.0,6350.0,4663.986328125,0,0.0,0.0,yfinance_raw_daily
2019-05-31,6450.0,6675.0,6425.0,6600.0,4847.60693359375,13993100,0.0,0.0,yfinance_raw_daily
2019-06-03,6600.0,6600.0,6600.0,6600.0,4847.60693359375,0,0.0,0.0,yfinance_raw_daily
2019-06-04,6600.0,6600.0,6600.0,6600.0,4847.60693359375,0,0.0,0.0,yfinance_raw_daily
2019-06-05,6600.0,6600.0,6600.0,6600.0,4847.60693359375,0,0.0,0.0,yfinance_raw_daily
2019-06-06,6600.0,6600.0,6600.0,6600.0,4847.60693359375,0,0.0,0.0,yfinance_raw_daily
2019-06-07,6600.0,6600.0,6600.0,6600.0,4847.60693359375,0,0.0,0.0,yfinance_raw_daily
2019-06-10,6750.0,6975.0,6725.0,6900.0,5067.953125,16927100,0.0,0.0,yfinance_raw_daily
2019-06-11,7000.0,7075.0,6700.0,7050.0,5178.1259765625,14457400,0.0,0.0,yfinance_raw_daily
2019-06-12,7100.0,7100.0,6975.0,7025.0,5159.76416015625,9086900,0.0,0.0,yfinance_raw_daily
2019-06-13,7050.0,7075.0,7000.0,7025.0,5159.76416015625,10009100,0.0,0.0,yfinance_raw_daily
2019-06-14,7075.0,7075.0,7025.0,7050.0,5178.1259765625,9405000,0.0,0.0,yfinance_raw_daily
2019-06-17,6900.0,6950.0,6850.0,6900.0,5193.93359375,8436000,171.0,0.0,yfinance_raw_daily
2019-06-18,6975.0,7075.0,6925.0,7050.0,5306.8447265625,11929200,0.0,0.0,yfinance_raw_daily
2019-06-19,7100.0,7100.0,7000.0,7050.0,5306.8447265625,4303800,0.0,0.0,yfinance_raw_daily
2019-06-20,7125.0,7150.0,7000.0,7000.0,5269.20849609375,6887300,0.0,0.0,yfinance_raw_daily
2019-06-21,7050.0,7125.0,6850.0,7075.0,5325.6640625,15619600,0.0,0.0,yfinance_raw_daily
2019-06-24,7075.0,7075.0,7000.0,7050.0,5306.8447265625,3912800,0.0,0.0,yfinance_raw_daily
2019-06-25,7075.0,7075.0,6950.0,6975.0,5250.3896484375,3575500,0.0,0.0,yfinance_raw_daily
2019-06-26,7025.0,7025.0,6875.0,6950.0,5231.57080078125,4211900,0.0,0.0,yfinance_raw_daily
2019-06-27,7000.0,7075.0,6925.0,7000.0,5269.20849609375,5640300,0.0,0.0,yfinance_raw_daily
2019-06-28,7000.0,7100.0,7000.0,7025.0,5288.02685546875,4512100,0.0,0.0,yfinance_raw_daily
2019-07-01,7025.0,7075.0,7000.0,7075.0,5325.6640625,3767400,0.0,0.0,yfinance_raw_daily
2019-07-02,7100.0,7150.0,7050.0,7125.0,5363.30078125,6254100,0.0,0.0,yfinance_raw_daily
2019-07-03,7150.0,7150.0,6950.0,7100.0,5344.48291015625,4854700,0.0,0.0,yfinance_raw_daily
2019-07-04,7100.0,7100.0,7000.0,7050.0,5306.8447265625,1376400,0.0,0.0,yfinance_raw_daily
2019-07-05,7025.0,7075.0,6925.0,7000.0,5269.20849609375,3080800,0.0,0.0,yfinance_raw_daily
2019-07-08,6925.0,6975.0,6875.0,6925.0,5212.7529296875,2060100,0.0,0.0,yfinance_raw_daily
2019-07-09,6900.0,6975.0,6850.0,6850.0,5156.296875,4418800,0.0,0.0,yfinance_raw_daily
2019-07-10,6850.0,6925.0,6825.0,6900.0,5193.93359375,7377400,0.0,0.0,yfinance_raw_daily
2019-07-11,6925.0,6950.0,6800.0,6850.0,5156.296875,7875600,0.0,0.0,yfinance_raw_daily
2019-07-12,6825.0,6900.0,6775.0,6775.0,5099.8408203125,5875300,0.0,0.0,yfinance_raw_daily
2019-07-15,6850.0,6900.0,6750.0,6775.0,5099.8408203125,6387300,0.0,0.0,yfinance_raw_daily
2019-07-16,6825.0,6950.0,6800.0,6900.0,5193.93359375,10006800,0.0,0.0,yfinance_raw_daily
2019-07-17,6925.0,7050.0,6900.0,6975.0,5250.3896484375,12993600,0.0,0.0,yfinance_raw_daily
2019-07-18,7000.0,7100.0,6975.0,7050.0,5306.8447265625,8577200,0.0,0.0,yfinance_raw_daily
2019-07-19,7100.0,7100.0,6975.0,7050.0,5306.8447265625,5075200,0.0,0.0,yfinance_raw_daily
2019-07-22,7050.0,7075.0,6950.0,6950.0,5231.57080078125,3394900,0.0,0.0,yfinance_raw_daily
2019-07-23,7000.0,7075.0,6975.0,7075.0,5325.6640625,8500200,0.0,0.0,yfinance_raw_daily
2019-07-24,7000.0,7050.0,6925.0,6950.0,5231.57080078125,3569600,0.0,0.0,yfinance_raw_daily
2019-07-25,7000.0,7025.0,6950.0,6975.0,5250.3896484375,6629000,0.0,0.0,yfinance_raw_daily
2019-07-26,6950.0,6975.0,6675.0,6675.0,5024.56640625,9454000,0.0,0.0,yfinance_raw_daily
2019-07-29,6725.0,6900.0,6725.0,6900.0,5193.93359375,4438700,0.0,0.0,yfinance_raw_daily
2019-07-30,6900.0,7000.0,6800.0,6900.0,5193.93359375,5031900,0.0,0.0,yfinance_raw_daily
2019-07-31,6900.0,7125.0,6900.0,7075.0,5325.6640625,19169900,0.0,0.0,yfinance_raw_daily
2019-08-01,7100.0,7250.0,7100.0,7225.0,5438.57568359375,18334700,0.0,0.0,yfinance_raw_daily
2019-08-02,7125.0,7150.0,7050.0,7075.0,5325.6640625,10270700,0.0,0.0,yfinance_raw_daily
2019-08-05,7050.0,7175.0,6975.0,7050.0,5306.8447265625,12609000,0.0,0.0,yfinance_raw_daily
2019-08-06,6975.0,7125.0,6900.0,7050.0,5306.8447265625,10653000,0.0,0.0,yfinance_raw_daily
2019-08-07,7050.0,7300.0,7050.0,7200.0,5419.7568359375,17231200,0.0,0.0,yfinance_raw_daily
2019-08-08,7300.0,7500.0,7275.0,7425.0,5589.12451171875,20685700,0.0,0.0,yfinance_raw_daily
2019-08-09,7500.0,7525.0,7350.0,7475.0,5626.76171875,7997400,0.0,0.0,yfinance_raw_daily
2019-08-12,7500.0,7525.0,7450.0,7525.0,5664.3984375,4498900,0.0,0.0,yfinance_raw_daily
2019-08-13,7525.0,7525.0,7300.0,7400.0,5570.3056640625,11267800,0.0,0.0,yfinance_raw_daily
2019-08-14,7400.0,7475.0,7400.0,7450.0,5607.9423828125,5866700,0.0,0.0,yfinance_raw_daily
2019-08-15,7400.0,7575.0,7325.0,7575.0,5702.03662109375,7643200,0.0,0.0,yfinance_raw_daily
2019-08-16,7600.0,7625.0,7500.0,7575.0,5702.03662109375,5535400,0.0,0.0,yfinance_raw_daily
2019-08-19,7600.0,7675.0,7575.0,7675.0,5777.310546875,8249500,0.0,0.0,yfinance_raw_daily
2019-08-20,7675.0,7775.0,7675.0,7775.0,5852.58447265625,9977800,0.0,0.0,yfinance_raw_daily
2019-08-21,7800.0,7825.0,7600.0,7700.0,5796.12890625,6443600,0.0,0.0,yfinance_raw_daily
2019-08-22,7750.0,7750.0,7500.0,7600.0,5720.85498046875,7393700,0.0,0.0,yfinance_raw_daily
2019-08-23,7350.0,7775.0,7350.0,7775.0,5852.58447265625,7149600,0.0,0.0,yfinance_raw_daily
2019-08-26,7525.0,7775.0,7500.0,7725.0,5814.947265625,5711000,0.0,0.0,yfinance_raw_daily
2019-08-27,7675.0,7750.0,7500.0,7750.0,5833.76611328125,13192800,0.0,0.0,yfinance_raw_daily
2019-08-28,7750.0,7800.0,7700.0,7750.0,5833.76611328125,7963000,0.0,0.0,yfinance_raw_daily
2019-08-29,7700.0,7850.0,7700.0,7825.0,5890.22119140625,11700100,0.0,0.0,yfinance_raw_daily
2019-08-30,7825.0,7925.0,7775.0,7925.0,5965.4970703125,9889400,0.0,0.0,yfinance_raw_daily
2019-09-02,7950.0,8025.0,7800.0,8000.0,6021.95166015625,9369700,0.0,0.0,yfinance_raw_daily
2019-09-03,8000.0,8050.0,7975.0,8000.0,6021.95166015625,7706100,0.0,0.0,yfinance_raw_daily
2019-09-04,8000.0,8025.0,7900.0,7925.0,5965.4970703125,9324600,0.0,0.0,yfinance_raw_daily
2019-09-05,7900.0,8025.0,7750.0,8025.0,6040.771484375,7312800,0.0,0.0,yfinance_raw_daily
2019-09-06,8025.0,8025.0,7900.0,7975.0,6003.1337890625,5362100,0.0,0.0,yfinance_raw_daily
2019-09-09,8000.0,8000.0,7825.0,8000.0,6021.95166015625,4149100,0.0,0.0,yfinance_raw_daily
2019-09-10,8000.0,8000.0,7900.0,7950.0,5984.31494140625,4575600,0.0,0.0,yfinance_raw_daily
2019-09-11,7900.0,7900.0,7575.0,7750.0,5833.76611328125,11398100,0.0,0.0,yfinance_raw_daily
2019-09-12,7750.0,7750.0,7550.0,7550.0,5683.21728515625,6983000,0.0,0.0,yfinance_raw_daily
2019-09-13,7500.0,7575.0,7450.0,7500.0,5645.580078125,6772500,0.0,0.0,yfinance_raw_daily
2019-09-16,7500.0,7750.0,7500.0,7750.0,5833.76611328125,5113900,0.0,0.0,yfinance_raw_daily
2019-09-17,7700.0,7825.0,7675.0,7775.0,5852.58447265625,4795900,0.0,0.0,yfinance_raw_daily
2019-09-18,7800.0,7875.0,7800.0,7875.0,5927.85986328125,2632100,0.0,0.0,yfinance_raw_daily
2019-09-19,7900.0,7925.0,7875.0,7875.0,5927.85986328125,6527100,0.0,0.0,yfinance_raw_daily
2019-09-20,7725.0,7850.0,7675.0,7700.0,5796.12890625,13737300,0.0,0.0,yfinance_raw_daily
2019-09-23,7700.0,7775.0,7625.0,7650.0,5758.49169921875,2778400,0.0,0.0,yfinance_raw_daily
2019-09-24,7600.0,7625.0,7550.0,7600.0,5720.85498046875,3600000,0.0,0.0,yfinance_raw_daily
2019-09-25,7525.0,7625.0,7525.0,7625.0,5739.67333984375,3972700,0.0,0.0,yfinance_raw_daily
2019-09-26,7600.0,7750.0,7600.0,7725.0,5814.947265625,4446500,0.0,0.0,yfinance_raw_daily
2019-09-27,7675.0,7825.0,7650.0,7825.0,5890.22119140625,5460800,0.0,0.0,yfinance_raw_daily
2019-09-30,7825.0,7825.0,7650.0,7700.0,5796.12890625,6606000,0.0,0.0,yfinance_raw_daily
2019-10-01,7625.0,7700.0,7625.0,7625.0,5739.67333984375,5195000,0.0,0.0,yfinance_raw_daily
2019-10-02,7625.0,7700.0,7600.0,7675.0,5777.310546875,2689900,0.0,0.0,yfinance_raw_daily
2019-10-03,7700.0,7725.0,7625.0,7675.0,5777.310546875,5708400,0.0,0.0,yfinance_raw_daily
2019-10-04,7750.0,7850.0,7725.0,7850.0,5909.041015625,3454800,0.0,0.0,yfinance_raw_daily
2019-10-07,7850.0,7900.0,7625.0,7700.0,5796.12890625,3308900,0.0,0.0,yfinance_raw_daily
2019-10-08,7750.0,7900.0,7700.0,7775.0,5852.58447265625,5185000,0.0,0.0,yfinance_raw_daily
2019-10-09,7775.0,7900.0,7775.0,7800.0,5871.4033203125,4204200,0.0,0.0,yfinance_raw_daily
2019-10-10,7800.0,7825.0,7625.0,7650.0,5758.49169921875,10380200,0.0,0.0,yfinance_raw_daily
2019-10-11,7600.0,7700.0,7575.0,7650.0,5758.49169921875,4374300,0.0,0.0,yfinance_raw_daily
2019-10-14,7700.0,7750.0,7575.0,7700.0,5796.12890625,4499900,0.0,0.0,yfinance_raw_daily
2019-10-15,7725.0,7750.0,7600.0,7600.0,5720.85498046875,7251800,0.0,0.0,yfinance_raw_daily
2019-10-16,7500.0,7725.0,7450.0,7575.0,5702.03662109375,8010700,0.0,0.0,yfinance_raw_daily
2019-10-17,7600.0,7675.0,7575.0,7650.0,5758.49169921875,6389800,0.0,0.0,yfinance_raw_daily
2019-10-18,7600.0,7650.0,7400.0,7550.0,5683.21728515625,7120500,0.0,0.0,yfinance_raw_daily
2019-10-21,7550.0,7650.0,7475.0,7475.0,5626.76171875,4544700,0.0,0.0,yfinance_raw_daily
2019-10-22,7450.0,7475.0,7275.0,7375.0,5551.48681640625,11591900,0.0,0.0,yfinance_raw_daily
2019-10-23,7400.0,7550.0,7375.0,7550.0,5683.21728515625,9843300,0.0,0.0,yfinance_raw_daily
2019-10-24,7600.0,7650.0,7575.0,7650.0,5758.49169921875,8181100,0.0,0.0,yfinance_raw_daily
2019-10-25,7675.0,7700.0,7500.0,7550.0,5683.21728515625,9747800,0.0,0.0,yfinance_raw_daily
2019-10-28,7600.0,7700.0,7550.0,7700.0,5796.12890625,4391100,0.0,0.0,yfinance_raw_daily
2019-10-29,7600.0,7675.0,7500.0,7500.0,5645.580078125,7541900,0.0,0.0,yfinance_raw_daily
2019-10-30,7600.0,7600.0,7525.0,7600.0,5720.85498046875,4998800,0.0,0.0,yfinance_raw_daily
2019-10-31,7600.0,7800.0,7525.0,7700.0,5796.12890625,9579200,0.0,0.0,yfinance_raw_daily
2019-11-01,7700.0,7775.0,7525.0,7750.0,5833.76611328125,3249100,0.0,0.0,yfinance_raw_daily
2019-11-04,7800.0,7850.0,7700.0,7800.0,5871.4033203125,7750100,0.0,0.0,yfinance_raw_daily
2019-11-05,7800.0,8000.0,7700.0,8000.0,6021.95166015625,11215700,0.0,0.0,yfinance_raw_daily
2019-11-06,7800.0,7900.0,7750.0,7875.0,5927.85986328125,8828500,0.0,0.0,yfinance_raw_daily
2019-11-07,7850.0,7875.0,7600.0,7750.0,5833.76611328125,8626700,0.0,0.0,yfinance_raw_daily
2019-11-08,7625.0,7775.0,7600.0,7750.0,5833.76611328125,3504300,0.0,0.0,yfinance_raw_daily
2019-11-11,7750.0,7925.0,7750.0,7925.0,5965.4970703125,5005400,0.0,0.0,yfinance_raw_daily
2019-11-12,7925.0,7950.0,7750.0,7825.0,5890.22119140625,6407100,0.0,0.0,yfinance_raw_daily
2019-11-13,7800.0,7825.0,7750.0,7775.0,5852.58447265625,4591100,0.0,0.0,yfinance_raw_daily
2019-11-14,7800.0,7800.0,7625.0,7700.0,5796.12890625,5521600,0.0,0.0,yfinance_raw_daily
2019-11-15,7750.0,7900.0,7725.0,7875.0,5927.85986328125,5739900,0.0,0.0,yfinance_raw_daily
2019-11-18,7875.0,8000.0,7850.0,7975.0,6003.1337890625,5867400,0.0,0.0,yfinance_raw_daily
2019-11-19,7950.0,7975.0,7800.0,7950.0,5984.31494140625,3962900,0.0,0.0,yfinance_raw_daily
2019-11-20,7850.0,8000.0,7800.0,8000.0,6021.95166015625,3206700,0.0,0.0,yfinance_raw_daily
2019-11-21,8000.0,8000.0,7875.0,7950.0,5984.31494140625,9687500,0.0,0.0,yfinance_raw_daily
2019-11-22,7925.0,7975.0,7875.0,7925.0,5965.4970703125,7584100,0.0,0.0,yfinance_raw_daily
2019-11-25,7925.0,7950.0,7850.0,7950.0,5984.31494140625,7782900,0.0,0.0,yfinance_raw_daily
2019-11-26,8000.0,8000.0,7800.0,7950.0,5984.31494140625,18468700,0.0,0.0,yfinance_raw_daily
2019-11-27,7950.0,7975.0,7900.0,7950.0,5984.31494140625,3531100,0.0,0.0,yfinance_raw_daily
2019-11-28,7950.0,8000.0,7875.0,7925.0,5965.4970703125,4600700,0.0,0.0,yfinance_raw_daily
2019-11-29,7800.0,7950.0,7725.0,7950.0,5984.31494140625,5127000,0.0,0.0,yfinance_raw_daily
2019-12-02,8000.0,8000.0,7875.0,8000.0,6021.95166015625,7471500,0.0,0.0,yfinance_raw_daily
2019-12-03,8000.0,8000.0,7925.0,7950.0,5984.31494140625,7427300,0.0,0.0,yfinance_raw_daily
2019-12-04,7875.0,7950.0,7850.0,7850.0,5909.041015625,4190600,0.0,0.0,yfinance_raw_daily
2019-12-05,7850.0,7950.0,7850.0,7875.0,5927.85986328125,5737000,0.0,0.0,yfinance_raw_daily
2019-12-06,7875.0,8025.0,7875.0,8000.0,6021.95166015625,8394200,0.0,0.0,yfinance_raw_daily
2019-12-09,8000.0,8050.0,7900.0,8025.0,6040.771484375,8359900,0.0,0.0,yfinance_raw_daily
2019-12-10,8000.0,8050.0,7950.0,7950.0,5984.31494140625,6171400,0.0,0.0,yfinance_raw_daily
2019-12-11,8000.0,8000.0,7850.0,7850.0,5909.041015625,4544100,0.0,0.0,yfinance_raw_daily
2019-12-12,7850.0,7875.0,7625.0,7625.0,5739.67333984375,11772400,0.0,0.0,yfinance_raw_daily
2019-12-13,7775.0,7775.0,7650.0,7750.0,5833.76611328125,5810400,0.0,0.0,yfinance_raw_daily
2019-12-16,7750.0,7875.0,7750.0,7875.0,5927.85986328125,4859200,0.0,0.0,yfinance_raw_daily
2019-12-17,7900.0,7950.0,7850.0,7950.0,5984.31494140625,6208100,0.0,0.0,yfinance_raw_daily
2019-12-18,7975.0,7975.0,7900.0,7950.0,5984.31494140625,8303900,0.0,0.0,yfinance_raw_daily
2019-12-19,7950.0,7950.0,7800.0,7925.0,5965.4970703125,4551700,0.0,0.0,yfinance_raw_daily
2019-12-20,7850.0,7925.0,7800.0,7925.0,5965.4970703125,10539600,0.0,0.0,yfinance_raw_daily
2019-12-23,8000.0,8050.0,7900.0,7950.0,5984.31494140625,5099500,0.0,0.0,yfinance_raw_daily
2019-12-26,7850.0,7950.0,7800.0,7800.0,5871.4033203125,5716000,0.0,0.0,yfinance_raw_daily
2019-12-27,7825.0,7925.0,7800.0,7925.0,5965.4970703125,6021500,0.0,0.0,yfinance_raw_daily
2019-12-30,7900.0,7950.0,7900.0,7925.0,5965.4970703125,5321600,0.0,0.0,yfinance_raw_daily
2020-01-02,7925.0,8000.0,7825.0,7975.0,6003.1337890625,5257300,0.0,0.0,yfinance_raw_daily
2020-01-03,7975.0,8025.0,7950.0,8025.0,6040.771484375,7682700,0.0,0.0,yfinance_raw_daily
2020-01-06,7900.0,8025.0,7875.0,8000.0,6021.95166015625,5142700,0.0,0.0,yfinance_raw_daily
2020-01-07,8000.0,8200.0,7975.0,8200.0,6172.50146484375,7510200,0.0,0.0,yfinance_raw_daily
2020-01-08,8150.0,8225.0,8100.0,8225.0,6191.3193359375,7760200,0.0,0.0,yfinance_raw_daily
2020-01-09,8250.0,8250.0,8175.0,8250.0,6210.13818359375,5890300,0.0,0.0,yfinance_raw_daily
2020-01-10,8250.0,8250.0,8200.0,8250.0,6210.13818359375,6471300,0.0,0.0,yfinance_raw_daily
2020-01-13,8175.0,8225.0,8100.0,8150.0,6134.86328125,5178800,0.0,0.0,yfinance_raw_daily
2020-01-14,8125.0,8175.0,8075.0,8125.0,6116.044921875,6547800,0.0,0.0,yfinance_raw_daily
2020-01-15,8175.0,8300.0,8000.0,8050.0,6059.58935546875,13124400,0.0,0.0,yfinance_raw_daily
2020-01-16,8050.0,8175.0,8025.0,8175.0,6153.6826171875,7232700,0.0,0.0,yfinance_raw_daily
2020-01-17,8175.0,8250.0,8150.0,8250.0,6210.13818359375,7379500,0.0,0.0,yfinance_raw_daily
2020-01-20,8250.0,8275.0,8225.0,8250.0,6210.13818359375,11314800,0.0,0.0,yfinance_raw_daily
2020-01-21,8200.0,8275.0,8150.0,8250.0,6210.13818359375,12007100,0.0,0.0,yfinance_raw_daily
2020-01-22,8125.0,8275.0,8050.0,8050.0,6059.58935546875,8109000,0.0,0.0,yfinance_raw_daily
2020-01-23,8125.0,8175.0,8100.0,8150.0,6134.86328125,4747900,0.0,0.0,yfinance_raw_daily
2020-01-24,8075.0,8250.0,8075.0,8200.0,6172.50146484375,2377300,0.0,0.0,yfinance_raw_daily
2020-01-27,8175.0,8250.0,8100.0,8125.0,6116.044921875,4163600,0.0,0.0,yfinance_raw_daily
2020-01-28,8100.0,8175.0,7925.0,8125.0,6116.044921875,5373100,0.0,0.0,yfinance_raw_daily
2020-01-29,8075.0,8125.0,7900.0,7925.0,5965.4970703125,3673100,0.0,0.0,yfinance_raw_daily
2020-01-30,7975.0,8025.0,7900.0,7900.0,5946.677734375,4874900,0.0,0.0,yfinance_raw_daily
2020-01-31,7950.0,7950.0,7800.0,7825.0,5890.22119140625,10189200,0.0,0.0,yfinance_raw_daily
2020-02-03,7725.0,7750.0,7600.0,7675.0,5777.310546875,6488600,0.0,0.0,yfinance_raw_daily
2020-02-04,7700.0,7800.0,7700.0,7750.0,5833.76611328125,5253300,0.0,0.0,yfinance_raw_daily
2020-02-05,7750.0,7775.0,7725.0,7750.0,5833.76611328125,5380800,0.0,0.0,yfinance_raw_daily
2020-02-06,7800.0,7850.0,7700.0,7700.0,5796.12890625,4353700,0.0,0.0,yfinance_raw_daily
2020-02-07,7675.0,7875.0,7675.0,7850.0,5909.041015625,4827500,0.0,0.0,yfinance_raw_daily
2020-02-10,7850.0,7850.0,7725.0,7750.0,5833.76611328125,3995300,0.0,0.0,yfinance_raw_daily
2020-02-11,7825.0,7825.0,7650.0,7675.0,5777.310546875,7945200,0.0,0.0,yfinance_raw_daily
2020-02-12,7600.0,7600.0,6925.0,7000.0,5269.20849609375,25892100,0.0,0.0,yfinance_raw_daily
2020-02-13,7000.0,7125.0,6875.0,7000.0,5269.20849609375,11580200,0.0,0.0,yfinance_raw_daily
2020-02-14,7025.0,7200.0,7025.0,7150.0,5382.1201171875,4838500,0.0,0.0,yfinance_raw_daily
2020-02-17,7100.0,7200.0,7100.0,7150.0,5382.1201171875,3342000,0.0,0.0,yfinance_raw_daily
2020-02-18,7100.0,7175.0,7100.0,7100.0,5344.48291015625,5887700,0.0,0.0,yfinance_raw_daily
2020-02-19,7150.0,7175.0,7000.0,7050.0,5306.8447265625,5247600,0.0,0.0,yfinance_raw_daily
2020-02-20,7100.0,7375.0,7050.0,7300.0,5495.03125,10616800,0.0,0.0,yfinance_raw_daily
2020-02-21,7300.0,7325.0,7125.0,7200.0,5419.7568359375,6993800,0.0,0.0,yfinance_raw_daily
2020-02-24,7000.0,7225.0,7000.0,7200.0,5419.7568359375,6967200,0.0,0.0,yfinance_raw_daily
2020-02-25,7200.0,7300.0,7100.0,7225.0,5438.57568359375,6131700,0.0,0.0,yfinance_raw_daily
2020-02-26,7200.0,7275.0,7000.0,7025.0,5288.02685546875,9428000,0.0,0.0,yfinance_raw_daily
2020-02-27,7050.0,7175.0,6800.0,6900.0,5193.93359375,5442100,0.0,0.0,yfinance_raw_daily
2020-02-28,6700.0,6700.0,6375.0,6500.0,4892.83642578125,13279200,0.0,0.0,yfinance_raw_daily
2020-03-02,6600.0,6975.0,6500.0,6675.0,5024.56640625,14024800,0.0,0.0,yfinance_raw_daily
2020-03-03,6700.0,7275.0,6700.0,7125.0,5363.30078125,8924900,0.0,0.0,yfinance_raw_daily
2020-03-04,7100.0,7250.0,7050.0,7175.0,5400.9384765625,8989200,0.0,0.0,yfinance_raw_daily
2020-03-05,7250.0,7300.0,7125.0,7200.0,5419.7568359375,4037100,0.0,0.0,yfinance_raw_daily
2020-03-06,7150.0,7150.0,6950.0,6950.0,5231.57080078125,5741200,0.0,0.0,yfinance_raw_daily
2020-03-09,6650.0,6800.0,6350.0,6375.0,4798.74365234375,10550500,0.0,0.0,yfinance_raw_daily
2020-03-10,6375.0,6900.0,6375.0,6750.0,5081.02294921875,10166500,0.0,0.0,yfinance_raw_daily
2020-03-11,6750.0,6800.0,6525.0,6800.0,5118.65966796875,5828200,0.0,0.0,yfinance_raw_daily
2020-03-12,6700.0,6750.0,6525.0,6650.0,5005.74755859375,7287800,0.0,0.0,yfinance_raw_daily
2020-03-13,6550.0,7250.0,6200.0,6900.0,5193.93359375,21040100,0.0,0.0,yfinance_raw_daily
2020-03-16,6900.0,7000.0,6425.0,6425.0,4836.38037109375,13687800,0.0,0.0,yfinance_raw_daily
2020-03-17,6425.0,6500.0,6000.0,6125.0,4610.55712890625,11764900,0.0,0.0,yfinance_raw_daily
2020-03-18,6250.0,6300.0,5900.0,6075.0,4572.919921875,9846800,0.0,0.0,yfinance_raw_daily
2020-03-19,6000.0,6000.0,5650.0,5650.0,4253.00390625,5986200,0.0,0.0,yfinance_raw_daily
2020-03-20,5650.0,6025.0,5275.0,5750.0,4328.2783203125,31471200,0.0,0.0,yfinance_raw_daily
2020-03-23,5750.0,5750.0,5350.0,5350.0,4027.18017578125,7765500,0.0,0.0,yfinance_raw_daily
2020-03-24,5350.0,5600.0,5000.0,5050.0,3801.357177734375,16410200,0.0,0.0,yfinance_raw_daily
2020-03-26,5350.0,6050.0,5250.0,5975.0,4497.6455078125,22194900,0.0,0.0,yfinance_raw_daily
2020-03-27,6050.0,6800.0,6050.0,6800.0,5118.65966796875,26793200,0.0,0.0,yfinance_raw_daily
2020-03-30,6550.0,6550.0,6325.0,6350.0,4779.9248046875,10482900,0.0,0.0,yfinance_raw_daily
2020-03-31,6550.0,6825.0,6350.0,6350.0,4779.9248046875,23828700,0.0,0.0,yfinance_raw_daily
2020-04-01,6350.0,6550.0,6275.0,6350.0,4779.9248046875,15997900,0.0,0.0,yfinance_raw_daily
2020-04-02,6100.0,6875.0,6050.0,6800.0,5118.65966796875,12752200,0.0,0.0,yfinance_raw_daily
2020-04-03,6925.0,6925.0,6475.0,6600.0,4968.1103515625,12287400,0.0,0.0,yfinance_raw_daily
2020-04-06,6700.0,6850.0,6600.0,6725.0,5062.20361328125,12455800,0.0,0.0,yfinance_raw_daily
2020-04-07,6750.0,6875.0,6450.0,6525.0,4911.65478515625,14200200,0.0,0.0,yfinance_raw_daily
2020-04-08,6525.0,6525.0,6125.0,6250.0,4704.64990234375,12756300,0.0,0.0,yfinance_raw_daily
2020-04-09,6250.0,6500.0,6200.0,6375.0,4798.74365234375,10662800,0.0,0.0,yfinance_raw_daily
2020-04-13,6400.0,6475.0,6300.0,6400.0,4817.5615234375,6005200,0.0,0.0,yfinance_raw_daily
2020-04-14,6400.0,6550.0,6400.0,6450.0,4855.19921875,7463700,0.0,0.0,yfinance_raw_daily
2020-04-15,6500.0,6550.0,6375.0,6425.0,4836.38037109375,12517200,0.0,0.0,yfinance_raw_daily
2020-04-16,6400.0,6400.0,6050.0,6050.0,4554.1015625,13443500,0.0,0.0,yfinance_raw_daily
2020-04-17,6200.0,6300.0,6075.0,6250.0,4704.64990234375,11213400,0.0,0.0,yfinance_raw_daily
2020-04-20,6250.0,6425.0,6175.0,6225.0,4685.8310546875,8954400,0.0,0.0,yfinance_raw_daily
2020-04-21,6200.0,6400.0,6175.0,6275.0,4723.46826171875,6468800,0.0,0.0,yfinance_raw_daily
2020-04-22,6200.0,6450.0,6175.0,6300.0,4742.287109375,9006400,0.0,0.0,yfinance_raw_daily
2020-04-23,6400.0,6575.0,6300.0,6525.0,4911.65478515625,10046800,0.0,0.0,yfinance_raw_daily
2020-04-24,6525.0,6575.0,6300.0,6325.0,4761.10595703125,7318000,0.0,0.0,yfinance_raw_daily
2020-04-27,6450.0,6475.0,6275.0,6300.0,4742.287109375,4302000,0.0,0.0,yfinance_raw_daily
2020-04-28,6300.0,6525.0,6300.0,6475.0,4874.017578125,6777000,0.0,0.0,yfinance_raw_daily
2020-04-29,6500.0,6725.0,6475.0,6675.0,5024.56640625,10002500,0.0,0.0,yfinance_raw_daily
2020-04-30,6675.0,6800.0,6525.0,6525.0,4911.65478515625,9999100,0.0,0.0,yfinance_raw_daily
2020-05-04,6500.0,6725.0,6325.0,6600.0,4968.1103515625,10894100,0.0,0.0,yfinance_raw_daily
2020-05-05,6700.0,6700.0,6525.0,6525.0,4911.65478515625,4467200,0.0,0.0,yfinance_raw_daily
2020-05-06,6525.0,6650.0,6450.0,6500.0,4892.83642578125,4649100,0.0,0.0,yfinance_raw_daily
2020-05-08,6600.0,6700.0,6500.0,6625.0,4986.9287109375,9168700,0.0,0.0,yfinance_raw_daily
2020-05-11,6700.0,6725.0,6525.0,6525.0,4911.65478515625,6007600,0.0,0.0,yfinance_raw_daily
2020-05-12,6550.0,6575.0,6300.0,6325.0,4761.10595703125,9522400,0.0,0.0,yfinance_raw_daily
2020-05-13,6300.0,6400.0,6200.0,6325.0,4761.10595703125,6378600,0.0,0.0,yfinance_raw_daily
2020-05-14,6325.0,6600.0,6300.0,6575.0,4949.29150390625,10183700,0.0,0.0,yfinance_raw_daily
2020-05-15,6625.0,6650.0,6475.0,6575.0,4949.29150390625,6817800,0.0,0.0,yfinance_raw_daily
2020-05-18,6575.0,6650.0,6475.0,6500.0,4892.83642578125,7220700,0.0,0.0,yfinance_raw_daily
2020-05-19,6575.0,6750.0,6550.0,6750.0,5081.02294921875,7364000,0.0,0.0,yfinance_raw_daily
2020-05-20,6750.0,6750.0,6300.0,6425.0,4836.38037109375,14400700,0.0,0.0,yfinance_raw_daily
2020-05-26,6425.0,6425.0,6000.0,6000.0,4516.4638671875,17466600,0.0,0.0,yfinance_raw_daily
2020-05-27,6025.0,6025.0,5600.0,5600.0,4215.36669921875,17652100,0.0,0.0,yfinance_raw_daily
2020-05-28,5400.0,6050.0,5225.0,5675.0,4271.822265625,81128900,0.0,0.0,yfinance_raw_daily
2020-05-29,5700.0,5925.0,5600.0,5750.0,4328.2783203125,54627900,0.0,0.0,yfinance_raw_daily
2020-06-02,5800.0,6175.0,5800.0,6025.0,4535.283203125,35346700,0.0,0.0,yfinance_raw_daily
2020-06-03,6075.0,6275.0,6025.0,6200.0,4667.01318359375,24004300,0.0,0.0,yfinance_raw_daily
2020-06-04,6200.0,6300.0,6100.0,6150.0,4629.3759765625,19460100,0.0,0.0,yfinance_raw_daily
2020-06-05,6150.0,6150.0,6050.0,6150.0,4629.3759765625,13867100,0.0,0.0,yfinance_raw_daily
2020-06-08,6200.0,6225.0,6125.0,6200.0,4667.01318359375,22630400,0.0,0.0,yfinance_raw_daily
2020-06-09,6200.0,6475.0,6200.0,6300.0,4742.287109375,29253100,0.0,0.0,yfinance_raw_daily
2020-06-10,6325.0,6400.0,6100.0,6150.0,4629.3759765625,11632900,0.0,0.0,yfinance_raw_daily
2020-06-11,6050.0,6175.0,6025.0,6100.0,4591.73828125,12513600,0.0,0.0,yfinance_raw_daily
2020-06-12,6100.0,6100.0,5900.0,6100.0,4591.73828125,9715900,0.0,0.0,yfinance_raw_daily
2020-06-15,6100.0,6375.0,6075.0,6200.0,4667.01318359375,16214900,0.0,0.0,yfinance_raw_daily
2020-06-16,6300.0,6400.0,6275.0,6400.0,4817.5615234375,15697800,0.0,0.0,yfinance_raw_daily
2020-06-17,6400.0,6550.0,6400.0,6550.0,4930.47314453125,15534000,0.0,0.0,yfinance_raw_daily
2020-06-18,6525.0,6550.0,6450.0,6475.0,4874.017578125,11351300,0.0,0.0,yfinance_raw_daily
2020-06-19,6475.0,6575.0,6450.0,6575.0,4949.29150390625,11836400,0.0,0.0,yfinance_raw_daily
2020-06-22,6575.0,6675.0,6500.0,6575.0,4949.29150390625,10163000,0.0,0.0,yfinance_raw_daily
2020-06-23,6575.0,6575.0,6425.0,6425.0,4836.38037109375,6372400,0.0,0.0,yfinance_raw_daily
2020-06-24,6425.0,6550.0,6425.0,6525.0,4911.65478515625,5955300,0.0,0.0,yfinance_raw_daily
2020-06-25,6525.0,6525.0,6375.0,6375.0,4798.74365234375,6437400,0.0,0.0,yfinance_raw_daily
2020-06-26,6450.0,6675.0,6425.0,6675.0,5024.56640625,11505900,0.0,0.0,yfinance_raw_daily
2020-06-29,6650.0,6750.0,6525.0,6750.0,5081.02294921875,7600200,0.0,0.0,yfinance_raw_daily
2020-06-30,6750.0,6800.0,6525.0,6525.0,4911.65478515625,13636700,0.0,0.0,yfinance_raw_daily
2020-07-01,6500.0,6600.0,6475.0,6550.0,4930.47314453125,10713100,0.0,0.0,yfinance_raw_daily
2020-07-02,6575.0,6600.0,6475.0,6575.0,4949.29150390625,11912300,0.0,0.0,yfinance_raw_daily
2020-07-03,6600.0,6675.0,6575.0,6675.0,5024.56640625,9538000,0.0,0.0,yfinance_raw_daily
2020-07-06,6675.0,6750.0,6600.0,6625.0,4986.9287109375,3128400,0.0,0.0,yfinance_raw_daily
2020-07-07,6650.0,6650.0,6400.0,6575.0,4949.29150390625,6934800,0.0,0.0,yfinance_raw_daily
2020-07-08,6550.0,6625.0,6525.0,6625.0,4986.9287109375,4221100,0.0,0.0,yfinance_raw_daily
2020-07-09,6650.0,6675.0,6550.0,6550.0,4930.47314453125,9461600,0.0,0.0,yfinance_raw_daily
2020-07-10,6550.0,6575.0,6500.0,6500.0,4892.83642578125,7994100,0.0,0.0,yfinance_raw_daily
2020-07-13,6500.0,6625.0,6500.0,6575.0,4949.29150390625,6617200,0.0,0.0,yfinance_raw_daily
2020-07-14,6575.0,6625.0,6500.0,6600.0,4968.1103515625,8191900,0.0,0.0,yfinance_raw_daily
2020-07-15,6650.0,6650.0,6500.0,6525.0,4911.65478515625,9117100,0.0,0.0,yfinance_raw_daily
2020-07-16,6600.0,6750.0,6600.0,6625.0,4986.9287109375,23742800,0.0,0.0,yfinance_raw_daily
2020-07-17,6700.0,6700.0,6525.0,6550.0,4930.47314453125,23964500,0.0,0.0,yfinance_raw_daily
2020-07-20,6575.0,6750.0,6550.0,6600.0,4968.1103515625,21600300,0.0,0.0,yfinance_raw_daily
2020-07-21,6650.0,6725.0,6625.0,6675.0,5024.56640625,14061700,0.0,0.0,yfinance_raw_daily
2020-07-22,6725.0,6800.0,6650.0,6675.0,5024.56640625,14452000,0.0,0.0,yfinance_raw_daily
2020-07-23,6675.0,6725.0,6650.0,6725.0,5062.20361328125,21204800,0.0,0.0,yfinance_raw_daily
2020-07-24,6525.0,6525.0,6450.0,6475.0,5084.189453125,13204100,278.0,0.0,yfinance_raw_daily
2020-07-27,6500.0,6525.0,6450.0,6475.0,5084.189453125,6303500,0.0,0.0,yfinance_raw_daily
2020-07-28,6500.0,6500.0,6400.0,6425.0,5044.92919921875,9564800,0.0,0.0,yfinance_raw_daily
2020-07-29,6425.0,6450.0,6350.0,6400.0,5025.298828125,7944800,0.0,0.0,yfinance_raw_daily
2020-07-30,6500.0,6500.0,6400.0,6450.0,5064.55908203125,10514000,0.0,0.0,yfinance_raw_daily
2020-08-03,6475.0,6550.0,6300.0,6475.0,5084.189453125,12457500,0.0,0.0,yfinance_raw_daily
2020-08-04,6650.0,6800.0,6500.0,6750.0,5300.12060546875,45557500,0.0,0.0,yfinance_raw_daily
2020-08-05,6750.0,7100.0,6750.0,7075.0,5555.31103515625,29370600,0.0,0.0,yfinance_raw_daily
2020-08-06,7100.0,7175.0,6950.0,7025.0,5516.05078125,15089000,0.0,0.0,yfinance_raw_daily
2020-08-07,7025.0,7075.0,6850.0,6875.0,5398.27001953125,11677700,0.0,0.0,yfinance_raw_daily
2020-08-10,6875.0,7000.0,6875.0,6975.0,5476.79052734375,11772200,0.0,0.0,yfinance_raw_daily
2020-08-11,6975.0,7100.0,6975.0,7050.0,5535.6806640625,12655100,0.0,0.0,yfinance_raw_daily
2020-08-12,7050.0,7150.0,7000.0,7050.0,5535.6806640625,16834200,0.0,0.0,yfinance_raw_daily
2020-08-13,7100.0,7250.0,7025.0,7225.0,5673.0908203125,13482600,0.0,0.0,yfinance_raw_daily
2020-08-14,7150.0,7325.0,7100.0,7325.0,5751.611328125,6606400,0.0,0.0,yfinance_raw_daily
2020-08-18,7350.0,7400.0,7250.0,7250.0,5692.7216796875,11570800,0.0,0.0,yfinance_raw_daily
2020-08-19,7250.0,7300.0,7175.0,7200.0,5653.46142578125,8552800,0.0,0.0,yfinance_raw_daily
2020-08-24,7200.0,7500.0,7200.0,7500.0,5889.02197265625,10263900,0.0,0.0,yfinance_raw_daily
2020-08-25,7500.0,7850.0,7500.0,7850.0,6163.84375,18916800,0.0,0.0,yfinance_raw_daily
2020-08-26,7850.0,7850.0,7625.0,7675.0,6026.4326171875,10434100,0.0,0.0,yfinance_raw_daily
2020-08-27,7675.0,7725.0,7600.0,7675.0,6026.4326171875,7856800,0.0,0.0,yfinance_raw_daily
2020-08-28,7700.0,7700.0,7600.0,7625.0,5987.17236328125,7054400,0.0,0.0,yfinance_raw_daily
2020-08-31,7625.0,7800.0,7625.0,7625.0,5987.17236328125,15223500,0.0,0.0,yfinance_raw_daily
2020-09-01,7600.0,7700.0,7400.0,7650.0,6006.802734375,15776700,0.0,0.0,yfinance_raw_daily
2020-09-02,7525.0,7750.0,7525.0,7750.0,6085.32275390625,10946000,0.0,0.0,yfinance_raw_daily
2020-09-03,7800.0,7850.0,7700.0,7725.0,6065.6923828125,7228900,0.0,0.0,yfinance_raw_daily
2020-09-04,7700.0,7700.0,7500.0,7600.0,5967.54296875,7578500,0.0,0.0,yfinance_raw_daily
2020-09-07,7600.0,7800.0,7600.0,7800.0,6124.58251953125,8595700,0.0,0.0,yfinance_raw_daily
2020-09-08,7800.0,8000.0,7775.0,7900.0,6203.103515625,11121800,0.0,0.0,yfinance_raw_daily
2020-09-09,7850.0,7875.0,7525.0,7575.0,5947.91259765625,12012800,0.0,0.0,yfinance_raw_daily
2020-09-10,7500.0,7500.0,7050.0,7250.0,5692.7216796875,17395800,0.0,0.0,yfinance_raw_daily
2020-09-11,7000.0,7600.0,7000.0,7575.0,5947.91259765625,12441000,0.0,0.0,yfinance_raw_daily
2020-09-14,7700.0,7900.0,7625.0,7800.0,6124.58251953125,13583200,0.0,0.0,yfinance_raw_daily
2020-09-15,7800.0,7825.0,7600.0,7675.0,6026.4326171875,11969000,0.0,0.0,yfinance_raw_daily
2020-09-16,7625.0,7675.0,7575.0,7600.0,5967.54296875,4784000,0.0,0.0,yfinance_raw_daily
2020-09-17,7525.0,7600.0,7400.0,7400.0,5810.50146484375,7810000,0.0,0.0,yfinance_raw_daily
2020-09-18,7425.0,7600.0,7400.0,7525.0,5908.65234375,12208400,0.0,0.0,yfinance_raw_daily
2020-09-21,7575.0,7650.0,7500.0,7525.0,5908.65234375,6058000,0.0,0.0,yfinance_raw_daily
2020-09-22,7425.0,7600.0,7400.0,7525.0,5908.65234375,5940800,0.0,0.0,yfinance_raw_daily
2020-09-23,7450.0,7575.0,7425.0,7425.0,5830.13232421875,6002300,0.0,0.0,yfinance_raw_daily
2020-09-24,7400.0,7425.0,7050.0,7125.0,5594.57080078125,13985400,0.0,0.0,yfinance_raw_daily
2020-09-25,7125.0,7200.0,7075.0,7125.0,5594.57080078125,10590700,0.0,0.0,yfinance_raw_daily
2020-09-28,7150.0,7200.0,7000.0,7000.0,5496.4208984375,8872000,0.0,0.0,yfinance_raw_daily
2020-09-29,7050.0,7175.0,7000.0,7000.0,5496.4208984375,8282300,0.0,0.0,yfinance_raw_daily
2020-09-30,7050.0,7150.0,7000.0,7150.0,5614.201171875,6032400,0.0,0.0,yfinance_raw_daily
2020-10-01,7100.0,7175.0,7100.0,7175.0,5633.83154296875,2470600,0.0,0.0,yfinance_raw_daily
2020-10-02,7200.0,7225.0,7025.0,7075.0,5555.31103515625,4691800,0.0,0.0,yfinance_raw_daily
2020-10-05,7150.0,7200.0,7075.0,7100.0,5574.94091796875,2731300,0.0,0.0,yfinance_raw_daily
2020-10-06,7175.0,7325.0,7175.0,7225.0,5673.0908203125,7241600,0.0,0.0,yfinance_raw_daily
2020-10-07,7225.0,7375.0,7100.0,7125.0,5594.57080078125,8868400,0.0,0.0,yfinance_raw_daily
2020-10-08,7125.0,7275.0,7100.0,7225.0,5673.0908203125,6069800,0.0,0.0,yfinance_raw_daily
2020-10-09,7225.0,7275.0,7200.0,7225.0,5673.0908203125,2322100,0.0,0.0,yfinance_raw_daily
2020-10-12,7300.0,7325.0,7200.0,7200.0,5653.46142578125,5120500,0.0,0.0,yfinance_raw_daily
2020-10-13,7225.0,7250.0,7075.0,7250.0,5692.7216796875,8052700,0.0,0.0,yfinance_raw_daily
2020-10-14,7225.0,7250.0,7100.0,7125.0,5594.57080078125,10279200,0.0,0.0,yfinance_raw_daily
2020-10-15,7125.0,7150.0,7000.0,7050.0,5535.6806640625,14582800,0.0,0.0,yfinance_raw_daily
2020-10-16,7050.0,7100.0,7000.0,7075.0,5555.31103515625,10694800,0.0,0.0,yfinance_raw_daily
2020-10-19,7125.0,7150.0,7100.0,7150.0,5614.201171875,3912200,0.0,0.0,yfinance_raw_daily
2020-10-20,7150.0,7175.0,7000.0,7025.0,5516.05078125,8968700,0.0,0.0,yfinance_raw_daily
2020-10-21,7075.0,7125.0,7050.0,7075.0,5555.31103515625,5279800,0.0,0.0,yfinance_raw_daily
2020-10-22,7075.0,7225.0,7025.0,7225.0,5673.0908203125,8964200,0.0,0.0,yfinance_raw_daily
2020-10-23,7200.0,7200.0,7050.0,7075.0,5555.31103515625,6734900,0.0,0.0,yfinance_raw_daily
2020-10-26,7075.0,7100.0,7025.0,7075.0,5555.31103515625,6495000,0.0,0.0,yfinance_raw_daily
2020-10-27,7050.0,7075.0,7000.0,7000.0,5496.4208984375,9447300,0.0,0.0,yfinance_raw_daily
2020-11-02,7000.0,7075.0,6825.0,7025.0,5516.05078125,16241000,0.0,0.0,yfinance_raw_daily
2020-11-03,7025.0,7050.0,6950.0,7000.0,5496.4208984375,6839400,0.0,0.0,yfinance_raw_daily
2020-11-04,7050.0,7075.0,6950.0,6950.0,5457.16064453125,7124700,0.0,0.0,yfinance_raw_daily
2020-11-05,7075.0,7125.0,7000.0,7125.0,5594.57080078125,9670300,0.0,0.0,yfinance_raw_daily
2020-11-06,7025.0,7200.0,7025.0,7175.0,5633.83154296875,17154400,0.0,0.0,yfinance_raw_daily
2020-11-09,7175.0,7275.0,7150.0,7200.0,5653.46142578125,15842000,0.0,0.0,yfinance_raw_daily
2020-11-10,7300.0,7300.0,7125.0,7150.0,5614.201171875,16395800,0.0,0.0,yfinance_raw_daily
2020-11-11,7100.0,7225.0,7025.0,7050.0,5535.6806640625,15180200,0.0,0.0,yfinance_raw_daily
2020-11-12,7050.0,7200.0,7050.0,7175.0,5633.83154296875,14050400,0.0,0.0,yfinance_raw_daily
2020-11-13,7200.0,7200.0,7100.0,7100.0,5574.94091796875,7229400,0.0,0.0,yfinance_raw_daily
2020-11-16,7150.0,7175.0,7125.0,7150.0,5614.201171875,8258000,0.0,0.0,yfinance_raw_daily
2020-11-17,7150.0,7425.0,7150.0,7275.0,5712.3515625,19444400,0.0,0.0,yfinance_raw_daily
2020-11-18,7300.0,7425.0,7300.0,7350.0,5771.24169921875,12693300,0.0,0.0,yfinance_raw_daily
2020-11-19,7350.0,7375.0,7250.0,7275.0,5712.3515625,8422500,0.0,0.0,yfinance_raw_daily
2020-11-20,7300.0,7350.0,7175.0,7225.0,5673.0908203125,13621800,0.0,0.0,yfinance_raw_daily
2020-11-23,7300.0,7300.0,7225.0,7275.0,5712.3515625,7560300,0.0,0.0,yfinance_raw_daily
2020-11-24,7350.0,7350.0,7225.0,7250.0,5692.7216796875,9553000,0.0,0.0,yfinance_raw_daily
2020-11-25,7300.0,7350.0,7125.0,7150.0,5614.201171875,18608200,0.0,0.0,yfinance_raw_daily
2020-11-26,7125.0,7250.0,7125.0,7225.0,5673.0908203125,6716000,0.0,0.0,yfinance_raw_daily
2020-11-27,7175.0,7350.0,7175.0,7300.0,5731.98193359375,11056100,0.0,0.0,yfinance_raw_daily
2020-11-30,7325.0,7350.0,7000.0,7100.0,5574.94091796875,41426700,0.0,0.0,yfinance_raw_daily
2020-12-01,7125.0,7175.0,7025.0,7100.0,5574.94091796875,12223000,0.0,0.0,yfinance_raw_daily
2020-12-02,7100.0,7250.0,7100.0,7150.0,5614.201171875,20584900,0.0,0.0,yfinance_raw_daily
2020-12-03,7200.0,7275.0,7050.0,7050.0,5535.6806640625,17398300,0.0,0.0,yfinance_raw_daily
2020-12-04,7075.0,7100.0,7000.0,7025.0,5516.05078125,7084500,0.0,0.0,yfinance_raw_daily
2020-12-07,7025.0,7150.0,7025.0,7100.0,5574.94091796875,15162700,0.0,0.0,yfinance_raw_daily
2020-12-08,7100.0,7125.0,7000.0,7000.0,5496.4208984375,20773900,0.0,0.0,yfinance_raw_daily
2020-12-10,7000.0,7075.0,6975.0,6975.0,5476.79052734375,24969200,0.0,0.0,yfinance_raw_daily
2020-12-11,7000.0,7025.0,6925.0,6925.0,5437.53076171875,12019500,0.0,0.0,yfinance_raw_daily
2020-12-14,6925.0,7025.0,6900.0,7025.0,5516.05078125,14940000,0.0,0.0,yfinance_raw_daily
2020-12-15,7025.0,7050.0,6850.0,6900.0,5417.89990234375,24500700,0.0,0.0,yfinance_raw_daily
2020-12-16,6900.0,6975.0,6900.0,6900.0,5417.89990234375,21226500,0.0,0.0,yfinance_raw_daily
2020-12-17,6900.0,6975.0,6850.0,6850.0,5378.64013671875,13726500,0.0,0.0,yfinance_raw_daily
2020-12-18,6850.0,6950.0,6825.0,6825.0,5359.01025390625,18415800,0.0,0.0,yfinance_raw_daily
2020-12-21,6825.0,7075.0,6825.0,7050.0,5535.6806640625,18759700,0.0,0.0,yfinance_raw_daily
2020-12-22,7050.0,7075.0,6825.0,6825.0,5359.01025390625,17134800,0.0,0.0,yfinance_raw_daily
2020-12-23,6875.0,6925.0,6700.0,6800.0,5339.38037109375,10921000,0.0,0.0,yfinance_raw_daily
2020-12-28,6900.0,6925.0,6725.0,6925.0,5437.53076171875,5918900,0.0,0.0,yfinance_raw_daily
2020-12-29,6925.0,6950.0,6825.0,6825.0,5359.01025390625,7869500,0.0,0.0,yfinance_raw_daily
2020-12-30,6825.0,6900.0,6750.0,6850.0,5378.64013671875,13708100,0.0,0.0,yfinance_raw_daily
2021-01-04,6850.0,6900.0,6775.0,6825.0,5359.01025390625,6655300,0.0,0.0,yfinance_raw_daily
2021-01-05,6825.0,6925.0,6825.0,6850.0,5378.64013671875,14953600,0.0,0.0,yfinance_raw_daily
2021-01-06,6850.0,6875.0,6700.0,6750.0,5300.12060546875,13331700,0.0,0.0,yfinance_raw_daily
2021-01-07,6750.0,6825.0,6750.0,6775.0,5319.75,7031400,0.0,0.0,yfinance_raw_daily
2021-01-08,6775.0,6825.0,6750.0,6800.0,5339.38037109375,12862000,0.0,0.0,yfinance_raw_daily
2021-01-11,6800.0,6825.0,6750.0,6750.0,5300.12060546875,15471100,0.0,0.0,yfinance_raw_daily
2021-01-12,6800.0,6900.0,6725.0,6725.0,5280.48974609375,15844300,0.0,0.0,yfinance_raw_daily
2021-01-13,6800.0,6800.0,6700.0,6700.0,5260.85986328125,13975500,0.0,0.0,yfinance_raw_daily
2021-01-14,6750.0,6775.0,6700.0,6725.0,5280.48974609375,9115700,0.0,0.0,yfinance_raw_daily
2021-01-15,6725.0,6775.0,6650.0,6675.0,5241.2294921875,12883300,0.0,0.0,yfinance_raw_daily
2021-01-18,6675.0,6850.0,6650.0,6850.0,5378.64013671875,12872200,0.0,0.0,yfinance_raw_daily
2021-01-19,6900.0,7025.0,6800.0,6800.0,5339.38037109375,29859400,0.0,0.0,yfinance_raw_daily
2021-01-20,6800.0,6850.0,6750.0,6750.0,5300.12060546875,12921600,0.0,0.0,yfinance_raw_daily
2021-01-21,6800.0,6825.0,6750.0,6775.0,5319.75,7256800,0.0,0.0,yfinance_raw_daily
2021-01-22,6800.0,6850.0,6675.0,6675.0,5241.2294921875,12729400,0.0,0.0,yfinance_raw_daily
2021-01-25,6675.0,6750.0,6600.0,6625.0,5201.96875,9830000,0.0,0.0,yfinance_raw_daily
2021-01-26,6625.0,6725.0,6550.0,6575.0,5162.70947265625,12599500,0.0,0.0,yfinance_raw_daily
2021-01-27,6575.0,6675.0,6525.0,6550.0,5143.0791015625,8761900,0.0,0.0,yfinance_raw_daily
2021-01-28,6525.0,6575.0,6325.0,6325.0,4966.40869140625,11374700,0.0,0.0,yfinance_raw_daily
2021-01-29,6425.0,6550.0,6050.0,6050.0,4750.47802734375,27088500,0.0,0.0,yfinance_raw_daily
2021-02-01,6100.0,6275.0,6000.0,6250.0,4907.51806640625,13536900,0.0,0.0,yfinance_raw_daily
2021-02-02,6300.0,6475.0,6250.0,6325.0,4966.40869140625,16938300,0.0,0.0,yfinance_raw_daily
2021-02-03,6375.0,6450.0,6300.0,6300.0,4946.7783203125,10659800,0.0,0.0,yfinance_raw_daily
2021-02-04,6300.0,6350.0,6275.0,6325.0,4966.40869140625,9622800,0.0,0.0,yfinance_raw_daily
2021-02-05,6325.0,6375.0,6275.0,6325.0,4966.40869140625,7175100,0.0,0.0,yfinance_raw_daily
2021-02-08,6325.0,6375.0,6225.0,6250.0,4907.51806640625,10698600,0.0,0.0,yfinance_raw_daily
2021-02-09,6250.0,6250.0,6100.0,6150.0,4828.998046875,16389300,0.0,0.0,yfinance_raw_daily
2021-02-10,6175.0,6225.0,6125.0,6125.0,4809.3681640625,12959600,0.0,0.0,yfinance_raw_daily
2021-02-11,6125.0,6300.0,6125.0,6300.0,4946.7783203125,9091500,0.0,0.0,yfinance_raw_daily
2021-02-15,6325.0,6350.0,6150.0,6150.0,4828.998046875,12525200,0.0,0.0,yfinance_raw_daily
2021-02-16,6200.0,6225.0,6075.0,6100.0,4789.73828125,15087800,0.0,0.0,yfinance_raw_daily
2021-02-17,6175.0,6175.0,6075.0,6100.0,4789.73828125,5738900,0.0,0.0,yfinance_raw_daily
2021-02-18,6175.0,6175.0,6050.0,6050.0,4750.47802734375,8654700,0.0,0.0,yfinance_raw_daily
2021-02-19,6050.0,6125.0,6025.0,6075.0,4770.10791015625,5309600,0.0,0.0,yfinance_raw_daily
2021-02-22,6100.0,6150.0,6050.0,6050.0,4750.47802734375,8928400,0.0,0.0,yfinance_raw_daily
2021-02-23,6075.0,6100.0,6000.0,6050.0,4750.47802734375,10874800,0.0,0.0,yfinance_raw_daily
2021-02-24,6100.0,6200.0,6075.0,6100.0,4789.73828125,11677000,0.0,0.0,yfinance_raw_daily
2021-02-25,6175.0,6175.0,6100.0,6125.0,4809.3681640625,7496000,0.0,0.0,yfinance_raw_daily
2021-02-26,6125.0,6150.0,6050.0,6050.0,4750.47802734375,21120400,0.0,0.0,yfinance_raw_daily
2021-03-01,6100.0,6125.0,6050.0,6100.0,4789.73828125,9537900,0.0,0.0,yfinance_raw_daily
2021-03-02,6150.0,6300.0,6125.0,6275.0,4927.14794921875,16995000,0.0,0.0,yfinance_raw_daily
2021-03-03,6300.0,6350.0,6200.0,6300.0,4946.7783203125,14417200,0.0,0.0,yfinance_raw_daily
2021-03-04,6300.0,6300.0,6175.0,6200.0,4868.25830078125,10535500,0.0,0.0,yfinance_raw_daily
2021-03-05,6100.0,6225.0,6100.0,6125.0,4809.3681640625,10281700,0.0,0.0,yfinance_raw_daily
2021-03-08,6200.0,6250.0,6150.0,6175.0,4848.6279296875,8327900,0.0,0.0,yfinance_raw_daily
2021-03-09,6250.0,6275.0,6150.0,6200.0,4868.25830078125,11669300,0.0,0.0,yfinance_raw_daily
2021-03-10,6250.0,6400.0,6200.0,6400.0,5025.298828125,12830000,0.0,0.0,yfinance_raw_daily
2021-03-12,6425.0,6475.0,6350.0,6375.0,5005.6689453125,13809200,0.0,0.0,yfinance_raw_daily
2021-03-15,6400.0,6450.0,6375.0,6400.0,5025.298828125,7742700,0.0,0.0,yfinance_raw_daily
2021-03-16,6450.0,6475.0,6400.0,6400.0,5025.298828125,4449100,0.0,0.0,yfinance_raw_daily
2021-03-17,6475.0,6475.0,6350.0,6350.0,4986.0390625,5487400,0.0,0.0,yfinance_raw_daily
2021-03-18,6400.0,6425.0,6300.0,6300.0,4946.7783203125,9918000,0.0,0.0,yfinance_raw_daily
2021-03-19,6300.0,6500.0,6275.0,6500.0,5103.8193359375,18918100,0.0,0.0,yfinance_raw_daily
2021-03-22,6500.0,6550.0,6325.0,6350.0,4986.0390625,12601900,0.0,0.0,yfinance_raw_daily
2021-03-23,6525.0,6750.0,6525.0,6675.0,5241.2294921875,30644300,0.0,0.0,yfinance_raw_daily
2021-03-24,6675.0,6725.0,6575.0,6725.0,5280.48974609375,14817700,0.0,0.0,yfinance_raw_daily
2021-03-25,6725.0,6750.0,6500.0,6625.0,5201.96875,15252100,0.0,0.0,yfinance_raw_daily
2021-03-26,6650.0,6775.0,6550.0,6750.0,5300.12060546875,14473700,0.0,0.0,yfinance_raw_daily
2021-03-29,6775.0,6800.0,6675.0,6800.0,5339.38037109375,8711200,0.0,0.0,yfinance_raw_daily
2021-03-30,6800.0,6825.0,6625.0,6700.0,5260.85986328125,8013900,0.0,0.0,yfinance_raw_daily
2021-03-31,6725.0,6725.0,6425.0,6600.0,5182.33935546875,14076000,0.0,0.0,yfinance_raw_daily
2021-04-01,6600.0,6750.0,6525.0,6725.0,5280.48974609375,10400800,0.0,0.0,yfinance_raw_daily
2021-04-05,6800.0,6800.0,6650.0,6650.0,5221.599609375,8378100,0.0,0.0,yfinance_raw_daily
2021-04-06,6725.0,6775.0,6625.0,6750.0,5300.12060546875,7035000,0.0,0.0,yfinance_raw_daily
2021-04-07,6800.0,6800.0,6675.0,6775.0,5319.75,4626500,0.0,0.0,yfinance_raw_daily
2021-04-08,6700.0,6750.0,6650.0,6675.0,5241.2294921875,6318100,0.0,0.0,yfinance_raw_daily
2021-04-09,6650.0,6700.0,6600.0,6600.0,5182.33935546875,5953200,0.0,0.0,yfinance_raw_daily
2021-04-12,6600.0,6700.0,6525.0,6600.0,5182.33935546875,8463900,0.0,0.0,yfinance_raw_daily
2021-04-13,6625.0,6650.0,6525.0,6575.0,5162.70947265625,7908500,0.0,0.0,yfinance_raw_daily
2021-04-14,6600.0,6625.0,6550.0,6575.0,5162.70947265625,2736900,0.0,0.0,yfinance_raw_daily
2021-04-15,6550.0,6650.0,6500.0,6650.0,5221.599609375,4067600,0.0,0.0,yfinance_raw_daily
2021-04-16,6625.0,6750.0,6575.0,6700.0,5260.85986328125,8024700,0.0,0.0,yfinance_raw_daily
2021-04-19,6750.0,6775.0,6675.0,6750.0,5300.12060546875,6456700,0.0,0.0,yfinance_raw_daily
2021-04-20,6700.0,6750.0,6675.0,6750.0,5300.12060546875,4485900,0.0,0.0,yfinance_raw_daily
2021-04-21,6725.0,6800.0,6700.0,6775.0,5319.75,5957600,0.0,0.0,yfinance_raw_daily
2021-04-22,6800.0,6800.0,6675.0,6675.0,5241.2294921875,5354200,0.0,0.0,yfinance_raw_daily
2021-04-23,6675.0,6750.0,6650.0,6750.0,5300.12060546875,4746700,0.0,0.0,yfinance_raw_daily
2021-04-26,6750.0,6750.0,6650.0,6675.0,5241.2294921875,5724200,0.0,0.0,yfinance_raw_daily
2021-04-27,6650.0,6700.0,6525.0,6525.0,5123.44921875,6433900,0.0,0.0,yfinance_raw_daily
2021-04-28,6550.0,6675.0,6525.0,6675.0,5241.2294921875,4379400,0.0,0.0,yfinance_raw_daily
2021-04-29,6675.0,6675.0,6525.0,6525.0,5123.44921875,7824600,0.0,0.0,yfinance_raw_daily
2021-04-30,6575.0,6600.0,6500.0,6525.0,5123.44921875,4426900,0.0,0.0,yfinance_raw_daily
2021-05-03,6525.0,6550.0,6450.0,6475.0,5084.189453125,5685300,0.0,0.0,yfinance_raw_daily
2021-05-04,6500.0,6575.0,6450.0,6575.0,5162.70947265625,2921300,0.0,0.0,yfinance_raw_daily
2021-05-05,6600.0,6600.0,6500.0,6500.0,5103.8193359375,3234600,0.0,0.0,yfinance_raw_daily
2021-05-06,6525.0,6575.0,6500.0,6550.0,5143.0791015625,3749600,0.0,0.0,yfinance_raw_daily
2021-05-07,6500.0,6575.0,6500.0,6500.0,5103.8193359375,3537800,0.0,0.0,yfinance_raw_daily
2021-05-10,6525.0,6650.0,6525.0,6575.0,5162.70947265625,7849700,0.0,0.0,yfinance_raw_daily
2021-05-11,6575.0,6650.0,6525.0,6575.0,5162.70947265625,7528400,0.0,0.0,yfinance_raw_daily
2021-05-17,6600.0,6625.0,6325.0,6350.0,4986.0390625,12918300,0.0,0.0,yfinance_raw_daily
2021-05-18,6350.0,6450.0,6350.0,6375.0,5005.6689453125,5181000,0.0,0.0,yfinance_raw_daily
2021-05-19,6375.0,6450.0,6350.0,6375.0,5005.6689453125,6071500,0.0,0.0,yfinance_raw_daily
2021-05-20,6400.0,6475.0,6300.0,6375.0,5005.6689453125,6549800,0.0,0.0,yfinance_raw_daily
2021-05-21,6375.0,6425.0,6325.0,6350.0,4986.0390625,4549500,0.0,0.0,yfinance_raw_daily
2021-05-24,6350.0,6350.0,6225.0,6275.0,4927.14794921875,6645400,0.0,0.0,yfinance_raw_daily
2021-05-25,6275.0,6325.0,6225.0,6300.0,4946.7783203125,9217700,0.0,0.0,yfinance_raw_daily
2021-05-27,6325.0,6375.0,6250.0,6250.0,4907.51806640625,19375100,0.0,0.0,yfinance_raw_daily
2021-05-28,6225.0,6300.0,6125.0,6225.0,4887.88818359375,11134300,0.0,0.0,yfinance_raw_daily
2021-05-31,6225.0,6350.0,6200.0,6350.0,4986.0390625,7281000,0.0,0.0,yfinance_raw_daily
2021-06-02,6400.0,6475.0,6375.0,6450.0,5064.55908203125,8305800,0.0,0.0,yfinance_raw_daily
2021-06-03,6450.0,6675.0,6400.0,6675.0,5241.2294921875,9230800,0.0,0.0,yfinance_raw_daily
2021-06-04,6600.0,6625.0,6450.0,6575.0,5162.70947265625,7802700,0.0,0.0,yfinance_raw_daily
2021-06-07,6575.0,6575.0,6400.0,6575.0,5162.70947265625,5807400,0.0,0.0,yfinance_raw_daily
2021-06-08,6525.0,6550.0,6375.0,6375.0,5005.6689453125,5824900,0.0,0.0,yfinance_raw_daily
2021-06-09,6375.0,6375.0,6250.0,6275.0,4927.14794921875,8710600,0.0,0.0,yfinance_raw_daily
2021-06-10,6275.0,6325.0,6250.0,6250.0,4907.51806640625,7499200,0.0,0.0,yfinance_raw_daily
2021-06-11,6300.0,6325.0,6250.0,6275.0,4927.14794921875,5349300,0.0,0.0,yfinance_raw_daily
2021-06-14,6300.0,6325.0,6250.0,6275.0,4927.14794921875,1774100,0.0,0.0,yfinance_raw_daily
2021-06-15,6275.0,6300.0,6250.0,6250.0,4907.51806640625,6205400,0.0,0.0,yfinance_raw_daily
2021-06-16,6250.0,6375.0,6250.0,6275.0,4927.14794921875,3877900,0.0,0.0,yfinance_raw_daily
2021-06-17,6275.0,6300.0,6225.0,6250.0,4907.51806640625,3618300,0.0,0.0,yfinance_raw_daily
2021-06-18,6250.0,6250.0,5975.0,5975.0,4691.587890625,31608600,0.0,0.0,yfinance_raw_daily
2021-06-21,5750.0,6100.0,5750.0,6025.0,4730.84814453125,7919800,0.0,0.0,yfinance_raw_daily
2021-06-22,6075.0,6275.0,6075.0,6175.0,4848.6279296875,7005100,0.0,0.0,yfinance_raw_daily
2021-06-23,6175.0,6225.0,6025.0,6025.0,4730.84814453125,8020900,0.0,0.0,yfinance_raw_daily
2021-06-24,6025.0,6050.0,5925.0,5975.0,4691.587890625,7558400,0.0,0.0,yfinance_raw_daily
2021-06-25,5975.0,6150.0,5975.0,6050.0,4750.47802734375,4983500,0.0,0.0,yfinance_raw_daily
2021-06-28,6050.0,6100.0,6000.0,6000.0,4711.2177734375,4362200,0.0,0.0,yfinance_raw_daily
2021-06-29,6025.0,6250.0,6000.0,6225.0,4887.88818359375,11014600,0.0,0.0,yfinance_raw_daily
2021-06-30,6225.0,6250.0,6150.0,6175.0,4848.6279296875,6063400,0.0,0.0,yfinance_raw_daily
2021-07-01,6300.0,6600.0,6300.0,6550.0,5143.0791015625,25772000,0.0,0.0,yfinance_raw_daily
2021-07-02,6600.0,6650.0,6475.0,6575.0,5162.70947265625,13176700,0.0,0.0,yfinance_raw_daily
2021-07-05,6575.0,6650.0,6400.0,6450.0,5064.55908203125,9409300,0.0,0.0,yfinance_raw_daily
2021-07-06,6500.0,6500.0,6400.0,6450.0,5064.55908203125,5961000,0.0,0.0,yfinance_raw_daily
2021-07-07,6475.0,6575.0,6425.0,6450.0,5064.55908203125,8760800,0.0,0.0,yfinance_raw_daily
2021-07-08,6450.0,6525.0,6425.0,6425.0,5044.92919921875,6331800,0.0,0.0,yfinance_raw_daily
2021-07-09,6425.0,6575.0,6375.0,6475.0,5084.189453125,6737800,0.0,0.0,yfinance_raw_daily
2021-07-12,6500.0,6625.0,6500.0,6600.0,5182.33935546875,6033900,0.0,0.0,yfinance_raw_daily
2021-07-13,6600.0,6700.0,6575.0,6625.0,5201.96875,9462600,0.0,0.0,yfinance_raw_daily
2021-07-14,6625.0,6625.0,6525.0,6625.0,5201.96875,9076900,0.0,0.0,yfinance_raw_daily
2021-07-15,6650.0,6700.0,6575.0,6675.0,5241.2294921875,6065800,0.0,0.0,yfinance_raw_daily
2021-07-16,6675.0,6700.0,6525.0,6625.0,5201.96875,5581900,0.0,0.0,yfinance_raw_daily
2021-07-19,6625.0,6675.0,6550.0,6650.0,5221.599609375,6565300,0.0,0.0,yfinance_raw_daily
2021-07-21,6650.0,6675.0,6500.0,6525.0,5123.44921875,8853700,0.0,0.0,yfinance_raw_daily
2021-07-22,6525.0,6575.0,6475.0,6525.0,5123.44921875,6293400,0.0,0.0,yfinance_raw_daily
2021-07-23,6525.0,6575.0,6450.0,6475.0,5084.189453125,6496900,0.0,0.0,yfinance_raw_daily
2021-07-26,6475.0,6550.0,6475.0,6500.0,5103.8193359375,2365400,0.0,0.0,yfinance_raw_daily
2021-07-27,6575.0,6575.0,6475.0,6575.0,5162.70947265625,3170500,0.0,0.0,yfinance_raw_daily
2021-07-28,6575.0,6575.0,6425.0,6500.0,5103.8193359375,2551700,0.0,0.0,yfinance_raw_daily
2021-07-29,6450.0,6500.0,6375.0,6375.0,5005.6689453125,8460000,0.0,0.0,yfinance_raw_daily
2021-07-30,6400.0,6450.0,6075.0,6075.0,4770.10791015625,17612100,0.0,0.0,yfinance_raw_daily
2021-08-02,6175.0,6225.0,6100.0,6175.0,4848.6279296875,7791300,0.0,0.0,yfinance_raw_daily
2021-08-03,6175.0,6250.0,6125.0,6125.0,4809.3681640625,6803100,0.0,0.0,yfinance_raw_daily
2021-08-04,6150.0,6200.0,6100.0,6175.0,4848.6279296875,8354800,0.0,0.0,yfinance_raw_daily
2021-08-05,6200.0,6250.0,6175.0,6200.0,4868.25830078125,5577600,0.0,0.0,yfinance_raw_daily
2021-08-06,6200.0,6300.0,6150.0,6225.0,4887.88818359375,4446500,0.0,0.0,yfinance_raw_daily
2021-08-09,6225.0,6275.0,6100.0,6150.0,4828.998046875,4900300,0.0,0.0,yfinance_raw_daily
2021-08-10,6125.0,6175.0,6050.0,6125.0,4809.3681640625,6276400,0.0,0.0,yfinance_raw_daily
2021-08-12,6175.0,6250.0,6125.0,6200.0,4868.25830078125,8716200,0.0,0.0,yfinance_raw_daily
2021-08-13,6250.0,6300.0,6200.0,6225.0,4887.88818359375,4764300,0.0,0.0,yfinance_raw_daily
2021-08-16,6275.0,6375.0,6200.0,6350.0,4986.0390625,7940600,0.0,0.0,yfinance_raw_daily
2021-08-18,6400.0,6475.0,6375.0,6400.0,5025.298828125,6963400,0.0,0.0,yfinance_raw_daily
2021-08-19,6375.0,6400.0,6175.0,6250.0,4907.51806640625,6790800,0.0,0.0,yfinance_raw_daily
2021-08-20,6225.0,6225.0,6150.0,6175.0,4848.6279296875,4015600,0.0,0.0,yfinance_raw_daily
2021-08-23,6200.0,6250.0,6175.0,6225.0,4887.88818359375,4877300,0.0,0.0,yfinance_raw_daily
2021-08-24,6225.0,6300.0,6175.0,6300.0,4946.7783203125,4955000,0.0,0.0,yfinance_raw_daily
2021-08-25,6350.0,6375.0,6250.0,6325.0,4966.40869140625,5437500,0.0,0.0,yfinance_raw_daily
2021-08-26,6350.0,6400.0,6275.0,6275.0,4927.14794921875,6674600,0.0,0.0,yfinance_raw_daily
2021-08-27,6325.0,6450.0,6275.0,6425.0,5044.92919921875,11218400,0.0,0.0,yfinance_raw_daily
2021-08-30,6450.0,6525.0,6425.0,6525.0,5123.44921875,8838300,0.0,0.0,yfinance_raw_daily
2021-08-31,6525.0,6525.0,6175.0,6175.0,4848.6279296875,29734700,0.0,0.0,yfinance_raw_daily
2021-09-01,6275.0,6400.0,6275.0,6350.0,4986.0390625,10351400,0.0,0.0,yfinance_raw_daily
2021-09-02,6400.0,6450.0,6375.0,6450.0,5064.55908203125,6606600,0.0,0.0,yfinance_raw_daily
2021-09-03,6475.0,6550.0,6425.0,6525.0,5123.44921875,14115000,0.0,0.0,yfinance_raw_daily
2021-09-06,6550.0,6575.0,6450.0,6475.0,5084.189453125,11023000,0.0,0.0,yfinance_raw_daily
2021-09-07,6300.0,6300.0,6200.0,6250.0,5127.671875,9378400,278.0,0.0,yfinance_raw_daily
2021-09-08,6275.0,6275.0,6150.0,6175.0,5066.1396484375,11104500,0.0,0.0,yfinance_raw_daily
2021-09-09,6175.0,6275.0,6150.0,6275.0,5148.1826171875,9251000,0.0,0.0,yfinance_raw_daily
2021-09-10,6300.0,6300.0,6225.0,6225.0,5107.16064453125,3664000,0.0,0.0,yfinance_raw_daily
2021-09-13,6200.0,6250.0,6175.0,6225.0,5107.16064453125,1815700,0.0,0.0,yfinance_raw_daily
2021-09-14,6275.0,6275.0,6175.0,6175.0,5066.1396484375,3388600,0.0,0.0,yfinance_raw_daily
2021-09-15,6175.0,6250.0,6175.0,6250.0,5127.671875,4024900,0.0,0.0,yfinance_raw_daily
2021-09-16,6250.0,6275.0,6175.0,6200.0,5086.650390625,3692500,0.0,0.0,yfinance_raw_daily
2021-09-17,6200.0,6225.0,6150.0,6200.0,5086.650390625,9684300,0.0,0.0,yfinance_raw_daily
2021-09-20,6200.0,6225.0,6125.0,6150.0,5045.62890625,3568800,0.0,0.0,yfinance_raw_daily
2021-09-21,6150.0,6175.0,6100.0,6150.0,5045.62890625,3730100,0.0,0.0,yfinance_raw_daily
2021-09-22,6175.0,6200.0,6150.0,6200.0,5086.650390625,2410500,0.0,0.0,yfinance_raw_daily
2021-09-23,6200.0,6225.0,6150.0,6150.0,5045.62890625,5395000,0.0,0.0,yfinance_raw_daily
2021-09-24,6150.0,6200.0,6100.0,6150.0,5045.62890625,6243600,0.0,0.0,yfinance_raw_daily
2021-09-27,6150.0,6175.0,6100.0,6100.0,5004.607421875,4794800,0.0,0.0,yfinance_raw_daily
2021-09-28,6100.0,6225.0,6100.0,6150.0,5045.62890625,6688300,0.0,0.0,yfinance_raw_daily
2021-09-29,6125.0,6175.0,6100.0,6150.0,5045.62890625,4698800,0.0,0.0,yfinance_raw_daily
2021-09-30,6200.0,6375.0,6175.0,6350.0,5209.71484375,17585000,0.0,0.0,yfinance_raw_daily
2021-10-01,6325.0,6325.0,6175.0,6250.0,5127.671875,8796400,0.0,0.0,yfinance_raw_daily
2021-10-04,6300.0,6450.0,6225.0,6425.0,5271.24658203125,13243300,0.0,0.0,yfinance_raw_daily
2021-10-05,6425.0,6525.0,6350.0,6500.0,5332.7783203125,10904600,0.0,0.0,yfinance_raw_daily
2021-10-06,6525.0,6650.0,6525.0,6600.0,5414.8212890625,14518800,0.0,0.0,yfinance_raw_daily
2021-10-07,6625.0,6725.0,6625.0,6700.0,5496.8642578125,14057700,0.0,0.0,yfinance_raw_daily
2021-10-08,6700.0,6750.0,6600.0,6700.0,5496.8642578125,7786300,0.0,0.0,yfinance_raw_daily
2021-10-11,6725.0,6725.0,6600.0,6625.0,5435.33154296875,4124900,0.0,0.0,yfinance_raw_daily
2021-10-12,6650.0,6700.0,6600.0,6675.0,5476.35400390625,6394400,0.0,0.0,yfinance_raw_daily
2021-10-13,6650.0,6825.0,6625.0,6775.0,5558.39599609375,14065500,0.0,0.0,yfinance_raw_daily
2021-10-14,6775.0,6900.0,6775.0,6850.0,5619.92822265625,20074200,0.0,0.0,yfinance_raw_daily
2021-10-15,6900.0,6950.0,6750.0,6775.0,5558.39599609375,15567200,0.0,0.0,yfinance_raw_daily
2021-10-18,6850.0,6875.0,6750.0,6775.0,5558.39599609375,14298500,0.0,0.0,yfinance_raw_daily
2021-10-19,6775.0,6875.0,6725.0,6825.0,5599.41748046875,13144700,0.0,0.0,yfinance_raw_daily
2021-10-21,6850.0,6900.0,6700.0,6700.0,5496.8642578125,12586700,0.0,0.0,yfinance_raw_daily
2021-10-22,6700.0,6700.0,6600.0,6650.0,5455.8427734375,7423900,0.0,0.0,yfinance_raw_daily
2021-10-25,6675.0,6725.0,6625.0,6650.0,5455.8427734375,6118400,0.0,0.0,yfinance_raw_daily
2021-10-26,6700.0,6725.0,6600.0,6675.0,5476.35400390625,7012800,0.0,0.0,yfinance_raw_daily
2021-10-27,6625.0,6675.0,6450.0,6475.0,5312.26806640625,9480800,0.0,0.0,yfinance_raw_daily
2021-10-28,6450.0,6500.0,6350.0,6400.0,5250.736328125,10016800,0.0,0.0,yfinance_raw_daily
2021-10-29,6400.0,6475.0,6350.0,6350.0,5209.71484375,8757400,0.0,0.0,yfinance_raw_daily
2021-11-01,6325.0,6400.0,6250.0,6275.0,5148.1826171875,16153400,0.0,0.0,yfinance_raw_daily
2021-11-02,6300.0,6350.0,6200.0,6275.0,5148.1826171875,11685600,0.0,0.0,yfinance_raw_daily
2021-11-03,6275.0,6300.0,6200.0,6250.0,5127.671875,8534200,0.0,0.0,yfinance_raw_daily
2021-11-04,6250.0,6350.0,6250.0,6275.0,5148.1826171875,7149400,0.0,0.0,yfinance_raw_daily
2021-11-05,6275.0,6325.0,6225.0,6250.0,5127.671875,6618800,0.0,0.0,yfinance_raw_daily
2021-11-08,6250.0,6325.0,6250.0,6275.0,5148.1826171875,6313200,0.0,0.0,yfinance_raw_daily
2021-11-09,6300.0,6350.0,6275.0,6350.0,5209.71484375,7461700,0.0,0.0,yfinance_raw_daily
2021-11-10,6350.0,6350.0,6250.0,6275.0,5148.1826171875,10524900,0.0,0.0,yfinance_raw_daily
2021-11-11,6275.0,6350.0,6250.0,6325.0,5189.20361328125,11349000,0.0,0.0,yfinance_raw_daily
2021-11-12,6350.0,6375.0,6300.0,6350.0,5209.71484375,3702900,0.0,0.0,yfinance_raw_daily
2021-11-15,6350.0,6375.0,6250.0,6300.0,5168.69287109375,5020300,0.0,0.0,yfinance_raw_daily
2021-11-16,6300.0,6325.0,6275.0,6300.0,5168.69287109375,5785000,0.0,0.0,yfinance_raw_daily
2021-11-17,6300.0,6325.0,6275.0,6300.0,5168.69287109375,4586800,0.0,0.0,yfinance_raw_daily
2021-11-18,6325.0,6575.0,6300.0,6550.0,5373.80029296875,27526600,0.0,0.0,yfinance_raw_daily
2021-11-19,6600.0,6625.0,6500.0,6550.0,5373.80029296875,15329300,0.0,0.0,yfinance_raw_daily
2021-11-22,6550.0,6650.0,6525.0,6625.0,5435.33154296875,6550100,0.0,0.0,yfinance_raw_daily
2021-11-23,6625.0,6650.0,6550.0,6600.0,5414.8212890625,5566900,0.0,0.0,yfinance_raw_daily
2021-11-24,6600.0,6600.0,6450.0,6550.0,5373.80029296875,6460100,0.0,0.0,yfinance_raw_daily
2021-11-25,6500.0,6550.0,6475.0,6475.0,5312.26806640625,5060400,0.0,0.0,yfinance_raw_daily
2021-11-26,6475.0,6525.0,6325.0,6350.0,5209.71484375,10209100,0.0,0.0,yfinance_raw_daily
2021-11-29,6325.0,6575.0,6300.0,6500.0,5332.7783203125,10021900,0.0,0.0,yfinance_raw_daily
2021-11-30,6550.0,6550.0,6300.0,6300.0,5168.69287109375,18352800,0.0,0.0,yfinance_raw_daily
2021-12-01,6400.0,6650.0,6400.0,6525.0,5353.2890625,18018500,0.0,0.0,yfinance_raw_daily
2021-12-02,6525.0,6600.0,6475.0,6475.0,5312.26806640625,7752700,0.0,0.0,yfinance_raw_daily
2021-12-03,6475.0,6500.0,6400.0,6450.0,5291.75732421875,11984300,0.0,0.0,yfinance_raw_daily
2021-12-06,6425.0,6525.0,6400.0,6425.0,5271.24658203125,9863600,0.0,0.0,yfinance_raw_daily
2021-12-07,6425.0,6475.0,6350.0,6350.0,5209.71484375,7943100,0.0,0.0,yfinance_raw_daily
2021-12-08,6375.0,6450.0,6375.0,6375.0,5230.22509765625,3746700,0.0,0.0,yfinance_raw_daily
2021-12-09,6425.0,6550.0,6400.0,6550.0,5373.80029296875,5859900,0.0,0.0,yfinance_raw_daily
2021-12-10,6500.0,6625.0,6450.0,6625.0,5435.33154296875,9437900,0.0,0.0,yfinance_raw_daily
2021-12-13,6625.0,6625.0,6550.0,6550.0,5373.80029296875,6051800,0.0,0.0,yfinance_raw_daily
2021-12-14,6575.0,6575.0,6450.0,6450.0,5291.75732421875,6530400,0.0,0.0,yfinance_raw_daily
2021-12-15,6500.0,6600.0,6475.0,6500.0,5332.7783203125,3988500,0.0,0.0,yfinance_raw_daily
2021-12-16,6500.0,6575.0,6425.0,6425.0,5271.24658203125,5261600,0.0,0.0,yfinance_raw_daily
2021-12-17,6425.0,6500.0,6425.0,6475.0,5312.26806640625,8264800,0.0,0.0,yfinance_raw_daily
2021-12-20,6475.0,6500.0,6350.0,6375.0,5230.22509765625,5455500,0.0,0.0,yfinance_raw_daily
2021-12-21,6375.0,6425.0,6325.0,6375.0,5230.22509765625,5431900,0.0,0.0,yfinance_raw_daily
2021-12-22,6375.0,6400.0,6300.0,6300.0,5168.69287109375,4308500,0.0,0.0,yfinance_raw_daily
2021-12-23,6350.0,6400.0,6300.0,6375.0,5230.22509765625,3952900,0.0,0.0,yfinance_raw_daily
2021-12-24,6375.0,6400.0,6350.0,6400.0,5250.736328125,2114600,0.0,0.0,yfinance_raw_daily
2021-12-27,6400.0,6425.0,6350.0,6375.0,5230.22509765625,1824500,0.0,0.0,yfinance_raw_daily
2021-12-28,6425.0,6425.0,6300.0,6325.0,5189.20361328125,3868400,0.0,0.0,yfinance_raw_daily
2021-12-29,6350.0,6400.0,6325.0,6400.0,5250.736328125,2810200,0.0,0.0,yfinance_raw_daily
2021-12-30,6400.0,6425.0,6300.0,6325.0,5189.20361328125,5535600,0.0,0.0,yfinance_raw_daily
2022-01-03,6325.0,6350.0,6250.0,6250.0,5127.671875,7155400,0.0,0.0,yfinance_raw_daily
2022-01-04,6250.0,6325.0,6250.0,6275.0,5148.1826171875,9175000,0.0,0.0,yfinance_raw_daily
2022-01-05,6300.0,6300.0,6200.0,6225.0,5107.16064453125,10376700,0.0,0.0,yfinance_raw_daily
2022-01-06,6225.0,6300.0,6225.0,6300.0,5168.69287109375,4718900,0.0,0.0,yfinance_raw_daily
2022-01-07,6350.0,6450.0,6325.0,6425.0,5271.24658203125,10167800,0.0,0.0,yfinance_raw_daily
2022-01-10,6425.0,6475.0,6375.0,6400.0,5250.736328125,7142500,0.0,0.0,yfinance_raw_daily
2022-01-11,6450.0,6550.0,6400.0,6525.0,5353.2890625,12672700,0.0,0.0,yfinance_raw_daily
2022-01-12,6525.0,6600.0,6500.0,6600.0,5414.8212890625,9446400,0.0,0.0,yfinance_raw_daily
2022-01-13,6600.0,6600.0,6525.0,6600.0,5414.8212890625,5598300,0.0,0.0,yfinance_raw_daily
2022-01-14,6600.0,6600.0,6500.0,6500.0,5332.7783203125,6834000,0.0,0.0,yfinance_raw_daily
2022-01-17,6500.0,6600.0,6425.0,6475.0,5312.26806640625,7248800,0.0,0.0,yfinance_raw_daily
2022-01-18,6500.0,6525.0,6350.0,6425.0,5271.24658203125,7813200,0.0,0.0,yfinance_raw_daily
2022-01-19,6450.0,6475.0,6375.0,6425.0,5271.24658203125,4464400,0.0,0.0,yfinance_raw_daily
2022-01-20,6425.0,6450.0,6350.0,6350.0,5209.71484375,8229600,0.0,0.0,yfinance_raw_daily
2022-01-21,6350.0,6500.0,6350.0,6475.0,5312.26806640625,7217800,0.0,0.0,yfinance_raw_daily
2022-01-24,6475.0,6500.0,6375.0,6400.0,5250.736328125,3787900,0.0,0.0,yfinance_raw_daily
2022-01-25,6400.0,6450.0,6325.0,6350.0,5209.71484375,5219900,0.0,0.0,yfinance_raw_daily
2022-01-26,6400.0,6475.0,6350.0,6450.0,5291.75732421875,6722000,0.0,0.0,yfinance_raw_daily
2022-01-27,6425.0,6450.0,6350.0,6425.0,5271.24658203125,4047800,0.0,0.0,yfinance_raw_daily
2022-01-28,6400.0,6425.0,6325.0,6375.0,5230.22509765625,5353300,0.0,0.0,yfinance_raw_daily
2022-01-31,6350.0,6450.0,6325.0,6325.0,5189.20361328125,4971500,0.0,0.0,yfinance_raw_daily
2022-02-02,6325.0,6400.0,6325.0,6400.0,5250.736328125,3565700,0.0,0.0,yfinance_raw_daily
2022-02-03,6400.0,6425.0,6350.0,6425.0,5271.24658203125,2665200,0.0,0.0,yfinance_raw_daily
2022-02-04,6425.0,6475.0,6350.0,6425.0,5271.24658203125,3232400,0.0,0.0,yfinance_raw_daily
2022-02-07,6425.0,6475.0,6400.0,6475.0,5312.26806640625,5443600,0.0,0.0,yfinance_raw_daily
2022-02-08,6450.0,6475.0,6375.0,6375.0,5230.22509765625,5007900,0.0,0.0,yfinance_raw_daily
2022-02-09,6425.0,6425.0,6325.0,6350.0,5209.71484375,8939600,0.0,0.0,yfinance_raw_daily
2022-02-10,6350.0,6400.0,6300.0,6325.0,5189.20361328125,8112700,0.0,0.0,yfinance_raw_daily
2022-02-11,6325.0,6350.0,6300.0,6350.0,5209.71484375,7515200,0.0,0.0,yfinance_raw_daily
2022-02-14,6325.0,6350.0,6250.0,6350.0,5209.71484375,4262800,0.0,0.0,yfinance_raw_daily
2022-02-15,6350.0,6375.0,6300.0,6375.0,5230.22509765625,5152400,0.0,0.0,yfinance_raw_daily
2022-02-16,6375.0,6375.0,6300.0,6300.0,5168.69287109375,6400300,0.0,0.0,yfinance_raw_daily
2022-02-17,6325.0,6375.0,6300.0,6375.0,5230.22509765625,3840500,0.0,0.0,yfinance_raw_daily
2022-02-18,6375.0,6400.0,6350.0,6375.0,5230.22509765625,6763400,0.0,0.0,yfinance_raw_daily
2022-02-21,6375.0,6375.0,6275.0,6275.0,5148.1826171875,8706200,0.0,0.0,yfinance_raw_daily
2022-02-22,6275.0,6400.0,6275.0,6400.0,5250.736328125,7470200,0.0,0.0,yfinance_raw_daily
2022-02-23,6400.0,6425.0,6300.0,6400.0,5250.736328125,6864000,0.0,0.0,yfinance_raw_daily
2022-02-24,6375.0,6400.0,6250.0,6325.0,5189.20361328125,8360500,0.0,0.0,yfinance_raw_daily
2022-02-25,6300.0,6350.0,6200.0,6200.0,5086.650390625,24140700,0.0,0.0,yfinance_raw_daily
2022-03-01,6225.0,6275.0,6175.0,6175.0,5066.1396484375,15672200,0.0,0.0,yfinance_raw_daily
2022-03-02,6175.0,6250.0,6100.0,6200.0,5086.650390625,14053900,0.0,0.0,yfinance_raw_daily
2022-03-04,6150.0,6200.0,6050.0,6075.0,4984.09716796875,14789200,0.0,0.0,yfinance_raw_daily
2022-03-07,6050.0,6050.0,5725.0,5725.0,4696.94775390625,35629100,0.0,0.0,yfinance_raw_daily
2022-03-08,5750.0,6000.0,5725.0,5925.0,4861.03271484375,20442800,0.0,0.0,yfinance_raw_daily
2022-03-09,5975.0,6000.0,5925.0,5950.0,4881.54296875,8867300,0.0,0.0,yfinance_raw_daily
2022-03-10,6025.0,6075.0,5950.0,6075.0,4984.09716796875,8016200,0.0,0.0,yfinance_raw_daily
2022-03-11,6075.0,6075.0,5975.0,6050.0,4963.58642578125,5351600,0.0,0.0,yfinance_raw_daily
2022-03-14,6050.0,6200.0,6025.0,6100.0,5004.607421875,8130600,0.0,0.0,yfinance_raw_daily
2022-03-15,6100.0,6150.0,6000.0,6050.0,4963.58642578125,8829700,0.0,0.0,yfinance_raw_daily
2022-03-16,6050.0,6150.0,6025.0,6150.0,5045.62890625,7731600,0.0,0.0,yfinance_raw_daily
2022-03-17,6150.0,6200.0,6100.0,6125.0,5025.11865234375,7419900,0.0,0.0,yfinance_raw_daily
2022-03-18,6125.0,6150.0,5975.0,6025.0,4943.07568359375,15851000,0.0,0.0,yfinance_raw_daily
2022-03-21,6050.0,6075.0,5950.0,5975.0,4902.05419921875,6475900,0.0,0.0,yfinance_raw_daily
2022-03-22,5975.0,6050.0,5975.0,6025.0,4943.07568359375,6930300,0.0,0.0,yfinance_raw_daily
2022-03-23,6000.0,6050.0,5975.0,5975.0,4902.05419921875,5430300,0.0,0.0,yfinance_raw_daily
2022-03-24,6000.0,6000.0,5925.0,5950.0,4881.54296875,9611600,0.0,0.0,yfinance_raw_daily
2022-03-25,5950.0,5950.0,5775.0,5775.0,4737.96875,21806000,0.0,0.0,yfinance_raw_daily
2022-03-28,5750.0,5825.0,5725.0,5800.0,4758.4794921875,15893200,0.0,0.0,yfinance_raw_daily
2022-03-29,5850.0,5900.0,5800.0,5825.0,4778.98974609375,11353400,0.0,0.0,yfinance_raw_daily
2022-03-30,5875.0,5950.0,5850.0,5925.0,4861.03271484375,11301400,0.0,0.0,yfinance_raw_daily
2022-03-31,6000.0,6025.0,5925.0,5950.0,4881.54296875,11813300,0.0,0.0,yfinance_raw_daily
2022-04-01,5975.0,6050.0,5950.0,6050.0,4963.58642578125,11891700,0.0,0.0,yfinance_raw_daily
2022-04-04,6050.0,6100.0,6025.0,6100.0,5004.607421875,10168700,0.0,0.0,yfinance_raw_daily
2022-04-05,6100.0,6100.0,6025.0,6100.0,5004.607421875,6112700,0.0,0.0,yfinance_raw_daily
2022-04-06,6100.0,6100.0,6000.0,6100.0,5004.607421875,10919600,0.0,0.0,yfinance_raw_daily
2022-04-07,6075.0,6175.0,6025.0,6100.0,5004.607421875,11712800,0.0,0.0,yfinance_raw_daily
2022-04-08,6175.0,6175.0,6075.0,6125.0,5025.11865234375,9286800,0.0,0.0,yfinance_raw_daily
2022-04-11,6125.0,6150.0,6025.0,6075.0,4984.09716796875,6762800,0.0,0.0,yfinance_raw_daily
2022-04-12,6075.0,6150.0,6000.0,6150.0,5045.62890625,9354300,0.0,0.0,yfinance_raw_daily
2022-04-13,6150.0,6200.0,6075.0,6200.0,5086.650390625,11091100,0.0,0.0,yfinance_raw_daily
2022-04-14,6200.0,6225.0,6125.0,6125.0,5025.11865234375,5824500,0.0,0.0,yfinance_raw_daily
2022-04-18,6125.0,6200.0,6075.0,6125.0,5025.11865234375,8823500,0.0,0.0,yfinance_raw_daily
2022-04-19,6125.0,6200.0,6100.0,6200.0,5086.650390625,6003800,0.0,0.0,yfinance_raw_daily
2022-04-20,6225.0,6275.0,6200.0,6225.0,5107.16064453125,12880200,0.0,0.0,yfinance_raw_daily
2022-04-21,6200.0,6325.0,6200.0,6250.0,5127.671875,12424000,0.0,0.0,yfinance_raw_daily
2022-04-22,6250.0,6325.0,6200.0,6300.0,5168.69287109375,14597300,0.0,0.0,yfinance_raw_daily
2022-04-25,6250.0,6350.0,6225.0,6300.0,5168.69287109375,9508800,0.0,0.0,yfinance_raw_daily
2022-04-26,6300.0,6375.0,6225.0,6300.0,5168.69287109375,12656500,0.0,0.0,yfinance_raw_daily
2022-04-27,6300.0,6400.0,6250.0,6350.0,5209.71484375,10374300,0.0,0.0,yfinance_raw_daily
2022-04-28,6375.0,6375.0,6300.0,6300.0,5168.69287109375,9008400,0.0,0.0,yfinance_raw_daily
2022-05-09,6225.0,6275.0,6000.0,6125.0,5025.11865234375,21830800,0.0,0.0,yfinance_raw_daily
2022-05-10,6100.0,6400.0,6025.0,6400.0,5250.736328125,22214800,0.0,0.0,yfinance_raw_daily
2022-05-11,6400.0,6550.0,6400.0,6450.0,5291.75732421875,22876600,0.0,0.0,yfinance_raw_daily
2022-05-12,6475.0,6525.0,6350.0,6400.0,5250.736328125,14638500,0.0,0.0,yfinance_raw_daily
2022-05-13,6375.0,6500.0,6325.0,6450.0,5291.75732421875,16624400,0.0,0.0,yfinance_raw_daily
2022-05-17,6400.0,6500.0,6375.0,6500.0,5332.7783203125,13570400,0.0,0.0,yfinance_raw_daily
2022-05-18,6500.0,6500.0,6400.0,6500.0,5332.7783203125,6964900,0.0,0.0,yfinance_raw_daily
2022-05-19,6425.0,6500.0,6375.0,6450.0,5291.75732421875,13302700,0.0,0.0,yfinance_raw_daily
2022-05-20,6450.0,6475.0,6400.0,6450.0,5291.75732421875,5765400,0.0,0.0,yfinance_raw_daily
2022-05-23,6425.0,6475.0,6300.0,6400.0,5250.736328125,11788700,0.0,0.0,yfinance_raw_daily
2022-05-24,6400.0,6425.0,6275.0,6275.0,5148.1826171875,8924500,0.0,0.0,yfinance_raw_daily
2022-05-25,6275.0,6400.0,6250.0,6400.0,5250.736328125,8163400,0.0,0.0,yfinance_raw_daily
2022-05-27,6400.0,6450.0,6325.0,6425.0,5271.24658203125,8665600,0.0,0.0,yfinance_raw_daily
2022-05-30,6475.0,6475.0,6375.0,6450.0,5291.75732421875,4042200,0.0,0.0,yfinance_raw_daily
2022-05-31,6450.0,6600.0,6400.0,6600.0,5414.8212890625,20679300,0.0,0.0,yfinance_raw_daily
2022-06-02,6700.0,6700.0,6575.0,6700.0,5496.8642578125,19442300,0.0,0.0,yfinance_raw_daily
2022-06-03,6700.0,6700.0,6600.0,6675.0,5476.35400390625,12168900,0.0,0.0,yfinance_raw_daily
2022-06-06,6700.0,6925.0,6675.0,6925.0,5681.4599609375,27810700,0.0,0.0,yfinance_raw_daily
2022-06-07,6900.0,6975.0,6825.0,6925.0,5681.4599609375,14439800,0.0,0.0,yfinance_raw_daily
2022-06-08,6975.0,7000.0,6875.0,6975.0,5722.48193359375,14006900,0.0,0.0,yfinance_raw_daily
2022-06-09,6975.0,6975.0,6800.0,6875.0,5640.43896484375,15634600,0.0,0.0,yfinance_raw_daily
2022-06-10,6825.0,6875.0,6775.0,6875.0,5640.43896484375,7714700,0.0,0.0,yfinance_raw_daily
2022-06-13,6775.0,6850.0,6625.0,6825.0,5599.41748046875,12818500,0.0,0.0,yfinance_raw_daily
2022-06-14,6800.0,6875.0,6650.0,6875.0,5640.43896484375,11888800,0.0,0.0,yfinance_raw_daily
2022-06-15,6850.0,6875.0,6750.0,6800.0,5578.90673828125,8012700,0.0,0.0,yfinance_raw_daily
2022-06-16,6800.0,6850.0,6700.0,6800.0,5578.90673828125,8840900,0.0,0.0,yfinance_raw_daily
2022-06-17,6700.0,6825.0,6650.0,6825.0,5599.41748046875,20368400,0.0,0.0,yfinance_raw_daily
2022-06-20,6800.0,6900.0,6725.0,6900.0,5660.94921875,10905200,0.0,0.0,yfinance_raw_daily
2022-06-21,6900.0,6950.0,6850.0,6875.0,5640.43896484375,7172600,0.0,0.0,yfinance_raw_daily
2022-06-22,6925.0,7000.0,6850.0,6975.0,5722.48193359375,14873800,0.0,0.0,yfinance_raw_daily
2022-06-23,7000.0,7125.0,6925.0,7125.0,5845.5458984375,18142900,0.0,0.0,yfinance_raw_daily
2022-06-24,7150.0,7175.0,7000.0,7075.0,5804.5244140625,15927400,0.0,0.0,yfinance_raw_daily
2022-06-27,7075.0,7200.0,7000.0,7200.0,5907.07763671875,9670700,0.0,0.0,yfinance_raw_daily
2022-06-28,7175.0,7250.0,7125.0,7250.0,5948.09912109375,13067400,0.0,0.0,yfinance_raw_daily
2022-06-29,7225.0,7225.0,7075.0,7100.0,5825.03515625,10225300,0.0,0.0,yfinance_raw_daily
2022-06-30,7075.0,7150.0,7025.0,7050.0,5784.013671875,12205400,0.0,0.0,yfinance_raw_daily
2022-07-01,7050.0,7100.0,6975.0,7025.0,5763.5029296875,6190600,0.0,0.0,yfinance_raw_daily
2022-07-04,7025.0,7050.0,6725.0,6825.0,5599.41748046875,8577700,0.0,0.0,yfinance_raw_daily
2022-07-05,6850.0,7025.0,6850.0,6925.0,5681.4599609375,7717600,0.0,0.0,yfinance_raw_daily
2022-07-06,6925.0,7000.0,6800.0,7000.0,5742.99267578125,6837000,0.0,0.0,yfinance_raw_daily
2022-07-07,7000.0,7025.0,6900.0,6900.0,5660.94921875,6754100,0.0,0.0,yfinance_raw_daily
2022-07-08,6950.0,7025.0,6925.0,7025.0,5763.5029296875,5318200,0.0,0.0,yfinance_raw_daily
2022-07-11,7000.0,7025.0,6925.0,7025.0,5763.5029296875,2961000,0.0,0.0,yfinance_raw_daily
2022-07-12,7050.0,7100.0,6975.0,7050.0,5784.013671875,5209400,0.0,0.0,yfinance_raw_daily
2022-07-13,7000.0,7000.0,6800.0,6825.0,5599.41748046875,10978800,0.0,0.0,yfinance_raw_daily
2022-07-14,6825.0,6950.0,6800.0,6925.0,5681.4599609375,7611600,0.0,0.0,yfinance_raw_daily
2022-07-15,6925.0,6950.0,6825.0,6900.0,5660.94921875,4235000,0.0,0.0,yfinance_raw_daily
2022-07-18,6900.0,7050.0,6875.0,7050.0,5784.013671875,8349100,0.0,0.0,yfinance_raw_daily
2022-07-19,7050.0,7150.0,7050.0,7150.0,5866.056640625,10570700,0.0,0.0,yfinance_raw_daily
2022-07-20,7150.0,7175.0,7075.0,7100.0,5825.03515625,9147600,0.0,0.0,yfinance_raw_daily
2022-07-21,7125.0,7200.0,7050.0,7175.0,5886.56689453125,12515300,0.0,0.0,yfinance_raw_daily
2022-07-22,7175.0,7200.0,7050.0,7050.0,5784.013671875,3703400,0.0,0.0,yfinance_raw_daily
2022-07-25,7050.0,7075.0,7000.0,7025.0,5763.5029296875,4355300,0.0,0.0,yfinance_raw_daily
2022-07-26,7025.0,7050.0,6950.0,7000.0,5742.99267578125,6311400,0.0,0.0,yfinance_raw_daily
2022-07-27,7000.0,7025.0,6925.0,7000.0,5742.99267578125,7768600,0.0,0.0,yfinance_raw_daily
2022-07-28,6950.0,7000.0,6875.0,6900.0,5660.94921875,13846500,0.0,0.0,yfinance_raw_daily
2022-07-29,6900.0,6925.0,6800.0,6800.0,5578.90673828125,17090700,0.0,0.0,yfinance_raw_daily
2022-08-01,6825.0,6925.0,6825.0,6900.0,5660.94921875,14285000,0.0,0.0,yfinance_raw_daily
2022-08-02,6700.0,6750.0,6625.0,6700.0,5727.6298828125,11697200,278.0,0.0,yfinance_raw_daily
2022-08-03,6675.0,6675.0,6525.0,6575.0,5620.7705078125,10883100,0.0,0.0,yfinance_raw_daily
2022-08-04,6550.0,6650.0,6550.0,6650.0,5684.88623046875,14150300,0.0,0.0,yfinance_raw_daily
2022-08-05,6650.0,6675.0,6550.0,6625.0,5663.51416015625,10508000,0.0,0.0,yfinance_raw_daily
2022-08-08,6600.0,6650.0,6550.0,6625.0,5663.51416015625,9518400,0.0,0.0,yfinance_raw_daily
2022-08-09,6625.0,6675.0,6550.0,6550.0,5599.39892578125,10862800,0.0,0.0,yfinance_raw_daily
2022-08-10,6550.0,6625.0,6500.0,6625.0,5663.51416015625,11884700,0.0,0.0,yfinance_raw_daily
2022-08-11,6650.0,6650.0,6600.0,6600.0,5642.142578125,7552600,0.0,0.0,yfinance_raw_daily
2022-08-12,6650.0,6650.0,6575.0,6625.0,5663.51416015625,6935600,0.0,0.0,yfinance_raw_daily
2022-08-15,6625.0,6625.0,6550.0,6625.0,5663.51416015625,3707800,0.0,0.0,yfinance_raw_daily
2022-08-16,6625.0,6650.0,6450.0,6550.0,5599.39892578125,15973400,0.0,0.0,yfinance_raw_daily
2022-08-18,6550.0,6600.0,6500.0,6575.0,5620.7705078125,10405500,0.0,0.0,yfinance_raw_daily
2022-08-19,6600.0,6650.0,6575.0,6575.0,5620.7705078125,9669600,0.0,0.0,yfinance_raw_daily
2022-08-22,6550.0,6650.0,6550.0,6650.0,5684.88623046875,6047100,0.0,0.0,yfinance_raw_daily
2022-08-23,6650.0,6650.0,6600.0,6650.0,5684.88623046875,4805600,0.0,0.0,yfinance_raw_daily
2022-08-24,6650.0,6650.0,6575.0,6650.0,5684.88623046875,5240700,0.0,0.0,yfinance_raw_daily
2022-08-25,6650.0,6675.0,6575.0,6575.0,5620.7705078125,4791100,0.0,0.0,yfinance_raw_daily
2022-08-26,6550.0,6600.0,6500.0,6500.0,5556.65576171875,6220300,0.0,0.0,yfinance_raw_daily
2022-08-29,6475.0,6625.0,6450.0,6625.0,5663.51416015625,4316400,0.0,0.0,yfinance_raw_daily
2022-08-30,6625.0,6625.0,6500.0,6500.0,5556.65576171875,7090200,0.0,0.0,yfinance_raw_daily
2022-08-31,6300.0,6350.0,6200.0,6225.0,5321.56640625,28438200,0.0,0.0,yfinance_raw_daily
2022-09-01,6225.0,6375.0,6225.0,6275.0,5364.3095703125,13391800,0.0,0.0,yfinance_raw_daily
2022-09-02,6325.0,6425.0,6300.0,6400.0,5471.1689453125,13138800,0.0,0.0,yfinance_raw_daily
2022-09-05,6400.0,6450.0,6325.0,6375.0,5449.796875,9181400,0.0,0.0,yfinance_raw_daily
2022-09-06,6375.0,6425.0,6325.0,6350.0,5428.42529296875,6556900,0.0,0.0,yfinance_raw_daily
2022-09-07,6325.0,6375.0,6275.0,6300.0,5385.68115234375,11491000,0.0,0.0,yfinance_raw_daily
2022-09-08,6350.0,6350.0,6250.0,6250.0,5342.93798828125,10362500,0.0,0.0,yfinance_raw_daily
2022-09-09,6300.0,6325.0,6200.0,6225.0,5321.56640625,14636800,0.0,0.0,yfinance_raw_daily
2022-09-12,6200.0,6275.0,6175.0,6225.0,5321.56640625,10782800,0.0,0.0,yfinance_raw_daily
2022-09-13,6225.0,6300.0,6200.0,6200.0,5300.1943359375,9240200,0.0,0.0,yfinance_raw_daily
2022-09-14,6200.0,6250.0,6150.0,6225.0,5321.56640625,8907600,0.0,0.0,yfinance_raw_daily
2022-09-15,6225.0,6250.0,6175.0,6175.0,5278.82275390625,15583400,0.0,0.0,yfinance_raw_daily
2022-09-16,6150.0,6300.0,6150.0,6300.0,5385.68115234375,18158600,0.0,0.0,yfinance_raw_daily
2022-09-19,6275.0,6275.0,6200.0,6200.0,5300.1943359375,9070800,0.0,0.0,yfinance_raw_daily
2022-09-20,6250.0,6275.0,6200.0,6200.0,5300.1943359375,6634700,0.0,0.0,yfinance_raw_daily
2022-09-21,6200.0,6250.0,6200.0,6250.0,5342.93798828125,7204000,0.0,0.0,yfinance_raw_daily
2022-09-22,6225.0,6250.0,6175.0,6250.0,5342.93798828125,6200900,0.0,0.0,yfinance_raw_daily
2022-09-23,6250.0,6275.0,6200.0,6200.0,5300.1943359375,6647900,0.0,0.0,yfinance_raw_daily
2022-09-26,6225.0,6250.0,6150.0,6200.0,5300.1943359375,8771700,0.0,0.0,yfinance_raw_daily
2022-09-27,6200.0,6225.0,6125.0,6150.0,5257.451171875,9551400,0.0,0.0,yfinance_raw_daily
2022-09-28,6150.0,6150.0,6100.0,6100.0,5214.70751953125,13294700,0.0,0.0,yfinance_raw_daily
2022-09-29,6100.0,6150.0,6025.0,6025.0,5150.5927734375,7205400,0.0,0.0,yfinance_raw_daily
2022-09-30,6050.0,6175.0,6025.0,6025.0,5150.5927734375,12140400,0.0,0.0,yfinance_raw_daily
2022-10-03,6025.0,6100.0,6025.0,6025.0,5150.5927734375,5291700,0.0,0.0,yfinance_raw_daily
2022-10-04,6050.0,6125.0,6025.0,6050.0,5171.96435546875,8703800,0.0,0.0,yfinance_raw_daily
2022-10-05,6100.0,6150.0,6025.0,6025.0,5150.5927734375,8316000,0.0,0.0,yfinance_raw_daily
2022-10-06,6100.0,6100.0,6050.0,6100.0,5214.70751953125,5066900,0.0,0.0,yfinance_raw_daily
2022-10-07,6075.0,6125.0,6025.0,6075.0,5193.3359375,6908800,0.0,0.0,yfinance_raw_daily
2022-10-10,6075.0,6150.0,6050.0,6125.0,5236.07958984375,6180000,0.0,0.0,yfinance_raw_daily
2022-10-11,6100.0,6150.0,6050.0,6125.0,5236.07958984375,6202100,0.0,0.0,yfinance_raw_daily
2022-10-12,6125.0,6125.0,6025.0,6075.0,5193.3359375,5408900,0.0,0.0,yfinance_raw_daily
2022-10-13,6100.0,6125.0,6025.0,6050.0,5171.96435546875,7809000,0.0,0.0,yfinance_raw_daily
2022-10-14,6075.0,6100.0,6050.0,6050.0,5171.96435546875,5931800,0.0,0.0,yfinance_raw_daily
2022-10-17,6050.0,6150.0,6025.0,6125.0,5236.07958984375,10678400,0.0,0.0,yfinance_raw_daily
2022-10-18,6150.0,6175.0,6100.0,6175.0,5278.82275390625,7913800,0.0,0.0,yfinance_raw_daily
2022-10-19,6200.0,6250.0,6125.0,6225.0,5321.56640625,12959800,0.0,0.0,yfinance_raw_daily
2022-10-20,6225.0,6350.0,6200.0,6350.0,5428.42529296875,12801200,0.0,0.0,yfinance_raw_daily
2022-10-21,6350.0,6375.0,6275.0,6275.0,5364.3095703125,7353500,0.0,0.0,yfinance_raw_daily
2022-10-24,6300.0,6350.0,6275.0,6300.0,5385.68115234375,7061800,0.0,0.0,yfinance_raw_daily
2022-10-25,6300.0,6325.0,6200.0,6200.0,5300.1943359375,11860800,0.0,0.0,yfinance_raw_daily
2022-10-26,6275.0,6350.0,6225.0,6325.0,5407.05322265625,10509600,0.0,0.0,yfinance_raw_daily
2022-10-27,6325.0,6350.0,6275.0,6300.0,5385.68115234375,8558700,0.0,0.0,yfinance_raw_daily
2022-10-28,6350.0,6375.0,6300.0,6375.0,5449.796875,11249000,0.0,0.0,yfinance_raw_daily
2022-10-31,6375.0,6475.0,6375.0,6450.0,5513.912109375,15454700,0.0,0.0,yfinance_raw_daily
2022-11-01,6450.0,6475.0,6350.0,6450.0,5513.912109375,10859900,0.0,0.0,yfinance_raw_daily
2022-11-02,6425.0,6450.0,6350.0,6425.0,5492.54052734375,8049600,0.0,0.0,yfinance_raw_daily
2022-11-03,6400.0,6425.0,6325.0,6375.0,5449.796875,6507700,0.0,0.0,yfinance_raw_daily
2022-11-04,6350.0,6450.0,6350.0,6450.0,5513.912109375,8342600,0.0,0.0,yfinance_raw_daily
2022-11-07,6450.0,6500.0,6375.0,6500.0,5556.65576171875,9420800,0.0,0.0,yfinance_raw_daily
2022-11-08,6550.0,6550.0,6400.0,6475.0,5535.28369140625,4847400,0.0,0.0,yfinance_raw_daily
2022-11-09,6475.0,6550.0,6425.0,6550.0,5599.39892578125,11459700,0.0,0.0,yfinance_raw_daily
2022-11-10,6550.0,6550.0,6400.0,6475.0,5535.28369140625,6477700,0.0,0.0,yfinance_raw_daily
2022-11-11,6500.0,6500.0,6375.0,6400.0,5471.1689453125,6379700,0.0,0.0,yfinance_raw_daily
2022-11-14,6425.0,6475.0,6375.0,6475.0,5535.28369140625,3416300,0.0,0.0,yfinance_raw_daily
2022-11-15,6475.0,6500.0,6400.0,6500.0,5556.65576171875,6211600,0.0,0.0,yfinance_raw_daily
2022-11-16,6500.0,6500.0,6400.0,6500.0,5556.65576171875,5248500,0.0,0.0,yfinance_raw_daily
2022-11-17,6500.0,6525.0,6450.0,6525.0,5578.02734375,5720700,0.0,0.0,yfinance_raw_daily
2022-11-18,6500.0,6525.0,6450.0,6500.0,5556.65576171875,3196400,0.0,0.0,yfinance_raw_daily
2022-11-21,6500.0,6550.0,6475.0,6525.0,5578.02734375,3922700,0.0,0.0,yfinance_raw_daily
2022-11-22,6525.0,6525.0,6450.0,6450.0,5513.912109375,4377700,0.0,0.0,yfinance_raw_daily
2022-11-23,6475.0,6500.0,6400.0,6450.0,5513.912109375,4470700,0.0,0.0,yfinance_raw_daily
2022-11-24,6450.0,6525.0,6400.0,6425.0,5492.54052734375,3331400,0.0,0.0,yfinance_raw_daily
2022-11-25,6400.0,6425.0,6300.0,6325.0,5407.05322265625,7401400,0.0,0.0,yfinance_raw_daily
2022-11-28,6325.0,6350.0,6250.0,6275.0,5364.3095703125,7771700,0.0,0.0,yfinance_raw_daily
2022-11-29,6275.0,6375.0,6275.0,6325.0,5407.05322265625,6442200,0.0,0.0,yfinance_raw_daily
2022-11-30,6325.0,6500.0,6325.0,6450.0,5513.912109375,27602900,0.0,0.0,yfinance_raw_daily
2022-12-01,6550.0,6700.0,6525.0,6675.0,5706.2578125,23432500,0.0,0.0,yfinance_raw_daily
2022-12-02,6675.0,6800.0,6550.0,6775.0,5791.7451171875,18869100,0.0,0.0,yfinance_raw_daily
2022-12-05,6775.0,6775.0,6675.0,6775.0,5791.7451171875,5681800,0.0,0.0,yfinance_raw_daily
2022-12-06,6775.0,6775.0,6650.0,6775.0,5791.7451171875,10495400,0.0,0.0,yfinance_raw_daily
2022-12-07,6750.0,6850.0,6725.0,6850.0,5855.85986328125,13883500,0.0,0.0,yfinance_raw_daily
2022-12-08,6850.0,6900.0,6750.0,6900.0,5898.603515625,12426900,0.0,0.0,yfinance_raw_daily
2022-12-09,6875.0,6950.0,6825.0,6925.0,5919.97509765625,13036900,0.0,0.0,yfinance_raw_daily
2022-12-12,6925.0,7000.0,6825.0,6975.0,5962.71923828125,11385900,0.0,0.0,yfinance_raw_daily
2022-12-13,6975.0,6975.0,6850.0,6925.0,5919.97509765625,6947300,0.0,0.0,yfinance_raw_daily
2022-12-14,6925.0,7000.0,6900.0,6950.0,5941.34716796875,8285900,0.0,0.0,yfinance_raw_daily
2022-12-15,6950.0,7000.0,6900.0,6975.0,5962.71923828125,7323000,0.0,0.0,yfinance_raw_daily
2022-12-16,6950.0,7000.0,6900.0,6950.0,5941.34716796875,18611800,0.0,0.0,yfinance_raw_daily
2022-12-19,6950.0,7000.0,6850.0,7000.0,5984.0908203125,7004500,0.0,0.0,yfinance_raw_daily
2022-12-20,6975.0,6975.0,6850.0,6975.0,5962.71923828125,4376800,0.0,0.0,yfinance_raw_daily
2022-12-21,6975.0,6975.0,6850.0,6900.0,5898.603515625,2354800,0.0,0.0,yfinance_raw_daily
2022-12-22,6900.0,6925.0,6800.0,6800.0,5813.11669921875,3586200,0.0,0.0,yfinance_raw_daily
2022-12-23,6800.0,6875.0,6750.0,6825.0,5834.48828125,3652000,0.0,0.0,yfinance_raw_daily
2022-12-26,6775.0,6875.0,6775.0,6875.0,5877.23193359375,1596500,0.0,0.0,yfinance_raw_daily
2022-12-27,6875.0,6900.0,6800.0,6800.0,5813.11669921875,1878100,0.0,0.0,yfinance_raw_daily
2022-12-28,6800.0,6850.0,6675.0,6725.0,5749.00146484375,5291600,0.0,0.0,yfinance_raw_daily
2022-12-29,6700.0,6800.0,6700.0,6800.0,5813.11669921875,4037800,0.0,0.0,yfinance_raw_daily
2022-12-30,6800.0,6800.0,6700.0,6725.0,5749.00146484375,3503600,0.0,0.0,yfinance_raw_daily
2023-01-02,6725.0,6825.0,6725.0,6775.0,5791.7451171875,1627200,0.0,0.0,yfinance_raw_daily
2023-01-03,6750.0,6850.0,6750.0,6750.0,5770.373046875,3939000,0.0,0.0,yfinance_raw_daily
2023-01-04,6750.0,6925.0,6750.0,6850.0,5855.85986328125,5506500,0.0,0.0,yfinance_raw_daily
2023-01-05,6875.0,6875.0,6775.0,6850.0,5855.85986328125,7888600,0.0,0.0,yfinance_raw_daily
2023-01-06,6850.0,6950.0,6725.0,6950.0,5941.34716796875,6807500,0.0,0.0,yfinance_raw_daily
2023-01-09,6950.0,7000.0,6800.0,6950.0,5941.34716796875,6662300,0.0,0.0,yfinance_raw_daily
2023-01-10,6900.0,6900.0,6600.0,6675.0,5706.2578125,14808700,0.0,0.0,yfinance_raw_daily
2023-01-11,6675.0,6725.0,6525.0,6675.0,5706.2578125,8614300,0.0,0.0,yfinance_raw_daily
2023-01-12,6675.0,6700.0,6600.0,6625.0,5663.51416015625,5670600,0.0,0.0,yfinance_raw_daily
2023-01-13,6625.0,6700.0,6500.0,6700.0,5727.6298828125,10145600,0.0,0.0,yfinance_raw_daily
2023-01-16,6675.0,6725.0,6625.0,6700.0,5727.6298828125,5525400,0.0,0.0,yfinance_raw_daily
2023-01-17,6725.0,6875.0,6700.0,6825.0,5834.48828125,10513800,0.0,0.0,yfinance_raw_daily
2023-01-18,6825.0,6950.0,6800.0,6950.0,5941.34716796875,8657000,0.0,0.0,yfinance_raw_daily
2023-01-19,6900.0,6950.0,6850.0,6875.0,5877.23193359375,5746900,0.0,0.0,yfinance_raw_daily
2023-01-20,6875.0,6900.0,6775.0,6875.0,5877.23193359375,8859000,0.0,0.0,yfinance_raw_daily
2023-01-24,6875.0,6925.0,6825.0,6925.0,5919.97509765625,2858200,0.0,0.0,yfinance_raw_daily
2023-01-25,6925.0,6950.0,6800.0,6800.0,5813.11669921875,4065400,0.0,0.0,yfinance_raw_daily
2023-01-26,6800.0,6850.0,6700.0,6700.0,5727.6298828125,7859300,0.0,0.0,yfinance_raw_daily
2023-01-27,6700.0,6775.0,6675.0,6700.0,5727.6298828125,11380600,0.0,0.0,yfinance_raw_daily
2023-01-30,6700.0,6800.0,6675.0,6800.0,5813.11669921875,4366900,0.0,0.0,yfinance_raw_daily
2023-01-31,6800.0,6850.0,6650.0,6725.0,5749.00146484375,13151600,0.0,0.0,yfinance_raw_daily
2023-02-01,6700.0,6725.0,6625.0,6650.0,5684.88623046875,6670400,0.0,0.0,yfinance_raw_daily
2023-02-02,6650.0,6675.0,6575.0,6600.0,5642.142578125,12490700,0.0,0.0,yfinance_raw_daily
2023-02-03,6625.0,6725.0,6600.0,6700.0,5727.6298828125,7031300,0.0,0.0,yfinance_raw_daily
2023-02-06,6700.0,6725.0,6600.0,6675.0,5706.2578125,5734700,0.0,0.0,yfinance_raw_daily
2023-02-07,6675.0,6700.0,6625.0,6675.0,5706.2578125,3099300,0.0,0.0,yfinance_raw_daily
2023-02-08,6700.0,6800.0,6675.0,6800.0,5813.11669921875,6700000,0.0,0.0,yfinance_raw_daily
2023-02-09,6800.0,6825.0,6750.0,6775.0,5791.7451171875,4626300,0.0,0.0,yfinance_raw_daily
2023-02-10,6775.0,6900.0,6700.0,6900.0,5898.603515625,6431600,0.0,0.0,yfinance_raw_daily
2023-02-13,6850.0,6875.0,6725.0,6725.0,5749.00146484375,5797100,0.0,0.0,yfinance_raw_daily
2023-02-14,6725.0,6800.0,6700.0,6750.0,5770.373046875,4590400,0.0,0.0,yfinance_raw_daily
2023-02-15,6700.0,6750.0,6600.0,6675.0,5706.2578125,7480200,0.0,0.0,yfinance_raw_daily
2023-02-16,6675.0,6675.0,6600.0,6600.0,5642.142578125,5561500,0.0,0.0,yfinance_raw_daily
2023-02-17,6600.0,6600.0,6500.0,6600.0,5642.142578125,11153200,0.0,0.0,yfinance_raw_daily
2023-02-20,6550.0,6625.0,6550.0,6625.0,5663.51416015625,4762600,0.0,0.0,yfinance_raw_daily
2023-02-21,6600.0,6625.0,6525.0,6525.0,5578.02734375,6341600,0.0,0.0,yfinance_raw_daily
2023-02-22,6525.0,6600.0,6525.0,6600.0,5642.142578125,2984600,0.0,0.0,yfinance_raw_daily
2023-02-23,6600.0,6625.0,6550.0,6575.0,5620.7705078125,4014800,0.0,0.0,yfinance_raw_daily
2023-02-24,6575.0,6625.0,6550.0,6575.0,5620.7705078125,2435400,0.0,0.0,yfinance_raw_daily
2023-02-27,6575.0,6600.0,6525.0,6600.0,5642.142578125,6349700,0.0,0.0,yfinance_raw_daily
2023-02-28,6600.0,6600.0,6475.0,6475.0,5535.28369140625,15811400,0.0,0.0,yfinance_raw_daily
2023-03-01,6475.0,6500.0,6275.0,6275.0,5364.3095703125,14766000,0.0,0.0,yfinance_raw_daily
2023-03-02,6300.0,6350.0,6250.0,6250.0,5342.93798828125,9675100,0.0,0.0,yfinance_raw_daily
2023-03-03,6250.0,6325.0,6250.0,6275.0,5364.3095703125,7910700,0.0,0.0,yfinance_raw_daily
2023-03-06,6300.0,6325.0,6250.0,6250.0,5342.93798828125,5126200,0.0,0.0,yfinance_raw_daily
2023-03-07,6250.0,6325.0,6200.0,6250.0,5342.93798828125,8384500,0.0,0.0,yfinance_raw_daily
2023-03-08,6250.0,6275.0,6150.0,6150.0,5257.451171875,9222400,0.0,0.0,yfinance_raw_daily
2023-03-09,6175.0,6250.0,6150.0,6150.0,5257.451171875,5789000,0.0,0.0,yfinance_raw_daily
2023-03-10,6150.0,6200.0,6100.0,6125.0,5236.07958984375,5466400,0.0,0.0,yfinance_raw_daily
2023-03-13,6125.0,6225.0,6100.0,6125.0,5236.07958984375,5179700,0.0,0.0,yfinance_raw_daily
2023-03-14,6150.0,6225.0,6125.0,6175.0,5278.82275390625,7033700,0.0,0.0,yfinance_raw_daily
2023-03-15,6175.0,6225.0,6100.0,6100.0,5214.70751953125,6553100,0.0,0.0,yfinance_raw_daily
2023-03-16,6100.0,6175.0,6050.0,6150.0,5257.451171875,3570900,0.0,0.0,yfinance_raw_daily
2023-03-17,6150.0,6225.0,6100.0,6125.0,5236.07958984375,17695500,0.0,0.0,yfinance_raw_daily
2023-03-20,6125.0,6200.0,6125.0,6200.0,5300.1943359375,2325300,0.0,0.0,yfinance_raw_daily
2023-03-21,6225.0,6225.0,6125.0,6125.0,5236.07958984375,7628100,0.0,0.0,yfinance_raw_daily
2023-03-24,6200.0,6400.0,6175.0,6325.0,5407.05322265625,9974300,0.0,0.0,yfinance_raw_daily
2023-03-27,6425.0,6425.0,6350.0,6375.0,5449.796875,7332800,0.0,0.0,yfinance_raw_daily
2023-03-28,6375.0,6450.0,6350.0,6375.0,5449.796875,7110100,0.0,0.0,yfinance_raw_daily
2023-03-29,6400.0,6475.0,6350.0,6350.0,5428.42529296875,10059800,0.0,0.0,yfinance_raw_daily
2023-03-30,6400.0,6475.0,6350.0,6400.0,5471.1689453125,7313600,0.0,0.0,yfinance_raw_daily
2023-03-31,6400.0,6425.0,6200.0,6200.0,5300.1943359375,15207500,0.0,0.0,yfinance_raw_daily
2023-04-03,6200.0,6250.0,6175.0,6175.0,5278.82275390625,7453300,0.0,0.0,yfinance_raw_daily
2023-04-04,6175.0,6350.0,6175.0,6350.0,5428.42529296875,7999600,0.0,0.0,yfinance_raw_daily
2023-04-05,6375.0,6375.0,6275.0,6275.0,5364.3095703125,6600000,0.0,0.0,yfinance_raw_daily
2023-04-06,6300.0,6350.0,6250.0,6250.0,5342.93798828125,6684600,0.0,0.0,yfinance_raw_daily
2023-04-10,6275.0,6325.0,6200.0,6325.0,5407.05322265625,5879200,0.0,0.0,yfinance_raw_daily
2023-04-11,6325.0,6350.0,6250.0,6350.0,5428.42529296875,4139000,0.0,0.0,yfinance_raw_daily
2023-04-12,6325.0,6350.0,6250.0,6275.0,5364.3095703125,7923000,0.0,0.0,yfinance_raw_daily
2023-04-13,6300.0,6325.0,6275.0,6275.0,5364.3095703125,2624900,0.0,0.0,yfinance_raw_daily
2023-04-14,6275.0,6400.0,6275.0,6300.0,5385.68115234375,8912100,0.0,0.0,yfinance_raw_daily
2023-04-17,6325.0,6400.0,6275.0,6325.0,5407.05322265625,10704300,0.0,0.0,yfinance_raw_daily
2023-04-18,6400.0,6400.0,6325.0,6350.0,5428.42529296875,4925100,0.0,0.0,yfinance_raw_daily
2023-04-26,6400.0,6500.0,6375.0,6500.0,5556.65576171875,14098900,0.0,0.0,yfinance_raw_daily
2023-04-27,6475.0,6500.0,6375.0,6425.0,5492.54052734375,7393900,0.0,0.0,yfinance_raw_daily
2023-04-28,6425.0,6500.0,6400.0,6450.0,5513.912109375,11951800,0.0,0.0,yfinance_raw_daily
2023-05-02,6475.0,6500.0,6400.0,6500.0,5556.65576171875,6229800,0.0,0.0,yfinance_raw_daily
2023-05-03,6775.0,6800.0,6550.0,6650.0,5684.88623046875,20460100,0.0,0.0,yfinance_raw_daily
2023-05-04,6600.0,6700.0,6550.0,6625.0,5663.51416015625,13351700,0.0,0.0,yfinance_raw_daily
2023-05-05,6650.0,6700.0,6575.0,6700.0,5727.6298828125,8005500,0.0,0.0,yfinance_raw_daily
2023-05-08,6700.0,6875.0,6675.0,6875.0,5877.23193359375,15963300,0.0,0.0,yfinance_raw_daily
2023-05-09,6875.0,6900.0,6775.0,6825.0,5834.48828125,8982000,0.0,0.0,yfinance_raw_daily
2023-05-10,6850.0,6900.0,6800.0,6900.0,5898.603515625,8697100,0.0,0.0,yfinance_raw_daily
2023-05-11,6900.0,6900.0,6750.0,6800.0,5813.11669921875,4955500,0.0,0.0,yfinance_raw_daily
2023-05-12,6800.0,6800.0,6700.0,6725.0,5749.00146484375,8843800,0.0,0.0,yfinance_raw_daily
2023-05-15,6725.0,6775.0,6675.0,6725.0,5749.00146484375,8207300,0.0,0.0,yfinance_raw_daily
2023-05-16,6725.0,6850.0,6700.0,6825.0,5834.48828125,12010300,0.0,0.0,yfinance_raw_daily
2023-05-17,6825.0,6850.0,6725.0,6800.0,5813.11669921875,8442300,0.0,0.0,yfinance_raw_daily
2023-05-19,6800.0,6950.0,6775.0,6950.0,5941.34716796875,13551700,0.0,0.0,yfinance_raw_daily
2023-05-22,6950.0,7000.0,6875.0,6900.0,5898.603515625,9774100,0.0,0.0,yfinance_raw_daily
2023-05-23,6900.0,6975.0,6900.0,6950.0,5941.34716796875,17598400,0.0,0.0,yfinance_raw_daily
2023-05-24,6950.0,6975.0,6875.0,6950.0,5941.34716796875,10056700,0.0,0.0,yfinance_raw_daily
2023-05-25,6975.0,7175.0,6950.0,7100.0,6069.57763671875,18238400,0.0,0.0,yfinance_raw_daily
2023-05-26,7100.0,7250.0,7100.0,7200.0,6155.064453125,12859400,0.0,0.0,yfinance_raw_daily
2023-05-29,7200.0,7275.0,7125.0,7200.0,6155.064453125,8783500,0.0,0.0,yfinance_raw_daily
2023-05-30,7175.0,7200.0,7150.0,7150.0,6112.3212890625,4062300,0.0,0.0,yfinance_raw_daily
2023-05-31,7175.0,7275.0,7100.0,7100.0,6069.57763671875,30276400,0.0,0.0,yfinance_raw_daily
2023-06-05,7200.0,7275.0,7150.0,7250.0,6197.80810546875,16147500,0.0,0.0,yfinance_raw_daily
2023-06-06,7275.0,7475.0,7250.0,7375.0,6304.6669921875,20431800,0.0,0.0,yfinance_raw_daily
2023-06-07,7425.0,7475.0,7400.0,7450.0,6368.7822265625,15381300,0.0,0.0,yfinance_raw_daily
2023-06-08,7500.0,7500.0,7375.0,7425.0,6347.41064453125,7128700,0.0,0.0,yfinance_raw_daily
2023-06-09,7325.0,7475.0,7325.0,7425.0,6347.41064453125,7917400,0.0,0.0,yfinance_raw_daily
2023-06-12,7450.0,7475.0,7425.0,7450.0,6368.7822265625,9202800,0.0,0.0,yfinance_raw_daily
2023-06-13,7475.0,7475.0,7350.0,7350.0,6283.29541015625,6909100,0.0,0.0,yfinance_raw_daily
2023-06-14,7350.0,7450.0,7350.0,7425.0,6347.41064453125,7028600,0.0,0.0,yfinance_raw_daily
2023-06-15,7450.0,7475.0,7400.0,7450.0,6368.7822265625,6013200,0.0,0.0,yfinance_raw_daily
2023-06-16,7425.0,7475.0,7275.0,7275.0,6219.18017578125,20763800,0.0,0.0,yfinance_raw_daily
2023-06-19,7275.0,7400.0,7275.0,7400.0,6326.03857421875,12730100,0.0,0.0,yfinance_raw_daily
2023-06-20,7375.0,7375.0,7125.0,7150.0,6112.3212890625,15719800,0.0,0.0,yfinance_raw_daily
2023-06-21,7175.0,7400.0,7175.0,7375.0,6304.6669921875,9816700,0.0,0.0,yfinance_raw_daily
2023-06-22,7375.0,7400.0,7225.0,7225.0,6176.43603515625,6933500,0.0,0.0,yfinance_raw_daily
2023-06-23,7250.0,7400.0,7250.0,7300.0,6240.5517578125,6846700,0.0,0.0,yfinance_raw_daily
2023-06-26,7350.0,7425.0,7300.0,7325.0,6261.92333984375,10303900,0.0,0.0,yfinance_raw_daily
2023-06-27,7350.0,7350.0,7250.0,7350.0,6283.29541015625,5117200,0.0,0.0,yfinance_raw_daily
2023-07-03,7350.0,7375.0,7225.0,7250.0,6197.80810546875,13036000,0.0,0.0,yfinance_raw_daily
2023-07-04,7275.0,7375.0,7250.0,7375.0,6304.6669921875,7371300,0.0,0.0,yfinance_raw_daily
2023-07-05,7375.0,7475.0,7350.0,7425.0,6347.41064453125,9377600,0.0,0.0,yfinance_raw_daily
2023-07-06,7425.0,7475.0,7375.0,7450.0,6368.7822265625,18386200,0.0,0.0,yfinance_raw_daily
2023-07-07,7300.0,7350.0,7225.0,7275.0,6441.3857421875,13723700,257.0,0.0,yfinance_raw_daily
2023-07-10,7300.0,7325.0,7250.0,7250.0,6419.2509765625,5040100,0.0,0.0,yfinance_raw_daily
2023-07-11,7250.0,7325.0,7250.0,7300.0,6463.521484375,6802300,0.0,0.0,yfinance_raw_daily
2023-07-12,7325.0,7475.0,7275.0,7400.0,6552.06298828125,7082100,0.0,0.0,yfinance_raw_daily
2023-07-13,7400.0,7525.0,7400.0,7450.0,6596.33349609375,13443000,0.0,0.0,yfinance_raw_daily
2023-07-14,7475.0,7550.0,7425.0,7450.0,6596.33349609375,8083900,0.0,0.0,yfinance_raw_daily
2023-07-17,7425.0,7450.0,7300.0,7300.0,6463.521484375,8103500,0.0,0.0,yfinance_raw_daily
2023-07-18,7325.0,7350.0,7225.0,7350.0,6507.79248046875,4210000,0.0,0.0,yfinance_raw_daily
2023-07-20,7350.0,7375.0,7250.0,7325.0,6485.6572265625,4843300,0.0,0.0,yfinance_raw_daily
2023-07-21,7325.0,7350.0,7250.0,7325.0,6485.6572265625,4121300,0.0,0.0,yfinance_raw_daily
2023-07-24,7350.0,7350.0,7275.0,7275.0,6441.3857421875,2613300,0.0,0.0,yfinance_raw_daily
2023-07-25,7325.0,7325.0,7175.0,7175.0,6352.84521484375,7641300,0.0,0.0,yfinance_raw_daily
2023-07-26,7175.0,7250.0,7150.0,7175.0,6352.84521484375,6788300,0.0,0.0,yfinance_raw_daily
2023-07-27,7175.0,7325.0,7175.0,7250.0,6419.2509765625,4790800,0.0,0.0,yfinance_raw_daily
2023-07-28,7275.0,7325.0,7200.0,7325.0,6485.6572265625,6679800,0.0,0.0,yfinance_raw_daily
2023-07-31,7325.0,7375.0,7250.0,7325.0,6485.6572265625,10226200,0.0,0.0,yfinance_raw_daily
2023-08-01,7275.0,7275.0,7000.0,7000.0,6197.8974609375,15284400,0.0,0.0,yfinance_raw_daily
2023-08-02,7000.0,7050.0,6900.0,7050.0,6242.16796875,10482500,0.0,0.0,yfinance_raw_daily
2023-08-03,7050.0,7125.0,7000.0,7050.0,6242.16796875,7667100,0.0,0.0,yfinance_raw_daily
2023-08-04,7050.0,7100.0,7000.0,7050.0,6242.16796875,3234300,0.0,0.0,yfinance_raw_daily
2023-08-07,7100.0,7125.0,7050.0,7075.0,6264.3037109375,6723400,0.0,0.0,yfinance_raw_daily
2023-08-08,7025.0,7100.0,6975.0,7000.0,6197.8974609375,10356300,0.0,0.0,yfinance_raw_daily
2023-08-09,7000.0,7000.0,6925.0,6975.0,6175.76220703125,8377200,0.0,0.0,yfinance_raw_daily
2023-08-10,6975.0,7100.0,6975.0,7075.0,6264.3037109375,11422100,0.0,0.0,yfinance_raw_daily
2023-08-11,7100.0,7100.0,7000.0,7050.0,6242.16796875,10644900,0.0,0.0,yfinance_raw_daily
2023-08-14,7050.0,7075.0,6975.0,7050.0,6242.16796875,9921900,0.0,0.0,yfinance_raw_daily
2023-08-15,7050.0,7050.0,6950.0,7000.0,6197.8974609375,5207500,0.0,0.0,yfinance_raw_daily
2023-08-16,7000.0,7100.0,6975.0,7100.0,6286.4384765625,4884000,0.0,0.0,yfinance_raw_daily
2023-08-18,7050.0,7100.0,7000.0,7050.0,6242.16796875,6531000,0.0,0.0,yfinance_raw_daily
2023-08-21,7050.0,7050.0,6950.0,7000.0,6197.8974609375,7689000,0.0,0.0,yfinance_raw_daily
2023-08-22,6975.0,7050.0,6975.0,7000.0,6197.8974609375,3011900,0.0,0.0,yfinance_raw_daily
2023-08-23,7000.0,7150.0,7000.0,7075.0,6264.3037109375,8107300,0.0,0.0,yfinance_raw_daily
2023-08-24,7075.0,7125.0,7025.0,7025.0,6220.03271484375,5008100,0.0,0.0,yfinance_raw_daily
2023-08-25,7025.0,7150.0,7000.0,7125.0,6308.57421875,6990900,0.0,0.0,yfinance_raw_daily
2023-08-28,7125.0,7175.0,7075.0,7100.0,6286.4384765625,3667400,0.0,0.0,yfinance_raw_daily
2023-08-29,7150.0,7200.0,7100.0,7150.0,6330.70947265625,7986000,0.0,0.0,yfinance_raw_daily
2023-08-30,7150.0,7175.0,7025.0,7050.0,6242.16796875,6222700,0.0,0.0,yfinance_raw_daily
2023-08-31,7050.0,7100.0,7025.0,7100.0,6286.4384765625,8339000,0.0,0.0,yfinance_raw_daily
2023-09-01,7100.0,7100.0,7000.0,7000.0,6197.8974609375,7093600,0.0,0.0,yfinance_raw_daily
2023-09-04,7000.0,7050.0,6875.0,6900.0,6109.3564453125,10757100,0.0,0.0,yfinance_raw_daily
2023-09-05,6900.0,6900.0,6825.0,6850.0,6065.0849609375,9101400,0.0,0.0,yfinance_raw_daily
2023-09-06,6850.0,6900.0,6825.0,6875.0,6087.220703125,11380400,0.0,0.0,yfinance_raw_daily
2023-09-07,6875.0,6950.0,6850.0,6950.0,6153.626953125,11387100,0.0,0.0,yfinance_raw_daily
2023-09-08,6975.0,6975.0,6875.0,6925.0,6131.49169921875,6631800,0.0,0.0,yfinance_raw_daily
2023-09-11,6925.0,6950.0,6875.0,6950.0,6153.626953125,4051500,0.0,0.0,yfinance_raw_daily
2023-09-12,6975.0,6975.0,6825.0,6850.0,6065.0849609375,7691500,0.0,0.0,yfinance_raw_daily
2023-09-13,6850.0,6900.0,6800.0,6900.0,6109.3564453125,7498200,0.0,0.0,yfinance_raw_daily
2023-09-14,6850.0,6875.0,6700.0,6700.0,5932.2734375,14765100,0.0,0.0,yfinance_raw_daily
2023-09-15,6700.0,6750.0,6650.0,6750.0,5976.5439453125,16267700,0.0,0.0,yfinance_raw_daily
2023-09-18,6750.0,6750.0,6575.0,6600.0,5843.7314453125,10488700,0.0,0.0,yfinance_raw_daily
2023-09-19,6600.0,6700.0,6600.0,6675.0,5910.1376953125,4209900,0.0,0.0,yfinance_raw_daily
2023-09-20,6675.0,6925.0,6675.0,6800.0,6020.814453125,13558600,0.0,0.0,yfinance_raw_daily
2023-09-21,6800.0,6875.0,6650.0,6700.0,5932.2734375,14277900,0.0,0.0,yfinance_raw_daily
2023-09-22,6700.0,6800.0,6700.0,6775.0,5998.67919921875,8640500,0.0,0.0,yfinance_raw_daily
2023-09-25,6800.0,6825.0,6700.0,6775.0,5998.67919921875,10989900,0.0,0.0,yfinance_raw_daily
2023-09-26,6775.0,6800.0,6700.0,6700.0,5932.2734375,8020900,0.0,0.0,yfinance_raw_daily
2023-09-27,6700.0,6775.0,6650.0,6750.0,5976.5439453125,6313500,0.0,0.0,yfinance_raw_daily
2023-09-29,6750.0,6775.0,6625.0,6625.0,5865.8671875,10802800,0.0,0.0,yfinance_raw_daily
2023-10-02,6625.0,6800.0,6625.0,6750.0,5976.5439453125,6077200,0.0,0.0,yfinance_raw_daily
2023-10-03,6750.0,6825.0,6725.0,6725.0,5954.40869140625,8195600,0.0,0.0,yfinance_raw_daily
2023-10-04,6725.0,6775.0,6675.0,6750.0,5976.5439453125,10500800,0.0,0.0,yfinance_raw_daily
2023-10-05,6775.0,6975.0,6725.0,6875.0,6087.220703125,15362100,0.0,0.0,yfinance_raw_daily
2023-10-06,6925.0,7100.0,6850.0,6875.0,6087.220703125,11936900,0.0,0.0,yfinance_raw_daily
2023-10-09,6900.0,6925.0,6800.0,6850.0,6065.0849609375,6425200,0.0,0.0,yfinance_raw_daily
2023-10-10,6900.0,6950.0,6800.0,6800.0,6020.814453125,4329100,0.0,0.0,yfinance_raw_daily
2023-10-11,6825.0,6900.0,6750.0,6750.0,5976.5439453125,14465700,0.0,0.0,yfinance_raw_daily
2023-10-12,6750.0,6850.0,6725.0,6725.0,5954.40869140625,7306700,0.0,0.0,yfinance_raw_daily
2023-10-13,6750.0,6775.0,6700.0,6700.0,5932.2734375,3865100,0.0,0.0,yfinance_raw_daily
2023-10-16,6700.0,6775.0,6675.0,6725.0,5954.40869140625,6263100,0.0,0.0,yfinance_raw_daily
2023-10-17,6750.0,6850.0,6725.0,6850.0,6065.0849609375,6085400,0.0,0.0,yfinance_raw_daily
2023-10-18,6850.0,6850.0,6750.0,6800.0,6020.814453125,6339600,0.0,0.0,yfinance_raw_daily
2023-10-19,6800.0,6800.0,6700.0,6750.0,5976.5439453125,8549100,0.0,0.0,yfinance_raw_daily
2023-10-20,6725.0,6750.0,6650.0,6675.0,5910.1376953125,4622200,0.0,0.0,yfinance_raw_daily
2023-10-23,6700.0,6725.0,6600.0,6600.0,5843.7314453125,6392900,0.0,0.0,yfinance_raw_daily
2023-10-24,6600.0,6800.0,6600.0,6725.0,5954.40869140625,5377200,0.0,0.0,yfinance_raw_daily
2023-10-25,6725.0,6825.0,6725.0,6750.0,5976.5439453125,3305700,0.0,0.0,yfinance_raw_daily
2023-10-26,6750.0,6825.0,6625.0,6750.0,5976.5439453125,13444300,0.0,0.0,yfinance_raw_daily
2023-10-27,6750.0,6800.0,6700.0,6750.0,5976.5439453125,3881200,0.0,0.0,yfinance_raw_daily
2023-10-30,6750.0,6775.0,6625.0,6725.0,5954.40869140625,7559900,0.0,0.0,yfinance_raw_daily
2023-10-31,6725.0,6750.0,6600.0,6650.0,5888.0029296875,5296800,0.0,0.0,yfinance_raw_daily
2023-11-01,6700.0,6950.0,6600.0,6650.0,5888.0029296875,17099100,0.0,0.0,yfinance_raw_daily
2023-11-02,6700.0,6700.0,6475.0,6475.0,5733.05517578125,14730300,0.0,0.0,yfinance_raw_daily
2023-11-03,6500.0,6550.0,6325.0,6375.0,5644.513671875,17258700,0.0,0.0,yfinance_raw_daily
2023-11-06,6375.0,6425.0,6325.0,6350.0,5622.3779296875,11673400,0.0,0.0,yfinance_raw_daily
2023-11-07,6350.0,6400.0,6325.0,6375.0,5644.513671875,8637700,0.0,0.0,yfinance_raw_daily
2023-11-08,6375.0,6400.0,6225.0,6350.0,5622.3779296875,9490600,0.0,0.0,yfinance_raw_daily
2023-11-09,6350.0,6400.0,6300.0,6325.0,5600.2431640625,4705100,0.0,0.0,yfinance_raw_daily
2023-11-10,6325.0,6375.0,6300.0,6325.0,5600.2431640625,4843800,0.0,0.0,yfinance_raw_daily
2023-11-13,6350.0,6450.0,6325.0,6450.0,5710.919921875,5301800,0.0,0.0,yfinance_raw_daily
2023-11-14,6450.0,6500.0,6375.0,6375.0,5644.513671875,4049000,0.0,0.0,yfinance_raw_daily
2023-11-15,6425.0,6475.0,6425.0,6425.0,5688.7841796875,4640400,0.0,0.0,yfinance_raw_daily
2023-11-16,6450.0,6475.0,6350.0,6450.0,5710.919921875,4296200,0.0,0.0,yfinance_raw_daily
2023-11-17,6450.0,6450.0,6350.0,6425.0,5688.7841796875,4205400,0.0,0.0,yfinance_raw_daily
2023-11-20,6450.0,6475.0,6400.0,6400.0,5666.6494140625,2162700,0.0,0.0,yfinance_raw_daily
2023-11-21,6425.0,6450.0,6350.0,6425.0,5688.7841796875,4177300,0.0,0.0,yfinance_raw_daily
2023-11-22,6425.0,6425.0,6350.0,6350.0,5622.3779296875,5321400,0.0,0.0,yfinance_raw_daily
2023-11-23,6375.0,6425.0,6325.0,6350.0,5622.3779296875,4273200,0.0,0.0,yfinance_raw_daily
2023-11-24,6350.0,6425.0,6350.0,6425.0,5688.7841796875,1745400,0.0,0.0,yfinance_raw_daily
2023-11-27,6425.0,6500.0,6400.0,6400.0,5666.6494140625,5362700,0.0,0.0,yfinance_raw_daily
2023-11-28,6400.0,6450.0,6375.0,6375.0,5644.513671875,5766500,0.0,0.0,yfinance_raw_daily
2023-11-29,6400.0,6450.0,6375.0,6425.0,5688.7841796875,4533600,0.0,0.0,yfinance_raw_daily
2023-11-30,6375.0,6425.0,6275.0,6425.0,5688.7841796875,27474900,0.0,0.0,yfinance_raw_daily
2023-12-01,6425.0,6425.0,6300.0,6325.0,5600.2431640625,10269200,0.0,0.0,yfinance_raw_daily
2023-12-04,6350.0,6400.0,6325.0,6350.0,5622.3779296875,6679200,0.0,0.0,yfinance_raw_daily
2023-12-05,6375.0,6475.0,6350.0,6475.0,5733.05517578125,7961900,0.0,0.0,yfinance_raw_daily
2023-12-06,6450.0,6625.0,6425.0,6500.0,5755.19091796875,10236700,0.0,0.0,yfinance_raw_daily
2023-12-07,6500.0,6500.0,6400.0,6450.0,5710.919921875,5407500,0.0,0.0,yfinance_raw_daily
2023-12-08,6400.0,6425.0,6325.0,6400.0,5666.6494140625,7280800,0.0,0.0,yfinance_raw_daily
2023-12-11,6400.0,6400.0,6325.0,6375.0,5644.513671875,4425400,0.0,0.0,yfinance_raw_daily
2023-12-12,6375.0,6425.0,6350.0,6425.0,5688.7841796875,3053800,0.0,0.0,yfinance_raw_daily
2023-12-13,6400.0,6425.0,6350.0,6400.0,5666.6494140625,3848400,0.0,0.0,yfinance_raw_daily
2023-12-14,6400.0,6450.0,6375.0,6400.0,5666.6494140625,2822100,0.0,0.0,yfinance_raw_daily
2023-12-15,6350.0,6375.0,6325.0,6325.0,5600.2431640625,11985300,0.0,0.0,yfinance_raw_daily
2023-12-18,6325.0,6375.0,6250.0,6275.0,5555.97265625,14586700,0.0,0.0,yfinance_raw_daily
2023-12-19,6275.0,6350.0,6250.0,6325.0,5600.2431640625,2670000,0.0,0.0,yfinance_raw_daily
2023-12-20,6325.0,6350.0,6275.0,6275.0,5555.97265625,5902400,0.0,0.0,yfinance_raw_daily
2023-12-21,6300.0,6325.0,6250.0,6275.0,5555.97265625,5786000,0.0,0.0,yfinance_raw_daily
2023-12-22,6300.0,6350.0,6275.0,6275.0,5555.97265625,6712600,0.0,0.0,yfinance_raw_daily
2023-12-27,6275.0,6400.0,6275.0,6350.0,5622.3779296875,3536000,0.0,0.0,yfinance_raw_daily
2023-12-28,6350.0,6500.0,6350.0,6450.0,5710.919921875,8530100,0.0,0.0,yfinance_raw_daily
2023-12-29,6475.0,6475.0,6400.0,6450.0,5710.919921875,4935900,0.0,0.0,yfinance_raw_daily
2024-01-02,6450.0,6475.0,6375.0,6450.0,5710.919921875,5426000,0.0,0.0,yfinance_raw_daily
2024-01-03,6450.0,6475.0,6400.0,6400.0,5666.6494140625,4723600,0.0,0.0,yfinance_raw_daily
2024-01-04,6425.0,6500.0,6400.0,6450.0,5710.919921875,3613500,0.0,0.0,yfinance_raw_daily
2024-01-05,6475.0,6550.0,6450.0,6450.0,5710.919921875,8987300,0.0,0.0,yfinance_raw_daily
2024-01-08,6450.0,6500.0,6400.0,6400.0,5666.6494140625,5581500,0.0,0.0,yfinance_raw_daily
2024-01-09,6400.0,6425.0,6350.0,6375.0,5644.513671875,7189600,0.0,0.0,yfinance_raw_daily
2024-01-10,6375.0,6450.0,6350.0,6350.0,5622.3779296875,8212600,0.0,0.0,yfinance_raw_daily
2024-01-11,6400.0,6425.0,6350.0,6350.0,5622.3779296875,3817600,0.0,0.0,yfinance_raw_daily
2024-01-12,6350.0,6400.0,6350.0,6375.0,5644.513671875,5482500,0.0,0.0,yfinance_raw_daily
2024-01-15,6400.0,6500.0,6400.0,6450.0,5710.919921875,6476000,0.0,0.0,yfinance_raw_daily
2024-01-16,6475.0,6525.0,6425.0,6450.0,5710.919921875,9762800,0.0,0.0,yfinance_raw_daily
2024-01-17,6450.0,6450.0,6350.0,6400.0,5666.6494140625,7956300,0.0,0.0,yfinance_raw_daily
2024-01-18,6375.0,6400.0,6325.0,6375.0,5644.513671875,6634800,0.0,0.0,yfinance_raw_daily
2024-01-19,6400.0,6475.0,6350.0,6450.0,5710.919921875,7319600,0.0,0.0,yfinance_raw_daily
2024-01-22,6450.0,6475.0,6400.0,6425.0,5688.7841796875,7346000,0.0,0.0,yfinance_raw_daily
2024-01-23,6425.0,6425.0,6350.0,6400.0,5666.6494140625,7874600,0.0,0.0,yfinance_raw_daily
2024-01-24,6400.0,6450.0,6375.0,6450.0,5710.919921875,4089900,0.0,0.0,yfinance_raw_daily
2024-01-25,6450.0,6475.0,6400.0,6400.0,5666.6494140625,6866400,0.0,0.0,yfinance_raw_daily
2024-01-26,6400.0,6450.0,6375.0,6425.0,5688.7841796875,5164900,0.0,0.0,yfinance_raw_daily
2024-01-29,6425.0,6425.0,6375.0,6425.0,5688.7841796875,6407200,0.0,0.0,yfinance_raw_daily
2024-01-30,6400.0,6425.0,6375.0,6400.0,5666.6494140625,4531400,0.0,0.0,yfinance_raw_daily
2024-01-31,6375.0,6425.0,6375.0,6375.0,5644.513671875,9544700,0.0,0.0,yfinance_raw_daily
2024-02-01,6350.0,6450.0,6350.0,6350.0,5622.3779296875,10779600,0.0,0.0,yfinance_raw_daily
2024-02-02,6350.0,6400.0,6350.0,6400.0,5666.6494140625,7356800,0.0,0.0,yfinance_raw_daily
2024-02-05,6400.0,6425.0,6300.0,6300.0,5578.107421875,9865400,0.0,0.0,yfinance_raw_daily
2024-02-06,6325.0,6400.0,6300.0,6350.0,5622.3779296875,9445700,0.0,0.0,yfinance_raw_daily
2024-02-07,6375.0,6450.0,6325.0,6350.0,5622.3779296875,10270400,0.0,0.0,yfinance_raw_daily
2024-02-12,6350.0,6450.0,6350.0,6400.0,5666.6494140625,7077000,0.0,0.0,yfinance_raw_daily
2024-02-13,6400.0,6450.0,6350.0,6350.0,5622.3779296875,5485300,0.0,0.0,yfinance_raw_daily
2024-02-15,6425.0,6475.0,6375.0,6400.0,5666.6494140625,12271900,0.0,0.0,yfinance_raw_daily
2024-02-16,6400.0,6475.0,6400.0,6425.0,5688.7841796875,5762300,0.0,0.0,yfinance_raw_daily
2024-02-19,6450.0,6575.0,6425.0,6475.0,5733.05517578125,8429500,0.0,0.0,yfinance_raw_daily
2024-02-20,6475.0,6575.0,6475.0,6550.0,5799.4609375,5677400,0.0,0.0,yfinance_raw_daily
2024-02-21,6550.0,6600.0,6500.0,6600.0,5843.7314453125,10104200,0.0,0.0,yfinance_raw_daily
2024-02-22,6600.0,6725.0,6575.0,6725.0,5954.40869140625,9489900,0.0,0.0,yfinance_raw_daily
2024-02-23,6750.0,6750.0,6625.0,6725.0,5954.40869140625,8713200,0.0,0.0,yfinance_raw_daily
2024-02-26,6675.0,6700.0,6550.0,6625.0,5865.8671875,7884800,0.0,0.0,yfinance_raw_daily
2024-02-27,6600.0,6600.0,6525.0,6575.0,5821.5966796875,5456800,0.0,0.0,yfinance_raw_daily
2024-02-28,6575.0,6625.0,6550.0,6625.0,5865.8671875,2090500,0.0,0.0,yfinance_raw_daily
2024-02-29,6625.0,6650.0,6525.0,6625.0,5865.8671875,10783000,0.0,0.0,yfinance_raw_daily
2024-03-01,6550.0,6675.0,6550.0,6675.0,5910.1376953125,6023600,0.0,0.0,yfinance_raw_daily
2024-03-04,6675.0,6675.0,6550.0,6550.0,5799.4609375,5809200,0.0,0.0,yfinance_raw_daily
2024-03-05,6575.0,6575.0,6475.0,6500.0,5755.19091796875,6990600,0.0,0.0,yfinance_raw_daily
2024-03-06,6500.0,6550.0,6475.0,6500.0,5755.19091796875,4956200,0.0,0.0,yfinance_raw_daily
2024-03-07,6475.0,6500.0,6350.0,6350.0,5622.3779296875,11093000,0.0,0.0,yfinance_raw_daily
2024-03-08,6375.0,6400.0,6325.0,6350.0,5622.3779296875,11796000,0.0,0.0,yfinance_raw_daily
2024-03-13,6350.0,6425.0,6300.0,6300.0,5578.107421875,13159000,0.0,0.0,yfinance_raw_daily
2024-03-14,6325.0,6425.0,6300.0,6425.0,5688.7841796875,9245200,0.0,0.0,yfinance_raw_daily
2024-03-15,6425.0,6500.0,6375.0,6425.0,5688.7841796875,21189100,0.0,0.0,yfinance_raw_daily
2024-03-18,6450.0,6500.0,6400.0,6450.0,5710.919921875,5242800,0.0,0.0,yfinance_raw_daily
2024-03-19,6450.0,6475.0,6375.0,6425.0,5688.7841796875,9572300,0.0,0.0,yfinance_raw_daily
2024-03-20,6450.0,6475.0,6425.0,6475.0,5733.05517578125,5278100,0.0,0.0,yfinance_raw_daily
2024-03-21,6475.0,6525.0,6425.0,6450.0,5710.919921875,7929300,0.0,0.0,yfinance_raw_daily
2024-03-22,6450.0,6475.0,6400.0,6425.0,5688.7841796875,3483700,0.0,0.0,yfinance_raw_daily
2024-03-25,6500.0,6500.0,6425.0,6450.0,5710.919921875,5631900,0.0,0.0,yfinance_raw_daily
2024-03-26,6400.0,6400.0,6225.0,6375.0,5644.513671875,14396800,0.0,0.0,yfinance_raw_daily
2024-03-27,6350.0,6375.0,6275.0,6325.0,5600.2431640625,9153300,0.0,0.0,yfinance_raw_daily
2024-03-28,6325.0,6375.0,6325.0,6375.0,5644.513671875,6138100,0.0,0.0,yfinance_raw_daily
2024-04-01,6400.0,6425.0,6325.0,6425.0,5688.7841796875,9236200,0.0,0.0,yfinance_raw_daily
2024-04-02,6425.0,6600.0,6400.0,6600.0,5843.7314453125,12799100,0.0,0.0,yfinance_raw_daily
2024-04-03,6600.0,6600.0,6525.0,6550.0,5799.4609375,10251600,0.0,0.0,yfinance_raw_daily
2024-04-04,6550.0,6550.0,6475.0,6500.0,5755.19091796875,4924100,0.0,0.0,yfinance_raw_daily
2024-04-05,6500.0,6575.0,6500.0,6500.0,5755.19091796875,6930600,0.0,0.0,yfinance_raw_daily
2024-04-16,6300.0,6375.0,6125.0,6150.0,5445.2958984375,31099400,0.0,0.0,yfinance_raw_daily
2024-04-17,6175.0,6200.0,6050.0,6050.0,5356.75439453125,12128500,0.0,0.0,yfinance_raw_daily
2024-04-18,6050.0,6125.0,6050.0,6125.0,5423.16015625,11611100,0.0,0.0,yfinance_raw_daily
2024-04-19,6100.0,6100.0,6025.0,6100.0,5401.0244140625,10631200,0.0,0.0,yfinance_raw_daily
2024-04-22,6100.0,6150.0,6025.0,6150.0,5445.2958984375,8102700,0.0,0.0,yfinance_raw_daily
2024-04-23,6150.0,6150.0,6025.0,6025.0,5334.619140625,7475600,0.0,0.0,yfinance_raw_daily
2024-04-24,6050.0,6100.0,6025.0,6050.0,5356.75439453125,5024200,0.0,0.0,yfinance_raw_daily
2024-04-25,6075.0,6200.0,6050.0,6200.0,5489.56640625,7265800,0.0,0.0,yfinance_raw_daily
2024-04-26,6200.0,6200.0,6050.0,6050.0,5356.75439453125,5110600,0.0,0.0,yfinance_raw_daily
2024-04-29,6075.0,6175.0,6050.0,6175.0,5467.4306640625,5155300,0.0,0.0,yfinance_raw_daily
2024-04-30,6200.0,6300.0,6125.0,6250.0,5533.8369140625,8890900,0.0,0.0,yfinance_raw_daily
2024-05-02,6250.0,6275.0,6150.0,6225.0,5511.70166015625,9811900,0.0,0.0,yfinance_raw_daily
2024-05-03,6250.0,6250.0,6125.0,6225.0,5511.70166015625,3416500,0.0,0.0,yfinance_raw_daily
2024-05-06,6275.0,6275.0,6150.0,6225.0,5511.70166015625,5501200,0.0,0.0,yfinance_raw_daily
2024-05-07,6225.0,6250.0,6150.0,6150.0,5445.2958984375,4465300,0.0,0.0,yfinance_raw_daily
2024-05-08,6175.0,6200.0,6100.0,6200.0,5489.56640625,6840500,0.0,0.0,yfinance_raw_daily
2024-05-13,6175.0,6175.0,6025.0,6100.0,5401.0244140625,10170800,0.0,0.0,yfinance_raw_daily
2024-05-14,6125.0,6175.0,6075.0,6175.0,5467.4306640625,7383800,0.0,0.0,yfinance_raw_daily
2024-05-15,6150.0,6175.0,6050.0,6100.0,5401.0244140625,7161400,0.0,0.0,yfinance_raw_daily
2024-05-16,6100.0,6175.0,6100.0,6150.0,5445.2958984375,8487800,0.0,0.0,yfinance_raw_daily
2024-05-17,6150.0,6200.0,6100.0,6150.0,5445.2958984375,6993300,0.0,0.0,yfinance_raw_daily
2024-05-20,6150.0,6250.0,6150.0,6225.0,5511.70166015625,6498900,0.0,0.0,yfinance_raw_daily
2024-05-21,6225.0,6225.0,6100.0,6150.0,5445.2958984375,9376200,0.0,0.0,yfinance_raw_daily
2024-05-22,6150.0,6175.0,6100.0,6150.0,5445.2958984375,3596200,0.0,0.0,yfinance_raw_daily
2024-05-27,6150.0,6175.0,6025.0,6125.0,5423.16015625,9550900,0.0,0.0,yfinance_raw_daily
2024-05-28,6125.0,6175.0,6075.0,6125.0,5423.16015625,5510700,0.0,0.0,yfinance_raw_daily
2024-05-29,6100.0,6125.0,6050.0,6125.0,5423.16015625,8131100,0.0,0.0,yfinance_raw_daily
2024-05-30,6125.0,6125.0,6025.0,6050.0,5356.75439453125,9246200,0.0,0.0,yfinance_raw_daily
2024-05-31,6075.0,6100.0,5875.0,5875.0,5201.806640625,30407000,0.0,0.0,yfinance_raw_daily
2024-06-03,5900.0,6050.0,5900.0,6050.0,5356.75439453125,11655600,0.0,0.0,yfinance_raw_daily
2024-06-04,6050.0,6150.0,6025.0,6100.0,5401.0244140625,6440500,0.0,0.0,yfinance_raw_daily
2024-06-05,6150.0,6200.0,6100.0,6125.0,5423.16015625,4633000,0.0,0.0,yfinance_raw_daily
2024-06-06,6175.0,6200.0,6125.0,6200.0,5489.56640625,5444400,0.0,0.0,yfinance_raw_daily
2024-06-07,6200.0,6250.0,6150.0,6200.0,5489.56640625,3728000,0.0,0.0,yfinance_raw_daily
2024-06-10,6225.0,6225.0,6100.0,6175.0,5467.4306640625,4207500,0.0,0.0,yfinance_raw_daily
2024-06-11,6150.0,6175.0,6100.0,6125.0,5423.16015625,5396100,0.0,0.0,yfinance_raw_daily
2024-06-12,6125.0,6200.0,6100.0,6200.0,5489.56640625,6352800,0.0,0.0,yfinance_raw_daily
2024-06-13,6200.0,6200.0,6100.0,6125.0,5423.16015625,5135700,0.0,0.0,yfinance_raw_daily
2024-06-14,6125.0,6150.0,6025.0,6075.0,5378.8896484375,7040000,0.0,0.0,yfinance_raw_daily
2024-06-19,6075.0,6100.0,5850.0,5925.0,5246.0771484375,12196300,0.0,0.0,yfinance_raw_daily
2024-06-20,5950.0,5950.0,5850.0,5925.0,5246.0771484375,8634300,0.0,0.0,yfinance_raw_daily
2024-06-21,5925.0,6100.0,5900.0,5975.0,5290.34814453125,17023600,0.0,0.0,yfinance_raw_daily
2024-06-24,6025.0,6025.0,5925.0,5925.0,5246.0771484375,6285700,0.0,0.0,yfinance_raw_daily
2024-06-25,5950.0,5975.0,5875.0,5950.0,5268.212890625,5323200,0.0,0.0,yfinance_raw_daily
2024-06-26,5950.0,5950.0,5875.0,5900.0,5223.9423828125,7732400,0.0,0.0,yfinance_raw_daily
2024-06-27,5950.0,6050.0,5925.0,6025.0,5334.619140625,6280500,0.0,0.0,yfinance_raw_daily
2024-06-28,6000.0,6150.0,6000.0,6075.0,5378.8896484375,10535600,0.0,0.0,yfinance_raw_daily
2024-07-01,6075.0,6100.0,6025.0,6100.0,5401.0244140625,8021400,0.0,0.0,yfinance_raw_daily
2024-07-02,6100.0,6125.0,6050.0,6100.0,5401.0244140625,6210100,0.0,0.0,yfinance_raw_daily
2024-07-03,6100.0,6100.0,6025.0,6100.0,5401.0244140625,6800500,0.0,0.0,yfinance_raw_daily
2024-07-04,6100.0,6125.0,6075.0,6075.0,5378.8896484375,3875700,0.0,0.0,yfinance_raw_daily
2024-07-05,6100.0,6125.0,6075.0,6125.0,5423.16015625,5046400,0.0,0.0,yfinance_raw_daily
2024-07-08,6125.0,6200.0,6125.0,6200.0,5489.56640625,11876600,0.0,0.0,yfinance_raw_daily
2024-07-09,5975.0,6000.0,5900.0,5950.0,5505.2958984375,10614700,267.0,0.0,yfinance_raw_daily
2024-07-10,5975.0,6025.0,5950.0,6000.0,5551.55859375,7017700,0.0,0.0,yfinance_raw_daily
2024-07-11,6000.0,6025.0,5925.0,5925.0,5482.1640625,6350700,0.0,0.0,yfinance_raw_daily
2024-07-12,5975.0,6000.0,5950.0,5950.0,5505.2958984375,3555500,0.0,0.0,yfinance_raw_daily
2024-07-15,5975.0,6000.0,5925.0,5975.0,5528.42724609375,3834200,0.0,0.0,yfinance_raw_daily
2024-07-16,5975.0,5975.0,5925.0,5950.0,5505.2958984375,3606700,0.0,0.0,yfinance_raw_daily
2024-07-17,5975.0,6050.0,5950.0,6050.0,5597.82177734375,7001500,0.0,0.0,yfinance_raw_daily
2024-07-18,6050.0,6075.0,6000.0,6075.0,5620.95361328125,5349000,0.0,0.0,yfinance_raw_daily
2024-07-19,6050.0,6075.0,5975.0,6075.0,5620.95361328125,6000100,0.0,0.0,yfinance_raw_daily
2024-07-22,6100.0,6100.0,6000.0,6025.0,5574.6904296875,4423500,0.0,0.0,yfinance_raw_daily
2024-07-23,6050.0,6100.0,6025.0,6100.0,5644.08447265625,5032300,0.0,0.0,yfinance_raw_daily
2024-07-24,6100.0,6125.0,5975.0,6000.0,5551.55859375,9933700,0.0,0.0,yfinance_raw_daily
2024-07-25,6000.0,6100.0,5975.0,6100.0,5644.08447265625,9087300,0.0,0.0,yfinance_raw_daily
2024-07-26,6125.0,6150.0,6050.0,6125.0,5667.21630859375,5425500,0.0,0.0,yfinance_raw_daily
2024-07-29,6075.0,6150.0,6075.0,6075.0,5620.95361328125,4808700,0.0,0.0,yfinance_raw_daily
2024-07-30,6125.0,6125.0,6000.0,6050.0,5597.82177734375,4096800,0.0,0.0,yfinance_raw_daily
2024-07-31,6075.0,6125.0,6025.0,6125.0,5667.21630859375,14631000,0.0,0.0,yfinance_raw_daily
2024-08-01,6075.0,6250.0,6025.0,6150.0,5690.34814453125,15237800,0.0,0.0,yfinance_raw_daily
2024-08-02,6150.0,6175.0,6100.0,6100.0,5644.08447265625,6432100,0.0,0.0,yfinance_raw_daily
2024-08-05,6075.0,6100.0,5950.0,6050.0,5597.82177734375,12489900,0.0,0.0,yfinance_raw_daily
2024-08-06,6025.0,6150.0,6025.0,6100.0,5644.08447265625,11577400,0.0,0.0,yfinance_raw_daily
2024-08-07,6075.0,6150.0,6075.0,6125.0,5667.21630859375,4240800,0.0,0.0,yfinance_raw_daily
2024-08-08,6150.0,6225.0,6125.0,6225.0,5759.7421875,9398000,0.0,0.0,yfinance_raw_daily
2024-08-09,6225.0,6275.0,6175.0,6275.0,5806.00537109375,7072600,0.0,0.0,yfinance_raw_daily
2024-08-12,6275.0,6300.0,6225.0,6250.0,5782.87353515625,5556100,0.0,0.0,yfinance_raw_daily
2024-08-13,6275.0,6350.0,6275.0,6325.0,5852.2685546875,10450200,0.0,0.0,yfinance_raw_daily
2024-08-14,6325.0,6650.0,6325.0,6500.0,6014.18896484375,29984700,0.0,0.0,yfinance_raw_daily
2024-08-15,6500.0,6550.0,6400.0,6475.0,5991.05712890625,9582600,0.0,0.0,yfinance_raw_daily
2024-08-16,6500.0,6525.0,6400.0,6525.0,6037.3203125,9525600,0.0,0.0,yfinance_raw_daily
2024-08-19,6525.0,6525.0,6375.0,6450.0,5967.92578125,10034100,0.0,0.0,yfinance_raw_daily
2024-08-20,6500.0,6525.0,6425.0,6525.0,6037.3203125,15255400,0.0,0.0,yfinance_raw_daily
2024-08-21,6550.0,6650.0,6525.0,6625.0,6129.84619140625,15685700,0.0,0.0,yfinance_raw_daily
2024-08-22,6575.0,6650.0,6550.0,6650.0,6152.97802734375,12105900,0.0,0.0,yfinance_raw_daily
2024-08-23,6650.0,6725.0,6575.0,6700.0,6199.24072265625,12451800,0.0,0.0,yfinance_raw_daily
2024-08-26,6700.0,6850.0,6675.0,6850.0,6338.029296875,14052700,0.0,0.0,yfinance_raw_daily
2024-08-27,6875.0,6900.0,6725.0,6800.0,6291.7666015625,12167700,0.0,0.0,yfinance_raw_daily
2024-08-28,6825.0,6825.0,6700.0,6825.0,6314.8984375,9438700,0.0,0.0,yfinance_raw_daily
2024-08-29,6825.0,6825.0,6750.0,6800.0,6291.7666015625,13268500,0.0,0.0,yfinance_raw_daily
2024-08-30,6800.0,6850.0,6725.0,6850.0,6338.029296875,22109100,0.0,0.0,yfinance_raw_daily
2024-09-02,6825.0,6825.0,6725.0,6725.0,6222.3720703125,7855400,0.0,0.0,yfinance_raw_daily
2024-09-03,6700.0,6775.0,6675.0,6775.0,6268.63525390625,11645700,0.0,0.0,yfinance_raw_daily
2024-09-04,6725.0,6725.0,6650.0,6700.0,6199.24072265625,8269000,0.0,0.0,yfinance_raw_daily
2024-09-05,6700.0,6975.0,6700.0,6975.0,6453.68701171875,24214500,0.0,0.0,yfinance_raw_daily
2024-09-06,6925.0,7075.0,6900.0,7025.0,6499.9501953125,14297700,0.0,0.0,yfinance_raw_daily
2024-09-09,7000.0,7025.0,6850.0,6925.0,6407.42431640625,7130200,0.0,0.0,yfinance_raw_daily
2024-09-10,6950.0,7050.0,6925.0,7050.0,6523.08154296875,12142200,0.0,0.0,yfinance_raw_daily
2024-09-11,7000.0,7025.0,6950.0,7000.0,6476.81884765625,9456400,0.0,0.0,yfinance_raw_daily
2024-09-12,7050.0,7175.0,6975.0,7150.0,6615.607421875,22469600,0.0,0.0,yfinance_raw_daily
2024-09-13,7150.0,7200.0,7050.0,7100.0,6569.34423828125,10834600,0.0,0.0,yfinance_raw_daily
2024-09-17,7100.0,7150.0,7025.0,7100.0,6569.34423828125,7883900,0.0,0.0,yfinance_raw_daily
2024-09-18,7125.0,7150.0,7050.0,7075.0,6546.21337890625,5432300,0.0,0.0,yfinance_raw_daily
2024-09-19,7100.0,7150.0,7075.0,7075.0,6546.21337890625,10922700,0.0,0.0,yfinance_raw_daily
2024-09-20,7100.0,7200.0,7075.0,7150.0,6615.607421875,26483100,0.0,0.0,yfinance_raw_daily
2024-09-23,7150.0,7175.0,7075.0,7100.0,6569.34423828125,12867300,0.0,0.0,yfinance_raw_daily
2024-09-24,7125.0,7175.0,7075.0,7175.0,6638.7392578125,15044300,0.0,0.0,yfinance_raw_daily
2024-09-25,7175.0,7175.0,7075.0,7175.0,6638.7392578125,17985300,0.0,0.0,yfinance_raw_daily
2024-09-26,7200.0,7250.0,7175.0,7225.0,6685.001953125,17996900,0.0,0.0,yfinance_raw_daily
2024-09-27,7250.0,7250.0,7175.0,7175.0,6638.7392578125,9528100,0.0,0.0,yfinance_raw_daily
2024-09-30,7175.0,7175.0,7050.0,7050.0,6523.08154296875,11723100,0.0,0.0,yfinance_raw_daily
2024-10-01,7050.0,7175.0,7050.0,7175.0,6638.7392578125,10450000,0.0,0.0,yfinance_raw_daily
2024-10-02,7125.0,7150.0,7025.0,7075.0,6546.21337890625,9654400,0.0,0.0,yfinance_raw_daily
2024-10-03,7075.0,7150.0,7050.0,7100.0,6569.34423828125,6836300,0.0,0.0,yfinance_raw_daily
2024-10-04,7100.0,7125.0,7000.0,7050.0,6523.08154296875,5621400,0.0,0.0,yfinance_raw_daily
2024-10-07,7000.0,7000.0,6825.0,6925.0,6407.42431640625,10832200,0.0,0.0,yfinance_raw_daily
2024-10-08,6925.0,7000.0,6850.0,7000.0,6476.81884765625,8899500,0.0,0.0,yfinance_raw_daily
2024-10-09,7000.0,7025.0,6925.0,6925.0,6407.42431640625,9822000,0.0,0.0,yfinance_raw_daily
2024-10-10,7000.0,7100.0,6925.0,7025.0,6499.9501953125,11875300,0.0,0.0,yfinance_raw_daily
2024-10-11,7100.0,7100.0,6975.0,7000.0,6476.81884765625,4466300,0.0,0.0,yfinance_raw_daily
2024-10-14,7000.0,7100.0,6975.0,7050.0,6523.08154296875,3970200,0.0,0.0,yfinance_raw_daily
2024-10-15,7050.0,7250.0,7050.0,7200.0,6661.87060546875,17967100,0.0,0.0,yfinance_raw_daily
2024-10-16,7250.0,7275.0,7150.0,7175.0,6638.7392578125,8884800,0.0,0.0,yfinance_raw_daily
2024-10-17,7175.0,7275.0,7175.0,7175.0,6638.7392578125,5424900,0.0,0.0,yfinance_raw_daily
2024-10-18,7225.0,7475.0,7200.0,7425.0,6870.05419921875,23782600,0.0,0.0,yfinance_raw_daily
2024-10-21,7400.0,7425.0,7325.0,7400.0,6846.92236328125,8431800,0.0,0.0,yfinance_raw_daily
2024-10-22,7400.0,7475.0,7350.0,7425.0,6870.05419921875,14443100,0.0,0.0,yfinance_raw_daily
2024-10-23,7450.0,7550.0,7425.0,7500.0,6939.44873046875,19206700,0.0,0.0,yfinance_raw_daily
2024-10-24,7500.0,7550.0,7475.0,7525.0,6962.57958984375,9344600,0.0,0.0,yfinance_raw_daily
2024-10-25,7575.0,7575.0,7450.0,7500.0,6939.44873046875,6074400,0.0,0.0,yfinance_raw_daily
2024-10-28,7500.0,7525.0,7375.0,7525.0,6962.57958984375,4958500,0.0,0.0,yfinance_raw_daily
2024-10-29,7500.0,7575.0,7450.0,7575.0,7008.84326171875,10860100,0.0,0.0,yfinance_raw_daily
2024-10-30,7575.0,7575.0,7450.0,7475.0,6916.31689453125,9561400,0.0,0.0,yfinance_raw_daily
2024-10-31,7525.0,7650.0,7500.0,7600.0,7031.974609375,25840000,0.0,0.0,yfinance_raw_daily
2024-11-01,7700.0,7750.0,7250.0,7300.0,6754.396484375,15829400,0.0,0.0,yfinance_raw_daily
2024-11-04,7300.0,7525.0,7300.0,7450.0,6893.185546875,15494300,0.0,0.0,yfinance_raw_daily
2024-11-05,7525.0,7875.0,7500.0,7875.0,7286.4208984375,29732300,0.0,0.0,yfinance_raw_daily
2024-11-06,7875.0,8000.0,7725.0,7800.0,7217.0263671875,13926400,0.0,0.0,yfinance_raw_daily
2024-11-07,7800.0,7900.0,7700.0,7900.0,7309.55224609375,19304100,0.0,0.0,yfinance_raw_daily
2024-11-08,7850.0,7850.0,7700.0,7700.0,7124.50048828125,5888900,0.0,0.0,yfinance_raw_daily
2024-11-11,7750.0,7800.0,7675.0,7800.0,7217.0263671875,11979400,0.0,0.0,yfinance_raw_daily
2024-11-12,7800.0,7900.0,7750.0,7850.0,7263.28955078125,13959400,0.0,0.0,yfinance_raw_daily
2024-11-13,7825.0,7850.0,7700.0,7725.0,7147.6318359375,5007600,0.0,0.0,yfinance_raw_daily
2024-11-14,7750.0,7825.0,7650.0,7700.0,7124.50048828125,16757100,0.0,0.0,yfinance_raw_daily
2024-11-15,7700.0,7800.0,7675.0,7725.0,7147.6318359375,4657800,0.0,0.0,yfinance_raw_daily
2024-11-18,7725.0,7725.0,7675.0,7725.0,7147.6318359375,10756900,0.0,0.0,yfinance_raw_daily
2024-11-19,7725.0,7800.0,7700.0,7800.0,7217.0263671875,8208700,0.0,0.0,yfinance_raw_daily
2024-11-20,7800.0,7800.0,7725.0,7800.0,7217.0263671875,5830300,0.0,0.0,yfinance_raw_daily
2024-11-21,7775.0,7775.0,7600.0,7625.0,7055.10595703125,7336900,0.0,0.0,yfinance_raw_daily
2024-11-22,7625.0,7625.0,7375.0,7475.0,6916.31689453125,11199100,0.0,0.0,yfinance_raw_daily
2024-11-25,7500.0,7600.0,7450.0,7600.0,7031.974609375,19268900,0.0,0.0,yfinance_raw_daily
2024-11-26,7550.0,7675.0,7500.0,7650.0,7078.2373046875,8590100,0.0,0.0,yfinance_raw_daily
2024-11-28,7650.0,7650.0,7500.0,7650.0,7078.2373046875,8604300,0.0,0.0,yfinance_raw_daily
2024-11-29,7675.0,7700.0,7550.0,7550.0,6985.71142578125,12609500,0.0,0.0,yfinance_raw_daily
2024-12-02,7475.0,7600.0,7475.0,7550.0,6985.71142578125,7732700,0.0,0.0,yfinance_raw_daily
2024-12-03,7575.0,7850.0,7550.0,7775.0,7193.89501953125,18804600,0.0,0.0,yfinance_raw_daily
2024-12-04,7800.0,7850.0,7775.0,7850.0,7263.28955078125,16801400,0.0,0.0,yfinance_raw_daily
2024-12-05,7850.0,7875.0,7800.0,7875.0,7286.4208984375,7087100,0.0,0.0,yfinance_raw_daily
2024-12-06,7875.0,7925.0,7825.0,7925.0,7332.68408203125,15943900,0.0,0.0,yfinance_raw_daily
2024-12-09,7875.0,8200.0,7875.0,8200.0,7587.13037109375,17366100,0.0,0.0,yfinance_raw_daily
2024-12-10,8200.0,8250.0,8075.0,8150.0,7540.8671875,9525000,0.0,0.0,yfinance_raw_daily
2024-12-11,8075.0,8300.0,8075.0,8200.0,7587.13037109375,12998600,0.0,0.0,yfinance_raw_daily
2024-12-12,8200.0,8200.0,8025.0,8200.0,7587.13037109375,8878600,0.0,0.0,yfinance_raw_daily
2024-12-13,8200.0,8275.0,8075.0,8175.0,7563.9990234375,7183300,0.0,0.0,yfinance_raw_daily
2024-12-16,8175.0,8200.0,8025.0,8125.0,7517.73583984375,5622300,0.0,0.0,yfinance_raw_daily
2024-12-17,8125.0,8125.0,7925.0,8050.0,7448.34130859375,10833500,0.0,0.0,yfinance_raw_daily
2024-12-18,8050.0,8050.0,7750.0,7825.0,7240.158203125,7359400,0.0,0.0,yfinance_raw_daily
2024-12-19,7775.0,7775.0,7550.0,7650.0,7078.2373046875,9507300,0.0,0.0,yfinance_raw_daily
2024-12-20,7650.0,7750.0,7600.0,7625.0,7055.10595703125,14593200,0.0,0.0,yfinance_raw_daily
2024-12-23,7675.0,7800.0,7650.0,7725.0,7147.6318359375,5529200,0.0,0.0,yfinance_raw_daily
2024-12-24,7725.0,7725.0,7600.0,7625.0,7055.10595703125,3634000,0.0,0.0,yfinance_raw_daily
2024-12-27,7650.0,7725.0,7625.0,7700.0,7124.50048828125,3653300,0.0,0.0,yfinance_raw_daily
2024-12-30,7700.0,7750.0,7650.0,7700.0,7124.50048828125,4827500,0.0,0.0,yfinance_raw_daily
2025-01-02,7750.0,7750.0,7325.0,7475.0,6916.31689453125,6664900,0.0,0.0,yfinance_raw_daily
2025-01-03,7525.0,7650.0,7450.0,7550.0,6985.71142578125,6037900,0.0,0.0,yfinance_raw_daily
2025-01-06,7500.0,7500.0,7325.0,7375.0,6823.791015625,5623300,0.0,0.0,yfinance_raw_daily
2025-01-07,7375.0,7450.0,7275.0,7450.0,6893.185546875,9008100,0.0,0.0,yfinance_raw_daily
2025-01-08,7475.0,7475.0,7375.0,7475.0,6916.31689453125,4544100,0.0,0.0,yfinance_raw_daily
2025-01-09,7475.0,7575.0,7375.0,7500.0,6939.44873046875,4878300,0.0,0.0,yfinance_raw_daily
2025-01-10,7525.0,7875.0,7525.0,7725.0,7147.6318359375,9687000,0.0,0.0,yfinance_raw_daily
2025-01-13,7700.0,7775.0,7525.0,7725.0,7147.6318359375,9607900,0.0,0.0,yfinance_raw_daily
2025-01-14,7700.0,7700.0,7500.0,7525.0,6962.57958984375,11063800,0.0,0.0,yfinance_raw_daily
2025-01-15,7525.0,7700.0,7525.0,7700.0,7124.50048828125,8521800,0.0,0.0,yfinance_raw_daily
2025-01-16,7700.0,7800.0,7575.0,7575.0,7008.84326171875,12172900,0.0,0.0,yfinance_raw_daily
2025-01-17,7575.0,7625.0,7450.0,7600.0,7031.974609375,7870400,0.0,0.0,yfinance_raw_daily
2025-01-20,7600.0,7600.0,7375.0,7375.0,6823.791015625,6379800,0.0,0.0,yfinance_raw_daily
2025-01-21,7400.0,7500.0,7375.0,7450.0,6893.185546875,6124100,0.0,0.0,yfinance_raw_daily
2025-01-22,7450.0,7700.0,7450.0,7625.0,7055.10595703125,11271200,0.0,0.0,yfinance_raw_daily
2025-01-23,7675.0,7775.0,7500.0,7500.0,6939.44873046875,10736000,0.0,0.0,yfinance_raw_daily
2025-01-24,7575.0,7775.0,7500.0,7550.0,6985.71142578125,8203900,0.0,0.0,yfinance_raw_daily
2025-01-30,7550.0,7650.0,7500.0,7625.0,7055.10595703125,6145500,0.0,0.0,yfinance_raw_daily
2025-01-31,7625.0,7850.0,7575.0,7850.0,7263.28955078125,11044600,0.0,0.0,yfinance_raw_daily
2025-02-03,7850.0,7850.0,7525.0,7625.0,7055.10595703125,10474800,0.0,0.0,yfinance_raw_daily
2025-02-04,7625.0,7825.0,7600.0,7700.0,7124.50048828125,7501300,0.0,0.0,yfinance_raw_daily
2025-02-05,7575.0,7700.0,7450.0,7525.0,6962.57958984375,9710600,0.0,0.0,yfinance_raw_daily
2025-02-06,7525.0,7550.0,7450.0,7525.0,6962.57958984375,6866800,0.0,0.0,yfinance_raw_daily
2025-02-07,7550.0,7650.0,7400.0,7650.0,7078.2373046875,7629300,0.0,0.0,yfinance_raw_daily
2025-02-10,7675.0,8175.0,7675.0,7775.0,7193.89501953125,14592500,0.0,0.0,yfinance_raw_daily
2025-02-11,7775.0,7800.0,7650.0,7700.0,7124.50048828125,6946200,0.0,0.0,yfinance_raw_daily
2025-02-12,7725.0,7850.0,7725.0,7800.0,7217.0263671875,5349600,0.0,0.0,yfinance_raw_daily
2025-02-13,7800.0,7950.0,7700.0,7800.0,7217.0263671875,8661800,0.0,0.0,yfinance_raw_daily
2025-02-14,7800.0,7900.0,7750.0,7750.0,7170.763671875,3998600,0.0,0.0,yfinance_raw_daily
2025-02-17,7750.0,7925.0,7750.0,7825.0,7240.158203125,4776400,0.0,0.0,yfinance_raw_daily
2025-02-18,7825.0,7875.0,7775.0,7850.0,7263.28955078125,2868600,0.0,0.0,yfinance_raw_daily
2025-02-19,7850.0,8075.0,7825.0,8000.0,7402.07861328125,12307500,0.0,0.0,yfinance_raw_daily
2025-02-20,8000.0,8000.0,7775.0,7975.0,7378.94677734375,7553700,0.0,0.0,yfinance_raw_daily
2025-02-21,7975.0,7975.0,7700.0,7700.0,7124.50048828125,8930700,0.0,0.0,yfinance_raw_daily
2025-02-24,7700.0,7900.0,7700.0,7900.0,7309.55224609375,4720100,0.0,0.0,yfinance_raw_daily
2025-02-25,7900.0,7950.0,7750.0,7825.0,7240.158203125,5652200,0.0,0.0,yfinance_raw_daily
2025-02-26,7750.0,7775.0,7450.0,7725.0,7147.6318359375,11788900,0.0,0.0,yfinance_raw_daily
2025-02-27,7700.0,7700.0,7500.0,7600.0,7031.974609375,7256500,0.0,0.0,yfinance_raw_daily
2025-02-28,7550.0,7625.0,7050.0,7125.0,6592.47607421875,22647000,0.0,0.0,yfinance_raw_daily
2025-03-03,7200.0,7500.0,7100.0,7350.0,6800.65966796875,7086800,0.0,0.0,yfinance_raw_daily
2025-03-04,7350.0,7450.0,7175.0,7325.0,6777.5283203125,6242600,0.0,0.0,yfinance_raw_daily
2025-03-05,7325.0,7475.0,7275.0,7425.0,6870.05419921875,7505800,0.0,0.0,yfinance_raw_daily
2025-03-06,7425.0,7500.0,7300.0,7300.0,6754.396484375,6797700,0.0,0.0,yfinance_raw_daily
2025-03-07,7275.0,7325.0,7225.0,7250.0,6708.1337890625,6418600,0.0,0.0,yfinance_raw_daily
2025-03-10,7225.0,7550.0,7225.0,7550.0,6985.71142578125,9491200,0.0,0.0,yfinance_raw_daily
2025-03-11,7475.0,7475.0,7275.0,7275.0,6731.2646484375,9518800,0.0,0.0,yfinance_raw_daily
2025-03-12,7275.0,7500.0,7275.0,7475.0,6916.31689453125,8069300,0.0,0.0,yfinance_raw_daily
2025-03-13,7475.0,7475.0,7250.0,7300.0,6754.396484375,7096800,0.0,0.0,yfinance_raw_daily
2025-03-14,7300.0,7325.0,7125.0,7175.0,6638.7392578125,8582900,0.0,0.0,yfinance_raw_daily
2025-03-17,7200.0,7325.0,7150.0,7275.0,6731.2646484375,6236900,0.0,0.0,yfinance_raw_daily
2025-03-18,7275.0,7275.0,6900.0,7075.0,6546.21337890625,11584800,0.0,0.0,yfinance_raw_daily
2025-03-19,7075.0,7200.0,7050.0,7200.0,6661.87060546875,6108300,0.0,0.0,yfinance_raw_daily
2025-03-20,7200.0,7200.0,7025.0,7025.0,6499.9501953125,7613900,0.0,0.0,yfinance_raw_daily
2025-03-21,7075.0,7075.0,6725.0,6975.0,6453.68701171875,15614200,0.0,0.0,yfinance_raw_daily
2025-03-24,6950.0,6950.0,6525.0,6800.0,6291.7666015625,6570900,0.0,0.0,yfinance_raw_daily
2025-03-25,6850.0,7000.0,6800.0,6800.0,6291.7666015625,7669000,0.0,0.0,yfinance_raw_daily
2025-03-26,6800.0,7025.0,6775.0,6925.0,6407.42431640625,8108100,0.0,0.0,yfinance_raw_daily
2025-03-27,6925.0,7150.0,6900.0,7100.0,6569.34423828125,9073700,0.0,0.0,yfinance_raw_daily
2025-04-08,6600.0,7200.0,6550.0,7200.0,6661.87060546875,18379600,0.0,0.0,yfinance_raw_daily
2025-04-09,7100.0,7175.0,6675.0,6675.0,6176.10888671875,13927700,0.0,0.0,yfinance_raw_daily
2025-04-10,6925.0,7100.0,6850.0,7075.0,6546.21337890625,6975500,0.0,0.0,yfinance_raw_daily
2025-04-11,6875.0,7050.0,6850.0,6900.0,6384.29296875,5546900,0.0,0.0,yfinance_raw_daily
2025-04-14,7000.0,7200.0,6975.0,7125.0,6592.47607421875,6748100,0.0,0.0,yfinance_raw_daily
2025-04-15,7200.0,7300.0,7125.0,7300.0,6754.396484375,8352000,0.0,0.0,yfinance_raw_daily
2025-04-16,7225.0,7400.0,7125.0,7400.0,6846.92236328125,4270600,0.0,0.0,yfinance_raw_daily
2025-04-17,7325.0,7350.0,7225.0,7300.0,6754.396484375,5807700,0.0,0.0,yfinance_raw_daily
2025-04-21,7275.0,7375.0,7150.0,7350.0,6800.65966796875,1676700,0.0,0.0,yfinance_raw_daily
2025-04-22,7325.0,7350.0,7150.0,7200.0,6661.87060546875,5953600,0.0,0.0,yfinance_raw_daily
2025-04-23,7225.0,7425.0,7225.0,7350.0,6800.65966796875,9914800,0.0,0.0,yfinance_raw_daily
2025-04-24,7300.0,7325.0,7150.0,7250.0,6708.1337890625,6334700,0.0,0.0,yfinance_raw_daily
2025-04-25,7275.0,7475.0,7275.0,7475.0,6916.31689453125,5156600,0.0,0.0,yfinance_raw_daily
2025-04-28,7475.0,7500.0,7350.0,7425.0,6870.05419921875,2930700,0.0,0.0,yfinance_raw_daily
2025-04-29,7425.0,7525.0,7425.0,7500.0,6939.44873046875,4792000,0.0,0.0,yfinance_raw_daily
2025-04-30,7500.0,8000.0,7425.0,8000.0,7402.07861328125,12400500,0.0,0.0,yfinance_raw_daily
2025-05-02,7825.0,7850.0,7675.0,7700.0,7124.50048828125,6382300,0.0,0.0,yfinance_raw_daily
2025-05-05,7725.0,7750.0,7600.0,7600.0,7031.974609375,4796000,0.0,0.0,yfinance_raw_daily
2025-05-06,7675.0,7775.0,7525.0,7525.0,6962.57958984375,5787600,0.0,0.0,yfinance_raw_daily
2025-05-07,7550.0,7950.0,7550.0,7750.0,7170.763671875,12039700,0.0,0.0,yfinance_raw_daily
2025-05-08,7750.0,7850.0,7650.0,7775.0,7193.89501953125,8457100,0.0,0.0,yfinance_raw_daily
2025-05-09,7775.0,8000.0,7700.0,7975.0,7378.94677734375,7224600,0.0,0.0,yfinance_raw_daily
2025-05-14,8000.0,8125.0,7875.0,7875.0,7286.4208984375,8262400,0.0,0.0,yfinance_raw_daily
2025-05-15,7900.0,8150.0,7900.0,8100.0,7494.6044921875,10055700,0.0,0.0,yfinance_raw_daily
2025-05-16,8200.0,8475.0,8125.0,8450.0,7818.4453125,12696200,0.0,0.0,yfinance_raw_daily
2025-05-19,8450.0,8500.0,8225.0,8225.0,7610.26171875,12109700,0.0,0.0,yfinance_raw_daily
2025-05-20,8250.0,8325.0,7875.0,7875.0,7286.4208984375,12129200,0.0,0.0,yfinance_raw_daily
2025-05-21,7875.0,8025.0,7875.0,7975.0,7378.94677734375,10053600,0.0,0.0,yfinance_raw_daily
2025-05-22,7975.0,8150.0,7900.0,7900.0,7309.55224609375,12044100,0.0,0.0,yfinance_raw_daily
2025-05-23,7900.0,7950.0,7850.0,7850.0,7263.28955078125,5849700,0.0,0.0,yfinance_raw_daily
2025-05-26,7850.0,7900.0,7825.0,7850.0,7263.28955078125,5293300,0.0,0.0,yfinance_raw_daily
2025-05-27,7875.0,7900.0,7825.0,7875.0,7286.4208984375,5098100,0.0,0.0,yfinance_raw_daily
2025-05-28,7900.0,7950.0,7775.0,7875.0,7286.4208984375,13336000,0.0,0.0,yfinance_raw_daily
2025-06-02,7925.0,7950.0,7650.0,7675.0,7101.369140625,9732500,0.0,0.0,yfinance_raw_daily
2025-06-03,7675.0,7875.0,7650.0,7825.0,7240.158203125,8012300,0.0,0.0,yfinance_raw_daily
2025-06-04,7950.0,8225.0,7875.0,8225.0,7610.26171875,19738900,0.0,0.0,yfinance_raw_daily
2025-06-05,8200.0,8275.0,8100.0,8150.0,7540.8671875,10392100,0.0,0.0,yfinance_raw_daily
2025-06-10,8150.0,8250.0,8125.0,8200.0,7587.13037109375,7197900,0.0,0.0,yfinance_raw_daily
2025-06-11,8275.0,8500.0,8150.0,8500.0,7864.70849609375,20164400,0.0,0.0,yfinance_raw_daily
2025-06-12,8400.0,8400.0,8225.0,8225.0,7610.26171875,10971300,0.0,0.0,yfinance_raw_daily
2025-06-13,8275.0,8450.0,8225.0,8325.0,7702.78759765625,11957200,0.0,0.0,yfinance_raw_daily
2025-06-16,8275.0,8350.0,8225.0,8225.0,7610.26171875,7501300,0.0,0.0,yfinance_raw_daily
2025-06-17,8300.0,8350.0,8200.0,8200.0,7587.13037109375,7753400,0.0,0.0,yfinance_raw_daily
2025-06-18,8225.0,8325.0,8100.0,8125.0,7517.73583984375,8305600,0.0,0.0,yfinance_raw_daily
2025-06-19,8150.0,8275.0,8025.0,8050.0,7448.34130859375,4749400,0.0,0.0,yfinance_raw_daily
2025-06-20,8050.0,8125.0,8025.0,8050.0,7448.34130859375,13421400,0.0,0.0,yfinance_raw_daily
2025-06-23,8000.0,8000.0,7800.0,7925.0,7332.68408203125,4733500,0.0,0.0,yfinance_raw_daily
2025-06-24,7950.0,8025.0,7900.0,7925.0,7332.68408203125,12219000,0.0,0.0,yfinance_raw_daily
2025-06-25,8025.0,8100.0,7975.0,8050.0,7448.34130859375,7393900,0.0,0.0,yfinance_raw_daily
2025-06-26,8050.0,8100.0,7925.0,8050.0,7448.34130859375,7694800,0.0,0.0,yfinance_raw_daily
2025-06-30,8100.0,8150.0,7950.0,8125.0,7517.73583984375,9281800,0.0,0.0,yfinance_raw_daily
2025-07-01,8050.0,8200.0,8050.0,8200.0,7587.13037109375,8235500,0.0,0.0,yfinance_raw_daily
2025-07-02,7975.0,8050.0,7875.0,7975.0,7639.81884765625,11433200,280.0,0.0,yfinance_raw_daily
2025-07-03,7925.0,8125.0,7875.0,8100.0,7759.5654296875,8038300,0.0,0.0,yfinance_raw_daily
2025-07-04,8125.0,8250.0,8050.0,8100.0,7759.5654296875,7561600,0.0,0.0,yfinance_raw_daily
2025-07-07,8100.0,8100.0,8000.0,8100.0,7759.5654296875,5535000,0.0,0.0,yfinance_raw_daily
2025-07-08,8050.0,8100.0,7975.0,8025.0,7687.7177734375,4585500,0.0,0.0,yfinance_raw_daily
2025-07-09,8025.0,8200.0,8000.0,8175.0,7831.4130859375,7330800,0.0,0.0,yfinance_raw_daily
2025-07-10,8175.0,8200.0,8050.0,8150.0,7807.4638671875,4624300,0.0,0.0,yfinance_raw_daily
2025-07-11,8150.0,8250.0,8100.0,8250.0,7903.26123046875,8348300,0.0,0.0,yfinance_raw_daily
2025-07-14,8250.0,8350.0,8125.0,8350.0,7999.05810546875,10098800,0.0,0.0,yfinance_raw_daily
2025-07-15,8350.0,8350.0,8225.0,8325.0,7975.10888671875,17749200,0.0,0.0,yfinance_raw_daily
2025-07-16,8325.0,8450.0,8275.0,8275.0,7927.21044921875,12711100,0.0,0.0,yfinance_raw_daily
2025-07-17,8350.0,8450.0,8175.0,8225.0,7879.31201171875,7185300,0.0,0.0,yfinance_raw_daily
2025-07-18,8225.0,8275.0,8200.0,8225.0,7879.31201171875,3995500,0.0,0.0,yfinance_raw_daily
2025-07-21,8275.0,8375.0,8225.0,8300.0,7951.15966796875,4406300,0.0,0.0,yfinance_raw_daily
2025-07-22,8300.0,8300.0,8200.0,8225.0,7879.31201171875,3519800,0.0,0.0,yfinance_raw_daily
2025-07-23,8300.0,8350.0,8200.0,8350.0,7999.05810546875,4557000,0.0,0.0,yfinance_raw_daily
2025-07-24,8350.0,8450.0,8350.0,8350.0,7999.05810546875,4995300,0.0,0.0,yfinance_raw_daily
2025-07-25,8350.0,8400.0,8300.0,8400.0,8046.95654296875,3388300,0.0,0.0,yfinance_raw_daily
2025-07-28,8475.0,8475.0,8350.0,8375.0,8023.00732421875,3305800,0.0,0.0,yfinance_raw_daily
2025-07-29,8350.0,8400.0,8275.0,8300.0,7951.15966796875,3728500,0.0,0.0,yfinance_raw_daily
2025-07-30,8325.0,8400.0,8275.0,8375.0,8023.00732421875,6796700,0.0,0.0,yfinance_raw_daily
2025-07-31,8425.0,8825.0,8400.0,8525.0,8166.703125,16887300,0.0,0.0,yfinance_raw_daily
2025-08-01,8675.0,8700.0,8450.0,8475.0,8118.8046875,7232800,0.0,0.0,yfinance_raw_daily
2025-08-04,8475.0,8525.0,8375.0,8375.0,8023.00732421875,3449300,0.0,0.0,yfinance_raw_daily
2025-08-05,8400.0,8425.0,8200.0,8325.0,7975.10888671875,4715600,0.0,0.0,yfinance_raw_daily
2025-08-06,8350.0,8375.0,8125.0,8200.0,7855.3623046875,5560300,0.0,0.0,yfinance_raw_daily
2025-08-07,8200.0,8325.0,8000.0,8200.0,7855.3623046875,8381800,0.0,0.0,yfinance_raw_daily
2025-08-08,8225.0,8275.0,8125.0,8150.0,7807.4638671875,3960800,0.0,0.0,yfinance_raw_daily
2025-08-11,8150.0,8200.0,7975.0,8075.0,7735.6162109375,5238000,0.0,0.0,yfinance_raw_daily
2025-08-12,8075.0,8150.0,8000.0,8050.0,7711.6669921875,3719100,0.0,0.0,yfinance_raw_daily
2025-08-13,8025.0,8125.0,7975.0,8025.0,7687.7177734375,5999800,0.0,0.0,yfinance_raw_daily
2025-08-14,8000.0,8175.0,8000.0,8150.0,7807.4638671875,8223400,0.0,0.0,yfinance_raw_daily
2025-08-15,8150.0,8175.0,8050.0,8050.0,7711.6669921875,10269600,0.0,0.0,yfinance_raw_daily
2025-08-19,8050.0,8050.0,7825.0,7925.0,7591.92041015625,9976000,0.0,0.0,yfinance_raw_daily
2025-08-20,7925.0,8000.0,7900.0,7975.0,7639.81884765625,5064200,0.0,0.0,yfinance_raw_daily
2025-08-21,7950.0,7975.0,7925.0,7925.0,7591.92041015625,3961700,0.0,0.0,yfinance_raw_daily
2025-08-22,7975.0,8000.0,7850.0,7850.0,7520.07275390625,4607300,0.0,0.0,yfinance_raw_daily
2025-08-25,7850.0,7900.0,7700.0,7700.0,7376.376953125,9881300,0.0,0.0,yfinance_raw_daily
2025-08-26,7700.0,7800.0,7625.0,7800.0,7472.17431640625,15558500,0.0,0.0,yfinance_raw_daily
2025-08-27,7725.0,7725.0,7575.0,7600.0,7280.580078125,12730200,0.0,0.0,yfinance_raw_daily
2025-08-28,7600.0,7650.0,7550.0,7600.0,7280.580078125,12993000,0.0,0.0,yfinance_raw_daily
2025-08-29,7550.0,7600.0,7450.0,7450.0,7136.88427734375,10405300,0.0,0.0,yfinance_raw_daily
2025-09-01,7100.0,7450.0,7075.0,7400.0,7088.98583984375,10597600,0.0,0.0,yfinance_raw_daily
2025-09-02,7425.0,7600.0,7425.0,7500.0,7184.78271484375,5774100,0.0,0.0,yfinance_raw_daily
2025-09-03,7525.0,7750.0,7525.0,7700.0,7376.376953125,9930600,0.0,0.0,yfinance_raw_daily
2025-09-04,7700.0,7700.0,7525.0,7525.0,7208.73193359375,4236900,0.0,0.0,yfinance_raw_daily
2025-09-08,7525.0,7575.0,7400.0,7425.0,7112.93505859375,8650500,0.0,0.0,yfinance_raw_daily
2025-09-09,7400.0,7425.0,7350.0,7350.0,7041.0869140625,8540500,0.0,0.0,yfinance_raw_daily
2025-09-10,7375.0,7475.0,7300.0,7425.0,7112.93505859375,9453600,0.0,0.0,yfinance_raw_daily
2025-09-11,7475.0,7525.0,7450.0,7475.0,7160.83349609375,5294000,0.0,0.0,yfinance_raw_daily
2025-09-12,7500.0,7575.0,7450.0,7550.0,7232.68115234375,4229700,0.0,0.0,yfinance_raw_daily
2025-09-15,7600.0,7650.0,7550.0,7650.0,7328.478515625,3733700,0.0,0.0,yfinance_raw_daily
2025-09-16,7700.0,7700.0,7625.0,7650.0,7328.478515625,3203500,0.0,0.0,yfinance_raw_daily
2025-09-17,7650.0,7800.0,7650.0,7775.0,7448.224609375,5049900,0.0,0.0,yfinance_raw_daily
2025-09-18,7775.0,7775.0,7600.0,7650.0,7328.478515625,4903700,0.0,0.0,yfinance_raw_daily
2025-09-19,7700.0,7875.0,7650.0,7825.0,7496.12353515625,9938400,0.0,0.0,yfinance_raw_daily
2025-09-22,7825.0,7850.0,7750.0,7850.0,7520.07275390625,6114900,0.0,0.0,yfinance_raw_daily
2025-09-23,7850.0,7875.0,7750.0,7775.0,7448.224609375,4161400,0.0,0.0,yfinance_raw_daily
2025-09-24,7800.0,7950.0,7750.0,7875.0,7544.02197265625,9415800,0.0,0.0,yfinance_raw_daily
2025-09-25,7900.0,7925.0,7725.0,7750.0,7424.275390625,8761000,0.0,0.0,yfinance_raw_daily
2025-09-26,7800.0,7825.0,7650.0,7650.0,7328.478515625,8003900,0.0,0.0,yfinance_raw_daily
2025-09-29,7700.0,7725.0,7525.0,7575.0,7256.63037109375,6642100,0.0,0.0,yfinance_raw_daily
2025-09-30,7575.0,7625.0,7225.0,7225.0,6921.3408203125,15147300,0.0,0.0,yfinance_raw_daily
2025-10-01,7275.0,7350.0,7075.0,7100.0,6801.59423828125,11257700,0.0,0.0,yfinance_raw_daily
2025-10-02,7125.0,7150.0,7000.0,7025.0,6729.74658203125,9613900,0.0,0.0,yfinance_raw_daily
2025-10-03,7025.0,7175.0,7025.0,7150.0,6849.49267578125,6066500,0.0,0.0,yfinance_raw_daily
2025-10-06,7200.0,7200.0,7025.0,7100.0,6801.59423828125,5279100,0.0,0.0,yfinance_raw_daily
2025-10-07,7125.0,7250.0,7100.0,7225.0,6921.3408203125,7673100,0.0,0.0,yfinance_raw_daily
2025-10-08,7300.0,7300.0,7225.0,7250.0,6945.2900390625,7314000,0.0,0.0,yfinance_raw_daily
2025-10-09,7275.0,7275.0,7050.0,7150.0,6849.49267578125,11257300,0.0,0.0,yfinance_raw_daily
2025-10-10,7150.0,7275.0,7100.0,7200.0,6897.3916015625,10190700,0.0,0.0,yfinance_raw_daily
2025-10-13,7100.0,7250.0,7025.0,7200.0,6897.3916015625,5518800,0.0,0.0,yfinance_raw_daily
2025-10-14,7250.0,7250.0,7050.0,7050.0,6753.69580078125,4104000,0.0,0.0,yfinance_raw_daily
2025-10-15,7050.0,7100.0,6875.0,6900.0,6610.0,8979000,0.0,0.0,yfinance_raw_daily
2025-10-16,6900.0,7225.0,6850.0,7075.0,6777.64501953125,13547200,0.0,0.0,yfinance_raw_daily
2025-10-17,7150.0,7200.0,7075.0,7125.0,6825.54345703125,6505800,0.0,0.0,yfinance_raw_daily
2025-10-20,7125.0,7300.0,7125.0,7250.0,6945.2900390625,10833500,0.0,0.0,yfinance_raw_daily
2025-10-21,7325.0,7325.0,7175.0,7275.0,6969.2392578125,4968000,0.0,0.0,yfinance_raw_daily
2025-10-22,7225.0,7375.0,7175.0,7175.0,6873.4423828125,8148100,0.0,0.0,yfinance_raw_daily
2025-10-23,7100.0,7425.0,7100.0,7375.0,7065.03662109375,6107200,0.0,0.0,yfinance_raw_daily
2025-10-24,7400.0,7425.0,7300.0,7300.0,6993.1884765625,7664600,0.0,0.0,yfinance_raw_daily
2025-10-27,7300.0,7450.0,7300.0,7450.0,7136.88427734375,12897100,0.0,0.0,yfinance_raw_daily
2025-10-28,7500.0,7575.0,7425.0,7500.0,7184.78271484375,8341000,0.0,0.0,yfinance_raw_daily
2025-10-29,7450.0,7450.0,7325.0,7425.0,7112.93505859375,5612700,0.0,0.0,yfinance_raw_daily
2025-10-30,7400.0,7500.0,7375.0,7400.0,7088.98583984375,10517900,0.0,0.0,yfinance_raw_daily
2025-10-31,7400.0,7450.0,7275.0,7400.0,7088.98583984375,11495400,0.0,0.0,yfinance_raw_daily
2025-11-03,7400.0,7425.0,7200.0,7200.0,6897.3916015625,7609300,0.0,0.0,yfinance_raw_daily
2025-11-04,7200.0,7250.0,7050.0,7075.0,6777.64501953125,18602600,0.0,0.0,yfinance_raw_daily
2025-11-05,7075.0,7150.0,7025.0,7125.0,6825.54345703125,10041400,0.0,0.0,yfinance_raw_daily
2025-11-06,7125.0,7125.0,7025.0,7025.0,6729.74658203125,8261500,0.0,0.0,yfinance_raw_daily
2025-11-07,7075.0,7150.0,7050.0,7125.0,6825.54345703125,4622900,0.0,0.0,yfinance_raw_daily
2025-11-10,7150.0,7175.0,7100.0,7100.0,6801.59423828125,5129400,0.0,0.0,yfinance_raw_daily
2025-11-11,7150.0,7150.0,7025.0,7050.0,6753.69580078125,4661800,0.0,0.0,yfinance_raw_daily
2025-11-12,7050.0,7175.0,7050.0,7175.0,6873.4423828125,5851900,0.0,0.0,yfinance_raw_daily
2025-11-13,7150.0,7250.0,7100.0,7150.0,6849.49267578125,8371600,0.0,0.0,yfinance_raw_daily
2025-11-14,7150.0,7175.0,7100.0,7100.0,6801.59423828125,5161800,0.0,0.0,yfinance_raw_daily
2025-11-17,7100.0,7150.0,7075.0,7100.0,6801.59423828125,4245000,0.0,0.0,yfinance_raw_daily
2025-11-18,7100.0,7125.0,7000.0,7000.0,6705.79736328125,7331100,0.0,0.0,yfinance_raw_daily
2025-11-19,7025.0,7050.0,7000.0,7025.0,6729.74658203125,5448800,0.0,0.0,yfinance_raw_daily
2025-11-20,7025.0,7175.0,7025.0,7075.0,6777.64501953125,8110900,0.0,0.0,yfinance_raw_daily
2025-11-21,7050.0,7125.0,7025.0,7125.0,6825.54345703125,7423400,0.0,0.0,yfinance_raw_daily
2025-11-24,7150.0,7450.0,7100.0,7450.0,7136.88427734375,18591600,0.0,0.0,yfinance_raw_daily
2025-11-25,7325.0,7350.0,7175.0,7250.0,6945.2900390625,7894800,0.0,0.0,yfinance_raw_daily
2025-11-26,7250.0,7425.0,7225.0,7425.0,7112.93505859375,7662600,0.0,0.0,yfinance_raw_daily
2025-11-27,7425.0,7425.0,7275.0,7375.0,7065.03662109375,4580000,0.0,0.0,yfinance_raw_daily
2025-11-28,7350.0,7400.0,7300.0,7350.0,7041.0869140625,4591700,0.0,0.0,yfinance_raw_daily
2025-12-01,7225.0,7425.0,7225.0,7350.0,7041.0869140625,4108900,0.0,0.0,yfinance_raw_daily
2025-12-02,7375.0,7450.0,7200.0,7200.0,6897.3916015625,7221100,0.0,0.0,yfinance_raw_daily
2025-12-03,7200.0,7275.0,7050.0,7050.0,6753.69580078125,9217900,0.0,0.0,yfinance_raw_daily
2025-12-04,7050.0,7100.0,7025.0,7025.0,6729.74658203125,4479400,0.0,0.0,yfinance_raw_daily
2025-12-05,7050.0,7125.0,7000.0,7100.0,6801.59423828125,8852600,0.0,0.0,yfinance_raw_daily
2025-12-08,7150.0,7150.0,6975.0,6975.0,6681.84814453125,8844700,0.0,0.0,yfinance_raw_daily
2025-12-09,6975.0,7000.0,6850.0,6850.0,6562.1015625,12610800,0.0,0.0,yfinance_raw_daily
2025-12-10,6900.0,6950.0,6900.0,6900.0,6610.0,3688400,0.0,0.0,yfinance_raw_daily
2025-12-11,6900.0,6950.0,6550.0,6575.0,6298.65966796875,35995900,0.0,0.0,yfinance_raw_daily
2025-12-12,6650.0,6775.0,6625.0,6775.0,6490.25390625,6481400,0.0,0.0,yfinance_raw_daily
2025-12-15,6825.0,6850.0,6700.0,6775.0,6490.25390625,6213700,0.0,0.0,yfinance_raw_daily
2025-12-16,6800.0,6825.0,6750.0,6775.0,6490.25390625,5528400,0.0,0.0,yfinance_raw_daily
2025-12-17,6800.0,6875.0,6775.0,6775.0,6490.25390625,6792100,0.0,0.0,yfinance_raw_daily
2025-12-18,6900.0,6900.0,6775.0,6875.0,6586.05078125,9005600,0.0,0.0,yfinance_raw_daily
2025-12-19,6875.0,6925.0,6750.0,6750.0,6466.3046875,12787800,0.0,0.0,yfinance_raw_daily
2025-12-22,6775.0,6850.0,6775.0,6850.0,6562.1015625,3858800,0.0,0.0,yfinance_raw_daily
2025-12-23,6800.0,6825.0,6750.0,6800.0,6514.203125,2079500,0.0,0.0,yfinance_raw_daily
2025-12-24,6775.0,6850.0,6775.0,6800.0,6514.203125,1566700,0.0,0.0,yfinance_raw_daily
2025-12-29,6800.0,6875.0,6750.0,6775.0,6490.25390625,3540900,0.0,0.0,yfinance_raw_daily
2025-12-30,6800.0,6875.0,6775.0,6775.0,6490.25390625,4210100,0.0,0.0,yfinance_raw_daily
2026-01-02,6775.0,6800.0,6650.0,6675.0,6394.45654296875,7568100,0.0,0.0,yfinance_raw_daily
2026-01-05,6675.0,6850.0,6625.0,6850.0,6562.1015625,9359300,0.0,0.0,yfinance_raw_daily
2026-01-06,6850.0,7000.0,6825.0,7000.0,6705.79736328125,12215300,0.0,0.0,yfinance_raw_daily
2026-01-07,7000.0,7000.0,6700.0,6725.0,6442.35498046875,16067800,0.0,0.0,yfinance_raw_daily
2026-01-08,6750.0,6775.0,6625.0,6625.0,6346.55810546875,25370300,0.0,0.0,yfinance_raw_daily
2026-01-09,6625.0,6700.0,6575.0,6600.0,6322.60888671875,13134000,0.0,0.0,yfinance_raw_daily
2026-01-12,6600.0,6675.0,6575.0,6600.0,6322.60888671875,11215000,0.0,0.0,yfinance_raw_daily
2026-01-13,6600.0,6700.0,6600.0,6700.0,6418.40576171875,7063700,0.0,0.0,yfinance_raw_daily
2026-01-14,6700.0,6750.0,6650.0,6725.0,6442.35498046875,9495000,0.0,0.0,yfinance_raw_daily
2026-01-15,6700.0,6800.0,6700.0,6750.0,6466.3046875,6184100,0.0,0.0,yfinance_raw_daily
2026-01-19,6750.0,6825.0,6725.0,6825.0,6538.15234375,10624000,0.0,0.0,yfinance_raw_daily
2026-01-20,6775.0,6825.0,6700.0,6700.0,6418.40576171875,12443600,0.0,0.0,yfinance_raw_daily
2026-01-21,6700.0,6750.0,6600.0,6700.0,6418.40576171875,11404500,0.0,0.0,yfinance_raw_daily
2026-01-22,6700.0,6800.0,6700.0,6750.0,6466.3046875,8856900,0.0,0.0,yfinance_raw_daily
2026-01-23,6800.0,6825.0,6725.0,6825.0,6538.15234375,7862000,0.0,0.0,yfinance_raw_daily
2026-01-26,6825.0,6825.0,6750.0,6800.0,6514.203125,9878400,0.0,0.0,yfinance_raw_daily
2026-01-27,6800.0,6800.0,6700.0,6700.0,6418.40576171875,17356900,0.0,0.0,yfinance_raw_daily
2026-01-28,6750.0,6850.0,6625.0,6850.0,6562.1015625,29694200,0.0,0.0,yfinance_raw_daily
2026-01-29,6800.0,6850.0,6200.0,6775.0,6490.25390625,38464300,0.0,0.0,yfinance_raw_daily
2026-01-30,6775.0,6850.0,6750.0,6800.0,6514.203125,15374100,0.0,0.0,yfinance_raw_daily
2026-02-02,6825.0,7025.0,6725.0,7025.0,6729.74658203125,17102800,0.0,0.0,yfinance_raw_daily
2026-02-03,7025.0,7275.0,6950.0,7200.0,6897.3916015625,18698500,0.0,0.0,yfinance_raw_daily
2026-02-04,7175.0,7200.0,7000.0,7050.0,6753.69580078125,13541400,0.0,0.0,yfinance_raw_daily
2026-02-05,7050.0,7150.0,7000.0,7000.0,6705.79736328125,10782800,0.0,0.0,yfinance_raw_daily
2026-02-06,6975.0,7000.0,6850.0,6850.0,6562.1015625,10579300,0.0,0.0,yfinance_raw_daily
2026-02-09,6900.0,6900.0,6800.0,6825.0,6538.15234375,8702900,0.0,0.0,yfinance_raw_daily
2026-02-10,6875.0,7000.0,6825.0,6900.0,6610.0,8380100,0.0,0.0,yfinance_raw_daily
2026-02-11,6700.0,6800.0,6700.0,6700.0,6418.40576171875,44043400,0.0,0.0,yfinance_raw_daily
2026-02-12,6725.0,6800.0,6700.0,6775.0,6490.25390625,13363300,0.0,0.0,yfinance_raw_daily
2026-02-13,6750.0,6775.0,6675.0,6675.0,6394.45654296875,13926900,0.0,0.0,yfinance_raw_daily
2026-02-18,6700.0,6775.0,6675.0,6750.0,6466.3046875,7616100,0.0,0.0,yfinance_raw_daily
2026-02-19,6750.0,6825.0,6725.0,6725.0,6442.35498046875,11967400,0.0,0.0,yfinance_raw_daily
2026-02-20,6700.0,6750.0,6650.0,6650.0,6370.50732421875,14729900,0.0,0.0,yfinance_raw_daily
2026-02-23,6650.0,6700.0,6650.0,6650.0,6370.50732421875,18992200,0.0,0.0,yfinance_raw_daily
2026-02-24,6675.0,6700.0,6600.0,6600.0,6322.60888671875,26059800,0.0,0.0,yfinance_raw_daily
2026-02-25,6550.0,6675.0,6550.0,6575.0,6298.65966796875,25622600,0.0,0.0,yfinance_raw_daily
2026-02-26,6600.0,6725.0,6575.0,6725.0,6442.35498046875,24736800,0.0,0.0,yfinance_raw_daily
2026-02-27,6600.0,6700.0,6450.0,6450.0,6178.9130859375,290204300,0.0,0.0,yfinance_raw_daily
2026-03-02,6400.0,6525.0,6350.0,6400.0,6131.0146484375,44951600,0.0,0.0,yfinance_raw_daily
2026-03-03,6450.0,6500.0,6375.0,6400.0,6131.0146484375,18791500,0.0,0.0,yfinance_raw_daily
2026-03-04,6400.0,6425.0,6125.0,6125.0,5867.57275390625,43486700,0.0,0.0,yfinance_raw_daily
2026-03-05,6200.0,6300.0,6125.0,6225.0,5963.36962890625,17643600,0.0,0.0,yfinance_raw_daily
2026-03-06,6300.0,6350.0,6200.0,6275.0,6011.26806640625,25222700,0.0,0.0,yfinance_raw_daily
2026-03-09,6125.0,6150.0,6025.0,6050.0,5795.724609375,18757800,0.0,0.0,yfinance_raw_daily
2026-03-10,6200.0,6200.0,5975.0,6000.0,5747.826171875,24380900,0.0,0.0,yfinance_raw_daily
2026-03-11,6050.0,6100.0,6000.0,6025.0,5771.775390625,10903300,0.0,0.0,yfinance_raw_daily
2026-03-12,6050.0,6050.0,5925.0,6050.0,5795.724609375,21623200,0.0,0.0,yfinance_raw_daily
2026-03-13,6050.0,6075.0,5900.0,5900.0,5652.029296875,12186300,0.0,0.0,yfinance_raw_daily
2026-03-16,5975.0,6050.0,5900.0,5975.0,5723.876953125,15644300,0.0,0.0,yfinance_raw_daily
2026-03-17,6000.0,6025.0,5950.0,5975.0,5723.876953125,11855500,0.0,0.0,yfinance_raw_daily
2026-03-25,6050.0,6075.0,5900.0,6025.0,5771.775390625,36909800,0.0,0.0,yfinance_raw_daily
2026-03-26,6050.0,6150.0,6025.0,6075.0,5819.673828125,11366700,0.0,0.0,yfinance_raw_daily
2026-03-27,6075.0,6100.0,5975.0,5975.0,5723.876953125,9763500,0.0,0.0,yfinance_raw_daily
2026-03-30,5925.0,6000.0,5900.0,5950.0,5699.927734375,10150600,0.0,0.0,yfinance_raw_daily
2026-03-31,6075.0,6400.0,6075.0,6350.0,6083.1162109375,34136900,0.0,0.0,yfinance_raw_daily
2026-04-01,6375.0,6575.0,6275.0,6575.0,6298.65966796875,20919900,0.0,0.0,yfinance_raw_daily
2026-04-02,6575.0,6625.0,6525.0,6625.0,6346.55810546875,17333500,0.0,0.0,yfinance_raw_daily
2026-04-06,6600.0,6650.0,6500.0,6575.0,6298.65966796875,11555400,0.0,0.0,yfinance_raw_daily
2026-04-07,6600.0,6650.0,6525.0,6575.0,6298.65966796875,11285700,0.0,0.0,yfinance_raw_daily
2026-04-08,6625.0,6700.0,6600.0,6650.0,6370.50732421875,12894700,0.0,0.0,yfinance_raw_daily
2026-04-09,6650.0,6675.0,6575.0,6600.0,6322.60888671875,17733300,0.0,0.0,yfinance_raw_daily
2026-04-10,6625.0,6700.0,6600.0,6700.0,6418.40576171875,11637300,0.0,0.0,yfinance_raw_daily
2026-04-13,6700.0,6750.0,6625.0,6750.0,6466.3046875,11177700,0.0,0.0,yfinance_raw_daily
2026-04-14,6750.0,6850.0,6725.0,6825.0,6538.15234375,11118600,0.0,0.0,yfinance_raw_daily
2026-04-15,6850.0,6900.0,6800.0,6825.0,6538.15234375,12647200,0.0,0.0,yfinance_raw_daily
2026-04-16,6900.0,7000.0,6875.0,6975.0,6681.84814453125,13791900,0.0,0.0,yfinance_raw_daily
2026-04-17,6975.0,7000.0,6925.0,6975.0,6681.84814453125,8501300,0.0,0.0,yfinance_raw_daily
2026-04-20,6975.0,6975.0,6900.0,6925.0,6633.94921875,7789700,0.0,0.0,yfinance_raw_daily
2026-04-21,6925.0,7000.0,6875.0,7000.0,6705.79736328125,8007700,0.0,0.0,yfinance_raw_daily
2026-04-22,7000.0,7025.0,6950.0,7025.0,6729.74658203125,8697100,0.0,0.0,yfinance_raw_daily
2026-04-23,7025.0,7050.0,6950.0,6975.0,6681.84814453125,9401600,0.0,0.0,yfinance_raw_daily
2026-04-24,7000.0,7000.0,6825.0,6900.0,6610.0,9547700,0.0,0.0,yfinance_raw_daily
2026-04-27,6900.0,6925.0,6825.0,6900.0,6610.0,4716400,0.0,0.0,yfinance_raw_daily
2026-04-28,6900.0,6925.0,6750.0,6825.0,6538.15234375,12570200,0.0,0.0,yfinance_raw_daily
2026-04-29,6850.0,6975.0,6825.0,6850.0,6562.1015625,5758000,0.0,0.0,yfinance_raw_daily
2026-04-30,6900.0,6975.0,6750.0,6750.0,6466.3046875,12872200,0.0,0.0,yfinance_raw_daily
2026-05-04,6825.0,7025.0,6825.0,6950.0,6657.89892578125,11508000,0.0,0.0,yfinance_raw_daily
2026-05-05,7000.0,7000.0,6950.0,6950.0,6657.89892578125,6591100,0.0,0.0,yfinance_raw_daily
2026-05-06,6950.0,7050.0,6925.0,7050.0,6753.69580078125,8219400,0.0,0.0,yfinance_raw_daily
2026-05-07,7050.0,7175.0,7000.0,7125.0,6825.54345703125,11398100,0.0,0.0,yfinance_raw_daily
2026-05-08,7125.0,7150.0,6875.0,6975.0,6681.84814453125,6743500,0.0,0.0,yfinance_raw_daily
2026-05-11,6950.0,7000.0,6800.0,6925.0,6633.94921875,8963200,0.0,0.0,yfinance_raw_daily
2026-05-12,6950.0,6975.0,6900.0,6975.0,6681.84814453125,5254700,0.0,0.0,yfinance_raw_daily
2026-05-13,6975.0,6975.0,6775.0,6825.0,6538.15234375,7820400,0.0,0.0,yfinance_raw_daily
2026-05-14,6825.0,6825.0,6825.0,6825.0,6538.15234375,0,0.0,0.0,yfinance_raw_daily
2026-05-15,6825.0,6825.0,6825.0,6825.0,6538.15234375,0,0.0,0.0,yfinance_raw_daily
2026-05-18,6800.0,6825.0,6675.0,6725.0,6442.35498046875,9733400,0.0,0.0,yfinance_raw_daily
2026-05-19,6750.0,6750.0,6600.0,6650.0,6370.50732421875,6597300,0.0,0.0,yfinance_raw_daily
2026-05-20,6650.0,6750.0,6525.0,6600.0,6322.60888671875,11119500,0.0,0.0,yfinance_raw_daily
2026-05-21,6600.0,6825.0,6600.0,6750.0,6466.3046875,11456400,0.0,0.0,yfinance_raw_daily
2026-05-22,6750.0,6750.0,6575.0,6725.0,6442.35498046875,2979100,0.0,0.0,yfinance_raw_daily
2026-05-25,6700.0,6975.0,6700.0,6950.0,6657.89892578125,8238700,0.0,0.0,yfinance_raw_daily
2026-05-26,6950.0,6950.0,6775.0,6825.0,6538.15234375,13244900,0.0,0.0,yfinance_raw_daily
2026-05-27,6825.0,6825.0,6825.0,6825.0,6538.15234375,0,0.0,0.0,yfinance_raw_daily
2026-05-28,6825.0,6825.0,6825.0,6825.0,6538.15234375,0,0.0,0.0,yfinance_raw_daily
2026-05-29,6825.0,7050.0,6750.0,6925.0,6633.94921875,37316900,0.0,0.0,yfinance_raw_daily
2026-06-02,6925.0,6925.0,6575.0,6575.0,6298.65966796875,9446300,0.0,0.0,yfinance_raw_daily
2026-06-03,6600.0,6625.0,6250.0,6250.0,5987.31884765625,11477700,0.0,0.0,yfinance_raw_daily
2026-06-04,6250.0,6350.0,6025.0,6250.0,5987.31884765625,13518400,0.0,0.0,yfinance_raw_daily
2026-06-05,6225.0,6250.0,6050.0,6050.0,5795.724609375,11566100,0.0,0.0,yfinance_raw_daily
2026-06-08,6050.0,6050.0,5850.0,5925.0,5675.978515625,16754300,0.0,0.0,yfinance_raw_daily
2026-06-09,5900.0,6275.0,5900.0,6200.0,5939.42041015625,10906900,0.0,0.0,yfinance_raw_daily
2026-06-10,6175.0,6350.0,6100.0,6250.0,5987.31884765625,12536900,0.0,0.0,yfinance_raw_daily
2026-06-11,6275.0,6325.0,6200.0,6225.0,5963.36962890625,8452500,0.0,0.0,yfinance_raw_daily
2026-06-12,6275.0,6675.0,6275.0,6425.0,6154.9638671875,11991600,0.0,0.0,yfinance_raw_daily
2026-06-15,6500.0,6700.0,6500.0,6650.0,6370.50732421875,7175600,0.0,0.0,yfinance_raw_daily
2026-06-17,6675.0,6850.0,6675.0,6750.0,6466.3046875,6440200,0.0,0.0,yfinance_raw_daily
2026-06-18,6800.0,6825.0,6675.0,6800.0,6514.203125,3259000,0.0,0.0,yfinance_raw_daily
2026-06-19,6800.0,6825.0,6725.0,6725.0,6442.35498046875,42676900,0.0,0.0,yfinance_raw_daily
2026-06-22,6825.0,6825.0,6725.0,6725.0,6442.35498046875,6044100,0.0,0.0,yfinance_raw_daily
2026-06-23,6725.0,6800.0,6725.0,6750.0,6466.3046875,8861900,0.0,0.0,yfinance_raw_daily
2026-06-24,6750.0,6800.0,6725.0,6750.0,6466.3046875,5758100,0.0,0.0,yfinance_raw_daily
2026-06-25,6750.0,6800.0,6725.0,6725.0,6442.35498046875,9285900,0.0,0.0,yfinance_raw_daily
2026-06-26,6725.0,6800.0,6725.0,6725.0,6442.35498046875,9093200,0.0,0.0,yfinance_raw_daily
2026-06-29,6825.0,6825.0,6600.0,6600.0,6322.60888671875,3207500,0.0,0.0,yfinance_raw_daily
2026-06-30,6600.0,6700.0,6600.0,6675.0,6394.45654296875,4441900,0.0,0.0,yfinance_raw_daily
2026-07-01,6675.0,6675.0,6600.0,6600.0,6322.60888671875,4788900,0.0,0.0,yfinance_raw_daily
2026-07-02,6625.0,6850.0,6625.0,6775.0,6490.25390625,6095500,0.0,0.0,yfinance_raw_daily
2026-07-03,6825.0,6950.0,6825.0,6925.0,6633.94921875,5134800,0.0,0.0,yfinance_raw_daily
2026-07-06,6925.0,6975.0,6850.0,6900.0,6610.0,5732800,0.0,0.0,yfinance_raw_daily
2026-07-07,6625.0,6725.0,6575.0,6675.0,6675.0,5930500,290.0,0.0,yfinance_raw_daily
2026-07-08,6675.0,6700.0,6575.0,6575.0,6575.0,5253100,0.0,0.0,yfinance_raw_daily
2026-07-09,6575.0,6675.0,6575.0,6625.0,6625.0,3590100,0.0,0.0,yfinance_raw_daily
2026-07-10,6650.0,6850.0,6650.0,6775.0,6775.0,5934100,0.0,0.0,yfinance_raw_daily
2026-07-13,6775.0,6825.0,6700.0,6750.0,6750.0,6692300,0.0,0.0,yfinance_raw_daily
2026-07-14,6750.0,6800.0,6725.0,6775.0,6775.0,3274800,0.0,0.0,yfinance_raw_daily
2026-07-15,6750.0,6775.0,6725.0,6750.0,6750.0,6437400,0.0,0.0,yfinance_raw_daily
2026-07-16,6775.0,6775.0,6675.0,6750.0,6750.0,4840400,0.0,0.0,yfinance_raw_daily
2026-07-17,6750.0,6750.0,6675.0,6700.0,6700.0,4332200,0.0,0.0,yfinance_raw_daily
2026-07-20,6725.0,6875.0,6725.0,6800.0,6800.0,9576600,0.0,0.0,yfinance_raw_daily
2026-07-21,6875.0,6900.0,6800.0,6850.0,6850.0,1886600,0.0,0.0,yfinance_raw_daily
