date,open,high,low,close,adj_close,volume,dividends,splits,source
2004-09-28,835.0,835.0,825.0,825.0,315.5979919433594,90095000,0.0,0.0,yfinance_raw_daily
2004-09-29,825.0,825.0,810.0,825.0,315.5979919433594,29370000,0.0,0.0,yfinance_raw_daily
2004-09-30,825.0,830.0,825.0,830.0,317.5107116699219,42927500,0.0,0.0,yfinance_raw_daily
2004-10-01,830.0,845.0,825.0,840.0,321.3361511230469,108387500,0.0,0.0,yfinance_raw_daily
2004-10-04,845.0,880.0,845.0,870.0,332.8125,424210000,0.0,0.0,yfinance_raw_daily
2004-10-05,870.0,880.0,870.0,880.0,336.63787841796875,124827500,0.0,0.0,yfinance_raw_daily
2004-10-06,880.0,880.0,855.0,860.0,328.98699951171875,121337500,0.0,0.0,yfinance_raw_daily
2004-10-07,860.0,860.0,850.0,855.0,327.07427978515625,122927500,0.0,0.0,yfinance_raw_daily
2004-10-08,850.0,860.0,845.0,855.0,327.07427978515625,106670000,0.0,0.0,yfinance_raw_daily
2004-10-11,855.0,870.0,855.0,870.0,332.8125,93287500,0.0,0.0,yfinance_raw_daily
2004-10-12,870.0,870.0,845.0,855.0,327.07427978515625,137947500,0.0,0.0,yfinance_raw_daily
2004-10-13,855.0,870.0,850.0,870.0,332.8125,159010000,0.0,0.0,yfinance_raw_daily
2004-10-14,865.0,870.0,855.0,860.0,328.98699951171875,96632500,0.0,0.0,yfinance_raw_daily
2004-10-15,860.0,860.0,850.0,860.0,328.98699951171875,50477500,0.0,0.0,yfinance_raw_daily
2004-10-18,860.0,860.0,855.0,855.0,327.07427978515625,49295000,0.0,0.0,yfinance_raw_daily
2004-10-19,860.0,880.0,860.0,880.0,336.63787841796875,115110000,0.0,0.0,yfinance_raw_daily
2004-10-20,880.0,880.0,855.0,865.0,330.8997497558594,116622500,0.0,0.0,yfinance_raw_daily
2004-10-21,860.0,860.0,840.0,850.0,325.1615905761719,149800000,0.0,0.0,yfinance_raw_daily
2004-10-22,855.0,875.0,850.0,870.0,332.8125,114285000,0.0,0.0,yfinance_raw_daily
2004-10-25,870.0,870.0,855.0,860.0,328.98699951171875,100930000,0.0,0.0,yfinance_raw_daily
2004-10-26,860.0,860.0,830.0,835.0,319.42333984375,203522500,0.0,0.0,yfinance_raw_daily
2004-10-27,840.0,845.0,835.0,840.0,321.3361511230469,83790000,0.0,0.0,yfinance_raw_daily
2004-10-28,850.0,865.0,845.0,860.0,328.98699951171875,145990000,0.0,0.0,yfinance_raw_daily
2004-10-29,860.0,875.0,860.0,870.0,332.8125,122360000,0.0,0.0,yfinance_raw_daily
2004-11-01,870.0,875.0,865.0,870.0,332.8125,31657500,0.0,0.0,yfinance_raw_daily
2004-11-02,875.0,925.0,875.0,915.0,350.0268859863281,305235000,0.0,0.0,yfinance_raw_daily
2004-11-03,925.0,955.0,915.0,945.0,361.503173828125,150347500,0.0,0.0,yfinance_raw_daily
2004-11-04,950.0,955.0,920.0,920.0,351.9395446777344,114440000,0.0,0.0,yfinance_raw_daily
2004-11-05,925.0,940.0,915.0,930.0,355.7650146484375,122157500,0.0,0.0,yfinance_raw_daily
2004-11-08,930.0,930.0,910.0,925.0,353.852294921875,90492500,0.0,0.0,yfinance_raw_daily
2004-11-09,930.0,935.0,930.0,935.0,357.677734375,118007500,0.0,0.0,yfinance_raw_daily
2004-11-10,935.0,955.0,935.0,950.0,363.4158935546875,166045000,0.0,0.0,yfinance_raw_daily
2004-11-11,950.0,950.0,935.0,940.0,359.5904846191406,54052500,0.0,0.0,yfinance_raw_daily
2004-11-12,945.0,950.0,940.0,945.0,361.503173828125,85222500,0.0,0.0,yfinance_raw_daily
2004-11-15,945.0,945.0,945.0,945.0,361.503173828125,0,0.0,0.0,yfinance_raw_daily
2004-11-16,945.0,945.0,945.0,945.0,361.503173828125,0,0.0,0.0,yfinance_raw_daily
2004-11-17,945.0,945.0,945.0,945.0,361.503173828125,0,0.0,0.0,yfinance_raw_daily
2004-11-18,945.0,945.0,945.0,945.0,361.503173828125,0,0.0,0.0,yfinance_raw_daily
2004-11-19,945.0,945.0,945.0,945.0,361.503173828125,0,0.0,0.0,yfinance_raw_daily
2004-11-22,955.0,1000.0,955.0,990.0,378.7176208496094,220507500,0.0,0.0,yfinance_raw_daily
2004-11-23,990.0,1010.0,990.0,1000.0,382.5429992675781,94610000,0.0,0.0,yfinance_raw_daily
2004-11-24,1010.0,1030.0,1000.0,1020.0,390.1939697265625,59635000,0.0,0.0,yfinance_raw_daily
2004-11-25,1010.0,1010.0,980.0,990.0,378.7176208496094,74615000,0.0,0.0,yfinance_raw_daily
2004-11-26,995.0,1005.0,995.0,1000.0,382.5429992675781,52520000,0.0,0.0,yfinance_raw_daily
2004-11-29,1010.0,1010.0,990.0,990.0,378.7176208496094,44055000,0.0,0.0,yfinance_raw_daily
2004-11-30,990.0,1005.0,990.0,1000.0,382.5429992675781,94097500,0.0,0.0,yfinance_raw_daily
2004-12-01,1000.0,1020.0,1000.0,1020.0,390.1939697265625,51862500,0.0,0.0,yfinance_raw_daily
2004-12-02,1030.0,1060.0,1030.0,1040.0,397.8447570800781,126572500,0.0,0.0,yfinance_raw_daily
2004-12-03,1050.0,1050.0,990.0,1000.0,382.5429992675781,145035000,0.0,0.0,yfinance_raw_daily
2004-12-06,1000.0,1010.0,990.0,1000.0,382.5429992675781,80417500,0.0,0.0,yfinance_raw_daily
2004-12-07,1000.0,1020.0,1000.0,1020.0,390.1939697265625,93810000,0.0,0.0,yfinance_raw_daily
2004-12-08,1020.0,1040.0,1000.0,1010.0,386.3684997558594,139875000,0.0,0.0,yfinance_raw_daily
2004-12-09,1010.0,1010.0,980.0,980.0,374.8922424316406,123322500,0.0,0.0,yfinance_raw_daily
2004-12-10,940.0,950.0,925.0,940.0,359.5904846191406,397757500,0.0,0.0,yfinance_raw_daily
2004-12-13,940.0,950.0,930.0,940.0,359.5904846191406,148000000,0.0,0.0,yfinance_raw_daily
2004-12-14,940.0,940.0,905.0,920.0,351.9395446777344,138687500,0.0,0.0,yfinance_raw_daily
2004-12-15,920.0,955.0,910.0,950.0,363.4158935546875,331627500,0.0,0.0,yfinance_raw_daily
2004-12-16,950.0,980.0,950.0,975.0,372.97955322265625,287085000,0.0,0.0,yfinance_raw_daily
2004-12-17,980.0,995.0,980.0,990.0,378.7176208496094,115332500,0.0,0.0,yfinance_raw_daily
2004-12-20,990.0,995.0,975.0,985.0,376.8047790527344,57910000,0.0,0.0,yfinance_raw_daily
2004-12-21,985.0,985.0,965.0,980.0,374.8922424316406,89402500,0.0,0.0,yfinance_raw_daily
2004-12-22,980.0,985.0,965.0,975.0,372.97955322265625,66505000,0.0,0.0,yfinance_raw_daily
2004-12-23,975.0,975.0,965.0,965.0,369.154052734375,77420000,0.0,0.0,yfinance_raw_daily
2004-12-24,965.0,965.0,965.0,965.0,369.154052734375,0,0.0,0.0,yfinance_raw_daily
2004-12-27,965.0,980.0,955.0,975.0,373.53009033203125,51010000,1.4224,0.0,yfinance_raw_daily
2004-12-28,980.0,985.0,970.0,970.0,371.6144714355469,46560000,0.0,0.0,yfinance_raw_daily
2004-12-29,975.0,985.0,970.0,980.0,375.4456787109375,72965000,0.0,0.0,yfinance_raw_daily
2004-12-30,975.0,985.0,965.0,965.0,369.6990051269531,39220000,0.0,0.0,yfinance_raw_daily
2004-12-31,965.0,965.0,965.0,965.0,369.6990051269531,0,0.0,0.0,yfinance_raw_daily
2005-01-03,975.0,985.0,965.0,985.0,377.3610534667969,52375000,0.0,0.0,yfinance_raw_daily
2005-01-04,985.0,995.0,980.0,990.0,379.2767028808594,136242500,0.0,0.0,yfinance_raw_daily
2005-01-05,985.0,985.0,975.0,975.0,373.53009033203125,115040000,0.0,0.0,yfinance_raw_daily
2005-01-06,975.0,1000.0,975.0,995.0,381.192138671875,188632500,0.0,0.0,yfinance_raw_daily
2005-01-07,1000.0,1025.0,1000.0,1025.0,392.68548583984375,218142500,0.0,0.0,yfinance_raw_daily
2005-01-10,1020.0,1020.0,980.0,990.0,379.2767028808594,93677500,0.0,0.0,yfinance_raw_daily
2005-01-11,990.0,990.0,965.0,970.0,371.6144714355469,170265000,0.0,0.0,yfinance_raw_daily
2005-01-12,970.0,975.0,965.0,965.0,369.6990051269531,81775000,0.0,0.0,yfinance_raw_daily
2005-01-13,970.0,995.0,970.0,995.0,381.192138671875,131450000,0.0,0.0,yfinance_raw_daily
2005-01-14,995.0,1015.0,995.0,1000.0,383.10772705078125,164037500,0.0,0.0,yfinance_raw_daily
2005-01-17,1000.0,1020.0,1000.0,1000.0,383.10772705078125,66805000,0.0,0.0,yfinance_raw_daily
2005-01-18,1000.0,1000.0,980.0,990.0,379.2767028808594,59940000,0.0,0.0,yfinance_raw_daily
2005-01-19,990.0,1000.0,990.0,990.0,379.2767028808594,104767500,0.0,0.0,yfinance_raw_daily
2005-01-20,995.0,1005.0,990.0,990.0,379.2767028808594,84625000,0.0,0.0,yfinance_raw_daily
2005-01-24,990.0,990.0,970.0,970.0,371.6144714355469,105780000,0.0,0.0,yfinance_raw_daily
2005-01-25,970.0,970.0,960.0,965.0,369.6990051269531,189667500,0.0,0.0,yfinance_raw_daily
2005-01-26,965.0,975.0,965.0,970.0,371.6144714355469,84725000,0.0,0.0,yfinance_raw_daily
2005-01-27,970.0,970.0,960.0,960.0,367.783447265625,134222500,0.0,0.0,yfinance_raw_daily
2005-01-28,965.0,965.0,955.0,960.0,367.783447265625,100760000,0.0,0.0,yfinance_raw_daily
2005-01-31,960.0,965.0,950.0,960.0,367.783447265625,137322500,0.0,0.0,yfinance_raw_daily
2005-02-01,965.0,975.0,960.0,965.0,369.6990051269531,69960000,0.0,0.0,yfinance_raw_daily
2005-02-02,965.0,970.0,950.0,950.0,363.9523620605469,103680000,0.0,0.0,yfinance_raw_daily
2005-02-03,950.0,955.0,935.0,940.0,360.12127685546875,125185000,0.0,0.0,yfinance_raw_daily
2005-02-04,940.0,945.0,935.0,935.0,358.2056884765625,66002500,0.0,0.0,yfinance_raw_daily
2005-02-07,940.0,945.0,930.0,930.0,356.29022216796875,48097500,0.0,0.0,yfinance_raw_daily
2005-02-08,930.0,930.0,920.0,925.0,354.3745422363281,60667500,0.0,0.0,yfinance_raw_daily
2005-02-11,925.0,940.0,920.0,935.0,358.2056884765625,60615000,0.0,0.0,yfinance_raw_daily
2005-02-14,935.0,945.0,930.0,930.0,356.29022216796875,110112500,0.0,0.0,yfinance_raw_daily
2005-02-15,935.0,950.0,930.0,950.0,363.9523620605469,103120000,0.0,0.0,yfinance_raw_daily
2005-02-16,950.0,955.0,945.0,950.0,363.9523620605469,82627500,0.0,0.0,yfinance_raw_daily
2005-02-17,950.0,950.0,940.0,940.0,360.12127685546875,178605000,0.0,0.0,yfinance_raw_daily
2005-02-18,940.0,945.0,935.0,940.0,360.12127685546875,70675000,0.0,0.0,yfinance_raw_daily
2005-02-21,940.0,940.0,920.0,925.0,354.3745422363281,203617500,0.0,0.0,yfinance_raw_daily
2005-02-22,920.0,935.0,920.0,930.0,356.29022216796875,181150000,0.0,0.0,yfinance_raw_daily
2005-02-23,930.0,930.0,920.0,930.0,356.29022216796875,61910000,0.0,0.0,yfinance_raw_daily
2005-02-24,930.0,930.0,915.0,915.0,350.5435791015625,81207500,0.0,0.0,yfinance_raw_daily
2005-02-25,920.0,925.0,885.0,895.0,342.88134765625,254097500,0.0,0.0,yfinance_raw_daily
2005-02-28,895.0,895.0,875.0,885.0,339.0503234863281,92602500,0.0,0.0,yfinance_raw_daily
2005-03-01,885.0,920.0,885.0,910.0,348.62799072265625,221865000,0.0,0.0,yfinance_raw_daily
2005-03-02,910.0,910.0,890.0,895.0,342.88134765625,172462500,0.0,0.0,yfinance_raw_daily
2005-03-03,890.0,905.0,890.0,905.0,346.7125549316406,195842500,0.0,0.0,yfinance_raw_daily
2005-03-04,900.0,900.0,885.0,885.0,339.0503234863281,158212500,0.0,0.0,yfinance_raw_daily
2005-03-07,890.0,895.0,880.0,885.0,339.0503234863281,100120000,0.0,0.0,yfinance_raw_daily
2005-03-08,885.0,895.0,885.0,895.0,342.88134765625,160957500,0.0,0.0,yfinance_raw_daily
2005-03-09,895.0,905.0,895.0,905.0,346.7125549316406,49237500,0.0,0.0,yfinance_raw_daily
2005-03-10,895.0,895.0,875.0,885.0,339.0503234863281,159062500,0.0,0.0,yfinance_raw_daily
2005-03-14,880.0,880.0,835.0,860.0,329.4726257324219,553407500,0.0,0.0,yfinance_raw_daily
2005-03-15,860.0,885.0,855.0,875.0,335.21929931640625,233760000,0.0,0.0,yfinance_raw_daily
2005-03-16,875.0,890.0,865.0,875.0,335.21929931640625,163600000,0.0,0.0,yfinance_raw_daily
2005-03-17,870.0,890.0,870.0,880.0,337.1347961425781,74130000,0.0,0.0,yfinance_raw_daily
2005-03-18,880.0,890.0,870.0,885.0,339.0503234863281,129662500,0.0,0.0,yfinance_raw_daily
2005-03-21,885.0,915.0,885.0,905.0,346.7125549316406,141227500,0.0,0.0,yfinance_raw_daily
2005-03-22,905.0,925.0,895.0,915.0,350.5435791015625,135330000,0.0,0.0,yfinance_raw_daily
2005-03-23,905.0,935.0,900.0,925.0,354.3745422363281,173987500,0.0,0.0,yfinance_raw_daily
2005-03-24,925.0,925.0,905.0,910.0,348.62799072265625,200785000,0.0,0.0,yfinance_raw_daily
2005-03-28,905.0,930.0,900.0,915.0,350.5435791015625,70840000,0.0,0.0,yfinance_raw_daily
2005-03-29,910.0,915.0,890.0,900.0,344.7969665527344,179952500,0.0,0.0,yfinance_raw_daily
2005-03-30,895.0,900.0,880.0,890.0,340.96588134765625,183315000,0.0,0.0,yfinance_raw_daily
2005-03-31,895.0,900.0,885.0,895.0,342.88134765625,70960000,0.0,0.0,yfinance_raw_daily
2005-04-01,900.0,925.0,895.0,925.0,354.3745422363281,95225000,0.0,0.0,yfinance_raw_daily
2005-04-04,930.0,945.0,925.0,940.0,360.12127685546875,105080000,0.0,0.0,yfinance_raw_daily
2005-04-05,940.0,945.0,930.0,930.0,356.29022216796875,53150000,0.0,0.0,yfinance_raw_daily
2005-04-06,930.0,935.0,925.0,925.0,354.3745422363281,25960000,0.0,0.0,yfinance_raw_daily
2005-04-07,930.0,945.0,930.0,935.0,358.2056884765625,43960000,0.0,0.0,yfinance_raw_daily
2005-04-08,940.0,940.0,920.0,935.0,358.2056884765625,112385000,0.0,0.0,yfinance_raw_daily
2005-04-11,930.0,945.0,925.0,940.0,360.12127685546875,52887500,0.0,0.0,yfinance_raw_daily
2005-04-12,935.0,935.0,930.0,935.0,358.2056884765625,35095000,0.0,0.0,yfinance_raw_daily
2005-04-13,940.0,945.0,935.0,945.0,362.0368347167969,34022500,0.0,0.0,yfinance_raw_daily
2005-04-14,940.0,945.0,935.0,935.0,358.2056884765625,30732500,0.0,0.0,yfinance_raw_daily
2005-04-15,935.0,935.0,920.0,925.0,354.3745422363281,95025000,0.0,0.0,yfinance_raw_daily
2005-04-18,910.0,910.0,895.0,900.0,344.7969665527344,109005000,0.0,0.0,yfinance_raw_daily
2005-04-19,900.0,900.0,885.0,890.0,340.96588134765625,37305000,0.0,0.0,yfinance_raw_daily
2005-04-20,895.0,895.0,885.0,885.0,339.0503234863281,24027500,0.0,0.0,yfinance_raw_daily
2005-04-21,880.0,880.0,855.0,875.0,335.21929931640625,106350000,0.0,0.0,yfinance_raw_daily
2005-04-25,875.0,880.0,860.0,870.0,333.3037109375,60065000,0.0,0.0,yfinance_raw_daily
2005-04-26,870.0,885.0,870.0,875.0,335.21929931640625,100492500,0.0,0.0,yfinance_raw_daily
2005-04-27,875.0,875.0,860.0,865.0,331.38824462890625,76465000,0.0,0.0,yfinance_raw_daily
2005-04-28,860.0,875.0,860.0,870.0,333.3037109375,82092500,0.0,0.0,yfinance_raw_daily
2005-04-29,865.0,865.0,850.0,855.0,327.5570983886719,68437500,0.0,0.0,yfinance_raw_daily
2005-05-02,855.0,855.0,840.0,845.0,323.72601318359375,38900000,0.0,0.0,yfinance_raw_daily
2005-05-03,820.0,845.0,820.0,835.0,319.89483642578125,136657500,0.0,0.0,yfinance_raw_daily
2005-05-04,840.0,870.0,840.0,860.0,329.4726257324219,98250000,0.0,0.0,yfinance_raw_daily
2005-05-06,860.0,905.0,860.0,900.0,344.7969665527344,231235000,0.0,0.0,yfinance_raw_daily
2005-05-09,895.0,930.0,890.0,930.0,356.29022216796875,192532500,0.0,0.0,yfinance_raw_daily
2005-05-10,925.0,930.0,920.0,920.0,352.4590759277344,54382500,0.0,0.0,yfinance_raw_daily
2005-05-11,905.0,905.0,890.0,890.0,340.96588134765625,100865000,0.0,0.0,yfinance_raw_daily
2005-05-12,890.0,900.0,885.0,895.0,342.88134765625,34542500,0.0,0.0,yfinance_raw_daily
2005-05-13,890.0,895.0,880.0,885.0,339.0503234863281,52675000,0.0,0.0,yfinance_raw_daily
2005-05-16,880.0,880.0,860.0,865.0,331.38824462890625,74167500,0.0,0.0,yfinance_raw_daily
2005-05-17,870.0,885.0,870.0,875.0,335.21929931640625,96877500,0.0,0.0,yfinance_raw_daily
2005-05-18,875.0,875.0,870.0,875.0,335.21929931640625,100162500,0.0,0.0,yfinance_raw_daily
2005-05-19,885.0,895.0,885.0,895.0,342.88134765625,87342500,0.0,0.0,yfinance_raw_daily
2005-05-20,900.0,910.0,900.0,910.0,348.62799072265625,43487500,0.0,0.0,yfinance_raw_daily
2005-05-23,905.0,920.0,900.0,920.0,352.4590759277344,72365000,0.0,0.0,yfinance_raw_daily
2005-05-25,915.0,925.0,910.0,920.0,352.4590759277344,133962500,0.0,0.0,yfinance_raw_daily
2005-05-26,910.0,925.0,905.0,920.0,352.4590759277344,80100000,0.0,0.0,yfinance_raw_daily
2005-05-27,925.0,930.0,915.0,920.0,352.4590759277344,27547500,0.0,0.0,yfinance_raw_daily
2005-05-30,915.0,930.0,915.0,930.0,356.29022216796875,41257500,0.0,0.0,yfinance_raw_daily
2005-05-31,930.0,955.0,930.0,930.0,356.29022216796875,148405000,0.0,0.0,yfinance_raw_daily
2005-06-01,935.0,950.0,935.0,950.0,363.9523620605469,46207500,0.0,0.0,yfinance_raw_daily
2005-06-02,950.0,965.0,950.0,965.0,369.6990051269531,126775000,0.0,0.0,yfinance_raw_daily
2005-06-03,965.0,970.0,960.0,960.0,367.783447265625,98595000,0.0,0.0,yfinance_raw_daily
2005-06-06,960.0,965.0,950.0,960.0,367.783447265625,39555000,0.0,0.0,yfinance_raw_daily
2005-06-07,960.0,960.0,950.0,955.0,365.8678894042969,31795000,0.0,0.0,yfinance_raw_daily
2005-06-08,955.0,955.0,940.0,945.0,362.0368347167969,41505000,0.0,0.0,yfinance_raw_daily
2005-06-09,940.0,945.0,935.0,940.0,360.12127685546875,31895000,0.0,0.0,yfinance_raw_daily
2005-06-10,940.0,955.0,930.0,950.0,363.9523620605469,72980000,0.0,0.0,yfinance_raw_daily
2005-06-13,955.0,975.0,955.0,965.0,369.6990051269531,76342500,0.0,0.0,yfinance_raw_daily
2005-06-14,965.0,980.0,965.0,975.0,373.53009033203125,51465000,0.0,0.0,yfinance_raw_daily
2005-06-15,980.0,990.0,975.0,975.0,373.53009033203125,116807500,0.0,0.0,yfinance_raw_daily
2005-06-16,980.0,990.0,980.0,985.0,377.3610534667969,99902500,0.0,0.0,yfinance_raw_daily
2005-06-17,990.0,1040.0,990.0,1040.0,398.43206787109375,271085000,0.0,0.0,yfinance_raw_daily
2005-06-20,1040.0,1070.0,1040.0,1070.0,409.9252624511719,183512500,0.0,0.0,yfinance_raw_daily
2005-06-21,1070.0,1070.0,1010.0,1020.0,390.7699279785156,109695000,0.0,0.0,yfinance_raw_daily
2005-06-22,1010.0,1010.0,970.0,1000.0,383.10772705078125,137060000,0.0,0.0,yfinance_raw_daily
2005-06-23,990.0,1020.0,980.0,990.0,379.2767028808594,142017500,0.0,0.0,yfinance_raw_daily
2005-06-24,980.0,995.0,970.0,995.0,381.192138671875,25050000,0.0,0.0,yfinance_raw_daily
2005-06-27,990.0,990.0,965.0,980.0,375.4456787109375,73072500,0.0,0.0,yfinance_raw_daily
2005-06-28,975.0,1000.0,970.0,1000.0,383.10772705078125,85602500,0.0,0.0,yfinance_raw_daily
2005-06-29,1000.0,1020.0,1000.0,1010.0,386.9387512207031,50472500,0.0,0.0,yfinance_raw_daily
2005-06-30,1020.0,1020.0,1000.0,1000.0,383.10772705078125,28955000,0.0,0.0,yfinance_raw_daily
2005-07-01,1000.0,1050.0,1000.0,1050.0,402.26324462890625,81627500,0.0,0.0,yfinance_raw_daily
2005-07-04,1040.0,1060.0,1030.0,1050.0,402.26324462890625,79855000,0.0,0.0,yfinance_raw_daily
2005-07-05,1050.0,1050.0,1030.0,1040.0,398.43206787109375,48892500,0.0,0.0,yfinance_raw_daily
2005-07-06,1030.0,1030.0,1000.0,1000.0,383.10772705078125,67390000,0.0,0.0,yfinance_raw_daily
2005-07-07,1000.0,1000.0,980.0,1000.0,383.10772705078125,102532500,0.0,0.0,yfinance_raw_daily
2005-07-08,990.0,1010.0,990.0,990.0,379.2767028808594,32307500,0.0,0.0,yfinance_raw_daily
2005-07-11,1000.0,1000.0,990.0,995.0,381.192138671875,66502500,0.0,0.0,yfinance_raw_daily
2005-07-12,1000.0,1005.0,995.0,1000.0,383.10772705078125,58480000,0.0,0.0,yfinance_raw_daily
2005-07-13,1000.0,1020.0,990.0,1020.0,390.7699279785156,63970000,0.0,0.0,yfinance_raw_daily
2005-07-14,1020.0,1040.0,1020.0,1030.0,394.60101318359375,47145000,0.0,0.0,yfinance_raw_daily
2005-07-15,1050.0,1070.0,1030.0,1050.0,402.26324462890625,189925000,0.0,0.0,yfinance_raw_daily
2005-07-18,1030.0,1030.0,1010.0,1030.0,405.8012390136719,42960000,28.980398,0.0,yfinance_raw_daily
2005-07-19,1030.0,1030.0,1020.0,1030.0,405.8012390136719,57510000,0.0,0.0,yfinance_raw_daily
2005-07-20,1030.0,1050.0,1030.0,1050.0,413.6807556152344,65062500,0.0,0.0,yfinance_raw_daily
2005-07-21,1050.0,1110.0,1050.0,1090.0,429.44012451171875,208367500,0.0,0.0,yfinance_raw_daily
2005-07-22,1110.0,1180.0,1110.0,1160.0,457.01898193359375,147910000,0.0,0.0,yfinance_raw_daily
2005-07-25,1160.0,1160.0,1130.0,1130.0,445.199462890625,90255000,0.0,0.0,yfinance_raw_daily
2005-07-26,1140.0,1150.0,1130.0,1140.0,449.1391906738281,50425000,0.0,0.0,yfinance_raw_daily
2005-07-27,1150.0,1150.0,1110.0,1120.0,441.25958251953125,47200000,0.0,0.0,yfinance_raw_daily
2005-07-28,1130.0,1140.0,1130.0,1140.0,449.1391906738281,14962500,0.0,0.0,yfinance_raw_daily
2005-07-29,1140.0,1140.0,1110.0,1110.0,437.3198547363281,50232500,0.0,0.0,yfinance_raw_daily
2005-08-01,1110.0,1120.0,1080.0,1100.0,433.37982177734375,79162500,0.0,0.0,yfinance_raw_daily
2005-08-02,1100.0,1140.0,1100.0,1140.0,449.1391906738281,73390000,0.0,0.0,yfinance_raw_daily
2005-08-03,1140.0,1150.0,1130.0,1140.0,449.1391906738281,83367500,0.0,0.0,yfinance_raw_daily
2005-08-04,1140.0,1140.0,1100.0,1120.0,441.25958251953125,37032500,0.0,0.0,yfinance_raw_daily
2005-08-05,1110.0,1110.0,1080.0,1100.0,433.37982177734375,47267500,0.0,0.0,yfinance_raw_daily
2005-08-08,1090.0,1090.0,1050.0,1070.0,421.56048583984375,87077500,0.0,0.0,yfinance_raw_daily
2005-08-09,1060.0,1080.0,1060.0,1080.0,425.50042724609375,60592500,0.0,0.0,yfinance_raw_daily
2005-08-10,1090.0,1140.0,1090.0,1130.0,445.199462890625,162297500,0.0,0.0,yfinance_raw_daily
2005-08-11,1130.0,1140.0,1100.0,1110.0,437.3198547363281,82445000,0.0,0.0,yfinance_raw_daily
2005-08-12,1120.0,1120.0,1070.0,1070.0,421.56048583984375,100990000,0.0,0.0,yfinance_raw_daily
2005-08-15,1070.0,1070.0,1020.0,1040.0,409.74114990234375,113507500,0.0,0.0,yfinance_raw_daily
2005-08-16,1040.0,1050.0,1020.0,1030.0,405.8012390136719,77502500,0.0,0.0,yfinance_raw_daily
2005-08-18,1030.0,1030.0,980.0,1000.0,393.98187255859375,266902500,0.0,0.0,yfinance_raw_daily
2005-08-19,1000.0,1030.0,990.0,1010.0,397.92156982421875,118515000,0.0,0.0,yfinance_raw_daily
2005-08-22,1020.0,1030.0,1000.0,1020.0,401.8614196777344,47407500,0.0,0.0,yfinance_raw_daily
2005-08-23,1020.0,1040.0,1000.0,1010.0,397.92156982421875,76687500,0.0,0.0,yfinance_raw_daily
2005-08-24,1010.0,1010.0,940.0,990.0,390.0420227050781,227087500,0.0,0.0,yfinance_raw_daily
2005-08-25,980.0,995.0,970.0,985.0,388.072021484375,120690000,0.0,0.0,yfinance_raw_daily
2005-08-26,985.0,1005.0,985.0,995.0,392.01190185546875,70802500,0.0,0.0,yfinance_raw_daily
2005-08-29,980.0,990.0,955.0,955.0,376.2525939941406,239402500,0.0,0.0,yfinance_raw_daily
2005-08-30,955.0,1005.0,940.0,1005.0,395.95172119140625,146427500,0.0,0.0,yfinance_raw_daily
2005-08-31,1000.0,1040.0,1000.0,1030.0,405.8012390136719,185155000,0.0,0.0,yfinance_raw_daily
2005-09-01,1000.0,1010.0,970.0,1000.0,393.98187255859375,167425000,0.0,0.0,yfinance_raw_daily
2005-09-05,990.0,1030.0,990.0,1020.0,401.8614196777344,116560000,0.0,0.0,yfinance_raw_daily
2005-09-06,1020.0,1050.0,1020.0,1050.0,413.6807556152344,73235000,0.0,0.0,yfinance_raw_daily
2005-09-07,1050.0,1070.0,1030.0,1040.0,409.74114990234375,82727500,0.0,0.0,yfinance_raw_daily
2005-09-08,1050.0,1110.0,1050.0,1090.0,429.44012451171875,232562500,0.0,0.0,yfinance_raw_daily
2005-09-09,1090.0,1140.0,1090.0,1140.0,449.1391906738281,155595000,0.0,0.0,yfinance_raw_daily
2005-09-12,1120.0,1120.0,1100.0,1120.0,441.25958251953125,120170000,0.0,0.0,yfinance_raw_daily
2005-09-13,1100.0,1100.0,1050.0,1060.0,417.62066650390625,107965000,0.0,0.0,yfinance_raw_daily
2005-09-14,1040.0,1050.0,1010.0,1010.0,397.92156982421875,160237500,0.0,0.0,yfinance_raw_daily
2005-09-15,1010.0,1030.0,990.0,1000.0,393.98187255859375,123292500,0.0,0.0,yfinance_raw_daily
2005-09-16,1010.0,1030.0,1010.0,1030.0,405.8012390136719,74040000,0.0,0.0,yfinance_raw_daily
2005-09-19,1030.0,1060.0,1030.0,1060.0,417.62066650390625,127490000,0.0,0.0,yfinance_raw_daily
2005-09-20,1050.0,1050.0,1010.0,1040.0,409.74114990234375,110680000,0.0,0.0,yfinance_raw_daily
2005-09-21,1030.0,1030.0,1020.0,1020.0,401.8614196777344,118792500,0.0,0.0,yfinance_raw_daily
2005-09-22,1010.0,1020.0,970.0,980.0,386.1021423339844,188150000,0.0,0.0,yfinance_raw_daily
2005-09-23,990.0,1005.0,975.0,985.0,388.072021484375,120645000,0.0,0.0,yfinance_raw_daily
2005-09-26,995.0,1040.0,995.0,1040.0,409.74114990234375,175392500,0.0,0.0,yfinance_raw_daily
2005-09-27,1040.0,1050.0,1020.0,1040.0,409.74114990234375,58367500,0.0,0.0,yfinance_raw_daily
2005-09-28,1040.0,1040.0,1020.0,1030.0,405.8012390136719,51680000,0.0,0.0,yfinance_raw_daily
2005-09-29,1040.0,1050.0,1030.0,1040.0,409.74114990234375,40087500,0.0,0.0,yfinance_raw_daily
2005-09-30,1070.0,1080.0,1040.0,1070.0,421.56048583984375,213815000,0.0,0.0,yfinance_raw_daily
2005-10-03,1060.0,1080.0,1030.0,1060.0,417.62066650390625,74412500,0.0,0.0,yfinance_raw_daily
2005-10-04,1080.0,1110.0,1070.0,1080.0,425.50042724609375,111667500,0.0,0.0,yfinance_raw_daily
2005-10-05,1080.0,1090.0,1070.0,1080.0,425.50042724609375,74335000,0.0,0.0,yfinance_raw_daily
2005-10-06,1060.0,1080.0,1040.0,1060.0,417.62066650390625,89692500,0.0,0.0,yfinance_raw_daily
2005-10-07,1020.0,1040.0,1010.0,1020.0,401.8614196777344,129562500,0.0,0.0,yfinance_raw_daily
2005-10-10,1040.0,1040.0,1010.0,1040.0,409.74114990234375,76430000,0.0,0.0,yfinance_raw_daily
2005-10-11,1040.0,1040.0,1020.0,1040.0,409.74114990234375,59525000,0.0,0.0,yfinance_raw_daily
2005-10-12,1040.0,1040.0,1030.0,1040.0,409.74114990234375,58775000,0.0,0.0,yfinance_raw_daily
2005-10-13,1020.0,1040.0,1020.0,1020.0,401.8614196777344,39647500,0.0,0.0,yfinance_raw_daily
2005-10-14,1040.0,1060.0,1010.0,1040.0,409.74114990234375,70942500,0.0,0.0,yfinance_raw_daily
2005-10-17,1040.0,1050.0,1030.0,1040.0,409.74114990234375,43922500,0.0,0.0,yfinance_raw_daily
2005-10-18,1070.0,1070.0,1040.0,1070.0,421.56048583984375,51370000,0.0,0.0,yfinance_raw_daily
2005-10-19,1040.0,1060.0,1030.0,1040.0,409.74114990234375,159307500,0.0,0.0,yfinance_raw_daily
2005-10-20,1050.0,1050.0,1020.0,1030.0,405.8012390136719,65602500,0.0,0.0,yfinance_raw_daily
2005-10-21,1030.0,1030.0,1020.0,1030.0,405.8012390136719,107835000,0.0,0.0,yfinance_raw_daily
2005-10-24,1030.0,1030.0,1020.0,1030.0,405.8012390136719,42297500,0.0,0.0,yfinance_raw_daily
2005-10-25,1030.0,1030.0,1000.0,1010.0,397.92156982421875,101735000,0.0,0.0,yfinance_raw_daily
2005-10-26,1010.0,1010.0,1000.0,1010.0,397.92156982421875,113347500,0.0,0.0,yfinance_raw_daily
2005-10-27,1010.0,1020.0,1000.0,1010.0,397.92156982421875,37955000,0.0,0.0,yfinance_raw_daily
2005-10-28,1010.0,1010.0,990.0,1010.0,397.92156982421875,72397500,0.0,0.0,yfinance_raw_daily
2005-10-31,1000.0,1010.0,990.0,1000.0,393.98187255859375,94490000,0.0,0.0,yfinance_raw_daily
2005-11-01,1010.0,1030.0,1000.0,1010.0,397.92156982421875,120357500,0.0,0.0,yfinance_raw_daily
2005-11-07,1010.0,1010.0,1010.0,1010.0,397.92156982421875,0,0.0,0.0,yfinance_raw_daily
2005-11-08,1010.0,1010.0,1010.0,1010.0,397.92156982421875,0,0.0,0.0,yfinance_raw_daily
2005-11-09,1010.0,1020.0,970.0,990.0,390.0420227050781,207817500,0.0,0.0,yfinance_raw_daily
2005-11-10,990.0,995.0,985.0,990.0,390.0420227050781,63140000,0.0,0.0,yfinance_raw_daily
2005-11-11,985.0,1005.0,965.0,985.0,388.072021484375,122067500,0.0,0.0,yfinance_raw_daily
2005-11-14,995.0,995.0,980.0,995.0,392.01190185546875,108035000,0.0,0.0,yfinance_raw_daily
2005-11-15,1015.0,1015.0,990.0,1015.0,399.8914794921875,69717500,0.0,0.0,yfinance_raw_daily
2005-11-16,1010.0,1020.0,1000.0,1010.0,397.92156982421875,40700000,0.0,0.0,yfinance_raw_daily
2005-11-17,1010.0,1010.0,990.0,1010.0,397.92156982421875,84372500,0.0,0.0,yfinance_raw_daily
2005-11-18,1030.0,1030.0,1010.0,1030.0,405.8012390136719,48582500,0.0,0.0,yfinance_raw_daily
2005-11-21,1040.0,1050.0,1030.0,1040.0,409.74114990234375,86802500,0.0,0.0,yfinance_raw_daily
2005-11-22,1040.0,1050.0,1030.0,1040.0,409.74114990234375,23877500,0.0,0.0,yfinance_raw_daily
2005-11-23,1030.0,1040.0,1020.0,1030.0,405.8012390136719,36540000,0.0,0.0,yfinance_raw_daily
2005-11-24,1060.0,1060.0,1030.0,1060.0,417.62066650390625,102602500,0.0,0.0,yfinance_raw_daily
2005-11-25,1050.0,1070.0,1040.0,1050.0,413.6807556152344,49202500,0.0,0.0,yfinance_raw_daily
2005-11-28,1070.0,1070.0,1050.0,1070.0,421.56048583984375,29167500,0.0,0.0,yfinance_raw_daily
2005-11-29,1070.0,1070.0,1060.0,1070.0,421.56048583984375,48217500,0.0,0.0,yfinance_raw_daily
2005-11-30,1100.0,1100.0,1060.0,1100.0,433.37982177734375,100872500,0.0,0.0,yfinance_raw_daily
2005-12-01,1090.0,1100.0,1080.0,1090.0,429.44012451171875,80810000,0.0,0.0,yfinance_raw_daily
2005-12-02,1110.0,1130.0,1100.0,1110.0,437.3198547363281,138205000,0.0,0.0,yfinance_raw_daily
2005-12-05,1130.0,1140.0,1110.0,1130.0,445.199462890625,83407500,0.0,0.0,yfinance_raw_daily
2005-12-06,1120.0,1150.0,1110.0,1120.0,441.25958251953125,121790000,0.0,0.0,yfinance_raw_daily
2005-12-07,1160.0,1190.0,1130.0,1160.0,457.01898193359375,216817500,0.0,0.0,yfinance_raw_daily
2005-12-08,1160.0,1200.0,1160.0,1160.0,457.01898193359375,123595000,0.0,0.0,yfinance_raw_daily
2005-12-09,1170.0,1200.0,1150.0,1170.0,460.9587097167969,89302500,0.0,0.0,yfinance_raw_daily
2005-12-12,1200.0,1250.0,1190.0,1200.0,472.7781677246094,126405000,0.0,0.0,yfinance_raw_daily
2005-12-13,1230.0,1240.0,1200.0,1230.0,484.59759521484375,142257500,0.0,0.0,yfinance_raw_daily
2005-12-14,1210.0,1240.0,1190.0,1210.0,476.718017578125,91952500,0.0,0.0,yfinance_raw_daily
2005-12-15,1180.0,1210.0,1170.0,1180.0,464.8985290527344,109647500,0.0,0.0,yfinance_raw_daily
2005-12-16,1140.0,1170.0,1130.0,1140.0,449.1391906738281,89197500,0.0,0.0,yfinance_raw_daily
2005-12-19,1200.0,1210.0,1160.0,1200.0,472.7781677246094,171190000,0.0,0.0,yfinance_raw_daily
2005-12-20,1200.0,1220.0,1180.0,1200.0,472.7781677246094,62112500,0.0,0.0,yfinance_raw_daily
2005-12-21,1210.0,1210.0,1190.0,1210.0,476.718017578125,63852500,0.0,0.0,yfinance_raw_daily
2005-12-22,1200.0,1220.0,1190.0,1210.0,476.718017578125,70702500,0.0,0.0,yfinance_raw_daily
2005-12-23,1200.0,1200.0,1180.0,1190.0,468.83831787109375,47967500,0.0,0.0,yfinance_raw_daily
2005-12-26,1190.0,1190.0,1190.0,1190.0,468.83831787109375,0,0.0,0.0,yfinance_raw_daily
2005-12-27,1190.0,1190.0,1180.0,1190.0,468.83831787109375,15037500,0.0,0.0,yfinance_raw_daily
2005-12-28,1180.0,1180.0,1170.0,1180.0,464.8985290527344,23317500,0.0,0.0,yfinance_raw_daily
2005-12-29,1180.0,1200.0,1170.0,1180.0,464.8985290527344,52205000,0.0,0.0,yfinance_raw_daily
2005-12-30,1180.0,1180.0,1180.0,1180.0,464.8985290527344,0,0.0,0.0,yfinance_raw_daily
2006-01-02,1220.0,1220.0,1190.0,1220.0,480.65765380859375,22665000,0.0,0.0,yfinance_raw_daily
2006-01-03,1210.0,1250.0,1200.0,1230.0,484.59759521484375,63477500,0.0,0.0,yfinance_raw_daily
2006-01-04,1230.0,1270.0,1230.0,1240.0,488.5373840332031,188270000,0.0,0.0,yfinance_raw_daily
2006-01-05,1240.0,1250.0,1210.0,1210.0,476.718017578125,40102500,0.0,0.0,yfinance_raw_daily
2006-01-06,1210.0,1220.0,1190.0,1210.0,476.718017578125,127732500,0.0,0.0,yfinance_raw_daily
2006-01-09,1220.0,1260.0,1210.0,1230.0,484.59759521484375,171552500,0.0,0.0,yfinance_raw_daily
2006-01-10,1230.0,1230.0,1230.0,1230.0,484.59759521484375,0,0.0,0.0,yfinance_raw_daily
2006-01-11,1230.0,1320.0,1230.0,1310.0,516.1162719726562,254795000,0.0,0.0,yfinance_raw_daily
2006-01-12,1310.0,1320.0,1270.0,1280.0,504.29656982421875,173585000,0.0,0.0,yfinance_raw_daily
2006-01-13,1260.0,1270.0,1230.0,1240.0,488.5373840332031,55562500,0.0,0.0,yfinance_raw_daily
2006-01-16,1230.0,1250.0,1210.0,1230.0,484.59759521484375,95342500,0.0,0.0,yfinance_raw_daily
2006-01-17,1220.0,1240.0,1210.0,1230.0,484.59759521484375,58207500,0.0,0.0,yfinance_raw_daily
2006-01-18,1210.0,1230.0,1190.0,1210.0,476.718017578125,104660000,0.0,0.0,yfinance_raw_daily
2006-01-19,1210.0,1270.0,1210.0,1260.0,496.4169616699219,114482500,0.0,0.0,yfinance_raw_daily
2006-01-20,1240.0,1280.0,1230.0,1240.0,488.5373840332031,85590000,0.0,0.0,yfinance_raw_daily
2006-01-23,1210.0,1230.0,1210.0,1220.0,480.65765380859375,58250000,0.0,0.0,yfinance_raw_daily
2006-01-24,1230.0,1240.0,1210.0,1210.0,476.718017578125,39202500,0.0,0.0,yfinance_raw_daily
2006-01-25,1230.0,1260.0,1230.0,1260.0,496.4169616699219,106172500,0.0,0.0,yfinance_raw_daily
2006-01-26,1260.0,1260.0,1230.0,1230.0,484.59759521484375,43302500,0.0,0.0,yfinance_raw_daily
2006-01-27,1250.0,1260.0,1230.0,1250.0,492.47723388671875,82735000,0.0,0.0,yfinance_raw_daily
2006-01-30,1260.0,1280.0,1250.0,1260.0,496.4169616699219,93017500,0.0,0.0,yfinance_raw_daily
2006-01-31,1260.0,1260.0,1260.0,1260.0,496.4169616699219,0,0.0,0.0,yfinance_raw_daily
2006-02-01,1260.0,1290.0,1260.0,1280.0,504.29656982421875,138262500,0.0,0.0,yfinance_raw_daily
2006-02-02,1290.0,1290.0,1270.0,1270.0,500.35675048828125,48345000,0.0,0.0,yfinance_raw_daily
2006-02-03,1280.0,1290.0,1260.0,1270.0,500.35675048828125,111765000,0.0,0.0,yfinance_raw_daily
2006-02-06,1270.0,1280.0,1260.0,1270.0,500.35675048828125,47917500,0.0,0.0,yfinance_raw_daily
2006-02-07,1280.0,1280.0,1270.0,1270.0,500.35675048828125,62370000,0.0,0.0,yfinance_raw_daily
2006-02-08,1250.0,1250.0,1220.0,1220.0,480.65765380859375,92862500,0.0,0.0,yfinance_raw_daily
2006-02-09,1230.0,1250.0,1220.0,1240.0,488.5373840332031,67185000,0.0,0.0,yfinance_raw_daily
2006-02-10,1240.0,1250.0,1230.0,1230.0,484.59759521484375,63370000,0.0,0.0,yfinance_raw_daily
2006-02-13,1230.0,1230.0,1220.0,1220.0,480.65765380859375,21177500,0.0,0.0,yfinance_raw_daily
2006-02-14,1210.0,1220.0,1190.0,1190.0,468.83831787109375,159977500,0.0,0.0,yfinance_raw_daily
2006-02-15,1200.0,1220.0,1200.0,1220.0,480.65765380859375,105570000,0.0,0.0,yfinance_raw_daily
2006-02-16,1220.0,1240.0,1210.0,1220.0,480.65765380859375,61615000,0.0,0.0,yfinance_raw_daily
2006-02-17,1240.0,1240.0,1220.0,1240.0,488.5373840332031,61695000,0.0,0.0,yfinance_raw_daily
2006-02-20,1240.0,1260.0,1240.0,1250.0,492.47723388671875,85467500,0.0,0.0,yfinance_raw_daily
2006-02-21,1230.0,1230.0,1210.0,1230.0,484.59759521484375,96247500,0.0,0.0,yfinance_raw_daily
2006-02-22,1220.0,1220.0,1190.0,1220.0,480.65765380859375,112600000,0.0,0.0,yfinance_raw_daily
2006-02-23,1220.0,1220.0,1190.0,1210.0,476.718017578125,166160000,0.0,0.0,yfinance_raw_daily
2006-02-24,1230.0,1230.0,1210.0,1230.0,484.59759521484375,47345000,0.0,0.0,yfinance_raw_daily
2006-02-27,1230.0,1280.0,1230.0,1250.0,492.47723388671875,131652500,0.0,0.0,yfinance_raw_daily
2006-02-28,1250.0,1260.0,1240.0,1240.0,488.5373840332031,79817500,0.0,0.0,yfinance_raw_daily
2006-03-01,1220.0,1260.0,1220.0,1260.0,496.4169616699219,90897500,0.0,0.0,yfinance_raw_daily
2006-03-02,1260.0,1290.0,1260.0,1280.0,504.29656982421875,112715000,0.0,0.0,yfinance_raw_daily
2006-03-03,1280.0,1300.0,1270.0,1290.0,508.2364807128906,41355000,0.0,0.0,yfinance_raw_daily
2006-03-06,1270.0,1280.0,1240.0,1250.0,492.47723388671875,52280000,0.0,0.0,yfinance_raw_daily
2006-03-07,1250.0,1260.0,1240.0,1240.0,488.5373840332031,67920000,0.0,0.0,yfinance_raw_daily
2006-03-08,1220.0,1250.0,1210.0,1250.0,492.47723388671875,157870000,0.0,0.0,yfinance_raw_daily
2006-03-09,1250.0,1250.0,1230.0,1250.0,492.47723388671875,30415000,0.0,0.0,yfinance_raw_daily
2006-03-10,1250.0,1260.0,1240.0,1250.0,492.47723388671875,20915000,0.0,0.0,yfinance_raw_daily
2006-03-13,1250.0,1250.0,1240.0,1250.0,492.47723388671875,25200000,0.0,0.0,yfinance_raw_daily
2006-03-14,1250.0,1240.0,1230.0,1240.0,488.5373840332031,44685000,0.0,0.0,yfinance_raw_daily
2006-03-15,1240.0,1250.0,1230.0,1240.0,488.5373840332031,54100000,0.0,0.0,yfinance_raw_daily
2006-03-16,1280.0,1280.0,1250.0,1280.0,504.29656982421875,97832500,0.0,0.0,yfinance_raw_daily
2006-03-17,1280.0,1370.0,1280.0,1350.0,531.8754272460938,248335000,0.0,0.0,yfinance_raw_daily
2006-03-20,1400.0,1440.0,1360.0,1400.0,551.5744018554688,228522500,0.0,0.0,yfinance_raw_daily
2006-03-21,1400.0,1410.0,1370.0,1370.0,539.7550048828125,108352500,0.0,0.0,yfinance_raw_daily
2006-03-22,1350.0,1370.0,1350.0,1350.0,531.8754272460938,57942500,0.0,0.0,yfinance_raw_daily
2006-03-23,1350.0,1410.0,1360.0,1390.0,547.634765625,109512500,0.0,0.0,yfinance_raw_daily
2006-03-24,1390.0,1440.0,1390.0,1390.0,547.634765625,102137500,0.0,0.0,yfinance_raw_daily
2006-03-27,1390.0,1390.0,1370.0,1390.0,547.634765625,110040000,0.0,0.0,yfinance_raw_daily
2006-03-28,1390.0,1420.0,1390.0,1390.0,547.634765625,82037500,0.0,0.0,yfinance_raw_daily
2006-03-29,1380.0,1420.0,1380.0,1380.0,543.6947631835938,106655000,0.0,0.0,yfinance_raw_daily
2006-03-30,1380.0,1380.0,1380.0,1380.0,543.6947631835938,0,0.0,0.0,yfinance_raw_daily
2006-03-31,1380.0,1380.0,1380.0,1380.0,543.6947631835938,0,0.0,0.0,yfinance_raw_daily
2006-04-03,1390.0,1400.0,1370.0,1390.0,547.634765625,109107500,0.0,0.0,yfinance_raw_daily
2006-04-04,1380.0,1390.0,1380.0,1380.0,543.6947631835938,67440000,0.0,0.0,yfinance_raw_daily
2006-04-05,1390.0,1400.0,1390.0,1390.0,547.634765625,41282500,0.0,0.0,yfinance_raw_daily
2006-04-06,1400.0,1420.0,1400.0,1400.0,551.5744018554688,96305000,0.0,0.0,yfinance_raw_daily
2006-04-07,1390.0,1400.0,1380.0,1390.0,547.634765625,95912500,0.0,0.0,yfinance_raw_daily
2006-04-10,1390.0,1390.0,1390.0,1390.0,547.634765625,0,0.0,0.0,yfinance_raw_daily
2006-04-11,1400.0,1410.0,1390.0,1400.0,551.5744018554688,119600000,0.0,0.0,yfinance_raw_daily
2006-04-12,1450.0,1460.0,1400.0,1450.0,571.2735595703125,147642500,0.0,0.0,yfinance_raw_daily
2006-04-13,1440.0,1470.0,1430.0,1440.0,567.3338623046875,130172500,0.0,0.0,yfinance_raw_daily
2006-04-14,1440.0,1440.0,1440.0,1440.0,567.3338623046875,0,0.0,0.0,yfinance_raw_daily
2006-04-17,1460.0,1470.0,1450.0,1460.0,575.2133178710938,15227500,0.0,0.0,yfinance_raw_daily
2006-04-18,1490.0,1510.0,1460.0,1490.0,587.0328369140625,84800000,0.0,0.0,yfinance_raw_daily
2006-04-19,1520.0,1560.0,1490.0,1520.0,598.852294921875,132272500,0.0,0.0,yfinance_raw_daily
2006-04-20,1550.0,1600.0,1510.0,1550.0,610.6717529296875,100732500,0.0,0.0,yfinance_raw_daily
2006-04-21,1530.0,1550.0,1500.0,1530.0,602.7921142578125,65227500,0.0,0.0,yfinance_raw_daily
2006-04-24,1530.0,1520.0,1470.0,1490.0,587.0328369140625,106245000,0.0,0.0,yfinance_raw_daily
2006-04-25,1510.0,1510.0,1470.0,1510.0,594.9124755859375,49655000,0.0,0.0,yfinance_raw_daily
2006-04-26,1530.0,1540.0,1510.0,1530.0,602.7921142578125,50827500,0.0,0.0,yfinance_raw_daily
2006-04-27,1520.0,1550.0,1510.0,1520.0,598.852294921875,80895000,0.0,0.0,yfinance_raw_daily
2006-04-28,1520.0,1520.0,1480.0,1510.0,594.9124755859375,99812500,0.0,0.0,yfinance_raw_daily
2006-05-01,1540.0,1550.0,1520.0,1540.0,606.73193359375,88447500,0.0,0.0,yfinance_raw_daily
2006-05-02,1540.0,1580.0,1510.0,1530.0,602.7921142578125,126777500,0.0,0.0,yfinance_raw_daily
2006-05-03,1560.0,1570.0,1540.0,1560.0,614.611572265625,249380000,0.0,0.0,yfinance_raw_daily
2006-05-04,1520.0,1570.0,1510.0,1520.0,598.852294921875,209065000,0.0,0.0,yfinance_raw_daily
2006-05-05,1520.0,1520.0,1470.0,1510.0,594.9124755859375,141060000,0.0,0.0,yfinance_raw_daily
2006-05-08,1560.0,1560.0,1520.0,1560.0,614.611572265625,165755000,0.0,0.0,yfinance_raw_daily
2006-05-09,1570.0,1680.0,1570.0,1650.0,650.0699462890625,232432500,0.0,0.0,yfinance_raw_daily
2006-05-10,1680.0,1700.0,1660.0,1680.0,661.889404296875,80720000,0.0,0.0,yfinance_raw_daily
2006-05-11,1660.0,1680.0,1650.0,1660.0,654.0098266601562,52885000,0.0,0.0,yfinance_raw_daily
2006-05-12,1650.0,1670.0,1620.0,1650.0,650.0699462890625,109472500,0.0,0.0,yfinance_raw_daily
2006-05-15,1600.0,1640.0,1590.0,1600.0,630.3707885742188,163642500,0.0,0.0,yfinance_raw_daily
2006-05-16,1590.0,1610.0,1480.0,1590.0,626.4310302734375,201887500,0.0,0.0,yfinance_raw_daily
2006-05-17,1580.0,1660.0,1570.0,1580.0,622.4912109375,327955000,0.0,0.0,yfinance_raw_daily
2006-05-18,1530.0,1530.0,1470.0,1510.0,594.9124755859375,232210000,0.0,0.0,yfinance_raw_daily
2006-05-19,1500.0,1520.0,1480.0,1510.0,594.9124755859375,218665000,0.0,0.0,yfinance_raw_daily
2006-05-22,1440.0,1530.0,1430.0,1440.0,567.3338623046875,165647500,0.0,0.0,yfinance_raw_daily
2006-05-23,1440.0,1450.0,1360.0,1440.0,567.3338623046875,369375000,0.0,0.0,yfinance_raw_daily
2006-05-24,1420.0,1470.0,1400.0,1420.0,559.4540405273438,235432500,0.0,0.0,yfinance_raw_daily
2006-05-25,1420.0,1420.0,1420.0,1420.0,559.4540405273438,0,0.0,0.0,yfinance_raw_daily
2006-05-26,1420.0,1420.0,1420.0,1420.0,559.4540405273438,0,0.0,0.0,yfinance_raw_daily
2006-05-29,1440.0,1490.0,1440.0,1470.0,579.1532592773438,197197500,0.0,0.0,yfinance_raw_daily
2006-05-30,1480.0,1500.0,1470.0,1480.0,583.0930786132812,48945000,0.0,0.0,yfinance_raw_daily
2006-05-31,1410.0,1440.0,1400.0,1410.0,555.5142822265625,174300000,0.0,0.0,yfinance_raw_daily
2006-06-01,1440.0,1460.0,1410.0,1440.0,567.3338623046875,105927500,0.0,0.0,yfinance_raw_daily
2006-06-02,1500.0,1500.0,1430.0,1500.0,590.9725952148438,94532500,0.0,0.0,yfinance_raw_daily
2006-06-05,1530.0,1540.0,1500.0,1530.0,602.7921142578125,86662500,0.0,0.0,yfinance_raw_daily
2006-06-06,1450.0,1490.0,1440.0,1450.0,571.2735595703125,86035000,0.0,0.0,yfinance_raw_daily
2006-06-07,1410.0,1430.0,1400.0,1410.0,555.5142822265625,97600000,0.0,0.0,yfinance_raw_daily
2006-06-08,1350.0,1380.0,1350.0,1350.0,531.8754272460938,167967500,0.0,0.0,yfinance_raw_daily
2006-06-09,1410.0,1410.0,1360.0,1410.0,555.5142822265625,173485000,0.0,0.0,yfinance_raw_daily
2006-06-12,1390.0,1390.0,1360.0,1390.0,547.634765625,85582500,0.0,0.0,yfinance_raw_daily
2006-06-13,1350.0,1370.0,1330.0,1350.0,531.8754272460938,172952500,0.0,0.0,yfinance_raw_daily
2006-06-14,1350.0,1390.0,1340.0,1350.0,531.8754272460938,94732500,0.0,0.0,yfinance_raw_daily
2006-06-15,1360.0,1400.0,1350.0,1360.0,535.8151245117188,158182500,0.0,0.0,yfinance_raw_daily
2006-06-16,1410.0,1510.0,1410.0,1500.0,590.9725952148438,254850000,0.0,0.0,yfinance_raw_daily
2006-06-19,1490.0,1500.0,1460.0,1490.0,587.0328369140625,53205000,0.0,0.0,yfinance_raw_daily
2006-06-20,1480.0,1490.0,1450.0,1480.0,583.0930786132812,166275000,0.0,0.0,yfinance_raw_daily
2006-06-21,1480.0,1500.0,1470.0,1480.0,583.0930786132812,60822500,0.0,0.0,yfinance_raw_daily
2006-06-22,1500.0,1530.0,1490.0,1500.0,590.9725952148438,107627500,0.0,0.0,yfinance_raw_daily
2006-06-23,1450.0,1480.0,1440.0,1450.0,571.2735595703125,61155000,0.0,0.0,yfinance_raw_daily
2006-06-26,1450.0,1460.0,1440.0,1450.0,571.2735595703125,27265000,0.0,0.0,yfinance_raw_daily
2006-06-27,1430.0,1450.0,1410.0,1430.0,563.3939819335938,132327500,0.0,0.0,yfinance_raw_daily
2006-06-28,1410.0,1420.0,1400.0,1410.0,555.5142822265625,138290000,0.0,0.0,yfinance_raw_daily
2006-06-29,1410.0,1410.0,1380.0,1390.0,547.634765625,113402500,0.0,0.0,yfinance_raw_daily
2006-06-30,1470.0,1490.0,1450.0,1470.0,579.1532592773438,178420000,0.0,0.0,yfinance_raw_daily
2006-07-03,1460.0,1470.0,1440.0,1460.0,575.2133178710938,110562500,0.0,0.0,yfinance_raw_daily
2006-07-04,1480.0,1500.0,1470.0,1480.0,583.0930786132812,93432500,0.0,0.0,yfinance_raw_daily
2006-07-05,1470.0,1490.0,1470.0,1470.0,579.1532592773438,32527500,0.0,0.0,yfinance_raw_daily
2006-07-06,1490.0,1490.0,1440.0,1490.0,587.0328369140625,66815000,0.0,0.0,yfinance_raw_daily
2006-07-07,1480.0,1500.0,1470.0,1480.0,583.0930786132812,75882500,0.0,0.0,yfinance_raw_daily
2006-07-10,1450.0,1480.0,1450.0,1450.0,571.2735595703125,95840000,0.0,0.0,yfinance_raw_daily
2006-07-11,1460.0,1470.0,1450.0,1460.0,575.2133178710938,30905000,0.0,0.0,yfinance_raw_daily
2006-07-12,1460.0,1470.0,1450.0,1460.0,575.2133178710938,25527500,0.0,0.0,yfinance_raw_daily
2006-07-13,1480.0,1490.0,1450.0,1480.0,583.0930786132812,79087500,0.0,0.0,yfinance_raw_daily
2006-07-14,1420.0,1440.0,1400.0,1420.0,559.4540405273438,156380000,0.0,0.0,yfinance_raw_daily
2006-07-17,1420.0,1450.0,1400.0,1430.0,563.3939819335938,83565000,0.0,0.0,yfinance_raw_daily
2006-07-18,1440.0,1450.0,1430.0,1440.0,567.3338623046875,40625000,0.0,0.0,yfinance_raw_daily
2006-07-19,1450.0,1460.0,1420.0,1430.0,563.3939819335938,79155000,0.0,0.0,yfinance_raw_daily
2006-07-20,1490.0,1490.0,1460.0,1490.0,587.0328369140625,134965000,0.0,0.0,yfinance_raw_daily
2006-07-21,1460.0,1490.0,1450.0,1480.0,583.0930786132812,121882500,0.0,0.0,yfinance_raw_daily
2006-07-24,1480.0,1480.0,1430.0,1480.0,600.8599853515625,108042500,43.7622,0.0,yfinance_raw_daily
2006-07-25,1470.0,1490.0,1460.0,1470.0,596.7999877929688,80055000,0.0,0.0,yfinance_raw_daily
2006-07-26,1470.0,1480.0,1450.0,1460.0,592.7400512695312,38785000,0.0,0.0,yfinance_raw_daily
2006-07-27,1460.0,1470.0,1450.0,1460.0,592.7400512695312,94265000,0.0,0.0,yfinance_raw_daily
2006-07-28,1480.0,1490.0,1470.0,1480.0,600.8599853515625,90702500,0.0,0.0,yfinance_raw_daily
2006-07-31,1490.0,1510.0,1480.0,1490.0,604.9197387695312,100757500,0.0,0.0,yfinance_raw_daily
2006-08-01,1530.0,1550.0,1490.0,1530.0,621.1593017578125,138122500,0.0,0.0,yfinance_raw_daily
2006-08-02,1590.0,1600.0,1520.0,1590.0,645.5183715820312,142460000,0.0,0.0,yfinance_raw_daily
2006-08-03,1560.0,1610.0,1560.0,1560.0,633.3388061523438,108802500,0.0,0.0,yfinance_raw_daily
2006-08-04,1580.0,1580.0,1560.0,1580.0,641.4585571289062,44767500,0.0,0.0,yfinance_raw_daily
2006-08-07,1610.0,1630.0,1580.0,1610.0,653.6382446289062,82072500,0.0,0.0,yfinance_raw_daily
2006-08-08,1580.0,1610.0,1570.0,1580.0,641.4585571289062,45305000,0.0,0.0,yfinance_raw_daily
2006-08-09,1590.0,1600.0,1560.0,1590.0,645.5183715820312,53377500,0.0,0.0,yfinance_raw_daily
2006-08-10,1550.0,1600.0,1540.0,1550.0,629.2789306640625,48362500,0.0,0.0,yfinance_raw_daily
2006-08-11,1600.0,1610.0,1570.0,1600.0,649.5782470703125,49792500,0.0,0.0,yfinance_raw_daily
2006-08-14,1600.0,1610.0,1590.0,1600.0,649.5782470703125,49072500,0.0,0.0,yfinance_raw_daily
2006-08-15,1590.0,1600.0,1580.0,1590.0,645.5183715820312,23967500,0.0,0.0,yfinance_raw_daily
2006-08-16,1600.0,1630.0,1590.0,1600.0,649.5782470703125,80077500,0.0,0.0,yfinance_raw_daily
2006-08-17,1600.0,1600.0,1600.0,1600.0,649.5782470703125,0,0.0,0.0,yfinance_raw_daily
2006-08-18,1600.0,1600.0,1600.0,1600.0,649.5782470703125,0,0.0,0.0,yfinance_raw_daily
2006-08-21,1600.0,1600.0,1600.0,1600.0,649.5782470703125,0,0.0,0.0,yfinance_raw_daily
2006-08-22,1600.0,1610.0,1580.0,1600.0,649.5782470703125,127787500,0.0,0.0,yfinance_raw_daily
2006-08-23,1590.0,1590.0,1580.0,1580.0,641.4585571289062,35865000,0.0,0.0,yfinance_raw_daily
2006-08-24,1580.0,1580.0,1570.0,1580.0,641.4585571289062,46907500,0.0,0.0,yfinance_raw_daily
2006-08-25,1560.0,1580.0,1560.0,1560.0,633.3388061523438,50427500,0.0,0.0,yfinance_raw_daily
2006-08-28,1570.0,1590.0,1570.0,1570.0,637.3987426757812,30125000,0.0,0.0,yfinance_raw_daily
2006-08-29,1600.0,1600.0,1580.0,1600.0,649.5782470703125,50182500,0.0,0.0,yfinance_raw_daily
2006-08-30,1580.0,1620.0,1580.0,1580.0,641.4585571289062,57395000,0.0,0.0,yfinance_raw_daily
2006-08-31,1580.0,1600.0,1560.0,1580.0,641.4585571289062,77757500,0.0,0.0,yfinance_raw_daily
2006-09-01,1570.0,1580.0,1570.0,1570.0,637.3987426757812,42950000,0.0,0.0,yfinance_raw_daily
2006-09-04,1620.0,1630.0,1600.0,1620.0,657.6981201171875,70232500,0.0,0.0,yfinance_raw_daily
2006-09-05,1610.0,1630.0,1600.0,1610.0,653.6382446289062,29897500,0.0,0.0,yfinance_raw_daily
2006-09-06,1620.0,1640.0,1610.0,1620.0,657.6981201171875,77147500,0.0,0.0,yfinance_raw_daily
2006-09-07,1600.0,1610.0,1580.0,1600.0,649.5782470703125,89475000,0.0,0.0,yfinance_raw_daily
2006-09-08,1590.0,1600.0,1570.0,1590.0,645.5183715820312,80727500,0.0,0.0,yfinance_raw_daily
2006-09-11,1570.0,1590.0,1560.0,1570.0,637.3987426757812,91622500,0.0,0.0,yfinance_raw_daily
2006-09-12,1540.0,1570.0,1530.0,1540.0,625.2190551757812,114185000,0.0,0.0,yfinance_raw_daily
2006-09-13,1560.0,1570.0,1550.0,1560.0,633.3388061523438,58385000,0.0,0.0,yfinance_raw_daily
2006-09-14,1580.0,1590.0,1570.0,1580.0,641.4585571289062,35270000,0.0,0.0,yfinance_raw_daily
2006-09-15,1610.0,1620.0,1580.0,1610.0,653.6382446289062,123910000,0.0,0.0,yfinance_raw_daily
2006-09-18,1610.0,1650.0,1600.0,1640.0,665.8178100585938,109022500,0.0,0.0,yfinance_raw_daily
2006-09-19,1670.0,1680.0,1640.0,1670.0,677.9972534179688,77475000,0.0,0.0,yfinance_raw_daily
2006-09-20,1650.0,1660.0,1640.0,1650.0,669.8776245117188,110030000,0.0,0.0,yfinance_raw_daily
2006-09-21,1660.0,1660.0,1620.0,1660.0,673.9375,81850000,0.0,0.0,yfinance_raw_daily
2006-09-22,1640.0,1660.0,1630.0,1640.0,665.8178100585938,63947500,0.0,0.0,yfinance_raw_daily
2006-09-25,1630.0,1630.0,1620.0,1630.0,661.7579345703125,18020000,0.0,0.0,yfinance_raw_daily
2006-09-26,1630.0,1650.0,1610.0,1630.0,661.7579345703125,62265000,0.0,0.0,yfinance_raw_daily
2006-09-27,1670.0,1670.0,1650.0,1670.0,677.9972534179688,58997500,0.0,0.0,yfinance_raw_daily
2006-09-28,1690.0,1690.0,1670.0,1690.0,686.1168823242188,83722500,0.0,0.0,yfinance_raw_daily
2006-09-29,1690.0,1690.0,1670.0,1690.0,686.1168823242188,29947500,0.0,0.0,yfinance_raw_daily
2006-10-02,1680.0,1680.0,1660.0,1680.0,682.0571899414062,30047500,0.0,0.0,yfinance_raw_daily
2006-10-03,1680.0,1680.0,1650.0,1680.0,682.0571899414062,48292500,0.0,0.0,yfinance_raw_daily
2006-10-04,1690.0,1700.0,1640.0,1690.0,686.1168823242188,76745000,0.0,0.0,yfinance_raw_daily
2006-10-05,1680.0,1700.0,1660.0,1680.0,682.0571899414062,43862500,0.0,0.0,yfinance_raw_daily
2006-10-06,1690.0,1720.0,1680.0,1690.0,686.1168823242188,106487500,0.0,0.0,yfinance_raw_daily
2006-10-09,1680.0,1690.0,1650.0,1680.0,682.0571899414062,75382500,0.0,0.0,yfinance_raw_daily
2006-10-10,1660.0,1680.0,1650.0,1660.0,673.9375,48142500,0.0,0.0,yfinance_raw_daily
2006-10-11,1650.0,1670.0,1640.0,1650.0,669.8776245117188,80385000,0.0,0.0,yfinance_raw_daily
2006-10-12,1640.0,1650.0,1630.0,1640.0,665.8178100585938,54890000,0.0,0.0,yfinance_raw_daily
2006-10-13,1650.0,1670.0,1640.0,1650.0,669.8776245117188,82652500,0.0,0.0,yfinance_raw_daily
2006-10-16,1640.0,1670.0,1640.0,1640.0,665.8178100585938,71845000,0.0,0.0,yfinance_raw_daily
2006-10-17,1650.0,1660.0,1640.0,1650.0,669.8776245117188,33190000,0.0,0.0,yfinance_raw_daily
2006-10-18,1660.0,1660.0,1640.0,1660.0,673.9375,19685000,0.0,0.0,yfinance_raw_daily
2006-10-19,1670.0,1670.0,1660.0,1670.0,677.9972534179688,40777500,0.0,0.0,yfinance_raw_daily
2006-10-20,1670.0,1670.0,1650.0,1670.0,677.9972534179688,46790000,0.0,0.0,yfinance_raw_daily
2006-10-23,1670.0,1670.0,1670.0,1670.0,677.9972534179688,0,0.0,0.0,yfinance_raw_daily
2006-10-24,1670.0,1670.0,1670.0,1670.0,677.9972534179688,0,0.0,0.0,yfinance_raw_daily
2006-10-25,1670.0,1670.0,1670.0,1670.0,677.9972534179688,0,0.0,0.0,yfinance_raw_daily
2006-10-26,1670.0,1670.0,1670.0,1670.0,677.9972534179688,0,0.0,0.0,yfinance_raw_daily
2006-10-27,1670.0,1670.0,1670.0,1670.0,677.9972534179688,0,0.0,0.0,yfinance_raw_daily
2006-10-30,1660.0,1680.0,1650.0,1660.0,673.9375,188387500,0.0,0.0,yfinance_raw_daily
2006-10-31,1680.0,1680.0,1640.0,1680.0,682.0571899414062,122037500,0.0,0.0,yfinance_raw_daily
2006-11-01,1690.0,1710.0,1670.0,1700.0,690.1768798828125,189875000,0.0,0.0,yfinance_raw_daily
2006-11-02,1710.0,1720.0,1680.0,1710.0,694.2366943359375,145260000,0.0,0.0,yfinance_raw_daily
2006-11-03,1700.0,1720.0,1700.0,1700.0,690.1768798828125,68742500,0.0,0.0,yfinance_raw_daily
2006-11-06,1770.0,1790.0,1700.0,1770.0,718.5958862304688,153592500,0.0,0.0,yfinance_raw_daily
2006-11-07,1820.0,1830.0,1800.0,1820.0,738.895263671875,93215000,0.0,0.0,yfinance_raw_daily
2006-11-08,1810.0,1840.0,1800.0,1810.0,734.83544921875,81432500,0.0,0.0,yfinance_raw_daily
2006-11-09,1840.0,1860.0,1810.0,1840.0,747.0149536132812,81432500,0.0,0.0,yfinance_raw_daily
2006-11-10,1880.0,1890.0,1850.0,1880.0,763.25439453125,71322500,0.0,0.0,yfinance_raw_daily
2006-11-13,1840.0,1880.0,1840.0,1840.0,747.0149536132812,33997500,0.0,0.0,yfinance_raw_daily
2006-11-14,1920.0,1940.0,1850.0,1920.0,779.4937744140625,124927500,0.0,0.0,yfinance_raw_daily
2006-11-15,1910.0,1950.0,1900.0,1910.0,775.4340209960938,91165000,0.0,0.0,yfinance_raw_daily
2006-11-16,1890.0,1920.0,1880.0,1890.0,767.314208984375,68840000,0.0,0.0,yfinance_raw_daily
2006-11-17,1870.0,1890.0,1860.0,1870.0,759.194580078125,93207500,0.0,0.0,yfinance_raw_daily
2006-11-20,1910.0,1920.0,1870.0,1910.0,775.4340209960938,177177500,0.0,0.0,yfinance_raw_daily
2006-11-21,1910.0,1910.0,1890.0,1890.0,767.314208984375,133735000,0.0,0.0,yfinance_raw_daily
2006-11-22,1940.0,1940.0,1910.0,1940.0,787.6135864257812,52745000,0.0,0.0,yfinance_raw_daily
2006-11-23,1920.0,1960.0,1910.0,1920.0,779.4937744140625,28942500,0.0,0.0,yfinance_raw_daily
2006-11-24,1970.0,1980.0,1920.0,1970.0,799.7933349609375,55110000,0.0,0.0,yfinance_raw_daily
2006-11-27,2000.0,2010.0,1970.0,2000.0,811.972900390625,80955000,0.0,0.0,yfinance_raw_daily
2006-11-28,1950.0,1980.0,1940.0,1950.0,791.6736450195312,79175000,0.0,0.0,yfinance_raw_daily
2006-11-29,1970.0,1970.0,1950.0,1970.0,799.7933349609375,91265000,0.0,0.0,yfinance_raw_daily
2006-11-30,1980.0,2000.0,1960.0,1980.0,803.8532104492188,108440000,0.0,0.0,yfinance_raw_daily
2006-12-01,1980.0,2000.0,1980.0,1980.0,803.8532104492188,42517500,0.0,0.0,yfinance_raw_daily
2006-12-04,2000.0,2010.0,1980.0,2000.0,811.972900390625,110532500,0.0,0.0,yfinance_raw_daily
2006-12-05,2100.0,2120.0,2020.0,2100.0,852.5712890625,113215000,0.0,0.0,yfinance_raw_daily
2006-12-06,2110.0,2170.0,2100.0,2110.0,856.6312866210938,189230000,0.0,0.0,yfinance_raw_daily
2006-12-07,2090.0,2110.0,2080.0,2090.0,848.5116577148438,112982500,0.0,0.0,yfinance_raw_daily
2006-12-08,2060.0,2100.0,2060.0,2060.0,836.33203125,112787500,0.0,0.0,yfinance_raw_daily
2006-12-11,2000.0,2060.0,1990.0,2000.0,811.972900390625,211562500,0.0,0.0,yfinance_raw_daily
2006-12-12,1940.0,1990.0,1920.0,1940.0,787.6135864257812,205947500,0.0,0.0,yfinance_raw_daily
2006-12-13,1940.0,1940.0,1910.0,1940.0,787.6135864257812,125470000,0.0,0.0,yfinance_raw_daily
2006-12-14,1980.0,1980.0,1940.0,1980.0,803.8532104492188,131352500,0.0,0.0,yfinance_raw_daily
2006-12-15,2010.0,2060.0,2010.0,2050.0,832.2720336914062,182852500,0.0,0.0,yfinance_raw_daily
2006-12-18,2000.0,2060.0,1970.0,2000.0,811.972900390625,194985000,0.0,0.0,yfinance_raw_daily
2006-12-19,1970.0,2000.0,1930.0,1970.0,799.7933349609375,245800000,0.0,0.0,yfinance_raw_daily
2006-12-20,1990.0,2020.0,1990.0,1990.0,807.9130859375,102292500,0.0,0.0,yfinance_raw_daily
2006-12-21,2010.0,2010.0,1990.0,2010.0,816.0326538085938,138247500,0.0,0.0,yfinance_raw_daily
2006-12-22,1980.0,2000.0,1970.0,1980.0,807.7472534179688,66830000,9.69,0.0,yfinance_raw_daily
2006-12-26,1980.0,2000.0,1970.0,1980.0,807.7472534179688,21370000,0.0,0.0,yfinance_raw_daily
2006-12-27,2000.0,2010.0,1990.0,2000.0,815.9063110351562,48075000,0.0,0.0,yfinance_raw_daily
2006-12-28,2030.0,2030.0,2000.0,2020.0,824.0653076171875,113320000,0.0,0.0,yfinance_raw_daily
2006-12-29,2020.0,2030.0,2000.0,2020.0,824.0653076171875,113320000,0.0,0.0,yfinance_raw_daily
2007-01-02,2070.0,2070.0,2040.0,2070.0,844.4627685546875,115235000,0.0,0.0,yfinance_raw_daily
2007-01-03,2070.0,2080.0,2050.0,2070.0,844.4627685546875,72295000,0.0,0.0,yfinance_raw_daily
2007-01-04,2030.0,2090.0,2030.0,2030.0,828.1447143554688,80587500,0.0,0.0,yfinance_raw_daily
2007-01-05,2030.0,2030.0,2010.0,2030.0,828.1447143554688,54030000,0.0,0.0,yfinance_raw_daily
2007-01-08,2000.0,2020.0,2000.0,2000.0,815.9063110351562,32652500,0.0,0.0,yfinance_raw_daily
2007-01-09,1990.0,2030.0,1990.0,1990.0,811.8267211914062,68312500,0.0,0.0,yfinance_raw_daily
2007-01-10,1970.0,1980.0,1920.0,1940.0,791.4288940429688,145862500,0.0,0.0,yfinance_raw_daily
2007-01-11,1950.0,1960.0,1910.0,1930.0,787.349609375,81902500,0.0,0.0,yfinance_raw_daily
2007-01-12,1920.0,1960.0,1860.0,1920.0,783.2698364257812,245777500,0.0,0.0,yfinance_raw_daily
2007-01-15,1970.0,1980.0,1940.0,1970.0,803.667724609375,127295000,0.0,0.0,yfinance_raw_daily
2007-01-16,1980.0,1990.0,1970.0,1980.0,807.7472534179688,82660000,0.0,0.0,yfinance_raw_daily
2007-01-17,1980.0,2000.0,1980.0,1980.0,807.7472534179688,51060000,0.0,0.0,yfinance_raw_daily
2007-01-18,1980.0,2000.0,1980.0,1980.0,807.7472534179688,45422500,0.0,0.0,yfinance_raw_daily
2007-01-19,2030.0,2030.0,1980.0,2030.0,828.1447143554688,100987500,0.0,0.0,yfinance_raw_daily
2007-01-22,2030.0,2050.0,2010.0,2030.0,828.1447143554688,71645000,0.0,0.0,yfinance_raw_daily
2007-01-23,2000.0,2030.0,1990.0,2000.0,815.9063110351562,36275000,0.0,0.0,yfinance_raw_daily
2007-01-24,1990.0,2010.0,1970.0,1990.0,811.8267211914062,53297500,0.0,0.0,yfinance_raw_daily
2007-01-25,1950.0,1980.0,1910.0,1950.0,795.5086669921875,167312500,0.0,0.0,yfinance_raw_daily
2007-01-26,1920.0,1920.0,1880.0,1910.0,779.1904296875,162115000,0.0,0.0,yfinance_raw_daily
2007-01-29,1930.0,1940.0,1910.0,1930.0,787.349609375,75975000,0.0,0.0,yfinance_raw_daily
2007-01-30,1910.0,1940.0,1890.0,1910.0,779.1904296875,102025000,0.0,0.0,yfinance_raw_daily
2007-01-31,1890.0,1920.0,1880.0,1890.0,771.03125,144560000,0.0,0.0,yfinance_raw_daily
2007-02-01,1910.0,1920.0,1890.0,1910.0,779.1904296875,112895000,0.0,0.0,yfinance_raw_daily
2007-02-02,1910.0,1920.0,1940.0,1910.0,779.1904296875,96220000,0.0,0.0,yfinance_raw_daily
2007-02-05,1910.0,1910.0,1890.0,1910.0,779.1904296875,54545000,0.0,0.0,yfinance_raw_daily
2007-02-06,1890.0,1900.0,1880.0,1890.0,771.03125,39287500,0.0,0.0,yfinance_raw_daily
2007-02-07,1870.0,1890.0,1860.0,1870.0,762.8722534179688,128965000,0.0,0.0,yfinance_raw_daily
2007-02-08,1860.0,1860.0,1810.0,1860.0,758.7928466796875,188895000,0.0,0.0,yfinance_raw_daily
2007-02-09,1840.0,1840.0,1810.0,1820.0,742.474609375,133475000,0.0,0.0,yfinance_raw_daily
2007-02-12,1810.0,1830.0,1780.0,1810.0,738.3951416015625,117820000,0.0,0.0,yfinance_raw_daily
2007-02-13,1790.0,1820.0,1780.0,1790.0,730.2360229492188,71117500,0.0,0.0,yfinance_raw_daily
2007-02-14,1850.0,1870.0,1830.0,1850.0,754.713134765625,254550000,0.0,0.0,yfinance_raw_daily
2007-02-15,1900.0,1920.0,1890.0,1900.0,775.1107788085938,152835000,0.0,0.0,yfinance_raw_daily
2007-02-16,1920.0,1950.0,1910.0,1930.0,787.349609375,167342500,0.0,0.0,yfinance_raw_daily
2007-02-19,1930.0,1940.0,1920.0,1930.0,787.349609375,22302500,0.0,0.0,yfinance_raw_daily
2007-02-20,1930.0,1930.0,1910.0,1930.0,787.349609375,43342500,0.0,0.0,yfinance_raw_daily
2007-02-21,1940.0,1940.0,1910.0,1940.0,791.4288940429688,46720000,0.0,0.0,yfinance_raw_daily
2007-02-22,1930.0,1950.0,1900.0,1920.0,783.2698364257812,68597500,0.0,0.0,yfinance_raw_daily
2007-02-23,1860.0,1920.0,1860.0,1860.0,758.7928466796875,104440000,0.0,0.0,yfinance_raw_daily
2007-02-26,1840.0,1860.0,1820.0,1840.0,750.6336669921875,72825000,0.0,0.0,yfinance_raw_daily
2007-02-27,1820.0,1860.0,1820.0,1820.0,742.474609375,92915000,0.0,0.0,yfinance_raw_daily
2007-02-28,1780.0,1800.0,1710.0,1780.0,726.1565551757812,398190000,0.0,0.0,yfinance_raw_daily
2007-03-01,1850.0,1870.0,1830.0,1850.0,754.713134765625,255862500,0.0,0.0,yfinance_raw_daily
2007-03-02,1870.0,1870.0,1830.0,1870.0,762.8722534179688,74437500,0.0,0.0,yfinance_raw_daily
2007-03-05,1800.0,1830.0,1790.0,1800.0,734.3156127929688,119467500,0.0,0.0,yfinance_raw_daily
2007-03-06,1850.0,1860.0,1790.0,1850.0,754.713134765625,91640000,0.0,0.0,yfinance_raw_daily
2007-03-07,1850.0,1880.0,1840.0,1850.0,754.713134765625,79557500,0.0,0.0,yfinance_raw_daily
2007-03-08,1840.0,1860.0,1840.0,1860.0,758.7928466796875,47380000,0.0,0.0,yfinance_raw_daily
2007-03-09,1840.0,1870.0,1830.0,1840.0,750.6336669921875,50887500,0.0,0.0,yfinance_raw_daily
2007-03-12,1880.0,1890.0,1850.0,1880.0,766.9517822265625,88205000,0.0,0.0,yfinance_raw_daily
2007-03-13,1880.0,1890.0,1870.0,1880.0,766.9517822265625,67700000,0.0,0.0,yfinance_raw_daily
2007-03-14,1840.0,1870.0,1830.0,1840.0,750.6336669921875,96100000,0.0,0.0,yfinance_raw_daily
2007-03-15,1870.0,1870.0,1840.0,1870.0,762.8722534179688,60237500,0.0,0.0,yfinance_raw_daily
2007-03-16,1860.0,1880.0,1850.0,1860.0,758.7928466796875,32045000,0.0,0.0,yfinance_raw_daily
2007-03-20,1900.0,1900.0,1870.0,1900.0,775.1107788085938,58877500,0.0,0.0,yfinance_raw_daily
2007-03-21,1860.0,1900.0,1850.0,1860.0,758.7928466796875,50930000,0.0,0.0,yfinance_raw_daily
2007-03-22,1910.0,1910.0,1880.0,1910.0,779.1904296875,126797500,0.0,0.0,yfinance_raw_daily
2007-03-23,1920.0,1930.0,1900.0,1920.0,783.2698364257812,76317500,0.0,0.0,yfinance_raw_daily
2007-03-26,1940.0,1940.0,1910.0,1940.0,791.4288940429688,89827500,0.0,0.0,yfinance_raw_daily
2007-03-27,1960.0,1970.0,1940.0,1960.0,799.5879516601562,106120000,0.0,0.0,yfinance_raw_daily
2007-03-28,1940.0,1940.0,1930.0,1940.0,791.4288940429688,43050000,0.0,0.0,yfinance_raw_daily
2007-03-29,1930.0,1950.0,1910.0,1930.0,787.349609375,41487500,0.0,0.0,yfinance_raw_daily
2007-03-30,1970.0,1980.0,1950.0,1970.0,803.667724609375,109387500,0.0,0.0,yfinance_raw_daily
2007-04-02,1980.0,2000.0,1970.0,1980.0,807.7472534179688,80462500,0.0,0.0,yfinance_raw_daily
2007-04-03,2000.0,2020.0,1990.0,2000.0,815.9063110351562,102885000,0.0,0.0,yfinance_raw_daily
2007-04-04,2040.0,2050.0,2020.0,2040.0,832.224365234375,167167500,0.0,0.0,yfinance_raw_daily
2007-04-05,2020.0,2050.0,2010.0,2020.0,824.0653076171875,87732500,0.0,0.0,yfinance_raw_daily
2007-04-09,2040.0,2050.0,2020.0,2040.0,832.224365234375,56025000,0.0,0.0,yfinance_raw_daily
2007-04-10,2060.0,2070.0,2040.0,2060.0,840.3834228515625,71545000,0.0,0.0,yfinance_raw_daily
2007-04-11,2090.0,2100.0,2070.0,2090.0,852.6220703125,122502500,0.0,0.0,yfinance_raw_daily
2007-04-12,2050.0,2060.0,2040.0,2050.0,836.3037719726562,86552500,0.0,0.0,yfinance_raw_daily
2007-04-13,2080.0,2080.0,2060.0,2080.0,848.5425415039062,50010000,0.0,0.0,yfinance_raw_daily
2007-04-16,2080.0,2090.0,2060.0,2080.0,848.5425415039062,59530000,0.0,0.0,yfinance_raw_daily
2007-04-17,2090.0,2090.0,2060.0,2090.0,852.6220703125,91280000,0.0,0.0,yfinance_raw_daily
2007-04-18,2050.0,2090.0,2040.0,2050.0,836.3037719726562,68467500,0.0,0.0,yfinance_raw_daily
2007-04-19,2000.0,2040.0,2000.0,2000.0,815.9063110351562,125080000,0.0,0.0,yfinance_raw_daily
2007-04-20,2020.0,2080.0,2020.0,2080.0,848.5425415039062,54530000,0.0,0.0,yfinance_raw_daily
2007-04-23,2110.0,2120.0,2090.0,2110.0,860.781005859375,130387500,0.0,0.0,yfinance_raw_daily
2007-04-24,2100.0,2110.0,2080.0,2100.0,856.7013549804688,46327500,0.0,0.0,yfinance_raw_daily
2007-04-25,2100.0,2110.0,2060.0,2100.0,856.7013549804688,56915000,0.0,0.0,yfinance_raw_daily
2007-04-26,2160.0,2170.0,2120.0,2160.0,881.1788330078125,157845000,0.0,0.0,yfinance_raw_daily
2007-04-27,2150.0,2160.0,2130.0,2150.0,877.0992431640625,71480000,0.0,0.0,yfinance_raw_daily
2007-04-30,2100.0,2140.0,2090.0,2100.0,856.7013549804688,60482500,0.0,0.0,yfinance_raw_daily
2007-05-01,2070.0,2090.0,2060.0,2070.0,844.4627685546875,34377500,0.0,0.0,yfinance_raw_daily
2007-05-02,2050.0,2100.0,2020.0,2050.0,836.3037719726562,176360000,0.0,0.0,yfinance_raw_daily
2007-05-03,2070.0,2070.0,2050.0,2070.0,844.4627685546875,60040000,0.0,0.0,yfinance_raw_daily
2007-05-04,2060.0,2080.0,2040.0,2060.0,840.3834228515625,74222500,0.0,0.0,yfinance_raw_daily
2007-05-07,2040.0,2060.0,2000.0,2040.0,832.224365234375,137507500,0.0,0.0,yfinance_raw_daily
2007-05-08,1990.0,2040.0,1980.0,1990.0,811.8267211914062,157807500,0.0,0.0,yfinance_raw_daily
2007-05-09,1980.0,1990.0,1950.0,1980.0,807.7472534179688,136847500,0.0,0.0,yfinance_raw_daily
2007-05-10,1980.0,1990.0,1970.0,1980.0,807.7472534179688,75005000,0.0,0.0,yfinance_raw_daily
2007-05-11,1920.0,1950.0,1910.0,1920.0,783.2698364257812,266442500,0.0,0.0,yfinance_raw_daily
2007-05-14,1950.0,1960.0,1920.0,1950.0,795.5086669921875,123517500,0.0,0.0,yfinance_raw_daily
2007-05-15,1920.0,1950.0,1910.0,1920.0,783.2698364257812,104872500,0.0,0.0,yfinance_raw_daily
2007-05-16,1920.0,1920.0,1900.0,1920.0,783.2698364257812,77072500,0.0,0.0,yfinance_raw_daily
2007-05-21,1900.0,1940.0,1880.0,1900.0,775.1107788085938,260162500,0.0,0.0,yfinance_raw_daily
2007-05-22,1880.0,1900.0,1860.0,1880.0,766.9517822265625,146685000,0.0,0.0,yfinance_raw_daily
2007-05-23,1940.0,1950.0,1890.0,1940.0,791.4288940429688,258477500,0.0,0.0,yfinance_raw_daily
2007-05-24,1940.0,1960.0,1920.0,1940.0,791.4288940429688,87515000,0.0,0.0,yfinance_raw_daily
2007-05-25,1920.0,1920.0,1900.0,1920.0,783.2698364257812,106712500,0.0,0.0,yfinance_raw_daily
2007-05-28,1930.0,1940.0,1910.0,1930.0,787.349609375,47110000,0.0,0.0,yfinance_raw_daily
2007-05-29,1900.0,1930.0,1890.0,1900.0,775.1107788085938,139137500,0.0,0.0,yfinance_raw_daily
2007-05-30,1910.0,1910.0,1870.0,1910.0,779.1904296875,145185000,0.0,0.0,yfinance_raw_daily
2007-05-31,1930.0,1930.0,1890.0,1910.0,779.1904296875,93415000,0.0,0.0,yfinance_raw_daily
2007-06-04,1950.0,1960.0,1920.0,1950.0,795.5086669921875,233867500,0.0,0.0,yfinance_raw_daily
2007-06-05,1940.0,1950.0,1920.0,1940.0,791.4288940429688,112865000,0.0,0.0,yfinance_raw_daily
2007-06-06,1930.0,1940.0,1920.0,1930.0,787.349609375,129310000,0.0,0.0,yfinance_raw_daily
2007-06-07,1940.0,1960.0,1910.0,1940.0,791.4288940429688,126467500,0.0,0.0,yfinance_raw_daily
2007-06-08,1930.0,1930.0,1910.0,1930.0,787.349609375,113095000,0.0,0.0,yfinance_raw_daily
2007-06-11,1940.0,1940.0,1920.0,1940.0,791.4288940429688,116230000,0.0,0.0,yfinance_raw_daily
2007-06-12,1970.0,1980.0,1940.0,1970.0,803.667724609375,136617500,0.0,0.0,yfinance_raw_daily
2007-06-13,1940.0,1950.0,1920.0,1940.0,791.4288940429688,70592500,0.0,0.0,yfinance_raw_daily
2007-06-14,1960.0,1970.0,1940.0,1960.0,799.5879516601562,129385000,0.0,0.0,yfinance_raw_daily
2007-06-15,1950.0,1960.0,1940.0,1950.0,795.5086669921875,176792500,0.0,0.0,yfinance_raw_daily
2007-06-18,1960.0,1970.0,1930.0,1940.0,791.4288940429688,136572500,0.0,0.0,yfinance_raw_daily
2007-06-19,1940.0,1950.0,1920.0,1940.0,791.4288940429688,30130000,0.0,0.0,yfinance_raw_daily
2007-06-20,1960.0,1970.0,1920.0,1960.0,799.5879516601562,88277500,0.0,0.0,yfinance_raw_daily
2007-06-21,1950.0,1950.0,1930.0,1950.0,795.5086669921875,61165000,0.0,0.0,yfinance_raw_daily
2007-06-22,1940.0,1950.0,1920.0,1940.0,791.4288940429688,91842500,0.0,0.0,yfinance_raw_daily
2007-06-25,1930.0,1950.0,1930.0,1930.0,787.349609375,70452500,0.0,0.0,yfinance_raw_daily
2007-06-26,1950.0,1960.0,1920.0,1950.0,795.5086669921875,91390000,0.0,0.0,yfinance_raw_daily
2007-06-27,1950.0,1960.0,1930.0,1950.0,795.5086669921875,85802500,0.0,0.0,yfinance_raw_daily
2007-06-28,1940.0,1950.0,1920.0,1940.0,791.4288940429688,151407500,0.0,0.0,yfinance_raw_daily
2007-06-29,1940.0,1980.0,1920.0,1970.0,803.667724609375,95740000,0.0,0.0,yfinance_raw_daily
2007-07-02,1980.0,1990.0,1960.0,1980.0,807.7472534179688,50480000,0.0,0.0,yfinance_raw_daily
2007-07-03,2000.0,2020.0,1980.0,2000.0,815.9063110351562,93505000,0.0,0.0,yfinance_raw_daily
2007-07-04,2070.0,2080.0,2000.0,2070.0,844.4627685546875,213470000,0.0,0.0,yfinance_raw_daily
2007-07-05,2110.0,2120.0,2080.0,2110.0,860.781005859375,203522500,0.0,0.0,yfinance_raw_daily
2007-07-06,2080.0,2130.0,2070.0,2080.0,848.5425415039062,82042500,0.0,0.0,yfinance_raw_daily
2007-07-09,2100.0,2110.0,2080.0,2100.0,856.7013549804688,96015000,0.0,0.0,yfinance_raw_daily
2007-07-10,2100.0,2130.0,2090.0,2100.0,856.7013549804688,143855000,0.0,0.0,yfinance_raw_daily
2007-07-11,2120.0,2130.0,2080.0,2120.0,864.8605346679688,134290000,0.0,0.0,yfinance_raw_daily
2007-07-12,2180.0,2220.0,2130.0,2180.0,889.3377075195312,171495000,0.0,0.0,yfinance_raw_daily
2007-07-13,2290.0,2290.0,2220.0,2290.0,934.2127685546875,166197500,0.0,0.0,yfinance_raw_daily
2007-07-16,2290.0,2320.0,2240.0,2290.0,934.2127685546875,79435000,0.0,0.0,yfinance_raw_daily
2007-07-17,2260.0,2280.0,2250.0,2260.0,921.9739379882812,79922500,0.0,0.0,yfinance_raw_daily
2007-07-18,2200.0,2240.0,2180.0,2200.0,897.49658203125,140627500,0.0,0.0,yfinance_raw_daily
2007-07-19,2260.0,2260.0,2190.0,2260.0,921.9739379882812,46835000,0.0,0.0,yfinance_raw_daily
2007-07-20,2270.0,2300.0,2230.0,2270.0,926.053466796875,81465000,0.0,0.0,yfinance_raw_daily
2007-07-23,2230.0,2230.0,2200.0,2210.0,922.27734375,114797500,50.951,0.0,yfinance_raw_daily
2007-07-24,2220.0,2230.0,2190.0,2200.0,918.1038208007812,62470000,0.0,0.0,yfinance_raw_daily
2007-07-25,2200.0,2200.0,2160.0,2190.0,913.9307861328125,97025000,0.0,0.0,yfinance_raw_daily
2007-07-26,2190.0,2220.0,2130.0,2150.0,897.2380981445312,177137500,0.0,0.0,yfinance_raw_daily
2007-07-27,2090.0,2130.0,2080.0,2090.0,872.1989135742188,157387500,0.0,0.0,yfinance_raw_daily
2007-07-30,2100.0,2140.0,2090.0,2130.0,888.8916625976562,89540000,0.0,0.0,yfinance_raw_daily
2007-07-31,2180.0,2240.0,2180.0,2240.0,934.7966918945312,164210000,0.0,0.0,yfinance_raw_daily
2007-08-01,2140.0,2200.0,2120.0,2140.0,893.0646362304688,145082500,0.0,0.0,yfinance_raw_daily
2007-08-02,2170.0,2190.0,2130.0,2170.0,905.5844116210938,89842500,0.0,0.0,yfinance_raw_daily
2007-08-03,2180.0,2200.0,2180.0,2180.0,909.757568359375,51155000,0.0,0.0,yfinance_raw_daily
2007-08-06,2130.0,2130.0,2090.0,2120.0,884.7183837890625,84297500,0.0,0.0,yfinance_raw_daily
2007-08-07,2130.0,2140.0,2110.0,2130.0,888.8916625976562,60382500,0.0,0.0,yfinance_raw_daily
2007-08-08,2210.0,2240.0,2140.0,2210.0,922.27734375,85442500,0.0,0.0,yfinance_raw_daily
2007-08-09,2250.0,2250.0,2170.0,2180.0,909.757568359375,74157500,0.0,0.0,yfinance_raw_daily
2007-08-10,2180.0,2180.0,2080.0,2180.0,909.757568359375,115902500,0.0,0.0,yfinance_raw_daily
2007-08-13,2170.0,2190.0,2150.0,2170.0,905.5844116210938,64997500,0.0,0.0,yfinance_raw_daily
2007-08-14,2150.0,2170.0,2140.0,2170.0,905.5844116210938,36430000,0.0,0.0,yfinance_raw_daily
2007-08-15,2120.0,2120.0,2010.0,2030.0,847.1595458984375,107010000,0.0,0.0,yfinance_raw_daily
2007-08-16,1970.0,1980.0,1910.0,1970.0,822.1205444335938,228095000,0.0,0.0,yfinance_raw_daily
2007-08-20,2030.0,2140.0,2020.0,2100.0,876.371826171875,142365000,0.0,0.0,yfinance_raw_daily
2007-08-21,2030.0,2090.0,2020.0,2030.0,847.1595458984375,78260000,0.0,0.0,yfinance_raw_daily
2007-08-22,2100.0,2100.0,2040.0,2100.0,876.371826171875,62735000,0.0,0.0,yfinance_raw_daily
2007-08-23,2100.0,2150.0,2100.0,2100.0,876.371826171875,96522500,0.0,0.0,yfinance_raw_daily
2007-08-24,2170.0,2180.0,2080.0,2170.0,905.5844116210938,72797500,0.0,0.0,yfinance_raw_daily
2007-08-27,2190.0,2230.0,2190.0,2190.0,913.9307861328125,55165000,0.0,0.0,yfinance_raw_daily
2007-08-28,2160.0,2190.0,2150.0,2160.0,901.411376953125,33070000,0.0,0.0,yfinance_raw_daily
2007-08-29,2120.0,2130.0,2090.0,2120.0,884.7183837890625,49832500,0.0,0.0,yfinance_raw_daily
2007-08-30,2140.0,2170.0,2130.0,2140.0,893.0646362304688,42942500,0.0,0.0,yfinance_raw_daily
2007-08-31,2170.0,2170.0,2110.0,2170.0,905.5844116210938,64590000,0.0,0.0,yfinance_raw_daily
2007-09-03,2230.0,2240.0,2180.0,2230.0,930.62353515625,97987500,0.0,0.0,yfinance_raw_daily
2007-09-04,2240.0,2260.0,2230.0,2240.0,934.7966918945312,63520000,0.0,0.0,yfinance_raw_daily
2007-09-05,2200.0,2260.0,2190.0,2200.0,918.1038208007812,51345000,0.0,0.0,yfinance_raw_daily
2007-09-06,2190.0,2210.0,2170.0,2190.0,913.9307861328125,70432500,0.0,0.0,yfinance_raw_daily
2007-09-07,2230.0,2250.0,2210.0,2230.0,930.62353515625,44680000,0.0,0.0,yfinance_raw_daily
2007-09-10,2180.0,2200.0,2170.0,2180.0,909.757568359375,47770000,0.0,0.0,yfinance_raw_daily
2007-09-11,2160.0,2190.0,2160.0,2160.0,901.411376953125,39400000,0.0,0.0,yfinance_raw_daily
2007-09-12,2170.0,2180.0,2120.0,2170.0,905.5844116210938,101792500,0.0,0.0,yfinance_raw_daily
2007-09-13,2160.0,2170.0,2140.0,2160.0,901.411376953125,23955000,0.0,0.0,yfinance_raw_daily
2007-09-14,2130.0,2180.0,2130.0,2130.0,888.8916625976562,104785000,0.0,0.0,yfinance_raw_daily
2007-09-17,2140.0,2150.0,2120.0,2140.0,893.0646362304688,65100000,0.0,0.0,yfinance_raw_daily
2007-09-18,2140.0,2140.0,2120.0,2140.0,893.0646362304688,51957500,0.0,0.0,yfinance_raw_daily
2007-09-19,2250.0,2260.0,2200.0,2250.0,938.9698486328125,164710000,0.0,0.0,yfinance_raw_daily
2007-09-20,2200.0,2270.0,2200.0,2200.0,918.1038208007812,127687500,0.0,0.0,yfinance_raw_daily
2007-09-21,2190.0,2230.0,2180.0,2230.0,930.62353515625,81187500,0.0,0.0,yfinance_raw_daily
2007-09-24,2220.0,2220.0,2180.0,2190.0,913.9307861328125,134990000,0.0,0.0,yfinance_raw_daily
2007-09-25,2180.0,2180.0,2150.0,2160.0,901.411376953125,92862500,0.0,0.0,yfinance_raw_daily
2007-09-26,2170.0,2200.0,2170.0,2170.0,905.5844116210938,95155000,0.0,0.0,yfinance_raw_daily
2007-09-27,2180.0,2200.0,2170.0,2180.0,909.757568359375,100377500,0.0,0.0,yfinance_raw_daily
2007-09-28,2200.0,2210.0,2180.0,2200.0,918.1038208007812,104130000,0.0,0.0,yfinance_raw_daily
2007-10-01,2270.0,2270.0,2210.0,2270.0,947.3163452148438,172815000,0.0,0.0,yfinance_raw_daily
2007-10-02,2400.0,2430.0,2300.0,2400.0,1001.5680541992188,359642500,0.0,0.0,yfinance_raw_daily
2007-10-03,2390.0,2480.0,2370.0,2390.0,997.3946533203125,174840000,0.0,0.0,yfinance_raw_daily
2007-10-04,2360.0,2420.0,2350.0,2420.0,1009.9144897460938,80400000,0.0,0.0,yfinance_raw_daily
2007-10-05,2490.0,2510.0,2410.0,2490.0,1039.126953125,91495000,0.0,0.0,yfinance_raw_daily
2007-10-08,2500.0,2530.0,2480.0,2500.0,1043.300048828125,64122500,0.0,0.0,yfinance_raw_daily
2007-10-09,2460.0,2480.0,2430.0,2460.0,1026.6072998046875,127312500,0.0,0.0,yfinance_raw_daily
2007-10-10,2470.0,2510.0,2460.0,2470.0,1030.7803955078125,75465000,0.0,0.0,yfinance_raw_daily
2007-10-11,2530.0,2550.0,2480.0,2530.0,1055.8197021484375,67147500,0.0,0.0,yfinance_raw_daily
2007-10-17,2480.0,2480.0,2410.0,2430.0,1014.087646484375,225465000,0.0,0.0,yfinance_raw_daily
2007-10-18,2440.0,2480.0,2430.0,2430.0,1014.087646484375,91537500,0.0,0.0,yfinance_raw_daily
2007-10-19,2400.0,2400.0,2320.0,2360.0,984.8753051757812,116842500,0.0,0.0,yfinance_raw_daily
2007-10-22,2300.0,2310.0,2240.0,2260.0,943.1431274414062,81105000,0.0,0.0,yfinance_raw_daily
2007-10-23,2300.0,2400.0,2290.0,2380.0,993.2217407226562,139642500,0.0,0.0,yfinance_raw_daily
2007-10-24,2380.0,2410.0,2310.0,2310.0,964.0090942382812,152705000,0.0,0.0,yfinance_raw_daily
2007-10-25,2320.0,2360.0,2300.0,2350.0,980.7020263671875,137387500,0.0,0.0,yfinance_raw_daily
2007-10-26,2350.0,2400.0,2350.0,2380.0,993.2217407226562,104477500,0.0,0.0,yfinance_raw_daily
2007-10-29,2400.0,2410.0,2370.0,2370.0,989.04833984375,139820000,0.0,0.0,yfinance_raw_daily
2007-10-30,2370.0,2390.0,2270.0,2270.0,947.3163452148438,150692500,0.0,0.0,yfinance_raw_daily
2007-10-31,2240.0,2240.0,2110.0,2150.0,897.2380981445312,808005000,0.0,0.0,yfinance_raw_daily
2007-11-01,2200.0,2250.0,2190.0,2230.0,930.62353515625,393045000,0.0,0.0,yfinance_raw_daily
2007-11-02,2170.0,2280.0,2160.0,2280.0,951.489501953125,258605000,0.0,0.0,yfinance_raw_daily
2007-11-05,2260.0,2290.0,2210.0,2240.0,934.7966918945312,156805000,0.0,0.0,yfinance_raw_daily
2007-11-06,2260.0,2290.0,2260.0,2270.0,947.3163452148438,59542500,0.0,0.0,yfinance_raw_daily
2007-11-07,2300.0,2320.0,2280.0,2320.0,968.1826782226562,95007500,0.0,0.0,yfinance_raw_daily
2007-11-08,2250.0,2290.0,2250.0,2280.0,951.489501953125,85877500,0.0,0.0,yfinance_raw_daily
2007-11-09,2260.0,2270.0,2240.0,2260.0,943.1431274414062,72167500,0.0,0.0,yfinance_raw_daily
2007-11-12,2200.0,2220.0,2180.0,2200.0,918.1038208007812,140007500,0.0,0.0,yfinance_raw_daily
2007-11-13,2160.0,2180.0,2140.0,2170.0,905.5844116210938,172897500,0.0,0.0,yfinance_raw_daily
2007-11-14,2190.0,2200.0,2120.0,2140.0,893.0646362304688,321707500,0.0,0.0,yfinance_raw_daily
2007-11-15,2120.0,2150.0,2110.0,2130.0,888.8916625976562,171982500,0.0,0.0,yfinance_raw_daily
2007-11-16,2100.0,2120.0,2080.0,2100.0,876.371826171875,160800000,0.0,0.0,yfinance_raw_daily
2007-11-19,2100.0,2140.0,2080.0,2090.0,872.1989135742188,106970000,0.0,0.0,yfinance_raw_daily
2007-11-20,2090.0,2050.0,1970.0,2020.0,842.9864501953125,383862500,0.0,0.0,yfinance_raw_daily
2007-11-21,2020.0,2050.0,2000.0,2020.0,842.9864501953125,137125000,0.0,0.0,yfinance_raw_daily
2007-11-22,1990.0,2080.0,1990.0,2040.0,851.3328247070312,138442500,0.0,0.0,yfinance_raw_daily
2007-11-23,2060.0,2060.0,2010.0,2010.0,838.8131103515625,66492500,0.0,0.0,yfinance_raw_daily
2007-11-26,2020.0,2060.0,2010.0,2040.0,851.3328247070312,105340000,0.0,0.0,yfinance_raw_daily
2007-11-27,2000.0,2020.0,1990.0,2000.0,834.6400756835938,197382500,0.0,0.0,yfinance_raw_daily
2007-11-28,2020.0,2040.0,2010.0,2020.0,842.9864501953125,143595000,0.0,0.0,yfinance_raw_daily
2007-11-29,2080.0,2120.0,2080.0,2100.0,876.371826171875,170655000,0.0,0.0,yfinance_raw_daily
2007-11-30,2080.0,2080.0,2020.0,2030.0,851.0867919921875,181037500,9.69,0.0,yfinance_raw_daily
2007-12-03,2050.0,2100.0,2050.0,2100.0,880.4345703125,89817500,0.0,0.0,yfinance_raw_daily
2007-12-04,2090.0,2110.0,2070.0,2100.0,880.4345703125,72092500,0.0,0.0,yfinance_raw_daily
2007-12-05,2100.0,2180.0,2090.0,2180.0,913.9749145507812,182352500,0.0,0.0,yfinance_raw_daily
2007-12-06,2210.0,2250.0,2190.0,2220.0,930.7451171875,270822500,0.0,0.0,yfinance_raw_daily
2007-12-07,2250.0,2250.0,2180.0,2190.0,918.1676025390625,133190000,0.0,0.0,yfinance_raw_daily
2007-12-10,2200.0,2210.0,2180.0,2200.0,922.3600463867188,100477500,0.0,0.0,yfinance_raw_daily
2007-12-11,2220.0,2230.0,2180.0,2220.0,930.7451171875,77365000,0.0,0.0,yfinance_raw_daily
2007-12-12,2180.0,2200.0,2170.0,2190.0,918.1676025390625,121747500,0.0,0.0,yfinance_raw_daily
2007-12-13,2200.0,2200.0,2110.0,2120.0,888.8196411132812,181740000,0.0,0.0,yfinance_raw_daily
2007-12-14,2130.0,2130.0,2060.0,2080.0,872.0496215820312,252170000,0.0,0.0,yfinance_raw_daily
2007-12-17,2080.0,2080.0,1980.0,2010.0,842.7017211914062,271225000,0.0,0.0,yfinance_raw_daily
2007-12-18,1970.0,2050.0,1960.0,2010.0,842.7017211914062,265552500,0.0,0.0,yfinance_raw_daily
2007-12-19,2030.0,2040.0,2000.0,2000.0,838.5092163085938,75177500,0.0,0.0,yfinance_raw_daily
2007-12-26,2040.0,2060.0,2000.0,2010.0,842.7017211914062,96315000,0.0,0.0,yfinance_raw_daily
2007-12-27,2010.0,2020.0,1980.0,2000.0,838.5092163085938,151777500,0.0,0.0,yfinance_raw_daily
2007-12-28,2000.0,2030.0,1980.0,2030.0,851.0867919921875,64912500,0.0,0.0,yfinance_raw_daily
2007-12-31,2030.0,2030.0,2030.0,2030.0,851.0867919921875,0,0.0,0.0,yfinance_raw_daily
2008-01-02,2010.0,2020.0,1990.0,2000.0,838.5092163085938,48080000,0.0,0.0,yfinance_raw_daily
2008-01-03,1980.0,2000.0,1970.0,1980.0,830.1242065429688,67850000,0.0,0.0,yfinance_raw_daily
2008-01-04,1980.0,2020.0,1960.0,2000.0,838.5092163085938,85595000,0.0,0.0,yfinance_raw_daily
2008-01-07,1980.0,2050.0,1970.0,2040.0,855.279296875,123282500,0.0,0.0,yfinance_raw_daily
2008-01-08,2040.0,2060.0,2030.0,2050.0,859.471923828125,157245000,0.0,0.0,yfinance_raw_daily
2008-01-09,2010.0,2040.0,2010.0,2010.0,842.7017211914062,121412500,0.0,0.0,yfinance_raw_daily
2008-01-14,2000.0,2010.0,1940.0,1970.0,825.9314575195312,277205000,0.0,0.0,yfinance_raw_daily
2008-01-15,1970.0,1970.0,1850.0,1860.0,779.8135375976562,385150000,0.0,0.0,yfinance_raw_daily
2008-01-16,1800.0,1800.0,1750.0,1790.0,750.4656372070312,520420000,0.0,0.0,yfinance_raw_daily
2008-01-17,1810.0,1860.0,1790.0,1840.0,771.4284057617188,212545000,0.0,0.0,yfinance_raw_daily
2008-01-18,1780.0,1880.0,1760.0,1840.0,771.4284057617188,194337500,0.0,0.0,yfinance_raw_daily
2008-01-21,1820.0,1830.0,1750.0,1780.0,746.2730712890625,180100000,0.0,0.0,yfinance_raw_daily
2008-01-22,1700.0,1720.0,1650.0,1680.0,704.34765625,294207500,0.0,0.0,yfinance_raw_daily
2008-01-23,1760.0,1810.0,1720.0,1770.0,742.0806274414062,346427500,0.0,0.0,yfinance_raw_daily
2008-01-24,1760.0,1850.0,1760.0,1810.0,758.8507690429688,234542500,0.0,0.0,yfinance_raw_daily
2008-01-25,1840.0,1890.0,1830.0,1870.0,784.006103515625,183605000,0.0,0.0,yfinance_raw_daily
2008-01-28,1830.0,1840.0,1810.0,1820.0,763.0432739257812,88810000,0.0,0.0,yfinance_raw_daily
2008-01-29,1840.0,1840.0,1790.0,1790.0,750.4656372070312,96037500,0.0,0.0,yfinance_raw_daily
2008-01-30,1800.0,1810.0,1770.0,1780.0,746.2730712890625,80135000,0.0,0.0,yfinance_raw_daily
2008-01-31,1770.0,1850.0,1750.0,1850.0,775.6209716796875,194432500,0.0,0.0,yfinance_raw_daily
2008-02-01,1860.0,1880.0,1820.0,1860.0,779.8135375976562,95197500,0.0,0.0,yfinance_raw_daily
2008-02-04,1890.0,1960.0,1880.0,1940.0,813.3536376953125,231207500,0.0,0.0,yfinance_raw_daily
2008-02-05,1920.0,2020.0,1910.0,2000.0,838.5092163085938,299095000,0.0,0.0,yfinance_raw_daily
2008-02-06,2000.0,1980.0,1900.0,1950.0,817.5465087890625,159657500,0.0,0.0,yfinance_raw_daily
2008-02-11,1910.0,1960.0,1900.0,1910.0,800.7761840820312,57782500,0.0,0.0,yfinance_raw_daily
2008-02-12,1940.0,1970.0,1920.0,1950.0,817.5465087890625,94977500,0.0,0.0,yfinance_raw_daily
2008-02-13,1990.0,2020.0,1970.0,1980.0,830.1242065429688,130535000,0.0,0.0,yfinance_raw_daily
2008-02-14,2000.0,2020.0,1970.0,1990.0,834.3167114257812,113197500,0.0,0.0,yfinance_raw_daily
2008-02-15,1940.0,2000.0,1940.0,2000.0,838.5092163085938,71305000,0.0,0.0,yfinance_raw_daily
2008-02-18,2000.0,2010.0,1990.0,1990.0,834.3167114257812,115525000,0.0,0.0,yfinance_raw_daily
2008-02-19,2000.0,2040.0,2000.0,2020.0,846.8942260742188,124117500,0.0,0.0,yfinance_raw_daily
2008-02-20,2000.0,2020.0,1990.0,2010.0,842.7017211914062,67712500,0.0,0.0,yfinance_raw_daily
2008-02-21,2040.0,2050.0,2020.0,2030.0,851.0867919921875,89442500,0.0,0.0,yfinance_raw_daily
2008-02-22,2010.0,2040.0,2000.0,2020.0,846.8942260742188,66392500,0.0,0.0,yfinance_raw_daily
2008-02-25,2040.0,2050.0,2000.0,2000.0,838.5092163085938,57920000,0.0,0.0,yfinance_raw_daily
2008-02-26,2020.0,2020.0,1980.0,1990.0,834.3167114257812,63317500,0.0,0.0,yfinance_raw_daily
2008-02-27,2030.0,2050.0,2010.0,2020.0,846.8942260742188,91142500,0.0,0.0,yfinance_raw_daily
2008-02-28,2040.0,2050.0,2030.0,2050.0,859.471923828125,142785000,0.0,0.0,yfinance_raw_daily
2008-02-29,2040.0,2040.0,1950.0,1960.0,821.7388305664062,112767500,0.0,0.0,yfinance_raw_daily
2008-03-03,1920.0,1930.0,1870.0,1890.0,792.3912353515625,164360000,0.0,0.0,yfinance_raw_daily
2008-03-04,1920.0,1930.0,1880.0,1890.0,792.3912353515625,78220000,0.0,0.0,yfinance_raw_daily
2008-03-05,1890.0,1900.0,1880.0,1880.0,788.1986694335938,32247500,0.0,0.0,yfinance_raw_daily
2008-03-06,1920.0,1980.0,1910.0,1940.0,813.3536376953125,126287500,0.0,0.0,yfinance_raw_daily
2008-03-10,1890.0,1890.0,1850.0,1850.0,775.6209716796875,175367500,0.0,0.0,yfinance_raw_daily
2008-03-11,1840.0,1850.0,1770.0,1850.0,775.6209716796875,216492500,0.0,0.0,yfinance_raw_daily
2008-03-12,1920.0,1940.0,1870.0,1900.0,796.58349609375,179610000,0.0,0.0,yfinance_raw_daily
2008-03-13,1880.0,1890.0,1840.0,1850.0,775.6209716796875,163975000,0.0,0.0,yfinance_raw_daily
2008-03-14,1860.0,1880.0,1840.0,1840.0,771.4284057617188,107817500,0.0,0.0,yfinance_raw_daily
2008-03-17,1800.0,1880.0,1770.0,1850.0,775.6209716796875,120880000,0.0,0.0,yfinance_raw_daily
2008-03-18,1870.0,1910.0,1840.0,1880.0,788.1986694335938,133947500,0.0,0.0,yfinance_raw_daily
2008-03-19,1910.0,1940.0,1900.0,1920.0,804.96875,121872500,0.0,0.0,yfinance_raw_daily
2008-03-24,1930.0,1960.0,1930.0,1950.0,817.5465087890625,74502500,0.0,0.0,yfinance_raw_daily
2008-03-25,1980.0,2000.0,1950.0,1960.0,821.7388305664062,79437500,0.0,0.0,yfinance_raw_daily
2008-03-26,1960.0,1970.0,1920.0,1960.0,821.7388305664062,43702500,0.0,0.0,yfinance_raw_daily
2008-03-27,1940.0,1950.0,1910.0,1920.0,804.96875,57460000,0.0,0.0,yfinance_raw_daily
2008-03-28,1930.0,1960.0,1920.0,1950.0,817.5465087890625,58750000,0.0,0.0,yfinance_raw_daily
2008-03-31,1930.0,1950.0,1920.0,1930.0,809.1611938476562,67790000,0.0,0.0,yfinance_raw_daily
2008-04-01,1930.0,1940.0,1880.0,1940.0,813.3536376953125,152712500,0.0,0.0,yfinance_raw_daily
2008-04-02,1970.0,1970.0,1910.0,1940.0,813.3536376953125,85470000,0.0,0.0,yfinance_raw_daily
2008-04-03,1930.0,1930.0,1860.0,1880.0,788.1986694335938,176325000,0.0,0.0,yfinance_raw_daily
2008-04-04,1920.0,1920.0,1840.0,1880.0,788.1986694335938,177092500,0.0,0.0,yfinance_raw_daily
2008-04-07,1890.0,1890.0,1840.0,1890.0,792.3912353515625,71905000,0.0,0.0,yfinance_raw_daily
2008-04-08,1860.0,1870.0,1840.0,1850.0,775.6209716796875,97782500,0.0,0.0,yfinance_raw_daily
2008-04-09,1850.0,1860.0,1790.0,1800.0,754.6581420898438,50470000,0.0,0.0,yfinance_raw_daily
2008-04-10,1780.0,1820.0,1770.0,1810.0,758.8507690429688,61485000,0.0,0.0,yfinance_raw_daily
2008-04-11,1830.0,1840.0,1810.0,1830.0,767.2359008789062,51562500,0.0,0.0,yfinance_raw_daily
2008-04-14,1800.0,1840.0,1800.0,1800.0,754.6581420898438,103662500,0.0,0.0,yfinance_raw_daily
2008-04-15,1800.0,1820.0,1800.0,1820.0,763.0432739257812,47482500,0.0,0.0,yfinance_raw_daily
2008-04-16,1820.0,1830.0,1810.0,1820.0,763.0432739257812,48012500,0.0,0.0,yfinance_raw_daily
2008-04-17,1840.0,1840.0,1820.0,1840.0,771.4284057617188,75855000,0.0,0.0,yfinance_raw_daily
2008-04-18,1820.0,1850.0,1810.0,1820.0,763.0432739257812,73647500,0.0,0.0,yfinance_raw_daily
2008-04-21,1840.0,1840.0,1800.0,1800.0,754.6581420898438,54567500,0.0,0.0,yfinance_raw_daily
2008-04-22,1800.0,1810.0,1750.0,1770.0,742.0806274414062,118557500,0.0,0.0,yfinance_raw_daily
2008-04-23,1770.0,1770.0,1720.0,1750.0,733.6954345703125,146790000,0.0,0.0,yfinance_raw_daily
2008-04-24,1760.0,1770.0,1730.0,1730.0,725.3103637695312,105367500,0.0,0.0,yfinance_raw_daily
2008-04-25,1740.0,1750.0,1720.0,1730.0,725.3103637695312,120222500,0.0,0.0,yfinance_raw_daily
2008-04-28,1740.0,1780.0,1740.0,1780.0,746.2730712890625,103245000,0.0,0.0,yfinance_raw_daily
2008-04-29,1790.0,1800.0,1760.0,1790.0,750.4656372070312,90660000,0.0,0.0,yfinance_raw_daily
2008-04-30,1800.0,1800.0,1770.0,1770.0,742.0806274414062,86547500,0.0,0.0,yfinance_raw_daily
2008-05-05,1820.0,1820.0,1780.0,1800.0,754.6581420898438,93442500,0.0,0.0,yfinance_raw_daily
2008-05-06,1790.0,1810.0,1780.0,1780.0,746.2730712890625,137897500,0.0,0.0,yfinance_raw_daily
2008-05-07,1790.0,1790.0,1730.0,1750.0,733.6954345703125,143750000,0.0,0.0,yfinance_raw_daily
2008-05-08,1720.0,1740.0,1680.0,1700.0,712.7327880859375,165842500,0.0,0.0,yfinance_raw_daily
2008-05-09,1700.0,1730.0,1700.0,1720.0,721.1177368164062,80790000,0.0,0.0,yfinance_raw_daily
2008-05-12,1720.0,1740.0,1720.0,1730.0,725.3103637695312,85990000,0.0,0.0,yfinance_raw_daily
2008-05-13,1740.0,1740.0,1720.0,1730.0,725.3103637695312,77542500,0.0,0.0,yfinance_raw_daily
2008-05-14,1730.0,1760.0,1720.0,1740.0,729.5029907226562,109587500,0.0,0.0,yfinance_raw_daily
2008-05-15,1750.0,1750.0,1700.0,1700.0,712.7327880859375,91412500,0.0,0.0,yfinance_raw_daily
2008-05-16,1710.0,1720.0,1700.0,1700.0,712.7327880859375,48412500,0.0,0.0,yfinance_raw_daily
2008-05-21,1700.0,1710.0,1700.0,1710.0,716.9252319335938,74015000,0.0,0.0,yfinance_raw_daily
2008-05-22,1690.0,1740.0,1690.0,1730.0,725.3103637695312,103390000,0.0,0.0,yfinance_raw_daily
2008-05-23,1730.0,1740.0,1690.0,1720.0,721.1177368164062,91675000,0.0,0.0,yfinance_raw_daily
2008-05-26,1670.0,1690.0,1650.0,1660.0,695.962646484375,91242500,0.0,0.0,yfinance_raw_daily
2008-05-27,1670.0,1670.0,1600.0,1610.0,675.0,91947500,0.0,0.0,yfinance_raw_daily
2008-05-28,1620.0,1620.0,1560.0,1580.0,662.4222412109375,298847500,0.0,0.0,yfinance_raw_daily
2008-05-29,1600.0,1600.0,1580.0,1590.0,666.6146850585938,76090000,0.0,0.0,yfinance_raw_daily
2008-05-30,1600.0,1640.0,1590.0,1620.0,679.1924438476562,202675000,0.0,0.0,yfinance_raw_daily
2008-06-02,1620.0,1620.0,1590.0,1590.0,666.6146850585938,68375000,0.0,0.0,yfinance_raw_daily
2008-06-03,1570.0,1590.0,1550.0,1590.0,666.6146850585938,118465000,0.0,0.0,yfinance_raw_daily
2008-06-04,1580.0,1590.0,1570.0,1570.0,658.2298583984375,74052500,0.0,0.0,yfinance_raw_daily
2008-06-05,1590.0,1630.0,1580.0,1630.0,683.3851318359375,293010000,0.0,0.0,yfinance_raw_daily
2008-06-06,1650.0,1660.0,1580.0,1590.0,666.6146850585938,98270000,0.0,0.0,yfinance_raw_daily
2008-06-09,1550.0,1640.0,1540.0,1580.0,662.4222412109375,110190000,0.0,0.0,yfinance_raw_daily
2008-06-10,1590.0,1610.0,1580.0,1590.0,666.6146850585938,110332500,0.0,0.0,yfinance_raw_daily
2008-06-11,1580.0,1580.0,1540.0,1550.0,649.844482421875,95870000,0.0,0.0,yfinance_raw_daily
2008-06-12,1520.0,1530.0,1500.0,1510.0,633.0745239257812,123225000,0.0,0.0,yfinance_raw_daily
2008-06-13,1510.0,1520.0,1490.0,1510.0,633.0745239257812,93660000,0.0,0.0,yfinance_raw_daily
2008-06-16,1500.0,1550.0,1490.0,1500.0,628.8817749023438,86357500,0.0,0.0,yfinance_raw_daily
2008-06-17,1470.0,1500.0,1450.0,1470.0,616.30419921875,142322500,0.0,0.0,yfinance_raw_daily
2008-06-18,1500.0,1550.0,1490.0,1500.0,628.8817749023438,323470000,0.0,0.0,yfinance_raw_daily
2008-06-19,1510.0,1510.0,1480.0,1510.0,633.0745239257812,60777500,0.0,0.0,yfinance_raw_daily
2008-06-20,1550.0,1550.0,1510.0,1550.0,649.844482421875,215330000,0.0,0.0,yfinance_raw_daily
2008-06-23,1550.0,1560.0,1510.0,1550.0,649.844482421875,161502500,0.0,0.0,yfinance_raw_daily
2008-06-24,1540.0,1560.0,1520.0,1540.0,645.6519775390625,89147500,0.0,0.0,yfinance_raw_daily
2008-06-25,1500.0,1530.0,1480.0,1500.0,628.8817749023438,83642500,0.0,0.0,yfinance_raw_daily
2008-06-26,1480.0,1510.0,1460.0,1480.0,620.496826171875,82010000,0.0,0.0,yfinance_raw_daily
2008-06-27,1460.0,1490.0,1440.0,1460.0,612.1115112304688,196435000,0.0,0.0,yfinance_raw_daily
2008-06-30,1460.0,1470.0,1450.0,1460.0,612.1115112304688,109245000,0.0,0.0,yfinance_raw_daily
2008-07-01,1510.0,1510.0,1470.0,1510.0,633.0745239257812,144515000,0.0,0.0,yfinance_raw_daily
2008-07-02,1530.0,1530.0,1500.0,1530.0,641.4595947265625,105832500,0.0,0.0,yfinance_raw_daily
2008-07-03,1470.0,1500.0,1460.0,1470.0,616.30419921875,144345000,0.0,0.0,yfinance_raw_daily
2008-07-04,1470.0,1490.0,1460.0,1470.0,616.30419921875,76632500,0.0,0.0,yfinance_raw_daily
2008-07-07,1480.0,1500.0,1470.0,1480.0,620.496826171875,63027500,0.0,0.0,yfinance_raw_daily
2008-07-08,1460.0,1500.0,1450.0,1460.0,612.1115112304688,115682500,0.0,0.0,yfinance_raw_daily
2008-07-09,1480.0,1490.0,1460.0,1480.0,620.496826171875,128350000,0.0,0.0,yfinance_raw_daily
2008-07-10,1500.0,1500.0,1460.0,1500.0,628.8817749023438,109992500,0.0,0.0,yfinance_raw_daily
2008-07-11,1540.0,1540.0,1510.0,1540.0,645.6519775390625,139935000,0.0,0.0,yfinance_raw_daily
2008-07-14,1470.0,1500.0,1450.0,1470.0,642.121826171875,88872500,61.918324,0.0,yfinance_raw_daily
2008-07-15,1380.0,1450.0,1380.0,1380.0,602.8082885742188,128937500,0.0,0.0,yfinance_raw_daily
2008-07-16,1390.0,1420.0,1390.0,1390.0,607.1764526367188,98695000,0.0,0.0,yfinance_raw_daily
2008-07-17,1340.0,1420.0,1310.0,1340.0,585.3355712890625,121510000,0.0,0.0,yfinance_raw_daily
2008-07-18,1350.0,1370.0,1340.0,1350.0,589.7037963867188,123222500,0.0,0.0,yfinance_raw_daily
2008-07-21,1420.0,1420.0,1360.0,1420.0,620.2809448242188,151102500,0.0,0.0,yfinance_raw_daily
2008-07-22,1420.0,1540.0,1420.0,1530.0,668.3309936523438,441747500,0.0,0.0,yfinance_raw_daily
2008-07-23,1540.0,1580.0,1510.0,1540.0,672.6990356445312,216007500,0.0,0.0,yfinance_raw_daily
2008-07-24,1570.0,1600.0,1540.0,1570.0,685.8036499023438,242442500,0.0,0.0,yfinance_raw_daily
2008-07-25,1550.0,1560.0,1530.0,1550.0,677.0673217773438,89795000,0.0,0.0,yfinance_raw_daily
2008-07-28,1600.0,1620.0,1540.0,1600.0,698.9080810546875,158505000,0.0,0.0,yfinance_raw_daily
2008-07-29,1580.0,1600.0,1560.0,1580.0,690.1716918945312,91742500,0.0,0.0,yfinance_raw_daily
2008-07-31,1540.0,1620.0,1540.0,1540.0,672.6990356445312,172130000,0.0,0.0,yfinance_raw_daily
2008-08-01,1530.0,1550.0,1500.0,1530.0,668.3309936523438,204630000,0.0,0.0,yfinance_raw_daily
2008-08-04,1510.0,1620.0,1510.0,1590.0,694.5399780273438,310542500,0.0,0.0,yfinance_raw_daily
2008-08-05,1570.0,1570.0,1540.0,1570.0,685.8036499023438,296482500,0.0,0.0,yfinance_raw_daily
2008-08-06,1570.0,1580.0,1540.0,1570.0,685.8036499023438,183977500,0.0,0.0,yfinance_raw_daily
2008-08-07,1570.0,1610.0,1540.0,1570.0,685.8036499023438,197245000,0.0,0.0,yfinance_raw_daily
2008-08-08,1550.0,1570.0,1540.0,1550.0,677.0673217773438,130040000,0.0,0.0,yfinance_raw_daily
2008-08-11,1550.0,1580.0,1540.0,1550.0,677.0673217773438,85955000,0.0,0.0,yfinance_raw_daily
2008-08-12,1500.0,1540.0,1480.0,1500.0,655.2265014648438,111702500,0.0,0.0,yfinance_raw_daily
2008-08-13,1480.0,1490.0,1460.0,1480.0,646.4900512695312,74242500,0.0,0.0,yfinance_raw_daily
2008-08-14,1490.0,1510.0,1440.0,1490.0,650.8580932617188,114190000,0.0,0.0,yfinance_raw_daily
2008-08-15,1490.0,1520.0,1460.0,1490.0,650.8580932617188,150682500,0.0,0.0,yfinance_raw_daily
2008-08-19,1470.0,1520.0,1440.0,1470.0,642.121826171875,207105000,0.0,0.0,yfinance_raw_daily
2008-08-20,1460.0,1490.0,1460.0,1460.0,637.753662109375,61492500,0.0,0.0,yfinance_raw_daily
2008-08-21,1480.0,1490.0,1460.0,1480.0,646.4900512695312,67607500,0.0,0.0,yfinance_raw_daily
2008-08-22,1490.0,1570.0,1490.0,1570.0,685.8036499023438,128267500,0.0,0.0,yfinance_raw_daily
2008-08-25,1590.0,1590.0,1570.0,1590.0,694.5399780273438,69787500,0.0,0.0,yfinance_raw_daily
2008-08-26,1550.0,1570.0,1540.0,1550.0,677.0673217773438,46677500,0.0,0.0,yfinance_raw_daily
2008-08-27,1560.0,1590.0,1550.0,1560.0,681.4354858398438,47277500,0.0,0.0,yfinance_raw_daily
2008-08-28,1570.0,1590.0,1550.0,1570.0,685.8036499023438,50252500,0.0,0.0,yfinance_raw_daily
2008-08-29,1600.0,1600.0,1570.0,1600.0,698.9080810546875,88925000,0.0,0.0,yfinance_raw_daily
2008-09-01,1570.0,1600.0,1550.0,1570.0,685.8036499023438,64752500,0.0,0.0,yfinance_raw_daily
2008-09-02,1580.0,1590.0,1560.0,1580.0,690.1716918945312,95555000,0.0,0.0,yfinance_raw_daily
2008-09-03,1560.0,1600.0,1560.0,1560.0,681.4354858398438,90337500,0.0,0.0,yfinance_raw_daily
2008-09-04,1510.0,1560.0,1510.0,1510.0,659.5946655273438,102292500,0.0,0.0,yfinance_raw_daily
2008-09-05,1520.0,1530.0,1470.0,1520.0,663.9627685546875,135237500,0.0,0.0,yfinance_raw_daily
2008-09-08,1530.0,1590.0,1530.0,1530.0,668.3309936523438,86707500,0.0,0.0,yfinance_raw_daily
2008-09-09,1500.0,1520.0,1490.0,1500.0,655.2265014648438,66835000,0.0,0.0,yfinance_raw_daily
2008-09-10,1470.0,1510.0,1440.0,1470.0,642.121826171875,115515000,0.0,0.0,yfinance_raw_daily
2008-09-11,1440.0,1480.0,1400.0,1440.0,629.0172729492188,122705000,0.0,0.0,yfinance_raw_daily
2008-09-12,1370.0,1440.0,1360.0,1370.0,598.4400024414062,152987500,0.0,0.0,yfinance_raw_daily
2008-09-15,1360.0,1380.0,1220.0,1250.0,546.0220336914062,56870000,0.0,0.0,yfinance_raw_daily
2008-09-16,1210.0,1320.0,1180.0,1320.0,576.5991821289062,239567500,0.0,0.0,yfinance_raw_daily
2008-09-17,1340.0,1370.0,1310.0,1340.0,585.3355712890625,150770000,0.0,0.0,yfinance_raw_daily
2008-09-18,1340.0,1370.0,1270.0,1340.0,585.3355712890625,99710000,0.0,0.0,yfinance_raw_daily
2008-09-19,1380.0,1410.0,1350.0,1380.0,602.8082885742188,189027500,0.0,0.0,yfinance_raw_daily
2008-09-22,1380.0,1400.0,1370.0,1380.0,602.8082885742188,135545000,0.0,0.0,yfinance_raw_daily
2008-09-23,1350.0,1370.0,1350.0,1350.0,589.7037963867188,105715000,0.0,0.0,yfinance_raw_daily
2008-09-24,1380.0,1420.0,1330.0,1380.0,602.8082885742188,210402500,0.0,0.0,yfinance_raw_daily
2008-09-25,1400.0,1420.0,1360.0,1400.0,611.5446166992188,98527500,0.0,0.0,yfinance_raw_daily
2008-09-26,1420.0,1420.0,1380.0,1420.0,620.2809448242188,140920000,0.0,0.0,yfinance_raw_daily
2008-10-06,1420.0,1470.0,1340.0,1420.0,620.2809448242188,254337500,0.0,0.0,yfinance_raw_daily
2008-10-07,1430.0,1480.0,1390.0,1430.0,624.649169921875,201885000,0.0,0.0,yfinance_raw_daily
2008-10-08,1410.0,1420.0,1280.0,1290.0,563.4945068359375,90782500,0.0,0.0,yfinance_raw_daily
2008-10-09,1290.0,1290.0,1290.0,1290.0,563.4945068359375,0,0.0,0.0,yfinance_raw_daily
2008-10-10,1290.0,1290.0,1290.0,1290.0,572.1879272460938,0,19.59928,0.0,yfinance_raw_daily
2008-10-13,1320.0,1350.0,1170.0,1320.0,585.4947509765625,311842500,0.0,0.0,yfinance_raw_daily
2008-10-14,1450.0,1450.0,1390.0,1450.0,643.1569213867188,56212500,0.0,0.0,yfinance_raw_daily
2008-10-15,1430.0,1570.0,1410.0,1430.0,634.2860717773438,187507500,0.0,0.0,yfinance_raw_daily
2008-10-16,1340.0,1390.0,1290.0,1340.0,594.3658447265625,150862500,0.0,0.0,yfinance_raw_daily
2008-10-17,1340.0,1390.0,1220.0,1240.0,550.0101928710938,165107500,0.0,0.0,yfinance_raw_daily
2008-10-20,1240.0,1360.0,1240.0,1360.0,603.237060546875,83027500,0.0,0.0,yfinance_raw_daily
2008-10-21,1420.0,1480.0,1390.0,1420.0,629.8504028320312,145865000,0.0,0.0,yfinance_raw_daily
2008-10-22,1520.0,1520.0,1300.0,1320.0,585.4947509765625,115367500,0.0,0.0,yfinance_raw_daily
2008-10-23,1310.0,1310.0,1230.0,1310.0,581.059326171875,68607500,0.0,0.0,yfinance_raw_daily
2008-10-24,1260.0,1270.0,1180.0,1180.0,523.3967895507812,180715000,0.0,0.0,yfinance_raw_daily
2008-10-27,1130.0,1130.0,1070.0,1070.0,474.6056213378906,85570000,0.0,0.0,yfinance_raw_daily
2008-10-28,1000.0,1060.0,970.0,1000.0,443.556640625,364310000,0.0,0.0,yfinance_raw_daily
2008-10-29,1100.0,1100.0,980.0,1020.0,452.4277648925781,177340000,0.0,0.0,yfinance_raw_daily
2008-10-30,1080.0,1120.0,1040.0,1080.0,479.04119873046875,324315000,0.0,0.0,yfinance_raw_daily
2008-10-31,1080.0,1140.0,1070.0,1080.0,479.04119873046875,245085000,0.0,0.0,yfinance_raw_daily
2008-11-03,1060.0,1130.0,1050.0,1060.0,470.17010498046875,246682500,0.0,0.0,yfinance_raw_daily
2008-11-04,1080.0,1090.0,1030.0,1080.0,479.04119873046875,256577500,0.0,0.0,yfinance_raw_daily
2008-11-05,1130.0,1200.0,1120.0,1130.0,501.21905517578125,275320000,0.0,0.0,yfinance_raw_daily
2008-11-06,1080.0,1150.0,1040.0,1140.0,505.65447998046875,157095000,0.0,0.0,yfinance_raw_daily
2008-11-07,1100.0,1220.0,1100.0,1220.0,541.1390380859375,125995000,0.0,0.0,yfinance_raw_daily
2008-11-10,1230.0,1290.0,1200.0,1230.0,545.5745849609375,91605000,0.0,0.0,yfinance_raw_daily
2008-11-11,1220.0,1250.0,1190.0,1220.0,541.1390380859375,86725000,0.0,0.0,yfinance_raw_daily
2008-11-12,1200.0,1250.0,1190.0,1200.0,532.2680053710938,104022500,0.0,0.0,yfinance_raw_daily
2008-11-13,1140.0,1170.0,1100.0,1140.0,505.65447998046875,154852500,0.0,0.0,yfinance_raw_daily
2008-11-14,1160.0,1200.0,1150.0,1160.0,514.5257568359375,108947500,0.0,0.0,yfinance_raw_daily
2008-11-17,1180.0,1230.0,1160.0,1180.0,523.3967895507812,98937500,0.0,0.0,yfinance_raw_daily
2008-11-18,1170.0,1170.0,1080.0,1110.0,492.34783935546875,140955000,0.0,0.0,yfinance_raw_daily
2008-11-19,1120.0,1140.0,1090.0,1120.0,496.7834167480469,114875000,0.0,0.0,yfinance_raw_daily
2008-11-20,1080.0,1160.0,1060.0,1150.0,510.0899963378906,96652500,0.0,0.0,yfinance_raw_daily
2008-11-21,1100.0,1140.0,1100.0,1100.0,487.91229248046875,104642500,0.0,0.0,yfinance_raw_daily
2008-11-24,1120.0,1140.0,1100.0,1120.0,496.7834167480469,46672500,0.0,0.0,yfinance_raw_daily
2008-11-25,1170.0,1170.0,1080.0,1090.0,483.4766540527344,107152500,0.0,0.0,yfinance_raw_daily
2008-11-26,1090.0,1150.0,1090.0,1150.0,510.0899963378906,77602500,0.0,0.0,yfinance_raw_daily
2008-11-27,1140.0,1180.0,1120.0,1140.0,505.65447998046875,50432500,0.0,0.0,yfinance_raw_daily
2008-11-28,1120.0,1190.0,1120.0,1170.0,518.9612426757812,123615000,0.0,0.0,yfinance_raw_daily
2008-12-01,1140.0,1240.0,1140.0,1200.0,532.2680053710938,223867500,0.0,0.0,yfinance_raw_daily
2008-12-02,1150.0,1190.0,1140.0,1150.0,510.0899963378906,27852500,0.0,0.0,yfinance_raw_daily
2008-12-03,1160.0,1190.0,1160.0,1160.0,514.5257568359375,43007500,0.0,0.0,yfinance_raw_daily
2008-12-04,1160.0,1210.0,1160.0,1160.0,514.5257568359375,26277500,0.0,0.0,yfinance_raw_daily
2008-12-05,1100.0,1200.0,1100.0,1200.0,532.2680053710938,57990000,0.0,0.0,yfinance_raw_daily
2008-12-09,1320.0,1320.0,1250.0,1320.0,585.4947509765625,181710000,0.0,0.0,yfinance_raw_daily
2008-12-10,1380.0,1380.0,1300.0,1380.0,612.108154296875,133810000,0.0,0.0,yfinance_raw_daily
2008-12-11,1320.0,1370.0,1280.0,1320.0,585.4947509765625,133435000,0.0,0.0,yfinance_raw_daily
2008-12-12,1320.0,1350.0,1280.0,1320.0,585.4947509765625,87105000,0.0,0.0,yfinance_raw_daily
2008-12-15,1350.0,1450.0,1330.0,1450.0,643.1569213867188,124907500,0.0,0.0,yfinance_raw_daily
2008-12-16,1390.0,1480.0,1380.0,1390.0,616.5437622070312,77055000,0.0,0.0,yfinance_raw_daily
2008-12-17,1430.0,1450.0,1410.0,1430.0,634.2860717773438,98555000,0.0,0.0,yfinance_raw_daily
2008-12-18,1440.0,1440.0,1350.0,1350.0,598.801513671875,86097500,0.0,0.0,yfinance_raw_daily
2008-12-19,1360.0,1380.0,1330.0,1360.0,603.237060546875,53525000,0.0,0.0,yfinance_raw_daily
2008-12-22,1410.0,1410.0,1360.0,1410.0,625.414794921875,47302500,0.0,0.0,yfinance_raw_daily
2008-12-23,1390.0,1410.0,1380.0,1390.0,616.5437622070312,34290000,0.0,0.0,yfinance_raw_daily
2008-12-24,1370.0,1400.0,1370.0,1370.0,607.6724853515625,29170000,0.0,0.0,yfinance_raw_daily
2008-12-30,1380.0,1400.0,1370.0,1380.0,612.108154296875,23657500,0.0,0.0,yfinance_raw_daily
2008-12-31,1380.0,1380.0,1380.0,1380.0,612.108154296875,0,0.0,0.0,yfinance_raw_daily
2009-01-05,1460.0,1480.0,1420.0,1460.0,647.5927124023438,77242500,0.0,0.0,yfinance_raw_daily
2009-01-06,1440.0,1490.0,1430.0,1440.0,638.7214965820312,103442500,0.0,0.0,yfinance_raw_daily
2009-01-07,1380.0,1460.0,1380.0,1380.0,612.108154296875,66135000,0.0,0.0,yfinance_raw_daily
2009-01-08,1400.0,1420.0,1360.0,1400.0,620.979248046875,45320000,0.0,0.0,yfinance_raw_daily
2009-01-09,1420.0,1430.0,1390.0,1420.0,629.8504028320312,92242500,0.0,0.0,yfinance_raw_daily
2009-01-12,1390.0,1410.0,1380.0,1390.0,616.5437622070312,45145000,0.0,0.0,yfinance_raw_daily
2009-01-13,1350.0,1390.0,1340.0,1350.0,598.801513671875,62777500,0.0,0.0,yfinance_raw_daily
2009-01-14,1380.0,1400.0,1350.0,1380.0,612.108154296875,38152500,0.0,0.0,yfinance_raw_daily
2009-01-15,1290.0,1350.0,1280.0,1290.0,572.1879272460938,83650000,0.0,0.0,yfinance_raw_daily
2009-01-16,1310.0,1320.0,1290.0,1310.0,581.059326171875,66600000,0.0,0.0,yfinance_raw_daily
2009-01-19,1280.0,1320.0,1270.0,1280.0,567.7523803710938,53065000,0.0,0.0,yfinance_raw_daily
2009-01-20,1290.0,1310.0,1260.0,1290.0,572.1879272460938,42935000,0.0,0.0,yfinance_raw_daily
2009-01-21,1260.0,1290.0,1260.0,1260.0,558.8812866210938,50027500,0.0,0.0,yfinance_raw_daily
2009-01-22,1290.0,1290.0,1250.0,1290.0,572.1879272460938,40370000,0.0,0.0,yfinance_raw_daily
2009-01-23,1290.0,1300.0,1270.0,1290.0,572.1879272460938,23522500,0.0,0.0,yfinance_raw_daily
2009-01-27,1300.0,1310.0,1290.0,1300.0,576.6235961914062,49187500,0.0,0.0,yfinance_raw_daily
2009-01-28,1270.0,1320.0,1270.0,1270.0,563.31689453125,29930000,0.0,0.0,yfinance_raw_daily
2009-01-29,1260.0,1320.0,1250.0,1260.0,558.8812866210938,91380000,0.0,0.0,yfinance_raw_daily
2009-01-30,1260.0,1280.0,1240.0,1260.0,558.8812866210938,62255000,0.0,0.0,yfinance_raw_daily
2009-02-02,1200.0,1260.0,1170.0,1200.0,532.2680053710938,115127500,0.0,0.0,yfinance_raw_daily
2009-02-03,1170.0,1200.0,1150.0,1170.0,518.9612426757812,108997500,0.0,0.0,yfinance_raw_daily
2009-02-04,1230.0,1240.0,1180.0,1230.0,545.5745849609375,75357500,0.0,0.0,yfinance_raw_daily
2009-02-05,1260.0,1280.0,1230.0,1260.0,558.8812866210938,93057500,0.0,0.0,yfinance_raw_daily
2009-02-06,1280.0,1290.0,1270.0,1280.0,567.7523803710938,55035000,0.0,0.0,yfinance_raw_daily
2009-02-09,1270.0,1300.0,1260.0,1270.0,563.31689453125,26160000,0.0,0.0,yfinance_raw_daily
2009-02-10,1290.0,1300.0,1240.0,1290.0,572.1879272460938,70347500,0.0,0.0,yfinance_raw_daily
2009-02-11,1290.0,1290.0,1250.0,1290.0,572.1879272460938,32070000,0.0,0.0,yfinance_raw_daily
2009-02-12,1300.0,1300.0,1260.0,1300.0,576.6235961914062,31227500,0.0,0.0,yfinance_raw_daily
2009-02-13,1300.0,1330.0,1280.0,1300.0,576.6235961914062,32005000,0.0,0.0,yfinance_raw_daily
2009-02-16,1300.0,1310.0,1290.0,1300.0,576.6235961914062,29085000,0.0,0.0,yfinance_raw_daily
2009-02-17,1270.0,1310.0,1250.0,1270.0,563.31689453125,39035000,0.0,0.0,yfinance_raw_daily
2009-02-18,1280.0,1290.0,1240.0,1280.0,567.7523803710938,47347500,0.0,0.0,yfinance_raw_daily
2009-02-19,1280.0,1290.0,1260.0,1280.0,567.7523803710938,20102500,0.0,0.0,yfinance_raw_daily
2009-02-20,1250.0,1270.0,1240.0,1250.0,554.44580078125,34325000,0.0,0.0,yfinance_raw_daily
2009-02-23,1300.0,1300.0,1260.0,1300.0,576.6235961914062,36962500,0.0,0.0,yfinance_raw_daily
2009-02-24,1300.0,1300.0,1260.0,1300.0,576.6235961914062,54377500,0.0,0.0,yfinance_raw_daily
2009-02-25,1300.0,1310.0,1280.0,1300.0,576.6235961914062,44472500,0.0,0.0,yfinance_raw_daily
2009-02-26,1280.0,1300.0,1270.0,1280.0,567.7523803710938,14862500,0.0,0.0,yfinance_raw_daily
2009-02-27,1260.0,1300.0,1260.0,1260.0,558.8812866210938,54935000,0.0,0.0,yfinance_raw_daily
2009-03-02,1250.0,1270.0,1240.0,1250.0,554.44580078125,34617500,0.0,0.0,yfinance_raw_daily
2009-03-03,1250.0,1270.0,1230.0,1250.0,554.44580078125,46400000,0.0,0.0,yfinance_raw_daily
2009-03-04,1260.0,1280.0,1240.0,1260.0,558.8812866210938,30850000,0.0,0.0,yfinance_raw_daily
2009-03-05,1280.0,1280.0,1260.0,1280.0,567.7523803710938,50442500,0.0,0.0,yfinance_raw_daily
2009-03-06,1280.0,1290.0,1260.0,1280.0,567.7523803710938,20285000,0.0,0.0,yfinance_raw_daily
2009-03-10,1270.0,1280.0,1260.0,1270.0,563.31689453125,35100000,0.0,0.0,yfinance_raw_daily
2009-03-11,1290.0,1290.0,1270.0,1290.0,572.1879272460938,38052500,0.0,0.0,yfinance_raw_daily
2009-03-12,1300.0,1300.0,1290.0,1300.0,576.6235961914062,43332500,0.0,0.0,yfinance_raw_daily
2009-03-13,1320.0,1340.0,1300.0,1320.0,585.4947509765625,57930000,0.0,0.0,yfinance_raw_daily
2009-03-16,1320.0,1350.0,1320.0,1320.0,585.4947509765625,25397500,0.0,0.0,yfinance_raw_daily
2009-03-17,1290.0,1320.0,1280.0,1290.0,572.1879272460938,43955000,0.0,0.0,yfinance_raw_daily
2009-03-18,1300.0,1310.0,1290.0,1300.0,576.6235961914062,18322500,0.0,0.0,yfinance_raw_daily
2009-03-19,1320.0,1360.0,1320.0,1340.0,594.3658447265625,75855000,0.0,0.0,yfinance_raw_daily
2009-03-20,1340.0,1420.0,1340.0,1420.0,629.8504028320312,82827500,0.0,0.0,yfinance_raw_daily
2009-03-23,1470.0,1510.0,1420.0,1470.0,652.0281982421875,142245000,0.0,0.0,yfinance_raw_daily
2009-03-24,1480.0,1510.0,1460.0,1480.0,656.4639282226562,126082500,0.0,0.0,yfinance_raw_daily
2009-03-25,1420.0,1500.0,1420.0,1420.0,629.8504028320312,81507500,0.0,0.0,yfinance_raw_daily
2009-03-27,1440.0,1550.0,1440.0,1520.0,674.2061157226562,109927500,0.0,0.0,yfinance_raw_daily
2009-03-30,1490.0,1520.0,1470.0,1490.0,660.8992309570312,48945000,0.0,0.0,yfinance_raw_daily
2009-03-31,1510.0,1580.0,1480.0,1510.0,669.7705688476562,137190000,0.0,0.0,yfinance_raw_daily
2009-04-01,1460.0,1530.0,1450.0,1460.0,647.5927124023438,103242500,0.0,0.0,yfinance_raw_daily
2009-04-02,1460.0,1490.0,1420.0,1460.0,647.5927124023438,202452500,0.0,0.0,yfinance_raw_daily
2009-04-03,1430.0,1470.0,1430.0,1430.0,634.2860717773438,190527500,0.0,0.0,yfinance_raw_daily
2009-04-06,1460.0,1470.0,1440.0,1460.0,647.5927124023438,158455000,0.0,0.0,yfinance_raw_daily
2009-04-07,1410.0,1460.0,1400.0,1410.0,625.414794921875,266940000,0.0,0.0,yfinance_raw_daily
2009-04-08,1380.0,1420.0,1370.0,1380.0,612.108154296875,151377500,0.0,0.0,yfinance_raw_daily
2009-04-09,1380.0,1380.0,1380.0,1380.0,612.108154296875,0,0.0,0.0,yfinance_raw_daily
2009-04-13,1480.0,1480.0,1410.0,1480.0,656.4639282226562,183567500,0.0,0.0,yfinance_raw_daily
2009-04-14,1490.0,1500.0,1460.0,1490.0,660.8992309570312,192455000,0.0,0.0,yfinance_raw_daily
2009-04-15,1520.0,1530.0,1480.0,1520.0,674.2061157226562,151740000,0.0,0.0,yfinance_raw_daily
2009-04-16,1570.0,1570.0,1530.0,1570.0,696.3839111328125,156345000,0.0,0.0,yfinance_raw_daily
2009-04-17,1580.0,1600.0,1530.0,1550.0,687.5128784179688,110445000,0.0,0.0,yfinance_raw_daily
2009-04-20,1580.0,1580.0,1510.0,1580.0,700.8193969726562,70600000,0.0,0.0,yfinance_raw_daily
2009-04-22,1490.0,1530.0,1480.0,1490.0,660.8992309570312,87860000,0.0,0.0,yfinance_raw_daily
2009-04-23,1470.0,1500.0,1470.0,1470.0,652.0281982421875,35282500,0.0,0.0,yfinance_raw_daily
2009-04-24,1440.0,1490.0,1430.0,1440.0,638.7214965820312,82115000,0.0,0.0,yfinance_raw_daily
2009-04-27,1420.0,1460.0,1420.0,1420.0,629.8504028320312,115482500,0.0,0.0,yfinance_raw_daily
2009-04-28,1490.0,1520.0,1420.0,1490.0,660.8992309570312,157425000,0.0,0.0,yfinance_raw_daily
2009-04-29,1530.0,1550.0,1510.0,1530.0,678.6417236328125,61057500,0.0,0.0,yfinance_raw_daily
2009-04-30,1570.0,1580.0,1530.0,1570.0,696.3839111328125,130495000,0.0,0.0,yfinance_raw_daily
2009-05-01,1550.0,1580.0,1530.0,1550.0,687.5128784179688,56762500,0.0,0.0,yfinance_raw_daily
2009-05-04,1590.0,1610.0,1570.0,1590.0,705.2550659179688,129637500,0.0,0.0,yfinance_raw_daily
2009-05-05,1540.0,1620.0,1510.0,1540.0,683.0771484375,82570000,0.0,0.0,yfinance_raw_daily
2009-05-06,1570.0,1590.0,1530.0,1570.0,696.3839111328125,95367500,0.0,0.0,yfinance_raw_daily
2009-05-07,1550.0,1620.0,1520.0,1550.0,687.5128784179688,146512500,0.0,0.0,yfinance_raw_daily
2009-05-08,1520.0,1550.0,1510.0,1520.0,674.2061157226562,99885000,0.0,0.0,yfinance_raw_daily
2009-05-11,1480.0,1530.0,1480.0,1480.0,656.4639282226562,186382500,0.0,0.0,yfinance_raw_daily
2009-05-12,1500.0,1510.0,1470.0,1500.0,665.3350219726562,70605000,0.0,0.0,yfinance_raw_daily
2009-05-13,1450.0,1510.0,1450.0,1450.0,643.1569213867188,117047500,0.0,0.0,yfinance_raw_daily
2009-05-14,1420.0,1450.0,1410.0,1420.0,629.8504028320312,100465000,0.0,0.0,yfinance_raw_daily
2009-05-15,1410.0,1440.0,1400.0,1410.0,625.414794921875,151445000,0.0,0.0,yfinance_raw_daily
2009-05-18,1440.0,1450.0,1410.0,1440.0,638.7214965820312,112555000,0.0,0.0,yfinance_raw_daily
2009-05-19,1480.0,1490.0,1460.0,1480.0,656.4639282226562,87320000,0.0,0.0,yfinance_raw_daily
2009-05-20,1460.0,1490.0,1450.0,1460.0,647.5927124023438,72505000,0.0,0.0,yfinance_raw_daily
2009-05-21,1460.0,1460.0,1460.0,1460.0,647.5927124023438,0,0.0,0.0,yfinance_raw_daily
2009-05-22,1480.0,1480.0,1450.0,1480.0,656.4639282226562,105732500,0.0,0.0,yfinance_raw_daily
2009-05-25,1470.0,1490.0,1460.0,1470.0,652.0281982421875,69522500,0.0,0.0,yfinance_raw_daily
2009-05-26,1480.0,1500.0,1470.0,1480.0,656.4639282226562,87700000,0.0,0.0,yfinance_raw_daily
2009-05-27,1510.0,1540.0,1500.0,1510.0,669.7705688476562,157952500,0.0,0.0,yfinance_raw_daily
2009-05-28,1490.0,1510.0,1470.0,1490.0,660.8992309570312,71885000,0.0,0.0,yfinance_raw_daily
2009-05-29,1490.0,1530.0,1490.0,1490.0,660.8992309570312,152920000,0.0,0.0,yfinance_raw_daily
2009-06-01,1520.0,1520.0,1500.0,1520.0,674.2061157226562,58370000,0.0,0.0,yfinance_raw_daily
2009-06-02,1520.0,1550.0,1520.0,1520.0,674.2061157226562,133152500,0.0,0.0,yfinance_raw_daily
2009-06-03,1560.0,1560.0,1520.0,1560.0,691.9484252929688,100887500,0.0,0.0,yfinance_raw_daily
2009-06-04,1560.0,1560.0,1530.0,1560.0,691.9484252929688,71892500,0.0,0.0,yfinance_raw_daily
2009-06-05,1550.0,1570.0,1540.0,1550.0,687.5128784179688,123192500,0.0,0.0,yfinance_raw_daily
2009-06-08,1540.0,1600.0,1530.0,1540.0,683.0771484375,150090000,0.0,0.0,yfinance_raw_daily
2009-06-09,1560.0,1570.0,1520.0,1560.0,691.9484252929688,86805000,0.0,0.0,yfinance_raw_daily
2009-06-10,1550.0,1580.0,1550.0,1550.0,687.5128784179688,93437500,0.0,0.0,yfinance_raw_daily
2009-06-11,1510.0,1560.0,1500.0,1510.0,669.7705688476562,95757500,0.0,0.0,yfinance_raw_daily
2009-06-12,1530.0,1550.0,1510.0,1530.0,678.6417236328125,92647500,0.0,0.0,yfinance_raw_daily
2009-06-15,1550.0,1560.0,1530.0,1550.0,687.5128784179688,84657500,0.0,0.0,yfinance_raw_daily
2009-06-16,1510.0,1540.0,1500.0,1510.0,669.7705688476562,74740000,0.0,0.0,yfinance_raw_daily
2009-06-17,1490.0,1530.0,1480.0,1490.0,660.8992309570312,89907500,0.0,0.0,yfinance_raw_daily
2009-06-18,1460.0,1490.0,1460.0,1460.0,647.5927124023438,63680000,0.0,0.0,yfinance_raw_daily
2009-06-19,1490.0,1510.0,1480.0,1490.0,660.8992309570312,132255000,0.0,0.0,yfinance_raw_daily
2009-06-22,1500.0,1530.0,1490.0,1500.0,665.3350219726562,50505000,0.0,0.0,yfinance_raw_daily
2009-06-23,1470.0,1490.0,1460.0,1470.0,652.0281982421875,109410000,0.0,0.0,yfinance_raw_daily
2009-06-24,1480.0,1480.0,1460.0,1480.0,656.4639282226562,61122500,0.0,0.0,yfinance_raw_daily
2009-06-25,1520.0,1540.0,1490.0,1520.0,674.2061157226562,156455000,0.0,0.0,yfinance_raw_daily
2009-06-26,1520.0,1540.0,1510.0,1520.0,674.2061157226562,84577500,0.0,0.0,yfinance_raw_daily
2009-06-29,1480.0,1530.0,1470.0,1480.0,656.4639282226562,112600000,0.0,0.0,yfinance_raw_daily
2009-06-30,1500.0,1520.0,1500.0,1500.0,665.3350219726562,142837500,0.0,0.0,yfinance_raw_daily
2009-07-01,1580.0,1580.0,1510.0,1580.0,700.8193969726562,155137500,0.0,0.0,yfinance_raw_daily
2009-07-02,1600.0,1640.0,1600.0,1640.0,727.4329223632812,252257500,0.0,0.0,yfinance_raw_daily
2009-07-03,1630.0,1740.0,1610.0,1720.0,762.917236328125,206132500,0.0,0.0,yfinance_raw_daily
2009-07-06,1690.0,1750.0,1680.0,1690.0,749.6107177734375,119385000,0.0,0.0,yfinance_raw_daily
2009-07-07,1710.0,1720.0,1660.0,1710.0,786.1064453125,110925000,59.388702,0.0,yfinance_raw_daily
2009-07-08,1710.0,1710.0,1710.0,1710.0,786.1064453125,0,0.0,0.0,yfinance_raw_daily
2009-07-09,1720.0,1730.0,1610.0,1620.0,744.7326049804688,213530000,0.0,0.0,yfinance_raw_daily
2009-07-10,1640.0,1640.0,1580.0,1590.0,730.941162109375,232175000,0.0,0.0,yfinance_raw_daily
2009-07-13,1580.0,1600.0,1560.0,1580.0,726.3441162109375,137802500,0.0,0.0,yfinance_raw_daily
2009-07-14,1600.0,1630.0,1590.0,1600.0,735.538330078125,64642500,0.0,0.0,yfinance_raw_daily
2009-07-15,1610.0,1620.0,1580.0,1610.0,740.1354370117188,50242500,0.0,0.0,yfinance_raw_daily
2009-07-16,1570.0,1650.0,1560.0,1570.0,721.7471313476562,96327500,0.0,0.0,yfinance_raw_daily
2009-07-17,1600.0,1600.0,1550.0,1600.0,735.538330078125,92767500,0.0,0.0,yfinance_raw_daily
2009-07-20,1600.0,1600.0,1600.0,1600.0,735.538330078125,0,0.0,0.0,yfinance_raw_daily
2009-07-21,1640.0,1680.0,1620.0,1640.0,753.9267578125,116847500,0.0,0.0,yfinance_raw_daily
2009-07-22,1620.0,1650.0,1590.0,1620.0,744.7326049804688,70242500,0.0,0.0,yfinance_raw_daily
2009-07-23,1650.0,1660.0,1630.0,1650.0,758.52392578125,81845000,0.0,0.0,yfinance_raw_daily
2009-07-24,1710.0,1720.0,1670.0,1710.0,786.1064453125,127192500,0.0,0.0,yfinance_raw_daily
2009-07-27,1760.0,1790.0,1720.0,1760.0,809.0921020507812,115597500,0.0,0.0,yfinance_raw_daily
2009-07-28,1790.0,1800.0,1750.0,1790.0,822.8834838867188,138512500,0.0,0.0,yfinance_raw_daily
2009-07-29,1770.0,1780.0,1730.0,1770.0,813.6891479492188,90822500,0.0,0.0,yfinance_raw_daily
2009-07-30,1770.0,1890.0,1760.0,1880.0,864.2574462890625,156980000,0.0,0.0,yfinance_raw_daily
2009-07-31,1790.0,1880.0,1780.0,1790.0,822.8834838867188,149007500,0.0,0.0,yfinance_raw_daily
2009-08-03,1780.0,1820.0,1770.0,1780.0,818.286376953125,70237500,0.0,0.0,yfinance_raw_daily
2009-08-04,1760.0,1810.0,1760.0,1760.0,809.0921020507812,126772500,0.0,0.0,yfinance_raw_daily
2009-08-05,1720.0,1760.0,1700.0,1720.0,790.7034912109375,113145000,0.0,0.0,yfinance_raw_daily
2009-08-06,1750.0,1750.0,1710.0,1750.0,804.4949951171875,146250000,0.0,0.0,yfinance_raw_daily
2009-08-07,1760.0,1770.0,1730.0,1760.0,809.0921020507812,104525000,0.0,0.0,yfinance_raw_daily
2009-08-10,1800.0,1820.0,1760.0,1800.0,827.4807739257812,188015000,0.0,0.0,yfinance_raw_daily
2009-08-11,1780.0,1810.0,1770.0,1780.0,818.286376953125,34572500,0.0,0.0,yfinance_raw_daily
2009-08-12,1750.0,1750.0,1700.0,1710.0,786.1064453125,118017500,0.0,0.0,yfinance_raw_daily
2009-08-13,1750.0,1760.0,1730.0,1750.0,804.4949951171875,87392500,0.0,0.0,yfinance_raw_daily
2009-08-14,1740.0,1760.0,1710.0,1740.0,799.8980712890625,95557500,0.0,0.0,yfinance_raw_daily
2009-08-18,1700.0,1730.0,1690.0,1700.0,781.5095825195312,139157500,0.0,0.0,yfinance_raw_daily
2009-08-19,1670.0,1710.0,1660.0,1670.0,767.718017578125,101917500,0.0,0.0,yfinance_raw_daily
2009-08-20,1690.0,1710.0,1680.0,1690.0,776.912353515625,69427500,0.0,0.0,yfinance_raw_daily
2009-08-21,1690.0,1700.0,1680.0,1690.0,776.912353515625,48890000,0.0,0.0,yfinance_raw_daily
2009-08-24,1690.0,1710.0,1670.0,1690.0,776.912353515625,97572500,0.0,0.0,yfinance_raw_daily
2009-08-25,1730.0,1730.0,1670.0,1730.0,795.3008422851562,138570000,0.0,0.0,yfinance_raw_daily
2009-08-26,1710.0,1730.0,1710.0,1710.0,786.1064453125,106905000,0.0,0.0,yfinance_raw_daily
2009-08-27,1720.0,1740.0,1700.0,1720.0,790.7034912109375,88642500,0.0,0.0,yfinance_raw_daily
2009-08-28,1730.0,1750.0,1720.0,1730.0,795.3008422851562,79362500,0.0,0.0,yfinance_raw_daily
2009-08-31,1680.0,1730.0,1670.0,1680.0,772.3152465820312,77355000,0.0,0.0,yfinance_raw_daily
2009-09-01,1670.0,1710.0,1670.0,1670.0,767.718017578125,87412500,0.0,0.0,yfinance_raw_daily
2009-09-02,1650.0,1680.0,1650.0,1650.0,758.52392578125,77600000,0.0,0.0,yfinance_raw_daily
2009-09-03,1680.0,1710.0,1660.0,1680.0,772.3152465820312,48757500,0.0,0.0,yfinance_raw_daily
2009-09-04,1680.0,1710.0,1680.0,1680.0,772.3152465820312,32535000,0.0,0.0,yfinance_raw_daily
2009-09-07,1710.0,1710.0,1680.0,1710.0,786.1064453125,49617500,0.0,0.0,yfinance_raw_daily
2009-09-08,1690.0,1710.0,1690.0,1690.0,776.912353515625,35425000,0.0,0.0,yfinance_raw_daily
2009-09-09,1670.0,1680.0,1660.0,1670.0,767.718017578125,51980000,0.0,0.0,yfinance_raw_daily
2009-09-10,1690.0,1700.0,1670.0,1690.0,776.912353515625,104465000,0.0,0.0,yfinance_raw_daily
2009-09-11,1690.0,1710.0,1680.0,1690.0,776.912353515625,57032500,0.0,0.0,yfinance_raw_daily
2009-09-14,1660.0,1680.0,1660.0,1660.0,763.1209716796875,66745000,0.0,0.0,yfinance_raw_daily
2009-09-15,1680.0,1680.0,1660.0,1680.0,772.3152465820312,51187500,0.0,0.0,yfinance_raw_daily
2009-09-16,1670.0,1680.0,1660.0,1670.0,767.718017578125,69462500,0.0,0.0,yfinance_raw_daily
2009-09-17,1680.0,1690.0,1660.0,1680.0,772.3152465820312,107460000,0.0,0.0,yfinance_raw_daily
2009-09-24,1750.0,1760.0,1700.0,1750.0,804.4949951171875,278962500,0.0,0.0,yfinance_raw_daily
2009-09-25,1730.0,1740.0,1710.0,1730.0,795.3008422851562,51820000,0.0,0.0,yfinance_raw_daily
2009-09-28,1700.0,1720.0,1690.0,1700.0,781.5095825195312,40272500,0.0,0.0,yfinance_raw_daily
2009-09-29,1710.0,1720.0,1700.0,1710.0,786.1064453125,74990000,0.0,0.0,yfinance_raw_daily
2009-09-30,1730.0,1730.0,1710.0,1730.0,795.3008422851562,67777500,0.0,0.0,yfinance_raw_daily
2009-10-01,1740.0,1750.0,1720.0,1740.0,799.8980712890625,65262500,0.0,0.0,yfinance_raw_daily
2009-10-02,1710.0,1730.0,1690.0,1710.0,786.1064453125,44497500,0.0,0.0,yfinance_raw_daily
2009-10-05,1700.0,1710.0,1680.0,1700.0,781.5095825195312,63765000,0.0,0.0,yfinance_raw_daily
2009-10-06,1720.0,1730.0,1690.0,1720.0,790.7034912109375,137310000,0.0,0.0,yfinance_raw_daily
2009-10-07,1730.0,1740.0,1710.0,1730.0,795.3008422851562,80985000,0.0,0.0,yfinance_raw_daily
2009-10-08,1730.0,1740.0,1700.0,1730.0,795.3008422851562,72322500,0.0,0.0,yfinance_raw_daily
2009-10-09,1710.0,1730.0,1710.0,1710.0,786.1064453125,55090000,0.0,0.0,yfinance_raw_daily
2009-10-12,1740.0,1740.0,1730.0,1740.0,799.8980712890625,65362500,0.0,0.0,yfinance_raw_daily
2009-10-13,1760.0,1790.0,1740.0,1760.0,809.0921020507812,173707500,0.0,0.0,yfinance_raw_daily
2009-10-14,1740.0,1780.0,1720.0,1740.0,799.8980712890625,95772500,0.0,0.0,yfinance_raw_daily
2009-10-15,1730.0,1740.0,1710.0,1730.0,795.3008422851562,109602500,0.0,0.0,yfinance_raw_daily
2009-10-16,1740.0,1740.0,1720.0,1740.0,799.8980712890625,68830000,0.0,0.0,yfinance_raw_daily
2009-10-19,1740.0,1760.0,1730.0,1740.0,799.8980712890625,73050000,0.0,0.0,yfinance_raw_daily
2009-10-20,1740.0,1760.0,1740.0,1740.0,799.8980712890625,81722500,0.0,0.0,yfinance_raw_daily
2009-10-21,1730.0,1740.0,1720.0,1730.0,795.3008422851562,42000000,0.0,0.0,yfinance_raw_daily
2009-10-22,1720.0,1730.0,1710.0,1720.0,790.7034912109375,35460000,0.0,0.0,yfinance_raw_daily
2009-10-23,1730.0,1740.0,1710.0,1730.0,795.3008422851562,69537500,0.0,0.0,yfinance_raw_daily
2009-10-26,1700.0,1720.0,1700.0,1700.0,781.5095825195312,38392500,0.0,0.0,yfinance_raw_daily
2009-10-27,1690.0,1720.0,1690.0,1690.0,776.912353515625,54797500,0.0,0.0,yfinance_raw_daily
2009-10-28,1670.0,1710.0,1660.0,1670.0,767.718017578125,68672500,0.0,0.0,yfinance_raw_daily
2009-10-29,1650.0,1650.0,1570.0,1650.0,758.52392578125,107672500,0.0,0.0,yfinance_raw_daily
2009-10-30,1680.0,1690.0,1650.0,1680.0,772.3152465820312,135192500,0.0,0.0,yfinance_raw_daily
2009-11-02,1650.0,1660.0,1620.0,1650.0,758.52392578125,87045000,0.0,0.0,yfinance_raw_daily
2009-11-03,1670.0,1690.0,1660.0,1670.0,767.718017578125,96067500,0.0,0.0,yfinance_raw_daily
2009-11-04,1720.0,1720.0,1670.0,1720.0,790.7034912109375,61460000,0.0,0.0,yfinance_raw_daily
2009-11-05,1740.0,1750.0,1710.0,1740.0,799.8980712890625,80942500,0.0,0.0,yfinance_raw_daily
2009-11-06,1740.0,1760.0,1730.0,1740.0,799.8980712890625,55437500,0.0,0.0,yfinance_raw_daily
2009-11-09,1730.0,1740.0,1720.0,1730.0,795.3008422851562,56095000,0.0,0.0,yfinance_raw_daily
2009-11-10,1750.0,1770.0,1740.0,1750.0,804.4949951171875,72085000,0.0,0.0,yfinance_raw_daily
2009-11-11,1750.0,1780.0,1750.0,1750.0,804.4949951171875,75492500,0.0,0.0,yfinance_raw_daily
2009-11-12,1760.0,1780.0,1760.0,1760.0,809.0921020507812,41547500,0.0,0.0,yfinance_raw_daily
2009-11-13,1750.0,1760.0,1750.0,1750.0,804.4949951171875,15945000,0.0,0.0,yfinance_raw_daily
2009-11-16,1770.0,1780.0,1750.0,1770.0,813.6891479492188,28570000,0.0,0.0,yfinance_raw_daily
2009-11-17,1780.0,1800.0,1770.0,1780.0,818.286376953125,50835000,0.0,0.0,yfinance_raw_daily
2009-11-18,1780.0,1800.0,1770.0,1780.0,818.286376953125,17312500,0.0,0.0,yfinance_raw_daily
2009-11-19,1800.0,1820.0,1800.0,1800.0,827.4807739257812,64730000,0.0,0.0,yfinance_raw_daily
2009-11-20,1800.0,1820.0,1790.0,1800.0,827.4807739257812,107047500,0.0,0.0,yfinance_raw_daily
2009-11-23,1790.0,1810.0,1770.0,1790.0,822.8834838867188,38630000,0.0,0.0,yfinance_raw_daily
2009-11-24,1800.0,1810.0,1780.0,1800.0,827.4807739257812,43020000,0.0,0.0,yfinance_raw_daily
2009-11-25,1810.0,1830.0,1810.0,1810.0,832.0776977539062,59050000,0.0,0.0,yfinance_raw_daily
2009-11-26,1750.0,1830.0,1750.0,1750.0,804.4949951171875,71255000,0.0,0.0,yfinance_raw_daily
2009-11-30,1800.0,1810.0,1740.0,1800.0,827.4807739257812,72997500,0.0,0.0,yfinance_raw_daily
2009-12-01,1800.0,1810.0,1790.0,1800.0,827.4807739257812,23530000,0.0,0.0,yfinance_raw_daily
2009-12-02,1820.0,1820.0,1790.0,1800.0,827.4807739257812,44452500,0.0,0.0,yfinance_raw_daily
2009-12-03,1810.0,1840.0,1800.0,1840.0,845.8689575195312,62647500,0.0,0.0,yfinance_raw_daily
2009-12-04,1830.0,1860.0,1830.0,1850.0,850.46630859375,43960000,0.0,0.0,yfinance_raw_daily
2009-12-07,1860.0,1890.0,1840.0,1860.0,855.0634155273438,62722500,0.0,0.0,yfinance_raw_daily
2009-12-08,1860.0,1900.0,1860.0,1880.0,864.2574462890625,53132500,0.0,0.0,yfinance_raw_daily
2009-12-09,1840.0,1870.0,1840.0,1840.0,845.8689575195312,57280000,0.0,0.0,yfinance_raw_daily
2009-12-10,1890.0,1900.0,1850.0,1890.0,871.37890625,35512500,5.33,0.0,yfinance_raw_daily
2009-12-11,1960.0,1960.0,1910.0,1960.0,903.6520385742188,79832500,0.0,0.0,yfinance_raw_daily
2009-12-14,1900.0,1950.0,1890.0,1900.0,875.9891967773438,84440000,0.0,0.0,yfinance_raw_daily
2009-12-15,1920.0,1940.0,1910.0,1920.0,885.2102661132812,66430000,0.0,0.0,yfinance_raw_daily
2009-12-16,1970.0,2000.0,1920.0,1970.0,908.2625122070312,103087500,0.0,0.0,yfinance_raw_daily
2009-12-17,2020.0,2070.0,1990.0,2020.0,931.3148803710938,146767500,0.0,0.0,yfinance_raw_daily
2009-12-21,1900.0,1970.0,1900.0,1900.0,875.9891967773438,138622500,0.0,0.0,yfinance_raw_daily
2009-12-22,1940.0,1950.0,1920.0,1940.0,894.4310913085938,105755000,0.0,0.0,yfinance_raw_daily
2009-12-23,1920.0,1940.0,1890.0,1920.0,885.2102661132812,55715000,0.0,0.0,yfinance_raw_daily
2009-12-28,1920.0,1930.0,1890.0,1920.0,885.2102661132812,79710000,0.0,0.0,yfinance_raw_daily
2009-12-29,1900.0,1930.0,1900.0,1900.0,875.9891967773438,32882500,0.0,0.0,yfinance_raw_daily
2009-12-30,1890.0,1930.0,1880.0,1890.0,871.37890625,80427500,0.0,0.0,yfinance_raw_daily
2010-01-04,1910.0,1920.0,1890.0,1910.0,880.599853515625,44820000,0.0,0.0,yfinance_raw_daily
2010-01-05,1920.0,1930.0,1910.0,1920.0,885.2102661132812,56250000,0.0,0.0,yfinance_raw_daily
2010-01-06,1900.0,1940.0,1890.0,1900.0,875.9891967773438,67870000,0.0,0.0,yfinance_raw_daily
2010-01-07,1850.0,1900.0,1850.0,1850.0,852.9369506835938,145440000,0.0,0.0,yfinance_raw_daily
2010-01-08,1870.0,1890.0,1840.0,1870.0,862.157958984375,88070000,0.0,0.0,yfinance_raw_daily
2010-01-11,1890.0,1910.0,1870.0,1890.0,871.37890625,61937500,0.0,0.0,yfinance_raw_daily
2010-01-12,1900.0,1910.0,1880.0,1900.0,875.9891967773438,99952500,0.0,0.0,yfinance_raw_daily
2010-01-13,1880.0,1900.0,1870.0,1880.0,866.7682495117188,48640000,0.0,0.0,yfinance_raw_daily
2010-01-14,1870.0,1900.0,1870.0,1870.0,862.157958984375,44995000,0.0,0.0,yfinance_raw_daily
2010-01-15,1900.0,1900.0,1870.0,1900.0,875.9891967773438,53277500,0.0,0.0,yfinance_raw_daily
2010-01-18,1880.0,1900.0,1880.0,1880.0,866.7682495117188,34142500,0.0,0.0,yfinance_raw_daily
2010-01-19,1890.0,1890.0,1870.0,1890.0,871.37890625,59772500,0.0,0.0,yfinance_raw_daily
2010-01-20,1900.0,1920.0,1880.0,1900.0,875.9891967773438,58915000,0.0,0.0,yfinance_raw_daily
2010-01-21,1890.0,1900.0,1870.0,1890.0,871.37890625,67865000,0.0,0.0,yfinance_raw_daily
2010-01-22,1860.0,1870.0,1850.0,1860.0,857.54736328125,78792500,0.0,0.0,yfinance_raw_daily
2010-01-25,1850.0,1880.0,1840.0,1850.0,852.9369506835938,61735000,0.0,0.0,yfinance_raw_daily
2010-01-26,1860.0,1880.0,1860.0,1860.0,857.54736328125,43147500,0.0,0.0,yfinance_raw_daily
2010-01-27,1850.0,1870.0,1840.0,1850.0,852.9369506835938,36557500,0.0,0.0,yfinance_raw_daily
2010-01-28,1860.0,1880.0,1860.0,1860.0,857.54736328125,20957500,0.0,0.0,yfinance_raw_daily
2010-01-29,1870.0,1890.0,1850.0,1870.0,862.157958984375,91855000,0.0,0.0,yfinance_raw_daily
2010-02-01,1860.0,1890.0,1860.0,1860.0,857.54736328125,73317500,0.0,0.0,yfinance_raw_daily
2010-02-02,1860.0,1890.0,1850.0,1860.0,857.54736328125,43560000,0.0,0.0,yfinance_raw_daily
2010-02-03,1870.0,1880.0,1860.0,1870.0,862.157958984375,13107500,0.0,0.0,yfinance_raw_daily
2010-02-04,1850.0,1870.0,1840.0,1850.0,852.9369506835938,45420000,0.0,0.0,yfinance_raw_daily
2010-02-05,1790.0,1820.0,1770.0,1790.0,825.2741088867188,98077500,0.0,0.0,yfinance_raw_daily
2010-02-08,1740.0,1790.0,1720.0,1740.0,802.2218017578125,97730000,0.0,0.0,yfinance_raw_daily
2010-02-09,1710.0,1750.0,1680.0,1710.0,788.3901977539062,98800000,0.0,0.0,yfinance_raw_daily
2010-02-10,1710.0,1740.0,1690.0,1710.0,788.3901977539062,62095000,0.0,0.0,yfinance_raw_daily
2010-02-11,1750.0,1750.0,1700.0,1750.0,806.8320922851562,71675000,0.0,0.0,yfinance_raw_daily
2010-02-12,1740.0,1750.0,1720.0,1740.0,802.2218017578125,89482500,0.0,0.0,yfinance_raw_daily
2010-02-15,1740.0,1740.0,1720.0,1740.0,802.2218017578125,17917500,0.0,0.0,yfinance_raw_daily
2010-02-16,1760.0,1760.0,1730.0,1760.0,811.442626953125,16820000,0.0,0.0,yfinance_raw_daily
2010-02-17,1750.0,1780.0,1740.0,1750.0,806.8320922851562,72675000,0.0,0.0,yfinance_raw_daily
2010-02-18,1740.0,1750.0,1710.0,1740.0,802.2218017578125,66007500,0.0,0.0,yfinance_raw_daily
2010-02-19,1720.0,1730.0,1700.0,1720.0,793.0006713867188,50370000,0.0,0.0,yfinance_raw_daily
2010-02-22,1700.0,1730.0,1670.0,1700.0,783.7799072265625,133095000,0.0,0.0,yfinance_raw_daily
2010-02-23,1700.0,1700.0,1640.0,1700.0,783.7799072265625,243412500,0.0,0.0,yfinance_raw_daily
2010-02-24,1690.0,1700.0,1660.0,1690.0,779.1693725585938,93800000,0.0,0.0,yfinance_raw_daily
2010-02-25,1660.0,1700.0,1640.0,1660.0,765.3380126953125,96325000,0.0,0.0,yfinance_raw_daily
2010-03-01,1630.0,1680.0,1630.0,1630.0,751.5064697265625,81395000,0.0,0.0,yfinance_raw_daily
2010-03-02,1690.0,1690.0,1650.0,1690.0,779.1693725585938,134415000,0.0,0.0,yfinance_raw_daily
2010-03-03,1670.0,1690.0,1650.0,1670.0,769.9484252929688,96232500,0.0,0.0,yfinance_raw_daily
2010-03-04,1650.0,1670.0,1640.0,1650.0,760.7275390625,60312500,0.0,0.0,yfinance_raw_daily
2010-03-05,1660.0,1670.0,1650.0,1660.0,765.3380126953125,46935000,0.0,0.0,yfinance_raw_daily
2010-03-08,1720.0,1720.0,1670.0,1720.0,793.0006713867188,134775000,0.0,0.0,yfinance_raw_daily
2010-03-09,1750.0,1760.0,1710.0,1750.0,806.8320922851562,235157500,0.0,0.0,yfinance_raw_daily
2010-03-10,1720.0,1750.0,1710.0,1720.0,793.0006713867188,52527500,0.0,0.0,yfinance_raw_daily
2010-03-11,1720.0,1740.0,1710.0,1720.0,793.0006713867188,68742500,0.0,0.0,yfinance_raw_daily
2010-03-12,1680.0,1720.0,1670.0,1680.0,774.558837890625,97317500,0.0,0.0,yfinance_raw_daily
2010-03-15,1670.0,1680.0,1660.0,1670.0,769.9484252929688,95375000,0.0,0.0,yfinance_raw_daily
2010-03-17,1720.0,1720.0,1670.0,1720.0,793.0006713867188,182625000,0.0,0.0,yfinance_raw_daily
2010-03-18,1670.0,1720.0,1660.0,1670.0,769.9484252929688,180522500,0.0,0.0,yfinance_raw_daily
2010-03-19,1650.0,1660.0,1620.0,1650.0,760.7275390625,461007500,0.0,0.0,yfinance_raw_daily
2010-03-22,1610.0,1640.0,1610.0,1610.0,742.28564453125,174180000,0.0,0.0,yfinance_raw_daily
2010-03-23,1600.0,1630.0,1600.0,1600.0,737.6751098632812,170802500,0.0,0.0,yfinance_raw_daily
2010-03-24,1640.0,1640.0,1600.0,1640.0,756.1170654296875,134160000,0.0,0.0,yfinance_raw_daily
2010-03-25,1660.0,1660.0,1620.0,1660.0,765.3380126953125,149527500,0.0,0.0,yfinance_raw_daily
2010-03-26,1640.0,1650.0,1620.0,1640.0,756.1170654296875,141862500,0.0,0.0,yfinance_raw_daily
2010-03-29,1620.0,1640.0,1610.0,1620.0,746.8961791992188,91955000,0.0,0.0,yfinance_raw_daily
2010-03-30,1620.0,1630.0,1610.0,1620.0,746.8961791992188,42850000,0.0,0.0,yfinance_raw_daily
2010-03-31,1610.0,1630.0,1590.0,1610.0,742.28564453125,136295000,0.0,0.0,yfinance_raw_daily
2010-04-01,1630.0,1640.0,1610.0,1630.0,751.5064697265625,84730000,0.0,0.0,yfinance_raw_daily
2010-04-05,1670.0,1670.0,1640.0,1670.0,769.9484252929688,144465000,0.0,0.0,yfinance_raw_daily
2010-04-06,1640.0,1670.0,1630.0,1640.0,756.1170654296875,110077500,0.0,0.0,yfinance_raw_daily
2010-04-07,1610.0,1640.0,1610.0,1610.0,742.28564453125,113160000,0.0,0.0,yfinance_raw_daily
2010-04-08,1620.0,1640.0,1610.0,1620.0,746.8961791992188,103585000,0.0,0.0,yfinance_raw_daily
2010-04-09,1620.0,1650.0,1610.0,1620.0,746.8961791992188,183240000,0.0,0.0,yfinance_raw_daily
2010-04-12,1610.0,1630.0,1600.0,1610.0,742.28564453125,122215000,0.0,0.0,yfinance_raw_daily
2010-04-13,1610.0,1610.0,1590.0,1610.0,742.28564453125,155710000,0.0,0.0,yfinance_raw_daily
2010-04-14,1590.0,1620.0,1590.0,1590.0,733.064697265625,107027500,0.0,0.0,yfinance_raw_daily
2010-04-15,1600.0,1620.0,1590.0,1600.0,737.6751098632812,93820000,0.0,0.0,yfinance_raw_daily
2010-04-16,1600.0,1620.0,1580.0,1600.0,737.6751098632812,159105000,0.0,0.0,yfinance_raw_daily
2010-04-19,1580.0,1600.0,1570.0,1580.0,728.4541625976562,80790000,0.0,0.0,yfinance_raw_daily
2010-04-20,1590.0,1600.0,1550.0,1590.0,733.064697265625,149502500,0.0,0.0,yfinance_raw_daily
2010-04-21,1620.0,1620.0,1600.0,1620.0,746.8961791992188,79605000,0.0,0.0,yfinance_raw_daily
2010-04-22,1620.0,1620.0,1590.0,1620.0,746.8961791992188,50817500,0.0,0.0,yfinance_raw_daily
2010-04-23,1610.0,1620.0,1590.0,1610.0,742.28564453125,72540000,0.0,0.0,yfinance_raw_daily
2010-04-26,1580.0,1620.0,1570.0,1580.0,728.4541625976562,138492500,0.0,0.0,yfinance_raw_daily
2010-04-27,1560.0,1570.0,1550.0,1560.0,719.2332763671875,197725000,0.0,0.0,yfinance_raw_daily
2010-04-28,1530.0,1550.0,1530.0,1530.0,705.40185546875,129830000,0.0,0.0,yfinance_raw_daily
2010-04-29,1540.0,1550.0,1500.0,1540.0,710.0122680664062,285885000,0.0,0.0,yfinance_raw_daily
2010-04-30,1570.0,1580.0,1550.0,1570.0,723.8438720703125,272292500,0.0,0.0,yfinance_raw_daily
2010-05-03,1600.0,1610.0,1560.0,1600.0,737.6751098632812,323207500,0.0,0.0,yfinance_raw_daily
2010-05-04,1570.0,1610.0,1570.0,1570.0,723.8438720703125,117785000,0.0,0.0,yfinance_raw_daily
2010-05-05,1530.0,1560.0,1520.0,1530.0,705.40185546875,211457500,0.0,0.0,yfinance_raw_daily
2010-05-06,1550.0,1560.0,1510.0,1550.0,714.6227416992188,156880000,0.0,0.0,yfinance_raw_daily
2010-05-07,1520.0,1530.0,1500.0,1520.0,700.7913818359375,241697500,0.0,0.0,yfinance_raw_daily
2010-05-10,1530.0,1560.0,1530.0,1560.0,719.2332763671875,167937500,0.0,0.0,yfinance_raw_daily
2010-05-11,1530.0,1560.0,1520.0,1530.0,705.40185546875,118790000,0.0,0.0,yfinance_raw_daily
2010-05-12,1520.0,1550.0,1510.0,1520.0,700.7913818359375,134945000,0.0,0.0,yfinance_raw_daily
2010-05-14,1530.0,1540.0,1520.0,1530.0,705.40185546875,82460000,0.0,0.0,yfinance_raw_daily
2010-05-17,1530.0,1540.0,1500.0,1530.0,705.40185546875,112267500,0.0,0.0,yfinance_raw_daily
2010-05-18,1540.0,1550.0,1520.0,1540.0,710.0122680664062,66232500,0.0,0.0,yfinance_raw_daily
2010-05-19,1510.0,1540.0,1500.0,1510.0,696.180908203125,145535000,0.0,0.0,yfinance_raw_daily
2010-05-20,1520.0,1530.0,1490.0,1520.0,700.7913818359375,87810000,0.0,0.0,yfinance_raw_daily
2010-05-21,1490.0,1510.0,1460.0,1490.0,686.9598388671875,185030000,0.0,0.0,yfinance_raw_daily
2010-05-24,1420.0,1510.0,1420.0,1420.0,654.6866455078125,98112500,0.0,0.0,yfinance_raw_daily
2010-05-25,1440.0,1460.0,1390.0,1440.0,663.9076538085938,198502500,0.0,0.0,yfinance_raw_daily
2010-05-26,1500.0,1530.0,1450.0,1500.0,691.570556640625,223737500,0.0,0.0,yfinance_raw_daily
2010-05-27,1520.0,1530.0,1470.0,1520.0,700.7913818359375,74380000,0.0,0.0,yfinance_raw_daily
2010-05-31,1550.0,1580.0,1520.0,1550.0,714.6227416992188,166760000,0.0,0.0,yfinance_raw_daily
2010-06-01,1490.0,1540.0,1490.0,1490.0,686.9598388671875,56027500,0.0,0.0,yfinance_raw_daily
2010-06-02,1570.0,1570.0,1510.0,1570.0,723.8438720703125,101245000,0.0,0.0,yfinance_raw_daily
2010-06-03,1600.0,1610.0,1590.0,1600.0,737.6751098632812,354002500,0.0,0.0,yfinance_raw_daily
2010-06-04,1580.0,1600.0,1580.0,1580.0,728.4541625976562,76130000,0.0,0.0,yfinance_raw_daily
2010-06-07,1550.0,1560.0,1530.0,1550.0,714.6227416992188,78080000,0.0,0.0,yfinance_raw_daily
2010-06-08,1590.0,1590.0,1540.0,1590.0,733.064697265625,60625000,0.0,0.0,yfinance_raw_daily
2010-06-09,1570.0,1590.0,1550.0,1570.0,723.8438720703125,81970000,0.0,0.0,yfinance_raw_daily
2010-06-10,1550.0,1580.0,1530.0,1550.0,714.6227416992188,71970000,0.0,0.0,yfinance_raw_daily
2010-06-11,1570.0,1580.0,1560.0,1570.0,723.8438720703125,78447500,0.0,0.0,yfinance_raw_daily
2010-06-14,1600.0,1600.0,1580.0,1600.0,737.6751098632812,43595000,0.0,0.0,yfinance_raw_daily
2010-06-15,1590.0,1600.0,1580.0,1590.0,733.064697265625,56482500,0.0,0.0,yfinance_raw_daily
2010-06-16,1590.0,1600.0,1580.0,1590.0,733.064697265625,30322500,0.0,0.0,yfinance_raw_daily
2010-06-17,1600.0,1600.0,1580.0,1600.0,737.6751098632812,59652500,0.0,0.0,yfinance_raw_daily
2010-06-18,1610.0,1610.0,1590.0,1610.0,742.28564453125,143712500,0.0,0.0,yfinance_raw_daily
2010-06-21,1580.0,1620.0,1560.0,1580.0,728.4541625976562,145770000,0.0,0.0,yfinance_raw_daily
2010-06-22,1580.0,1580.0,1570.0,1580.0,728.4541625976562,67435000,0.0,0.0,yfinance_raw_daily
2010-06-23,1600.0,1600.0,1570.0,1600.0,737.6751098632812,96117500,0.0,0.0,yfinance_raw_daily
2010-06-24,1600.0,1600.0,1580.0,1600.0,737.6751098632812,55475000,0.0,0.0,yfinance_raw_daily
2010-06-25,1590.0,1600.0,1590.0,1590.0,733.064697265625,26352500,0.0,0.0,yfinance_raw_daily
2010-06-28,1580.0,1600.0,1580.0,1580.0,728.4541625976562,59405000,0.0,0.0,yfinance_raw_daily
2010-06-29,1540.0,1600.0,1530.0,1540.0,710.0122680664062,122752500,0.0,0.0,yfinance_raw_daily
2010-06-30,1540.0,1560.0,1530.0,1540.0,710.0122680664062,138830000,0.0,0.0,yfinance_raw_daily
2010-07-01,1540.0,1550.0,1520.0,1540.0,710.0122680664062,52985000,0.0,0.0,yfinance_raw_daily
2010-07-02,1530.0,1540.0,1520.0,1530.0,705.40185546875,72885000,0.0,0.0,yfinance_raw_daily
2010-07-05,1550.0,1550.0,1530.0,1550.0,714.6227416992188,82317500,0.0,0.0,yfinance_raw_daily
2010-07-06,1570.0,1570.0,1540.0,1570.0,723.8438720703125,93985000,0.0,0.0,yfinance_raw_daily
2010-07-07,1580.0,1580.0,1560.0,1580.0,728.4541625976562,75302500,0.0,0.0,yfinance_raw_daily
2010-07-08,1550.0,1560.0,1530.0,1550.0,739.0794067382812,163485000,52.28298,0.0,yfinance_raw_daily
2010-07-09,1560.0,1560.0,1540.0,1560.0,743.8477783203125,69332500,0.0,0.0,yfinance_raw_daily
2010-07-12,1570.0,1570.0,1550.0,1570.0,748.6159057617188,106002500,0.0,0.0,yfinance_raw_daily
2010-07-13,1560.0,1570.0,1550.0,1560.0,743.8477783203125,62742500,0.0,0.0,yfinance_raw_daily
2010-07-14,1580.0,1590.0,1570.0,1580.0,753.384033203125,178402500,0.0,0.0,yfinance_raw_daily
2010-07-15,1600.0,1600.0,1570.0,1600.0,762.920654296875,95152500,0.0,0.0,yfinance_raw_daily
2010-07-16,1620.0,1620.0,1590.0,1620.0,772.4570922851562,86515000,0.0,0.0,yfinance_raw_daily
2010-07-19,1620.0,1640.0,1600.0,1620.0,772.4570922851562,201235000,0.0,0.0,yfinance_raw_daily
2010-07-20,1620.0,1630.0,1610.0,1620.0,772.4570922851562,51780000,0.0,0.0,yfinance_raw_daily
2010-07-21,1630.0,1630.0,1620.0,1630.0,777.2254028320312,93035000,0.0,0.0,yfinance_raw_daily
2010-07-22,1620.0,1630.0,1610.0,1620.0,772.4570922851562,37187500,0.0,0.0,yfinance_raw_daily
2010-07-23,1630.0,1650.0,1630.0,1630.0,777.2254028320312,143130000,0.0,0.0,yfinance_raw_daily
2010-07-26,1610.0,1650.0,1600.0,1610.0,767.6888427734375,52370000,0.0,0.0,yfinance_raw_daily
2010-07-27,1640.0,1640.0,1620.0,1640.0,781.99365234375,78830000,0.0,0.0,yfinance_raw_daily
2010-07-28,1650.0,1650.0,1630.0,1650.0,786.7617797851562,86217500,0.0,0.0,yfinance_raw_daily
2010-07-29,1650.0,1650.0,1630.0,1650.0,786.7617797851562,50775000,0.0,0.0,yfinance_raw_daily
2010-07-30,1690.0,1690.0,1650.0,1690.0,805.8347778320312,159087500,0.0,0.0,yfinance_raw_daily
2010-08-02,1680.0,1690.0,1660.0,1680.0,801.066650390625,144015000,0.0,0.0,yfinance_raw_daily
2010-08-03,1600.0,1700.0,1600.0,1600.0,762.920654296875,126880000,0.0,0.0,yfinance_raw_daily
2010-08-04,1620.0,1640.0,1610.0,1620.0,772.4570922851562,94730000,0.0,0.0,yfinance_raw_daily
2010-08-05,1640.0,1650.0,1630.0,1640.0,781.99365234375,89250000,0.0,0.0,yfinance_raw_daily
2010-08-06,1680.0,1680.0,1640.0,1680.0,801.066650390625,104825000,0.0,0.0,yfinance_raw_daily
2010-08-09,1700.0,1700.0,1680.0,1700.0,810.6031494140625,214937500,0.0,0.0,yfinance_raw_daily
2010-08-10,1680.0,1700.0,1680.0,1680.0,801.066650390625,122272500,0.0,0.0,yfinance_raw_daily
2010-08-11,1690.0,1690.0,1670.0,1690.0,805.8347778320312,32895000,0.0,0.0,yfinance_raw_daily
2010-08-12,1680.0,1700.0,1670.0,1680.0,801.066650390625,102602500,0.0,0.0,yfinance_raw_daily
2010-08-13,1700.0,1700.0,1690.0,1700.0,810.6031494140625,52675000,0.0,0.0,yfinance_raw_daily
2010-08-16,1710.0,1710.0,1680.0,1710.0,815.37158203125,73695000,0.0,0.0,yfinance_raw_daily
2010-08-18,1720.0,1740.0,1710.0,1720.0,820.1396484375,129182500,0.0,0.0,yfinance_raw_daily
2010-08-19,1800.0,1800.0,1730.0,1800.0,858.2855834960938,296430000,0.0,0.0,yfinance_raw_daily
2010-08-20,1760.0,1790.0,1740.0,1760.0,839.2125854492188,64770000,0.0,0.0,yfinance_raw_daily
2010-08-23,1740.0,1760.0,1730.0,1740.0,829.6762084960938,41192500,0.0,0.0,yfinance_raw_daily
2010-08-24,1740.0,1760.0,1730.0,1740.0,829.6762084960938,68545000,0.0,0.0,yfinance_raw_daily
2010-08-25,1780.0,1790.0,1740.0,1780.0,848.749267578125,79782500,0.0,0.0,yfinance_raw_daily
2010-08-26,1800.0,1800.0,1770.0,1800.0,858.2855834960938,56525000,0.0,0.0,yfinance_raw_daily
2010-08-27,1750.0,1800.0,1720.0,1750.0,834.4444580078125,82460000,0.0,0.0,yfinance_raw_daily
2010-08-30,1740.0,1770.0,1740.0,1740.0,829.6762084960938,51980000,0.0,0.0,yfinance_raw_daily
2010-08-31,1730.0,1740.0,1700.0,1730.0,824.9078979492188,67170000,0.0,0.0,yfinance_raw_daily
2010-09-01,1800.0,1800.0,1750.0,1800.0,858.2855834960938,124780000,0.0,0.0,yfinance_raw_daily
2010-09-02,1790.0,1820.0,1770.0,1790.0,853.5174560546875,73915000,0.0,0.0,yfinance_raw_daily
2010-09-03,1810.0,1810.0,1790.0,1810.0,863.053955078125,67727500,0.0,0.0,yfinance_raw_daily
2010-09-06,1800.0,1820.0,1800.0,1800.0,858.2855834960938,75725000,0.0,0.0,yfinance_raw_daily
2010-09-07,1800.0,1830.0,1790.0,1800.0,858.2855834960938,148842500,0.0,0.0,yfinance_raw_daily
2010-09-15,1840.0,1890.0,1830.0,1860.0,886.895263671875,211322500,0.0,0.0,yfinance_raw_daily
2010-09-16,1840.0,1870.0,1830.0,1840.0,877.3587036132812,135592500,0.0,0.0,yfinance_raw_daily
2010-09-17,1850.0,1860.0,1820.0,1850.0,882.1268920898438,105375000,0.0,0.0,yfinance_raw_daily
2010-09-20,1850.0,1860.0,1820.0,1850.0,882.1268920898438,21440000,0.0,0.0,yfinance_raw_daily
2010-09-21,1800.0,1870.0,1780.0,1800.0,858.2855834960938,73087500,0.0,0.0,yfinance_raw_daily
2010-09-22,1790.0,1840.0,1780.0,1790.0,853.5174560546875,88235000,0.0,0.0,yfinance_raw_daily
2010-09-23,1760.0,1790.0,1720.0,1760.0,839.2125854492188,119935000,0.0,0.0,yfinance_raw_daily
2010-09-24,1780.0,1800.0,1760.0,1780.0,848.749267578125,68325000,0.0,0.0,yfinance_raw_daily
2010-09-27,1800.0,1830.0,1800.0,1800.0,858.2855834960938,64050000,0.0,0.0,yfinance_raw_daily
2010-09-28,1810.0,1840.0,1800.0,1810.0,863.053955078125,120967500,0.0,0.0,yfinance_raw_daily
2010-09-29,1860.0,1860.0,1830.0,1860.0,886.895263671875,157927500,0.0,0.0,yfinance_raw_daily
2010-09-30,1840.0,1870.0,1840.0,1840.0,877.3587036132812,86947500,0.0,0.0,yfinance_raw_daily
2010-10-01,1880.0,1890.0,1860.0,1880.0,896.431640625,56667500,0.0,0.0,yfinance_raw_daily
2010-10-04,1910.0,1920.0,1890.0,1910.0,910.7364501953125,82442500,0.0,0.0,yfinance_raw_daily
2010-10-05,1960.0,1960.0,1880.0,1960.0,934.5776977539062,122117500,0.0,0.0,yfinance_raw_daily
2010-10-06,1900.0,1960.0,1880.0,1900.0,905.9682006835938,132577500,0.0,0.0,yfinance_raw_daily
2010-10-07,1840.0,1880.0,1820.0,1840.0,877.3587036132812,145185000,0.0,0.0,yfinance_raw_daily
2010-10-08,1820.0,1840.0,1810.0,1820.0,867.8222045898438,119357500,0.0,0.0,yfinance_raw_daily
2010-10-11,1830.0,1850.0,1820.0,1830.0,872.5904541015625,71230000,0.0,0.0,yfinance_raw_daily
2010-10-12,1830.0,1840.0,1810.0,1830.0,872.5904541015625,43775000,0.0,0.0,yfinance_raw_daily
2010-10-13,1810.0,1830.0,1800.0,1810.0,863.053955078125,145587500,0.0,0.0,yfinance_raw_daily
2010-10-14,1810.0,1840.0,1780.0,1810.0,863.053955078125,193185000,0.0,0.0,yfinance_raw_daily
2010-10-15,1810.0,1820.0,1790.0,1810.0,863.053955078125,81187500,0.0,0.0,yfinance_raw_daily
2010-10-18,1810.0,1830.0,1800.0,1810.0,863.053955078125,39442500,0.0,0.0,yfinance_raw_daily
2010-10-19,1840.0,1840.0,1810.0,1840.0,877.3587036132812,56730000,0.0,0.0,yfinance_raw_daily
2010-10-20,1830.0,1830.0,1810.0,1830.0,872.5904541015625,47835000,0.0,0.0,yfinance_raw_daily
2010-10-21,1800.0,1850.0,1800.0,1800.0,858.2855834960938,50257500,0.0,0.0,yfinance_raw_daily
2010-10-22,1800.0,1820.0,1780.0,1800.0,858.2855834960938,111915000,0.0,0.0,yfinance_raw_daily
2010-10-25,1780.0,1810.0,1770.0,1780.0,848.749267578125,90910000,0.0,0.0,yfinance_raw_daily
2010-10-26,1810.0,1820.0,1790.0,1810.0,863.053955078125,72735000,0.0,0.0,yfinance_raw_daily
2010-10-27,1820.0,1840.0,1810.0,1820.0,867.8222045898438,108617500,0.0,0.0,yfinance_raw_daily
2010-10-28,1850.0,1850.0,1810.0,1850.0,882.1268920898438,107455000,0.0,0.0,yfinance_raw_daily
2010-10-29,1820.0,1850.0,1810.0,1820.0,867.8222045898438,74590000,0.0,0.0,yfinance_raw_daily
2010-11-01,1730.0,1830.0,1690.0,1730.0,824.9078979492188,593432500,0.0,0.0,yfinance_raw_daily
2010-11-02,1660.0,1720.0,1650.0,1660.0,791.530029296875,441262500,0.0,0.0,yfinance_raw_daily
2010-11-03,1610.0,1660.0,1600.0,1610.0,767.6888427734375,433372500,0.0,0.0,yfinance_raw_daily
2010-11-04,1620.0,1640.0,1580.0,1620.0,772.4570922851562,403395000,0.0,0.0,yfinance_raw_daily
2010-11-05,1570.0,1640.0,1550.0,1570.0,748.6159057617188,463475000,0.0,0.0,yfinance_raw_daily
2010-11-08,1630.0,1630.0,1570.0,1630.0,777.2254028320312,368107500,0.0,0.0,yfinance_raw_daily
2010-11-09,1630.0,1640.0,1620.0,1630.0,777.2254028320312,255045000,0.0,0.0,yfinance_raw_daily
2010-11-10,1690.0,1700.0,1620.0,1690.0,805.8347778320312,456532500,0.0,0.0,yfinance_raw_daily
2010-11-11,1700.0,1730.0,1680.0,1700.0,810.6031494140625,248085000,0.0,0.0,yfinance_raw_daily
2010-11-12,1650.0,1700.0,1640.0,1650.0,786.7617797851562,204247500,0.0,0.0,yfinance_raw_daily
2010-11-15,1640.0,1660.0,1610.0,1640.0,781.99365234375,129820000,0.0,0.0,yfinance_raw_daily
2010-11-16,1630.0,1670.0,1620.0,1630.0,777.2254028320312,135845000,0.0,0.0,yfinance_raw_daily
2010-11-18,1680.0,1680.0,1640.0,1680.0,801.066650390625,228335000,0.0,0.0,yfinance_raw_daily
2010-11-19,1660.0,1690.0,1660.0,1660.0,791.530029296875,154247500,0.0,0.0,yfinance_raw_daily
2010-11-22,1680.0,1700.0,1670.0,1680.0,801.066650390625,121612500,0.0,0.0,yfinance_raw_daily
2010-11-23,1660.0,1690.0,1640.0,1660.0,791.530029296875,87492500,0.0,0.0,yfinance_raw_daily
2010-11-24,1630.0,1670.0,1630.0,1630.0,777.2254028320312,141680000,0.0,0.0,yfinance_raw_daily
2010-11-25,1630.0,1650.0,1620.0,1630.0,777.2254028320312,104947500,0.0,0.0,yfinance_raw_daily
2010-11-26,1600.0,1640.0,1590.0,1600.0,762.920654296875,130367500,0.0,0.0,yfinance_raw_daily
2010-11-29,1610.0,1630.0,1600.0,1610.0,767.6888427734375,93222500,0.0,0.0,yfinance_raw_daily
2010-11-30,1590.0,1640.0,1590.0,1590.0,758.1522216796875,189900000,0.0,0.0,yfinance_raw_daily
2010-12-01,1630.0,1630.0,1590.0,1630.0,777.2254028320312,92272500,0.0,0.0,yfinance_raw_daily
2010-12-02,1650.0,1660.0,1640.0,1650.0,786.7617797851562,114770000,0.0,0.0,yfinance_raw_daily
2010-12-03,1620.0,1650.0,1620.0,1620.0,772.4570922851562,57412500,0.0,0.0,yfinance_raw_daily
2010-12-06,1610.0,1630.0,1610.0,1610.0,767.6888427734375,70200000,0.0,0.0,yfinance_raw_daily
2010-12-08,1600.0,1640.0,1590.0,1600.0,762.920654296875,239792500,0.0,0.0,yfinance_raw_daily
2010-12-09,1600.0,1600.0,1580.0,1600.0,762.920654296875,63427500,0.0,0.0,yfinance_raw_daily
2010-12-10,1570.0,1600.0,1560.0,1570.0,748.6159057617188,179310000,0.0,0.0,yfinance_raw_daily
2010-12-13,1560.0,1580.0,1550.0,1560.0,743.8477783203125,192145000,0.0,0.0,yfinance_raw_daily
2010-12-14,1560.0,1570.0,1550.0,1560.0,743.8477783203125,108977500,0.0,0.0,yfinance_raw_daily
2010-12-15,1560.0,1560.0,1530.0,1560.0,743.8477783203125,136837500,0.0,0.0,yfinance_raw_daily
2010-12-16,1550.0,1570.0,1530.0,1550.0,739.0794067382812,105917500,0.0,0.0,yfinance_raw_daily
2010-12-17,1570.0,1580.0,1540.0,1570.0,748.6159057617188,54750000,0.0,0.0,yfinance_raw_daily
2010-12-20,1570.0,1600.0,1560.0,1570.0,748.6159057617188,87912500,0.0,0.0,yfinance_raw_daily
2010-12-21,1600.0,1610.0,1570.0,1600.0,762.920654296875,61752500,0.0,0.0,yfinance_raw_daily
2010-12-22,1580.0,1600.0,1570.0,1580.0,753.384033203125,55150000,0.0,0.0,yfinance_raw_daily
2010-12-23,1580.0,1600.0,1570.0,1580.0,755.9437255859375,34067500,5.35,0.0,yfinance_raw_daily
2010-12-27,1600.0,1600.0,1570.0,1600.0,765.5126953125,25307500,0.0,0.0,yfinance_raw_daily
2010-12-28,1600.0,1600.0,1580.0,1600.0,765.5126953125,16062500,0.0,0.0,yfinance_raw_daily
2010-12-29,1600.0,1600.0,1570.0,1600.0,765.5126953125,47305000,0.0,0.0,yfinance_raw_daily
2010-12-30,1590.0,1600.0,1580.0,1590.0,760.7281494140625,53695000,0.0,0.0,yfinance_raw_daily
2011-01-03,1600.0,1610.0,1580.0,1600.0,765.5126953125,34922500,0.0,0.0,yfinance_raw_daily
2011-01-04,1580.0,1600.0,1580.0,1580.0,755.9437255859375,50385000,0.0,0.0,yfinance_raw_daily
2011-01-05,1600.0,1600.0,1580.0,1600.0,765.5126953125,84900000,0.0,0.0,yfinance_raw_daily
2011-01-06,1540.0,1590.0,1530.0,1540.0,736.8057861328125,198480000,0.0,0.0,yfinance_raw_daily
2011-01-07,1470.0,1520.0,1450.0,1470.0,703.3146362304688,284375000,0.0,0.0,yfinance_raw_daily
2011-01-10,1440.0,1460.0,1430.0,1440.0,688.9614868164062,147192500,0.0,0.0,yfinance_raw_daily
2011-01-11,1440.0,1490.0,1420.0,1440.0,688.9614868164062,307800000,0.0,0.0,yfinance_raw_daily
2011-01-12,1500.0,1510.0,1450.0,1500.0,717.6681518554688,197247500,0.0,0.0,yfinance_raw_daily
2011-01-13,1470.0,1540.0,1470.0,1470.0,703.3146362304688,175577500,0.0,0.0,yfinance_raw_daily
2011-01-14,1500.0,1510.0,1480.0,1500.0,717.6681518554688,126762500,0.0,0.0,yfinance_raw_daily
2011-01-17,1520.0,1530.0,1500.0,1520.0,727.2369995117188,72877500,0.0,0.0,yfinance_raw_daily
2011-01-18,1560.0,1560.0,1510.0,1560.0,746.375,123230000,0.0,0.0,yfinance_raw_daily
2011-01-19,1560.0,1570.0,1530.0,1560.0,746.375,93122500,0.0,0.0,yfinance_raw_daily
2011-01-20,1510.0,1540.0,1510.0,1510.0,722.4525146484375,54402500,0.0,0.0,yfinance_raw_daily
2011-01-21,1510.0,1510.0,1460.0,1510.0,722.4525146484375,189377500,0.0,0.0,yfinance_raw_daily
2011-01-24,1540.0,1540.0,1510.0,1540.0,736.8057861328125,79722500,0.0,0.0,yfinance_raw_daily
2011-01-25,1530.0,1560.0,1520.0,1530.0,732.021484375,77597500,0.0,0.0,yfinance_raw_daily
2011-01-26,1550.0,1560.0,1530.0,1550.0,741.5905151367188,97275000,0.0,0.0,yfinance_raw_daily
2011-01-27,1530.0,1560.0,1520.0,1530.0,732.021484375,102720000,0.0,0.0,yfinance_raw_daily
2011-01-28,1550.0,1550.0,1510.0,1550.0,741.5905151367188,66007500,0.0,0.0,yfinance_raw_daily
2011-01-31,1510.0,1530.0,1500.0,1510.0,722.4525146484375,131725000,0.0,0.0,yfinance_raw_daily
2011-02-01,1510.0,1520.0,1490.0,1510.0,722.4525146484375,71630000,0.0,0.0,yfinance_raw_daily
2011-02-02,1530.0,1550.0,1520.0,1530.0,732.021484375,60857500,0.0,0.0,yfinance_raw_daily
2011-02-04,1550.0,1560.0,1530.0,1550.0,741.5905151367188,40702500,0.0,0.0,yfinance_raw_daily
2011-02-07,1540.0,1570.0,1530.0,1540.0,736.8057861328125,65187500,0.0,0.0,yfinance_raw_daily
2011-02-08,1540.0,1560.0,1530.0,1540.0,736.8057861328125,57955000,0.0,0.0,yfinance_raw_daily
2011-02-09,1560.0,1570.0,1530.0,1560.0,746.375,97870000,0.0,0.0,yfinance_raw_daily
2011-02-10,1530.0,1550.0,1510.0,1530.0,732.021484375,84107500,0.0,0.0,yfinance_raw_daily
2011-02-11,1520.0,1520.0,1490.0,1520.0,727.2369995117188,62812500,0.0,0.0,yfinance_raw_daily
2011-02-14,1490.0,1520.0,1490.0,1490.0,712.8836669921875,54655000,0.0,0.0,yfinance_raw_daily
2011-02-16,1490.0,1500.0,1470.0,1490.0,712.8836669921875,119327500,0.0,0.0,yfinance_raw_daily
2011-02-17,1490.0,1490.0,1470.0,1490.0,712.8836669921875,58967500,0.0,0.0,yfinance_raw_daily
2011-02-18,1490.0,1500.0,1480.0,1490.0,712.8836669921875,58102500,0.0,0.0,yfinance_raw_daily
2011-02-21,1520.0,1520.0,1490.0,1520.0,727.2369995117188,60460000,0.0,0.0,yfinance_raw_daily
2011-02-22,1490.0,1510.0,1490.0,1490.0,712.8836669921875,37900000,0.0,0.0,yfinance_raw_daily
2011-02-23,1490.0,1510.0,1490.0,1490.0,712.8836669921875,80302500,0.0,0.0,yfinance_raw_daily
2011-02-24,1470.0,1500.0,1470.0,1470.0,703.3146362304688,77310000,0.0,0.0,yfinance_raw_daily
2011-02-25,1490.0,1520.0,1480.0,1490.0,712.8836669921875,52902500,0.0,0.0,yfinance_raw_daily
2011-02-28,1490.0,1510.0,1490.0,1490.0,712.8836669921875,49137500,0.0,0.0,yfinance_raw_daily
2011-03-01,1500.0,1510.0,1490.0,1500.0,717.6681518554688,35747500,0.0,0.0,yfinance_raw_daily
2011-03-02,1470.0,1500.0,1470.0,1470.0,703.3146362304688,46565000,0.0,0.0,yfinance_raw_daily
2011-03-03,1470.0,1490.0,1470.0,1470.0,703.3146362304688,56752500,0.0,0.0,yfinance_raw_daily
2011-03-04,1460.0,1490.0,1450.0,1460.0,698.5303344726562,103097500,0.0,0.0,yfinance_raw_daily
2011-03-07,1470.0,1480.0,1460.0,1470.0,703.3146362304688,77145000,0.0,0.0,yfinance_raw_daily
2011-03-08,1460.0,1480.0,1460.0,1460.0,698.5303344726562,29065000,0.0,0.0,yfinance_raw_daily
2011-03-09,1490.0,1500.0,1470.0,1490.0,712.8836669921875,101040000,0.0,0.0,yfinance_raw_daily
2011-03-10,1480.0,1480.0,1470.0,1480.0,708.099365234375,57452500,0.0,0.0,yfinance_raw_daily
2011-03-11,1460.0,1470.0,1450.0,1460.0,698.5303344726562,95785000,0.0,0.0,yfinance_raw_daily
2011-03-14,1470.0,1470.0,1450.0,1470.0,703.3146362304688,82050000,0.0,0.0,yfinance_raw_daily
2011-03-15,1430.0,1460.0,1430.0,1430.0,684.1767578125,85177500,0.0,0.0,yfinance_raw_daily
2011-03-16,1410.0,1450.0,1400.0,1410.0,674.6079711914062,122272500,0.0,0.0,yfinance_raw_daily
2011-03-17,1360.0,1400.0,1350.0,1360.0,650.6857299804688,218442500,0.0,0.0,yfinance_raw_daily
2011-03-18,1340.0,1390.0,1330.0,1340.0,641.116943359375,250607500,0.0,0.0,yfinance_raw_daily
2011-03-21,1350.0,1360.0,1330.0,1350.0,645.9013671875,117315000,0.0,0.0,yfinance_raw_daily
2011-03-22,1320.0,1360.0,1320.0,1320.0,631.5479736328125,124460000,0.0,0.0,yfinance_raw_daily
2011-03-23,1550.0,1600.0,1530.0,1550.0,741.5905151367188,110445000,0.0,0.0,yfinance_raw_daily
2011-03-24,1430.0,1430.0,1360.0,1430.0,684.1767578125,257115000,0.0,0.0,yfinance_raw_daily
2011-03-25,1430.0,1460.0,1420.0,1430.0,684.1767578125,163332500,0.0,0.0,yfinance_raw_daily
2011-03-28,1420.0,1430.0,1410.0,1420.0,679.3925170898438,33502500,0.0,0.0,yfinance_raw_daily
2011-03-29,1400.0,1410.0,1400.0,1400.0,669.8236083984375,72307500,0.0,0.0,yfinance_raw_daily
2011-03-30,1440.0,1450.0,1400.0,1440.0,688.9614868164062,171987500,0.0,0.0,yfinance_raw_daily
2011-03-31,1470.0,1470.0,1430.0,1470.0,703.3146362304688,166390000,0.0,0.0,yfinance_raw_daily
2011-04-01,1460.0,1460.0,1440.0,1460.0,698.5303344726562,72657500,0.0,0.0,yfinance_raw_daily
2011-04-04,1460.0,1470.0,1450.0,1460.0,698.5303344726562,42830000,0.0,0.0,yfinance_raw_daily
2011-04-05,1450.0,1450.0,1440.0,1450.0,693.745849609375,47285000,0.0,0.0,yfinance_raw_daily
2011-04-06,1450.0,1450.0,1420.0,1450.0,693.745849609375,82392500,0.0,0.0,yfinance_raw_daily
2011-04-07,1420.0,1450.0,1420.0,1420.0,679.3925170898438,85887500,0.0,0.0,yfinance_raw_daily
2011-04-08,1400.0,1430.0,1390.0,1400.0,669.8236083984375,136977500,0.0,0.0,yfinance_raw_daily
2011-04-11,1420.0,1420.0,1400.0,1420.0,679.3925170898438,77822500,0.0,0.0,yfinance_raw_daily
2011-04-12,1420.0,1430.0,1410.0,1420.0,679.3925170898438,39932500,0.0,0.0,yfinance_raw_daily
2011-04-13,1400.0,1420.0,1400.0,1400.0,669.8236083984375,54695000,0.0,0.0,yfinance_raw_daily
2011-04-14,1440.0,1450.0,1410.0,1440.0,688.9614868164062,148222500,0.0,0.0,yfinance_raw_daily
2011-04-15,1450.0,1470.0,1440.0,1450.0,693.745849609375,151732500,0.0,0.0,yfinance_raw_daily
2011-04-18,1470.0,1470.0,1450.0,1470.0,703.3146362304688,82662500,0.0,0.0,yfinance_raw_daily
2011-04-19,1530.0,1530.0,1470.0,1530.0,732.021484375,231732500,0.0,0.0,yfinance_raw_daily
2011-04-20,1560.0,1570.0,1530.0,1560.0,746.375,261367500,0.0,0.0,yfinance_raw_daily
2011-04-21,1550.0,1570.0,1530.0,1550.0,741.5905151367188,67332500,0.0,0.0,yfinance_raw_daily
2011-04-25,1510.0,1550.0,1500.0,1510.0,722.4525146484375,37020000,0.0,0.0,yfinance_raw_daily
2011-04-26,1490.0,1510.0,1480.0,1490.0,712.8836669921875,45570000,0.0,0.0,yfinance_raw_daily
2011-04-27,1540.0,1540.0,1500.0,1540.0,736.8057861328125,59295000,0.0,0.0,yfinance_raw_daily
2011-04-28,1530.0,1550.0,1510.0,1530.0,732.021484375,31717500,0.0,0.0,yfinance_raw_daily
2011-04-29,1540.0,1540.0,1510.0,1540.0,736.8057861328125,67155000,0.0,0.0,yfinance_raw_daily
2011-05-02,1550.0,1550.0,1530.0,1550.0,741.5905151367188,40600000,0.0,0.0,yfinance_raw_daily
2011-05-03,1540.0,1550.0,1520.0,1540.0,736.8057861328125,43042500,0.0,0.0,yfinance_raw_daily
2011-05-04,1530.0,1540.0,1510.0,1530.0,732.021484375,66977500,0.0,0.0,yfinance_raw_daily
2011-05-05,1500.0,1530.0,1490.0,1500.0,717.6681518554688,143775000,0.0,0.0,yfinance_raw_daily
2011-05-06,1510.0,1520.0,1480.0,1510.0,722.4525146484375,88710000,0.0,0.0,yfinance_raw_daily
2011-05-09,1510.0,1530.0,1500.0,1510.0,722.4525146484375,41785000,0.0,0.0,yfinance_raw_daily
2011-05-10,1510.0,1520.0,1500.0,1510.0,722.4525146484375,32100000,0.0,0.0,yfinance_raw_daily
2011-05-11,1520.0,1520.0,1500.0,1520.0,727.2369995117188,46222500,0.0,0.0,yfinance_raw_daily
2011-05-12,1540.0,1540.0,1510.0,1540.0,736.8057861328125,75617500,0.0,0.0,yfinance_raw_daily
2011-05-13,1540.0,1540.0,1520.0,1540.0,736.8057861328125,36745000,0.0,0.0,yfinance_raw_daily
2011-05-16,1540.0,1540.0,1520.0,1540.0,736.8057861328125,32897500,0.0,0.0,yfinance_raw_daily
2011-05-18,1550.0,1560.0,1530.0,1550.0,741.5905151367188,75915000,0.0,0.0,yfinance_raw_daily
2011-05-19,1520.0,1550.0,1510.0,1520.0,727.2369995117188,79327500,0.0,0.0,yfinance_raw_daily
2011-05-20,1530.0,1540.0,1520.0,1530.0,732.021484375,68770000,0.0,0.0,yfinance_raw_daily
2011-05-23,1510.0,1520.0,1500.0,1510.0,722.4525146484375,47165000,0.0,0.0,yfinance_raw_daily
2011-05-24,1530.0,1530.0,1510.0,1530.0,732.021484375,76772500,0.0,0.0,yfinance_raw_daily
2011-05-25,1540.0,1540.0,1520.0,1540.0,736.8057861328125,28617500,0.0,0.0,yfinance_raw_daily
2011-05-26,1540.0,1540.0,1520.0,1540.0,736.8057861328125,68022500,0.0,0.0,yfinance_raw_daily
2011-05-27,1540.0,1540.0,1520.0,1540.0,736.8057861328125,68710000,0.0,0.0,yfinance_raw_daily
2011-05-30,1520.0,1540.0,1510.0,1520.0,727.2369995117188,49680000,0.0,0.0,yfinance_raw_daily
2011-05-31,1540.0,1540.0,1520.0,1540.0,736.8057861328125,60117500,0.0,0.0,yfinance_raw_daily
2011-06-01,1550.0,1550.0,1530.0,1550.0,741.5905151367188,42402500,0.0,0.0,yfinance_raw_daily
2011-06-03,1530.0,1540.0,1520.0,1530.0,732.021484375,78920000,0.0,0.0,yfinance_raw_daily
2011-06-06,1520.0,1530.0,1510.0,1520.0,727.2369995117188,91342500,0.0,0.0,yfinance_raw_daily
2011-06-07,1500.0,1510.0,1490.0,1500.0,717.6681518554688,148577500,0.0,0.0,yfinance_raw_daily
2011-06-08,1500.0,1510.0,1490.0,1500.0,717.6681518554688,98942500,0.0,0.0,yfinance_raw_daily
2011-06-09,1490.0,1500.0,1480.0,1490.0,712.8836669921875,107070000,0.0,0.0,yfinance_raw_daily
2011-06-10,1490.0,1500.0,1480.0,1490.0,712.8836669921875,99352500,0.0,0.0,yfinance_raw_daily
2011-06-13,1490.0,1500.0,1480.0,1490.0,712.8836669921875,100185000,0.0,0.0,yfinance_raw_daily
2011-06-14,1460.0,1460.0,1430.0,1460.0,727.4454956054688,134890000,59.22592,0.0,yfinance_raw_daily
2011-06-15,1450.0,1460.0,1440.0,1450.0,722.4630126953125,70747500,0.0,0.0,yfinance_raw_daily
2011-06-16,1420.0,1450.0,1410.0,1420.0,707.5155029296875,89272500,0.0,0.0,yfinance_raw_daily
2011-06-17,1370.0,1430.0,1360.0,1370.0,682.60302734375,120882500,0.0,0.0,yfinance_raw_daily
2011-06-20,1390.0,1400.0,1370.0,1390.0,692.5679321289062,61725000,0.0,0.0,yfinance_raw_daily
2011-06-21,1420.0,1430.0,1390.0,1420.0,707.5155029296875,62607500,0.0,0.0,yfinance_raw_daily
2011-06-22,1430.0,1440.0,1420.0,1430.0,712.4978637695312,47617500,0.0,0.0,yfinance_raw_daily
2011-06-23,1430.0,1440.0,1420.0,1430.0,712.4978637695312,29465000,0.0,0.0,yfinance_raw_daily
2011-06-24,1450.0,1460.0,1430.0,1450.0,722.4630126953125,75432500,0.0,0.0,yfinance_raw_daily
2011-06-27,1420.0,1440.0,1420.0,1420.0,707.5155029296875,43732500,0.0,0.0,yfinance_raw_daily
2011-06-28,1450.0,1460.0,1430.0,1450.0,722.4630126953125,60070000,0.0,0.0,yfinance_raw_daily
2011-06-30,1470.0,1470.0,1440.0,1470.0,732.4279174804688,129097500,0.0,0.0,yfinance_raw_daily
2011-07-01,1440.0,1480.0,1440.0,1440.0,717.4805297851562,75635000,0.0,0.0,yfinance_raw_daily
2011-07-04,1440.0,1440.0,1440.0,1440.0,717.4805297851562,0,0.0,0.0,yfinance_raw_daily
2011-07-05,1440.0,1460.0,1430.0,1440.0,717.4805297851562,72345000,0.0,0.0,yfinance_raw_daily
2011-07-06,1430.0,1450.0,1420.0,1430.0,712.4978637695312,38207500,0.0,0.0,yfinance_raw_daily
2011-07-07,1430.0,1440.0,1420.0,1430.0,712.4978637695312,43170000,0.0,0.0,yfinance_raw_daily
2011-07-08,1440.0,1440.0,1420.0,1440.0,717.4805297851562,44697500,0.0,0.0,yfinance_raw_daily
2011-07-11,1410.0,1430.0,1400.0,1410.0,702.5328979492188,55782500,0.0,0.0,yfinance_raw_daily
2011-07-12,1400.0,1400.0,1380.0,1400.0,697.550537109375,91820000,0.0,0.0,yfinance_raw_daily
2011-07-13,1410.0,1420.0,1390.0,1410.0,702.5328979492188,82730000,0.0,0.0,yfinance_raw_daily
2011-07-14,1410.0,1420.0,1400.0,1410.0,702.5328979492188,74537500,0.0,0.0,yfinance_raw_daily
2011-07-15,1430.0,1430.0,1400.0,1430.0,712.4978637695312,62892500,0.0,0.0,yfinance_raw_daily
2011-07-18,1420.0,1440.0,1410.0,1420.0,707.5155029296875,51292500,0.0,0.0,yfinance_raw_daily
2011-07-19,1410.0,1420.0,1400.0,1410.0,702.5328979492188,36195000,0.0,0.0,yfinance_raw_daily
2011-07-20,1420.0,1420.0,1400.0,1420.0,707.5155029296875,31760000,0.0,0.0,yfinance_raw_daily
2011-07-21,1460.0,1460.0,1410.0,1460.0,727.4454956054688,117302500,0.0,0.0,yfinance_raw_daily
2011-07-22,1480.0,1480.0,1450.0,1480.0,737.41064453125,68407500,0.0,0.0,yfinance_raw_daily
2011-07-25,1460.0,1480.0,1450.0,1460.0,727.4454956054688,70447500,0.0,0.0,yfinance_raw_daily
2011-07-26,1460.0,1460.0,1450.0,1460.0,727.4454956054688,57402500,0.0,0.0,yfinance_raw_daily
2011-07-27,1470.0,1470.0,1460.0,1470.0,732.4279174804688,34665000,0.0,0.0,yfinance_raw_daily
2011-07-28,1460.0,1480.0,1450.0,1460.0,727.4454956054688,98107500,0.0,0.0,yfinance_raw_daily
2011-07-29,1470.0,1480.0,1450.0,1470.0,732.4279174804688,98597500,0.0,0.0,yfinance_raw_daily
2011-08-01,1500.0,1500.0,1470.0,1500.0,747.3755493164062,86795000,0.0,0.0,yfinance_raw_daily
2011-08-02,1520.0,1520.0,1490.0,1520.0,757.3404541015625,214512500,0.0,0.0,yfinance_raw_daily
2011-08-03,1510.0,1520.0,1490.0,1510.0,752.3579711914062,140755000,0.0,0.0,yfinance_raw_daily
2011-08-04,1560.0,1580.0,1520.0,1560.0,777.270751953125,367465000,0.0,0.0,yfinance_raw_daily
2011-08-05,1510.0,1530.0,1490.0,1510.0,752.3579711914062,178427500,0.0,0.0,yfinance_raw_daily
2011-08-08,1500.0,1540.0,1490.0,1500.0,747.3755493164062,161515000,0.0,0.0,yfinance_raw_daily
2011-08-09,1440.0,1490.0,1420.0,1440.0,717.4805297851562,254767500,0.0,0.0,yfinance_raw_daily
2011-08-10,1420.0,1480.0,1420.0,1420.0,707.5155029296875,185112500,0.0,0.0,yfinance_raw_daily
2011-08-11,1470.0,1490.0,1400.0,1470.0,732.4279174804688,207872500,0.0,0.0,yfinance_raw_daily
2011-08-12,1460.0,1490.0,1450.0,1460.0,727.4454956054688,107122500,0.0,0.0,yfinance_raw_daily
2011-08-15,1450.0,1470.0,1450.0,1450.0,722.4630126953125,87812500,0.0,0.0,yfinance_raw_daily
2011-08-16,1440.0,1470.0,1440.0,1440.0,717.4805297851562,58585000,0.0,0.0,yfinance_raw_daily
2011-08-18,1490.0,1500.0,1460.0,1490.0,742.39306640625,144920000,0.0,0.0,yfinance_raw_daily
2011-08-19,1480.0,1500.0,1460.0,1480.0,737.41064453125,189235000,0.0,0.0,yfinance_raw_daily
2011-08-22,1460.0,1480.0,1440.0,1460.0,727.4454956054688,43952500,0.0,0.0,yfinance_raw_daily
2011-08-23,1460.0,1480.0,1450.0,1460.0,727.4454956054688,35397500,0.0,0.0,yfinance_raw_daily
2011-08-24,1450.0,1480.0,1440.0,1450.0,722.4630126953125,77350000,0.0,0.0,yfinance_raw_daily
2011-08-25,1440.0,1470.0,1420.0,1440.0,717.4805297851562,78785000,0.0,0.0,yfinance_raw_daily
2011-08-26,1450.0,1460.0,1400.0,1450.0,722.4630126953125,61390000,0.0,0.0,yfinance_raw_daily
2011-09-05,1510.0,1530.0,1460.0,1510.0,752.3579711914062,326287500,0.0,0.0,yfinance_raw_daily
2011-09-06,1530.0,1540.0,1500.0,1530.0,762.322998046875,144587500,0.0,0.0,yfinance_raw_daily
2011-09-07,1580.0,1580.0,1530.0,1580.0,787.235595703125,145980000,0.0,0.0,yfinance_raw_daily
2011-09-08,1530.0,1580.0,1530.0,1530.0,762.322998046875,89195000,0.0,0.0,yfinance_raw_daily
2011-09-09,1520.0,1560.0,1520.0,1520.0,757.3404541015625,95535000,0.0,0.0,yfinance_raw_daily
2011-09-12,1480.0,1520.0,1480.0,1480.0,737.41064453125,68055000,0.0,0.0,yfinance_raw_daily
2011-09-13,1470.0,1500.0,1460.0,1470.0,732.4279174804688,37370000,0.0,0.0,yfinance_raw_daily
2011-09-14,1470.0,1500.0,1460.0,1470.0,732.4279174804688,81275000,0.0,0.0,yfinance_raw_daily
2011-09-15,1500.0,1520.0,1460.0,1500.0,747.3755493164062,84030000,0.0,0.0,yfinance_raw_daily
2011-09-16,1470.0,1530.0,1470.0,1470.0,732.4279174804688,44705000,0.0,0.0,yfinance_raw_daily
2011-09-19,1490.0,1490.0,1460.0,1490.0,742.39306640625,43740000,0.0,0.0,yfinance_raw_daily
2011-09-20,1490.0,1490.0,1470.0,1490.0,742.39306640625,53552500,0.0,0.0,yfinance_raw_daily
2011-09-21,1510.0,1530.0,1490.0,1510.0,752.3579711914062,70102500,0.0,0.0,yfinance_raw_daily
2011-09-22,1380.0,1500.0,1380.0,1380.0,687.58544921875,192072500,0.0,0.0,yfinance_raw_daily
2011-09-23,1440.0,1460.0,1400.0,1440.0,717.4805297851562,124692500,0.0,0.0,yfinance_raw_daily
2011-09-26,1440.0,1490.0,1420.0,1440.0,717.4805297851562,266987500,0.0,0.0,yfinance_raw_daily
2011-09-27,1450.0,1500.0,1450.0,1450.0,722.4630126953125,104615000,0.0,0.0,yfinance_raw_daily
2011-09-28,1470.0,1480.0,1450.0,1470.0,732.4279174804688,81737500,0.0,0.0,yfinance_raw_daily
2011-09-29,1490.0,1500.0,1470.0,1490.0,742.39306640625,66902500,0.0,0.0,yfinance_raw_daily
2011-09-30,1520.0,1540.0,1490.0,1520.0,757.3404541015625,115465000,0.0,0.0,yfinance_raw_daily
2011-10-03,1480.0,1500.0,1470.0,1480.0,737.41064453125,92305000,0.0,0.0,yfinance_raw_daily
2011-10-04,1490.0,1530.0,1480.0,1490.0,742.39306640625,189500000,0.0,0.0,yfinance_raw_daily
2011-10-05,1540.0,1540.0,1510.0,1540.0,767.305419921875,150012500,0.0,0.0,yfinance_raw_daily
2011-10-06,1520.0,1550.0,1490.0,1520.0,757.3404541015625,82517500,0.0,0.0,yfinance_raw_daily
2011-10-07,1450.0,1520.0,1440.0,1450.0,722.4630126953125,142665000,0.0,0.0,yfinance_raw_daily
2011-10-10,1440.0,1460.0,1420.0,1440.0,717.4805297851562,83495000,0.0,0.0,yfinance_raw_daily
2011-10-11,1460.0,1470.0,1450.0,1460.0,727.4454956054688,83342500,0.0,0.0,yfinance_raw_daily
2011-10-12,1470.0,1480.0,1440.0,1470.0,732.4279174804688,119385000,0.0,0.0,yfinance_raw_daily
2011-10-13,1450.0,1470.0,1440.0,1450.0,722.4630126953125,128810000,0.0,0.0,yfinance_raw_daily
2011-10-14,1420.0,1460.0,1410.0,1420.0,707.5155029296875,172262500,0.0,0.0,yfinance_raw_daily
2011-10-17,1420.0,1440.0,1410.0,1420.0,707.5155029296875,124752500,0.0,0.0,yfinance_raw_daily
2011-10-18,1430.0,1430.0,1400.0,1430.0,712.4978637695312,87912500,0.0,0.0,yfinance_raw_daily
2011-10-19,1440.0,1450.0,1430.0,1440.0,717.4805297851562,56372500,0.0,0.0,yfinance_raw_daily
2011-10-20,1450.0,1450.0,1430.0,1450.0,722.4630126953125,72300000,0.0,0.0,yfinance_raw_daily
2011-10-21,1450.0,1470.0,1450.0,1450.0,722.4630126953125,56487500,0.0,0.0,yfinance_raw_daily
2011-10-24,1450.0,1470.0,1420.0,1450.0,722.4630126953125,126362500,0.0,0.0,yfinance_raw_daily
2011-10-25,1470.0,1470.0,1450.0,1470.0,732.4279174804688,94677500,0.0,0.0,yfinance_raw_daily
2011-10-26,1480.0,1480.0,1460.0,1480.0,737.41064453125,73162500,0.0,0.0,yfinance_raw_daily
2011-10-27,1500.0,1500.0,1480.0,1500.0,747.3755493164062,115000000,0.0,0.0,yfinance_raw_daily
2011-10-28,1490.0,1510.0,1470.0,1490.0,742.39306640625,105927500,0.0,0.0,yfinance_raw_daily
2011-10-31,1480.0,1500.0,1460.0,1480.0,737.41064453125,55060000,0.0,0.0,yfinance_raw_daily
2011-11-01,1480.0,1500.0,1480.0,1480.0,737.41064453125,45562500,0.0,0.0,yfinance_raw_daily
2011-11-02,1510.0,1530.0,1470.0,1510.0,752.3579711914062,85812500,0.0,0.0,yfinance_raw_daily
2011-11-03,1500.0,1520.0,1500.0,1500.0,747.3755493164062,41752500,0.0,0.0,yfinance_raw_daily
2011-11-04,1520.0,1530.0,1500.0,1520.0,757.3404541015625,37442500,0.0,0.0,yfinance_raw_daily
2011-11-07,1500.0,1510.0,1480.0,1500.0,747.3755493164062,39105000,0.0,0.0,yfinance_raw_daily
2011-11-08,1500.0,1500.0,1480.0,1500.0,747.3755493164062,27047500,0.0,0.0,yfinance_raw_daily
2011-11-09,1500.0,1510.0,1490.0,1500.0,747.3755493164062,76982500,0.0,0.0,yfinance_raw_daily
2011-11-10,1480.0,1490.0,1470.0,1480.0,737.41064453125,45880000,0.0,0.0,yfinance_raw_daily
2011-11-11,1480.0,1500.0,1480.0,1480.0,737.41064453125,49905000,0.0,0.0,yfinance_raw_daily
2011-11-14,1500.0,1500.0,1480.0,1500.0,747.3755493164062,30280000,0.0,0.0,yfinance_raw_daily
2011-11-15,1490.0,1500.0,1480.0,1490.0,742.39306640625,54720000,0.0,0.0,yfinance_raw_daily
2011-11-16,1510.0,1510.0,1490.0,1510.0,752.3579711914062,43035000,0.0,0.0,yfinance_raw_daily
2011-11-17,1510.0,1520.0,1500.0,1510.0,752.3579711914062,32660000,0.0,0.0,yfinance_raw_daily
2011-11-18,1500.0,1520.0,1490.0,1500.0,747.3755493164062,46627500,0.0,0.0,yfinance_raw_daily
2011-11-21,1490.0,1500.0,1470.0,1490.0,742.39306640625,69502500,0.0,0.0,yfinance_raw_daily
2011-11-22,1490.0,1490.0,1470.0,1490.0,742.39306640625,43945000,0.0,0.0,yfinance_raw_daily
2011-11-23,1510.0,1510.0,1480.0,1510.0,752.3579711914062,50435000,0.0,0.0,yfinance_raw_daily
2011-11-24,1500.0,1510.0,1490.0,1500.0,747.3755493164062,21920000,0.0,0.0,yfinance_raw_daily
2011-11-25,1460.0,1500.0,1460.0,1460.0,727.4454956054688,46137500,0.0,0.0,yfinance_raw_daily
2011-11-28,1460.0,1480.0,1440.0,1460.0,727.4454956054688,50772500,0.0,0.0,yfinance_raw_daily
2011-11-29,1430.0,1470.0,1430.0,1430.0,712.4978637695312,77692500,0.0,0.0,yfinance_raw_daily
2011-11-30,1470.0,1480.0,1440.0,1470.0,732.4279174804688,95785000,0.0,0.0,yfinance_raw_daily
2011-12-01,1470.0,1470.0,1470.0,1470.0,732.4279174804688,0,0.0,0.0,yfinance_raw_daily
2011-12-02,1470.0,1480.0,1460.0,1470.0,732.4279174804688,38050000,0.0,0.0,yfinance_raw_daily
2011-12-05,1450.0,1480.0,1450.0,1450.0,722.4630126953125,49020000,0.0,0.0,yfinance_raw_daily
2011-12-06,1470.0,1470.0,1450.0,1470.0,732.4279174804688,49255000,0.0,0.0,yfinance_raw_daily
2011-12-07,1460.0,1480.0,1450.0,1460.0,727.4454956054688,70710000,0.0,0.0,yfinance_raw_daily
2011-12-08,1450.0,1470.0,1450.0,1450.0,722.4630126953125,51580000,0.0,0.0,yfinance_raw_daily
2011-12-09,1440.0,1460.0,1420.0,1440.0,717.4805297851562,142575000,0.0,0.0,yfinance_raw_daily
2011-12-12,1450.0,1460.0,1440.0,1450.0,722.4630126953125,27750000,0.0,0.0,yfinance_raw_daily
2011-12-13,1430.0,1450.0,1420.0,1430.0,712.4978637695312,78060000,0.0,0.0,yfinance_raw_daily
2011-12-14,1420.0,1430.0,1410.0,1420.0,707.5155029296875,36120000,0.0,0.0,yfinance_raw_daily
2011-12-15,1430.0,1430.0,1400.0,1430.0,712.4978637695312,106532500,0.0,0.0,yfinance_raw_daily
2011-12-16,1430.0,1440.0,1430.0,1430.0,712.4978637695312,32912500,0.0,0.0,yfinance_raw_daily
2011-12-19,1410.0,1440.0,1410.0,1410.0,702.5328979492188,60082500,0.0,0.0,yfinance_raw_daily
2011-12-20,1400.0,1430.0,1380.0,1400.0,697.550537109375,126252500,0.0,0.0,yfinance_raw_daily
2011-12-21,1420.0,1430.0,1400.0,1420.0,707.5155029296875,121340000,0.0,0.0,yfinance_raw_daily
2011-12-22,1430.0,1430.0,1410.0,1430.0,712.4978637695312,24495000,0.0,0.0,yfinance_raw_daily
2011-12-23,1430.0,1440.0,1420.0,1430.0,712.4978637695312,17587500,0.0,0.0,yfinance_raw_daily
2011-12-27,1440.0,1440.0,1420.0,1440.0,717.4805297851562,18727500,0.0,0.0,yfinance_raw_daily
2011-12-28,1410.0,1440.0,1390.0,1410.0,702.5328979492188,67402500,0.0,0.0,yfinance_raw_daily
2011-12-29,1430.0,1440.0,1390.0,1430.0,712.4978637695312,46610000,0.0,0.0,yfinance_raw_daily
2011-12-30,1410.0,1430.0,1400.0,1410.0,702.5328979492188,54420000,0.0,0.0,yfinance_raw_daily
2012-01-02,1410.0,1420.0,1400.0,1410.0,702.5328979492188,15267500,0.0,0.0,yfinance_raw_daily
2012-01-03,1410.0,1420.0,1400.0,1410.0,702.5328979492188,64482500,0.0,0.0,yfinance_raw_daily
2012-01-04,1420.0,1430.0,1400.0,1420.0,707.5155029296875,73910000,0.0,0.0,yfinance_raw_daily
2012-01-05,1410.0,1430.0,1400.0,1410.0,702.5328979492188,65095000,0.0,0.0,yfinance_raw_daily
2012-01-06,1390.0,1400.0,1370.0,1390.0,692.5679321289062,136315000,0.0,0.0,yfinance_raw_daily
2012-01-09,1410.0,1410.0,1380.0,1410.0,702.5328979492188,82305000,0.0,0.0,yfinance_raw_daily
2012-01-10,1420.0,1420.0,1400.0,1420.0,707.5155029296875,100222500,0.0,0.0,yfinance_raw_daily
2012-01-11,1400.0,1420.0,1390.0,1400.0,697.550537109375,82470000,0.0,0.0,yfinance_raw_daily
2012-01-12,1400.0,1400.0,1380.0,1400.0,697.550537109375,43985000,0.0,0.0,yfinance_raw_daily
2012-01-13,1390.0,1400.0,1380.0,1390.0,692.5679321289062,15,0.0,0.0,yfinance_raw_daily
2012-01-16,1400.0,1400.0,1380.0,1400.0,697.550537109375,56037500,0.0,0.0,yfinance_raw_daily
2012-01-17,1400.0,1400.0,1390.0,1400.0,697.550537109375,74382500,0.0,0.0,yfinance_raw_daily
2012-01-18,1400.0,1400.0,1380.0,1400.0,697.550537109375,71217500,0.0,0.0,yfinance_raw_daily
2012-01-19,1380.0,1400.0,1370.0,1380.0,687.58544921875,220512500,0.0,0.0,yfinance_raw_daily
2012-01-20,1380.0,1390.0,1370.0,1380.0,687.58544921875,109682500,0.0,0.0,yfinance_raw_daily
2012-01-24,1390.0,1390.0,1380.0,1390.0,692.5679321289062,42942500,0.0,0.0,yfinance_raw_daily
2012-01-25,1380.0,1390.0,1370.0,1380.0,687.58544921875,57047500,0.0,0.0,yfinance_raw_daily
2012-01-26,1400.0,1400.0,1380.0,1400.0,697.550537109375,63132500,0.0,0.0,yfinance_raw_daily
2012-01-27,1400.0,1400.0,1380.0,1400.0,697.550537109375,28427500,0.0,0.0,yfinance_raw_daily
2012-01-30,1380.0,1410.0,1370.0,1380.0,687.58544921875,132527500,0.0,0.0,yfinance_raw_daily
2012-01-31,1370.0,1390.0,1360.0,1370.0,682.60302734375,94415000,0.0,0.0,yfinance_raw_daily
2012-02-01,1350.0,1370.0,1340.0,1350.0,672.6380004882812,145167500,0.0,0.0,yfinance_raw_daily
2012-02-02,1380.0,1380.0,1350.0,1380.0,687.58544921875,122345000,0.0,0.0,yfinance_raw_daily
2012-02-03,1380.0,1390.0,1360.0,1380.0,687.58544921875,77127500,0.0,0.0,yfinance_raw_daily
2012-02-06,1360.0,1390.0,1360.0,1360.0,677.6204833984375,90827500,0.0,0.0,yfinance_raw_daily
2012-02-07,1370.0,1380.0,1350.0,1370.0,682.60302734375,129415000,0.0,0.0,yfinance_raw_daily
2012-02-08,1380.0,1390.0,1360.0,1380.0,687.58544921875,85507500,0.0,0.0,yfinance_raw_daily
2012-02-09,1360.0,1380.0,1350.0,1360.0,677.6204833984375,150692500,0.0,0.0,yfinance_raw_daily
2012-02-10,1350.0,1370.0,1330.0,1350.0,672.6380004882812,118210000,0.0,0.0,yfinance_raw_daily
2012-02-13,1370.0,1370.0,1340.0,1370.0,682.60302734375,68445000,0.0,0.0,yfinance_raw_daily
2012-02-14,1380.0,1380.0,1350.0,1380.0,687.58544921875,104205000,0.0,0.0,yfinance_raw_daily
2012-02-15,1360.0,1390.0,1350.0,1360.0,677.6204833984375,103975000,0.0,0.0,yfinance_raw_daily
2012-02-16,1370.0,1370.0,1350.0,1370.0,682.60302734375,40842500,0.0,0.0,yfinance_raw_daily
2012-02-17,1390.0,1400.0,1370.0,1390.0,692.5679321289062,97060000,0.0,0.0,yfinance_raw_daily
2012-02-20,1400.0,1410.0,1390.0,1400.0,697.550537109375,59212500,0.0,0.0,yfinance_raw_daily
2012-02-21,1410.0,1420.0,1390.0,1410.0,702.5328979492188,74907500,0.0,0.0,yfinance_raw_daily
2012-02-22,1410.0,1410.0,1400.0,1410.0,702.5328979492188,45770000,0.0,0.0,yfinance_raw_daily
2012-02-23,1400.0,1410.0,1400.0,1400.0,697.550537109375,49932500,0.0,0.0,yfinance_raw_daily
2012-02-24,1380.0,1410.0,1370.0,1380.0,687.58544921875,101375000,0.0,0.0,yfinance_raw_daily
2012-02-27,1370.0,1390.0,1370.0,1370.0,682.60302734375,38507500,0.0,0.0,yfinance_raw_daily
2012-02-28,1390.0,1400.0,1380.0,1390.0,692.5679321289062,32827500,0.0,0.0,yfinance_raw_daily
2012-02-29,1410.0,1410.0,1400.0,1410.0,702.5328979492188,109472500,0.0,0.0,yfinance_raw_daily
2012-03-01,1400.0,1410.0,1380.0,1400.0,697.550537109375,56207500,0.0,0.0,yfinance_raw_daily
2012-03-02,1430.0,1430.0,1390.0,1430.0,712.4978637695312,107120000,0.0,0.0,yfinance_raw_daily
2012-03-05,1430.0,1430.0,1410.0,1430.0,712.4978637695312,43917500,0.0,0.0,yfinance_raw_daily
2012-03-06,1420.0,1420.0,1400.0,1420.0,707.5155029296875,68977500,0.0,0.0,yfinance_raw_daily
2012-03-07,1400.0,1410.0,1380.0,1400.0,697.550537109375,84565000,0.0,0.0,yfinance_raw_daily
2012-03-08,1390.0,1410.0,1380.0,1390.0,692.5679321289062,62115000,0.0,0.0,yfinance_raw_daily
2012-03-09,1400.0,1410.0,1380.0,1400.0,697.550537109375,10,0.0,0.0,yfinance_raw_daily
2012-03-12,1360.0,1390.0,1350.0,1360.0,677.6204833984375,105605000,0.0,0.0,yfinance_raw_daily
2012-03-13,1370.0,1380.0,1340.0,1370.0,682.60302734375,143502500,0.0,0.0,yfinance_raw_daily
2012-03-14,1380.0,1390.0,1360.0,1380.0,687.58544921875,128567500,0.0,0.0,yfinance_raw_daily
2012-03-15,1360.0,1380.0,1350.0,1360.0,677.6204833984375,82217500,0.0,0.0,yfinance_raw_daily
2012-03-16,1350.0,1370.0,1350.0,1350.0,672.6380004882812,54997500,0.0,0.0,yfinance_raw_daily
2012-03-19,1360.0,1370.0,1350.0,1360.0,677.6204833984375,72287500,0.0,0.0,yfinance_raw_daily
2012-03-20,1390.0,1390.0,1360.0,1390.0,692.5679321289062,78645000,0.0,0.0,yfinance_raw_daily
2012-03-21,1400.0,1400.0,1380.0,1400.0,697.550537109375,87135000,0.0,0.0,yfinance_raw_daily
2012-03-22,1390.0,1400.0,1380.0,1390.0,692.5679321289062,51082500,0.0,0.0,yfinance_raw_daily
2012-03-26,1410.0,1410.0,1400.0,1410.0,702.5328979492188,107672500,0.0,0.0,yfinance_raw_daily
2012-03-27,1410.0,1420.0,1410.0,1410.0,702.5328979492188,46832500,0.0,0.0,yfinance_raw_daily
2012-03-28,1400.0,1410.0,1390.0,1400.0,697.550537109375,61962500,0.0,0.0,yfinance_raw_daily
2012-03-29,1410.0,1420.0,1390.0,1410.0,702.5328979492188,80780000,0.0,0.0,yfinance_raw_daily
2012-03-30,1400.0,1430.0,1390.0,1400.0,697.550537109375,91352500,0.0,0.0,yfinance_raw_daily
2012-04-02,1410.0,1420.0,1410.0,1410.0,702.5328979492188,108317500,0.0,0.0,yfinance_raw_daily
2012-04-03,1410.0,1410.0,1410.0,1410.0,702.5328979492188,0,0.0,0.0,yfinance_raw_daily
2012-04-04,1460.0,1480.0,1430.0,1460.0,727.4454956054688,143855000,0.0,0.0,yfinance_raw_daily
2012-04-05,1510.0,1520.0,1460.0,1510.0,752.3579711914062,172987500,0.0,0.0,yfinance_raw_daily
2012-04-09,1510.0,1530.0,1500.0,1510.0,752.3579711914062,59612500,0.0,0.0,yfinance_raw_daily
2012-04-10,1520.0,1540.0,1520.0,1520.0,757.3404541015625,86227500,0.0,0.0,yfinance_raw_daily
2012-04-11,1500.0,1520.0,1490.0,1500.0,747.3755493164062,77632500,0.0,0.0,yfinance_raw_daily
2012-04-12,1520.0,1520.0,1500.0,1520.0,757.3404541015625,40885000,0.0,0.0,yfinance_raw_daily
2012-04-13,1520.0,1530.0,1510.0,1520.0,757.3404541015625,60145000,0.0,0.0,yfinance_raw_daily
2012-04-16,1520.0,1520.0,1510.0,1520.0,757.3404541015625,76235000,0.0,0.0,yfinance_raw_daily
2012-04-17,1510.0,1550.0,1510.0,1510.0,752.3579711914062,132980000,0.0,0.0,yfinance_raw_daily
2012-04-18,1530.0,1550.0,1520.0,1530.0,762.322998046875,83562500,0.0,0.0,yfinance_raw_daily
2012-04-19,1550.0,1570.0,1530.0,1550.0,772.2880249023438,134335000,0.0,0.0,yfinance_raw_daily
2012-04-20,1560.0,1570.0,1550.0,1560.0,777.270751953125,92950000,0.0,0.0,yfinance_raw_daily
2012-04-23,1560.0,1580.0,1550.0,1560.0,777.270751953125,67147500,0.0,0.0,yfinance_raw_daily
2012-04-24,1590.0,1600.0,1570.0,1590.0,792.218017578125,135052500,0.0,0.0,yfinance_raw_daily
2012-04-25,1580.0,1590.0,1570.0,1580.0,787.235595703125,185182500,0.0,0.0,yfinance_raw_daily
2012-04-26,1600.0,1600.0,1570.0,1600.0,797.2006225585938,132945000,0.0,0.0,yfinance_raw_daily
2012-04-27,1700.0,1740.0,1600.0,1700.0,847.0255737304688,386080000,0.0,0.0,yfinance_raw_daily
2012-04-30,1700.0,1700.0,1630.0,1700.0,847.0255737304688,171157500,0.0,0.0,yfinance_raw_daily
2012-05-01,1650.0,1700.0,1640.0,1650.0,822.113037109375,58107500,0.0,0.0,yfinance_raw_daily
2012-05-02,1650.0,1700.0,1640.0,1650.0,822.113037109375,15,0.0,0.0,yfinance_raw_daily
2012-05-03,1670.0,1680.0,1600.0,1670.0,832.0779418945312,181720000,0.0,0.0,yfinance_raw_daily
2012-05-04,1670.0,1680.0,1630.0,1670.0,832.0779418945312,206402500,0.0,0.0,yfinance_raw_daily
2012-05-07,1660.0,1660.0,1610.0,1660.0,827.0955810546875,165125000,0.0,0.0,yfinance_raw_daily
2012-05-08,1660.0,1680.0,1640.0,1660.0,827.0955810546875,165465000,0.0,0.0,yfinance_raw_daily
2012-05-09,1580.0,1660.0,1580.0,1580.0,787.235595703125,139045000,0.0,0.0,yfinance_raw_daily
2012-05-10,1640.0,1640.0,1540.0,1640.0,817.130615234375,132372500,0.0,0.0,yfinance_raw_daily
2012-05-11,1640.0,1650.0,1600.0,1640.0,817.130615234375,80067500,0.0,0.0,yfinance_raw_daily
2012-05-14,1600.0,1650.0,1600.0,1600.0,797.2006225585938,61930000,0.0,0.0,yfinance_raw_daily
2012-05-15,1630.0,1640.0,1570.0,1630.0,812.1480712890625,89595000,0.0,0.0,yfinance_raw_daily
2012-05-16,1580.0,1600.0,1550.0,1580.0,787.235595703125,155052500,0.0,0.0,yfinance_raw_daily
2012-05-21,1570.0,1600.0,1540.0,1570.0,782.253173828125,170145000,0.0,0.0,yfinance_raw_daily
2012-05-22,1570.0,1590.0,1550.0,1570.0,782.253173828125,70700000,0.0,0.0,yfinance_raw_daily
2012-05-23,1550.0,1560.0,1530.0,1550.0,772.2880249023438,76872500,0.0,0.0,yfinance_raw_daily
2012-05-24,1500.0,1540.0,1470.0,1500.0,747.3755493164062,175320000,0.0,0.0,yfinance_raw_daily
2012-05-25,1450.0,1480.0,1440.0,1450.0,722.4630126953125,125352500,0.0,0.0,yfinance_raw_daily
2012-05-28,1480.0,1500.0,1400.0,1480.0,737.41064453125,113907500,0.0,0.0,yfinance_raw_daily
2012-05-29,1520.0,1540.0,1480.0,1520.0,757.3404541015625,61792500,0.0,0.0,yfinance_raw_daily
2012-05-30,1580.0,1600.0,1530.0,1580.0,787.235595703125,162582500,0.0,0.0,yfinance_raw_daily
2012-05-31,1560.0,1600.0,1540.0,1560.0,777.270751953125,200920000,0.0,0.0,yfinance_raw_daily
2012-06-01,1520.0,1590.0,1520.0,1520.0,757.3404541015625,69610000,0.0,0.0,yfinance_raw_daily
2012-06-04,1520.0,1540.0,1490.0,1520.0,757.3404541015625,68332500,0.0,0.0,yfinance_raw_daily
2012-06-05,1540.0,1560.0,1530.0,1540.0,767.305419921875,26472500,0.0,0.0,yfinance_raw_daily
2012-06-06,1510.0,1510.0,1480.0,1510.0,790.4799194335938,53875000,74.2686,0.0,yfinance_raw_daily
2012-06-07,1500.0,1530.0,1500.0,1500.0,785.2451171875,116607500,0.0,0.0,yfinance_raw_daily
2012-06-08,1470.0,1500.0,1460.0,1470.0,769.5401000976562,44205000,0.0,0.0,yfinance_raw_daily
2012-06-11,1480.0,1490.0,1460.0,1480.0,774.7750854492188,67165000,0.0,0.0,yfinance_raw_daily
2012-06-12,1520.0,1520.0,1450.0,1520.0,795.7149047851562,41552500,0.0,0.0,yfinance_raw_daily
2012-06-13,1570.0,1590.0,1530.0,1570.0,821.889892578125,109347500,0.0,0.0,yfinance_raw_daily
2012-06-14,1540.0,1570.0,1540.0,1540.0,806.184814453125,78670000,0.0,0.0,yfinance_raw_daily
2012-06-15,1580.0,1580.0,1480.0,1580.0,827.1248168945312,173430000,0.0,0.0,yfinance_raw_daily
2012-06-18,1500.0,1580.0,1500.0,1500.0,785.2451171875,96255000,0.0,0.0,yfinance_raw_daily
2012-06-19,1520.0,1540.0,1510.0,1520.0,795.7149047851562,58010000,0.0,0.0,yfinance_raw_daily
2012-06-20,1600.0,1620.0,1540.0,1600.0,837.5947875976562,117700000,0.0,0.0,yfinance_raw_daily
2012-06-21,1570.0,1610.0,1570.0,1570.0,821.889892578125,72670000,0.0,0.0,yfinance_raw_daily
2012-06-22,1550.0,1580.0,1550.0,1550.0,811.4198608398438,58017500,0.0,0.0,yfinance_raw_daily
2012-06-25,1561.0,1580.0,1560.0,1560.0,816.6549682617188,39497500,0.0,0.0,yfinance_raw_daily
2012-06-26,1560.0,1590.0,1560.0,1560.0,816.6549682617188,54175000,0.0,0.0,yfinance_raw_daily
2012-06-27,1560.0,1620.0,1580.0,1600.0,837.5947875976562,120740000,0.0,0.0,yfinance_raw_daily
2012-06-28,1600.0,1630.0,1580.0,1580.0,827.1248168945312,85480000,0.0,0.0,yfinance_raw_daily
2012-06-29,1580.0,1650.0,1590.0,1630.0,853.2996215820312,139292500,0.0,0.0,yfinance_raw_daily
2012-07-02,1620.0,1650.0,1620.0,1620.0,848.0646362304688,39347500,0.0,0.0,yfinance_raw_daily
2012-07-03,1670.0,1670.0,1620.0,1670.0,874.2394409179688,90200000,0.0,0.0,yfinance_raw_daily
2012-07-04,1680.0,1700.0,1670.0,1680.0,879.4744262695312,84615000,0.0,0.0,yfinance_raw_daily
2012-07-05,1680.0,1700.0,1680.0,1680.0,879.4744262695312,41415000,0.0,0.0,yfinance_raw_daily
2012-07-06,1640.0,1680.0,1620.0,1640.0,858.5345458984375,84372500,0.0,0.0,yfinance_raw_daily
2012-07-09,1600.0,1640.0,1590.0,1600.0,837.5947875976562,69512500,0.0,0.0,yfinance_raw_daily
2012-07-10,1650.0,1650.0,1610.0,1650.0,863.7694702148438,52312500,0.0,0.0,yfinance_raw_daily
2012-07-11,1690.0,1710.0,1660.0,1690.0,884.7092895507812,99737500,0.0,0.0,yfinance_raw_daily
2012-07-12,1690.0,1710.0,1680.0,1690.0,884.7092895507812,113602500,0.0,0.0,yfinance_raw_daily
2012-07-13,1730.0,1760.0,1690.0,1730.0,905.6492919921875,133937500,0.0,0.0,yfinance_raw_daily
2012-07-16,1770.0,1780.0,1740.0,1770.0,926.5892944335938,103310000,0.0,0.0,yfinance_raw_daily
2012-07-17,1790.0,1830.0,1770.0,1790.0,937.0592041015625,160252500,0.0,0.0,yfinance_raw_daily
2012-07-18,1790.0,1830.0,1790.0,1790.0,937.0592041015625,55447500,0.0,0.0,yfinance_raw_daily
2012-07-19,1760.0,1810.0,1750.0,1760.0,921.354248046875,75285000,0.0,0.0,yfinance_raw_daily
2012-07-20,1800.0,1800.0,1770.0,1800.0,942.2940673828125,70005000,0.0,0.0,yfinance_raw_daily
2012-07-23,1790.0,1810.0,1760.0,1790.0,937.0592041015625,54100000,0.0,0.0,yfinance_raw_daily
2012-07-24,1750.0,1800.0,1740.0,1750.0,916.1192016601562,78095000,0.0,0.0,yfinance_raw_daily
2012-07-25,1770.0,1810.0,1740.0,1770.0,926.5892944335938,85185000,0.0,0.0,yfinance_raw_daily
2012-07-26,1780.0,1810.0,1760.0,1780.0,931.8240966796875,62037500,0.0,0.0,yfinance_raw_daily
2012-07-27,1860.0,1860.0,1800.0,1860.0,973.703857421875,122620000,0.0,0.0,yfinance_raw_daily
2012-07-30,1810.0,1850.0,1810.0,1810.0,947.529052734375,68580000,0.0,0.0,yfinance_raw_daily
2012-07-31,1820.0,1850.0,1780.0,1820.0,952.7640991210938,164680000,0.0,0.0,yfinance_raw_daily
2012-08-01,1850.0,1850.0,1820.0,1850.0,968.4688720703125,98672500,0.0,0.0,yfinance_raw_daily
2012-08-02,1780.0,1860.0,1780.0,1780.0,931.8240966796875,81985000,0.0,0.0,yfinance_raw_daily
2012-08-03,1790.0,1810.0,1770.0,1790.0,937.0592041015625,52335000,0.0,0.0,yfinance_raw_daily
2012-08-06,1770.0,1830.0,1770.0,1770.0,926.5892944335938,67300000,0.0,0.0,yfinance_raw_daily
2012-08-07,1790.0,1810.0,1770.0,1790.0,937.0592041015625,86267500,0.0,0.0,yfinance_raw_daily
2012-08-08,1800.0,1800.0,1760.0,1800.0,942.2940673828125,119872500,0.0,0.0,yfinance_raw_daily
2012-08-09,1830.0,1850.0,1820.0,1830.0,957.9989013671875,124382500,0.0,0.0,yfinance_raw_daily
2012-08-10,1840.0,1860.0,1820.0,1840.0,963.2339477539062,81207500,0.0,0.0,yfinance_raw_daily
2012-08-13,1790.0,1860.0,1770.0,1790.0,937.0592041015625,78530000,0.0,0.0,yfinance_raw_daily
2012-08-14,1770.0,1810.0,1750.0,1770.0,926.5892944335938,87465000,0.0,0.0,yfinance_raw_daily
2012-08-15,1850.0,1860.0,1780.0,1850.0,968.4688720703125,107300000,0.0,0.0,yfinance_raw_daily
2012-08-16,1960.0,1970.0,1860.0,1960.0,1026.053466796875,213665000,0.0,0.0,yfinance_raw_daily
2012-08-23,1920.0,1930.0,1870.0,1920.0,1005.1136474609375,166172500,0.0,0.0,yfinance_raw_daily
2012-08-24,1900.0,1900.0,1880.0,1900.0,994.643798828125,75392500,0.0,0.0,yfinance_raw_daily
2012-08-27,1890.0,1900.0,1870.0,1890.0,989.4088745117188,8240000,0.0,0.0,yfinance_raw_daily
2012-08-28,1860.0,1890.0,1860.0,1860.0,973.703857421875,61510000,0.0,0.0,yfinance_raw_daily
2012-08-29,1860.0,1890.0,1840.0,1860.0,973.703857421875,103322500,0.0,0.0,yfinance_raw_daily
2012-08-30,1860.0,1880.0,1840.0,1860.0,973.703857421875,59417500,0.0,0.0,yfinance_raw_daily
2012-08-31,1860.0,1900.0,1850.0,1860.0,973.703857421875,78742500,0.0,0.0,yfinance_raw_daily
2012-09-03,1910.0,1930.0,1860.0,1910.0,999.8786010742188,80640000,0.0,0.0,yfinance_raw_daily
2012-09-04,1930.0,1940.0,1910.0,1930.0,1010.3486328125,78130000,0.0,0.0,yfinance_raw_daily
2012-09-05,1920.0,1940.0,1890.0,1920.0,1005.1136474609375,88485000,0.0,0.0,yfinance_raw_daily
2012-09-06,1910.0,1930.0,1910.0,1910.0,999.8786010742188,36550000,0.0,0.0,yfinance_raw_daily
2012-09-07,1930.0,1940.0,1900.0,1930.0,1010.3486328125,101200000,0.0,0.0,yfinance_raw_daily
2012-09-10,1880.0,1950.0,1870.0,1880.0,984.1737670898438,93445000,0.0,0.0,yfinance_raw_daily
2012-09-11,1890.0,1900.0,1850.0,1890.0,989.4088745117188,40230000,0.0,0.0,yfinance_raw_daily
2012-09-12,1890.0,1900.0,1880.0,1890.0,989.4088745117188,31547500,0.0,0.0,yfinance_raw_daily
2012-09-13,1890.0,1910.0,1890.0,1890.0,989.4088745117188,34427500,0.0,0.0,yfinance_raw_daily
2012-09-14,1930.0,1940.0,1890.0,1930.0,1010.3486328125,143777500,0.0,0.0,yfinance_raw_daily
2012-09-17,1850.0,1910.0,1850.0,1850.0,968.4688720703125,93355000,0.0,0.0,yfinance_raw_daily
2012-09-18,1880.0,1880.0,1850.0,1880.0,984.1737670898438,72222500,0.0,0.0,yfinance_raw_daily
2012-09-19,1880.0,1910.0,1870.0,1880.0,984.1737670898438,117850000,0.0,0.0,yfinance_raw_daily
2012-09-20,1880.0,1880.0,1850.0,1880.0,984.1737670898438,56595000,0.0,0.0,yfinance_raw_daily
2012-09-21,1880.0,1890.0,1860.0,1880.0,984.1737670898438,56237500,0.0,0.0,yfinance_raw_daily
2012-09-24,1850.0,1880.0,1840.0,1850.0,968.4688720703125,54650000,0.0,0.0,yfinance_raw_daily
2012-09-25,1870.0,1870.0,1850.0,1870.0,978.9387817382812,27470000,0.0,0.0,yfinance_raw_daily
2012-09-26,1840.0,1880.0,1830.0,1840.0,963.2339477539062,61522500,0.0,0.0,yfinance_raw_daily
2012-09-27,1870.0,1890.0,1830.0,1870.0,978.9387817382812,81632500,0.0,0.0,yfinance_raw_daily
2012-09-28,1890.0,1900.0,1870.0,1890.0,989.4088745117188,89755000,0.0,0.0,yfinance_raw_daily
2012-10-01,1880.0,1890.0,1860.0,1880.0,984.1737670898438,52527500,0.0,0.0,yfinance_raw_daily
2012-10-02,1900.0,1910.0,1880.0,1900.0,994.643798828125,70050000,0.0,0.0,yfinance_raw_daily
2012-10-03,1900.0,1910.0,1890.0,1900.0,994.643798828125,72790000,0.0,0.0,yfinance_raw_daily
2012-10-04,1900.0,1910.0,1880.0,1900.0,994.643798828125,77155000,0.0,0.0,yfinance_raw_daily
2012-10-05,1900.0,1920.0,1890.0,1900.0,994.643798828125,63187500,0.0,0.0,yfinance_raw_daily
2012-10-08,1920.0,1930.0,1910.0,1920.0,1005.1136474609375,85082500,0.0,0.0,yfinance_raw_daily
2012-10-09,1930.0,1950.0,1910.0,1930.0,1010.3486328125,66767500,0.0,0.0,yfinance_raw_daily
2012-10-10,1930.0,1940.0,1920.0,1930.0,1010.3486328125,63307500,0.0,0.0,yfinance_raw_daily
2012-10-11,1950.0,1950.0,1930.0,1950.0,1020.818603515625,91525000,0.0,0.0,yfinance_raw_daily
2012-10-12,1930.0,1970.0,1930.0,1930.0,1010.3486328125,110005000,0.0,0.0,yfinance_raw_daily
2012-10-15,1920.0,1950.0,1890.0,1920.0,1005.1136474609375,94040000,0.0,0.0,yfinance_raw_daily
2012-10-16,1970.0,1970.0,1920.0,1970.0,1031.288330078125,95815000,0.0,0.0,yfinance_raw_daily
2012-10-17,1950.0,1970.0,1940.0,1950.0,1020.818603515625,133372500,0.0,0.0,yfinance_raw_daily
2012-10-18,1930.0,1960.0,1920.0,1930.0,1010.3486328125,64702500,0.0,0.0,yfinance_raw_daily
2012-10-19,1930.0,1960.0,1930.0,1930.0,1010.3486328125,71067500,0.0,0.0,yfinance_raw_daily
2012-10-22,1910.0,1940.0,1910.0,1910.0,999.8786010742188,62315000,0.0,0.0,yfinance_raw_daily
2012-10-23,1930.0,1940.0,1890.0,1930.0,1010.3486328125,88507500,0.0,0.0,yfinance_raw_daily
2012-10-24,1960.0,1990.0,1920.0,1960.0,1026.053466796875,309980000,0.0,0.0,yfinance_raw_daily
2012-10-25,1930.0,1980.0,1910.0,1930.0,1010.3486328125,105362500,0.0,0.0,yfinance_raw_daily
2012-10-29,1930.0,1950.0,1910.0,1930.0,1010.3486328125,98112500,0.0,0.0,yfinance_raw_daily
2012-10-30,1920.0,1940.0,1920.0,1920.0,1005.1136474609375,61515000,0.0,0.0,yfinance_raw_daily
2012-10-31,1950.0,1950.0,1910.0,1950.0,1020.818603515625,104925000,0.0,0.0,yfinance_raw_daily
2012-11-01,1950.0,1980.0,1940.0,1950.0,1020.818603515625,124140000,0.0,0.0,yfinance_raw_daily
2012-11-02,1910.0,1930.0,1880.0,1910.0,999.8786010742188,135580000,0.0,0.0,yfinance_raw_daily
2012-11-05,1880.0,1910.0,1870.0,1880.0,984.1737670898438,82187500,0.0,0.0,yfinance_raw_daily
2012-11-06,1880.0,1910.0,1870.0,1880.0,984.1737670898438,82652500,0.0,0.0,yfinance_raw_daily
2012-11-07,1880.0,1890.0,1870.0,1880.0,984.1737670898438,44255000,0.0,0.0,yfinance_raw_daily
2012-11-08,1870.0,1880.0,1860.0,1870.0,978.9387817382812,83842500,0.0,0.0,yfinance_raw_daily
2012-11-09,1880.0,1880.0,1860.0,1880.0,984.1737670898438,67277500,0.0,0.0,yfinance_raw_daily
2012-11-12,1870.0,1890.0,1870.0,1870.0,978.9387817382812,28595000,0.0,0.0,yfinance_raw_daily
2012-11-13,1880.0,1890.0,1860.0,1880.0,984.1737670898438,54072500,0.0,0.0,yfinance_raw_daily
2012-11-14,1890.0,1890.0,1870.0,1890.0,989.4088745117188,70562500,0.0,0.0,yfinance_raw_daily
2012-11-19,1850.0,1890.0,1840.0,1850.0,968.4688720703125,89660000,0.0,0.0,yfinance_raw_daily
2012-11-20,1870.0,1870.0,1850.0,1870.0,978.9387817382812,82222500,0.0,0.0,yfinance_raw_daily
2012-11-21,1840.0,1880.0,1840.0,1840.0,963.2339477539062,92085000,0.0,0.0,yfinance_raw_daily
2012-11-22,1850.0,1860.0,1840.0,1850.0,968.4688720703125,151695000,0.0,0.0,yfinance_raw_daily
2012-11-23,1840.0,1860.0,1830.0,1840.0,963.2339477539062,44250000,0.0,0.0,yfinance_raw_daily
2012-11-26,1880.0,1880.0,1840.0,1880.0,984.1737670898438,91917500,0.0,0.0,yfinance_raw_daily
2012-11-27,1880.0,1890.0,1870.0,1880.0,984.1737670898438,54600000,0.0,0.0,yfinance_raw_daily
2012-11-28,1860.0,1870.0,1840.0,1860.0,973.703857421875,55567500,0.0,0.0,yfinance_raw_daily
2012-11-29,1850.0,1870.0,1830.0,1850.0,968.4688720703125,62972500,0.0,0.0,yfinance_raw_daily
2012-11-30,1800.0,1870.0,1790.0,1800.0,942.2940673828125,162595000,0.0,0.0,yfinance_raw_daily
2012-12-03,1770.0,1820.0,1730.0,1770.0,926.5892944335938,192670000,0.0,0.0,yfinance_raw_daily
2012-12-04,1770.0,1780.0,1740.0,1770.0,926.5892944335938,70100000,0.0,0.0,yfinance_raw_daily
2012-12-05,1760.0,1780.0,1730.0,1760.0,921.354248046875,118277500,0.0,0.0,yfinance_raw_daily
2012-12-06,1780.0,1800.0,1760.0,1780.0,931.8240966796875,82115000,0.0,0.0,yfinance_raw_daily
2012-12-07,1840.0,1840.0,1780.0,1840.0,963.2339477539062,179717500,0.0,0.0,yfinance_raw_daily
2012-12-10,1860.0,1860.0,1830.0,1860.0,973.703857421875,87720000,0.0,0.0,yfinance_raw_daily
2012-12-11,1830.0,1860.0,1820.0,1830.0,957.9989013671875,91575000,0.0,0.0,yfinance_raw_daily
2012-12-12,1850.0,1870.0,1820.0,1850.0,968.4688720703125,173002500,0.0,0.0,yfinance_raw_daily
2012-12-13,1830.0,1840.0,1810.0,1830.0,957.9989013671875,99052500,0.0,0.0,yfinance_raw_daily
2012-12-14,1770.0,1830.0,1750.0,1770.0,926.5892944335938,185680000,0.0,0.0,yfinance_raw_daily
2012-12-17,1810.0,1810.0,1780.0,1810.0,947.529052734375,159475000,0.0,0.0,yfinance_raw_daily
2012-12-18,1800.0,1820.0,1770.0,1800.0,942.2940673828125,97192500,0.0,0.0,yfinance_raw_daily
2012-12-19,1780.0,1810.0,1750.0,1780.0,931.8240966796875,118705000,0.0,0.0,yfinance_raw_daily
2012-12-20,1800.0,1800.0,1750.0,1800.0,942.2940673828125,114527500,0.0,0.0,yfinance_raw_daily
2012-12-21,1830.0,1830.0,1780.0,1830.0,957.9989013671875,91677500,0.0,0.0,yfinance_raw_daily
2012-12-26,1820.0,1820.0,1810.0,1820.0,952.7640991210938,15,0.0,0.0,yfinance_raw_daily
2012-12-27,1790.0,1810.0,1770.0,1790.0,937.0592041015625,67850000,0.0,0.0,yfinance_raw_daily
2012-12-28,1810.0,1820.0,1780.0,1810.0,947.529052734375,109440000,0.0,0.0,yfinance_raw_daily
2013-01-02,1790.0,1830.0,1770.0,1790.0,937.0592041015625,60222500,0.0,0.0,yfinance_raw_daily
2013-01-03,1800.0,1810.0,1790.0,1800.0,942.2940673828125,121480000,0.0,0.0,yfinance_raw_daily
2013-01-04,1820.0,1820.0,1800.0,1820.0,952.7640991210938,101207500,0.0,0.0,yfinance_raw_daily
2013-01-07,1840.0,1860.0,1820.0,1840.0,963.2339477539062,110077500,0.0,0.0,yfinance_raw_daily
2013-01-08,1830.0,1850.0,1830.0,1830.0,957.9989013671875,77142500,0.0,0.0,yfinance_raw_daily
2013-01-09,1790.0,1840.0,1780.0,1790.0,937.0592041015625,150775000,0.0,0.0,yfinance_raw_daily
2013-01-10,1790.0,1800.0,1760.0,1790.0,937.0592041015625,165842500,0.0,0.0,yfinance_raw_daily
2013-01-11,1810.0,1810.0,1780.0,1810.0,947.529052734375,93272500,0.0,0.0,yfinance_raw_daily
2013-01-14,1830.0,1830.0,1810.0,1830.0,957.9989013671875,93792500,0.0,0.0,yfinance_raw_daily
2013-01-15,1890.0,1890.0,1830.0,1890.0,989.4088745117188,139172500,0.0,0.0,yfinance_raw_daily
2013-01-16,1900.0,1900.0,1880.0,1900.0,994.643798828125,80340000,0.0,0.0,yfinance_raw_daily
2013-01-17,1910.0,1920.0,1890.0,1910.0,999.8786010742188,108880000,0.0,0.0,yfinance_raw_daily
2013-01-18,1960.0,1960.0,1910.0,1960.0,1026.053466796875,106495000,0.0,0.0,yfinance_raw_daily
2013-01-21,1920.0,1950.0,1900.0,1920.0,1005.1136474609375,92392500,0.0,0.0,yfinance_raw_daily
2013-01-22,1920.0,1920.0,1920.0,1920.0,1005.1136474609375,0,0.0,0.0,yfinance_raw_daily
2013-01-23,1920.0,1940.0,1880.0,1920.0,1005.1136474609375,54337500,0.0,0.0,yfinance_raw_daily
2013-01-25,1960.0,1960.0,1900.0,1960.0,1026.053466796875,121637500,0.0,0.0,yfinance_raw_daily
2013-01-28,1910.0,1950.0,1900.0,1910.0,999.8786010742188,111172500,0.0,0.0,yfinance_raw_daily
2013-01-29,1930.0,1960.0,1910.0,1930.0,1010.3486328125,149150000,0.0,0.0,yfinance_raw_daily
2013-01-30,1940.0,1950.0,1920.0,1940.0,1015.5835571289062,83140000,0.0,0.0,yfinance_raw_daily
2013-01-31,1940.0,1940.0,1910.0,1940.0,1015.5835571289062,155020000,0.0,0.0,yfinance_raw_daily
2013-02-01,1930.0,1960.0,1930.0,1930.0,1010.3486328125,92477500,0.0,0.0,yfinance_raw_daily
2013-02-04,1940.0,1960.0,1920.0,1940.0,1015.5835571289062,63735000,0.0,0.0,yfinance_raw_daily
2013-02-05,1940.0,1950.0,1920.0,1940.0,1015.5835571289062,73387500,0.0,0.0,yfinance_raw_daily
2013-02-06,1960.0,1960.0,1940.0,1960.0,1026.053466796875,72077500,0.0,0.0,yfinance_raw_daily
2013-02-07,1930.0,1960.0,1920.0,1930.0,1010.3486328125,55877500,0.0,0.0,yfinance_raw_daily
2013-02-08,1930.0,1950.0,1920.0,1930.0,1010.3486328125,82810000,0.0,0.0,yfinance_raw_daily
2013-02-11,1930.0,1940.0,1920.0,1930.0,1010.3486328125,55935000,0.0,0.0,yfinance_raw_daily
2013-02-12,1930.0,1930.0,1910.0,1930.0,1010.3486328125,37485000,0.0,0.0,yfinance_raw_daily
2013-02-13,1920.0,1940.0,1910.0,1920.0,1005.1136474609375,63552500,0.0,0.0,yfinance_raw_daily
2013-02-14,1950.0,1960.0,1910.0,1950.0,1020.818603515625,282730000,0.0,0.0,yfinance_raw_daily
2013-02-15,1990.0,2000.0,1950.0,1990.0,1041.7584228515625,243532500,0.0,0.0,yfinance_raw_daily
2013-02-18,1990.0,2010.0,1970.0,1990.0,1041.7584228515625,96120000,0.0,0.0,yfinance_raw_daily
2013-02-19,1980.0,2010.0,1970.0,1980.0,1036.5234375,56707500,0.0,0.0,yfinance_raw_daily
2013-02-20,1970.0,2000.0,1950.0,1970.0,1031.288330078125,90922500,0.0,0.0,yfinance_raw_daily
2013-02-21,1980.0,1980.0,1960.0,1980.0,1036.5234375,91987500,0.0,0.0,yfinance_raw_daily
2013-02-22,1970.0,1980.0,1950.0,1970.0,1031.288330078125,77210000,0.0,0.0,yfinance_raw_daily
2013-02-25,1980.0,1980.0,1950.0,1980.0,1036.5234375,85690000,0.0,0.0,yfinance_raw_daily
2013-02-26,1970.0,1980.0,1950.0,1970.0,1031.288330078125,54930000,0.0,0.0,yfinance_raw_daily
2013-02-27,2030.0,2070.0,1980.0,2030.0,1062.6982421875,243452500,0.0,0.0,yfinance_raw_daily
2013-02-28,2150.0,2190.0,2060.0,2150.0,1125.5179443359375,191622500,0.0,0.0,yfinance_raw_daily
2013-03-01,2170.0,2190.0,2100.0,2170.0,1135.988037109375,96047500,0.0,0.0,yfinance_raw_daily
2013-03-04,2100.0,2180.0,2090.0,2100.0,1099.3431396484375,93580000,0.0,0.0,yfinance_raw_daily
2013-03-05,2100.0,2120.0,2070.0,2100.0,1099.3431396484375,43375000,0.0,0.0,yfinance_raw_daily
2013-03-06,2220.0,2230.0,2130.0,2220.0,1162.16259765625,132065000,0.0,0.0,yfinance_raw_daily
2013-03-07,2120.0,2170.0,2100.0,2120.0,1109.8131103515625,126125000,0.0,0.0,yfinance_raw_daily
2013-03-08,2150.0,2190.0,2140.0,2150.0,1125.5179443359375,71627500,0.0,0.0,yfinance_raw_daily
2013-03-11,2170.0,2190.0,2150.0,2170.0,1135.988037109375,37515000,0.0,0.0,yfinance_raw_daily
2013-03-13,2170.0,2230.0,2150.0,2170.0,1135.988037109375,122720000,0.0,0.0,yfinance_raw_daily
2013-03-14,2160.0,2180.0,2120.0,2120.0,1109.8131103515625,89810000,0.0,0.0,yfinance_raw_daily
2013-03-15,2130.0,2200.0,2060.0,2060.0,1078.4031982421875,100502500,0.0,0.0,yfinance_raw_daily
2013-03-18,2060.0,2110.0,2050.0,2100.0,1099.3431396484375,100685000,0.0,0.0,yfinance_raw_daily
2013-03-19,2120.0,2140.0,2110.0,2110.0,1104.578125,61297500,0.0,0.0,yfinance_raw_daily
2013-03-20,2140.0,2190.0,2120.0,2140.0,1120.2830810546875,114347500,0.0,0.0,yfinance_raw_daily
2013-03-21,2180.0,2220.0,2120.0,2150.0,1125.5179443359375,85155000,0.0,0.0,yfinance_raw_daily
2013-03-22,2150.0,2160.0,2090.0,2110.0,1104.578125,97967500,0.0,0.0,yfinance_raw_daily
2013-03-25,2150.0,2170.0,2120.0,2140.0,1120.2830810546875,49620000,0.0,0.0,yfinance_raw_daily
2013-03-26,2150.0,2190.0,2130.0,2170.0,1135.988037109375,86355000,0.0,0.0,yfinance_raw_daily
2013-03-27,2170.0,2180.0,2140.0,2170.0,1135.988037109375,59400000,0.0,0.0,yfinance_raw_daily
2013-03-28,2150.0,2200.0,2140.0,2200.0,1151.6927490234375,79535000,0.0,0.0,yfinance_raw_daily
2013-04-01,2200.0,2220.0,2140.0,2150.0,1125.5179443359375,30487500,0.0,0.0,yfinance_raw_daily
2013-04-02,2130.0,2180.0,2130.0,2180.0,1141.222900390625,37737500,0.0,0.0,yfinance_raw_daily
2013-04-03,2180.0,2230.0,2160.0,2220.0,1162.16259765625,15,0.0,0.0,yfinance_raw_daily
2013-04-04,2210.0,2220.0,2170.0,2170.0,1135.988037109375,70767500,0.0,0.0,yfinance_raw_daily
2013-04-05,2190.0,2210.0,2140.0,2140.0,1120.2830810546875,53055000,0.0,0.0,yfinance_raw_daily
2013-04-08,2140.0,2160.0,2080.0,2100.0,1099.3431396484375,105777500,0.0,0.0,yfinance_raw_daily
2013-04-09,2130.0,2170.0,2120.0,2160.0,1130.7528076171875,101205000,0.0,0.0,yfinance_raw_daily
2013-04-10,2180.0,2180.0,2110.0,2150.0,1125.5179443359375,119377500,0.0,0.0,yfinance_raw_daily
2013-04-11,2170.0,2210.0,2140.0,2200.0,1151.6927490234375,126935000,0.0,0.0,yfinance_raw_daily
2013-04-12,2220.0,2250.0,2210.0,2230.0,1167.397705078125,93410000,0.0,0.0,yfinance_raw_daily
2013-04-15,2220.0,2250.0,2190.0,2230.0,1167.397705078125,61885000,0.0,0.0,yfinance_raw_daily
2013-04-16,2230.0,2360.0,2200.0,2350.0,1230.2171630859375,15,0.0,0.0,yfinance_raw_daily
2013-04-17,2360.0,2500.0,2350.0,2400.0,1256.3922119140625,160735000,0.0,0.0,yfinance_raw_daily
2013-04-18,2360.0,2360.0,2300.0,2310.0,1209.277099609375,160360000,0.0,0.0,yfinance_raw_daily
2013-04-19,2290.0,2380.0,2280.0,2340.0,1224.982177734375,109192500,0.0,0.0,yfinance_raw_daily
2013-04-22,2380.0,2460.0,2380.0,2400.0,1256.3922119140625,10,0.0,0.0,yfinance_raw_daily
2013-04-23,2340.0,2340.0,2340.0,2340.0,1224.982177734375,0,0.0,0.0,yfinance_raw_daily
2013-04-24,2400.0,2420.0,2370.0,2390.0,1251.1573486328125,93440000,0.0,0.0,yfinance_raw_daily
2013-04-25,2400.0,2400.0,2300.0,2360.0,1235.4520263671875,110875000,0.0,0.0,yfinance_raw_daily
2013-04-26,2340.0,2340.0,2240.0,2250.0,1177.867431640625,141757500,0.0,0.0,yfinance_raw_daily
2013-04-29,2270.0,2290.0,2250.0,2280.0,1193.572265625,62045000,0.0,0.0,yfinance_raw_daily
2013-04-30,2290.0,2350.0,2290.0,2340.0,1224.982177734375,187220000,0.0,0.0,yfinance_raw_daily
2013-05-01,2340.0,2360.0,2340.0,2360.0,1235.4520263671875,20460000,0.0,0.0,yfinance_raw_daily
2013-05-02,2330.0,2360.0,2310.0,2360.0,1235.4520263671875,68327500,0.0,0.0,yfinance_raw_daily
2013-05-03,2340.0,2360.0,2260.0,2260.0,1183.102294921875,87995000,0.0,0.0,yfinance_raw_daily
2013-05-06,2280.0,2350.0,2280.0,2320.0,1214.512451171875,81867500,0.0,0.0,yfinance_raw_daily
2013-05-07,2330.0,2350.0,2300.0,2340.0,1224.982177734375,79560000,0.0,0.0,yfinance_raw_daily
2013-05-08,2320.0,2360.0,2320.0,2360.0,1235.4520263671875,63865000,0.0,0.0,yfinance_raw_daily
2013-05-10,2340.0,2380.0,2340.0,2370.0,1240.6871337890625,90800000,0.0,0.0,yfinance_raw_daily
2013-05-13,2380.0,2380.0,2320.0,2370.0,1240.6871337890625,86107500,0.0,0.0,yfinance_raw_daily
2013-05-14,2360.0,2380.0,2340.0,2370.0,1240.6871337890625,72282500,0.0,0.0,yfinance_raw_daily
2013-05-15,2380.0,2420.0,2360.0,2380.0,1245.9219970703125,162527500,0.0,0.0,yfinance_raw_daily
2013-05-16,2410.0,2420.0,2370.0,2380.0,1245.9219970703125,100317500,0.0,0.0,yfinance_raw_daily
2013-05-17,2380.0,2410.0,2380.0,2390.0,1251.1573486328125,78335000,0.0,0.0,yfinance_raw_daily
2013-05-20,2430.0,2580.0,2430.0,2460.0,1287.8017578125,142417500,0.0,0.0,yfinance_raw_daily
2013-05-21,2480.0,2520.0,2440.0,2450.0,1282.56689453125,129855000,0.0,0.0,yfinance_raw_daily
2013-05-22,2430.0,2490.0,2430.0,2470.0,1293.036865234375,87825000,0.0,0.0,yfinance_raw_daily
2013-05-23,2450.0,2480.0,2410.0,2440.0,1277.3319091796875,153887500,0.0,0.0,yfinance_raw_daily
2013-05-24,2460.0,2480.0,2450.0,2460.0,1287.8017578125,69085000,0.0,0.0,yfinance_raw_daily
2013-05-27,2460.0,2460.0,2410.0,2440.0,1277.3319091796875,86650000,0.0,0.0,yfinance_raw_daily
2013-05-28,2400.0,2480.0,2400.0,2460.0,1287.8017578125,97247500,0.0,0.0,yfinance_raw_daily
2013-05-29,2460.0,2500.0,2460.0,2480.0,1298.2718505859375,111012500,0.0,0.0,yfinance_raw_daily
2013-05-30,2400.0,2430.0,2370.0,2370.0,1285.92138671875,141920000,87.2376,0.0,yfinance_raw_daily
2013-05-31,2360.0,2380.0,2210.0,2210.0,1199.108154296875,15,0.0,0.0,yfinance_raw_daily
2013-06-03,2220.0,2340.0,2210.0,2280.0,1237.0888671875,206020000,0.0,0.0,yfinance_raw_daily
2013-06-04,2280.0,2330.0,2230.0,2270.0,1231.6629638671875,117660000,0.0,0.0,yfinance_raw_daily
2013-06-05,2260.0,2280.0,2240.0,2240.0,1215.3856201171875,118007500,0.0,0.0,yfinance_raw_daily
2013-06-07,2240.0,2250.0,2160.0,2200.0,1193.6822509765625,231427500,0.0,0.0,yfinance_raw_daily
2013-06-10,2200.0,2230.0,2070.0,2100.0,1139.424072265625,177525000,0.0,0.0,yfinance_raw_daily
2013-06-11,2100.0,2110.0,1970.0,2000.0,1085.1656494140625,248872500,0.0,0.0,yfinance_raw_daily
2013-06-12,2010.0,2100.0,1940.0,2060.0,1117.720703125,208075000,0.0,0.0,yfinance_raw_daily
2013-06-13,2050.0,2130.0,2010.0,2040.0,1106.8690185546875,212940000,0.0,0.0,yfinance_raw_daily
2013-06-14,2060.0,2170.0,2060.0,2110.0,1144.849853515625,147550000,0.0,0.0,yfinance_raw_daily
2013-06-17,2110.0,2150.0,2070.0,2080.0,1128.5721435546875,109685000,0.0,0.0,yfinance_raw_daily
2013-06-18,2090.0,2220.0,2090.0,2170.0,1177.4049072265625,169845000,0.0,0.0,yfinance_raw_daily
2013-06-19,2170.0,2280.0,2160.0,2200.0,1193.6822509765625,107137500,0.0,0.0,yfinance_raw_daily
2013-06-20,2100.0,2140.0,2030.0,2100.0,1139.424072265625,157067500,0.0,0.0,yfinance_raw_daily
2013-06-21,2000.0,2070.0,1970.0,1990.0,1079.73974609375,237425000,0.0,0.0,yfinance_raw_daily
2013-06-24,2000.0,2050.0,1980.0,2000.0,1085.1656494140625,147670000,0.0,0.0,yfinance_raw_daily
2013-06-25,2020.0,2020.0,1930.0,1950.0,1058.0364990234375,184105000,0.0,0.0,yfinance_raw_daily
2013-06-26,1980.0,2080.0,1900.0,2050.0,1112.2947998046875,245915000,0.0,0.0,yfinance_raw_daily
2013-06-27,2100.0,2260.0,2100.0,2160.0,1171.978759765625,208745000,0.0,0.0,yfinance_raw_daily
2013-06-28,2180.0,2250.0,2180.0,2250.0,1220.8114013671875,182437500,0.0,0.0,yfinance_raw_daily
2013-07-01,2200.0,2250.0,2170.0,2180.0,1182.8306884765625,86265000,0.0,0.0,yfinance_raw_daily
2013-07-02,2190.0,2200.0,2150.0,2150.0,1166.5531005859375,92212500,0.0,0.0,yfinance_raw_daily
2013-07-03,2100.0,2150.0,2100.0,2110.0,1144.849853515625,178655000,0.0,0.0,yfinance_raw_daily
2013-07-04,2160.0,2240.0,2150.0,2180.0,1182.8306884765625,76065000,0.0,0.0,yfinance_raw_daily
2013-07-05,2200.0,2240.0,2200.0,2200.0,1193.6822509765625,60670000,0.0,0.0,yfinance_raw_daily
2013-07-08,2160.0,2240.0,2160.0,2180.0,1182.8306884765625,105267500,0.0,0.0,yfinance_raw_daily
2013-07-09,2220.0,2270.0,2200.0,2200.0,1193.6822509765625,131332500,0.0,0.0,yfinance_raw_daily
2013-07-10,2200.0,2280.0,2200.0,2260.0,1226.2371826171875,190850000,0.0,0.0,yfinance_raw_daily
2013-07-11,2270.0,2360.0,2260.0,2330.0,1264.2181396484375,175910000,0.0,0.0,yfinance_raw_daily
2013-07-12,2340.0,2440.0,2340.0,2370.0,1285.92138671875,205670000,0.0,0.0,yfinance_raw_daily
2013-07-15,2370.0,2380.0,2330.0,2370.0,1285.92138671875,99732500,0.0,0.0,yfinance_raw_daily
2013-07-16,2350.0,2370.0,2300.0,2300.0,1247.9404296875,79697500,0.0,0.0,yfinance_raw_daily
2013-07-17,2300.0,2310.0,2240.0,2260.0,1226.2371826171875,122885000,0.0,0.0,yfinance_raw_daily
2013-07-18,2260.0,2310.0,2250.0,2280.0,1237.0888671875,196995000,0.0,0.0,yfinance_raw_daily
2013-07-19,2300.0,2350.0,2280.0,2330.0,1264.2181396484375,90492500,0.0,0.0,yfinance_raw_daily
2013-07-22,2400.0,2400.0,2330.0,2350.0,1275.0693359375,99952500,0.0,0.0,yfinance_raw_daily
2013-07-23,2380.0,2400.0,2360.0,2400.0,1302.1988525390625,105552500,0.0,0.0,yfinance_raw_daily
2013-07-24,2300.0,2400.0,2300.0,2360.0,1280.4954833984375,81982500,0.0,0.0,yfinance_raw_daily
2013-07-25,2360.0,2370.0,2320.0,2340.0,1269.643798828125,92747500,0.0,0.0,yfinance_raw_daily
2013-07-26,2360.0,2380.0,2330.0,2330.0,1264.2181396484375,71982500,0.0,0.0,yfinance_raw_daily
2013-07-29,2320.0,2340.0,2260.0,2280.0,1237.0888671875,55790000,0.0,0.0,yfinance_raw_daily
2013-07-30,2280.0,2370.0,2270.0,2350.0,1275.0693359375,79955000,0.0,0.0,yfinance_raw_daily
2013-07-31,2360.0,2380.0,2330.0,2380.0,1291.346923828125,86822500,0.0,0.0,yfinance_raw_daily
2013-08-01,2390.0,2410.0,2380.0,2400.0,1302.1988525390625,79205000,0.0,0.0,yfinance_raw_daily
2013-08-02,2440.0,2440.0,2400.0,2400.0,1302.1988525390625,54575000,0.0,0.0,yfinance_raw_daily
2013-08-12,2380.0,2420.0,2370.0,2370.0,1285.92138671875,108935000,0.0,0.0,yfinance_raw_daily
2013-08-13,2380.0,2390.0,2340.0,2340.0,1269.643798828125,97225000,0.0,0.0,yfinance_raw_daily
2013-08-14,2350.0,2380.0,2340.0,2380.0,1291.346923828125,59555000,0.0,0.0,yfinance_raw_daily
2013-08-15,2360.0,2420.0,2350.0,2390.0,1296.7728271484375,99700000,0.0,0.0,yfinance_raw_daily
2013-08-16,2380.0,2380.0,2270.0,2270.0,1231.6629638671875,138227500,0.0,0.0,yfinance_raw_daily
2013-08-19,2170.0,2200.0,2100.0,2120.0,1150.2757568359375,130175000,0.0,0.0,yfinance_raw_daily
2013-08-20,2040.0,2140.0,1980.0,2080.0,1128.5721435546875,229065000,0.0,0.0,yfinance_raw_daily
2013-08-21,2120.0,2250.0,2100.0,2190.0,1188.25634765625,202245000,0.0,0.0,yfinance_raw_daily
2013-08-22,2120.0,2180.0,2120.0,2130.0,1155.701416015625,145652500,0.0,0.0,yfinance_raw_daily
2013-08-23,2160.0,2200.0,2120.0,2150.0,1166.5531005859375,84685000,0.0,0.0,yfinance_raw_daily
2013-08-26,2160.0,2170.0,2120.0,2130.0,1155.701416015625,81722500,0.0,0.0,yfinance_raw_daily
2013-08-27,2120.0,2130.0,2000.0,2020.0,1096.017333984375,128692500,0.0,0.0,yfinance_raw_daily
2013-08-28,2025.0,2375.0,1980.0,2150.0,1166.5531005859375,140114000,0.0,5.0,yfinance_raw_daily
2013-08-29,2150.0,2250.0,2100.0,2225.0,1207.2467041015625,105664500,0.0,0.0,yfinance_raw_daily
2013-08-30,2200.0,2250.0,2150.0,2200.0,1193.6822509765625,109446500,0.0,0.0,yfinance_raw_daily
2013-09-02,2200.0,2225.0,2100.0,2150.0,1166.5531005859375,63655500,0.0,0.0,yfinance_raw_daily
2013-09-03,2175.0,2225.0,2175.0,2200.0,1193.6822509765625,50207000,0.0,0.0,yfinance_raw_daily
2013-09-04,2150.0,2200.0,2075.0,2100.0,1139.424072265625,106755500,0.0,0.0,yfinance_raw_daily
2013-09-05,2100.0,2150.0,1990.0,2000.0,1085.1656494140625,147371008,0.0,0.0,yfinance_raw_daily
2013-09-06,2025.0,2050.0,1950.0,1990.0,1079.73974609375,198064000,0.0,0.0,yfinance_raw_daily
2013-09-09,2025.0,2100.0,2025.0,2075.0,1125.859375,131547000,0.0,0.0,yfinance_raw_daily
2013-09-10,2125.0,2200.0,2075.0,2200.0,1193.6822509765625,218278500,0.0,0.0,yfinance_raw_daily
2013-09-11,2225.0,2275.0,2100.0,2175.0,1180.1175537109375,215712000,0.0,0.0,yfinance_raw_daily
2013-09-12,2150.0,2250.0,2150.0,2225.0,1207.2467041015625,99842000,0.0,0.0,yfinance_raw_daily
2013-09-13,2200.0,2225.0,2150.0,2200.0,1193.6822509765625,113031500,0.0,0.0,yfinance_raw_daily
2013-09-16,2200.0,2250.0,2200.0,2225.0,1207.2467041015625,120217000,0.0,0.0,yfinance_raw_daily
2013-09-17,2225.0,2275.0,2200.0,2250.0,1220.8114013671875,124701500,0.0,0.0,yfinance_raw_daily
2013-09-18,2275.0,2275.0,2175.0,2225.0,1207.2467041015625,65105000,0.0,0.0,yfinance_raw_daily
2013-09-19,2300.0,2450.0,2300.0,2375.0,1288.6343994140625,171275500,0.0,0.0,yfinance_raw_daily
2013-09-20,2300.0,2375.0,2300.0,2325.0,1261.5048828125,76113000,0.0,0.0,yfinance_raw_daily
2013-09-23,2250.0,2275.0,2200.0,2275.0,1234.3756103515625,85687000,0.0,0.0,yfinance_raw_daily
2013-09-24,2225.0,2250.0,2175.0,2200.0,1193.6822509765625,102855000,0.0,0.0,yfinance_raw_daily
2013-09-25,2150.0,2175.0,2050.0,2150.0,1166.5531005859375,190404500,0.0,0.0,yfinance_raw_daily
2013-09-26,2150.0,2250.0,2125.0,2150.0,1166.5531005859375,124709000,0.0,0.0,yfinance_raw_daily
2013-09-27,2200.0,2200.0,2150.0,2175.0,1180.1175537109375,100720500,0.0,0.0,yfinance_raw_daily
2013-09-30,2125.0,2150.0,2075.0,2100.0,1139.424072265625,137816500,0.0,0.0,yfinance_raw_daily
2013-10-01,2100.0,2175.0,2100.0,2150.0,1166.5531005859375,69872500,0.0,0.0,yfinance_raw_daily
2013-10-02,2175.0,2225.0,2175.0,2200.0,1193.6822509765625,84952000,0.0,0.0,yfinance_raw_daily
2013-10-03,2225.0,2225.0,2200.0,2225.0,1207.2467041015625,51035500,0.0,0.0,yfinance_raw_daily
2013-10-04,2225.0,2250.0,2175.0,2250.0,1220.8114013671875,67581500,0.0,0.0,yfinance_raw_daily
2013-10-07,2250.0,2275.0,2200.0,2250.0,1220.8114013671875,54716000,0.0,0.0,yfinance_raw_daily
2013-10-08,2200.0,2250.0,2200.0,2225.0,1207.2467041015625,78668000,0.0,0.0,yfinance_raw_daily
2013-10-09,2250.0,2300.0,2225.0,2275.0,1234.3756103515625,134366500,0.0,0.0,yfinance_raw_daily
2013-10-10,2300.0,2325.0,2250.0,2325.0,1261.5048828125,81710500,0.0,0.0,yfinance_raw_daily
2013-10-11,2350.0,2350.0,2300.0,2325.0,1261.5048828125,108595000,0.0,0.0,yfinance_raw_daily
2013-10-16,2275.0,2300.0,2200.0,2275.0,1234.3756103515625,105367000,0.0,0.0,yfinance_raw_daily
2013-10-17,2300.0,2350.0,2275.0,2325.0,1261.5048828125,65266000,0.0,0.0,yfinance_raw_daily
2013-10-18,2300.0,2350.0,2275.0,2350.0,1275.0693359375,63748500,0.0,0.0,yfinance_raw_daily
2013-10-21,2350.0,2375.0,2275.0,2325.0,1261.5048828125,84729500,0.0,0.0,yfinance_raw_daily
2013-10-22,2275.0,2300.0,2225.0,2250.0,1220.8114013671875,146869500,0.0,0.0,yfinance_raw_daily
2013-10-23,2275.0,2300.0,2225.0,2250.0,1220.8114013671875,113433500,0.0,0.0,yfinance_raw_daily
2013-10-24,2225.0,2300.0,2200.0,2225.0,1207.2467041015625,123026500,0.0,0.0,yfinance_raw_daily
2013-10-25,2225.0,2250.0,2150.0,2175.0,1180.1175537109375,122372000,0.0,0.0,yfinance_raw_daily
2013-10-28,2225.0,2275.0,2200.0,2275.0,1234.3756103515625,103357500,0.0,0.0,yfinance_raw_daily
2013-10-29,2250.0,2300.0,2225.0,2300.0,1247.9404296875,81925000,0.0,0.0,yfinance_raw_daily
2013-10-30,2300.0,2325.0,2275.0,2300.0,1247.9404296875,102476000,0.0,0.0,yfinance_raw_daily
2013-10-31,2275.0,2350.0,2225.0,2350.0,1275.0693359375,175641000,0.0,0.0,yfinance_raw_daily
2013-11-01,2300.0,2350.0,2300.0,2300.0,1247.9404296875,93561000,0.0,0.0,yfinance_raw_daily
2013-11-04,2275.0,2325.0,2250.0,2325.0,1261.5048828125,63125500,0.0,0.0,yfinance_raw_daily
2013-11-06,2300.0,2300.0,2250.0,2275.0,1234.3756103515625,130402000,0.0,0.0,yfinance_raw_daily
2013-11-07,2300.0,2300.0,2250.0,2275.0,1234.3756103515625,109366500,0.0,0.0,yfinance_raw_daily
2013-11-08,2250.0,2300.0,2250.0,2275.0,1234.3756103515625,119428500,0.0,0.0,yfinance_raw_daily
2013-11-11,2250.0,2275.0,2225.0,2225.0,1207.2467041015625,100433000,0.0,0.0,yfinance_raw_daily
2013-11-12,2250.0,2250.0,2200.0,2225.0,1207.2467041015625,65346000,0.0,0.0,yfinance_raw_daily
2013-11-13,2200.0,2200.0,2100.0,2125.0,1152.988525390625,166392500,0.0,0.0,yfinance_raw_daily
2013-11-14,2150.0,2200.0,2150.0,2175.0,1180.1175537109375,91585000,0.0,0.0,yfinance_raw_daily
2013-11-15,2200.0,2225.0,2125.0,2175.0,1180.1175537109375,91929500,0.0,0.0,yfinance_raw_daily
2013-11-18,2175.0,2225.0,2175.0,2225.0,1207.2467041015625,87649500,0.0,0.0,yfinance_raw_daily
2013-11-19,2225.0,2275.0,2200.0,2275.0,1234.3756103515625,52449500,0.0,0.0,yfinance_raw_daily
2013-11-20,2250.0,2250.0,2175.0,2225.0,1207.2467041015625,136813000,0.0,0.0,yfinance_raw_daily
2013-11-21,2225.0,2225.0,2175.0,2225.0,1207.2467041015625,97510500,0.0,0.0,yfinance_raw_daily
2013-11-22,2200.0,2225.0,2150.0,2150.0,1166.5531005859375,108121500,0.0,0.0,yfinance_raw_daily
2013-11-25,2150.0,2175.0,2125.0,2150.0,1166.5531005859375,70234000,0.0,0.0,yfinance_raw_daily
2013-11-26,2150.0,2150.0,2025.0,2025.0,1098.730224609375,230524000,0.0,0.0,yfinance_raw_daily
2013-11-27,2075.0,2125.0,2075.0,2125.0,1152.988525390625,128729000,0.0,0.0,yfinance_raw_daily
2013-11-28,2150.0,2150.0,2100.0,2150.0,1166.5531005859375,60913000,0.0,0.0,yfinance_raw_daily
2013-11-29,2125.0,2175.0,2125.0,2175.0,1180.1175537109375,50601000,0.0,0.0,yfinance_raw_daily
2013-12-02,2200.0,2200.0,2150.0,2200.0,1193.6822509765625,22662500,0.0,0.0,yfinance_raw_daily
2013-12-03,2175.0,2200.0,2100.0,2150.0,1166.5531005859375,82436500,0.0,0.0,yfinance_raw_daily
2013-12-04,2125.0,2150.0,2100.0,2100.0,1139.424072265625,83152500,0.0,0.0,yfinance_raw_daily
2013-12-05,2100.0,2125.0,2000.0,2050.0,1112.2947998046875,179661000,0.0,0.0,yfinance_raw_daily
2013-12-06,2050.0,2050.0,1990.0,2000.0,1085.1656494140625,207724000,0.0,0.0,yfinance_raw_daily
2013-12-09,2025.0,2050.0,1980.0,2025.0,1098.730224609375,217082500,0.0,0.0,yfinance_raw_daily
2013-12-10,2050.0,2075.0,2025.0,2025.0,1098.730224609375,224616500,0.0,0.0,yfinance_raw_daily
2013-12-11,2025.0,2100.0,2025.0,2100.0,1139.424072265625,182320000,0.0,0.0,yfinance_raw_daily
2013-12-12,2050.0,2125.0,2050.0,2075.0,1125.859375,122269500,0.0,0.0,yfinance_raw_daily
2013-12-13,2100.0,2125.0,2050.0,2075.0,1125.859375,127414500,0.0,0.0,yfinance_raw_daily
2013-12-16,2075.0,2100.0,2050.0,2075.0,1125.859375,83270500,0.0,0.0,yfinance_raw_daily
2013-12-17,2100.0,2100.0,2025.0,2050.0,1112.2947998046875,166180500,0.0,0.0,yfinance_raw_daily
2013-12-18,2075.0,2100.0,2050.0,2075.0,1125.859375,110170000,0.0,0.0,yfinance_raw_daily
2013-12-19,2100.0,2150.0,2100.0,2125.0,1152.988525390625,115378000,0.0,0.0,yfinance_raw_daily
2013-12-20,2125.0,2150.0,2075.0,2100.0,1139.424072265625,108210500,0.0,0.0,yfinance_raw_daily
2013-12-23,2125.0,2125.0,2025.0,2075.0,1125.859375,106619000,0.0,0.0,yfinance_raw_daily
2013-12-24,2100.0,2150.0,2075.0,2125.0,1152.988525390625,55390500,0.0,0.0,yfinance_raw_daily
2013-12-27,2125.0,2150.0,2075.0,2125.0,1152.988525390625,51949500,0.0,0.0,yfinance_raw_daily
2013-12-30,2150.0,2150.0,2125.0,2150.0,1166.5531005859375,52862000,0.0,0.0,yfinance_raw_daily
2014-01-02,2175.0,2200.0,2150.0,2175.0,1180.1175537109375,44446000,0.0,0.0,yfinance_raw_daily
2014-01-03,2125.0,2175.0,2100.0,2125.0,1152.988525390625,60001000,0.0,0.0,yfinance_raw_daily
2014-01-06,2175.0,2175.0,2065.0,2085.0,1131.28515625,81736300,0.0,0.0,yfinance_raw_daily
2014-01-07,2085.0,2085.0,2060.0,2070.0,1123.146484375,73637100,0.0,0.0,yfinance_raw_daily
2014-01-08,2085.0,2100.0,2065.0,2100.0,1139.424072265625,84514500,0.0,0.0,yfinance_raw_daily
2014-01-09,2100.0,2115.0,2085.0,2085.0,1131.28515625,71932000,0.0,0.0,yfinance_raw_daily
2014-01-10,2085.0,2155.0,2075.0,2145.0,1163.840087890625,95283500,0.0,0.0,yfinance_raw_daily
2014-01-13,2180.0,2240.0,2175.0,2220.0,1204.5338134765625,159876500,0.0,0.0,yfinance_raw_daily
2014-01-15,2200.0,2240.0,2175.0,2205.0,1196.39501953125,178597800,0.0,0.0,yfinance_raw_daily
2014-01-16,2235.0,2265.0,2210.0,2230.0,1209.959716796875,93772300,0.0,0.0,yfinance_raw_daily
2014-01-17,2215.0,2250.0,2215.0,2225.0,1207.2467041015625,57115800,0.0,0.0,yfinance_raw_daily
2014-01-20,2205.0,2250.0,2205.0,2250.0,1220.8114013671875,55963300,0.0,0.0,yfinance_raw_daily
2014-01-21,2240.0,2255.0,2225.0,2255.0,1223.5242919921875,53197000,0.0,0.0,yfinance_raw_daily
2014-01-22,2225.0,2245.0,2180.0,2230.0,1209.959716796875,100488800,0.0,0.0,yfinance_raw_daily
2014-01-23,2230.0,2240.0,2205.0,2225.0,1207.2467041015625,83549700,0.0,0.0,yfinance_raw_daily
2014-01-24,2210.0,2235.0,2190.0,2210.0,1199.108154296875,85992300,0.0,0.0,yfinance_raw_daily
2014-01-27,2150.0,2175.0,2100.0,2150.0,1166.5531005859375,79202500,0.0,0.0,yfinance_raw_daily
2014-01-28,2150.0,2165.0,2115.0,2150.0,1166.5531005859375,63022000,0.0,0.0,yfinance_raw_daily
2014-01-29,2165.0,2255.0,2165.0,2230.0,1209.959716796875,98500700,0.0,0.0,yfinance_raw_daily
2014-01-30,2195.0,2275.0,2185.0,2275.0,1234.3756103515625,137604700,0.0,0.0,yfinance_raw_daily
2014-02-03,2250.0,2265.0,2220.0,2220.0,1204.5338134765625,59464200,0.0,0.0,yfinance_raw_daily
2014-02-04,2195.0,2230.0,2170.0,2195.0,1190.96923828125,84787100,0.0,0.0,yfinance_raw_daily
2014-02-05,2245.0,2245.0,2225.0,2235.0,1212.672607421875,51822100,0.0,0.0,yfinance_raw_daily
2014-02-06,2250.0,2310.0,2235.0,2305.0,1250.6534423828125,156438800,0.0,0.0,yfinance_raw_daily
2014-02-07,2300.0,2310.0,2285.0,2295.0,1245.227783203125,89293100,0.0,0.0,yfinance_raw_daily
2014-02-10,2310.0,2320.0,2295.0,2295.0,1245.227783203125,81759000,0.0,0.0,yfinance_raw_daily
2014-02-11,2275.0,2290.0,2260.0,2275.0,1234.3756103515625,103091300,0.0,0.0,yfinance_raw_daily
2014-02-12,2280.0,2295.0,2260.0,2290.0,1242.5146484375,132252200,0.0,0.0,yfinance_raw_daily
2014-02-13,2290.0,2290.0,2265.0,2265.0,1228.949951171875,97344200,0.0,0.0,yfinance_raw_daily
2014-02-14,2265.0,2275.0,2250.0,2250.0,1220.8114013671875,56708400,0.0,0.0,yfinance_raw_daily
2014-02-17,2255.0,2280.0,2250.0,2275.0,1234.3756103515625,119235400,0.0,0.0,yfinance_raw_daily
2014-02-18,2285.0,2315.0,2275.0,2305.0,1250.6534423828125,90236800,0.0,0.0,yfinance_raw_daily
2014-02-19,2315.0,2340.0,2310.0,2330.0,1264.2181396484375,120156400,0.0,0.0,yfinance_raw_daily
2014-02-20,2325.0,2375.0,2320.0,2360.0,1280.4954833984375,160660300,0.0,0.0,yfinance_raw_daily
2014-02-21,2380.0,2420.0,2375.0,2400.0,1302.1988525390625,122935900,0.0,0.0,yfinance_raw_daily
2014-02-24,2400.0,2420.0,2365.0,2375.0,1288.6343994140625,116059400,0.0,0.0,yfinance_raw_daily
2014-02-25,2380.0,2380.0,2285.0,2290.0,1242.5146484375,109895400,0.0,0.0,yfinance_raw_daily
2014-02-26,2275.0,2310.0,2270.0,2285.0,1239.8016357421875,133970000,0.0,0.0,yfinance_raw_daily
2014-02-27,2285.0,2290.0,2275.0,2285.0,1239.8016357421875,51654100,0.0,0.0,yfinance_raw_daily
2014-02-28,2285.0,2325.0,2285.0,2325.0,1261.5048828125,77853600,0.0,0.0,yfinance_raw_daily
2014-03-03,2310.0,2310.0,2285.0,2300.0,1247.9404296875,55706500,0.0,0.0,yfinance_raw_daily
2014-03-04,2295.0,2310.0,2275.0,2300.0,1247.9404296875,67568600,0.0,0.0,yfinance_raw_daily
2014-03-05,2325.0,2340.0,2315.0,2320.0,1258.7921142578125,81012700,0.0,0.0,yfinance_raw_daily
2014-03-06,2320.0,2340.0,2300.0,2310.0,1253.3662109375,67358000,0.0,0.0,yfinance_raw_daily
2014-03-07,2325.0,2325.0,2275.0,2295.0,1245.227783203125,179233400,0.0,0.0,yfinance_raw_daily
2014-03-10,2260.0,2260.0,2175.0,2185.0,1185.5435791015625,302480800,0.0,0.0,yfinance_raw_daily
2014-03-11,2185.0,2210.0,2165.0,2180.0,1182.8306884765625,181133900,0.0,0.0,yfinance_raw_daily
2014-03-12,2160.0,2175.0,2130.0,2165.0,1174.6917724609375,142736000,0.0,0.0,yfinance_raw_daily
2014-03-13,2170.0,2210.0,2170.0,2190.0,1188.25634765625,174546300,0.0,0.0,yfinance_raw_daily
2014-03-14,2170.0,2280.0,2160.0,2280.0,1237.0888671875,243934500,0.0,0.0,yfinance_raw_daily
2014-03-17,2285.0,2290.0,2230.0,2250.0,1220.8114013671875,211329792,0.0,0.0,yfinance_raw_daily
2014-03-18,2250.0,2260.0,2210.0,2210.0,1199.108154296875,184497300,0.0,0.0,yfinance_raw_daily
2014-03-19,2210.0,2290.0,2210.0,2260.0,1226.2371826171875,184618800,0.0,0.0,yfinance_raw_daily
2014-03-20,2260.0,2270.0,2190.0,2190.0,1188.25634765625,139017100,0.0,0.0,yfinance_raw_daily
2014-03-21,2205.0,2220.0,2160.0,2160.0,1171.978759765625,204697900,0.0,0.0,yfinance_raw_daily
2014-03-24,2175.0,2240.0,2175.0,2230.0,1209.959716796875,96374000,0.0,0.0,yfinance_raw_daily
2014-03-25,2200.0,2220.0,2190.0,2190.0,1188.25634765625,64711900,0.0,0.0,yfinance_raw_daily
2014-03-26,2205.0,2215.0,2170.0,2210.0,1199.108154296875,108826700,0.0,0.0,yfinance_raw_daily
2014-03-27,2205.0,2230.0,2175.0,2175.0,1180.1175537109375,117110500,0.0,0.0,yfinance_raw_daily
2014-03-28,2190.0,2225.0,2190.0,2215.0,1201.821044921875,66329600,0.0,0.0,yfinance_raw_daily
2014-04-01,2230.0,2255.0,2230.0,2255.0,1223.5242919921875,155473900,0.0,0.0,yfinance_raw_daily
2014-04-02,2255.0,2265.0,2245.0,2250.0,1220.8114013671875,71968500,0.0,0.0,yfinance_raw_daily
2014-04-03,2250.0,2260.0,2235.0,2260.0,1226.2371826171875,96763700,0.0,0.0,yfinance_raw_daily
2014-04-04,2260.0,2285.0,2240.0,2275.0,1234.3756103515625,129922300,0.0,0.0,yfinance_raw_daily
2014-04-07,2290.0,2325.0,2290.0,2320.0,1258.7921142578125,213134600,0.0,0.0,yfinance_raw_daily
2014-04-08,2325.0,2330.0,2300.0,2330.0,1264.2181396484375,152506400,0.0,0.0,yfinance_raw_daily
2014-04-09,2330.0,2330.0,2330.0,2330.0,1264.2181396484375,0,0.0,0.0,yfinance_raw_daily
2014-04-10,2300.0,2300.0,2150.0,2260.0,1226.2371826171875,324276200,0.0,0.0,yfinance_raw_daily
2014-04-11,2245.0,2315.0,2240.0,2315.0,1256.079345703125,140791700,0.0,0.0,yfinance_raw_daily
2014-04-14,2320.0,2345.0,2315.0,2340.0,1269.643798828125,139482300,0.0,0.0,yfinance_raw_daily
2014-04-15,2310.0,2335.0,2300.0,2300.0,1247.9404296875,144011700,0.0,0.0,yfinance_raw_daily
2014-04-16,2325.0,2325.0,2315.0,2320.0,1258.7921142578125,56176400,0.0,0.0,yfinance_raw_daily
2014-04-17,2325.0,2330.0,2315.0,2325.0,1261.5048828125,63686500,0.0,0.0,yfinance_raw_daily
2014-04-21,2330.0,2335.0,2315.0,2315.0,1256.079345703125,44750400,0.0,0.0,yfinance_raw_daily
2014-04-22,2320.0,2340.0,2305.0,2335.0,1266.9307861328125,76257900,0.0,0.0,yfinance_raw_daily
2014-04-23,2335.0,2345.0,2330.0,2340.0,1269.643798828125,90240700,0.0,0.0,yfinance_raw_daily
2014-04-24,2330.0,2365.0,2330.0,2355.0,1277.7825927734375,75315300,0.0,0.0,yfinance_raw_daily
2014-04-25,2355.0,2380.0,2355.0,2365.0,1283.2083740234375,86101600,0.0,0.0,yfinance_raw_daily
2014-04-28,2350.0,2370.0,2330.0,2330.0,1264.2181396484375,94229600,0.0,0.0,yfinance_raw_daily
2014-04-29,2280.0,2280.0,2240.0,2270.0,1288.2816162109375,71114000,102.401,0.0,yfinance_raw_daily
2014-04-30,2270.0,2305.0,2265.0,2265.0,1285.44384765625,127117400,0.0,0.0,yfinance_raw_daily
2014-05-02,2285.0,2310.0,2275.0,2300.0,1305.3072509765625,110285500,0.0,0.0,yfinance_raw_daily
2014-05-05,2305.0,2325.0,2300.0,2325.0,1319.495361328125,52538000,0.0,0.0,yfinance_raw_daily
2014-05-06,2330.0,2335.0,2320.0,2330.0,1322.333251953125,27881900,0.0,0.0,yfinance_raw_daily
2014-05-07,2315.0,2355.0,2315.0,2350.0,1333.683349609375,88877700,0.0,0.0,yfinance_raw_daily
2014-05-08,2350.0,2355.0,2325.0,2345.0,1330.8460693359375,61622200,0.0,0.0,yfinance_raw_daily
2014-05-09,2345.0,2355.0,2340.0,2350.0,1333.683349609375,66925900,0.0,0.0,yfinance_raw_daily
2014-05-12,2350.0,2350.0,2340.0,2350.0,1333.683349609375,56050200,0.0,0.0,yfinance_raw_daily
2014-05-13,2365.0,2370.0,2340.0,2360.0,1339.35888671875,80149200,0.0,0.0,yfinance_raw_daily
2014-05-14,2370.0,2405.0,2360.0,2400.0,1362.0599365234375,96626000,0.0,0.0,yfinance_raw_daily
2014-05-16,2415.0,2545.0,2410.0,2535.0,1438.67578125,252322400,0.0,0.0,yfinance_raw_daily
2014-05-19,2580.0,2700.0,2490.0,2580.0,1464.2142333984375,244436100,0.0,0.0,yfinance_raw_daily
2014-05-20,2430.0,2520.0,2410.0,2430.0,1379.0855712890625,262961500,0.0,0.0,yfinance_raw_daily
2014-05-21,2480.0,2490.0,2400.0,2480.0,1407.4619140625,101823600,0.0,0.0,yfinance_raw_daily
2014-05-22,2535.0,2535.0,2500.0,2535.0,1438.67578125,124011800,0.0,0.0,yfinance_raw_daily
2014-05-23,2535.0,2550.0,2520.0,2535.0,1438.67578125,59352700,0.0,0.0,yfinance_raw_daily
2014-05-26,2565.0,2575.0,2550.0,2565.0,1455.70166015625,91079700,0.0,0.0,yfinance_raw_daily
2014-05-28,2550.0,2580.0,2545.0,2550.0,1447.1884765625,90559600,0.0,0.0,yfinance_raw_daily
2014-05-30,2575.0,2575.0,2420.0,2575.0,1461.376708984375,373786200,0.0,0.0,yfinance_raw_daily
2014-06-02,2520.0,2540.0,2470.0,2520.0,1430.162841796875,111564400,0.0,0.0,yfinance_raw_daily
2014-06-03,2550.0,2550.0,2485.0,2550.0,1447.1884765625,97705600,0.0,0.0,yfinance_raw_daily
2014-06-04,2520.0,2530.0,2490.0,2520.0,1430.162841796875,80454500,0.0,0.0,yfinance_raw_daily
2014-06-05,2540.0,2540.0,2505.0,2520.0,1430.162841796875,64882300,0.0,0.0,yfinance_raw_daily
2014-06-06,2530.0,2535.0,2500.0,2530.0,1435.8380126953125,36933600,0.0,0.0,yfinance_raw_daily
2014-06-09,2470.0,2525.0,2470.0,2470.0,1401.78662109375,59547400,0.0,0.0,yfinance_raw_daily
2014-06-10,2525.0,2540.0,2470.0,2525.0,1433.0003662109375,101770500,0.0,0.0,yfinance_raw_daily
2014-06-11,2480.0,2545.0,2480.0,2480.0,1407.4619140625,110613700,0.0,0.0,yfinance_raw_daily
2014-06-12,2405.0,2495.0,2405.0,2405.0,1364.8975830078125,328669200,0.0,0.0,yfinance_raw_daily
2014-06-13,2440.0,2455.0,2415.0,2440.0,1384.7608642578125,159444900,0.0,0.0,yfinance_raw_daily
2014-06-16,2410.0,2445.0,2410.0,2410.0,1367.735107421875,95196000,0.0,0.0,yfinance_raw_daily
2014-06-17,2420.0,2420.0,2405.0,2420.0,1373.4105224609375,68543600,0.0,0.0,yfinance_raw_daily
2014-06-18,2420.0,2425.0,2410.0,2420.0,1373.4105224609375,60813100,0.0,0.0,yfinance_raw_daily
2014-06-19,2410.0,2440.0,2410.0,2410.0,1367.735107421875,77751600,0.0,0.0,yfinance_raw_daily
2014-06-20,2410.0,2445.0,2410.0,2410.0,1367.735107421875,71742300,0.0,0.0,yfinance_raw_daily
2014-06-23,2455.0,2480.0,2430.0,2455.0,1393.2738037109375,193417000,0.0,0.0,yfinance_raw_daily
2014-06-24,2465.0,2465.0,2445.0,2465.0,1398.9488525390625,75033300,0.0,0.0,yfinance_raw_daily
2014-06-25,2450.0,2485.0,2445.0,2450.0,1390.4359130859375,98327500,0.0,0.0,yfinance_raw_daily
2014-06-26,2465.0,2475.0,2450.0,2465.0,1398.9488525390625,81592000,0.0,0.0,yfinance_raw_daily
2014-06-27,2425.0,2475.0,2415.0,2425.0,1376.2479248046875,77788000,0.0,0.0,yfinance_raw_daily
2014-06-30,2465.0,2465.0,2430.0,2465.0,1398.9488525390625,90405800,0.0,0.0,yfinance_raw_daily
2014-07-01,2480.0,2480.0,2465.0,2480.0,1407.4619140625,46366400,0.0,0.0,yfinance_raw_daily
2014-07-02,2500.0,2500.0,2475.0,2500.0,1418.8121337890625,44555300,0.0,0.0,yfinance_raw_daily
2014-07-03,2475.0,2515.0,2465.0,2475.0,1404.6241455078125,72541800,0.0,0.0,yfinance_raw_daily
2014-07-04,2525.0,2540.0,2475.0,2525.0,1433.0003662109375,96433200,0.0,0.0,yfinance_raw_daily
2014-07-07,2600.0,2600.0,2530.0,2600.0,1475.5645751953125,225720400,0.0,0.0,yfinance_raw_daily
2014-07-08,2615.0,2710.0,2615.0,2615.0,1484.07763671875,151662700,0.0,0.0,yfinance_raw_daily
2014-07-09,2615.0,2615.0,2615.0,2615.0,1484.07763671875,0,0.0,0.0,yfinance_raw_daily
2014-07-10,2590.0,2710.0,2545.0,2590.0,1469.8892822265625,203913800,0.0,0.0,yfinance_raw_daily
2014-07-11,2575.0,2595.0,2530.0,2575.0,1461.376708984375,95574900,0.0,0.0,yfinance_raw_daily
2014-07-14,2610.0,2645.0,2585.0,2610.0,1481.240234375,92353400,0.0,0.0,yfinance_raw_daily
2014-07-15,2655.0,2655.0,2625.0,2655.0,1506.7786865234375,57478500,0.0,0.0,yfinance_raw_daily
2014-07-16,2650.0,2685.0,2620.0,2650.0,1503.94091796875,63715000,0.0,0.0,yfinance_raw_daily
2014-07-17,2645.0,2680.0,2580.0,2645.0,1501.1036376953125,38558900,0.0,0.0,yfinance_raw_daily
2014-07-18,2680.0,2695.0,2600.0,2680.0,1520.967041015625,54707100,0.0,0.0,yfinance_raw_daily
2014-07-21,2695.0,2710.0,2645.0,2695.0,1529.4798583984375,57838800,0.0,0.0,yfinance_raw_daily
2014-07-22,2650.0,2710.0,2545.0,2650.0,1503.94091796875,139581700,0.0,0.0,yfinance_raw_daily
2014-07-23,2610.0,2675.0,2605.0,2610.0,1481.240234375,93196200,0.0,0.0,yfinance_raw_daily
2014-07-24,2640.0,2685.0,2605.0,2640.0,1498.2657470703125,74463900,0.0,0.0,yfinance_raw_daily
2014-07-25,2650.0,2680.0,2630.0,2650.0,1503.94091796875,79928300,0.0,0.0,yfinance_raw_daily
2014-08-04,2690.0,2700.0,2590.0,2690.0,1526.6422119140625,212200700,0.0,0.0,yfinance_raw_daily
2014-08-05,2710.0,2725.0,2685.0,2710.0,1537.9925537109375,97982300,0.0,0.0,yfinance_raw_daily
2014-08-06,2655.0,2710.0,2650.0,2655.0,1506.7786865234375,83111900,0.0,0.0,yfinance_raw_daily
2014-08-07,2690.0,2695.0,2655.0,2690.0,1526.6422119140625,80249800,0.0,0.0,yfinance_raw_daily
2014-08-08,2700.0,2710.0,2685.0,2700.0,1532.3172607421875,57236300,0.0,0.0,yfinance_raw_daily
2014-08-11,2750.0,2750.0,2710.0,2750.0,1560.69384765625,90542400,0.0,0.0,yfinance_raw_daily
2014-08-12,2780.0,2795.0,2760.0,2780.0,1577.71923828125,60480700,0.0,0.0,yfinance_raw_daily
2014-08-13,2785.0,2800.0,2760.0,2785.0,1580.5572509765625,65911700,0.0,0.0,yfinance_raw_daily
2014-08-14,2755.0,2795.0,2725.0,2755.0,1563.531494140625,72099000,0.0,0.0,yfinance_raw_daily
2014-08-15,2710.0,2755.0,2710.0,2710.0,1537.9925537109375,84090700,0.0,0.0,yfinance_raw_daily
2014-08-18,2725.0,2750.0,2710.0,2725.0,1546.505615234375,64649900,0.0,0.0,yfinance_raw_daily
2014-08-19,2700.0,2760.0,2690.0,2700.0,1532.3172607421875,110696600,0.0,0.0,yfinance_raw_daily
2014-08-20,2725.0,2730.0,2690.0,2725.0,1546.505615234375,105459700,0.0,0.0,yfinance_raw_daily
2014-08-21,2715.0,2725.0,2700.0,2715.0,1540.8304443359375,60147200,0.0,0.0,yfinance_raw_daily
2014-08-22,2685.0,2730.0,2670.0,2685.0,1523.804443359375,159319500,0.0,0.0,yfinance_raw_daily
2014-08-25,2685.0,2695.0,2660.0,2685.0,1523.804443359375,54567200,0.0,0.0,yfinance_raw_daily
2014-08-26,2705.0,2725.0,2690.0,2705.0,1535.155029296875,90485600,0.0,0.0,yfinance_raw_daily
2014-08-27,2735.0,2745.0,2725.0,2735.0,1552.1806640625,103161100,0.0,0.0,yfinance_raw_daily
2014-08-28,2720.0,2760.0,2715.0,2720.0,1543.66796875,82771400,0.0,0.0,yfinance_raw_daily
2014-08-29,2665.0,2715.0,2665.0,2665.0,1512.4541015625,120072300,0.0,0.0,yfinance_raw_daily
2014-09-01,2710.0,2710.0,2675.0,2710.0,1537.9925537109375,76898600,0.0,0.0,yfinance_raw_daily
2014-09-02,2700.0,2710.0,2680.0,2700.0,1532.3172607421875,63801700,0.0,0.0,yfinance_raw_daily
2014-09-03,2725.0,2730.0,2710.0,2725.0,1546.505615234375,88023500,0.0,0.0,yfinance_raw_daily
2014-09-04,2730.0,2740.0,2715.0,2730.0,1549.3431396484375,86470200,0.0,0.0,yfinance_raw_daily
2014-09-05,2730.0,2730.0,2710.0,2730.0,1549.3431396484375,74071500,0.0,0.0,yfinance_raw_daily
2014-09-08,2835.0,2855.0,2750.0,2835.0,1608.933349609375,145103200,0.0,0.0,yfinance_raw_daily
2014-09-09,2820.0,2835.0,2805.0,2820.0,1600.42041015625,87934500,0.0,0.0,yfinance_raw_daily
2014-09-10,2810.0,2820.0,2775.0,2810.0,1594.7449951171875,57826600,0.0,0.0,yfinance_raw_daily
2014-09-11,2795.0,2830.0,2795.0,2795.0,1586.232421875,60489000,0.0,0.0,yfinance_raw_daily
2014-09-12,2790.0,2815.0,2790.0,2790.0,1583.39453125,69321000,0.0,0.0,yfinance_raw_daily
2014-09-15,2775.0,2785.0,2730.0,2775.0,1574.881591796875,69546200,0.0,0.0,yfinance_raw_daily
2014-09-16,2795.0,2800.0,2770.0,2795.0,1586.232421875,62553100,0.0,0.0,yfinance_raw_daily
2014-09-17,2850.0,2855.0,2800.0,2850.0,1617.4456787109375,95342800,0.0,0.0,yfinance_raw_daily
2014-09-18,2875.0,2890.0,2835.0,2875.0,1631.6343994140625,75960400,0.0,0.0,yfinance_raw_daily
2014-09-19,2945.0,3010.0,2870.0,2945.0,1671.3612060546875,115537500,0.0,0.0,yfinance_raw_daily
2014-09-22,2870.0,2935.0,2860.0,2870.0,1628.7967529296875,103910900,0.0,0.0,yfinance_raw_daily
2014-09-23,2890.0,2910.0,2865.0,2890.0,1640.14697265625,94035800,0.0,0.0,yfinance_raw_daily
2014-09-24,2870.0,2895.0,2870.0,2870.0,1628.7967529296875,55014300,0.0,0.0,yfinance_raw_daily
2014-09-25,2885.0,2895.0,2840.0,2885.0,1637.3094482421875,69377000,0.0,0.0,yfinance_raw_daily
2014-09-26,2880.0,2890.0,2825.0,2880.0,1634.471923828125,71164500,0.0,0.0,yfinance_raw_daily
2014-09-29,2910.0,2910.0,2850.0,2910.0,1651.4976806640625,52134000,0.0,0.0,yfinance_raw_daily
2014-09-30,2915.0,2960.0,2900.0,2915.0,1654.33544921875,94734300,0.0,0.0,yfinance_raw_daily
2014-10-01,2865.0,2930.0,2865.0,2865.0,1625.958984375,94794900,0.0,0.0,yfinance_raw_daily
2014-10-02,2760.0,2850.0,2740.0,2760.0,1566.3687744140625,153859200,0.0,0.0,yfinance_raw_daily
2014-10-03,2790.0,2810.0,2765.0,2790.0,1583.39453125,88591000,0.0,0.0,yfinance_raw_daily
2014-10-06,2845.0,2850.0,2805.0,2845.0,1614.6083984375,50846100,0.0,0.0,yfinance_raw_daily
2014-10-07,2860.0,2900.0,2835.0,2860.0,1623.12109375,83200800,0.0,0.0,yfinance_raw_daily
2014-10-08,2800.0,2860.0,2800.0,2800.0,1589.0699462890625,78467600,0.0,0.0,yfinance_raw_daily
2014-10-09,2800.0,2825.0,2790.0,2800.0,1589.0699462890625,60567100,0.0,0.0,yfinance_raw_daily
2014-10-10,2775.0,2795.0,2750.0,2775.0,1574.881591796875,91031000,0.0,0.0,yfinance_raw_daily
2014-10-13,2775.0,2825.0,2755.0,2775.0,1574.881591796875,85519000,0.0,0.0,yfinance_raw_daily
2014-10-14,2775.0,2800.0,2755.0,2775.0,1574.881591796875,65617400,0.0,0.0,yfinance_raw_daily
2014-10-15,2855.0,2860.0,2795.0,2855.0,1620.2838134765625,181364400,0.0,0.0,yfinance_raw_daily
2014-10-16,2805.0,2850.0,2805.0,2805.0,1591.907470703125,124799700,0.0,0.0,yfinance_raw_daily
2014-10-17,2805.0,2830.0,2800.0,2805.0,1591.907470703125,156781200,0.0,0.0,yfinance_raw_daily
2014-10-20,2845.0,2900.0,2820.0,2845.0,1614.6083984375,168034000,0.0,0.0,yfinance_raw_daily
2014-10-21,2850.0,2890.0,2820.0,2850.0,1617.4456787109375,97679500,0.0,0.0,yfinance_raw_daily
2014-10-22,2860.0,2900.0,2860.0,2860.0,1623.12109375,91730800,0.0,0.0,yfinance_raw_daily
2014-10-23,2880.0,2890.0,2850.0,2880.0,1634.471923828125,47414900,0.0,0.0,yfinance_raw_daily
2014-10-24,2870.0,2880.0,2860.0,2870.0,1628.7967529296875,59625800,0.0,0.0,yfinance_raw_daily
2014-10-27,2805.0,2880.0,2805.0,2805.0,1591.907470703125,74077900,0.0,0.0,yfinance_raw_daily
2014-10-28,2685.0,2765.0,2680.0,2685.0,1523.804443359375,254463000,0.0,0.0,yfinance_raw_daily
2014-10-29,2720.0,2730.0,2690.0,2720.0,1543.66796875,158998500,0.0,0.0,yfinance_raw_daily
2014-10-30,2760.0,2765.0,2730.0,2760.0,1566.3687744140625,111621300,0.0,0.0,yfinance_raw_daily
2014-10-31,2750.0,2790.0,2735.0,2750.0,1560.69384765625,103439800,0.0,0.0,yfinance_raw_daily
2014-11-03,2760.0,2775.0,2720.0,2760.0,1566.3687744140625,84382000,0.0,0.0,yfinance_raw_daily
2014-11-04,2740.0,2760.0,2735.0,2740.0,1555.0184326171875,68740200,0.0,0.0,yfinance_raw_daily
2014-11-05,2740.0,2770.0,2735.0,2740.0,1555.0184326171875,66505800,0.0,0.0,yfinance_raw_daily
2014-11-06,2710.0,2750.0,2710.0,2710.0,1537.9925537109375,83250500,0.0,0.0,yfinance_raw_daily
2014-11-07,2615.0,2705.0,2590.0,2615.0,1484.07763671875,178677800,0.0,0.0,yfinance_raw_daily
2014-11-10,2630.0,2660.0,2620.0,2630.0,1492.5906982421875,54606100,0.0,0.0,yfinance_raw_daily
2014-11-11,2715.0,2730.0,2630.0,2715.0,1540.8304443359375,102320000,0.0,0.0,yfinance_raw_daily
2014-11-12,2730.0,2760.0,2730.0,2730.0,1549.3431396484375,70895600,0.0,0.0,yfinance_raw_daily
2014-11-13,2735.0,2740.0,2710.0,2735.0,1552.1806640625,54327800,0.0,0.0,yfinance_raw_daily
2014-11-14,2740.0,2760.0,2725.0,2740.0,1555.0184326171875,53677200,0.0,0.0,yfinance_raw_daily
2014-11-17,2740.0,2760.0,2700.0,2750.0,1560.69384765625,85231600,0.0,0.0,yfinance_raw_daily
2014-11-18,2755.0,2760.0,2745.0,2755.0,1563.531494140625,49793900,0.0,0.0,yfinance_raw_daily
2014-11-19,2775.0,2780.0,2755.0,2775.0,1574.881591796875,99747600,0.0,0.0,yfinance_raw_daily
2014-11-20,2720.0,2780.0,2720.0,2720.0,1543.66796875,136427900,0.0,0.0,yfinance_raw_daily
2014-11-21,2765.0,2770.0,2715.0,2765.0,1569.20654296875,44937600,0.0,0.0,yfinance_raw_daily
2014-11-24,2815.0,2815.0,2775.0,2815.0,1597.5823974609375,94476900,0.0,0.0,yfinance_raw_daily
2014-11-25,2785.0,2805.0,2775.0,2785.0,1580.5572509765625,86579400,0.0,0.0,yfinance_raw_daily
2014-11-26,2815.0,2825.0,2785.0,2815.0,1597.5823974609375,67759400,0.0,0.0,yfinance_raw_daily
2014-11-27,2810.0,2825.0,2790.0,2810.0,1594.7449951171875,33290800,0.0,0.0,yfinance_raw_daily
2014-11-28,2825.0,2830.0,2800.0,2825.0,1603.258056640625,43622400,0.0,0.0,yfinance_raw_daily
2014-12-01,2835.0,2885.0,2825.0,2880.0,1634.471923828125,101929900,0.0,0.0,yfinance_raw_daily
2014-12-02,2885.0,2890.0,2850.0,2875.0,1631.6343994140625,52989900,0.0,0.0,yfinance_raw_daily
2014-12-03,2890.0,2890.0,2850.0,2850.0,1617.4456787109375,41398100,0.0,0.0,yfinance_raw_daily
2014-12-04,2875.0,2875.0,2830.0,2845.0,1614.6083984375,43817900,0.0,0.0,yfinance_raw_daily
2014-12-05,2865.0,2865.0,2840.0,2840.0,1611.7708740234375,19174900,0.0,0.0,yfinance_raw_daily
2014-12-08,2875.0,2875.0,2795.0,2805.0,1591.907470703125,48968000,0.0,0.0,yfinance_raw_daily
2014-12-09,2790.0,2815.0,2780.0,2795.0,1586.232421875,66592500,0.0,0.0,yfinance_raw_daily
2014-12-10,2785.0,2840.0,2785.0,2835.0,1608.933349609375,46563600,0.0,0.0,yfinance_raw_daily
2014-12-11,2805.0,2850.0,2805.0,2835.0,1608.933349609375,95382900,0.0,0.0,yfinance_raw_daily
2014-12-12,2835.0,2840.0,2815.0,2825.0,1603.258056640625,83571700,0.0,0.0,yfinance_raw_daily
2014-12-15,2790.0,2815.0,2765.0,2785.0,1580.5572509765625,87239500,0.0,0.0,yfinance_raw_daily
2014-12-16,2750.0,2765.0,2730.0,2745.0,1557.8560791015625,98264700,0.0,0.0,yfinance_raw_daily
2014-12-17,2775.0,2775.0,2725.0,2725.0,1546.505615234375,83776100,0.0,0.0,yfinance_raw_daily
2014-12-18,2775.0,2805.0,2765.0,2800.0,1589.0699462890625,59245400,0.0,0.0,yfinance_raw_daily
2014-12-19,2840.0,2855.0,2815.0,2815.0,1597.5823974609375,83810000,0.0,0.0,yfinance_raw_daily
2014-12-22,2845.0,2850.0,2815.0,2825.0,1603.258056640625,80557400,0.0,0.0,yfinance_raw_daily
2014-12-23,2805.0,2835.0,2805.0,2825.0,1603.258056640625,74379400,0.0,0.0,yfinance_raw_daily
2014-12-24,2820.0,2850.0,2820.0,2845.0,1614.6083984375,37565300,0.0,0.0,yfinance_raw_daily
2014-12-29,2840.0,2860.0,2840.0,2850.0,1617.4456787109375,26201100,0.0,0.0,yfinance_raw_daily
2014-12-30,2830.0,2870.0,2830.0,2865.0,1625.958984375,65397600,0.0,0.0,yfinance_raw_daily
2015-01-02,2885.0,2885.0,2850.0,2860.0,1623.12109375,18992100,0.0,0.0,yfinance_raw_daily
2015-01-05,2850.0,2850.0,2820.0,2835.0,1608.933349609375,49940700,0.0,0.0,yfinance_raw_daily
2015-01-06,2810.0,2835.0,2800.0,2815.0,1597.5823974609375,47892100,0.0,0.0,yfinance_raw_daily
2015-01-07,2865.0,2870.0,2795.0,2810.0,1594.7449951171875,70076600,0.0,0.0,yfinance_raw_daily
2015-01-08,2840.0,2845.0,2825.0,2835.0,1608.933349609375,56582500,0.0,0.0,yfinance_raw_daily
2015-01-09,2840.0,2865.0,2840.0,2860.0,1623.12109375,71331300,0.0,0.0,yfinance_raw_daily
2015-01-12,2840.0,2855.0,2835.0,2835.0,1608.933349609375,62085500,0.0,0.0,yfinance_raw_daily
2015-01-13,2830.0,2845.0,2825.0,2840.0,1611.7708740234375,64069900,0.0,0.0,yfinance_raw_daily
2015-01-14,2845.0,2845.0,2825.0,2825.0,1603.258056640625,39651700,0.0,0.0,yfinance_raw_daily
2015-01-15,2830.0,2840.0,2810.0,2830.0,1606.0955810546875,42518800,0.0,0.0,yfinance_raw_daily
2015-01-16,2845.0,2845.0,2825.0,2845.0,1614.6083984375,24697100,0.0,0.0,yfinance_raw_daily
2015-01-19,2850.0,2855.0,2845.0,2855.0,1620.2838134765625,25072900,0.0,0.0,yfinance_raw_daily
2015-01-20,2860.0,2900.0,2845.0,2900.0,1645.822265625,64564800,0.0,0.0,yfinance_raw_daily
2015-01-21,2900.0,2920.0,2890.0,2915.0,1654.33544921875,71615600,0.0,0.0,yfinance_raw_daily
2015-01-22,2925.0,2930.0,2870.0,2880.0,1634.471923828125,59087800,0.0,0.0,yfinance_raw_daily
2015-01-23,2900.0,2905.0,2870.0,2890.0,1640.14697265625,86233100,0.0,0.0,yfinance_raw_daily
2015-01-26,2895.0,2895.0,2795.0,2820.0,1600.42041015625,199320200,0.0,0.0,yfinance_raw_daily
2015-01-27,2820.0,2835.0,2780.0,2830.0,1606.0955810546875,118430700,0.0,0.0,yfinance_raw_daily
2015-01-28,2840.0,2855.0,2825.0,2845.0,1614.6083984375,104502400,0.0,0.0,yfinance_raw_daily
2015-01-29,2855.0,2865.0,2845.0,2860.0,1623.12109375,47048700,0.0,0.0,yfinance_raw_daily
2015-01-30,2875.0,2875.0,2830.0,2830.0,1606.0955810546875,80087700,0.0,0.0,yfinance_raw_daily
2015-02-02,2830.0,2830.0,2800.0,2805.0,1591.907470703125,125835700,0.0,0.0,yfinance_raw_daily
2015-02-03,2825.0,2825.0,2805.0,2825.0,1603.258056640625,73596500,0.0,0.0,yfinance_raw_daily
2015-02-04,2850.0,2850.0,2830.0,2845.0,1614.6083984375,110119200,0.0,0.0,yfinance_raw_daily
2015-02-05,2840.0,2845.0,2800.0,2815.0,1597.5823974609375,127917300,0.0,0.0,yfinance_raw_daily
2015-02-06,2820.0,2845.0,2805.0,2830.0,1606.0955810546875,89312200,0.0,0.0,yfinance_raw_daily
2015-02-09,2830.0,2875.0,2820.0,2860.0,1623.12109375,99107100,0.0,0.0,yfinance_raw_daily
2015-02-10,2875.0,2875.0,2835.0,2845.0,1614.6083984375,70239800,0.0,0.0,yfinance_raw_daily
2015-02-11,2860.0,2870.0,2850.0,2860.0,1623.12109375,94908700,0.0,0.0,yfinance_raw_daily
2015-02-12,2865.0,2905.0,2860.0,2895.0,1642.984619140625,132387000,0.0,0.0,yfinance_raw_daily
2015-02-13,2915.0,3020.0,2915.0,2980.0,1691.2244873046875,183459600,0.0,0.0,yfinance_raw_daily
2015-02-16,2970.0,2995.0,2880.0,2890.0,1640.14697265625,100706300,0.0,0.0,yfinance_raw_daily
2015-02-17,2870.0,2905.0,2870.0,2895.0,1642.984619140625,42045700,0.0,0.0,yfinance_raw_daily
2015-02-18,2915.0,2925.0,2890.0,2895.0,1642.984619140625,57476200,0.0,0.0,yfinance_raw_daily
2015-02-20,2920.0,2940.0,2890.0,2890.0,1640.14697265625,68329800,0.0,0.0,yfinance_raw_daily
2015-02-23,2920.0,2925.0,2900.0,2910.0,1651.4976806640625,67998800,0.0,0.0,yfinance_raw_daily
2015-02-24,2900.0,2935.0,2890.0,2905.0,1648.6600341796875,65077400,0.0,0.0,yfinance_raw_daily
2015-02-25,2920.0,2970.0,2910.0,2970.0,1685.5489501953125,102010900,0.0,0.0,yfinance_raw_daily
2015-02-26,2955.0,2990.0,2945.0,2975.0,1688.38671875,86738700,0.0,0.0,yfinance_raw_daily
2015-02-27,2985.0,2990.0,2935.0,2935.0,1665.6854248046875,88614600,0.0,0.0,yfinance_raw_daily
2015-03-02,2945.0,2960.0,2935.0,2950.0,1674.19873046875,114431500,0.0,0.0,yfinance_raw_daily
2015-03-03,2960.0,2965.0,2930.0,2945.0,1671.3612060546875,78333100,0.0,0.0,yfinance_raw_daily
2015-03-04,2945.0,2945.0,2900.0,2910.0,1651.4976806640625,58543500,0.0,0.0,yfinance_raw_daily
2015-03-05,2910.0,2945.0,2900.0,2910.0,1651.4976806640625,73255400,0.0,0.0,yfinance_raw_daily
2015-03-06,2945.0,2985.0,2935.0,2985.0,1694.06201171875,129544600,0.0,0.0,yfinance_raw_daily
2015-03-09,2975.0,2975.0,2915.0,2945.0,1671.3612060546875,85028700,0.0,0.0,yfinance_raw_daily
2015-03-10,2925.0,2970.0,2915.0,2945.0,1671.3612060546875,85398800,0.0,0.0,yfinance_raw_daily
2015-03-11,2940.0,2975.0,2930.0,2940.0,1668.5234375,89149900,0.0,0.0,yfinance_raw_daily
2015-03-12,2925.0,2945.0,2920.0,2925.0,1660.0106201171875,54873400,0.0,0.0,yfinance_raw_daily
2015-03-13,2960.0,2980.0,2935.0,2955.0,1677.036376953125,80727100,0.0,0.0,yfinance_raw_daily
2015-03-16,2945.0,2995.0,2945.0,2975.0,1688.38671875,66012100,0.0,0.0,yfinance_raw_daily
2015-03-17,2980.0,2995.0,2950.0,2955.0,1677.036376953125,98966500,0.0,0.0,yfinance_raw_daily
2015-03-18,2940.0,2965.0,2935.0,2950.0,1674.19873046875,61172400,0.0,0.0,yfinance_raw_daily
2015-03-19,2965.0,2970.0,2940.0,2950.0,1674.19873046875,120859000,0.0,0.0,yfinance_raw_daily
2015-03-20,2930.0,2945.0,2915.0,2920.0,1657.1727294921875,122734000,0.0,0.0,yfinance_raw_daily
2015-03-23,2940.0,2940.0,2920.0,2920.0,1657.1727294921875,46260000,0.0,0.0,yfinance_raw_daily
2015-03-24,2920.0,2940.0,2915.0,2920.0,1657.1727294921875,84436600,0.0,0.0,yfinance_raw_daily
2015-03-25,2920.0,2920.0,2870.0,2880.0,1634.471923828125,90305000,0.0,0.0,yfinance_raw_daily
2015-03-26,2850.0,2860.0,2805.0,2810.0,1594.7449951171875,143902100,0.0,0.0,yfinance_raw_daily
2015-03-27,2785.0,2855.0,2770.0,2810.0,1594.7449951171875,89433400,0.0,0.0,yfinance_raw_daily
2015-03-30,2840.0,2895.0,2835.0,2865.0,1625.958984375,94090000,0.0,0.0,yfinance_raw_daily
2015-03-31,2895.0,2920.0,2850.0,2890.0,1640.14697265625,152587300,0.0,0.0,yfinance_raw_daily
2015-04-01,2885.0,2890.0,2810.0,2835.0,1608.933349609375,121823100,0.0,0.0,yfinance_raw_daily
2015-04-02,2815.0,2850.0,2815.0,2825.0,1603.258056640625,58307700,0.0,0.0,yfinance_raw_daily
2015-04-06,2845.0,2850.0,2825.0,2835.0,1608.933349609375,37566400,0.0,0.0,yfinance_raw_daily
2015-04-07,2845.0,2870.0,2825.0,2855.0,1620.2838134765625,42248600,0.0,0.0,yfinance_raw_daily
2015-04-08,2855.0,2870.0,2850.0,2860.0,1623.12109375,75592900,0.0,0.0,yfinance_raw_daily
2015-04-09,2860.0,2860.0,2825.0,2840.0,1611.7708740234375,54399400,0.0,0.0,yfinance_raw_daily
2015-04-10,2840.0,2840.0,2815.0,2825.0,1603.258056640625,96568900,0.0,0.0,yfinance_raw_daily
2015-04-13,2795.0,2825.0,2795.0,2795.0,1586.232421875,100020600,0.0,0.0,yfinance_raw_daily
2015-04-14,2805.0,2815.0,2785.0,2795.0,1586.232421875,95556600,0.0,0.0,yfinance_raw_daily
2015-04-15,2795.0,2810.0,2785.0,2805.0,1591.907470703125,71986200,0.0,0.0,yfinance_raw_daily
2015-04-16,2820.0,2820.0,2800.0,2810.0,1594.7449951171875,68907100,0.0,0.0,yfinance_raw_daily
2015-04-17,2805.0,2815.0,2800.0,2805.0,1591.907470703125,92635400,0.0,0.0,yfinance_raw_daily
2015-04-20,2815.0,2835.0,2795.0,2835.0,1608.933349609375,99750500,0.0,0.0,yfinance_raw_daily
2015-04-21,2825.0,2835.0,2805.0,2835.0,1608.933349609375,64048600,0.0,0.0,yfinance_raw_daily
2015-04-22,2820.0,2840.0,2815.0,2830.0,1606.0955810546875,71023000,0.0,0.0,yfinance_raw_daily
2015-04-23,2835.0,2870.0,2830.0,2855.0,1620.2838134765625,132575300,0.0,0.0,yfinance_raw_daily
2015-04-24,2855.0,2910.0,2855.0,2905.0,1648.6600341796875,139047700,0.0,0.0,yfinance_raw_daily
2015-04-27,2860.0,2860.0,2805.0,2810.0,1645.415771484375,104273400,89.46,0.0,yfinance_raw_daily
2015-04-28,2790.0,2795.0,2750.0,2790.0,1633.704833984375,87476800,0.0,0.0,yfinance_raw_daily
2015-04-29,2780.0,2790.0,2595.0,2700.0,1581.004638671875,162306400,0.0,0.0,yfinance_raw_daily
2015-04-30,2715.0,2730.0,2615.0,2615.0,1531.232177734375,219284700,0.0,0.0,yfinance_raw_daily
2015-05-04,2620.0,2775.0,2620.0,2765.0,1619.0655517578125,108362400,0.0,0.0,yfinance_raw_daily
2015-05-05,2760.0,2785.0,2725.0,2750.0,1610.282470703125,111364100,0.0,0.0,yfinance_raw_daily
2015-05-06,2735.0,2770.0,2695.0,2770.0,1621.993408203125,96327600,0.0,0.0,yfinance_raw_daily
2015-05-07,2745.0,2850.0,2745.0,2830.0,1657.1270751953125,90057500,0.0,0.0,yfinance_raw_daily
2015-05-08,2840.0,2885.0,2830.0,2860.0,1674.69384765625,85973400,0.0,0.0,yfinance_raw_daily
2015-05-11,2880.0,2895.0,2845.0,2845.0,1665.9102783203125,71652100,0.0,0.0,yfinance_raw_daily
2015-05-12,2840.0,2865.0,2795.0,2800.0,1639.560302734375,78810300,0.0,0.0,yfinance_raw_daily
2015-05-13,2800.0,2850.0,2785.0,2835.0,1660.0548095703125,55295400,0.0,0.0,yfinance_raw_daily
2015-05-15,2810.0,2840.0,2785.0,2840.0,1662.9825439453125,104423300,0.0,0.0,yfinance_raw_daily
2015-05-18,2800.0,2830.0,2795.0,2830.0,1657.1270751953125,81337900,0.0,0.0,yfinance_raw_daily
2015-05-19,2825.0,2835.0,2800.0,2830.0,1657.1270751953125,85492700,0.0,0.0,yfinance_raw_daily
2015-05-20,2835.0,2850.0,2830.0,2835.0,1660.0548095703125,71445300,0.0,0.0,yfinance_raw_daily
2015-05-21,2850.0,2880.0,2835.0,2850.0,1668.8380126953125,85759800,0.0,0.0,yfinance_raw_daily
2015-05-22,2860.0,2880.0,2840.0,2870.0,1680.5494384765625,44371000,0.0,0.0,yfinance_raw_daily
2015-05-25,2840.0,2865.0,2830.0,2830.0,1657.1270751953125,13907600,0.0,0.0,yfinance_raw_daily
2015-05-26,2830.0,2880.0,2830.0,2870.0,1680.5494384765625,47703000,0.0,0.0,yfinance_raw_daily
2015-05-27,2845.0,2865.0,2830.0,2830.0,1657.1270751953125,46538800,0.0,0.0,yfinance_raw_daily
2015-05-28,2835.0,2870.0,2835.0,2855.0,1671.7659912109375,59956100,0.0,0.0,yfinance_raw_daily
2015-05-29,2840.0,2870.0,2835.0,2845.0,1665.9102783203125,96994900,0.0,0.0,yfinance_raw_daily
2015-06-01,2870.0,2870.0,2845.0,2845.0,1665.9102783203125,27010300,0.0,0.0,yfinance_raw_daily
2015-06-03,2880.0,2890.0,2830.0,2875.0,1683.4771728515625,81717400,0.0,0.0,yfinance_raw_daily
2015-06-04,2830.0,2865.0,2825.0,2825.0,1654.1995849609375,61656400,0.0,0.0,yfinance_raw_daily
2015-06-05,2810.0,2870.0,2810.0,2855.0,1671.7659912109375,50196500,0.0,0.0,yfinance_raw_daily
2015-06-08,2840.0,2855.0,2825.0,2855.0,1671.7659912109375,43379600,0.0,0.0,yfinance_raw_daily
2015-06-09,2850.0,2850.0,2815.0,2830.0,1657.1270751953125,75284400,0.0,0.0,yfinance_raw_daily
2015-06-10,2870.0,2880.0,2855.0,2860.0,1674.69384765625,100286700,0.0,0.0,yfinance_raw_daily
2015-06-11,2870.0,2880.0,2865.0,2870.0,1680.5494384765625,41701100,0.0,0.0,yfinance_raw_daily
2015-06-12,2870.0,2875.0,2840.0,2850.0,1668.8380126953125,26165000,0.0,0.0,yfinance_raw_daily
2015-06-15,2855.0,2855.0,2810.0,2810.0,1645.415771484375,29292300,0.0,0.0,yfinance_raw_daily
2015-06-16,2805.0,2885.0,2800.0,2870.0,1680.5494384765625,81858300,0.0,0.0,yfinance_raw_daily
2015-06-17,2870.0,2890.0,2865.0,2875.0,1683.4771728515625,74970300,0.0,0.0,yfinance_raw_daily
2015-06-18,2865.0,2885.0,2865.0,2880.0,1686.4051513671875,44777300,0.0,0.0,yfinance_raw_daily
2015-06-19,2870.0,2890.0,2870.0,2890.0,1692.2606201171875,54274000,0.0,0.0,yfinance_raw_daily
2015-06-22,2875.0,2885.0,2830.0,2835.0,1660.0548095703125,51148100,0.0,0.0,yfinance_raw_daily
2015-06-23,2850.0,2885.0,2845.0,2850.0,1668.8380126953125,61388100,0.0,0.0,yfinance_raw_daily
2015-06-24,2875.0,2880.0,2860.0,2880.0,1686.4051513671875,62913100,0.0,0.0,yfinance_raw_daily
2015-06-25,2895.0,2950.0,2875.0,2905.0,1701.0439453125,168574700,0.0,0.0,yfinance_raw_daily
2015-06-26,2940.0,2945.0,2920.0,2935.0,1718.6107177734375,77630800,0.0,0.0,yfinance_raw_daily
2015-06-29,2925.0,2925.0,2865.0,2905.0,1701.0439453125,38632500,0.0,0.0,yfinance_raw_daily
2015-06-30,2900.0,2955.0,2895.0,2930.0,1715.682861328125,132127400,0.0,0.0,yfinance_raw_daily
2015-07-01,2935.0,2950.0,2920.0,2920.0,1709.8271484375,53547000,0.0,0.0,yfinance_raw_daily
2015-07-02,2930.0,2945.0,2925.0,2930.0,1715.682861328125,74803300,0.0,0.0,yfinance_raw_daily
2015-07-03,2910.0,2935.0,2910.0,2930.0,1715.682861328125,24948900,0.0,0.0,yfinance_raw_daily
2015-07-06,2925.0,2940.0,2895.0,2930.0,1715.682861328125,32652400,0.0,0.0,yfinance_raw_daily
2015-07-07,2930.0,2930.0,2870.0,2870.0,1680.5494384765625,44500500,0.0,0.0,yfinance_raw_daily
2015-07-08,2950.0,2950.0,2890.0,2900.0,1698.1160888671875,100674400,0.0,0.0,yfinance_raw_daily
2015-07-09,2925.0,2925.0,2845.0,2875.0,1683.4771728515625,45051300,0.0,0.0,yfinance_raw_daily
2015-07-10,2900.0,2900.0,2865.0,2875.0,1683.4771728515625,56693900,0.0,0.0,yfinance_raw_daily
2015-07-13,2895.0,2895.0,2875.0,2890.0,1692.2606201171875,43617400,0.0,0.0,yfinance_raw_daily
2015-07-14,2900.0,2900.0,2880.0,2880.0,1686.4051513671875,35288900,0.0,0.0,yfinance_raw_daily
2015-07-15,2870.0,2890.0,2800.0,2825.0,1654.1995849609375,84776900,0.0,0.0,yfinance_raw_daily
2015-07-22,2880.0,2920.0,2835.0,2865.0,1677.6217041015625,161757100,0.0,0.0,yfinance_raw_daily
2015-07-23,2855.0,2855.0,2830.0,2845.0,1665.9102783203125,43284000,0.0,0.0,yfinance_raw_daily
2015-07-24,2835.0,2865.0,2830.0,2855.0,1671.7659912109375,50080200,0.0,0.0,yfinance_raw_daily
2015-07-27,2855.0,2855.0,2820.0,2825.0,1654.1995849609375,67065700,0.0,0.0,yfinance_raw_daily
2015-07-28,2840.0,2865.0,2825.0,2845.0,1665.9102783203125,56580900,0.0,0.0,yfinance_raw_daily
2015-07-29,2865.0,2870.0,2845.0,2855.0,1671.7659912109375,43291300,0.0,0.0,yfinance_raw_daily
2015-07-30,2875.0,2895.0,2865.0,2870.0,1680.5494384765625,63805300,0.0,0.0,yfinance_raw_daily
2015-07-31,2880.0,2950.0,2870.0,2940.0,1721.53857421875,87348300,0.0,0.0,yfinance_raw_daily
2015-08-03,2940.0,2940.0,2880.0,2920.0,1709.8271484375,86428100,0.0,0.0,yfinance_raw_daily
2015-08-04,2880.0,2925.0,2875.0,2875.0,1683.4771728515625,53123700,0.0,0.0,yfinance_raw_daily
2015-08-05,2920.0,2940.0,2895.0,2940.0,1721.53857421875,75991400,0.0,0.0,yfinance_raw_daily
2015-08-06,2950.0,2960.0,2930.0,2930.0,1715.682861328125,69266700,0.0,0.0,yfinance_raw_daily
2015-08-07,2945.0,2965.0,2935.0,2955.0,1730.32177734375,67858700,0.0,0.0,yfinance_raw_daily
2015-08-10,2970.0,2970.0,2935.0,2965.0,1736.177490234375,53349200,0.0,0.0,yfinance_raw_daily
2015-08-11,2950.0,2965.0,2905.0,2940.0,1721.53857421875,61717200,0.0,0.0,yfinance_raw_daily
2015-08-12,2900.0,2900.0,2785.0,2800.0,1639.560302734375,89375300,0.0,0.0,yfinance_raw_daily
2015-08-13,2810.0,2860.0,2805.0,2825.0,1654.1995849609375,77677400,0.0,0.0,yfinance_raw_daily
2015-08-14,2825.0,2900.0,2825.0,2875.0,1683.4771728515625,56381100,0.0,0.0,yfinance_raw_daily
2015-08-18,2870.0,2890.0,2850.0,2875.0,1683.4771728515625,93592100,0.0,0.0,yfinance_raw_daily
2015-08-19,2860.0,2900.0,2860.0,2880.0,1686.4051513671875,62106400,0.0,0.0,yfinance_raw_daily
2015-08-20,2875.0,2880.0,2835.0,2870.0,1680.5494384765625,57510300,0.0,0.0,yfinance_raw_daily
2015-08-21,2850.0,2850.0,2730.0,2730.0,1598.5714111328125,98927300,0.0,0.0,yfinance_raw_daily
2015-08-24,2625.0,2750.0,2600.0,2660.0,1557.5823974609375,92467600,0.0,0.0,yfinance_raw_daily
2015-08-25,2650.0,2770.0,2650.0,2705.0,1583.9324951171875,98001800,0.0,0.0,yfinance_raw_daily
2015-08-26,2690.0,2695.0,2590.0,2690.0,1575.1490478515625,174946300,0.0,0.0,yfinance_raw_daily
2015-08-27,2700.0,2840.0,2700.0,2830.0,1657.1270751953125,116570700,0.0,0.0,yfinance_raw_daily
2015-08-28,2835.0,2870.0,2820.0,2865.0,1677.6217041015625,121094900,0.0,0.0,yfinance_raw_daily
2015-08-31,2855.0,2885.0,2840.0,2870.0,1680.5494384765625,128880800,0.0,0.0,yfinance_raw_daily
2015-09-01,2865.0,2875.0,2830.0,2830.0,1657.1270751953125,47176700,0.0,0.0,yfinance_raw_daily
2015-09-02,2790.0,2810.0,2765.0,2775.0,1624.92138671875,84858200,0.0,0.0,yfinance_raw_daily
2015-09-03,2805.0,2820.0,2785.0,2800.0,1639.560302734375,29988900,0.0,0.0,yfinance_raw_daily
2015-09-04,2800.0,2820.0,2800.0,2810.0,1645.415771484375,38478400,0.0,0.0,yfinance_raw_daily
2015-09-07,2760.0,2765.0,2695.0,2700.0,1581.004638671875,53535900,0.0,0.0,yfinance_raw_daily
2015-09-08,2680.0,2740.0,2680.0,2730.0,1598.5714111328125,35420600,0.0,0.0,yfinance_raw_daily
2015-09-09,2750.0,2755.0,2730.0,2730.0,1598.5714111328125,77359400,0.0,0.0,yfinance_raw_daily
2015-09-10,2720.0,2785.0,2705.0,2765.0,1619.0655517578125,64256500,0.0,0.0,yfinance_raw_daily
2015-09-11,2800.0,2800.0,2760.0,2760.0,1616.1383056640625,28864200,0.0,0.0,yfinance_raw_daily
2015-09-14,2800.0,2800.0,2765.0,2785.0,1630.7772216796875,34577600,0.0,0.0,yfinance_raw_daily
2015-09-15,2755.0,2770.0,2710.0,2710.0,1586.860107421875,28528700,0.0,0.0,yfinance_raw_daily
2015-09-16,2720.0,2745.0,2700.0,2720.0,1592.7159423828125,32023700,0.0,0.0,yfinance_raw_daily
2015-09-17,2700.0,2710.0,2655.0,2680.0,1569.2935791015625,110693400,0.0,0.0,yfinance_raw_daily
2015-09-18,2690.0,2720.0,2675.0,2690.0,1575.1490478515625,119461900,0.0,0.0,yfinance_raw_daily
2015-09-21,2690.0,2735.0,2680.0,2730.0,1598.5714111328125,39502900,0.0,0.0,yfinance_raw_daily
2015-09-22,2735.0,2745.0,2695.0,2700.0,1581.004638671875,52305600,0.0,0.0,yfinance_raw_daily
2015-09-23,2665.0,2700.0,2655.0,2655.0,1554.6546630859375,36091900,0.0,0.0,yfinance_raw_daily
2015-09-25,2720.0,2775.0,2640.0,2655.0,1554.6546630859375,63639600,0.0,0.0,yfinance_raw_daily
2015-09-28,2620.0,2645.0,2600.0,2600.0,1522.4488525390625,20695500,0.0,0.0,yfinance_raw_daily
2015-09-29,2550.0,2605.0,2485.0,2605.0,1525.376708984375,69456600,0.0,0.0,yfinance_raw_daily
2015-09-30,2580.0,2645.0,2565.0,2645.0,1548.7989501953125,89608600,0.0,0.0,yfinance_raw_daily
2015-10-01,2640.0,2665.0,2610.0,2630.0,1540.015625,53417800,0.0,0.0,yfinance_raw_daily
2015-10-02,2605.0,2635.0,2600.0,2620.0,1534.1600341796875,41421500,0.0,0.0,yfinance_raw_daily
2015-10-05,2620.0,2755.0,2615.0,2720.0,1592.7159423828125,71562100,0.0,0.0,yfinance_raw_daily
2015-10-06,2770.0,2830.0,2735.0,2790.0,1633.704833984375,119008800,0.0,0.0,yfinance_raw_daily
2015-10-07,2775.0,2790.0,2700.0,2740.0,1604.4267578125,129685800,0.0,0.0,yfinance_raw_daily
2015-10-08,2735.0,2745.0,2710.0,2710.0,1586.860107421875,55225400,0.0,0.0,yfinance_raw_daily
2015-10-09,2730.0,2750.0,2695.0,2700.0,1581.004638671875,75397000,0.0,0.0,yfinance_raw_daily
2015-10-12,2695.0,2720.0,2680.0,2695.0,1578.07666015625,79379100,0.0,0.0,yfinance_raw_daily
2015-10-13,2695.0,2700.0,2635.0,2640.0,1545.871337890625,93278200,0.0,0.0,yfinance_raw_daily
2015-10-15,2660.0,2730.0,2660.0,2685.0,1572.22119140625,87325900,0.0,0.0,yfinance_raw_daily
2015-10-16,2725.0,2725.0,2675.0,2680.0,1569.2935791015625,73264100,0.0,0.0,yfinance_raw_daily
2015-10-19,2700.0,2730.0,2685.0,2720.0,1592.7159423828125,54806100,0.0,0.0,yfinance_raw_daily
2015-10-20,2680.0,2760.0,2680.0,2710.0,1586.860107421875,68821200,0.0,0.0,yfinance_raw_daily
2015-10-21,2745.0,2765.0,2715.0,2730.0,1598.5714111328125,44455600,0.0,0.0,yfinance_raw_daily
2015-10-22,2720.0,2755.0,2710.0,2740.0,1604.4267578125,37608800,0.0,0.0,yfinance_raw_daily
2015-10-23,2780.0,2785.0,2730.0,2760.0,1616.1383056640625,84717200,0.0,0.0,yfinance_raw_daily
2015-10-26,2790.0,2825.0,2770.0,2805.0,1642.4879150390625,74714100,0.0,0.0,yfinance_raw_daily
2015-10-27,2800.0,2800.0,2755.0,2795.0,1636.6326904296875,36482200,0.0,0.0,yfinance_raw_daily
2015-10-28,2765.0,2805.0,2765.0,2795.0,1636.6326904296875,46129600,0.0,0.0,yfinance_raw_daily
2015-10-29,2795.0,2795.0,2720.0,2730.0,1598.5714111328125,100875400,0.0,0.0,yfinance_raw_daily
2015-10-30,2750.0,2760.0,2680.0,2680.0,1569.2935791015625,97802800,0.0,0.0,yfinance_raw_daily
2015-11-02,2700.0,2765.0,2700.0,2740.0,1604.4267578125,47693000,0.0,0.0,yfinance_raw_daily
2015-11-03,2720.0,2750.0,2715.0,2740.0,1604.4267578125,52631300,0.0,0.0,yfinance_raw_daily
2015-11-04,2740.0,2755.0,2725.0,2730.0,1598.5714111328125,62262700,0.0,0.0,yfinance_raw_daily
2015-11-05,2740.0,2750.0,2705.0,2705.0,1583.9324951171875,40649100,0.0,0.0,yfinance_raw_daily
2015-11-06,2735.0,2765.0,2730.0,2735.0,1601.499267578125,42300300,0.0,0.0,yfinance_raw_daily
2015-11-09,2740.0,2740.0,2700.0,2730.0,1598.5714111328125,28610100,0.0,0.0,yfinance_raw_daily
2015-11-10,2700.0,2725.0,2695.0,2695.0,1578.07666015625,71540600,0.0,0.0,yfinance_raw_daily
2015-11-11,2680.0,2700.0,2660.0,2665.0,1560.5101318359375,45329300,0.0,0.0,yfinance_raw_daily
2015-11-12,2700.0,2740.0,2675.0,2715.0,1589.788330078125,67582900,0.0,0.0,yfinance_raw_daily
2015-11-13,2705.0,2780.0,2700.0,2755.0,1613.2100830078125,85542600,0.0,0.0,yfinance_raw_daily
2015-11-16,2730.0,2740.0,2720.0,2720.0,1592.7159423828125,39014100,0.0,0.0,yfinance_raw_daily
2015-11-17,2750.0,2850.0,2740.0,2815.0,1648.34375,107165000,0.0,0.0,yfinance_raw_daily
2015-11-18,2840.0,2865.0,2825.0,2850.0,1668.8380126953125,83841800,0.0,0.0,yfinance_raw_daily
2015-11-19,2865.0,2880.0,2805.0,2815.0,1648.34375,74695200,0.0,0.0,yfinance_raw_daily
2015-11-20,2805.0,2920.0,2805.0,2915.0,1706.8994140625,80693900,0.0,0.0,yfinance_raw_daily
2015-11-23,2935.0,2950.0,2800.0,2800.0,1639.560302734375,58469900,0.0,0.0,yfinance_raw_daily
2015-11-24,2880.0,2890.0,2850.0,2870.0,1680.5494384765625,52299500,0.0,0.0,yfinance_raw_daily
2015-11-25,2890.0,2925.0,2860.0,2900.0,1698.1160888671875,72999200,0.0,0.0,yfinance_raw_daily
2015-11-26,2895.0,2955.0,2890.0,2950.0,1727.393798828125,79959900,0.0,0.0,yfinance_raw_daily
2015-11-27,2960.0,2970.0,2945.0,2960.0,1733.2496337890625,64313600,0.0,0.0,yfinance_raw_daily
2015-11-30,2900.0,2980.0,2900.0,2930.0,1715.682861328125,248674100,0.0,0.0,yfinance_raw_daily
2015-12-01,2955.0,2990.0,2925.0,2940.0,1721.53857421875,114946900,0.0,0.0,yfinance_raw_daily
2015-12-02,2935.0,2980.0,2935.0,2970.0,1739.105224609375,79848900,0.0,0.0,yfinance_raw_daily
2015-12-03,2955.0,3095.0,2955.0,3035.0,1777.166259765625,126393400,0.0,0.0,yfinance_raw_daily
2015-12-04,3005.0,3020.0,2990.0,3000.0,1756.6715087890625,94131500,0.0,0.0,yfinance_raw_daily
2015-12-07,3000.0,3060.0,3000.0,3030.0,1774.238525390625,78108300,0.0,0.0,yfinance_raw_daily
2015-12-08,3015.0,3070.0,3000.0,3015.0,1765.4552001953125,129096000,0.0,0.0,yfinance_raw_daily
2015-12-09,3015.0,3015.0,3015.0,3015.0,1765.4552001953125,0,0.0,0.0,yfinance_raw_daily
2015-12-10,2950.0,3020.0,2950.0,3010.0,1762.52734375,144523200,0.0,0.0,yfinance_raw_daily
2015-12-11,3020.0,3025.0,2950.0,2950.0,1727.393798828125,77701000,0.0,0.0,yfinance_raw_daily
2015-12-14,2900.0,2955.0,2900.0,2930.0,1715.682861328125,83862900,0.0,0.0,yfinance_raw_daily
2015-12-15,2930.0,2955.0,2910.0,2940.0,1721.53857421875,54346400,0.0,0.0,yfinance_raw_daily
2015-12-16,3085.0,3085.0,2960.0,3040.0,1780.094482421875,96852000,0.0,0.0,yfinance_raw_daily
2015-12-17,3100.0,3125.0,3040.0,3125.0,1829.8665771484375,85716700,0.0,0.0,yfinance_raw_daily
2015-12-18,3080.0,3090.0,3050.0,3060.0,1791.8052978515625,89447600,0.0,0.0,yfinance_raw_daily
2015-12-21,3060.0,3115.0,3040.0,3110.0,1821.083251953125,80764000,0.0,0.0,yfinance_raw_daily
2015-12-22,3100.0,3135.0,3100.0,3135.0,1835.72216796875,68929200,0.0,0.0,yfinance_raw_daily
2015-12-23,3075.0,3145.0,3020.0,3110.0,1821.083251953125,92014400,0.0,0.0,yfinance_raw_daily
2015-12-28,3090.0,3170.0,3090.0,3120.0,1826.9388427734375,47634200,0.0,0.0,yfinance_raw_daily
2015-12-29,3100.0,3120.0,3075.0,3095.0,1812.2999267578125,38486500,0.0,0.0,yfinance_raw_daily
2015-12-30,3100.0,3135.0,3100.0,3105.0,1818.155517578125,40956100,0.0,0.0,yfinance_raw_daily
2016-01-04,3080.0,3175.0,3080.0,3140.0,1838.64990234375,53937600,0.0,0.0,yfinance_raw_daily
2016-01-05,3125.0,3225.0,3125.0,3195.0,1870.8555908203125,111298000,0.0,0.0,yfinance_raw_daily
2016-01-06,3250.0,3385.0,3220.0,3250.0,1903.06103515625,126669200,0.0,0.0,yfinance_raw_daily
2016-01-07,3200.0,3250.0,3155.0,3210.0,1879.638916015625,106056300,0.0,0.0,yfinance_raw_daily
2016-01-08,3170.0,3190.0,3130.0,3145.0,1841.5777587890625,121217800,0.0,0.0,yfinance_raw_daily
2016-01-11,3090.0,3125.0,3060.0,3060.0,1791.8052978515625,89758100,0.0,0.0,yfinance_raw_daily
2016-01-12,3085.0,3205.0,3080.0,3145.0,1841.5777587890625,116904200,0.0,0.0,yfinance_raw_daily
2016-01-13,3195.0,3250.0,3170.0,3190.0,1867.927978515625,74269100,0.0,0.0,yfinance_raw_daily
2016-01-14,3100.0,3215.0,3100.0,3135.0,1835.72216796875,106684400,0.0,0.0,yfinance_raw_daily
2016-01-15,3135.0,3155.0,3085.0,3085.0,1806.4442138671875,88290900,0.0,0.0,yfinance_raw_daily
2016-01-18,3060.0,3130.0,3045.0,3085.0,1806.4442138671875,37695300,0.0,0.0,yfinance_raw_daily
2016-01-19,3075.0,3135.0,3075.0,3110.0,1821.083251953125,57336800,0.0,0.0,yfinance_raw_daily
2016-01-20,3095.0,3130.0,3090.0,3090.0,1809.3719482421875,65971300,0.0,0.0,yfinance_raw_daily
2016-01-21,3110.0,3155.0,3090.0,3095.0,1812.2999267578125,75613700,0.0,0.0,yfinance_raw_daily
2016-01-22,3155.0,3185.0,3115.0,3185.0,1864.9998779296875,83961900,0.0,0.0,yfinance_raw_daily
2016-01-25,3230.0,3250.0,3185.0,3205.0,1876.7110595703125,85792900,0.0,0.0,yfinance_raw_daily
2016-01-26,3205.0,3230.0,3190.0,3225.0,1888.4222412109375,88825300,0.0,0.0,yfinance_raw_daily
2016-01-27,3235.0,3270.0,3215.0,3270.0,1914.7725830078125,58542700,0.0,0.0,yfinance_raw_daily
2016-01-28,3270.0,3280.0,3210.0,3260.0,1908.9166259765625,76642400,0.0,0.0,yfinance_raw_daily
2016-01-29,3290.0,3340.0,3230.0,3340.0,1955.761474609375,123511400,0.0,0.0,yfinance_raw_daily
2016-02-01,3290.0,3375.0,3290.0,3330.0,1949.9053955078125,132389600,0.0,0.0,yfinance_raw_daily
2016-02-02,3280.0,3320.0,3235.0,3235.0,1894.2777099609375,85894700,0.0,0.0,yfinance_raw_daily
2016-02-03,3200.0,3275.0,3180.0,3275.0,1917.7001953125,65149900,0.0,0.0,yfinance_raw_daily
2016-02-04,3310.0,3455.0,3305.0,3350.0,1961.6170654296875,121904700,0.0,0.0,yfinance_raw_daily
2016-02-05,3370.0,3510.0,3370.0,3500.0,2049.4501953125,110951000,0.0,0.0,yfinance_raw_daily
2016-02-09,3430.0,3430.0,3360.0,3375.0,1976.2559814453125,71371200,0.0,0.0,yfinance_raw_daily
2016-02-10,3320.0,3390.0,3320.0,3385.0,1982.111572265625,83792500,0.0,0.0,yfinance_raw_daily
2016-02-11,3385.0,3450.0,3365.0,3430.0,2008.4615478515625,109097100,0.0,0.0,yfinance_raw_daily
2016-02-12,3405.0,3410.0,3260.0,3285.0,1923.5556640625,153723600,0.0,0.0,yfinance_raw_daily
2016-02-15,3310.0,3340.0,3280.0,3325.0,1946.9775390625,104800500,0.0,0.0,yfinance_raw_daily
2016-02-16,3310.0,3340.0,3305.0,3335.0,1952.83349609375,43892400,0.0,0.0,yfinance_raw_daily
2016-02-17,3320.0,3355.0,3310.0,3335.0,1952.83349609375,81659100,0.0,0.0,yfinance_raw_daily
2016-02-18,3335.0,3355.0,3295.0,3315.0,1941.122314453125,94576000,0.0,0.0,yfinance_raw_daily
2016-02-19,3315.0,3315.0,3160.0,3195.0,1870.8555908203125,179256500,0.0,0.0,yfinance_raw_daily
2016-02-22,3185.0,3210.0,3140.0,3180.0,1862.072021484375,105477300,0.0,0.0,yfinance_raw_daily
2016-02-23,3190.0,3250.0,3170.0,3220.0,1885.494384765625,67743800,0.0,0.0,yfinance_raw_daily
2016-02-24,3195.0,3240.0,3175.0,3230.0,1891.3499755859375,69789500,0.0,0.0,yfinance_raw_daily
2016-02-25,3245.0,3310.0,3210.0,3300.0,1932.3387451171875,95590800,0.0,0.0,yfinance_raw_daily
2016-02-26,3340.0,3340.0,3290.0,3310.0,1938.1944580078125,53507400,0.0,0.0,yfinance_raw_daily
2016-02-29,3340.0,3340.0,3245.0,3250.0,1903.06103515625,102104500,0.0,0.0,yfinance_raw_daily
2016-03-01,3250.0,3295.0,3250.0,3295.0,1929.4110107421875,63318600,0.0,0.0,yfinance_raw_daily
2016-03-02,3340.0,3370.0,3325.0,3340.0,1955.761474609375,110289200,0.0,0.0,yfinance_raw_daily
2016-03-03,3375.0,3430.0,3355.0,3430.0,2008.4615478515625,107648600,0.0,0.0,yfinance_raw_daily
2016-03-04,3435.0,3435.0,3330.0,3415.0,1999.677978515625,87747700,0.0,0.0,yfinance_raw_daily
2016-03-07,3400.0,3420.0,3360.0,3395.0,1987.9674072265625,63623500,0.0,0.0,yfinance_raw_daily
2016-03-08,3380.0,3415.0,3330.0,3390.0,1985.0390625,109167700,0.0,0.0,yfinance_raw_daily
2016-03-10,3345.0,3350.0,3265.0,3315.0,1941.122314453125,163244500,0.0,0.0,yfinance_raw_daily
2016-03-11,3315.0,3315.0,3315.0,3315.0,1941.122314453125,0,0.0,0.0,yfinance_raw_daily
2016-03-14,3315.0,3315.0,3315.0,3315.0,1941.122314453125,0,0.0,0.0,yfinance_raw_daily
2016-03-15,3440.0,3450.0,3350.0,3380.0,1979.1834716796875,95058500,0.0,0.0,yfinance_raw_daily
2016-03-16,3390.0,3440.0,3370.0,3440.0,2014.3172607421875,45874600,0.0,0.0,yfinance_raw_daily
2016-03-17,3460.0,3470.0,3440.0,3455.0,2023.1007080078125,81984200,0.0,0.0,yfinance_raw_daily
2016-03-18,3455.0,3500.0,3430.0,3460.0,2026.0281982421875,141609900,0.0,0.0,yfinance_raw_daily
2016-03-21,3460.0,3485.0,3450.0,3470.0,2031.8836669921875,55410700,0.0,0.0,yfinance_raw_daily
2016-03-22,3440.0,3460.0,3385.0,3420.0,2002.605712890625,123088800,0.0,0.0,yfinance_raw_daily
2016-03-23,3380.0,3380.0,3300.0,3305.0,1935.2669677734375,201671300,0.0,0.0,yfinance_raw_daily
2016-03-24,3300.0,3360.0,3295.0,3325.0,1946.9775390625,106657100,0.0,0.0,yfinance_raw_daily
2016-03-28,3325.0,3340.0,3280.0,3305.0,1935.2669677734375,60692300,0.0,0.0,yfinance_raw_daily
2016-03-29,3310.0,3335.0,3280.0,3300.0,1932.3387451171875,117103200,0.0,0.0,yfinance_raw_daily
2016-03-30,3330.0,3380.0,3330.0,3345.0,1958.6890869140625,140480200,0.0,0.0,yfinance_raw_daily
2016-03-31,3345.0,3355.0,3300.0,3325.0,1946.9775390625,120747500,0.0,0.0,yfinance_raw_daily
2016-04-01,3330.0,3350.0,3305.0,3350.0,1961.6170654296875,79809200,0.0,0.0,yfinance_raw_daily
2016-04-04,3350.0,3380.0,3345.0,3380.0,1979.1834716796875,69422300,0.0,0.0,yfinance_raw_daily
2016-04-05,3365.0,3400.0,3360.0,3375.0,1976.2559814453125,69798700,0.0,0.0,yfinance_raw_daily
2016-04-06,3385.0,3410.0,3370.0,3405.0,1993.8221435546875,63554500,0.0,0.0,yfinance_raw_daily
2016-04-07,3420.0,3430.0,3400.0,3400.0,1990.894775390625,77205400,0.0,0.0,yfinance_raw_daily
2016-04-08,3350.0,3445.0,3350.0,3445.0,2017.2449951171875,54809700,0.0,0.0,yfinance_raw_daily
2016-04-11,3445.0,3445.0,3445.0,3445.0,2017.2449951171875,0,0.0,0.0,yfinance_raw_daily
2016-04-12,3375.0,3400.0,3350.0,3400.0,1990.894775390625,52196200,0.0,0.0,yfinance_raw_daily
2016-04-13,3400.0,3400.0,3400.0,3400.0,1990.894775390625,0,0.0,0.0,yfinance_raw_daily
2016-04-14,3400.0,3400.0,3400.0,3400.0,1990.894775390625,0,0.0,0.0,yfinance_raw_daily
2016-04-15,3400.0,3400.0,3400.0,3400.0,1990.894775390625,0,0.0,0.0,yfinance_raw_daily
2016-04-18,3400.0,3400.0,3400.0,3400.0,1990.894775390625,0,0.0,0.0,yfinance_raw_daily
2016-04-19,3400.0,3400.0,3400.0,3400.0,1990.894775390625,0,0.0,0.0,yfinance_raw_daily
2016-04-20,3650.0,3635.0,3555.0,3585.0,2099.22265625,94939200,0.0,0.0,yfinance_raw_daily
2016-04-21,3675.0,3675.0,3595.0,3630.0,2125.572998046875,94208900,0.0,0.0,yfinance_raw_daily
2016-04-22,3630.0,3745.0,3610.0,3685.0,2157.77880859375,145345500,0.0,0.0,yfinance_raw_daily
2016-04-25,3750.0,3810.0,3720.0,3780.0,2213.40673828125,114861000,0.0,0.0,yfinance_raw_daily
2016-04-26,3755.0,3755.0,3635.0,3645.0,2134.35595703125,122013000,0.0,0.0,yfinance_raw_daily
2016-04-27,3650.0,3705.0,3635.0,3700.0,2166.56201171875,74476000,0.0,0.0,yfinance_raw_daily
2016-04-28,3685.0,3720.0,3575.0,3595.0,2105.07861328125,160377500,0.0,0.0,yfinance_raw_daily
2016-04-29,3585.0,3595.0,3530.0,3550.0,2078.728515625,225310200,0.0,0.0,yfinance_raw_daily
2016-05-02,3410.0,3500.0,3410.0,3450.0,2075.502197265625,175519300,94.637,0.0,yfinance_raw_daily
2016-05-03,3460.0,3520.0,3440.0,3440.0,2069.486083984375,156357700,0.0,0.0,yfinance_raw_daily
2016-05-04,3460.0,3500.0,3420.0,3490.0,2099.56591796875,153451200,0.0,0.0,yfinance_raw_daily
2016-05-09,3550.0,3690.0,3540.0,3610.0,2171.75732421875,157422300,0.0,0.0,yfinance_raw_daily
2016-05-10,3690.0,3720.0,3660.0,3700.0,2225.900634765625,101558100,0.0,0.0,yfinance_raw_daily
2016-05-11,3720.0,3750.0,3690.0,3720.0,2237.9326171875,84834700,0.0,0.0,yfinance_raw_daily
2016-05-12,3710.0,3780.0,3700.0,3760.0,2261.996337890625,142320700,0.0,0.0,yfinance_raw_daily
2016-05-13,3790.0,3790.0,3690.0,3690.0,2219.885009765625,85983800,0.0,0.0,yfinance_raw_daily
2016-05-16,3720.0,3800.0,3690.0,3720.0,2237.9326171875,122085600,0.0,0.0,yfinance_raw_daily
2016-05-17,3750.0,3770.0,3710.0,3720.0,2237.9326171875,64899500,0.0,0.0,yfinance_raw_daily
2016-05-18,3740.0,3750.0,3720.0,3740.0,2249.964599609375,83954800,0.0,0.0,yfinance_raw_daily
2016-05-19,3720.0,3730.0,3580.0,3630.0,2183.7890625,116976600,0.0,0.0,yfinance_raw_daily
2016-05-20,3650.0,3700.0,3620.0,3640.0,2189.80517578125,90193000,0.0,0.0,yfinance_raw_daily
2016-05-23,3680.0,3730.0,3660.0,3710.0,2231.916748046875,50914600,0.0,0.0,yfinance_raw_daily
2016-05-24,3690.0,3760.0,3690.0,3730.0,2243.948486328125,57819500,0.0,0.0,yfinance_raw_daily
2016-05-25,3750.0,3780.0,3730.0,3780.0,2274.028076171875,58455600,0.0,0.0,yfinance_raw_daily
2016-05-26,3800.0,3800.0,3720.0,3770.0,2268.012451171875,37338500,0.0,0.0,yfinance_raw_daily
2016-05-27,3750.0,3760.0,3720.0,3760.0,2261.996337890625,31023300,0.0,0.0,yfinance_raw_daily
2016-05-30,3760.0,3790.0,3700.0,3700.0,2225.900634765625,23090100,0.0,0.0,yfinance_raw_daily
2016-05-31,3700.0,3750.0,3670.0,3700.0,2225.900634765625,182229000,0.0,0.0,yfinance_raw_daily
2016-06-01,3730.0,3770.0,3710.0,3720.0,2237.9326171875,67998100,0.0,0.0,yfinance_raw_daily
2016-06-02,3730.0,3820.0,3720.0,3770.0,2268.012451171875,87912100,0.0,0.0,yfinance_raw_daily
2016-06-03,3820.0,3840.0,3750.0,3800.0,2286.060302734375,62133700,0.0,0.0,yfinance_raw_daily
2016-06-06,3820.0,3880.0,3810.0,3880.0,2334.1875,72380600,0.0,0.0,yfinance_raw_daily
2016-06-07,3880.0,3930.0,3850.0,3910.0,2352.2353515625,86501400,0.0,0.0,yfinance_raw_daily
2016-06-08,3890.0,3910.0,3710.0,3790.0,2280.044189453125,193251000,0.0,0.0,yfinance_raw_daily
2016-06-09,3810.0,3820.0,3760.0,3770.0,2268.012451171875,113035900,0.0,0.0,yfinance_raw_daily
2016-06-10,3790.0,3800.0,3750.0,3750.0,2255.98046875,53233600,0.0,0.0,yfinance_raw_daily
2016-06-13,3720.0,3770.0,3720.0,3760.0,2261.996337890625,51886300,0.0,0.0,yfinance_raw_daily
2016-06-14,3750.0,3780.0,3720.0,3770.0,2268.012451171875,43865800,0.0,0.0,yfinance_raw_daily
2016-06-15,3790.0,3810.0,3750.0,3810.0,2292.075927734375,59658600,0.0,0.0,yfinance_raw_daily
2016-06-16,3840.0,3880.0,3830.0,3880.0,2334.1875,90883500,0.0,0.0,yfinance_raw_daily
2016-06-17,3890.0,3920.0,3860.0,3890.0,2340.203857421875,80835200,0.0,0.0,yfinance_raw_daily
2016-06-20,3870.0,3890.0,3830.0,3850.0,2316.1396484375,54544000,0.0,0.0,yfinance_raw_daily
2016-06-21,3880.0,3880.0,3840.0,3870.0,2328.171630859375,53484100,0.0,0.0,yfinance_raw_daily
2016-06-22,3880.0,3890.0,3850.0,3870.0,2328.171630859375,62121300,0.0,0.0,yfinance_raw_daily
2016-06-23,3860.0,3870.0,3830.0,3860.0,2322.15576171875,37990600,0.0,0.0,yfinance_raw_daily
2016-06-24,3880.0,3890.0,3740.0,3820.0,2298.091796875,87594500,0.0,0.0,yfinance_raw_daily
2016-06-27,3790.0,3870.0,3780.0,3840.0,2310.123779296875,61613600,0.0,0.0,yfinance_raw_daily
2016-06-28,3860.0,3900.0,3780.0,3820.0,2298.091796875,169594500,0.0,0.0,yfinance_raw_daily
2016-06-29,3860.0,3970.0,3850.0,3970.0,2388.331298828125,121327700,0.0,0.0,yfinance_raw_daily
2016-06-30,3950.0,4010.0,3950.0,3980.0,2394.346923828125,96453900,0.0,0.0,yfinance_raw_daily
2016-07-01,4010.0,4050.0,3950.0,3970.0,2388.331298828125,98381900,0.0,0.0,yfinance_raw_daily
2016-07-11,4080.0,4250.0,4030.0,4070.0,2448.49072265625,270804800,0.0,0.0,yfinance_raw_daily
2016-07-12,4120.0,4180.0,4020.0,4100.0,2466.538330078125,143787700,0.0,0.0,yfinance_raw_daily
2016-07-13,4260.0,4260.0,4110.0,4260.0,2562.7939453125,95845300,0.0,0.0,yfinance_raw_daily
2016-07-14,4150.0,4170.0,4080.0,4110.0,2472.554931640625,131505700,0.0,0.0,yfinance_raw_daily
2016-07-15,4090.0,4200.0,4090.0,4200.0,2526.697998046875,109258400,0.0,0.0,yfinance_raw_daily
2016-07-18,4180.0,4190.0,4110.0,4140.0,2490.60205078125,53918600,0.0,0.0,yfinance_raw_daily
2016-07-19,4170.0,4170.0,4130.0,4160.0,2502.634033203125,73777600,0.0,0.0,yfinance_raw_daily
2016-07-20,4180.0,4190.0,4140.0,4190.0,2520.681884765625,47233600,0.0,0.0,yfinance_raw_daily
2016-07-21,4200.0,4200.0,4120.0,4120.0,2478.570556640625,69990500,0.0,0.0,yfinance_raw_daily
2016-07-22,4150.0,4150.0,4090.0,4110.0,2472.554931640625,49795000,0.0,0.0,yfinance_raw_daily
2016-07-25,4130.0,4180.0,4120.0,4180.0,2514.666259765625,53817300,0.0,0.0,yfinance_raw_daily
2016-07-26,4200.0,4280.0,4170.0,4250.0,2556.77783203125,85360000,0.0,0.0,yfinance_raw_daily
2016-07-27,4300.0,4350.0,4260.0,4340.0,2610.921142578125,108887200,0.0,0.0,yfinance_raw_daily
2016-07-28,4340.0,4380.0,4320.0,4340.0,2610.921142578125,90945600,0.0,0.0,yfinance_raw_daily
2016-07-29,4340.0,4500.0,4230.0,4230.0,2544.74560546875,123234300,0.0,0.0,yfinance_raw_daily
2016-08-01,4350.0,4570.0,4350.0,4550.0,2737.256103515625,138151900,0.0,0.0,yfinance_raw_daily
2016-08-02,4450.0,4480.0,4370.0,4370.0,2628.96923828125,97621900,0.0,0.0,yfinance_raw_daily
2016-08-03,4350.0,4380.0,4270.0,4270.0,2568.809814453125,108295900,0.0,0.0,yfinance_raw_daily
2016-08-04,4320.0,4350.0,4280.0,4320.0,2598.889404296875,77484900,0.0,0.0,yfinance_raw_daily
2016-08-05,4340.0,4360.0,4300.0,4350.0,2616.937255859375,58295600,0.0,0.0,yfinance_raw_daily
2016-08-08,4360.0,4400.0,4340.0,4400.0,2647.01708984375,64572500,0.0,0.0,yfinance_raw_daily
2016-08-09,4410.0,4430.0,4330.0,4370.0,2628.96923828125,65888400,0.0,0.0,yfinance_raw_daily
2016-08-10,4330.0,4370.0,4270.0,4320.0,2598.889404296875,71874800,0.0,0.0,yfinance_raw_daily
2016-08-11,4350.0,4350.0,4260.0,4280.0,2574.825439453125,91165100,0.0,0.0,yfinance_raw_daily
2016-08-12,4280.0,4310.0,4170.0,4230.0,2544.74560546875,123190100,0.0,0.0,yfinance_raw_daily
2016-08-15,4210.0,4230.0,4060.0,4090.0,2460.522705078125,126444800,0.0,0.0,yfinance_raw_daily
2016-08-16,4140.0,4190.0,4090.0,4140.0,2490.60205078125,125421200,0.0,0.0,yfinance_raw_daily
2016-08-18,4190.0,4260.0,4160.0,4250.0,2556.77783203125,199163900,0.0,0.0,yfinance_raw_daily
2016-08-19,4250.0,4270.0,4120.0,4140.0,2490.60205078125,117134200,0.0,0.0,yfinance_raw_daily
2016-08-22,4160.0,4170.0,4110.0,4160.0,2502.634033203125,90760300,0.0,0.0,yfinance_raw_daily
2016-08-23,4190.0,4220.0,4080.0,4220.0,2538.72998046875,135968200,0.0,0.0,yfinance_raw_daily
2016-08-24,4180.0,4250.0,4160.0,4220.0,2538.72998046875,77672300,0.0,0.0,yfinance_raw_daily
2016-08-25,4220.0,4240.0,4200.0,4220.0,2538.72998046875,85476500,0.0,0.0,yfinance_raw_daily
2016-08-26,4200.0,4230.0,4170.0,4210.0,2532.714111328125,55203100,0.0,0.0,yfinance_raw_daily
2016-08-29,4200.0,4200.0,4120.0,4140.0,2490.60205078125,86940700,0.0,0.0,yfinance_raw_daily
2016-08-30,4140.0,4190.0,4120.0,4170.0,2508.650390625,89405700,0.0,0.0,yfinance_raw_daily
2016-08-31,4160.0,4240.0,4150.0,4210.0,2532.714111328125,119001300,0.0,0.0,yfinance_raw_daily
2016-09-01,4150.0,4210.0,4130.0,4160.0,2502.634033203125,73019400,0.0,0.0,yfinance_raw_daily
2016-09-02,4120.0,4210.0,4120.0,4200.0,2526.697998046875,67797200,0.0,0.0,yfinance_raw_daily
2016-09-05,4200.0,4240.0,4180.0,4200.0,2526.697998046875,49860400,0.0,0.0,yfinance_raw_daily
2016-09-06,4210.0,4240.0,4190.0,4240.0,2550.76171875,48004000,0.0,0.0,yfinance_raw_daily
2016-09-07,4240.0,4240.0,4140.0,4210.0,2532.714111328125,80888800,0.0,0.0,yfinance_raw_daily
2016-09-08,4200.0,4210.0,4160.0,4160.0,2502.634033203125,64125200,0.0,0.0,yfinance_raw_daily
2016-09-09,4150.0,4160.0,4030.0,4050.0,2436.458740234375,120404300,0.0,0.0,yfinance_raw_daily
2016-09-13,4050.0,4090.0,3980.0,4050.0,2436.458740234375,123714900,0.0,0.0,yfinance_raw_daily
2016-09-14,4050.0,4050.0,3950.0,3970.0,2388.331298828125,107944800,0.0,0.0,yfinance_raw_daily
2016-09-15,4000.0,4160.0,4000.0,4140.0,2490.60205078125,113131600,0.0,0.0,yfinance_raw_daily
2016-09-16,4140.0,4220.0,4080.0,4090.0,2460.522705078125,138669100,0.0,0.0,yfinance_raw_daily
2016-09-19,4130.0,4240.0,4130.0,4200.0,2526.697998046875,74240200,0.0,0.0,yfinance_raw_daily
2016-09-20,4150.0,4220.0,4150.0,4160.0,2502.634033203125,88244400,0.0,0.0,yfinance_raw_daily
2016-09-21,4160.0,4220.0,4100.0,4200.0,2526.697998046875,97627500,0.0,0.0,yfinance_raw_daily
2016-09-22,4250.0,4270.0,4200.0,4230.0,2544.74560546875,159174700,0.0,0.0,yfinance_raw_daily
2016-09-23,4230.0,4250.0,4170.0,4230.0,2544.74560546875,84251000,0.0,0.0,yfinance_raw_daily
2016-09-26,4200.0,4250.0,4190.0,4240.0,2550.76171875,78037000,0.0,0.0,yfinance_raw_daily
2016-09-27,4190.0,4280.0,4170.0,4280.0,2574.825439453125,106582800,0.0,0.0,yfinance_raw_daily
2016-09-28,4220.0,4270.0,4220.0,4250.0,2556.77783203125,66963300,0.0,0.0,yfinance_raw_daily
2016-09-29,4230.0,4340.0,4230.0,4290.0,2580.841796875,130275100,0.0,0.0,yfinance_raw_daily
2016-09-30,4290.0,4400.0,4270.0,4310.0,2592.873046875,137113000,0.0,0.0,yfinance_raw_daily
2016-10-03,4360.0,4390.0,4310.0,4380.0,2634.985107421875,58639700,0.0,0.0,yfinance_raw_daily
2016-10-04,4380.0,4400.0,4360.0,4360.0,2622.952880859375,69761200,0.0,0.0,yfinance_raw_daily
2016-10-05,4330.0,4350.0,4280.0,4300.0,2586.85791015625,64563500,0.0,0.0,yfinance_raw_daily
2016-10-06,4280.0,4300.0,4200.0,4210.0,2532.714111328125,83690900,0.0,0.0,yfinance_raw_daily
2016-10-07,4220.0,4240.0,4170.0,4200.0,2526.697998046875,50796000,0.0,0.0,yfinance_raw_daily
2016-10-10,4180.0,4230.0,4150.0,4160.0,2502.634033203125,33361000,0.0,0.0,yfinance_raw_daily
2016-10-11,4170.0,4180.0,4120.0,4160.0,2502.634033203125,95073200,0.0,0.0,yfinance_raw_daily
2016-10-12,4130.0,4160.0,4120.0,4140.0,2490.60205078125,77235200,0.0,0.0,yfinance_raw_daily
2016-10-13,4150.0,4190.0,4140.0,4180.0,2514.666259765625,95797800,0.0,0.0,yfinance_raw_daily
2016-10-14,4200.0,4250.0,4180.0,4210.0,2532.714111328125,127750100,0.0,0.0,yfinance_raw_daily
2016-10-17,4200.0,4250.0,4200.0,4240.0,2550.76171875,62848500,0.0,0.0,yfinance_raw_daily
2016-10-18,4250.0,4260.0,4220.0,4230.0,2544.74560546875,47811100,0.0,0.0,yfinance_raw_daily
2016-10-19,4230.0,4250.0,4200.0,4200.0,2526.697998046875,39787500,0.0,0.0,yfinance_raw_daily
2016-10-20,4210.0,4240.0,4180.0,4200.0,2526.697998046875,49146300,0.0,0.0,yfinance_raw_daily
2016-10-21,4200.0,4240.0,4190.0,4210.0,2532.714111328125,32147200,0.0,0.0,yfinance_raw_daily
2016-10-24,4200.0,4240.0,4190.0,4220.0,2538.72998046875,44928300,0.0,0.0,yfinance_raw_daily
2016-10-25,4200.0,4220.0,4190.0,4200.0,2526.697998046875,70646400,0.0,0.0,yfinance_raw_daily
2016-10-26,4180.0,4220.0,4180.0,4190.0,2520.681884765625,51043000,0.0,0.0,yfinance_raw_daily
2016-10-27,4220.0,4260.0,4210.0,4240.0,2550.76171875,59171100,0.0,0.0,yfinance_raw_daily
2016-10-28,4220.0,4250.0,4220.0,4230.0,2544.74560546875,63978700,0.0,0.0,yfinance_raw_daily
2016-10-31,4230.0,4250.0,4210.0,4220.0,2538.72998046875,87255800,0.0,0.0,yfinance_raw_daily
2016-11-01,4230.0,4240.0,4200.0,4200.0,2526.697998046875,40526400,0.0,0.0,yfinance_raw_daily
2016-11-02,4200.0,4240.0,4190.0,4200.0,2526.697998046875,65592600,0.0,0.0,yfinance_raw_daily
2016-11-03,4200.0,4210.0,4120.0,4150.0,2496.618408203125,142513800,0.0,0.0,yfinance_raw_daily
2016-11-04,4120.0,4160.0,4100.0,4150.0,2496.618408203125,94570400,0.0,0.0,yfinance_raw_daily
2016-11-07,4150.0,4200.0,4130.0,4150.0,2496.618408203125,56762000,0.0,0.0,yfinance_raw_daily
2016-11-08,4170.0,4300.0,4170.0,4280.0,2574.825439453125,73529000,0.0,0.0,yfinance_raw_daily
2016-11-09,4250.0,4290.0,4110.0,4120.0,2478.570556640625,142550300,0.0,0.0,yfinance_raw_daily
2016-11-10,4180.0,4220.0,4130.0,4190.0,2520.681884765625,197201200,0.0,0.0,yfinance_raw_daily
2016-11-11,4050.0,4050.0,3910.0,3960.0,2382.315185546875,244873100,0.0,0.0,yfinance_raw_daily
2016-11-14,3850.0,3880.0,3640.0,3790.0,2280.044189453125,331538800,0.0,0.0,yfinance_raw_daily
2016-11-15,3830.0,3950.0,3760.0,3840.0,2310.123779296875,214754300,0.0,0.0,yfinance_raw_daily
2016-11-16,3900.0,4030.0,3900.0,4000.0,2406.37939453125,195298100,0.0,0.0,yfinance_raw_daily
2016-11-17,3950.0,4040.0,3950.0,4000.0,2406.37939453125,84236700,0.0,0.0,yfinance_raw_daily
2016-11-18,4020.0,4030.0,3960.0,3970.0,2388.331298828125,98115300,0.0,0.0,yfinance_raw_daily
2016-11-21,3950.0,3970.0,3920.0,3930.0,2364.267333984375,82463000,0.0,0.0,yfinance_raw_daily
2016-11-22,3920.0,3970.0,3910.0,3950.0,2376.29931640625,69602800,0.0,0.0,yfinance_raw_daily
2016-11-23,3930.0,3970.0,3920.0,3940.0,2370.283447265625,108352600,0.0,0.0,yfinance_raw_daily
2016-11-24,3900.0,3930.0,3760.0,3810.0,2292.075927734375,91265600,0.0,0.0,yfinance_raw_daily
2016-11-25,3770.0,3830.0,3770.0,3830.0,2304.108154296875,65999500,0.0,0.0,yfinance_raw_daily
2016-11-28,3850.0,3860.0,3820.0,3840.0,2310.123779296875,61860400,0.0,0.0,yfinance_raw_daily
2016-11-29,3830.0,3880.0,3830.0,3840.0,2310.123779296875,73215900,0.0,0.0,yfinance_raw_daily
2016-11-30,3820.0,3900.0,3770.0,3780.0,2274.028076171875,145322000,0.0,0.0,yfinance_raw_daily
2016-12-01,3820.0,3900.0,3810.0,3860.0,2322.15576171875,96825100,0.0,0.0,yfinance_raw_daily
2016-12-02,3820.0,3960.0,3810.0,3910.0,2352.2353515625,68873200,0.0,0.0,yfinance_raw_daily
2016-12-05,3900.0,4000.0,3890.0,3960.0,2382.315185546875,56831800,0.0,0.0,yfinance_raw_daily
2016-12-06,3930.0,3960.0,3900.0,3910.0,2352.2353515625,67135100,0.0,0.0,yfinance_raw_daily
2016-12-07,3890.0,3890.0,3820.0,3850.0,2316.1396484375,74498300,0.0,0.0,yfinance_raw_daily
2016-12-08,3880.0,3940.0,3860.0,3940.0,2370.283447265625,80253900,0.0,0.0,yfinance_raw_daily
2016-12-09,3930.0,3980.0,3910.0,3960.0,2382.315185546875,73229000,0.0,0.0,yfinance_raw_daily
2016-12-13,3920.0,3970.0,3900.0,3970.0,2388.331298828125,85397800,0.0,0.0,yfinance_raw_daily
2016-12-14,3910.0,3970.0,3910.0,3920.0,2358.251708984375,53216800,0.0,0.0,yfinance_raw_daily
2016-12-15,3840.0,3940.0,3830.0,3910.0,2363.921630859375,58982800,19.379,0.0,yfinance_raw_daily
2016-12-16,3910.0,3910.0,3820.0,3820.0,2309.50927734375,111038700,0.0,0.0,yfinance_raw_daily
2016-12-19,3850.0,3890.0,3800.0,3800.0,2297.417724609375,64957800,0.0,0.0,yfinance_raw_daily
2016-12-20,3750.0,3800.0,3710.0,3730.0,2255.096923828125,88601300,0.0,0.0,yfinance_raw_daily
2016-12-21,3800.0,3850.0,3760.0,3780.0,2285.325927734375,65390700,0.0,0.0,yfinance_raw_daily
2016-12-22,3720.0,3780.0,3720.0,3750.0,2267.188720703125,53482700,0.0,0.0,yfinance_raw_daily
2016-12-23,3790.0,3790.0,3670.0,3690.0,2230.91357421875,46232300,0.0,0.0,yfinance_raw_daily
2016-12-27,3690.0,3760.0,3670.0,3730.0,2255.096923828125,48998200,0.0,0.0,yfinance_raw_daily
2016-12-28,3770.0,3840.0,3770.0,3830.0,2315.554931640625,39654200,0.0,0.0,yfinance_raw_daily
2016-12-29,3830.0,3960.0,3810.0,3940.0,2382.059326171875,126802300,0.0,0.0,yfinance_raw_daily
2016-12-30,3940.0,4020.0,3940.0,3980.0,2406.242919921875,128649100,0.0,0.0,yfinance_raw_daily
2017-01-02,3980.0,3980.0,3980.0,3980.0,2406.242919921875,0,0.0,0.0,yfinance_raw_daily
2017-01-03,3950.0,3990.0,3920.0,3950.0,2388.105224609375,71660600,0.0,0.0,yfinance_raw_daily
2017-01-04,3880.0,3980.0,3880.0,3950.0,2388.105224609375,68494500,0.0,0.0,yfinance_raw_daily
2017-01-05,3960.0,4030.0,3940.0,3950.0,2388.105224609375,74018400,0.0,0.0,yfinance_raw_daily
2017-01-06,3970.0,4010.0,3960.0,4000.0,2418.334228515625,44136900,0.0,0.0,yfinance_raw_daily
2017-01-09,4000.0,4030.0,3990.0,4020.0,2430.426025390625,85713200,0.0,0.0,yfinance_raw_daily
2017-01-10,4030.0,4030.0,3960.0,4000.0,2418.334228515625,44608000,0.0,0.0,yfinance_raw_daily
2017-01-11,3960.0,4000.0,3950.0,3960.0,2394.151123046875,47226300,0.0,0.0,yfinance_raw_daily
2017-01-12,3920.0,3970.0,3920.0,3960.0,2394.151123046875,45738500,0.0,0.0,yfinance_raw_daily
2017-01-13,3930.0,3970.0,3930.0,3950.0,2388.105224609375,64704600,0.0,0.0,yfinance_raw_daily
2017-01-16,3970.0,4000.0,3950.0,3950.0,2388.105224609375,42188800,0.0,0.0,yfinance_raw_daily
2017-01-17,3980.0,4000.0,3960.0,3970.0,2400.197021484375,45793400,0.0,0.0,yfinance_raw_daily
2017-01-18,3960.0,4010.0,3950.0,3960.0,2394.151123046875,56558200,0.0,0.0,yfinance_raw_daily
2017-01-19,3940.0,3980.0,3920.0,3970.0,2400.197021484375,53435400,0.0,0.0,yfinance_raw_daily
2017-01-20,3920.0,3940.0,3820.0,3830.0,2315.554931640625,101523500,0.0,0.0,yfinance_raw_daily
2017-01-23,3800.0,3880.0,3780.0,3840.0,2321.60107421875,77653500,0.0,0.0,yfinance_raw_daily
2017-01-24,3850.0,3950.0,3850.0,3910.0,2363.921630859375,113430200,0.0,0.0,yfinance_raw_daily
2017-01-25,3940.0,3940.0,3890.0,3900.0,2357.8759765625,47799100,0.0,0.0,yfinance_raw_daily
2017-01-26,3900.0,3960.0,3860.0,3940.0,2382.059326171875,60944600,0.0,0.0,yfinance_raw_daily
2017-01-27,3900.0,3920.0,3880.0,3890.0,2351.830322265625,47240400,0.0,0.0,yfinance_raw_daily
2017-01-30,3860.0,3910.0,3860.0,3860.0,2333.692626953125,30060700,0.0,0.0,yfinance_raw_daily
2017-01-31,3870.0,3920.0,3860.0,3870.0,2339.738525390625,57849200,0.0,0.0,yfinance_raw_daily
2017-02-01,3910.0,3980.0,3900.0,3940.0,2382.059326171875,77648400,0.0,0.0,yfinance_raw_daily
2017-02-02,3940.0,3980.0,3900.0,3950.0,2388.105224609375,73895600,0.0,0.0,yfinance_raw_daily
2017-02-03,3900.0,3970.0,3900.0,3950.0,2388.105224609375,59225000,0.0,0.0,yfinance_raw_daily
2017-02-06,3940.0,3960.0,3910.0,3960.0,2394.151123046875,52999700,0.0,0.0,yfinance_raw_daily
2017-02-07,3930.0,3960.0,3920.0,3920.0,2369.967529296875,66017500,0.0,0.0,yfinance_raw_daily
2017-02-08,3900.0,3920.0,3860.0,3870.0,2339.738525390625,115706000,0.0,0.0,yfinance_raw_daily
2017-02-09,3870.0,3910.0,3860.0,3870.0,2339.738525390625,78090700,0.0,0.0,yfinance_raw_daily
2017-02-10,3870.0,3910.0,3860.0,3890.0,2351.830322265625,91636700,0.0,0.0,yfinance_raw_daily
2017-02-13,3920.0,3920.0,3900.0,3920.0,2369.967529296875,54547600,0.0,0.0,yfinance_raw_daily
2017-02-14,3900.0,3900.0,3840.0,3860.0,2333.692626953125,146309400,0.0,0.0,yfinance_raw_daily
2017-02-15,3860.0,3860.0,3860.0,3860.0,2333.692626953125,0,0.0,0.0,yfinance_raw_daily
2017-02-16,3880.0,3890.0,3840.0,3870.0,2339.738525390625,127779400,0.0,0.0,yfinance_raw_daily
2017-02-17,3890.0,3890.0,3850.0,3870.0,2339.738525390625,80814700,0.0,0.0,yfinance_raw_daily
2017-02-20,3860.0,3880.0,3850.0,3870.0,2339.738525390625,26820400,0.0,0.0,yfinance_raw_daily
2017-02-21,3880.0,3890.0,3860.0,3880.0,2345.7841796875,49368500,0.0,0.0,yfinance_raw_daily
2017-02-22,3880.0,3890.0,3850.0,3880.0,2345.7841796875,74260200,0.0,0.0,yfinance_raw_daily
2017-02-23,3860.0,3870.0,3830.0,3840.0,2321.60107421875,122760100,0.0,0.0,yfinance_raw_daily
2017-02-24,3830.0,3870.0,3830.0,3840.0,2321.60107421875,71119600,0.0,0.0,yfinance_raw_daily
2017-02-27,3850.0,3890.0,3850.0,3870.0,2339.738525390625,54712100,0.0,0.0,yfinance_raw_daily
2017-02-28,3860.0,3900.0,3850.0,3850.0,2327.646728515625,65928100,0.0,0.0,yfinance_raw_daily
2017-03-01,3870.0,3890.0,3840.0,3850.0,2327.646728515625,79662500,0.0,0.0,yfinance_raw_daily
2017-03-02,3870.0,3870.0,3830.0,3830.0,2315.554931640625,59748700,0.0,0.0,yfinance_raw_daily
2017-03-03,3820.0,3870.0,3810.0,3850.0,2327.646728515625,92350100,0.0,0.0,yfinance_raw_daily
2017-03-06,3860.0,3920.0,3850.0,3920.0,2369.967529296875,99064100,0.0,0.0,yfinance_raw_daily
2017-03-07,3920.0,3950.0,3890.0,3950.0,2388.105224609375,61945400,0.0,0.0,yfinance_raw_daily
2017-03-08,3920.0,3930.0,3880.0,3880.0,2345.7841796875,31336300,0.0,0.0,yfinance_raw_daily
2017-03-09,3960.0,3960.0,3880.0,3960.0,2394.151123046875,83224900,0.0,0.0,yfinance_raw_daily
2017-03-10,3970.0,3990.0,3910.0,3950.0,2388.105224609375,70318300,0.0,0.0,yfinance_raw_daily
2017-03-13,3940.0,3970.0,3920.0,3950.0,2388.105224609375,54433000,0.0,0.0,yfinance_raw_daily
2017-03-14,3950.0,4070.0,3950.0,4050.0,2448.563720703125,122779100,0.0,0.0,yfinance_raw_daily
2017-03-15,4030.0,4080.0,4010.0,4040.0,2442.517822265625,80434200,0.0,0.0,yfinance_raw_daily
2017-03-16,4060.0,4150.0,4060.0,4140.0,2502.976318359375,123306900,0.0,0.0,yfinance_raw_daily
2017-03-17,4140.0,4140.0,4030.0,4110.0,2484.838623046875,123085600,0.0,0.0,yfinance_raw_daily
2017-03-20,4100.0,4110.0,4050.0,4100.0,2478.79248046875,87628300,0.0,0.0,yfinance_raw_daily
2017-03-21,4060.0,4120.0,4060.0,4090.0,2472.746826171875,75349600,0.0,0.0,yfinance_raw_daily
2017-03-22,4060.0,4080.0,4010.0,4070.0,2460.6552734375,110927600,0.0,0.0,yfinance_raw_daily
2017-03-23,4070.0,4100.0,4050.0,4090.0,2472.746826171875,72319900,0.0,0.0,yfinance_raw_daily
2017-03-24,4080.0,4110.0,4050.0,4080.0,2466.701171875,71877500,0.0,0.0,yfinance_raw_daily
2017-03-27,4080.0,4090.0,4070.0,4080.0,2466.701171875,56070700,0.0,0.0,yfinance_raw_daily
2017-03-29,4080.0,4150.0,4080.0,4150.0,2509.02197265625,84076600,0.0,0.0,yfinance_raw_daily
2017-03-30,4140.0,4170.0,4110.0,4140.0,2502.976318359375,61410200,0.0,0.0,yfinance_raw_daily
2017-03-31,4180.0,4190.0,4130.0,4130.0,2496.93017578125,88859000,0.0,0.0,yfinance_raw_daily
2017-04-03,4130.0,4200.0,4130.0,4170.0,2521.113037109375,66564400,0.0,0.0,yfinance_raw_daily
2017-04-04,4170.0,4290.0,4170.0,4250.0,2569.480224609375,108165500,0.0,0.0,yfinance_raw_daily
2017-04-05,4250.0,4250.0,4250.0,4250.0,2569.480224609375,0,0.0,0.0,yfinance_raw_daily
2017-04-06,4180.0,4200.0,4130.0,4170.0,2521.113037109375,79905800,0.0,0.0,yfinance_raw_daily
2017-04-07,4130.0,4140.0,4110.0,4130.0,2496.93017578125,72954300,0.0,0.0,yfinance_raw_daily
2017-04-10,4110.0,4140.0,4090.0,4100.0,2478.79248046875,53211800,0.0,0.0,yfinance_raw_daily
2017-04-11,4110.0,4180.0,4110.0,4150.0,2509.02197265625,54580200,0.0,0.0,yfinance_raw_daily
2017-04-12,4170.0,4170.0,4110.0,4150.0,2509.02197265625,33441400,0.0,0.0,yfinance_raw_daily
2017-04-13,4150.0,4170.0,4090.0,4090.0,2472.746826171875,47225000,0.0,0.0,yfinance_raw_daily
2017-04-17,4090.0,4090.0,4010.0,4010.0,2424.380126953125,51373500,0.0,0.0,yfinance_raw_daily
2017-04-18,4060.0,4120.0,4050.0,4070.0,2460.6552734375,68193500,0.0,0.0,yfinance_raw_daily
2017-04-19,4070.0,4070.0,4070.0,4070.0,2460.6552734375,0,0.0,0.0,yfinance_raw_daily
2017-04-20,4030.0,4150.0,4030.0,4110.0,2484.838623046875,110208600,0.0,0.0,yfinance_raw_daily
2017-04-21,4180.0,4420.0,4170.0,4420.0,2672.259521484375,237062100,0.0,0.0,yfinance_raw_daily
2017-04-25,4500.0,4520.0,4330.0,4420.0,2672.259521484375,213322700,0.0,0.0,yfinance_raw_daily
2017-04-26,4380.0,4410.0,4360.0,4400.0,2660.167724609375,103930700,0.0,0.0,yfinance_raw_daily
2017-04-27,4380.0,4400.0,4360.0,4370.0,2642.0302734375,78695300,0.0,0.0,yfinance_raw_daily
2017-04-28,4400.0,4410.0,4370.0,4370.0,2642.0302734375,124845700,0.0,0.0,yfinance_raw_daily
2017-05-02,4410.0,4450.0,4380.0,4410.0,2666.214111328125,140198900,0.0,0.0,yfinance_raw_daily
2017-05-03,4400.0,4400.0,4330.0,4340.0,2695.634033203125,92896600,117.3675,0.0,yfinance_raw_daily
2017-05-04,4360.0,4390.0,4340.0,4370.0,2714.267578125,100510700,0.0,0.0,yfinance_raw_daily
2017-05-05,4350.0,4360.0,4330.0,4340.0,2695.634033203125,43566800,0.0,0.0,yfinance_raw_daily
2017-05-08,4370.0,4380.0,4310.0,4340.0,2695.634033203125,85508700,0.0,0.0,yfinance_raw_daily
2017-05-09,4390.0,4450.0,4330.0,4340.0,2695.634033203125,90061700,0.0,0.0,yfinance_raw_daily
2017-05-10,4340.0,4410.0,4330.0,4370.0,2714.267578125,85484500,0.0,0.0,yfinance_raw_daily
2017-05-12,4410.0,4440.0,4380.0,4400.0,2732.90087890625,84813500,0.0,0.0,yfinance_raw_daily
2017-05-15,4420.0,4420.0,4320.0,4360.0,2708.056884765625,88965200,0.0,0.0,yfinance_raw_daily
2017-05-16,4390.0,4390.0,4340.0,4340.0,2695.634033203125,79436500,0.0,0.0,yfinance_raw_daily
2017-05-17,4380.0,4380.0,4300.0,4340.0,2695.634033203125,65470700,0.0,0.0,yfinance_raw_daily
2017-05-18,4300.0,4340.0,4270.0,4310.0,2677.000732421875,78913600,0.0,0.0,yfinance_raw_daily
2017-05-19,4300.0,4650.0,4300.0,4530.0,2813.645751953125,140860000,0.0,0.0,yfinance_raw_daily
2017-05-22,4590.0,4670.0,4440.0,4470.0,2776.379150390625,92800400,0.0,0.0,yfinance_raw_daily
2017-05-23,4500.0,4520.0,4370.0,4400.0,2732.90087890625,70551200,0.0,0.0,yfinance_raw_daily
2017-05-24,4360.0,4410.0,4330.0,4360.0,2708.056884765625,76441800,0.0,0.0,yfinance_raw_daily
2017-05-26,4430.0,4490.0,4430.0,4470.0,2776.379150390625,123903300,0.0,0.0,yfinance_raw_daily
2017-05-29,4470.0,4470.0,4360.0,4390.0,2726.68994140625,69694400,0.0,0.0,yfinance_raw_daily
2017-05-30,4350.0,4380.0,4330.0,4330.0,2689.423095703125,57720500,0.0,0.0,yfinance_raw_daily
2017-05-31,4350.0,4370.0,4300.0,4350.0,2701.845458984375,184808900,0.0,0.0,yfinance_raw_daily
2017-06-01,4350.0,4350.0,4350.0,4350.0,2701.845458984375,0,0.0,0.0,yfinance_raw_daily
2017-06-02,4400.0,4450.0,4340.0,4380.0,2720.47900390625,168414800,0.0,0.0,yfinance_raw_daily
2017-06-05,4340.0,4380.0,4300.0,4340.0,2695.634033203125,88200300,0.0,0.0,yfinance_raw_daily
2017-06-06,4350.0,4350.0,4300.0,4310.0,2677.000732421875,99538800,0.0,0.0,yfinance_raw_daily
2017-06-07,4350.0,4350.0,4290.0,4320.0,2683.2119140625,99176400,0.0,0.0,yfinance_raw_daily
2017-06-08,4320.0,4320.0,4300.0,4300.0,2670.78955078125,88979800,0.0,0.0,yfinance_raw_daily
2017-06-09,4370.0,4380.0,4320.0,4330.0,2689.423095703125,137960200,0.0,0.0,yfinance_raw_daily
2017-06-12,4320.0,4340.0,4310.0,4330.0,2689.423095703125,52481100,0.0,0.0,yfinance_raw_daily
2017-06-13,4340.0,4360.0,4330.0,4360.0,2708.056884765625,61967400,0.0,0.0,yfinance_raw_daily
2017-06-14,4380.0,4380.0,4330.0,4360.0,2708.056884765625,72198600,0.0,0.0,yfinance_raw_daily
2017-06-15,4350.0,4370.0,4330.0,4360.0,2708.056884765625,50887900,0.0,0.0,yfinance_raw_daily
2017-06-16,4330.0,4440.0,4330.0,4370.0,2714.267578125,267351200,0.0,0.0,yfinance_raw_daily
2017-06-19,4400.0,4420.0,4390.0,4400.0,2732.90087890625,48458800,0.0,0.0,yfinance_raw_daily
2017-06-20,4420.0,4510.0,4400.0,4490.0,2788.801513671875,93396600,0.0,0.0,yfinance_raw_daily
2017-06-21,4480.0,4530.0,4460.0,4520.0,2807.43505859375,116596300,0.0,0.0,yfinance_raw_daily
2017-06-22,4540.0,4540.0,4500.0,4520.0,2807.43505859375,76420700,0.0,0.0,yfinance_raw_daily
2017-06-23,4520.0,4520.0,4520.0,4520.0,2807.43505859375,0,0.0,0.0,yfinance_raw_daily
2017-06-26,4520.0,4520.0,4520.0,4520.0,2807.43505859375,0,0.0,0.0,yfinance_raw_daily
2017-06-27,4520.0,4520.0,4520.0,4520.0,2807.43505859375,0,0.0,0.0,yfinance_raw_daily
2017-06-28,4520.0,4520.0,4520.0,4520.0,2807.43505859375,0,0.0,0.0,yfinance_raw_daily
2017-06-29,4520.0,4520.0,4520.0,4520.0,2807.43505859375,0,0.0,0.0,yfinance_raw_daily
2017-06-30,4520.0,4520.0,4520.0,4520.0,2807.43505859375,0,0.0,0.0,yfinance_raw_daily
2017-07-03,4530.0,4790.0,4520.0,4790.0,2975.1357421875,213322100,0.0,0.0,yfinance_raw_daily
2017-07-04,4710.0,4730.0,4590.0,4590.0,2850.912841796875,126977200,0.0,0.0,yfinance_raw_daily
2017-07-05,4550.0,4590.0,4530.0,4580.0,2844.70166015625,76950600,0.0,0.0,yfinance_raw_daily
2017-07-06,4570.0,4680.0,4570.0,4650.0,2888.17919921875,74712800,0.0,0.0,yfinance_raw_daily
2017-07-07,4640.0,4690.0,4630.0,4630.0,2875.757080078125,74859600,0.0,0.0,yfinance_raw_daily
2017-07-10,4670.0,4670.0,4560.0,4570.0,2838.490478515625,40905200,0.0,0.0,yfinance_raw_daily
2017-07-11,4590.0,4640.0,4560.0,4600.0,2857.1240234375,59015400,0.0,0.0,yfinance_raw_daily
2017-07-12,4580.0,4640.0,4580.0,4620.0,2869.546142578125,42386500,0.0,0.0,yfinance_raw_daily
2017-07-13,4660.0,4680.0,4580.0,4600.0,2857.1240234375,83010800,0.0,0.0,yfinance_raw_daily
2017-07-14,4580.0,4620.0,4570.0,4600.0,2857.1240234375,61198800,0.0,0.0,yfinance_raw_daily
2017-07-17,4570.0,4650.0,4570.0,4650.0,2888.17919921875,53983200,0.0,0.0,yfinance_raw_daily
2017-07-18,4660.0,4660.0,4590.0,4630.0,2875.757080078125,63087200,0.0,0.0,yfinance_raw_daily
2017-07-19,4630.0,4630.0,4570.0,4600.0,2857.1240234375,31882000,0.0,0.0,yfinance_raw_daily
2017-07-20,4620.0,4650.0,4600.0,4630.0,2875.757080078125,65946300,0.0,0.0,yfinance_raw_daily
2017-07-21,4600.0,4620.0,4530.0,4560.0,2832.279296875,61852600,0.0,0.0,yfinance_raw_daily
2017-07-24,4500.0,4650.0,4500.0,4650.0,2888.17919921875,139361700,0.0,0.0,yfinance_raw_daily
2017-07-25,4680.0,4740.0,4640.0,4720.0,2931.65771484375,82776400,0.0,0.0,yfinance_raw_daily
2017-07-26,4700.0,4740.0,4650.0,4700.0,2919.235107421875,65286900,0.0,0.0,yfinance_raw_daily
2017-07-27,4700.0,4720.0,4650.0,4650.0,2888.17919921875,79556300,0.0,0.0,yfinance_raw_daily
2017-07-28,4670.0,4720.0,4660.0,4700.0,2919.235107421875,77012600,0.0,0.0,yfinance_raw_daily
2017-07-31,4680.0,4750.0,4670.0,4690.0,2913.024169921875,105620500,0.0,0.0,yfinance_raw_daily
2017-08-01,4700.0,4820.0,4690.0,4770.0,2962.713134765625,98006400,0.0,0.0,yfinance_raw_daily
2017-08-02,4800.0,4840.0,4780.0,4800.0,2981.3466796875,76646000,0.0,0.0,yfinance_raw_daily
2017-08-03,4760.0,4790.0,4670.0,4700.0,2919.235107421875,57453500,0.0,0.0,yfinance_raw_daily
2017-08-04,4700.0,4710.0,4660.0,4670.0,2900.601806640625,53596700,0.0,0.0,yfinance_raw_daily
2017-08-07,4670.0,4730.0,4660.0,4670.0,2900.601806640625,50259300,0.0,0.0,yfinance_raw_daily
2017-08-08,4650.0,4690.0,4650.0,4690.0,2913.024169921875,55006100,0.0,0.0,yfinance_raw_daily
2017-08-09,4670.0,4720.0,4670.0,4710.0,2925.44677734375,67040700,0.0,0.0,yfinance_raw_daily
2017-08-10,4720.0,4730.0,4700.0,4710.0,2925.44677734375,36139000,0.0,0.0,yfinance_raw_daily
2017-08-11,4690.0,4700.0,4660.0,4680.0,2906.81298828125,61681900,0.0,0.0,yfinance_raw_daily
2017-08-14,4720.0,4730.0,4700.0,4710.0,2925.44677734375,45942500,0.0,0.0,yfinance_raw_daily
2017-08-15,4750.0,4750.0,4710.0,4730.0,2937.869140625,62541500,0.0,0.0,yfinance_raw_daily
2017-08-16,4750.0,4780.0,4730.0,4770.0,2962.713134765625,72564900,0.0,0.0,yfinance_raw_daily
2017-08-17,4770.0,4770.0,4770.0,4770.0,2962.713134765625,0,0.0,0.0,yfinance_raw_daily
2017-08-18,4770.0,4820.0,4770.0,4780.0,2968.924560546875,72171800,0.0,0.0,yfinance_raw_daily
2017-08-21,4800.0,4800.0,4730.0,4770.0,2962.713134765625,36963300,0.0,0.0,yfinance_raw_daily
2017-08-22,4800.0,4810.0,4770.0,4790.0,2975.1357421875,45279100,0.0,0.0,yfinance_raw_daily
2017-08-23,4800.0,4810.0,4750.0,4800.0,2981.3466796875,55475800,0.0,0.0,yfinance_raw_daily
2017-08-24,4800.0,4800.0,4760.0,4780.0,2968.924560546875,59747100,0.0,0.0,yfinance_raw_daily
2017-08-25,4800.0,4810.0,4770.0,4770.0,2962.713134765625,34666200,0.0,0.0,yfinance_raw_daily
2017-08-28,4740.0,4770.0,4720.0,4750.0,2950.290771484375,42681600,0.0,0.0,yfinance_raw_daily
2017-08-29,4740.0,4760.0,4710.0,4730.0,2937.869140625,66770700,0.0,0.0,yfinance_raw_daily
2017-08-30,4720.0,4760.0,4720.0,4740.0,2944.079345703125,41010800,0.0,0.0,yfinance_raw_daily
2017-08-31,4740.0,4750.0,4690.0,4690.0,2913.024169921875,60803000,0.0,0.0,yfinance_raw_daily
2017-09-01,4690.0,4690.0,4690.0,4690.0,2913.024169921875,0,0.0,0.0,yfinance_raw_daily
2017-09-04,4710.0,4710.0,4660.0,4680.0,2906.81298828125,74663400,0.0,0.0,yfinance_raw_daily
2017-09-05,4670.0,4680.0,4620.0,4650.0,2888.17919921875,71280300,0.0,0.0,yfinance_raw_daily
2017-09-06,4650.0,4730.0,4650.0,4710.0,2925.44677734375,60257800,0.0,0.0,yfinance_raw_daily
2017-09-07,4700.0,4730.0,4690.0,4700.0,2919.235107421875,47238900,0.0,0.0,yfinance_raw_daily
2017-09-08,4670.0,4720.0,4670.0,4720.0,2931.65771484375,40939600,0.0,0.0,yfinance_raw_daily
2017-09-11,4710.0,4720.0,4700.0,4710.0,2925.44677734375,45419200,0.0,0.0,yfinance_raw_daily
2017-09-12,4720.0,4730.0,4700.0,4720.0,2931.65771484375,68810000,0.0,0.0,yfinance_raw_daily
2017-09-13,4650.0,4730.0,4650.0,4690.0,2913.024169921875,55115400,0.0,0.0,yfinance_raw_daily
2017-09-14,4690.0,4700.0,4660.0,4670.0,2900.601806640625,53421400,0.0,0.0,yfinance_raw_daily
2017-09-15,4650.0,4700.0,4650.0,4690.0,2913.024169921875,112759200,0.0,0.0,yfinance_raw_daily
2017-09-18,4680.0,4720.0,4660.0,4710.0,2925.44677734375,61345400,0.0,0.0,yfinance_raw_daily
2017-09-19,4690.0,4720.0,4680.0,4710.0,2925.44677734375,54676900,0.0,0.0,yfinance_raw_daily
2017-09-20,4690.0,4710.0,4680.0,4690.0,2913.024169921875,58141200,0.0,0.0,yfinance_raw_daily
2017-09-21,4690.0,4690.0,4690.0,4690.0,2913.024169921875,0,0.0,0.0,yfinance_raw_daily
2017-09-22,4690.0,4690.0,4610.0,4640.0,2881.96826171875,100046700,0.0,0.0,yfinance_raw_daily
2017-09-25,4620.0,4670.0,4610.0,4650.0,2888.17919921875,33070000,0.0,0.0,yfinance_raw_daily
2017-09-26,4640.0,4710.0,4640.0,4690.0,2913.024169921875,83557100,0.0,0.0,yfinance_raw_daily
2017-09-27,4690.0,4710.0,4680.0,4700.0,2919.235107421875,60995800,0.0,0.0,yfinance_raw_daily
2017-09-28,4720.0,4740.0,4710.0,4710.0,2925.44677734375,105241200,0.0,0.0,yfinance_raw_daily
2017-09-29,4700.0,4750.0,4670.0,4680.0,2906.81298828125,202031900,0.0,0.0,yfinance_raw_daily
2017-10-02,4690.0,4690.0,4660.0,4680.0,2906.81298828125,79696400,0.0,0.0,yfinance_raw_daily
2017-10-03,4650.0,4700.0,4640.0,4690.0,2913.024169921875,113933700,0.0,0.0,yfinance_raw_daily
2017-10-04,4660.0,4710.0,4660.0,4690.0,2913.024169921875,101963100,0.0,0.0,yfinance_raw_daily
2017-10-05,4680.0,4690.0,4640.0,4660.0,2894.39013671875,164687600,0.0,0.0,yfinance_raw_daily
2017-10-06,4680.0,4680.0,4630.0,4660.0,2894.39013671875,83595800,0.0,0.0,yfinance_raw_daily
2017-10-09,4640.0,4660.0,4610.0,4620.0,2869.546142578125,73027700,0.0,0.0,yfinance_raw_daily
2017-10-10,4650.0,4650.0,4510.0,4530.0,2813.645751953125,95524700,0.0,0.0,yfinance_raw_daily
2017-10-11,4540.0,4550.0,4310.0,4400.0,2732.90087890625,365951800,0.0,0.0,yfinance_raw_daily
2017-10-12,4380.0,4490.0,4370.0,4440.0,2757.74560546875,163091000,0.0,0.0,yfinance_raw_daily
2017-10-13,4440.0,4450.0,4400.0,4430.0,2751.534423828125,122491000,0.0,0.0,yfinance_raw_daily
2017-10-16,4380.0,4480.0,4380.0,4450.0,2763.956787109375,167517000,0.0,0.0,yfinance_raw_daily
2017-10-17,4400.0,4410.0,4320.0,4400.0,2732.90087890625,286827400,0.0,0.0,yfinance_raw_daily
2017-10-18,4400.0,4400.0,4190.0,4300.0,2670.78955078125,379725700,0.0,0.0,yfinance_raw_daily
2017-10-19,4230.0,4250.0,4180.0,4210.0,2614.889404296875,231274800,0.0,0.0,yfinance_raw_daily
2017-10-20,4250.0,4290.0,4200.0,4270.0,2652.156494140625,107642900,0.0,0.0,yfinance_raw_daily
2017-10-23,4270.0,4320.0,4240.0,4250.0,2639.734375,118213500,0.0,0.0,yfinance_raw_daily
2017-10-24,4270.0,4270.0,4230.0,4230.0,2627.31201171875,69942200,0.0,0.0,yfinance_raw_daily
2017-10-25,4210.0,4230.0,4060.0,4090.0,2540.35595703125,308355300,0.0,0.0,yfinance_raw_daily
2017-10-26,4010.0,4260.0,4010.0,4160.0,2583.833740234375,348271000,0.0,0.0,yfinance_raw_daily
2017-10-27,4190.0,4200.0,4080.0,4150.0,2577.622802734375,122923500,0.0,0.0,yfinance_raw_daily
2017-10-30,4150.0,4180.0,4080.0,4080.0,2534.14453125,140445100,0.0,0.0,yfinance_raw_daily
2017-10-31,4150.0,4150.0,4030.0,4030.0,2503.0888671875,111757900,0.0,0.0,yfinance_raw_daily
2017-11-01,4070.0,4080.0,3910.0,3950.0,2453.399658203125,267366500,0.0,0.0,yfinance_raw_daily
2017-11-02,3980.0,4110.0,3970.0,4030.0,2503.0888671875,154764900,0.0,0.0,yfinance_raw_daily
2017-11-03,4050.0,4100.0,4010.0,4090.0,2540.35595703125,80926400,0.0,0.0,yfinance_raw_daily
2017-11-06,4100.0,4210.0,4070.0,4190.0,2602.46728515625,177511800,0.0,0.0,yfinance_raw_daily
2017-11-07,4180.0,4210.0,4160.0,4190.0,2602.46728515625,84694700,0.0,0.0,yfinance_raw_daily
2017-11-08,4160.0,4160.0,4100.0,4100.0,2546.567138671875,145225500,0.0,0.0,yfinance_raw_daily
2017-11-09,4100.0,4180.0,4100.0,4160.0,2583.833740234375,91933800,0.0,0.0,yfinance_raw_daily
2017-11-10,4130.0,4160.0,4120.0,4120.0,2558.9892578125,56993800,0.0,0.0,yfinance_raw_daily
2017-11-13,4130.0,4160.0,4100.0,4100.0,2546.567138671875,92109100,0.0,0.0,yfinance_raw_daily
2017-11-14,4100.0,4110.0,4070.0,4080.0,2534.14453125,64809800,0.0,0.0,yfinance_raw_daily
2017-11-15,4090.0,4180.0,4080.0,4130.0,2565.200439453125,96128400,0.0,0.0,yfinance_raw_daily
2017-11-16,4150.0,4230.0,4150.0,4200.0,2608.678466796875,134137000,0.0,0.0,yfinance_raw_daily
2017-11-17,4200.0,4230.0,4200.0,4200.0,2608.678466796875,80261800,0.0,0.0,yfinance_raw_daily
2017-11-20,4220.0,4220.0,4150.0,4150.0,2577.622802734375,48453900,0.0,0.0,yfinance_raw_daily
2017-11-21,4170.0,4200.0,4150.0,4200.0,2608.678466796875,96842900,0.0,0.0,yfinance_raw_daily
2017-11-22,4220.0,4220.0,4190.0,4200.0,2608.678466796875,69602300,0.0,0.0,yfinance_raw_daily
2017-11-23,4200.0,4270.0,4200.0,4250.0,2639.734375,62887900,0.0,0.0,yfinance_raw_daily
2017-11-24,4220.0,4320.0,4220.0,4320.0,2683.2119140625,87879900,0.0,0.0,yfinance_raw_daily
2017-11-27,4320.0,4350.0,4280.0,4300.0,2670.78955078125,82769500,0.0,0.0,yfinance_raw_daily
2017-11-28,4270.0,4290.0,4230.0,4240.0,2633.522705078125,99928100,0.0,0.0,yfinance_raw_daily
2017-11-29,4220.0,4240.0,4180.0,4200.0,2608.678466796875,79872900,0.0,0.0,yfinance_raw_daily
2017-11-30,4200.0,4220.0,4150.0,4150.0,2577.622802734375,185905200,0.0,0.0,yfinance_raw_daily
2017-12-01,4150.0,4150.0,4150.0,4150.0,2577.622802734375,0,0.0,0.0,yfinance_raw_daily
2017-12-04,4180.0,4230.0,4160.0,4200.0,2608.678466796875,78040500,0.0,0.0,yfinance_raw_daily
2017-12-05,4210.0,4220.0,4180.0,4200.0,2608.678466796875,96504800,0.0,0.0,yfinance_raw_daily
2017-12-06,4160.0,4210.0,4160.0,4200.0,2608.678466796875,92126500,0.0,0.0,yfinance_raw_daily
2017-12-07,4200.0,4210.0,4160.0,4200.0,2608.678466796875,52703100,0.0,0.0,yfinance_raw_daily
2017-12-08,4150.0,4200.0,4120.0,4140.0,2571.41162109375,88536500,0.0,0.0,yfinance_raw_daily
2017-12-11,4110.0,4150.0,4110.0,4140.0,2571.41162109375,47625800,0.0,0.0,yfinance_raw_daily
2017-12-12,4150.0,4190.0,4150.0,4170.0,2590.044921875,63036000,0.0,0.0,yfinance_raw_daily
2017-12-13,4150.0,4200.0,4150.0,4200.0,2608.678466796875,49020200,0.0,0.0,yfinance_raw_daily
2017-12-14,4220.0,4250.0,4200.0,4250.0,2639.734375,61517800,0.0,0.0,yfinance_raw_daily
2017-12-15,4200.0,4240.0,4180.0,4230.0,2627.31201171875,77110600,0.0,0.0,yfinance_raw_daily
2017-12-18,4250.0,4250.0,4170.0,4240.0,2633.522705078125,47756500,0.0,0.0,yfinance_raw_daily
2017-12-19,4200.0,4200.0,4170.0,4190.0,2602.46728515625,85383600,0.0,0.0,yfinance_raw_daily
2017-12-20,4190.0,4200.0,4160.0,4160.0,2583.833740234375,87778400,0.0,0.0,yfinance_raw_daily
2017-12-21,4190.0,4250.0,4170.0,4250.0,2639.734375,83893400,0.0,0.0,yfinance_raw_daily
2017-12-22,4250.0,4300.0,4210.0,4300.0,2670.78955078125,50330400,0.0,0.0,yfinance_raw_daily
2017-12-25,4300.0,4300.0,4300.0,4300.0,2670.78955078125,0,0.0,0.0,yfinance_raw_daily
2017-12-26,4300.0,4300.0,4300.0,4300.0,2670.78955078125,0,0.0,0.0,yfinance_raw_daily
2017-12-27,4270.0,4310.0,4270.0,4300.0,2670.78955078125,32211800,0.0,0.0,yfinance_raw_daily
2017-12-28,4300.0,4390.0,4270.0,4390.0,2726.68994140625,88576700,0.0,0.0,yfinance_raw_daily
2017-12-29,4390.0,4460.0,4390.0,4440.0,2757.74560546875,110053200,0.0,0.0,yfinance_raw_daily
2018-01-01,4440.0,4440.0,4440.0,4440.0,2757.74560546875,0,0.0,0.0,yfinance_raw_daily
2018-01-02,4430.0,4460.0,4380.0,4410.0,2739.112060546875,66075600,0.0,0.0,yfinance_raw_daily
2018-01-03,4380.0,4380.0,4200.0,4230.0,2627.31201171875,129205000,0.0,0.0,yfinance_raw_daily
2018-01-04,4230.0,4250.0,4190.0,4220.0,2621.1005859375,77953300,0.0,0.0,yfinance_raw_daily
2018-01-05,4220.0,4280.0,4200.0,4280.0,2658.367431640625,55863000,0.0,0.0,yfinance_raw_daily
2018-01-08,4250.0,4290.0,4250.0,4260.0,2645.945068359375,42916700,0.0,0.0,yfinance_raw_daily
2018-01-09,4240.0,4240.0,4180.0,4200.0,2608.678466796875,100497400,0.0,0.0,yfinance_raw_daily
2018-01-10,4200.0,4250.0,4180.0,4190.0,2602.46728515625,95004000,0.0,0.0,yfinance_raw_daily
2018-01-11,4200.0,4200.0,4150.0,4170.0,2590.044921875,80524900,0.0,0.0,yfinance_raw_daily
2018-01-12,4160.0,4190.0,4130.0,4130.0,2565.200439453125,70976800,0.0,0.0,yfinance_raw_daily
2018-01-15,4160.0,4170.0,4100.0,4120.0,2558.9892578125,71388000,0.0,0.0,yfinance_raw_daily
2018-01-16,4150.0,4220.0,4120.0,4210.0,2614.889404296875,84393300,0.0,0.0,yfinance_raw_daily
2018-01-17,4210.0,4220.0,4180.0,4200.0,2608.678466796875,77197700,0.0,0.0,yfinance_raw_daily
2018-01-18,4210.0,4240.0,4160.0,4170.0,2590.044921875,100089500,0.0,0.0,yfinance_raw_daily
2018-01-19,4190.0,4190.0,4120.0,4160.0,2583.833740234375,70890100,0.0,0.0,yfinance_raw_daily
2018-01-22,4120.0,4160.0,4120.0,4130.0,2565.200439453125,83090400,0.0,0.0,yfinance_raw_daily
2018-01-23,4160.0,4160.0,4030.0,4090.0,2540.35595703125,184176500,0.0,0.0,yfinance_raw_daily
2018-01-24,4090.0,4090.0,3970.0,3980.0,2472.033203125,241779600,0.0,0.0,yfinance_raw_daily
2018-01-25,3980.0,4020.0,3920.0,3970.0,2465.822021484375,232552500,0.0,0.0,yfinance_raw_daily
2018-01-26,3990.0,4160.0,3990.0,4150.0,2577.622802734375,246067800,0.0,0.0,yfinance_raw_daily
2018-01-29,4170.0,4180.0,4030.0,4070.0,2527.933349609375,156356300,0.0,0.0,yfinance_raw_daily
2018-01-30,4020.0,4040.0,3960.0,3970.0,2465.822021484375,140694300,0.0,0.0,yfinance_raw_daily
2018-01-31,3960.0,4060.0,3950.0,3990.0,2478.244384765625,112276200,0.0,0.0,yfinance_raw_daily
2018-02-01,4030.0,4070.0,3980.0,3980.0,2472.033203125,102291000,0.0,0.0,yfinance_raw_daily
2018-02-02,4030.0,4030.0,4000.0,4000.0,2484.455810546875,71707200,0.0,0.0,yfinance_raw_daily
2018-02-05,3950.0,4030.0,3920.0,4010.0,2490.66650390625,70792500,0.0,0.0,yfinance_raw_daily
2018-02-06,3950.0,3990.0,3930.0,3940.0,2447.188720703125,146207400,0.0,0.0,yfinance_raw_daily
2018-02-07,3990.0,4020.0,3950.0,3980.0,2472.033203125,120081100,0.0,0.0,yfinance_raw_daily
2018-02-08,3980.0,4040.0,3940.0,4020.0,2496.8779296875,101865000,0.0,0.0,yfinance_raw_daily
2018-02-09,3970.0,4000.0,3940.0,3950.0,2453.399658203125,78255000,0.0,0.0,yfinance_raw_daily
2018-02-12,3950.0,3990.0,3950.0,3960.0,2459.611083984375,58535200,0.0,0.0,yfinance_raw_daily
2018-02-13,3990.0,4060.0,3980.0,4040.0,2509.30029296875,79288000,0.0,0.0,yfinance_raw_daily
2018-02-14,4050.0,4080.0,3990.0,4040.0,2509.30029296875,63313200,0.0,0.0,yfinance_raw_daily
2018-02-15,4050.0,4060.0,4000.0,4010.0,2490.66650390625,32896000,0.0,0.0,yfinance_raw_daily
2018-02-16,4010.0,4010.0,4010.0,4010.0,2490.66650390625,0,0.0,0.0,yfinance_raw_daily
2018-02-19,4050.0,4080.0,4040.0,4050.0,2515.51123046875,89429500,0.0,0.0,yfinance_raw_daily
2018-02-20,4080.0,4080.0,4040.0,4070.0,2527.933349609375,53466600,0.0,0.0,yfinance_raw_daily
2018-02-21,4040.0,4080.0,4020.0,4070.0,2527.933349609375,74130200,0.0,0.0,yfinance_raw_daily
2018-02-22,4070.0,4070.0,4010.0,4010.0,2490.66650390625,91272600,0.0,0.0,yfinance_raw_daily
2018-02-23,4030.0,4040.0,4010.0,4030.0,2503.0888671875,59706400,0.0,0.0,yfinance_raw_daily
2018-02-26,4050.0,4050.0,4010.0,4030.0,2503.0888671875,56293900,0.0,0.0,yfinance_raw_daily
2018-02-27,4030.0,4030.0,3960.0,4020.0,2496.8779296875,81554100,0.0,0.0,yfinance_raw_daily
2018-02-28,3970.0,4050.0,3970.0,4000.0,2484.455810546875,94528200,0.0,0.0,yfinance_raw_daily
2018-03-01,4050.0,4090.0,4020.0,4060.0,2521.722412109375,84215600,0.0,0.0,yfinance_raw_daily
2018-03-02,4060.0,4070.0,4030.0,4070.0,2527.933349609375,61410200,0.0,0.0,yfinance_raw_daily
2018-03-05,4050.0,4060.0,4000.0,4020.0,2496.8779296875,56394900,0.0,0.0,yfinance_raw_daily
2018-03-06,4050.0,4060.0,4020.0,4020.0,2496.8779296875,59010500,0.0,0.0,yfinance_raw_daily
2018-03-07,4000.0,4040.0,3980.0,4000.0,2484.455810546875,100646000,0.0,0.0,yfinance_raw_daily
2018-03-08,4050.0,4140.0,4020.0,4140.0,2571.41162109375,152547000,0.0,0.0,yfinance_raw_daily
2018-03-09,4150.0,4160.0,4090.0,4150.0,2577.622802734375,97354700,0.0,0.0,yfinance_raw_daily
2018-03-12,4170.0,4200.0,4130.0,4200.0,2608.678466796875,87344000,0.0,0.0,yfinance_raw_daily
2018-03-13,4160.0,4180.0,4080.0,4090.0,2540.35595703125,96605900,0.0,0.0,yfinance_raw_daily
2018-03-14,4070.0,4090.0,4040.0,4060.0,2521.722412109375,74296000,0.0,0.0,yfinance_raw_daily
2018-03-15,4030.0,4040.0,3930.0,3930.0,2440.9775390625,133775500,0.0,0.0,yfinance_raw_daily
2018-03-16,3930.0,3950.0,3820.0,3820.0,2372.65478515625,208216200,0.0,0.0,yfinance_raw_daily
2018-03-19,3860.0,3900.0,3810.0,3820.0,2372.65478515625,111808000,0.0,0.0,yfinance_raw_daily
2018-03-20,3800.0,3810.0,3640.0,3660.0,2273.276611328125,254154700,0.0,0.0,yfinance_raw_daily
2018-03-21,3660.0,3720.0,3630.0,3710.0,2304.332275390625,152085900,0.0,0.0,yfinance_raw_daily
2018-03-22,3720.0,3810.0,3690.0,3700.0,2298.121337890625,132850400,0.0,0.0,yfinance_raw_daily
2018-03-23,3520.0,3690.0,3520.0,3660.0,2273.276611328125,104485500,0.0,0.0,yfinance_raw_daily
2018-03-26,3600.0,3650.0,3580.0,3590.0,2229.798828125,104993600,0.0,0.0,yfinance_raw_daily
2018-03-27,3630.0,3650.0,3540.0,3560.0,2211.16552734375,106157400,0.0,0.0,yfinance_raw_daily
2018-03-28,3570.0,3620.0,3540.0,3570.0,2217.376708984375,83907700,0.0,0.0,yfinance_raw_daily
2018-03-29,3580.0,3600.0,3530.0,3600.0,2236.010009765625,106930200,0.0,0.0,yfinance_raw_daily
2018-03-30,3600.0,3600.0,3600.0,3600.0,2236.010009765625,0,0.0,0.0,yfinance_raw_daily
2018-04-02,3640.0,3680.0,3600.0,3670.0,2279.48828125,63944000,0.0,0.0,yfinance_raw_daily
2018-04-03,3640.0,3670.0,3620.0,3630.0,2254.6435546875,57234700,0.0,0.0,yfinance_raw_daily
2018-04-04,3630.0,3660.0,3570.0,3600.0,2236.010009765625,80976000,0.0,0.0,yfinance_raw_daily
2018-04-05,3650.0,3690.0,3650.0,3680.0,2285.699462890625,102973700,0.0,0.0,yfinance_raw_daily
2018-04-06,3680.0,3690.0,3650.0,3650.0,2267.065673828125,62905500,0.0,0.0,yfinance_raw_daily
2018-04-09,3630.0,3780.0,3630.0,3770.0,2341.599365234375,114947800,0.0,0.0,yfinance_raw_daily
2018-04-10,3740.0,3880.0,3730.0,3860.0,2397.49951171875,138847700,0.0,0.0,yfinance_raw_daily
2018-04-11,3850.0,3890.0,3850.0,3870.0,2403.710693359375,58454500,0.0,0.0,yfinance_raw_daily
2018-04-12,3830.0,3860.0,3740.0,3750.0,2329.17724609375,76340800,0.0,0.0,yfinance_raw_daily
2018-04-13,3760.0,3780.0,3630.0,3660.0,2273.276611328125,88313600,0.0,0.0,yfinance_raw_daily
2018-04-16,3660.0,3660.0,3660.0,3660.0,2273.276611328125,0,0.0,0.0,yfinance_raw_daily
2018-04-17,3660.0,3660.0,3660.0,3660.0,2273.276611328125,0,0.0,0.0,yfinance_raw_daily
2018-04-18,3720.0,3770.0,3710.0,3770.0,2341.599365234375,65927000,0.0,0.0,yfinance_raw_daily
2018-04-19,3770.0,3770.0,3770.0,3770.0,2341.599365234375,0,0.0,0.0,yfinance_raw_daily
2018-04-20,3770.0,3770.0,3770.0,3770.0,2341.599365234375,0,0.0,0.0,yfinance_raw_daily
2018-04-23,3720.0,3780.0,3720.0,3750.0,2329.17724609375,72362700,0.0,0.0,yfinance_raw_daily
2018-04-24,3810.0,3830.0,3770.0,3830.0,2378.8662109375,81396500,0.0,0.0,yfinance_raw_daily
2018-04-25,3830.0,3830.0,3830.0,3830.0,2378.8662109375,0,0.0,0.0,yfinance_raw_daily
2018-04-26,3830.0,3830.0,3830.0,3830.0,2378.8662109375,0,0.0,0.0,yfinance_raw_daily
2018-04-27,3830.0,3830.0,3830.0,3830.0,2378.8662109375,0,0.0,0.0,yfinance_raw_daily
2018-04-30,3750.0,3870.0,3750.0,3830.0,2378.8662109375,95418200,0.0,0.0,yfinance_raw_daily
2018-05-01,3830.0,3830.0,3830.0,3830.0,2378.8662109375,0,0.0,0.0,yfinance_raw_daily
2018-05-02,3810.0,3880.0,3780.0,3870.0,2403.710693359375,118872100,0.0,0.0,yfinance_raw_daily
2018-05-03,3850.0,3860.0,3740.0,3740.0,2322.9658203125,91601300,0.0,0.0,yfinance_raw_daily
2018-05-04,3700.0,3750.0,3650.0,3730.0,2316.754638671875,80894300,0.0,0.0,yfinance_raw_daily
2018-05-07,3750.0,3820.0,3730.0,3800.0,2360.232666015625,97351600,0.0,0.0,yfinance_raw_daily
2018-05-08,3650.0,3670.0,3570.0,3620.0,2352.214599609375,107379900,167.6598,0.0,yfinance_raw_daily
2018-05-09,3600.0,3780.0,3530.0,3700.0,2404.197021484375,149687500,0.0,0.0,yfinance_raw_daily
2018-05-10,3700.0,3700.0,3700.0,3700.0,2404.197021484375,0,0.0,0.0,yfinance_raw_daily
2018-05-11,3700.0,3750.0,3620.0,3630.0,2358.71240234375,120995700,0.0,0.0,yfinance_raw_daily
2018-05-14,3560.0,3610.0,3500.0,3540.0,2300.231689453125,161018200,0.0,0.0,yfinance_raw_daily
2018-05-15,3520.0,3530.0,3350.0,3370.0,2189.768798828125,230994800,0.0,0.0,yfinance_raw_daily
2018-05-16,3280.0,3530.0,3250.0,3480.0,2261.24462890625,205406800,0.0,0.0,yfinance_raw_daily
2018-05-17,3510.0,3610.0,3490.0,3490.0,2267.742431640625,179026500,0.0,0.0,yfinance_raw_daily
2018-05-18,3520.0,3530.0,3400.0,3490.0,2267.742431640625,75748600,0.0,0.0,yfinance_raw_daily
2018-05-21,3490.0,3490.0,3410.0,3420.0,2222.258056640625,57210900,0.0,0.0,yfinance_raw_daily
2018-05-22,3420.0,3500.0,3420.0,3470.0,2254.7470703125,78667200,0.0,0.0,yfinance_raw_daily
2018-05-23,3460.0,3530.0,3450.0,3470.0,2254.7470703125,110630200,0.0,0.0,yfinance_raw_daily
2018-05-24,3480.0,3590.0,3480.0,3560.0,2313.227294921875,84178300,0.0,0.0,yfinance_raw_daily
2018-05-25,3540.0,3590.0,3530.0,3560.0,2313.227294921875,66374400,0.0,0.0,yfinance_raw_daily
2018-05-28,3580.0,3700.0,3560.0,3690.0,2397.69921875,90299200,0.0,0.0,yfinance_raw_daily
2018-05-29,3690.0,3690.0,3690.0,3690.0,2397.69921875,0,0.0,0.0,yfinance_raw_daily
2018-05-30,3600.0,3730.0,3590.0,3600.0,2339.21875,148933500,0.0,0.0,yfinance_raw_daily
2018-05-31,3600.0,3610.0,3500.0,3520.0,2287.236083984375,255204300,0.0,0.0,yfinance_raw_daily
2018-06-01,3520.0,3520.0,3520.0,3520.0,2287.236083984375,0,0.0,0.0,yfinance_raw_daily
2018-06-04,3540.0,3660.0,3530.0,3640.0,2365.2099609375,141754800,0.0,0.0,yfinance_raw_daily
2018-06-05,3680.0,3860.0,3660.0,3830.0,2488.668701171875,181376800,0.0,0.0,yfinance_raw_daily
2018-06-06,3790.0,3830.0,3760.0,3790.0,2462.677490234375,143554900,0.0,0.0,yfinance_raw_daily
2018-06-07,3800.0,3830.0,3770.0,3770.0,2449.68212890625,122724300,0.0,0.0,yfinance_raw_daily
2018-06-08,3710.0,3730.0,3600.0,3610.0,2345.716552734375,260396300,0.0,0.0,yfinance_raw_daily
2018-06-11,3610.0,3610.0,3610.0,3610.0,2345.716552734375,0,0.0,0.0,yfinance_raw_daily
2018-06-12,3610.0,3610.0,3610.0,3610.0,2345.716552734375,0,0.0,0.0,yfinance_raw_daily
2018-06-13,3610.0,3610.0,3610.0,3610.0,2345.716552734375,0,0.0,0.0,yfinance_raw_daily
2018-06-14,3610.0,3610.0,3610.0,3610.0,2345.716552734375,0,0.0,0.0,yfinance_raw_daily
2018-06-15,3610.0,3610.0,3610.0,3610.0,2345.716552734375,0,0.0,0.0,yfinance_raw_daily
2018-06-18,3610.0,3610.0,3610.0,3610.0,2345.716552734375,0,0.0,0.0,yfinance_raw_daily
2018-06-19,3610.0,3610.0,3610.0,3610.0,2345.716552734375,0,0.0,0.0,yfinance_raw_daily
2018-06-20,3540.0,3710.0,3510.0,3710.0,2410.69482421875,295386100,0.0,0.0,yfinance_raw_daily
2018-06-21,3650.0,3700.0,3610.0,3610.0,2345.716552734375,123848500,0.0,0.0,yfinance_raw_daily
2018-06-22,3610.0,3630.0,3540.0,3580.0,2326.222900390625,121490900,0.0,0.0,yfinance_raw_daily
2018-06-25,3630.0,3690.0,3600.0,3660.0,2378.20556640625,97826600,0.0,0.0,yfinance_raw_daily
2018-06-26,3600.0,3700.0,3600.0,3690.0,2397.69921875,91252300,0.0,0.0,yfinance_raw_daily
2018-06-27,3690.0,3780.0,3690.0,3710.0,2410.69482421875,106616500,0.0,0.0,yfinance_raw_daily
2018-06-28,3700.0,3720.0,3660.0,3660.0,2378.20556640625,133779300,0.0,0.0,yfinance_raw_daily
2018-06-29,3650.0,3750.0,3640.0,3750.0,2436.6865234375,79116600,0.0,0.0,yfinance_raw_daily
2018-07-02,3800.0,3800.0,3710.0,3750.0,2436.6865234375,55810800,0.0,0.0,yfinance_raw_daily
2018-07-03,3740.0,3740.0,3670.0,3700.0,2404.197021484375,79439500,0.0,0.0,yfinance_raw_daily
2018-07-04,3700.0,3810.0,3630.0,3760.0,2443.183837890625,54884500,0.0,0.0,yfinance_raw_daily
2018-07-05,3800.0,3830.0,3760.0,3830.0,2488.668701171875,59717900,0.0,0.0,yfinance_raw_daily
2018-07-06,3850.0,3890.0,3830.0,3860.0,2508.16259765625,67655200,0.0,0.0,yfinance_raw_daily
2018-07-09,3900.0,4000.0,3880.0,3980.0,2586.13623046875,68798500,0.0,0.0,yfinance_raw_daily
2018-07-10,3990.0,4050.0,3960.0,4030.0,2618.625244140625,118127300,0.0,0.0,yfinance_raw_daily
2018-07-11,4000.0,4080.0,3960.0,4060.0,2638.11865234375,144055300,0.0,0.0,yfinance_raw_daily
2018-07-12,4050.0,4110.0,4040.0,4100.0,2664.1103515625,114531700,0.0,0.0,yfinance_raw_daily
2018-07-13,4080.0,4100.0,3970.0,4020.0,2612.127685546875,120852800,0.0,0.0,yfinance_raw_daily
2018-07-16,3970.0,4030.0,3860.0,3940.0,2560.144775390625,66229700,0.0,0.0,yfinance_raw_daily
2018-07-17,3970.0,3970.0,3890.0,3940.0,2560.144775390625,53740400,0.0,0.0,yfinance_raw_daily
2018-07-18,3910.0,4030.0,3890.0,4010.0,2605.629638671875,75157800,0.0,0.0,yfinance_raw_daily
2018-07-19,4000.0,4000.0,3910.0,3910.0,2540.6513671875,65340900,0.0,0.0,yfinance_raw_daily
2018-07-20,3900.0,3990.0,3890.0,3990.0,2592.6337890625,66456000,0.0,0.0,yfinance_raw_daily
2018-07-23,4030.0,4090.0,4010.0,4060.0,2638.11865234375,74605900,0.0,0.0,yfinance_raw_daily
2018-07-24,4090.0,4090.0,4030.0,4030.0,2618.625244140625,64353800,0.0,0.0,yfinance_raw_daily
2018-07-25,4060.0,4060.0,3900.0,3900.0,2534.15380859375,55617500,0.0,0.0,yfinance_raw_daily
2018-07-26,3920.0,3940.0,3890.0,3930.0,2553.64697265625,55761900,0.0,0.0,yfinance_raw_daily
2018-07-27,3910.0,3950.0,3890.0,3940.0,2560.144775390625,52506800,0.0,0.0,yfinance_raw_daily
2018-07-30,3890.0,3950.0,3890.0,3910.0,2540.6513671875,49045100,0.0,0.0,yfinance_raw_daily
2018-07-31,3830.0,3830.0,3550.0,3570.0,2319.72509765625,339081700,0.0,0.0,yfinance_raw_daily
2018-08-01,3570.0,3600.0,3500.0,3550.0,2306.7294921875,190720900,0.0,0.0,yfinance_raw_daily
2018-08-02,3550.0,3590.0,3450.0,3500.0,2274.240478515625,171276100,0.0,0.0,yfinance_raw_daily
2018-08-03,3480.0,3490.0,3430.0,3460.0,2248.2490234375,224005400,0.0,0.0,yfinance_raw_daily
2018-08-06,3480.0,3670.0,3480.0,3650.0,2371.7080078125,231846400,0.0,0.0,yfinance_raw_daily
2018-08-07,3650.0,3670.0,3570.0,3580.0,2326.222900390625,111024900,0.0,0.0,yfinance_raw_daily
2018-08-08,3600.0,3600.0,3520.0,3550.0,2306.7294921875,109077400,0.0,0.0,yfinance_raw_daily
2018-08-09,3520.0,3550.0,3490.0,3490.0,2267.742431640625,110452900,0.0,0.0,yfinance_raw_daily
2018-08-10,3510.0,3540.0,3480.0,3500.0,2274.240478515625,79851700,0.0,0.0,yfinance_raw_daily
2018-08-13,3440.0,3450.0,3360.0,3370.0,2189.768798828125,106124800,0.0,0.0,yfinance_raw_daily
2018-08-14,3360.0,3440.0,3330.0,3350.0,2176.77294921875,108189200,0.0,0.0,yfinance_raw_daily
2018-08-15,3350.0,3450.0,3310.0,3430.0,2228.755615234375,95526000,0.0,0.0,yfinance_raw_daily
2018-08-16,3390.0,3430.0,3350.0,3350.0,2176.77294921875,112653900,0.0,0.0,yfinance_raw_daily
2018-08-17,3350.0,3350.0,3350.0,3350.0,2176.77294921875,0,0.0,0.0,yfinance_raw_daily
2018-08-20,3420.0,3450.0,3370.0,3390.0,2202.764404296875,163133800,0.0,0.0,yfinance_raw_daily
2018-08-21,3400.0,3440.0,3350.0,3350.0,2176.77294921875,126746000,0.0,0.0,yfinance_raw_daily
2018-08-22,3350.0,3350.0,3350.0,3350.0,2176.77294921875,0,0.0,0.0,yfinance_raw_daily
2018-08-23,3390.0,3390.0,3290.0,3300.0,2144.283935546875,209401300,0.0,0.0,yfinance_raw_daily
2018-08-24,3290.0,3340.0,3270.0,3290.0,2137.7861328125,103476200,0.0,0.0,yfinance_raw_daily
2018-08-27,3330.0,3480.0,3310.0,3460.0,2248.2490234375,142917000,0.0,0.0,yfinance_raw_daily
2018-08-28,3480.0,3600.0,3480.0,3580.0,2326.222900390625,224122500,0.0,0.0,yfinance_raw_daily
2018-08-29,3560.0,3610.0,3520.0,3580.0,2326.222900390625,126710100,0.0,0.0,yfinance_raw_daily
2018-08-30,3580.0,3590.0,3510.0,3510.0,2280.738037109375,80352300,0.0,0.0,yfinance_raw_daily
2018-08-31,3500.0,3520.0,3460.0,3490.0,2267.742431640625,109920300,0.0,0.0,yfinance_raw_daily
2018-09-03,3520.0,3550.0,3480.0,3490.0,2267.742431640625,46014400,0.0,0.0,yfinance_raw_daily
2018-09-04,3500.0,3510.0,3410.0,3420.0,2222.258056640625,77620800,0.0,0.0,yfinance_raw_daily
2018-09-05,3400.0,3400.0,3250.0,3270.0,2124.79052734375,183864900,0.0,0.0,yfinance_raw_daily
2018-09-06,3250.0,3380.0,3250.0,3360.0,2183.27099609375,172294300,0.0,0.0,yfinance_raw_daily
2018-09-07,3360.0,3390.0,3320.0,3390.0,2202.764404296875,99447200,0.0,0.0,yfinance_raw_daily
2018-09-10,3380.0,3400.0,3350.0,3380.0,2196.2666015625,48741600,0.0,0.0,yfinance_raw_daily
2018-09-11,3380.0,3380.0,3380.0,3380.0,2196.2666015625,0,0.0,0.0,yfinance_raw_daily
2018-09-12,3380.0,3390.0,3310.0,3320.0,2157.279541015625,81217700,0.0,0.0,yfinance_raw_daily
2018-09-13,3370.0,3470.0,3370.0,3450.0,2241.751220703125,115198100,0.0,0.0,yfinance_raw_daily
2018-09-14,3470.0,3600.0,3470.0,3590.0,2332.720947265625,156541000,0.0,0.0,yfinance_raw_daily
2018-09-17,3550.0,3570.0,3430.0,3470.0,2254.7470703125,95431800,0.0,0.0,yfinance_raw_daily
2018-09-18,3470.0,3590.0,3440.0,3570.0,2319.72509765625,132571400,0.0,0.0,yfinance_raw_daily
2018-09-19,3580.0,3610.0,3540.0,3550.0,2306.7294921875,88139600,0.0,0.0,yfinance_raw_daily
2018-09-20,3590.0,3640.0,3570.0,3600.0,2339.21875,80194400,0.0,0.0,yfinance_raw_daily
2018-09-21,3630.0,3630.0,3550.0,3600.0,2339.21875,98577800,0.0,0.0,yfinance_raw_daily
2018-09-24,3590.0,3600.0,3510.0,3540.0,2300.231689453125,48101000,0.0,0.0,yfinance_raw_daily
2018-09-25,3540.0,3560.0,3520.0,3560.0,2313.227294921875,25350200,0.0,0.0,yfinance_raw_daily
2018-09-26,3550.0,3590.0,3540.0,3540.0,2300.231689453125,51055900,0.0,0.0,yfinance_raw_daily
2018-09-27,3580.0,3590.0,3550.0,3580.0,2326.222900390625,49549400,0.0,0.0,yfinance_raw_daily
2018-09-28,3600.0,3670.0,3600.0,3640.0,2365.2099609375,116695900,0.0,0.0,yfinance_raw_daily
2018-10-01,3610.0,3690.0,3610.0,3670.0,2384.703369140625,45504900,0.0,0.0,yfinance_raw_daily
2018-10-02,3640.0,3670.0,3580.0,3620.0,2352.214599609375,61393800,0.0,0.0,yfinance_raw_daily
2018-10-03,3570.0,3640.0,3570.0,3600.0,2339.21875,46611900,0.0,0.0,yfinance_raw_daily
2018-10-04,3570.0,3600.0,3510.0,3600.0,2339.21875,82550500,0.0,0.0,yfinance_raw_daily
2018-10-05,3540.0,3600.0,3530.0,3530.0,2293.733642578125,59270300,0.0,0.0,yfinance_raw_daily
2018-10-08,3500.0,3530.0,3470.0,3520.0,2287.236083984375,71886100,0.0,0.0,yfinance_raw_daily
2018-10-09,3530.0,3620.0,3520.0,3590.0,2332.720947265625,58708100,0.0,0.0,yfinance_raw_daily
2018-10-10,3640.0,3640.0,3560.0,3600.0,2339.21875,31937500,0.0,0.0,yfinance_raw_daily
2018-10-11,3500.0,3640.0,3480.0,3570.0,2319.72509765625,114418300,0.0,0.0,yfinance_raw_daily
2018-10-12,3630.0,3700.0,3620.0,3680.0,2391.201171875,87991200,0.0,0.0,yfinance_raw_daily
2018-10-15,3700.0,3750.0,3650.0,3660.0,2378.20556640625,68466400,0.0,0.0,yfinance_raw_daily
2018-10-16,3680.0,3780.0,3680.0,3780.0,2456.1796875,98103600,0.0,0.0,yfinance_raw_daily
2018-10-17,3800.0,3910.0,3800.0,3900.0,2534.15380859375,122953700,0.0,0.0,yfinance_raw_daily
2018-10-18,3840.0,3880.0,3720.0,3760.0,2443.183837890625,102322600,0.0,0.0,yfinance_raw_daily
2018-10-19,3700.0,3770.0,3690.0,3730.0,2423.6904296875,140162100,0.0,0.0,yfinance_raw_daily
2018-10-22,3730.0,3830.0,3730.0,3800.0,2469.175537109375,57680500,0.0,0.0,yfinance_raw_daily
2018-10-23,3800.0,3800.0,3670.0,3700.0,2404.197021484375,53266800,0.0,0.0,yfinance_raw_daily
2018-10-24,3700.0,3710.0,3520.0,3520.0,2287.236083984375,117672200,0.0,0.0,yfinance_raw_daily
2018-10-25,3490.0,3580.0,3460.0,3550.0,2306.7294921875,120108900,0.0,0.0,yfinance_raw_daily
2018-10-26,3580.0,3660.0,3580.0,3630.0,2358.71240234375,100554100,0.0,0.0,yfinance_raw_daily
2018-10-29,3630.0,3660.0,3580.0,3660.0,2378.20556640625,54304000,0.0,0.0,yfinance_raw_daily
2018-10-30,3640.0,3850.0,3630.0,3800.0,2469.175537109375,158933000,0.0,0.0,yfinance_raw_daily
2018-10-31,3850.0,3870.0,3730.0,3850.0,2501.66455078125,140351400,0.0,0.0,yfinance_raw_daily
2018-11-01,3850.0,3880.0,3810.0,3880.0,2521.15771484375,69586900,0.0,0.0,yfinance_raw_daily
2018-11-02,3900.0,3940.0,3880.0,3940.0,2560.144775390625,98072700,0.0,0.0,yfinance_raw_daily
2018-11-05,3850.0,3910.0,3850.0,3890.0,2527.656005859375,60121700,0.0,0.0,yfinance_raw_daily
2018-11-06,3930.0,3930.0,3820.0,3890.0,2527.656005859375,58088000,0.0,0.0,yfinance_raw_daily
2018-11-07,3900.0,3950.0,3870.0,3950.0,2566.642822265625,98350100,0.0,0.0,yfinance_raw_daily
2018-11-08,3970.0,4000.0,3920.0,4000.0,2599.131591796875,74004300,0.0,0.0,yfinance_raw_daily
2018-11-09,3960.0,3960.0,3920.0,3920.0,2547.1494140625,45243300,0.0,0.0,yfinance_raw_daily
2018-11-12,3890.0,3950.0,3860.0,3860.0,2508.16259765625,57256000,0.0,0.0,yfinance_raw_daily
2018-11-13,3810.0,3850.0,3750.0,3830.0,2488.668701171875,89819400,0.0,0.0,yfinance_raw_daily
2018-11-14,3860.0,3880.0,3750.0,3750.0,2436.6865234375,72968500,0.0,0.0,yfinance_raw_daily
2018-11-15,3800.0,3940.0,3790.0,3910.0,2540.6513671875,71440400,0.0,0.0,yfinance_raw_daily
2018-11-16,3930.0,4110.0,3920.0,4050.0,2631.621337890625,128595600,0.0,0.0,yfinance_raw_daily
2018-11-19,4050.0,4050.0,3930.0,3950.0,2566.642822265625,72785900,0.0,0.0,yfinance_raw_daily
2018-11-20,3950.0,3950.0,3950.0,3950.0,2566.642822265625,0,0.0,0.0,yfinance_raw_daily
2018-11-21,3860.0,3960.0,3850.0,3960.0,2573.140625,97525800,0.0,0.0,yfinance_raw_daily
2018-11-22,3910.0,3990.0,3910.0,3980.0,2586.13623046875,52279900,0.0,0.0,yfinance_raw_daily
2018-11-23,3980.0,4000.0,3950.0,3990.0,2592.6337890625,35499400,0.0,0.0,yfinance_raw_daily
2018-11-26,3980.0,4000.0,3950.0,3990.0,2592.6337890625,43879100,0.0,0.0,yfinance_raw_daily
2018-11-27,3940.0,3950.0,3850.0,3880.0,2521.15771484375,116422400,0.0,0.0,yfinance_raw_daily
2018-11-28,3890.0,3900.0,3710.0,3720.0,2417.192626953125,195860500,0.0,0.0,yfinance_raw_daily
2018-11-29,3770.0,3810.0,3710.0,3740.0,2430.1884765625,120921500,0.0,0.0,yfinance_raw_daily
2018-11-30,3760.0,3780.0,3680.0,3680.0,2391.201171875,151545800,0.0,0.0,yfinance_raw_daily
2018-12-03,3740.0,3770.0,3700.0,3700.0,2404.197021484375,106891000,0.0,0.0,yfinance_raw_daily
2018-12-04,3720.0,3780.0,3720.0,3780.0,2456.1796875,121586400,0.0,0.0,yfinance_raw_daily
2018-12-05,3740.0,3800.0,3730.0,3770.0,2449.68212890625,58424400,0.0,0.0,yfinance_raw_daily
2018-12-06,3740.0,3770.0,3700.0,3710.0,2410.69482421875,62164100,0.0,0.0,yfinance_raw_daily
2018-12-07,3700.0,3710.0,3660.0,3670.0,2384.703369140625,92902000,0.0,0.0,yfinance_raw_daily
2018-12-10,3650.0,3720.0,3610.0,3680.0,2391.201171875,70093700,0.0,0.0,yfinance_raw_daily
2018-12-11,3640.0,3670.0,3610.0,3620.0,2352.214599609375,88050700,0.0,0.0,yfinance_raw_daily
2018-12-12,3660.0,3670.0,3620.0,3650.0,2371.7080078125,87333000,0.0,0.0,yfinance_raw_daily
2018-12-13,3680.0,3780.0,3660.0,3750.0,2436.6865234375,118965900,0.0,0.0,yfinance_raw_daily
2018-12-14,3800.0,3840.0,3730.0,3730.0,2423.6904296875,139547100,0.0,0.0,yfinance_raw_daily
2018-12-17,3740.0,3770.0,3710.0,3710.0,2410.69482421875,86251600,0.0,0.0,yfinance_raw_daily
2018-12-18,3700.0,3740.0,3680.0,3740.0,2430.1884765625,79833100,0.0,0.0,yfinance_raw_daily
2018-12-19,3740.0,3810.0,3740.0,3810.0,2475.67333984375,81542500,0.0,0.0,yfinance_raw_daily
2018-12-20,3810.0,3810.0,3720.0,3740.0,2430.1884765625,100129200,0.0,0.0,yfinance_raw_daily
2018-12-21,3700.0,3770.0,3700.0,3760.0,2443.183837890625,114752300,0.0,0.0,yfinance_raw_daily
2018-12-24,3760.0,3760.0,3760.0,3760.0,2443.183837890625,0,0.0,0.0,yfinance_raw_daily
2018-12-25,3760.0,3760.0,3760.0,3760.0,2443.183837890625,0,0.0,0.0,yfinance_raw_daily
2018-12-26,3730.0,3750.0,3700.0,3730.0,2423.6904296875,50416400,0.0,0.0,yfinance_raw_daily
2018-12-27,3780.0,3790.0,3730.0,3750.0,2436.6865234375,49980900,0.0,0.0,yfinance_raw_daily
2018-12-28,3770.0,3780.0,3750.0,3750.0,2436.6865234375,48224400,0.0,0.0,yfinance_raw_daily
2018-12-31,3750.0,3750.0,3750.0,3750.0,2436.6865234375,0,0.0,0.0,yfinance_raw_daily
2019-01-01,3750.0,3750.0,3750.0,3750.0,2436.6865234375,0,0.0,0.0,yfinance_raw_daily
2019-01-02,3750.0,3760.0,3700.0,3730.0,2423.6904296875,31355300,0.0,0.0,yfinance_raw_daily
2019-01-03,3710.0,3770.0,3690.0,3740.0,2430.1884765625,83842400,0.0,0.0,yfinance_raw_daily
2019-01-04,3690.0,3740.0,3690.0,3710.0,2410.69482421875,73936900,0.0,0.0,yfinance_raw_daily
2019-01-07,3760.0,3790.0,3750.0,3770.0,2449.68212890625,83678100,0.0,0.0,yfinance_raw_daily
2019-01-08,3770.0,3800.0,3750.0,3800.0,2469.175537109375,67963700,0.0,0.0,yfinance_raw_daily
2019-01-09,3820.0,3830.0,3730.0,3730.0,2423.6904296875,98529400,0.0,0.0,yfinance_raw_daily
2019-01-10,3760.0,3800.0,3740.0,3800.0,2469.175537109375,126396700,0.0,0.0,yfinance_raw_daily
2019-01-11,3820.0,3860.0,3800.0,3860.0,2508.16259765625,116753700,0.0,0.0,yfinance_raw_daily
2019-01-14,3810.0,3850.0,3790.0,3850.0,2501.66455078125,68487000,0.0,0.0,yfinance_raw_daily
2019-01-15,3860.0,3930.0,3850.0,3930.0,2553.64697265625,83464900,0.0,0.0,yfinance_raw_daily
2019-01-16,3940.0,4000.0,3920.0,3990.0,2592.6337890625,139056700,0.0,0.0,yfinance_raw_daily
2019-01-17,3970.0,3990.0,3960.0,3990.0,2592.6337890625,78766100,0.0,0.0,yfinance_raw_daily
2019-01-18,4010.0,4020.0,3970.0,4020.0,2612.127685546875,76350400,0.0,0.0,yfinance_raw_daily
2019-01-21,4040.0,4050.0,4020.0,4030.0,2618.625244140625,83317600,0.0,0.0,yfinance_raw_daily
2019-01-22,4000.0,4010.0,3930.0,4000.0,2599.131591796875,95420500,0.0,0.0,yfinance_raw_daily
2019-01-23,3950.0,3980.0,3920.0,3920.0,2547.1494140625,72518500,0.0,0.0,yfinance_raw_daily
2019-01-24,3900.0,3910.0,3830.0,3860.0,2508.16259765625,118836500,0.0,0.0,yfinance_raw_daily
2019-01-25,3880.0,3930.0,3840.0,3880.0,2521.15771484375,75844000,0.0,0.0,yfinance_raw_daily
2019-01-28,3880.0,3890.0,3730.0,3780.0,2456.1796875,168983100,0.0,0.0,yfinance_raw_daily
2019-01-29,3780.0,3850.0,3780.0,3840.0,2495.166748046875,118131200,0.0,0.0,yfinance_raw_daily
2019-01-30,3850.0,3890.0,3830.0,3860.0,2508.16259765625,85903100,0.0,0.0,yfinance_raw_daily
2019-01-31,3900.0,3920.0,3870.0,3900.0,2534.15380859375,110953700,0.0,0.0,yfinance_raw_daily
2019-02-01,3910.0,3930.0,3830.0,3870.0,2514.66015625,79588900,0.0,0.0,yfinance_raw_daily
2019-02-04,3890.0,3890.0,3780.0,3780.0,2456.1796875,70070500,0.0,0.0,yfinance_raw_daily
2019-02-05,3780.0,3780.0,3780.0,3780.0,2456.1796875,0,0.0,0.0,yfinance_raw_daily
2019-02-06,3820.0,3870.0,3820.0,3860.0,2508.16259765625,72180200,0.0,0.0,yfinance_raw_daily
2019-02-07,3890.0,3890.0,3830.0,3860.0,2508.16259765625,39141500,0.0,0.0,yfinance_raw_daily
2019-02-08,3810.0,3850.0,3810.0,3850.0,2501.66455078125,32131700,0.0,0.0,yfinance_raw_daily
2019-02-11,3870.0,3940.0,3860.0,3930.0,2553.64697265625,88628900,0.0,0.0,yfinance_raw_daily
2019-02-12,3900.0,3910.0,3800.0,3820.0,2482.1708984375,92427800,0.0,0.0,yfinance_raw_daily
2019-02-13,3840.0,3850.0,3780.0,3790.0,2462.677490234375,113161100,0.0,0.0,yfinance_raw_daily
2019-02-14,3790.0,3810.0,3740.0,3740.0,2430.1884765625,76939400,0.0,0.0,yfinance_raw_daily
2019-02-15,3770.0,3800.0,3730.0,3790.0,2462.677490234375,67812600,0.0,0.0,yfinance_raw_daily
2019-02-18,3830.0,3920.0,3830.0,3900.0,2534.15380859375,80275800,0.0,0.0,yfinance_raw_daily
2019-02-19,3930.0,3940.0,3900.0,3920.0,2547.1494140625,82962700,0.0,0.0,yfinance_raw_daily
2019-02-20,3940.0,3940.0,3830.0,3870.0,2514.66015625,87933000,0.0,0.0,yfinance_raw_daily
2019-02-21,3870.0,3890.0,3860.0,3870.0,2514.66015625,48031100,0.0,0.0,yfinance_raw_daily
2019-02-22,3870.0,3870.0,3820.0,3840.0,2495.166748046875,61392700,0.0,0.0,yfinance_raw_daily
2019-02-25,3900.0,3920.0,3850.0,3910.0,2540.6513671875,53792400,0.0,0.0,yfinance_raw_daily
2019-02-26,3920.0,3930.0,3880.0,3930.0,2553.64697265625,49657300,0.0,0.0,yfinance_raw_daily
2019-02-27,3900.0,3940.0,3890.0,3910.0,2540.6513671875,48788200,0.0,0.0,yfinance_raw_daily
2019-02-28,3880.0,3900.0,3840.0,3860.0,2508.16259765625,161156000,0.0,0.0,yfinance_raw_daily
2019-03-01,3890.0,3920.0,3880.0,3910.0,2540.6513671875,49810100,0.0,0.0,yfinance_raw_daily
2019-03-04,3910.0,3910.0,3850.0,3850.0,2501.66455078125,32250500,0.0,0.0,yfinance_raw_daily
2019-03-05,3890.0,3890.0,3820.0,3870.0,2514.66015625,41171000,0.0,0.0,yfinance_raw_daily
2019-03-06,3860.0,3880.0,3820.0,3820.0,2482.1708984375,69927600,0.0,0.0,yfinance_raw_daily
2019-03-07,3820.0,3820.0,3820.0,3820.0,2482.1708984375,0,0.0,0.0,yfinance_raw_daily
2019-03-08,3810.0,3820.0,3740.0,3740.0,2430.1884765625,105963500,0.0,0.0,yfinance_raw_daily
2019-03-11,3780.0,3820.0,3760.0,3800.0,2469.175537109375,43971600,0.0,0.0,yfinance_raw_daily
2019-03-12,3800.0,3820.0,3730.0,3760.0,2443.183837890625,43343700,0.0,0.0,yfinance_raw_daily
2019-03-13,3730.0,3770.0,3710.0,3720.0,2417.192626953125,45607600,0.0,0.0,yfinance_raw_daily
2019-03-14,3720.0,3760.0,3710.0,3740.0,2430.1884765625,62094100,0.0,0.0,yfinance_raw_daily
2019-03-15,3720.0,3760.0,3710.0,3750.0,2436.6865234375,68778100,0.0,0.0,yfinance_raw_daily
2019-03-18,3770.0,3820.0,3760.0,3820.0,2482.1708984375,44322600,0.0,0.0,yfinance_raw_daily
2019-03-19,3800.0,3820.0,3770.0,3780.0,2456.1796875,33156500,0.0,0.0,yfinance_raw_daily
2019-03-20,3810.0,3820.0,3750.0,3760.0,2443.183837890625,42784600,0.0,0.0,yfinance_raw_daily
2019-03-21,3800.0,3810.0,3780.0,3790.0,2462.677490234375,36527500,0.0,0.0,yfinance_raw_daily
2019-03-22,3800.0,3820.0,3790.0,3800.0,2469.175537109375,26772900,0.0,0.0,yfinance_raw_daily
2019-03-25,3730.0,3790.0,3720.0,3790.0,2462.677490234375,49162900,0.0,0.0,yfinance_raw_daily
2019-03-26,3780.0,3820.0,3780.0,3820.0,2482.1708984375,23049100,0.0,0.0,yfinance_raw_daily
2019-03-27,3840.0,3840.0,3810.0,3820.0,2482.1708984375,35521900,0.0,0.0,yfinance_raw_daily
2019-03-28,3820.0,3890.0,3810.0,3880.0,2521.15771484375,55847200,0.0,0.0,yfinance_raw_daily
2019-03-29,3880.0,3970.0,3880.0,3960.0,2573.140625,82231400,0.0,0.0,yfinance_raw_daily
2019-04-01,3950.0,3960.0,3900.0,3930.0,2553.64697265625,28246400,0.0,0.0,yfinance_raw_daily
2019-04-02,3910.0,3950.0,3910.0,3930.0,2553.64697265625,35443400,0.0,0.0,yfinance_raw_daily
2019-04-03,3930.0,3930.0,3930.0,3930.0,2553.64697265625,0,0.0,0.0,yfinance_raw_daily
2019-04-04,3980.0,4040.0,3950.0,4030.0,2618.625244140625,96122100,0.0,0.0,yfinance_raw_daily
2019-04-05,4020.0,4090.0,4000.0,4060.0,2638.11865234375,66832600,0.0,0.0,yfinance_raw_daily
2019-04-08,4020.0,4030.0,3940.0,3950.0,2566.642822265625,73208300,0.0,0.0,yfinance_raw_daily
2019-04-09,3980.0,4000.0,3910.0,3950.0,2566.642822265625,88580200,0.0,0.0,yfinance_raw_daily
2019-04-10,3920.0,3950.0,3890.0,3930.0,2553.64697265625,52555500,0.0,0.0,yfinance_raw_daily
2019-04-11,3900.0,3930.0,3880.0,3890.0,2527.656005859375,51480700,0.0,0.0,yfinance_raw_daily
2019-04-12,3820.0,3870.0,3810.0,3830.0,2488.668701171875,45324300,0.0,0.0,yfinance_raw_daily
2019-04-15,3860.0,3860.0,3810.0,3830.0,2488.668701171875,44510600,0.0,0.0,yfinance_raw_daily
2019-04-16,3830.0,3880.0,3830.0,3870.0,2514.66015625,62572100,0.0,0.0,yfinance_raw_daily
2019-04-17,3870.0,3870.0,3870.0,3870.0,2514.66015625,0,0.0,0.0,yfinance_raw_daily
2019-04-18,3920.0,3950.0,3840.0,3860.0,2508.16259765625,119263400,0.0,0.0,yfinance_raw_daily
2019-04-19,3860.0,3860.0,3860.0,3860.0,2508.16259765625,0,0.0,0.0,yfinance_raw_daily
2019-04-22,3860.0,3860.0,3780.0,3780.0,2456.1796875,48671200,0.0,0.0,yfinance_raw_daily
2019-04-23,3780.0,3870.0,3730.0,3850.0,2501.66455078125,86443700,0.0,0.0,yfinance_raw_daily
2019-04-24,3850.0,3860.0,3780.0,3840.0,2495.166748046875,76660900,0.0,0.0,yfinance_raw_daily
2019-04-25,3800.0,3840.0,3790.0,3830.0,2488.668701171875,52775100,0.0,0.0,yfinance_raw_daily
2019-04-26,3800.0,3910.0,3800.0,3910.0,2540.6513671875,66452700,0.0,0.0,yfinance_raw_daily
2019-04-29,3850.0,3900.0,3850.0,3860.0,2508.16259765625,50143700,0.0,0.0,yfinance_raw_daily
2019-04-30,3890.0,3890.0,3750.0,3790.0,2462.677490234375,132318200,0.0,0.0,yfinance_raw_daily
2019-05-01,3790.0,3790.0,3790.0,3790.0,2462.677490234375,0,0.0,0.0,yfinance_raw_daily
2019-05-02,3760.0,3880.0,3760.0,3830.0,2488.668701171875,136768800,0.0,0.0,yfinance_raw_daily
2019-05-03,3800.0,3830.0,3760.0,3820.0,2482.1708984375,101522800,0.0,0.0,yfinance_raw_daily
2019-05-06,3760.0,3840.0,3720.0,3840.0,2495.166748046875,107167400,0.0,0.0,yfinance_raw_daily
2019-05-07,3870.0,3910.0,3840.0,3900.0,2534.15380859375,74814500,0.0,0.0,yfinance_raw_daily
2019-05-08,3890.0,3920.0,3870.0,3900.0,2534.15380859375,77743400,0.0,0.0,yfinance_raw_daily
2019-05-09,3860.0,3900.0,3800.0,3800.0,2469.175537109375,74716500,0.0,0.0,yfinance_raw_daily
2019-05-10,3800.0,3840.0,3790.0,3790.0,2462.677490234375,66672500,0.0,0.0,yfinance_raw_daily
2019-05-13,3820.0,3840.0,3760.0,3770.0,2449.68212890625,47605100,0.0,0.0,yfinance_raw_daily
2019-05-14,3730.0,3800.0,3720.0,3760.0,2443.183837890625,77483200,0.0,0.0,yfinance_raw_daily
2019-05-15,3770.0,3790.0,3660.0,3660.0,2378.20556640625,57596600,0.0,0.0,yfinance_raw_daily
2019-05-16,3660.0,3720.0,3530.0,3600.0,2339.21875,107366200,0.0,0.0,yfinance_raw_daily
2019-05-17,3610.0,3620.0,3500.0,3510.0,2280.738037109375,94437400,0.0,0.0,yfinance_raw_daily
2019-05-20,3520.0,3620.0,3480.0,3600.0,2339.21875,82354400,0.0,0.0,yfinance_raw_daily
2019-05-21,3600.0,3630.0,3550.0,3600.0,2339.21875,106104000,0.0,0.0,yfinance_raw_daily
2019-05-22,3590.0,3600.0,3540.0,3540.0,2300.231689453125,63687000,0.0,0.0,yfinance_raw_daily
2019-05-23,3540.0,3690.0,3540.0,3660.0,2378.20556640625,113281100,0.0,0.0,yfinance_raw_daily
2019-05-24,3700.0,3780.0,3690.0,3750.0,2436.6865234375,87594500,0.0,0.0,yfinance_raw_daily
2019-05-27,3760.0,3830.0,3750.0,3820.0,2482.1708984375,87146600,0.0,0.0,yfinance_raw_daily
2019-05-28,3800.0,3820.0,3690.0,3690.0,2397.69921875,322246900,0.0,0.0,yfinance_raw_daily
2019-05-29,3750.0,3830.0,3730.0,3780.0,2456.1796875,122534500,0.0,0.0,yfinance_raw_daily
2019-05-30,3780.0,3780.0,3780.0,3780.0,2456.1796875,0,0.0,0.0,yfinance_raw_daily
2019-05-31,3780.0,3930.0,3780.0,3900.0,2534.15380859375,194331700,0.0,0.0,yfinance_raw_daily
2019-06-03,3900.0,3900.0,3900.0,3900.0,2534.15380859375,0,0.0,0.0,yfinance_raw_daily
2019-06-04,3900.0,3900.0,3900.0,3900.0,2534.15380859375,0,0.0,0.0,yfinance_raw_daily
2019-06-05,3900.0,3900.0,3900.0,3900.0,2534.15380859375,0,0.0,0.0,yfinance_raw_daily
2019-06-06,3900.0,3900.0,3900.0,3900.0,2534.15380859375,0,0.0,0.0,yfinance_raw_daily
2019-06-07,3900.0,3900.0,3900.0,3900.0,2534.15380859375,0,0.0,0.0,yfinance_raw_daily
2019-06-10,4000.0,4060.0,3970.0,4040.0,2625.123046875,222522800,0.0,0.0,yfinance_raw_daily
2019-06-11,4010.0,4060.0,4000.0,4020.0,2612.127685546875,88861700,0.0,0.0,yfinance_raw_daily
2019-06-12,3880.0,3950.0,3840.0,3940.0,2668.90771484375,134724400,163.8225,0.0,yfinance_raw_daily
2019-06-13,3940.0,3990.0,3900.0,3990.0,2702.77734375,115734700,0.0,0.0,yfinance_raw_daily
2019-06-14,4020.0,4050.0,3970.0,3990.0,2702.77734375,92466800,0.0,0.0,yfinance_raw_daily
2019-06-17,3950.0,3970.0,3900.0,3900.0,2641.8125,60851700,0.0,0.0,yfinance_raw_daily
2019-06-18,3890.0,3990.0,3890.0,3980.0,2696.003173828125,66112800,0.0,0.0,yfinance_raw_daily
2019-06-20,4110.0,4110.0,4020.0,4040.0,2736.646484375,57673700,0.0,0.0,yfinance_raw_daily
2019-06-21,4010.0,4040.0,3950.0,4040.0,2736.646484375,154049700,0.0,0.0,yfinance_raw_daily
2019-06-24,4050.0,4050.0,3970.0,3980.0,2696.003173828125,50525100,0.0,0.0,yfinance_raw_daily
2019-06-25,4040.0,4040.0,4000.0,4010.0,2716.3251953125,42601100,0.0,0.0,yfinance_raw_daily
2019-06-26,4020.0,4050.0,3980.0,3980.0,2696.003173828125,56092200,0.0,0.0,yfinance_raw_daily
2019-06-27,4010.0,4120.0,4000.0,4090.0,2770.5166015625,94221200,0.0,0.0,yfinance_raw_daily
2019-06-28,4100.0,4200.0,4090.0,4140.0,2804.385498046875,130153100,0.0,0.0,yfinance_raw_daily
2019-07-01,4200.0,4240.0,4170.0,4220.0,2858.576416015625,79382300,0.0,0.0,yfinance_raw_daily
2019-07-02,4240.0,4250.0,4180.0,4250.0,2878.898193359375,87999800,0.0,0.0,yfinance_raw_daily
2019-07-03,4160.0,4240.0,4160.0,4240.0,2872.1240234375,63296200,0.0,0.0,yfinance_raw_daily
2019-07-04,4190.0,4260.0,4190.0,4250.0,2878.898193359375,38459300,0.0,0.0,yfinance_raw_daily
2019-07-05,4260.0,4280.0,4240.0,4280.0,2899.219970703125,50332800,0.0,0.0,yfinance_raw_daily
2019-07-08,4230.0,4290.0,4210.0,4270.0,2892.44580078125,57903400,0.0,0.0,yfinance_raw_daily
2019-07-09,4300.0,4370.0,4270.0,4350.0,2946.636962890625,124822400,0.0,0.0,yfinance_raw_daily
2019-07-10,4310.0,4320.0,4260.0,4290.0,2905.993408203125,62529900,0.0,0.0,yfinance_raw_daily
2019-07-11,4250.0,4280.0,4240.0,4270.0,2892.44580078125,25645900,0.0,0.0,yfinance_raw_daily
2019-07-12,4240.0,4250.0,4170.0,4180.0,2831.48095703125,57088600,0.0,0.0,yfinance_raw_daily
2019-07-15,4250.0,4290.0,4230.0,4280.0,2899.219970703125,66960500,0.0,0.0,yfinance_raw_daily
2019-07-16,4240.0,4280.0,4210.0,4240.0,2872.1240234375,45461500,0.0,0.0,yfinance_raw_daily
2019-07-17,4250.0,4260.0,4220.0,4230.0,2865.350341796875,32069800,0.0,0.0,yfinance_raw_daily
2019-07-18,4220.0,4250.0,4210.0,4240.0,2872.1240234375,45408100,0.0,0.0,yfinance_raw_daily
2019-07-19,4260.0,4280.0,4250.0,4270.0,2892.44580078125,60692800,0.0,0.0,yfinance_raw_daily
2019-07-22,4250.0,4270.0,4230.0,4260.0,2885.671875,37513700,0.0,0.0,yfinance_raw_daily
2019-07-23,4260.0,4270.0,4200.0,4250.0,2878.898193359375,62628100,0.0,0.0,yfinance_raw_daily
2019-07-24,4230.0,4240.0,4160.0,4190.0,2838.2548828125,73904300,0.0,0.0,yfinance_raw_daily
2019-07-25,4160.0,4240.0,4160.0,4210.0,2851.802734375,49276300,0.0,0.0,yfinance_raw_daily
2019-07-26,4160.0,4210.0,4110.0,4160.0,2817.93310546875,70952400,0.0,0.0,yfinance_raw_daily
2019-07-29,4150.0,4240.0,4140.0,4200.0,2845.02880859375,54336900,0.0,0.0,yfinance_raw_daily
2019-07-30,4280.0,4300.0,4260.0,4270.0,2892.44580078125,88417200,0.0,0.0,yfinance_raw_daily
2019-07-31,4240.0,4300.0,4210.0,4300.0,2912.767333984375,175741000,0.0,0.0,yfinance_raw_daily
2019-08-01,4300.0,4300.0,4260.0,4280.0,2899.219970703125,94856600,0.0,0.0,yfinance_raw_daily
2019-08-02,4280.0,4300.0,4250.0,4280.0,2899.219970703125,82253800,0.0,0.0,yfinance_raw_daily
2019-08-05,4200.0,4220.0,4060.0,4080.0,2763.742431640625,112253200,0.0,0.0,yfinance_raw_daily
2019-08-06,4060.0,4190.0,4050.0,4130.0,2797.61181640625,108890100,0.0,0.0,yfinance_raw_daily
2019-08-07,4230.0,4270.0,4170.0,4210.0,2851.802734375,104785500,0.0,0.0,yfinance_raw_daily
2019-08-08,4270.0,4290.0,4240.0,4260.0,2885.671875,95204000,0.0,0.0,yfinance_raw_daily
2019-08-09,4300.0,4300.0,4240.0,4260.0,2885.671875,89600500,0.0,0.0,yfinance_raw_daily
2019-08-12,4300.0,4320.0,4230.0,4260.0,2885.671875,41817800,0.0,0.0,yfinance_raw_daily
2019-08-13,4290.0,4290.0,4230.0,4250.0,2878.898193359375,98757900,0.0,0.0,yfinance_raw_daily
2019-08-14,4300.0,4300.0,4270.0,4290.0,2905.993408203125,84928200,0.0,0.0,yfinance_raw_daily
2019-08-15,4200.0,4290.0,4200.0,4290.0,2905.993408203125,97255500,0.0,0.0,yfinance_raw_daily
2019-08-16,4300.0,4310.0,4220.0,4280.0,2899.219970703125,51853900,0.0,0.0,yfinance_raw_daily
2019-08-19,4340.0,4340.0,4290.0,4340.0,2939.863037109375,86011300,0.0,0.0,yfinance_raw_daily
2019-08-20,4350.0,4470.0,4340.0,4470.0,3027.923583984375,143171600,0.0,0.0,yfinance_raw_daily
2019-08-21,4460.0,4500.0,4390.0,4410.0,2987.2802734375,99649300,0.0,0.0,yfinance_raw_daily
2019-08-22,4380.0,4450.0,4320.0,4450.0,3014.37548828125,110968600,0.0,0.0,yfinance_raw_daily
2019-08-23,4390.0,4450.0,4340.0,4380.0,2966.958984375,83823900,0.0,0.0,yfinance_raw_daily
2019-08-26,4280.0,4360.0,4280.0,4330.0,2933.089111328125,77603200,0.0,0.0,yfinance_raw_daily
2019-08-27,4390.0,4410.0,4320.0,4380.0,2966.958984375,168209400,0.0,0.0,yfinance_raw_daily
2019-08-28,4430.0,4430.0,4350.0,4370.0,2960.18505859375,68091100,0.0,0.0,yfinance_raw_daily
2019-08-29,4370.0,4440.0,4370.0,4380.0,2966.958984375,65718900,0.0,0.0,yfinance_raw_daily
2019-08-30,4430.0,4450.0,4420.0,4450.0,3014.37548828125,95138200,0.0,0.0,yfinance_raw_daily
2019-09-02,4440.0,4450.0,4400.0,4410.0,2987.2802734375,27531000,0.0,0.0,yfinance_raw_daily
2019-09-03,4440.0,4440.0,4330.0,4350.0,2946.636962890625,66884700,0.0,0.0,yfinance_raw_daily
2019-09-04,4310.0,4350.0,4280.0,4290.0,2905.993408203125,78905600,0.0,0.0,yfinance_raw_daily
2019-09-05,4290.0,4360.0,4290.0,4320.0,2926.315185546875,97098300,0.0,0.0,yfinance_raw_daily
2019-09-06,4360.0,4360.0,4210.0,4210.0,2851.802734375,117223300,0.0,0.0,yfinance_raw_daily
2019-09-09,4280.0,4300.0,4240.0,4270.0,2892.44580078125,47057300,0.0,0.0,yfinance_raw_daily
2019-09-10,4300.0,4300.0,4250.0,4270.0,2892.44580078125,80403000,0.0,0.0,yfinance_raw_daily
2019-09-11,4300.0,4300.0,4210.0,4250.0,2878.898193359375,90211600,0.0,0.0,yfinance_raw_daily
2019-09-12,4220.0,4230.0,4160.0,4170.0,2824.707275390625,70382200,0.0,0.0,yfinance_raw_daily
2019-09-13,4230.0,4230.0,4160.0,4160.0,2817.93310546875,64074800,0.0,0.0,yfinance_raw_daily
2019-09-16,4160.0,4260.0,4160.0,4220.0,2858.576416015625,85284700,0.0,0.0,yfinance_raw_daily
2019-09-17,4240.0,4280.0,4220.0,4270.0,2892.44580078125,86432000,0.0,0.0,yfinance_raw_daily
2019-09-18,4250.0,4280.0,4230.0,4250.0,2878.898193359375,72359600,0.0,0.0,yfinance_raw_daily
2019-09-19,4260.0,4260.0,4190.0,4210.0,2851.802734375,58720600,0.0,0.0,yfinance_raw_daily
2019-09-20,4250.0,4300.0,4230.0,4290.0,2905.993408203125,132359100,0.0,0.0,yfinance_raw_daily
2019-09-23,4290.0,4300.0,4230.0,4250.0,2878.898193359375,70483600,0.0,0.0,yfinance_raw_daily
2019-09-24,4210.0,4240.0,4150.0,4210.0,2851.802734375,88979100,0.0,0.0,yfinance_raw_daily
2019-09-25,4220.0,4250.0,4180.0,4220.0,2858.576416015625,84582300,0.0,0.0,yfinance_raw_daily
2019-09-26,4220.0,4370.0,4200.0,4360.0,2953.410888671875,79324000,0.0,0.0,yfinance_raw_daily
2019-09-27,4310.0,4350.0,4300.0,4310.0,2919.541015625,52305800,0.0,0.0,yfinance_raw_daily
2019-09-30,4270.0,4330.0,4270.0,4310.0,2919.541015625,111879100,0.0,0.0,yfinance_raw_daily
2019-10-01,4400.0,4400.0,4220.0,4250.0,2878.898193359375,60332400,0.0,0.0,yfinance_raw_daily
2019-10-02,4260.0,4300.0,4190.0,4200.0,2845.02880859375,51606300,0.0,0.0,yfinance_raw_daily
2019-10-03,4190.0,4250.0,4160.0,4200.0,2845.02880859375,56433000,0.0,0.0,yfinance_raw_daily
2019-10-04,4250.0,4250.0,4180.0,4190.0,2838.2548828125,34082000,0.0,0.0,yfinance_raw_daily
2019-10-07,4240.0,4240.0,4090.0,4110.0,2784.064208984375,42996900,0.0,0.0,yfinance_raw_daily
2019-10-08,4170.0,4170.0,4060.0,4090.0,2770.5166015625,74448900,0.0,0.0,yfinance_raw_daily
2019-10-09,4090.0,4170.0,4080.0,4120.0,2790.837646484375,59314500,0.0,0.0,yfinance_raw_daily
2019-10-10,4060.0,4120.0,4060.0,4110.0,2784.064208984375,34345600,0.0,0.0,yfinance_raw_daily
2019-10-11,4100.0,4170.0,4100.0,4170.0,2824.707275390625,42198800,0.0,0.0,yfinance_raw_daily
2019-10-14,4200.0,4210.0,4150.0,4190.0,2838.2548828125,52681800,0.0,0.0,yfinance_raw_daily
2019-10-15,4190.0,4190.0,4150.0,4170.0,2824.707275390625,64670200,0.0,0.0,yfinance_raw_daily
2019-10-16,4170.0,4190.0,4140.0,4170.0,2824.707275390625,70555700,0.0,0.0,yfinance_raw_daily
2019-10-17,4160.0,4180.0,4140.0,4170.0,2824.707275390625,50695300,0.0,0.0,yfinance_raw_daily
2019-10-18,4170.0,4190.0,4160.0,4190.0,2838.2548828125,169540200,0.0,0.0,yfinance_raw_daily
2019-10-21,4200.0,4250.0,4190.0,4200.0,2845.02880859375,63797000,0.0,0.0,yfinance_raw_daily
2019-10-22,4200.0,4250.0,4200.0,4230.0,2865.350341796875,56711100,0.0,0.0,yfinance_raw_daily
2019-10-23,4210.0,4270.0,4210.0,4260.0,2885.671875,97971900,0.0,0.0,yfinance_raw_daily
2019-10-24,4300.0,4350.0,4250.0,4350.0,2946.636962890625,99213400,0.0,0.0,yfinance_raw_daily
2019-10-25,4320.0,4360.0,4270.0,4280.0,2899.219970703125,67661500,0.0,0.0,yfinance_raw_daily
2019-10-28,4280.0,4280.0,4220.0,4260.0,2885.671875,30710600,0.0,0.0,yfinance_raw_daily
2019-10-29,4230.0,4330.0,4220.0,4330.0,2933.089111328125,68715000,0.0,0.0,yfinance_raw_daily
2019-10-30,4290.0,4350.0,4210.0,4270.0,2892.44580078125,89575600,0.0,0.0,yfinance_raw_daily
2019-10-31,4220.0,4240.0,4080.0,4110.0,2784.064208984375,185713300,0.0,0.0,yfinance_raw_daily
2019-11-01,4090.0,4150.0,4060.0,4080.0,2763.742431640625,107208500,0.0,0.0,yfinance_raw_daily
2019-11-04,4080.0,4160.0,4080.0,4150.0,2811.1591796875,65897700,0.0,0.0,yfinance_raw_daily
2019-11-05,4170.0,4200.0,4130.0,4200.0,2845.02880859375,109276000,0.0,0.0,yfinance_raw_daily
2019-11-06,4180.0,4190.0,4110.0,4120.0,2790.837646484375,134618700,0.0,0.0,yfinance_raw_daily
2019-11-07,4150.0,4150.0,3990.0,4070.0,2756.968505859375,125291200,0.0,0.0,yfinance_raw_daily
2019-11-08,4010.0,4120.0,3990.0,4110.0,2784.064208984375,70404800,0.0,0.0,yfinance_raw_daily
2019-11-11,4040.0,4120.0,4040.0,4100.0,2777.2900390625,57079800,0.0,0.0,yfinance_raw_daily
2019-11-12,4050.0,4190.0,4050.0,4180.0,2831.48095703125,88251100,0.0,0.0,yfinance_raw_daily
2019-11-13,4130.0,4170.0,4100.0,4150.0,2811.1591796875,91925700,0.0,0.0,yfinance_raw_daily
2019-11-14,4110.0,4130.0,4010.0,4050.0,2743.420654296875,123468500,0.0,0.0,yfinance_raw_daily
2019-11-15,4080.0,4090.0,4030.0,4080.0,2763.742431640625,50780500,0.0,0.0,yfinance_raw_daily
2019-11-18,4040.0,4060.0,3990.0,4000.0,2709.55078125,104978700,0.0,0.0,yfinance_raw_daily
2019-11-19,4000.0,4020.0,3970.0,4020.0,2723.098876953125,113996600,0.0,0.0,yfinance_raw_daily
2019-11-20,4000.0,4090.0,4000.0,4090.0,2770.5166015625,149185500,0.0,0.0,yfinance_raw_daily
2019-11-21,4050.0,4090.0,4020.0,4020.0,2723.098876953125,64005900,0.0,0.0,yfinance_raw_daily
2019-11-22,4030.0,4050.0,4000.0,4050.0,2743.420654296875,76569400,0.0,0.0,yfinance_raw_daily
2019-11-25,4070.0,4070.0,3940.0,3950.0,2675.681640625,107581200,0.0,0.0,yfinance_raw_daily
2019-11-26,3950.0,3960.0,3860.0,3860.0,2614.717041015625,281002600,0.0,0.0,yfinance_raw_daily
2019-11-27,3870.0,3930.0,3800.0,3880.0,2628.264404296875,97511300,0.0,0.0,yfinance_raw_daily
2019-11-28,3830.0,3900.0,3800.0,3820.0,2587.62158203125,70635000,0.0,0.0,yfinance_raw_daily
2019-11-29,3860.0,3950.0,3840.0,3930.0,2662.134033203125,72146900,0.0,0.0,yfinance_raw_daily
2019-12-02,3960.0,3960.0,3930.0,3950.0,2675.681640625,74263500,0.0,0.0,yfinance_raw_daily
2019-12-03,3920.0,3940.0,3910.0,3920.0,2655.360107421875,74494000,0.0,0.0,yfinance_raw_daily
2019-12-04,3920.0,3990.0,3900.0,3990.0,2702.77734375,64948300,0.0,0.0,yfinance_raw_daily
2019-12-05,3990.0,4080.0,3990.0,4060.0,2750.1943359375,118494800,0.0,0.0,yfinance_raw_daily
2019-12-06,4040.0,4100.0,4020.0,4100.0,2777.2900390625,50682100,0.0,0.0,yfinance_raw_daily
2019-12-09,4080.0,4110.0,4050.0,4070.0,2756.968505859375,80864200,0.0,0.0,yfinance_raw_daily
2019-12-10,4050.0,4070.0,4010.0,4040.0,2736.646484375,54824900,0.0,0.0,yfinance_raw_daily
2019-12-11,4010.0,4050.0,4000.0,4050.0,2743.420654296875,79749500,0.0,0.0,yfinance_raw_daily
2019-12-12,4040.0,4050.0,3950.0,3950.0,2675.681640625,147627000,0.0,0.0,yfinance_raw_daily
2019-12-13,4000.0,4020.0,3960.0,3990.0,2702.77734375,81937300,0.0,0.0,yfinance_raw_daily
2019-12-16,3970.0,4020.0,3960.0,3970.0,2689.229736328125,86479200,0.0,0.0,yfinance_raw_daily
2019-12-17,3970.0,3990.0,3950.0,3980.0,2696.003173828125,91747200,0.0,0.0,yfinance_raw_daily
2019-12-18,3960.0,4000.0,3950.0,3990.0,2702.77734375,101569300,0.0,0.0,yfinance_raw_daily
2019-12-19,3970.0,3980.0,3900.0,3900.0,2641.8125,127316000,0.0,0.0,yfinance_raw_daily
2019-12-20,3900.0,4020.0,3900.0,4020.0,2723.098876953125,152132200,0.0,0.0,yfinance_raw_daily
2019-12-23,4020.0,4030.0,3980.0,4020.0,2723.098876953125,58715700,0.0,0.0,yfinance_raw_daily
2019-12-26,4020.0,4020.0,3980.0,4000.0,2709.55078125,36935300,0.0,0.0,yfinance_raw_daily
2019-12-27,3990.0,4010.0,3980.0,3990.0,2702.77734375,52812000,0.0,0.0,yfinance_raw_daily
2019-12-30,3980.0,4030.0,3970.0,3970.0,2689.229736328125,67738300,0.0,0.0,yfinance_raw_daily
2020-01-02,3970.0,4000.0,3900.0,3910.0,2648.586181640625,52094000,0.0,0.0,yfinance_raw_daily
2020-01-03,3960.0,3980.0,3930.0,3980.0,2696.003173828125,70032900,0.0,0.0,yfinance_raw_daily
2020-01-06,3930.0,3970.0,3930.0,3960.0,2682.45556640625,42908900,0.0,0.0,yfinance_raw_daily
2020-01-07,3930.0,3970.0,3920.0,3940.0,2668.90771484375,51837600,0.0,0.0,yfinance_raw_daily
2020-01-08,3920.0,3950.0,3900.0,3900.0,2641.8125,52402600,0.0,0.0,yfinance_raw_daily
2020-01-09,3920.0,3970.0,3920.0,3960.0,2682.45556640625,37580300,0.0,0.0,yfinance_raw_daily
2020-01-10,3980.0,3990.0,3950.0,3980.0,2696.003173828125,48099000,0.0,0.0,yfinance_raw_daily
2020-01-13,4000.0,4030.0,3990.0,4030.0,2729.872802734375,61913800,0.0,0.0,yfinance_raw_daily
2020-01-14,3980.0,4000.0,3940.0,3950.0,2675.681640625,95058600,0.0,0.0,yfinance_raw_daily
2020-01-15,3960.0,3960.0,3870.0,3880.0,2628.264404296875,147583300,0.0,0.0,yfinance_raw_daily
2020-01-16,3890.0,3890.0,3830.0,3850.0,2607.943115234375,118903100,0.0,0.0,yfinance_raw_daily
2020-01-17,3860.0,3870.0,3800.0,3810.0,2580.84765625,119904100,0.0,0.0,yfinance_raw_daily
2020-01-20,3820.0,3840.0,3800.0,3810.0,2580.84765625,73599200,0.0,0.0,yfinance_raw_daily
2020-01-21,3810.0,3900.0,3810.0,3890.0,2635.03857421875,78014400,0.0,0.0,yfinance_raw_daily
2020-01-22,3890.0,3890.0,3850.0,3860.0,2614.717041015625,45839800,0.0,0.0,yfinance_raw_daily
2020-01-23,3860.0,3880.0,3830.0,3880.0,2628.264404296875,41077400,0.0,0.0,yfinance_raw_daily
2020-01-24,3880.0,3930.0,3860.0,3920.0,2655.360107421875,58524000,0.0,0.0,yfinance_raw_daily
2020-01-27,3920.0,3920.0,3830.0,3840.0,2601.16943359375,33081800,0.0,0.0,yfinance_raw_daily
2020-01-28,3810.0,3840.0,3800.0,3830.0,2594.395263671875,56210000,0.0,0.0,yfinance_raw_daily
2020-01-29,3840.0,3900.0,3840.0,3900.0,2641.8125,51929800,0.0,0.0,yfinance_raw_daily
2020-01-30,3910.0,3910.0,3850.0,3860.0,2614.717041015625,60391600,0.0,0.0,yfinance_raw_daily
2020-01-31,3890.0,3890.0,3780.0,3800.0,2574.073974609375,120447900,0.0,0.0,yfinance_raw_daily
2020-02-03,3800.0,3820.0,3730.0,3740.0,2533.430419921875,68360600,0.0,0.0,yfinance_raw_daily
2020-02-04,3810.0,3810.0,3730.0,3760.0,2546.97802734375,77259600,0.0,0.0,yfinance_raw_daily
2020-02-05,3760.0,3780.0,3720.0,3770.0,2553.751953125,68150800,0.0,0.0,yfinance_raw_daily
2020-02-06,3800.0,3800.0,3750.0,3760.0,2546.97802734375,56261500,0.0,0.0,yfinance_raw_daily
2020-02-07,3780.0,3820.0,3760.0,3790.0,2567.2998046875,53578900,0.0,0.0,yfinance_raw_daily
2020-02-10,3800.0,3850.0,3780.0,3810.0,2580.84765625,86588500,0.0,0.0,yfinance_raw_daily
2020-02-11,3810.0,3830.0,3780.0,3790.0,2567.2998046875,50248200,0.0,0.0,yfinance_raw_daily
2020-02-12,3800.0,3850.0,3780.0,3820.0,2587.62158203125,73840300,0.0,0.0,yfinance_raw_daily
2020-02-13,3820.0,3830.0,3710.0,3730.0,2526.656494140625,66699800,0.0,0.0,yfinance_raw_daily
2020-02-14,3680.0,3730.0,3640.0,3640.0,2465.69140625,108793300,0.0,0.0,yfinance_raw_daily
2020-02-17,3630.0,3660.0,3590.0,3610.0,2445.369873046875,94887800,0.0,0.0,yfinance_raw_daily
2020-02-18,3590.0,3660.0,3590.0,3620.0,2452.143798828125,94382900,0.0,0.0,yfinance_raw_daily
2020-02-19,3620.0,3640.0,3590.0,3620.0,2452.143798828125,63717800,0.0,0.0,yfinance_raw_daily
2020-02-20,3620.0,3650.0,3600.0,3630.0,2458.917724609375,53035400,0.0,0.0,yfinance_raw_daily
2020-02-21,3650.0,3710.0,3640.0,3690.0,2499.560791015625,86862600,0.0,0.0,yfinance_raw_daily
2020-02-24,3670.0,3720.0,3630.0,3640.0,2465.69140625,72610600,0.0,0.0,yfinance_raw_daily
2020-02-25,3600.0,3670.0,3590.0,3590.0,2431.822265625,73990700,0.0,0.0,yfinance_raw_daily
2020-02-26,3530.0,3550.0,3450.0,3510.0,2377.631591796875,133449900,0.0,0.0,yfinance_raw_daily
2020-02-27,3510.0,3550.0,3420.0,3470.0,2350.535888671875,88389400,0.0,0.0,yfinance_raw_daily
2020-02-28,3390.0,3490.0,3340.0,3490.0,2364.08349609375,151751800,0.0,0.0,yfinance_raw_daily
2020-03-02,3470.0,3550.0,3440.0,3440.0,2330.2138671875,96802900,0.0,0.0,yfinance_raw_daily
2020-03-03,3510.0,3660.0,3470.0,3620.0,2452.143798828125,114698200,0.0,0.0,yfinance_raw_daily
2020-03-04,3640.0,3840.0,3630.0,3830.0,2594.395263671875,136081000,0.0,0.0,yfinance_raw_daily
2020-03-05,3820.0,3880.0,3760.0,3830.0,2594.395263671875,101235000,0.0,0.0,yfinance_raw_daily
2020-03-06,3730.0,3790.0,3710.0,3750.0,2540.204345703125,86476000,0.0,0.0,yfinance_raw_daily
2020-03-09,3560.0,3620.0,3500.0,3500.0,2370.857421875,109347300,0.0,0.0,yfinance_raw_daily
2020-03-10,3480.0,3620.0,3480.0,3490.0,2364.08349609375,119718000,0.0,0.0,yfinance_raw_daily
2020-03-11,3470.0,3480.0,3370.0,3400.0,2303.118408203125,115486900,0.0,0.0,yfinance_raw_daily
2020-03-12,3300.0,3440.0,3270.0,3310.0,2242.153564453125,84363800,0.0,0.0,yfinance_raw_daily
2020-03-13,3310.0,3310.0,3310.0,3310.0,2242.153564453125,0,0.0,0.0,yfinance_raw_daily
2020-03-16,3300.0,3300.0,3160.0,3160.0,2140.54541015625,115972300,0.0,0.0,yfinance_raw_daily
2020-03-17,3160.0,3160.0,2940.0,2940.0,1991.5201416015625,150122700,0.0,0.0,yfinance_raw_daily
2020-03-18,3010.0,3080.0,2740.0,2810.0,1903.459716796875,150147300,0.0,0.0,yfinance_raw_daily
2020-03-19,2810.0,2810.0,2620.0,2620.0,1774.756103515625,138987300,0.0,0.0,yfinance_raw_daily
2020-03-20,2660.0,2990.0,2450.0,2880.0,1950.876708984375,267694700,0.0,0.0,yfinance_raw_daily
2020-03-23,2880.0,2880.0,2680.0,2680.0,1815.3994140625,86157200,0.0,0.0,yfinance_raw_daily
2020-03-24,2700.0,2880.0,2570.0,2620.0,1774.756103515625,243778900,0.0,0.0,yfinance_raw_daily
2020-03-26,2550.0,3080.0,2550.0,2980.0,2018.6156005859375,267369500,0.0,0.0,yfinance_raw_daily
2020-03-27,3050.0,3270.0,3050.0,3090.0,2093.128173828125,200952500,0.0,0.0,yfinance_raw_daily
2020-03-30,3060.0,3180.0,2880.0,3140.0,2126.997802734375,134474300,0.0,0.0,yfinance_raw_daily
2020-03-31,3180.0,3300.0,3120.0,3160.0,2140.54541015625,151302900,0.0,0.0,yfinance_raw_daily
2020-04-01,3180.0,3200.0,3040.0,3100.0,2099.902099609375,104550600,0.0,0.0,yfinance_raw_daily
2020-04-02,3100.0,3130.0,3020.0,3130.0,2120.2236328125,92893600,0.0,0.0,yfinance_raw_daily
2020-04-03,3150.0,3220.0,3120.0,3200.0,2167.640869140625,83469200,0.0,0.0,yfinance_raw_daily
2020-04-06,3280.0,3330.0,3180.0,3330.0,2255.701171875,115495000,0.0,0.0,yfinance_raw_daily
2020-04-07,3390.0,3500.0,3200.0,3220.0,2181.18896484375,166425600,0.0,0.0,yfinance_raw_daily
2020-04-08,3220.0,3220.0,3050.0,3110.0,2106.676025390625,124553900,0.0,0.0,yfinance_raw_daily
2020-04-09,3110.0,3180.0,3030.0,3120.0,2113.449951171875,122622400,0.0,0.0,yfinance_raw_daily
2020-04-13,3140.0,3230.0,3130.0,3180.0,2154.093505859375,45469500,0.0,0.0,yfinance_raw_daily
2020-04-14,3200.0,3250.0,3160.0,3240.0,2194.73681640625,79114600,0.0,0.0,yfinance_raw_daily
2020-04-15,3250.0,3300.0,3090.0,3110.0,2106.676025390625,69832000,0.0,0.0,yfinance_raw_daily
2020-04-16,3110.0,3110.0,3000.0,3000.0,2032.1634521484375,109582500,0.0,0.0,yfinance_raw_daily
2020-04-17,3050.0,3250.0,3050.0,3230.0,2187.962890625,127860400,0.0,0.0,yfinance_raw_daily
2020-04-20,3270.0,3270.0,3120.0,3120.0,2113.449951171875,77306900,0.0,0.0,yfinance_raw_daily
2020-04-21,3120.0,3130.0,3050.0,3070.0,2079.580322265625,43239400,0.0,0.0,yfinance_raw_daily
2020-04-22,3050.0,3270.0,3030.0,3160.0,2140.54541015625,126278300,0.0,0.0,yfinance_raw_daily
2020-04-23,3200.0,3240.0,3070.0,3070.0,2079.580322265625,117391500,0.0,0.0,yfinance_raw_daily
2020-04-24,3100.0,3160.0,3080.0,3090.0,2093.128173828125,84061400,0.0,0.0,yfinance_raw_daily
2020-04-27,3120.0,3200.0,3100.0,3150.0,2133.771484375,85475400,0.0,0.0,yfinance_raw_daily
2020-04-28,3170.0,3200.0,3140.0,3160.0,2140.54541015625,80212700,0.0,0.0,yfinance_raw_daily
2020-04-29,3200.0,3390.0,3100.0,3350.0,2269.249267578125,154902100,0.0,0.0,yfinance_raw_daily
2020-04-30,3400.0,3540.0,3350.0,3500.0,2370.857421875,163170100,0.0,0.0,yfinance_raw_daily
2020-05-04,3400.0,3400.0,3260.0,3320.0,2248.927490234375,108988600,0.0,0.0,yfinance_raw_daily
2020-05-05,3320.0,3390.0,3320.0,3320.0,2248.927490234375,74036700,0.0,0.0,yfinance_raw_daily
2020-05-06,3300.0,3340.0,3220.0,3240.0,2194.73681640625,86395000,0.0,0.0,yfinance_raw_daily
2020-05-08,3270.0,3290.0,3150.0,3190.0,2160.866943359375,143584400,0.0,0.0,yfinance_raw_daily
2020-05-11,3220.0,3250.0,3210.0,3220.0,2181.18896484375,58473100,0.0,0.0,yfinance_raw_daily
2020-05-12,3270.0,3270.0,3100.0,3150.0,2133.771484375,138978700,0.0,0.0,yfinance_raw_daily
2020-05-13,3150.0,3170.0,3080.0,3160.0,2140.54541015625,73238700,0.0,0.0,yfinance_raw_daily
2020-05-14,3110.0,3140.0,3060.0,3070.0,2079.580322265625,101581300,0.0,0.0,yfinance_raw_daily
2020-05-15,3100.0,3130.0,3020.0,3100.0,2099.902099609375,114753900,0.0,0.0,yfinance_raw_daily
2020-05-18,3100.0,3220.0,3100.0,3220.0,2181.18896484375,108828800,0.0,0.0,yfinance_raw_daily
2020-05-19,3250.0,3330.0,3250.0,3270.0,2215.058349609375,97387100,0.0,0.0,yfinance_raw_daily
2020-05-20,3200.0,3260.0,3180.0,3180.0,2154.093505859375,76086600,0.0,0.0,yfinance_raw_daily
2020-05-26,3150.0,3280.0,3130.0,3250.0,2201.510498046875,105792900,0.0,0.0,yfinance_raw_daily
2020-05-27,3250.0,3270.0,3150.0,3170.0,2147.319091796875,128693900,0.0,0.0,yfinance_raw_daily
2020-05-28,3180.0,3210.0,3130.0,3130.0,2120.2236328125,177385100,0.0,0.0,yfinance_raw_daily
2020-05-29,3100.0,3150.0,3080.0,3150.0,2133.771484375,276092100,0.0,0.0,yfinance_raw_daily
2020-06-02,3160.0,3270.0,3120.0,3250.0,2201.510498046875,174790600,0.0,0.0,yfinance_raw_daily
2020-06-03,3280.0,3320.0,3230.0,3290.0,2228.605712890625,216200900,0.0,0.0,yfinance_raw_daily
2020-06-04,3320.0,3390.0,3250.0,3300.0,2235.3798828125,167708600,0.0,0.0,yfinance_raw_daily
2020-06-05,3360.0,3360.0,3200.0,3230.0,2187.962890625,188420700,0.0,0.0,yfinance_raw_daily
2020-06-08,3250.0,3290.0,3220.0,3230.0,2187.962890625,221641600,0.0,0.0,yfinance_raw_daily
2020-06-09,3250.0,3270.0,3140.0,3140.0,2126.997802734375,171214500,0.0,0.0,yfinance_raw_daily
2020-06-10,3150.0,3190.0,3100.0,3110.0,2106.676025390625,263483700,0.0,0.0,yfinance_raw_daily
2020-06-11,3120.0,3150.0,3060.0,3080.0,2086.3544921875,175767800,0.0,0.0,yfinance_raw_daily
2020-06-12,3080.0,3080.0,2970.0,3030.0,2052.485107421875,260087300,0.0,0.0,yfinance_raw_daily
2020-06-15,3060.0,3150.0,3030.0,3090.0,2093.128173828125,241625700,0.0,0.0,yfinance_raw_daily
2020-06-16,3150.0,3220.0,3130.0,3200.0,2167.640869140625,194424800,0.0,0.0,yfinance_raw_daily
2020-06-17,3210.0,3230.0,3140.0,3210.0,2174.414794921875,177784900,0.0,0.0,yfinance_raw_daily
2020-06-18,3210.0,3350.0,3180.0,3280.0,2221.83203125,235586600,0.0,0.0,yfinance_raw_daily
2020-06-19,3300.0,3340.0,3250.0,3280.0,2221.83203125,227358800,0.0,0.0,yfinance_raw_daily
2020-06-22,3290.0,3300.0,3180.0,3200.0,2167.640869140625,159776500,0.0,0.0,yfinance_raw_daily
2020-06-23,3200.0,3200.0,3120.0,3130.0,2120.2236328125,167271000,0.0,0.0,yfinance_raw_daily
2020-06-24,3150.0,3230.0,3140.0,3180.0,2154.093505859375,170895600,0.0,0.0,yfinance_raw_daily
2020-06-25,3160.0,3220.0,3140.0,3160.0,2140.54541015625,100882600,0.0,0.0,yfinance_raw_daily
2020-06-26,3190.0,3220.0,3180.0,3190.0,2160.866943359375,100784500,0.0,0.0,yfinance_raw_daily
2020-06-29,3200.0,3250.0,3160.0,3180.0,2154.093505859375,156613200,0.0,0.0,yfinance_raw_daily
2020-06-30,3090.0,3100.0,3050.0,3050.0,2171.226806640625,258068400,154.0682,0.0,yfinance_raw_daily
2020-07-01,3070.0,3100.0,3010.0,3040.0,2164.10791015625,148037400,0.0,0.0,yfinance_raw_daily
2020-07-02,3040.0,3140.0,3040.0,3140.0,2235.2958984375,178357900,0.0,0.0,yfinance_raw_daily
2020-07-03,3150.0,3180.0,3110.0,3120.0,2221.05810546875,102033100,0.0,0.0,yfinance_raw_daily
2020-07-06,3130.0,3150.0,3040.0,3050.0,2171.226806640625,248572600,0.0,0.0,yfinance_raw_daily
2020-07-07,3060.0,3120.0,3050.0,3120.0,2221.05810546875,169104200,0.0,0.0,yfinance_raw_daily
2020-07-08,3130.0,3160.0,3110.0,3150.0,2242.41455078125,158166300,0.0,0.0,yfinance_raw_daily
2020-07-09,3170.0,3190.0,3110.0,3110.0,2213.939697265625,125940800,0.0,0.0,yfinance_raw_daily
2020-07-10,3110.0,3130.0,3100.0,3110.0,2213.939697265625,95422400,0.0,0.0,yfinance_raw_daily
2020-07-13,3120.0,3130.0,3080.0,3090.0,2199.701904296875,77733900,0.0,0.0,yfinance_raw_daily
2020-07-14,3100.0,3110.0,3070.0,3080.0,2192.583251953125,111442600,0.0,0.0,yfinance_raw_daily
2020-07-15,3120.0,3130.0,3080.0,3090.0,2199.701904296875,102304100,0.0,0.0,yfinance_raw_daily
2020-07-16,3090.0,3110.0,3080.0,3100.0,2206.82080078125,91951000,0.0,0.0,yfinance_raw_daily
2020-07-17,3100.0,3110.0,3060.0,3060.0,2178.345703125,112416300,0.0,0.0,yfinance_raw_daily
2020-07-20,3080.0,3080.0,3040.0,3060.0,2178.345703125,64735500,0.0,0.0,yfinance_raw_daily
2020-07-21,3050.0,3110.0,3050.0,3060.0,2178.345703125,101283800,0.0,0.0,yfinance_raw_daily
2020-07-22,3070.0,3090.0,3060.0,3070.0,2185.464599609375,69462100,0.0,0.0,yfinance_raw_daily
2020-07-23,3070.0,3090.0,3060.0,3070.0,2185.464599609375,70482100,0.0,0.0,yfinance_raw_daily
2020-07-24,3080.0,3080.0,3020.0,3020.0,2149.870361328125,137265100,0.0,0.0,yfinance_raw_daily
2020-07-27,3020.0,3050.0,3020.0,3040.0,2164.10791015625,58708800,0.0,0.0,yfinance_raw_daily
2020-07-28,3050.0,3050.0,3010.0,3020.0,2149.870361328125,102705300,0.0,0.0,yfinance_raw_daily
2020-07-29,3030.0,3050.0,3000.0,3000.0,2135.6328125,114352000,0.0,0.0,yfinance_raw_daily
2020-07-30,3040.0,3050.0,3000.0,3050.0,2171.226806640625,95785000,0.0,0.0,yfinance_raw_daily
2020-08-03,3060.0,3060.0,2850.0,2920.0,2078.6826171875,255659800,0.0,0.0,yfinance_raw_daily
2020-08-04,2970.0,2970.0,2920.0,2950.0,2100.0390625,96018000,0.0,0.0,yfinance_raw_daily
2020-08-05,2960.0,3040.0,2920.0,3020.0,2149.870361328125,120719100,0.0,0.0,yfinance_raw_daily
2020-08-06,3050.0,3050.0,3000.0,3020.0,2149.870361328125,71699000,0.0,0.0,yfinance_raw_daily
2020-08-07,3020.0,3030.0,2970.0,2980.0,2121.39501953125,78347200,0.0,0.0,yfinance_raw_daily
2020-08-10,3000.0,3020.0,2970.0,2970.0,2114.276611328125,65485400,0.0,0.0,yfinance_raw_daily
2020-08-11,2980.0,3000.0,2930.0,2930.0,2085.80126953125,175693000,0.0,0.0,yfinance_raw_daily
2020-08-12,2930.0,2960.0,2920.0,2950.0,2100.0390625,110934800,0.0,0.0,yfinance_raw_daily
2020-08-13,2950.0,3020.0,2950.0,3010.0,2142.751708984375,160906600,0.0,0.0,yfinance_raw_daily
2020-08-14,3020.0,3040.0,3000.0,3030.0,2156.9892578125,93007500,0.0,0.0,yfinance_raw_daily
2020-08-18,3030.0,3060.0,3000.0,3050.0,2171.226806640625,139358500,0.0,0.0,yfinance_raw_daily
2020-08-19,3050.0,3050.0,3000.0,3000.0,2135.6328125,103980600,0.0,0.0,yfinance_raw_daily
2020-08-24,3010.0,3020.0,2990.0,3000.0,2135.6328125,76713900,0.0,0.0,yfinance_raw_daily
2020-08-25,3010.0,3010.0,2980.0,2980.0,2121.39501953125,100013600,0.0,0.0,yfinance_raw_daily
2020-08-26,2980.0,3050.0,2980.0,3020.0,2149.870361328125,122465300,0.0,0.0,yfinance_raw_daily
2020-08-27,3020.0,3040.0,2970.0,2990.0,2128.51416015625,102787800,0.0,0.0,yfinance_raw_daily
2020-08-28,2990.0,2990.0,2940.0,2960.0,2107.15771484375,160569500,0.0,0.0,yfinance_raw_daily
2020-08-31,2960.0,2980.0,2860.0,2860.0,2035.9700927734375,204261100,0.0,0.0,yfinance_raw_daily
2020-09-01,2900.0,2910.0,2860.0,2900.0,2064.445068359375,90565400,0.0,0.0,yfinance_raw_daily
2020-09-02,2900.0,2970.0,2900.0,2950.0,2100.0390625,107589800,0.0,0.0,yfinance_raw_daily
2020-09-03,2950.0,2960.0,2880.0,2900.0,2064.445068359375,123106100,0.0,0.0,yfinance_raw_daily
2020-09-04,2850.0,2890.0,2840.0,2860.0,2035.9700927734375,143569100,0.0,0.0,yfinance_raw_daily
2020-09-07,2870.0,2910.0,2870.0,2900.0,2064.445068359375,62206600,0.0,0.0,yfinance_raw_daily
2020-09-08,2890.0,2900.0,2860.0,2860.0,2035.9700927734375,80068200,0.0,0.0,yfinance_raw_daily
2020-09-09,2850.0,2860.0,2800.0,2800.0,1993.257568359375,108397400,0.0,0.0,yfinance_raw_daily
2020-09-10,2800.0,2800.0,2620.0,2700.0,1922.0697021484375,287496300,0.0,0.0,yfinance_raw_daily
2020-09-11,2670.0,2840.0,2650.0,2810.0,2000.3763427734375,197756800,0.0,0.0,yfinance_raw_daily
2020-09-14,2830.0,2890.0,2820.0,2890.0,2057.326416015625,127562700,0.0,0.0,yfinance_raw_daily
2020-09-15,2890.0,2900.0,2810.0,2830.0,2014.613525390625,106215900,0.0,0.0,yfinance_raw_daily
2020-09-16,2810.0,2830.0,2770.0,2790.0,1986.138671875,68113400,0.0,0.0,yfinance_raw_daily
2020-09-17,2810.0,2850.0,2780.0,2820.0,2007.4949951171875,97257400,0.0,0.0,yfinance_raw_daily
2020-09-18,2850.0,2890.0,2840.0,2890.0,2057.326416015625,162116700,0.0,0.0,yfinance_raw_daily
2020-09-21,2890.0,2910.0,2800.0,2810.0,2000.3763427734375,100305100,0.0,0.0,yfinance_raw_daily
2020-09-22,2790.0,2810.0,2750.0,2780.0,1979.0198974609375,75891600,0.0,0.0,yfinance_raw_daily
2020-09-23,2770.0,2810.0,2740.0,2800.0,1993.257568359375,85953300,0.0,0.0,yfinance_raw_daily
2020-09-24,2750.0,2760.0,2710.0,2730.0,1943.426025390625,74516800,0.0,0.0,yfinance_raw_daily
2020-09-25,2720.0,2740.0,2670.0,2690.0,1914.9510498046875,180968900,0.0,0.0,yfinance_raw_daily
2020-09-28,2710.0,2730.0,2660.0,2660.0,1893.5943603515625,89256700,0.0,0.0,yfinance_raw_daily
2020-09-29,2690.0,2690.0,2630.0,2630.0,1872.23828125,155853900,0.0,0.0,yfinance_raw_daily
2020-09-30,2630.0,2650.0,2540.0,2560.0,1822.4066162109375,235611600,0.0,0.0,yfinance_raw_daily
2020-10-01,2600.0,2760.0,2600.0,2750.0,1957.66357421875,225006000,0.0,0.0,yfinance_raw_daily
2020-10-02,2750.0,2750.0,2650.0,2680.0,1907.832275390625,140161900,0.0,0.0,yfinance_raw_daily
2020-10-05,2690.0,2710.0,2640.0,2650.0,1886.4757080078125,124720200,0.0,0.0,yfinance_raw_daily
2020-10-06,2680.0,2700.0,2620.0,2650.0,1886.4757080078125,148977400,0.0,0.0,yfinance_raw_daily
2020-10-07,2650.0,2670.0,2620.0,2660.0,1893.5943603515625,110186000,0.0,0.0,yfinance_raw_daily
2020-10-08,2670.0,2720.0,2650.0,2700.0,1922.0697021484375,154587800,0.0,0.0,yfinance_raw_daily
2020-10-09,2710.0,2750.0,2700.0,2730.0,1943.426025390625,109122300,0.0,0.0,yfinance_raw_daily
2020-10-12,2750.0,2760.0,2710.0,2730.0,1943.426025390625,77479100,0.0,0.0,yfinance_raw_daily
2020-10-13,2730.0,2740.0,2680.0,2730.0,1943.426025390625,97205500,0.0,0.0,yfinance_raw_daily
2020-10-14,2730.0,2830.0,2710.0,2810.0,2000.3763427734375,183236500,0.0,0.0,yfinance_raw_daily
2020-10-15,2800.0,2850.0,2760.0,2780.0,1979.0198974609375,138462900,0.0,0.0,yfinance_raw_daily
2020-10-16,2780.0,2780.0,2720.0,2750.0,1957.66357421875,135175000,0.0,0.0,yfinance_raw_daily
2020-10-19,2800.0,2810.0,2710.0,2710.0,1929.1884765625,187840500,0.0,0.0,yfinance_raw_daily
2020-10-20,2710.0,2740.0,2670.0,2670.0,1900.71337890625,168211100,0.0,0.0,yfinance_raw_daily
2020-10-21,2680.0,2710.0,2670.0,2680.0,1907.832275390625,142146300,0.0,0.0,yfinance_raw_daily
2020-10-22,2670.0,2720.0,2650.0,2700.0,1922.0697021484375,257179400,0.0,0.0,yfinance_raw_daily
2020-10-23,2710.0,2720.0,2630.0,2630.0,1872.23828125,166356000,0.0,0.0,yfinance_raw_daily
2020-10-26,2630.0,2680.0,2630.0,2650.0,1886.4757080078125,97523200,0.0,0.0,yfinance_raw_daily
2020-10-27,2640.0,2690.0,2620.0,2620.0,1865.1192626953125,146366600,0.0,0.0,yfinance_raw_daily
2020-11-02,2590.0,2620.0,2550.0,2560.0,1822.4066162109375,391510600,0.0,0.0,yfinance_raw_daily
2020-11-03,2570.0,2590.0,2540.0,2580.0,1836.644287109375,188874000,0.0,0.0,yfinance_raw_daily
2020-11-04,2600.0,2640.0,2580.0,2580.0,1836.644287109375,150678200,0.0,0.0,yfinance_raw_daily
2020-11-05,2630.0,2810.0,2620.0,2770.0,1971.9010009765625,369260400,0.0,0.0,yfinance_raw_daily
2020-11-06,2800.0,2840.0,2750.0,2830.0,2014.613525390625,243865800,0.0,0.0,yfinance_raw_daily
2020-11-09,2860.0,2900.0,2840.0,2880.0,2050.20751953125,208192700,0.0,0.0,yfinance_raw_daily
2020-11-10,2950.0,2950.0,2860.0,2860.0,2035.9700927734375,195337300,0.0,0.0,yfinance_raw_daily
2020-11-11,2900.0,3100.0,2880.0,3080.0,2192.583251953125,480530200,0.0,0.0,yfinance_raw_daily
2020-11-12,3080.0,3080.0,3010.0,3040.0,2164.10791015625,169609900,0.0,0.0,yfinance_raw_daily
2020-11-13,3010.0,3010.0,2950.0,2990.0,2128.51416015625,186708800,0.0,0.0,yfinance_raw_daily
2020-11-16,3040.0,3100.0,3020.0,3070.0,2185.464599609375,206145500,0.0,0.0,yfinance_raw_daily
2020-11-17,3100.0,3270.0,3100.0,3220.0,2292.24609375,527501800,0.0,0.0,yfinance_raw_daily
2020-11-18,3200.0,3250.0,3160.0,3180.0,2263.77099609375,239122600,0.0,0.0,yfinance_raw_daily
2020-11-19,3150.0,3220.0,3140.0,3170.0,2256.652099609375,185558800,0.0,0.0,yfinance_raw_daily
2020-11-20,3190.0,3270.0,3180.0,3220.0,2292.24609375,211892500,0.0,0.0,yfinance_raw_daily
2020-11-23,3230.0,3340.0,3220.0,3320.0,2363.43359375,260752200,0.0,0.0,yfinance_raw_daily
2020-11-24,3350.0,3380.0,3330.0,3350.0,2384.7900390625,207503900,0.0,0.0,yfinance_raw_daily
2020-11-25,3370.0,3390.0,3280.0,3280.0,2334.958740234375,253156200,0.0,0.0,yfinance_raw_daily
2020-11-26,3280.0,3480.0,3280.0,3470.0,2470.215576171875,374185400,0.0,0.0,yfinance_raw_daily
2020-11-27,3480.0,3500.0,3420.0,3460.0,2463.0966796875,163651600,0.0,0.0,yfinance_raw_daily
2020-11-30,3460.0,3470.0,3220.0,3230.0,2299.364501953125,624142600,0.0,0.0,yfinance_raw_daily
2020-12-01,3230.0,3320.0,3160.0,3240.0,2306.483642578125,277929200,0.0,0.0,yfinance_raw_daily
2020-12-02,3270.0,3330.0,3240.0,3330.0,2370.552490234375,187276600,0.0,0.0,yfinance_raw_daily
2020-12-03,3330.0,3360.0,3280.0,3300.0,2349.196044921875,121434200,0.0,0.0,yfinance_raw_daily
2020-12-04,3270.0,3280.0,3210.0,3250.0,2313.602294921875,170418900,0.0,0.0,yfinance_raw_daily
2020-12-07,3280.0,3330.0,3260.0,3330.0,2370.552490234375,175436900,0.0,0.0,yfinance_raw_daily
2020-12-08,3350.0,3350.0,3290.0,3300.0,2349.196044921875,113775100,0.0,0.0,yfinance_raw_daily
2020-12-10,3270.0,3290.0,3250.0,3260.0,2320.72119140625,229380200,0.0,0.0,yfinance_raw_daily
2020-12-11,3270.0,3330.0,3250.0,3280.0,2334.958740234375,154365400,0.0,0.0,yfinance_raw_daily
2020-12-14,3300.0,3340.0,3250.0,3320.0,2363.43359375,281474900,0.0,0.0,yfinance_raw_daily
2020-12-15,3320.0,3490.0,3290.0,3450.0,2455.977783203125,410175700,0.0,0.0,yfinance_raw_daily
2020-12-16,3500.0,3640.0,3500.0,3610.0,2569.878173828125,455088400,0.0,0.0,yfinance_raw_daily
2020-12-17,3610.0,3620.0,3520.0,3540.0,2520.046630859375,249797800,0.0,0.0,yfinance_raw_daily
2020-12-18,3500.0,3540.0,3500.0,3510.0,2498.690673828125,187856600,0.0,0.0,yfinance_raw_daily
2020-12-21,3530.0,3610.0,3510.0,3520.0,2505.809326171875,267970200,0.0,0.0,yfinance_raw_daily
2020-12-22,3500.0,3540.0,3340.0,3360.0,2391.908935546875,311860000,0.0,0.0,yfinance_raw_daily
2020-12-23,3350.0,3420.0,3240.0,3320.0,2363.43359375,240067600,0.0,0.0,yfinance_raw_daily
2020-12-28,3370.0,3460.0,3280.0,3430.0,2441.740234375,178138100,0.0,0.0,yfinance_raw_daily
2020-12-29,3500.0,3530.0,3400.0,3420.0,2434.62158203125,184525500,0.0,0.0,yfinance_raw_daily
2020-12-30,3420.0,3420.0,3310.0,3310.0,2356.31494140625,150844500,0.0,0.0,yfinance_raw_daily
2021-01-04,3320.0,3500.0,3310.0,3490.0,2484.452880859375,165339800,0.0,0.0,yfinance_raw_daily
2021-01-05,3480.0,3480.0,3420.0,3470.0,2470.215576171875,157800700,0.0,0.0,yfinance_raw_daily
2021-01-06,3470.0,3490.0,3330.0,3370.0,2399.027587890625,177877900,0.0,0.0,yfinance_raw_daily
2021-01-07,3390.0,3450.0,3380.0,3390.0,2413.26513671875,140221900,0.0,0.0,yfinance_raw_daily
2021-01-08,3450.0,3620.0,3440.0,3570.0,2541.4033203125,492643700,0.0,0.0,yfinance_raw_daily
2021-01-11,3590.0,3640.0,3570.0,3600.0,2562.75927734375,271231200,0.0,0.0,yfinance_raw_daily
2021-01-12,3600.0,3620.0,3500.0,3510.0,2498.690673828125,189779500,0.0,0.0,yfinance_raw_daily
2021-01-13,3550.0,3550.0,3460.0,3480.0,2477.334228515625,162329300,0.0,0.0,yfinance_raw_daily
2021-01-14,3480.0,3590.0,3470.0,3500.0,2491.571533203125,187448400,0.0,0.0,yfinance_raw_daily
2021-01-15,3510.0,3540.0,3450.0,3480.0,2477.334228515625,133304300,0.0,0.0,yfinance_raw_daily
2021-01-18,3480.0,3520.0,3430.0,3450.0,2455.977783203125,138913100,0.0,0.0,yfinance_raw_daily
2021-01-19,3470.0,3490.0,3370.0,3410.0,2427.5029296875,144100700,0.0,0.0,yfinance_raw_daily
2021-01-20,3420.0,3480.0,3380.0,3470.0,2470.215576171875,116098100,0.0,0.0,yfinance_raw_daily
2021-01-21,3500.0,3520.0,3460.0,3480.0,2477.334228515625,81801900,0.0,0.0,yfinance_raw_daily
2021-01-22,3420.0,3440.0,3360.0,3390.0,2413.26513671875,165024200,0.0,0.0,yfinance_raw_daily
2021-01-25,3370.0,3410.0,3310.0,3370.0,2399.027587890625,118131800,0.0,0.0,yfinance_raw_daily
2021-01-26,3360.0,3390.0,3260.0,3260.0,2320.72119140625,111414500,0.0,0.0,yfinance_raw_daily
2021-01-27,3340.0,3380.0,3260.0,3380.0,2406.146240234375,159144700,0.0,0.0,yfinance_raw_daily
2021-01-28,3280.0,3330.0,3230.0,3240.0,2306.483642578125,142648800,0.0,0.0,yfinance_raw_daily
2021-01-29,3290.0,3290.0,3110.0,3110.0,2213.939697265625,191915100,0.0,0.0,yfinance_raw_daily
2021-02-01,3130.0,3250.0,3040.0,3230.0,2299.364501953125,133929600,0.0,0.0,yfinance_raw_daily
2021-02-02,3300.0,3330.0,3250.0,3270.0,2327.839599609375,114734600,0.0,0.0,yfinance_raw_daily
2021-02-03,3250.0,3330.0,3220.0,3240.0,2306.483642578125,86433900,0.0,0.0,yfinance_raw_daily
2021-02-04,3270.0,3330.0,3260.0,3290.0,2342.077392578125,80319500,0.0,0.0,yfinance_raw_daily
2021-02-05,3320.0,3320.0,3270.0,3290.0,2342.077392578125,52630500,0.0,0.0,yfinance_raw_daily
2021-02-08,3300.0,3370.0,3270.0,3280.0,2334.958740234375,96635600,0.0,0.0,yfinance_raw_daily
2021-02-09,3250.0,3300.0,3180.0,3200.0,2278.00830078125,157479200,0.0,0.0,yfinance_raw_daily
2021-02-10,3180.0,3220.0,3160.0,3190.0,2270.8896484375,125221400,0.0,0.0,yfinance_raw_daily
2021-02-11,3220.0,3230.0,3170.0,3190.0,2270.8896484375,79940700,0.0,0.0,yfinance_raw_daily
2021-02-15,3200.0,3260.0,3200.0,3220.0,2292.24609375,88883300,0.0,0.0,yfinance_raw_daily
2021-02-16,3200.0,3250.0,3190.0,3210.0,2285.126953125,82026300,0.0,0.0,yfinance_raw_daily
2021-02-17,3220.0,3250.0,3140.0,3150.0,2242.41455078125,121105300,0.0,0.0,yfinance_raw_daily
2021-02-18,3190.0,3270.0,3180.0,3180.0,2263.77099609375,151200300,0.0,0.0,yfinance_raw_daily
2021-02-19,3180.0,3220.0,3170.0,3210.0,2285.126953125,63214600,0.0,0.0,yfinance_raw_daily
2021-02-22,3210.0,3240.0,3170.0,3170.0,2256.652099609375,100425500,0.0,0.0,yfinance_raw_daily
2021-02-23,3200.0,3480.0,3200.0,3470.0,2470.215576171875,354966200,0.0,0.0,yfinance_raw_daily
2021-02-24,3490.0,3550.0,3460.0,3480.0,2477.334228515625,303017100,0.0,0.0,yfinance_raw_daily
2021-02-25,3510.0,3570.0,3450.0,3490.0,2484.452880859375,226833000,0.0,0.0,yfinance_raw_daily
2021-02-26,3450.0,3510.0,3410.0,3490.0,2484.452880859375,230007700,0.0,0.0,yfinance_raw_daily
2021-03-01,3490.0,3510.0,3470.0,3490.0,2484.452880859375,91513500,0.0,0.0,yfinance_raw_daily
2021-03-02,3490.0,3500.0,3440.0,3460.0,2463.0966796875,169061400,0.0,0.0,yfinance_raw_daily
2021-03-03,3480.0,3480.0,3420.0,3440.0,2448.859130859375,82610700,0.0,0.0,yfinance_raw_daily
2021-03-04,3420.0,3430.0,3350.0,3360.0,2391.908935546875,142322100,0.0,0.0,yfinance_raw_daily
2021-03-05,3340.0,3370.0,3320.0,3320.0,2363.43359375,128546000,0.0,0.0,yfinance_raw_daily
2021-03-08,3360.0,3400.0,3330.0,3340.0,2377.671142578125,80094900,0.0,0.0,yfinance_raw_daily
2021-03-09,3370.0,3390.0,3280.0,3290.0,2342.077392578125,110090800,0.0,0.0,yfinance_raw_daily
2021-03-10,3340.0,3420.0,3310.0,3400.0,2420.384033203125,91631900,0.0,0.0,yfinance_raw_daily
2021-03-12,3440.0,3480.0,3430.0,3450.0,2455.977783203125,100195200,0.0,0.0,yfinance_raw_daily
2021-03-15,3440.0,3450.0,3380.0,3380.0,2406.146240234375,50077300,0.0,0.0,yfinance_raw_daily
2021-03-16,3400.0,3410.0,3360.0,3360.0,2391.908935546875,60111200,0.0,0.0,yfinance_raw_daily
2021-03-17,3410.0,3430.0,3370.0,3390.0,2413.26513671875,61701400,0.0,0.0,yfinance_raw_daily
2021-03-18,3450.0,3480.0,3430.0,3450.0,2455.977783203125,101896400,0.0,0.0,yfinance_raw_daily
2021-03-19,3410.0,3440.0,3380.0,3440.0,2448.859130859375,140000000,0.0,0.0,yfinance_raw_daily
2021-03-22,3440.0,3440.0,3380.0,3380.0,2406.146240234375,53870300,0.0,0.0,yfinance_raw_daily
2021-03-23,3390.0,3420.0,3350.0,3360.0,2391.908935546875,55323200,0.0,0.0,yfinance_raw_daily
2021-03-24,3320.0,3390.0,3320.0,3370.0,2399.027587890625,67173200,0.0,0.0,yfinance_raw_daily
2021-03-25,3400.0,3430.0,3380.0,3410.0,2427.5029296875,107607200,0.0,0.0,yfinance_raw_daily
2021-03-26,3410.0,3500.0,3390.0,3490.0,2484.452880859375,106810400,0.0,0.0,yfinance_raw_daily
2021-03-29,3470.0,3490.0,3400.0,3410.0,2427.5029296875,72214100,0.0,0.0,yfinance_raw_daily
2021-03-30,3420.0,3430.0,3360.0,3380.0,2406.146240234375,66491800,0.0,0.0,yfinance_raw_daily
2021-03-31,3380.0,3420.0,3330.0,3420.0,2434.62158203125,134671900,0.0,0.0,yfinance_raw_daily
2021-04-01,3390.0,3440.0,3380.0,3390.0,2413.26513671875,73332000,0.0,0.0,yfinance_raw_daily
2021-04-05,3430.0,3430.0,3370.0,3380.0,2406.146240234375,36029200,0.0,0.0,yfinance_raw_daily
2021-04-06,3400.0,3410.0,3370.0,3370.0,2399.027587890625,40566400,0.0,0.0,yfinance_raw_daily
2021-04-07,3410.0,3430.0,3380.0,3400.0,2420.384033203125,84754300,0.0,0.0,yfinance_raw_daily
2021-04-08,3380.0,3400.0,3380.0,3390.0,2413.26513671875,59079700,0.0,0.0,yfinance_raw_daily
2021-04-09,3390.0,3390.0,3360.0,3360.0,2391.908935546875,56861400,0.0,0.0,yfinance_raw_daily
2021-04-12,3340.0,3390.0,3300.0,3310.0,2356.31494140625,79003200,0.0,0.0,yfinance_raw_daily
2021-04-13,3340.0,3340.0,3300.0,3330.0,2370.552490234375,51300200,0.0,0.0,yfinance_raw_daily
2021-04-14,3360.0,3360.0,3320.0,3340.0,2377.671142578125,52587500,0.0,0.0,yfinance_raw_daily
2021-04-15,3340.0,3360.0,3320.0,3360.0,2391.908935546875,65669100,0.0,0.0,yfinance_raw_daily
2021-04-16,3370.0,3370.0,3320.0,3360.0,2391.908935546875,52517800,0.0,0.0,yfinance_raw_daily
2021-04-19,3330.0,3360.0,3330.0,3340.0,2377.671142578125,44899700,0.0,0.0,yfinance_raw_daily
2021-04-20,3330.0,3350.0,3300.0,3320.0,2363.43359375,55700100,0.0,0.0,yfinance_raw_daily
2021-04-21,3290.0,3330.0,3280.0,3280.0,2334.958740234375,47167800,0.0,0.0,yfinance_raw_daily
2021-04-22,3290.0,3340.0,3290.0,3330.0,2370.552490234375,54970000,0.0,0.0,yfinance_raw_daily
2021-04-23,3330.0,3330.0,3290.0,3310.0,2356.31494140625,39798400,0.0,0.0,yfinance_raw_daily
2021-04-26,3280.0,3300.0,3250.0,3250.0,2313.602294921875,55076200,0.0,0.0,yfinance_raw_daily
2021-04-27,3240.0,3250.0,3140.0,3160.0,2249.533203125,166985400,0.0,0.0,yfinance_raw_daily
2021-04-28,3160.0,3170.0,3130.0,3140.0,2235.2958984375,91596300,0.0,0.0,yfinance_raw_daily
2021-04-29,3150.0,3210.0,3140.0,3200.0,2278.00830078125,111785100,0.0,0.0,yfinance_raw_daily
2021-04-30,3220.0,3260.0,3200.0,3200.0,2278.00830078125,143840800,0.0,0.0,yfinance_raw_daily
2021-05-03,3200.0,3210.0,3130.0,3170.0,2256.652099609375,124724400,0.0,0.0,yfinance_raw_daily
2021-05-04,3180.0,3210.0,3170.0,3210.0,2285.126953125,60180600,0.0,0.0,yfinance_raw_daily
2021-05-05,3210.0,3210.0,3180.0,3200.0,2278.00830078125,76480300,0.0,0.0,yfinance_raw_daily
2021-05-06,3200.0,3200.0,3150.0,3190.0,2270.8896484375,91955600,0.0,0.0,yfinance_raw_daily
2021-05-07,3200.0,3220.0,3180.0,3190.0,2270.8896484375,98099900,0.0,0.0,yfinance_raw_daily
2021-05-10,3190.0,3200.0,3160.0,3170.0,2256.652099609375,104121900,0.0,0.0,yfinance_raw_daily
2021-05-11,3170.0,3200.0,3150.0,3180.0,2263.77099609375,94281900,0.0,0.0,yfinance_raw_daily
2021-05-17,3190.0,3190.0,3150.0,3190.0,2270.8896484375,114071400,0.0,0.0,yfinance_raw_daily
2021-05-18,3190.0,3190.0,3150.0,3180.0,2263.77099609375,77310400,0.0,0.0,yfinance_raw_daily
2021-05-19,3150.0,3220.0,3150.0,3160.0,2249.533203125,48958100,0.0,0.0,yfinance_raw_daily
2021-05-20,3190.0,3320.0,3180.0,3310.0,2356.31494140625,197430900,0.0,0.0,yfinance_raw_daily
2021-05-21,3340.0,3350.0,3270.0,3270.0,2327.839599609375,104101400,0.0,0.0,yfinance_raw_daily
2021-05-24,3290.0,3330.0,3220.0,3260.0,2320.72119140625,64347100,0.0,0.0,yfinance_raw_daily
2021-05-25,3290.0,3320.0,3270.0,3300.0,2349.196044921875,62218300,0.0,0.0,yfinance_raw_daily
2021-05-27,3350.0,3400.0,3330.0,3380.0,2406.146240234375,233551300,0.0,0.0,yfinance_raw_daily
2021-05-28,3380.0,3400.0,3260.0,3270.0,2327.839599609375,87439800,0.0,0.0,yfinance_raw_daily
2021-05-31,3300.0,3460.0,3300.0,3440.0,2448.859130859375,155768200,0.0,0.0,yfinance_raw_daily
2021-06-02,3490.0,3500.0,3420.0,3450.0,2455.977783203125,108933400,0.0,0.0,yfinance_raw_daily
2021-06-03,3420.0,3490.0,3420.0,3490.0,2484.452880859375,77627900,0.0,0.0,yfinance_raw_daily
2021-06-04,3490.0,3510.0,3450.0,3500.0,2491.571533203125,70624200,0.0,0.0,yfinance_raw_daily
2021-06-07,3540.0,3570.0,3500.0,3550.0,2527.165771484375,124440300,0.0,0.0,yfinance_raw_daily
2021-06-08,3550.0,3550.0,3470.0,3500.0,2491.571533203125,132409400,0.0,0.0,yfinance_raw_daily
2021-06-09,3340.0,3400.0,3310.0,3390.0,2534.949951171875,112204200,168.01,0.0,yfinance_raw_daily
2021-06-10,3350.0,3500.0,3340.0,3480.0,2602.24951171875,137713700,0.0,0.0,yfinance_raw_daily
2021-06-11,3490.0,3500.0,3420.0,3470.0,2594.77197265625,82336600,0.0,0.0,yfinance_raw_daily
2021-06-14,3460.0,3470.0,3400.0,3410.0,2549.905517578125,46016500,0.0,0.0,yfinance_raw_daily
2021-06-15,3410.0,3440.0,3380.0,3440.0,2572.338623046875,60528600,0.0,0.0,yfinance_raw_daily
2021-06-16,3380.0,3430.0,3380.0,3410.0,2549.905517578125,39149800,0.0,0.0,yfinance_raw_daily
2021-06-17,3370.0,3420.0,3350.0,3350.0,2505.0390625,50286100,0.0,0.0,yfinance_raw_daily
2021-06-18,3350.0,3400.0,3290.0,3350.0,2505.0390625,168414300,0.0,0.0,yfinance_raw_daily
2021-06-21,3280.0,3340.0,3260.0,3300.0,2467.650390625,74248200,0.0,0.0,yfinance_raw_daily
2021-06-22,3300.0,3370.0,3290.0,3300.0,2467.650390625,89349200,0.0,0.0,yfinance_raw_daily
2021-06-23,3310.0,3420.0,3310.0,3370.0,2519.994384765625,81901000,0.0,0.0,yfinance_raw_daily
2021-06-24,3330.0,3360.0,3240.0,3250.0,2430.26171875,101334200,0.0,0.0,yfinance_raw_daily
2021-06-25,3250.0,3300.0,3240.0,3250.0,2430.26171875,58330700,0.0,0.0,yfinance_raw_daily
2021-06-28,3250.0,3260.0,3170.0,3170.0,2370.43994140625,66338900,0.0,0.0,yfinance_raw_daily
2021-06-29,3190.0,3260.0,3150.0,3160.0,2362.962158203125,123411200,0.0,0.0,yfinance_raw_daily
2021-06-30,3150.0,3180.0,3130.0,3150.0,2355.484375,142204500,0.0,0.0,yfinance_raw_daily
2021-07-01,3160.0,3170.0,3090.0,3110.0,2325.57373046875,143665900,0.0,0.0,yfinance_raw_daily
2021-07-02,3110.0,3130.0,3060.0,3070.0,2295.662841796875,161855700,0.0,0.0,yfinance_raw_daily
2021-07-05,3070.0,3090.0,3010.0,3040.0,2273.2294921875,133815000,0.0,0.0,yfinance_raw_daily
2021-07-06,3050.0,3070.0,3000.0,3010.0,2250.79638671875,151573500,0.0,0.0,yfinance_raw_daily
2021-07-07,3030.0,3070.0,3010.0,3030.0,2265.751708984375,110215500,0.0,0.0,yfinance_raw_daily
2021-07-08,3060.0,3060.0,3000.0,3010.0,2250.79638671875,132576600,0.0,0.0,yfinance_raw_daily
2021-07-09,3040.0,3170.0,3030.0,3160.0,2362.962158203125,222916400,0.0,0.0,yfinance_raw_daily
2021-07-12,3190.0,3190.0,3110.0,3130.0,2340.529052734375,86268000,0.0,0.0,yfinance_raw_daily
2021-07-13,3160.0,3160.0,3050.0,3070.0,2295.662841796875,82856600,0.0,0.0,yfinance_raw_daily
2021-07-14,3050.0,3070.0,3020.0,3060.0,2288.18505859375,84993400,0.0,0.0,yfinance_raw_daily
2021-07-15,3110.0,3140.0,3080.0,3130.0,2340.529052734375,88092800,0.0,0.0,yfinance_raw_daily
2021-07-16,3140.0,3170.0,3110.0,3170.0,2370.43994140625,63626300,0.0,0.0,yfinance_raw_daily
2021-07-19,3160.0,3230.0,3150.0,3220.0,2407.82861328125,116219500,0.0,0.0,yfinance_raw_daily
2021-07-21,3190.0,3240.0,3180.0,3210.0,2400.3505859375,115099400,0.0,0.0,yfinance_raw_daily
2021-07-22,3210.0,3260.0,3210.0,3260.0,2437.739501953125,48865700,0.0,0.0,yfinance_raw_daily
2021-07-23,3250.0,3250.0,3150.0,3170.0,2370.43994140625,67128400,0.0,0.0,yfinance_raw_daily
2021-07-26,3140.0,3200.0,3140.0,3190.0,2385.3955078125,55525800,0.0,0.0,yfinance_raw_daily
2021-07-27,3210.0,3270.0,3160.0,3270.0,2445.217041015625,62673400,0.0,0.0,yfinance_raw_daily
2021-07-28,3250.0,3250.0,3150.0,3190.0,2385.3955078125,103282300,0.0,0.0,yfinance_raw_daily
2021-07-29,3210.0,3290.0,3200.0,3230.0,2415.30615234375,126542400,0.0,0.0,yfinance_raw_daily
2021-07-30,3200.0,3290.0,3200.0,3240.0,2422.7841796875,95143100,0.0,0.0,yfinance_raw_daily
2021-08-02,3240.0,3310.0,3210.0,3310.0,2475.128173828125,60368200,0.0,0.0,yfinance_raw_daily
2021-08-03,3310.0,3360.0,3290.0,3330.0,2490.08349609375,89712500,0.0,0.0,yfinance_raw_daily
2021-08-04,3330.0,3370.0,3310.0,3370.0,2519.994384765625,63108600,0.0,0.0,yfinance_raw_daily
2021-08-05,3360.0,3400.0,3320.0,3340.0,2497.561279296875,89742800,0.0,0.0,yfinance_raw_daily
2021-08-06,3360.0,3380.0,3310.0,3320.0,2482.605712890625,31664200,0.0,0.0,yfinance_raw_daily
2021-08-09,3260.0,3300.0,3220.0,3250.0,2430.26171875,70299500,0.0,0.0,yfinance_raw_daily
2021-08-10,3240.0,3270.0,3190.0,3230.0,2415.30615234375,57658000,0.0,0.0,yfinance_raw_daily
2021-08-12,3260.0,3350.0,3240.0,3350.0,2505.0390625,93133400,0.0,0.0,yfinance_raw_daily
2021-08-13,3370.0,3380.0,3260.0,3300.0,2467.650390625,59903600,0.0,0.0,yfinance_raw_daily
2021-08-16,3300.0,3340.0,3290.0,3340.0,2497.561279296875,38661800,0.0,0.0,yfinance_raw_daily
2021-08-18,3360.0,3440.0,3350.0,3420.0,2557.38330078125,162921300,0.0,0.0,yfinance_raw_daily
2021-08-19,3410.0,3430.0,3360.0,3390.0,2534.949951171875,100851800,0.0,0.0,yfinance_raw_daily
2021-08-20,3390.0,3430.0,3370.0,3400.0,2542.427734375,113411000,0.0,0.0,yfinance_raw_daily
2021-08-23,3420.0,3440.0,3400.0,3440.0,2572.338623046875,64122400,0.0,0.0,yfinance_raw_daily
2021-08-24,3410.0,3420.0,3310.0,3400.0,2542.427734375,69338100,0.0,0.0,yfinance_raw_daily
2021-08-25,3390.0,3390.0,3330.0,3370.0,2519.994384765625,66618200,0.0,0.0,yfinance_raw_daily
2021-08-26,3330.0,3360.0,3320.0,3360.0,2512.516845703125,55756100,0.0,0.0,yfinance_raw_daily
2021-08-27,3370.0,3370.0,3310.0,3320.0,2482.605712890625,62419000,0.0,0.0,yfinance_raw_daily
2021-08-30,3330.0,3400.0,3330.0,3400.0,2542.427734375,64177700,0.0,0.0,yfinance_raw_daily
2021-08-31,3400.0,3420.0,3360.0,3400.0,2542.427734375,130019000,0.0,0.0,yfinance_raw_daily
2021-09-01,3420.0,3420.0,3330.0,3340.0,2497.561279296875,85135200,0.0,0.0,yfinance_raw_daily
2021-09-02,3350.0,3390.0,3350.0,3370.0,2519.994384765625,51633800,0.0,0.0,yfinance_raw_daily
2021-09-03,3400.0,3420.0,3370.0,3390.0,2534.949951171875,65479800,0.0,0.0,yfinance_raw_daily
2021-09-06,3410.0,3410.0,3380.0,3390.0,2534.949951171875,52640400,0.0,0.0,yfinance_raw_daily
2021-09-07,3410.0,3410.0,3360.0,3380.0,2527.47216796875,42617400,0.0,0.0,yfinance_raw_daily
2021-09-08,3400.0,3400.0,3310.0,3330.0,2490.08349609375,80636800,0.0,0.0,yfinance_raw_daily
2021-09-09,3360.0,3390.0,3330.0,3390.0,2534.949951171875,82214400,0.0,0.0,yfinance_raw_daily
2021-09-10,3380.0,3390.0,3320.0,3330.0,2490.08349609375,52115300,0.0,0.0,yfinance_raw_daily
2021-09-13,3310.0,3350.0,3300.0,3350.0,2505.0390625,45547200,0.0,0.0,yfinance_raw_daily
2021-09-14,3380.0,3450.0,3350.0,3440.0,2572.338623046875,166002100,0.0,0.0,yfinance_raw_daily
2021-09-15,3430.0,3450.0,3410.0,3450.0,2579.81640625,73158300,0.0,0.0,yfinance_raw_daily
2021-09-16,3470.0,3470.0,3400.0,3440.0,2572.338623046875,58318700,0.0,0.0,yfinance_raw_daily
2021-09-17,3400.0,3530.0,3390.0,3530.0,2639.638427734375,117573100,0.0,0.0,yfinance_raw_daily
2021-09-20,3500.0,3520.0,3460.0,3520.0,2632.160400390625,83985100,0.0,0.0,yfinance_raw_daily
2021-09-21,3500.0,3560.0,3480.0,3530.0,2639.638427734375,95848100,0.0,0.0,yfinance_raw_daily
2021-09-22,3530.0,3590.0,3520.0,3590.0,2684.50439453125,66835200,0.0,0.0,yfinance_raw_daily
2021-09-23,3600.0,3610.0,3550.0,3560.0,2662.0712890625,104737500,0.0,0.0,yfinance_raw_daily
2021-09-24,3560.0,3580.0,3540.0,3560.0,2662.0712890625,72224500,0.0,0.0,yfinance_raw_daily
2021-09-27,3530.0,3560.0,3480.0,3520.0,2632.160400390625,87303000,0.0,0.0,yfinance_raw_daily
2021-09-28,3510.0,3540.0,3490.0,3530.0,2639.638427734375,54671700,0.0,0.0,yfinance_raw_daily
2021-09-29,3490.0,3540.0,3490.0,3530.0,2639.638427734375,53170100,0.0,0.0,yfinance_raw_daily
2021-09-30,3550.0,3690.0,3540.0,3690.0,2759.28173828125,153853900,0.0,0.0,yfinance_raw_daily
2021-10-01,3680.0,3690.0,3610.0,3660.0,2736.8486328125,109898400,0.0,0.0,yfinance_raw_daily
2021-10-04,3620.0,3670.0,3600.0,3670.0,2744.326416015625,82205100,0.0,0.0,yfinance_raw_daily
2021-10-05,3670.0,3680.0,3620.0,3670.0,2744.326416015625,140488300,0.0,0.0,yfinance_raw_daily
2021-10-06,3690.0,3770.0,3650.0,3760.0,2811.625732421875,153535700,0.0,0.0,yfinance_raw_daily
2021-10-07,3720.0,3740.0,3690.0,3720.0,2781.71484375,56837600,0.0,0.0,yfinance_raw_daily
2021-10-08,3730.0,3800.0,3720.0,3800.0,2841.537109375,91361800,0.0,0.0,yfinance_raw_daily
2021-10-11,3800.0,3850.0,3770.0,3810.0,2849.0146484375,78865000,0.0,0.0,yfinance_raw_daily
2021-10-12,3780.0,3840.0,3770.0,3780.0,2826.58154296875,69866300,0.0,0.0,yfinance_raw_daily
2021-10-13,3750.0,3820.0,3750.0,3770.0,2819.103515625,87143900,0.0,0.0,yfinance_raw_daily
2021-10-14,3770.0,3830.0,3770.0,3830.0,2863.969970703125,95817900,0.0,0.0,yfinance_raw_daily
2021-10-15,3840.0,3840.0,3750.0,3810.0,2849.0146484375,69707700,0.0,0.0,yfinance_raw_daily
2021-10-18,3840.0,3840.0,3790.0,3790.0,2834.05908203125,78580700,0.0,0.0,yfinance_raw_daily
2021-10-19,3750.0,3800.0,3720.0,3740.0,2796.67041015625,61095700,0.0,0.0,yfinance_raw_daily
2021-10-21,3780.0,3880.0,3760.0,3850.0,2878.925537109375,169659500,0.0,0.0,yfinance_raw_daily
2021-10-22,3860.0,3880.0,3820.0,3870.0,2893.880859375,59640700,0.0,0.0,yfinance_raw_daily
2021-10-25,3800.0,3840.0,3780.0,3780.0,2826.58154296875,58246300,0.0,0.0,yfinance_raw_daily
2021-10-26,3800.0,3830.0,3780.0,3800.0,2841.537109375,58615100,0.0,0.0,yfinance_raw_daily
2021-10-27,3820.0,3830.0,3770.0,3790.0,2834.05908203125,52210100,0.0,0.0,yfinance_raw_daily
2021-10-28,3820.0,3820.0,3710.0,3750.0,2804.148193359375,61151100,0.0,0.0,yfinance_raw_daily
2021-10-29,3750.0,3810.0,3730.0,3800.0,2841.537109375,70430900,0.0,0.0,yfinance_raw_daily
2021-11-01,3810.0,3820.0,3700.0,3700.0,2766.759521484375,65447100,0.0,0.0,yfinance_raw_daily
2021-11-02,3700.0,3710.0,3640.0,3660.0,2736.8486328125,170260000,0.0,0.0,yfinance_raw_daily
2021-11-03,3620.0,3740.0,3620.0,3720.0,2781.71484375,48810500,0.0,0.0,yfinance_raw_daily
2021-11-04,3750.0,3780.0,3720.0,3770.0,2819.103515625,53494200,0.0,0.0,yfinance_raw_daily
2021-11-05,3760.0,3770.0,3710.0,3770.0,2819.103515625,43133000,0.0,0.0,yfinance_raw_daily
2021-11-08,3780.0,3780.0,3710.0,3750.0,2804.148193359375,58758600,0.0,0.0,yfinance_raw_daily
2021-11-09,3730.0,3740.0,3680.0,3710.0,2774.237060546875,92427800,0.0,0.0,yfinance_raw_daily
2021-11-10,3670.0,3720.0,3670.0,3700.0,2766.759521484375,53511200,0.0,0.0,yfinance_raw_daily
2021-11-11,3700.0,3730.0,3640.0,3650.0,2729.370849609375,95789600,0.0,0.0,yfinance_raw_daily
2021-11-12,3660.0,3660.0,3600.0,3600.0,2691.982177734375,115142400,0.0,0.0,yfinance_raw_daily
2021-11-15,3600.0,3650.0,3600.0,3600.0,2691.982177734375,91001800,0.0,0.0,yfinance_raw_daily
2021-11-16,3590.0,3680.0,3590.0,3670.0,2744.326416015625,99590700,0.0,0.0,yfinance_raw_daily
2021-11-17,3690.0,3690.0,3600.0,3630.0,2714.41552734375,82023300,0.0,0.0,yfinance_raw_daily
2021-11-18,3630.0,3640.0,3600.0,3630.0,2714.41552734375,53290400,0.0,0.0,yfinance_raw_daily
2021-11-19,3660.0,3920.0,3660.0,3900.0,2916.314208984375,310615000,0.0,0.0,yfinance_raw_daily
2021-11-22,3920.0,3930.0,3780.0,3800.0,2841.537109375,206683100,0.0,0.0,yfinance_raw_daily
2021-11-23,3800.0,3850.0,3780.0,3800.0,2841.537109375,67778800,0.0,0.0,yfinance_raw_daily
2021-11-24,3840.0,3840.0,3790.0,3800.0,2841.537109375,67303800,0.0,0.0,yfinance_raw_daily
2021-11-25,3880.0,4090.0,3850.0,4000.0,2991.09130859375,264897100,0.0,0.0,yfinance_raw_daily
2021-11-26,4040.0,4050.0,3970.0,4010.0,2998.569091796875,231870300,0.0,0.0,yfinance_raw_daily
2021-11-29,4010.0,4170.0,3980.0,4140.0,3095.77978515625,228774600,0.0,0.0,yfinance_raw_daily
2021-11-30,4150.0,4170.0,3990.0,3990.0,2983.613525390625,435800600,0.0,0.0,yfinance_raw_daily
2021-12-01,4040.0,4150.0,4020.0,4080.0,3050.9130859375,200699200,0.0,0.0,yfinance_raw_daily
2021-12-02,4140.0,4190.0,4100.0,4160.0,3110.735107421875,116093100,0.0,0.0,yfinance_raw_daily
2021-12-03,4130.0,4180.0,4050.0,4070.0,3043.435546875,96760700,0.0,0.0,yfinance_raw_daily
2021-12-06,4060.0,4250.0,4050.0,4170.0,3118.212890625,106756900,0.0,0.0,yfinance_raw_daily
2021-12-07,4180.0,4200.0,4120.0,4150.0,3103.257568359375,121543400,0.0,0.0,yfinance_raw_daily
2021-12-08,4100.0,4120.0,4010.0,4090.0,3058.39111328125,113845600,0.0,0.0,yfinance_raw_daily
2021-12-09,4090.0,4150.0,4080.0,4150.0,3103.257568359375,86985800,0.0,0.0,yfinance_raw_daily
2021-12-10,4070.0,4150.0,4070.0,4150.0,3103.257568359375,90725000,0.0,0.0,yfinance_raw_daily
2021-12-13,4150.0,4150.0,4080.0,4080.0,3050.9130859375,65533000,0.0,0.0,yfinance_raw_daily
2021-12-14,4120.0,4120.0,4070.0,4100.0,3065.868408203125,75736900,0.0,0.0,yfinance_raw_daily
2021-12-15,4060.0,4140.0,4060.0,4080.0,3050.9130859375,84424500,0.0,0.0,yfinance_raw_daily
2021-12-16,4110.0,4150.0,4060.0,4100.0,3065.868408203125,98164300,0.0,0.0,yfinance_raw_daily
2021-12-17,4010.0,4100.0,4010.0,4100.0,3065.868408203125,149615800,0.0,0.0,yfinance_raw_daily
2021-12-20,4070.0,4110.0,4040.0,4080.0,3050.9130859375,72794200,0.0,0.0,yfinance_raw_daily
2021-12-21,4110.0,4190.0,4100.0,4160.0,3110.735107421875,98039300,0.0,0.0,yfinance_raw_daily
2021-12-22,4160.0,4170.0,4110.0,4110.0,3073.346435546875,50574500,0.0,0.0,yfinance_raw_daily
2021-12-23,4110.0,4160.0,4100.0,4160.0,3110.735107421875,54508200,0.0,0.0,yfinance_raw_daily
2021-12-24,4160.0,4170.0,4100.0,4110.0,3073.346435546875,29075600,0.0,0.0,yfinance_raw_daily
2021-12-27,4150.0,4150.0,4070.0,4080.0,3050.9130859375,30748000,0.0,0.0,yfinance_raw_daily
2021-12-28,4080.0,4130.0,4050.0,4090.0,3058.39111328125,39443300,0.0,0.0,yfinance_raw_daily
2021-12-29,4100.0,4130.0,4080.0,4080.0,3050.9130859375,25596100,0.0,0.0,yfinance_raw_daily
2021-12-30,4130.0,4130.0,4040.0,4040.0,3021.002197265625,50575100,0.0,0.0,yfinance_raw_daily
2022-01-03,4060.0,4180.0,4050.0,4180.0,3125.690673828125,65937900,0.0,0.0,yfinance_raw_daily
2022-01-04,4180.0,4200.0,4150.0,4170.0,3118.212890625,42984700,0.0,0.0,yfinance_raw_daily
2022-01-05,4150.0,4190.0,4030.0,4050.0,3028.47998046875,119584700,0.0,0.0,yfinance_raw_daily
2022-01-06,4090.0,4120.0,4030.0,4120.0,3080.823974609375,89197500,0.0,0.0,yfinance_raw_daily
2022-01-07,4120.0,4190.0,4090.0,4170.0,3118.212890625,68415100,0.0,0.0,yfinance_raw_daily
2022-01-10,4180.0,4190.0,4100.0,4100.0,3065.868408203125,44921200,0.0,0.0,yfinance_raw_daily
2022-01-11,4120.0,4160.0,4090.0,4090.0,3058.39111328125,61890200,0.0,0.0,yfinance_raw_daily
2022-01-12,4110.0,4140.0,4070.0,4110.0,3073.346435546875,45132700,0.0,0.0,yfinance_raw_daily
2022-01-13,4170.0,4180.0,4110.0,4180.0,3125.690673828125,84148400,0.0,0.0,yfinance_raw_daily
2022-01-14,4140.0,4190.0,4130.0,4190.0,3133.168212890625,28193100,0.0,0.0,yfinance_raw_daily
2022-01-17,4200.0,4200.0,4140.0,4180.0,3125.690673828125,39816300,0.0,0.0,yfinance_raw_daily
2022-01-18,4200.0,4250.0,4160.0,4250.0,3178.03466796875,112212200,0.0,0.0,yfinance_raw_daily
2022-01-19,4260.0,4260.0,4230.0,4250.0,3178.03466796875,88713900,0.0,0.0,yfinance_raw_daily
2022-01-20,4300.0,4300.0,4190.0,4220.0,3155.6015625,100014500,0.0,0.0,yfinance_raw_daily
2022-01-21,4240.0,4330.0,4190.0,4330.0,3237.8564453125,75534800,0.0,0.0,yfinance_raw_daily
2022-01-24,4260.0,4310.0,4250.0,4300.0,3215.423095703125,70404500,0.0,0.0,yfinance_raw_daily
2022-01-25,4310.0,4320.0,4250.0,4290.0,3207.9453125,116353600,0.0,0.0,yfinance_raw_daily
2022-01-26,4380.0,4390.0,4290.0,4390.0,3282.722900390625,127641400,0.0,0.0,yfinance_raw_daily
2022-01-27,4400.0,4400.0,4260.0,4270.0,3192.990234375,98613900,0.0,0.0,yfinance_raw_daily
2022-01-28,4260.0,4300.0,4230.0,4260.0,3185.51220703125,61686700,0.0,0.0,yfinance_raw_daily
2022-01-31,4210.0,4250.0,4190.0,4190.0,3133.168212890625,88735900,0.0,0.0,yfinance_raw_daily
2022-02-02,4170.0,4200.0,4150.0,4170.0,3118.212890625,144006000,0.0,0.0,yfinance_raw_daily
2022-02-03,4200.0,4210.0,4160.0,4200.0,3140.646240234375,58212400,0.0,0.0,yfinance_raw_daily
2022-02-04,4260.0,4260.0,4180.0,4230.0,3163.0791015625,98728700,0.0,0.0,yfinance_raw_daily
2022-02-07,4230.0,4290.0,4210.0,4290.0,3207.9453125,90285800,0.0,0.0,yfinance_raw_daily
2022-02-08,4280.0,4280.0,4230.0,4230.0,3163.0791015625,71210400,0.0,0.0,yfinance_raw_daily
2022-02-09,4280.0,4280.0,4210.0,4280.0,3200.468017578125,95375000,0.0,0.0,yfinance_raw_daily
2022-02-10,4400.0,4470.0,4340.0,4460.0,3335.06689453125,233984700,0.0,0.0,yfinance_raw_daily
2022-02-11,4500.0,4550.0,4410.0,4450.0,3327.58935546875,130081900,0.0,0.0,yfinance_raw_daily
2022-02-14,4380.0,4400.0,4310.0,4400.0,3290.200439453125,104903700,0.0,0.0,yfinance_raw_daily
2022-02-15,4400.0,4440.0,4360.0,4410.0,3297.677978515625,75305900,0.0,0.0,yfinance_raw_daily
2022-02-16,4420.0,4460.0,4380.0,4400.0,3290.200439453125,90121200,0.0,0.0,yfinance_raw_daily
2022-02-17,4400.0,4440.0,4360.0,4410.0,3297.677978515625,72970200,0.0,0.0,yfinance_raw_daily
2022-02-18,4420.0,4440.0,4370.0,4400.0,3290.200439453125,71111300,0.0,0.0,yfinance_raw_daily
2022-02-21,4370.0,4420.0,4340.0,4370.0,3267.767333984375,58883000,0.0,0.0,yfinance_raw_daily
2022-02-22,4320.0,4360.0,4250.0,4300.0,3215.423095703125,106985800,0.0,0.0,yfinance_raw_daily
2022-02-23,4280.0,4370.0,4270.0,4350.0,3252.811767578125,110562400,0.0,0.0,yfinance_raw_daily
2022-02-24,4280.0,4320.0,4200.0,4240.0,3170.55712890625,126158600,0.0,0.0,yfinance_raw_daily
2022-02-25,4240.0,4350.0,4240.0,4340.0,3245.334228515625,208757000,0.0,0.0,yfinance_raw_daily
2022-03-01,4640.0,4650.0,4350.0,4350.0,3252.811767578125,206416900,0.0,0.0,yfinance_raw_daily
2022-03-02,4400.0,4400.0,4270.0,4290.0,3207.9453125,152165300,0.0,0.0,yfinance_raw_daily
2022-03-04,4440.0,4440.0,4300.0,4400.0,3290.200439453125,155369100,0.0,0.0,yfinance_raw_daily
2022-03-07,4400.0,4530.0,4370.0,4510.0,3372.45556640625,177360400,0.0,0.0,yfinance_raw_daily
2022-03-08,4600.0,4700.0,4540.0,4620.0,3454.710693359375,234086000,0.0,0.0,yfinance_raw_daily
2022-03-09,4550.0,4620.0,4420.0,4440.0,3320.111328125,145145900,0.0,0.0,yfinance_raw_daily
2022-03-10,4500.0,4500.0,4380.0,4410.0,3297.677978515625,130830800,0.0,0.0,yfinance_raw_daily
2022-03-11,4410.0,4590.0,4400.0,4590.0,3432.277587890625,143446200,0.0,0.0,yfinance_raw_daily
2022-03-14,4650.0,4670.0,4540.0,4580.0,3424.799560546875,166572700,0.0,0.0,yfinance_raw_daily
2022-03-15,4630.0,4630.0,4570.0,4620.0,3454.710693359375,231077800,0.0,0.0,yfinance_raw_daily
2022-03-16,4660.0,4660.0,4550.0,4630.0,3462.188232421875,109961900,0.0,0.0,yfinance_raw_daily
2022-03-17,4550.0,4580.0,4450.0,4480.0,3350.022216796875,246300800,0.0,0.0,yfinance_raw_daily
2022-03-18,4490.0,4540.0,4470.0,4540.0,3394.888427734375,210266100,0.0,0.0,yfinance_raw_daily
2022-03-21,4550.0,4570.0,4520.0,4550.0,3402.366455078125,79691600,0.0,0.0,yfinance_raw_daily
2022-03-22,4550.0,4580.0,4540.0,4550.0,3402.366455078125,98699900,0.0,0.0,yfinance_raw_daily
2022-03-23,4550.0,4570.0,4500.0,4550.0,3402.366455078125,78299500,0.0,0.0,yfinance_raw_daily
2022-03-24,4500.0,4570.0,4500.0,4560.0,3409.843994140625,89578400,0.0,0.0,yfinance_raw_daily
2022-03-25,4510.0,4540.0,4480.0,4520.0,3379.932861328125,90053700,0.0,0.0,yfinance_raw_daily
2022-03-28,4510.0,4600.0,4500.0,4600.0,3439.75537109375,184131000,0.0,0.0,yfinance_raw_daily
2022-03-29,4600.0,4620.0,4560.0,4560.0,3409.843994140625,77920800,0.0,0.0,yfinance_raw_daily
2022-03-30,4620.0,4620.0,4560.0,4580.0,3424.799560546875,118749100,0.0,0.0,yfinance_raw_daily
2022-03-31,4620.0,4640.0,4560.0,4580.0,3424.799560546875,108109700,0.0,0.0,yfinance_raw_daily
2022-04-01,4550.0,4580.0,4530.0,4580.0,3424.799560546875,86590300,0.0,0.0,yfinance_raw_daily
2022-04-04,4560.0,4570.0,4490.0,4540.0,3394.888427734375,103480300,0.0,0.0,yfinance_raw_daily
2022-04-05,4550.0,4550.0,4500.0,4520.0,3379.932861328125,52172300,0.0,0.0,yfinance_raw_daily
2022-04-06,4490.0,4500.0,4420.0,4430.0,3312.6337890625,108368800,0.0,0.0,yfinance_raw_daily
2022-04-07,4450.0,4540.0,4440.0,4540.0,3394.888427734375,143921800,0.0,0.0,yfinance_raw_daily
2022-04-08,4580.0,4610.0,4560.0,4580.0,3424.799560546875,161974500,0.0,0.0,yfinance_raw_daily
2022-04-11,4610.0,4610.0,4550.0,4590.0,3432.277587890625,90521500,0.0,0.0,yfinance_raw_daily
2022-04-12,4620.0,4630.0,4580.0,4630.0,3462.188232421875,187948000,0.0,0.0,yfinance_raw_daily
2022-04-13,4700.0,4720.0,4650.0,4690.0,3507.0546875,196864200,0.0,0.0,yfinance_raw_daily
2022-04-14,4700.0,4730.0,4660.0,4680.0,3499.5771484375,112735200,0.0,0.0,yfinance_raw_daily
2022-04-18,4720.0,4730.0,4690.0,4710.0,3522.010009765625,120778200,0.0,0.0,yfinance_raw_daily
2022-04-19,4740.0,4750.0,4680.0,4680.0,3499.5771484375,92268300,0.0,0.0,yfinance_raw_daily
2022-04-20,4680.0,4690.0,4620.0,4630.0,3462.188232421875,88360900,0.0,0.0,yfinance_raw_daily
2022-04-21,4620.0,4670.0,4600.0,4620.0,3454.710693359375,97575800,0.0,0.0,yfinance_raw_daily
2022-04-22,4620.0,4680.0,4580.0,4620.0,3454.710693359375,101299100,0.0,0.0,yfinance_raw_daily
2022-04-25,4610.0,4720.0,4580.0,4710.0,3522.010009765625,92045500,0.0,0.0,yfinance_raw_daily
2022-04-26,4680.0,4760.0,4670.0,4760.0,3559.398681640625,85945800,0.0,0.0,yfinance_raw_daily
2022-04-27,4720.0,4790.0,4720.0,4770.0,3566.876220703125,136485600,0.0,0.0,yfinance_raw_daily
2022-04-28,4850.0,4850.0,4620.0,4620.0,3454.710693359375,198484800,0.0,0.0,yfinance_raw_daily
2022-05-09,4560.0,4560.0,4300.0,4310.0,3222.90087890625,343682000,0.0,0.0,yfinance_raw_daily
2022-05-10,4120.0,4380.0,4120.0,4340.0,3245.334228515625,281386300,0.0,0.0,yfinance_raw_daily
2022-05-11,4400.0,4480.0,4330.0,4330.0,3237.8564453125,154455400,0.0,0.0,yfinance_raw_daily
2022-05-12,4340.0,4390.0,4250.0,4300.0,3215.423095703125,233518500,0.0,0.0,yfinance_raw_daily
2022-05-13,4250.0,4350.0,4230.0,4260.0,3185.51220703125,190889200,0.0,0.0,yfinance_raw_daily
2022-05-17,4250.0,4290.0,4180.0,4180.0,3125.690673828125,170880700,0.0,0.0,yfinance_raw_daily
2022-05-18,4230.0,4290.0,4190.0,4250.0,3178.03466796875,185359500,0.0,0.0,yfinance_raw_daily
2022-05-19,4180.0,4230.0,4150.0,4210.0,3148.12353515625,112679300,0.0,0.0,yfinance_raw_daily
2022-05-20,4220.0,4230.0,4170.0,4170.0,3118.212890625,141701800,0.0,0.0,yfinance_raw_daily
2022-05-23,4160.0,4180.0,4070.0,4110.0,3073.346435546875,196569900,0.0,0.0,yfinance_raw_daily
2022-05-24,4120.0,4200.0,4120.0,4150.0,3103.257568359375,151693700,0.0,0.0,yfinance_raw_daily
2022-05-25,4200.0,4210.0,4150.0,4200.0,3140.646240234375,166595400,0.0,0.0,yfinance_raw_daily
2022-05-27,4260.0,4300.0,4210.0,4300.0,3215.423095703125,186513500,0.0,0.0,yfinance_raw_daily
2022-05-30,4340.0,4340.0,4200.0,4250.0,3178.03466796875,107614100,0.0,0.0,yfinance_raw_daily
2022-05-31,4270.0,4330.0,4230.0,4310.0,3222.90087890625,469620300,0.0,0.0,yfinance_raw_daily
2022-06-02,4390.0,4390.0,4270.0,4290.0,3207.9453125,164481100,0.0,0.0,yfinance_raw_daily
2022-06-03,4310.0,4390.0,4300.0,4310.0,3222.90087890625,108852800,0.0,0.0,yfinance_raw_daily
2022-06-06,4310.0,4340.0,4270.0,4340.0,3245.334228515625,79319400,0.0,0.0,yfinance_raw_daily
2022-06-07,4340.0,4340.0,4250.0,4250.0,3178.03466796875,142504000,0.0,0.0,yfinance_raw_daily
2022-06-08,4150.0,4170.0,4080.0,4100.0,3178.0078125,202555900,149.9656,0.0,yfinance_raw_daily
2022-06-09,4080.0,4130.0,4050.0,4050.0,3139.251708984375,148580200,0.0,0.0,yfinance_raw_daily
2022-06-10,4040.0,4080.0,4000.0,4020.0,3115.997802734375,189186700,0.0,0.0,yfinance_raw_daily
2022-06-13,3950.0,4100.0,3930.0,4080.0,3162.50537109375,156054900,0.0,0.0,yfinance_raw_daily
2022-06-14,4050.0,4120.0,4020.0,4110.0,3185.759033203125,117325600,0.0,0.0,yfinance_raw_daily
2022-06-15,4060.0,4080.0,4030.0,4060.0,3147.0029296875,94848800,0.0,0.0,yfinance_raw_daily
2022-06-16,4120.0,4120.0,4030.0,4040.0,3131.50048828125,96042200,0.0,0.0,yfinance_raw_daily
2022-06-17,4010.0,4120.0,3980.0,4120.0,3193.510498046875,169375800,0.0,0.0,yfinance_raw_daily
2022-06-20,4050.0,4060.0,4000.0,4040.0,3131.50048828125,82101200,0.0,0.0,yfinance_raw_daily
2022-06-21,4060.0,4120.0,4030.0,4110.0,3185.759033203125,77489000,0.0,0.0,yfinance_raw_daily
2022-06-22,4090.0,4090.0,4040.0,4050.0,3139.251708984375,60907800,0.0,0.0,yfinance_raw_daily
2022-06-23,4030.0,4160.0,4030.0,4160.0,3224.515380859375,101065400,0.0,0.0,yfinance_raw_daily
2022-06-24,4230.0,4230.0,4100.0,4150.0,3216.76416015625,81050700,0.0,0.0,yfinance_raw_daily
2022-06-27,4110.0,4120.0,4040.0,4070.0,3154.754150390625,71574300,0.0,0.0,yfinance_raw_daily
2022-06-28,4010.0,4050.0,4000.0,4030.0,3123.749267578125,128618800,0.0,0.0,yfinance_raw_daily
2022-06-29,4000.0,4080.0,4000.0,4040.0,3131.50048828125,72888100,0.0,0.0,yfinance_raw_daily
2022-06-30,4110.0,4110.0,4000.0,4000.0,3100.49560546875,116718900,0.0,0.0,yfinance_raw_daily
2022-07-01,4010.0,4040.0,4000.0,4020.0,3115.997802734375,39572500,0.0,0.0,yfinance_raw_daily
2022-07-04,4020.0,4040.0,3840.0,3990.0,3092.744384765625,115885200,0.0,0.0,yfinance_raw_daily
2022-07-05,4010.0,4070.0,3950.0,3990.0,3092.744384765625,72329600,0.0,0.0,yfinance_raw_daily
2022-07-06,4050.0,4050.0,3970.0,4020.0,3115.997802734375,62679000,0.0,0.0,yfinance_raw_daily
2022-07-07,4040.0,4050.0,4010.0,4040.0,3131.50048828125,42393800,0.0,0.0,yfinance_raw_daily
2022-07-08,4050.0,4060.0,4000.0,4010.0,3108.24658203125,64049000,0.0,0.0,yfinance_raw_daily
2022-07-11,4100.0,4100.0,4000.0,4040.0,3131.50048828125,42258000,0.0,0.0,yfinance_raw_daily
2022-07-12,4060.0,4060.0,4010.0,4010.0,3108.24658203125,43399800,0.0,0.0,yfinance_raw_daily
2022-07-13,4010.0,4030.0,3930.0,3940.0,3053.988037109375,96218200,0.0,0.0,yfinance_raw_daily
2022-07-14,3940.0,4020.0,3900.0,4020.0,3115.997802734375,68708500,0.0,0.0,yfinance_raw_daily
2022-07-15,4040.0,4210.0,4010.0,4150.0,3216.76416015625,146093800,0.0,0.0,yfinance_raw_daily
2022-07-18,4110.0,4190.0,4070.0,4190.0,3247.76904296875,84009400,0.0,0.0,yfinance_raw_daily
2022-07-19,4190.0,4190.0,4130.0,4160.0,3224.515380859375,91367900,0.0,0.0,yfinance_raw_daily
2022-07-20,4140.0,4220.0,4140.0,4210.0,3263.271484375,82344000,0.0,0.0,yfinance_raw_daily
2022-07-21,4210.0,4260.0,4180.0,4260.0,3302.027587890625,107234600,0.0,0.0,yfinance_raw_daily
2022-07-22,4240.0,4240.0,4190.0,4230.0,3278.77392578125,59792300,0.0,0.0,yfinance_raw_daily
2022-07-25,4240.0,4260.0,4220.0,4240.0,3286.525146484375,37218000,0.0,0.0,yfinance_raw_daily
2022-07-26,4240.0,4250.0,4190.0,4250.0,3294.276611328125,49786900,0.0,0.0,yfinance_raw_daily
2022-07-27,4230.0,4300.0,4210.0,4300.0,3333.03271484375,60672300,0.0,0.0,yfinance_raw_daily
2022-07-28,4310.0,4320.0,4190.0,4240.0,3286.525146484375,110767300,0.0,0.0,yfinance_raw_daily
2022-07-29,4280.0,4300.0,4210.0,4230.0,3278.77392578125,108823600,0.0,0.0,yfinance_raw_daily
2022-08-01,4230.0,4300.0,4230.0,4300.0,3333.03271484375,104724300,0.0,0.0,yfinance_raw_daily
2022-08-02,4350.0,4450.0,4250.0,4450.0,3449.30126953125,112228800,0.0,0.0,yfinance_raw_daily
2022-08-03,4450.0,4590.0,4410.0,4500.0,3488.0576171875,251825000,0.0,0.0,yfinance_raw_daily
2022-08-04,4450.0,4550.0,4450.0,4550.0,3526.8134765625,186881500,0.0,0.0,yfinance_raw_daily
2022-08-05,4590.0,4650.0,4530.0,4650.0,3604.325927734375,268967200,0.0,0.0,yfinance_raw_daily
2022-08-08,4700.0,4700.0,4650.0,4700.0,3643.082275390625,191023500,0.0,0.0,yfinance_raw_daily
2022-08-09,4700.0,4700.0,4630.0,4640.0,3596.574462890625,164453900,0.0,0.0,yfinance_raw_daily
2022-08-10,4530.0,4590.0,4490.0,4560.0,3534.564697265625,162061400,0.0,0.0,yfinance_raw_daily
2022-08-11,4550.0,4610.0,4520.0,4570.0,3542.31591796875,123629000,0.0,0.0,yfinance_raw_daily
2022-08-12,4570.0,4600.0,4530.0,4550.0,3526.8134765625,124552500,0.0,0.0,yfinance_raw_daily
2022-08-15,4540.0,4570.0,4440.0,4450.0,3449.30126953125,136882800,0.0,0.0,yfinance_raw_daily
2022-08-16,4530.0,4580.0,4410.0,4410.0,3418.296142578125,127710800,0.0,0.0,yfinance_raw_daily
2022-08-18,4360.0,4550.0,4350.0,4550.0,3526.8134765625,182044300,0.0,0.0,yfinance_raw_daily
2022-08-19,4560.0,4610.0,4460.0,4600.0,3565.570068359375,177623900,0.0,0.0,yfinance_raw_daily
2022-08-22,4550.0,4660.0,4530.0,4650.0,3604.325927734375,202320400,0.0,0.0,yfinance_raw_daily
2022-08-23,4680.0,4710.0,4610.0,4660.0,3612.07763671875,229431400,0.0,0.0,yfinance_raw_daily
2022-08-24,4660.0,4770.0,4600.0,4750.0,3681.838134765625,189007900,0.0,0.0,yfinance_raw_daily
2022-08-25,4680.0,4700.0,4560.0,4570.0,3542.31591796875,179495700,0.0,0.0,yfinance_raw_daily
2022-08-26,4510.0,4540.0,4480.0,4490.0,3480.306396484375,184317100,0.0,0.0,yfinance_raw_daily
2022-08-29,4370.0,4550.0,4360.0,4520.0,3503.559814453125,101529800,0.0,0.0,yfinance_raw_daily
2022-08-30,4580.0,4620.0,4480.0,4480.0,3472.55517578125,118884300,0.0,0.0,yfinance_raw_daily
2022-08-31,4420.0,4600.0,4420.0,4560.0,3534.564697265625,175300400,0.0,0.0,yfinance_raw_daily
2022-09-01,4560.0,4650.0,4530.0,4580.0,3550.0673828125,120871700,0.0,0.0,yfinance_raw_daily
2022-09-02,4540.0,4620.0,4540.0,4600.0,3565.570068359375,106985000,0.0,0.0,yfinance_raw_daily
2022-09-05,4560.0,4630.0,4550.0,4620.0,3581.072021484375,77323800,0.0,0.0,yfinance_raw_daily
2022-09-06,4610.0,4620.0,4510.0,4510.0,3495.80859375,61970100,0.0,0.0,yfinance_raw_daily
2022-09-07,4500.0,4560.0,4480.0,4490.0,3480.306396484375,106145700,0.0,0.0,yfinance_raw_daily
2022-09-08,4500.0,4640.0,4500.0,4560.0,3534.564697265625,123389200,0.0,0.0,yfinance_raw_daily
2022-09-09,4550.0,4600.0,4530.0,4600.0,3565.570068359375,50307800,0.0,0.0,yfinance_raw_daily
2022-09-12,4600.0,4600.0,4530.0,4540.0,3519.062255859375,74820600,0.0,0.0,yfinance_raw_daily
2022-09-13,4540.0,4560.0,4520.0,4520.0,3503.559814453125,91510200,0.0,0.0,yfinance_raw_daily
2022-09-14,4490.0,4530.0,4460.0,4480.0,3472.55517578125,97919200,0.0,0.0,yfinance_raw_daily
2022-09-15,4540.0,4600.0,4500.0,4500.0,3488.0576171875,125599900,0.0,0.0,yfinance_raw_daily
2022-09-16,4500.0,4500.0,4410.0,4410.0,3418.296142578125,210277300,0.0,0.0,yfinance_raw_daily
2022-09-19,4460.0,4560.0,4440.0,4500.0,3488.0576171875,116164500,0.0,0.0,yfinance_raw_daily
2022-09-20,4530.0,4540.0,4480.0,4480.0,3472.55517578125,100743700,0.0,0.0,yfinance_raw_daily
2022-09-21,4450.0,4470.0,4410.0,4430.0,3433.798828125,91363200,0.0,0.0,yfinance_raw_daily
2022-09-22,4400.0,4450.0,4380.0,4430.0,3433.798828125,89922900,0.0,0.0,yfinance_raw_daily
2022-09-23,4400.0,4430.0,4380.0,4380.0,3395.042724609375,95911400,0.0,0.0,yfinance_raw_daily
2022-09-26,4390.0,4510.0,4300.0,4460.0,3457.052490234375,132185400,0.0,0.0,yfinance_raw_daily
2022-09-27,4450.0,4470.0,4380.0,4440.0,3441.550048828125,123113800,0.0,0.0,yfinance_raw_daily
2022-09-28,4430.0,4530.0,4400.0,4470.0,3464.803955078125,104385500,0.0,0.0,yfinance_raw_daily
2022-09-29,4460.0,4500.0,4420.0,4440.0,3441.550048828125,90290400,0.0,0.0,yfinance_raw_daily
2022-09-30,4400.0,4500.0,4390.0,4460.0,3457.052490234375,111482000,0.0,0.0,yfinance_raw_daily
2022-10-03,4460.0,4470.0,4380.0,4460.0,3457.052490234375,77569100,0.0,0.0,yfinance_raw_daily
2022-10-04,4460.0,4510.0,4430.0,4440.0,3441.550048828125,87832800,0.0,0.0,yfinance_raw_daily
2022-10-05,4490.0,4540.0,4460.0,4460.0,3457.052490234375,61888400,0.0,0.0,yfinance_raw_daily
2022-10-06,4460.0,4480.0,4420.0,4430.0,3433.798828125,60464300,0.0,0.0,yfinance_raw_daily
2022-10-07,4400.0,4430.0,4350.0,4350.0,3371.788818359375,102570000,0.0,0.0,yfinance_raw_daily
2022-10-10,4340.0,4420.0,4330.0,4420.0,3426.04736328125,72389100,0.0,0.0,yfinance_raw_daily
2022-10-11,4360.0,4380.0,4310.0,4310.0,3340.783935546875,108794500,0.0,0.0,yfinance_raw_daily
2022-10-12,4300.0,4350.0,4280.0,4340.0,3364.03759765625,107938600,0.0,0.0,yfinance_raw_daily
2022-10-13,4330.0,4350.0,4290.0,4300.0,3333.03271484375,70034500,0.0,0.0,yfinance_raw_daily
2022-10-14,4360.0,4360.0,4290.0,4290.0,3325.28125,68096300,0.0,0.0,yfinance_raw_daily
2022-10-17,4200.0,4330.0,4200.0,4330.0,3356.286376953125,90321700,0.0,0.0,yfinance_raw_daily
2022-10-18,4310.0,4340.0,4250.0,4250.0,3294.276611328125,72516000,0.0,0.0,yfinance_raw_daily
2022-10-19,4220.0,4300.0,4200.0,4200.0,3255.5205078125,65848300,0.0,0.0,yfinance_raw_daily
2022-10-20,4200.0,4350.0,4200.0,4350.0,3371.788818359375,165391500,0.0,0.0,yfinance_raw_daily
2022-10-21,4300.0,4390.0,4300.0,4360.0,3379.540283203125,79825700,0.0,0.0,yfinance_raw_daily
2022-10-24,4380.0,4450.0,4380.0,4410.0,3418.296142578125,76777200,0.0,0.0,yfinance_raw_daily
2022-10-25,4430.0,4470.0,4390.0,4390.0,3402.7939453125,109154300,0.0,0.0,yfinance_raw_daily
2022-10-26,4420.0,4430.0,4330.0,4370.0,3387.29150390625,97320500,0.0,0.0,yfinance_raw_daily
2022-10-27,4390.0,4410.0,4340.0,4370.0,3387.29150390625,80270300,0.0,0.0,yfinance_raw_daily
2022-10-28,4420.0,4450.0,4380.0,4450.0,3449.30126953125,91101500,0.0,0.0,yfinance_raw_daily
2022-10-31,4460.0,4460.0,4360.0,4390.0,3402.7939453125,162753500,0.0,0.0,yfinance_raw_daily
2022-11-01,4420.0,4420.0,4360.0,4420.0,3426.04736328125,108592900,0.0,0.0,yfinance_raw_daily
2022-11-02,4400.0,4420.0,4220.0,4220.0,3271.022705078125,217855200,0.0,0.0,yfinance_raw_daily
2022-11-03,4140.0,4170.0,4050.0,4130.0,3201.26171875,231475000,0.0,0.0,yfinance_raw_daily
2022-11-04,4070.0,4210.0,4070.0,4210.0,3263.271484375,201183100,0.0,0.0,yfinance_raw_daily
2022-11-07,4250.0,4280.0,4160.0,4280.0,3317.530517578125,129868800,0.0,0.0,yfinance_raw_daily
2022-11-08,4270.0,4280.0,4200.0,4220.0,3271.022705078125,110546800,0.0,0.0,yfinance_raw_daily
2022-11-09,4200.0,4230.0,4180.0,4190.0,3247.76904296875,145833200,0.0,0.0,yfinance_raw_daily
2022-11-10,4110.0,4210.0,4110.0,4170.0,3232.2666015625,81249200,0.0,0.0,yfinance_raw_daily
2022-11-11,4160.0,4180.0,4140.0,4150.0,3216.76416015625,227799300,0.0,0.0,yfinance_raw_daily
2022-11-14,4090.0,4120.0,4030.0,4050.0,3139.251708984375,188771200,0.0,0.0,yfinance_raw_daily
2022-11-15,4050.0,4080.0,4030.0,4050.0,3139.251708984375,88570400,0.0,0.0,yfinance_raw_daily
2022-11-16,4000.0,4070.0,3960.0,4050.0,3139.251708984375,149512300,0.0,0.0,yfinance_raw_daily
2022-11-17,4020.0,4070.0,4020.0,4040.0,3131.50048828125,68616700,0.0,0.0,yfinance_raw_daily
2022-11-18,4070.0,4080.0,4010.0,4010.0,3108.24658203125,115907900,0.0,0.0,yfinance_raw_daily
2022-11-21,4020.0,4060.0,4010.0,4030.0,3123.749267578125,45277400,0.0,0.0,yfinance_raw_daily
2022-11-22,4020.0,4040.0,4000.0,4000.0,3100.49560546875,83888300,0.0,0.0,yfinance_raw_daily
2022-11-23,3990.0,4030.0,3970.0,3970.0,3077.241943359375,95750400,0.0,0.0,yfinance_raw_daily
2022-11-24,3980.0,4040.0,3980.0,4030.0,3123.749267578125,50741600,0.0,0.0,yfinance_raw_daily
2022-11-25,4010.0,4040.0,3980.0,4030.0,3123.749267578125,73305800,0.0,0.0,yfinance_raw_daily
2022-11-28,4030.0,4040.0,3980.0,3980.0,3084.9931640625,94063100,0.0,0.0,yfinance_raw_daily
2022-11-29,3980.0,4020.0,3980.0,3980.0,3084.9931640625,94389800,0.0,0.0,yfinance_raw_daily
2022-11-30,3970.0,4050.0,3970.0,4040.0,3131.50048828125,585687400,0.0,0.0,yfinance_raw_daily
2022-12-01,4020.0,4040.0,3960.0,3960.0,3069.490478515625,230066600,0.0,0.0,yfinance_raw_daily
2022-12-02,3950.0,4020.0,3930.0,4000.0,3100.49560546875,113336600,0.0,0.0,yfinance_raw_daily
2022-12-05,3980.0,3990.0,3820.0,3840.0,2976.4755859375,148751200,0.0,0.0,yfinance_raw_daily
2022-12-06,3640.0,3720.0,3580.0,3600.0,2790.446044921875,416468700,0.0,0.0,yfinance_raw_daily
2022-12-07,3600.0,3700.0,3570.0,3680.0,2852.455810546875,278572200,0.0,0.0,yfinance_raw_daily
2022-12-08,3700.0,3780.0,3620.0,3740.0,2898.96337890625,245646400,0.0,0.0,yfinance_raw_daily
2022-12-09,3680.0,3720.0,3630.0,3650.0,2829.2021484375,164606100,0.0,0.0,yfinance_raw_daily
2022-12-12,3670.0,3710.0,3640.0,3700.0,2867.95849609375,170545000,0.0,0.0,yfinance_raw_daily
2022-12-13,3690.0,3790.0,3680.0,3750.0,2906.714599609375,231127000,0.0,0.0,yfinance_raw_daily
2022-12-14,3820.0,3820.0,3740.0,3750.0,2906.714599609375,107175700,0.0,0.0,yfinance_raw_daily
2022-12-15,3680.0,3720.0,3670.0,3670.0,2844.70458984375,143233600,0.0,0.0,yfinance_raw_daily
2022-12-16,3610.0,3740.0,3610.0,3680.0,2852.455810546875,310944500,0.0,0.0,yfinance_raw_daily
2022-12-19,3740.0,3790.0,3680.0,3720.0,2883.460693359375,119137700,0.0,0.0,yfinance_raw_daily
2022-12-20,3730.0,3750.0,3700.0,3720.0,2883.460693359375,55351300,0.0,0.0,yfinance_raw_daily
2022-12-21,3690.0,3790.0,3670.0,3790.0,2937.719482421875,98741000,0.0,0.0,yfinance_raw_daily
2022-12-22,3800.0,3810.0,3740.0,3750.0,2906.714599609375,68702100,0.0,0.0,yfinance_raw_daily
2022-12-23,3710.0,3780.0,3700.0,3780.0,2929.96826171875,45179400,0.0,0.0,yfinance_raw_daily
2022-12-26,3780.0,3800.0,3730.0,3750.0,2906.714599609375,19216700,0.0,0.0,yfinance_raw_daily
2022-12-27,3770.0,3840.0,3750.0,3810.0,2953.22216796875,49816500,0.0,0.0,yfinance_raw_daily
2022-12-28,3800.0,3810.0,3710.0,3730.0,2891.212158203125,65006300,0.0,0.0,yfinance_raw_daily
2022-12-29,3720.0,3790.0,3710.0,3780.0,2929.96826171875,51703500,0.0,0.0,yfinance_raw_daily
2022-12-30,3760.0,3800.0,3750.0,3750.0,2906.714599609375,79677300,0.0,0.0,yfinance_raw_daily
2023-01-02,3750.0,3800.0,3750.0,3800.0,2945.470703125,7959900,0.0,0.0,yfinance_raw_daily
2023-01-03,3790.0,3890.0,3770.0,3860.0,2991.97802734375,64235000,0.0,0.0,yfinance_raw_daily
2023-01-04,3840.0,3860.0,3810.0,3820.0,2960.973388671875,56785600,0.0,0.0,yfinance_raw_daily
2023-01-05,3800.0,3820.0,3720.0,3770.0,2922.217041015625,135167000,0.0,0.0,yfinance_raw_daily
2023-01-06,3750.0,3770.0,3710.0,3710.0,2875.70947265625,65207400,0.0,0.0,yfinance_raw_daily
2023-01-09,3730.0,3790.0,3730.0,3790.0,2937.719482421875,46616400,0.0,0.0,yfinance_raw_daily
2023-01-10,3810.0,3850.0,3750.0,3830.0,2968.724609375,80009900,0.0,0.0,yfinance_raw_daily
2023-01-11,3820.0,3900.0,3790.0,3870.0,2999.729248046875,75139300,0.0,0.0,yfinance_raw_daily
2023-01-12,3790.0,3900.0,3780.0,3860.0,2991.97802734375,105775500,0.0,0.0,yfinance_raw_daily
2023-01-13,3820.0,3860.0,3770.0,3780.0,2929.96826171875,85780600,0.0,0.0,yfinance_raw_daily
2023-01-16,3780.0,3850.0,3780.0,3850.0,2984.226806640625,58918700,0.0,0.0,yfinance_raw_daily
2023-01-17,3870.0,3990.0,3860.0,3950.0,3061.7392578125,132256600,0.0,0.0,yfinance_raw_daily
2023-01-18,4010.0,4010.0,3900.0,3930.0,3046.23681640625,94772000,0.0,0.0,yfinance_raw_daily
2023-01-19,3900.0,3980.0,3880.0,3890.0,3015.23193359375,109555200,0.0,0.0,yfinance_raw_daily
2023-01-20,3910.0,3920.0,3850.0,3870.0,2999.729248046875,88457800,0.0,0.0,yfinance_raw_daily
2023-01-24,3890.0,3910.0,3850.0,3850.0,2984.226806640625,45504900,0.0,0.0,yfinance_raw_daily
2023-01-25,3850.0,3880.0,3810.0,3840.0,2976.4755859375,80575100,0.0,0.0,yfinance_raw_daily
2023-01-26,3850.0,4000.0,3850.0,3970.0,3077.241943359375,117238000,0.0,0.0,yfinance_raw_daily
2023-01-27,3970.0,3990.0,3950.0,3960.0,3069.490478515625,100769500,0.0,0.0,yfinance_raw_daily
2023-01-30,3960.0,3970.0,3910.0,3960.0,3069.490478515625,59425300,0.0,0.0,yfinance_raw_daily
2023-01-31,3940.0,3950.0,3850.0,3850.0,2984.226806640625,179726700,0.0,0.0,yfinance_raw_daily
2023-02-01,3850.0,3900.0,3840.0,3870.0,2999.729248046875,70997300,0.0,0.0,yfinance_raw_daily
2023-02-02,3850.0,3900.0,3840.0,3890.0,3015.23193359375,78852300,0.0,0.0,yfinance_raw_daily
2023-02-03,3910.0,3920.0,3870.0,3880.0,3007.48046875,55154800,0.0,0.0,yfinance_raw_daily
2023-02-06,3860.0,3910.0,3850.0,3880.0,3007.48046875,58861300,0.0,0.0,yfinance_raw_daily
2023-02-07,3880.0,3880.0,3800.0,3800.0,2945.470703125,76254900,0.0,0.0,yfinance_raw_daily
2023-02-08,3800.0,3850.0,3790.0,3840.0,2976.4755859375,65856500,0.0,0.0,yfinance_raw_daily
2023-02-09,3840.0,3840.0,3760.0,3770.0,2922.217041015625,91337300,0.0,0.0,yfinance_raw_daily
2023-02-10,3750.0,3800.0,3690.0,3800.0,2945.470703125,88759600,0.0,0.0,yfinance_raw_daily
2023-02-13,3800.0,3810.0,3750.0,3790.0,2937.719482421875,69004400,0.0,0.0,yfinance_raw_daily
2023-02-14,3830.0,3830.0,3760.0,3800.0,2945.470703125,80331100,0.0,0.0,yfinance_raw_daily
2023-02-15,3810.0,3820.0,3730.0,3790.0,2937.719482421875,59028200,0.0,0.0,yfinance_raw_daily
2023-02-16,3800.0,3800.0,3750.0,3770.0,2922.217041015625,49869900,0.0,0.0,yfinance_raw_daily
2023-02-17,3770.0,3770.0,3720.0,3760.0,2914.4658203125,50369000,0.0,0.0,yfinance_raw_daily
2023-02-20,3760.0,3820.0,3760.0,3820.0,2960.973388671875,57438900,0.0,0.0,yfinance_raw_daily
2023-02-21,3850.0,3870.0,3830.0,3840.0,2976.4755859375,63880300,0.0,0.0,yfinance_raw_daily
2023-02-22,3850.0,3870.0,3800.0,3860.0,2991.97802734375,48505600,0.0,0.0,yfinance_raw_daily
2023-02-23,3950.0,3970.0,3890.0,3970.0,3077.241943359375,109147100,0.0,0.0,yfinance_raw_daily
2023-02-24,4000.0,4040.0,3950.0,4040.0,3131.50048828125,142165700,0.0,0.0,yfinance_raw_daily
2023-02-27,3990.0,4000.0,3920.0,3960.0,3069.490478515625,66461600,0.0,0.0,yfinance_raw_daily
2023-02-28,3930.0,3970.0,3880.0,3880.0,3007.48046875,115766900,0.0,0.0,yfinance_raw_daily
2023-03-01,3930.0,3990.0,3910.0,3930.0,3046.23681640625,47395200,0.0,0.0,yfinance_raw_daily
2023-03-02,3900.0,3930.0,3880.0,3880.0,3007.48046875,43208800,0.0,0.0,yfinance_raw_daily
2023-03-03,3880.0,3920.0,3870.0,3900.0,3022.983154296875,49796000,0.0,0.0,yfinance_raw_daily
2023-03-06,3940.0,3950.0,3870.0,3880.0,3007.48046875,50103800,0.0,0.0,yfinance_raw_daily
2023-03-07,3890.0,3910.0,3850.0,3880.0,3007.48046875,59086800,0.0,0.0,yfinance_raw_daily
2023-03-08,3850.0,3940.0,3850.0,3940.0,3053.988037109375,78551000,0.0,0.0,yfinance_raw_daily
2023-03-09,3970.0,4000.0,3960.0,3970.0,3077.241943359375,68725500,0.0,0.0,yfinance_raw_daily
2023-03-10,3960.0,4020.0,3930.0,4010.0,3108.24658203125,76136200,0.0,0.0,yfinance_raw_daily
2023-03-13,4020.0,4090.0,3980.0,4070.0,3154.754150390625,104663300,0.0,0.0,yfinance_raw_daily
2023-03-14,4030.0,4090.0,4000.0,4020.0,3115.997802734375,111430100,0.0,0.0,yfinance_raw_daily
2023-03-15,4050.0,4050.0,3990.0,4010.0,3108.24658203125,65025400,0.0,0.0,yfinance_raw_daily
2023-03-16,4040.0,4060.0,3980.0,4050.0,3139.251708984375,96707900,0.0,0.0,yfinance_raw_daily
2023-03-17,4090.0,4100.0,4030.0,4050.0,3139.251708984375,232270900,0.0,0.0,yfinance_raw_daily
2023-03-20,4050.0,4050.0,3940.0,3990.0,3092.744384765625,105982700,0.0,0.0,yfinance_raw_daily
2023-03-21,4000.0,4120.0,4000.0,4120.0,3193.510498046875,88808200,0.0,0.0,yfinance_raw_daily
2023-03-24,4100.0,4120.0,4060.0,4070.0,3154.754150390625,96214700,0.0,0.0,yfinance_raw_daily
2023-03-27,4100.0,4120.0,4030.0,4050.0,3139.251708984375,71556400,0.0,0.0,yfinance_raw_daily
2023-03-28,4100.0,4100.0,4030.0,4050.0,3139.251708984375,87955300,0.0,0.0,yfinance_raw_daily
2023-03-29,4090.0,4120.0,4070.0,4100.0,3178.0078125,113504700,0.0,0.0,yfinance_raw_daily
2023-03-30,4050.0,4130.0,4040.0,4090.0,3170.2568359375,87690800,0.0,0.0,yfinance_raw_daily
2023-03-31,4110.0,4120.0,4040.0,4060.0,3147.0029296875,93699000,0.0,0.0,yfinance_raw_daily
2023-04-03,4100.0,4100.0,4070.0,4080.0,3162.50537109375,56896200,0.0,0.0,yfinance_raw_daily
2023-04-04,4080.0,4100.0,4040.0,4060.0,3147.0029296875,82969200,0.0,0.0,yfinance_raw_daily
2023-04-05,4100.0,4170.0,4080.0,4150.0,3216.76416015625,70419100,0.0,0.0,yfinance_raw_daily
2023-04-06,4200.0,4270.0,4170.0,4250.0,3294.276611328125,125329700,0.0,0.0,yfinance_raw_daily
2023-04-10,4250.0,4300.0,4190.0,4300.0,3333.03271484375,85757900,0.0,0.0,yfinance_raw_daily
2023-04-11,4290.0,4300.0,4250.0,4300.0,3333.03271484375,84322900,0.0,0.0,yfinance_raw_daily
2023-04-12,4320.0,4350.0,4260.0,4310.0,3340.783935546875,178923700,0.0,0.0,yfinance_raw_daily
2023-04-13,4340.0,4350.0,4290.0,4340.0,3364.03759765625,119431600,0.0,0.0,yfinance_raw_daily
2023-04-14,4340.0,4360.0,4320.0,4340.0,3364.03759765625,117305500,0.0,0.0,yfinance_raw_daily
2023-04-17,4340.0,4340.0,4250.0,4270.0,3309.779052734375,59688000,0.0,0.0,yfinance_raw_daily
2023-04-18,4240.0,4280.0,4230.0,4270.0,3309.779052734375,65644600,0.0,0.0,yfinance_raw_daily
2023-04-26,4480.0,4500.0,4330.0,4400.0,3410.544677734375,198984100,0.0,0.0,yfinance_raw_daily
2023-04-27,4450.0,4450.0,4300.0,4320.0,3348.53515625,58407000,0.0,0.0,yfinance_raw_daily
2023-04-28,4270.0,4320.0,4220.0,4250.0,3294.276611328125,112116900,0.0,0.0,yfinance_raw_daily
2023-05-02,4210.0,4220.0,4130.0,4190.0,3247.76904296875,117097400,0.0,0.0,yfinance_raw_daily
2023-05-03,4200.0,4200.0,4080.0,4150.0,3216.76416015625,158597800,0.0,0.0,yfinance_raw_daily
2023-05-04,4170.0,4190.0,4140.0,4150.0,3216.76416015625,98421300,0.0,0.0,yfinance_raw_daily
2023-05-05,4160.0,4170.0,4080.0,4170.0,3232.2666015625,113408100,0.0,0.0,yfinance_raw_daily
2023-05-08,4170.0,4180.0,4040.0,4060.0,3147.0029296875,121002600,0.0,0.0,yfinance_raw_daily
2023-05-09,4050.0,4090.0,4030.0,4070.0,3154.754150390625,105907900,0.0,0.0,yfinance_raw_daily
2023-05-10,4050.0,4130.0,4040.0,4130.0,3201.26171875,84306600,0.0,0.0,yfinance_raw_daily
2023-05-11,4100.0,4120.0,4060.0,4090.0,3170.2568359375,74171300,0.0,0.0,yfinance_raw_daily
2023-05-12,4050.0,4050.0,3950.0,3980.0,3084.9931640625,236777600,0.0,0.0,yfinance_raw_daily
2023-05-15,3990.0,3990.0,3930.0,3980.0,3084.9931640625,113329300,0.0,0.0,yfinance_raw_daily
2023-05-16,4020.0,4020.0,3940.0,3980.0,3084.9931640625,68777200,0.0,0.0,yfinance_raw_daily
2023-05-17,3980.0,4020.0,3960.0,3990.0,3092.744384765625,83183300,0.0,0.0,yfinance_raw_daily
2023-05-19,3990.0,4060.0,3970.0,4020.0,3115.997802734375,95986000,0.0,0.0,yfinance_raw_daily
2023-05-22,4000.0,4080.0,3980.0,4040.0,3131.50048828125,115578100,0.0,0.0,yfinance_raw_daily
2023-05-23,4030.0,4080.0,4030.0,4040.0,3131.50048828125,132751000,0.0,0.0,yfinance_raw_daily
2023-05-24,4020.0,4200.0,4020.0,4160.0,3224.515380859375,194127500,0.0,0.0,yfinance_raw_daily
2023-05-25,4190.0,4220.0,4120.0,4120.0,3193.510498046875,122121000,0.0,0.0,yfinance_raw_daily
2023-05-26,4140.0,4160.0,4110.0,4130.0,3201.26171875,62211800,0.0,0.0,yfinance_raw_daily
2023-05-29,4120.0,4200.0,4090.0,4200.0,3255.5205078125,77540300,0.0,0.0,yfinance_raw_daily
2023-05-30,4140.0,4190.0,4120.0,4120.0,3193.510498046875,78924700,0.0,0.0,yfinance_raw_daily
2023-05-31,4120.0,4160.0,4040.0,4040.0,3131.50048828125,1155861400,0.0,0.0,yfinance_raw_daily
2023-06-05,4060.0,4130.0,4020.0,4080.0,3162.50537109375,189129300,0.0,0.0,yfinance_raw_daily
2023-06-06,4090.0,4130.0,4050.0,4090.0,3170.2568359375,95792700,0.0,0.0,yfinance_raw_daily
2023-06-07,4100.0,4150.0,4080.0,4150.0,3216.76416015625,127707400,0.0,0.0,yfinance_raw_daily
2023-06-08,4160.0,4180.0,4120.0,4170.0,3232.2666015625,78989700,0.0,0.0,yfinance_raw_daily
2023-06-09,4170.0,4170.0,4140.0,4150.0,3216.76416015625,83014700,0.0,0.0,yfinance_raw_daily
2023-06-12,4040.0,4050.0,4010.0,4050.0,3271.36669921875,94687300,167.5987,0.0,yfinance_raw_daily
2023-06-13,4040.0,4060.0,4030.0,4030.0,3255.2119140625,69609000,0.0,0.0,yfinance_raw_daily
2023-06-14,4020.0,4040.0,3990.0,4000.0,3230.9794921875,110730800,0.0,0.0,yfinance_raw_daily
2023-06-15,3990.0,4040.0,3980.0,4020.0,3247.13427734375,85391800,0.0,0.0,yfinance_raw_daily
2023-06-16,4020.0,4030.0,3960.0,3970.0,3206.7470703125,160978900,0.0,0.0,yfinance_raw_daily
2023-06-19,3960.0,3990.0,3950.0,3960.0,3198.66943359375,54934100,0.0,0.0,yfinance_raw_daily
2023-06-20,3980.0,3990.0,3950.0,3990.0,3222.90185546875,55155600,0.0,0.0,yfinance_raw_daily
2023-06-21,3970.0,3980.0,3950.0,3980.0,3214.82470703125,60191300,0.0,0.0,yfinance_raw_daily
2023-06-22,3980.0,3990.0,3940.0,3940.0,3182.5146484375,56150900,0.0,0.0,yfinance_raw_daily
2023-06-23,3940.0,3960.0,3940.0,3950.0,3190.59228515625,41812400,0.0,0.0,yfinance_raw_daily
2023-06-26,3940.0,3990.0,3940.0,3990.0,3222.90185546875,36011500,0.0,0.0,yfinance_raw_daily
2023-06-27,4030.0,4030.0,3990.0,4000.0,3230.9794921875,64879900,0.0,0.0,yfinance_raw_daily
2023-07-03,4030.0,4030.0,3970.0,4000.0,3230.9794921875,75193200,0.0,0.0,yfinance_raw_daily
2023-07-04,4000.0,4010.0,3970.0,3970.0,3206.7470703125,33974300,0.0,0.0,yfinance_raw_daily
2023-07-05,3970.0,3980.0,3950.0,3980.0,3214.82470703125,43303000,0.0,0.0,yfinance_raw_daily
2023-07-06,3970.0,3990.0,3960.0,3960.0,3198.66943359375,68088900,0.0,0.0,yfinance_raw_daily
2023-07-07,3960.0,3980.0,3950.0,3960.0,3198.66943359375,50474800,0.0,0.0,yfinance_raw_daily
2023-07-10,3960.0,3980.0,3940.0,3950.0,3190.59228515625,65643300,0.0,0.0,yfinance_raw_daily
2023-07-11,3950.0,3990.0,3950.0,3980.0,3214.82470703125,89768500,0.0,0.0,yfinance_raw_daily
2023-07-12,3980.0,4010.0,3970.0,3980.0,3214.82470703125,73770400,0.0,0.0,yfinance_raw_daily
2023-07-13,3960.0,3970.0,3910.0,3920.0,3166.35986328125,83009900,0.0,0.0,yfinance_raw_daily
2023-07-14,3960.0,3960.0,3920.0,3930.0,3174.437255859375,64886900,0.0,0.0,yfinance_raw_daily
2023-07-17,3950.0,3970.0,3910.0,3910.0,3158.282470703125,81399700,0.0,0.0,yfinance_raw_daily
2023-07-18,3930.0,3930.0,3820.0,3850.0,3109.817626953125,135860500,0.0,0.0,yfinance_raw_daily
2023-07-20,3820.0,3860.0,3810.0,3850.0,3109.817626953125,88907600,0.0,0.0,yfinance_raw_daily
2023-07-21,3840.0,3870.0,3840.0,3860.0,3117.895263671875,53955100,0.0,0.0,yfinance_raw_daily
2023-07-24,3880.0,3930.0,3870.0,3900.0,3150.204833984375,80710100,0.0,0.0,yfinance_raw_daily
2023-07-25,3920.0,3920.0,3880.0,3880.0,3134.050048828125,66434400,0.0,0.0,yfinance_raw_daily
2023-07-26,3890.0,3900.0,3830.0,3880.0,3134.050048828125,86732900,0.0,0.0,yfinance_raw_daily
2023-07-27,3840.0,3860.0,3720.0,3720.0,3004.810791015625,235026400,0.0,0.0,yfinance_raw_daily
2023-07-28,3710.0,3750.0,3690.0,3720.0,3004.810791015625,181626700,0.0,0.0,yfinance_raw_daily
2023-07-31,3700.0,3750.0,3670.0,3720.0,3004.810791015625,153583300,0.0,0.0,yfinance_raw_daily
2023-08-01,3700.0,3780.0,3700.0,3750.0,3029.04345703125,97680500,0.0,0.0,yfinance_raw_daily
2023-08-02,3740.0,3740.0,3680.0,3690.0,2980.57861328125,121333500,0.0,0.0,yfinance_raw_daily
2023-08-03,3670.0,3760.0,3670.0,3720.0,3004.810791015625,82013300,0.0,0.0,yfinance_raw_daily
2023-08-04,3720.0,3730.0,3690.0,3690.0,2980.57861328125,67746800,0.0,0.0,yfinance_raw_daily
2023-08-07,3700.0,3720.0,3680.0,3680.0,2972.5009765625,94909700,0.0,0.0,yfinance_raw_daily
2023-08-08,3680.0,3760.0,3680.0,3730.0,3012.888427734375,116329400,0.0,0.0,yfinance_raw_daily
2023-08-09,3750.0,3800.0,3740.0,3770.0,3045.197998046875,129416100,0.0,0.0,yfinance_raw_daily
2023-08-10,3800.0,3830.0,3800.0,3800.0,3069.4306640625,140158900,0.0,0.0,yfinance_raw_daily
2023-08-11,3830.0,3840.0,3790.0,3810.0,3077.508056640625,109714400,0.0,0.0,yfinance_raw_daily
2023-08-14,3810.0,3830.0,3760.0,3830.0,3093.662841796875,86871800,0.0,0.0,yfinance_raw_daily
2023-08-15,3800.0,3830.0,3800.0,3820.0,3085.585205078125,80015200,0.0,0.0,yfinance_raw_daily
2023-08-16,3790.0,3830.0,3750.0,3830.0,3093.662841796875,81507800,0.0,0.0,yfinance_raw_daily
2023-08-18,3790.0,3800.0,3760.0,3760.0,3037.12060546875,108780100,0.0,0.0,yfinance_raw_daily
2023-08-21,3760.0,3780.0,3720.0,3740.0,3020.9658203125,64449000,0.0,0.0,yfinance_raw_daily
2023-08-22,3740.0,3780.0,3730.0,3750.0,3029.04345703125,98059600,0.0,0.0,yfinance_raw_daily
2023-08-23,3750.0,3770.0,3730.0,3740.0,3020.9658203125,84842500,0.0,0.0,yfinance_raw_daily
2023-08-24,3730.0,3770.0,3720.0,3720.0,3004.810791015625,82789700,0.0,0.0,yfinance_raw_daily
2023-08-25,3700.0,3730.0,3700.0,3720.0,3004.810791015625,42049200,0.0,0.0,yfinance_raw_daily
2023-08-28,3730.0,3740.0,3700.0,3700.0,2988.656005859375,37727500,0.0,0.0,yfinance_raw_daily
2023-08-29,3700.0,3720.0,3700.0,3720.0,3004.810791015625,53453600,0.0,0.0,yfinance_raw_daily
2023-08-30,3730.0,3850.0,3720.0,3810.0,3077.508056640625,130027200,0.0,0.0,yfinance_raw_daily
2023-08-31,3810.0,3820.0,3700.0,3730.0,3012.888427734375,227635800,0.0,0.0,yfinance_raw_daily
2023-09-01,3710.0,3740.0,3710.0,3720.0,3004.810791015625,82253200,0.0,0.0,yfinance_raw_daily
2023-09-04,3720.0,3750.0,3710.0,3730.0,3012.888427734375,55881900,0.0,0.0,yfinance_raw_daily
2023-09-05,3730.0,3750.0,3710.0,3740.0,3020.9658203125,62933300,0.0,0.0,yfinance_raw_daily
2023-09-06,3750.0,3810.0,3740.0,3790.0,3061.352783203125,98673400,0.0,0.0,yfinance_raw_daily
2023-09-07,3780.0,3790.0,3730.0,3760.0,3037.12060546875,63054500,0.0,0.0,yfinance_raw_daily
2023-09-08,3770.0,3770.0,3670.0,3690.0,2980.57861328125,143090100,0.0,0.0,yfinance_raw_daily
2023-09-11,3710.0,3710.0,3680.0,3700.0,2988.656005859375,76577500,0.0,0.0,yfinance_raw_daily
2023-09-12,3700.0,3740.0,3700.0,3710.0,2996.7333984375,72170600,0.0,0.0,yfinance_raw_daily
2023-09-13,3720.0,3720.0,3670.0,3710.0,2996.7333984375,82635900,0.0,0.0,yfinance_raw_daily
2023-09-14,3710.0,3720.0,3680.0,3680.0,2972.5009765625,55532900,0.0,0.0,yfinance_raw_daily
2023-09-15,3680.0,3780.0,3670.0,3720.0,3004.810791015625,147757300,0.0,0.0,yfinance_raw_daily
2023-09-18,3700.0,3720.0,3680.0,3680.0,2972.5009765625,40645900,0.0,0.0,yfinance_raw_daily
2023-09-19,3690.0,3740.0,3690.0,3730.0,3012.888427734375,38375000,0.0,0.0,yfinance_raw_daily
2023-09-20,3740.0,3850.0,3740.0,3810.0,3077.508056640625,171751900,0.0,0.0,yfinance_raw_daily
2023-09-21,3810.0,3840.0,3790.0,3810.0,3077.508056640625,94880700,0.0,0.0,yfinance_raw_daily
2023-09-22,3830.0,3880.0,3810.0,3860.0,3117.895263671875,101185700,0.0,0.0,yfinance_raw_daily
2023-09-25,3810.0,3830.0,3770.0,3770.0,3045.197998046875,125817700,0.0,0.0,yfinance_raw_daily
2023-09-26,3770.0,3800.0,3750.0,3760.0,3037.12060546875,74734500,0.0,0.0,yfinance_raw_daily
2023-09-27,3750.0,3780.0,3720.0,3720.0,3004.810791015625,83337700,0.0,0.0,yfinance_raw_daily
2023-09-29,3730.0,3800.0,3730.0,3750.0,3029.04345703125,66219300,0.0,0.0,yfinance_raw_daily
2023-10-02,3750.0,3780.0,3730.0,3750.0,3029.04345703125,71945000,0.0,0.0,yfinance_raw_daily
2023-10-03,3750.0,3800.0,3740.0,3770.0,3045.197998046875,61155100,0.0,0.0,yfinance_raw_daily
2023-10-04,3800.0,3800.0,3740.0,3780.0,3053.275634765625,77527700,0.0,0.0,yfinance_raw_daily
2023-10-05,3790.0,3800.0,3720.0,3720.0,3004.810791015625,81258900,0.0,0.0,yfinance_raw_daily
2023-10-06,3780.0,3800.0,3770.0,3780.0,3053.275634765625,60156100,0.0,0.0,yfinance_raw_daily
2023-10-09,3770.0,3780.0,3750.0,3760.0,3037.12060546875,37711400,0.0,0.0,yfinance_raw_daily
2023-10-10,3780.0,3820.0,3770.0,3810.0,3077.508056640625,51167900,0.0,0.0,yfinance_raw_daily
2023-10-11,3780.0,3810.0,3780.0,3780.0,3053.275634765625,83154300,0.0,0.0,yfinance_raw_daily
2023-10-12,3820.0,3870.0,3800.0,3830.0,3093.662841796875,101645100,0.0,0.0,yfinance_raw_daily
2023-10-13,3820.0,3850.0,3810.0,3850.0,3109.817626953125,48856500,0.0,0.0,yfinance_raw_daily
2023-10-16,3850.0,3850.0,3740.0,3760.0,3037.12060546875,117472800,0.0,0.0,yfinance_raw_daily
2023-10-17,3780.0,3810.0,3770.0,3790.0,3061.352783203125,57046900,0.0,0.0,yfinance_raw_daily
2023-10-18,3770.0,3780.0,3730.0,3750.0,3029.04345703125,64910600,0.0,0.0,yfinance_raw_daily
2023-10-19,3730.0,3760.0,3720.0,3730.0,3012.888427734375,62296900,0.0,0.0,yfinance_raw_daily
2023-10-20,3720.0,3730.0,3690.0,3700.0,2988.656005859375,38978200,0.0,0.0,yfinance_raw_daily
2023-10-23,3710.0,3720.0,3610.0,3610.0,2915.958984375,69428400,0.0,0.0,yfinance_raw_daily
2023-10-24,3640.0,3670.0,3600.0,3650.0,2948.2685546875,67041700,0.0,0.0,yfinance_raw_daily
2023-10-25,3650.0,3680.0,3580.0,3600.0,2907.88134765625,89567900,0.0,0.0,yfinance_raw_daily
2023-10-26,3600.0,3610.0,3460.0,3480.0,2810.9521484375,141139700,0.0,0.0,yfinance_raw_daily
2023-10-27,3480.0,3530.0,3440.0,3500.0,2827.10693359375,99607000,0.0,0.0,yfinance_raw_daily
2023-10-30,3500.0,3500.0,3390.0,3420.0,2762.487548828125,82945500,0.0,0.0,yfinance_raw_daily
2023-10-31,3400.0,3510.0,3400.0,3490.0,2819.029541015625,66801600,0.0,0.0,yfinance_raw_daily
2023-11-01,3600.0,3700.0,3600.0,3620.0,2924.0361328125,154441100,0.0,0.0,yfinance_raw_daily
2023-11-02,3690.0,3690.0,3620.0,3620.0,2924.0361328125,69582500,0.0,0.0,yfinance_raw_daily
2023-11-03,3590.0,3630.0,3540.0,3570.0,2883.64892578125,85146800,0.0,0.0,yfinance_raw_daily
2023-11-06,3610.0,3650.0,3600.0,3650.0,2948.2685546875,66902400,0.0,0.0,yfinance_raw_daily
2023-11-07,3600.0,3610.0,3550.0,3570.0,2883.64892578125,103642200,0.0,0.0,yfinance_raw_daily
2023-11-08,3520.0,3540.0,3500.0,3520.0,2843.261962890625,103415400,0.0,0.0,yfinance_raw_daily
2023-11-09,3500.0,3570.0,3500.0,3530.0,2851.339599609375,96594900,0.0,0.0,yfinance_raw_daily
2023-11-10,3520.0,3550.0,3490.0,3550.0,2867.494140625,48619500,0.0,0.0,yfinance_raw_daily
2023-11-13,3570.0,3570.0,3510.0,3520.0,2843.261962890625,37975400,0.0,0.0,yfinance_raw_daily
2023-11-14,3500.0,3540.0,3500.0,3500.0,2827.10693359375,45987000,0.0,0.0,yfinance_raw_daily
2023-11-15,3520.0,3570.0,3520.0,3550.0,2867.494140625,114104500,0.0,0.0,yfinance_raw_daily
2023-11-16,3550.0,3550.0,3510.0,3540.0,2859.416748046875,41789400,0.0,0.0,yfinance_raw_daily
2023-11-17,3530.0,3550.0,3480.0,3550.0,2867.494140625,55585600,0.0,0.0,yfinance_raw_daily
2023-11-20,3560.0,3600.0,3540.0,3590.0,2899.803955078125,39932700,0.0,0.0,yfinance_raw_daily
2023-11-21,3590.0,3620.0,3580.0,3620.0,2924.0361328125,68255800,0.0,0.0,yfinance_raw_daily
2023-11-22,3610.0,3630.0,3590.0,3610.0,2915.958984375,34555300,0.0,0.0,yfinance_raw_daily
2023-11-23,3610.0,3630.0,3590.0,3600.0,2907.88134765625,57385100,0.0,0.0,yfinance_raw_daily
2023-11-24,3600.0,3620.0,3570.0,3620.0,2924.0361328125,34583700,0.0,0.0,yfinance_raw_daily
2023-11-27,3640.0,3730.0,3640.0,3680.0,2972.5009765625,73888700,0.0,0.0,yfinance_raw_daily
2023-11-28,3680.0,3800.0,3680.0,3770.0,3045.197998046875,106829100,0.0,0.0,yfinance_raw_daily
2023-11-29,3750.0,3770.0,3700.0,3720.0,3004.810791015625,56467400,0.0,0.0,yfinance_raw_daily
2023-11-30,3750.0,3820.0,3740.0,3760.0,3037.12060546875,258522400,0.0,0.0,yfinance_raw_daily
2023-12-01,3790.0,3840.0,3790.0,3830.0,3093.662841796875,81037200,0.0,0.0,yfinance_raw_daily
2023-12-04,3840.0,3860.0,3780.0,3810.0,3077.508056640625,118483900,0.0,0.0,yfinance_raw_daily
2023-12-05,3830.0,3850.0,3800.0,3850.0,3109.817626953125,74608900,0.0,0.0,yfinance_raw_daily
2023-12-06,3900.0,3950.0,3870.0,3920.0,3166.35986328125,149345100,0.0,0.0,yfinance_raw_daily
2023-12-07,3950.0,3950.0,3880.0,3910.0,3158.282470703125,91076200,0.0,0.0,yfinance_raw_daily
2023-12-08,3940.0,3940.0,3900.0,3940.0,3182.5146484375,61476300,0.0,0.0,yfinance_raw_daily
2023-12-11,3870.0,3980.0,3850.0,3980.0,3214.82470703125,99365500,0.0,0.0,yfinance_raw_daily
2023-12-12,3940.0,3950.0,3890.0,3910.0,3158.282470703125,58707700,0.0,0.0,yfinance_raw_daily
2023-12-13,3870.0,3920.0,3870.0,3920.0,3166.35986328125,54386800,0.0,0.0,yfinance_raw_daily
2023-12-14,3880.0,3960.0,3880.0,3940.0,3182.5146484375,70705300,0.0,0.0,yfinance_raw_daily
2023-12-15,3940.0,3980.0,3900.0,3980.0,3214.82470703125,109064200,0.0,0.0,yfinance_raw_daily
2023-12-18,3940.0,3970.0,3930.0,3970.0,3206.7470703125,60940400,0.0,0.0,yfinance_raw_daily
2023-12-19,3950.0,3970.0,3940.0,3970.0,3206.7470703125,32984500,0.0,0.0,yfinance_raw_daily
2023-12-20,3960.0,3990.0,3960.0,3960.0,3198.66943359375,59574800,0.0,0.0,yfinance_raw_daily
2023-12-21,3960.0,3970.0,3930.0,3950.0,3190.59228515625,48242100,0.0,0.0,yfinance_raw_daily
2023-12-22,3980.0,3980.0,3950.0,3960.0,3198.66943359375,28222700,0.0,0.0,yfinance_raw_daily
2023-12-27,3990.0,4000.0,3920.0,3940.0,3182.5146484375,73157200,0.0,0.0,yfinance_raw_daily
2023-12-28,3960.0,3970.0,3940.0,3960.0,3198.66943359375,34024400,0.0,0.0,yfinance_raw_daily
2023-12-29,3960.0,3980.0,3940.0,3950.0,3190.59228515625,27497600,0.0,0.0,yfinance_raw_daily
2024-01-02,3950.0,3990.0,3940.0,3990.0,3222.90185546875,23774100,0.0,0.0,yfinance_raw_daily
2024-01-03,3990.0,3990.0,3950.0,3960.0,3198.66943359375,22018500,0.0,0.0,yfinance_raw_daily
2024-01-04,3980.0,3990.0,3960.0,3970.0,3206.7470703125,33922400,0.0,0.0,yfinance_raw_daily
2024-01-05,3950.0,3970.0,3880.0,3890.0,3142.12744140625,69268000,0.0,0.0,yfinance_raw_daily
2024-01-08,3890.0,3920.0,3860.0,3890.0,3142.12744140625,61064100,0.0,0.0,yfinance_raw_daily
2024-01-09,3930.0,3980.0,3920.0,3960.0,3198.66943359375,64015400,0.0,0.0,yfinance_raw_daily
2024-01-10,4000.0,4030.0,3980.0,4000.0,3230.9794921875,99083600,0.0,0.0,yfinance_raw_daily
2024-01-11,4040.0,4040.0,3990.0,3990.0,3222.90185546875,36333300,0.0,0.0,yfinance_raw_daily
2024-01-12,3970.0,4010.0,3970.0,4010.0,3239.056884765625,53685600,0.0,0.0,yfinance_raw_daily
2024-01-15,4040.0,4040.0,3980.0,4000.0,3230.9794921875,38339500,0.0,0.0,yfinance_raw_daily
2024-01-16,4020.0,4030.0,3980.0,4010.0,3239.056884765625,44782300,0.0,0.0,yfinance_raw_daily
2024-01-17,4000.0,4010.0,3970.0,3990.0,3222.90185546875,62728400,0.0,0.0,yfinance_raw_daily
2024-01-18,3990.0,4010.0,3930.0,3950.0,3190.59228515625,73029300,0.0,0.0,yfinance_raw_daily
2024-01-19,3950.0,3960.0,3890.0,3940.0,3182.5146484375,67016100,0.0,0.0,yfinance_raw_daily
2024-01-22,3980.0,4010.0,3960.0,3980.0,3214.82470703125,50643700,0.0,0.0,yfinance_raw_daily
2024-01-23,4000.0,4010.0,3910.0,3950.0,3190.59228515625,72595400,0.0,0.0,yfinance_raw_daily
2024-01-24,3950.0,3980.0,3930.0,3970.0,3206.7470703125,38732000,0.0,0.0,yfinance_raw_daily
2024-01-25,3980.0,4000.0,3960.0,3980.0,3214.82470703125,58541300,0.0,0.0,yfinance_raw_daily
2024-01-26,3940.0,3990.0,3930.0,3980.0,3214.82470703125,65272600,0.0,0.0,yfinance_raw_daily
2024-01-29,4000.0,4010.0,3970.0,4010.0,3239.056884765625,59150000,0.0,0.0,yfinance_raw_daily
2024-01-30,4000.0,4020.0,3980.0,4000.0,3230.9794921875,66906900,0.0,0.0,yfinance_raw_daily
2024-01-31,4000.0,4020.0,3960.0,3960.0,3198.66943359375,100403700,0.0,0.0,yfinance_raw_daily
2024-02-01,3970.0,4050.0,3970.0,4040.0,3263.289306640625,105414400,0.0,0.0,yfinance_raw_daily
2024-02-02,4030.0,4030.0,3930.0,3990.0,3222.90185546875,96180000,0.0,0.0,yfinance_raw_daily
2024-02-05,4010.0,4010.0,3970.0,3980.0,3214.82470703125,57789500,0.0,0.0,yfinance_raw_daily
2024-02-06,3970.0,4000.0,3970.0,3980.0,3214.82470703125,65167500,0.0,0.0,yfinance_raw_daily
2024-02-07,4010.0,4020.0,3980.0,3980.0,3214.82470703125,53084600,0.0,0.0,yfinance_raw_daily
2024-02-12,4000.0,4020.0,3970.0,4000.0,3230.9794921875,85763200,0.0,0.0,yfinance_raw_daily
2024-02-13,4010.0,4010.0,3980.0,3980.0,3214.82470703125,52020300,0.0,0.0,yfinance_raw_daily
2024-02-15,4040.0,4080.0,3980.0,4030.0,3255.2119140625,129347900,0.0,0.0,yfinance_raw_daily
2024-02-16,4050.0,4160.0,4050.0,4160.0,3360.218505859375,244064200,0.0,0.0,yfinance_raw_daily
2024-02-19,4130.0,4170.0,4130.0,4160.0,3360.218505859375,82867500,0.0,0.0,yfinance_raw_daily
2024-02-20,4200.0,4210.0,4160.0,4210.0,3400.605712890625,267636700,0.0,0.0,yfinance_raw_daily
2024-02-21,4190.0,4240.0,4070.0,4180.0,3376.37353515625,152787100,0.0,0.0,yfinance_raw_daily
2024-02-22,4130.0,4150.0,4070.0,4090.0,3303.676513671875,93555100,0.0,0.0,yfinance_raw_daily
2024-02-23,4070.0,4100.0,4040.0,4100.0,3311.75390625,87665800,0.0,0.0,yfinance_raw_daily
2024-02-26,4060.0,4100.0,4050.0,4090.0,3303.676513671875,55761700,0.0,0.0,yfinance_raw_daily
2024-02-27,4050.0,4060.0,3990.0,3990.0,3222.90185546875,119637000,0.0,0.0,yfinance_raw_daily
2024-02-28,3980.0,4020.0,3950.0,3990.0,3222.90185546875,77255300,0.0,0.0,yfinance_raw_daily
2024-02-29,4020.0,4040.0,3950.0,4000.0,3230.9794921875,157431900,0.0,0.0,yfinance_raw_daily
2024-03-01,3950.0,3990.0,3860.0,3920.0,3166.35986328125,139582000,0.0,0.0,yfinance_raw_daily
2024-03-04,3960.0,3960.0,3900.0,3940.0,3182.5146484375,81580800,0.0,0.0,yfinance_raw_daily
2024-03-05,3880.0,3900.0,3860.0,3870.0,3125.97265625,100671500,0.0,0.0,yfinance_raw_daily
2024-03-06,3870.0,3920.0,3860.0,3900.0,3150.204833984375,83251500,0.0,0.0,yfinance_raw_daily
2024-03-07,3900.0,3930.0,3900.0,3900.0,3150.204833984375,86888100,0.0,0.0,yfinance_raw_daily
2024-03-08,3900.0,3910.0,3840.0,3860.0,3117.895263671875,101556500,0.0,0.0,yfinance_raw_daily
2024-03-13,3910.0,3910.0,3890.0,3900.0,3150.204833984375,106191400,0.0,0.0,yfinance_raw_daily
2024-03-14,3930.0,3980.0,3920.0,3960.0,3198.66943359375,122570700,0.0,0.0,yfinance_raw_daily
2024-03-15,4000.0,4000.0,3900.0,3970.0,3206.7470703125,184885900,0.0,0.0,yfinance_raw_daily
2024-03-18,3960.0,3970.0,3920.0,3920.0,3166.35986328125,57508300,0.0,0.0,yfinance_raw_daily
2024-03-19,3980.0,3980.0,3940.0,3940.0,3182.5146484375,51629700,0.0,0.0,yfinance_raw_daily
2024-03-20,3910.0,3940.0,3910.0,3930.0,3174.437255859375,84777400,0.0,0.0,yfinance_raw_daily
2024-03-21,3930.0,3960.0,3890.0,3890.0,3142.12744140625,81520900,0.0,0.0,yfinance_raw_daily
2024-03-22,3900.0,3920.0,3890.0,3900.0,3150.204833984375,44501700,0.0,0.0,yfinance_raw_daily
2024-03-25,3890.0,3890.0,3700.0,3730.0,3012.888427734375,313394400,0.0,0.0,yfinance_raw_daily
2024-03-26,3680.0,3680.0,3610.0,3620.0,2924.0361328125,354086400,0.0,0.0,yfinance_raw_daily
2024-03-27,3610.0,3630.0,3490.0,3490.0,2819.029541015625,496202800,0.0,0.0,yfinance_raw_daily
2024-03-28,3470.0,3520.0,3430.0,3470.0,2802.874755859375,258985200,0.0,0.0,yfinance_raw_daily
2024-04-01,3480.0,3520.0,3420.0,3510.0,2835.184326171875,248116300,0.0,0.0,yfinance_raw_daily
2024-04-02,3460.0,3500.0,3410.0,3490.0,2819.029541015625,233017700,0.0,0.0,yfinance_raw_daily
2024-04-03,3450.0,3490.0,3420.0,3420.0,2762.487548828125,150265700,0.0,0.0,yfinance_raw_daily
2024-04-04,3410.0,3460.0,3410.0,3450.0,2786.719482421875,205184000,0.0,0.0,yfinance_raw_daily
2024-04-05,3440.0,3450.0,3420.0,3430.0,2770.56494140625,116051700,0.0,0.0,yfinance_raw_daily
2024-04-16,3260.0,3280.0,3150.0,3220.0,2600.9384765625,490658200,0.0,0.0,yfinance_raw_daily
2024-04-17,3220.0,3240.0,3200.0,3200.0,2584.783447265625,187876400,0.0,0.0,yfinance_raw_daily
2024-04-18,3190.0,3310.0,3110.0,3250.0,2625.1708984375,337490100,0.0,0.0,yfinance_raw_daily
2024-04-19,3230.0,3230.0,3130.0,3150.0,2544.396240234375,149997000,0.0,0.0,yfinance_raw_daily
2024-04-22,3150.0,3200.0,3130.0,3170.0,2560.551025390625,140971800,0.0,0.0,yfinance_raw_daily
2024-04-23,3180.0,3190.0,3080.0,3100.0,2504.009033203125,312052300,0.0,0.0,yfinance_raw_daily
2024-04-24,3100.0,3110.0,3040.0,3040.0,2455.54443359375,327330800,0.0,0.0,yfinance_raw_daily
2024-04-25,3010.0,3060.0,2990.0,3040.0,2455.54443359375,369525200,0.0,0.0,yfinance_raw_daily
2024-04-26,2980.0,3060.0,2960.0,3030.0,2447.466796875,442527900,0.0,0.0,yfinance_raw_daily
2024-04-29,3030.0,3090.0,3010.0,3080.0,2487.854248046875,172773600,0.0,0.0,yfinance_raw_daily
2024-04-30,3120.0,3200.0,3110.0,3170.0,2560.551025390625,273121800,0.0,0.0,yfinance_raw_daily
2024-05-02,3170.0,3200.0,3120.0,3120.0,2520.163818359375,157637100,0.0,0.0,yfinance_raw_daily
2024-05-03,3180.0,3180.0,3120.0,3160.0,2552.473876953125,127945300,0.0,0.0,yfinance_raw_daily
2024-05-06,3180.0,3200.0,3040.0,3050.0,2463.621826171875,221330900,0.0,0.0,yfinance_raw_daily
2024-05-07,3070.0,3110.0,3060.0,3090.0,2495.931640625,124914600,0.0,0.0,yfinance_raw_daily
2024-05-08,3130.0,3150.0,3050.0,3080.0,2487.854248046875,120622600,0.0,0.0,yfinance_raw_daily
2024-05-13,3070.0,3100.0,3040.0,3090.0,2495.931640625,133048300,0.0,0.0,yfinance_raw_daily
2024-05-14,3100.0,3120.0,3080.0,3120.0,2520.163818359375,104126800,0.0,0.0,yfinance_raw_daily
2024-05-15,3120.0,3130.0,3070.0,3100.0,2504.009033203125,149143600,0.0,0.0,yfinance_raw_daily
2024-05-16,2960.0,3050.0,2960.0,3010.0,2579.86572265625,196239200,178.50418,0.0,yfinance_raw_daily
2024-05-17,3050.0,3050.0,2980.0,2990.0,2562.72412109375,120345300,0.0,0.0,yfinance_raw_daily
2024-05-20,2950.0,3000.0,2950.0,2990.0,2562.72412109375,215877500,0.0,0.0,yfinance_raw_daily
2024-05-21,2990.0,2990.0,2920.0,2950.0,2528.43994140625,138864400,0.0,0.0,yfinance_raw_daily
2024-05-22,2980.0,2980.0,2910.0,2940.0,2519.869140625,145109200,0.0,0.0,yfinance_raw_daily
2024-05-27,2900.0,2920.0,2780.0,2810.0,2408.4462890625,246979600,0.0,0.0,yfinance_raw_daily
2024-05-28,2810.0,2880.0,2810.0,2860.0,2451.301025390625,113093300,0.0,0.0,yfinance_raw_daily
2024-05-29,2850.0,2860.0,2810.0,2810.0,2408.4462890625,148952900,0.0,0.0,yfinance_raw_daily
2024-05-30,2810.0,2870.0,2720.0,2810.0,2408.4462890625,253471800,0.0,0.0,yfinance_raw_daily
2024-05-31,2840.0,2920.0,2810.0,2900.0,2485.585205078125,411324600,0.0,0.0,yfinance_raw_daily
2024-06-03,2930.0,2970.0,2900.0,2930.0,2511.298095703125,124570400,0.0,0.0,yfinance_raw_daily
2024-06-04,2980.0,3060.0,2940.0,3000.0,2571.294921875,130203100,0.0,0.0,yfinance_raw_daily
2024-06-05,3000.0,3080.0,3000.0,3060.0,2622.720703125,141157300,0.0,0.0,yfinance_raw_daily
2024-06-06,3100.0,3100.0,3030.0,3050.0,2614.14990234375,107996900,0.0,0.0,yfinance_raw_daily
2024-06-07,3050.0,3090.0,3050.0,3050.0,2614.14990234375,67191100,0.0,0.0,yfinance_raw_daily
2024-06-10,3050.0,3050.0,2980.0,3010.0,2579.86572265625,66983900,0.0,0.0,yfinance_raw_daily
2024-06-11,2960.0,2980.0,2880.0,2880.0,2468.443115234375,172688100,0.0,0.0,yfinance_raw_daily
2024-06-12,2890.0,2970.0,2890.0,2920.0,2502.72705078125,91584500,0.0,0.0,yfinance_raw_daily
2024-06-13,2940.0,2940.0,2830.0,2840.0,2434.159423828125,95740000,0.0,0.0,yfinance_raw_daily
2024-06-14,2820.0,2830.0,2700.0,2720.0,2331.307373046875,202750500,0.0,0.0,yfinance_raw_daily
2024-06-19,2780.0,2850.0,2760.0,2830.0,2425.588134765625,128843500,0.0,0.0,yfinance_raw_daily
2024-06-20,2850.0,2850.0,2800.0,2840.0,2434.159423828125,55434800,0.0,0.0,yfinance_raw_daily
2024-06-21,2850.0,2960.0,2840.0,2950.0,2528.43994140625,184918000,0.0,0.0,yfinance_raw_daily
2024-06-24,2930.0,2980.0,2910.0,2950.0,2528.43994140625,111618800,0.0,0.0,yfinance_raw_daily
2024-06-25,2950.0,2990.0,2930.0,2990.0,2562.72412109375,89913400,0.0,0.0,yfinance_raw_daily
2024-06-26,2990.0,3020.0,2980.0,3000.0,2571.294921875,73994000,0.0,0.0,yfinance_raw_daily
2024-06-27,3030.0,3030.0,2990.0,3030.0,2597.0078125,70154600,0.0,0.0,yfinance_raw_daily
2024-06-28,3030.0,3140.0,3030.0,3130.0,2682.717529296875,213539300,0.0,0.0,yfinance_raw_daily
2024-07-01,3130.0,3130.0,3080.0,3090.0,2648.433837890625,134082800,0.0,0.0,yfinance_raw_daily
2024-07-02,3070.0,3090.0,3030.0,3040.0,2605.578857421875,79024200,0.0,0.0,yfinance_raw_daily
2024-07-03,3040.0,3050.0,3020.0,3030.0,2597.0078125,51977100,0.0,0.0,yfinance_raw_daily
2024-07-04,3000.0,3050.0,2960.0,2960.0,2537.010986328125,93100500,0.0,0.0,yfinance_raw_daily
2024-07-05,2970.0,3020.0,2960.0,3020.0,2588.43701171875,69339200,0.0,0.0,yfinance_raw_daily
2024-07-08,3040.0,3090.0,3000.0,3080.0,2639.86279296875,125004600,0.0,0.0,yfinance_raw_daily
2024-07-09,3050.0,3120.0,3040.0,3080.0,2639.86279296875,118245600,0.0,0.0,yfinance_raw_daily
2024-07-10,3090.0,3180.0,3090.0,3160.0,2708.4306640625,120007400,0.0,0.0,yfinance_raw_daily
2024-07-11,3200.0,3200.0,3160.0,3180.0,2725.572509765625,126490000,0.0,0.0,yfinance_raw_daily
2024-07-12,3230.0,3270.0,3210.0,3220.0,2759.8564453125,135830300,0.0,0.0,yfinance_raw_daily
2024-07-15,3220.0,3220.0,3130.0,3160.0,2708.4306640625,100918500,0.0,0.0,yfinance_raw_daily
2024-07-16,3180.0,3180.0,3090.0,3100.0,2657.004638671875,78769700,0.0,0.0,yfinance_raw_daily
2024-07-17,3190.0,3270.0,3160.0,3250.0,2785.569580078125,167149300,0.0,0.0,yfinance_raw_daily
2024-07-18,3260.0,3280.0,3190.0,3210.0,2751.28564453125,98903500,0.0,0.0,yfinance_raw_daily
2024-07-19,3200.0,3210.0,3120.0,3140.0,2691.288818359375,138117200,0.0,0.0,yfinance_raw_daily
2024-07-22,3180.0,3210.0,3090.0,3100.0,2657.004638671875,139383000,0.0,0.0,yfinance_raw_daily
2024-07-23,3140.0,3160.0,3100.0,3160.0,2708.4306640625,74338000,0.0,0.0,yfinance_raw_daily
2024-07-24,3140.0,3150.0,3040.0,3060.0,2622.720703125,98752100,0.0,0.0,yfinance_raw_daily
2024-07-25,3080.0,3090.0,3030.0,3090.0,2648.433837890625,67060000,0.0,0.0,yfinance_raw_daily
2024-07-26,3110.0,3110.0,3060.0,3100.0,2657.004638671875,94900300,0.0,0.0,yfinance_raw_daily
2024-07-29,3090.0,3120.0,3040.0,3050.0,2614.14990234375,90885600,0.0,0.0,yfinance_raw_daily
2024-07-30,3000.0,3000.0,2880.0,2880.0,2468.443115234375,321472800,0.0,0.0,yfinance_raw_daily
2024-07-31,2880.0,2920.0,2840.0,2880.0,2468.443115234375,207440800,0.0,0.0,yfinance_raw_daily
2024-08-01,2890.0,2930.0,2880.0,2880.0,2468.443115234375,121021800,0.0,0.0,yfinance_raw_daily
2024-08-02,2880.0,2880.0,2820.0,2850.0,2442.730224609375,105816800,0.0,0.0,yfinance_raw_daily
2024-08-05,2820.0,2830.0,2760.0,2790.0,2391.30419921875,105246400,0.0,0.0,yfinance_raw_daily
2024-08-06,2800.0,2840.0,2790.0,2790.0,2391.30419921875,98524200,0.0,0.0,yfinance_raw_daily
2024-08-07,2800.0,2840.0,2790.0,2820.0,2417.017333984375,77263000,0.0,0.0,yfinance_raw_daily
2024-08-08,2800.0,2880.0,2800.0,2850.0,2442.730224609375,99533000,0.0,0.0,yfinance_raw_daily
2024-08-09,2860.0,2880.0,2830.0,2830.0,2425.588134765625,80800300,0.0,0.0,yfinance_raw_daily
2024-08-12,2850.0,2910.0,2840.0,2870.0,2459.872314453125,62746600,0.0,0.0,yfinance_raw_daily
2024-08-13,2900.0,2900.0,2840.0,2850.0,2442.730224609375,82063600,0.0,0.0,yfinance_raw_daily
2024-08-14,2850.0,2890.0,2850.0,2860.0,2451.301025390625,70188800,0.0,0.0,yfinance_raw_daily
2024-08-15,2870.0,2880.0,2820.0,2870.0,2459.872314453125,79724100,0.0,0.0,yfinance_raw_daily
2024-08-16,2910.0,2990.0,2900.0,2960.0,2537.010986328125,207060000,0.0,0.0,yfinance_raw_daily
2024-08-19,2960.0,2970.0,2910.0,2930.0,2511.298095703125,68692700,0.0,0.0,yfinance_raw_daily
2024-08-20,2990.0,3000.0,2960.0,2980.0,2554.15283203125,100434600,0.0,0.0,yfinance_raw_daily
2024-08-21,2980.0,3010.0,2960.0,2970.0,2545.58203125,111842200,0.0,0.0,yfinance_raw_daily
2024-08-22,2940.0,2970.0,2920.0,2920.0,2502.72705078125,90336300,0.0,0.0,yfinance_raw_daily
2024-08-23,2970.0,3010.0,2950.0,2950.0,2528.43994140625,86092500,0.0,0.0,yfinance_raw_daily
2024-08-26,2940.0,2990.0,2930.0,2980.0,2554.15283203125,88941900,0.0,0.0,yfinance_raw_daily
2024-08-27,2990.0,3000.0,2950.0,2990.0,2562.72412109375,71223800,0.0,0.0,yfinance_raw_daily
2024-08-28,3000.0,3000.0,2960.0,2980.0,2554.15283203125,68736300,0.0,0.0,yfinance_raw_daily
2024-08-29,2980.0,3080.0,2980.0,3030.0,2597.0078125,160714800,0.0,0.0,yfinance_raw_daily
2024-08-30,3030.0,3070.0,3010.0,3060.0,2622.720703125,195809000,0.0,0.0,yfinance_raw_daily
2024-09-02,3090.0,3150.0,3080.0,3140.0,2691.288818359375,118928500,0.0,0.0,yfinance_raw_daily
2024-09-03,3140.0,3150.0,3080.0,3080.0,2639.86279296875,82172000,0.0,0.0,yfinance_raw_daily
2024-09-04,3060.0,3100.0,3040.0,3080.0,2639.86279296875,81041700,0.0,0.0,yfinance_raw_daily
2024-09-05,3080.0,3090.0,3020.0,3020.0,2588.43701171875,78989400,0.0,0.0,yfinance_raw_daily
2024-09-06,3010.0,3050.0,3010.0,3040.0,2605.578857421875,82391200,0.0,0.0,yfinance_raw_daily
2024-09-09,3050.0,3080.0,3000.0,3030.0,2597.0078125,69264400,0.0,0.0,yfinance_raw_daily
2024-09-10,3060.0,3060.0,3020.0,3030.0,2597.0078125,46436100,0.0,0.0,yfinance_raw_daily
2024-09-11,3030.0,3050.0,3020.0,3040.0,2605.578857421875,62899600,0.0,0.0,yfinance_raw_daily
2024-09-12,3060.0,3070.0,3050.0,3050.0,2614.14990234375,85785000,0.0,0.0,yfinance_raw_daily
2024-09-13,3080.0,3120.0,3070.0,3110.0,2665.57568359375,125032200,0.0,0.0,yfinance_raw_daily
2024-09-17,3120.0,3130.0,3080.0,3090.0,2648.433837890625,56181000,0.0,0.0,yfinance_raw_daily
2024-09-18,3120.0,3130.0,3100.0,3120.0,2674.146728515625,87120700,0.0,0.0,yfinance_raw_daily
2024-09-19,3140.0,3150.0,3120.0,3140.0,2691.288818359375,130418300,0.0,0.0,yfinance_raw_daily
2024-09-20,3150.0,3170.0,3120.0,3150.0,2699.859619140625,152477400,0.0,0.0,yfinance_raw_daily
2024-09-23,3150.0,3180.0,3130.0,3170.0,2717.001708984375,82274400,0.0,0.0,yfinance_raw_daily
2024-09-24,3180.0,3180.0,3150.0,3160.0,2708.4306640625,92256900,0.0,0.0,yfinance_raw_daily
2024-09-25,3100.0,3190.0,3060.0,3190.0,2734.1435546875,215241700,0.0,0.0,yfinance_raw_daily
2024-09-26,3170.0,3180.0,3120.0,3170.0,2717.001708984375,120042500,0.0,0.0,yfinance_raw_daily
2024-09-27,3130.0,3140.0,3010.0,3050.0,2614.14990234375,291217300,0.0,0.0,yfinance_raw_daily
2024-09-30,3030.0,3030.0,2990.0,2990.0,2562.72412109375,150844800,0.0,0.0,yfinance_raw_daily
2024-10-01,2990.0,3040.0,2990.0,3020.0,2588.43701171875,77208500,0.0,0.0,yfinance_raw_daily
2024-10-02,2950.0,2980.0,2920.0,2920.0,2502.72705078125,124629400,0.0,0.0,yfinance_raw_daily
2024-10-03,2950.0,2950.0,2890.0,2890.0,2477.01416015625,92510900,0.0,0.0,yfinance_raw_daily
2024-10-04,2900.0,2930.0,2860.0,2880.0,2468.443115234375,76757200,0.0,0.0,yfinance_raw_daily
2024-10-07,2910.0,2910.0,2870.0,2900.0,2485.585205078125,84507100,0.0,0.0,yfinance_raw_daily
2024-10-08,2890.0,2990.0,2870.0,2990.0,2562.72412109375,135357200,0.0,0.0,yfinance_raw_daily
2024-10-09,2980.0,3010.0,2960.0,2960.0,2537.010986328125,69435900,0.0,0.0,yfinance_raw_daily
2024-10-10,2960.0,2980.0,2940.0,2950.0,2528.43994140625,57867000,0.0,0.0,yfinance_raw_daily
2024-10-11,3000.0,3000.0,2920.0,2940.0,2519.869140625,40454300,0.0,0.0,yfinance_raw_daily
2024-10-14,2930.0,2970.0,2900.0,2900.0,2485.585205078125,66631500,0.0,0.0,yfinance_raw_daily
2024-10-15,2920.0,2970.0,2910.0,2940.0,2519.869140625,74529600,0.0,0.0,yfinance_raw_daily
2024-10-16,2970.0,3000.0,2930.0,3000.0,2571.294921875,163988000,0.0,0.0,yfinance_raw_daily
2024-10-17,3000.0,3060.0,2980.0,3040.0,2605.578857421875,107040100,0.0,0.0,yfinance_raw_daily
2024-10-18,3050.0,3130.0,3040.0,3100.0,2657.004638671875,138783600,0.0,0.0,yfinance_raw_daily
2024-10-21,3100.0,3130.0,3060.0,3100.0,2657.004638671875,92240300,0.0,0.0,yfinance_raw_daily
2024-10-22,3060.0,3070.0,3010.0,3010.0,2579.86572265625,93662500,0.0,0.0,yfinance_raw_daily
2024-10-23,2940.0,2980.0,2930.0,2940.0,2519.869140625,99423700,0.0,0.0,yfinance_raw_daily
2024-10-24,2940.0,2960.0,2900.0,2900.0,2485.585205078125,72559000,0.0,0.0,yfinance_raw_daily
2024-10-25,2900.0,2950.0,2900.0,2910.0,2494.156005859375,50694200,0.0,0.0,yfinance_raw_daily
2024-10-28,2920.0,2940.0,2900.0,2920.0,2502.72705078125,38720700,0.0,0.0,yfinance_raw_daily
2024-10-29,2910.0,2930.0,2880.0,2900.0,2485.585205078125,67727500,0.0,0.0,yfinance_raw_daily
2024-10-30,2880.0,2900.0,2850.0,2900.0,2485.585205078125,123573100,0.0,0.0,yfinance_raw_daily
2024-10-31,2860.0,2870.0,2820.0,2820.0,2417.017333984375,139590300,0.0,0.0,yfinance_raw_daily
2024-11-01,2820.0,2840.0,2760.0,2780.0,2382.7333984375,99364500,0.0,0.0,yfinance_raw_daily
2024-11-04,2780.0,2810.0,2750.0,2800.0,2399.875244140625,63112300,0.0,0.0,yfinance_raw_daily
2024-11-05,2800.0,2810.0,2730.0,2770.0,2374.162353515625,96721100,0.0,0.0,yfinance_raw_daily
2024-11-06,2780.0,2800.0,2740.0,2740.0,2348.44921875,66808900,0.0,0.0,yfinance_raw_daily
2024-11-07,2760.0,2790.0,2740.0,2760.0,2365.59130859375,79485800,0.0,0.0,yfinance_raw_daily
2024-11-08,2760.0,2780.0,2750.0,2750.0,2357.020263671875,66113200,0.0,0.0,yfinance_raw_daily
2024-11-11,2720.0,2730.0,2650.0,2690.0,2305.59423828125,108153500,0.0,0.0,yfinance_raw_daily
2024-11-12,2660.0,2670.0,2600.0,2600.0,2228.45556640625,215910600,0.0,0.0,yfinance_raw_daily
2024-11-13,2610.0,2630.0,2570.0,2580.0,2211.313720703125,142812600,0.0,0.0,yfinance_raw_daily
2024-11-14,2550.0,2590.0,2530.0,2530.0,2168.458740234375,185269500,0.0,0.0,yfinance_raw_daily
2024-11-15,2500.0,2580.0,2500.0,2540.0,2177.029541015625,103680400,0.0,0.0,yfinance_raw_daily
2024-11-18,2540.0,2610.0,2520.0,2590.0,2219.884521484375,119481300,0.0,0.0,yfinance_raw_daily
2024-11-19,2610.0,2850.0,2590.0,2780.0,2382.7333984375,275670300,0.0,0.0,yfinance_raw_daily
2024-11-20,2740.0,2750.0,2640.0,2680.0,2297.0234375,150242900,0.0,0.0,yfinance_raw_daily
2024-11-21,2680.0,2810.0,2680.0,2770.0,2374.162353515625,128294600,0.0,0.0,yfinance_raw_daily
2024-11-22,2750.0,2790.0,2720.0,2750.0,2357.020263671875,135265300,0.0,0.0,yfinance_raw_daily
2024-11-25,2740.0,2780.0,2720.0,2740.0,2348.44921875,358617100,0.0,0.0,yfinance_raw_daily
2024-11-26,2770.0,2800.0,2680.0,2710.0,2322.736328125,106721000,0.0,0.0,yfinance_raw_daily
2024-11-28,2680.0,2750.0,2680.0,2720.0,2331.307373046875,102808400,0.0,0.0,yfinance_raw_daily
2024-11-29,2700.0,2760.0,2700.0,2710.0,2322.736328125,103162000,0.0,0.0,yfinance_raw_daily
2024-12-02,2720.0,2730.0,2680.0,2680.0,2297.0234375,66025900,0.0,0.0,yfinance_raw_daily
2024-12-03,2760.0,2830.0,2710.0,2820.0,2417.017333984375,167603900,0.0,0.0,yfinance_raw_daily
2024-12-04,2820.0,2850.0,2800.0,2840.0,2434.159423828125,83412800,0.0,0.0,yfinance_raw_daily
2024-12-05,2840.0,2840.0,2730.0,2770.0,2374.162353515625,96025400,0.0,0.0,yfinance_raw_daily
2024-12-06,2740.0,2780.0,2740.0,2760.0,2365.59130859375,48179800,0.0,0.0,yfinance_raw_daily
2024-12-09,2760.0,2770.0,2730.0,2740.0,2348.44921875,63671900,0.0,0.0,yfinance_raw_daily
2024-12-10,2770.0,2830.0,2750.0,2770.0,2374.162353515625,124138200,0.0,0.0,yfinance_raw_daily
2024-12-11,2770.0,2880.0,2770.0,2860.0,2451.301025390625,140611400,0.0,0.0,yfinance_raw_daily
2024-12-12,2830.0,2850.0,2780.0,2820.0,2417.017333984375,66977700,0.0,0.0,yfinance_raw_daily
2024-12-13,2770.0,2790.0,2750.0,2790.0,2391.30419921875,77540100,0.0,0.0,yfinance_raw_daily
2024-12-16,2760.0,2760.0,2650.0,2660.0,2279.88134765625,147655600,0.0,0.0,yfinance_raw_daily
2024-12-17,2630.0,2650.0,2600.0,2620.0,2245.59765625,113785500,0.0,0.0,yfinance_raw_daily
2024-12-18,2620.0,2660.0,2570.0,2570.0,2202.74267578125,79565300,0.0,0.0,yfinance_raw_daily
2024-12-19,2510.0,2560.0,2500.0,2530.0,2168.458740234375,123504200,0.0,0.0,yfinance_raw_daily
2024-12-20,2530.0,2570.0,2520.0,2550.0,2185.600830078125,110308800,0.0,0.0,yfinance_raw_daily
2024-12-23,2580.0,2670.0,2580.0,2650.0,2271.310546875,72113700,0.0,0.0,yfinance_raw_daily
2024-12-24,2680.0,2750.0,2620.0,2740.0,2348.44921875,117582400,0.0,0.0,yfinance_raw_daily
2024-12-27,2770.0,2800.0,2710.0,2750.0,2357.020263671875,92727600,0.0,0.0,yfinance_raw_daily
2024-12-30,2720.0,2760.0,2700.0,2710.0,2322.736328125,74279200,0.0,0.0,yfinance_raw_daily
2025-01-02,2710.0,2740.0,2680.0,2700.0,2314.16552734375,38776700,0.0,0.0,yfinance_raw_daily
2025-01-03,2740.0,2770.0,2730.0,2750.0,2357.020263671875,49907500,0.0,0.0,yfinance_raw_daily
2025-01-06,2760.0,2770.0,2660.0,2690.0,2305.59423828125,54087800,0.0,0.0,yfinance_raw_daily
2025-01-07,2670.0,2680.0,2570.0,2570.0,2202.74267578125,109758000,0.0,0.0,yfinance_raw_daily
2025-01-08,2590.0,2700.0,2590.0,2650.0,2271.310546875,100688500,0.0,0.0,yfinance_raw_daily
2025-01-09,2690.0,2700.0,2620.0,2620.0,2245.59765625,55206700,0.0,0.0,yfinance_raw_daily
2025-01-10,2640.0,2690.0,2630.0,2680.0,2297.0234375,54496800,0.0,0.0,yfinance_raw_daily
2025-01-13,2670.0,2740.0,2650.0,2670.0,2288.45263671875,90816500,0.0,0.0,yfinance_raw_daily
2025-01-14,2670.0,2690.0,2610.0,2620.0,2245.59765625,53116800,0.0,0.0,yfinance_raw_daily
2025-01-15,2640.0,2670.0,2620.0,2630.0,2254.16845703125,52867900,0.0,0.0,yfinance_raw_daily
2025-01-16,2660.0,2660.0,2590.0,2590.0,2219.884521484375,118890200,0.0,0.0,yfinance_raw_daily
2025-01-17,2630.0,2680.0,2610.0,2660.0,2279.88134765625,107245400,0.0,0.0,yfinance_raw_daily
2025-01-20,2670.0,2690.0,2610.0,2610.0,2237.026611328125,49752300,0.0,0.0,yfinance_raw_daily
2025-01-21,2630.0,2660.0,2600.0,2630.0,2254.16845703125,86549000,0.0,0.0,yfinance_raw_daily
2025-01-22,2680.0,2750.0,2650.0,2730.0,2339.87841796875,128617700,0.0,0.0,yfinance_raw_daily
2025-01-23,2730.0,2750.0,2710.0,2710.0,2322.736328125,63216100,0.0,0.0,yfinance_raw_daily
2025-01-24,2740.0,2750.0,2690.0,2690.0,2305.59423828125,49844700,0.0,0.0,yfinance_raw_daily
2025-01-30,2690.0,2710.0,2610.0,2640.0,2262.739501953125,89736900,0.0,0.0,yfinance_raw_daily
2025-01-31,2660.0,2710.0,2660.0,2660.0,2279.88134765625,83736900,0.0,0.0,yfinance_raw_daily
2025-02-03,2620.0,2630.0,2560.0,2630.0,2254.16845703125,91801900,0.0,0.0,yfinance_raw_daily
2025-02-04,2640.0,2660.0,2590.0,2640.0,2262.739501953125,95311100,0.0,0.0,yfinance_raw_daily
2025-02-05,2600.0,2640.0,2590.0,2620.0,2245.59765625,110400300,0.0,0.0,yfinance_raw_daily
2025-02-06,2630.0,2630.0,2520.0,2560.0,2194.171630859375,90471900,0.0,0.0,yfinance_raw_daily
2025-02-07,2550.0,2590.0,2510.0,2590.0,2219.884521484375,105020200,0.0,0.0,yfinance_raw_daily
2025-02-10,2520.0,2550.0,2440.0,2440.0,2091.31982421875,153328500,0.0,0.0,yfinance_raw_daily
2025-02-11,2430.0,2450.0,2300.0,2320.0,1988.468017578125,254907800,0.0,0.0,yfinance_raw_daily
2025-02-12,2360.0,2480.0,2350.0,2480.0,2125.603759765625,173407600,0.0,0.0,yfinance_raw_daily
2025-02-13,2370.0,2420.0,2310.0,2420.0,2074.177734375,219425500,0.0,0.0,yfinance_raw_daily
2025-02-14,2460.0,2530.0,2440.0,2530.0,2168.458740234375,156474300,0.0,0.0,yfinance_raw_daily
2025-02-17,2570.0,2650.0,2530.0,2650.0,2271.310546875,113998200,0.0,0.0,yfinance_raw_daily
2025-02-18,2660.0,2710.0,2630.0,2680.0,2297.0234375,115881200,0.0,0.0,yfinance_raw_daily
2025-02-19,2680.0,2690.0,2600.0,2670.0,2288.45263671875,119388200,0.0,0.0,yfinance_raw_daily
2025-02-20,2650.0,2680.0,2620.0,2670.0,2288.45263671875,90411700,0.0,0.0,yfinance_raw_daily
2025-02-21,2670.0,2680.0,2630.0,2650.0,2271.310546875,75110600,0.0,0.0,yfinance_raw_daily
2025-02-24,2630.0,2640.0,2570.0,2600.0,2228.45556640625,42327600,0.0,0.0,yfinance_raw_daily
2025-02-25,2560.0,2580.0,2460.0,2460.0,2108.4619140625,111687700,0.0,0.0,yfinance_raw_daily
2025-02-26,2500.0,2520.0,2460.0,2520.0,2159.8876953125,65752000,0.0,0.0,yfinance_raw_daily
2025-02-27,2520.0,2560.0,2430.0,2490.0,2134.1748046875,88741400,0.0,0.0,yfinance_raw_daily
2025-02-28,2470.0,2470.0,2350.0,2350.0,2014.18115234375,249795300,0.0,0.0,yfinance_raw_daily
2025-03-03,2400.0,2420.0,2370.0,2400.0,2057.0361328125,178833400,0.0,0.0,yfinance_raw_daily
2025-03-04,2400.0,2440.0,2350.0,2380.0,2039.89404296875,131347800,0.0,0.0,yfinance_raw_daily
2025-03-05,2420.0,2470.0,2410.0,2450.0,2099.890869140625,167407400,0.0,0.0,yfinance_raw_daily
2025-03-06,2490.0,2510.0,2400.0,2400.0,2057.0361328125,131136100,0.0,0.0,yfinance_raw_daily
2025-03-07,2430.0,2470.0,2350.0,2410.0,2065.60693359375,182407000,0.0,0.0,yfinance_raw_daily
2025-03-10,2430.0,2430.0,2370.0,2390.0,2048.46484375,88949400,0.0,0.0,yfinance_raw_daily
2025-03-11,2380.0,2390.0,2350.0,2370.0,2031.3228759765625,102235600,0.0,0.0,yfinance_raw_daily
2025-03-12,2410.0,2490.0,2400.0,2450.0,2099.890869140625,98938700,0.0,0.0,yfinance_raw_daily
2025-03-13,2470.0,2490.0,2420.0,2430.0,2082.7490234375,66706500,0.0,0.0,yfinance_raw_daily
2025-03-14,2450.0,2480.0,2410.0,2420.0,2074.177734375,107627100,0.0,0.0,yfinance_raw_daily
2025-03-17,2420.0,2450.0,2410.0,2420.0,2074.177734375,58129400,0.0,0.0,yfinance_raw_daily
2025-03-18,2450.0,2470.0,2300.0,2420.0,2074.177734375,139758600,0.0,0.0,yfinance_raw_daily
2025-03-19,2420.0,2440.0,2380.0,2430.0,2082.7490234375,96825800,0.0,0.0,yfinance_raw_daily
2025-03-20,2440.0,2440.0,2350.0,2390.0,2048.46484375,94823100,0.0,0.0,yfinance_raw_daily
2025-03-21,2370.0,2380.0,2300.0,2310.0,1979.8970947265625,204534000,0.0,0.0,yfinance_raw_daily
2025-03-24,2320.0,2360.0,2240.0,2330.0,1997.0390625,105865000,0.0,0.0,yfinance_raw_daily
2025-03-25,2340.0,2360.0,2300.0,2340.0,2005.6099853515625,107964200,0.0,0.0,yfinance_raw_daily
2025-03-26,2360.0,2460.0,2350.0,2440.0,2091.31982421875,215856700,0.0,0.0,yfinance_raw_daily
2025-03-27,2430.0,2430.0,2390.0,2410.0,2065.60693359375,120411200,0.0,0.0,yfinance_raw_daily
2025-04-08,2050.0,2300.0,2050.0,2290.0,1962.755126953125,409973200,0.0,0.0,yfinance_raw_daily
2025-04-09,2440.0,2440.0,2300.0,2320.0,1988.468017578125,120363300,0.0,0.0,yfinance_raw_daily
2025-04-10,2450.0,2470.0,2320.0,2350.0,2014.18115234375,139327100,0.0,0.0,yfinance_raw_daily
2025-04-11,2320.0,2350.0,2300.0,2330.0,1997.0390625,60214100,0.0,0.0,yfinance_raw_daily
2025-04-14,2320.0,2430.0,2310.0,2430.0,2082.7490234375,116968600,0.0,0.0,yfinance_raw_daily
2025-04-15,2460.0,2470.0,2420.0,2450.0,2099.890869140625,99064500,0.0,0.0,yfinance_raw_daily
2025-04-16,2490.0,2510.0,2450.0,2480.0,2125.603759765625,121853000,0.0,0.0,yfinance_raw_daily
2025-04-17,2500.0,2660.0,2490.0,2550.0,2185.600830078125,195577900,0.0,0.0,yfinance_raw_daily
2025-04-21,2600.0,2610.0,2510.0,2570.0,2202.74267578125,84209300,0.0,0.0,yfinance_raw_daily
2025-04-22,2570.0,2570.0,2520.0,2550.0,2185.600830078125,44958000,0.0,0.0,yfinance_raw_daily
2025-04-23,2580.0,2640.0,2570.0,2630.0,2254.16845703125,128704200,0.0,0.0,yfinance_raw_daily
2025-04-24,2630.0,2650.0,2600.0,2630.0,2254.16845703125,75733400,0.0,0.0,yfinance_raw_daily
2025-04-25,2630.0,2650.0,2570.0,2600.0,2228.45556640625,93439600,0.0,0.0,yfinance_raw_daily
2025-04-28,2600.0,2610.0,2560.0,2560.0,2194.171630859375,51086400,0.0,0.0,yfinance_raw_daily
2025-04-29,2570.0,2600.0,2560.0,2590.0,2219.884521484375,56546100,0.0,0.0,yfinance_raw_daily
2025-04-30,2600.0,2640.0,2600.0,2640.0,2262.739501953125,96333300,0.0,0.0,yfinance_raw_daily
2025-05-02,2640.0,2720.0,2620.0,2680.0,2297.0234375,132357600,0.0,0.0,yfinance_raw_daily
2025-05-05,2710.0,2710.0,2670.0,2700.0,2314.16552734375,85592500,0.0,0.0,yfinance_raw_daily
2025-05-06,2720.0,2730.0,2680.0,2680.0,2297.0234375,76948300,0.0,0.0,yfinance_raw_daily
2025-05-07,2680.0,2690.0,2620.0,2620.0,2245.59765625,100293700,0.0,0.0,yfinance_raw_daily
2025-05-08,2630.0,2640.0,2570.0,2570.0,2202.74267578125,122965300,0.0,0.0,yfinance_raw_daily
2025-05-09,2570.0,2630.0,2570.0,2600.0,2228.45556640625,59433500,0.0,0.0,yfinance_raw_daily
2025-05-14,2530.0,2620.0,2530.0,2590.0,2219.884521484375,132760900,0.0,0.0,yfinance_raw_daily
2025-05-15,2580.0,2690.0,2580.0,2660.0,2279.88134765625,120039700,0.0,0.0,yfinance_raw_daily
2025-05-16,2710.0,2750.0,2680.0,2740.0,2348.44921875,101569600,0.0,0.0,yfinance_raw_daily
2025-05-19,2760.0,2860.0,2740.0,2820.0,2417.017333984375,164194700,0.0,0.0,yfinance_raw_daily
2025-05-20,2830.0,2840.0,2740.0,2740.0,2348.44921875,129805200,0.0,0.0,yfinance_raw_daily
2025-05-21,2710.0,2780.0,2690.0,2750.0,2357.020263671875,120242100,0.0,0.0,yfinance_raw_daily
2025-05-22,2750.0,2850.0,2750.0,2800.0,2399.875244140625,131277300,0.0,0.0,yfinance_raw_daily
2025-05-23,2710.0,2720.0,2690.0,2690.0,2305.59423828125,141199500,0.0,0.0,yfinance_raw_daily
2025-05-26,2720.0,2820.0,2700.0,2800.0,2399.875244140625,186806300,0.0,0.0,yfinance_raw_daily
2025-05-27,2840.0,2880.0,2790.0,2830.0,2425.588134765625,279180500,0.0,0.0,yfinance_raw_daily
2025-05-28,2860.0,2870.0,2800.0,2820.0,2417.017333984375,531309500,0.0,0.0,yfinance_raw_daily
2025-06-02,2780.0,2820.0,2750.0,2780.0,2382.7333984375,211393400,0.0,0.0,yfinance_raw_daily
2025-06-03,2780.0,2830.0,2730.0,2800.0,2399.875244140625,142896600,0.0,0.0,yfinance_raw_daily
2025-06-04,2810.0,2860.0,2810.0,2820.0,2417.017333984375,125006700,0.0,0.0,yfinance_raw_daily
2025-06-05,2850.0,2850.0,2820.0,2840.0,2434.159423828125,95008500,0.0,0.0,yfinance_raw_daily
2025-06-10,2920.0,2920.0,2880.0,2910.0,2494.156005859375,213564000,0.0,0.0,yfinance_raw_daily
2025-06-11,2750.0,2810.0,2730.0,2800.0,2588.897216796875,200609800,212.4665,0.0,yfinance_raw_daily
2025-06-12,2830.0,2830.0,2750.0,2780.0,2570.405029296875,97099100,0.0,0.0,yfinance_raw_daily
2025-06-13,2770.0,2770.0,2720.0,2740.0,2533.4208984375,81111300,0.0,0.0,yfinance_raw_daily
2025-06-16,2740.0,2770.0,2730.0,2740.0,2533.4208984375,46641000,0.0,0.0,yfinance_raw_daily
2025-06-17,2800.0,2800.0,2760.0,2760.0,2551.912841796875,59643500,0.0,0.0,yfinance_raw_daily
2025-06-18,2770.0,2800.0,2760.0,2770.0,2561.158935546875,70757600,0.0,0.0,yfinance_raw_daily
2025-06-19,2740.0,2780.0,2630.0,2690.0,2487.1904296875,98911200,0.0,0.0,yfinance_raw_daily
2025-06-20,2700.0,2710.0,2640.0,2640.0,2440.960205078125,243027500,0.0,0.0,yfinance_raw_daily
2025-06-23,2610.0,2610.0,2560.0,2580.0,2385.48388671875,73554200,0.0,0.0,yfinance_raw_daily
2025-06-24,2600.0,2670.0,2580.0,2590.0,2394.72998046875,107300200,0.0,0.0,yfinance_raw_daily
2025-06-25,2650.0,2650.0,2560.0,2620.0,2422.468017578125,79958900,0.0,0.0,yfinance_raw_daily
2025-06-26,2620.0,2710.0,2590.0,2710.0,2505.6826171875,132868200,0.0,0.0,yfinance_raw_daily
2025-06-30,2780.0,2790.0,2730.0,2780.0,2570.405029296875,124299500,0.0,0.0,yfinance_raw_daily
2025-07-01,2800.0,2810.0,2760.0,2810.0,2598.143310546875,73006700,0.0,0.0,yfinance_raw_daily
2025-07-02,2820.0,2820.0,2730.0,2780.0,2570.405029296875,92321600,0.0,0.0,yfinance_raw_daily
2025-07-03,2780.0,2810.0,2690.0,2710.0,2505.6826171875,69094400,0.0,0.0,yfinance_raw_daily
2025-07-04,2710.0,2720.0,2620.0,2630.0,2431.714111328125,53587300,0.0,0.0,yfinance_raw_daily
2025-07-07,2630.0,2700.0,2610.0,2700.0,2496.4365234375,33446600,0.0,0.0,yfinance_raw_daily
2025-07-08,2680.0,2700.0,2640.0,2650.0,2450.206298828125,45926000,0.0,0.0,yfinance_raw_daily
2025-07-09,2650.0,2680.0,2640.0,2670.0,2468.698486328125,44897100,0.0,0.0,yfinance_raw_daily
2025-07-10,2690.0,2710.0,2650.0,2690.0,2487.1904296875,41108700,0.0,0.0,yfinance_raw_daily
2025-07-11,2710.0,2730.0,2690.0,2730.0,2524.1748046875,47851300,0.0,0.0,yfinance_raw_daily
2025-07-14,2700.0,2710.0,2640.0,2690.0,2487.1904296875,60458400,0.0,0.0,yfinance_raw_daily
2025-07-15,2690.0,2690.0,2640.0,2640.0,2440.960205078125,35309100,0.0,0.0,yfinance_raw_daily
2025-07-16,2660.0,2680.0,2650.0,2650.0,2450.206298828125,43385900,0.0,0.0,yfinance_raw_daily
2025-07-17,2700.0,2770.0,2660.0,2770.0,2561.158935546875,102642100,0.0,0.0,yfinance_raw_daily
2025-07-18,2800.0,2800.0,2750.0,2770.0,2561.158935546875,83762800,0.0,0.0,yfinance_raw_daily
2025-07-21,2800.0,2800.0,2750.0,2800.0,2588.897216796875,52553200,0.0,0.0,yfinance_raw_daily
2025-07-22,2800.0,2850.0,2800.0,2850.0,2635.12744140625,108243300,0.0,0.0,yfinance_raw_daily
2025-07-23,2870.0,2870.0,2840.0,2850.0,2635.12744140625,86077600,0.0,0.0,yfinance_raw_daily
2025-07-24,2860.0,2870.0,2800.0,2840.0,2625.88134765625,74224200,0.0,0.0,yfinance_raw_daily
2025-07-25,2810.0,2830.0,2780.0,2820.0,2607.389404296875,41296200,0.0,0.0,yfinance_raw_daily
2025-07-28,2870.0,2870.0,2830.0,2860.0,2644.37353515625,40193800,0.0,0.0,yfinance_raw_daily
2025-07-29,2870.0,2880.0,2840.0,2880.0,2662.86572265625,46357400,0.0,0.0,yfinance_raw_daily
2025-07-30,2890.0,2890.0,2850.0,2880.0,2662.86572265625,99062400,0.0,0.0,yfinance_raw_daily
2025-07-31,2890.0,2930.0,2860.0,2880.0,2662.86572265625,201065700,0.0,0.0,yfinance_raw_daily
2025-08-01,2960.0,2990.0,2910.0,2980.0,2755.326416015625,130977000,0.0,0.0,yfinance_raw_daily
2025-08-04,3000.0,3030.0,2990.0,3030.0,2801.556640625,96385300,0.0,0.0,yfinance_raw_daily
2025-08-05,3050.0,3050.0,2990.0,3030.0,2801.556640625,99396900,0.0,0.0,yfinance_raw_daily
2025-08-06,3000.0,3010.0,2960.0,2990.0,2764.572265625,86215200,0.0,0.0,yfinance_raw_daily
2025-08-07,2990.0,2990.0,2930.0,2950.0,2727.588134765625,46506200,0.0,0.0,yfinance_raw_daily
2025-08-08,2950.0,2960.0,2930.0,2940.0,2718.342041015625,46945800,0.0,0.0,yfinance_raw_daily
2025-08-11,2990.0,3010.0,2970.0,2990.0,2764.572265625,74978300,0.0,0.0,yfinance_raw_daily
2025-08-12,3050.0,3200.0,3010.0,3180.0,2940.24755859375,217607800,0.0,0.0,yfinance_raw_daily
2025-08-13,3220.0,3420.0,3210.0,3360.0,3106.6767578125,465722400,0.0,0.0,yfinance_raw_daily
2025-08-14,3370.0,3490.0,3370.0,3420.0,3162.153076171875,232557200,0.0,0.0,yfinance_raw_daily
2025-08-15,3360.0,3410.0,3310.0,3310.0,3060.4462890625,182893900,0.0,0.0,yfinance_raw_daily
2025-08-19,3260.0,3330.0,3240.0,3250.0,3004.969970703125,164921000,0.0,0.0,yfinance_raw_daily
2025-08-20,3220.0,3290.0,3220.0,3220.0,2977.231689453125,80084600,0.0,0.0,yfinance_raw_daily
2025-08-21,3210.0,3270.0,3210.0,3250.0,3004.969970703125,63861900,0.0,0.0,yfinance_raw_daily
2025-08-22,3270.0,3290.0,3220.0,3240.0,2995.723876953125,61351700,0.0,0.0,yfinance_raw_daily
2025-08-25,3280.0,3350.0,3250.0,3310.0,3060.4462890625,93221500,0.0,0.0,yfinance_raw_daily
2025-08-26,3310.0,3320.0,3230.0,3260.0,3014.216064453125,227364800,0.0,0.0,yfinance_raw_daily
2025-08-27,3200.0,3250.0,3100.0,3170.0,2931.00146484375,118158900,0.0,0.0,yfinance_raw_daily
2025-08-28,3160.0,3220.0,3150.0,3180.0,2940.24755859375,55940600,0.0,0.0,yfinance_raw_daily
2025-08-29,3180.0,3210.0,3100.0,3130.0,2894.017333984375,72585500,0.0,0.0,yfinance_raw_daily
2025-09-01,3080.0,3110.0,2960.0,3110.0,2875.525146484375,130027900,0.0,0.0,yfinance_raw_daily
2025-09-02,3120.0,3140.0,3050.0,3070.0,2838.540771484375,64402900,0.0,0.0,yfinance_raw_daily
2025-09-03,3080.0,3170.0,3070.0,3110.0,2875.525146484375,113875700,0.0,0.0,yfinance_raw_daily
2025-09-04,3090.0,3170.0,3090.0,3150.0,2912.50927734375,37223800,0.0,0.0,yfinance_raw_daily
2025-09-08,3300.0,3300.0,3090.0,3090.0,2857.032958984375,93725000,0.0,0.0,yfinance_raw_daily
2025-09-09,3100.0,3130.0,3000.0,3050.0,2820.048828125,104463400,0.0,0.0,yfinance_raw_daily
2025-09-10,3070.0,3180.0,3050.0,3150.0,2912.50927734375,49840200,0.0,0.0,yfinance_raw_daily
2025-09-11,3180.0,3190.0,3070.0,3080.0,2847.786865234375,71919900,0.0,0.0,yfinance_raw_daily
2025-09-12,3090.0,3110.0,3050.0,3100.0,2866.279052734375,61521400,0.0,0.0,yfinance_raw_daily
2025-09-15,3150.0,3260.0,3130.0,3260.0,3014.216064453125,115361300,0.0,0.0,yfinance_raw_daily
2025-09-16,3300.0,3300.0,3260.0,3300.0,3051.2001953125,80642900,0.0,0.0,yfinance_raw_daily
2025-09-17,3300.0,3340.0,3210.0,3340.0,3088.1845703125,73539700,0.0,0.0,yfinance_raw_daily
2025-09-18,3400.0,3400.0,3230.0,3250.0,3004.969970703125,99501600,0.0,0.0,yfinance_raw_daily
2025-09-19,3210.0,3300.0,3160.0,3230.0,2986.477783203125,113834400,0.0,0.0,yfinance_raw_daily
2025-09-22,3300.0,3300.0,3190.0,3220.0,2977.231689453125,53704700,0.0,0.0,yfinance_raw_daily
2025-09-23,3240.0,3260.0,3130.0,3190.0,2949.49365234375,40100300,0.0,0.0,yfinance_raw_daily
2025-09-24,3190.0,3190.0,3150.0,3160.0,2921.75537109375,37086500,0.0,0.0,yfinance_raw_daily
2025-09-25,3160.0,3200.0,3110.0,3120.0,2884.771240234375,37627500,0.0,0.0,yfinance_raw_daily
2025-09-26,3100.0,3160.0,3090.0,3110.0,2875.525146484375,66789300,0.0,0.0,yfinance_raw_daily
2025-09-29,3110.0,3130.0,3050.0,3080.0,2847.786865234375,85911300,0.0,0.0,yfinance_raw_daily
2025-09-30,3090.0,3140.0,3060.0,3060.0,2829.294921875,117025800,0.0,0.0,yfinance_raw_daily
2025-10-01,3060.0,3100.0,3060.0,3060.0,2829.294921875,59779700,0.0,0.0,yfinance_raw_daily
2025-10-02,3070.0,3200.0,3060.0,3130.0,2894.017333984375,113431700,0.0,0.0,yfinance_raw_daily
2025-10-03,3110.0,3130.0,3050.0,3070.0,2838.540771484375,59116700,0.0,0.0,yfinance_raw_daily
2025-10-06,3080.0,3090.0,2960.0,3010.0,2783.064453125,59707600,0.0,0.0,yfinance_raw_daily
2025-10-07,3030.0,3050.0,3000.0,3010.0,2783.064453125,30353000,0.0,0.0,yfinance_raw_daily
2025-10-08,3030.0,3040.0,2940.0,2990.0,2764.572265625,66090700,0.0,0.0,yfinance_raw_daily
2025-10-09,2950.0,3020.0,2950.0,3010.0,2783.064453125,54769300,0.0,0.0,yfinance_raw_daily
2025-10-10,3030.0,3080.0,3000.0,3040.0,2810.802734375,62254500,0.0,0.0,yfinance_raw_daily
2025-10-13,3020.0,3070.0,2980.0,3020.0,2792.310546875,46978500,0.0,0.0,yfinance_raw_daily
2025-10-14,3050.0,3070.0,2960.0,2960.0,2736.834228515625,38518800,0.0,0.0,yfinance_raw_daily
2025-10-15,3000.0,3090.0,2950.0,3080.0,2847.786865234375,67503700,0.0,0.0,yfinance_raw_daily
2025-10-16,2970.0,3020.0,2900.0,2950.0,2727.588134765625,103687000,0.0,0.0,yfinance_raw_daily
2025-10-17,2950.0,2960.0,2850.0,2880.0,2662.86572265625,82482200,0.0,0.0,yfinance_raw_daily
2025-10-20,2930.0,2970.0,2900.0,2940.0,2718.342041015625,96029300,0.0,0.0,yfinance_raw_daily
2025-10-21,2970.0,3290.0,2970.0,3280.0,3032.708251953125,223104600,0.0,0.0,yfinance_raw_daily
2025-10-22,3220.0,3220.0,3120.0,3150.0,2912.50927734375,128796800,0.0,0.0,yfinance_raw_daily
2025-10-23,3180.0,3400.0,3170.0,3360.0,3106.6767578125,218967200,0.0,0.0,yfinance_raw_daily
2025-10-24,3370.0,3440.0,3290.0,3290.0,3041.9541015625,115104000,0.0,0.0,yfinance_raw_daily
2025-10-27,3320.0,3360.0,3280.0,3330.0,3078.9384765625,105683900,0.0,0.0,yfinance_raw_daily
2025-10-28,3330.0,3480.0,3270.0,3400.0,3143.660888671875,143082100,0.0,0.0,yfinance_raw_daily
2025-10-29,3390.0,3390.0,3270.0,3290.0,3041.9541015625,93073800,0.0,0.0,yfinance_raw_daily
2025-10-30,3290.0,3310.0,3200.0,3250.0,3004.969970703125,83523100,0.0,0.0,yfinance_raw_daily
2025-10-31,3200.0,3250.0,3150.0,3210.0,2967.98583984375,126790400,0.0,0.0,yfinance_raw_daily
2025-11-03,3210.0,3380.0,3210.0,3350.0,3097.4306640625,107151300,0.0,0.0,yfinance_raw_daily
2025-11-04,3360.0,3590.0,3360.0,3500.0,3236.12158203125,227450800,0.0,0.0,yfinance_raw_daily
2025-11-05,3600.0,3630.0,3510.0,3540.0,3273.105712890625,182624300,0.0,0.0,yfinance_raw_daily
2025-11-06,3540.0,3550.0,3470.0,3480.0,3217.62939453125,71766000,0.0,0.0,yfinance_raw_daily
2025-11-07,3460.0,3490.0,3420.0,3470.0,3208.38330078125,58917900,0.0,0.0,yfinance_raw_daily
2025-11-10,3490.0,3550.0,3440.0,3440.0,3180.64501953125,88941900,0.0,0.0,yfinance_raw_daily
2025-11-11,3500.0,3530.0,3470.0,3520.0,3254.613525390625,63130300,0.0,0.0,yfinance_raw_daily
2025-11-12,3540.0,3590.0,3510.0,3560.0,3291.597900390625,61339600,0.0,0.0,yfinance_raw_daily
2025-11-13,3570.0,3570.0,3480.0,3500.0,3236.12158203125,57467900,0.0,0.0,yfinance_raw_daily
2025-11-14,3530.0,3560.0,3510.0,3550.0,3282.351806640625,55079600,0.0,0.0,yfinance_raw_daily
2025-11-17,3570.0,3630.0,3560.0,3610.0,3337.828125,76833800,0.0,0.0,yfinance_raw_daily
2025-11-18,3610.0,3630.0,3540.0,3620.0,3347.07421875,97747000,0.0,0.0,yfinance_raw_daily
2025-11-19,3620.0,3690.0,3620.0,3650.0,3374.8125,109911100,0.0,0.0,yfinance_raw_daily
2025-11-20,3650.0,3660.0,3620.0,3640.0,3365.56640625,52200700,0.0,0.0,yfinance_raw_daily
2025-11-21,3590.0,3610.0,3460.0,3500.0,3236.12158203125,93181600,0.0,0.0,yfinance_raw_daily
2025-11-24,3560.0,3700.0,3540.0,3700.0,3421.042724609375,241304000,0.0,0.0,yfinance_raw_daily
2025-11-25,3690.0,3690.0,3560.0,3650.0,3374.8125,84816600,0.0,0.0,yfinance_raw_daily
2025-11-26,3600.0,3720.0,3600.0,3720.0,3439.534912109375,111114600,0.0,0.0,yfinance_raw_daily
2025-11-27,3700.0,3700.0,3560.0,3570.0,3300.843994140625,48436500,0.0,0.0,yfinance_raw_daily
2025-11-28,3600.0,3630.0,3500.0,3510.0,3245.36767578125,70943000,0.0,0.0,yfinance_raw_daily
2025-12-01,3530.0,3650.0,3520.0,3650.0,3374.8125,89045500,0.0,0.0,yfinance_raw_daily
2025-12-02,3660.0,3670.0,3560.0,3560.0,3291.597900390625,62155900,0.0,0.0,yfinance_raw_daily
2025-12-03,3590.0,3650.0,3580.0,3580.0,3310.090087890625,60429900,0.0,0.0,yfinance_raw_daily
2025-12-04,3660.0,3660.0,3580.0,3630.0,3356.3203125,38947500,0.0,0.0,yfinance_raw_daily
2025-12-05,3630.0,3700.0,3610.0,3700.0,3421.042724609375,50641400,0.0,0.0,yfinance_raw_daily
2025-12-08,3700.0,3700.0,3600.0,3630.0,3356.3203125,64911000,0.0,0.0,yfinance_raw_daily
2025-12-09,3650.0,3650.0,3520.0,3570.0,3300.843994140625,94381800,0.0,0.0,yfinance_raw_daily
2025-12-10,3620.0,3700.0,3590.0,3640.0,3365.56640625,68644900,0.0,0.0,yfinance_raw_daily
2025-12-11,3670.0,3690.0,3500.0,3570.0,3300.843994140625,84823100,0.0,0.0,yfinance_raw_daily
2025-12-12,3630.0,3630.0,3500.0,3550.0,3282.351806640625,67076200,0.0,0.0,yfinance_raw_daily
2025-12-15,3550.0,3560.0,3460.0,3470.0,3208.38330078125,121707400,0.0,0.0,yfinance_raw_daily
2025-12-16,3490.0,3550.0,3470.0,3520.0,3254.613525390625,120576700,0.0,0.0,yfinance_raw_daily
2025-12-17,3540.0,3590.0,3490.0,3500.0,3236.12158203125,118452300,0.0,0.0,yfinance_raw_daily
2025-12-18,3540.0,3580.0,3460.0,3460.0,3199.13720703125,111042200,0.0,0.0,yfinance_raw_daily
2025-12-19,3520.0,3520.0,3390.0,3410.0,3152.906982421875,236770700,0.0,0.0,yfinance_raw_daily
2025-12-22,3440.0,3490.0,3420.0,3470.0,3208.38330078125,113720300,0.0,0.0,yfinance_raw_daily
2025-12-23,3470.0,3470.0,3420.0,3470.0,3208.38330078125,39083700,0.0,0.0,yfinance_raw_daily
2025-12-24,3480.0,3500.0,3440.0,3460.0,3199.13720703125,30919800,0.0,0.0,yfinance_raw_daily
2025-12-29,3480.0,3530.0,3460.0,3490.0,3226.87548828125,53079900,0.0,0.0,yfinance_raw_daily
2025-12-30,3490.0,3510.0,3480.0,3480.0,3217.62939453125,48019100,0.0,0.0,yfinance_raw_daily
2026-01-02,3510.0,3510.0,3450.0,3470.0,3208.38330078125,34812500,0.0,0.0,yfinance_raw_daily
2026-01-05,3490.0,3590.0,3480.0,3580.0,3310.090087890625,77224000,0.0,0.0,yfinance_raw_daily
2026-01-06,3600.0,3600.0,3490.0,3520.0,3254.613525390625,77477100,0.0,0.0,yfinance_raw_daily
2026-01-07,3540.0,3550.0,3500.0,3540.0,3273.105712890625,60466200,0.0,0.0,yfinance_raw_daily
2026-01-08,3540.0,3580.0,3520.0,3530.0,3263.859619140625,61219400,0.0,0.0,yfinance_raw_daily
2026-01-09,3550.0,3560.0,3450.0,3450.0,3189.89111328125,82708700,0.0,0.0,yfinance_raw_daily
2026-01-12,3470.0,3530.0,3460.0,3520.0,3254.613525390625,89165400,0.0,0.0,yfinance_raw_daily
2026-01-13,3600.0,3660.0,3550.0,3620.0,3347.07421875,129812000,0.0,0.0,yfinance_raw_daily
2026-01-14,3690.0,3700.0,3610.0,3650.0,3374.8125,98179400,0.0,0.0,yfinance_raw_daily
2026-01-15,3650.0,3680.0,3610.0,3660.0,3384.05859375,83981800,0.0,0.0,yfinance_raw_daily
2026-01-19,3590.0,3630.0,3490.0,3620.0,3347.07421875,147127900,0.0,0.0,yfinance_raw_daily
2026-01-20,3550.0,3680.0,3550.0,3600.0,3328.58203125,89987800,0.0,0.0,yfinance_raw_daily
2026-01-21,3670.0,3700.0,3570.0,3600.0,3328.58203125,104120400,0.0,0.0,yfinance_raw_daily
2026-01-22,3670.0,3790.0,3660.0,3740.0,3458.027099609375,149259700,0.0,0.0,yfinance_raw_daily
2026-01-23,3790.0,3800.0,3730.0,3770.0,3485.76513671875,109079700,0.0,0.0,yfinance_raw_daily
2026-01-26,3780.0,3850.0,3750.0,3850.0,3559.733642578125,91258600,0.0,0.0,yfinance_raw_daily
2026-01-27,3850.0,3990.0,3730.0,3940.0,3642.9482421875,161704800,0.0,0.0,yfinance_raw_daily
2026-01-28,3800.0,3800.0,3390.0,3470.0,3208.38330078125,439277400,0.0,0.0,yfinance_raw_daily
2026-01-29,3420.0,3500.0,3100.0,3450.0,3189.89111328125,582049700,0.0,0.0,yfinance_raw_daily
2026-01-30,3550.0,3740.0,3540.0,3600.0,3328.58203125,332372800,0.0,0.0,yfinance_raw_daily
2026-02-02,3670.0,3700.0,3430.0,3500.0,3236.12158203125,157041400,0.0,0.0,yfinance_raw_daily
2026-02-03,3540.0,3550.0,3420.0,3450.0,3189.89111328125,155611200,0.0,0.0,yfinance_raw_daily
2026-02-04,3420.0,3440.0,3260.0,3330.0,3078.9384765625,215692700,0.0,0.0,yfinance_raw_daily
2026-02-05,3350.0,3360.0,3260.0,3290.0,3041.9541015625,148908600,0.0,0.0,yfinance_raw_daily
2026-02-06,3310.0,3390.0,3270.0,3380.0,3125.168701171875,137552600,0.0,0.0,yfinance_raw_daily
2026-02-09,3430.0,3430.0,3340.0,3350.0,3097.4306640625,109053400,0.0,0.0,yfinance_raw_daily
2026-02-10,3380.0,3430.0,3360.0,3400.0,3143.660888671875,129254100,0.0,0.0,yfinance_raw_daily
2026-02-11,3430.0,3530.0,3420.0,3530.0,3263.859619140625,151785400,0.0,0.0,yfinance_raw_daily
2026-02-12,3500.0,3560.0,3470.0,3560.0,3291.597900390625,114656400,0.0,0.0,yfinance_raw_daily
2026-02-13,3540.0,3550.0,3440.0,3450.0,3189.89111328125,102244000,0.0,0.0,yfinance_raw_daily
2026-02-18,3470.0,3510.0,3460.0,3490.0,3226.87548828125,82797000,0.0,0.0,yfinance_raw_daily
2026-02-19,3500.0,3500.0,3460.0,3480.0,3217.62939453125,70690600,0.0,0.0,yfinance_raw_daily
2026-02-20,3490.0,3510.0,3430.0,3480.0,3217.62939453125,75231500,0.0,0.0,yfinance_raw_daily
2026-02-23,3480.0,3550.0,3480.0,3550.0,3282.351806640625,59621900,0.0,0.0,yfinance_raw_daily
2026-02-24,3600.0,3600.0,3510.0,3580.0,3310.090087890625,119024300,0.0,0.0,yfinance_raw_daily
2026-02-25,3580.0,3660.0,3580.0,3600.0,3328.58203125,66237300,0.0,0.0,yfinance_raw_daily
2026-02-26,3560.0,3650.0,3510.0,3650.0,3374.8125,111136200,0.0,0.0,yfinance_raw_daily
2026-02-27,3630.0,3630.0,3530.0,3540.0,3273.105712890625,140862100,0.0,0.0,yfinance_raw_daily
2026-03-02,3440.0,3490.0,3410.0,3450.0,3189.89111328125,80022100,0.0,0.0,yfinance_raw_daily
2026-03-03,3520.0,3530.0,3440.0,3450.0,3189.89111328125,125403800,0.0,0.0,yfinance_raw_daily
2026-03-04,3430.0,3450.0,3110.0,3200.0,2958.73974609375,206478300,0.0,0.0,yfinance_raw_daily
2026-03-05,3300.0,3350.0,3210.0,3260.0,3014.216064453125,137853600,0.0,0.0,yfinance_raw_daily
2026-03-06,3270.0,3290.0,3180.0,3190.0,2949.49365234375,84932600,0.0,0.0,yfinance_raw_daily
2026-03-09,3160.0,3160.0,3000.0,3100.0,2866.279052734375,126776600,0.0,0.0,yfinance_raw_daily
2026-03-10,3120.0,3150.0,2930.0,2960.0,2736.834228515625,288339600,0.0,0.0,yfinance_raw_daily
2026-03-11,3000.0,3020.0,2930.0,3000.0,2773.818359375,209073500,0.0,0.0,yfinance_raw_daily
2026-03-12,3020.0,3060.0,2980.0,3020.0,2792.310546875,100856000,0.0,0.0,yfinance_raw_daily
2026-03-13,3030.0,3050.0,2920.0,2970.0,2746.080322265625,102546800,0.0,0.0,yfinance_raw_daily
2026-03-16,2970.0,2980.0,2830.0,2960.0,2736.834228515625,95426400,0.0,0.0,yfinance_raw_daily
2026-03-17,3050.0,3050.0,2960.0,3050.0,2820.048828125,164842700,0.0,0.0,yfinance_raw_daily
2026-03-25,3140.0,3300.0,3130.0,3300.0,3051.2001953125,228354400,0.0,0.0,yfinance_raw_daily
2026-03-26,3240.0,3260.0,3130.0,3170.0,2931.00146484375,130477500,0.0,0.0,yfinance_raw_daily
2026-03-27,3150.0,3160.0,3050.0,3050.0,2820.048828125,72337500,0.0,0.0,yfinance_raw_daily
2026-03-30,3050.0,3110.0,3030.0,3040.0,2810.802734375,115529200,0.0,0.0,yfinance_raw_daily
2026-03-31,3130.0,3130.0,3040.0,3060.0,2829.294921875,95463800,0.0,0.0,yfinance_raw_daily
2026-04-01,3150.0,3150.0,3100.0,3150.0,2912.50927734375,68303100,0.0,0.0,yfinance_raw_daily
2026-04-02,3150.0,3160.0,3080.0,3130.0,2894.017333984375,56283200,0.0,0.0,yfinance_raw_daily
2026-04-06,3200.0,3200.0,3100.0,3160.0,2921.75537109375,37192400,0.0,0.0,yfinance_raw_daily
2026-04-07,3150.0,3160.0,3060.0,3100.0,2866.279052734375,49528200,0.0,0.0,yfinance_raw_daily
2026-04-08,3150.0,3180.0,3110.0,3160.0,2921.75537109375,78411200,0.0,0.0,yfinance_raw_daily
2026-04-09,3170.0,3190.0,3120.0,3190.0,2949.49365234375,58857300,0.0,0.0,yfinance_raw_daily
2026-04-10,3190.0,3220.0,3170.0,3210.0,2967.98583984375,70335700,0.0,0.0,yfinance_raw_daily
2026-04-13,3130.0,3200.0,3130.0,3190.0,2949.49365234375,77410000,0.0,0.0,yfinance_raw_daily
2026-04-14,3190.0,3200.0,3110.0,3120.0,2884.771240234375,92852900,0.0,0.0,yfinance_raw_daily
2026-04-15,3120.0,3150.0,3060.0,3090.0,2857.032958984375,89181500,0.0,0.0,yfinance_raw_daily
2026-04-16,3100.0,3150.0,3100.0,3120.0,2884.771240234375,57013000,0.0,0.0,yfinance_raw_daily
2026-04-17,3120.0,3150.0,3080.0,3100.0,2866.279052734375,96349500,0.0,0.0,yfinance_raw_daily
2026-04-20,3130.0,3160.0,3050.0,3100.0,2866.279052734375,142308900,0.0,0.0,yfinance_raw_daily
2026-04-21,3050.0,3070.0,2980.0,3010.0,2783.064453125,137586500,0.0,0.0,yfinance_raw_daily
2026-04-22,3010.0,3030.0,2990.0,3000.0,2773.818359375,57088500,0.0,0.0,yfinance_raw_daily
2026-04-23,3010.0,3020.0,2880.0,2880.0,2662.86572265625,164145000,0.0,0.0,yfinance_raw_daily
2026-04-24,2880.0,2940.0,2750.0,2810.0,2598.143310546875,254588000,0.0,0.0,yfinance_raw_daily
2026-04-27,2850.0,2850.0,2810.0,2830.0,2616.635498046875,77838700,0.0,0.0,yfinance_raw_daily
2026-04-28,2790.0,2820.0,2750.0,2820.0,2607.389404296875,146311100,0.0,0.0,yfinance_raw_daily
2026-04-29,2820.0,2880.0,2800.0,2870.0,2653.61962890625,144598700,0.0,0.0,yfinance_raw_daily
2026-04-30,2860.0,2870.0,2810.0,2810.0,2598.143310546875,134260800,0.0,0.0,yfinance_raw_daily
2026-05-04,2840.0,2890.0,2840.0,2890.0,2672.11181640625,81120300,0.0,0.0,yfinance_raw_daily
2026-05-05,2910.0,2940.0,2870.0,2880.0,2662.86572265625,71127200,0.0,0.0,yfinance_raw_daily
2026-05-06,2890.0,2910.0,2870.0,2900.0,2681.35791015625,82205900,0.0,0.0,yfinance_raw_daily
2026-05-07,2950.0,2980.0,2920.0,2930.0,2709.095947265625,102205600,0.0,0.0,yfinance_raw_daily
2026-05-08,2930.0,3000.0,2900.0,2960.0,2736.834228515625,102107300,0.0,0.0,yfinance_raw_daily
2026-05-11,2990.0,3010.0,2920.0,2960.0,2736.834228515625,58491000,0.0,0.0,yfinance_raw_daily
2026-05-12,3000.0,3000.0,2860.0,2950.0,2727.588134765625,91619700,0.0,0.0,yfinance_raw_daily
2026-05-13,2950.0,2970.0,2920.0,2960.0,2736.834228515625,62623700,0.0,0.0,yfinance_raw_daily
2026-05-14,2960.0,2960.0,2960.0,2960.0,2736.834228515625,0,0.0,0.0,yfinance_raw_daily
2026-05-15,2960.0,2960.0,2960.0,2960.0,2736.834228515625,0,0.0,0.0,yfinance_raw_daily
2026-05-18,2910.0,3080.0,2860.0,3080.0,2847.786865234375,148994300,0.0,0.0,yfinance_raw_daily
2026-05-19,3080.0,3130.0,3030.0,3080.0,2847.786865234375,147808100,0.0,0.0,yfinance_raw_daily
2026-05-20,3130.0,3190.0,3100.0,3100.0,2866.279052734375,191400600,0.0,0.0,yfinance_raw_daily
2026-05-21,3100.0,3120.0,2950.0,3000.0,2773.818359375,141907000,0.0,0.0,yfinance_raw_daily
2026-05-22,3000.0,3010.0,2850.0,2920.0,2699.849853515625,138085300,0.0,0.0,yfinance_raw_daily
2026-05-25,2880.0,2960.0,2870.0,2930.0,2709.095947265625,88999600,0.0,0.0,yfinance_raw_daily
2026-05-26,2950.0,3100.0,2940.0,3090.0,2857.032958984375,136083800,0.0,0.0,yfinance_raw_daily
2026-05-27,3090.0,3090.0,3090.0,3090.0,2857.032958984375,0,0.0,0.0,yfinance_raw_daily
2026-05-28,3090.0,3090.0,3090.0,3090.0,2857.032958984375,0,0.0,0.0,yfinance_raw_daily
2026-05-29,2900.0,3170.0,2900.0,3030.0,2801.556640625,835364400,0.0,0.0,yfinance_raw_daily
2026-06-02,2990.0,3020.0,2910.0,2950.0,2727.588134765625,242446000,0.0,0.0,yfinance_raw_daily
2026-06-03,2900.0,2950.0,2850.0,2850.0,2635.12744140625,168085400,0.0,0.0,yfinance_raw_daily
2026-06-04,2900.0,2950.0,2680.0,2900.0,2681.35791015625,197151900,0.0,0.0,yfinance_raw_daily
2026-06-05,2900.0,2930.0,2760.0,2760.0,2551.912841796875,105040300,0.0,0.0,yfinance_raw_daily
2026-06-08,2620.0,2650.0,2350.0,2350.0,2172.824462890625,331947700,0.0,0.0,yfinance_raw_daily
2026-06-09,2510.0,2620.0,2510.0,2620.0,2422.468017578125,371055600,0.0,0.0,yfinance_raw_daily
2026-06-10,2500.0,2810.0,2500.0,2810.0,2598.143310546875,391732600,0.0,0.0,yfinance_raw_daily
2026-06-11,2870.0,2970.0,2810.0,2870.0,2653.61962890625,274793100,0.0,0.0,yfinance_raw_daily
2026-06-12,2910.0,2980.0,2860.0,2860.0,2644.37353515625,181531900,0.0,0.0,yfinance_raw_daily
2026-06-15,2900.0,2970.0,2890.0,2930.0,2709.095947265625,156789000,0.0,0.0,yfinance_raw_daily
2026-06-17,2950.0,3030.0,2940.0,2960.0,2736.834228515625,200799700,0.0,0.0,yfinance_raw_daily
2026-06-18,2800.0,2800.0,2670.0,2780.0,2780.0,210813900,223.16588,0.0,yfinance_raw_daily
2026-06-19,2700.0,2710.0,2580.0,2580.0,2580.0,374544500,0.0,0.0,yfinance_raw_daily
2026-06-22,2580.0,2590.0,2500.0,2510.0,2510.0,194270900,0.0,0.0,yfinance_raw_daily
2026-06-23,2500.0,2610.0,2500.0,2540.0,2540.0,173184800,0.0,0.0,yfinance_raw_daily
2026-06-24,2570.0,2590.0,2480.0,2500.0,2500.0,173348900,0.0,0.0,yfinance_raw_daily
2026-06-25,2530.0,2540.0,2500.0,2500.0,2500.0,94937900,0.0,0.0,yfinance_raw_daily
2026-06-26,2420.0,2480.0,2370.0,2480.0,2480.0,220918000,0.0,0.0,yfinance_raw_daily
2026-06-29,2470.0,2470.0,2410.0,2410.0,2410.0,124858100,0.0,0.0,yfinance_raw_daily
2026-06-30,2390.0,2400.0,2350.0,2350.0,2350.0,318664200,0.0,0.0,yfinance_raw_daily
2026-07-01,2380.0,2450.0,2350.0,2440.0,2440.0,111997100,0.0,0.0,yfinance_raw_daily
2026-07-02,2470.0,2490.0,2420.0,2450.0,2450.0,112046100,0.0,0.0,yfinance_raw_daily
2026-07-03,2480.0,2540.0,2470.0,2520.0,2520.0,83587600,0.0,0.0,yfinance_raw_daily
2026-07-06,2520.0,2530.0,2470.0,2480.0,2480.0,48614200,0.0,0.0,yfinance_raw_daily
2026-07-07,2460.0,2480.0,2420.0,2480.0,2480.0,119404100,0.0,0.0,yfinance_raw_daily
2026-07-08,2480.0,2540.0,2470.0,2510.0,2510.0,98228500,0.0,0.0,yfinance_raw_daily
2026-07-09,2500.0,2510.0,2450.0,2510.0,2510.0,68742100,0.0,0.0,yfinance_raw_daily
2026-07-10,2480.0,2500.0,2440.0,2480.0,2480.0,129033800,0.0,0.0,yfinance_raw_daily
2026-07-13,2480.0,2520.0,2460.0,2510.0,2510.0,80358400,0.0,0.0,yfinance_raw_daily
2026-07-14,2500.0,2600.0,2490.0,2560.0,2560.0,118565500,0.0,0.0,yfinance_raw_daily
2026-07-15,2560.0,2570.0,2490.0,2520.0,2520.0,142706600,0.0,0.0,yfinance_raw_daily
2026-07-16,2520.0,2560.0,2510.0,2530.0,2530.0,56858100,0.0,0.0,yfinance_raw_daily
2026-07-17,2550.0,2670.0,2540.0,2660.0,2660.0,143963900,0.0,0.0,yfinance_raw_daily
2026-07-20,2670.0,2750.0,2660.0,2710.0,2710.0,146905500,0.0,0.0,yfinance_raw_daily
2026-07-21,2770.0,2770.0,2710.0,2740.0,2740.0,26666400,0.0,0.0,yfinance_raw_daily
