article_id_left,article_id_right,title_similarity,text_similarity,token_overlap,combined_score,threshold,decision,evidence
1503,780,1.0,0.0,0.0,1.0,0.92,merge,exact_hash_block_near_duplicate
1503,992,1.0,0.0,0.0,1.0,0.92,merge,exact_hash_block_near_duplicate
1503,339,1.0,0.0,0.0,1.0,0.92,merge,exact_hash_block_near_duplicate
1503,1821,1.0,0.0,0.0,1.0,0.92,merge,exact_hash_block_near_duplicate
1503,159,1.0,0.0,0.0,1.0,0.92,merge,exact_hash_block_near_duplicate
1503,334,1.0,0.0,0.0,1.0,0.92,merge,exact_hash_block_near_duplicate
780,992,1.0,0.0,0.0,1.0,0.92,merge,exact_hash_block_near_duplicate
339,780,1.0,0.0,0.0,1.0,0.92,merge,exact_hash_block_near_duplicate
1821,780,1.0,0.0,0.0,1.0,0.92,merge,exact_hash_block_near_duplicate
159,780,1.0,0.0,0.0,1.0,0.92,merge,exact_hash_block_near_duplicate
334,780,1.0,0.0,0.0,1.0,0.92,merge,exact_hash_block_near_duplicate
339,992,1.0,0.0,0.0,1.0,0.92,merge,exact_hash_block_near_duplicate
1821,992,1.0,0.0,0.0,1.0,0.92,merge,exact_hash_block_near_duplicate
159,992,1.0,0.0,0.0,1.0,0.92,merge,exact_hash_block_near_duplicate
334,992,1.0,0.0,0.0,1.0,0.92,merge,exact_hash_block_near_duplicate
1821,339,1.0,0.0,0.0,1.0,0.92,merge,exact_hash_block_near_duplicate
159,339,1.0,0.0,0.0,1.0,0.92,merge,exact_hash_block_near_duplicate
334,339,1.0,0.0,0.0,1.0,0.92,merge,exact_hash_block_near_duplicate
159,1821,1.0,0.0,0.0,1.0,0.92,merge,exact_hash_block_near_duplicate
1821,334,1.0,0.0,0.0,1.0,0.92,merge,exact_hash_block_near_duplicate
159,334,1.0,0.0,0.0,1.0,0.92,merge,exact_hash_block_near_duplicate
487,593,1.0,0.0,0.0,1.0,0.92,merge,exact_hash_block_near_duplicate
487,691,1.0,0.0,0.0,1.0,0.92,merge,exact_hash_block_near_duplicate
352,487,1.0,0.0,0.0,1.0,0.92,merge,exact_hash_block_near_duplicate
593,691,1.0,0.0,0.0,1.0,0.92,merge,exact_hash_block_near_duplicate
352,593,1.0,0.0,0.0,1.0,0.92,merge,exact_hash_block_near_duplicate
352,691,1.0,0.0,0.0,1.0,0.92,merge,exact_hash_block_near_duplicate
354,561,1.0,0.0,0.0,1.0,0.92,merge,exact_hash_block_near_duplicate
354,754,1.0,0.0,0.0,1.0,0.92,merge,exact_hash_block_near_duplicate
561,754,1.0,0.0,0.0,1.0,0.92,merge,exact_hash_block_near_duplicate
361,891,1.0,0.0,0.0,1.0,0.92,merge,exact_hash_block_near_duplicate
668,891,1.0,0.0,0.0,1.0,0.92,merge,exact_hash_block_near_duplicate
891,978,1.0,1.0,1.0,1.0,0.92,merge,exact_hash_block_near_duplicate
361,668,1.0,0.0,0.0,1.0,0.92,merge,exact_hash_block_near_duplicate
361,978,1.0,0.0,0.0,1.0,0.92,merge,exact_hash_block_near_duplicate
668,978,1.0,0.0,0.0,1.0,0.92,merge,exact_hash_block_near_duplicate
1236,397,1.0,0.0,0.0,1.0,0.92,merge,exact_hash_block_near_duplicate
1204,397,1.0,0.0,0.0,1.0,0.92,merge,exact_hash_block_near_duplicate
1845,397,1.0,0.0,0.0,1.0,0.92,merge,exact_hash_block_near_duplicate
397,938,1.0,0.0,0.0,1.0,0.92,merge,exact_hash_block_near_duplicate
397,484,1.0,0.0,0.0,1.0,0.92,merge,exact_hash_block_near_duplicate
1204,1236,1.0,0.0,0.0,1.0,0.92,merge,exact_hash_block_near_duplicate
1236,1845,1.0,0.0,0.0,1.0,0.92,merge,exact_hash_block_near_duplicate
1236,938,1.0,0.0,0.0,1.0,0.92,merge,exact_hash_block_near_duplicate
1236,484,1.0,0.0,0.0,1.0,0.92,merge,exact_hash_block_near_duplicate
1204,1845,1.0,0.0,0.0,1.0,0.92,merge,exact_hash_block_near_duplicate
1204,938,1.0,0.0,0.0,1.0,0.92,merge,exact_hash_block_near_duplicate
1204,484,1.0,0.0,0.0,1.0,0.92,merge,exact_hash_block_near_duplicate
1845,938,1.0,0.0,0.0,1.0,0.92,merge,exact_hash_block_near_duplicate
1845,484,1.0,0.0,0.0,1.0,0.92,merge,exact_hash_block_near_duplicate
484,938,1.0,0.0,0.0,1.0,0.92,merge,exact_hash_block_near_duplicate
1206,247,1.0,0.0,0.0,1.0,0.92,merge,exact_hash_block_near_duplicate
1206,1896,1.0,0.0,0.0,1.0,0.92,merge,exact_hash_block_near_duplicate
1206,145,1.0,0.0,0.0,1.0,0.92,merge,exact_hash_block_near_duplicate
1206,1790,1.0,0.0,0.0,1.0,0.92,merge,exact_hash_block_near_duplicate
1206,1861,1.0,0.0,0.0,1.0,0.92,merge,exact_hash_block_near_duplicate
1896,247,1.0,0.0,0.0,1.0,0.92,merge,exact_hash_block_near_duplicate
145,247,1.0,0.0,0.0,1.0,0.92,merge,exact_hash_block_near_duplicate
1790,247,1.0,0.0,0.0,1.0,0.92,merge,exact_hash_block_near_duplicate
1861,247,1.0,0.0,0.0,1.0,0.92,merge,exact_hash_block_near_duplicate
145,1896,1.0,0.0,0.0,1.0,0.92,merge,exact_hash_block_near_duplicate
1790,1896,1.0,0.0,0.0,1.0,0.92,merge,exact_hash_block_near_duplicate
1861,1896,1.0,0.0,0.0,1.0,0.92,merge,exact_hash_block_near_duplicate
145,1790,1.0,0.0,0.0,1.0,0.92,merge,exact_hash_block_near_duplicate
145,1861,1.0,0.0,0.0,1.0,0.92,merge,exact_hash_block_near_duplicate
1790,1861,1.0,0.0,0.0,1.0,0.92,merge,exact_hash_block_near_duplicate
1842,931,1.0,0.0,0.0,1.0,0.92,merge,exact_hash_block_near_duplicate
411,931,1.0,0.0,0.0,1.0,0.92,merge,exact_hash_block_near_duplicate
653,931,1.0,0.0,0.0,1.0,0.92,merge,exact_hash_block_near_duplicate
1842,411,1.0,0.0,0.0,1.0,0.92,merge,exact_hash_block_near_duplicate
1842,653,1.0,0.0,0.0,1.0,0.92,merge,exact_hash_block_near_duplicate
411,653,1.0,0.0,0.0,1.0,0.92,merge,exact_hash_block_near_duplicate
144,1586,1.0,0.0,0.0,1.0,0.92,merge,exact_hash_block_near_duplicate
1586,724,1.0,0.0,0.0,1.0,0.92,merge,exact_hash_block_near_duplicate
144,724,1.0,0.0,0.0,1.0,0.92,merge,exact_hash_block_near_duplicate
1673,866,1.0,0.0,0.0,1.0,0.92,merge,exact_hash_block_near_duplicate
1371,866,1.0,0.0,0.0,1.0,0.92,merge,exact_hash_block_near_duplicate
1560,866,1.0,0.0,0.0,1.0,0.92,merge,exact_hash_block_near_duplicate
1886,866,1.0,0.0,0.0,1.0,0.92,merge,exact_hash_block_near_duplicate
1371,1673,1.0,0.0,0.0,1.0,0.92,merge,exact_hash_block_near_duplicate
1560,1673,1.0,0.0,0.0,1.0,0.92,merge,exact_hash_block_near_duplicate
1673,1886,1.0,0.0,0.0,1.0,0.92,merge,exact_hash_block_near_duplicate
1371,1560,1.0,0.0,0.0,1.0,0.92,merge,exact_hash_block_near_duplicate
1371,1886,1.0,0.0,0.0,1.0,0.92,merge,exact_hash_block_near_duplicate
1560,1886,1.0,0.0,0.0,1.0,0.92,merge,exact_hash_block_near_duplicate
1094,1210,1.0,0.0,0.0,1.0,0.92,merge,exact_hash_block_near_duplicate
1094,658,1.0,0.0,0.0,1.0,0.92,merge,exact_hash_block_near_duplicate
1094,327,1.0,0.0,0.0,1.0,0.92,merge,exact_hash_block_near_duplicate
1094,89,1.0,0.0,0.0,1.0,0.92,merge,exact_hash_block_near_duplicate
1084,1094,1.0,0.0,0.0,1.0,0.92,merge,exact_hash_block_near_duplicate
1094,1178,1.0,0.0,0.0,1.0,0.92,merge,exact_hash_block_near_duplicate
1094,706,1.0,0.0,0.0,1.0,0.92,merge,exact_hash_block_near_duplicate
1210,658,1.0,0.0,0.0,1.0,0.92,merge,exact_hash_block_near_duplicate
1210,327,1.0,0.0,0.0,1.0,0.92,merge,exact_hash_block_near_duplicate
1210,89,1.0,0.0,0.0,1.0,0.92,merge,exact_hash_block_near_duplicate
1084,1210,1.0,0.0,0.0,1.0,0.92,merge,exact_hash_block_near_duplicate
1178,1210,1.0,0.0,0.0,1.0,0.92,merge,exact_hash_block_near_duplicate
1210,706,1.0,0.0,0.0,1.0,0.92,merge,exact_hash_block_near_duplicate
327,658,1.0,0.0,0.0,1.0,0.92,merge,exact_hash_block_near_duplicate
658,89,1.0,0.0,0.0,1.0,0.92,merge,exact_hash_block_near_duplicate
1084,658,1.0,0.0,0.0,1.0,0.92,merge,exact_hash_block_near_duplicate
1178,658,1.0,0.0,0.0,1.0,0.92,merge,exact_hash_block_near_duplicate
658,706,1.0,0.0,0.0,1.0,0.92,merge,exact_hash_block_near_duplicate
327,89,1.0,0.0,0.0,1.0,0.92,merge,exact_hash_block_near_duplicate
1084,327,1.0,0.0,0.0,1.0,0.92,merge,exact_hash_block_near_duplicate
1178,327,1.0,0.0,0.0,1.0,0.92,merge,exact_hash_block_near_duplicate
327,706,1.0,0.0,0.0,1.0,0.92,merge,exact_hash_block_near_duplicate
1084,89,1.0,0.0,0.0,1.0,0.92,merge,exact_hash_block_near_duplicate
1178,89,1.0,0.0,0.0,1.0,0.92,merge,exact_hash_block_near_duplicate
706,89,1.0,0.0,0.0,1.0,0.92,merge,exact_hash_block_near_duplicate
1084,1178,1.0,0.0,0.0,1.0,0.92,merge,exact_hash_block_near_duplicate
1084,706,1.0,0.0,0.0,1.0,0.92,merge,exact_hash_block_near_duplicate
1178,706,1.0,0.0,0.0,1.0,0.92,merge,exact_hash_block_near_duplicate
270,577,1.0,0.0,0.0,1.0,0.92,merge,exact_hash_block_near_duplicate
1123,270,1.0,0.0,0.0,1.0,0.92,merge,exact_hash_block_near_duplicate
1144,270,1.0,0.0,0.0,1.0,0.92,merge,exact_hash_block_near_duplicate
135,270,1.0,0.0,0.0,1.0,0.92,merge,exact_hash_block_near_duplicate
240,270,1.0,0.0,0.0,1.0,0.92,merge,exact_hash_block_near_duplicate
1519,270,1.0,0.0,0.0,1.0,0.92,merge,exact_hash_block_near_duplicate
1123,577,1.0,0.0,0.0,1.0,0.92,merge,exact_hash_block_near_duplicate
1144,577,1.0,0.0,0.0,1.0,0.92,merge,exact_hash_block_near_duplicate
135,577,1.0,0.0,0.0,1.0,0.92,merge,exact_hash_block_near_duplicate
240,577,1.0,0.0,0.0,1.0,0.92,merge,exact_hash_block_near_duplicate
1519,577,1.0,0.0,0.0,1.0,0.92,merge,exact_hash_block_near_duplicate
1123,1144,1.0,0.0,0.0,1.0,0.92,merge,exact_hash_block_near_duplicate
1123,135,1.0,0.0,0.0,1.0,0.92,merge,exact_hash_block_near_duplicate
1123,240,1.0,0.0,0.0,1.0,0.92,merge,exact_hash_block_near_duplicate
1123,1519,1.0,0.0,0.0,1.0,0.92,merge,exact_hash_block_near_duplicate
1144,135,1.0,0.0,0.0,1.0,0.92,merge,exact_hash_block_near_duplicate
1144,240,1.0,0.0,0.0,1.0,0.92,merge,exact_hash_block_near_duplicate
1144,1519,1.0,0.0,0.0,1.0,0.92,merge,exact_hash_block_near_duplicate
135,240,1.0,0.0,0.0,1.0,0.92,merge,exact_hash_block_near_duplicate
135,1519,1.0,0.0,0.0,1.0,0.92,merge,exact_hash_block_near_duplicate
1519,240,1.0,0.0,0.0,1.0,0.92,merge,exact_hash_block_near_duplicate
1618,677,1.0,0.0,0.0,1.0,0.92,merge,exact_hash_block_near_duplicate
1089,677,1.0,0.0,0.0,1.0,0.92,merge,exact_hash_block_near_duplicate
677,860,1.0,0.0,0.0,1.0,0.92,merge,exact_hash_block_near_duplicate
1089,1618,1.0,0.0,0.0,1.0,0.92,merge,exact_hash_block_near_duplicate
1618,860,1.0,0.0,0.0,1.0,0.92,merge,exact_hash_block_near_duplicate
1089,860,1.0,0.0,0.0,1.0,0.92,merge,exact_hash_block_near_duplicate
1131,823,1.0,0.0,0.0,1.0,0.92,merge,exact_hash_block_near_duplicate
1131,290,1.0,0.0,0.0,1.0,0.92,merge,exact_hash_block_near_duplicate
1131,898,1.0,0.0,0.0,1.0,0.92,merge,exact_hash_block_near_duplicate
1131,646,1.0,0.0,0.0,1.0,0.92,merge,exact_hash_block_near_duplicate
1131,1629,1.0,0.0,0.0,1.0,0.92,merge,exact_hash_block_near_duplicate
1009,1131,1.0,0.0,0.0,1.0,0.92,merge,exact_hash_block_near_duplicate
1073,1131,1.0,0.0,0.0,1.0,0.92,merge,exact_hash_block_near_duplicate
290,823,1.0,0.0,0.0,1.0,0.92,merge,exact_hash_block_near_duplicate
823,898,1.0,0.0,0.0,1.0,0.92,merge,exact_hash_block_near_duplicate
646,823,1.0,1.0,1.0,1.0,0.92,merge,exact_hash_block_near_duplicate
1629,823,1.0,0.0,0.0,1.0,0.92,merge,exact_hash_block_near_duplicate
1009,823,1.0,0.0,0.0,1.0,0.92,merge,exact_hash_block_near_duplicate
1073,823,1.0,0.0,0.0,1.0,0.92,merge,exact_hash_block_near_duplicate
290,898,1.0,0.0,0.0,1.0,0.92,merge,exact_hash_block_near_duplicate
290,646,1.0,0.0,0.0,1.0,0.92,merge,exact_hash_block_near_duplicate
1629,290,1.0,0.0,0.0,1.0,0.92,merge,exact_hash_block_near_duplicate
1009,290,1.0,0.0,0.0,1.0,0.92,merge,exact_hash_block_near_duplicate
1073,290,1.0,0.0,0.0,1.0,0.92,merge,exact_hash_block_near_duplicate
646,898,1.0,0.0,0.0,1.0,0.92,merge,exact_hash_block_near_duplicate
1629,898,1.0,0.0,0.0,1.0,0.92,merge,exact_hash_block_near_duplicate
1009,898,1.0,0.0,0.0,1.0,0.92,merge,exact_hash_block_near_duplicate
1073,898,1.0,0.0,0.0,1.0,0.92,merge,exact_hash_block_near_duplicate
1629,646,1.0,0.0,0.0,1.0,0.92,merge,exact_hash_block_near_duplicate
1009,646,1.0,0.0,0.0,1.0,0.92,merge,exact_hash_block_near_duplicate
1073,646,1.0,0.0,0.0,1.0,0.92,merge,exact_hash_block_near_duplicate
1009,1629,1.0,0.0,0.0,1.0,0.92,merge,exact_hash_block_near_duplicate
1073,1629,1.0,0.0,0.0,1.0,0.92,merge,exact_hash_block_near_duplicate
1009,1073,1.0,0.0,0.0,1.0,0.92,merge,exact_hash_block_near_duplicate
1187,22,1.0,0.0,0.0,1.0,0.92,merge,exact_hash_block_near_duplicate
1187,522,1.0,0.0,0.0,1.0,0.92,merge,exact_hash_block_near_duplicate
1187,1694,1.0,0.0,0.0,1.0,0.92,merge,exact_hash_block_near_duplicate
22,522,1.0,0.0,0.0,1.0,0.92,merge,exact_hash_block_near_duplicate
1694,22,1.0,0.0,0.0,1.0,0.92,merge,exact_hash_block_near_duplicate
1694,522,1.0,0.0,0.0,1.0,0.92,merge,exact_hash_block_near_duplicate
1080,549,1.0,0.0,0.0,1.0,0.92,merge,exact_hash_block_near_duplicate
500,549,1.0,0.0,0.0,1.0,0.92,merge,exact_hash_block_near_duplicate
1506,549,1.0,0.0,0.0,1.0,0.92,merge,exact_hash_block_near_duplicate
1593,549,1.0,0.0,0.0,1.0,0.92,merge,exact_hash_block_near_duplicate
1080,500,1.0,0.0,0.0,1.0,0.92,merge,exact_hash_block_near_duplicate
1080,1506,1.0,0.0,0.0,1.0,0.92,merge,exact_hash_block_near_duplicate
1080,1593,1.0,0.0,0.0,1.0,0.92,merge,exact_hash_block_near_duplicate
1506,500,1.0,0.0,0.0,1.0,0.92,merge,exact_hash_block_near_duplicate
1593,500,1.0,0.0,0.0,1.0,0.92,merge,exact_hash_block_near_duplicate
1506,1593,1.0,0.0,0.0,1.0,0.92,merge,exact_hash_block_near_duplicate
599,836,1.0,0.0,0.0,1.0,0.92,merge,exact_hash_block_near_duplicate
1414,599,1.0,0.0,0.0,1.0,0.92,merge,exact_hash_block_near_duplicate
529,599,1.0,0.0,0.0,1.0,0.92,merge,exact_hash_block_near_duplicate
295,599,1.0,0.0,0.0,1.0,0.92,merge,exact_hash_block_near_duplicate
1414,836,1.0,0.0,0.0,1.0,0.92,merge,exact_hash_block_near_duplicate
529,836,1.0,0.0,0.0,1.0,0.92,merge,exact_hash_block_near_duplicate
295,836,1.0,0.0,0.0,1.0,0.92,merge,exact_hash_block_near_duplicate
1414,529,1.0,0.0,0.0,1.0,0.92,merge,exact_hash_block_near_duplicate
1414,295,1.0,0.0,0.0,1.0,0.92,merge,exact_hash_block_near_duplicate
295,529,1.0,0.0,0.0,1.0,0.92,merge,exact_hash_block_near_duplicate
1160,1390,1.0,0.0,0.0,1.0,0.92,merge,exact_hash_block_near_duplicate
1390,463,1.0,0.0,0.0,1.0,0.92,merge,exact_hash_block_near_duplicate
1390,166,1.0,0.0,0.0,1.0,0.92,merge,exact_hash_block_near_duplicate
1160,463,1.0,0.0,0.0,1.0,0.92,merge,exact_hash_block_near_duplicate
1160,166,1.0,0.0,0.0,1.0,0.92,merge,exact_hash_block_near_duplicate
166,463,1.0,0.0,0.0,1.0,0.92,merge,exact_hash_block_near_duplicate
251,465,1.0,0.0,0.0,1.0,0.92,merge,exact_hash_block_near_duplicate
465,494,1.0,0.0,0.0,1.0,0.92,merge,exact_hash_block_near_duplicate
251,494,1.0,0.0,0.0,1.0,0.92,merge,exact_hash_block_near_duplicate
1393,344,1.0,0.0,0.0,1.0,0.92,merge,exact_hash_block_near_duplicate
402,903,1.0,0.0,0.0,1.0,0.92,merge,exact_hash_block_near_duplicate
1069,402,1.0,1.0,1.0,1.0,0.92,merge,exact_hash_block_near_duplicate
168,402,1.0,0.0,0.0,1.0,0.92,merge,exact_hash_block_near_duplicate
402,895,1.0,0.0,0.0,1.0,0.92,merge,exact_hash_block_near_duplicate
1069,903,1.0,0.0,0.0,1.0,0.92,merge,exact_hash_block_near_duplicate
168,903,1.0,0.0,0.0,1.0,0.92,merge,exact_hash_block_near_duplicate
895,903,1.0,0.0,0.0,1.0,0.92,merge,exact_hash_block_near_duplicate
1069,168,1.0,0.0,0.0,1.0,0.92,merge,exact_hash_block_near_duplicate
1069,895,1.0,0.0,0.0,1.0,0.92,merge,exact_hash_block_near_duplicate
168,895,1.0,0.0,0.0,1.0,0.92,merge,exact_hash_block_near_duplicate
1493,1501,1.0,0.0,0.0,1.0,0.92,merge,exact_hash_block_near_duplicate
1459,1493,1.0,0.0,0.0,1.0,0.92,merge,exact_hash_block_near_duplicate
1196,1493,1.0,0.0,0.0,1.0,0.92,merge,exact_hash_block_near_duplicate
1493,1870,1.0,0.0,0.0,1.0,0.92,merge,exact_hash_block_near_duplicate
1129,1493,1.0,0.0,0.0,1.0,0.92,merge,exact_hash_block_near_duplicate
1493,878,1.0,0.0,0.0,1.0,0.92,merge,exact_hash_block_near_duplicate
1076,1493,1.0,0.0,0.0,1.0,0.92,merge,exact_hash_block_near_duplicate
1459,1501,1.0,0.0,0.0,1.0,0.92,merge,exact_hash_block_near_duplicate
1196,1501,1.0,0.0,0.0,1.0,0.92,merge,exact_hash_block_near_duplicate
1501,1870,1.0,0.0,0.0,1.0,0.92,merge,exact_hash_block_near_duplicate
1129,1501,1.0,0.0,0.0,1.0,0.92,merge,exact_hash_block_near_duplicate
1501,878,1.0,0.0,0.0,1.0,0.92,merge,exact_hash_block_near_duplicate
1076,1501,1.0,0.0,0.0,1.0,0.92,merge,exact_hash_block_near_duplicate
1196,1459,1.0,0.0,0.0,1.0,0.92,merge,exact_hash_block_near_duplicate
1459,1870,1.0,0.0,0.0,1.0,0.92,merge,exact_hash_block_near_duplicate
1129,1459,1.0,0.0,0.0,1.0,0.92,merge,exact_hash_block_near_duplicate
1459,878,1.0,0.0,0.0,1.0,0.92,merge,exact_hash_block_near_duplicate
1076,1459,1.0,0.0,0.0,1.0,0.92,merge,exact_hash_block_near_duplicate
1196,1870,1.0,0.0,0.0,1.0,0.92,merge,exact_hash_block_near_duplicate
1129,1196,1.0,0.0,0.0,1.0,0.92,merge,exact_hash_block_near_duplicate
1196,878,1.0,0.0,0.0,1.0,0.92,merge,exact_hash_block_near_duplicate
1076,1196,1.0,0.0,0.0,1.0,0.92,merge,exact_hash_block_near_duplicate
1129,1870,1.0,0.0,0.0,1.0,0.92,merge,exact_hash_block_near_duplicate
1870,878,1.0,0.0,0.0,1.0,0.92,merge,exact_hash_block_near_duplicate
1076,1870,1.0,0.0,0.0,1.0,0.92,merge,exact_hash_block_near_duplicate
1129,878,1.0,0.0,0.0,1.0,0.92,merge,exact_hash_block_near_duplicate
1076,1129,1.0,0.0,0.0,1.0,0.92,merge,exact_hash_block_near_duplicate
1076,878,1.0,0.0,0.0,1.0,0.92,merge,exact_hash_block_near_duplicate
815,817,1.0,0.0,0.0,1.0,0.92,merge,exact_hash_block_near_duplicate
1276,815,1.0,0.0,0.0,1.0,0.92,merge,exact_hash_block_near_duplicate
180,815,1.0,0.0,0.0,1.0,0.92,merge,exact_hash_block_near_duplicate
759,815,1.0,0.0,0.0,1.0,0.92,merge,exact_hash_block_near_duplicate
343,815,1.0,0.0,0.0,1.0,0.92,merge,exact_hash_block_near_duplicate
1276,817,1.0,0.0,0.0,1.0,0.92,merge,exact_hash_block_near_duplicate
180,817,1.0,0.0,0.0,1.0,0.92,merge,exact_hash_block_near_duplicate
759,817,1.0,0.0,0.0,1.0,0.92,merge,exact_hash_block_near_duplicate
343,817,1.0,0.0,0.0,1.0,0.92,merge,exact_hash_block_near_duplicate
1276,180,1.0,0.0,0.0,1.0,0.92,merge,exact_hash_block_near_duplicate
1276,759,1.0,0.0,0.0,1.0,0.92,merge,exact_hash_block_near_duplicate
1276,343,1.0,0.0,0.0,1.0,0.92,merge,exact_hash_block_near_duplicate
180,759,1.0,0.0,0.0,1.0,0.92,merge,exact_hash_block_near_duplicate
180,343,1.0,0.0,0.0,1.0,0.92,merge,exact_hash_block_near_duplicate
343,759,1.0,0.0,0.0,1.0,0.92,merge,exact_hash_block_near_duplicate
227,960,1.0,0.0,0.0,1.0,0.92,merge,exact_hash_block_near_duplicate
1727,960,1.0,0.0,0.0,1.0,0.92,merge,exact_hash_block_near_duplicate
1727,227,1.0,0.0,0.0,1.0,0.92,merge,exact_hash_block_near_duplicate
1703,504,1.0,0.0,0.0,1.0,0.92,merge,exact_hash_block_near_duplicate
1703,654,1.0,0.0,0.0,1.0,0.92,merge,exact_hash_block_near_duplicate
1703,299,1.0,0.0,0.0,1.0,0.92,merge,exact_hash_block_near_duplicate
161,1703,1.0,0.0,0.0,1.0,0.92,merge,exact_hash_block_near_duplicate
504,654,1.0,1.0,1.0,1.0,0.92,merge,exact_hash_block_near_duplicate
299,504,1.0,0.0,0.0,1.0,0.92,merge,exact_hash_block_near_duplicate
161,504,1.0,0.0,0.0,1.0,0.92,merge,exact_hash_block_near_duplicate
299,654,1.0,0.0,0.0,1.0,0.92,merge,exact_hash_block_near_duplicate
161,654,1.0,0.0,0.0,1.0,0.92,merge,exact_hash_block_near_duplicate
161,299,1.0,0.0,0.0,1.0,0.92,merge,exact_hash_block_near_duplicate
1538,475,1.0,0.0,0.0,1.0,0.92,merge,exact_hash_block_near_duplicate
1538,884,1.0,0.0,0.0,1.0,0.92,merge,exact_hash_block_near_duplicate
1538,801,1.0,0.0,0.0,1.0,0.92,merge,exact_hash_block_near_duplicate
475,884,1.0,0.0,0.0,1.0,0.92,merge,exact_hash_block_near_duplicate
475,801,1.0,0.0,0.0,1.0,0.92,merge,exact_hash_block_near_duplicate
801,884,1.0,1.0,1.0,1.0,0.92,merge,exact_hash_block_near_duplicate
1475,755,1.0,0.0,0.0,1.0,0.92,merge,exact_hash_block_near_duplicate
1475,830,1.0,0.0,0.0,1.0,0.92,merge,exact_hash_block_near_duplicate
1121,1475,1.0,0.0,0.0,1.0,0.92,merge,exact_hash_block_near_duplicate
755,830,1.0,0.0,0.0,1.0,0.92,merge,exact_hash_block_near_duplicate
1121,755,1.0,0.0,0.0,1.0,0.92,merge,exact_hash_block_near_duplicate
1121,830,1.0,1.0,1.0,1.0,0.92,merge,exact_hash_block_near_duplicate
1891,194,1.0,0.0,0.0,1.0,0.92,merge,exact_hash_block_near_duplicate
1822,1891,1.0,1.0,1.0,1.0,0.92,merge,exact_hash_block_near_duplicate
1408,1891,1.0,0.0,0.0,1.0,0.92,merge,exact_hash_block_near_duplicate
1602,1891,1.0,0.0,0.0,1.0,0.92,merge,exact_hash_block_near_duplicate
1891,987,1.0,0.0,0.0,1.0,0.92,merge,exact_hash_block_near_duplicate
1891,209,1.0,0.0,0.0,1.0,0.92,merge,exact_hash_block_near_duplicate
1420,1891,1.0,0.0,0.0,1.0,0.92,merge,exact_hash_block_near_duplicate
1822,194,1.0,0.0,0.0,1.0,0.92,merge,exact_hash_block_near_duplicate
1408,194,1.0,0.0,0.0,1.0,0.92,merge,exact_hash_block_near_duplicate
1602,194,1.0,0.0,0.0,1.0,0.92,merge,exact_hash_block_near_duplicate
194,987,1.0,0.0,0.0,1.0,0.92,merge,exact_hash_block_near_duplicate
194,209,1.0,0.0,0.0,1.0,0.92,merge,exact_hash_block_near_duplicate
1420,194,1.0,0.0,0.0,1.0,0.92,merge,exact_hash_block_near_duplicate
1408,1822,1.0,0.0,0.0,1.0,0.92,merge,exact_hash_block_near_duplicate
1602,1822,1.0,0.0,0.0,1.0,0.92,merge,exact_hash_block_near_duplicate
1822,987,1.0,0.0,0.0,1.0,0.92,merge,exact_hash_block_near_duplicate
1822,209,1.0,0.0,0.0,1.0,0.92,merge,exact_hash_block_near_duplicate
1420,1822,1.0,0.0,0.0,1.0,0.92,merge,exact_hash_block_near_duplicate
1408,1602,1.0,0.0,0.0,1.0,0.92,merge,exact_hash_block_near_duplicate
1408,987,1.0,0.0,0.0,1.0,0.92,merge,exact_hash_block_near_duplicate
1408,209,1.0,0.0,0.0,1.0,0.92,merge,exact_hash_block_near_duplicate
1408,1420,1.0,0.0,0.0,1.0,0.92,merge,exact_hash_block_near_duplicate
1602,987,1.0,0.0,0.0,1.0,0.92,merge,exact_hash_block_near_duplicate
1602,209,1.0,0.0,0.0,1.0,0.92,merge,exact_hash_block_near_duplicate
1420,1602,1.0,0.0,0.0,1.0,0.92,merge,exact_hash_block_near_duplicate
209,987,1.0,0.0,0.0,1.0,0.92,merge,exact_hash_block_near_duplicate
1420,987,1.0,0.0,0.0,1.0,0.92,merge,exact_hash_block_near_duplicate
1420,209,1.0,0.0,0.0,1.0,0.92,merge,exact_hash_block_near_duplicate
120,1467,1.0,0.0,0.0,1.0,0.92,merge,exact_hash_block_near_duplicate
120,478,1.0,0.0,0.0,1.0,0.92,merge,exact_hash_block_near_duplicate
120,456,1.0,0.0,0.0,1.0,0.92,merge,exact_hash_block_near_duplicate
120,174,1.0,0.0,0.0,1.0,0.92,merge,exact_hash_block_near_duplicate
120,564,1.0,0.0,0.0,1.0,0.92,merge,exact_hash_block_near_duplicate
120,718,1.0,0.0,0.0,1.0,0.92,merge,exact_hash_block_near_duplicate
1467,478,1.0,0.0,0.0,1.0,0.92,merge,exact_hash_block_near_duplicate
1467,456,1.0,0.0,0.0,1.0,0.92,merge,exact_hash_block_near_duplicate
1467,174,1.0,0.0,0.0,1.0,0.92,merge,exact_hash_block_near_duplicate
1467,564,1.0,0.0,0.0,1.0,0.92,merge,exact_hash_block_near_duplicate
1467,718,1.0,0.0,0.0,1.0,0.92,merge,exact_hash_block_near_duplicate
456,478,1.0,0.0,0.0,1.0,0.92,merge,exact_hash_block_near_duplicate
174,478,1.0,0.0,0.0,1.0,0.92,merge,exact_hash_block_near_duplicate
478,564,1.0,1.0,1.0,1.0,0.92,merge,exact_hash_block_near_duplicate
478,718,1.0,0.0,0.0,1.0,0.92,merge,exact_hash_block_near_duplicate
174,456,1.0,0.0,0.0,1.0,0.92,merge,exact_hash_block_near_duplicate
456,564,1.0,0.0,0.0,1.0,0.92,merge,exact_hash_block_near_duplicate
456,718,1.0,0.0,0.0,1.0,0.92,merge,exact_hash_block_near_duplicate
174,564,1.0,0.0,0.0,1.0,0.92,merge,exact_hash_block_near_duplicate
174,718,1.0,0.0,0.0,1.0,0.92,merge,exact_hash_block_near_duplicate
564,718,1.0,0.0,0.0,1.0,0.92,merge,exact_hash_block_near_duplicate
481,930,1.0,0.0,0.0,1.0,0.92,merge,exact_hash_block_near_duplicate
930,970,1.0,0.0,0.0,1.0,0.92,merge,exact_hash_block_near_duplicate
863,930,1.0,0.0,0.0,1.0,0.92,merge,exact_hash_block_near_duplicate
1386,930,1.0,0.0,0.0,1.0,0.92,merge,exact_hash_block_near_duplicate
380,930,1.0,0.0,0.0,1.0,0.92,merge,exact_hash_block_near_duplicate
1387,930,1.0,0.0,0.0,1.0,0.92,merge,exact_hash_block_near_duplicate
481,970,1.0,0.0,0.0,1.0,0.92,merge,exact_hash_block_near_duplicate
481,863,1.0,0.0,0.0,1.0,0.92,merge,exact_hash_block_near_duplicate
1386,481,1.0,0.0,0.0,1.0,0.92,merge,exact_hash_block_near_duplicate
380,481,1.0,0.0,0.0,1.0,0.92,merge,exact_hash_block_near_duplicate
1387,481,1.0,0.0,0.0,1.0,0.92,merge,exact_hash_block_near_duplicate
863,970,1.0,0.0,0.0,1.0,0.92,merge,exact_hash_block_near_duplicate
1386,970,1.0,0.0,0.0,1.0,0.92,merge,exact_hash_block_near_duplicate
380,970,1.0,0.0,0.0,1.0,0.92,merge,exact_hash_block_near_duplicate
1387,970,1.0,1.0,1.0,1.0,0.92,merge,exact_hash_block_near_duplicate
1386,863,1.0,0.0,0.0,1.0,0.92,merge,exact_hash_block_near_duplicate
380,863,1.0,0.0,0.0,1.0,0.92,merge,exact_hash_block_near_duplicate
1387,863,1.0,0.0,0.0,1.0,0.92,merge,exact_hash_block_near_duplicate
1386,380,1.0,0.0,0.0,1.0,0.92,merge,exact_hash_block_near_duplicate
1386,1387,1.0,0.0,0.0,1.0,0.92,merge,exact_hash_block_near_duplicate
1387,380,1.0,0.0,0.0,1.0,0.92,merge,exact_hash_block_near_duplicate
306,422,1.0,0.0,0.0,1.0,0.92,merge,exact_hash_block_near_duplicate
314,422,1.0,0.0,0.0,1.0,0.92,merge,exact_hash_block_near_duplicate
422,894,1.0,0.0,0.0,1.0,0.92,merge,exact_hash_block_near_duplicate
1019,422,1.0,0.0,0.0,1.0,0.92,merge,exact_hash_block_near_duplicate
306,314,1.0,0.0,0.0,1.0,0.92,merge,exact_hash_block_near_duplicate
306,894,1.0,0.0,0.0,1.0,0.92,merge,exact_hash_block_near_duplicate
1019,306,1.0,0.0,0.0,1.0,0.92,merge,exact_hash_block_near_duplicate
314,894,1.0,0.0,0.0,1.0,0.92,merge,exact_hash_block_near_duplicate
1019,314,1.0,0.0,0.0,1.0,0.92,merge,exact_hash_block_near_duplicate
1019,894,1.0,0.0,0.0,1.0,0.92,merge,exact_hash_block_near_duplicate
1699,81,1.0,0.0,0.0,1.0,0.92,merge,exact_hash_block_near_duplicate
1053,1699,1.0,0.0,0.0,1.0,0.92,merge,exact_hash_block_near_duplicate
1699,516,1.0,0.0,0.0,1.0,0.92,merge,exact_hash_block_near_duplicate
1327,1699,1.0,0.0,0.0,1.0,0.92,merge,exact_hash_block_near_duplicate
1699,746,1.0,0.0,0.0,1.0,0.92,merge,exact_hash_block_near_duplicate
1699,392,1.0,0.0,0.0,1.0,0.92,merge,exact_hash_block_near_duplicate
1186,1699,1.0,0.0,0.0,1.0,0.92,merge,exact_hash_block_near_duplicate
1699,733,1.0,0.0,0.0,1.0,0.92,merge,exact_hash_block_near_duplicate
1699,398,1.0,0.0,0.0,1.0,0.92,merge,exact_hash_block_near_duplicate
1053,81,1.0,0.0,0.0,1.0,0.92,merge,exact_hash_block_near_duplicate
516,81,1.0,0.0,0.0,1.0,0.92,merge,exact_hash_block_near_duplicate
1327,81,1.0,0.0,0.0,1.0,0.92,merge,exact_hash_block_near_duplicate
746,81,1.0,0.0,0.0,1.0,0.92,merge,exact_hash_block_near_duplicate
392,81,1.0,0.0,0.0,1.0,0.92,merge,exact_hash_block_near_duplicate
1186,81,1.0,0.0,0.0,1.0,0.92,merge,exact_hash_block_near_duplicate
733,81,1.0,0.0,0.0,1.0,0.92,merge,exact_hash_block_near_duplicate
398,81,1.0,0.0,0.0,1.0,0.92,merge,exact_hash_block_near_duplicate
1053,516,1.0,0.0,0.0,1.0,0.92,merge,exact_hash_block_near_duplicate
1053,1327,1.0,0.0,0.0,1.0,0.92,merge,exact_hash_block_near_duplicate
1053,746,1.0,0.0,0.0,1.0,0.92,merge,exact_hash_block_near_duplicate
1053,392,1.0,0.0,0.0,1.0,0.92,merge,exact_hash_block_near_duplicate
1053,1186,1.0,0.0,0.0,1.0,0.92,merge,exact_hash_block_near_duplicate
1053,733,1.0,0.0,0.0,1.0,0.92,merge,exact_hash_block_near_duplicate
1053,398,1.0,0.0,0.0,1.0,0.92,merge,exact_hash_block_near_duplicate
1327,516,1.0,0.0,0.0,1.0,0.92,merge,exact_hash_block_near_duplicate
516,746,1.0,0.0,0.0,1.0,0.92,merge,exact_hash_block_near_duplicate
392,516,1.0,0.0,0.0,1.0,0.92,merge,exact_hash_block_near_duplicate
1186,516,1.0,0.0,0.0,1.0,0.92,merge,exact_hash_block_near_duplicate
516,733,1.0,0.0,0.0,1.0,0.92,merge,exact_hash_block_near_duplicate
398,516,1.0,0.0,0.0,1.0,0.92,merge,exact_hash_block_near_duplicate
1327,746,1.0,0.0,0.0,1.0,0.92,merge,exact_hash_block_near_duplicate
1327,392,1.0,0.0,0.0,1.0,0.92,merge,exact_hash_block_near_duplicate
1186,1327,1.0,0.0,0.0,1.0,0.92,merge,exact_hash_block_near_duplicate
1327,733,1.0,0.0,0.0,1.0,0.92,merge,exact_hash_block_near_duplicate
1327,398,1.0,0.0,0.0,1.0,0.92,merge,exact_hash_block_near_duplicate
392,746,1.0,0.0,0.0,1.0,0.92,merge,exact_hash_block_near_duplicate
1186,746,1.0,0.0,0.0,1.0,0.92,merge,exact_hash_block_near_duplicate
733,746,1.0,0.0,0.0,1.0,0.92,merge,exact_hash_block_near_duplicate
398,746,1.0,0.0,0.0,1.0,0.92,merge,exact_hash_block_near_duplicate
1186,392,1.0,0.0,0.0,1.0,0.92,merge,exact_hash_block_near_duplicate
392,733,1.0,0.0,0.0,1.0,0.92,merge,exact_hash_block_near_duplicate
392,398,1.0,0.0,0.0,1.0,0.92,merge,exact_hash_block_near_duplicate
1186,733,1.0,0.0,0.0,1.0,0.92,merge,exact_hash_block_near_duplicate
1186,398,1.0,0.0,0.0,1.0,0.92,merge,exact_hash_block_near_duplicate
398,733,1.0,0.0,0.0,1.0,0.92,merge,exact_hash_block_near_duplicate
195,492,1.0,0.0,0.0,1.0,0.92,merge,exact_hash_block_near_duplicate
492,540,1.0,0.0,0.0,1.0,0.92,merge,exact_hash_block_near_duplicate
492,900,1.0,0.0,0.0,1.0,0.92,merge,exact_hash_block_near_duplicate
1328,492,1.0,0.0,0.0,1.0,0.92,merge,exact_hash_block_near_duplicate
195,540,1.0,0.0,0.0,1.0,0.92,merge,exact_hash_block_near_duplicate
195,900,1.0,0.0,0.0,1.0,0.92,merge,exact_hash_block_near_duplicate
1328,195,1.0,0.0,0.0,1.0,0.92,merge,exact_hash_block_near_duplicate
540,900,1.0,0.0,0.0,1.0,0.92,merge,exact_hash_block_near_duplicate
1328,540,1.0,0.0,0.0,1.0,0.92,merge,exact_hash_block_near_duplicate
1328,900,1.0,0.0,0.0,1.0,0.92,merge,exact_hash_block_near_duplicate
1382,1444,1.0,0.0,0.0,1.0,0.92,merge,exact_hash_block_near_duplicate
1147,1444,1.0,0.0,0.0,1.0,0.92,merge,exact_hash_block_near_duplicate
1444,1669,1.0,0.0,0.0,1.0,0.92,merge,exact_hash_block_near_duplicate
1147,1382,1.0,0.0,0.0,1.0,0.92,merge,exact_hash_block_near_duplicate
1382,1669,1.0,0.0,0.0,1.0,0.92,merge,exact_hash_block_near_duplicate
1147,1669,1.0,0.0,0.0,1.0,0.92,merge,exact_hash_block_near_duplicate
1530,890,1.0,0.0,0.0,1.0,0.92,merge,exact_hash_block_near_duplicate
1136,1530,1.0,1.0,1.0,1.0,0.92,merge,exact_hash_block_near_duplicate
1320,1530,1.0,0.0,0.0,1.0,0.92,merge,exact_hash_block_near_duplicate
1530,427,1.0,0.0,0.0,1.0,0.92,merge,exact_hash_block_near_duplicate
1436,1530,1.0,0.0,0.0,1.0,0.92,merge,exact_hash_block_near_duplicate
1136,890,1.0,0.0,0.0,1.0,0.92,merge,exact_hash_block_near_duplicate
1320,890,1.0,0.0,0.0,1.0,0.92,merge,exact_hash_block_near_duplicate
427,890,1.0,0.0,0.0,1.0,0.92,merge,exact_hash_block_near_duplicate
1436,890,1.0,0.0,0.0,1.0,0.92,merge,exact_hash_block_near_duplicate
1136,1320,1.0,0.0,0.0,1.0,0.92,merge,exact_hash_block_near_duplicate
1136,427,1.0,0.0,0.0,1.0,0.92,merge,exact_hash_block_near_duplicate
1136,1436,1.0,0.0,0.0,1.0,0.92,merge,exact_hash_block_near_duplicate
1320,427,1.0,0.0,0.0,1.0,0.92,merge,exact_hash_block_near_duplicate
1320,1436,1.0,0.0,0.0,1.0,0.92,merge,exact_hash_block_near_duplicate
1436,427,1.0,1.0,1.0,1.0,0.92,merge,exact_hash_block_near_duplicate
568,984,1.0,0.0,0.0,1.0,0.92,merge,exact_hash_block_near_duplicate
1048,984,1.0,0.0,0.0,1.0,0.92,merge,exact_hash_block_near_duplicate
1337,984,1.0,0.0,0.0,1.0,0.92,merge,exact_hash_block_near_duplicate
1048,568,1.0,0.0,0.0,1.0,0.92,merge,exact_hash_block_near_duplicate
1337,568,1.0,0.0,0.0,1.0,0.92,merge,exact_hash_block_near_duplicate
1048,1337,1.0,0.0,0.0,1.0,0.92,merge,exact_hash_block_near_duplicate
1457,996,1.0,0.0,0.0,1.0,0.92,merge,exact_hash_block_near_duplicate
417,996,1.0,0.0,0.0,1.0,0.92,merge,exact_hash_block_near_duplicate
162,996,1.0,0.0,0.0,1.0,0.92,merge,exact_hash_block_near_duplicate
1020,996,1.0,0.0,0.0,1.0,0.92,merge,exact_hash_block_near_duplicate
594,996,1.0,0.0,0.0,1.0,0.92,merge,exact_hash_block_near_duplicate
1457,417,1.0,0.0,0.0,1.0,0.92,merge,exact_hash_block_near_duplicate
1457,162,1.0,0.0,0.0,1.0,0.92,merge,exact_hash_block_near_duplicate
1020,1457,1.0,0.0,0.0,1.0,0.92,merge,exact_hash_block_near_duplicate
1457,594,1.0,0.0,0.0,1.0,0.92,merge,exact_hash_block_near_duplicate
162,417,1.0,0.0,0.0,1.0,0.92,merge,exact_hash_block_near_duplicate
1020,417,1.0,0.0,0.0,1.0,0.92,merge,exact_hash_block_near_duplicate
417,594,1.0,0.0,0.0,1.0,0.92,merge,exact_hash_block_near_duplicate
1020,162,1.0,0.0,0.0,1.0,0.92,merge,exact_hash_block_near_duplicate
162,594,1.0,0.0,0.0,1.0,0.92,merge,exact_hash_block_near_duplicate
1020,594,1.0,0.0,0.0,1.0,0.92,merge,exact_hash_block_near_duplicate
743,973,1.0,0.0,0.0,1.0,0.92,merge,exact_hash_block_near_duplicate
1017,973,1.0,0.0,0.0,1.0,0.92,merge,exact_hash_block_near_duplicate
1017,743,1.0,0.0,0.0,1.0,0.92,merge,exact_hash_block_near_duplicate
1338,208,1.0,0.0,0.0,1.0,0.92,merge,exact_hash_block_near_duplicate
1338,468,1.0,0.0,0.0,1.0,0.92,merge,exact_hash_block_near_duplicate
1338,1413,1.0,0.0,0.0,1.0,0.92,merge,exact_hash_block_near_duplicate
124,1338,1.0,0.0,0.0,1.0,0.92,merge,exact_hash_block_near_duplicate
208,468,1.0,0.0,0.0,1.0,0.92,merge,exact_hash_block_near_duplicate
1413,208,1.0,0.0,0.0,1.0,0.92,merge,exact_hash_block_near_duplicate
124,208,1.0,0.0,0.0,1.0,0.92,merge,exact_hash_block_near_duplicate
1413,468,1.0,0.0,0.0,1.0,0.92,merge,exact_hash_block_near_duplicate
124,468,1.0,0.0,0.0,1.0,0.92,merge,exact_hash_block_near_duplicate
124,1413,1.0,0.0,0.0,1.0,0.92,merge,exact_hash_block_near_duplicate
1036,292,1.0,0.0,0.0,1.0,0.92,merge,exact_hash_block_near_duplicate
292,756,1.0,0.0,0.0,1.0,0.92,merge,exact_hash_block_near_duplicate
1036,756,1.0,0.0,0.0,1.0,0.92,merge,exact_hash_block_near_duplicate
716,949,1.0,0.0,0.0,1.0,0.92,merge,exact_hash_block_near_duplicate
716,993,1.0,0.0,0.0,1.0,0.92,merge,exact_hash_block_near_duplicate
1787,716,1.0,0.0,0.0,1.0,0.92,merge,exact_hash_block_near_duplicate
1733,716,1.0,0.0,0.0,1.0,0.92,merge,exact_hash_block_near_duplicate
949,993,1.0,0.0,0.0,1.0,0.92,merge,exact_hash_block_near_duplicate
1787,949,1.0,0.0,0.0,1.0,0.92,merge,exact_hash_block_near_duplicate
1733,949,1.0,0.0,0.0,1.0,0.92,merge,exact_hash_block_near_duplicate
1787,993,1.0,0.0,0.0,1.0,0.92,merge,exact_hash_block_near_duplicate
1733,993,1.0,0.0,0.0,1.0,0.92,merge,exact_hash_block_near_duplicate
1733,1787,1.0,0.0,0.0,1.0,0.92,merge,exact_hash_block_near_duplicate
683,807,1.0,0.0,0.0,1.0,0.92,merge,exact_hash_block_near_duplicate
1433,35,1.0,0.0,0.0,1.0,0.92,merge,exact_hash_block_near_duplicate
1807,514,1.0,0.0,0.0,1.0,0.92,merge,exact_hash_block_near_duplicate
514,939,1.0,0.0,0.0,1.0,0.92,merge,exact_hash_block_near_duplicate
296,514,1.0,0.0,0.0,1.0,0.92,merge,exact_hash_block_near_duplicate
337,514,1.0,0.0,0.0,1.0,0.92,merge,exact_hash_block_near_duplicate
1302,514,1.0,0.0,0.0,1.0,0.92,merge,exact_hash_block_near_duplicate
1529,514,1.0,0.0,0.0,1.0,0.92,merge,exact_hash_block_near_duplicate
1807,939,1.0,0.0,0.0,1.0,0.92,merge,exact_hash_block_near_duplicate
1807,296,1.0,0.0,0.0,1.0,0.92,merge,exact_hash_block_near_duplicate
1807,337,1.0,0.0,0.0,1.0,0.92,merge,exact_hash_block_near_duplicate
1302,1807,1.0,0.0,0.0,1.0,0.92,merge,exact_hash_block_near_duplicate
1529,1807,1.0,0.0,0.0,1.0,0.92,merge,exact_hash_block_near_duplicate
296,939,1.0,0.0,0.0,1.0,0.92,merge,exact_hash_block_near_duplicate
337,939,1.0,0.0,0.0,1.0,0.92,merge,exact_hash_block_near_duplicate
1302,939,1.0,0.0,0.0,1.0,0.92,merge,exact_hash_block_near_duplicate
1529,939,1.0,0.0,0.0,1.0,0.92,merge,exact_hash_block_near_duplicate
296,337,1.0,0.0,0.0,1.0,0.92,merge,exact_hash_block_near_duplicate
1302,296,1.0,0.0,0.0,1.0,0.92,merge,exact_hash_block_near_duplicate
1529,296,1.0,0.0,0.0,1.0,0.92,merge,exact_hash_block_near_duplicate
1302,337,1.0,0.0,0.0,1.0,0.92,merge,exact_hash_block_near_duplicate
1529,337,1.0,0.0,0.0,1.0,0.92,merge,exact_hash_block_near_duplicate
1302,1529,1.0,0.0,0.0,1.0,0.92,merge,exact_hash_block_near_duplicate
1215,372,1.0,0.0,0.0,1.0,0.92,merge,exact_hash_block_near_duplicate
1150,1215,1.0,0.0,0.0,1.0,0.92,merge,exact_hash_block_near_duplicate
1215,1601,1.0,0.0,0.0,1.0,0.92,merge,exact_hash_block_near_duplicate
1150,372,1.0,0.0,0.0,1.0,0.92,merge,exact_hash_block_near_duplicate
1601,372,1.0,0.0,0.0,1.0,0.92,merge,exact_hash_block_near_duplicate
1150,1601,1.0,0.0,0.0,1.0,0.92,merge,exact_hash_block_near_duplicate
1507,734,1.0,0.0,0.0,1.0,0.92,merge,exact_hash_block_near_duplicate
1507,217,1.0,0.0,0.0,1.0,0.92,merge,exact_hash_block_near_duplicate
1507,1660,1.0,0.0,0.0,1.0,0.92,merge,exact_hash_block_near_duplicate
1507,560,1.0,0.0,0.0,1.0,0.92,merge,exact_hash_block_near_duplicate
1507,371,1.0,0.0,0.0,1.0,0.92,merge,exact_hash_block_near_duplicate
217,734,1.0,0.0,0.0,1.0,0.92,merge,exact_hash_block_near_duplicate
1660,734,1.0,0.0,0.0,1.0,0.92,merge,exact_hash_block_near_duplicate
560,734,1.0,0.0,0.0,1.0,0.92,merge,exact_hash_block_near_duplicate
371,734,1.0,0.0,0.0,1.0,0.92,merge,exact_hash_block_near_duplicate
1660,217,1.0,0.0,0.0,1.0,0.92,merge,exact_hash_block_near_duplicate
217,560,1.0,0.0,0.0,1.0,0.92,merge,exact_hash_block_near_duplicate
217,371,1.0,0.0,0.0,1.0,0.92,merge,exact_hash_block_near_duplicate
1660,560,1.0,0.0,0.0,1.0,0.92,merge,exact_hash_block_near_duplicate
1660,371,1.0,0.0,0.0,1.0,0.92,merge,exact_hash_block_near_duplicate
371,560,1.0,0.0,0.0,1.0,0.92,merge,exact_hash_block_near_duplicate
1005,1890,1.0,0.0,0.0,1.0,0.92,merge,exact_hash_block_near_duplicate
1890,452,1.0,0.0,0.0,1.0,0.92,merge,exact_hash_block_near_duplicate
1890,574,1.0,0.0,0.0,1.0,0.92,merge,exact_hash_block_near_duplicate
1890,661,1.0,0.0,0.0,1.0,0.92,merge,exact_hash_block_near_duplicate
1253,1890,1.0,0.0,0.0,1.0,0.92,merge,exact_hash_block_near_duplicate
1005,452,1.0,0.0,0.0,1.0,0.92,merge,exact_hash_block_near_duplicate
1005,574,1.0,0.0,0.0,1.0,0.92,merge,exact_hash_block_near_duplicate
1005,661,1.0,0.0,0.0,1.0,0.92,merge,exact_hash_block_near_duplicate
1005,1253,1.0,0.0,0.0,1.0,0.92,merge,exact_hash_block_near_duplicate
452,574,1.0,0.0,0.0,1.0,0.92,merge,exact_hash_block_near_duplicate
452,661,1.0,0.0,0.0,1.0,0.92,merge,exact_hash_block_near_duplicate
1253,452,1.0,0.0,0.0,1.0,0.92,merge,exact_hash_block_near_duplicate
574,661,1.0,0.0,0.0,1.0,0.92,merge,exact_hash_block_near_duplicate
1253,574,1.0,0.0,0.0,1.0,0.92,merge,exact_hash_block_near_duplicate
1253,661,1.0,0.0,0.0,1.0,0.92,merge,exact_hash_block_near_duplicate
777,901,1.0,0.0,0.0,1.0,0.92,merge,exact_hash_block_near_duplicate
1449,901,1.0,0.0,0.0,1.0,0.92,merge,exact_hash_block_near_duplicate
1674,901,1.0,0.0,0.0,1.0,0.92,merge,exact_hash_block_near_duplicate
1545,901,1.0,0.0,0.0,1.0,0.92,merge,exact_hash_block_near_duplicate
1449,777,1.0,0.0,0.0,1.0,0.92,merge,exact_hash_block_near_duplicate
1674,777,1.0,0.0,0.0,1.0,0.92,merge,exact_hash_block_near_duplicate
1545,777,1.0,0.0,0.0,1.0,0.92,merge,exact_hash_block_near_duplicate
1449,1674,1.0,0.0,0.0,1.0,0.92,merge,exact_hash_block_near_duplicate
1449,1545,1.0,0.0,0.0,1.0,0.92,merge,exact_hash_block_near_duplicate
1545,1674,1.0,0.0,0.0,1.0,0.92,merge,exact_hash_block_near_duplicate
526,749,1.0,0.0,0.0,1.0,0.92,merge,exact_hash_block_near_duplicate
1195,526,1.0,0.0,0.0,1.0,0.92,merge,exact_hash_block_near_duplicate
526,943,1.0,0.0,0.0,1.0,0.92,merge,exact_hash_block_near_duplicate
170,526,1.0,0.0,0.0,1.0,0.92,merge,exact_hash_block_near_duplicate
1254,526,1.0,0.0,0.0,1.0,0.92,merge,exact_hash_block_near_duplicate
250,526,1.0,0.0,0.0,1.0,0.92,merge,exact_hash_block_near_duplicate
1367,526,1.0,0.0,0.0,1.0,0.92,merge,exact_hash_block_near_duplicate
311,526,1.0,0.0,0.0,1.0,0.92,merge,exact_hash_block_near_duplicate
1195,749,1.0,0.0,0.0,1.0,0.92,merge,exact_hash_block_near_duplicate
749,943,1.0,0.0,0.0,1.0,0.92,merge,exact_hash_block_near_duplicate
170,749,1.0,0.0,0.0,1.0,0.92,merge,exact_hash_block_near_duplicate
1254,749,1.0,0.0,0.0,1.0,0.92,merge,exact_hash_block_near_duplicate
250,749,1.0,0.0,0.0,1.0,0.92,merge,exact_hash_block_near_duplicate
1367,749,1.0,0.0,0.0,1.0,0.92,merge,exact_hash_block_near_duplicate
311,749,1.0,0.0,0.0,1.0,0.92,merge,exact_hash_block_near_duplicate
1195,943,1.0,0.0,0.0,1.0,0.92,merge,exact_hash_block_near_duplicate
1195,170,1.0,0.0,0.0,1.0,0.92,merge,exact_hash_block_near_duplicate
1195,1254,1.0,0.0,0.0,1.0,0.92,merge,exact_hash_block_near_duplicate
1195,250,1.0,0.0,0.0,1.0,0.92,merge,exact_hash_block_near_duplicate
1195,1367,1.0,0.0,0.0,1.0,0.92,merge,exact_hash_block_near_duplicate
1195,311,1.0,0.0,0.0,1.0,0.92,merge,exact_hash_block_near_duplicate
170,943,1.0,0.0,0.0,1.0,0.92,merge,exact_hash_block_near_duplicate
1254,943,1.0,0.0,0.0,1.0,0.92,merge,exact_hash_block_near_duplicate
250,943,1.0,0.0,0.0,1.0,0.92,merge,exact_hash_block_near_duplicate
1367,943,1.0,0.0,0.0,1.0,0.92,merge,exact_hash_block_near_duplicate
311,943,1.0,0.0,0.0,1.0,0.92,merge,exact_hash_block_near_duplicate
1254,170,1.0,0.0,0.0,1.0,0.92,merge,exact_hash_block_near_duplicate
170,250,1.0,0.0,0.0,1.0,0.92,merge,exact_hash_block_near_duplicate
1367,170,1.0,0.0,0.0,1.0,0.92,merge,exact_hash_block_near_duplicate
170,311,1.0,0.0,0.0,1.0,0.92,merge,exact_hash_block_near_duplicate
1254,250,1.0,0.0,0.0,1.0,0.92,merge,exact_hash_block_near_duplicate
1254,1367,1.0,0.0,0.0,1.0,0.92,merge,exact_hash_block_near_duplicate
1254,311,1.0,0.0,0.0,1.0,0.92,merge,exact_hash_block_near_duplicate
1367,250,1.0,0.0,0.0,1.0,0.92,merge,exact_hash_block_near_duplicate
250,311,1.0,0.0,0.0,1.0,0.92,merge,exact_hash_block_near_duplicate
1367,311,1.0,0.0,0.0,1.0,0.92,merge,exact_hash_block_near_duplicate
1155,403,1.0,0.0,0.0,1.0,0.92,merge,exact_hash_block_near_duplicate
1155,471,1.0,0.0,0.0,1.0,0.92,merge,exact_hash_block_near_duplicate
1155,1277,1.0,0.0,0.0,1.0,0.92,merge,exact_hash_block_near_duplicate
1155,426,1.0,0.0,0.0,1.0,0.92,merge,exact_hash_block_near_duplicate
1155,433,1.0,0.0,0.0,1.0,0.92,merge,exact_hash_block_near_duplicate
403,471,1.0,0.0,0.0,1.0,0.92,merge,exact_hash_block_near_duplicate
1277,403,1.0,0.0,0.0,1.0,0.92,merge,exact_hash_block_near_duplicate
403,426,1.0,0.0,0.0,1.0,0.92,merge,exact_hash_block_near_duplicate
403,433,1.0,0.0,0.0,1.0,0.92,merge,exact_hash_block_near_duplicate
1277,471,1.0,0.0,0.0,1.0,0.92,merge,exact_hash_block_near_duplicate
426,471,1.0,0.0,0.0,1.0,0.92,merge,exact_hash_block_near_duplicate
433,471,1.0,0.0,0.0,1.0,0.92,merge,exact_hash_block_near_duplicate
1277,426,1.0,0.0,0.0,1.0,0.92,merge,exact_hash_block_near_duplicate
1277,433,1.0,0.0,0.0,1.0,0.92,merge,exact_hash_block_near_duplicate
426,433,1.0,0.0,0.0,1.0,0.92,merge,exact_hash_block_near_duplicate
1480,1849,1.0,0.0,0.0,1.0,0.92,merge,exact_hash_block_near_duplicate
1141,1849,1.0,0.0,0.0,1.0,0.92,merge,exact_hash_block_near_duplicate
1849,370,1.0,0.0,0.0,1.0,0.92,merge,exact_hash_block_near_duplicate
1849,849,1.0,0.0,0.0,1.0,0.92,merge,exact_hash_block_near_duplicate
1141,1480,1.0,0.0,0.0,1.0,0.92,merge,exact_hash_block_near_duplicate
1480,370,1.0,0.0,0.0,1.0,0.92,merge,exact_hash_block_near_duplicate
1480,849,1.0,0.0,0.0,1.0,0.92,merge,exact_hash_block_near_duplicate
1141,370,1.0,0.0,0.0,1.0,0.92,merge,exact_hash_block_near_duplicate
1141,849,1.0,0.0,0.0,1.0,0.92,merge,exact_hash_block_near_duplicate
370,849,1.0,0.0,0.0,1.0,0.92,merge,exact_hash_block_near_duplicate
1263,927,1.0,0.0,0.0,1.0,0.92,merge,exact_hash_block_near_duplicate
366,927,1.0,0.0,0.0,1.0,0.92,merge,exact_hash_block_near_duplicate
289,927,1.0,0.0,0.0,1.0,0.92,merge,exact_hash_block_near_duplicate
1263,366,1.0,0.0,0.0,1.0,0.92,merge,exact_hash_block_near_duplicate
1263,289,1.0,0.0,0.0,1.0,0.92,merge,exact_hash_block_near_duplicate
289,366,1.0,0.0,0.0,1.0,0.92,merge,exact_hash_block_near_duplicate
244,415,1.0,0.0,0.0,1.0,0.92,merge,exact_hash_block_near_duplicate
244,416,1.0,0.0,0.0,1.0,0.92,merge,exact_hash_block_near_duplicate
415,416,1.0,0.0,0.0,1.0,0.92,merge,exact_hash_block_near_duplicate
1878,569,1.0,0.0,0.0,1.0,0.92,merge,exact_hash_block_near_duplicate
1159,569,1.0,0.0,0.0,1.0,0.92,merge,exact_hash_block_near_duplicate
1159,1878,1.0,0.0,0.0,1.0,0.92,merge,exact_hash_block_near_duplicate
1548,1784,1.0,0.0,0.0,1.0,0.92,merge,exact_hash_block_near_duplicate
1548,605,1.0,0.0,0.0,1.0,0.92,merge,exact_hash_block_near_duplicate
1548,84,1.0,0.0,0.0,1.0,0.92,merge,exact_hash_block_near_duplicate
1548,436,1.0,0.0,0.0,1.0,0.92,merge,exact_hash_block_near_duplicate
1784,605,1.0,0.0,0.0,1.0,0.92,merge,exact_hash_block_near_duplicate
1784,84,1.0,0.0,0.0,1.0,0.92,merge,exact_hash_block_near_duplicate
1784,436,1.0,0.0,0.0,1.0,0.92,merge,exact_hash_block_near_duplicate
605,84,1.0,0.0,0.0,1.0,0.92,merge,exact_hash_block_near_duplicate
436,605,1.0,0.0,0.0,1.0,0.92,merge,exact_hash_block_near_duplicate
436,84,1.0,0.0,0.0,1.0,0.92,merge,exact_hash_block_near_duplicate
622,728,1.0,0.0,0.0,1.0,0.92,merge,exact_hash_block_near_duplicate
202,622,1.0,0.0,0.0,1.0,0.92,merge,exact_hash_block_near_duplicate
622,883,1.0,0.0,0.0,1.0,0.92,merge,exact_hash_block_near_duplicate
1568,622,1.0,0.0,0.0,1.0,0.92,merge,exact_hash_block_near_duplicate
202,728,1.0,0.0,0.0,1.0,0.92,merge,exact_hash_block_near_duplicate
728,883,1.0,0.0,0.0,1.0,0.92,merge,exact_hash_block_near_duplicate
1568,728,1.0,0.0,0.0,1.0,0.92,merge,exact_hash_block_near_duplicate
202,883,1.0,0.0,0.0,1.0,0.92,merge,exact_hash_block_near_duplicate
1568,202,1.0,0.0,0.0,1.0,0.92,merge,exact_hash_block_near_duplicate
1568,883,1.0,0.0,0.0,1.0,0.92,merge,exact_hash_block_near_duplicate
1412,48,1.0,0.0,0.0,1.0,0.92,merge,exact_hash_block_near_duplicate
1768,48,1.0,0.0,0.0,1.0,0.92,merge,exact_hash_block_near_duplicate
1412,1768,1.0,0.0,0.0,1.0,0.92,merge,exact_hash_block_near_duplicate
1664,990,1.0,0.0,0.0,1.0,0.92,merge,exact_hash_block_near_duplicate
1664,710,1.0,0.0,0.0,1.0,0.92,merge,exact_hash_block_near_duplicate
1288,1664,1.0,0.0,0.0,1.0,0.92,merge,exact_hash_block_near_duplicate
1030,1664,1.0,0.0,0.0,1.0,0.92,merge,exact_hash_block_near_duplicate
710,990,1.0,0.0,0.0,1.0,0.92,merge,exact_hash_block_near_duplicate
1288,990,1.0,0.0,0.0,1.0,0.92,merge,exact_hash_block_near_duplicate
1030,990,1.0,0.0,0.0,1.0,0.92,merge,exact_hash_block_near_duplicate
1288,710,1.0,0.0,0.0,1.0,0.92,merge,exact_hash_block_near_duplicate
1030,710,1.0,0.0,0.0,1.0,0.92,merge,exact_hash_block_near_duplicate
1030,1288,1.0,0.0,0.0,1.0,0.92,merge,exact_hash_block_near_duplicate
1691,944,1.0,0.0,0.0,1.0,0.92,merge,exact_hash_block_near_duplicate
184,944,1.0,0.0,0.0,1.0,0.92,merge,exact_hash_block_near_duplicate
1010,944,1.0,0.0,0.0,1.0,0.92,merge,exact_hash_block_near_duplicate
125,944,1.0,0.0,0.0,1.0,0.92,merge,exact_hash_block_near_duplicate
223,944,1.0,0.0,0.0,1.0,0.92,merge,exact_hash_block_near_duplicate
1134,944,1.0,0.0,0.0,1.0,0.92,merge,exact_hash_block_near_duplicate
1528,944,1.0,0.0,0.0,1.0,0.92,merge,exact_hash_block_near_duplicate
1691,184,1.0,0.0,0.0,1.0,0.92,merge,exact_hash_block_near_duplicate
1010,1691,1.0,0.0,0.0,1.0,0.92,merge,exact_hash_block_near_duplicate
125,1691,1.0,0.0,0.0,1.0,0.92,merge,exact_hash_block_near_duplicate
1691,223,1.0,0.0,0.0,1.0,0.92,merge,exact_hash_block_near_duplicate
1134,1691,1.0,1.0,1.0,1.0,0.92,merge,exact_hash_block_near_duplicate
1528,1691,1.0,1.0,1.0,1.0,0.92,merge,exact_hash_block_near_duplicate
1010,184,1.0,0.0,0.0,1.0,0.92,merge,exact_hash_block_near_duplicate
125,184,1.0,0.0,0.0,1.0,0.92,merge,exact_hash_block_near_duplicate
184,223,1.0,0.0,0.0,1.0,0.92,merge,exact_hash_block_near_duplicate
1134,184,1.0,0.0,0.0,1.0,0.92,merge,exact_hash_block_near_duplicate
1528,184,1.0,0.0,0.0,1.0,0.92,merge,exact_hash_block_near_duplicate
1010,125,1.0,0.0,0.0,1.0,0.92,merge,exact_hash_block_near_duplicate
1010,223,1.0,0.0,0.0,1.0,0.92,merge,exact_hash_block_near_duplicate
1010,1134,1.0,0.0,0.0,1.0,0.92,merge,exact_hash_block_near_duplicate
1010,1528,1.0,0.0,0.0,1.0,0.92,merge,exact_hash_block_near_duplicate
125,223,1.0,0.0,0.0,1.0,0.92,merge,exact_hash_block_near_duplicate
1134,125,1.0,0.0,0.0,1.0,0.92,merge,exact_hash_block_near_duplicate
125,1528,1.0,0.0,0.0,1.0,0.92,merge,exact_hash_block_near_duplicate
1134,223,1.0,0.0,0.0,1.0,0.92,merge,exact_hash_block_near_duplicate
1528,223,1.0,0.0,0.0,1.0,0.92,merge,exact_hash_block_near_duplicate
1134,1528,1.0,1.0,1.0,1.0,0.92,merge,exact_hash_block_near_duplicate
879,99,1.0,0.0,0.0,1.0,0.92,merge,exact_hash_block_near_duplicate
1158,879,1.0,0.0,0.0,1.0,0.92,merge,exact_hash_block_near_duplicate
1040,879,1.0,0.0,0.0,1.0,0.92,merge,exact_hash_block_near_duplicate
340,879,1.0,0.0,0.0,1.0,0.92,merge,exact_hash_block_near_duplicate
1158,99,1.0,0.0,0.0,1.0,0.92,merge,exact_hash_block_near_duplicate
1040,99,1.0,0.0,0.0,1.0,0.92,merge,exact_hash_block_near_duplicate
340,99,1.0,0.0,0.0,1.0,0.92,merge,exact_hash_block_near_duplicate
1040,1158,1.0,0.0,0.0,1.0,0.92,merge,exact_hash_block_near_duplicate
1158,340,1.0,0.0,0.0,1.0,0.92,merge,exact_hash_block_near_duplicate
1040,340,1.0,0.0,0.0,1.0,0.92,merge,exact_hash_block_near_duplicate
1032,1762,1.0,0.0,0.0,1.0,0.92,merge,exact_hash_block_near_duplicate
130,1762,1.0,0.0,0.0,1.0,0.92,merge,exact_hash_block_near_duplicate
1762,735,1.0,0.0,0.0,1.0,0.92,merge,exact_hash_block_near_duplicate
1762,406,1.0,0.0,0.0,1.0,0.92,merge,exact_hash_block_near_duplicate
1032,130,1.0,0.0,0.0,1.0,0.92,merge,exact_hash_block_near_duplicate
1032,735,1.0,0.0,0.0,1.0,0.92,merge,exact_hash_block_near_duplicate
1032,406,1.0,0.0,0.0,1.0,0.92,merge,exact_hash_block_near_duplicate
130,735,1.0,0.0,0.0,1.0,0.92,merge,exact_hash_block_near_duplicate
130,406,1.0,0.0,0.0,1.0,0.92,merge,exact_hash_block_near_duplicate
406,735,1.0,0.0,0.0,1.0,0.92,merge,exact_hash_block_near_duplicate
1417,20,1.0,0.0,0.0,1.0,0.92,merge,exact_hash_block_near_duplicate
1843,20,1.0,0.0,0.0,1.0,0.92,merge,exact_hash_block_near_duplicate
1417,1843,1.0,0.0,0.0,1.0,0.92,merge,exact_hash_block_near_duplicate
1783,932,1.0,0.0,0.0,1.0,0.92,merge,exact_hash_block_near_duplicate
287,932,1.0,0.0,0.0,1.0,0.92,merge,exact_hash_block_near_duplicate
1659,932,1.0,0.0,0.0,1.0,0.92,merge,exact_hash_block_near_duplicate
1783,287,1.0,0.0,0.0,1.0,0.92,merge,exact_hash_block_near_duplicate
1659,1783,1.0,0.0,0.0,1.0,0.92,merge,exact_hash_block_near_duplicate
1659,287,1.0,0.0,0.0,1.0,0.92,merge,exact_hash_block_near_duplicate
665,909,1.0,0.0,0.0,1.0,0.92,merge,exact_hash_block_near_duplicate
576,909,1.0,0.0,0.0,1.0,0.92,merge,exact_hash_block_near_duplicate
576,665,1.0,0.0,0.0,1.0,0.92,merge,exact_hash_block_near_duplicate
1166,395,1.0,0.0,0.0,1.0,0.92,merge,exact_hash_block_near_duplicate
1166,628,1.0,0.0,0.0,1.0,0.92,merge,exact_hash_block_near_duplicate
107,1166,1.0,0.0,0.0,1.0,0.92,merge,exact_hash_block_near_duplicate
1166,1745,1.0,0.0,0.0,1.0,0.92,merge,exact_hash_block_near_duplicate
103,1166,1.0,0.0,0.0,1.0,0.92,merge,exact_hash_block_near_duplicate
1166,226,1.0,0.0,0.0,1.0,0.92,merge,exact_hash_block_near_duplicate
395,628,1.0,0.0,0.0,1.0,0.92,merge,exact_hash_block_near_duplicate
107,395,1.0,0.0,0.0,1.0,0.92,merge,exact_hash_block_near_duplicate
1745,395,1.0,0.0,0.0,1.0,0.92,merge,exact_hash_block_near_duplicate
103,395,1.0,0.0,0.0,1.0,0.92,merge,exact_hash_block_near_duplicate
226,395,1.0,0.0,0.0,1.0,0.92,merge,exact_hash_block_near_duplicate
107,628,1.0,0.0,0.0,1.0,0.92,merge,exact_hash_block_near_duplicate
1745,628,1.0,0.0,0.0,1.0,0.92,merge,exact_hash_block_near_duplicate
103,628,1.0,0.0,0.0,1.0,0.92,merge,exact_hash_block_near_duplicate
226,628,1.0,0.0,0.0,1.0,0.92,merge,exact_hash_block_near_duplicate
107,1745,1.0,0.0,0.0,1.0,0.92,merge,exact_hash_block_near_duplicate
103,107,1.0,1.0,1.0,1.0,0.92,merge,exact_hash_block_near_duplicate
107,226,1.0,0.0,0.0,1.0,0.92,merge,exact_hash_block_near_duplicate
103,1745,1.0,0.0,0.0,1.0,0.92,merge,exact_hash_block_near_duplicate
1745,226,1.0,0.0,0.0,1.0,0.92,merge,exact_hash_block_near_duplicate
103,226,1.0,0.0,0.0,1.0,0.92,merge,exact_hash_block_near_duplicate
1280,856,1.0,0.0,0.0,1.0,0.92,merge,exact_hash_block_near_duplicate
1201,856,1.0,0.0,0.0,1.0,0.92,merge,exact_hash_block_near_duplicate
842,856,1.0,0.0,0.0,1.0,0.92,merge,exact_hash_block_near_duplicate
1401,856,1.0,0.0,0.0,1.0,0.92,merge,exact_hash_block_near_duplicate
1201,1280,1.0,0.0,0.0,1.0,0.92,merge,exact_hash_block_near_duplicate
1280,842,1.0,0.0,0.0,1.0,0.92,merge,exact_hash_block_near_duplicate
1280,1401,1.0,0.0,0.0,1.0,0.92,merge,exact_hash_block_near_duplicate
1201,842,1.0,0.0,0.0,1.0,0.92,merge,exact_hash_block_near_duplicate
1201,1401,1.0,0.0,0.0,1.0,0.92,merge,exact_hash_block_near_duplicate
1401,842,1.0,0.0,0.0,1.0,0.92,merge,exact_hash_block_near_duplicate
458,639,1.0,0.0,0.0,1.0,0.92,merge,exact_hash_block_near_duplicate
298,458,1.0,0.0,0.0,1.0,0.92,merge,exact_hash_block_near_duplicate
1348,458,1.0,0.0,0.0,1.0,0.92,merge,exact_hash_block_near_duplicate
298,639,1.0,0.0,0.0,1.0,0.92,merge,exact_hash_block_near_duplicate
1348,639,1.0,0.0,0.0,1.0,0.92,merge,exact_hash_block_near_duplicate
1348,298,1.0,0.0,0.0,1.0,0.92,merge,exact_hash_block_near_duplicate
1052,446,1.0,0.0,0.0,1.0,0.92,merge,exact_hash_block_near_duplicate
1090,446,1.0,0.0,0.0,1.0,0.92,merge,exact_hash_block_near_duplicate
446,617,1.0,0.0,0.0,1.0,0.92,merge,exact_hash_block_near_duplicate
1052,1090,1.0,0.0,0.0,1.0,0.92,merge,exact_hash_block_near_duplicate
1052,617,1.0,0.0,0.0,1.0,0.92,merge,exact_hash_block_near_duplicate
1090,617,1.0,0.0,0.0,1.0,0.92,merge,exact_hash_block_near_duplicate
1786,1835,1.0,0.0,0.0,1.0,0.92,merge,exact_hash_block_near_duplicate
1651,1786,1.0,0.0,0.0,1.0,0.92,merge,exact_hash_block_near_duplicate
1786,701,1.0,0.0,0.0,1.0,0.92,merge,exact_hash_block_near_duplicate
1632,1786,1.0,0.0,0.0,1.0,0.92,merge,exact_hash_block_near_duplicate
1651,1835,1.0,0.0,0.0,1.0,0.92,merge,exact_hash_block_near_duplicate
1835,701,1.0,0.0,0.0,1.0,0.92,merge,exact_hash_block_near_duplicate
1632,1835,1.0,0.0,0.0,1.0,0.92,merge,exact_hash_block_near_duplicate
1651,701,1.0,0.0,0.0,1.0,0.92,merge,exact_hash_block_near_duplicate
1632,1651,1.0,0.0,0.0,1.0,0.92,merge,exact_hash_block_near_duplicate
1632,701,1.0,0.0,0.0,1.0,0.92,merge,exact_hash_block_near_duplicate
1638,1722,1.0,0.0,0.0,1.0,0.92,merge,exact_hash_block_near_duplicate
106,293,1.0,0.0,0.0,1.0,0.92,merge,exact_hash_block_near_duplicate
106,794,1.0,0.0,0.0,1.0,0.92,merge,exact_hash_block_near_duplicate
106,925,1.0,0.0,0.0,1.0,0.92,merge,exact_hash_block_near_duplicate
293,794,1.0,0.0,0.0,1.0,0.92,merge,exact_hash_block_near_duplicate
293,925,1.0,0.0,0.0,1.0,0.92,merge,exact_hash_block_near_duplicate
794,925,1.0,0.0,0.0,1.0,0.92,merge,exact_hash_block_near_duplicate
1336,1846,1.0,0.0,0.0,1.0,0.92,merge,exact_hash_block_near_duplicate
1151,123,1.0,0.0,0.0,1.0,0.92,merge,exact_hash_block_near_duplicate
1173,1415,1.0,0.0,0.0,1.0,0.92,merge,exact_hash_block_near_duplicate
1415,982,1.0,0.0,0.0,1.0,0.92,merge,exact_hash_block_near_duplicate
1173,982,1.0,0.0,0.0,1.0,0.92,merge,exact_hash_block_near_duplicate
198,590,1.0,0.0,0.0,1.0,0.92,merge,exact_hash_block_near_duplicate
198,71,1.0,0.0,0.0,1.0,0.92,merge,exact_hash_block_near_duplicate
1542,198,1.0,0.0,0.0,1.0,0.92,merge,exact_hash_block_near_duplicate
590,71,1.0,0.0,0.0,1.0,0.92,merge,exact_hash_block_near_duplicate
1542,590,1.0,0.0,0.0,1.0,0.92,merge,exact_hash_block_near_duplicate
1542,71,1.0,0.0,0.0,1.0,0.92,merge,exact_hash_block_near_duplicate
1059,376,1.0,0.0,0.0,1.0,0.92,merge,exact_hash_block_near_duplicate
1765,376,1.0,0.0,0.0,1.0,0.92,merge,exact_hash_block_near_duplicate
373,376,1.0,0.0,0.0,1.0,0.92,merge,exact_hash_block_near_duplicate
1059,1765,1.0,0.0,0.0,1.0,0.92,merge,exact_hash_block_near_duplicate
1059,373,1.0,0.0,0.0,1.0,0.92,merge,exact_hash_block_near_duplicate
1765,373,1.0,0.0,0.0,1.0,0.92,merge,exact_hash_block_near_duplicate
1779,770,1.0,0.0,0.0,1.0,0.92,merge,exact_hash_block_near_duplicate
1779,703,1.0,0.0,0.0,1.0,0.92,merge,exact_hash_block_near_duplicate
1779,570,1.0,0.0,0.0,1.0,0.92,merge,exact_hash_block_near_duplicate
1779,635,1.0,0.0,0.0,1.0,0.92,merge,exact_hash_block_near_duplicate
1357,1779,1.0,0.0,0.0,1.0,0.92,merge,exact_hash_block_near_duplicate
1230,1779,1.0,0.0,0.0,1.0,0.92,merge,exact_hash_block_near_duplicate
703,770,1.0,0.0,0.0,1.0,0.92,merge,exact_hash_block_near_duplicate
570,770,1.0,0.0,0.0,1.0,0.92,merge,exact_hash_block_near_duplicate
635,770,1.0,0.0,0.0,1.0,0.92,merge,exact_hash_block_near_duplicate
1357,770,1.0,0.0,0.0,1.0,0.92,merge,exact_hash_block_near_duplicate
1230,770,1.0,0.0,0.0,1.0,0.92,merge,exact_hash_block_near_duplicate
570,703,1.0,0.0,0.0,1.0,0.92,merge,exact_hash_block_near_duplicate
635,703,1.0,0.0,0.0,1.0,0.92,merge,exact_hash_block_near_duplicate
1357,703,1.0,0.0,0.0,1.0,0.92,merge,exact_hash_block_near_duplicate
1230,703,1.0,0.0,0.0,1.0,0.92,merge,exact_hash_block_near_duplicate
570,635,1.0,0.0,0.0,1.0,0.92,merge,exact_hash_block_near_duplicate
1357,570,1.0,0.0,0.0,1.0,0.92,merge,exact_hash_block_near_duplicate
1230,570,1.0,0.0,0.0,1.0,0.92,merge,exact_hash_block_near_duplicate
1357,635,1.0,0.0,0.0,1.0,0.92,merge,exact_hash_block_near_duplicate
1230,635,1.0,0.0,0.0,1.0,0.92,merge,exact_hash_block_near_duplicate
1230,1357,1.0,0.0,0.0,1.0,0.92,merge,exact_hash_block_near_duplicate
911,977,1.0,0.0,0.0,1.0,0.92,merge,exact_hash_block_near_duplicate
1394,768,1.0,0.0,0.0,1.0,0.92,merge,exact_hash_block_near_duplicate
581,768,1.0,0.0,0.0,1.0,0.92,merge,exact_hash_block_near_duplicate
681,768,1.0,0.0,0.0,1.0,0.92,merge,exact_hash_block_near_duplicate
1394,581,1.0,0.0,0.0,1.0,0.92,merge,exact_hash_block_near_duplicate
1394,681,1.0,0.0,0.0,1.0,0.92,merge,exact_hash_block_near_duplicate
581,681,1.0,0.0,0.0,1.0,0.92,merge,exact_hash_block_near_duplicate
1273,1773,1.0,0.0,0.0,1.0,0.92,merge,exact_hash_block_near_duplicate
1273,360,1.0,0.0,0.0,1.0,0.92,merge,exact_hash_block_near_duplicate
1273,401,1.0,0.0,0.0,1.0,0.92,merge,exact_hash_block_near_duplicate
1273,1661,1.0,0.0,0.0,1.0,0.92,merge,exact_hash_block_near_duplicate
1273,1582,1.0,0.0,0.0,1.0,0.92,merge,exact_hash_block_near_duplicate
1773,360,1.0,0.0,0.0,1.0,0.92,merge,exact_hash_block_near_duplicate
1773,401,1.0,0.0,0.0,1.0,0.92,merge,exact_hash_block_near_duplicate
1661,1773,1.0,0.0,0.0,1.0,0.92,merge,exact_hash_block_near_duplicate
1582,1773,1.0,0.0,0.0,1.0,0.92,merge,exact_hash_block_near_duplicate
360,401,1.0,0.0,0.0,1.0,0.92,merge,exact_hash_block_near_duplicate
1661,360,1.0,0.0,0.0,1.0,0.92,merge,exact_hash_block_near_duplicate
1582,360,1.0,0.0,0.0,1.0,0.92,merge,exact_hash_block_near_duplicate
1661,401,1.0,0.0,0.0,1.0,0.92,merge,exact_hash_block_near_duplicate
1582,401,1.0,0.0,0.0,1.0,0.92,merge,exact_hash_block_near_duplicate
1582,1661,1.0,0.0,0.0,1.0,0.92,merge,exact_hash_block_near_duplicate
377,693,1.0,0.0,0.0,1.0,0.92,merge,exact_hash_block_near_duplicate
148,693,1.0,0.0,0.0,1.0,0.92,merge,exact_hash_block_near_duplicate
148,377,1.0,0.0,0.0,1.0,0.92,merge,exact_hash_block_near_duplicate
1445,167,1.0,0.0,0.0,1.0,0.92,merge,exact_hash_block_near_duplicate
1605,167,1.0,0.0,0.0,1.0,0.92,merge,exact_hash_block_near_duplicate
167,1693,1.0,0.0,0.0,1.0,0.92,merge,exact_hash_block_near_duplicate
167,315,1.0,0.0,0.0,1.0,0.92,merge,exact_hash_block_near_duplicate
1558,167,1.0,0.0,0.0,1.0,0.92,merge,exact_hash_block_near_duplicate
167,714,1.0,0.0,0.0,1.0,0.92,merge,exact_hash_block_near_duplicate
167,43,1.0,0.0,0.0,1.0,0.92,merge,exact_hash_block_near_duplicate
1445,1605,1.0,0.0,0.0,1.0,0.92,merge,exact_hash_block_near_duplicate
1445,1693,1.0,0.0,0.0,1.0,0.92,merge,exact_hash_block_near_duplicate
1445,315,1.0,0.0,0.0,1.0,0.92,merge,exact_hash_block_near_duplicate
1445,1558,1.0,0.0,0.0,1.0,0.92,merge,exact_hash_block_near_duplicate
1445,714,1.0,0.0,0.0,1.0,0.92,merge,exact_hash_block_near_duplicate
1445,43,1.0,0.0,0.0,1.0,0.92,merge,exact_hash_block_near_duplicate
1605,1693,1.0,0.0,0.0,1.0,0.92,merge,exact_hash_block_near_duplicate
1605,315,1.0,0.0,0.0,1.0,0.92,merge,exact_hash_block_near_duplicate
1558,1605,1.0,0.0,0.0,1.0,0.92,merge,exact_hash_block_near_duplicate
1605,714,1.0,0.0,0.0,1.0,0.92,merge,exact_hash_block_near_duplicate
1605,43,1.0,0.0,0.0,1.0,0.92,merge,exact_hash_block_near_duplicate
1693,315,1.0,0.0,0.0,1.0,0.92,merge,exact_hash_block_near_duplicate
1558,1693,1.0,0.0,0.0,1.0,0.92,merge,exact_hash_block_near_duplicate
1693,714,1.0,0.0,0.0,1.0,0.92,merge,exact_hash_block_near_duplicate
1693,43,1.0,0.0,0.0,1.0,0.92,merge,exact_hash_block_near_duplicate
1558,315,1.0,0.0,0.0,1.0,0.92,merge,exact_hash_block_near_duplicate
315,714,1.0,0.0,0.0,1.0,0.92,merge,exact_hash_block_near_duplicate
315,43,1.0,0.0,0.0,1.0,0.92,merge,exact_hash_block_near_duplicate
1558,714,1.0,0.0,0.0,1.0,0.92,merge,exact_hash_block_near_duplicate
1558,43,1.0,0.0,0.0,1.0,0.92,merge,exact_hash_block_near_duplicate
43,714,1.0,0.0,0.0,1.0,0.92,merge,exact_hash_block_near_duplicate
1844,429,1.0,0.0,0.0,1.0,0.92,merge,exact_hash_block_near_duplicate
429,86,1.0,0.0,0.0,1.0,0.92,merge,exact_hash_block_near_duplicate
1844,86,1.0,0.0,0.0,1.0,0.92,merge,exact_hash_block_near_duplicate
1108,737,1.0,0.0,0.0,1.0,0.92,merge,exact_hash_block_near_duplicate
1108,238,1.0,0.0,0.0,1.0,0.92,merge,exact_hash_block_near_duplicate
238,737,1.0,0.0,0.0,1.0,0.92,merge,exact_hash_block_near_duplicate
104,469,1.0,0.0,0.0,1.0,0.92,merge,exact_hash_block_near_duplicate
104,877,1.0,0.0,0.0,1.0,0.92,merge,exact_hash_block_near_duplicate
104,503,1.0,0.0,0.0,1.0,0.92,merge,exact_hash_block_near_duplicate
104,1435,1.0,0.0,0.0,1.0,0.92,merge,exact_hash_block_near_duplicate
104,1228,1.0,0.0,0.0,1.0,0.92,merge,exact_hash_block_near_duplicate
469,877,1.0,0.0,0.0,1.0,0.92,merge,exact_hash_block_near_duplicate
469,503,1.0,1.0,1.0,1.0,0.92,merge,exact_hash_block_near_duplicate
1435,469,1.0,0.0,0.0,1.0,0.92,merge,exact_hash_block_near_duplicate
1228,469,1.0,0.0,0.0,1.0,0.92,merge,exact_hash_block_near_duplicate
503,877,1.0,0.0,0.0,1.0,0.92,merge,exact_hash_block_near_duplicate
1435,877,1.0,0.0,0.0,1.0,0.92,merge,exact_hash_block_near_duplicate
1228,877,1.0,0.0,0.0,1.0,0.92,merge,exact_hash_block_near_duplicate
1435,503,1.0,0.0,0.0,1.0,0.92,merge,exact_hash_block_near_duplicate
1228,503,1.0,0.0,0.0,1.0,0.92,merge,exact_hash_block_near_duplicate
1228,1435,1.0,0.0,0.0,1.0,0.92,merge,exact_hash_block_near_duplicate
390,482,1.0,0.0,0.0,1.0,0.92,merge,exact_hash_block_near_duplicate
139,555,1.0,0.0,0.0,1.0,0.92,merge,exact_hash_block_near_duplicate
1181,139,1.0,0.0,0.0,1.0,0.92,merge,exact_hash_block_near_duplicate
1181,555,1.0,0.0,0.0,1.0,0.92,merge,exact_hash_block_near_duplicate
600,902,1.0,0.0,0.0,1.0,0.92,merge,exact_hash_block_near_duplicate
902,997,1.0,0.0,0.0,1.0,0.92,merge,exact_hash_block_near_duplicate
902,904,1.0,0.0,0.0,1.0,0.92,merge,exact_hash_block_near_duplicate
686,902,1.0,0.0,0.0,1.0,0.92,merge,exact_hash_block_near_duplicate
600,997,1.0,0.0,0.0,1.0,0.92,merge,exact_hash_block_near_duplicate
600,904,1.0,0.0,0.0,1.0,0.92,merge,exact_hash_block_near_duplicate
600,686,1.0,0.0,0.0,1.0,0.92,merge,exact_hash_block_near_duplicate
904,997,1.0,0.0,0.0,1.0,0.92,merge,exact_hash_block_near_duplicate
686,997,1.0,0.0,0.0,1.0,0.92,merge,exact_hash_block_near_duplicate
686,904,1.0,0.0,0.0,1.0,0.92,merge,exact_hash_block_near_duplicate
219,721,1.0,0.0,0.0,1.0,0.92,merge,exact_hash_block_near_duplicate
321,721,1.0,0.0,0.0,1.0,0.92,merge,exact_hash_block_near_duplicate
219,321,1.0,0.0,0.0,1.0,0.92,merge,exact_hash_block_near_duplicate
1889,442,1.0,0.0,0.0,1.0,0.92,merge,exact_hash_block_near_duplicate
1342,442,1.0,0.0,0.0,1.0,0.92,merge,exact_hash_block_near_duplicate
442,637,1.0,0.0,0.0,1.0,0.92,merge,exact_hash_block_near_duplicate
442,470,1.0,0.0,0.0,1.0,0.92,merge,exact_hash_block_near_duplicate
243,442,1.0,0.0,0.0,1.0,0.92,merge,exact_hash_block_near_duplicate
1875,442,1.0,0.0,0.0,1.0,0.92,merge,exact_hash_block_near_duplicate
1342,1889,1.0,0.0,0.0,1.0,0.92,merge,exact_hash_block_near_duplicate
1889,637,1.0,0.0,0.0,1.0,0.92,merge,exact_hash_block_near_duplicate
1889,470,1.0,0.0,0.0,1.0,0.92,merge,exact_hash_block_near_duplicate
1889,243,1.0,0.0,0.0,1.0,0.92,merge,exact_hash_block_near_duplicate
1875,1889,1.0,0.0,0.0,1.0,0.92,merge,exact_hash_block_near_duplicate
1342,637,1.0,0.0,0.0,1.0,0.92,merge,exact_hash_block_near_duplicate
1342,470,1.0,0.0,0.0,1.0,0.92,merge,exact_hash_block_near_duplicate
1342,243,1.0,0.0,0.0,1.0,0.92,merge,exact_hash_block_near_duplicate
1342,1875,1.0,0.0,0.0,1.0,0.92,merge,exact_hash_block_near_duplicate
470,637,1.0,0.0,0.0,1.0,0.92,merge,exact_hash_block_near_duplicate
243,637,1.0,0.0,0.0,1.0,0.92,merge,exact_hash_block_near_duplicate
1875,637,1.0,0.0,0.0,1.0,0.92,merge,exact_hash_block_near_duplicate
243,470,1.0,0.0,0.0,1.0,0.92,merge,exact_hash_block_near_duplicate
1875,470,1.0,0.0,0.0,1.0,0.92,merge,exact_hash_block_near_duplicate
1875,243,1.0,0.0,0.0,1.0,0.92,merge,exact_hash_block_near_duplicate
1356,747,1.0,0.0,0.0,1.0,0.92,merge,exact_hash_block_near_duplicate
1356,14,1.0,0.0,0.0,1.0,0.92,merge,exact_hash_block_near_duplicate
1356,1531,1.0,0.0,0.0,1.0,0.92,merge,exact_hash_block_near_duplicate
1356,1653,1.0,0.0,0.0,1.0,0.92,merge,exact_hash_block_near_duplicate
14,747,1.0,0.0,0.0,1.0,0.92,merge,exact_hash_block_near_duplicate
1531,747,1.0,0.0,0.0,1.0,0.92,merge,exact_hash_block_near_duplicate
1653,747,1.0,0.0,0.0,1.0,0.92,merge,exact_hash_block_near_duplicate
14,1531,1.0,0.0,0.0,1.0,0.92,merge,exact_hash_block_near_duplicate
14,1653,1.0,0.0,0.0,1.0,0.92,merge,exact_hash_block_near_duplicate
1531,1653,1.0,0.0,0.0,1.0,0.92,merge,exact_hash_block_near_duplicate
1183,999,1.0,0.0,0.0,1.0,0.92,merge,exact_hash_block_near_duplicate
1304,355,1.0,0.0,0.0,1.0,0.92,merge,exact_hash_block_near_duplicate
1304,644,1.0,0.0,0.0,1.0,0.92,merge,exact_hash_block_near_duplicate
1304,1549,1.0,0.0,0.0,1.0,0.92,merge,exact_hash_block_near_duplicate
355,644,1.0,0.0,0.0,1.0,0.92,merge,exact_hash_block_near_duplicate
1549,355,1.0,0.0,0.0,1.0,0.92,merge,exact_hash_block_near_duplicate
1549,644,1.0,0.0,0.0,1.0,0.92,merge,exact_hash_block_near_duplicate
409,826,1.0,0.0,0.0,1.0,0.92,merge,exact_hash_block_near_duplicate
409,493,1.0,0.0,0.0,1.0,0.92,merge,exact_hash_block_near_duplicate
493,826,1.0,1.0,1.0,1.0,0.92,merge,exact_hash_block_near_duplicate
1046,1398,1.0,0.0,0.0,1.0,0.92,merge,exact_hash_block_near_duplicate
1046,580,1.0,0.0,0.0,1.0,0.92,merge,exact_hash_block_near_duplicate
1046,1635,1.0,0.0,0.0,1.0,0.92,merge,exact_hash_block_near_duplicate
1398,580,1.0,0.0,0.0,1.0,0.92,merge,exact_hash_block_near_duplicate
1398,1635,1.0,0.0,0.0,1.0,0.92,merge,exact_hash_block_near_duplicate
1635,580,1.0,0.0,0.0,1.0,0.92,merge,exact_hash_block_near_duplicate
1100,933,1.0,0.0,0.0,1.0,0.92,merge,exact_hash_block_near_duplicate
921,933,1.0,0.0,0.0,1.0,0.92,merge,exact_hash_block_near_duplicate
1100,921,1.0,0.0,0.0,1.0,0.92,merge,exact_hash_block_near_duplicate
325,606,1.0,0.0,0.0,1.0,0.92,merge,exact_hash_block_near_duplicate
1189,606,1.0,0.0,0.0,1.0,0.92,merge,exact_hash_block_near_duplicate
606,700,1.0,0.0,0.0,1.0,0.92,merge,exact_hash_block_near_duplicate
606,859,1.0,0.0,0.0,1.0,0.92,merge,exact_hash_block_near_duplicate
1035,606,1.0,0.0,0.0,1.0,0.92,merge,exact_hash_block_near_duplicate
1189,325,1.0,0.0,0.0,1.0,0.92,merge,exact_hash_block_near_duplicate
325,700,1.0,0.0,0.0,1.0,0.92,merge,exact_hash_block_near_duplicate
325,859,1.0,0.0,0.0,1.0,0.92,merge,exact_hash_block_near_duplicate
1035,325,1.0,0.0,0.0,1.0,0.92,merge,exact_hash_block_near_duplicate
1189,700,1.0,0.0,0.0,1.0,0.92,merge,exact_hash_block_near_duplicate
1189,859,1.0,0.0,0.0,1.0,0.92,merge,exact_hash_block_near_duplicate
1035,1189,1.0,0.0,0.0,1.0,0.92,merge,exact_hash_block_near_duplicate
700,859,1.0,0.0,0.0,1.0,0.92,merge,exact_hash_block_near_duplicate
1035,700,1.0,0.0,0.0,1.0,0.92,merge,exact_hash_block_near_duplicate
1035,859,1.0,0.0,0.0,1.0,0.92,merge,exact_hash_block_near_duplicate
1047,1140,1.0,0.0,0.0,1.0,0.92,merge,exact_hash_block_near_duplicate
1140,1290,1.0,0.0,0.0,1.0,0.92,merge,exact_hash_block_near_duplicate
1140,537,1.0,0.0,0.0,1.0,0.92,merge,exact_hash_block_near_duplicate
1140,910,1.0,0.0,0.0,1.0,0.92,merge,exact_hash_block_near_duplicate
1140,477,1.0,0.0,0.0,1.0,0.92,merge,exact_hash_block_near_duplicate
1140,1330,1.0,0.0,0.0,1.0,0.92,merge,exact_hash_block_near_duplicate
1140,563,1.0,0.0,0.0,1.0,0.92,merge,exact_hash_block_near_duplicate
1047,1290,1.0,0.0,0.0,1.0,0.92,merge,exact_hash_block_near_duplicate
1047,537,1.0,0.0,0.0,1.0,0.92,merge,exact_hash_block_near_duplicate
1047,910,1.0,0.0,0.0,1.0,0.92,merge,exact_hash_block_near_duplicate
1047,477,1.0,0.0,0.0,1.0,0.92,merge,exact_hash_block_near_duplicate
1047,1330,1.0,0.0,0.0,1.0,0.92,merge,exact_hash_block_near_duplicate
1047,563,1.0,0.0,0.0,1.0,0.92,merge,exact_hash_block_near_duplicate
1290,537,1.0,0.0,0.0,1.0,0.92,merge,exact_hash_block_near_duplicate
1290,910,1.0,0.0,0.0,1.0,0.92,merge,exact_hash_block_near_duplicate
1290,477,1.0,0.0,0.0,1.0,0.92,merge,exact_hash_block_near_duplicate
1290,1330,1.0,0.0,0.0,1.0,0.92,merge,exact_hash_block_near_duplicate
1290,563,1.0,0.0,0.0,1.0,0.92,merge,exact_hash_block_near_duplicate
537,910,1.0,0.0,0.0,1.0,0.92,merge,exact_hash_block_near_duplicate
477,537,1.0,0.0,0.0,1.0,0.92,merge,exact_hash_block_near_duplicate
1330,537,1.0,0.0,0.0,1.0,0.92,merge,exact_hash_block_near_duplicate
537,563,1.0,0.0,0.0,1.0,0.92,merge,exact_hash_block_near_duplicate
477,910,1.0,0.0,0.0,1.0,0.92,merge,exact_hash_block_near_duplicate
1330,910,1.0,0.0,0.0,1.0,0.92,merge,exact_hash_block_near_duplicate
563,910,1.0,0.0,0.0,1.0,0.92,merge,exact_hash_block_near_duplicate
1330,477,1.0,0.0,0.0,1.0,0.92,merge,exact_hash_block_near_duplicate
477,563,1.0,0.0,0.0,1.0,0.92,merge,exact_hash_block_near_duplicate
1330,563,1.0,0.0,0.0,1.0,0.92,merge,exact_hash_block_near_duplicate
1325,872,1.0,0.0,0.0,1.0,0.92,merge,exact_hash_block_near_duplicate
1325,674,1.0,0.0,0.0,1.0,0.92,merge,exact_hash_block_near_duplicate
1325,740,1.0,0.0,0.0,1.0,0.92,merge,exact_hash_block_near_duplicate
1325,90,1.0,0.0,0.0,1.0,0.92,merge,exact_hash_block_near_duplicate
674,872,1.0,0.0,0.0,1.0,0.92,merge,exact_hash_block_near_duplicate
740,872,1.0,0.0,0.0,1.0,0.92,merge,exact_hash_block_near_duplicate
872,90,1.0,0.0,0.0,1.0,0.92,merge,exact_hash_block_near_duplicate
674,740,1.0,0.0,0.0,1.0,0.92,merge,exact_hash_block_near_duplicate
674,90,1.0,0.0,0.0,1.0,0.92,merge,exact_hash_block_near_duplicate
740,90,1.0,0.0,0.0,1.0,0.92,merge,exact_hash_block_near_duplicate
259,985,1.0,0.0,0.0,1.0,0.92,merge,exact_hash_block_near_duplicate
259,367,1.0,0.0,0.0,1.0,0.92,merge,exact_hash_block_near_duplicate
259,260,1.0,0.0,0.0,1.0,0.92,merge,exact_hash_block_near_duplicate
1071,259,1.0,0.0,0.0,1.0,0.92,merge,exact_hash_block_near_duplicate
259,945,1.0,0.0,0.0,1.0,0.92,merge,exact_hash_block_near_duplicate
367,985,1.0,0.0,0.0,1.0,0.92,merge,exact_hash_block_near_duplicate
260,985,1.0,0.0,0.0,1.0,0.92,merge,exact_hash_block_near_duplicate
1071,985,1.0,0.0,0.0,1.0,0.92,merge,exact_hash_block_near_duplicate
945,985,1.0,0.0,0.0,1.0,0.92,merge,exact_hash_block_near_duplicate
260,367,1.0,0.0,0.0,1.0,0.92,merge,exact_hash_block_near_duplicate
1071,367,1.0,0.0,0.0,1.0,0.92,merge,exact_hash_block_near_duplicate
367,945,1.0,0.0,0.0,1.0,0.92,merge,exact_hash_block_near_duplicate
1071,260,1.0,0.0,0.0,1.0,0.92,merge,exact_hash_block_near_duplicate
260,945,1.0,0.0,0.0,1.0,0.92,merge,exact_hash_block_near_duplicate
1071,945,1.0,0.0,0.0,1.0,0.92,merge,exact_hash_block_near_duplicate
1127,59,1.0,0.0,0.0,1.0,0.92,merge,exact_hash_block_near_duplicate
288,59,1.0,0.0,0.0,1.0,0.92,merge,exact_hash_block_near_duplicate
437,59,1.0,0.0,0.0,1.0,0.92,merge,exact_hash_block_near_duplicate
1127,288,1.0,0.0,0.0,1.0,0.92,merge,exact_hash_block_near_duplicate
1127,437,1.0,0.0,0.0,1.0,0.92,merge,exact_hash_block_near_duplicate
288,437,1.0,0.0,0.0,1.0,0.92,merge,exact_hash_block_near_duplicate
1353,837,1.0,0.0,0.0,1.0,0.92,merge,exact_hash_block_near_duplicate
1353,149,1.0,0.0,0.0,1.0,0.92,merge,exact_hash_block_near_duplicate
1353,1893,1.0,0.0,0.0,1.0,0.92,merge,exact_hash_block_near_duplicate
1353,995,1.0,0.0,0.0,1.0,0.92,merge,exact_hash_block_near_duplicate
1353,592,1.0,0.0,0.0,1.0,0.92,merge,exact_hash_block_near_duplicate
1353,1642,1.0,0.0,0.0,1.0,0.92,merge,exact_hash_block_near_duplicate
149,837,1.0,0.0,0.0,1.0,0.92,merge,exact_hash_block_near_duplicate
1893,837,1.0,0.0,0.0,1.0,0.92,merge,exact_hash_block_near_duplicate
837,995,1.0,0.0,0.0,1.0,0.92,merge,exact_hash_block_near_duplicate
592,837,1.0,0.0,0.0,1.0,0.92,merge,exact_hash_block_near_duplicate
1642,837,1.0,0.0,0.0,1.0,0.92,merge,exact_hash_block_near_duplicate
149,1893,1.0,0.0,0.0,1.0,0.92,merge,exact_hash_block_near_duplicate
149,995,1.0,0.0,0.0,1.0,0.92,merge,exact_hash_block_near_duplicate
149,592,1.0,0.0,0.0,1.0,0.92,merge,exact_hash_block_near_duplicate
149,1642,1.0,0.0,0.0,1.0,0.92,merge,exact_hash_block_near_duplicate
1893,995,1.0,0.0,0.0,1.0,0.92,merge,exact_hash_block_near_duplicate
1893,592,1.0,0.0,0.0,1.0,0.92,merge,exact_hash_block_near_duplicate
1642,1893,1.0,0.0,0.0,1.0,0.92,merge,exact_hash_block_near_duplicate
592,995,1.0,0.0,0.0,1.0,0.92,merge,exact_hash_block_near_duplicate
1642,995,1.0,0.0,0.0,1.0,0.92,merge,exact_hash_block_near_duplicate
1642,592,1.0,0.0,0.0,1.0,0.92,merge,exact_hash_block_near_duplicate
1038,1156,1.0,0.0,0.0,1.0,0.92,merge,exact_hash_block_near_duplicate
1156,213,1.0,0.0,0.0,1.0,0.92,merge,exact_hash_block_near_duplicate
1156,13,1.0,0.0,0.0,1.0,0.92,merge,exact_hash_block_near_duplicate
1156,333,1.0,0.0,0.0,1.0,0.92,merge,exact_hash_block_near_duplicate
1038,213,1.0,0.0,0.0,1.0,0.92,merge,exact_hash_block_near_duplicate
1038,13,1.0,0.0,0.0,1.0,0.92,merge,exact_hash_block_near_duplicate
1038,333,1.0,0.0,0.0,1.0,0.92,merge,exact_hash_block_near_duplicate
13,213,1.0,0.0,0.0,1.0,0.92,merge,exact_hash_block_near_duplicate
213,333,1.0,0.0,0.0,1.0,0.92,merge,exact_hash_block_near_duplicate
13,333,1.0,0.0,0.0,1.0,0.92,merge,exact_hash_block_near_duplicate
1572,994,1.0,0.0,0.0,1.0,0.92,merge,exact_hash_block_near_duplicate
188,994,1.0,0.0,0.0,1.0,0.92,merge,exact_hash_block_near_duplicate
1572,188,1.0,0.0,0.0,1.0,0.92,merge,exact_hash_block_near_duplicate
164,358,1.0,0.0,0.0,1.0,0.92,merge,exact_hash_block_near_duplicate
349,358,1.0,0.0,0.0,1.0,0.92,merge,exact_hash_block_near_duplicate
164,349,1.0,0.0,0.0,1.0,0.92,merge,exact_hash_block_near_duplicate
1234,1452,1.0,0.0,0.0,1.0,0.92,merge,exact_hash_block_near_duplicate
1452,423,1.0,0.0,0.0,1.0,0.92,merge,exact_hash_block_near_duplicate
1234,423,1.0,0.0,0.0,1.0,0.92,merge,exact_hash_block_near_duplicate
1213,673,1.0,0.0,0.0,1.0,0.92,merge,exact_hash_block_near_duplicate
182,673,1.0,0.0,0.0,1.0,0.92,merge,exact_hash_block_near_duplicate
1213,182,1.0,0.0,0.0,1.0,0.92,merge,exact_hash_block_near_duplicate
1514,1872,1.0,0.0,0.0,1.0,0.92,merge,exact_hash_block_near_duplicate
1300,258,1.0,0.0,0.0,1.0,0.92,merge,exact_hash_block_near_duplicate
1300,603,1.0,0.0,0.0,1.0,0.92,merge,exact_hash_block_near_duplicate
258,603,1.0,0.0,0.0,1.0,0.92,merge,exact_hash_block_near_duplicate
1275,191,1.0,0.0,0.0,1.0,0.92,merge,exact_hash_block_near_duplicate
191,573,1.0,0.0,0.0,1.0,0.92,merge,exact_hash_block_near_duplicate
1275,573,1.0,0.0,0.0,1.0,0.92,merge,exact_hash_block_near_duplicate
101,732,1.0,0.0,0.0,1.0,0.92,merge,exact_hash_block_near_duplicate
101,511,1.0,0.0,0.0,1.0,0.92,merge,exact_hash_block_near_duplicate
101,309,1.0,0.0,0.0,1.0,0.92,merge,exact_hash_block_near_duplicate
101,1247,1.0,0.0,0.0,1.0,0.92,merge,exact_hash_block_near_duplicate
101,1203,1.0,0.0,0.0,1.0,0.92,merge,exact_hash_block_near_duplicate
511,732,1.0,0.0,0.0,1.0,0.92,merge,exact_hash_block_near_duplicate
309,732,1.0,0.0,0.0,1.0,0.92,merge,exact_hash_block_near_duplicate
1247,732,1.0,0.0,0.0,1.0,0.92,merge,exact_hash_block_near_duplicate
1203,732,1.0,0.0,0.0,1.0,0.92,merge,exact_hash_block_near_duplicate
309,511,1.0,0.0,0.0,1.0,0.92,merge,exact_hash_block_near_duplicate
1247,511,1.0,0.0,0.0,1.0,0.92,merge,exact_hash_block_near_duplicate
1203,511,1.0,0.0,0.0,1.0,0.92,merge,exact_hash_block_near_duplicate
1247,309,1.0,0.0,0.0,1.0,0.92,merge,exact_hash_block_near_duplicate
1203,309,1.0,0.0,0.0,1.0,0.92,merge,exact_hash_block_near_duplicate
1203,1247,1.0,0.0,0.0,1.0,0.92,merge,exact_hash_block_near_duplicate
571,758,1.0,0.0,0.0,1.0,0.92,merge,exact_hash_block_near_duplicate
571,684,1.0,0.0,0.0,1.0,0.92,merge,exact_hash_block_near_duplicate
1471,571,1.0,0.0,0.0,1.0,0.92,merge,exact_hash_block_near_duplicate
51,571,1.0,0.0,0.0,1.0,0.92,merge,exact_hash_block_near_duplicate
684,758,1.0,0.0,0.0,1.0,0.92,merge,exact_hash_block_near_duplicate
1471,758,1.0,0.0,0.0,1.0,0.92,merge,exact_hash_block_near_duplicate
51,758,1.0,0.0,0.0,1.0,0.92,merge,exact_hash_block_near_duplicate
1471,684,1.0,0.0,0.0,1.0,0.92,merge,exact_hash_block_near_duplicate
51,684,1.0,0.0,0.0,1.0,0.92,merge,exact_hash_block_near_duplicate
1471,51,1.0,0.0,0.0,1.0,0.92,merge,exact_hash_block_near_duplicate
143,356,1.0,0.0,0.0,1.0,0.92,merge,exact_hash_block_near_duplicate
1428,356,1.0,0.0,0.0,1.0,0.92,merge,exact_hash_block_near_duplicate
356,816,1.0,0.0,0.0,1.0,0.92,merge,exact_hash_block_near_duplicate
1428,143,1.0,0.0,0.0,1.0,0.92,merge,exact_hash_block_near_duplicate
143,816,1.0,0.0,0.0,1.0,0.92,merge,exact_hash_block_near_duplicate
1428,816,1.0,0.0,0.0,1.0,0.92,merge,exact_hash_block_near_duplicate
1662,1718,1.0,0.0,0.0,1.0,0.92,merge,exact_hash_block_near_duplicate
1718,671,1.0,0.0,0.0,1.0,0.92,merge,exact_hash_block_near_duplicate
1718,966,1.0,0.0,0.0,1.0,0.92,merge,exact_hash_block_near_duplicate
1662,671,1.0,0.0,0.0,1.0,0.92,merge,exact_hash_block_near_duplicate
1662,966,1.0,0.0,0.0,1.0,0.92,merge,exact_hash_block_near_duplicate
671,966,1.0,0.0,0.0,1.0,0.92,merge,exact_hash_block_near_duplicate
804,805,1.0,0.0,0.0,1.0,0.92,merge,exact_hash_block_near_duplicate
1855,804,1.0,0.0,0.0,1.0,0.92,merge,exact_hash_block_near_duplicate
1855,805,1.0,0.0,0.0,1.0,0.92,merge,exact_hash_block_near_duplicate
1500,880,1.0,0.0,0.0,1.0,0.92,merge,exact_hash_block_near_duplicate
1641,880,1.0,0.0,0.0,1.0,0.92,merge,exact_hash_block_near_duplicate
310,880,1.0,0.0,0.0,1.0,0.92,merge,exact_hash_block_near_duplicate
1500,1641,1.0,0.0,0.0,1.0,0.92,merge,exact_hash_block_near_duplicate
1500,310,1.0,0.0,0.0,1.0,0.92,merge,exact_hash_block_near_duplicate
1641,310,1.0,0.0,0.0,1.0,0.92,merge,exact_hash_block_near_duplicate
1364,137,1.0,0.0,0.0,1.0,0.92,merge,exact_hash_block_near_duplicate
1233,137,1.0,0.0,0.0,1.0,0.92,merge,exact_hash_block_near_duplicate
1274,137,1.0,0.0,0.0,1.0,0.92,merge,exact_hash_block_near_duplicate
137,181,1.0,0.0,0.0,1.0,0.92,merge,exact_hash_block_near_duplicate
137,488,1.0,0.0,0.0,1.0,0.92,merge,exact_hash_block_near_duplicate
1233,1364,1.0,0.0,0.0,1.0,0.92,merge,exact_hash_block_near_duplicate
1274,1364,1.0,0.0,0.0,1.0,0.92,merge,exact_hash_block_near_duplicate
1364,181,1.0,0.0,0.0,1.0,0.92,merge,exact_hash_block_near_duplicate
1364,488,1.0,0.0,0.0,1.0,0.92,merge,exact_hash_block_near_duplicate
1233,1274,1.0,0.0,0.0,1.0,0.92,merge,exact_hash_block_near_duplicate
1233,181,1.0,0.0,0.0,1.0,0.92,merge,exact_hash_block_near_duplicate
1233,488,1.0,0.0,0.0,1.0,0.92,merge,exact_hash_block_near_duplicate
1274,181,1.0,0.0,0.0,1.0,0.92,merge,exact_hash_block_near_duplicate
1274,488,1.0,0.0,0.0,1.0,0.92,merge,exact_hash_block_near_duplicate
181,488,1.0,0.0,0.0,1.0,0.92,merge,exact_hash_block_near_duplicate
335,45,1.0,0.0,0.0,1.0,0.92,merge,exact_hash_block_near_duplicate
45,607,1.0,0.0,0.0,1.0,0.92,merge,exact_hash_block_near_duplicate
1623,45,1.0,0.0,0.0,1.0,0.92,merge,exact_hash_block_near_duplicate
45,97,1.0,0.0,0.0,1.0,0.92,merge,exact_hash_block_near_duplicate
45,93,1.0,0.0,0.0,1.0,0.92,merge,exact_hash_block_near_duplicate
1139,45,1.0,0.0,0.0,1.0,0.92,merge,exact_hash_block_near_duplicate
335,607,1.0,0.0,0.0,1.0,0.92,merge,exact_hash_block_near_duplicate
1623,335,1.0,0.0,0.0,1.0,0.92,merge,exact_hash_block_near_duplicate
335,97,1.0,0.0,0.0,1.0,0.92,merge,exact_hash_block_near_duplicate
335,93,1.0,0.0,0.0,1.0,0.92,merge,exact_hash_block_near_duplicate
1139,335,1.0,0.0,0.0,1.0,0.92,merge,exact_hash_block_near_duplicate
1623,607,1.0,0.0,0.0,1.0,0.92,merge,exact_hash_block_near_duplicate
607,97,1.0,0.0,0.0,1.0,0.92,merge,exact_hash_block_near_duplicate
607,93,1.0,0.0,0.0,1.0,0.92,merge,exact_hash_block_near_duplicate
1139,607,1.0,0.0,0.0,1.0,0.92,merge,exact_hash_block_near_duplicate
1623,97,1.0,0.0,0.0,1.0,0.92,merge,exact_hash_block_near_duplicate
1623,93,1.0,0.0,0.0,1.0,0.92,merge,exact_hash_block_near_duplicate
1139,1623,1.0,0.0,0.0,1.0,0.92,merge,exact_hash_block_near_duplicate
93,97,1.0,0.0,0.0,1.0,0.92,merge,exact_hash_block_near_duplicate
1139,97,1.0,0.0,0.0,1.0,0.92,merge,exact_hash_block_near_duplicate
1139,93,1.0,0.0,0.0,1.0,0.92,merge,exact_hash_block_near_duplicate
1282,1840,1.0,0.0,0.0,1.0,0.92,merge,exact_hash_block_near_duplicate
1023,1282,1.0,0.0,0.0,1.0,0.92,merge,exact_hash_block_near_duplicate
1282,1695,1.0,0.0,0.0,1.0,0.92,merge,exact_hash_block_near_duplicate
1244,1282,1.0,0.0,0.0,1.0,0.92,merge,exact_hash_block_near_duplicate
1282,963,1.0,0.0,0.0,1.0,0.92,merge,exact_hash_block_near_duplicate
1023,1840,1.0,0.0,0.0,1.0,0.92,merge,exact_hash_block_near_duplicate
1695,1840,1.0,0.0,0.0,1.0,0.92,merge,exact_hash_block_near_duplicate
1244,1840,1.0,0.0,0.0,1.0,0.92,merge,exact_hash_block_near_duplicate
1840,963,1.0,0.0,0.0,1.0,0.92,merge,exact_hash_block_near_duplicate
1023,1695,1.0,0.0,0.0,1.0,0.92,merge,exact_hash_block_near_duplicate
1023,1244,1.0,0.0,0.0,1.0,0.92,merge,exact_hash_block_near_duplicate
1023,963,1.0,1.0,1.0,1.0,0.92,merge,exact_hash_block_near_duplicate
1244,1695,1.0,0.0,0.0,1.0,0.92,merge,exact_hash_block_near_duplicate
1695,963,1.0,0.0,0.0,1.0,0.92,merge,exact_hash_block_near_duplicate
1244,963,1.0,0.0,0.0,1.0,0.92,merge,exact_hash_block_near_duplicate
1679,621,1.0,0.0,0.0,1.0,0.92,merge,exact_hash_block_near_duplicate
1679,547,1.0,0.0,0.0,1.0,0.92,merge,exact_hash_block_near_duplicate
1679,262,1.0,0.0,0.0,1.0,0.92,merge,exact_hash_block_near_duplicate
1679,741,1.0,0.0,0.0,1.0,0.92,merge,exact_hash_block_near_duplicate
1679,1702,1.0,0.0,0.0,1.0,0.92,merge,exact_hash_block_near_duplicate
547,621,1.0,0.0,0.0,1.0,0.92,merge,exact_hash_block_near_duplicate
262,621,1.0,0.0,0.0,1.0,0.92,merge,exact_hash_block_near_duplicate
621,741,1.0,0.0,0.0,1.0,0.92,merge,exact_hash_block_near_duplicate
1702,621,1.0,0.0,0.0,1.0,0.92,merge,exact_hash_block_near_duplicate
262,547,1.0,0.0,0.0,1.0,0.92,merge,exact_hash_block_near_duplicate
547,741,1.0,0.0,0.0,1.0,0.92,merge,exact_hash_block_near_duplicate
1702,547,1.0,0.0,0.0,1.0,0.92,merge,exact_hash_block_near_duplicate
262,741,1.0,0.0,0.0,1.0,0.92,merge,exact_hash_block_near_duplicate
1702,262,1.0,0.0,0.0,1.0,0.92,merge,exact_hash_block_near_duplicate
1702,741,1.0,0.0,0.0,1.0,0.92,merge,exact_hash_block_near_duplicate
1091,512,1.0,0.0,0.0,1.0,0.92,merge,exact_hash_block_near_duplicate
512,708,1.0,0.0,0.0,1.0,0.92,merge,exact_hash_block_near_duplicate
512,897,1.0,1.0,1.0,1.0,0.92,merge,exact_hash_block_near_duplicate
1045,512,1.0,0.0,0.0,1.0,0.92,merge,exact_hash_block_near_duplicate
1091,708,1.0,0.0,0.0,1.0,0.92,merge,exact_hash_block_near_duplicate
1091,897,1.0,0.0,0.0,1.0,0.92,merge,exact_hash_block_near_duplicate
1045,1091,1.0,0.0,0.0,1.0,0.92,merge,exact_hash_block_near_duplicate
708,897,1.0,0.0,0.0,1.0,0.92,merge,exact_hash_block_near_duplicate
1045,708,1.0,0.0,0.0,1.0,0.92,merge,exact_hash_block_near_duplicate
1045,897,1.0,0.0,0.0,1.0,0.92,merge,exact_hash_block_near_duplicate
1709,587,1.0,0.0,0.0,1.0,0.92,merge,exact_hash_block_near_duplicate
1088,587,1.0,0.0,0.0,1.0,0.92,merge,exact_hash_block_near_duplicate
587,641,1.0,0.0,0.0,1.0,0.92,merge,exact_hash_block_near_duplicate
291,587,1.0,0.0,0.0,1.0,0.92,merge,exact_hash_block_near_duplicate
1088,1709,1.0,1.0,1.0,1.0,0.92,merge,exact_hash_block_near_duplicate
1709,641,1.0,0.0,0.0,1.0,0.92,merge,exact_hash_block_near_duplicate
1709,291,1.0,0.0,0.0,1.0,0.92,merge,exact_hash_block_near_duplicate
1088,641,1.0,0.0,0.0,1.0,0.92,merge,exact_hash_block_near_duplicate
1088,291,1.0,0.0,0.0,1.0,0.92,merge,exact_hash_block_near_duplicate
291,641,1.0,0.0,0.0,1.0,0.92,merge,exact_hash_block_near_duplicate
1315,1731,1.0,0.0,0.0,1.0,0.92,merge,exact_hash_block_near_duplicate
1315,616,1.0,0.0,0.0,1.0,0.92,merge,exact_hash_block_near_duplicate
1315,1774,1.0,0.0,0.0,1.0,0.92,merge,exact_hash_block_near_duplicate
1315,1494,1.0,0.0,0.0,1.0,0.92,merge,exact_hash_block_near_duplicate
1731,616,1.0,0.0,0.0,1.0,0.92,merge,exact_hash_block_near_duplicate
1731,1774,1.0,0.0,0.0,1.0,0.92,merge,exact_hash_block_near_duplicate
1494,1731,1.0,0.0,0.0,1.0,0.92,merge,exact_hash_block_near_duplicate
1774,616,1.0,0.0,0.0,1.0,0.92,merge,exact_hash_block_near_duplicate
1494,616,1.0,0.0,0.0,1.0,0.92,merge,exact_hash_block_near_duplicate
1494,1774,1.0,0.0,0.0,1.0,0.92,merge,exact_hash_block_near_duplicate
1329,1598,1.0,0.0,0.0,1.0,0.92,merge,exact_hash_block_near_duplicate
1598,396,1.0,0.0,0.0,1.0,0.92,merge,exact_hash_block_near_duplicate
1598,1826,1.0,0.0,0.0,1.0,0.92,merge,exact_hash_block_near_duplicate
1598,783,1.0,0.0,0.0,1.0,0.92,merge,exact_hash_block_near_duplicate
1175,1598,1.0,0.0,0.0,1.0,0.92,merge,exact_hash_block_near_duplicate
1598,1836,1.0,0.0,0.0,1.0,0.92,merge,exact_hash_block_near_duplicate
1329,396,1.0,0.0,0.0,1.0,0.92,merge,exact_hash_block_near_duplicate
1329,1826,1.0,0.0,0.0,1.0,0.92,merge,exact_hash_block_near_duplicate
1329,783,1.0,0.0,0.0,1.0,0.92,merge,exact_hash_block_near_duplicate
1175,1329,1.0,0.0,0.0,1.0,0.92,merge,exact_hash_block_near_duplicate
1329,1836,1.0,0.0,0.0,1.0,0.92,merge,exact_hash_block_near_duplicate
1826,396,1.0,0.0,0.0,1.0,0.92,merge,exact_hash_block_near_duplicate
396,783,1.0,0.0,0.0,1.0,0.92,merge,exact_hash_block_near_duplicate
1175,396,1.0,0.0,0.0,1.0,0.92,merge,exact_hash_block_near_duplicate
1836,396,1.0,0.0,0.0,1.0,0.92,merge,exact_hash_block_near_duplicate
1826,783,1.0,0.0,0.0,1.0,0.92,merge,exact_hash_block_near_duplicate
1175,1826,1.0,0.0,0.0,1.0,0.92,merge,exact_hash_block_near_duplicate
1826,1836,1.0,0.0,0.0,1.0,0.92,merge,exact_hash_block_near_duplicate
1175,783,1.0,0.0,0.0,1.0,0.92,merge,exact_hash_block_near_duplicate
1836,783,1.0,0.0,0.0,1.0,0.92,merge,exact_hash_block_near_duplicate
1175,1836,1.0,0.0,0.0,1.0,0.92,merge,exact_hash_block_near_duplicate
1677,705,1.0,0.0,0.0,1.0,0.92,merge,exact_hash_block_near_duplicate
15,705,1.0,0.0,0.0,1.0,0.92,merge,exact_hash_block_near_duplicate
1179,705,1.0,0.0,0.0,1.0,0.92,merge,exact_hash_block_near_duplicate
1098,705,1.0,0.0,0.0,1.0,0.92,merge,exact_hash_block_near_duplicate
15,1677,1.0,0.0,0.0,1.0,0.92,merge,exact_hash_block_near_duplicate
1179,1677,1.0,0.0,0.0,1.0,0.92,merge,exact_hash_block_near_duplicate
1098,1677,1.0,0.0,0.0,1.0,0.92,merge,exact_hash_block_near_duplicate
1179,15,1.0,0.0,0.0,1.0,0.92,merge,exact_hash_block_near_duplicate
1098,15,1.0,0.0,0.0,1.0,0.92,merge,exact_hash_block_near_duplicate
1098,1179,1.0,0.0,0.0,1.0,0.92,merge,exact_hash_block_near_duplicate
495,713,1.0,0.0,0.0,1.0,0.92,merge,exact_hash_block_near_duplicate
495,899,1.0,0.0,0.0,1.0,0.92,merge,exact_hash_block_near_duplicate
495,967,1.0,0.0,0.0,1.0,0.92,merge,exact_hash_block_near_duplicate
713,899,1.0,0.0,0.0,1.0,0.92,merge,exact_hash_block_near_duplicate
713,967,1.0,0.0,0.0,1.0,0.92,merge,exact_hash_block_near_duplicate
899,967,1.0,0.0,0.0,1.0,0.92,merge,exact_hash_block_near_duplicate
1606,558,1.0,0.0,0.0,1.0,0.92,merge,exact_hash_block_near_duplicate
474,558,1.0,0.0,0.0,1.0,0.92,merge,exact_hash_block_near_duplicate
558,954,1.0,0.0,0.0,1.0,0.92,merge,exact_hash_block_near_duplicate
1606,474,1.0,0.0,0.0,1.0,0.92,merge,exact_hash_block_near_duplicate
1606,954,1.0,0.0,0.0,1.0,0.92,merge,exact_hash_block_near_duplicate
474,954,1.0,0.0,0.0,1.0,0.92,merge,exact_hash_block_near_duplicate
1620,991,1.0,0.0,0.0,1.0,0.92,merge,exact_hash_block_near_duplicate
236,991,1.0,0.0,0.0,1.0,0.92,merge,exact_hash_block_near_duplicate
666,991,1.0,0.0,0.0,1.0,0.92,merge,exact_hash_block_near_duplicate
1041,991,1.0,0.0,0.0,1.0,0.92,merge,exact_hash_block_near_duplicate
1620,236,1.0,0.0,0.0,1.0,0.92,merge,exact_hash_block_near_duplicate
1620,666,1.0,0.0,0.0,1.0,0.92,merge,exact_hash_block_near_duplicate
1041,1620,1.0,0.0,0.0,1.0,0.92,merge,exact_hash_block_near_duplicate
236,666,1.0,0.0,0.0,1.0,0.92,merge,exact_hash_block_near_duplicate
1041,236,1.0,0.0,0.0,1.0,0.92,merge,exact_hash_block_near_duplicate
1041,666,1.0,0.0,0.0,1.0,0.92,merge,exact_hash_block_near_duplicate
786,91,1.0,0.0,0.0,1.0,0.92,merge,exact_hash_block_near_duplicate
418,786,1.0,0.0,0.0,1.0,0.92,merge,exact_hash_block_near_duplicate
786,917,1.0,0.0,0.0,1.0,0.92,merge,exact_hash_block_near_duplicate
207,786,1.0,0.0,0.0,1.0,0.92,merge,exact_hash_block_near_duplicate
418,91,1.0,0.0,0.0,1.0,0.92,merge,exact_hash_block_near_duplicate
91,917,1.0,0.0,0.0,1.0,0.92,merge,exact_hash_block_near_duplicate
207,91,1.0,0.0,0.0,1.0,0.92,merge,exact_hash_block_near_duplicate
418,917,1.0,0.0,0.0,1.0,0.92,merge,exact_hash_block_near_duplicate
207,418,1.0,0.0,0.0,1.0,0.92,merge,exact_hash_block_near_duplicate
207,917,1.0,0.0,0.0,1.0,0.92,merge,exact_hash_block_near_duplicate
1470,430,1.0,0.0,0.0,1.0,0.92,merge,exact_hash_block_near_duplicate
1013,430,1.0,0.0,0.0,1.0,0.92,merge,exact_hash_block_near_duplicate
1176,430,1.0,0.0,0.0,1.0,0.92,merge,exact_hash_block_near_duplicate
1013,1470,1.0,0.0,0.0,1.0,0.92,merge,exact_hash_block_near_duplicate
1176,1470,1.0,0.0,0.0,1.0,0.92,merge,exact_hash_block_near_duplicate
1013,1176,1.0,0.0,0.0,1.0,0.92,merge,exact_hash_block_near_duplicate
1225,974,1.0,0.0,0.0,1.0,0.92,merge,exact_hash_block_near_duplicate
1225,946,1.0,0.0,0.0,1.0,0.92,merge,exact_hash_block_near_duplicate
1225,1402,1.0,0.0,0.0,1.0,0.92,merge,exact_hash_block_near_duplicate
1225,16,1.0,0.0,0.0,1.0,0.92,merge,exact_hash_block_near_duplicate
946,974,1.0,0.0,0.0,1.0,0.92,merge,exact_hash_block_near_duplicate
1402,974,1.0,0.0,0.0,1.0,0.92,merge,exact_hash_block_near_duplicate
16,974,1.0,0.0,0.0,1.0,0.92,merge,exact_hash_block_near_duplicate
1402,946,1.0,0.0,0.0,1.0,0.92,merge,exact_hash_block_near_duplicate
16,946,1.0,0.0,0.0,1.0,0.92,merge,exact_hash_block_near_duplicate
1402,16,1.0,0.0,0.0,1.0,0.92,merge,exact_hash_block_near_duplicate
1646,324,1.0,0.0,0.0,1.0,0.92,merge,exact_hash_block_near_duplicate
1817,324,1.0,0.0,0.0,1.0,0.92,merge,exact_hash_block_near_duplicate
1646,1817,1.0,0.0,0.0,1.0,0.92,merge,exact_hash_block_near_duplicate
1719,551,1.0,0.0,0.0,1.0,0.92,merge,exact_hash_block_near_duplicate
1719,316,1.0,0.0,0.0,1.0,0.92,merge,exact_hash_block_near_duplicate
1391,1719,1.0,1.0,1.0,1.0,0.92,merge,exact_hash_block_near_duplicate
1719,595,1.0,0.0,0.0,1.0,0.92,merge,exact_hash_block_near_duplicate
1719,1841,1.0,0.0,0.0,1.0,0.92,merge,exact_hash_block_near_duplicate
316,551,1.0,0.0,0.0,1.0,0.92,merge,exact_hash_block_near_duplicate
1391,551,1.0,0.0,0.0,1.0,0.92,merge,exact_hash_block_near_duplicate
551,595,1.0,0.0,0.0,1.0,0.92,merge,exact_hash_block_near_duplicate
1841,551,1.0,0.0,0.0,1.0,0.92,merge,exact_hash_block_near_duplicate
1391,316,1.0,0.0,0.0,1.0,0.92,merge,exact_hash_block_near_duplicate
316,595,1.0,0.0,0.0,1.0,0.92,merge,exact_hash_block_near_duplicate
1841,316,1.0,0.0,0.0,1.0,0.92,merge,exact_hash_block_near_duplicate
1391,595,1.0,0.0,0.0,1.0,0.92,merge,exact_hash_block_near_duplicate
1391,1841,1.0,0.0,0.0,1.0,0.92,merge,exact_hash_block_near_duplicate
1841,595,1.0,0.0,0.0,1.0,0.92,merge,exact_hash_block_near_duplicate
1347,420,1.0,0.0,0.0,1.0,0.92,merge,exact_hash_block_near_duplicate
1347,1717,1.0,0.0,0.0,1.0,0.92,merge,exact_hash_block_near_duplicate
1347,687,1.0,0.0,0.0,1.0,0.92,merge,exact_hash_block_near_duplicate
1347,1540,1.0,0.0,0.0,1.0,0.92,merge,exact_hash_block_near_duplicate
1347,690,1.0,0.0,0.0,1.0,0.92,merge,exact_hash_block_near_duplicate
1717,420,1.0,0.0,0.0,1.0,0.92,merge,exact_hash_block_near_duplicate
420,687,1.0,0.0,0.0,1.0,0.92,merge,exact_hash_block_near_duplicate
1540,420,1.0,0.0,0.0,1.0,0.92,merge,exact_hash_block_near_duplicate
420,690,1.0,0.0,0.0,1.0,0.92,merge,exact_hash_block_near_duplicate
1717,687,1.0,0.0,0.0,1.0,0.92,merge,exact_hash_block_near_duplicate
1540,1717,1.0,0.0,0.0,1.0,0.92,merge,exact_hash_block_near_duplicate
1717,690,1.0,0.0,0.0,1.0,0.92,merge,exact_hash_block_near_duplicate
1540,687,1.0,0.0,0.0,1.0,0.92,merge,exact_hash_block_near_duplicate
687,690,1.0,0.0,0.0,1.0,0.92,merge,exact_hash_block_near_duplicate
1540,690,1.0,0.0,0.0,1.0,0.92,merge,exact_hash_block_near_duplicate
491,908,1.0,0.0,0.0,1.0,0.92,merge,exact_hash_block_near_duplicate
129,491,1.0,0.0,0.0,1.0,0.92,merge,exact_hash_block_near_duplicate
129,908,1.0,0.0,0.0,1.0,0.92,merge,exact_hash_block_near_duplicate
1256,1576,1.0,0.0,0.0,1.0,0.92,merge,exact_hash_block_near_duplicate
121,1256,1.0,0.0,0.0,1.0,0.92,merge,exact_hash_block_near_duplicate
1256,1706,1.0,0.0,0.0,1.0,0.92,merge,exact_hash_block_near_duplicate
1029,1256,1.0,0.0,0.0,1.0,0.92,merge,exact_hash_block_near_duplicate
121,1576,1.0,0.0,0.0,1.0,0.92,merge,exact_hash_block_near_duplicate
1576,1706,1.0,0.0,0.0,1.0,0.92,merge,exact_hash_block_near_duplicate
1029,1576,1.0,0.0,0.0,1.0,0.92,merge,exact_hash_block_near_duplicate
121,1706,1.0,0.0,0.0,1.0,0.92,merge,exact_hash_block_near_duplicate
1029,121,1.0,0.0,0.0,1.0,0.92,merge,exact_hash_block_near_duplicate
1029,1706,1.0,0.0,0.0,1.0,0.92,merge,exact_hash_block_near_duplicate
1078,844,1.0,0.0,0.0,1.0,0.92,merge,exact_hash_block_near_duplicate
1278,844,1.0,0.0,0.0,1.0,0.92,merge,exact_hash_block_near_duplicate
421,844,1.0,0.0,0.0,1.0,0.92,merge,exact_hash_block_near_duplicate
1078,1278,1.0,0.0,0.0,1.0,0.92,merge,exact_hash_block_near_duplicate
1078,421,1.0,0.0,0.0,1.0,0.92,merge,exact_hash_block_near_duplicate
1278,421,1.0,0.0,0.0,1.0,0.92,merge,exact_hash_block_near_duplicate
133,588,1.0,0.0,0.0,1.0,0.92,merge,exact_hash_block_near_duplicate
711,935,1.0,0.0,0.0,1.0,0.92,merge,exact_hash_block_near_duplicate
935,964,1.0,0.0,0.0,1.0,0.92,merge,exact_hash_block_near_duplicate
711,964,1.0,0.0,0.0,1.0,0.92,merge,exact_hash_block_near_duplicate
1566,1675,1.0,0.0,0.0,1.0,0.92,merge,exact_hash_block_near_duplicate
1281,1566,1.0,0.0,0.0,1.0,0.92,merge,exact_hash_block_near_duplicate
1281,1675,1.0,0.0,0.0,1.0,0.92,merge,exact_hash_block_near_duplicate
1117,1218,1.0,0.0,0.0,1.0,0.92,merge,exact_hash_block_near_duplicate
1218,1724,1.0,0.0,0.0,1.0,0.92,merge,exact_hash_block_near_duplicate
1218,1511,1.0,0.0,0.0,1.0,0.92,merge,exact_hash_block_near_duplicate
1117,1724,1.0,0.0,0.0,1.0,0.92,merge,exact_hash_block_near_duplicate
1117,1511,1.0,0.0,0.0,1.0,0.92,merge,exact_hash_block_near_duplicate
1511,1724,1.0,0.0,0.0,1.0,0.92,merge,exact_hash_block_near_duplicate
1372,362,1.0,0.0,0.0,1.0,0.92,merge,exact_hash_block_near_duplicate
215,341,1.0,0.0,0.0,1.0,0.92,merge,exact_hash_block_near_duplicate
341,405,1.0,0.0,0.0,1.0,0.92,merge,exact_hash_block_near_duplicate
23,341,1.0,0.0,0.0,1.0,0.92,merge,exact_hash_block_near_duplicate
185,341,1.0,0.0,0.0,1.0,0.92,merge,exact_hash_block_near_duplicate
215,405,1.0,0.0,0.0,1.0,0.92,merge,exact_hash_block_near_duplicate
215,23,1.0,0.0,0.0,1.0,0.92,merge,exact_hash_block_near_duplicate
185,215,1.0,0.0,0.0,1.0,0.92,merge,exact_hash_block_near_duplicate
23,405,1.0,0.0,0.0,1.0,0.92,merge,exact_hash_block_near_duplicate
185,405,1.0,0.0,0.0,1.0,0.92,merge,exact_hash_block_near_duplicate
185,23,1.0,0.0,0.0,1.0,0.92,merge,exact_hash_block_near_duplicate
656,868,1.0,0.0,0.0,1.0,0.92,merge,exact_hash_block_near_duplicate
1510,868,1.0,0.0,0.0,1.0,0.92,merge,exact_hash_block_near_duplicate
1583,868,1.0,0.0,0.0,1.0,0.92,merge,exact_hash_block_near_duplicate
1096,868,1.0,0.0,0.0,1.0,0.92,merge,exact_hash_block_near_duplicate
1510,656,1.0,0.0,0.0,1.0,0.92,merge,exact_hash_block_near_duplicate
1583,656,1.0,0.0,0.0,1.0,0.92,merge,exact_hash_block_near_duplicate
1096,656,1.0,0.0,0.0,1.0,0.92,merge,exact_hash_block_near_duplicate
1510,1583,1.0,1.0,1.0,1.0,0.92,merge,exact_hash_block_near_duplicate
1096,1510,1.0,0.0,0.0,1.0,0.92,merge,exact_hash_block_near_duplicate
1096,1583,1.0,0.0,0.0,1.0,0.92,merge,exact_hash_block_near_duplicate
1164,273,1.0,0.0,0.0,1.0,0.92,merge,exact_hash_block_near_duplicate
1323,1852,1.0,0.0,0.0,1.0,0.92,merge,exact_hash_block_near_duplicate
1852,627,1.0,0.0,0.0,1.0,0.92,merge,exact_hash_block_near_duplicate
1852,211,1.0,0.0,0.0,1.0,0.92,merge,exact_hash_block_near_duplicate
1028,1852,1.0,0.0,0.0,1.0,0.92,merge,exact_hash_block_near_duplicate
1333,1852,1.0,0.0,0.0,1.0,0.92,merge,exact_hash_block_near_duplicate
1323,627,1.0,0.0,0.0,1.0,0.92,merge,exact_hash_block_near_duplicate
1323,211,1.0,0.0,0.0,1.0,0.92,merge,exact_hash_block_near_duplicate
1028,1323,1.0,0.0,0.0,1.0,0.92,merge,exact_hash_block_near_duplicate
1323,1333,1.0,0.0,0.0,1.0,0.92,merge,exact_hash_block_near_duplicate
211,627,1.0,0.0,0.0,1.0,0.92,merge,exact_hash_block_near_duplicate
1028,627,1.0,0.0,0.0,1.0,0.92,merge,exact_hash_block_near_duplicate
1333,627,1.0,0.0,0.0,1.0,0.92,merge,exact_hash_block_near_duplicate
1028,211,1.0,0.0,0.0,1.0,0.92,merge,exact_hash_block_near_duplicate
1333,211,1.0,0.0,0.0,1.0,0.92,merge,exact_hash_block_near_duplicate
1028,1333,1.0,0.0,0.0,1.0,0.92,merge,exact_hash_block_near_duplicate
138,670,1.0,0.0,0.0,1.0,0.92,merge,exact_hash_block_near_duplicate
138,448,1.0,0.0,0.0,1.0,0.92,merge,exact_hash_block_near_duplicate
138,575,1.0,0.0,0.0,1.0,0.92,merge,exact_hash_block_near_duplicate
138,319,1.0,0.0,0.0,1.0,0.92,merge,exact_hash_block_near_duplicate
1051,138,1.0,0.0,0.0,1.0,0.92,merge,exact_hash_block_near_duplicate
1249,138,1.0,0.0,0.0,1.0,0.92,merge,exact_hash_block_near_duplicate
448,670,1.0,0.0,0.0,1.0,0.92,merge,exact_hash_block_near_duplicate
575,670,1.0,0.0,0.0,1.0,0.92,merge,exact_hash_block_near_duplicate
319,670,1.0,0.0,0.0,1.0,0.92,merge,exact_hash_block_near_duplicate
1051,670,1.0,0.0,0.0,1.0,0.92,merge,exact_hash_block_near_duplicate
1249,670,1.0,0.0,0.0,1.0,0.92,merge,exact_hash_block_near_duplicate
448,575,1.0,0.0,0.0,1.0,0.92,merge,exact_hash_block_near_duplicate
319,448,1.0,0.0,0.0,1.0,0.92,merge,exact_hash_block_near_duplicate
1051,448,1.0,0.0,0.0,1.0,0.92,merge,exact_hash_block_near_duplicate
1249,448,1.0,0.0,0.0,1.0,0.92,merge,exact_hash_block_near_duplicate
319,575,1.0,0.0,0.0,1.0,0.92,merge,exact_hash_block_near_duplicate
1051,575,1.0,0.0,0.0,1.0,0.92,merge,exact_hash_block_near_duplicate
1249,575,1.0,0.0,0.0,1.0,0.92,merge,exact_hash_block_near_duplicate
1051,319,1.0,0.0,0.0,1.0,0.92,merge,exact_hash_block_near_duplicate
1249,319,1.0,0.0,0.0,1.0,0.92,merge,exact_hash_block_near_duplicate
1051,1249,1.0,0.0,0.0,1.0,0.92,merge,exact_hash_block_near_duplicate
350,855,1.0,0.0,0.0,1.0,0.92,merge,exact_hash_block_near_duplicate
1516,855,1.0,0.0,0.0,1.0,0.92,merge,exact_hash_block_near_duplicate
525,855,1.0,0.0,0.0,1.0,0.92,merge,exact_hash_block_near_duplicate
1516,350,1.0,0.0,0.0,1.0,0.92,merge,exact_hash_block_near_duplicate
350,525,1.0,0.0,0.0,1.0,0.92,merge,exact_hash_block_near_duplicate
1516,525,1.0,0.0,0.0,1.0,0.92,merge,exact_hash_block_near_duplicate
1014,889,1.0,0.0,0.0,1.0,0.92,merge,exact_hash_block_near_duplicate
1014,1224,1.0,0.0,0.0,1.0,0.92,merge,exact_hash_block_near_duplicate
1224,889,1.0,0.0,0.0,1.0,0.92,merge,exact_hash_block_near_duplicate
1366,303,1.0,0.0,0.0,1.0,0.92,merge,exact_hash_block_near_duplicate
1366,147,1.0,0.0,0.0,1.0,0.92,merge,exact_hash_block_near_duplicate
1366,1524,1.0,0.0,0.0,1.0,0.92,merge,exact_hash_block_near_duplicate
1366,858,1.0,0.0,0.0,1.0,0.92,merge,exact_hash_block_near_duplicate
147,303,1.0,0.0,0.0,1.0,0.92,merge,exact_hash_block_near_duplicate
1524,303,1.0,0.0,0.0,1.0,0.92,merge,exact_hash_block_near_duplicate
303,858,1.0,0.0,0.0,1.0,0.92,merge,exact_hash_block_near_duplicate
147,1524,1.0,0.0,0.0,1.0,0.92,merge,exact_hash_block_near_duplicate
147,858,1.0,0.0,0.0,1.0,0.92,merge,exact_hash_block_near_duplicate
1524,858,1.0,0.0,0.0,1.0,0.92,merge,exact_hash_block_near_duplicate
1624,979,1.0,0.0,0.0,1.0,0.92,merge,exact_hash_block_near_duplicate
1469,979,1.0,0.0,0.0,1.0,0.92,merge,exact_hash_block_near_duplicate
1194,979,1.0,0.0,0.0,1.0,0.92,merge,exact_hash_block_near_duplicate
1469,1624,1.0,0.0,0.0,1.0,0.92,merge,exact_hash_block_near_duplicate
1194,1624,1.0,0.0,0.0,1.0,0.92,merge,exact_hash_block_near_duplicate
1194,1469,1.0,0.0,0.0,1.0,0.92,merge,exact_hash_block_near_duplicate
1135,393,1.0,0.0,0.0,1.0,0.92,merge,exact_hash_block_near_duplicate
317,393,1.0,0.0,0.0,1.0,0.92,merge,exact_hash_block_near_duplicate
1521,393,1.0,0.0,0.0,1.0,0.92,merge,exact_hash_block_near_duplicate
1043,393,1.0,0.0,0.0,1.0,0.92,merge,exact_hash_block_near_duplicate
235,393,1.0,0.0,0.0,1.0,0.92,merge,exact_hash_block_near_duplicate
393,776,1.0,0.0,0.0,1.0,0.92,merge,exact_hash_block_near_duplicate
1135,317,1.0,0.0,0.0,1.0,0.92,merge,exact_hash_block_near_duplicate
1135,1521,1.0,0.0,0.0,1.0,0.92,merge,exact_hash_block_near_duplicate
1043,1135,1.0,0.0,0.0,1.0,0.92,merge,exact_hash_block_near_duplicate
1135,235,1.0,0.0,0.0,1.0,0.92,merge,exact_hash_block_near_duplicate
1135,776,1.0,0.0,0.0,1.0,0.92,merge,exact_hash_block_near_duplicate
1521,317,1.0,0.0,0.0,1.0,0.92,merge,exact_hash_block_near_duplicate
1043,317,1.0,0.0,0.0,1.0,0.92,merge,exact_hash_block_near_duplicate
235,317,1.0,0.0,0.0,1.0,0.92,merge,exact_hash_block_near_duplicate
317,776,1.0,0.0,0.0,1.0,0.92,merge,exact_hash_block_near_duplicate
1043,1521,1.0,0.0,0.0,1.0,0.92,merge,exact_hash_block_near_duplicate
1521,235,1.0,0.0,0.0,1.0,0.92,merge,exact_hash_block_near_duplicate
1521,776,1.0,0.0,0.0,1.0,0.92,merge,exact_hash_block_near_duplicate
1043,235,1.0,0.0,0.0,1.0,0.92,merge,exact_hash_block_near_duplicate
1043,776,1.0,0.0,0.0,1.0,0.92,merge,exact_hash_block_near_duplicate
235,776,1.0,0.0,0.0,1.0,0.92,merge,exact_hash_block_near_duplicate
1208,924,1.0,0.0,0.0,1.0,0.92,merge,exact_hash_block_near_duplicate
1208,1303,1.0,0.0,0.0,1.0,0.92,merge,exact_hash_block_near_duplicate
1208,875,1.0,0.0,0.0,1.0,0.92,merge,exact_hash_block_near_duplicate
1303,924,1.0,0.0,0.0,1.0,0.92,merge,exact_hash_block_near_duplicate
875,924,1.0,0.0,0.0,1.0,0.92,merge,exact_hash_block_near_duplicate
1303,875,1.0,0.0,0.0,1.0,0.92,merge,exact_hash_block_near_duplicate
365,609,1.0,0.0,0.0,1.0,0.92,merge,exact_hash_block_near_duplicate
1346,365,1.0,0.0,0.0,1.0,0.92,merge,exact_hash_block_near_duplicate
1346,609,1.0,0.0,0.0,1.0,0.92,merge,exact_hash_block_near_duplicate
216,435,1.0,1.0,1.0,1.0,0.92,merge,exact_hash_block_near_duplicate
1892,435,1.0,0.0,0.0,1.0,0.92,merge,exact_hash_block_near_duplicate
1766,435,1.0,0.0,0.0,1.0,0.92,merge,exact_hash_block_near_duplicate
1892,216,1.0,0.0,0.0,1.0,0.92,merge,exact_hash_block_near_duplicate
1766,216,1.0,0.0,0.0,1.0,0.92,merge,exact_hash_block_near_duplicate
1766,1892,1.0,0.0,0.0,1.0,0.92,merge,exact_hash_block_near_duplicate
1590,322,1.0,0.0,0.0,1.0,0.92,merge,exact_hash_block_near_duplicate
1132,322,1.0,0.0,0.0,1.0,0.92,merge,exact_hash_block_near_duplicate
1132,1590,1.0,0.0,0.0,1.0,0.92,merge,exact_hash_block_near_duplicate
304,466,1.0,0.0,0.0,1.0,0.92,merge,exact_hash_block_near_duplicate
466,774,1.0,0.0,0.0,1.0,0.92,merge,exact_hash_block_near_duplicate
1687,466,1.0,0.0,0.0,1.0,0.92,merge,exact_hash_block_near_duplicate
304,774,1.0,0.0,0.0,1.0,0.92,merge,exact_hash_block_near_duplicate
1687,304,1.0,0.0,0.0,1.0,0.92,merge,exact_hash_block_near_duplicate
1687,774,1.0,0.0,0.0,1.0,0.92,merge,exact_hash_block_near_duplicate
169,382,1.0,0.0,0.0,1.0,0.92,merge,exact_hash_block_near_duplicate
1332,382,1.0,0.0,0.0,1.0,0.92,merge,exact_hash_block_near_duplicate
224,382,1.0,0.0,0.0,1.0,0.92,merge,exact_hash_block_near_duplicate
382,822,1.0,0.0,0.0,1.0,0.92,merge,exact_hash_block_near_duplicate
1332,169,1.0,0.0,0.0,1.0,0.92,merge,exact_hash_block_near_duplicate
169,224,1.0,0.0,0.0,1.0,0.92,merge,exact_hash_block_near_duplicate
169,822,1.0,0.0,0.0,1.0,0.92,merge,exact_hash_block_near_duplicate
1332,224,1.0,0.0,0.0,1.0,0.92,merge,exact_hash_block_near_duplicate
1332,822,1.0,0.0,0.0,1.0,0.92,merge,exact_hash_block_near_duplicate
224,822,1.0,0.0,0.0,1.0,0.92,merge,exact_hash_block_near_duplicate
158,562,1.0,0.0,0.0,1.0,0.92,merge,exact_hash_block_near_duplicate
158,585,1.0,0.0,0.0,1.0,0.92,merge,exact_hash_block_near_duplicate
1556,158,1.0,0.0,0.0,1.0,0.92,merge,exact_hash_block_near_duplicate
158,808,1.0,0.0,0.0,1.0,0.92,merge,exact_hash_block_near_duplicate
562,585,1.0,0.0,0.0,1.0,0.92,merge,exact_hash_block_near_duplicate
1556,562,1.0,0.0,0.0,1.0,0.92,merge,exact_hash_block_near_duplicate
562,808,1.0,0.0,0.0,1.0,0.92,merge,exact_hash_block_near_duplicate
1556,585,1.0,0.0,0.0,1.0,0.92,merge,exact_hash_block_near_duplicate
585,808,1.0,1.0,1.0,1.0,0.92,merge,exact_hash_block_near_duplicate
1556,808,1.0,0.0,0.0,1.0,0.92,merge,exact_hash_block_near_duplicate
1219,1848,1.0,0.0,0.0,1.0,0.92,merge,exact_hash_block_near_duplicate
1219,1268,1.0,0.0,0.0,1.0,0.92,merge,exact_hash_block_near_duplicate
1219,1626,1.0,0.0,0.0,1.0,0.92,merge,exact_hash_block_near_duplicate
1268,1848,1.0,0.0,0.0,1.0,0.92,merge,exact_hash_block_near_duplicate
1626,1848,1.0,0.0,0.0,1.0,0.92,merge,exact_hash_block_near_duplicate
1268,1626,1.0,0.0,0.0,1.0,0.92,merge,exact_hash_block_near_duplicate
748,831,1.0,0.0,0.0,1.0,0.92,merge,exact_hash_block_near_duplicate
1369,748,1.0,0.0,0.0,1.0,0.92,merge,exact_hash_block_near_duplicate
1369,831,1.0,0.0,0.0,1.0,0.92,merge,exact_hash_block_near_duplicate
1334,1344,1.0,0.0,0.0,1.0,0.92,merge,exact_hash_block_near_duplicate
1309,1344,1.0,0.0,0.0,1.0,0.92,merge,exact_hash_block_near_duplicate
1309,1334,1.0,0.0,0.0,1.0,0.92,merge,exact_hash_block_near_duplicate
1026,827,1.0,0.0,0.0,1.0,0.92,merge,exact_hash_block_near_duplicate
1397,827,1.0,0.0,0.0,1.0,0.92,merge,exact_hash_block_near_duplicate
1169,827,1.0,0.0,0.0,1.0,0.92,merge,exact_hash_block_near_duplicate
1026,1397,1.0,0.0,0.0,1.0,0.92,merge,exact_hash_block_near_duplicate
1026,1169,1.0,0.0,0.0,1.0,0.92,merge,exact_hash_block_near_duplicate
1169,1397,1.0,0.0,0.0,1.0,0.92,merge,exact_hash_block_near_duplicate
1550,869,1.0,0.0,0.0,1.0,0.92,merge,exact_hash_block_near_duplicate
1455,869,1.0,0.0,0.0,1.0,0.92,merge,exact_hash_block_near_duplicate
788,869,1.0,0.0,0.0,1.0,0.92,merge,exact_hash_block_near_duplicate
1039,869,1.0,0.0,0.0,1.0,0.92,merge,exact_hash_block_near_duplicate
1455,1550,1.0,0.0,0.0,1.0,0.92,merge,exact_hash_block_near_duplicate
1550,788,1.0,0.0,0.0,1.0,0.92,merge,exact_hash_block_near_duplicate
1039,1550,1.0,0.0,0.0,1.0,0.92,merge,exact_hash_block_near_duplicate
1455,788,1.0,0.0,0.0,1.0,0.92,merge,exact_hash_block_near_duplicate
1039,1455,1.0,0.0,0.0,1.0,0.92,merge,exact_hash_block_near_duplicate
1039,788,1.0,0.0,0.0,1.0,0.92,merge,exact_hash_block_near_duplicate
1223,696,1.0,0.0,0.0,1.0,0.92,merge,exact_hash_block_near_duplicate
1625,696,1.0,0.0,0.0,1.0,0.92,merge,exact_hash_block_near_duplicate
554,696,1.0,0.0,0.0,1.0,0.92,merge,exact_hash_block_near_duplicate
1223,1625,1.0,0.0,0.0,1.0,0.92,merge,exact_hash_block_near_duplicate
1223,554,1.0,0.0,0.0,1.0,0.92,merge,exact_hash_block_near_duplicate
1625,554,1.0,0.0,0.0,1.0,0.92,merge,exact_hash_block_near_duplicate
1419,490,1.0,0.0,0.0,1.0,0.92,merge,exact_hash_block_near_duplicate
1419,663,1.0,0.0,0.0,1.0,0.92,merge,exact_hash_block_near_duplicate
1419,332,1.0,0.0,0.0,1.0,0.92,merge,exact_hash_block_near_duplicate
1419,1678,1.0,0.0,0.0,1.0,0.92,merge,exact_hash_block_near_duplicate
490,663,1.0,0.0,0.0,1.0,0.92,merge,exact_hash_block_near_duplicate
332,490,1.0,0.0,0.0,1.0,0.92,merge,exact_hash_block_near_duplicate
1678,490,1.0,0.0,0.0,1.0,0.92,merge,exact_hash_block_near_duplicate
332,663,1.0,0.0,0.0,1.0,0.92,merge,exact_hash_block_near_duplicate
1678,663,1.0,0.0,0.0,1.0,0.92,merge,exact_hash_block_near_duplicate
1678,332,1.0,0.0,0.0,1.0,0.92,merge,exact_hash_block_near_duplicate
1499,688,1.0,0.0,0.0,1.0,0.92,merge,exact_hash_block_near_duplicate
1499,712,1.0,0.0,0.0,1.0,0.92,merge,exact_hash_block_near_duplicate
688,712,1.0,0.0,0.0,1.0,0.92,merge,exact_hash_block_near_duplicate
1811,521,1.0,0.0,0.0,1.0,0.92,merge,exact_hash_block_near_duplicate
1056,336,1.0,0.0,0.0,1.0,0.92,merge,exact_hash_block_near_duplicate
1056,1137,1.0,0.0,0.0,1.0,0.92,merge,exact_hash_block_near_duplicate
1056,1816,1.0,0.0,0.0,1.0,0.92,merge,exact_hash_block_near_duplicate
1137,336,1.0,0.0,0.0,1.0,0.92,merge,exact_hash_block_near_duplicate
1816,336,1.0,0.0,0.0,1.0,0.92,merge,exact_hash_block_near_duplicate
1137,1816,1.0,0.0,0.0,1.0,0.92,merge,exact_hash_block_near_duplicate
1458,541,1.0,0.0,0.0,1.0,0.92,merge,exact_hash_block_near_duplicate
1267,142,1.0,0.0,0.0,1.0,0.92,merge,exact_hash_block_near_duplicate
142,655,1.0,0.0,0.0,1.0,0.92,merge,exact_hash_block_near_duplicate
1392,142,1.0,0.0,0.0,1.0,0.92,merge,exact_hash_block_near_duplicate
1267,655,1.0,0.0,0.0,1.0,0.92,merge,exact_hash_block_near_duplicate
1267,1392,1.0,0.0,0.0,1.0,0.92,merge,exact_hash_block_near_duplicate
1392,655,1.0,0.0,0.0,1.0,0.92,merge,exact_hash_block_near_duplicate
1532,854,1.0,0.0,0.0,1.0,0.92,merge,exact_hash_block_near_duplicate
1231,1532,1.0,0.0,0.0,1.0,0.92,merge,exact_hash_block_near_duplicate
1055,1532,1.0,0.0,0.0,1.0,0.92,merge,exact_hash_block_near_duplicate
1231,854,1.0,0.0,0.0,1.0,0.92,merge,exact_hash_block_near_duplicate
1055,854,1.0,0.0,0.0,1.0,0.92,merge,exact_hash_block_near_duplicate
1055,1231,1.0,0.0,0.0,1.0,0.92,merge,exact_hash_block_near_duplicate
108,1617,1.0,0.0,0.0,1.0,0.92,merge,exact_hash_block_near_duplicate
108,1376,1.0,0.0,0.0,1.0,0.92,merge,exact_hash_block_near_duplicate
108,1815,1.0,0.0,0.0,1.0,0.92,merge,exact_hash_block_near_duplicate
108,1279,1.0,0.0,0.0,1.0,0.92,merge,exact_hash_block_near_duplicate
108,1596,1.0,0.0,0.0,1.0,0.92,merge,exact_hash_block_near_duplicate
1376,1617,1.0,0.0,0.0,1.0,0.92,merge,exact_hash_block_near_duplicate
1617,1815,1.0,0.0,0.0,1.0,0.92,merge,exact_hash_block_near_duplicate
1279,1617,1.0,0.0,0.0,1.0,0.92,merge,exact_hash_block_near_duplicate
1596,1617,1.0,0.0,0.0,1.0,0.92,merge,exact_hash_block_near_duplicate
1376,1815,1.0,0.0,0.0,1.0,0.92,merge,exact_hash_block_near_duplicate
1279,1376,1.0,0.0,0.0,1.0,0.92,merge,exact_hash_block_near_duplicate
1376,1596,1.0,0.0,0.0,1.0,0.92,merge,exact_hash_block_near_duplicate
1279,1815,1.0,0.0,0.0,1.0,0.92,merge,exact_hash_block_near_duplicate
1596,1815,1.0,0.0,0.0,1.0,0.92,merge,exact_hash_block_near_duplicate
1279,1596,1.0,0.0,0.0,1.0,0.92,merge,exact_hash_block_near_duplicate
1075,483,1.0,0.0,0.0,1.0,0.92,merge,exact_hash_block_near_duplicate
1075,112,1.0,0.0,0.0,1.0,0.92,merge,exact_hash_block_near_duplicate
1075,1575,1.0,0.0,0.0,1.0,0.92,merge,exact_hash_block_near_duplicate
112,483,1.0,0.0,0.0,1.0,0.92,merge,exact_hash_block_near_duplicate
1575,483,1.0,0.0,0.0,1.0,0.92,merge,exact_hash_block_near_duplicate
112,1575,1.0,0.0,0.0,1.0,0.92,merge,exact_hash_block_near_duplicate
1316,1396,1.0,0.0,0.0,1.0,0.92,merge,exact_hash_block_near_duplicate
1316,1383,1.0,0.0,0.0,1.0,0.92,merge,exact_hash_block_near_duplicate
1025,1316,1.0,0.0,0.0,1.0,0.92,merge,exact_hash_block_near_duplicate
1383,1396,1.0,0.0,0.0,1.0,0.92,merge,exact_hash_block_near_duplicate
1025,1396,1.0,0.0,0.0,1.0,0.92,merge,exact_hash_block_near_duplicate
1025,1383,1.0,0.0,0.0,1.0,0.92,merge,exact_hash_block_near_duplicate
1063,542,1.0,0.0,0.0,1.0,0.92,merge,exact_hash_block_near_duplicate
542,751,1.0,0.0,0.0,1.0,0.92,merge,exact_hash_block_near_duplicate
1063,751,1.0,0.0,0.0,1.0,0.92,merge,exact_hash_block_near_duplicate
1211,546,1.0,0.0,0.0,1.0,0.92,merge,exact_hash_block_near_duplicate
1211,1422,1.0,0.0,0.0,1.0,0.92,merge,exact_hash_block_near_duplicate
1422,546,1.0,0.0,0.0,1.0,0.92,merge,exact_hash_block_near_duplicate
1335,1365,1.0,0.0,0.0,1.0,0.92,merge,exact_hash_block_near_duplicate
1294,1365,1.0,0.0,0.0,1.0,0.92,merge,exact_hash_block_near_duplicate
1294,1335,1.0,0.0,0.0,1.0,0.92,merge,exact_hash_block_near_duplicate
589,726,1.0,0.0,0.0,1.0,0.92,merge,exact_hash_block_near_duplicate
1495,589,1.0,0.0,0.0,1.0,0.92,merge,exact_hash_block_near_duplicate
1343,589,1.0,0.0,0.0,1.0,0.92,merge,exact_hash_block_near_duplicate
1070,589,1.0,0.0,0.0,1.0,0.92,merge,exact_hash_block_near_duplicate
1495,726,1.0,0.0,0.0,1.0,0.92,merge,exact_hash_block_near_duplicate
1343,726,1.0,0.0,0.0,1.0,0.92,merge,exact_hash_block_near_duplicate
1070,726,1.0,0.0,0.0,1.0,0.92,merge,exact_hash_block_near_duplicate
1343,1495,1.0,0.0,0.0,1.0,0.92,merge,exact_hash_block_near_duplicate
1070,1495,1.0,0.0,0.0,1.0,0.92,merge,exact_hash_block_near_duplicate
1070,1343,1.0,0.0,0.0,1.0,0.92,merge,exact_hash_block_near_duplicate
1488,1647,1.0,0.0,0.0,1.0,0.92,merge,exact_hash_block_near_duplicate
1647,538,1.0,0.0,0.0,1.0,0.92,merge,exact_hash_block_near_duplicate
1647,695,1.0,0.0,0.0,1.0,0.92,merge,exact_hash_block_near_duplicate
1488,538,1.0,0.0,0.0,1.0,0.92,merge,exact_hash_block_near_duplicate
1488,695,1.0,0.0,0.0,1.0,0.92,merge,exact_hash_block_near_duplicate
538,695,1.0,0.0,0.0,1.0,0.92,merge,exact_hash_block_near_duplicate
1031,1119,1.0,0.0,0.0,1.0,0.92,merge,exact_hash_block_near_duplicate
1031,196,1.0,0.0,0.0,1.0,0.92,merge,exact_hash_block_near_duplicate
1119,196,1.0,0.0,0.0,1.0,0.92,merge,exact_hash_block_near_duplicate
1487,1696,1.0,0.0,0.0,1.0,0.92,merge,exact_hash_block_near_duplicate
1696,378,1.0,0.0,0.0,1.0,0.92,merge,exact_hash_block_near_duplicate
1696,896,1.0,0.0,0.0,1.0,0.92,merge,exact_hash_block_near_duplicate
1126,1696,1.0,0.0,0.0,1.0,0.92,merge,exact_hash_block_near_duplicate
1487,378,1.0,0.0,0.0,1.0,0.92,merge,exact_hash_block_near_duplicate
1487,896,1.0,0.0,0.0,1.0,0.92,merge,exact_hash_block_near_duplicate
1126,1487,1.0,0.0,0.0,1.0,0.92,merge,exact_hash_block_near_duplicate
378,896,1.0,0.0,0.0,1.0,0.92,merge,exact_hash_block_near_duplicate
1126,378,1.0,0.0,0.0,1.0,0.92,merge,exact_hash_block_near_duplicate
1126,896,1.0,0.0,0.0,1.0,0.92,merge,exact_hash_block_near_duplicate
410,556,1.0,0.0,0.0,1.0,0.92,merge,exact_hash_block_near_duplicate
1285,410,1.0,0.0,0.0,1.0,0.92,merge,exact_hash_block_near_duplicate
1285,556,1.0,0.0,0.0,1.0,0.92,merge,exact_hash_block_near_duplicate
1385,518,1.0,0.0,0.0,1.0,0.92,merge,exact_hash_block_near_duplicate
1313,1385,1.0,0.0,0.0,1.0,0.92,merge,exact_hash_block_near_duplicate
1385,651,1.0,0.0,0.0,1.0,0.92,merge,exact_hash_block_near_duplicate
1257,1385,1.0,0.0,0.0,1.0,0.92,merge,exact_hash_block_near_duplicate
1385,961,1.0,0.0,0.0,1.0,0.92,merge,exact_hash_block_near_duplicate
1111,1385,1.0,0.0,0.0,1.0,0.92,merge,exact_hash_block_near_duplicate
1313,518,1.0,0.0,0.0,1.0,0.92,merge,exact_hash_block_near_duplicate
518,651,1.0,0.0,0.0,1.0,0.92,merge,exact_hash_block_near_duplicate
1257,518,1.0,0.0,0.0,1.0,0.92,merge,exact_hash_block_near_duplicate
518,961,1.0,0.0,0.0,1.0,0.92,merge,exact_hash_block_near_duplicate
1111,518,1.0,0.0,0.0,1.0,0.92,merge,exact_hash_block_near_duplicate
1313,651,1.0,0.0,0.0,1.0,0.92,merge,exact_hash_block_near_duplicate
1257,1313,1.0,0.0,0.0,1.0,0.92,merge,exact_hash_block_near_duplicate
1313,961,1.0,0.0,0.0,1.0,0.92,merge,exact_hash_block_near_duplicate
1111,1313,1.0,0.0,0.0,1.0,0.92,merge,exact_hash_block_near_duplicate
1257,651,1.0,0.0,0.0,1.0,0.92,merge,exact_hash_block_near_duplicate
651,961,1.0,0.0,0.0,1.0,0.92,merge,exact_hash_block_near_duplicate
1111,651,1.0,0.0,0.0,1.0,0.92,merge,exact_hash_block_near_duplicate
1257,961,1.0,0.0,0.0,1.0,0.92,merge,exact_hash_block_near_duplicate
1111,1257,1.0,0.0,0.0,1.0,0.92,merge,exact_hash_block_near_duplicate
1111,961,1.0,0.0,0.0,1.0,0.92,merge,exact_hash_block_near_duplicate
1689,379,1.0,0.0,0.0,1.0,0.92,merge,exact_hash_block_near_duplicate
1689,52,1.0,0.0,0.0,1.0,0.92,merge,exact_hash_block_near_duplicate
1293,1689,1.0,0.0,0.0,1.0,0.92,merge,exact_hash_block_near_duplicate
1112,1689,1.0,0.0,0.0,1.0,0.92,merge,exact_hash_block_near_duplicate
379,52,1.0,0.0,0.0,1.0,0.92,merge,exact_hash_block_near_duplicate
1293,379,1.0,0.0,0.0,1.0,0.92,merge,exact_hash_block_near_duplicate
1112,379,1.0,0.0,0.0,1.0,0.92,merge,exact_hash_block_near_duplicate
1293,52,1.0,0.0,0.0,1.0,0.92,merge,exact_hash_block_near_duplicate
1112,52,1.0,0.0,0.0,1.0,0.92,merge,exact_hash_block_near_duplicate
1112,1293,1.0,0.0,0.0,1.0,0.92,merge,exact_hash_block_near_duplicate
1838,810,1.0,0.0,0.0,1.0,0.92,merge,exact_hash_block_near_duplicate
439,618,1.0,0.0,0.0,1.0,0.92,merge,exact_hash_block_near_duplicate
439,604,1.0,0.0,0.0,1.0,0.92,merge,exact_hash_block_near_duplicate
439,659,1.0,0.0,0.0,1.0,0.92,merge,exact_hash_block_near_duplicate
604,618,1.0,0.0,0.0,1.0,0.92,merge,exact_hash_block_near_duplicate
618,659,1.0,0.0,0.0,1.0,0.92,merge,exact_hash_block_near_duplicate
604,659,1.0,0.0,0.0,1.0,0.92,merge,exact_hash_block_near_duplicate
1107,1607,1.0,0.0,0.0,1.0,0.92,merge,exact_hash_block_near_duplicate
1607,253,1.0,0.0,0.0,1.0,0.92,merge,exact_hash_block_near_duplicate
1107,253,1.0,0.0,0.0,1.0,0.92,merge,exact_hash_block_near_duplicate
1411,624,1.0,0.0,0.0,1.0,0.92,merge,exact_hash_block_near_duplicate
1411,1640,1.0,0.0,0.0,1.0,0.92,merge,exact_hash_block_near_duplicate
1640,624,1.0,0.0,0.0,1.0,0.92,merge,exact_hash_block_near_duplicate
1570,675,1.0,0.0,0.0,1.0,0.92,merge,exact_hash_block_near_duplicate
1034,675,1.0,0.0,0.0,1.0,0.92,merge,exact_hash_block_near_duplicate
1034,1570,1.0,0.0,0.0,1.0,0.92,merge,exact_hash_block_near_duplicate
1184,632,1.0,0.0,0.0,1.0,0.92,merge,exact_hash_block_near_duplicate
407,736,1.0,0.0,0.0,1.0,0.92,merge,exact_hash_block_near_duplicate
1546,1639,1.0,0.0,0.0,1.0,0.92,merge,exact_hash_block_near_duplicate
230,254,1.0,0.0,0.0,1.0,0.92,merge,exact_hash_block_near_duplicate
1580,230,1.0,0.0,0.0,1.0,0.92,merge,exact_hash_block_near_duplicate
151,230,1.0,0.0,0.0,1.0,0.92,merge,exact_hash_block_near_duplicate
1580,254,1.0,0.0,0.0,1.0,0.92,merge,exact_hash_block_near_duplicate
151,254,1.0,0.0,0.0,1.0,0.92,merge,exact_hash_block_near_duplicate
151,1580,1.0,0.0,0.0,1.0,0.92,merge,exact_hash_block_near_duplicate
1608,425,1.0,0.0,0.0,1.0,0.92,merge,exact_hash_block_near_duplicate
425,523,1.0,0.0,0.0,1.0,0.92,merge,exact_hash_block_near_duplicate
1608,523,1.0,0.0,0.0,1.0,0.92,merge,exact_hash_block_near_duplicate
689,975,1.0,0.0,0.0,1.0,0.92,merge,exact_hash_block_near_duplicate
197,975,1.0,0.0,0.0,1.0,0.92,merge,exact_hash_block_near_duplicate
18,975,1.0,0.0,0.0,1.0,0.92,merge,exact_hash_block_near_duplicate
197,689,1.0,0.0,0.0,1.0,0.92,merge,exact_hash_block_near_duplicate
18,689,1.0,0.0,0.0,1.0,0.92,merge,exact_hash_block_near_duplicate
18,197,1.0,0.0,0.0,1.0,0.92,merge,exact_hash_block_near_duplicate
1072,1460,1.0,0.0,0.0,1.0,0.92,merge,exact_hash_block_near_duplicate
1072,519,1.0,0.0,0.0,1.0,0.92,merge,exact_hash_block_near_duplicate
1460,519,1.0,0.0,0.0,1.0,0.92,merge,exact_hash_block_near_duplicate
1145,414,1.0,0.0,0.0,1.0,0.92,merge,exact_hash_block_near_duplicate
1145,1421,1.0,0.0,0.0,1.0,0.92,merge,exact_hash_block_near_duplicate
1145,21,1.0,0.0,0.0,1.0,0.92,merge,exact_hash_block_near_duplicate
1421,414,1.0,0.0,0.0,1.0,0.92,merge,exact_hash_block_near_duplicate
21,414,1.0,0.0,0.0,1.0,0.92,merge,exact_hash_block_near_duplicate
1421,21,1.0,0.0,0.0,1.0,0.92,merge,exact_hash_block_near_duplicate
1569,709,1.0,0.0,0.0,1.0,0.92,merge,exact_hash_block_near_duplicate
1504,1862,1.0,0.0,0.0,1.0,0.92,merge,exact_hash_block_near_duplicate
1682,1862,1.0,0.0,0.0,1.0,0.92,merge,exact_hash_block_near_duplicate
1504,1682,1.0,0.0,0.0,1.0,0.92,merge,exact_hash_block_near_duplicate
109,601,1.0,0.0,0.0,1.0,0.92,merge,exact_hash_block_near_duplicate
485,601,1.0,0.0,0.0,1.0,0.92,merge,exact_hash_block_near_duplicate
109,485,1.0,0.0,0.0,1.0,0.92,merge,exact_hash_block_near_duplicate
1168,1894,1.0,0.0,0.0,1.0,0.92,merge,exact_hash_block_near_duplicate
1619,539,1.0,0.0,0.0,1.0,0.92,merge,exact_hash_block_near_duplicate
1489,539,1.0,0.0,0.0,1.0,0.92,merge,exact_hash_block_near_duplicate
539,873,1.0,0.0,0.0,1.0,0.92,merge,exact_hash_block_near_duplicate
193,539,1.0,0.0,0.0,1.0,0.92,merge,exact_hash_block_near_duplicate
1489,1619,1.0,0.0,0.0,1.0,0.92,merge,exact_hash_block_near_duplicate
1619,873,1.0,0.0,0.0,1.0,0.92,merge,exact_hash_block_near_duplicate
1619,193,1.0,0.0,0.0,1.0,0.92,merge,exact_hash_block_near_duplicate
1489,873,1.0,0.0,0.0,1.0,0.92,merge,exact_hash_block_near_duplicate
1489,193,1.0,0.0,0.0,1.0,0.92,merge,exact_hash_block_near_duplicate
193,873,1.0,0.0,0.0,1.0,0.92,merge,exact_hash_block_near_duplicate
1308,41,1.0,0.0,0.0,1.0,0.92,merge,exact_hash_block_near_duplicate
1104,1425,1.0,0.0,0.0,1.0,0.92,merge,exact_hash_block_near_duplicate
134,1425,1.0,0.0,0.0,1.0,0.92,merge,exact_hash_block_near_duplicate
1425,629,1.0,0.0,0.0,1.0,0.92,merge,exact_hash_block_near_duplicate
1104,134,1.0,0.0,0.0,1.0,0.92,merge,exact_hash_block_near_duplicate
1104,629,1.0,0.0,0.0,1.0,0.92,merge,exact_hash_block_near_duplicate
134,629,1.0,0.0,0.0,1.0,0.92,merge,exact_hash_block_near_duplicate
1163,146,1.0,0.0,0.0,1.0,0.92,merge,exact_hash_block_near_duplicate
146,520,1.0,0.0,0.0,1.0,0.92,merge,exact_hash_block_near_duplicate
146,1463,1.0,0.0,0.0,1.0,0.92,merge,exact_hash_block_near_duplicate
146,882,1.0,0.0,0.0,1.0,0.92,merge,exact_hash_block_near_duplicate
146,508,1.0,0.0,0.0,1.0,0.92,merge,exact_hash_block_near_duplicate
1163,520,1.0,0.0,0.0,1.0,0.92,merge,exact_hash_block_near_duplicate
1163,1463,1.0,0.0,0.0,1.0,0.92,merge,exact_hash_block_near_duplicate
1163,882,1.0,0.0,0.0,1.0,0.92,merge,exact_hash_block_near_duplicate
1163,508,1.0,0.0,0.0,1.0,0.92,merge,exact_hash_block_near_duplicate
1463,520,1.0,0.0,0.0,1.0,0.92,merge,exact_hash_block_near_duplicate
520,882,1.0,0.0,0.0,1.0,0.92,merge,exact_hash_block_near_duplicate
508,520,1.0,0.0,0.0,1.0,0.92,merge,exact_hash_block_near_duplicate
1463,882,1.0,0.0,0.0,1.0,0.92,merge,exact_hash_block_near_duplicate
1463,508,1.0,0.0,0.0,1.0,0.92,merge,exact_hash_block_near_duplicate
508,882,1.0,0.0,0.0,1.0,0.92,merge,exact_hash_block_near_duplicate
778,892,1.0,0.0,0.0,1.0,0.92,merge,exact_hash_block_near_duplicate
650,778,1.0,0.0,0.0,1.0,0.92,merge,exact_hash_block_near_duplicate
449,778,1.0,0.0,0.0,1.0,0.92,merge,exact_hash_block_near_duplicate
1058,778,1.0,0.0,0.0,1.0,0.92,merge,exact_hash_block_near_duplicate
650,892,1.0,0.0,0.0,1.0,0.92,merge,exact_hash_block_near_duplicate
449,892,1.0,0.0,0.0,1.0,0.92,merge,exact_hash_block_near_duplicate
1058,892,1.0,0.0,0.0,1.0,0.92,merge,exact_hash_block_near_duplicate
449,650,1.0,0.0,0.0,1.0,0.92,merge,exact_hash_block_near_duplicate
1058,650,1.0,0.0,0.0,1.0,0.92,merge,exact_hash_block_near_duplicate
1058,449,1.0,0.0,0.0,1.0,0.92,merge,exact_hash_block_near_duplicate
128,636,1.0,0.0,0.0,1.0,0.92,merge,exact_hash_block_near_duplicate
387,636,1.0,0.0,0.0,1.0,0.92,merge,exact_hash_block_near_duplicate
583,636,1.0,0.0,0.0,1.0,0.92,merge,exact_hash_block_near_duplicate
128,387,1.0,0.0,0.0,1.0,0.92,merge,exact_hash_block_near_duplicate
128,583,1.0,0.0,0.0,1.0,0.92,merge,exact_hash_block_near_duplicate
387,583,1.0,0.0,0.0,1.0,0.92,merge,exact_hash_block_near_duplicate
1321,652,1.0,0.0,0.0,1.0,0.92,merge,exact_hash_block_near_duplicate
1490,480,1.0,0.0,0.0,1.0,0.92,merge,exact_hash_block_near_duplicate
1490,1564,1.0,0.0,0.0,1.0,0.92,merge,exact_hash_block_near_duplicate
1564,480,1.0,0.0,0.0,1.0,0.92,merge,exact_hash_block_near_duplicate
1658,812,1.0,0.0,0.0,1.0,0.92,merge,exact_hash_block_near_duplicate
1406,232,1.0,0.0,0.0,1.0,0.92,merge,exact_hash_block_near_duplicate
232,479,1.0,0.0,0.0,1.0,0.92,merge,exact_hash_block_near_duplicate
1406,479,1.0,0.0,0.0,1.0,0.92,merge,exact_hash_block_near_duplicate
1434,189,1.0,0.0,0.0,1.0,0.92,merge,exact_hash_block_near_duplicate
189,294,1.0,0.0,0.0,1.0,0.92,merge,exact_hash_block_near_duplicate
189,510,1.0,0.0,0.0,1.0,0.92,merge,exact_hash_block_near_duplicate
189,833,1.0,0.0,0.0,1.0,0.92,merge,exact_hash_block_near_duplicate
1434,294,1.0,0.0,0.0,1.0,0.92,merge,exact_hash_block_near_duplicate
1434,510,1.0,0.0,0.0,1.0,0.92,merge,exact_hash_block_near_duplicate
1434,833,1.0,0.0,0.0,1.0,0.92,merge,exact_hash_block_near_duplicate
294,510,1.0,0.0,0.0,1.0,0.92,merge,exact_hash_block_near_duplicate
294,833,1.0,0.0,0.0,1.0,0.92,merge,exact_hash_block_near_duplicate
510,833,1.0,0.0,0.0,1.0,0.92,merge,exact_hash_block_near_duplicate
186,769,1.0,0.0,0.0,1.0,0.92,merge,exact_hash_block_near_duplicate
1649,769,1.0,0.0,0.0,1.0,0.92,merge,exact_hash_block_near_duplicate
1825,769,1.0,0.0,0.0,1.0,0.92,merge,exact_hash_block_near_duplicate
623,769,1.0,0.0,0.0,1.0,0.92,merge,exact_hash_block_near_duplicate
1649,186,1.0,0.0,0.0,1.0,0.92,merge,exact_hash_block_near_duplicate
1825,186,1.0,0.0,0.0,1.0,0.92,merge,exact_hash_block_near_duplicate
186,623,1.0,0.0,0.0,1.0,0.92,merge,exact_hash_block_near_duplicate
1649,1825,1.0,0.0,0.0,1.0,0.92,merge,exact_hash_block_near_duplicate
1649,623,1.0,0.0,0.0,1.0,0.92,merge,exact_hash_block_near_duplicate
1825,623,1.0,0.0,0.0,1.0,0.92,merge,exact_hash_block_near_duplicate
1716,821,1.0,0.0,0.0,1.0,0.92,merge,exact_hash_block_near_duplicate
1142,1716,1.0,0.0,0.0,1.0,0.92,merge,exact_hash_block_near_duplicate
1142,821,1.0,0.0,0.0,1.0,0.92,merge,exact_hash_block_near_duplicate
1101,1520,1.0,0.0,0.0,1.0,0.92,merge,exact_hash_block_near_duplicate
1520,347,1.0,0.0,0.0,1.0,0.92,merge,exact_hash_block_near_duplicate
136,1520,1.0,0.0,0.0,1.0,0.92,merge,exact_hash_block_near_duplicate
1207,1520,1.0,0.0,0.0,1.0,0.92,merge,exact_hash_block_near_duplicate
1101,347,1.0,0.0,0.0,1.0,0.92,merge,exact_hash_block_near_duplicate
1101,136,1.0,0.0,0.0,1.0,0.92,merge,exact_hash_block_near_duplicate
1101,1207,1.0,0.0,0.0,1.0,0.92,merge,exact_hash_block_near_duplicate
136,347,1.0,0.0,0.0,1.0,0.92,merge,exact_hash_block_near_duplicate
1207,347,1.0,0.0,0.0,1.0,0.92,merge,exact_hash_block_near_duplicate
1207,136,1.0,0.0,0.0,1.0,0.92,merge,exact_hash_block_near_duplicate
1701,881,1.0,0.0,0.0,1.0,0.92,merge,exact_hash_block_near_duplicate
203,261,1.0,0.0,0.0,1.0,0.92,merge,exact_hash_block_near_duplicate
1358,619,1.0,0.0,0.0,1.0,0.92,merge,exact_hash_block_near_duplicate
1003,619,1.0,0.0,0.0,1.0,0.92,merge,exact_hash_block_near_duplicate
1614,619,1.0,0.0,0.0,1.0,0.92,merge,exact_hash_block_near_duplicate
1711,619,1.0,0.0,0.0,1.0,0.92,merge,exact_hash_block_near_duplicate
1153,619,1.0,0.0,0.0,1.0,0.92,merge,exact_hash_block_near_duplicate
1003,1358,1.0,0.0,0.0,1.0,0.92,merge,exact_hash_block_near_duplicate
1358,1614,1.0,0.0,0.0,1.0,0.92,merge,exact_hash_block_near_duplicate
1358,1711,1.0,0.0,0.0,1.0,0.92,merge,exact_hash_block_near_duplicate
1153,1358,1.0,0.0,0.0,1.0,0.92,merge,exact_hash_block_near_duplicate
1003,1614,1.0,0.0,0.0,1.0,0.92,merge,exact_hash_block_near_duplicate
1003,1711,1.0,0.0,0.0,1.0,0.92,merge,exact_hash_block_near_duplicate
1003,1153,1.0,0.0,0.0,1.0,0.92,merge,exact_hash_block_near_duplicate
1614,1711,1.0,0.0,0.0,1.0,0.92,merge,exact_hash_block_near_duplicate
1153,1614,1.0,0.0,0.0,1.0,0.92,merge,exact_hash_block_near_duplicate
1153,1711,1.0,0.0,0.0,1.0,0.92,merge,exact_hash_block_near_duplicate
1648,1746,1.0,0.0,0.0,1.0,0.92,merge,exact_hash_block_near_duplicate
1746,533,1.0,0.0,0.0,1.0,0.92,merge,exact_hash_block_near_duplicate
1648,533,1.0,0.0,0.0,1.0,0.92,merge,exact_hash_block_near_duplicate
1454,957,1.0,0.0,0.0,1.0,0.92,merge,exact_hash_block_near_duplicate
1269,1454,1.0,0.0,0.0,1.0,0.92,merge,exact_hash_block_near_duplicate
1269,957,1.0,0.0,0.0,1.0,0.92,merge,exact_hash_block_near_duplicate
476,915,1.0,0.0,0.0,1.0,0.92,merge,exact_hash_block_near_duplicate
1633,476,1.0,0.0,0.0,1.0,0.92,merge,exact_hash_block_near_duplicate
1633,915,1.0,0.0,0.0,1.0,0.92,merge,exact_hash_block_near_duplicate
1785,212,1.0,0.0,0.0,1.0,0.92,merge,exact_hash_block_near_duplicate
221,323,1.0,0.0,0.0,1.0,0.92,merge,exact_hash_block_near_duplicate
1205,374,1.0,0.0,0.0,1.0,0.92,merge,exact_hash_block_near_duplicate
190,662,1.0,0.0,0.0,1.0,0.92,merge,exact_hash_block_near_duplicate
662,843,1.0,0.0,0.0,1.0,0.92,merge,exact_hash_block_near_duplicate
190,843,1.0,0.0,0.0,1.0,0.92,merge,exact_hash_block_near_duplicate
1895,918,1.0,0.0,0.0,1.0,0.92,merge,exact_hash_block_near_duplicate
1895,507,1.0,0.0,0.0,1.0,0.92,merge,exact_hash_block_near_duplicate
507,918,1.0,0.0,0.0,1.0,0.92,merge,exact_hash_block_near_duplicate
114,1146,1.0,1.0,1.0,1.0,0.92,merge,exact_hash_block_near_duplicate
1146,1326,1.0,0.0,0.0,1.0,0.92,merge,exact_hash_block_near_duplicate
114,1326,1.0,0.0,0.0,1.0,0.92,merge,exact_hash_block_near_duplicate
1050,1162,1.0,0.0,0.0,1.0,0.92,merge,exact_hash_block_near_duplicate
172,1876,1.0,0.0,0.0,1.0,0.92,merge,exact_hash_block_near_duplicate
1656,443,1.0,0.0,0.0,1.0,0.92,merge,exact_hash_block_near_duplicate
1555,1656,1.0,0.0,0.0,1.0,0.92,merge,exact_hash_block_near_duplicate
1555,443,1.0,0.0,0.0,1.0,0.92,merge,exact_hash_block_near_duplicate
276,46,1.0,0.0,0.0,1.0,0.92,merge,exact_hash_block_near_duplicate
1721,276,1.0,0.0,0.0,1.0,0.92,merge,exact_hash_block_near_duplicate
1721,46,1.0,0.0,0.0,1.0,0.92,merge,exact_hash_block_near_duplicate
263,39,1.0,0.0,0.0,1.0,0.92,merge,exact_hash_block_near_duplicate
257,39,1.0,0.0,0.0,1.0,0.92,merge,exact_hash_block_near_duplicate
1074,39,1.0,0.0,0.0,1.0,0.92,merge,exact_hash_block_near_duplicate
1525,39,1.0,0.0,0.0,1.0,0.92,merge,exact_hash_block_near_duplicate
1791,39,1.0,0.0,0.0,1.0,0.92,merge,exact_hash_block_near_duplicate
39,631,1.0,0.0,0.0,1.0,0.92,merge,exact_hash_block_near_duplicate
39,96,1.0,0.0,0.0,1.0,0.92,merge,exact_hash_block_near_duplicate
257,263,1.0,0.0,0.0,1.0,0.92,merge,exact_hash_block_near_duplicate
1074,263,1.0,0.0,0.0,1.0,0.92,merge,exact_hash_block_near_duplicate
1525,263,1.0,0.0,0.0,1.0,0.92,merge,exact_hash_block_near_duplicate
1791,263,1.0,0.0,0.0,1.0,0.92,merge,exact_hash_block_near_duplicate
263,631,1.0,0.0,0.0,1.0,0.92,merge,exact_hash_block_near_duplicate
263,96,1.0,0.0,0.0,1.0,0.92,merge,exact_hash_block_near_duplicate
1074,257,1.0,0.0,0.0,1.0,0.92,merge,exact_hash_block_near_duplicate
1525,257,1.0,0.0,0.0,1.0,0.92,merge,exact_hash_block_near_duplicate
1791,257,1.0,0.0,0.0,1.0,0.92,merge,exact_hash_block_near_duplicate
257,631,1.0,0.0,0.0,1.0,0.92,merge,exact_hash_block_near_duplicate
257,96,1.0,0.0,0.0,1.0,0.92,merge,exact_hash_block_near_duplicate
1074,1525,1.0,0.0,0.0,1.0,0.92,merge,exact_hash_block_near_duplicate
1074,1791,1.0,0.0,0.0,1.0,0.92,merge,exact_hash_block_near_duplicate
1074,631,1.0,0.0,0.0,1.0,0.92,merge,exact_hash_block_near_duplicate
1074,96,1.0,0.0,0.0,1.0,0.92,merge,exact_hash_block_near_duplicate
1525,1791,1.0,0.0,0.0,1.0,0.92,merge,exact_hash_block_near_duplicate
1525,631,1.0,0.0,0.0,1.0,0.92,merge,exact_hash_block_near_duplicate
1525,96,1.0,0.0,0.0,1.0,0.92,merge,exact_hash_block_near_duplicate
1791,631,1.0,0.0,0.0,1.0,0.92,merge,exact_hash_block_near_duplicate
1791,96,1.0,0.0,0.0,1.0,0.92,merge,exact_hash_block_near_duplicate
631,96,1.0,0.0,0.0,1.0,0.92,merge,exact_hash_block_near_duplicate
1143,249,1.0,0.0,0.0,1.0,0.92,merge,exact_hash_block_near_duplicate
1793,249,1.0,0.0,0.0,1.0,0.92,merge,exact_hash_block_near_duplicate
1152,249,1.0,0.0,0.0,1.0,0.92,merge,exact_hash_block_near_duplicate
249,284,1.0,0.0,0.0,1.0,0.92,merge,exact_hash_block_near_duplicate
1143,1793,1.0,0.0,0.0,1.0,0.92,merge,exact_hash_block_near_duplicate
1143,1152,1.0,0.0,0.0,1.0,0.92,merge,exact_hash_block_near_duplicate
1143,284,1.0,0.0,0.0,1.0,0.92,merge,exact_hash_block_near_duplicate
1152,1793,1.0,0.0,0.0,1.0,0.92,merge,exact_hash_block_near_duplicate
1793,284,1.0,0.0,0.0,1.0,0.92,merge,exact_hash_block_near_duplicate
1152,284,1.0,0.0,0.0,1.0,0.92,merge,exact_hash_block_near_duplicate
445,998,1.0,0.0,0.0,1.0,0.92,merge,exact_hash_block_near_duplicate
1037,998,1.0,0.0,0.0,1.0,0.92,merge,exact_hash_block_near_duplicate
1645,998,1.0,0.0,0.0,1.0,0.92,merge,exact_hash_block_near_duplicate
1037,445,1.0,0.0,0.0,1.0,0.92,merge,exact_hash_block_near_duplicate
1645,445,1.0,0.0,0.0,1.0,0.92,merge,exact_hash_block_near_duplicate
1037,1645,1.0,0.0,0.0,1.0,0.92,merge,exact_hash_block_near_duplicate
1128,1512,1.0,0.0,0.0,1.0,0.92,merge,exact_hash_block_near_duplicate
1512,848,1.0,0.0,0.0,1.0,0.92,merge,exact_hash_block_near_duplicate
1128,848,1.0,0.0,0.0,1.0,0.92,merge,exact_hash_block_near_duplicate
1024,1627,1.0,0.0,0.0,1.0,0.92,merge,exact_hash_block_near_duplicate
1627,1897,1.0,0.0,0.0,1.0,0.92,merge,exact_hash_block_near_duplicate
1627,1798,1.0,0.0,0.0,1.0,0.92,merge,exact_hash_block_near_duplicate
1024,1897,1.0,0.0,0.0,1.0,0.92,merge,exact_hash_block_near_duplicate
1024,1798,1.0,0.0,0.0,1.0,0.92,merge,exact_hash_block_near_duplicate
1798,1897,1.0,0.0,0.0,1.0,0.92,merge,exact_hash_block_near_duplicate
1468,953,1.0,0.0,0.0,1.0,0.92,merge,exact_hash_block_near_duplicate
1599,953,1.0,0.0,0.0,1.0,0.92,merge,exact_hash_block_near_duplicate
1479,953,1.0,0.0,0.0,1.0,0.92,merge,exact_hash_block_near_duplicate
127,953,1.0,0.0,0.0,1.0,0.92,merge,exact_hash_block_near_duplicate
1468,1599,1.0,0.0,0.0,1.0,0.92,merge,exact_hash_block_near_duplicate
1468,1479,1.0,0.0,0.0,1.0,0.92,merge,exact_hash_block_near_duplicate
127,1468,1.0,0.0,0.0,1.0,0.92,merge,exact_hash_block_near_duplicate
1479,1599,1.0,0.0,0.0,1.0,0.92,merge,exact_hash_block_near_duplicate
127,1599,1.0,0.0,0.0,1.0,0.92,merge,exact_hash_block_near_duplicate
127,1479,1.0,0.0,0.0,1.0,0.92,merge,exact_hash_block_near_duplicate
1443,175,1.0,0.0,0.0,1.0,0.92,merge,exact_hash_block_near_duplicate
1079,1339,1.0,0.0,0.0,1.0,0.92,merge,exact_hash_block_near_duplicate
1339,559,1.0,0.0,0.0,1.0,0.92,merge,exact_hash_block_near_duplicate
1339,1797,1.0,0.0,0.0,1.0,0.92,merge,exact_hash_block_near_duplicate
1079,559,1.0,0.0,0.0,1.0,0.92,merge,exact_hash_block_near_duplicate
1079,1797,1.0,0.0,0.0,1.0,0.92,merge,exact_hash_block_near_duplicate
1797,559,1.0,0.0,0.0,1.0,0.92,merge,exact_hash_block_near_duplicate
1359,50,1.0,0.0,0.0,1.0,0.92,merge,exact_hash_block_near_duplicate
353,50,1.0,0.0,0.0,1.0,0.92,merge,exact_hash_block_near_duplicate
50,515,1.0,0.0,0.0,1.0,0.92,merge,exact_hash_block_near_duplicate
1167,50,1.0,0.0,0.0,1.0,0.92,merge,exact_hash_block_near_duplicate
1828,50,1.0,0.0,0.0,1.0,0.92,merge,exact_hash_block_near_duplicate
1672,50,1.0,0.0,0.0,1.0,0.92,merge,exact_hash_block_near_duplicate
50,965,1.0,0.0,0.0,1.0,0.92,merge,exact_hash_block_near_duplicate
1359,353,1.0,0.0,0.0,1.0,0.92,merge,exact_hash_block_near_duplicate
1359,515,1.0,0.0,0.0,1.0,0.92,merge,exact_hash_block_near_duplicate
1167,1359,1.0,0.0,0.0,1.0,0.92,merge,exact_hash_block_near_duplicate
1359,1828,1.0,0.0,0.0,1.0,0.92,merge,exact_hash_block_near_duplicate
1359,1672,1.0,0.0,0.0,1.0,0.92,merge,exact_hash_block_near_duplicate
1359,965,1.0,0.0,0.0,1.0,0.92,merge,exact_hash_block_near_duplicate
353,515,1.0,0.0,0.0,1.0,0.92,merge,exact_hash_block_near_duplicate
1167,353,1.0,0.0,0.0,1.0,0.92,merge,exact_hash_block_near_duplicate
1828,353,1.0,0.0,0.0,1.0,0.92,merge,exact_hash_block_near_duplicate
1672,353,1.0,0.0,0.0,1.0,0.92,merge,exact_hash_block_near_duplicate
353,965,1.0,0.0,0.0,1.0,0.92,merge,exact_hash_block_near_duplicate
1167,515,1.0,0.0,0.0,1.0,0.92,merge,exact_hash_block_near_duplicate
1828,515,1.0,0.0,0.0,1.0,0.92,merge,exact_hash_block_near_duplicate
1672,515,1.0,0.0,0.0,1.0,0.92,merge,exact_hash_block_near_duplicate
515,965,1.0,0.0,0.0,1.0,0.92,merge,exact_hash_block_near_duplicate
1167,1828,1.0,0.0,0.0,1.0,0.92,merge,exact_hash_block_near_duplicate
1167,1672,1.0,0.0,0.0,1.0,0.92,merge,exact_hash_block_near_duplicate
1167,965,1.0,0.0,0.0,1.0,0.92,merge,exact_hash_block_near_duplicate
1672,1828,1.0,0.0,0.0,1.0,0.92,merge,exact_hash_block_near_duplicate
1828,965,1.0,0.0,0.0,1.0,0.92,merge,exact_hash_block_near_duplicate
1672,965,1.0,0.0,0.0,1.0,0.92,merge,exact_hash_block_near_duplicate
1744,394,1.0,0.0,0.0,1.0,0.92,merge,exact_hash_block_near_duplicate
1375,394,1.0,0.0,0.0,1.0,0.92,merge,exact_hash_block_near_duplicate
342,394,1.0,0.0,0.0,1.0,0.92,merge,exact_hash_block_near_duplicate
1375,1744,1.0,0.0,0.0,1.0,0.92,merge,exact_hash_block_near_duplicate
1744,342,1.0,0.0,0.0,1.0,0.92,merge,exact_hash_block_near_duplicate
1375,342,1.0,0.0,0.0,1.0,0.92,merge,exact_hash_block_near_duplicate
1761,832,1.0,0.0,0.0,1.0,0.92,merge,exact_hash_block_near_duplicate
153,832,1.0,0.0,0.0,1.0,0.92,merge,exact_hash_block_near_duplicate
153,1761,1.0,0.0,0.0,1.0,0.92,merge,exact_hash_block_near_duplicate
1008,1737,1.0,0.0,0.0,1.0,0.92,merge,exact_hash_block_near_duplicate
505,579,1.0,0.0,0.0,1.0,0.92,merge,exact_hash_block_near_duplicate
1006,505,1.0,0.0,0.0,1.0,0.92,merge,exact_hash_block_near_duplicate
1865,505,1.0,0.0,0.0,1.0,0.92,merge,exact_hash_block_near_duplicate
1803,505,1.0,0.0,0.0,1.0,0.92,merge,exact_hash_block_near_duplicate
1006,579,1.0,0.0,0.0,1.0,0.92,merge,exact_hash_block_near_duplicate
1865,579,1.0,0.0,0.0,1.0,0.92,merge,exact_hash_block_near_duplicate
1803,579,1.0,0.0,0.0,1.0,0.92,merge,exact_hash_block_near_duplicate
1006,1865,1.0,0.0,0.0,1.0,0.92,merge,exact_hash_block_near_duplicate
1006,1803,1.0,0.0,0.0,1.0,0.92,merge,exact_hash_block_near_duplicate
1803,1865,1.0,0.0,0.0,1.0,0.92,merge,exact_hash_block_near_duplicate
1864,1879,1.0,0.0,0.0,1.0,0.92,merge,exact_hash_block_near_duplicate
1864,800,1.0,0.0,0.0,1.0,0.92,merge,exact_hash_block_near_duplicate
1864,565,1.0,0.0,0.0,1.0,0.92,merge,exact_hash_block_near_duplicate
1753,1864,1.0,0.0,0.0,1.0,0.92,merge,exact_hash_block_near_duplicate
1299,1864,1.0,0.0,0.0,1.0,0.92,merge,exact_hash_block_near_duplicate
1879,800,1.0,0.0,0.0,1.0,0.92,merge,exact_hash_block_near_duplicate
1879,565,1.0,0.0,0.0,1.0,0.92,merge,exact_hash_block_near_duplicate
1753,1879,1.0,0.0,0.0,1.0,0.92,merge,exact_hash_block_near_duplicate
1299,1879,1.0,0.0,0.0,1.0,0.92,merge,exact_hash_block_near_duplicate
565,800,1.0,0.0,0.0,1.0,0.92,merge,exact_hash_block_near_duplicate
1753,800,1.0,0.0,0.0,1.0,0.92,merge,exact_hash_block_near_duplicate
1299,800,1.0,0.0,0.0,1.0,0.92,merge,exact_hash_block_near_duplicate
1753,565,1.0,0.0,0.0,1.0,0.92,merge,exact_hash_block_near_duplicate
1299,565,1.0,0.0,0.0,1.0,0.92,merge,exact_hash_block_near_duplicate
1299,1753,1.0,0.0,0.0,1.0,0.92,merge,exact_hash_block_near_duplicate
1191,1362,1.0,0.0,0.0,1.0,0.92,merge,exact_hash_block_near_duplicate
1077,1191,1.0,0.0,0.0,1.0,0.92,merge,exact_hash_block_near_duplicate
1191,1671,1.0,0.0,0.0,1.0,0.92,merge,exact_hash_block_near_duplicate
1060,1191,1.0,0.0,0.0,1.0,0.92,merge,exact_hash_block_near_duplicate
1077,1362,1.0,0.0,0.0,1.0,0.92,merge,exact_hash_block_near_duplicate
1362,1671,1.0,0.0,0.0,1.0,0.92,merge,exact_hash_block_near_duplicate
1060,1362,1.0,0.0,0.0,1.0,0.92,merge,exact_hash_block_near_duplicate
1077,1671,1.0,0.0,0.0,1.0,0.92,merge,exact_hash_block_near_duplicate
1060,1077,1.0,0.0,0.0,1.0,0.92,merge,exact_hash_block_near_duplicate
1060,1671,1.0,0.0,0.0,1.0,0.92,merge,exact_hash_block_near_duplicate
1881,38,1.0,0.0,0.0,1.0,0.92,merge,exact_hash_block_near_duplicate
1245,38,1.0,0.0,0.0,1.0,0.92,merge,exact_hash_block_near_duplicate
38,615,1.0,0.0,0.0,1.0,0.92,merge,exact_hash_block_near_duplicate
1245,1881,1.0,0.0,0.0,1.0,0.92,merge,exact_hash_block_near_duplicate
1881,615,1.0,0.0,0.0,1.0,0.92,merge,exact_hash_block_near_duplicate
1245,615,1.0,0.0,0.0,1.0,0.92,merge,exact_hash_block_near_duplicate
1705,388,1.0,0.0,0.0,1.0,0.92,merge,exact_hash_block_near_duplicate
183,388,1.0,0.0,0.0,1.0,0.92,merge,exact_hash_block_near_duplicate
388,473,1.0,0.0,0.0,1.0,0.92,merge,exact_hash_block_near_duplicate
1272,388,1.0,0.0,0.0,1.0,0.92,merge,exact_hash_block_near_duplicate
1705,183,1.0,0.0,0.0,1.0,0.92,merge,exact_hash_block_near_duplicate
1705,473,1.0,0.0,0.0,1.0,0.92,merge,exact_hash_block_near_duplicate
1272,1705,1.0,0.0,0.0,1.0,0.92,merge,exact_hash_block_near_duplicate
183,473,1.0,0.0,0.0,1.0,0.92,merge,exact_hash_block_near_duplicate
1272,183,1.0,0.0,0.0,1.0,0.92,merge,exact_hash_block_near_duplicate
1272,473,1.0,0.0,0.0,1.0,0.92,merge,exact_hash_block_near_duplicate
1502,454,1.0,0.0,0.0,1.0,0.92,merge,exact_hash_block_near_duplicate
1198,454,1.0,0.0,0.0,1.0,0.92,merge,exact_hash_block_near_duplicate
1345,454,1.0,0.0,0.0,1.0,0.92,merge,exact_hash_block_near_duplicate
454,567,1.0,0.0,0.0,1.0,0.92,merge,exact_hash_block_near_duplicate
1198,1502,1.0,0.0,0.0,1.0,0.92,merge,exact_hash_block_near_duplicate
1345,1502,1.0,0.0,0.0,1.0,0.92,merge,exact_hash_block_near_duplicate
1502,567,1.0,0.0,0.0,1.0,0.92,merge,exact_hash_block_near_duplicate
1198,1345,1.0,0.0,0.0,1.0,0.92,merge,exact_hash_block_near_duplicate
1198,567,1.0,0.0,0.0,1.0,0.92,merge,exact_hash_block_near_duplicate
1345,567,1.0,1.0,1.0,1.0,0.92,merge,exact_hash_block_near_duplicate
1543,82,1.0,0.0,0.0,1.0,0.92,merge,exact_hash_block_near_duplicate
1686,82,1.0,0.0,0.0,1.0,0.92,merge,exact_hash_block_near_duplicate
640,82,1.0,0.0,0.0,1.0,0.92,merge,exact_hash_block_near_duplicate
1496,82,1.0,0.0,0.0,1.0,0.92,merge,exact_hash_block_near_duplicate
179,82,1.0,0.0,0.0,1.0,0.92,merge,exact_hash_block_near_duplicate
1543,1686,1.0,0.0,0.0,1.0,0.92,merge,exact_hash_block_near_duplicate
1543,640,1.0,0.0,0.0,1.0,0.92,merge,exact_hash_block_near_duplicate
1496,1543,1.0,0.0,0.0,1.0,0.92,merge,exact_hash_block_near_duplicate
1543,179,1.0,0.0,0.0,1.0,0.92,merge,exact_hash_block_near_duplicate
1686,640,1.0,0.0,0.0,1.0,0.92,merge,exact_hash_block_near_duplicate
1496,1686,1.0,0.0,0.0,1.0,0.92,merge,exact_hash_block_near_duplicate
1686,179,1.0,0.0,0.0,1.0,0.92,merge,exact_hash_block_near_duplicate
1496,640,1.0,0.0,0.0,1.0,0.92,merge,exact_hash_block_near_duplicate
179,640,1.0,0.0,0.0,1.0,0.92,merge,exact_hash_block_near_duplicate
1496,179,1.0,0.0,0.0,1.0,0.92,merge,exact_hash_block_near_duplicate
1190,25,1.0,0.0,0.0,1.0,0.92,merge,exact_hash_block_near_duplicate
1509,25,1.0,0.0,0.0,1.0,0.92,merge,exact_hash_block_near_duplicate
25,451,1.0,0.0,0.0,1.0,0.92,merge,exact_hash_block_near_duplicate
25,983,1.0,0.0,0.0,1.0,0.92,merge,exact_hash_block_near_duplicate
1190,1509,1.0,0.0,0.0,1.0,0.92,merge,exact_hash_block_near_duplicate
1190,451,1.0,0.0,0.0,1.0,0.92,merge,exact_hash_block_near_duplicate
1190,983,1.0,0.0,0.0,1.0,0.92,merge,exact_hash_block_near_duplicate
1509,451,1.0,0.0,0.0,1.0,0.92,merge,exact_hash_block_near_duplicate
1509,983,1.0,0.0,0.0,1.0,0.92,merge,exact_hash_block_near_duplicate
451,983,1.0,0.0,0.0,1.0,0.92,merge,exact_hash_block_near_duplicate
1243,73,1.0,0.0,0.0,1.0,0.92,merge,exact_hash_block_near_duplicate
69,73,1.0,0.0,0.0,1.0,0.92,merge,exact_hash_block_near_duplicate
1736,73,1.0,0.0,0.0,1.0,0.92,merge,exact_hash_block_near_duplicate
1747,73,1.0,0.0,0.0,1.0,0.92,merge,exact_hash_block_near_duplicate
1266,73,1.0,0.0,0.0,1.0,0.92,merge,exact_hash_block_near_duplicate
73,799,1.0,0.0,0.0,1.0,0.92,merge,exact_hash_block_near_duplicate
1243,69,1.0,0.0,0.0,1.0,0.92,merge,exact_hash_block_near_duplicate
1243,1736,1.0,0.0,0.0,1.0,0.92,merge,exact_hash_block_near_duplicate
1243,1747,1.0,0.0,0.0,1.0,0.92,merge,exact_hash_block_near_duplicate
1243,1266,1.0,0.0,0.0,1.0,0.92,merge,exact_hash_block_near_duplicate
1243,799,1.0,0.0,0.0,1.0,0.92,merge,exact_hash_block_near_duplicate
1736,69,1.0,0.0,0.0,1.0,0.92,merge,exact_hash_block_near_duplicate
1747,69,1.0,0.0,0.0,1.0,0.92,merge,exact_hash_block_near_duplicate
1266,69,1.0,0.0,0.0,1.0,0.92,merge,exact_hash_block_near_duplicate
69,799,1.0,0.0,0.0,1.0,0.92,merge,exact_hash_block_near_duplicate
1736,1747,1.0,0.0,0.0,1.0,0.92,merge,exact_hash_block_near_duplicate
1266,1736,1.0,0.0,0.0,1.0,0.92,merge,exact_hash_block_near_duplicate
1736,799,1.0,0.0,0.0,1.0,0.92,merge,exact_hash_block_near_duplicate
1266,1747,1.0,0.0,0.0,1.0,0.92,merge,exact_hash_block_near_duplicate
1747,799,1.0,0.0,0.0,1.0,0.92,merge,exact_hash_block_near_duplicate
1266,799,1.0,0.0,0.0,1.0,0.92,merge,exact_hash_block_near_duplicate
1887,506,1.0,0.0,0.0,1.0,0.92,merge,exact_hash_block_near_duplicate
1161,1887,1.0,0.0,0.0,1.0,0.92,merge,exact_hash_block_near_duplicate
1161,506,1.0,0.0,0.0,1.0,0.92,merge,exact_hash_block_near_duplicate
87,981,1.0,0.0,0.0,1.0,0.92,merge,exact_hash_block_near_duplicate
798,981,1.0,0.0,0.0,1.0,0.92,merge,exact_hash_block_near_duplicate
1354,981,1.0,0.0,0.0,1.0,0.92,merge,exact_hash_block_near_duplicate
220,981,1.0,0.0,0.0,1.0,0.92,merge,exact_hash_block_near_duplicate
1813,981,1.0,0.0,0.0,1.0,0.92,merge,exact_hash_block_near_duplicate
1799,981,1.0,0.0,0.0,1.0,0.92,merge,exact_hash_block_near_duplicate
757,981,1.0,0.0,0.0,1.0,0.92,merge,exact_hash_block_near_duplicate
798,87,1.0,0.0,0.0,1.0,0.92,merge,exact_hash_block_near_duplicate
1354,87,1.0,0.0,0.0,1.0,0.92,merge,exact_hash_block_near_duplicate
220,87,1.0,0.0,0.0,1.0,0.92,merge,exact_hash_block_near_duplicate
1813,87,1.0,0.0,0.0,1.0,0.92,merge,exact_hash_block_near_duplicate
1799,87,1.0,0.0,0.0,1.0,0.92,merge,exact_hash_block_near_duplicate
757,87,1.0,0.0,0.0,1.0,0.92,merge,exact_hash_block_near_duplicate
1354,798,1.0,0.0,0.0,1.0,0.92,merge,exact_hash_block_near_duplicate
220,798,1.0,0.0,0.0,1.0,0.92,merge,exact_hash_block_near_duplicate
1813,798,1.0,0.0,0.0,1.0,0.92,merge,exact_hash_block_near_duplicate
1799,798,1.0,0.0,0.0,1.0,0.92,merge,exact_hash_block_near_duplicate
757,798,1.0,0.0,0.0,1.0,0.92,merge,exact_hash_block_near_duplicate
1354,220,1.0,0.0,0.0,1.0,0.92,merge,exact_hash_block_near_duplicate
1354,1813,1.0,0.0,0.0,1.0,0.92,merge,exact_hash_block_near_duplicate
1354,1799,1.0,0.0,0.0,1.0,0.92,merge,exact_hash_block_near_duplicate
1354,757,1.0,0.0,0.0,1.0,0.92,merge,exact_hash_block_near_duplicate
1813,220,1.0,0.0,0.0,1.0,0.92,merge,exact_hash_block_near_duplicate
1799,220,1.0,0.0,0.0,1.0,0.92,merge,exact_hash_block_near_duplicate
220,757,1.0,0.0,0.0,1.0,0.92,merge,exact_hash_block_near_duplicate
1799,1813,1.0,0.0,0.0,1.0,0.92,merge,exact_hash_block_near_duplicate
1813,757,1.0,0.0,0.0,1.0,0.92,merge,exact_hash_block_near_duplicate
1799,757,1.0,0.0,0.0,1.0,0.92,merge,exact_hash_block_near_duplicate
1513,234,1.0,0.0,0.0,1.0,0.92,merge,exact_hash_block_near_duplicate
1630,1707,1.0,0.0,0.0,1.0,0.92,merge,exact_hash_block_near_duplicate
1707,70,1.0,0.0,0.0,1.0,0.92,merge,exact_hash_block_near_duplicate
1630,70,1.0,0.0,0.0,1.0,0.92,merge,exact_hash_block_near_duplicate
1103,1534,1.0,0.0,0.0,1.0,0.92,merge,exact_hash_block_near_duplicate
1103,1341,1.0,0.0,0.0,1.0,0.92,merge,exact_hash_block_near_duplicate
1103,806,1.0,0.0,0.0,1.0,0.92,merge,exact_hash_block_near_duplicate
1103,1172,1.0,0.0,0.0,1.0,0.92,merge,exact_hash_block_near_duplicate
1103,239,1.0,0.0,0.0,1.0,0.92,merge,exact_hash_block_near_duplicate
1341,1534,1.0,0.0,0.0,1.0,0.92,merge,exact_hash_block_near_duplicate
1534,806,1.0,0.0,0.0,1.0,0.92,merge,exact_hash_block_near_duplicate
1172,1534,1.0,0.0,0.0,1.0,0.92,merge,exact_hash_block_near_duplicate
1534,239,1.0,0.0,0.0,1.0,0.92,merge,exact_hash_block_near_duplicate
1341,806,1.0,0.0,0.0,1.0,0.92,merge,exact_hash_block_near_duplicate
1172,1341,1.0,0.0,0.0,1.0,0.92,merge,exact_hash_block_near_duplicate
1341,239,1.0,0.0,0.0,1.0,0.92,merge,exact_hash_block_near_duplicate
1172,806,1.0,0.0,0.0,1.0,0.92,merge,exact_hash_block_near_duplicate
239,806,1.0,0.0,0.0,1.0,0.92,merge,exact_hash_block_near_duplicate
1172,239,1.0,0.0,0.0,1.0,0.92,merge,exact_hash_block_near_duplicate
486,55,1.0,0.0,0.0,1.0,0.92,merge,exact_hash_block_near_duplicate
275,55,1.0,0.0,0.0,1.0,0.92,merge,exact_hash_block_near_duplicate
1105,55,1.0,0.0,0.0,1.0,0.92,merge,exact_hash_block_near_duplicate
275,486,1.0,0.0,0.0,1.0,0.92,merge,exact_hash_block_near_duplicate
1105,486,1.0,0.0,0.0,1.0,0.92,merge,exact_hash_block_near_duplicate
1105,275,1.0,0.0,0.0,1.0,0.92,merge,exact_hash_block_near_duplicate
1823,1880,1.0,0.0,0.0,1.0,0.92,merge,exact_hash_block_near_duplicate
1378,1823,1.0,0.0,0.0,1.0,0.92,merge,exact_hash_block_near_duplicate
1823,88,1.0,0.0,0.0,1.0,0.92,merge,exact_hash_block_near_duplicate
1823,268,1.0,0.0,0.0,1.0,0.92,merge,exact_hash_block_near_duplicate
1378,1880,1.0,0.0,0.0,1.0,0.92,merge,exact_hash_block_near_duplicate
1880,88,1.0,0.0,0.0,1.0,0.92,merge,exact_hash_block_near_duplicate
1880,268,1.0,0.0,0.0,1.0,0.92,merge,exact_hash_block_near_duplicate
1378,88,1.0,0.0,0.0,1.0,0.92,merge,exact_hash_block_near_duplicate
1378,268,1.0,0.0,0.0,1.0,0.92,merge,exact_hash_block_near_duplicate
268,88,1.0,0.0,0.0,1.0,0.92,merge,exact_hash_block_near_duplicate
1562,280,1.0,0.0,0.0,1.0,0.92,merge,exact_hash_block_near_duplicate
1250,1562,1.0,0.0,0.0,1.0,0.92,merge,exact_hash_block_near_duplicate
1250,280,1.0,0.0,0.0,1.0,0.92,merge,exact_hash_block_near_duplicate
1174,871,1.0,0.0,0.0,1.0,0.92,merge,exact_hash_block_near_duplicate
1174,210,1.0,0.0,0.0,1.0,0.92,merge,exact_hash_block_near_duplicate
1174,42,1.0,0.0,0.0,1.0,0.92,merge,exact_hash_block_near_duplicate
1174,1882,1.0,0.0,0.0,1.0,0.92,merge,exact_hash_block_near_duplicate
210,871,1.0,0.0,0.0,1.0,0.92,merge,exact_hash_block_near_duplicate
42,871,1.0,0.0,0.0,1.0,0.92,merge,exact_hash_block_near_duplicate
1882,871,1.0,0.0,0.0,1.0,0.92,merge,exact_hash_block_near_duplicate
210,42,1.0,0.0,0.0,1.0,0.92,merge,exact_hash_block_near_duplicate
1882,210,1.0,0.0,0.0,1.0,0.92,merge,exact_hash_block_near_duplicate
1882,42,1.0,0.0,0.0,1.0,0.92,merge,exact_hash_block_near_duplicate
1064,497,1.0,0.0,0.0,1.0,0.92,merge,exact_hash_block_near_duplicate
1754,497,1.0,0.0,0.0,1.0,0.92,merge,exact_hash_block_near_duplicate
1486,497,1.0,0.0,0.0,1.0,0.92,merge,exact_hash_block_near_duplicate
1064,1754,1.0,0.0,0.0,1.0,0.92,merge,exact_hash_block_near_duplicate
1064,1486,1.0,0.0,0.0,1.0,0.92,merge,exact_hash_block_near_duplicate
1486,1754,1.0,0.0,0.0,1.0,0.92,merge,exact_hash_block_near_duplicate
1451,951,1.0,0.0,0.0,1.0,0.92,merge,exact_hash_block_near_duplicate
1405,951,1.0,0.0,0.0,1.0,0.92,merge,exact_hash_block_near_duplicate
1874,951,1.0,0.0,0.0,1.0,0.92,merge,exact_hash_block_near_duplicate
1297,951,1.0,0.0,0.0,1.0,0.92,merge,exact_hash_block_near_duplicate
1405,1451,1.0,0.0,0.0,1.0,0.92,merge,exact_hash_block_near_duplicate
1451,1874,1.0,0.0,0.0,1.0,0.92,merge,exact_hash_block_near_duplicate
1297,1451,1.0,0.0,0.0,1.0,0.92,merge,exact_hash_block_near_duplicate
1405,1874,1.0,0.0,0.0,1.0,0.92,merge,exact_hash_block_near_duplicate
1297,1405,1.0,0.0,0.0,1.0,0.92,merge,exact_hash_block_near_duplicate
1297,1874,1.0,0.0,0.0,1.0,0.92,merge,exact_hash_block_near_duplicate
1812,544,1.0,0.0,0.0,1.0,0.92,merge,exact_hash_block_near_duplicate
1368,1812,1.0,0.0,0.0,1.0,0.92,merge,exact_hash_block_near_duplicate
1812,682,1.0,0.0,0.0,1.0,0.92,merge,exact_hash_block_near_duplicate
140,1812,1.0,0.0,0.0,1.0,0.92,merge,exact_hash_block_near_duplicate
1812,329,1.0,0.0,0.0,1.0,0.92,merge,exact_hash_block_near_duplicate
1368,544,1.0,0.0,0.0,1.0,0.92,merge,exact_hash_block_near_duplicate
544,682,1.0,0.0,0.0,1.0,0.92,merge,exact_hash_block_near_duplicate
140,544,1.0,0.0,0.0,1.0,0.92,merge,exact_hash_block_near_duplicate
329,544,1.0,0.0,0.0,1.0,0.92,merge,exact_hash_block_near_duplicate
1368,682,1.0,0.0,0.0,1.0,0.92,merge,exact_hash_block_near_duplicate
1368,140,1.0,0.0,0.0,1.0,0.92,merge,exact_hash_block_near_duplicate
1368,329,1.0,0.0,0.0,1.0,0.92,merge,exact_hash_block_near_duplicate
140,682,1.0,0.0,0.0,1.0,0.92,merge,exact_hash_block_near_duplicate
329,682,1.0,0.0,0.0,1.0,0.92,merge,exact_hash_block_near_duplicate
140,329,1.0,0.0,0.0,1.0,0.92,merge,exact_hash_block_near_duplicate
1295,68,1.0,0.0,0.0,1.0,0.92,merge,exact_hash_block_near_duplicate
68,914,1.0,0.0,0.0,1.0,0.92,merge,exact_hash_block_near_duplicate
1685,68,1.0,0.0,0.0,1.0,0.92,merge,exact_hash_block_near_duplicate
400,68,1.0,0.0,0.0,1.0,0.92,merge,exact_hash_block_near_duplicate
1295,914,1.0,0.0,0.0,1.0,0.92,merge,exact_hash_block_near_duplicate
1295,1685,1.0,0.0,0.0,1.0,0.92,merge,exact_hash_block_near_duplicate
1295,400,1.0,0.0,0.0,1.0,0.92,merge,exact_hash_block_near_duplicate
1685,914,1.0,0.0,0.0,1.0,0.92,merge,exact_hash_block_near_duplicate
400,914,1.0,0.0,0.0,1.0,0.92,merge,exact_hash_block_near_duplicate
1685,400,1.0,0.0,0.0,1.0,0.92,merge,exact_hash_block_near_duplicate
1462,279,1.0,0.0,0.0,1.0,0.92,merge,exact_hash_block_near_duplicate
1374,279,1.0,0.0,0.0,1.0,0.92,merge,exact_hash_block_near_duplicate
1374,1462,1.0,0.0,0.0,1.0,0.92,merge,exact_hash_block_near_duplicate
1668,1805,1.0,0.0,0.0,1.0,0.92,merge,exact_hash_block_near_duplicate
1666,1827,1.0,0.0,0.0,1.0,0.92,merge,exact_hash_block_near_duplicate
1478,313,1.0,0.0,0.0,1.0,0.92,merge,exact_hash_block_near_duplicate
1478,1776,1.0,0.0,0.0,1.0,0.92,merge,exact_hash_block_near_duplicate
1776,313,1.0,0.0,0.0,1.0,0.92,merge,exact_hash_block_near_duplicate
1491,730,1.0,0.0,0.0,1.0,0.92,merge,exact_hash_block_near_duplicate
730,962,1.0,0.0,0.0,1.0,0.92,merge,exact_hash_block_near_duplicate
1788,730,1.0,0.0,0.0,1.0,0.92,merge,exact_hash_block_near_duplicate
1527,730,1.0,0.0,0.0,1.0,0.92,merge,exact_hash_block_near_duplicate
34,730,1.0,0.0,0.0,1.0,0.92,merge,exact_hash_block_near_duplicate
1491,962,1.0,0.0,0.0,1.0,0.92,merge,exact_hash_block_near_duplicate
1491,1788,1.0,0.0,0.0,1.0,0.92,merge,exact_hash_block_near_duplicate
1491,1527,1.0,0.0,0.0,1.0,0.92,merge,exact_hash_block_near_duplicate
1491,34,1.0,0.0,0.0,1.0,0.92,merge,exact_hash_block_near_duplicate
1788,962,1.0,0.0,0.0,1.0,0.92,merge,exact_hash_block_near_duplicate
1527,962,1.0,0.0,0.0,1.0,0.92,merge,exact_hash_block_near_duplicate
34,962,1.0,0.0,0.0,1.0,0.92,merge,exact_hash_block_near_duplicate
1527,1788,1.0,0.0,0.0,1.0,0.92,merge,exact_hash_block_near_duplicate
1788,34,1.0,0.0,0.0,1.0,0.92,merge,exact_hash_block_near_duplicate
1527,34,1.0,0.0,0.0,1.0,0.92,merge,exact_hash_block_near_duplicate
1621,424,1.0,0.0,0.0,1.0,0.92,merge,exact_hash_block_near_duplicate
424,649,1.0,0.0,0.0,1.0,0.92,merge,exact_hash_block_near_duplicate
1492,424,1.0,0.0,0.0,1.0,0.92,merge,exact_hash_block_near_duplicate
1621,649,1.0,0.0,0.0,1.0,0.92,merge,exact_hash_block_near_duplicate
1492,1621,1.0,1.0,1.0,1.0,0.92,merge,exact_hash_block_near_duplicate
1492,649,1.0,0.0,0.0,1.0,0.92,merge,exact_hash_block_near_duplicate
1384,1567,1.0,1.0,1.0,1.0,0.92,merge,exact_hash_block_near_duplicate
1015,1384,1.0,0.0,0.0,1.0,0.92,merge,exact_hash_block_near_duplicate
1384,1526,1.0,1.0,1.0,1.0,0.92,merge,exact_hash_block_near_duplicate
1015,1567,1.0,0.0,0.0,1.0,0.92,merge,exact_hash_block_near_duplicate
1526,1567,1.0,1.0,1.0,1.0,0.92,merge,exact_hash_block_near_duplicate
1015,1526,1.0,0.0,0.0,1.0,0.92,merge,exact_hash_block_near_duplicate
1692,928,1.0,0.0,0.0,1.0,0.92,merge,exact_hash_block_near_duplicate
1692,281,1.0,0.0,0.0,1.0,0.92,merge,exact_hash_block_near_duplicate
281,928,1.0,0.0,0.0,1.0,0.92,merge,exact_hash_block_near_duplicate
176,79,1.0,0.0,0.0,1.0,0.92,merge,exact_hash_block_near_duplicate
1033,176,1.0,0.0,0.0,1.0,0.92,merge,exact_hash_block_near_duplicate
1033,79,1.0,0.0,0.0,1.0,0.92,merge,exact_hash_block_near_duplicate
1399,845,1.0,0.0,0.0,1.0,0.92,merge,exact_hash_block_near_duplicate
1399,384,1.0,0.0,0.0,1.0,0.92,merge,exact_hash_block_near_duplicate
1399,980,1.0,0.0,0.0,1.0,0.92,merge,exact_hash_block_near_duplicate
1399,861,1.0,0.0,0.0,1.0,0.92,merge,exact_hash_block_near_duplicate
384,845,1.0,0.0,0.0,1.0,0.92,merge,exact_hash_block_near_duplicate
845,980,1.0,0.0,0.0,1.0,0.92,merge,exact_hash_block_near_duplicate
845,861,1.0,0.0,0.0,1.0,0.92,merge,exact_hash_block_near_duplicate
384,980,1.0,0.0,0.0,1.0,0.92,merge,exact_hash_block_near_duplicate
384,861,1.0,0.0,0.0,1.0,0.92,merge,exact_hash_block_near_duplicate
861,980,1.0,0.0,0.0,1.0,0.92,merge,exact_hash_block_near_duplicate
1240,1350,1.0,0.0,0.0,1.0,0.92,merge,exact_hash_block_near_duplicate
1240,1684,1.0,0.0,0.0,1.0,0.92,merge,exact_hash_block_near_duplicate
1240,548,1.0,0.0,0.0,1.0,0.92,merge,exact_hash_block_near_duplicate
1099,1240,1.0,0.0,0.0,1.0,0.92,merge,exact_hash_block_near_duplicate
1350,1684,1.0,0.0,0.0,1.0,0.92,merge,exact_hash_block_near_duplicate
1350,548,1.0,0.0,0.0,1.0,0.92,merge,exact_hash_block_near_duplicate
1099,1350,1.0,0.0,0.0,1.0,0.92,merge,exact_hash_block_near_duplicate
1684,548,1.0,0.0,0.0,1.0,0.92,merge,exact_hash_block_near_duplicate
1099,1684,1.0,0.0,0.0,1.0,0.92,merge,exact_hash_block_near_duplicate
1099,548,1.0,0.0,0.0,1.0,0.92,merge,exact_hash_block_near_duplicate
1418,697,1.0,0.0,0.0,1.0,0.92,merge,exact_hash_block_near_duplicate
1418,1561,1.0,0.0,0.0,1.0,0.92,merge,exact_hash_block_near_duplicate
1216,1418,1.0,0.0,0.0,1.0,0.92,merge,exact_hash_block_near_duplicate
1561,697,1.0,0.0,0.0,1.0,0.92,merge,exact_hash_block_near_duplicate
1216,697,1.0,0.0,0.0,1.0,0.92,merge,exact_hash_block_near_duplicate
1216,1561,1.0,0.0,0.0,1.0,0.92,merge,exact_hash_block_near_duplicate
413,502,1.0,0.0,0.0,1.0,0.92,merge,exact_hash_block_near_duplicate
1200,413,1.0,0.0,0.0,1.0,0.92,merge,exact_hash_block_near_duplicate
413,669,1.0,0.0,0.0,1.0,0.92,merge,exact_hash_block_near_duplicate
1775,413,1.0,0.0,0.0,1.0,0.92,merge,exact_hash_block_near_duplicate
1200,502,1.0,0.0,0.0,1.0,0.92,merge,exact_hash_block_near_duplicate
502,669,1.0,0.0,0.0,1.0,0.92,merge,exact_hash_block_near_duplicate
1775,502,1.0,0.0,0.0,1.0,0.92,merge,exact_hash_block_near_duplicate
1200,669,1.0,0.0,0.0,1.0,0.92,merge,exact_hash_block_near_duplicate
1200,1775,1.0,0.0,0.0,1.0,0.92,merge,exact_hash_block_near_duplicate
1775,669,1.0,0.0,0.0,1.0,0.92,merge,exact_hash_block_near_duplicate
269,941,1.0,0.0,0.0,1.0,0.92,merge,exact_hash_block_near_duplicate
269,383,1.0,0.0,0.0,1.0,0.92,merge,exact_hash_block_near_duplicate
269,766,1.0,0.0,0.0,1.0,0.92,merge,exact_hash_block_near_duplicate
383,941,1.0,0.0,0.0,1.0,0.92,merge,exact_hash_block_near_duplicate
766,941,1.0,0.0,0.0,1.0,0.92,merge,exact_hash_block_near_duplicate
383,766,1.0,0.0,0.0,1.0,0.92,merge,exact_hash_block_near_duplicate
1657,679,1.0,0.0,0.0,1.0,0.92,merge,exact_hash_block_near_duplicate
1291,761,1.0,0.0,0.0,1.0,0.92,merge,exact_hash_block_near_duplicate
111,155,1.0,0.0,0.0,1.0,0.92,merge,exact_hash_block_near_duplicate
111,552,1.0,0.0,0.0,1.0,0.92,merge,exact_hash_block_near_duplicate
155,552,1.0,0.0,0.0,1.0,0.92,merge,exact_hash_block_near_duplicate
1258,841,1.0,0.0,0.0,1.0,0.92,merge,exact_hash_block_near_duplicate
1312,864,1.0,0.0,0.0,1.0,0.92,merge,exact_hash_block_near_duplicate
1246,1535,1.0,0.0,0.0,1.0,0.92,merge,exact_hash_block_near_duplicate
1683,412,1.0,0.0,0.0,1.0,0.92,merge,exact_hash_block_near_duplicate
1683,282,1.0,0.0,0.0,1.0,0.92,merge,exact_hash_block_near_duplicate
1214,1683,1.0,0.0,0.0,1.0,0.92,merge,exact_hash_block_near_duplicate
282,412,1.0,0.0,0.0,1.0,0.92,merge,exact_hash_block_near_duplicate
1214,412,1.0,0.0,0.0,1.0,0.92,merge,exact_hash_block_near_duplicate
1214,282,1.0,0.0,0.0,1.0,0.92,merge,exact_hash_block_near_duplicate
1360,285,1.0,0.0,0.0,1.0,0.92,merge,exact_hash_block_near_duplicate
1360,228,1.0,0.0,0.0,1.0,0.92,merge,exact_hash_block_near_duplicate
1202,1360,1.0,0.0,0.0,1.0,0.92,merge,exact_hash_block_near_duplicate
228,285,1.0,0.0,0.0,1.0,0.92,merge,exact_hash_block_near_duplicate
1202,285,1.0,0.0,0.0,1.0,0.92,merge,exact_hash_block_near_duplicate
1202,228,1.0,0.0,0.0,1.0,0.92,merge,exact_hash_block_near_duplicate
1395,1767,1.0,0.0,0.0,1.0,0.92,merge,exact_hash_block_near_duplicate
1767,432,1.0,0.0,0.0,1.0,0.92,merge,exact_hash_block_near_duplicate
1395,432,1.0,0.0,0.0,1.0,0.92,merge,exact_hash_block_near_duplicate
1637,633,1.0,0.0,0.0,1.0,0.92,merge,exact_hash_block_near_duplicate
1628,633,1.0,0.0,0.0,1.0,0.92,merge,exact_hash_block_near_duplicate
1628,1637,1.0,0.0,0.0,1.0,0.92,merge,exact_hash_block_near_duplicate
1715,886,1.0,0.0,0.0,1.0,0.92,merge,exact_hash_block_near_duplicate
163,886,1.0,0.0,0.0,1.0,0.92,merge,exact_hash_block_near_duplicate
647,886,1.0,0.0,0.0,1.0,0.92,merge,exact_hash_block_near_duplicate
1097,886,1.0,0.0,0.0,1.0,0.92,merge,exact_hash_block_near_duplicate
163,1715,1.0,0.0,0.0,1.0,0.92,merge,exact_hash_block_near_duplicate
1715,647,1.0,0.0,0.0,1.0,0.92,merge,exact_hash_block_near_duplicate
1097,1715,1.0,0.0,0.0,1.0,0.92,merge,exact_hash_block_near_duplicate
163,647,1.0,0.0,0.0,1.0,0.92,merge,exact_hash_block_near_duplicate
1097,163,1.0,0.0,0.0,1.0,0.92,merge,exact_hash_block_near_duplicate
1097,647,1.0,0.0,0.0,1.0,0.92,merge,exact_hash_block_near_duplicate
1484,685,1.0,0.0,0.0,1.0,0.92,merge,exact_hash_block_near_duplicate
1484,608,1.0,0.0,0.0,1.0,0.92,merge,exact_hash_block_near_duplicate
115,1484,1.0,0.0,0.0,1.0,0.92,merge,exact_hash_block_near_duplicate
1484,1712,1.0,0.0,0.0,1.0,0.92,merge,exact_hash_block_near_duplicate
608,685,1.0,0.0,0.0,1.0,0.92,merge,exact_hash_block_near_duplicate
115,685,1.0,0.0,0.0,1.0,0.92,merge,exact_hash_block_near_duplicate
1712,685,1.0,0.0,0.0,1.0,0.92,merge,exact_hash_block_near_duplicate
115,608,1.0,0.0,0.0,1.0,0.92,merge,exact_hash_block_near_duplicate
1712,608,1.0,0.0,0.0,1.0,0.92,merge,exact_hash_block_near_duplicate
115,1712,1.0,0.0,0.0,1.0,0.92,merge,exact_hash_block_near_duplicate
1027,1441,1.0,0.0,0.0,1.0,0.92,merge,exact_hash_block_near_duplicate
1027,1165,1.0,0.0,0.0,1.0,0.92,merge,exact_hash_block_near_duplicate
1165,1441,1.0,0.0,0.0,1.0,0.92,merge,exact_hash_block_near_duplicate
457,664,1.0,0.0,0.0,1.0,0.92,merge,exact_hash_block_near_duplicate
386,457,1.0,0.0,0.0,1.0,0.92,merge,exact_hash_block_near_duplicate
301,457,1.0,0.0,0.0,1.0,0.92,merge,exact_hash_block_near_duplicate
1120,457,1.0,0.0,0.0,1.0,0.92,merge,exact_hash_block_near_duplicate
386,664,1.0,0.0,0.0,1.0,0.92,merge,exact_hash_block_near_duplicate
301,664,1.0,0.0,0.0,1.0,0.92,merge,exact_hash_block_near_duplicate
1120,664,1.0,0.0,0.0,1.0,0.92,merge,exact_hash_block_near_duplicate
301,386,1.0,0.0,0.0,1.0,0.92,merge,exact_hash_block_near_duplicate
1120,386,1.0,0.0,0.0,1.0,0.92,merge,exact_hash_block_near_duplicate
1120,301,1.0,0.0,0.0,1.0,0.92,merge,exact_hash_block_near_duplicate
1298,509,1.0,0.0,0.0,1.0,0.92,merge,exact_hash_block_near_duplicate
1438,509,1.0,0.0,0.0,1.0,0.92,merge,exact_hash_block_near_duplicate
1423,509,1.0,0.0,0.0,1.0,0.92,merge,exact_hash_block_near_duplicate
1298,1438,1.0,0.0,0.0,1.0,0.92,merge,exact_hash_block_near_duplicate
1298,1423,1.0,0.0,0.0,1.0,0.92,merge,exact_hash_block_near_duplicate
1423,1438,1.0,0.0,0.0,1.0,0.92,merge,exact_hash_block_near_duplicate
1171,584,1.0,0.0,0.0,1.0,0.92,merge,exact_hash_block_near_duplicate
1171,1771,1.0,0.0,0.0,1.0,0.92,merge,exact_hash_block_near_duplicate
1171,566,1.0,0.0,0.0,1.0,0.92,merge,exact_hash_block_near_duplicate
1171,1751,1.0,0.0,0.0,1.0,0.92,merge,exact_hash_block_near_duplicate
1171,1474,1.0,0.0,0.0,1.0,0.92,merge,exact_hash_block_near_duplicate
1171,1324,1.0,0.0,0.0,1.0,0.92,merge,exact_hash_block_near_duplicate
1771,584,1.0,0.0,0.0,1.0,0.92,merge,exact_hash_block_near_duplicate
566,584,1.0,0.0,0.0,1.0,0.92,merge,exact_hash_block_near_duplicate
1751,584,1.0,0.0,0.0,1.0,0.92,merge,exact_hash_block_near_duplicate
1474,584,1.0,0.0,0.0,1.0,0.92,merge,exact_hash_block_near_duplicate
1324,584,1.0,0.0,0.0,1.0,0.92,merge,exact_hash_block_near_duplicate
1771,566,1.0,0.0,0.0,1.0,0.92,merge,exact_hash_block_near_duplicate
1751,1771,1.0,0.0,0.0,1.0,0.92,merge,exact_hash_block_near_duplicate
1474,1771,1.0,0.0,0.0,1.0,0.92,merge,exact_hash_block_near_duplicate
1324,1771,1.0,0.0,0.0,1.0,0.92,merge,exact_hash_block_near_duplicate
1751,566,1.0,0.0,0.0,1.0,0.92,merge,exact_hash_block_near_duplicate
1474,566,1.0,0.0,0.0,1.0,0.92,merge,exact_hash_block_near_duplicate
1324,566,1.0,0.0,0.0,1.0,0.92,merge,exact_hash_block_near_duplicate
1474,1751,1.0,0.0,0.0,1.0,0.92,merge,exact_hash_block_near_duplicate
1324,1751,1.0,0.0,0.0,1.0,0.92,merge,exact_hash_block_near_duplicate
1324,1474,1.0,0.0,0.0,1.0,0.92,merge,exact_hash_block_near_duplicate
1114,923,1.0,0.0,0.0,1.0,0.92,merge,exact_hash_block_near_duplicate
1544,1806,1.0,0.0,0.0,1.0,0.92,merge,exact_hash_block_near_duplicate
1806,950,1.0,0.0,0.0,1.0,0.92,merge,exact_hash_block_near_duplicate
1305,1806,1.0,0.0,0.0,1.0,0.92,merge,exact_hash_block_near_duplicate
1424,1806,1.0,0.0,0.0,1.0,0.92,merge,exact_hash_block_near_duplicate
1544,950,1.0,0.0,0.0,1.0,0.92,merge,exact_hash_block_near_duplicate
1305,1544,1.0,0.0,0.0,1.0,0.92,merge,exact_hash_block_near_duplicate
1424,1544,1.0,0.0,0.0,1.0,0.92,merge,exact_hash_block_near_duplicate
1305,950,1.0,0.0,0.0,1.0,0.92,merge,exact_hash_block_near_duplicate
1424,950,1.0,0.0,0.0,1.0,0.92,merge,exact_hash_block_near_duplicate
1305,1424,1.0,0.0,0.0,1.0,0.92,merge,exact_hash_block_near_duplicate
1450,1814,1.0,0.0,0.0,1.0,0.92,merge,exact_hash_block_near_duplicate
1400,1814,1.0,0.0,0.0,1.0,0.92,merge,exact_hash_block_near_duplicate
1814,792,1.0,0.0,0.0,1.0,0.92,merge,exact_hash_block_near_duplicate
1814,745,1.0,0.0,0.0,1.0,0.92,merge,exact_hash_block_near_duplicate
1723,1814,1.0,0.0,0.0,1.0,0.92,merge,exact_hash_block_near_duplicate
1400,1450,1.0,0.0,0.0,1.0,0.92,merge,exact_hash_block_near_duplicate
1450,792,1.0,0.0,0.0,1.0,0.92,merge,exact_hash_block_near_duplicate
1450,745,1.0,0.0,0.0,1.0,0.92,merge,exact_hash_block_near_duplicate
1450,1723,1.0,0.0,0.0,1.0,0.92,merge,exact_hash_block_near_duplicate
1400,792,1.0,0.0,0.0,1.0,0.92,merge,exact_hash_block_near_duplicate
1400,745,1.0,0.0,0.0,1.0,0.92,merge,exact_hash_block_near_duplicate
1400,1723,1.0,0.0,0.0,1.0,0.92,merge,exact_hash_block_near_duplicate
745,792,1.0,0.0,0.0,1.0,0.92,merge,exact_hash_block_near_duplicate
1723,792,1.0,0.0,0.0,1.0,0.92,merge,exact_hash_block_near_duplicate
1723,745,1.0,0.0,0.0,1.0,0.92,merge,exact_hash_block_near_duplicate
252,835,1.0,0.0,0.0,1.0,0.92,merge,exact_hash_block_near_duplicate
1553,252,1.0,0.0,0.0,1.0,0.92,merge,exact_hash_block_near_duplicate
252,30,1.0,0.0,0.0,1.0,0.92,merge,exact_hash_block_near_duplicate
1124,252,1.0,0.0,0.0,1.0,0.92,merge,exact_hash_block_near_duplicate
177,252,1.0,0.0,0.0,1.0,0.92,merge,exact_hash_block_near_duplicate
1740,252,1.0,0.0,0.0,1.0,0.92,merge,exact_hash_block_near_duplicate
1122,252,1.0,0.0,0.0,1.0,0.92,merge,exact_hash_block_near_duplicate
252,308,1.0,0.0,0.0,1.0,0.92,merge,exact_hash_block_near_duplicate
1553,835,1.0,0.0,0.0,1.0,0.92,merge,exact_hash_block_near_duplicate
30,835,1.0,0.0,0.0,1.0,0.92,merge,exact_hash_block_near_duplicate
1124,835,1.0,0.0,0.0,1.0,0.92,merge,exact_hash_block_near_duplicate
177,835,1.0,0.0,0.0,1.0,0.92,merge,exact_hash_block_near_duplicate
1740,835,1.0,0.0,0.0,1.0,0.92,merge,exact_hash_block_near_duplicate
1122,835,1.0,0.0,0.0,1.0,0.92,merge,exact_hash_block_near_duplicate
308,835,1.0,0.0,0.0,1.0,0.92,merge,exact_hash_block_near_duplicate
1553,30,1.0,0.0,0.0,1.0,0.92,merge,exact_hash_block_near_duplicate
1124,1553,1.0,0.0,0.0,1.0,0.92,merge,exact_hash_block_near_duplicate
1553,177,1.0,0.0,0.0,1.0,0.92,merge,exact_hash_block_near_duplicate
1553,1740,1.0,0.0,0.0,1.0,0.92,merge,exact_hash_block_near_duplicate
1122,1553,1.0,0.0,0.0,1.0,0.92,merge,exact_hash_block_near_duplicate
1553,308,1.0,0.0,0.0,1.0,0.92,merge,exact_hash_block_near_duplicate
1124,30,1.0,0.0,0.0,1.0,0.92,merge,exact_hash_block_near_duplicate
177,30,1.0,0.0,0.0,1.0,0.92,merge,exact_hash_block_near_duplicate
1740,30,1.0,0.0,0.0,1.0,0.92,merge,exact_hash_block_near_duplicate
1122,30,1.0,0.0,0.0,1.0,0.92,merge,exact_hash_block_near_duplicate
30,308,1.0,0.0,0.0,1.0,0.92,merge,exact_hash_block_near_duplicate
1124,177,1.0,0.0,0.0,1.0,0.92,merge,exact_hash_block_near_duplicate
1124,1740,1.0,0.0,0.0,1.0,0.92,merge,exact_hash_block_near_duplicate
1122,1124,1.0,0.0,0.0,1.0,0.92,merge,exact_hash_block_near_duplicate
1124,308,1.0,0.0,0.0,1.0,0.92,merge,exact_hash_block_near_duplicate
1740,177,1.0,0.0,0.0,1.0,0.92,merge,exact_hash_block_near_duplicate
1122,177,1.0,0.0,0.0,1.0,0.92,merge,exact_hash_block_near_duplicate
177,308,1.0,0.0,0.0,1.0,0.92,merge,exact_hash_block_near_duplicate
1122,1740,1.0,0.0,0.0,1.0,0.92,merge,exact_hash_block_near_duplicate
1740,308,1.0,0.0,0.0,1.0,0.92,merge,exact_hash_block_near_duplicate
1122,308,1.0,0.0,0.0,1.0,0.92,merge,exact_hash_block_near_duplicate
1857,265,1.0,0.0,0.0,1.0,0.92,merge,exact_hash_block_near_duplicate
1021,462,1.0,0.0,0.0,1.0,0.92,merge,exact_hash_block_near_duplicate
152,462,1.0,0.0,0.0,1.0,0.92,merge,exact_hash_block_near_duplicate
1858,462,1.0,0.0,0.0,1.0,0.92,merge,exact_hash_block_near_duplicate
267,462,1.0,0.0,0.0,1.0,0.92,merge,exact_hash_block_near_duplicate
462,499,1.0,0.0,0.0,1.0,0.92,merge,exact_hash_block_near_duplicate
29,462,1.0,0.0,0.0,1.0,0.92,merge,exact_hash_block_near_duplicate
462,612,1.0,0.0,0.0,1.0,0.92,merge,exact_hash_block_near_duplicate
1021,152,1.0,0.0,0.0,1.0,0.92,merge,exact_hash_block_near_duplicate
1021,1858,1.0,0.0,0.0,1.0,0.92,merge,exact_hash_block_near_duplicate
1021,267,1.0,0.0,0.0,1.0,0.92,merge,exact_hash_block_near_duplicate
1021,499,1.0,0.0,0.0,1.0,0.92,merge,exact_hash_block_near_duplicate
1021,29,1.0,0.0,0.0,1.0,0.92,merge,exact_hash_block_near_duplicate
1021,612,1.0,0.0,0.0,1.0,0.92,merge,exact_hash_block_near_duplicate
152,1858,1.0,0.0,0.0,1.0,0.92,merge,exact_hash_block_near_duplicate
152,267,1.0,0.0,0.0,1.0,0.92,merge,exact_hash_block_near_duplicate
152,499,1.0,0.0,0.0,1.0,0.92,merge,exact_hash_block_near_duplicate
152,29,1.0,0.0,0.0,1.0,0.92,merge,exact_hash_block_near_duplicate
152,612,1.0,0.0,0.0,1.0,0.92,merge,exact_hash_block_near_duplicate
1858,267,1.0,0.0,0.0,1.0,0.92,merge,exact_hash_block_near_duplicate
1858,499,1.0,0.0,0.0,1.0,0.92,merge,exact_hash_block_near_duplicate
1858,29,1.0,0.0,0.0,1.0,0.92,merge,exact_hash_block_near_duplicate
1858,612,1.0,0.0,0.0,1.0,0.92,merge,exact_hash_block_near_duplicate
267,499,1.0,0.0,0.0,1.0,0.92,merge,exact_hash_block_near_duplicate
267,29,1.0,0.0,0.0,1.0,0.92,merge,exact_hash_block_near_duplicate
267,612,1.0,0.0,0.0,1.0,0.92,merge,exact_hash_block_near_duplicate
29,499,1.0,0.0,0.0,1.0,0.92,merge,exact_hash_block_near_duplicate
499,612,1.0,0.0,0.0,1.0,0.92,merge,exact_hash_block_near_duplicate
29,612,1.0,0.0,0.0,1.0,0.92,merge,exact_hash_block_near_duplicate
1476,1655,1.0,0.0,0.0,1.0,0.92,merge,exact_hash_block_near_duplicate
1477,1655,1.0,0.0,0.0,1.0,0.92,merge,exact_hash_block_near_duplicate
1182,1655,1.0,0.0,0.0,1.0,0.92,merge,exact_hash_block_near_duplicate
1476,1477,1.0,0.0,0.0,1.0,0.92,merge,exact_hash_block_near_duplicate
1182,1476,1.0,0.0,0.0,1.0,0.92,merge,exact_hash_block_near_duplicate
1182,1477,1.0,0.0,0.0,1.0,0.92,merge,exact_hash_block_near_duplicate
467,527,1.0,0.0,0.0,1.0,0.92,merge,exact_hash_block_near_duplicate
126,527,1.0,0.0,0.0,1.0,0.92,merge,exact_hash_block_near_duplicate
305,527,1.0,0.0,0.0,1.0,0.92,merge,exact_hash_block_near_duplicate
527,782,1.0,0.0,0.0,1.0,0.92,merge,exact_hash_block_near_duplicate
527,818,1.0,0.0,0.0,1.0,0.92,merge,exact_hash_block_near_duplicate
472,527,1.0,1.0,1.0,1.0,0.92,merge,exact_hash_block_near_duplicate
126,467,1.0,0.0,0.0,1.0,0.92,merge,exact_hash_block_near_duplicate
305,467,1.0,0.0,0.0,1.0,0.92,merge,exact_hash_block_near_duplicate
467,782,1.0,0.0,0.0,1.0,0.92,merge,exact_hash_block_near_duplicate
467,818,1.0,0.0,0.0,1.0,0.92,merge,exact_hash_block_near_duplicate
467,472,1.0,0.0,0.0,1.0,0.92,merge,exact_hash_block_near_duplicate
126,305,1.0,0.0,0.0,1.0,0.92,merge,exact_hash_block_near_duplicate
126,782,1.0,0.0,0.0,1.0,0.92,merge,exact_hash_block_near_duplicate
126,818,1.0,0.0,0.0,1.0,0.92,merge,exact_hash_block_near_duplicate
126,472,1.0,0.0,0.0,1.0,0.92,merge,exact_hash_block_near_duplicate
305,782,1.0,0.0,0.0,1.0,0.92,merge,exact_hash_block_near_duplicate
305,818,1.0,0.0,0.0,1.0,0.92,merge,exact_hash_block_near_duplicate
305,472,1.0,0.0,0.0,1.0,0.92,merge,exact_hash_block_near_duplicate
782,818,1.0,0.0,0.0,1.0,0.92,merge,exact_hash_block_near_duplicate
472,782,1.0,0.0,0.0,1.0,0.92,merge,exact_hash_block_near_duplicate
472,818,1.0,0.0,0.0,1.0,0.92,merge,exact_hash_block_near_duplicate
1138,1752,1.0,0.0,0.0,1.0,0.92,merge,exact_hash_block_near_duplicate
1022,1752,1.0,0.0,0.0,1.0,0.92,merge,exact_hash_block_near_duplicate
1752,1900,1.0,0.0,0.0,1.0,0.92,merge,exact_hash_block_near_duplicate
1022,1138,1.0,0.0,0.0,1.0,0.92,merge,exact_hash_block_near_duplicate
1138,1900,1.0,0.0,0.0,1.0,0.92,merge,exact_hash_block_near_duplicate
1022,1900,1.0,0.0,0.0,1.0,0.92,merge,exact_hash_block_near_duplicate
205,80,1.0,0.0,0.0,1.0,0.92,merge,exact_hash_block_near_duplicate
65,702,1.0,0.0,0.0,1.0,0.92,merge,exact_hash_block_near_duplicate
1472,702,1.0,0.0,0.0,1.0,0.92,merge,exact_hash_block_near_duplicate
1472,65,1.0,0.0,0.0,1.0,0.92,merge,exact_hash_block_near_duplicate
1000,694,1.0,0.0,0.0,1.0,0.92,merge,exact_hash_block_near_duplicate
1227,694,1.0,0.0,0.0,1.0,0.92,merge,exact_hash_block_near_duplicate
1430,694,1.0,0.0,0.0,1.0,0.92,merge,exact_hash_block_near_duplicate
1000,1227,1.0,0.0,0.0,1.0,0.92,merge,exact_hash_block_near_duplicate
1000,1430,1.0,0.0,0.0,1.0,0.92,merge,exact_hash_block_near_duplicate
1227,1430,1.0,0.0,0.0,1.0,0.92,merge,exact_hash_block_near_duplicate
447,906,1.0,0.0,0.0,1.0,0.92,merge,exact_hash_block_near_duplicate
1086,906,1.0,0.0,0.0,1.0,0.92,merge,exact_hash_block_near_duplicate
283,906,1.0,0.0,0.0,1.0,0.92,merge,exact_hash_block_near_duplicate
36,906,1.0,0.0,0.0,1.0,0.92,merge,exact_hash_block_near_duplicate
1086,447,1.0,0.0,0.0,1.0,0.92,merge,exact_hash_block_near_duplicate
283,447,1.0,0.0,0.0,1.0,0.92,merge,exact_hash_block_near_duplicate
36,447,1.0,0.0,0.0,1.0,0.92,merge,exact_hash_block_near_duplicate
1086,283,1.0,0.0,0.0,1.0,0.92,merge,exact_hash_block_near_duplicate
1086,36,1.0,0.0,0.0,1.0,0.92,merge,exact_hash_block_near_duplicate
283,36,1.0,0.0,0.0,1.0,0.92,merge,exact_hash_block_near_duplicate
1232,704,1.0,0.0,0.0,1.0,0.92,merge,exact_hash_block_near_duplicate
1232,1777,1.0,0.0,0.0,1.0,0.92,merge,exact_hash_block_near_duplicate
1232,1262,1.0,0.0,0.0,1.0,0.92,merge,exact_hash_block_near_duplicate
1106,1232,1.0,0.0,0.0,1.0,0.92,merge,exact_hash_block_near_duplicate
1777,704,1.0,0.0,0.0,1.0,0.92,merge,exact_hash_block_near_duplicate
1262,704,1.0,0.0,0.0,1.0,0.92,merge,exact_hash_block_near_duplicate
1106,704,1.0,0.0,0.0,1.0,0.92,merge,exact_hash_block_near_duplicate
1262,1777,1.0,0.0,0.0,1.0,0.92,merge,exact_hash_block_near_duplicate
1106,1777,1.0,0.0,0.0,1.0,0.92,merge,exact_hash_block_near_duplicate
1106,1262,1.0,0.0,0.0,1.0,0.92,merge,exact_hash_block_near_duplicate
1763,92,1.0,0.0,0.0,1.0,0.92,merge,exact_hash_block_near_duplicate
1199,92,1.0,0.0,0.0,1.0,0.92,merge,exact_hash_block_near_duplicate
1199,1763,1.0,0.0,0.0,1.0,0.92,merge,exact_hash_block_near_duplicate
116,1667,1.0,0.0,0.0,1.0,0.92,merge,exact_hash_block_near_duplicate
1667,750,1.0,0.0,0.0,1.0,0.92,merge,exact_hash_block_near_duplicate
1044,1667,1.0,0.0,0.0,1.0,0.92,merge,exact_hash_block_near_duplicate
116,750,1.0,0.0,0.0,1.0,0.92,merge,exact_hash_block_near_duplicate
1044,116,1.0,0.0,0.0,1.0,0.92,merge,exact_hash_block_near_duplicate
1044,750,1.0,0.0,0.0,1.0,0.92,merge,exact_hash_block_near_duplicate
1007,1388,1.0,0.0,0.0,1.0,0.92,merge,exact_hash_block_near_duplicate
1007,1481,1.0,0.0,0.0,1.0,0.92,merge,exact_hash_block_near_duplicate
1388,1481,1.0,0.0,0.0,1.0,0.92,merge,exact_hash_block_near_duplicate
1581,441,1.0,0.0,0.0,1.0,0.92,merge,exact_hash_block_near_duplicate
1307,441,1.0,0.0,0.0,1.0,0.92,merge,exact_hash_block_near_duplicate
1307,1581,1.0,0.0,0.0,1.0,0.92,merge,exact_hash_block_near_duplicate
1589,1739,1.0,0.0,0.0,1.0,0.92,merge,exact_hash_block_near_duplicate
1311,1589,1.0,0.0,0.0,1.0,0.92,merge,exact_hash_block_near_duplicate
1311,1739,1.0,0.0,0.0,1.0,0.92,merge,exact_hash_block_near_duplicate
1317,237,1.0,0.0,0.0,1.0,0.92,merge,exact_hash_block_near_duplicate
1317,543,1.0,0.0,0.0,1.0,0.92,merge,exact_hash_block_near_duplicate
1317,1591,1.0,0.0,0.0,1.0,0.92,merge,exact_hash_block_near_duplicate
237,543,1.0,0.0,0.0,1.0,0.92,merge,exact_hash_block_near_duplicate
1591,237,1.0,0.0,0.0,1.0,0.92,merge,exact_hash_block_near_duplicate
1591,543,1.0,0.0,0.0,1.0,0.92,merge,exact_hash_block_near_duplicate
1867,765,1.0,0.0,0.0,1.0,0.92,merge,exact_hash_block_near_duplicate
1867,773,1.0,0.0,0.0,1.0,0.92,merge,exact_hash_block_near_duplicate
1867,255,1.0,0.0,0.0,1.0,0.92,merge,exact_hash_block_near_duplicate
1742,1867,1.0,0.0,0.0,1.0,0.92,merge,exact_hash_block_near_duplicate
765,773,1.0,0.0,0.0,1.0,0.92,merge,exact_hash_block_near_duplicate
255,765,1.0,0.0,0.0,1.0,0.92,merge,exact_hash_block_near_duplicate
1742,765,1.0,0.0,0.0,1.0,0.92,merge,exact_hash_block_near_duplicate
255,773,1.0,0.0,0.0,1.0,0.92,merge,exact_hash_block_near_duplicate
1742,773,1.0,0.0,0.0,1.0,0.92,merge,exact_hash_block_near_duplicate
1742,255,1.0,0.0,0.0,1.0,0.92,merge,exact_hash_block_near_duplicate
1697,865,1.0,0.0,0.0,1.0,0.92,merge,exact_hash_block_near_duplicate
1427,865,1.0,0.0,0.0,1.0,0.92,merge,exact_hash_block_near_duplicate
1539,865,1.0,0.0,0.0,1.0,0.92,merge,exact_hash_block_near_duplicate
1769,865,1.0,0.0,0.0,1.0,0.92,merge,exact_hash_block_near_duplicate
557,865,1.0,0.0,0.0,1.0,0.92,merge,exact_hash_block_near_duplicate
246,865,1.0,0.0,0.0,1.0,0.92,merge,exact_hash_block_near_duplicate
1157,865,1.0,0.0,0.0,1.0,0.92,merge,exact_hash_block_near_duplicate
1427,1697,1.0,0.0,0.0,1.0,0.92,merge,exact_hash_block_near_duplicate
1539,1697,1.0,0.0,0.0,1.0,0.92,merge,exact_hash_block_near_duplicate
1697,1769,1.0,0.0,0.0,1.0,0.92,merge,exact_hash_block_near_duplicate
1697,557,1.0,0.0,0.0,1.0,0.92,merge,exact_hash_block_near_duplicate
1697,246,1.0,0.0,0.0,1.0,0.92,merge,exact_hash_block_near_duplicate
1157,1697,1.0,0.0,0.0,1.0,0.92,merge,exact_hash_block_near_duplicate
1427,1539,1.0,0.0,0.0,1.0,0.92,merge,exact_hash_block_near_duplicate
1427,1769,1.0,0.0,0.0,1.0,0.92,merge,exact_hash_block_near_duplicate
1427,557,1.0,0.0,0.0,1.0,0.92,merge,exact_hash_block_near_duplicate
1427,246,1.0,0.0,0.0,1.0,0.92,merge,exact_hash_block_near_duplicate
1157,1427,1.0,0.0,0.0,1.0,0.92,merge,exact_hash_block_near_duplicate
1539,1769,1.0,0.0,0.0,1.0,0.92,merge,exact_hash_block_near_duplicate
1539,557,1.0,0.0,0.0,1.0,0.92,merge,exact_hash_block_near_duplicate
1539,246,1.0,0.0,0.0,1.0,0.92,merge,exact_hash_block_near_duplicate
1157,1539,1.0,0.0,0.0,1.0,0.92,merge,exact_hash_block_near_duplicate
1769,557,1.0,0.0,0.0,1.0,0.92,merge,exact_hash_block_near_duplicate
1769,246,1.0,0.0,0.0,1.0,0.92,merge,exact_hash_block_near_duplicate
1157,1769,1.0,0.0,0.0,1.0,0.92,merge,exact_hash_block_near_duplicate
246,557,1.0,0.0,0.0,1.0,0.92,merge,exact_hash_block_near_duplicate
1157,557,1.0,0.0,0.0,1.0,0.92,merge,exact_hash_block_near_duplicate
1157,246,1.0,0.0,0.0,1.0,0.92,merge,exact_hash_block_near_duplicate
1016,1404,1.0,0.0,0.0,1.0,0.92,merge,exact_hash_block_near_duplicate
1404,1505,1.0,0.0,0.0,1.0,0.92,merge,exact_hash_block_near_duplicate
1016,1505,1.0,0.0,0.0,1.0,0.92,merge,exact_hash_block_near_duplicate
578,840,1.0,0.0,0.0,1.0,0.92,merge,exact_hash_block_near_duplicate
1322,578,1.0,0.0,0.0,1.0,0.92,merge,exact_hash_block_near_duplicate
1832,578,1.0,0.0,0.0,1.0,0.92,merge,exact_hash_block_near_duplicate
1322,840,1.0,0.0,0.0,1.0,0.92,merge,exact_hash_block_near_duplicate
1832,840,1.0,0.0,0.0,1.0,0.92,merge,exact_hash_block_near_duplicate
1322,1832,1.0,0.0,0.0,1.0,0.92,merge,exact_hash_block_near_duplicate
1363,381,1.0,0.0,0.0,1.0,0.92,merge,exact_hash_block_near_duplicate
1118,1363,1.0,0.0,0.0,1.0,0.92,merge,exact_hash_block_near_duplicate
1118,381,1.0,0.0,0.0,1.0,0.92,merge,exact_hash_block_near_duplicate
1235,824,1.0,0.0,0.0,1.0,0.92,merge,exact_hash_block_near_duplicate
1756,60,1.0,0.0,0.0,1.0,0.92,merge,exact_hash_block_near_duplicate
1851,60,1.0,0.0,0.0,1.0,0.92,merge,exact_hash_block_near_duplicate
586,60,1.0,0.0,0.0,1.0,0.92,merge,exact_hash_block_near_duplicate
1565,60,1.0,0.0,0.0,1.0,0.92,merge,exact_hash_block_near_duplicate
1109,60,1.0,0.0,0.0,1.0,0.92,merge,exact_hash_block_near_duplicate
345,60,1.0,0.0,0.0,1.0,0.92,merge,exact_hash_block_near_duplicate
1756,1851,1.0,0.0,0.0,1.0,0.92,merge,exact_hash_block_near_duplicate
1756,586,1.0,0.0,0.0,1.0,0.92,merge,exact_hash_block_near_duplicate
1565,1756,1.0,0.0,0.0,1.0,0.92,merge,exact_hash_block_near_duplicate
1109,1756,1.0,0.0,0.0,1.0,0.92,merge,exact_hash_block_near_duplicate
1756,345,1.0,0.0,0.0,1.0,0.92,merge,exact_hash_block_near_duplicate
1851,586,1.0,0.0,0.0,1.0,0.92,merge,exact_hash_block_near_duplicate
1565,1851,1.0,0.0,0.0,1.0,0.92,merge,exact_hash_block_near_duplicate
1109,1851,1.0,0.0,0.0,1.0,0.92,merge,exact_hash_block_near_duplicate
1851,345,1.0,0.0,0.0,1.0,0.92,merge,exact_hash_block_near_duplicate
1565,586,1.0,0.0,0.0,1.0,0.92,merge,exact_hash_block_near_duplicate
1109,586,1.0,0.0,0.0,1.0,0.92,merge,exact_hash_block_near_duplicate
345,586,1.0,0.0,0.0,1.0,0.92,merge,exact_hash_block_near_duplicate
1109,1565,1.0,0.0,0.0,1.0,0.92,merge,exact_hash_block_near_duplicate
1565,345,1.0,0.0,0.0,1.0,0.92,merge,exact_hash_block_near_duplicate
1109,345,1.0,0.0,0.0,1.0,0.92,merge,exact_hash_block_near_duplicate
1286,233,1.0,0.0,0.0,1.0,0.92,merge,exact_hash_block_near_duplicate
1286,1453,1.0,0.0,0.0,1.0,0.92,merge,exact_hash_block_near_duplicate
1453,233,1.0,0.0,0.0,1.0,0.92,merge,exact_hash_block_near_duplicate
1650,1749,1.0,0.0,0.0,1.0,0.92,merge,exact_hash_block_near_duplicate
1738,920,1.0,0.0,0.0,1.0,0.92,merge,exact_hash_block_near_duplicate
47,920,1.0,0.0,0.0,1.0,0.92,merge,exact_hash_block_near_duplicate
1148,920,1.0,0.0,0.0,1.0,0.92,merge,exact_hash_block_near_duplicate
1854,920,1.0,0.0,0.0,1.0,0.92,merge,exact_hash_block_near_duplicate
813,920,1.0,0.0,0.0,1.0,0.92,merge,exact_hash_block_near_duplicate
642,920,1.0,0.0,0.0,1.0,0.92,merge,exact_hash_block_near_duplicate
1738,47,1.0,0.0,0.0,1.0,0.92,merge,exact_hash_block_near_duplicate
1148,1738,1.0,0.0,0.0,1.0,0.92,merge,exact_hash_block_near_duplicate
1738,1854,1.0,0.0,0.0,1.0,0.92,merge,exact_hash_block_near_duplicate
1738,813,1.0,0.0,0.0,1.0,0.92,merge,exact_hash_block_near_duplicate
1738,642,1.0,0.0,0.0,1.0,0.92,merge,exact_hash_block_near_duplicate
1148,47,1.0,0.0,0.0,1.0,0.92,merge,exact_hash_block_near_duplicate
1854,47,1.0,0.0,0.0,1.0,0.92,merge,exact_hash_block_near_duplicate
47,813,1.0,0.0,0.0,1.0,0.92,merge,exact_hash_block_near_duplicate
47,642,1.0,0.0,0.0,1.0,0.92,merge,exact_hash_block_near_duplicate
1148,1854,1.0,0.0,0.0,1.0,0.92,merge,exact_hash_block_near_duplicate
1148,813,1.0,0.0,0.0,1.0,0.92,merge,exact_hash_block_near_duplicate
1148,642,1.0,0.0,0.0,1.0,0.92,merge,exact_hash_block_near_duplicate
1854,813,1.0,0.0,0.0,1.0,0.92,merge,exact_hash_block_near_duplicate
1854,642,1.0,0.0,0.0,1.0,0.92,merge,exact_hash_block_near_duplicate
642,813,1.0,0.0,0.0,1.0,0.92,merge,exact_hash_block_near_duplicate
1818,956,1.0,0.0,0.0,1.0,0.92,merge,exact_hash_block_near_duplicate
1011,1818,1.0,0.0,0.0,1.0,0.92,merge,exact_hash_block_near_duplicate
1011,956,1.0,0.0,0.0,1.0,0.92,merge,exact_hash_block_near_duplicate
648,850,1.0,0.0,0.0,1.0,0.92,merge,exact_hash_block_near_duplicate
1536,1609,1.0,0.0,0.0,1.0,0.92,merge,exact_hash_block_near_duplicate
1609,63,1.0,0.0,0.0,1.0,0.92,merge,exact_hash_block_near_duplicate
1609,989,1.0,0.0,0.0,1.0,0.92,merge,exact_hash_block_near_duplicate
1536,63,1.0,0.0,0.0,1.0,0.92,merge,exact_hash_block_near_duplicate
1536,989,1.0,0.0,0.0,1.0,0.92,merge,exact_hash_block_near_duplicate
63,989,1.0,0.0,0.0,1.0,0.92,merge,exact_hash_block_near_duplicate
1283,1636,1.0,0.0,0.0,1.0,0.92,merge,exact_hash_block_near_duplicate
1251,24,1.0,0.0,0.0,1.0,0.92,merge,exact_hash_block_near_duplicate
1251,1518,1.0,0.0,0.0,1.0,0.92,merge,exact_hash_block_near_duplicate
1251,1595,1.0,0.0,0.0,1.0,0.92,merge,exact_hash_block_near_duplicate
1251,536,1.0,0.0,0.0,1.0,0.92,merge,exact_hash_block_near_duplicate
1518,24,1.0,0.0,0.0,1.0,0.92,merge,exact_hash_block_near_duplicate
1595,24,1.0,0.0,0.0,1.0,0.92,merge,exact_hash_block_near_duplicate
24,536,1.0,0.0,0.0,1.0,0.92,merge,exact_hash_block_near_duplicate
1518,1595,1.0,0.0,0.0,1.0,0.92,merge,exact_hash_block_near_duplicate
1518,536,1.0,0.0,0.0,1.0,0.92,merge,exact_hash_block_near_duplicate
1595,536,1.0,0.0,0.0,1.0,0.92,merge,exact_hash_block_near_duplicate
1708,286,1.0,0.0,0.0,1.0,0.92,merge,exact_hash_block_near_duplicate
1238,286,1.0,0.0,0.0,1.0,0.92,merge,exact_hash_block_near_duplicate
1212,286,1.0,0.0,0.0,1.0,0.92,merge,exact_hash_block_near_duplicate
1238,1708,1.0,0.0,0.0,1.0,0.92,merge,exact_hash_block_near_duplicate
1212,1708,1.0,0.0,0.0,1.0,0.92,merge,exact_hash_block_near_duplicate
1212,1238,1.0,0.0,0.0,1.0,0.92,merge,exact_hash_block_near_duplicate
1130,1264,1.0,0.0,0.0,1.0,0.92,merge,exact_hash_block_near_duplicate
1264,1381,1.0,0.0,0.0,1.0,0.92,merge,exact_hash_block_near_duplicate
1130,1381,1.0,1.0,1.0,1.0,0.92,merge,exact_hash_block_near_duplicate
524,940,1.0,0.0,0.0,1.0,0.92,merge,exact_hash_block_near_duplicate
391,940,1.0,0.0,0.0,1.0,0.92,merge,exact_hash_block_near_duplicate
1634,940,1.0,0.0,0.0,1.0,0.92,merge,exact_hash_block_near_duplicate
391,524,1.0,0.0,0.0,1.0,0.92,merge,exact_hash_block_near_duplicate
1634,524,1.0,0.0,0.0,1.0,0.92,merge,exact_hash_block_near_duplicate
1634,391,1.0,0.0,0.0,1.0,0.92,merge,exact_hash_block_near_duplicate
1361,1551,1.0,0.0,0.0,1.0,0.92,merge,exact_hash_block_near_duplicate
1066,611,1.0,0.0,0.0,1.0,0.92,merge,exact_hash_block_near_duplicate
1066,958,1.0,0.0,0.0,1.0,0.92,merge,exact_hash_block_near_duplicate
1066,796,1.0,0.0,0.0,1.0,0.92,merge,exact_hash_block_near_duplicate
1066,49,1.0,0.0,0.0,1.0,0.92,merge,exact_hash_block_near_duplicate
611,958,1.0,0.0,0.0,1.0,0.92,merge,exact_hash_block_near_duplicate
611,796,1.0,0.0,0.0,1.0,0.92,merge,exact_hash_block_near_duplicate
49,611,1.0,0.0,0.0,1.0,0.92,merge,exact_hash_block_near_duplicate
796,958,1.0,0.0,0.0,1.0,0.92,merge,exact_hash_block_near_duplicate
49,958,1.0,0.0,0.0,1.0,0.92,merge,exact_hash_block_near_duplicate
49,796,1.0,0.0,0.0,1.0,0.92,merge,exact_hash_block_near_duplicate
157,1600,1.0,0.0,0.0,1.0,0.92,merge,exact_hash_block_near_duplicate
1001,157,1.0,0.0,0.0,1.0,0.92,merge,exact_hash_block_near_duplicate
1001,1600,1.0,0.0,0.0,1.0,0.92,merge,exact_hash_block_near_duplicate
1795,28,1.0,0.0,0.0,1.0,0.92,merge,exact_hash_block_near_duplicate
1004,1795,1.0,0.0,0.0,1.0,0.92,merge,exact_hash_block_near_duplicate
1473,1795,1.0,0.0,0.0,1.0,0.92,merge,exact_hash_block_near_duplicate
1795,752,1.0,0.0,0.0,1.0,0.92,merge,exact_hash_block_near_duplicate
1004,28,1.0,0.0,0.0,1.0,0.92,merge,exact_hash_block_near_duplicate
1473,28,1.0,0.0,0.0,1.0,0.92,merge,exact_hash_block_near_duplicate
28,752,1.0,0.0,0.0,1.0,0.92,merge,exact_hash_block_near_duplicate
1004,1473,1.0,0.0,0.0,1.0,0.92,merge,exact_hash_block_near_duplicate
1004,752,1.0,0.0,0.0,1.0,0.92,merge,exact_hash_block_near_duplicate
1473,752,1.0,0.0,0.0,1.0,0.92,merge,exact_hash_block_near_duplicate
1728,231,1.0,0.0,0.0,1.0,0.92,merge,exact_hash_block_near_duplicate
1523,1728,1.0,0.0,0.0,1.0,0.92,merge,exact_hash_block_near_duplicate
1082,1728,1.0,0.0,0.0,1.0,0.92,merge,exact_hash_block_near_duplicate
1523,231,1.0,0.0,0.0,1.0,0.92,merge,exact_hash_block_near_duplicate
1082,231,1.0,0.0,0.0,1.0,0.92,merge,exact_hash_block_near_duplicate
1082,1523,1.0,0.0,0.0,1.0,0.92,merge,exact_hash_block_near_duplicate
389,717,1.0,0.0,0.0,1.0,0.92,merge,exact_hash_block_near_duplicate
200,717,1.0,0.0,0.0,1.0,0.92,merge,exact_hash_block_near_duplicate
200,389,1.0,0.0,0.0,1.0,0.92,merge,exact_hash_block_near_duplicate
1318,596,1.0,0.0,0.0,1.0,0.92,merge,exact_hash_block_near_duplicate
596,988,1.0,0.0,0.0,1.0,0.92,merge,exact_hash_block_near_duplicate
27,596,1.0,0.0,0.0,1.0,0.92,merge,exact_hash_block_near_duplicate
1577,596,1.0,0.0,0.0,1.0,0.92,merge,exact_hash_block_near_duplicate
1318,988,1.0,0.0,0.0,1.0,0.92,merge,exact_hash_block_near_duplicate
1318,27,1.0,0.0,0.0,1.0,0.92,merge,exact_hash_block_near_duplicate
1318,1577,1.0,0.0,0.0,1.0,0.92,merge,exact_hash_block_near_duplicate
27,988,1.0,0.0,0.0,1.0,0.92,merge,exact_hash_block_near_duplicate
1577,988,1.0,0.0,0.0,1.0,0.92,merge,exact_hash_block_near_duplicate
1577,27,1.0,0.0,0.0,1.0,0.92,merge,exact_hash_block_near_duplicate
753,913,1.0,0.0,0.0,1.0,0.92,merge,exact_hash_block_near_duplicate
1547,913,1.0,0.0,0.0,1.0,0.92,merge,exact_hash_block_near_duplicate
1725,913,1.0,0.0,0.0,1.0,0.92,merge,exact_hash_block_near_duplicate
1547,753,1.0,0.0,0.0,1.0,0.92,merge,exact_hash_block_near_duplicate
1725,753,1.0,0.0,0.0,1.0,0.92,merge,exact_hash_block_near_duplicate
1547,1725,1.0,0.0,0.0,1.0,0.92,merge,exact_hash_block_near_duplicate
1482,1612,1.0,0.0,0.0,1.0,0.92,merge,exact_hash_block_near_duplicate
1612,851,1.0,0.0,0.0,1.0,0.92,merge,exact_hash_block_near_duplicate
1068,1612,1.0,0.0,0.0,1.0,0.92,merge,exact_hash_block_near_duplicate
1612,969,1.0,0.0,0.0,1.0,0.92,merge,exact_hash_block_near_duplicate
1482,851,1.0,0.0,0.0,1.0,0.92,merge,exact_hash_block_near_duplicate
1068,1482,1.0,0.0,0.0,1.0,0.92,merge,exact_hash_block_near_duplicate
1482,969,1.0,0.0,0.0,1.0,0.92,merge,exact_hash_block_near_duplicate
1068,851,1.0,0.0,0.0,1.0,0.92,merge,exact_hash_block_near_duplicate
851,969,1.0,0.0,0.0,1.0,0.92,merge,exact_hash_block_near_duplicate
1068,969,1.0,0.0,0.0,1.0,0.92,merge,exact_hash_block_near_duplicate
626,862,1.0,0.0,0.0,1.0,0.92,merge,exact_hash_block_near_duplicate
1700,862,1.0,0.0,0.0,1.0,0.92,merge,exact_hash_block_near_duplicate
1789,862,1.0,0.0,0.0,1.0,0.92,merge,exact_hash_block_near_duplicate
1700,626,1.0,0.0,0.0,1.0,0.92,merge,exact_hash_block_near_duplicate
1789,626,1.0,0.0,0.0,1.0,0.92,merge,exact_hash_block_near_duplicate
1700,1789,1.0,0.0,0.0,1.0,0.92,merge,exact_hash_block_near_duplicate
1409,912,1.0,0.0,0.0,1.0,0.92,merge,exact_hash_block_near_duplicate
1409,1447,1.0,0.0,0.0,1.0,0.92,merge,exact_hash_block_near_duplicate
1447,912,1.0,0.0,0.0,1.0,0.92,merge,exact_hash_block_near_duplicate
464,959,1.0,0.0,0.0,1.0,0.92,merge,exact_hash_block_near_duplicate
444,959,1.0,0.0,0.0,1.0,0.92,merge,exact_hash_block_near_duplicate
359,959,1.0,0.0,0.0,1.0,0.92,merge,exact_hash_block_near_duplicate
1057,959,1.0,0.0,0.0,1.0,0.92,merge,exact_hash_block_near_duplicate
1085,959,1.0,0.0,0.0,1.0,0.92,merge,exact_hash_block_near_duplicate
1437,959,1.0,0.0,0.0,1.0,0.92,merge,exact_hash_block_near_duplicate
444,464,1.0,0.0,0.0,1.0,0.92,merge,exact_hash_block_near_duplicate
359,464,1.0,1.0,1.0,1.0,0.92,merge,exact_hash_block_near_duplicate
1057,464,1.0,0.0,0.0,1.0,0.92,merge,exact_hash_block_near_duplicate
1085,464,1.0,0.0,0.0,1.0,0.92,merge,exact_hash_block_near_duplicate
1437,464,1.0,0.0,0.0,1.0,0.92,merge,exact_hash_block_near_duplicate
359,444,1.0,0.0,0.0,1.0,0.92,merge,exact_hash_block_near_duplicate
1057,444,1.0,0.0,0.0,1.0,0.92,merge,exact_hash_block_near_duplicate
1085,444,1.0,0.0,0.0,1.0,0.92,merge,exact_hash_block_near_duplicate
1437,444,1.0,0.0,0.0,1.0,0.92,merge,exact_hash_block_near_duplicate
1057,359,1.0,0.0,0.0,1.0,0.92,merge,exact_hash_block_near_duplicate
1085,359,1.0,0.0,0.0,1.0,0.92,merge,exact_hash_block_near_duplicate
1437,359,1.0,0.0,0.0,1.0,0.92,merge,exact_hash_block_near_duplicate
1057,1085,1.0,0.0,0.0,1.0,0.92,merge,exact_hash_block_near_duplicate
1057,1437,1.0,0.0,0.0,1.0,0.92,merge,exact_hash_block_near_duplicate
1085,1437,1.0,0.0,0.0,1.0,0.92,merge,exact_hash_block_near_duplicate
204,814,1.0,0.0,0.0,1.0,0.92,merge,exact_hash_block_near_duplicate
419,814,1.0,0.0,0.0,1.0,0.92,merge,exact_hash_block_near_duplicate
767,814,1.0,0.0,0.0,1.0,0.92,merge,exact_hash_block_near_duplicate
204,419,1.0,0.0,0.0,1.0,0.92,merge,exact_hash_block_near_duplicate
204,767,1.0,0.0,0.0,1.0,0.92,merge,exact_hash_block_near_duplicate
419,767,1.0,0.0,0.0,1.0,0.92,merge,exact_hash_block_near_duplicate
829,952,1.0,0.0,0.0,1.0,0.92,merge,exact_hash_block_near_duplicate
1442,829,1.0,0.0,0.0,1.0,0.92,merge,exact_hash_block_near_duplicate
364,829,1.0,0.0,0.0,1.0,0.92,merge,exact_hash_block_near_duplicate
1442,952,1.0,0.0,0.0,1.0,0.92,merge,exact_hash_block_near_duplicate
364,952,1.0,0.0,0.0,1.0,0.92,merge,exact_hash_block_near_duplicate
1442,364,1.0,0.0,0.0,1.0,0.92,merge,exact_hash_block_near_duplicate
1133,723,1.0,0.0,0.0,1.0,0.92,merge,exact_hash_block_near_duplicate
1133,1431,1.0,0.0,0.0,1.0,0.92,merge,exact_hash_block_near_duplicate
1133,1665,1.0,0.0,0.0,1.0,0.92,merge,exact_hash_block_near_duplicate
1431,723,1.0,0.0,0.0,1.0,0.92,merge,exact_hash_block_near_duplicate
1665,723,1.0,0.0,0.0,1.0,0.92,merge,exact_hash_block_near_duplicate
1431,1665,1.0,0.0,0.0,1.0,0.92,merge,exact_hash_block_near_duplicate
141,1764,1.0,0.0,0.0,1.0,0.92,merge,exact_hash_block_near_duplicate
141,1833,1.0,0.0,0.0,1.0,0.92,merge,exact_hash_block_near_duplicate
1764,1833,1.0,1.0,1.0,1.0,0.92,merge,exact_hash_block_near_duplicate
1808,772,1.0,0.0,0.0,1.0,0.92,merge,exact_hash_block_near_duplicate
156,242,1.0,0.0,0.0,1.0,0.92,merge,exact_hash_block_near_duplicate
1498,156,1.0,0.0,0.0,1.0,0.92,merge,exact_hash_block_near_duplicate
1498,242,1.0,0.0,0.0,1.0,0.92,merge,exact_hash_block_near_duplicate
1681,431,1.0,0.0,0.0,1.0,0.92,merge,exact_hash_block_near_duplicate
1185,431,1.0,0.0,0.0,1.0,0.92,merge,exact_hash_block_near_duplicate
1284,431,1.0,0.0,0.0,1.0,0.92,merge,exact_hash_block_near_duplicate
1792,431,1.0,0.0,0.0,1.0,0.92,merge,exact_hash_block_near_duplicate
1185,1681,1.0,0.0,0.0,1.0,0.92,merge,exact_hash_block_near_duplicate
1284,1681,1.0,0.0,0.0,1.0,0.92,merge,exact_hash_block_near_duplicate
1681,1792,1.0,0.0,0.0,1.0,0.92,merge,exact_hash_block_near_duplicate
1185,1284,1.0,0.0,0.0,1.0,0.92,merge,exact_hash_block_near_duplicate
1185,1792,1.0,0.0,0.0,1.0,0.92,merge,exact_hash_block_near_duplicate
1284,1792,1.0,0.0,0.0,1.0,0.92,merge,exact_hash_block_near_duplicate
657,905,1.0,0.0,0.0,1.0,0.92,merge,exact_hash_block_near_duplicate
905,937,1.0,0.0,0.0,1.0,0.92,merge,exact_hash_block_near_duplicate
434,905,1.0,0.0,0.0,1.0,0.92,merge,exact_hash_block_near_duplicate
1830,905,1.0,0.0,0.0,1.0,0.92,merge,exact_hash_block_near_duplicate
657,937,1.0,0.0,0.0,1.0,0.92,merge,exact_hash_block_near_duplicate
434,657,1.0,0.0,0.0,1.0,0.92,merge,exact_hash_block_near_duplicate
1830,657,1.0,0.0,0.0,1.0,0.92,merge,exact_hash_block_near_duplicate
434,937,1.0,0.0,0.0,1.0,0.92,merge,exact_hash_block_near_duplicate
1830,937,1.0,0.0,0.0,1.0,0.92,merge,exact_hash_block_near_duplicate
1830,434,1.0,0.0,0.0,1.0,0.92,merge,exact_hash_block_near_duplicate
1087,85,1.0,0.0,0.0,1.0,0.92,merge,exact_hash_block_near_duplicate
1461,85,1.0,0.0,0.0,1.0,0.92,merge,exact_hash_block_near_duplicate
1690,85,1.0,0.0,0.0,1.0,0.92,merge,exact_hash_block_near_duplicate
1087,1461,1.0,0.0,0.0,1.0,0.92,merge,exact_hash_block_near_duplicate
1087,1690,1.0,0.0,0.0,1.0,0.92,merge,exact_hash_block_near_duplicate
1461,1690,1.0,0.0,0.0,1.0,0.92,merge,exact_hash_block_near_duplicate
1604,54,1.0,0.0,0.0,1.0,0.92,merge,exact_hash_block_near_duplicate
1604,1884,1.0,0.0,0.0,1.0,0.92,merge,exact_hash_block_near_duplicate
1884,54,1.0,0.0,0.0,1.0,0.92,merge,exact_hash_block_near_duplicate
1563,438,1.0,0.0,0.0,1.0,0.92,merge,exact_hash_block_near_duplicate
1054,438,1.0,0.0,0.0,1.0,0.92,merge,exact_hash_block_near_duplicate
32,438,1.0,0.0,0.0,1.0,0.92,merge,exact_hash_block_near_duplicate
1054,1563,1.0,0.0,0.0,1.0,0.92,merge,exact_hash_block_near_duplicate
1563,32,1.0,0.0,0.0,1.0,0.92,merge,exact_hash_block_near_duplicate
1054,32,1.0,0.0,0.0,1.0,0.92,merge,exact_hash_block_near_duplicate
1062,922,1.0,0.0,0.0,1.0,0.92,merge,exact_hash_block_near_duplicate
1557,922,1.0,0.0,0.0,1.0,0.92,merge,exact_hash_block_near_duplicate
1062,1557,1.0,0.0,0.0,1.0,0.92,merge,exact_hash_block_near_duplicate
1110,17,1.0,0.0,0.0,1.0,0.92,merge,exact_hash_block_near_duplicate
17,1856,1.0,0.0,0.0,1.0,0.92,merge,exact_hash_block_near_duplicate
17,1713,1.0,0.0,0.0,1.0,0.92,merge,exact_hash_block_near_duplicate
1110,1856,1.0,0.0,0.0,1.0,0.92,merge,exact_hash_block_near_duplicate
1110,1713,1.0,0.0,0.0,1.0,0.92,merge,exact_hash_block_near_duplicate
1713,1856,1.0,0.0,0.0,1.0,0.92,merge,exact_hash_block_near_duplicate
1847,811,1.0,0.0,0.0,1.0,0.92,merge,exact_hash_block_near_duplicate
399,811,1.0,0.0,0.0,1.0,0.92,merge,exact_hash_block_near_duplicate
160,811,1.0,0.0,0.0,1.0,0.92,merge,exact_hash_block_near_duplicate
1594,811,1.0,0.0,0.0,1.0,0.92,merge,exact_hash_block_near_duplicate
1847,399,1.0,0.0,0.0,1.0,0.92,merge,exact_hash_block_near_duplicate
160,1847,1.0,0.0,0.0,1.0,0.92,merge,exact_hash_block_near_duplicate
1594,1847,1.0,0.0,0.0,1.0,0.92,merge,exact_hash_block_near_duplicate
160,399,1.0,0.0,0.0,1.0,0.92,merge,exact_hash_block_near_duplicate
1594,399,1.0,0.0,0.0,1.0,0.92,merge,exact_hash_block_near_duplicate
1594,160,1.0,0.0,0.0,1.0,0.92,merge,exact_hash_block_near_duplicate
118,1271,1.0,0.0,0.0,1.0,0.92,merge,exact_hash_block_near_duplicate
118,1729,1.0,0.0,0.0,1.0,0.92,merge,exact_hash_block_near_duplicate
1271,1729,1.0,0.0,0.0,1.0,0.92,merge,exact_hash_block_near_duplicate
122,1644,1.0,0.0,0.0,1.0,0.92,merge,exact_hash_block_near_duplicate
1644,264,1.0,0.0,0.0,1.0,0.92,merge,exact_hash_block_near_duplicate
1644,173,1.0,0.0,0.0,1.0,0.92,merge,exact_hash_block_near_duplicate
1644,1853,1.0,0.0,0.0,1.0,0.92,merge,exact_hash_block_near_duplicate
122,264,1.0,0.0,0.0,1.0,0.92,merge,exact_hash_block_near_duplicate
122,173,1.0,0.0,0.0,1.0,0.92,merge,exact_hash_block_near_duplicate
122,1853,1.0,0.0,0.0,1.0,0.92,merge,exact_hash_block_near_duplicate
173,264,1.0,0.0,0.0,1.0,0.92,merge,exact_hash_block_near_duplicate
1853,264,1.0,0.0,0.0,1.0,0.92,merge,exact_hash_block_near_duplicate
173,1853,1.0,0.0,0.0,1.0,0.92,merge,exact_hash_block_near_duplicate
1585,1680,1.0,0.0,0.0,1.0,0.92,merge,exact_hash_block_near_duplicate
1680,857,1.0,0.0,0.0,1.0,0.92,merge,exact_hash_block_near_duplicate
1466,1680,1.0,0.0,0.0,1.0,0.92,merge,exact_hash_block_near_duplicate
1585,857,1.0,0.0,0.0,1.0,0.92,merge,exact_hash_block_near_duplicate
1466,1585,1.0,0.0,0.0,1.0,0.92,merge,exact_hash_block_near_duplicate
1466,857,1.0,0.0,0.0,1.0,0.92,merge,exact_hash_block_near_duplicate
1102,793,1.0,0.0,0.0,1.0,0.92,merge,exact_hash_block_near_duplicate
1102,513,1.0,0.0,0.0,1.0,0.92,merge,exact_hash_block_near_duplicate
1102,1379,1.0,0.0,0.0,1.0,0.92,merge,exact_hash_block_near_duplicate
513,793,1.0,0.0,0.0,1.0,0.92,merge,exact_hash_block_near_duplicate
1379,793,1.0,0.0,0.0,1.0,0.92,merge,exact_hash_block_near_duplicate
1379,513,1.0,0.0,0.0,1.0,0.92,merge,exact_hash_block_near_duplicate
1432,534,1.0,0.0,0.0,1.0,0.92,merge,exact_hash_block_near_duplicate
1403,534,1.0,0.0,0.0,1.0,0.92,merge,exact_hash_block_near_duplicate
1355,534,1.0,0.0,0.0,1.0,0.92,merge,exact_hash_block_near_duplicate
1403,1432,1.0,0.0,0.0,1.0,0.92,merge,exact_hash_block_near_duplicate
1355,1432,1.0,0.0,0.0,1.0,0.92,merge,exact_hash_block_near_duplicate
1355,1403,1.0,0.0,0.0,1.0,0.92,merge,exact_hash_block_near_duplicate
1615,1885,1.0,0.0,0.0,1.0,0.92,merge,exact_hash_block_near_duplicate
1885,785,1.0,0.0,0.0,1.0,0.92,merge,exact_hash_block_near_duplicate
1616,1885,1.0,0.0,0.0,1.0,0.92,merge,exact_hash_block_near_duplicate
1772,1885,1.0,0.0,0.0,1.0,0.92,merge,exact_hash_block_near_duplicate
1885,1898,1.0,0.0,0.0,1.0,0.92,merge,exact_hash_block_near_duplicate
1615,785,1.0,0.0,0.0,1.0,0.92,merge,exact_hash_block_near_duplicate
1615,1616,1.0,0.0,0.0,1.0,0.92,merge,exact_hash_block_near_duplicate
1615,1772,1.0,0.0,0.0,1.0,0.92,merge,exact_hash_block_near_duplicate
1615,1898,1.0,0.0,0.0,1.0,0.92,merge,exact_hash_block_near_duplicate
1616,785,1.0,0.0,0.0,1.0,0.92,merge,exact_hash_block_near_duplicate
1772,785,1.0,0.0,0.0,1.0,0.92,merge,exact_hash_block_near_duplicate
1898,785,1.0,0.0,0.0,1.0,0.92,merge,exact_hash_block_near_duplicate
1616,1772,1.0,0.0,0.0,1.0,0.92,merge,exact_hash_block_near_duplicate
1616,1898,1.0,0.0,0.0,1.0,0.92,merge,exact_hash_block_near_duplicate
1772,1898,1.0,0.0,0.0,1.0,0.92,merge,exact_hash_block_near_duplicate
110,1831,1.0,0.0,0.0,1.0,0.92,merge,exact_hash_block_near_duplicate
1831,582,1.0,0.0,0.0,1.0,0.92,merge,exact_hash_block_near_duplicate
110,582,1.0,0.0,0.0,1.0,0.92,merge,exact_hash_block_near_duplicate
1837,62,1.0,0.0,0.0,1.0,0.92,merge,exact_hash_block_near_duplicate
1515,62,1.0,0.0,0.0,1.0,0.92,merge,exact_hash_block_near_duplicate
1515,1837,1.0,0.0,0.0,1.0,0.92,merge,exact_hash_block_near_duplicate
1292,1464,1.0,0.0,0.0,1.0,0.92,merge,exact_hash_block_near_duplicate
760,784,1.0,0.0,0.0,1.0,0.92,merge,exact_hash_block_near_duplicate
154,760,1.0,0.0,0.0,1.0,0.92,merge,exact_hash_block_near_duplicate
1883,760,1.0,0.0,0.0,1.0,0.92,merge,exact_hash_block_near_duplicate
154,784,1.0,0.0,0.0,1.0,0.92,merge,exact_hash_block_near_duplicate
1883,784,1.0,0.0,0.0,1.0,0.92,merge,exact_hash_block_near_duplicate
154,1883,1.0,0.0,0.0,1.0,0.92,merge,exact_hash_block_near_duplicate
1416,248,1.0,0.0,0.0,1.0,0.92,merge,exact_hash_block_near_duplicate
248,887,1.0,0.0,0.0,1.0,0.92,merge,exact_hash_block_near_duplicate
1416,887,1.0,0.0,0.0,1.0,0.92,merge,exact_hash_block_near_duplicate
119,853,1.0,0.0,0.0,1.0,0.92,merge,exact_hash_block_near_duplicate
119,77,1.0,0.0,0.0,1.0,0.92,merge,exact_hash_block_near_duplicate
119,241,1.0,1.0,1.0,1.0,0.92,merge,exact_hash_block_near_duplicate
119,1663,1.0,0.0,0.0,1.0,0.92,merge,exact_hash_block_near_duplicate
119,368,1.0,0.0,0.0,1.0,0.92,merge,exact_hash_block_near_duplicate
119,791,1.0,0.0,0.0,1.0,0.92,merge,exact_hash_block_near_duplicate
119,274,1.0,0.0,0.0,1.0,0.92,merge,exact_hash_block_near_duplicate
77,853,1.0,0.0,0.0,1.0,0.92,merge,exact_hash_block_near_duplicate
241,853,1.0,0.0,0.0,1.0,0.92,merge,exact_hash_block_near_duplicate
1663,853,1.0,0.0,0.0,1.0,0.92,merge,exact_hash_block_near_duplicate
368,853,1.0,0.0,0.0,1.0,0.92,merge,exact_hash_block_near_duplicate
791,853,1.0,0.0,0.0,1.0,0.92,merge,exact_hash_block_near_duplicate
274,853,1.0,0.0,0.0,1.0,0.92,merge,exact_hash_block_near_duplicate
241,77,1.0,0.0,0.0,1.0,0.92,merge,exact_hash_block_near_duplicate
1663,77,1.0,0.0,0.0,1.0,0.92,merge,exact_hash_block_near_duplicate
368,77,1.0,0.0,0.0,1.0,0.92,merge,exact_hash_block_near_duplicate
77,791,1.0,0.0,0.0,1.0,0.92,merge,exact_hash_block_near_duplicate
274,77,1.0,0.0,0.0,1.0,0.92,merge,exact_hash_block_near_duplicate
1663,241,1.0,0.0,0.0,1.0,0.92,merge,exact_hash_block_near_duplicate
241,368,1.0,0.0,0.0,1.0,0.92,merge,exact_hash_block_near_duplicate
241,791,1.0,0.0,0.0,1.0,0.92,merge,exact_hash_block_near_duplicate
241,274,1.0,0.0,0.0,1.0,0.92,merge,exact_hash_block_near_duplicate
1663,368,1.0,0.0,0.0,1.0,0.92,merge,exact_hash_block_near_duplicate
1663,791,1.0,0.0,0.0,1.0,0.92,merge,exact_hash_block_near_duplicate
1663,274,1.0,0.0,0.0,1.0,0.92,merge,exact_hash_block_near_duplicate
368,791,1.0,0.0,0.0,1.0,0.92,merge,exact_hash_block_near_duplicate
274,368,1.0,0.0,0.0,1.0,0.92,merge,exact_hash_block_near_duplicate
274,791,1.0,0.0,0.0,1.0,0.92,merge,exact_hash_block_near_duplicate
1603,318,1.0,0.0,0.0,1.0,0.92,merge,exact_hash_block_near_duplicate
1603,719,1.0,0.0,0.0,1.0,0.92,merge,exact_hash_block_near_duplicate
318,719,1.0,0.0,0.0,1.0,0.92,merge,exact_hash_block_near_duplicate
1209,725,1.0,0.0,0.0,1.0,0.92,merge,exact_hash_block_near_duplicate
1734,95,1.0,0.0,0.0,1.0,0.92,merge,exact_hash_block_near_duplicate
326,95,1.0,0.0,0.0,1.0,0.92,merge,exact_hash_block_near_duplicate
408,95,1.0,0.0,0.0,1.0,0.92,merge,exact_hash_block_near_duplicate
1734,326,1.0,0.0,0.0,1.0,0.92,merge,exact_hash_block_near_duplicate
1734,408,1.0,0.0,0.0,1.0,0.92,merge,exact_hash_block_near_duplicate
326,408,1.0,0.0,0.0,1.0,0.92,merge,exact_hash_block_near_duplicate
460,888,1.0,0.0,0.0,1.0,0.92,merge,exact_hash_block_near_duplicate
312,888,1.0,0.0,0.0,1.0,0.92,merge,exact_hash_block_near_duplicate
218,888,1.0,0.0,0.0,1.0,0.92,merge,exact_hash_block_near_duplicate
312,460,1.0,0.0,0.0,1.0,0.92,merge,exact_hash_block_near_duplicate
218,460,1.0,0.0,0.0,1.0,0.92,merge,exact_hash_block_near_duplicate
218,312,1.0,0.0,0.0,1.0,0.92,merge,exact_hash_block_near_duplicate
320,834,1.0,0.0,0.0,1.0,0.92,merge,exact_hash_block_near_duplicate
320,613,1.0,0.0,0.0,1.0,0.92,merge,exact_hash_block_near_duplicate
613,834,1.0,0.0,0.0,1.0,0.92,merge,exact_hash_block_near_duplicate
102,738,1.0,0.0,0.0,1.0,0.92,merge,exact_hash_block_near_duplicate
102,53,1.0,0.0,0.0,1.0,0.92,merge,exact_hash_block_near_duplicate
102,846,1.0,0.0,0.0,1.0,0.92,merge,exact_hash_block_near_duplicate
102,187,1.0,0.0,0.0,1.0,0.92,merge,exact_hash_block_near_duplicate
53,738,1.0,0.0,0.0,1.0,0.92,merge,exact_hash_block_near_duplicate
738,846,1.0,0.0,0.0,1.0,0.92,merge,exact_hash_block_near_duplicate
187,738,1.0,0.0,0.0,1.0,0.92,merge,exact_hash_block_near_duplicate
53,846,1.0,0.0,0.0,1.0,0.92,merge,exact_hash_block_near_duplicate
187,53,1.0,0.0,0.0,1.0,0.92,merge,exact_hash_block_near_duplicate
187,846,1.0,0.0,0.0,1.0,0.92,merge,exact_hash_block_near_duplicate
1197,1287,1.0,0.0,0.0,1.0,0.92,merge,exact_hash_block_near_duplicate
1197,1446,1.0,0.0,0.0,1.0,0.92,merge,exact_hash_block_near_duplicate
1287,1446,1.0,0.0,0.0,1.0,0.92,merge,exact_hash_block_near_duplicate
1810,885,1.0,0.0,0.0,1.0,0.92,merge,exact_hash_block_near_duplicate
1810,572,1.0,0.0,0.0,1.0,0.92,merge,exact_hash_block_near_duplicate
105,1810,1.0,0.0,0.0,1.0,0.92,merge,exact_hash_block_near_duplicate
1810,771,1.0,0.0,0.0,1.0,0.92,merge,exact_hash_block_near_duplicate
572,885,1.0,0.0,0.0,1.0,0.92,merge,exact_hash_block_near_duplicate
105,885,1.0,0.0,0.0,1.0,0.92,merge,exact_hash_block_near_duplicate
771,885,1.0,0.0,0.0,1.0,0.92,merge,exact_hash_block_near_duplicate
105,572,1.0,1.0,1.0,1.0,0.92,merge,exact_hash_block_near_duplicate
572,771,1.0,0.0,0.0,1.0,0.92,merge,exact_hash_block_near_duplicate
105,771,1.0,0.0,0.0,1.0,0.92,merge,exact_hash_block_near_duplicate
1863,947,1.0,0.0,0.0,1.0,0.92,merge,exact_hash_block_near_duplicate
1115,1888,1.0,0.0,0.0,1.0,0.92,merge,exact_hash_block_near_duplicate
1497,828,1.0,0.0,0.0,1.0,0.92,merge,exact_hash_block_near_duplicate
1340,1597,1.0,0.0,0.0,1.0,0.92,merge,exact_hash_block_near_duplicate
1778,1802,1.0,0.0,0.0,1.0,0.92,merge,exact_hash_block_near_duplicate
1578,1778,1.0,0.0,0.0,1.0,0.92,merge,exact_hash_block_near_duplicate
1778,199,1.0,0.0,0.0,1.0,0.92,merge,exact_hash_block_near_duplicate
1778,297,1.0,0.0,0.0,1.0,0.92,merge,exact_hash_block_near_duplicate
1578,1802,1.0,0.0,0.0,1.0,0.92,merge,exact_hash_block_near_duplicate
1802,199,1.0,0.0,0.0,1.0,0.92,merge,exact_hash_block_near_duplicate
1802,297,1.0,0.0,0.0,1.0,0.92,merge,exact_hash_block_near_duplicate
1578,199,1.0,0.0,0.0,1.0,0.92,merge,exact_hash_block_near_duplicate
1578,297,1.0,0.0,0.0,1.0,0.92,merge,exact_hash_block_near_duplicate
199,297,1.0,0.0,0.0,1.0,0.92,merge,exact_hash_block_near_duplicate
271,404,1.0,0.0,0.0,1.0,0.92,merge,exact_hash_block_near_duplicate
1116,404,1.0,0.0,0.0,1.0,0.92,merge,exact_hash_block_near_duplicate
1116,271,1.0,0.0,0.0,1.0,0.92,merge,exact_hash_block_near_duplicate
1770,178,1.0,0.0,0.0,1.0,0.92,merge,exact_hash_block_near_duplicate
178,934,1.0,0.0,0.0,1.0,0.92,merge,exact_hash_block_near_duplicate
1770,934,1.0,0.0,0.0,1.0,0.92,merge,exact_hash_block_near_duplicate
1217,550,1.0,0.0,0.0,1.0,0.92,merge,exact_hash_block_near_duplicate
1217,1868,1.0,0.0,0.0,1.0,0.92,merge,exact_hash_block_near_duplicate
1868,550,1.0,0.0,0.0,1.0,0.92,merge,exact_hash_block_near_duplicate
530,742,1.0,0.0,0.0,1.0,0.92,merge,exact_hash_block_near_duplicate
206,742,1.0,0.0,0.0,1.0,0.92,merge,exact_hash_block_near_duplicate
206,530,1.0,0.0,0.0,1.0,0.92,merge,exact_hash_block_near_duplicate
1611,936,1.0,0.0,0.0,1.0,0.92,merge,exact_hash_block_near_duplicate
1260,1611,1.0,0.0,0.0,1.0,0.92,merge,exact_hash_block_near_duplicate
1611,660,1.0,0.0,0.0,1.0,0.92,merge,exact_hash_block_near_duplicate
1093,1611,1.0,0.0,0.0,1.0,0.92,merge,exact_hash_block_near_duplicate
1260,936,1.0,0.0,0.0,1.0,0.92,merge,exact_hash_block_near_duplicate
660,936,1.0,0.0,0.0,1.0,0.92,merge,exact_hash_block_near_duplicate
1093,936,1.0,0.0,0.0,1.0,0.92,merge,exact_hash_block_near_duplicate
1260,660,1.0,0.0,0.0,1.0,0.92,merge,exact_hash_block_near_duplicate
1093,1260,1.0,0.0,0.0,1.0,0.92,merge,exact_hash_block_near_duplicate
1093,660,1.0,0.0,0.0,1.0,0.92,merge,exact_hash_block_near_duplicate
1800,916,1.0,0.0,0.0,1.0,0.92,merge,exact_hash_block_near_duplicate
1301,338,1.0,0.0,0.0,1.0,0.92,merge,exact_hash_block_near_duplicate
1095,496,1.0,0.0,0.0,1.0,0.92,merge,exact_hash_block_near_duplicate
1584,1730,1.0,0.0,0.0,1.0,0.92,merge,exact_hash_block_near_duplicate
1584,67,1.0,0.0,0.0,1.0,0.92,merge,exact_hash_block_near_duplicate
1730,67,1.0,0.0,0.0,1.0,0.92,merge,exact_hash_block_near_duplicate
1439,722,1.0,0.0,0.0,1.0,0.92,merge,exact_hash_block_near_duplicate
56,722,1.0,0.0,0.0,1.0,0.92,merge,exact_hash_block_near_duplicate
1439,56,1.0,0.0,0.0,1.0,0.92,merge,exact_hash_block_near_duplicate
346,78,1.0,0.0,0.0,1.0,0.92,merge,exact_hash_block_near_duplicate
1869,346,1.0,0.0,0.0,1.0,0.92,merge,exact_hash_block_near_duplicate
346,986,1.0,0.0,0.0,1.0,0.92,merge,exact_hash_block_near_duplicate
1869,78,1.0,0.0,0.0,1.0,0.92,merge,exact_hash_block_near_duplicate
78,986,1.0,0.0,0.0,1.0,0.92,merge,exact_hash_block_near_duplicate
1869,986,1.0,0.0,0.0,1.0,0.92,merge,exact_hash_block_near_duplicate
1741,720,1.0,0.0,0.0,1.0,0.92,merge,exact_hash_block_near_duplicate
1710,919,1.0,0.0,0.0,1.0,0.92,merge,exact_hash_block_near_duplicate
363,919,1.0,0.0,0.0,1.0,0.92,merge,exact_hash_block_near_duplicate
113,919,1.0,0.0,0.0,1.0,0.92,merge,exact_hash_block_near_duplicate
597,919,1.0,0.0,0.0,1.0,0.92,merge,exact_hash_block_near_duplicate
1710,363,1.0,0.0,0.0,1.0,0.92,merge,exact_hash_block_near_duplicate
113,1710,1.0,0.0,0.0,1.0,0.92,merge,exact_hash_block_near_duplicate
1710,597,1.0,0.0,0.0,1.0,0.92,merge,exact_hash_block_near_duplicate
113,363,1.0,0.0,0.0,1.0,0.92,merge,exact_hash_block_near_duplicate
363,597,1.0,0.0,0.0,1.0,0.92,merge,exact_hash_block_near_duplicate
113,597,1.0,0.0,0.0,1.0,0.92,merge,exact_hash_block_near_duplicate
1180,331,1.0,0.0,0.0,1.0,0.92,merge,exact_hash_block_near_duplicate
1352,331,1.0,0.0,0.0,1.0,0.92,merge,exact_hash_block_near_duplicate
331,75,1.0,0.0,0.0,1.0,0.92,merge,exact_hash_block_near_duplicate
1180,1352,1.0,0.0,0.0,1.0,0.92,merge,exact_hash_block_near_duplicate
1180,75,1.0,0.0,0.0,1.0,0.92,merge,exact_hash_block_near_duplicate
1352,75,1.0,0.0,0.0,1.0,0.92,merge,exact_hash_block_near_duplicate
1579,802,1.0,0.0,0.0,1.0,0.92,merge,exact_hash_block_near_duplicate
1579,762,1.0,0.0,0.0,1.0,0.92,merge,exact_hash_block_near_duplicate
1579,819,1.0,0.0,0.0,1.0,0.92,merge,exact_hash_block_near_duplicate
1319,1579,1.0,0.0,0.0,1.0,0.92,merge,exact_hash_block_near_duplicate
1579,348,1.0,0.0,0.0,1.0,0.92,merge,exact_hash_block_near_duplicate
762,802,1.0,0.0,0.0,1.0,0.92,merge,exact_hash_block_near_duplicate
802,819,1.0,1.0,1.0,1.0,0.92,merge,exact_hash_block_near_duplicate
1319,802,1.0,0.0,0.0,1.0,0.92,merge,exact_hash_block_near_duplicate
348,802,1.0,0.0,0.0,1.0,0.92,merge,exact_hash_block_near_duplicate
762,819,1.0,0.0,0.0,1.0,0.92,merge,exact_hash_block_near_duplicate
1319,762,1.0,0.0,0.0,1.0,0.92,merge,exact_hash_block_near_duplicate
348,762,1.0,0.0,0.0,1.0,0.92,merge,exact_hash_block_near_duplicate
1319,819,1.0,0.0,0.0,1.0,0.92,merge,exact_hash_block_near_duplicate
348,819,1.0,0.0,0.0,1.0,0.92,merge,exact_hash_block_near_duplicate
1319,348,1.0,0.0,0.0,1.0,0.92,merge,exact_hash_block_near_duplicate
1065,1704,1.0,0.0,0.0,1.0,0.92,merge,exact_hash_block_near_duplicate
1061,870,1.0,0.0,0.0,1.0,0.92,merge,exact_hash_block_near_duplicate
729,870,1.0,0.0,0.0,1.0,0.92,merge,exact_hash_block_near_duplicate
1643,870,1.0,0.0,0.0,1.0,0.92,merge,exact_hash_block_near_duplicate
1125,870,1.0,0.0,0.0,1.0,0.92,merge,exact_hash_block_near_duplicate
1061,729,1.0,0.0,0.0,1.0,0.92,merge,exact_hash_block_near_duplicate
1061,1643,1.0,0.0,0.0,1.0,0.92,merge,exact_hash_block_near_duplicate
1061,1125,1.0,0.0,0.0,1.0,0.92,merge,exact_hash_block_near_duplicate
1643,729,1.0,0.0,0.0,1.0,0.92,merge,exact_hash_block_near_duplicate
1125,729,1.0,0.0,0.0,1.0,0.92,merge,exact_hash_block_near_duplicate
1125,1643,1.0,0.0,0.0,1.0,0.92,merge,exact_hash_block_near_duplicate
19,968,1.0,0.0,0.0,1.0,0.92,merge,exact_hash_block_near_duplicate
1083,1588,1.0,0.0,0.0,1.0,0.92,merge,exact_hash_block_near_duplicate
1067,1588,1.0,0.0,0.0,1.0,0.92,merge,exact_hash_block_near_duplicate
1588,461,1.0,0.0,0.0,1.0,0.92,merge,exact_hash_block_near_duplicate
1067,1083,1.0,0.0,0.0,1.0,0.92,merge,exact_hash_block_near_duplicate
1083,461,1.0,0.0,0.0,1.0,0.92,merge,exact_hash_block_near_duplicate
1067,461,1.0,0.0,0.0,1.0,0.92,merge,exact_hash_block_near_duplicate
225,357,1.0,0.0,0.0,1.0,0.92,merge,exact_hash_block_near_duplicate
1824,357,1.0,0.0,0.0,1.0,0.92,merge,exact_hash_block_near_duplicate
1824,225,1.0,0.0,0.0,1.0,0.92,merge,exact_hash_block_near_duplicate
1899,98,1.0,0.0,0.0,1.0,0.92,merge,exact_hash_block_near_duplicate
1188,1899,1.0,0.0,0.0,1.0,0.92,merge,exact_hash_block_near_duplicate
1081,1899,1.0,0.0,0.0,1.0,0.92,merge,exact_hash_block_near_duplicate
1270,1899,1.0,0.0,0.0,1.0,0.92,merge,exact_hash_block_near_duplicate
1899,64,1.0,0.0,0.0,1.0,0.92,merge,exact_hash_block_near_duplicate
1899,44,1.0,0.0,0.0,1.0,0.92,merge,exact_hash_block_near_duplicate
1188,98,1.0,0.0,0.0,1.0,0.92,merge,exact_hash_block_near_duplicate
1081,98,1.0,0.0,0.0,1.0,0.92,merge,exact_hash_block_near_duplicate
1270,98,1.0,0.0,0.0,1.0,0.92,merge,exact_hash_block_near_duplicate
64,98,1.0,0.0,0.0,1.0,0.92,merge,exact_hash_block_near_duplicate
44,98,1.0,0.0,0.0,1.0,0.92,merge,exact_hash_block_near_duplicate
1081,1188,1.0,0.0,0.0,1.0,0.92,merge,exact_hash_block_near_duplicate
1188,1270,1.0,0.0,0.0,1.0,0.92,merge,exact_hash_block_near_duplicate
1188,64,1.0,0.0,0.0,1.0,0.92,merge,exact_hash_block_near_duplicate
1188,44,1.0,0.0,0.0,1.0,0.92,merge,exact_hash_block_near_duplicate
1081,1270,1.0,0.0,0.0,1.0,0.92,merge,exact_hash_block_near_duplicate
1081,64,1.0,0.0,0.0,1.0,0.92,merge,exact_hash_block_near_duplicate
1081,44,1.0,0.0,0.0,1.0,0.92,merge,exact_hash_block_near_duplicate
1270,64,1.0,0.0,0.0,1.0,0.92,merge,exact_hash_block_near_duplicate
1270,44,1.0,0.0,0.0,1.0,0.92,merge,exact_hash_block_near_duplicate
44,64,1.0,0.0,0.0,1.0,0.92,merge,exact_hash_block_near_duplicate
1877,256,1.0,0.0,0.0,1.0,0.92,merge,exact_hash_block_near_duplicate
1541,1877,1.0,0.0,0.0,1.0,0.92,merge,exact_hash_block_near_duplicate
1306,1877,1.0,0.0,0.0,1.0,0.92,merge,exact_hash_block_near_duplicate
1782,1877,1.0,0.0,0.0,1.0,0.92,merge,exact_hash_block_near_duplicate
1541,256,1.0,0.0,0.0,1.0,0.92,merge,exact_hash_block_near_duplicate
1306,256,1.0,0.0,0.0,1.0,0.92,merge,exact_hash_block_near_duplicate
1782,256,1.0,0.0,0.0,1.0,0.92,merge,exact_hash_block_near_duplicate
1306,1541,1.0,0.0,0.0,1.0,0.92,merge,exact_hash_block_near_duplicate
1541,1782,1.0,0.0,0.0,1.0,0.92,merge,exact_hash_block_near_duplicate
1306,1782,1.0,0.0,0.0,1.0,0.92,merge,exact_hash_block_near_duplicate
117,1781,1.0,0.0,0.0,1.0,0.92,merge,exact_hash_block_near_duplicate
1255,1735,1.0,0.0,0.0,1.0,0.92,merge,exact_hash_block_near_duplicate
26,787,1.0,0.0,0.0,1.0,0.92,merge,exact_hash_block_near_duplicate
26,803,1.0,0.0,0.0,1.0,0.92,merge,exact_hash_block_near_duplicate
26,37,1.0,0.0,0.0,1.0,0.92,merge,exact_hash_block_near_duplicate
1410,26,1.0,0.0,0.0,1.0,0.92,merge,exact_hash_block_near_duplicate
787,803,1.0,0.0,0.0,1.0,0.92,merge,exact_hash_block_near_duplicate
37,787,1.0,0.0,0.0,1.0,0.92,merge,exact_hash_block_near_duplicate
1410,787,1.0,0.0,0.0,1.0,0.92,merge,exact_hash_block_near_duplicate
37,803,1.0,0.0,0.0,1.0,0.92,merge,exact_hash_block_near_duplicate
1410,803,1.0,0.0,0.0,1.0,0.92,merge,exact_hash_block_near_duplicate
1410,37,1.0,0.0,0.0,1.0,0.92,merge,exact_hash_block_near_duplicate
1012,1757,1.0,0.0,0.0,1.0,0.92,merge,exact_hash_block_near_duplicate
1757,489,1.0,0.0,0.0,1.0,0.92,merge,exact_hash_block_near_duplicate
1012,489,1.0,0.0,0.0,1.0,0.92,merge,exact_hash_block_near_duplicate
58,839,1.0,0.0,0.0,1.0,0.92,merge,exact_hash_block_near_duplicate
450,58,1.0,0.0,0.0,1.0,0.92,merge,exact_hash_block_near_duplicate
165,58,1.0,0.0,0.0,1.0,0.92,merge,exact_hash_block_near_duplicate
1170,58,1.0,0.0,0.0,1.0,0.92,merge,exact_hash_block_near_duplicate
31,58,1.0,0.0,0.0,1.0,0.92,merge,exact_hash_block_near_duplicate
450,839,1.0,0.0,0.0,1.0,0.92,merge,exact_hash_block_near_duplicate
165,839,1.0,0.0,0.0,1.0,0.92,merge,exact_hash_block_near_duplicate
1170,839,1.0,0.0,0.0,1.0,0.92,merge,exact_hash_block_near_duplicate
31,839,1.0,0.0,0.0,1.0,0.92,merge,exact_hash_block_near_duplicate
165,450,1.0,0.0,0.0,1.0,0.92,merge,exact_hash_block_near_duplicate
1170,450,1.0,0.0,0.0,1.0,0.92,merge,exact_hash_block_near_duplicate
31,450,1.0,0.0,0.0,1.0,0.92,merge,exact_hash_block_near_duplicate
1170,165,1.0,0.0,0.0,1.0,0.92,merge,exact_hash_block_near_duplicate
165,31,1.0,0.0,0.0,1.0,0.92,merge,exact_hash_block_near_duplicate
1170,31,1.0,0.0,0.0,1.0,0.92,merge,exact_hash_block_near_duplicate
1819,643,1.0,0.0,0.0,1.0,0.92,merge,exact_hash_block_near_duplicate
1871,643,1.0,0.0,0.0,1.0,0.92,merge,exact_hash_block_near_duplicate
531,643,1.0,0.0,0.0,1.0,0.92,merge,exact_hash_block_near_duplicate
1819,1871,1.0,0.0,0.0,1.0,0.92,merge,exact_hash_block_near_duplicate
1819,531,1.0,0.0,0.0,1.0,0.92,merge,exact_hash_block_near_duplicate
1871,531,1.0,0.0,0.0,1.0,0.92,merge,exact_hash_block_near_duplicate
1296,132,1.0,0.0,0.0,1.0,0.92,merge,exact_hash_block_near_duplicate
132,638,1.0,0.0,0.0,1.0,0.92,merge,exact_hash_block_near_duplicate
1296,638,1.0,0.0,0.0,1.0,0.92,merge,exact_hash_block_near_duplicate
1758,428,1.0,0.0,0.0,1.0,0.92,merge,exact_hash_block_near_duplicate
1349,1426,1.0,0.0,0.0,1.0,0.92,merge,exact_hash_block_near_duplicate
1483,926,1.0,0.0,0.0,1.0,0.92,merge,exact_hash_block_near_duplicate
1483,66,1.0,0.0,0.0,1.0,0.92,merge,exact_hash_block_near_duplicate
66,926,1.0,0.0,0.0,1.0,0.92,merge,exact_hash_block_near_duplicate
1537,838,1.0,0.0,0.0,1.0,0.92,merge,exact_hash_block_near_duplicate
1537,302,1.0,0.0,0.0,1.0,0.92,merge,exact_hash_block_near_duplicate
1537,517,1.0,0.0,0.0,1.0,0.92,merge,exact_hash_block_near_duplicate
302,838,1.0,0.0,0.0,1.0,0.92,merge,exact_hash_block_near_duplicate
517,838,1.0,0.0,0.0,1.0,0.92,merge,exact_hash_block_near_duplicate
302,517,1.0,0.0,0.0,1.0,0.92,merge,exact_hash_block_near_duplicate
1002,307,1.0,0.0,0.0,1.0,0.92,merge,exact_hash_block_near_duplicate
307,781,1.0,0.0,0.0,1.0,0.92,merge,exact_hash_block_near_duplicate
1002,781,1.0,0.0,0.0,1.0,0.92,merge,exact_hash_block_near_duplicate
1613,1850,1.0,0.0,0.0,1.0,0.92,merge,exact_hash_block_near_duplicate
1587,1834,1.0,0.0,0.0,1.0,0.92,merge,exact_hash_block_near_duplicate
1587,598,1.0,0.0,0.0,1.0,0.92,merge,exact_hash_block_near_duplicate
1456,1587,1.0,0.0,0.0,1.0,0.92,merge,exact_hash_block_near_duplicate
1834,598,1.0,0.0,0.0,1.0,0.92,merge,exact_hash_block_near_duplicate
1456,1834,1.0,0.0,0.0,1.0,0.92,merge,exact_hash_block_near_duplicate
1456,598,1.0,0.0,0.0,1.0,0.92,merge,exact_hash_block_near_duplicate
634,907,1.0,1.0,1.0,1.0,0.92,merge,exact_hash_block_near_duplicate
678,907,1.0,1.0,1.0,1.0,0.92,merge,exact_hash_block_near_duplicate
498,907,1.0,1.0,1.0,1.0,0.92,merge,exact_hash_block_near_duplicate
192,907,1.0,0.0,0.0,1.0,0.92,merge,exact_hash_block_near_duplicate
634,678,1.0,1.0,1.0,1.0,0.92,merge,exact_hash_block_near_duplicate
498,634,1.0,1.0,1.0,1.0,0.92,merge,exact_hash_block_near_duplicate
192,634,1.0,0.0,0.0,1.0,0.92,merge,exact_hash_block_near_duplicate
498,678,1.0,1.0,1.0,1.0,0.92,merge,exact_hash_block_near_duplicate
192,678,1.0,0.0,0.0,1.0,0.92,merge,exact_hash_block_near_duplicate
192,498,1.0,0.0,0.0,1.0,0.92,merge,exact_hash_block_near_duplicate
100,852,1.0,0.0,0.0,1.0,0.92,merge,exact_hash_block_near_duplicate
789,852,1.0,0.0,0.0,1.0,0.92,merge,exact_hash_block_near_duplicate
100,789,1.0,0.0,0.0,1.0,0.92,merge,exact_hash_block_near_duplicate
1631,1654,1.0,0.0,0.0,1.0,0.92,merge,exact_hash_block_near_duplicate
1149,1221,1.0,0.0,0.0,1.0,0.92,merge,exact_hash_block_near_duplicate
1149,1755,1.0,0.0,0.0,1.0,0.92,merge,exact_hash_block_near_duplicate
1221,1755,1.0,0.0,0.0,1.0,0.92,merge,exact_hash_block_near_duplicate
1652,1750,1.0,0.0,0.0,1.0,0.92,merge,exact_hash_block_near_duplicate
1698,1750,1.0,0.0,0.0,1.0,0.92,merge,exact_hash_block_near_duplicate
1652,1698,1.0,1.0,1.0,1.0,0.92,merge,exact_hash_block_near_duplicate
131,972,1.0,0.0,0.0,1.0,0.92,merge,exact_hash_block_near_duplicate
131,375,1.0,0.0,0.0,1.0,0.92,merge,exact_hash_block_near_duplicate
131,1592,1.0,0.0,0.0,1.0,0.92,merge,exact_hash_block_near_duplicate
375,972,1.0,0.0,0.0,1.0,0.92,merge,exact_hash_block_near_duplicate
1592,972,1.0,0.0,0.0,1.0,0.92,merge,exact_hash_block_near_duplicate
1592,375,1.0,0.0,0.0,1.0,0.92,merge,exact_hash_block_near_duplicate
1794,1796,1.0,0.0,0.0,1.0,0.92,merge,exact_hash_block_near_duplicate
1796,266,1.0,0.0,0.0,1.0,0.92,merge,exact_hash_block_near_duplicate
1794,266,1.0,0.0,0.0,1.0,0.92,merge,exact_hash_block_near_duplicate
1092,1226,1.0,0.0,0.0,1.0,0.92,merge,exact_hash_block_near_duplicate
1222,72,1.0,0.0,0.0,1.0,0.92,merge,exact_hash_block_near_duplicate
1839,72,1.0,0.0,0.0,1.0,0.92,merge,exact_hash_block_near_duplicate
1860,72,1.0,0.0,0.0,1.0,0.92,merge,exact_hash_block_near_duplicate
1714,72,1.0,0.0,0.0,1.0,0.92,merge,exact_hash_block_near_duplicate
1222,1839,1.0,0.0,0.0,1.0,0.92,merge,exact_hash_block_near_duplicate
1222,1860,1.0,0.0,0.0,1.0,0.92,merge,exact_hash_block_near_duplicate
1222,1714,1.0,0.0,0.0,1.0,0.92,merge,exact_hash_block_near_duplicate
1839,1860,1.0,0.0,0.0,1.0,0.92,merge,exact_hash_block_near_duplicate
1714,1839,1.0,0.0,0.0,1.0,0.92,merge,exact_hash_block_near_duplicate
1714,1860,1.0,0.0,0.0,1.0,0.92,merge,exact_hash_block_near_duplicate
1049,1748,1.0,0.0,0.0,1.0,0.92,merge,exact_hash_block_near_duplicate
797,976,1.0,0.0,0.0,1.0,0.92,merge,exact_hash_block_near_duplicate
1177,1759,1.0,0.0,0.0,1.0,0.92,merge,exact_hash_block_near_duplicate
1177,763,1.0,0.0,0.0,1.0,0.92,merge,exact_hash_block_near_duplicate
1177,614,1.0,0.0,0.0,1.0,0.92,merge,exact_hash_block_near_duplicate
1177,847,1.0,0.0,0.0,1.0,0.92,merge,exact_hash_block_near_duplicate
1177,201,1.0,0.0,0.0,1.0,0.92,merge,exact_hash_block_near_duplicate
1759,763,1.0,0.0,0.0,1.0,0.92,merge,exact_hash_block_near_duplicate
1759,614,1.0,0.0,0.0,1.0,0.92,merge,exact_hash_block_near_duplicate
1759,847,1.0,0.0,0.0,1.0,0.92,merge,exact_hash_block_near_duplicate
1759,201,1.0,0.0,0.0,1.0,0.92,merge,exact_hash_block_near_duplicate
614,763,1.0,0.0,0.0,1.0,0.92,merge,exact_hash_block_near_duplicate
763,847,1.0,0.0,0.0,1.0,0.92,merge,exact_hash_block_near_duplicate
201,763,1.0,0.0,0.0,1.0,0.92,merge,exact_hash_block_near_duplicate
614,847,1.0,0.0,0.0,1.0,0.92,merge,exact_hash_block_near_duplicate
201,614,1.0,0.0,0.0,1.0,0.92,merge,exact_hash_block_near_duplicate
201,847,1.0,0.0,0.0,1.0,0.92,merge,exact_hash_block_near_duplicate
74,83,1.0,0.0,0.0,1.0,0.92,merge,exact_hash_block_near_duplicate
1370,1809,1.0,0.0,0.0,1.0,0.92,merge,exact_hash_block_near_duplicate
1370,948,1.0,0.0,0.0,1.0,0.92,merge,exact_hash_block_near_duplicate
1331,1370,1.0,0.0,0.0,1.0,0.92,merge,exact_hash_block_near_duplicate
1261,1370,1.0,0.0,0.0,1.0,0.92,merge,exact_hash_block_near_duplicate
1809,948,1.0,0.0,0.0,1.0,0.92,merge,exact_hash_block_near_duplicate
1331,1809,1.0,0.0,0.0,1.0,0.92,merge,exact_hash_block_near_duplicate
1261,1809,1.0,0.0,0.0,1.0,0.92,merge,exact_hash_block_near_duplicate
1331,948,1.0,0.0,0.0,1.0,0.92,merge,exact_hash_block_near_duplicate
1261,948,1.0,0.0,0.0,1.0,0.92,merge,exact_hash_block_near_duplicate
1261,1331,1.0,0.0,0.0,1.0,0.92,merge,exact_hash_block_near_duplicate
1380,779,1.0,0.0,0.0,1.0,0.92,merge,exact_hash_block_near_duplicate
1533,698,1.0,0.0,0.0,1.0,0.92,merge,exact_hash_block_near_duplicate
1859,222,1.0,0.0,0.0,1.0,0.92,merge,exact_hash_block_near_duplicate
1237,94,1.0,0.0,0.0,1.0,0.92,merge,exact_hash_block_near_duplicate
1780,61,1.0,0.0,0.0,1.0,0.92,merge,exact_hash_block_near_duplicate
528,692,1.0,0.0,0.0,1.0,0.92,merge,exact_hash_block_near_duplicate
1113,1866,1.0,0.0,0.0,1.0,0.92,merge,exact_hash_block_near_duplicate
1866,40,1.0,0.0,0.0,1.0,0.92,merge,exact_hash_block_near_duplicate
1113,40,1.0,0.0,0.0,1.0,0.92,merge,exact_hash_block_near_duplicate
1688,1804,1.0,0.0,0.0,1.0,0.92,merge,exact_hash_block_near_duplicate
1688,385,1.0,0.0,0.0,1.0,0.92,merge,exact_hash_block_near_duplicate
1804,385,1.0,0.0,0.0,1.0,0.92,merge,exact_hash_block_near_duplicate
1552,1720,1.0,0.0,0.0,1.0,0.92,merge,exact_hash_block_near_duplicate
1552,867,1.0,0.0,0.0,1.0,0.92,merge,exact_hash_block_near_duplicate
1720,867,1.0,0.0,0.0,1.0,0.92,merge,exact_hash_block_near_duplicate
1760,278,1.0,0.0,0.0,1.0,0.92,merge,exact_hash_block_near_duplicate
1801,278,1.0,0.0,0.0,1.0,0.92,merge,exact_hash_block_near_duplicate
1252,278,1.0,0.0,0.0,1.0,0.92,merge,exact_hash_block_near_duplicate
1448,278,1.0,0.0,0.0,1.0,0.92,merge,exact_hash_block_near_duplicate
1760,1801,1.0,0.0,0.0,1.0,0.92,merge,exact_hash_block_near_duplicate
1252,1760,1.0,0.0,0.0,1.0,0.92,merge,exact_hash_block_near_duplicate
1448,1760,1.0,0.0,0.0,1.0,0.92,merge,exact_hash_block_near_duplicate
1252,1801,1.0,0.0,0.0,1.0,0.92,merge,exact_hash_block_near_duplicate
1448,1801,1.0,0.0,0.0,1.0,0.92,merge,exact_hash_block_near_duplicate
1252,1448,1.0,0.0,0.0,1.0,0.92,merge,exact_hash_block_near_duplicate
1676,731,1.0,0.0,0.0,1.0,0.92,merge,exact_hash_block_near_duplicate
1676,33,1.0,0.0,0.0,1.0,0.92,merge,exact_hash_block_near_duplicate
33,731,1.0,0.0,0.0,1.0,0.92,merge,exact_hash_block_near_duplicate
1248,545,1.0,0.0,0.0,1.0,0.92,merge,exact_hash_block_near_duplicate
1242,1485,1.0,0.0,0.0,1.0,0.92,merge,exact_hash_block_near_duplicate
277,553,1.0,0.0,0.0,1.0,0.92,merge,exact_hash_block_near_duplicate
459,553,1.0,0.0,0.0,1.0,0.92,merge,exact_hash_block_near_duplicate
277,459,1.0,0.0,0.0,1.0,0.92,merge,exact_hash_block_near_duplicate
1241,625,1.0,0.0,0.0,1.0,0.92,merge,exact_hash_block_near_duplicate
1241,739,1.0,0.0,0.0,1.0,0.92,merge,exact_hash_block_near_duplicate
625,739,1.0,0.0,0.0,1.0,0.92,merge,exact_hash_block_near_duplicate
1229,453,1.0,0.0,0.0,1.0,0.92,merge,exact_hash_block_near_duplicate
