Open,High,Low,Close,Volume,Dividends,Stock Splits,ticker,date
274.0,276.0,260.0,270.0,15451400,0.0,0.0,SMLE,2025-12-01
272.0,276.0,260.0,270.0,16500100,0.0,0.0,SMLE,2025-12-02
272.0,272.0,264.0,268.0,17015800,0.0,0.0,SMLE,2025-12-03
268.0,270.0,264.0,264.0,8626300,0.0,0.0,SMLE,2025-12-04
266.0,272.0,262.0,270.0,9543100,0.0,0.0,SMLE,2025-12-05
272.0,272.0,264.0,266.0,10618100,0.0,0.0,SMLE,2025-12-08
264.0,270.0,240.0,270.0,11563300,0.0,0.0,SMLE,2025-12-09
270.0,272.0,258.0,262.0,11178500,0.0,0.0,SMLE,2025-12-10
258.0,270.0,254.0,264.0,11905300,0.0,0.0,SMLE,2025-12-11
264.0,264.0,230.0,242.0,3650600,0.0,0.0,SMLE,2025-12-12
242.0,258.0,230.0,230.0,1891800,0.0,0.0,SMLE,2025-12-15
230.0,236.0,222.0,230.0,14671500,0.0,0.0,SMLE,2025-12-16
232.0,234.0,226.0,230.0,7865300,0.0,0.0,SMLE,2025-12-17
238.0,238.0,224.0,228.0,4338800,0.0,0.0,SMLE,2025-12-18
228.0,228.0,204.0,208.0,10121200,0.0,0.0,SMLE,2025-12-19
220.0,254.0,190.0,200.0,5263100,0.0,0.0,SMLE,2025-12-22
200.0,200.0,170.0,170.0,12357400,0.0,0.0,SMLE,2025-12-23
168.0,173.0,147.0,161.0,10488700,0.0,0.0,SMLE,2025-12-24
164.0,171.0,156.0,169.0,4151200,0.0,0.0,SMLE,2025-12-29
170.0,171.0,161.0,163.0,2699200,0.0,0.0,SMLE,2025-12-30
165.0,173.0,162.0,170.0,2645900,0.0,0.0,SMLE,2026-01-02
170.0,173.0,165.0,171.0,2027300,0.0,0.0,SMLE,2026-01-05
180.0,180.0,168.0,171.0,2363700,0.0,0.0,SMLE,2026-01-06
171.0,173.0,166.0,168.0,3439000,0.0,0.0,SMLE,2026-01-07
172.0,226.0,169.0,226.0,110143100,0.0,0.0,SMLE,2026-01-08
238.0,238.0,199.0,202.0,41140000,0.0,0.0,SMLE,2026-01-09
202.0,206.0,187.0,194.0,9026600,0.0,0.0,SMLE,2026-01-12
194.0,208.0,190.0,208.0,42400400,0.0,0.0,SMLE,2026-01-13
208.0,210.0,198.0,199.0,5066500,0.0,0.0,SMLE,2026-01-14
200.0,202.0,193.0,194.0,3181000,0.0,0.0,SMLE,2026-01-15
194.0,208.0,188.0,192.0,4383800,0.0,0.0,SMLE,2026-01-19
194.0,208.0,194.0,202.0,6430400,0.0,0.0,SMLE,2026-01-20
204.0,204.0,193.0,193.0,1591200,0.0,0.0,SMLE,2026-01-21
197.0,200.0,192.0,194.0,1512200,0.0,0.0,SMLE,2026-01-22
194.0,196.0,183.0,185.0,3462700,0.0,0.0,SMLE,2026-01-23
185.0,200.0,185.0,187.0,1086400,0.0,0.0,SMLE,2026-01-26
190.0,197.0,184.0,188.0,2972300,0.0,0.0,SMLE,2026-01-27
186.0,200.0,168.0,180.0,8791000,0.0,0.0,SMLE,2026-01-28
182.0,182.0,153.0,170.0,4577800,0.0,0.0,SMLE,2026-01-29
171.0,175.0,153.0,171.0,3039600,0.0,0.0,SMLE,2026-01-30
167.0,170.0,153.0,160.0,1226900,0.0,0.0,SMLE,2026-02-02
160.0,170.0,160.0,164.0,900500,0.0,0.0,SMLE,2026-02-03
167.0,189.0,162.0,168.0,6025800,0.0,0.0,SMLE,2026-02-04
170.0,170.0,156.0,165.0,6630500,0.0,0.0,SMLE,2026-02-05
165.0,165.0,157.0,164.0,4727300,0.0,0.0,SMLE,2026-02-06
164.0,186.0,164.0,166.0,20299100,0.0,0.0,SMLE,2026-02-09
167.0,170.0,161.0,168.0,2229500,0.0,0.0,SMLE,2026-02-10
168.0,172.0,164.0,170.0,1910600,0.0,0.0,SMLE,2026-02-11
170.0,170.0,165.0,167.0,1034900,0.0,0.0,SMLE,2026-02-12
166.0,167.0,163.0,164.0,1010000,0.0,0.0,SMLE,2026-02-13
164.0,172.0,162.0,165.0,11785300,0.0,0.0,SMLE,2026-02-18
167.0,170.0,159.0,161.0,3008800,0.0,0.0,SMLE,2026-02-19
162.0,163.0,159.0,160.0,1551800,0.0,0.0,SMLE,2026-02-20
161.0,170.0,158.0,165.0,2859900,0.0,0.0,SMLE,2026-02-23
165.0,165.0,160.0,161.0,1061200,0.0,0.0,SMLE,2026-02-24
161.0,164.0,153.0,162.0,1964300,0.0,0.0,SMLE,2026-02-25
160.0,163.0,155.0,158.0,1396500,0.0,0.0,SMLE,2026-02-26
156.0,158.0,151.0,158.0,1831400,0.0,0.0,SMLE,2026-02-27
154.0,154.0,146.0,146.0,2540300,0.0,0.0,SMLE,2026-03-02
146.0,156.0,145.0,148.0,2459900,0.0,0.0,SMLE,2026-03-03
146.0,146.0,136.0,139.0,2687000,0.0,0.0,SMLE,2026-03-04
138.0,151.0,133.0,145.0,2188400,0.0,0.0,SMLE,2026-03-05
144.0,144.0,135.0,143.0,1111400,0.0,0.0,SMLE,2026-03-06
140.0,140.0,125.0,139.0,1031100,0.0,0.0,SMLE,2026-03-09
135.0,144.0,131.0,142.0,8916500,0.0,0.0,SMLE,2026-03-10
142.0,142.0,134.0,142.0,915000,0.0,0.0,SMLE,2026-03-11
141.0,141.0,125.0,134.0,1499300,0.0,0.0,SMLE,2026-03-12
126.0,133.0,114.0,120.0,1713900,0.0,0.0,SMLE,2026-03-13
115.0,118.0,102.0,102.0,5875800,0.0,0.0,SMLE,2026-03-16
99.0,114.0,92.0,114.0,5519400,0.0,0.0,SMLE,2026-03-17
110.0,120.0,101.0,120.0,3971100,0.0,0.0,SMLE,2026-03-25
120.0,125.0,110.0,125.0,4274600,0.0,0.0,SMLE,2026-03-26
126.0,129.0,118.0,125.0,2980600,0.0,0.0,SMLE,2026-03-27
125.0,125.0,118.0,119.0,1005200,0.0,0.0,SMLE,2026-03-30
119.0,133.0,114.0,130.0,1149700,0.0,0.0,SMLE,2026-03-31
131.0,131.0,120.0,127.0,2430900,0.0,0.0,SMLE,2026-04-01
126.0,128.0,118.0,128.0,8610600,0.0,0.0,SMLE,2026-04-02
124.0,128.0,121.0,122.0,4570500,0.0,0.0,SMLE,2026-04-06
125.0,136.0,120.0,135.0,9266600,0.0,0.0,SMLE,2026-04-07
135.0,140.0,126.0,138.0,6728300,0.0,0.0,SMLE,2026-04-08
138.0,138.0,133.0,135.0,571700,0.0,0.0,SMLE,2026-04-09
140.0,140.0,133.0,136.0,827200,0.0,0.0,SMLE,2026-04-10
136.0,140.0,128.0,140.0,700700,0.0,0.0,SMLE,2026-04-13
140.0,144.0,135.0,139.0,1159800,0.0,0.0,SMLE,2026-04-14
139.0,142.0,137.0,138.0,578300,0.0,0.0,SMLE,2026-04-15
139.0,142.0,134.0,138.0,870600,0.0,0.0,SMLE,2026-04-16
138.0,140.0,135.0,135.0,233400,0.0,0.0,SMLE,2026-04-17
135.0,147.0,135.0,137.0,3502500,0.0,0.0,SMLE,2026-04-20
137.0,145.0,128.0,137.0,1660700,0.0,0.0,SMLE,2026-04-21
135.0,141.0,135.0,136.0,474800,0.0,0.0,SMLE,2026-04-22
142.0,143.0,136.0,140.0,1390700,0.0,0.0,SMLE,2026-04-23
138.0,140.0,129.0,134.0,861600,0.0,0.0,SMLE,2026-04-24
132.0,137.0,115.0,130.0,817900,0.0,0.0,SMLE,2026-04-27
130.0,138.0,126.0,130.0,299200,0.0,0.0,SMLE,2026-04-28
134.0,137.0,129.0,133.0,337400,0.0,0.0,SMLE,2026-04-29
133.0,135.0,129.0,132.0,231100,0.0,0.0,SMLE,2026-04-30
129.0,132.0,128.0,132.0,294100,0.0,0.0,SMLE,2026-05-04
131.0,132.0,125.0,130.0,1471100,0.0,0.0,SMLE,2026-05-05
130.0,133.0,125.0,129.0,905100,0.0,0.0,SMLE,2026-05-06
127.0,131.0,125.0,125.0,591900,0.0,0.0,SMLE,2026-05-07
129.0,129.0,125.0,125.0,144800,0.0,0.0,SMLE,2026-05-08
120.0,124.0,119.0,123.0,637800,0.0,0.0,SMLE,2026-05-11
123.0,125.0,106.0,121.0,730000,0.0,0.0,SMLE,2026-05-12
115.0,121.0,115.0,117.0,156800,0.0,0.0,SMLE,2026-05-13
117.0,117.0,117.0,117.0,0,0.0,0.0,SMLE,2026-05-14
117.0,117.0,117.0,117.0,0,0.0,0.0,SMLE,2026-05-15
118.0,118.0,110.0,111.0,1099100,0.0,0.0,SMLE,2026-05-18
115.0,115.0,110.0,110.0,644000,0.0,0.0,SMLE,2026-05-19
110.0,112.0,106.0,112.0,544100,0.0,0.0,SMLE,2026-05-20
112.0,112.0,105.0,110.0,517900,0.0,0.0,SMLE,2026-05-21
102.0,110.0,98.0,102.0,746000,0.0,0.0,SMLE,2026-05-22
103.0,104.0,101.0,102.0,644600,0.0,0.0,SMLE,2026-05-25
102.0,103.0,100.0,101.0,108300,0.0,0.0,SMLE,2026-05-26
101.0,101.0,101.0,101.0,0,0.0,0.0,SMLE,2026-05-27
101.0,101.0,101.0,101.0,0,0.0,0.0,SMLE,2026-05-28
101.0,101.0,99.0,101.0,311200,0.0,0.0,SMLE,2026-05-29
101.0,101.0,99.0,99.0,175600,0.0,0.0,SMLE,2026-06-02
99.0,101.0,94.0,97.0,511200,0.0,0.0,SMLE,2026-06-03
95.0,96.0,83.0,84.0,86884800,0.0,0.0,SMLE,2026-06-04
84.0,84.0,74.0,79.0,1082000,0.0,0.0,SMLE,2026-06-05
74.0,74.0,68.0,69.0,16046900,0.0,0.0,SMLE,2026-06-08
69.0,85.0,69.0,85.0,5078300,0.0,0.0,SMLE,2026-06-09
87.0,114.0,85.0,100.0,28552000,0.0,0.0,SMLE,2026-06-10
101.0,105.0,87.0,91.0,25134600,0.0,0.0,SMLE,2026-06-11
90.0,93.0,88.0,92.0,1802700,0.0,0.0,SMLE,2026-06-12
92.0,97.0,90.0,95.0,22941700,0.0,0.0,SMLE,2026-06-15
98.0,99.0,90.0,95.0,2068100,0.0,0.0,SMLE,2026-06-17
95.0,95.0,90.0,94.0,1272500,0.0,0.0,SMLE,2026-06-18
94.0,126.0,93.0,97.0,11608400,0.0,0.0,SMLE,2026-06-19
97.0,113.0,96.0,102.0,18399800,0.0,0.0,SMLE,2026-06-22
104.0,104.0,95.0,99.0,1705900,0.0,0.0,SMLE,2026-06-23
98.0,100.0,92.0,96.0,21667400,0.0,0.0,SMLE,2026-06-24
100.0,112.0,92.0,99.0,29171500,0.0,0.0,SMLE,2026-06-25
98.0,104.0,96.0,100.0,960800,0.0,0.0,SMLE,2026-06-26
97.0,101.0,97.0,100.0,15463700,0.0,0.0,SMLE,2026-06-29
102.0,102.0,88.0,95.0,1196000,0.0,0.0,SMLE,2026-06-30
95.0,102.0,94.0,96.0,22399700,0.0,0.0,SMLE,2026-07-01
96.0,101.0,95.0,97.0,543100,0.0,0.0,SMLE,2026-07-02
97.0,107.0,96.0,101.0,19097400,0.0,0.0,SMLE,2026-07-03
100.0,117.0,98.0,102.0,47814200,0.0,0.0,SMLE,2026-07-06
103.0,115.0,101.0,109.0,4872900,0.0,0.0,SMLE,2026-07-07
109.0,116.0,105.0,115.0,19050600,0.0,0.0,SMLE,2026-07-08
115.0,115.0,108.0,111.0,11278700,0.0,0.0,SMLE,2026-07-09
111.0,114.0,108.0,108.0,11376000,0.0,0.0,SMLE,2026-07-10
109.0,138.0,107.0,127.0,29293200,0.0,0.0,SMLE,2026-07-13
127.0,135.0,118.0,130.0,13101300,0.0,0.0,SMLE,2026-07-14
129.0,132.0,125.0,128.0,13935100,0.0,0.0,SMLE,2026-07-15
131.0,146.0,127.0,144.0,13537000,0.0,0.0,SMLE,2026-07-16
146.0,148.0,140.0,144.0,11663400,0.0,0.0,SMLE,2026-07-17
144.0,151.0,142.0,148.0,11003500,0.0,0.0,SMLE,2026-07-20
148.0,150.0,140.0,144.0,9462200,0.0,0.0,SMLE,2026-07-21
144.0,150.0,142.0,149.0,9240400,0.0,0.0,SMLE,2026-07-22
152.0,152.0,144.0,146.0,11259200,0.0,0.0,SMLE,2026-07-23
147.0,147.0,137.0,142.0,7980900,0.0,0.0,SMLE,2026-07-24
142.0,165.0,138.0,159.0,16946600,0.0,0.0,SMLE,2026-07-27
159.0,162.0,154.0,159.0,9705900,0.0,0.0,SMLE,2026-07-28
158.0,159.0,151.0,154.0,7972800,0.0,0.0,SMLE,2026-07-29
153.0,158.0,145.0,158.0,8592600,0.0,0.0,SMLE,2026-07-30
157.0,161.0,155.0,157.0,8190300,0.0,0.0,SMLE,2026-07-31
160.0,164.0,157.0,160.0,10640700,0.0,0.0,SMLE,2026-08-03
162.0,162.0,158.0,160.0,8811700,0.0,0.0,SMLE,2026-08-04
162.0,177.0,155.0,176.0,21666100,0.0,0.0,SMLE,2026-08-05
176.0,177.0,170.0,175.0,19713700,0.0,0.0,SMLE,2026-08-06
175.0,179.0,161.0,164.0,16932400,0.0,0.0,SMLE,2026-08-07
165.0,170.0,163.0,168.0,19957900,0.0,0.0,SMLE,2026-08-10
170.0,174.0,164.0,169.0,21460000,0.0,0.0,SMLE,2026-08-11
171.0,182.0,165.0,178.0,17646800,0.0,0.0,SMLE,2026-08-12
184.0,184.0,174.0,177.0,19885900,0.0,0.0,SMLE,2026-08-13
174.0,174.0,164.0,168.0,19736600,0.0,0.0,SMLE,2026-08-14
166.0,179.0,164.0,172.0,22143700,0.0,0.0,SMLE,2026-08-18
167.0,167.0,153.0,163.0,23117100,0.0,0.0,SMLE,2026-08-19
165.0,178.0,164.0,172.0,24251300,0.0,0.0,SMLE,2026-08-20
174.0,174.0,155.0,157.0,22469300,0.0,0.0,SMLE,2026-08-21
157.0,157.0,146.0,154.0,22691800,0.0,0.0,SMLE,2026-08-24
154.0,166.0,148.0,156.0,26923800,0.0,0.0,SMLE,2026-08-26
157.0,165.0,149.0,165.0,19287700,0.0,0.0,SMLE,2026-08-27
165.0,166.0,160.0,164.0,20905800,0.0,0.0,SMLE,2026-08-28
165.0,185.0,164.0,179.0,35316200,0.0,0.0,SMLE,2026-08-31
179.0,188.0,172.0,177.0,28414200,0.0,0.0,SMLE,2026-09-01
177.0,183.0,174.0,182.0,42146200,0.0,0.0,SMLE,2026-09-02
183.0,194.0,182.0,190.0,57820100,0.0,0.0,SMLE,2026-09-03
191.0,192.0,186.0,190.0,39120400,0.0,0.0,SMLE,2026-09-04
194.0,198.0,188.0,192.0,25906900,0.0,0.0,SMLE,2026-09-07
194.0,198.0,187.0,190.0,33912400,0.0,0.0,SMLE,2026-09-08
191.0,197.0,187.0,196.0,41838300,0.0,0.0,SMLE,2026-09-09
197.0,202.0,189.0,191.0,26943400,0.0,0.0,SMLE,2026-09-10
191.0,191.0,182.0,185.0,19413200,0.0,0.0,SMLE,2026-09-11
185.0,212.0,183.0,206.0,68750500,0.0,0.0,SMLE,2026-09-14
208.0,226.0,200.0,220.0,60795100,0.0,0.0,SMLE,2026-09-15
220.0,226.0,206.0,214.0,29792500,0.0,0.0,SMLE,2026-09-16
222.0,222.0,202.0,214.0,16431000,0.0,0.0,SMLE,2026-09-17
214.0,224.0,208.0,210.0,20025500,0.0,0.0,SMLE,2026-09-18
210.0,228.0,208.0,222.0,35520600,0.0,0.0,SMLE,2026-09-21
40.0,44.0,40.0,44.0,1819900,0.0,0.0,BKDP,2025-12-01
46.0,46.0,46.0,46.0,1755600,0.0,0.0,BKDP,2025-12-02
46.0,46.0,45.0,45.0,460800,0.0,0.0,BKDP,2025-12-03
45.0,45.0,43.0,43.0,422400,0.0,0.0,BKDP,2025-12-04
43.0,43.0,42.0,42.0,1239800,0.0,0.0,BKDP,2025-12-05
42.0,42.0,42.0,42.0,1133600,0.0,0.0,BKDP,2025-12-08
42.0,46.0,42.0,46.0,23229400,0.0,0.0,BKDP,2025-12-09
48.0,48.0,44.0,44.0,4193600,0.0,0.0,BKDP,2025-12-10
44.0,44.0,43.0,43.0,354100,0.0,0.0,BKDP,2025-12-11
43.0,43.0,41.0,41.0,1236600,0.0,0.0,BKDP,2025-12-12
41.0,41.0,40.0,40.0,606900,0.0,0.0,BKDP,2025-12-15
41.0,42.0,41.0,42.0,600400,0.0,0.0,BKDP,2025-12-16
40.0,45.0,40.0,43.0,1711900,0.0,0.0,BKDP,2025-12-17
43.0,43.0,41.0,42.0,1579000,0.0,0.0,BKDP,2025-12-18
41.0,42.0,41.0,42.0,757100,0.0,0.0,BKDP,2025-12-19
42.0,46.0,42.0,46.0,4950100,0.0,0.0,BKDP,2025-12-22
46.0,46.0,43.0,43.0,2050700,0.0,0.0,BKDP,2025-12-23
43.0,47.0,43.0,47.0,6896800,0.0,0.0,BKDP,2025-12-24
45.0,45.0,44.0,44.0,2986400,0.0,0.0,BKDP,2025-12-29
44.0,44.0,43.0,43.0,1647100,0.0,0.0,BKDP,2025-12-30
43.0,43.0,42.0,42.0,1154100,0.0,0.0,BKDP,2026-01-02
43.0,43.0,43.0,43.0,2007800,0.0,0.0,BKDP,2026-01-05
43.0,44.0,43.0,44.0,1334500,0.0,0.0,BKDP,2026-01-06
45.0,46.0,45.0,46.0,1136900,0.0,0.0,BKDP,2026-01-07
47.0,48.0,47.0,48.0,3115100,0.0,0.0,BKDP,2026-01-08
52.0,52.0,52.0,52.0,4458000,0.0,0.0,BKDP,2026-01-09
57.0,57.0,57.0,57.0,5939500,0.0,0.0,BKDP,2026-01-12
62.0,62.0,62.0,62.0,7882900,0.0,0.0,BKDP,2026-01-13
57.0,68.0,57.0,68.0,10983400,0.0,0.0,BKDP,2026-01-14
74.0,74.0,74.0,74.0,4131400,0.0,0.0,BKDP,2026-01-15
67.0,73.0,67.0,73.0,8797700,0.0,0.0,BKDP,2026-01-19
68.0,68.0,66.0,68.0,4919700,0.0,0.0,BKDP,2026-01-20
64.0,64.0,62.0,62.0,3283300,0.0,0.0,BKDP,2026-01-21
57.0,57.0,57.0,57.0,5139900,0.0,0.0,BKDP,2026-01-22
53.0,53.0,52.0,52.0,2336300,0.0,0.0,BKDP,2026-01-23
50.0,57.0,50.0,57.0,5274500,0.0,0.0,BKDP,2026-01-26
59.0,60.0,59.0,59.0,2577000,0.0,0.0,BKDP,2026-01-27
55.0,55.0,54.0,54.0,1478900,0.0,0.0,BKDP,2026-01-28
49.0,51.0,49.0,51.0,1775600,0.0,0.0,BKDP,2026-01-29
51.0,56.0,51.0,56.0,1893400,0.0,0.0,BKDP,2026-01-30
53.0,53.0,51.0,51.0,1005000,0.0,0.0,BKDP,2026-02-02
51.0,54.0,51.0,54.0,808400,0.0,0.0,BKDP,2026-02-03
53.0,57.0,53.0,57.0,1228200,0.0,0.0,BKDP,2026-02-04
55.0,57.0,55.0,57.0,1281100,0.0,0.0,BKDP,2026-02-05
56.0,56.0,55.0,55.0,1122700,0.0,0.0,BKDP,2026-02-06
55.0,58.0,55.0,58.0,594100,0.0,0.0,BKDP,2026-02-09
58.0,62.0,58.0,60.0,2173500,0.0,0.0,BKDP,2026-02-10
59.0,60.0,58.0,60.0,836700,0.0,0.0,BKDP,2026-02-11
60.0,61.0,60.0,60.0,547500,0.0,0.0,BKDP,2026-02-12
59.0,62.0,59.0,62.0,1163700,0.0,0.0,BKDP,2026-02-13
68.0,68.0,68.0,68.0,6194400,0.0,0.0,BKDP,2026-02-18
70.0,72.0,69.0,69.0,2485500,0.0,0.0,BKDP,2026-02-19
69.0,72.0,69.0,72.0,1933400,0.0,0.0,BKDP,2026-02-20
79.0,79.0,79.0,79.0,5305300,0.0,0.0,BKDP,2026-02-23
85.0,86.0,85.0,86.0,8971500,0.0,0.0,BKDP,2026-02-24
87.0,87.0,86.0,86.0,4968700,0.0,0.0,BKDP,2026-02-25
86.0,92.0,82.0,92.0,5801900,0.0,0.0,BKDP,2026-02-26
83.0,83.0,83.0,83.0,2040100,0.0,0.0,BKDP,2026-02-27
75.0,75.0,75.0,75.0,369800,0.0,0.0,BKDP,2026-03-02
68.0,68.0,68.0,68.0,11353300,0.0,0.0,BKDP,2026-03-03
62.0,62.0,62.0,62.0,3921000,0.0,0.0,BKDP,2026-03-04
60.0,60.0,56.0,56.0,7871300,0.0,0.0,BKDP,2026-03-05
51.0,51.0,51.0,51.0,3971200,0.0,0.0,BKDP,2026-03-06
48.0,50.0,48.0,50.0,1511700,0.0,0.0,BKDP,2026-03-09
51.0,51.0,50.0,50.0,4727700,0.0,0.0,BKDP,2026-03-10
51.0,52.0,50.0,50.0,1760600,0.0,0.0,BKDP,2026-03-11
50.0,51.0,50.0,51.0,1473100,0.0,0.0,BKDP,2026-03-12
52.0,54.0,46.0,54.0,10050400,0.0,0.0,BKDP,2026-03-13
49.0,50.0,49.0,50.0,2586600,0.0,0.0,BKDP,2026-03-16
46.0,47.0,45.0,45.0,12197000,0.0,0.0,BKDP,2026-03-17
43.0,44.0,42.0,43.0,2187200,0.0,0.0,BKDP,2026-03-25
44.0,46.0,44.0,46.0,1401300,0.0,0.0,BKDP,2026-03-26
46.0,49.0,46.0,49.0,1062700,0.0,0.0,BKDP,2026-03-27
46.0,53.0,46.0,53.0,4527000,0.0,0.0,BKDP,2026-03-30
52.0,58.0,52.0,56.0,1658000,0.0,0.0,BKDP,2026-03-31
54.0,54.0,53.0,53.0,2290300,0.0,0.0,BKDP,2026-04-01
51.0,54.0,51.0,53.0,1344100,0.0,0.0,BKDP,2026-04-02
52.0,54.0,51.0,54.0,2331800,0.0,0.0,BKDP,2026-04-06
54.0,55.0,54.0,54.0,2464500,0.0,0.0,BKDP,2026-04-07
54.0,56.0,54.0,56.0,1060600,0.0,0.0,BKDP,2026-04-08
55.0,55.0,55.0,55.0,970200,0.0,0.0,BKDP,2026-04-09
55.0,58.0,55.0,57.0,1262000,0.0,0.0,BKDP,2026-04-10
56.0,57.0,56.0,57.0,745900,0.0,0.0,BKDP,2026-04-13
58.0,58.0,56.0,57.0,1021700,0.0,0.0,BKDP,2026-04-14
56.0,58.0,56.0,58.0,714800,0.0,0.0,BKDP,2026-04-15
58.0,61.0,58.0,61.0,1305400,0.0,0.0,BKDP,2026-04-16
61.0,63.0,61.0,63.0,1418800,0.0,0.0,BKDP,2026-04-17
68.0,68.0,64.0,64.0,2015800,0.0,0.0,BKDP,2026-04-20
66.0,68.0,66.0,68.0,2936500,0.0,0.0,BKDP,2026-04-21
68.0,70.0,68.0,70.0,5583000,0.0,0.0,BKDP,2026-04-22
71.0,71.0,70.0,70.0,1646500,0.0,0.0,BKDP,2026-04-23
70.0,70.0,63.0,63.0,2867000,0.0,0.0,BKDP,2026-04-24
67.0,69.0,67.0,69.0,2157800,0.0,0.0,BKDP,2026-04-27
72.0,73.0,71.0,72.0,3764100,0.0,0.0,BKDP,2026-04-28
72.0,74.0,72.0,74.0,5279400,0.0,0.0,BKDP,2026-04-29
74.0,75.0,73.0,75.0,2727300,0.0,0.0,BKDP,2026-04-30
76.0,77.0,76.0,77.0,1997700,0.0,0.0,BKDP,2026-05-04
78.0,81.0,78.0,81.0,2078300,0.0,0.0,BKDP,2026-05-05
85.0,87.0,85.0,85.0,4761800,0.0,0.0,BKDP,2026-05-06
85.0,88.0,85.0,86.0,2204900,0.0,0.0,BKDP,2026-05-07
88.0,94.0,88.0,94.0,5334700,0.0,0.0,BKDP,2026-05-08
99.0,99.0,90.0,94.0,4741700,0.0,0.0,BKDP,2026-05-11
98.0,103.0,98.0,103.0,9756800,0.0,0.0,BKDP,2026-05-12
103.0,103.0,103.0,103.0,0,0.0,0.0,BKDP,2026-05-13
103.0,103.0,103.0,103.0,0,0.0,0.0,BKDP,2026-05-14
103.0,103.0,103.0,103.0,0,0.0,0.0,BKDP,2026-05-15
105.0,112.0,105.0,112.0,14639000,0.0,0.0,BKDP,2026-05-18
119.0,119.0,102.0,105.0,6589600,0.0,0.0,BKDP,2026-05-19
98.0,105.0,98.0,105.0,4006600,0.0,0.0,BKDP,2026-05-20
105.0,105.0,96.0,96.0,8049800,0.0,0.0,BKDP,2026-05-21
87.0,104.0,87.0,104.0,3999500,0.0,0.0,BKDP,2026-05-22
110.0,114.0,110.0,114.0,7608100,0.0,0.0,BKDP,2026-05-25
120.0,125.0,120.0,125.0,8340400,0.0,0.0,BKDP,2026-05-26
125.0,125.0,125.0,125.0,0,0.0,0.0,BKDP,2026-05-27
125.0,125.0,125.0,125.0,0,0.0,0.0,BKDP,2026-05-28
125.0,125.0,125.0,125.0,0,0.0,0.0,BKDP,2026-05-29
125.0,125.0,125.0,125.0,0,0.0,0.0,BKDP,2026-06-01
125.0,125.0,125.0,125.0,0,0.0,0.0,BKDP,2026-06-02
125.0,125.0,125.0,125.0,0,0.0,0.0,BKDP,2026-06-03
125.0,125.0,125.0,125.0,0,0.0,0.0,BKDP,2026-06-04
125.0,125.0,125.0,125.0,0,0.0,0.0,BKDP,2026-06-05
125.0,125.0,125.0,125.0,0,0.0,0.0,BKDP,2026-06-08
125.0,125.0,125.0,125.0,0,0.0,0.0,BKDP,2026-06-09
125.0,125.0,125.0,125.0,0,0.0,0.0,BKDP,2026-06-10
125.0,125.0,125.0,125.0,0,0.0,0.0,BKDP,2026-06-11
125.0,125.0,125.0,125.0,0,0.0,0.0,BKDP,2026-06-12
125.0,125.0,125.0,125.0,0,0.0,0.0,BKDP,2026-06-15
125.0,125.0,125.0,125.0,0,0.0,0.0,BKDP,2026-06-16
125.0,125.0,125.0,125.0,0,0.0,0.0,BKDP,2026-06-17
125.0,125.0,125.0,125.0,0,0.0,0.0,BKDP,2026-06-18
125.0,125.0,125.0,125.0,0,0.0,0.0,BKDP,2026-06-19
125.0,125.0,125.0,125.0,0,0.0,0.0,BKDP,2026-06-22
125.0,125.0,125.0,125.0,0,0.0,0.0,BKDP,2026-06-23
125.0,125.0,125.0,125.0,0,0.0,0.0,BKDP,2026-06-24
125.0,125.0,125.0,125.0,0,0.0,0.0,BKDP,2026-06-25
125.0,125.0,125.0,125.0,0,0.0,0.0,BKDP,2026-06-26
125.0,125.0,125.0,125.0,0,0.0,0.0,BKDP,2026-06-29
113.0,113.0,113.0,113.0,134400,0.0,0.0,BKDP,2026-06-30
102.0,102.0,102.0,102.0,14300,0.0,0.0,BKDP,2026-07-01
92.0,92.0,92.0,92.0,262200,0.0,0.0,BKDP,2026-07-02
92.0,92.0,83.0,83.0,8847900,0.0,0.0,BKDP,2026-07-03
78.0,90.0,76.0,90.0,7757800,0.0,0.0,BKDP,2026-07-06
85.0,90.0,85.0,90.0,4341400,0.0,0.0,BKDP,2026-07-07
95.0,99.0,90.0,90.0,6106200,0.0,0.0,BKDP,2026-07-08
90.0,90.0,77.0,77.0,24178400,0.0,0.0,BKDP,2026-07-09
77.0,103.0,77.0,103.0,45850100,0.0,0.0,BKDP,2026-07-10
130.0,139.0,105.0,135.0,117770600,0.0,0.0,BKDP,2026-07-13
135.0,172.0,118.0,148.0,104376500,0.0,0.0,BKDP,2026-07-14
148.0,155.0,136.0,144.0,35465000,0.0,0.0,BKDP,2026-07-15
147.0,162.0,138.0,156.0,44317100,0.0,0.0,BKDP,2026-07-16
164.0,164.0,148.0,151.0,19371300,0.0,0.0,BKDP,2026-07-17
151.0,151.0,142.0,145.0,18716700,0.0,0.0,BKDP,2026-07-20
147.0,159.0,144.0,155.0,26808300,0.0,0.0,BKDP,2026-07-21
157.0,160.0,149.0,158.0,9587500,0.0,0.0,BKDP,2026-07-22
155.0,159.0,152.0,152.0,4921300,0.0,0.0,BKDP,2026-07-23
153.0,154.0,148.0,149.0,1455900,0.0,0.0,BKDP,2026-07-24
149.0,151.0,146.0,146.0,1416800,0.0,0.0,BKDP,2026-07-27
146.0,180.0,141.0,169.0,72470300,0.0,0.0,BKDP,2026-07-28
169.0,169.0,169.0,169.0,0,0.0,0.0,BKDP,2026-07-29
169.0,169.0,169.0,169.0,0,0.0,0.0,BKDP,2026-07-30
169.0,169.0,169.0,169.0,0,0.0,0.0,BKDP,2026-07-31
169.0,169.0,169.0,169.0,0,0.0,0.0,BKDP,2026-08-03
169.0,169.0,169.0,169.0,0,0.0,0.0,BKDP,2026-08-04
169.0,169.0,169.0,169.0,0,0.0,0.0,BKDP,2026-08-05
169.0,169.0,169.0,169.0,0,0.0,0.0,BKDP,2026-08-06
169.0,169.0,169.0,169.0,0,0.0,0.0,BKDP,2026-08-07
169.0,169.0,169.0,169.0,0,0.0,0.0,BKDP,2026-08-10
169.0,169.0,169.0,169.0,0,0.0,0.0,BKDP,2026-08-11
169.0,169.0,169.0,169.0,0,0.0,0.0,BKDP,2026-08-12
169.0,169.0,169.0,169.0,0,0.0,0.0,BKDP,2026-08-13
169.0,169.0,169.0,169.0,0,0.0,0.0,BKDP,2026-08-14
169.0,169.0,169.0,169.0,0,0.0,0.0,BKDP,2026-08-17
169.0,169.0,169.0,169.0,0,0.0,0.0,BKDP,2026-08-18
169.0,169.0,169.0,169.0,0,0.0,0.0,BKDP,2026-08-19
169.0,169.0,169.0,169.0,0,0.0,0.0,BKDP,2026-08-20
169.0,169.0,169.0,169.0,0,0.0,0.0,BKDP,2026-08-21
169.0,169.0,169.0,169.0,0,0.0,0.0,BKDP,2026-08-24
169.0,169.0,169.0,169.0,0,0.0,0.0,BKDP,2026-08-25
169.0,169.0,169.0,169.0,0,0.0,0.0,BKDP,2026-08-26
169.0,169.0,169.0,169.0,0,0.0,0.0,BKDP,2026-08-27
153.0,153.0,153.0,153.0,219500,0.0,0.0,BKDP,2026-08-28
138.0,138.0,138.0,138.0,632000,0.0,0.0,BKDP,2026-08-31
132.0,151.0,132.0,151.0,12251000,0.0,0.0,BKDP,2026-09-01
142.0,144.0,137.0,144.0,2502800,0.0,0.0,BKDP,2026-09-02
144.0,152.0,144.0,150.0,2283200,0.0,0.0,BKDP,2026-09-03
150.0,160.0,150.0,160.0,4200800,0.0,0.0,BKDP,2026-09-04
169.0,169.0,162.0,167.0,4107300,0.0,0.0,BKDP,2026-09-07
170.0,224.0,161.0,200.0,231399000,0.0,0.0,BKDP,2026-09-08
200.0,212.0,190.0,191.0,40129400,0.0,0.0,BKDP,2026-09-09
194.0,196.0,171.0,174.0,34982100,0.0,0.0,BKDP,2026-09-10
170.0,174.0,160.0,170.0,39912200,0.0,0.0,BKDP,2026-09-11
174.0,204.0,165.0,191.0,101291200,0.0,0.0,BKDP,2026-09-14
193.0,210.0,190.0,198.0,51226900,0.0,0.0,BKDP,2026-09-15
197.0,202.0,178.0,178.0,14726600,0.0,0.0,BKDP,2026-09-16
190.0,196.0,171.0,176.0,20191800,0.0,0.0,BKDP,2026-09-17
180.0,181.0,164.0,168.0,8291600,0.0,0.0,BKDP,2026-09-18
171.0,186.0,162.0,179.0,37755700,0.0,0.0,BKDP,2026-09-21
127.0,132.0,125.0,129.0,3283200,0.0,0.0,VERN,2025-12-01
132.0,139.0,127.0,134.0,9256400,0.0,0.0,VERN,2025-12-02
134.0,137.0,131.0,133.0,3540700,0.0,0.0,VERN,2025-12-03
134.0,134.0,129.0,130.0,1568600,0.0,0.0,VERN,2025-12-04
131.0,137.0,128.0,136.0,5052600,0.0,0.0,VERN,2025-12-05
137.0,138.0,132.0,135.0,3276900,0.0,0.0,VERN,2025-12-08
136.0,136.0,131.0,132.0,2019700,0.0,0.0,VERN,2025-12-09
131.0,131.0,127.0,129.0,1711700,0.0,0.0,VERN,2025-12-10
130.0,130.0,123.0,126.0,2952200,0.0,0.0,VERN,2025-12-11
125.0,127.0,123.0,123.0,1329400,0.0,0.0,VERN,2025-12-12
124.0,140.0,124.0,132.0,11404700,0.0,0.0,VERN,2025-12-15
134.0,141.0,130.0,130.0,9168200,0.0,0.0,VERN,2025-12-16
130.0,137.0,128.0,132.0,2374600,0.0,0.0,VERN,2025-12-17
132.0,135.0,129.0,130.0,1154000,0.0,0.0,VERN,2025-12-18
130.0,132.0,127.0,127.0,1969700,0.0,0.0,VERN,2025-12-19
128.0,128.0,123.0,124.0,2420100,0.0,0.0,VERN,2025-12-22
123.0,129.0,123.0,124.0,401000,0.0,0.0,VERN,2025-12-23
123.0,126.0,121.0,123.0,1262000,0.0,0.0,VERN,2025-12-24
122.0,124.0,121.0,123.0,525700,0.0,0.0,VERN,2025-12-29
122.0,125.0,121.0,123.0,604600,0.0,0.0,VERN,2025-12-30
124.0,128.0,123.0,124.0,2138600,0.0,0.0,VERN,2026-01-02
123.0,126.0,122.0,125.0,4042500,0.0,0.0,VERN,2026-01-05
125.0,126.0,122.0,124.0,1029500,0.0,0.0,VERN,2026-01-06
125.0,125.0,122.0,124.0,640500,0.0,0.0,VERN,2026-01-07
124.0,124.0,122.0,123.0,812200,0.0,0.0,VERN,2026-01-08
123.0,124.0,122.0,124.0,1124200,0.0,0.0,VERN,2026-01-09
125.0,125.0,122.0,123.0,1368300,0.0,0.0,VERN,2026-01-12
125.0,125.0,121.0,124.0,659200,0.0,0.0,VERN,2026-01-13
124.0,124.0,122.0,122.0,869100,0.0,0.0,VERN,2026-01-14
123.0,131.0,121.0,126.0,11242400,0.0,0.0,VERN,2026-01-15
127.0,130.0,124.0,125.0,2392800,0.0,0.0,VERN,2026-01-19
126.0,146.0,124.0,131.0,54136200,0.0,0.0,VERN,2026-01-20
133.0,133.0,125.0,126.0,7176400,0.0,0.0,VERN,2026-01-21
127.0,133.0,125.0,129.0,2464000,0.0,0.0,VERN,2026-01-22
129.0,130.0,121.0,124.0,3573600,0.0,0.0,VERN,2026-01-23
124.0,128.0,121.0,122.0,2156700,0.0,0.0,VERN,2026-01-26
122.0,125.0,119.0,119.0,1748300,0.0,0.0,VERN,2026-01-27
118.0,118.0,102.0,105.0,5329200,0.0,0.0,VERN,2026-01-28
105.0,105.0,90.0,103.0,2520400,0.0,0.0,VERN,2026-01-29
102.0,111.0,102.0,110.0,1136000,0.0,0.0,VERN,2026-01-30
111.0,111.0,94.0,95.0,1200700,0.0,0.0,VERN,2026-02-02
97.0,112.0,96.0,103.0,1181200,0.0,0.0,VERN,2026-02-03
103.0,106.0,98.0,101.0,664400,0.0,0.0,VERN,2026-02-04
103.0,107.0,100.0,103.0,605400,0.0,0.0,VERN,2026-02-05
105.0,105.0,98.0,102.0,885300,0.0,0.0,VERN,2026-02-06
100.0,108.0,99.0,100.0,2078900,0.0,0.0,VERN,2026-02-09
105.0,107.0,100.0,103.0,558800,0.0,0.0,VERN,2026-02-10
102.0,115.0,101.0,112.0,3799100,0.0,0.0,VERN,2026-02-11
112.0,113.0,109.0,110.0,673000,0.0,0.0,VERN,2026-02-12
111.0,113.0,108.0,110.0,356400,0.0,0.0,VERN,2026-02-13
110.0,113.0,108.0,110.0,272000,0.0,0.0,VERN,2026-02-18
110.0,118.0,110.0,118.0,3195300,0.0,0.0,VERN,2026-02-19
117.0,118.0,114.0,114.0,414900,0.0,0.0,VERN,2026-02-20
114.0,118.0,114.0,114.0,393200,0.0,0.0,VERN,2026-02-23
116.0,116.0,112.0,114.0,491300,0.0,0.0,VERN,2026-02-24
114.0,115.0,112.0,115.0,249000,0.0,0.0,VERN,2026-02-25
115.0,115.0,111.0,111.0,786200,0.0,0.0,VERN,2026-02-26
110.0,111.0,109.0,109.0,310000,0.0,0.0,VERN,2026-02-27
107.0,107.0,93.0,99.0,3045300,0.0,0.0,VERN,2026-03-02
100.0,100.0,91.0,99.0,1286100,0.0,0.0,VERN,2026-03-03
99.0,99.0,92.0,93.0,2903500,0.0,0.0,VERN,2026-03-04
94.0,98.0,90.0,94.0,1059200,0.0,0.0,VERN,2026-03-05
98.0,98.0,92.0,94.0,614900,0.0,0.0,VERN,2026-03-06
94.0,94.0,85.0,87.0,1112900,0.0,0.0,VERN,2026-03-09
90.0,97.0,83.0,91.0,2157200,0.0,0.0,VERN,2026-03-10
91.0,97.0,87.0,89.0,841100,0.0,0.0,VERN,2026-03-11
89.0,94.0,87.0,89.0,808900,0.0,0.0,VERN,2026-03-12
87.0,93.0,86.0,87.0,1070900,0.0,0.0,VERN,2026-03-13
87.0,89.0,84.0,88.0,585600,0.0,0.0,VERN,2026-03-16
88.0,97.0,85.0,91.0,356200,0.0,0.0,VERN,2026-03-17
91.0,101.0,88.0,100.0,2140700,0.0,0.0,VERN,2026-03-25
103.0,103.0,97.0,103.0,580600,0.0,0.0,VERN,2026-03-26
102.0,104.0,99.0,102.0,132200,0.0,0.0,VERN,2026-03-27
101.0,102.0,98.0,101.0,258600,0.0,0.0,VERN,2026-03-30
102.0,106.0,99.0,104.0,2025600,0.0,0.0,VERN,2026-03-31
104.0,115.0,104.0,114.0,2372700,0.0,0.0,VERN,2026-04-01
113.0,136.0,112.0,130.0,28034400,0.0,0.0,VERN,2026-04-02
130.0,139.0,126.0,133.0,14198300,0.0,0.0,VERN,2026-04-06
134.0,137.0,131.0,135.0,14418800,0.0,0.0,VERN,2026-04-07
135.0,144.0,132.0,138.0,13120300,0.0,0.0,VERN,2026-04-08
138.0,143.0,136.0,139.0,8548900,0.0,0.0,VERN,2026-04-09
139.0,144.0,135.0,135.0,9741600,0.0,0.0,VERN,2026-04-10
135.0,139.0,130.0,137.0,7077500,0.0,0.0,VERN,2026-04-13
138.0,140.0,136.0,138.0,7659300,0.0,0.0,VERN,2026-04-14
138.0,141.0,135.0,138.0,9756500,0.0,0.0,VERN,2026-04-15
138.0,141.0,137.0,137.0,6637100,0.0,0.0,VERN,2026-04-16
139.0,144.0,137.0,137.0,8767900,0.0,0.0,VERN,2026-04-17
138.0,141.0,136.0,138.0,7074600,0.0,0.0,VERN,2026-04-20
139.0,149.0,138.0,138.0,14110000,0.0,0.0,VERN,2026-04-21
143.0,149.0,138.0,142.0,13171100,0.0,0.0,VERN,2026-04-22
142.0,146.0,141.0,144.0,6992500,0.0,0.0,VERN,2026-04-23
147.0,147.0,137.0,137.0,9840500,0.0,0.0,VERN,2026-04-24
140.0,146.0,137.0,141.0,7716600,0.0,0.0,VERN,2026-04-27
142.0,144.0,138.0,140.0,6760200,0.0,0.0,VERN,2026-04-28
139.0,142.0,139.0,141.0,7439200,0.0,0.0,VERN,2026-04-29
143.0,143.0,134.0,136.0,8211300,0.0,0.0,VERN,2026-04-30
136.0,143.0,135.0,138.0,7041700,0.0,0.0,VERN,2026-05-04
140.0,142.0,138.0,138.0,6481600,0.0,0.0,VERN,2026-05-05
138.0,141.0,138.0,139.0,6611700,0.0,0.0,VERN,2026-05-06
141.0,144.0,140.0,140.0,8336900,0.0,0.0,VERN,2026-05-07
141.0,141.0,138.0,139.0,6573900,0.0,0.0,VERN,2026-05-08
139.0,141.0,136.0,139.0,6166800,0.0,0.0,VERN,2026-05-11
142.0,142.0,136.0,137.0,9475200,0.0,0.0,VERN,2026-05-12
139.0,148.0,138.0,143.0,11158600,0.0,0.0,VERN,2026-05-13
143.0,143.0,143.0,143.0,0,0.0,0.0,VERN,2026-05-14
143.0,143.0,143.0,143.0,0,0.0,0.0,VERN,2026-05-15
143.0,145.0,137.0,139.0,8464500,0.0,0.0,VERN,2026-05-18
140.0,142.0,130.0,134.0,9558200,0.0,0.0,VERN,2026-05-19
130.0,133.0,121.0,123.0,8795000,0.0,0.0,VERN,2026-05-20
124.0,125.0,112.0,115.0,1373800,0.0,0.0,VERN,2026-05-21
114.0,120.0,114.0,119.0,677900,0.0,0.0,VERN,2026-05-22
118.0,135.0,118.0,125.0,477000,0.0,0.0,VERN,2026-05-25
127.0,129.0,120.0,124.0,659300,0.0,0.0,VERN,2026-05-26
124.0,124.0,124.0,124.0,0,0.0,0.0,VERN,2026-05-27
124.0,124.0,124.0,124.0,0,0.0,0.0,VERN,2026-05-28
120.0,123.0,120.0,121.0,300800,0.0,0.0,VERN,2026-05-29
120.0,121.0,119.0,119.0,299100,0.0,0.0,VERN,2026-06-02
120.0,120.0,109.0,114.0,9305400,0.0,0.0,VERN,2026-06-03
122.0,122.0,109.0,115.0,767000,0.0,0.0,VERN,2026-06-04
116.0,116.0,110.0,113.0,552400,0.0,0.0,VERN,2026-06-05
115.0,122.0,109.0,112.0,1556900,0.0,0.0,VERN,2026-06-08
120.0,120.0,112.0,118.0,2516000,0.0,0.0,VERN,2026-06-09
116.0,121.0,115.0,120.0,157600,0.0,0.0,VERN,2026-06-10
115.0,121.0,115.0,120.0,252900,0.0,0.0,VERN,2026-06-11
120.0,121.0,116.0,120.0,81200,0.0,0.0,VERN,2026-06-12
119.0,128.0,116.0,128.0,12990800,0.0,0.0,VERN,2026-06-15
128.0,143.0,127.0,140.0,18296100,0.0,0.0,VERN,2026-06-17
142.0,143.0,135.0,139.0,10665600,0.0,0.0,VERN,2026-06-18
139.0,141.0,137.0,140.0,7164100,0.0,0.0,VERN,2026-06-19
140.0,140.0,135.0,138.0,8003200,0.0,0.0,VERN,2026-06-22
139.0,140.0,135.0,139.0,7292800,0.0,0.0,VERN,2026-06-23
139.0,141.0,136.0,138.0,6635600,0.0,0.0,VERN,2026-06-24
138.0,140.0,135.0,138.0,7156100,0.0,0.0,VERN,2026-06-25
140.0,140.0,132.0,136.0,7674600,0.0,0.0,VERN,2026-06-26
140.0,140.0,134.0,134.0,7089300,0.0,0.0,VERN,2026-06-29
137.0,137.0,131.0,132.0,6992200,0.0,0.0,VERN,2026-06-30
132.0,135.0,131.0,133.0,6639600,0.0,0.0,VERN,2026-07-01
132.0,135.0,130.0,135.0,311800,0.0,0.0,VERN,2026-07-02
136.0,136.0,131.0,135.0,3149200,0.0,0.0,VERN,2026-07-03
139.0,141.0,135.0,137.0,2735300,0.0,0.0,VERN,2026-07-06
137.0,144.0,136.0,144.0,12086600,0.0,0.0,VERN,2026-07-07
145.0,150.0,144.0,150.0,13758200,0.0,0.0,VERN,2026-07-08
150.0,152.0,146.0,150.0,4840900,0.0,0.0,VERN,2026-07-09
150.0,150.0,141.0,147.0,3506500,0.0,0.0,VERN,2026-07-10
147.0,160.0,146.0,160.0,12174300,0.0,0.0,VERN,2026-07-13
161.0,194.0,160.0,193.0,48798600,0.0,0.0,VERN,2026-07-14
194.0,222.0,190.0,204.0,102448500,0.0,0.0,VERN,2026-07-15
206.0,208.0,187.0,200.0,41029600,0.0,0.0,VERN,2026-07-16
200.0,208.0,190.0,197.0,15319000,0.0,0.0,VERN,2026-07-17
197.0,212.0,197.0,212.0,15001900,0.0,0.0,VERN,2026-07-20
204.0,212.0,200.0,200.0,6754700,0.0,0.0,VERN,2026-07-21
202.0,204.0,197.0,200.0,4843500,0.0,0.0,VERN,2026-07-22
200.0,204.0,199.0,202.0,5440800,0.0,0.0,VERN,2026-07-23
200.0,200.0,195.0,200.0,1217400,0.0,0.0,VERN,2026-07-24
199.0,202.0,193.0,193.0,2663900,0.0,0.0,VERN,2026-07-27
193.0,206.0,193.0,199.0,3346100,0.0,0.0,VERN,2026-07-28
198.0,200.0,194.0,194.0,2464700,0.0,0.0,VERN,2026-07-29
202.0,202.0,194.0,200.0,3247300,0.0,0.0,VERN,2026-07-30
200.0,202.0,193.0,197.0,1872100,0.0,0.0,VERN,2026-07-31
194.0,210.0,194.0,200.0,7323000,0.0,0.0,VERN,2026-08-03
200.0,212.0,200.0,210.0,9564800,0.0,0.0,VERN,2026-08-04
214.0,232.0,212.0,218.0,28307800,0.0,0.0,VERN,2026-08-05
218.0,218.0,202.0,202.0,7615100,0.0,0.0,VERN,2026-08-06
204.0,208.0,197.0,202.0,2788300,0.0,0.0,VERN,2026-08-07
200.0,208.0,200.0,204.0,7956900,0.0,0.0,VERN,2026-08-10
206.0,208.0,202.0,206.0,9906400,0.0,0.0,VERN,2026-08-11
208.0,208.0,204.0,208.0,10732600,0.0,0.0,VERN,2026-08-12
208.0,218.0,206.0,214.0,12719400,0.0,0.0,VERN,2026-08-13
214.0,232.0,212.0,232.0,33192300,0.0,0.0,VERN,2026-08-14
230.0,246.0,228.0,238.0,19825700,0.0,0.0,VERN,2026-08-18
238.0,240.0,228.0,228.0,9368200,0.0,0.0,VERN,2026-08-19
228.0,232.0,224.0,228.0,6135700,0.0,0.0,VERN,2026-08-20
228.0,246.0,226.0,246.0,30485500,0.0,0.0,VERN,2026-08-21
246.0,250.0,230.0,240.0,14479500,0.0,0.0,VERN,2026-08-24
240.0,240.0,230.0,236.0,7683000,0.0,0.0,VERN,2026-08-26
236.0,258.0,232.0,254.0,31893900,0.0,0.0,VERN,2026-08-27
254.0,254.0,248.0,250.0,6647900,0.0,0.0,VERN,2026-08-28
254.0,254.0,240.0,250.0,10897300,0.0,0.0,VERN,2026-08-31
246.0,258.0,242.0,252.0,8132700,0.0,0.0,VERN,2026-09-01
250.0,254.0,248.0,250.0,8534700,0.0,0.0,VERN,2026-09-02
250.0,250.0,232.0,240.0,12672300,0.0,0.0,VERN,2026-09-03
238.0,240.0,232.0,240.0,9498700,0.0,0.0,VERN,2026-09-04
238.0,242.0,236.0,242.0,8330900,0.0,0.0,VERN,2026-09-07
240.0,240.0,232.0,234.0,4463400,0.0,0.0,VERN,2026-09-08
234.0,234.0,218.0,230.0,12153000,0.0,0.0,VERN,2026-09-09
228.0,236.0,222.0,230.0,9891100,0.0,0.0,VERN,2026-09-10
230.0,240.0,220.0,232.0,15633700,0.0,0.0,VERN,2026-09-11
230.0,232.0,218.0,228.0,6949400,0.0,0.0,VERN,2026-09-14
224.0,228.0,222.0,226.0,7201100,0.0,0.0,VERN,2026-09-15
226.0,226.0,220.0,224.0,5685300,0.0,0.0,VERN,2026-09-16
224.0,226.0,220.0,226.0,7552500,0.0,0.0,VERN,2026-09-17
226.0,230.0,220.0,230.0,8965300,0.0,0.0,VERN,2026-09-18
230.0,244.0,230.0,244.0,27946200,0.0,0.0,VERN,2026-09-21
104.0,106.0,103.0,105.0,1474800,0.0,0.0,PSDN,2025-12-01
105.0,122.0,104.0,107.0,105551700,0.0,0.0,PSDN,2025-12-02
107.0,109.0,104.0,106.0,7145700,0.0,0.0,PSDN,2025-12-03
106.0,106.0,104.0,106.0,3421700,0.0,0.0,PSDN,2025-12-04
120.0,143.0,114.0,143.0,198232100,0.0,0.0,PSDN,2025-12-05
173.0,187.0,140.0,140.0,174557500,0.0,0.0,PSDN,2025-12-08
140.0,141.0,128.0,135.0,18680700,0.0,0.0,PSDN,2025-12-09
136.0,137.0,130.0,133.0,10368200,0.0,0.0,PSDN,2025-12-10
134.0,149.0,125.0,148.0,78440400,0.0,0.0,PSDN,2025-12-11
144.0,153.0,142.0,145.0,44629500,0.0,0.0,PSDN,2025-12-12
145.0,145.0,129.0,129.0,15598600,0.0,0.0,PSDN,2025-12-15
130.0,133.0,122.0,128.0,6434100,0.0,0.0,PSDN,2025-12-16
129.0,132.0,127.0,129.0,2912200,0.0,0.0,PSDN,2025-12-17
129.0,162.0,127.0,160.0,139653500,0.0,0.0,PSDN,2025-12-18
186.0,202.0,136.0,136.0,205919200,0.0,0.0,PSDN,2025-12-19
137.0,139.0,128.0,133.0,7244200,0.0,0.0,PSDN,2025-12-22
135.0,137.0,130.0,135.0,8072800,0.0,0.0,PSDN,2025-12-23
136.0,136.0,129.0,131.0,5749000,0.0,0.0,PSDN,2025-12-24
133.0,134.0,127.0,132.0,3908200,0.0,0.0,PSDN,2025-12-29
132.0,135.0,127.0,130.0,9989800,0.0,0.0,PSDN,2025-12-30
129.0,138.0,128.0,135.0,8743300,0.0,0.0,PSDN,2026-01-02
135.0,135.0,131.0,133.0,8512100,0.0,0.0,PSDN,2026-01-05
134.0,144.0,133.0,144.0,15406600,0.0,0.0,PSDN,2026-01-06
144.0,144.0,136.0,136.0,6159400,0.0,0.0,PSDN,2026-01-07
138.0,143.0,136.0,143.0,5476800,0.0,0.0,PSDN,2026-01-08
143.0,144.0,139.0,141.0,4749700,0.0,0.0,PSDN,2026-01-09
142.0,143.0,134.0,138.0,8826000,0.0,0.0,PSDN,2026-01-12
139.0,140.0,135.0,137.0,890100,0.0,0.0,PSDN,2026-01-13
137.0,138.0,135.0,136.0,1052100,0.0,0.0,PSDN,2026-01-14
136.0,140.0,136.0,138.0,2372200,0.0,0.0,PSDN,2026-01-15
137.0,156.0,137.0,154.0,27929400,0.0,0.0,PSDN,2026-01-19
154.0,175.0,144.0,156.0,29550500,0.0,0.0,PSDN,2026-01-20
156.0,157.0,145.0,150.0,5619500,0.0,0.0,PSDN,2026-01-21
154.0,160.0,144.0,150.0,9870000,0.0,0.0,PSDN,2026-01-22
150.0,154.0,145.0,147.0,6421700,0.0,0.0,PSDN,2026-01-23
147.0,149.0,141.0,146.0,1502500,0.0,0.0,PSDN,2026-01-26
147.0,149.0,135.0,144.0,4641900,0.0,0.0,PSDN,2026-01-27
142.0,144.0,123.0,123.0,3535500,0.0,0.0,PSDN,2026-01-28
121.0,129.0,105.0,118.0,9405900,0.0,0.0,PSDN,2026-01-29
130.0,130.0,118.0,122.0,1040300,0.0,0.0,PSDN,2026-01-30
123.0,124.0,105.0,107.0,924500,0.0,0.0,PSDN,2026-02-02
100.0,114.0,100.0,112.0,468500,0.0,0.0,PSDN,2026-02-03
115.0,127.0,112.0,119.0,8137500,0.0,0.0,PSDN,2026-02-04
120.0,127.0,113.0,121.0,3356800,0.0,0.0,PSDN,2026-02-05
123.0,126.0,118.0,121.0,1053700,0.0,0.0,PSDN,2026-02-06
121.0,121.0,113.0,117.0,750900,0.0,0.0,PSDN,2026-02-09
113.0,130.0,113.0,127.0,9826600,0.0,0.0,PSDN,2026-02-10
128.0,129.0,123.0,124.0,968600,0.0,0.0,PSDN,2026-02-11
125.0,126.0,122.0,122.0,565100,0.0,0.0,PSDN,2026-02-12
124.0,128.0,121.0,127.0,1304900,0.0,0.0,PSDN,2026-02-13
134.0,135.0,123.0,127.0,6393400,0.0,0.0,PSDN,2026-02-18
128.0,130.0,126.0,127.0,881200,0.0,0.0,PSDN,2026-02-19
129.0,130.0,124.0,127.0,447000,0.0,0.0,PSDN,2026-02-20
128.0,129.0,125.0,125.0,431800,0.0,0.0,PSDN,2026-02-23
125.0,138.0,125.0,134.0,10007200,0.0,0.0,PSDN,2026-02-24
137.0,137.0,127.0,131.0,2070500,0.0,0.0,PSDN,2026-02-25
133.0,133.0,124.0,129.0,657000,0.0,0.0,PSDN,2026-02-26
129.0,150.0,117.0,117.0,15309900,0.0,0.0,PSDN,2026-02-27
114.0,120.0,107.0,114.0,7892700,0.0,0.0,PSDN,2026-03-02
111.0,118.0,111.0,115.0,500600,0.0,0.0,PSDN,2026-03-03
110.0,115.0,98.0,102.0,3324000,0.0,0.0,PSDN,2026-03-04
110.0,125.0,102.0,113.0,3986000,0.0,0.0,PSDN,2026-03-05
140.0,145.0,102.0,102.0,86428400,0.0,0.0,PSDN,2026-03-06
100.0,128.0,88.0,102.0,62494100,0.0,0.0,PSDN,2026-03-09
102.0,105.0,97.0,99.0,4246000,0.0,0.0,PSDN,2026-03-10
97.0,123.0,97.0,105.0,17284000,0.0,0.0,PSDN,2026-03-11
100.0,112.0,100.0,103.0,13017700,0.0,0.0,PSDN,2026-03-12
102.0,139.0,98.0,139.0,56928800,0.0,0.0,PSDN,2026-03-13
158.0,187.0,125.0,187.0,334700200,0.0,0.0,PSDN,2026-03-16
159.0,240.0,159.0,159.0,357246500,0.0,0.0,PSDN,2026-03-17
140.0,144.0,136.0,138.0,38225900,0.0,0.0,PSDN,2026-03-25
140.0,145.0,132.0,134.0,13749000,0.0,0.0,PSDN,2026-03-26
135.0,146.0,131.0,133.0,28709700,0.0,0.0,PSDN,2026-03-27
130.0,145.0,124.0,131.0,24182500,0.0,0.0,PSDN,2026-03-30
132.0,155.0,126.0,131.0,88541800,0.0,0.0,PSDN,2026-03-31
131.0,135.0,128.0,130.0,10993800,0.0,0.0,PSDN,2026-04-01
130.0,131.0,117.0,118.0,14263300,0.0,0.0,PSDN,2026-04-02
118.0,122.0,114.0,117.0,6352000,0.0,0.0,PSDN,2026-04-06
118.0,123.0,116.0,118.0,5732300,0.0,0.0,PSDN,2026-04-07
121.0,123.0,118.0,121.0,3931100,0.0,0.0,PSDN,2026-04-08
122.0,129.0,117.0,120.0,35082200,0.0,0.0,PSDN,2026-04-09
121.0,124.0,118.0,120.0,11178400,0.0,0.0,PSDN,2026-04-10
120.0,161.0,118.0,156.0,178120000,0.0,0.0,PSDN,2026-04-13
160.0,199.0,151.0,167.0,244489000,0.0,0.0,PSDN,2026-04-14
170.0,224.0,166.0,224.0,303736800,0.0,0.0,PSDN,2026-04-15
191.0,196.0,191.0,191.0,45602200,0.0,0.0,PSDN,2026-04-16
163.0,178.0,163.0,163.0,117838300,0.0,0.0,PSDN,2026-04-17
163.0,166.0,155.0,156.0,21229400,0.0,0.0,PSDN,2026-04-20
157.0,172.0,157.0,162.0,54601700,0.0,0.0,PSDN,2026-04-21
164.0,164.0,156.0,158.0,13967100,0.0,0.0,PSDN,2026-04-22
158.0,159.0,146.0,148.0,11309200,0.0,0.0,PSDN,2026-04-23
147.0,199.0,139.0,199.0,325208700,0.0,0.0,PSDN,2026-04-24
236.0,260.0,202.0,212.0,514190800,0.0,0.0,PSDN,2026-04-27
212.0,248.0,185.0,188.0,237801800,0.0,0.0,PSDN,2026-04-28
185.0,208.0,178.0,194.0,49069100,0.0,0.0,PSDN,2026-04-29
198.0,254.0,197.0,202.0,295817000,0.0,0.0,PSDN,2026-04-30
206.0,210.0,190.0,194.0,29326300,0.0,0.0,PSDN,2026-05-04
194.0,198.0,177.0,195.0,18614200,0.0,0.0,PSDN,2026-05-05
195.0,195.0,186.0,188.0,12388800,0.0,0.0,PSDN,2026-05-06
188.0,191.0,181.0,186.0,10134400,0.0,0.0,PSDN,2026-05-07
185.0,185.0,167.0,167.0,13665700,0.0,0.0,PSDN,2026-05-08
167.0,178.0,163.0,165.0,13813200,0.0,0.0,PSDN,2026-05-11
164.0,168.0,156.0,157.0,7904800,0.0,0.0,PSDN,2026-05-12
157.0,166.0,153.0,153.0,8531200,0.0,0.0,PSDN,2026-05-13
153.0,153.0,153.0,153.0,0,0.0,0.0,PSDN,2026-05-14
153.0,153.0,153.0,153.0,0,0.0,0.0,PSDN,2026-05-15
154.0,159.0,144.0,154.0,6839700,0.0,0.0,PSDN,2026-05-18
154.0,163.0,140.0,142.0,7158500,0.0,0.0,PSDN,2026-05-19
143.0,147.0,135.0,145.0,4971400,0.0,0.0,PSDN,2026-05-20
145.0,154.0,125.0,126.0,20017600,0.0,0.0,PSDN,2026-05-21
117.0,136.0,116.0,129.0,6333400,0.0,0.0,PSDN,2026-05-22
132.0,154.0,131.0,137.0,14934800,0.0,0.0,PSDN,2026-05-25
137.0,143.0,129.0,129.0,10624100,0.0,0.0,PSDN,2026-05-26
129.0,129.0,129.0,129.0,0,0.0,0.0,PSDN,2026-05-27
129.0,129.0,129.0,129.0,0,0.0,0.0,PSDN,2026-05-28
129.0,134.0,126.0,129.0,3029000,0.0,0.0,PSDN,2026-05-29
130.0,133.0,126.0,128.0,2789300,0.0,0.0,PSDN,2026-06-02
128.0,128.0,112.0,112.0,3971000,0.0,0.0,PSDN,2026-06-03
112.0,119.0,103.0,113.0,4841000,0.0,0.0,PSDN,2026-06-04
113.0,116.0,101.0,102.0,3884200,0.0,0.0,PSDN,2026-06-05
102.0,127.0,91.0,123.0,51037600,0.0,0.0,PSDN,2026-06-08
113.0,121.0,109.0,113.0,25577200,0.0,0.0,PSDN,2026-06-09
112.0,122.0,110.0,114.0,11888300,0.0,0.0,PSDN,2026-06-10
115.0,117.0,110.0,113.0,4359000,0.0,0.0,PSDN,2026-06-11
112.0,126.0,111.0,115.0,16950000,0.0,0.0,PSDN,2026-06-12
116.0,124.0,114.0,121.0,9756700,0.0,0.0,PSDN,2026-06-15
122.0,125.0,119.0,123.0,5679100,0.0,0.0,PSDN,2026-06-17
124.0,125.0,117.0,119.0,3389300,0.0,0.0,PSDN,2026-06-18
119.0,121.0,115.0,118.0,3053500,0.0,0.0,PSDN,2026-06-19
118.0,120.0,113.0,115.0,2489800,0.0,0.0,PSDN,2026-06-22
115.0,119.0,112.0,114.0,4715100,0.0,0.0,PSDN,2026-06-23
114.0,116.0,105.0,108.0,4345800,0.0,0.0,PSDN,2026-06-24
108.0,111.0,105.0,109.0,1504100,0.0,0.0,PSDN,2026-06-25
108.0,108.0,103.0,107.0,2004900,0.0,0.0,PSDN,2026-06-26
106.0,109.0,103.0,103.0,1482700,0.0,0.0,PSDN,2026-06-29
104.0,104.0,96.0,96.0,1924300,0.0,0.0,PSDN,2026-06-30
97.0,108.0,94.0,103.0,4930300,0.0,0.0,PSDN,2026-07-01
104.0,104.0,100.0,100.0,1597600,0.0,0.0,PSDN,2026-07-02
101.0,124.0,100.0,110.0,45917200,0.0,0.0,PSDN,2026-07-03
112.0,117.0,107.0,108.0,8544500,0.0,0.0,PSDN,2026-07-06
109.0,119.0,108.0,115.0,14515100,0.0,0.0,PSDN,2026-07-07
115.0,115.0,110.0,111.0,3902600,0.0,0.0,PSDN,2026-07-08
112.0,115.0,107.0,110.0,2882100,0.0,0.0,PSDN,2026-07-09
109.0,113.0,109.0,109.0,1186000,0.0,0.0,PSDN,2026-07-10
109.0,112.0,105.0,111.0,2045700,0.0,0.0,PSDN,2026-07-13
111.0,114.0,108.0,110.0,1294900,0.0,0.0,PSDN,2026-07-14
108.0,113.0,108.0,109.0,2274300,0.0,0.0,PSDN,2026-07-15
109.0,144.0,108.0,123.0,143835400,0.0,0.0,PSDN,2026-07-16
121.0,121.0,116.0,118.0,15502100,0.0,0.0,PSDN,2026-07-17
118.0,123.0,116.0,120.0,11088900,0.0,0.0,PSDN,2026-07-20
120.0,120.0,116.0,117.0,6045400,0.0,0.0,PSDN,2026-07-21
118.0,119.0,115.0,115.0,3826400,0.0,0.0,PSDN,2026-07-22
117.0,118.0,115.0,116.0,3849100,0.0,0.0,PSDN,2026-07-23
114.0,142.0,109.0,122.0,139491100,0.0,0.0,PSDN,2026-07-24
133.0,160.0,123.0,124.0,105186600,0.0,0.0,PSDN,2026-07-27
126.0,128.0,118.0,121.0,9992200,0.0,0.0,PSDN,2026-07-28
121.0,121.0,115.0,119.0,5261500,0.0,0.0,PSDN,2026-07-29
117.0,121.0,116.0,119.0,3250500,0.0,0.0,PSDN,2026-07-30
125.0,149.0,122.0,131.0,81595500,0.0,0.0,PSDN,2026-07-31
130.0,130.0,123.0,127.0,12260500,0.0,0.0,PSDN,2026-08-03
128.0,143.0,125.0,129.0,34420700,0.0,0.0,PSDN,2026-08-04
132.0,147.0,129.0,136.0,34884300,0.0,0.0,PSDN,2026-08-05
137.0,140.0,131.0,133.0,6536300,0.0,0.0,PSDN,2026-08-06
134.0,140.0,132.0,136.0,7740700,0.0,0.0,PSDN,2026-08-07
137.0,147.0,136.0,140.0,22891400,0.0,0.0,PSDN,2026-08-10
140.0,141.0,134.0,136.0,3662600,0.0,0.0,PSDN,2026-08-11
136.0,142.0,135.0,140.0,4523700,0.0,0.0,PSDN,2026-08-12
142.0,143.0,135.0,135.0,3203000,0.0,0.0,PSDN,2026-08-13
137.0,139.0,133.0,136.0,3008500,0.0,0.0,PSDN,2026-08-14
136.0,136.0,132.0,133.0,1641400,0.0,0.0,PSDN,2026-08-18
132.0,136.0,130.0,132.0,1225000,0.0,0.0,PSDN,2026-08-19
132.0,134.0,130.0,132.0,1829800,0.0,0.0,PSDN,2026-08-20
132.0,141.0,132.0,132.0,6591900,0.0,0.0,PSDN,2026-08-21
135.0,140.0,132.0,137.0,5239000,0.0,0.0,PSDN,2026-08-24
137.0,137.0,137.0,137.0,0,0.0,0.0,PSDN,2026-08-25
139.0,141.0,127.0,128.0,6778200,0.0,0.0,PSDN,2026-08-26
126.0,140.0,126.0,135.0,7847600,0.0,0.0,PSDN,2026-08-27
136.0,138.0,133.0,134.0,1331800,0.0,0.0,PSDN,2026-08-28
134.0,136.0,132.0,134.0,2961900,0.0,0.0,PSDN,2026-08-31
134.0,138.0,132.0,135.0,2245400,0.0,0.0,PSDN,2026-09-01
135.0,142.0,133.0,136.0,17108800,0.0,0.0,PSDN,2026-09-02
136.0,141.0,133.0,137.0,7260100,0.0,0.0,PSDN,2026-09-03
138.0,140.0,137.0,137.0,3778500,0.0,0.0,PSDN,2026-09-04
138.0,147.0,137.0,144.0,22380000,0.0,0.0,PSDN,2026-09-07
144.0,145.0,138.0,139.0,6385100,0.0,0.0,PSDN,2026-09-08
139.0,149.0,139.0,148.0,15016900,0.0,0.0,PSDN,2026-09-09
148.0,149.0,141.0,142.0,12454700,0.0,0.0,PSDN,2026-09-10
140.0,144.0,137.0,141.0,2305400,0.0,0.0,PSDN,2026-09-11
140.0,141.0,133.0,136.0,4116200,0.0,0.0,PSDN,2026-09-14
136.0,139.0,134.0,136.0,1344500,0.0,0.0,PSDN,2026-09-15
136.0,142.0,131.0,132.0,6994700,0.0,0.0,PSDN,2026-09-16
132.0,144.0,132.0,136.0,15421100,0.0,0.0,PSDN,2026-09-17
139.0,141.0,133.0,135.0,4426700,0.0,0.0,PSDN,2026-09-18
136.0,157.0,135.0,144.0,41861200,0.0,0.0,PSDN,2026-09-21
92.0,94.0,91.0,93.0,5577700,0.0,0.0,GRIA,2025-12-01
93.0,95.0,93.0,94.0,1023900,0.0,0.0,GRIA,2025-12-02
94.0,96.0,91.0,96.0,3430600,0.0,0.0,GRIA,2025-12-03
98.0,105.0,95.0,98.0,16348700,0.0,0.0,GRIA,2025-12-04
100.0,102.0,98.0,99.0,2641200,0.0,0.0,GRIA,2025-12-05
100.0,102.0,98.0,101.0,2682900,0.0,0.0,GRIA,2025-12-08
101.0,102.0,99.0,101.0,7193800,0.0,0.0,GRIA,2025-12-09
101.0,102.0,97.0,97.0,2382000,0.0,0.0,GRIA,2025-12-10
98.0,102.0,95.0,99.0,3358200,0.0,0.0,GRIA,2025-12-11
100.0,100.0,95.0,96.0,2054900,0.0,0.0,GRIA,2025-12-12
97.0,98.0,95.0,96.0,1054300,0.0,0.0,GRIA,2025-12-15
96.0,98.0,94.0,96.0,681500,0.0,0.0,GRIA,2025-12-16
95.0,97.0,95.0,96.0,494600,0.0,0.0,GRIA,2025-12-17
96.0,97.0,92.0,95.0,1069100,0.0,0.0,GRIA,2025-12-18
94.0,96.0,93.0,93.0,1029100,0.0,0.0,GRIA,2025-12-19
94.0,95.0,92.0,92.0,1084500,0.0,0.0,GRIA,2025-12-22
92.0,95.0,90.0,91.0,1399300,0.0,0.0,GRIA,2025-12-23
91.0,93.0,90.0,90.0,1414700,0.0,0.0,GRIA,2025-12-24
91.0,95.0,91.0,92.0,999200,0.0,0.0,GRIA,2025-12-29
94.0,119.0,91.0,100.0,71997300,0.0,0.0,GRIA,2025-12-30
101.0,110.0,101.0,108.0,21739800,0.0,0.0,GRIA,2026-01-02
113.0,113.0,108.0,112.0,13674900,0.0,0.0,GRIA,2026-01-05
114.0,119.0,114.0,117.0,7499800,0.0,0.0,GRIA,2026-01-06
118.0,119.0,111.0,117.0,5233000,0.0,0.0,GRIA,2026-01-07
116.0,119.0,115.0,116.0,4278000,0.0,0.0,GRIA,2026-01-08
116.0,117.0,114.0,116.0,2248000,0.0,0.0,GRIA,2026-01-09
118.0,135.0,116.0,125.0,84009600,0.0,0.0,GRIA,2026-01-12
125.0,127.0,119.0,121.0,13554100,0.0,0.0,GRIA,2026-01-13
123.0,123.0,117.0,123.0,8919400,0.0,0.0,GRIA,2026-01-14
125.0,128.0,122.0,127.0,23788200,0.0,0.0,GRIA,2026-01-15
129.0,129.0,122.0,128.0,9493400,0.0,0.0,GRIA,2026-01-19
128.0,128.0,124.0,128.0,5000000,0.0,0.0,GRIA,2026-01-20
126.0,129.0,124.0,129.0,10728500,0.0,0.0,GRIA,2026-01-21
130.0,131.0,127.0,131.0,10354300,0.0,0.0,GRIA,2026-01-22
131.0,132.0,128.0,128.0,6301200,0.0,0.0,GRIA,2026-01-23
128.0,131.0,127.0,129.0,6446000,0.0,0.0,GRIA,2026-01-26
129.0,130.0,127.0,129.0,4983800,0.0,0.0,GRIA,2026-01-27
129.0,132.0,110.0,132.0,16048300,0.0,0.0,GRIA,2026-01-28
132.0,136.0,123.0,133.0,32399700,0.0,0.0,GRIA,2026-01-29
134.0,134.0,129.0,132.0,11900400,0.0,0.0,GRIA,2026-01-30
132.0,133.0,127.0,133.0,6826600,0.0,0.0,GRIA,2026-02-02
129.0,131.0,125.0,131.0,9429300,0.0,0.0,GRIA,2026-02-03
129.0,130.0,126.0,127.0,12829600,0.0,0.0,GRIA,2026-02-04
127.0,129.0,125.0,128.0,1594700,0.0,0.0,GRIA,2026-02-05
125.0,126.0,117.0,126.0,1992400,0.0,0.0,GRIA,2026-02-06
126.0,126.0,122.0,124.0,647700,0.0,0.0,GRIA,2026-02-09
123.0,124.0,120.0,124.0,1135200,0.0,0.0,GRIA,2026-02-10
123.0,126.0,121.0,124.0,1725900,0.0,0.0,GRIA,2026-02-11
124.0,124.0,121.0,124.0,881300,0.0,0.0,GRIA,2026-02-12
124.0,124.0,121.0,123.0,766900,0.0,0.0,GRIA,2026-02-13
122.0,124.0,122.0,122.0,384200,0.0,0.0,GRIA,2026-02-18
122.0,122.0,120.0,121.0,547500,0.0,0.0,GRIA,2026-02-19
121.0,122.0,118.0,120.0,575100,0.0,0.0,GRIA,2026-02-20
120.0,122.0,117.0,121.0,3814100,0.0,0.0,GRIA,2026-02-23
121.0,121.0,117.0,117.0,528800,0.0,0.0,GRIA,2026-02-24
117.0,117.0,114.0,115.0,365400,0.0,0.0,GRIA,2026-02-25
116.0,116.0,112.0,113.0,291400,0.0,0.0,GRIA,2026-02-26
113.0,113.0,110.0,112.0,410500,0.0,0.0,GRIA,2026-02-27
110.0,112.0,109.0,112.0,706600,0.0,0.0,GRIA,2026-03-02
105.0,112.0,104.0,110.0,4397900,0.0,0.0,GRIA,2026-03-03
110.0,110.0,105.0,106.0,412700,0.0,0.0,GRIA,2026-03-04
105.0,108.0,102.0,105.0,425800,0.0,0.0,GRIA,2026-03-05
105.0,108.0,101.0,105.0,356800,0.0,0.0,GRIA,2026-03-06
105.0,105.0,90.0,98.0,1341300,0.0,0.0,GRIA,2026-03-09
98.0,102.0,96.0,99.0,373800,0.0,0.0,GRIA,2026-03-10
99.0,115.0,98.0,98.0,1223800,0.0,0.0,GRIA,2026-03-11
100.0,106.0,98.0,99.0,379200,0.0,0.0,GRIA,2026-03-12
108.0,127.0,94.0,102.0,28978700,0.0,0.0,GRIA,2026-03-13
102.0,104.0,93.0,97.0,1854200,0.0,0.0,GRIA,2026-03-16
96.0,100.0,95.0,96.0,293400,0.0,0.0,GRIA,2026-03-17
95.0,99.0,92.0,95.0,727500,0.0,0.0,GRIA,2026-03-25
95.0,97.0,94.0,95.0,226900,0.0,0.0,GRIA,2026-03-26
95.0,113.0,93.0,96.0,3205700,0.0,0.0,GRIA,2026-03-27
97.0,103.0,94.0,96.0,909700,0.0,0.0,GRIA,2026-03-30
100.0,100.0,94.0,96.0,840700,0.0,0.0,GRIA,2026-03-31
95.0,98.0,95.0,96.0,155400,0.0,0.0,GRIA,2026-04-01
97.0,107.0,94.0,99.0,8534900,0.0,0.0,GRIA,2026-04-02
96.0,99.0,95.0,95.0,865700,0.0,0.0,GRIA,2026-04-06
94.0,97.0,93.0,95.0,749900,0.0,0.0,GRIA,2026-04-07
95.0,98.0,95.0,97.0,87100,0.0,0.0,GRIA,2026-04-08
101.0,103.0,98.0,99.0,784200,0.0,0.0,GRIA,2026-04-09
100.0,103.0,99.0,100.0,138900,0.0,0.0,GRIA,2026-04-10
99.0,103.0,98.0,100.0,237600,0.0,0.0,GRIA,2026-04-13
104.0,104.0,100.0,102.0,183300,0.0,0.0,GRIA,2026-04-14
102.0,105.0,100.0,104.0,551200,0.0,0.0,GRIA,2026-04-15
105.0,105.0,102.0,105.0,373000,0.0,0.0,GRIA,2026-04-16
105.0,108.0,103.0,107.0,424000,0.0,0.0,GRIA,2026-04-17
108.0,108.0,105.0,107.0,172300,0.0,0.0,GRIA,2026-04-20
106.0,108.0,102.0,108.0,121500,0.0,0.0,GRIA,2026-04-21
114.0,116.0,108.0,109.0,4320700,0.0,0.0,GRIA,2026-04-22
109.0,110.0,106.0,107.0,328000,0.0,0.0,GRIA,2026-04-23
107.0,110.0,101.0,102.0,495400,0.0,0.0,GRIA,2026-04-24
102.0,105.0,98.0,102.0,313400,0.0,0.0,GRIA,2026-04-27
104.0,104.0,100.0,103.0,387800,0.0,0.0,GRIA,2026-04-28
103.0,106.0,100.0,101.0,247800,0.0,0.0,GRIA,2026-04-29
102.0,102.0,98.0,100.0,175800,0.0,0.0,GRIA,2026-04-30
100.0,101.0,99.0,100.0,182100,0.0,0.0,GRIA,2026-05-04
102.0,108.0,100.0,100.0,746100,0.0,0.0,GRIA,2026-05-05
102.0,110.0,102.0,104.0,1110400,0.0,0.0,GRIA,2026-05-06
105.0,106.0,100.0,102.0,645500,0.0,0.0,GRIA,2026-05-07
104.0,106.0,101.0,102.0,385100,0.0,0.0,GRIA,2026-05-08
102.0,102.0,100.0,100.0,186100,0.0,0.0,GRIA,2026-05-11
101.0,134.0,100.0,120.0,74749200,0.0,0.0,GRIA,2026-05-12
129.0,145.0,116.0,116.0,61772600,0.0,0.0,GRIA,2026-05-13
116.0,116.0,116.0,116.0,0,0.0,0.0,GRIA,2026-05-14
116.0,116.0,116.0,116.0,0,0.0,0.0,GRIA,2026-05-15
123.0,126.0,109.0,117.0,4196900,0.0,0.0,GRIA,2026-05-18
117.0,121.0,114.0,115.0,1208600,0.0,0.0,GRIA,2026-05-19
118.0,124.0,115.0,119.0,2258300,0.0,0.0,GRIA,2026-05-20
119.0,121.0,113.0,116.0,3996800,0.0,0.0,GRIA,2026-05-21
116.0,118.0,116.0,116.0,566300,0.0,0.0,GRIA,2026-05-22
116.0,156.0,116.0,156.0,92316300,0.0,0.0,GRIA,2026-05-25
136.0,152.0,133.0,139.0,57197000,0.0,0.0,GRIA,2026-05-26
139.0,139.0,139.0,139.0,0,0.0,0.0,GRIA,2026-05-27
139.0,139.0,139.0,139.0,0,0.0,0.0,GRIA,2026-05-28
142.0,148.0,132.0,138.0,15860900,0.0,0.0,GRIA,2026-05-29
140.0,147.0,136.0,139.0,12640900,0.0,0.0,GRIA,2026-06-02
139.0,142.0,131.0,138.0,6201400,0.0,0.0,GRIA,2026-06-03
138.0,151.0,131.0,136.0,14182100,0.0,0.0,GRIA,2026-06-04
136.0,136.0,116.0,132.0,16648800,0.0,0.0,GRIA,2026-06-05
134.0,173.0,130.0,168.0,120899500,0.0,0.0,GRIA,2026-06-08
165.0,210.0,143.0,143.0,320820100,0.0,0.0,GRIA,2026-06-09
135.0,136.0,122.0,122.0,75127400,0.0,0.0,GRIA,2026-06-10
107.0,116.0,104.0,109.0,72340100,0.0,0.0,GRIA,2026-06-11
109.0,118.0,107.0,109.0,26839700,0.0,0.0,GRIA,2026-06-12
112.0,113.0,108.0,109.0,15026300,0.0,0.0,GRIA,2026-06-15
109.0,116.0,106.0,110.0,18166500,0.0,0.0,GRIA,2026-06-17
111.0,124.0,109.0,119.0,74026200,0.0,0.0,GRIA,2026-06-18
121.0,121.0,110.0,111.0,18478100,0.0,0.0,GRIA,2026-06-19
114.0,124.0,111.0,115.0,43540400,0.0,0.0,GRIA,2026-06-22
114.0,115.0,112.0,113.0,5990700,0.0,0.0,GRIA,2026-06-23
113.0,116.0,110.0,112.0,6065900,0.0,0.0,GRIA,2026-06-24
112.0,116.0,111.0,114.0,4381800,0.0,0.0,GRIA,2026-06-25
115.0,115.0,110.0,112.0,5709700,0.0,0.0,GRIA,2026-06-26
114.0,114.0,110.0,112.0,3199600,0.0,0.0,GRIA,2026-06-29
112.0,112.0,103.0,109.0,8366500,0.0,0.0,GRIA,2026-06-30
107.0,110.0,105.0,108.0,1478300,0.0,0.0,GRIA,2026-07-01
107.0,110.0,106.0,107.0,2180600,0.0,0.0,GRIA,2026-07-02
108.0,109.0,102.0,107.0,3076000,0.0,0.0,GRIA,2026-07-03
109.0,109.0,106.0,108.0,923500,0.0,0.0,GRIA,2026-07-06
108.0,110.0,106.0,108.0,2460200,0.0,0.0,GRIA,2026-07-07
108.0,108.0,105.0,106.0,1755200,0.0,0.0,GRIA,2026-07-08
106.0,112.0,106.0,111.0,14112800,0.0,0.0,GRIA,2026-07-09
111.0,112.0,109.0,111.0,4470600,0.0,0.0,GRIA,2026-07-10
111.0,111.0,107.0,109.0,2810400,0.0,0.0,GRIA,2026-07-13
110.0,112.0,108.0,110.0,4303100,0.0,0.0,GRIA,2026-07-14
110.0,116.0,110.0,110.0,10506200,0.0,0.0,GRIA,2026-07-15
112.0,113.0,110.0,112.0,2502000,0.0,0.0,GRIA,2026-07-16
112.0,116.0,112.0,112.0,5344500,0.0,0.0,GRIA,2026-07-17
115.0,117.0,112.0,116.0,7853500,0.0,0.0,GRIA,2026-07-20
116.0,116.0,113.0,114.0,3374100,0.0,0.0,GRIA,2026-07-21
115.0,115.0,111.0,112.0,2407300,0.0,0.0,GRIA,2026-07-22
112.0,126.0,111.0,122.0,55134200,0.0,0.0,GRIA,2026-07-23
119.0,125.0,117.0,119.0,24505000,0.0,0.0,GRIA,2026-07-24
122.0,122.0,118.0,120.0,2197200,0.0,0.0,GRIA,2026-07-27
119.0,120.0,116.0,116.0,3032100,0.0,0.0,GRIA,2026-07-28
116.0,119.0,112.0,118.0,3086600,0.0,0.0,GRIA,2026-07-29
119.0,121.0,118.0,119.0,2483300,0.0,0.0,GRIA,2026-07-30
121.0,123.0,118.0,120.0,2381800,0.0,0.0,GRIA,2026-07-31
120.0,139.0,120.0,139.0,44548100,0.0,0.0,GRIA,2026-08-03
139.0,148.0,131.0,138.0,36347800,0.0,0.0,GRIA,2026-08-04
139.0,150.0,138.0,150.0,14225600,0.0,0.0,GRIA,2026-08-05
152.0,191.0,140.0,150.0,144810900,0.0,0.0,GRIA,2026-08-06
150.0,150.0,140.0,142.0,9637100,0.0,0.0,GRIA,2026-08-07
145.0,145.0,140.0,145.0,4448400,0.0,0.0,GRIA,2026-08-10
146.0,146.0,136.0,138.0,5112300,0.0,0.0,GRIA,2026-08-11
138.0,155.0,138.0,151.0,10635300,0.0,0.0,GRIA,2026-08-12
152.0,154.0,147.0,148.0,4890900,0.0,0.0,GRIA,2026-08-13
148.0,150.0,146.0,148.0,1116300,0.0,0.0,GRIA,2026-08-14
148.0,150.0,146.0,148.0,1190900,0.0,0.0,GRIA,2026-08-18
148.0,157.0,147.0,148.0,11152200,0.0,0.0,GRIA,2026-08-19
149.0,150.0,146.0,147.0,2166000,0.0,0.0,GRIA,2026-08-20
147.0,183.0,147.0,182.0,65672000,0.0,0.0,GRIA,2026-08-21
195.0,238.0,194.0,224.0,242890400,0.0,0.0,GRIA,2026-08-24
224.0,224.0,224.0,224.0,0,0.0,0.0,GRIA,2026-08-26
208.0,224.0,191.0,191.0,92253400,0.0,0.0,GRIA,2026-08-27
180.0,192.0,177.0,180.0,52024000,0.0,0.0,GRIA,2026-08-28
180.0,183.0,172.0,175.0,18692000,0.0,0.0,GRIA,2026-08-31
175.0,176.0,167.0,167.0,10409300,0.0,0.0,GRIA,2026-09-01
167.0,174.0,167.0,170.0,7487400,0.0,0.0,GRIA,2026-09-02
171.0,171.0,168.0,170.0,3239100,0.0,0.0,GRIA,2026-09-03
170.0,171.0,166.0,168.0,2414200,0.0,0.0,GRIA,2026-09-04
168.0,168.0,162.0,168.0,3660300,0.0,0.0,GRIA,2026-09-07
169.0,171.0,168.0,171.0,1764900,0.0,0.0,GRIA,2026-09-08
169.0,171.0,168.0,169.0,1167300,0.0,0.0,GRIA,2026-09-09
169.0,171.0,165.0,167.0,3137700,0.0,0.0,GRIA,2026-09-10
166.0,166.0,152.0,164.0,3552000,0.0,0.0,GRIA,2026-09-11
163.0,165.0,158.0,165.0,2437400,0.0,0.0,GRIA,2026-09-14
165.0,169.0,164.0,168.0,1413700,0.0,0.0,GRIA,2026-09-15
169.0,179.0,166.0,167.0,24414400,0.0,0.0,GRIA,2026-09-16
166.0,178.0,165.0,171.0,6663400,0.0,0.0,GRIA,2026-09-17
173.0,173.0,169.0,170.0,1732400,0.0,0.0,GRIA,2026-09-18
170.0,187.0,169.0,183.0,31008200,0.0,0.0,GRIA,2026-09-21
81.0,86.0,81.0,85.0,46536400,0.0,0.0,ASLC,2025-12-01
85.0,94.0,84.0,91.0,291483900,0.0,0.0,ASLC,2025-12-02
93.0,96.0,89.0,90.0,162953500,0.0,0.0,ASLC,2025-12-03
90.0,93.0,87.0,90.0,69691600,0.0,0.0,ASLC,2025-12-04
90.0,100.0,90.0,94.0,339076500,0.0,0.0,ASLC,2025-12-05
95.0,97.0,92.0,93.0,81549200,0.0,0.0,ASLC,2025-12-08
93.0,94.0,91.0,92.0,37681200,0.0,0.0,ASLC,2025-12-09
92.0,94.0,88.0,89.0,78558900,0.0,0.0,ASLC,2025-12-10
90.0,91.0,86.0,86.0,49178000,0.0,0.0,ASLC,2025-12-11
86.0,88.0,86.0,86.0,33462100,0.0,0.0,ASLC,2025-12-12
87.0,88.0,84.0,85.0,45755900,0.0,0.0,ASLC,2025-12-15
86.0,89.0,84.0,87.0,39076100,0.0,0.0,ASLC,2025-12-16
90.0,91.0,87.0,88.0,50773500,0.0,0.0,ASLC,2025-12-17
88.0,94.0,88.0,90.0,91494900,0.0,0.0,ASLC,2025-12-18
90.0,91.0,86.0,87.0,47162500,0.0,0.0,ASLC,2025-12-19
87.0,88.0,84.0,85.0,40728900,0.0,0.0,ASLC,2025-12-22
86.0,86.0,84.0,85.0,21319100,0.0,0.0,ASLC,2025-12-23
85.0,86.0,83.0,84.0,23211300,0.0,0.0,ASLC,2025-12-24
84.0,88.0,84.0,88.0,26115000,0.0,0.0,ASLC,2025-12-29
88.0,90.0,87.0,87.0,33709500,0.0,0.0,ASLC,2025-12-30
88.0,92.0,88.0,91.0,44165600,0.0,0.0,ASLC,2026-01-02
92.0,98.0,89.0,95.0,128550500,0.0,0.0,ASLC,2026-01-05
96.0,101.0,93.0,97.0,241442400,0.0,0.0,ASLC,2026-01-06
98.0,99.0,94.0,94.0,93333400,0.0,0.0,ASLC,2026-01-07
95.0,104.0,95.0,96.0,313944100,0.0,0.0,ASLC,2026-01-08
97.0,100.0,96.0,97.0,88036800,0.0,0.0,ASLC,2026-01-09
99.0,101.0,91.0,99.0,180834300,0.0,0.0,ASLC,2026-01-12
100.0,102.0,96.0,97.0,83435000,0.0,0.0,ASLC,2026-01-13
98.0,98.0,95.0,95.0,51032200,0.0,0.0,ASLC,2026-01-14
95.0,96.0,93.0,94.0,37370800,0.0,0.0,ASLC,2026-01-15
94.0,94.0,90.0,93.0,42098400,0.0,0.0,ASLC,2026-01-19
93.0,99.0,92.0,95.0,66234500,0.0,0.0,ASLC,2026-01-20
95.0,96.0,91.0,92.0,32634500,0.0,0.0,ASLC,2026-01-21
92.0,97.0,92.0,92.0,34619800,0.0,0.0,ASLC,2026-01-22
93.0,93.0,89.0,91.0,45041200,0.0,0.0,ASLC,2026-01-23
91.0,92.0,89.0,89.0,35256900,0.0,0.0,ASLC,2026-01-26
89.0,90.0,86.0,87.0,51876500,0.0,0.0,ASLC,2026-01-27
85.0,92.0,79.0,81.0,162017500,0.0,0.0,ASLC,2026-01-28
81.0,81.0,69.0,78.0,112080500,0.0,0.0,ASLC,2026-01-29
78.0,83.0,78.0,81.0,29691100,0.0,0.0,ASLC,2026-01-30
83.0,83.0,70.0,75.0,54976800,0.0,0.0,ASLC,2026-02-02
76.0,80.0,73.0,79.0,26233200,0.0,0.0,ASLC,2026-02-03
80.0,82.0,78.0,78.0,15278800,0.0,0.0,ASLC,2026-02-04
79.0,82.0,79.0,81.0,9727000,0.0,0.0,ASLC,2026-02-05
80.0,80.0,74.0,77.0,45700800,0.0,0.0,ASLC,2026-02-06
76.0,79.0,75.0,78.0,13521300,0.0,0.0,ASLC,2026-02-09
78.0,83.0,78.0,80.0,34047100,0.0,0.0,ASLC,2026-02-10
80.0,81.0,78.0,81.0,17847100,0.0,0.0,ASLC,2026-02-11
81.0,83.0,79.0,83.0,48052500,0.0,0.0,ASLC,2026-02-12
83.0,83.0,80.0,81.0,10838700,0.0,0.0,ASLC,2026-02-13
81.0,83.0,80.0,82.0,20043200,0.0,0.0,ASLC,2026-02-18
83.0,86.0,83.0,85.0,37157700,0.0,0.0,ASLC,2026-02-19
86.0,86.0,83.0,83.0,32219000,0.0,0.0,ASLC,2026-02-20
84.0,85.0,82.0,84.0,22027400,0.0,0.0,ASLC,2026-02-23
85.0,89.0,83.0,83.0,42159100,0.0,0.0,ASLC,2026-02-24
84.0,84.0,82.0,83.0,23499800,0.0,0.0,ASLC,2026-02-25
84.0,86.0,81.0,82.0,28811900,0.0,0.0,ASLC,2026-02-26
81.0,82.0,80.0,82.0,17200000,0.0,0.0,ASLC,2026-02-27
78.0,80.0,76.0,77.0,35322700,0.0,0.0,ASLC,2026-03-02
77.0,81.0,76.0,80.0,25249600,0.0,0.0,ASLC,2026-03-03
80.0,81.0,76.0,78.0,43107900,0.0,0.0,ASLC,2026-03-04
78.0,81.0,78.0,79.0,9035000,0.0,0.0,ASLC,2026-03-05
80.0,80.0,77.0,78.0,9322600,0.0,0.0,ASLC,2026-03-06
76.0,76.0,71.0,74.0,32652800,0.0,0.0,ASLC,2026-03-09
75.0,78.0,75.0,76.0,11576000,0.0,0.0,ASLC,2026-03-10
76.0,78.0,76.0,76.0,8086500,0.0,0.0,ASLC,2026-03-11
76.0,77.0,74.0,76.0,11596300,0.0,0.0,ASLC,2026-03-12
76.0,76.0,74.0,74.0,8696500,0.0,0.0,ASLC,2026-03-13
76.0,76.0,70.0,74.0,12549300,0.0,0.0,ASLC,2026-03-16
74.0,76.0,73.0,75.0,6411100,0.0,0.0,ASLC,2026-03-17
75.0,80.0,75.0,80.0,24318100,0.0,0.0,ASLC,2026-03-25
81.0,82.0,76.0,76.0,11011000,0.0,0.0,ASLC,2026-03-26
76.0,78.0,75.0,77.0,5130300,0.0,0.0,ASLC,2026-03-27
76.0,77.0,73.0,75.0,17840600,0.0,0.0,ASLC,2026-03-30
76.0,76.0,73.0,75.0,6235500,0.0,0.0,ASLC,2026-03-31
76.0,78.0,75.0,77.0,14511100,0.0,0.0,ASLC,2026-04-01
76.0,76.0,73.0,73.0,10281900,0.0,0.0,ASLC,2026-04-02
74.0,76.0,73.0,75.0,8208300,0.0,0.0,ASLC,2026-04-06
75.0,78.0,75.0,76.0,11874000,0.0,0.0,ASLC,2026-04-07
77.0,78.0,76.0,78.0,6610200,0.0,0.0,ASLC,2026-04-08
77.0,78.0,76.0,77.0,3082700,0.0,0.0,ASLC,2026-04-09
77.0,77.0,74.0,76.0,13175100,0.0,0.0,ASLC,2026-04-10
77.0,79.0,75.0,78.0,20008000,0.0,0.0,ASLC,2026-04-13
78.0,79.0,77.0,78.0,16029900,0.0,0.0,ASLC,2026-04-14
78.0,84.0,78.0,82.0,100212300,0.0,0.0,ASLC,2026-04-15
83.0,85.0,81.0,84.0,50260500,0.0,0.0,ASLC,2026-04-16
84.0,84.0,80.0,80.0,21195300,0.0,0.0,ASLC,2026-04-17
81.0,81.0,78.0,79.0,24069900,0.0,0.0,ASLC,2026-04-20
80.0,80.0,78.0,80.0,10728000,0.0,0.0,ASLC,2026-04-21
80.0,83.0,79.0,82.0,37214300,0.0,0.0,ASLC,2026-04-22
82.0,83.0,79.0,80.0,16071900,0.0,0.0,ASLC,2026-04-23
80.0,80.0,77.0,77.0,16041900,0.0,0.0,ASLC,2026-04-24
76.0,79.0,76.0,77.0,8592900,0.0,0.0,ASLC,2026-04-27
77.0,79.0,76.0,78.0,10114400,0.0,0.0,ASLC,2026-04-28
78.0,78.0,76.0,78.0,8774500,0.0,0.0,ASLC,2026-04-29
78.0,78.0,74.0,74.0,23923400,0.0,0.0,ASLC,2026-04-30
75.0,79.0,74.0,75.0,34844600,0.0,0.0,ASLC,2026-05-04
76.0,76.0,74.0,75.0,6702100,0.0,0.0,ASLC,2026-05-05
75.0,76.0,75.0,76.0,4504500,0.0,0.0,ASLC,2026-05-06
76.0,78.0,75.0,77.0,22900000,0.0,0.0,ASLC,2026-05-07
77.0,78.0,75.0,75.0,15441600,0.0,0.0,ASLC,2026-05-08
76.0,77.0,75.0,76.0,8734500,0.0,0.0,ASLC,2026-05-11
77.0,77.0,74.0,74.0,9265500,0.0,0.0,ASLC,2026-05-12
74.0,75.0,73.0,74.0,6990800,0.0,0.0,ASLC,2026-05-13
74.0,74.0,74.0,74.0,0,0.0,0.0,ASLC,2026-05-14
74.0,74.0,74.0,74.0,0,0.0,0.0,ASLC,2026-05-15
74.0,74.0,72.0,73.0,12421700,0.0,0.0,ASLC,2026-05-18
74.0,77.0,71.0,71.0,21008800,0.0,0.0,ASLC,2026-05-19
71.0,73.0,71.0,72.0,7417000,0.0,0.0,ASLC,2026-05-20
72.0,73.0,66.0,67.0,29997800,0.0,0.0,ASLC,2026-05-21
67.0,71.0,65.0,67.0,10488000,0.0,0.0,ASLC,2026-05-22
67.0,71.0,67.0,69.0,7062200,0.0,0.0,ASLC,2026-05-25
71.0,71.0,66.0,67.0,8203900,0.0,0.0,ASLC,2026-05-26
67.0,67.0,67.0,67.0,0,0.0,0.0,ASLC,2026-05-27
67.0,67.0,67.0,67.0,0,0.0,0.0,ASLC,2026-05-28
67.0,71.0,66.0,66.0,11785600,0.0,0.0,ASLC,2026-05-29
66.0,68.0,66.0,67.0,2008100,1.0,0.0,ASLC,2026-06-02
68.0,68.0,61.0,62.0,19057300,0.0,0.0,ASLC,2026-06-03
62.0,62.0,56.0,61.0,9258800,0.0,0.0,ASLC,2026-06-04
61.0,62.0,57.0,57.0,6375700,0.0,0.0,ASLC,2026-06-05
56.0,57.0,50.0,54.0,15491400,0.0,0.0,ASLC,2026-06-08
54.0,59.0,53.0,58.0,10025400,0.0,0.0,ASLC,2026-06-09
58.0,60.0,56.0,60.0,4925100,0.0,0.0,ASLC,2026-06-10
59.0,60.0,58.0,59.0,5584600,0.0,0.0,ASLC,2026-06-11
58.0,62.0,58.0,62.0,10115000,0.0,0.0,ASLC,2026-06-12
61.0,65.0,61.0,63.0,11377600,0.0,0.0,ASLC,2026-06-15
63.0,65.0,61.0,62.0,7138000,0.0,0.0,ASLC,2026-06-17
62.0,62.0,60.0,62.0,4415800,0.0,0.0,ASLC,2026-06-18
62.0,63.0,61.0,62.0,3157400,0.0,0.0,ASLC,2026-06-19
63.0,63.0,60.0,60.0,5949400,0.0,0.0,ASLC,2026-06-22
60.0,61.0,59.0,60.0,2533900,0.0,0.0,ASLC,2026-06-23
60.0,61.0,58.0,58.0,9839000,0.0,0.0,ASLC,2026-06-24
58.0,60.0,58.0,60.0,2764700,0.0,0.0,ASLC,2026-06-25
58.0,61.0,58.0,59.0,2819500,0.0,0.0,ASLC,2026-06-26
59.0,60.0,58.0,59.0,2034700,0.0,0.0,ASLC,2026-06-29
59.0,59.0,56.0,58.0,4130800,0.0,0.0,ASLC,2026-06-30
58.0,58.0,56.0,57.0,2670100,0.0,0.0,ASLC,2026-07-01
57.0,59.0,57.0,58.0,1259100,0.0,0.0,ASLC,2026-07-02
58.0,60.0,58.0,60.0,1855200,0.0,0.0,ASLC,2026-07-03
60.0,61.0,59.0,59.0,1426400,0.0,0.0,ASLC,2026-07-06
60.0,61.0,59.0,60.0,2472900,0.0,0.0,ASLC,2026-07-07
60.0,61.0,59.0,60.0,1532700,0.0,0.0,ASLC,2026-07-08
60.0,60.0,59.0,60.0,1222800,0.0,0.0,ASLC,2026-07-09
60.0,60.0,59.0,60.0,2465500,0.0,0.0,ASLC,2026-07-10
60.0,61.0,59.0,60.0,3635000,0.0,0.0,ASLC,2026-07-13
60.0,61.0,59.0,60.0,2710400,0.0,0.0,ASLC,2026-07-14
60.0,65.0,60.0,64.0,18201100,0.0,0.0,ASLC,2026-07-15
64.0,65.0,62.0,64.0,7325000,0.0,0.0,ASLC,2026-07-16
64.0,65.0,63.0,64.0,3257200,0.0,0.0,ASLC,2026-07-17
64.0,66.0,62.0,64.0,8159000,0.0,0.0,ASLC,2026-07-20
64.0,66.0,63.0,65.0,7930100,0.0,0.0,ASLC,2026-07-21
66.0,68.0,64.0,64.0,19856200,0.0,0.0,ASLC,2026-07-22
65.0,67.0,64.0,66.0,8541500,0.0,0.0,ASLC,2026-07-23
66.0,66.0,63.0,65.0,7210500,0.0,0.0,ASLC,2026-07-24
65.0,65.0,61.0,63.0,4943100,0.0,0.0,ASLC,2026-07-27
62.0,69.0,59.0,67.0,55363600,0.0,0.0,ASLC,2026-07-28
67.0,68.0,65.0,67.0,9571600,0.0,0.0,ASLC,2026-07-29
67.0,67.0,61.0,63.0,32750400,0.0,0.0,ASLC,2026-07-30
64.0,64.0,62.0,64.0,5938800,0.0,0.0,ASLC,2026-07-31
64.0,64.0,62.0,62.0,4078200,0.0,0.0,ASLC,2026-08-03
63.0,63.0,59.0,61.0,24705800,0.0,0.0,ASLC,2026-08-04
61.0,64.0,60.0,62.0,16658400,0.0,0.0,ASLC,2026-08-05
63.0,63.0,61.0,62.0,4888300,0.0,0.0,ASLC,2026-08-06
62.0,65.0,61.0,63.0,23203800,0.0,0.0,ASLC,2026-08-07
64.0,64.0,63.0,64.0,11592800,0.0,0.0,ASLC,2026-08-10
64.0,64.0,62.0,63.0,4410100,0.0,0.0,ASLC,2026-08-11
62.0,63.0,62.0,63.0,2628200,0.0,0.0,ASLC,2026-08-12
63.0,63.0,61.0,62.0,12463600,0.0,0.0,ASLC,2026-08-13
62.0,63.0,61.0,62.0,2264400,0.0,0.0,ASLC,2026-08-14
62.0,63.0,60.0,62.0,15646800,0.0,0.0,ASLC,2026-08-18
62.0,63.0,61.0,61.0,4513200,0.0,0.0,ASLC,2026-08-19
62.0,65.0,61.0,63.0,16755300,0.0,0.0,ASLC,2026-08-20
63.0,64.0,62.0,63.0,9408500,0.0,0.0,ASLC,2026-08-21
63.0,72.0,63.0,70.0,117587200,0.0,0.0,ASLC,2026-08-24
72.0,75.0,65.0,65.0,109246200,0.0,0.0,ASLC,2026-08-26
64.0,67.0,62.0,66.0,22460900,0.0,0.0,ASLC,2026-08-27
67.0,69.0,65.0,69.0,19099900,0.0,0.0,ASLC,2026-08-28
70.0,70.0,67.0,68.0,11483100,0.0,0.0,ASLC,2026-08-31
68.0,71.0,67.0,68.0,21313400,0.0,0.0,ASLC,2026-09-01
68.0,69.0,67.0,67.0,6137600,0.0,0.0,ASLC,2026-09-02
67.0,71.0,66.0,70.0,15357500,0.0,0.0,ASLC,2026-09-03
69.0,70.0,68.0,68.0,7111100,0.0,0.0,ASLC,2026-09-04
68.0,69.0,68.0,69.0,5850500,0.0,0.0,ASLC,2026-09-07
68.0,70.0,67.0,67.0,8806900,0.0,0.0,ASLC,2026-09-08
67.0,68.0,66.0,68.0,5454800,0.0,0.0,ASLC,2026-09-09
68.0,68.0,66.0,67.0,7294700,0.0,0.0,ASLC,2026-09-10
67.0,68.0,66.0,67.0,6106500,0.0,0.0,ASLC,2026-09-11
67.0,67.0,65.0,66.0,11144200,0.0,0.0,ASLC,2026-09-14
66.0,67.0,65.0,66.0,2246100,0.0,0.0,ASLC,2026-09-15
66.0,67.0,65.0,66.0,4716600,0.0,0.0,ASLC,2026-09-16
66.0,67.0,64.0,65.0,5983200,0.0,0.0,ASLC,2026-09-17
65.0,68.0,65.0,66.0,7602400,0.0,0.0,ASLC,2026-09-18
66.0,71.0,65.0,69.0,69698100,0.0,0.0,ASLC,2026-09-21
7972.97314453125,7972.97314453125,6824.32421875,6824.32421875,4233096,0.0,0.0,RISE,2025-12-01
6385.13525390625,7229.7294921875,6097.97314453125,6908.78369140625,2091980,0.0,0.0,RISE,2025-12-02
7010.13525390625,7010.13525390625,6756.7568359375,6875.0,505568,0.0,0.0,RISE,2025-12-03
6891.89208984375,6891.89208984375,6554.05419921875,6722.97314453125,727568,0.0,0.0,RISE,2025-12-04
6722.97314453125,6891.89208984375,6554.05419921875,6621.62158203125,477448,0.0,0.0,RISE,2025-12-05
6621.62158203125,6959.45947265625,6621.62158203125,6739.86474609375,621304,0.0,0.0,RISE,2025-12-08
6739.86474609375,6739.86474609375,6486.486328125,6570.94580078125,705368,0.0,0.0,RISE,2025-12-09
6587.837890625,6655.4052734375,6216.21630859375,6486.486328125,628112,0.0,0.0,RISE,2025-12-10
6520.2705078125,6621.62158203125,6114.86474609375,6131.7568359375,1021940,0.0,0.0,RISE,2025-12-11
6131.7568359375,6756.7568359375,6131.7568359375,6452.70263671875,678728,0.0,0.0,RISE,2025-12-12
6554.05419921875,6604.7294921875,6233.10791015625,6283.78369140625,429496,0.0,0.0,RISE,2025-12-15
6283.78369140625,6402.02685546875,6216.21630859375,6266.89208984375,270988,0.0,0.0,RISE,2025-12-16
6300.67578125,6317.5673828125,6165.54052734375,6250.0,329152,0.0,0.0,RISE,2025-12-17
6250.0,6334.45947265625,6182.4326171875,6182.4326171875,273208,0.0,0.0,RISE,2025-12-18
6182.4326171875,6233.10791015625,6064.18896484375,6165.54052734375,374440,0.0,0.0,RISE,2025-12-19
6165.54052734375,6385.13525390625,5945.94580078125,6013.513671875,895548,0.0,0.0,RISE,2025-12-22
5979.7294921875,5996.62158203125,5608.10791015625,5760.13525390625,521552,0.0,0.0,RISE,2025-12-23
5760.13525390625,6165.54052734375,5608.10791015625,6013.513671875,576016,0.0,0.0,RISE,2025-12-24
6013.513671875,6233.10791015625,5861.486328125,6064.18896484375,486032,0.0,0.0,RISE,2025-12-29
6081.0810546875,6199.32421875,5895.2705078125,6097.97314453125,681836,0.0,0.0,RISE,2025-12-30
6081.0810546875,6081.0810546875,5962.837890625,6013.513671875,332408,0.0,0.0,RISE,2026-01-02
6081.0810546875,6148.6484375,5878.37841796875,6064.18896484375,456728,0.0,0.0,RISE,2026-01-05
6064.18896484375,6064.18896484375,5878.37841796875,5996.62158203125,421504,0.0,0.0,RISE,2026-01-06
5996.62158203125,6013.513671875,5793.9189453125,5895.2705078125,613164,0.0,0.0,RISE,2026-01-07
5878.37841796875,6621.62158203125,5878.37841796875,6368.2431640625,1820252,0.0,0.0,RISE,2026-01-08
6621.62158203125,6689.18896484375,6266.89208984375,6672.29736328125,1787544,0.0,0.0,RISE,2026-01-09
7094.5947265625,7094.5947265625,5945.94580078125,6250.0,1667664,0.0,0.0,RISE,2026-01-12
6250.0,7027.02685546875,6030.4052734375,7027.02685546875,971768,0.0,0.0,RISE,2026-01-13
6756.7568359375,6959.45947265625,6554.05419921875,6824.32421875,1091796,0.0,0.0,RISE,2026-01-14
6841.21630859375,6993.2431640625,6739.86474609375,6790.54052734375,1201908,0.0,0.0,RISE,2026-01-15
6858.10791015625,7010.13525390625,6486.486328125,6554.05419921875,1727456,0.0,0.0,RISE,2026-01-19
7250.0,7850.0,7025.0,7725.0,3290500,0.0,1.48,RISE,2026-01-20
7675.0,7675.0,6575.0,6800.0,2558500,0.0,0.0,RISE,2026-01-21
6800.0,6800.0,6050.0,6150.0,1444100,0.0,0.0,RISE,2026-01-22
6125.0,6400.0,5750.0,6300.0,571600,0.0,0.0,RISE,2026-01-23
6500.0,6500.0,5675.0,5950.0,819000,0.0,0.0,RISE,2026-01-26
5900.0,6000.0,5450.0,5825.0,2686100,0.0,0.0,RISE,2026-01-27
4960.0,5950.0,4960.0,5950.0,1570200,0.0,0.0,RISE,2026-01-28
5950.0,6025.0,5075.0,5075.0,2391100,0.0,0.0,RISE,2026-01-29
5075.0,5250.0,4950.0,5025.0,907900,0.0,0.0,RISE,2026-01-30
5350.0,5350.0,4280.0,4280.0,843600,0.0,0.0,RISE,2026-02-02
4200.0,5000.0,3690.0,4700.0,3256700,0.0,0.0,RISE,2026-02-03
4790.0,4790.0,4180.0,4290.0,737500,0.0,0.0,RISE,2026-02-04
4290.0,4700.0,3850.0,4000.0,2115300,0.0,0.0,RISE,2026-02-05
3900.0,4000.0,3650.0,4000.0,693800,0.0,0.0,RISE,2026-02-06
4000.0,4000.0,3600.0,3750.0,1778500,0.0,0.0,RISE,2026-02-09
3740.0,3940.0,3600.0,3750.0,1097600,0.0,0.0,RISE,2026-02-10
3750.0,3860.0,3660.0,3790.0,1431300,0.0,0.0,RISE,2026-02-11
3820.0,3830.0,3630.0,3750.0,1751400,0.0,0.0,RISE,2026-02-12
3700.0,3780.0,3590.0,3780.0,1997900,0.0,0.0,RISE,2026-02-13
3760.0,3850.0,3610.0,3650.0,1589800,0.0,0.0,RISE,2026-02-18
3670.0,4560.0,3500.0,3620.0,4950700,0.0,0.0,RISE,2026-02-19
3630.0,3750.0,3500.0,3500.0,2179700,0.0,0.0,RISE,2026-02-20
3550.0,3630.0,3360.0,3430.0,2679100,0.0,0.0,RISE,2026-02-23
3430.0,3480.0,3010.0,3010.0,2496900,0.0,0.0,RISE,2026-02-24
3030.0,3290.0,3000.0,3240.0,1813400,0.0,0.0,RISE,2026-02-25
3520.0,3520.0,3030.0,3260.0,2400400,0.0,0.0,RISE,2026-02-26
3260.0,3270.0,3050.0,3210.0,1476200,0.0,0.0,RISE,2026-02-27
3050.0,3200.0,2810.0,3050.0,2831400,0.0,0.0,RISE,2026-03-02
3000.0,3100.0,2860.0,2910.0,1170700,0.0,0.0,RISE,2026-03-03
2890.0,3200.0,2590.0,2700.0,3041000,0.0,0.0,RISE,2026-03-04
2680.0,2750.0,2480.0,2650.0,1912600,0.0,0.0,RISE,2026-03-05
2650.0,2650.0,2350.0,2500.0,1648900,0.0,0.0,RISE,2026-03-06
2400.0,2400.0,2170.0,2300.0,885300,0.0,0.0,RISE,2026-03-09
2340.0,2410.0,2180.0,2320.0,904900,0.0,0.0,RISE,2026-03-10
2390.0,2470.0,2250.0,2250.0,783900,0.0,0.0,RISE,2026-03-11
2280.0,2480.0,2180.0,2270.0,1220900,0.0,0.0,RISE,2026-03-12
2270.0,2270.0,2080.0,2200.0,795500,0.0,0.0,RISE,2026-03-13
2170.0,2170.0,2050.0,2050.0,790900,0.0,0.0,RISE,2026-03-16
2120.0,2240.0,1970.0,2060.0,1210600,0.0,0.0,RISE,2026-03-17
2010.0,2180.0,2000.0,2000.0,908600,0.0,0.0,RISE,2026-03-25
2020.0,2150.0,1995.0,2030.0,518000,0.0,0.0,RISE,2026-03-26
2020.0,2030.0,1950.0,1990.0,310400,0.0,0.0,RISE,2026-03-27
1990.0,2020.0,1920.0,1990.0,369100,0.0,0.0,RISE,2026-03-30
1990.0,2030.0,1950.0,1950.0,433300,0.0,0.0,RISE,2026-03-31
1950.0,2060.0,1950.0,2000.0,364900,0.0,0.0,RISE,2026-04-01
2000.0,2020.0,1950.0,1960.0,169900,0.0,0.0,RISE,2026-04-02
1980.0,2000.0,1880.0,1975.0,230500,0.0,0.0,RISE,2026-04-06
1975.0,2020.0,1930.0,1935.0,146300,0.0,0.0,RISE,2026-04-07
1960.0,2040.0,1940.0,1995.0,343400,0.0,0.0,RISE,2026-04-08
2040.0,2050.0,1970.0,1980.0,496600,0.0,0.0,RISE,2026-04-09
1985.0,2020.0,1960.0,1960.0,1238500,0.0,0.0,RISE,2026-04-10
1960.0,1995.0,1935.0,1945.0,853000,0.0,0.0,RISE,2026-04-13
1945.0,1995.0,1930.0,1930.0,2588100,0.0,0.0,RISE,2026-04-14
1955.0,2040.0,1935.0,1950.0,1960400,0.0,0.0,RISE,2026-04-15
1955.0,1960.0,1905.0,1910.0,1069300,0.0,0.0,RISE,2026-04-16
1925.0,2380.0,1910.0,2380.0,8331600,0.0,0.0,RISE,2026-04-17
2480.0,2700.0,2070.0,2070.0,7618000,0.0,0.0,RISE,2026-04-20
2070.0,2110.0,1955.0,1965.0,3487500,0.0,0.0,RISE,2026-04-21
2000.0,2130.0,1955.0,1975.0,3147300,0.0,0.0,RISE,2026-04-22
1995.0,1995.0,1825.0,1875.0,3920800,0.0,0.0,RISE,2026-04-23
1850.0,1850.0,1700.0,1705.0,3283500,0.0,0.0,RISE,2026-04-24
1715.0,1845.0,1700.0,1700.0,868800,0.0,0.0,RISE,2026-04-27
1730.0,1730.0,1630.0,1670.0,739400,0.0,0.0,RISE,2026-04-28
1670.0,1670.0,1625.0,1655.0,504900,0.0,0.0,RISE,2026-04-29
1700.0,1810.0,1580.0,1645.0,1360700,0.0,0.0,RISE,2026-04-30
1660.0,1700.0,1610.0,1635.0,586600,0.0,0.0,RISE,2026-05-04
1655.0,1685.0,1580.0,1625.0,783800,0.0,0.0,RISE,2026-05-05
1625.0,1775.0,1615.0,1670.0,582500,0.0,0.0,RISE,2026-05-06
1695.0,1695.0,1635.0,1655.0,366200,0.0,0.0,RISE,2026-05-07
1660.0,1660.0,1585.0,1595.0,515900,0.0,0.0,RISE,2026-05-08
1585.0,1600.0,1455.0,1510.0,1054500,0.0,0.0,RISE,2026-05-11
1510.0,1590.0,1500.0,1510.0,396500,0.0,0.0,RISE,2026-05-12
1510.0,1580.0,1495.0,1500.0,875100,0.0,0.0,RISE,2026-05-13
1500.0,1500.0,1500.0,1500.0,0,0.0,0.0,RISE,2026-05-14
1500.0,1500.0,1500.0,1500.0,0,0.0,0.0,RISE,2026-05-15
1500.0,1575.0,1355.0,1435.0,882800,0.0,0.0,RISE,2026-05-18
1435.0,1510.0,1300.0,1500.0,836500,0.0,0.0,RISE,2026-05-19
1500.0,1575.0,1435.0,1500.0,408600,0.0,0.0,RISE,2026-05-20
1500.0,1540.0,1330.0,1430.0,363800,0.0,0.0,RISE,2026-05-21
1430.0,1430.0,1300.0,1340.0,285000,0.0,0.0,RISE,2026-05-22
1340.0,1515.0,1285.0,1405.0,607500,0.0,0.0,RISE,2026-05-25
1380.0,1485.0,1195.0,1195.0,913600,0.0,0.0,RISE,2026-05-26
1195.0,1195.0,1195.0,1195.0,0,0.0,0.0,RISE,2026-05-27
1195.0,1195.0,1195.0,1195.0,0,0.0,0.0,RISE,2026-05-28
1195.0,1210.0,1080.0,1125.0,754000,0.0,0.0,RISE,2026-05-29
1140.0,1165.0,1025.0,1050.0,353600,0.0,0.0,RISE,2026-06-02
1050.0,1075.0,895.0,995.0,2970500,0.0,0.0,RISE,2026-06-03
990.0,990.0,850.0,850.0,1146900,0.0,0.0,RISE,2026-06-04
885.0,990.0,800.0,810.0,733600,0.0,0.0,RISE,2026-06-05
810.0,830.0,710.0,790.0,325900,0.0,0.0,RISE,2026-06-08
765.0,915.0,765.0,835.0,1268300,0.0,0.0,RISE,2026-06-09
835.0,1040.0,835.0,1040.0,1550100,0.0,0.0,RISE,2026-06-10
1300.0,1300.0,1150.0,1300.0,1215400,0.0,0.0,RISE,2026-06-11
1600.0,1620.0,1125.0,1190.0,6731600,0.0,0.0,RISE,2026-06-12
1255.0,1260.0,1140.0,1175.0,2196400,0.0,0.0,RISE,2026-06-15
1175.0,1190.0,1095.0,1095.0,905600,0.0,0.0,RISE,2026-06-17
1115.0,1225.0,1065.0,1170.0,1148600,0.0,0.0,RISE,2026-06-18
1170.0,1200.0,1030.0,1055.0,1041200,0.0,0.0,RISE,2026-06-19
1100.0,1145.0,1015.0,1025.0,857100,0.0,0.0,RISE,2026-06-22
1030.0,1040.0,1005.0,1025.0,182900,0.0,0.0,RISE,2026-06-23
1025.0,1045.0,900.0,960.0,345600,0.0,0.0,RISE,2026-06-24
1060.0,1070.0,975.0,995.0,550400,0.0,0.0,RISE,2026-06-25
1025.0,1025.0,900.0,970.0,204400,0.0,0.0,RISE,2026-06-26
960.0,965.0,925.0,935.0,244300,0.0,0.0,RISE,2026-06-29
1000.0,1000.0,840.0,860.0,589000,0.0,0.0,RISE,2026-06-30
890.0,910.0,820.0,835.0,827500,0.0,0.0,RISE,2026-07-01
840.0,1040.0,840.0,895.0,2637600,0.0,0.0,RISE,2026-07-02
895.0,940.0,850.0,880.0,1112000,0.0,0.0,RISE,2026-07-03
905.0,925.0,865.0,885.0,478400,0.0,0.0,RISE,2026-07-06
885.0,905.0,865.0,895.0,445000,0.0,0.0,RISE,2026-07-07
900.0,900.0,875.0,880.0,230600,0.0,0.0,RISE,2026-07-08
895.0,900.0,865.0,885.0,382200,0.0,0.0,RISE,2026-07-09
890.0,905.0,870.0,895.0,175200,0.0,0.0,RISE,2026-07-10
875.0,935.0,870.0,895.0,363600,0.0,0.0,RISE,2026-07-13
880.0,995.0,880.0,945.0,1039000,0.0,0.0,RISE,2026-07-14
830.0,965.0,830.0,915.0,1078100,0.0,0.0,RISE,2026-07-15
915.0,1030.0,885.0,960.0,960600,0.0,0.0,RISE,2026-07-16
995.0,1000.0,915.0,960.0,705100,0.0,0.0,RISE,2026-07-17
1000.0,1200.0,965.0,1140.0,15028700,0.0,0.0,RISE,2026-07-20
1140.0,1175.0,1050.0,1070.0,3592100,0.0,0.0,RISE,2026-07-21
1075.0,1140.0,1035.0,1055.0,2056000,0.0,0.0,RISE,2026-07-22
1055.0,1100.0,1010.0,1025.0,1932000,0.0,0.0,RISE,2026-07-23
1040.0,1050.0,980.0,1030.0,926600,0.0,0.0,RISE,2026-07-24
1030.0,1045.0,1010.0,1025.0,435500,0.0,0.0,RISE,2026-07-27
1030.0,1090.0,975.0,995.0,1940600,0.0,0.0,RISE,2026-07-28
1000.0,1010.0,945.0,970.0,832900,0.0,0.0,RISE,2026-07-29
975.0,1110.0,975.0,1015.0,1059500,0.0,0.0,RISE,2026-07-30
1015.0,1020.0,965.0,995.0,492100,0.0,0.0,RISE,2026-07-31
995.0,1015.0,975.0,980.0,644200,0.0,0.0,RISE,2026-08-03
980.0,1000.0,960.0,980.0,620000,0.0,0.0,RISE,2026-08-04
970.0,1000.0,925.0,950.0,1329200,0.0,0.0,RISE,2026-08-05
955.0,980.0,925.0,945.0,1007700,0.0,0.0,RISE,2026-08-06
940.0,965.0,920.0,955.0,498600,0.0,0.0,RISE,2026-08-07
955.0,1000.0,930.0,945.0,1136200,0.0,0.0,RISE,2026-08-10
970.0,970.0,925.0,935.0,472200,0.0,0.0,RISE,2026-08-11
935.0,950.0,915.0,940.0,472000,0.0,0.0,RISE,2026-08-12
940.0,940.0,920.0,920.0,330000,0.0,0.0,RISE,2026-08-13
930.0,935.0,890.0,910.0,537700,0.0,0.0,RISE,2026-08-14
935.0,940.0,900.0,925.0,973500,0.0,0.0,RISE,2026-08-18
920.0,935.0,915.0,925.0,381500,0.0,0.0,RISE,2026-08-19
920.0,950.0,920.0,940.0,394900,0.0,0.0,RISE,2026-08-20
950.0,955.0,935.0,945.0,1552900,0.0,0.0,RISE,2026-08-21
945.0,965.0,890.0,900.0,3062100,0.0,0.0,RISE,2026-08-24
875.0,945.0,875.0,905.0,2819200,0.0,0.0,RISE,2026-08-26
900.0,940.0,880.0,910.0,1723400,0.0,0.0,RISE,2026-08-27
915.0,930.0,880.0,900.0,3593200,0.0,0.0,RISE,2026-08-28
900.0,910.0,845.0,845.0,3964600,0.0,0.0,RISE,2026-08-31
870.0,870.0,825.0,855.0,1827000,0.0,0.0,RISE,2026-09-01
855.0,870.0,800.0,850.0,1923100,0.0,0.0,RISE,2026-09-02
850.0,870.0,835.0,860.0,2228800,0.0,0.0,RISE,2026-09-03
875.0,930.0,855.0,890.0,3263100,0.0,0.0,RISE,2026-09-04
900.0,900.0,865.0,875.0,1081900,0.0,0.0,RISE,2026-09-07
865.0,880.0,845.0,860.0,1720300,0.0,0.0,RISE,2026-09-08
860.0,870.0,830.0,835.0,1588000,0.0,0.0,RISE,2026-09-09
835.0,860.0,790.0,805.0,3980600,0.0,0.0,RISE,2026-09-10
805.0,830.0,770.0,800.0,1259100,0.0,0.0,RISE,2026-09-11
800.0,820.0,780.0,810.0,648100,0.0,0.0,RISE,2026-09-14
810.0,815.0,785.0,795.0,708100,0.0,0.0,RISE,2026-09-15
790.0,810.0,785.0,795.0,336300,0.0,0.0,RISE,2026-09-16
795.0,860.0,790.0,845.0,1974700,0.0,0.0,RISE,2026-09-17
850.0,850.0,800.0,800.0,885500,0.0,0.0,RISE,2026-09-18
820.0,950.0,775.0,850.0,4456500,0.0,0.0,RISE,2026-09-21
86.0,86.0,82.0,84.0,14500000,0.0,0.0,DSFI,2025-12-01
83.0,86.0,83.0,85.0,4781100,0.0,0.0,DSFI,2025-12-02
85.0,91.0,84.0,87.0,23000900,0.0,0.0,DSFI,2025-12-03
89.0,91.0,86.0,88.0,21282100,0.0,0.0,DSFI,2025-12-04
89.0,89.0,86.0,88.0,10245600,0.0,0.0,DSFI,2025-12-05
88.0,88.0,86.0,87.0,10119400,0.0,0.0,DSFI,2025-12-08
87.0,104.0,87.0,94.0,235814000,0.0,0.0,DSFI,2025-12-09
95.0,115.0,93.0,99.0,402830000,0.0,0.0,DSFI,2025-12-10
99.0,120.0,94.0,104.0,521756500,0.0,0.0,DSFI,2025-12-11
104.0,104.0,94.0,96.0,35803100,0.0,0.0,DSFI,2025-12-12
96.0,98.0,92.0,94.0,21279000,0.0,0.0,DSFI,2025-12-15
94.0,96.0,91.0,94.0,27279000,0.0,0.0,DSFI,2025-12-16
94.0,97.0,92.0,96.0,32842700,0.0,0.0,DSFI,2025-12-17
97.0,103.0,96.0,99.0,55743300,0.0,0.0,DSFI,2025-12-18
101.0,101.0,95.0,96.0,24382900,0.0,0.0,DSFI,2025-12-19
96.0,97.0,89.0,90.0,21000400,0.0,0.0,DSFI,2025-12-22
89.0,94.0,89.0,92.0,9260200,0.0,0.0,DSFI,2025-12-23
92.0,111.0,89.0,97.0,170803300,0.0,0.0,DSFI,2025-12-24
110.0,126.0,100.0,104.0,490859800,0.0,0.0,DSFI,2025-12-29
104.0,105.0,98.0,99.0,32134100,0.0,0.0,DSFI,2025-12-30
100.0,106.0,97.0,101.0,37749500,0.0,0.0,DSFI,2026-01-02
102.0,103.0,99.0,100.0,16116400,0.0,0.0,DSFI,2026-01-05
101.0,103.0,99.0,99.0,14422200,0.0,0.0,DSFI,2026-01-06
99.0,100.0,97.0,98.0,12893100,0.0,0.0,DSFI,2026-01-07
98.0,102.0,98.0,102.0,17629100,0.0,0.0,DSFI,2026-01-08
102.0,102.0,98.0,99.0,12345800,0.0,0.0,DSFI,2026-01-09
99.0,100.0,91.0,95.0,16695900,0.0,0.0,DSFI,2026-01-12
95.0,99.0,95.0,96.0,6974400,0.0,0.0,DSFI,2026-01-13
96.0,99.0,96.0,98.0,7351800,0.0,0.0,DSFI,2026-01-14
98.0,101.0,97.0,100.0,12336000,0.0,0.0,DSFI,2026-01-15
106.0,135.0,102.0,130.0,556238100,0.0,0.0,DSFI,2026-01-19
132.0,158.0,118.0,121.0,486909000,0.0,0.0,DSFI,2026-01-20
122.0,130.0,113.0,124.0,77677500,0.0,0.0,DSFI,2026-01-21
129.0,137.0,121.0,122.0,96364600,0.0,0.0,DSFI,2026-01-22
123.0,125.0,116.0,121.0,29548900,0.0,0.0,DSFI,2026-01-23
126.0,128.0,119.0,119.0,41116800,0.0,0.0,DSFI,2026-01-26
119.0,125.0,116.0,124.0,23926900,0.0,0.0,DSFI,2026-01-27
124.0,124.0,106.0,106.0,29132800,0.0,0.0,DSFI,2026-01-28
92.0,101.0,91.0,98.0,37298300,0.0,0.0,DSFI,2026-01-29
99.0,119.0,99.0,113.0,58148100,0.0,0.0,DSFI,2026-01-30
114.0,117.0,97.0,97.0,29736500,0.0,0.0,DSFI,2026-02-02
97.0,106.0,91.0,102.0,14771800,0.0,0.0,DSFI,2026-02-03
103.0,105.0,99.0,104.0,10373600,0.0,0.0,DSFI,2026-02-04
106.0,122.0,104.0,111.0,93745500,0.0,0.0,DSFI,2026-02-05
108.0,109.0,102.0,104.0,20452300,0.0,0.0,DSFI,2026-02-06
107.0,107.0,102.0,105.0,9596500,0.0,0.0,DSFI,2026-02-09
104.0,110.0,104.0,107.0,8528800,0.0,0.0,DSFI,2026-02-10
108.0,113.0,107.0,110.0,16569000,0.0,0.0,DSFI,2026-02-11
112.0,112.0,106.0,108.0,9285900,0.0,0.0,DSFI,2026-02-12
108.0,113.0,104.0,106.0,13427100,0.0,0.0,DSFI,2026-02-13
107.0,111.0,104.0,110.0,10469600,0.0,0.0,DSFI,2026-02-18
113.0,124.0,110.0,117.0,195036900,0.0,0.0,DSFI,2026-02-19
118.0,119.0,110.0,112.0,30059500,0.0,0.0,DSFI,2026-02-20
112.0,116.0,110.0,113.0,18757500,0.0,0.0,DSFI,2026-02-23
113.0,128.0,113.0,120.0,191436900,0.0,0.0,DSFI,2026-02-24
123.0,124.0,114.0,115.0,51911600,0.0,0.0,DSFI,2026-02-25
116.0,119.0,111.0,113.0,30115400,0.0,0.0,DSFI,2026-02-26
112.0,113.0,108.0,109.0,13120700,0.0,0.0,DSFI,2026-02-27
98.0,104.0,98.0,99.0,19848600,0.0,0.0,DSFI,2026-03-02
99.0,103.0,98.0,100.0,12146700,0.0,0.0,DSFI,2026-03-03
100.0,101.0,90.0,92.0,9369300,0.0,0.0,DSFI,2026-03-04
94.0,100.0,94.0,97.0,4350900,0.0,0.0,DSFI,2026-03-05
97.0,98.0,93.0,94.0,2300000,0.0,0.0,DSFI,2026-03-06
93.0,93.0,85.0,89.0,7789700,0.0,0.0,DSFI,2026-03-09
92.0,97.0,88.0,93.0,7540800,0.0,0.0,DSFI,2026-03-10
93.0,96.0,91.0,94.0,3293900,0.0,0.0,DSFI,2026-03-11
94.0,95.0,90.0,93.0,2894200,0.0,0.0,DSFI,2026-03-12
90.0,92.0,86.0,86.0,5087600,0.0,0.0,DSFI,2026-03-13
88.0,88.0,82.0,85.0,2390800,0.0,0.0,DSFI,2026-03-16
85.0,93.0,85.0,86.0,6481300,0.0,0.0,DSFI,2026-03-17
86.0,90.0,82.0,90.0,1998500,0.0,0.0,DSFI,2026-03-25
92.0,97.0,88.0,90.0,11769200,0.0,0.0,DSFI,2026-03-26
90.0,91.0,87.0,89.0,2251300,0.0,0.0,DSFI,2026-03-27
89.0,89.0,84.0,87.0,2927500,0.0,0.0,DSFI,2026-03-30
87.0,94.0,86.0,92.0,9828700,0.0,0.0,DSFI,2026-03-31
92.0,99.0,90.0,94.0,9455700,0.0,0.0,DSFI,2026-04-01
96.0,97.0,92.0,94.0,2213000,0.0,0.0,DSFI,2026-04-02
93.0,94.0,91.0,92.0,1950900,0.0,0.0,DSFI,2026-04-06
92.0,95.0,91.0,92.0,1565600,0.0,0.0,DSFI,2026-04-07
93.0,95.0,92.0,95.0,2502800,0.0,0.0,DSFI,2026-04-08
95.0,95.0,92.0,93.0,1879200,0.0,0.0,DSFI,2026-04-09
92.0,95.0,92.0,93.0,1069600,0.0,0.0,DSFI,2026-04-10
93.0,98.0,91.0,96.0,8157600,0.0,0.0,DSFI,2026-04-13
98.0,99.0,95.0,97.0,6828300,0.0,0.0,DSFI,2026-04-14
97.0,105.0,97.0,103.0,45011300,0.0,0.0,DSFI,2026-04-15
104.0,109.0,103.0,104.0,23681000,0.0,0.0,DSFI,2026-04-16
104.0,107.0,102.0,103.0,5288300,0.0,0.0,DSFI,2026-04-17
105.0,105.0,101.0,104.0,5240600,0.0,0.0,DSFI,2026-04-20
104.0,109.0,104.0,107.0,14373700,0.0,0.0,DSFI,2026-04-21
110.0,112.0,104.0,105.0,16000300,0.0,0.0,DSFI,2026-04-22
106.0,106.0,97.0,100.0,13089700,0.0,0.0,DSFI,2026-04-23
100.0,100.0,96.0,96.0,5278300,0.0,0.0,DSFI,2026-04-24
95.0,99.0,95.0,97.0,2095000,0.0,0.0,DSFI,2026-04-27
97.0,100.0,97.0,99.0,1943700,0.0,0.0,DSFI,2026-04-28
99.0,101.0,98.0,98.0,2420800,0.0,0.0,DSFI,2026-04-29
98.0,101.0,97.0,99.0,3274700,0.0,0.0,DSFI,2026-04-30
99.0,106.0,98.0,105.0,11903800,0.0,0.0,DSFI,2026-05-04
105.0,106.0,103.0,104.0,5873700,0.0,0.0,DSFI,2026-05-05
105.0,111.0,104.0,105.0,21954600,0.0,0.0,DSFI,2026-05-06
110.0,110.0,96.0,103.0,13443300,0.0,0.0,DSFI,2026-05-07
103.0,103.0,99.0,99.0,5364000,0.0,0.0,DSFI,2026-05-08
99.0,101.0,92.0,99.0,6718100,0.0,0.0,DSFI,2026-05-11
99.0,101.0,95.0,96.0,2241500,0.0,0.0,DSFI,2026-05-12
94.0,97.0,94.0,94.0,2609200,0.0,0.0,DSFI,2026-05-13
94.0,94.0,94.0,94.0,0,0.0,0.0,DSFI,2026-05-14
94.0,94.0,94.0,94.0,0,0.0,0.0,DSFI,2026-05-15
93.0,93.0,89.0,90.0,3736300,0.0,0.0,DSFI,2026-05-18
90.0,92.0,77.0,81.0,7645400,0.0,0.0,DSFI,2026-05-19
81.0,97.0,80.0,82.0,24502400,0.0,0.0,DSFI,2026-05-20
82.0,84.0,76.0,77.0,3047200,0.0,0.0,DSFI,2026-05-21
76.0,80.0,72.0,78.0,1696800,0.0,0.0,DSFI,2026-05-22
78.0,82.0,75.0,80.0,2572500,0.0,0.0,DSFI,2026-05-25
79.0,87.0,78.0,78.0,16031000,0.0,0.0,DSFI,2026-05-26
78.0,78.0,78.0,78.0,0,0.0,0.0,DSFI,2026-05-27
78.0,78.0,78.0,78.0,0,0.0,0.0,DSFI,2026-05-28
78.0,80.0,75.0,78.0,1404900,0.0,0.0,DSFI,2026-05-29
76.0,81.0,74.0,75.0,5437800,0.0,0.0,DSFI,2026-06-02
75.0,76.0,66.0,69.0,4339400,0.0,0.0,DSFI,2026-06-03
70.0,70.0,60.0,70.0,3993600,0.0,0.0,DSFI,2026-06-04
72.0,72.0,63.0,64.0,855800,0.0,0.0,DSFI,2026-06-05
64.0,68.0,55.0,55.0,8771200,0.0,0.0,DSFI,2026-06-08
55.0,61.0,54.0,61.0,4835600,0.0,0.0,DSFI,2026-06-09
63.0,68.0,59.0,66.0,2868000,0.0,0.0,DSFI,2026-06-10
68.0,69.0,63.0,66.0,1732800,0.0,0.0,DSFI,2026-06-11
66.0,71.0,66.0,71.0,3060000,0.0,0.0,DSFI,2026-06-12
71.0,75.0,70.0,70.0,2906300,0.0,0.0,DSFI,2026-06-15
70.0,76.0,70.0,72.0,2902500,0.0,0.0,DSFI,2026-06-17
72.0,72.0,67.0,69.0,1175200,0.0,0.0,DSFI,2026-06-18
70.0,74.0,70.0,72.0,2175600,0.0,0.0,DSFI,2026-06-19
72.0,74.0,70.0,70.0,2098400,0.0,0.0,DSFI,2026-06-22
71.0,72.0,68.0,71.0,537800,0.0,0.0,DSFI,2026-06-23
71.0,74.0,66.0,69.0,3021600,0.0,0.0,DSFI,2026-06-24
68.0,70.0,67.0,70.0,413300,0.0,0.0,DSFI,2026-06-25
70.0,72.0,67.0,67.0,690500,0.0,0.0,DSFI,2026-06-26
68.0,70.0,66.0,68.0,442400,0.0,0.0,DSFI,2026-06-29
67.0,71.0,63.0,68.0,2992700,0.0,0.0,DSFI,2026-06-30
68.0,69.0,64.0,66.0,2070700,0.0,0.0,DSFI,2026-07-01
66.0,68.0,64.0,66.0,950800,0.0,0.0,DSFI,2026-07-02
66.0,71.0,65.0,67.0,1867000,0.0,0.0,DSFI,2026-07-03
67.0,72.0,66.0,70.0,1833700,0.0,0.0,DSFI,2026-07-06
71.0,71.0,66.0,68.0,1509000,0.0,0.0,DSFI,2026-07-07
69.0,85.0,67.0,71.0,48465400,0.0,0.0,DSFI,2026-07-08
74.0,76.0,69.0,69.0,8182700,0.0,0.0,DSFI,2026-07-09
70.0,74.0,68.0,70.0,3490200,0.0,0.0,DSFI,2026-07-10
70.0,74.0,69.0,71.0,5920900,0.0,0.0,DSFI,2026-07-13
70.0,81.0,70.0,73.0,22324600,0.0,0.0,DSFI,2026-07-14
74.0,78.0,73.0,74.0,4660500,0.0,0.0,DSFI,2026-07-15
74.0,92.0,74.0,80.0,123565800,0.0,0.0,DSFI,2026-07-16
81.0,83.0,77.0,80.0,13413600,0.0,0.0,DSFI,2026-07-17
80.0,82.0,79.0,80.0,4517700,0.0,0.0,DSFI,2026-07-20
80.0,82.0,80.0,80.0,4650600,0.0,0.0,DSFI,2026-07-21
80.0,84.0,79.0,83.0,17419100,0.0,0.0,DSFI,2026-07-22
84.0,84.0,81.0,81.0,5780300,0.0,0.0,DSFI,2026-07-23
81.0,82.0,78.0,79.0,1788700,0.0,0.0,DSFI,2026-07-24
79.0,81.0,78.0,80.0,2567500,0.0,0.0,DSFI,2026-07-27
80.0,82.0,78.0,80.0,6534400,0.0,0.0,DSFI,2026-07-28
79.0,81.0,77.0,78.0,4384400,0.0,0.0,DSFI,2026-07-29
78.0,83.0,78.0,80.0,5405100,0.0,0.0,DSFI,2026-07-30
81.0,83.0,80.0,80.0,3477400,0.0,0.0,DSFI,2026-07-31
81.0,85.0,81.0,82.0,5726600,0.0,0.0,DSFI,2026-08-03
81.0,84.0,80.0,81.0,6157600,0.0,0.0,DSFI,2026-08-04
82.0,85.0,81.0,83.0,7020100,0.0,0.0,DSFI,2026-08-05
84.0,84.0,81.0,83.0,4199100,0.0,0.0,DSFI,2026-08-06
83.0,84.0,81.0,82.0,4410900,0.0,0.0,DSFI,2026-08-07
82.0,83.0,81.0,81.0,1375400,0.0,0.0,DSFI,2026-08-10
81.0,90.0,80.0,81.0,28033900,0.0,0.0,DSFI,2026-08-11
84.0,89.0,83.0,84.0,34874100,0.0,0.0,DSFI,2026-08-12
83.0,84.0,82.0,82.0,5110700,0.0,0.0,DSFI,2026-08-13
82.0,85.0,81.0,81.0,10592600,0.0,0.0,DSFI,2026-08-14
82.0,84.0,81.0,83.0,7498600,0.0,0.0,DSFI,2026-08-18
83.0,91.0,82.0,86.0,31536700,0.0,0.0,DSFI,2026-08-19
86.0,87.0,84.0,86.0,8497400,0.0,0.0,DSFI,2026-08-20
86.0,89.0,85.0,85.0,3126600,0.0,0.0,DSFI,2026-08-21
85.0,88.0,85.0,86.0,6881900,0.0,0.0,DSFI,2026-08-24
86.0,86.0,86.0,86.0,0,0.0,0.0,DSFI,2026-08-25
87.0,87.0,84.0,85.0,3229400,0.0,0.0,DSFI,2026-08-26
85.0,95.0,84.0,89.0,39510900,0.0,0.0,DSFI,2026-08-27
89.0,89.0,87.0,88.0,3427000,0.0,0.0,DSFI,2026-08-28
88.0,91.0,87.0,88.0,7028700,0.0,0.0,DSFI,2026-08-31
89.0,89.0,86.0,88.0,5636300,0.0,0.0,DSFI,2026-09-01
88.0,88.0,87.0,88.0,1310300,0.0,0.0,DSFI,2026-09-02
88.0,89.0,87.0,87.0,2860400,0.0,0.0,DSFI,2026-09-03
88.0,90.0,87.0,88.0,6183000,0.0,0.0,DSFI,2026-09-04
88.0,90.0,86.0,87.0,5390900,0.0,0.0,DSFI,2026-09-07
88.0,91.0,87.0,89.0,6262100,0.0,0.0,DSFI,2026-09-08
88.0,95.0,88.0,90.0,28581700,0.0,0.0,DSFI,2026-09-09
90.0,92.0,88.0,88.0,5858800,0.0,0.0,DSFI,2026-09-10
86.0,89.0,85.0,87.0,5198000,0.0,0.0,DSFI,2026-09-11
87.0,90.0,86.0,87.0,7429700,0.0,0.0,DSFI,2026-09-14
88.0,89.0,86.0,87.0,6774700,0.0,0.0,DSFI,2026-09-15
87.0,104.0,87.0,90.0,134748000,0.0,0.0,DSFI,2026-09-16
90.0,99.0,89.0,93.0,41981900,0.0,0.0,DSFI,2026-09-17
95.0,96.0,91.0,92.0,10846900,0.0,0.0,DSFI,2026-09-18
92.0,102.0,92.0,96.0,29703000,0.0,0.0,DSFI,2026-09-21
252.0,252.0,236.0,242.0,4304500,0.0,0.0,MAYA,2025-12-01
242.0,248.0,234.0,246.0,4715700,0.0,0.0,MAYA,2025-12-02
250.0,252.0,246.0,248.0,3018900,0.0,0.0,MAYA,2025-12-03
248.0,258.0,248.0,248.0,3108600,0.0,0.0,MAYA,2025-12-04
252.0,254.0,234.0,240.0,5885500,0.0,0.0,MAYA,2025-12-05
242.0,244.0,238.0,238.0,3811200,0.0,0.0,MAYA,2025-12-08
238.0,242.0,236.0,238.0,4337700,0.0,0.0,MAYA,2025-12-09
240.0,240.0,230.0,234.0,8990400,0.0,0.0,MAYA,2025-12-10
236.0,244.0,232.0,232.0,7740000,0.0,0.0,MAYA,2025-12-11
236.0,238.0,232.0,232.0,2818200,0.0,0.0,MAYA,2025-12-12
234.0,242.0,230.0,236.0,6075000,0.0,0.0,MAYA,2025-12-15
240.0,242.0,232.0,234.0,2768400,0.0,0.0,MAYA,2025-12-16
236.0,240.0,234.0,236.0,2776000,0.0,0.0,MAYA,2025-12-17
240.0,242.0,234.0,240.0,5707300,0.0,0.0,MAYA,2025-12-18
240.0,240.0,232.0,234.0,2268400,0.0,0.0,MAYA,2025-12-19
234.0,236.0,228.0,232.0,4793700,0.0,0.0,MAYA,2025-12-22
230.0,234.0,230.0,230.0,2680600,0.0,0.0,MAYA,2025-12-23
230.0,232.0,228.0,228.0,2371100,0.0,0.0,MAYA,2025-12-24
228.0,236.0,228.0,232.0,1523600,0.0,0.0,MAYA,2025-12-29
230.0,236.0,230.0,232.0,1778400,0.0,0.0,MAYA,2025-12-30
234.0,234.0,230.0,232.0,1490200,0.0,0.0,MAYA,2026-01-02
232.0,244.0,230.0,242.0,7935100,0.0,0.0,MAYA,2026-01-05
246.0,268.0,244.0,256.0,31583500,0.0,0.0,MAYA,2026-01-06
254.0,260.0,246.0,246.0,10640900,0.0,0.0,MAYA,2026-01-07
254.0,254.0,234.0,238.0,8489300,0.0,0.0,MAYA,2026-01-08
238.0,244.0,236.0,240.0,5895300,0.0,0.0,MAYA,2026-01-09
240.0,244.0,236.0,238.0,7470800,0.0,0.0,MAYA,2026-01-12
238.0,244.0,238.0,242.0,2971400,0.0,0.0,MAYA,2026-01-13
242.0,244.0,238.0,242.0,3892400,0.0,0.0,MAYA,2026-01-14
242.0,254.0,240.0,246.0,7562500,0.0,0.0,MAYA,2026-01-15
248.0,248.0,240.0,244.0,3745100,0.0,0.0,MAYA,2026-01-19
244.0,248.0,242.0,242.0,2624800,0.0,0.0,MAYA,2026-01-20
242.0,244.0,236.0,238.0,3413900,0.0,0.0,MAYA,2026-01-21
240.0,246.0,238.0,244.0,3559300,0.0,0.0,MAYA,2026-01-22
244.0,244.0,236.0,238.0,3895800,0.0,0.0,MAYA,2026-01-23
238.0,238.0,234.0,236.0,3104000,0.0,0.0,MAYA,2026-01-26
238.0,240.0,232.0,234.0,3470000,0.0,0.0,MAYA,2026-01-27
232.0,232.0,220.0,222.0,10717000,0.0,0.0,MAYA,2026-01-28
212.0,218.0,189.0,218.0,13345700,0.0,0.0,MAYA,2026-01-29
218.0,234.0,214.0,230.0,2573500,0.0,0.0,MAYA,2026-01-30
234.0,234.0,208.0,214.0,2920500,0.0,0.0,MAYA,2026-02-02
214.0,228.0,208.0,228.0,2255300,0.0,0.0,MAYA,2026-02-03
228.0,228.0,216.0,222.0,2984600,0.0,0.0,MAYA,2026-02-04
222.0,226.0,220.0,222.0,1253500,0.0,0.0,MAYA,2026-02-05
222.0,222.0,214.0,216.0,2159100,0.0,0.0,MAYA,2026-02-06
216.0,218.0,212.0,214.0,752400,0.0,0.0,MAYA,2026-02-09
216.0,224.0,216.0,218.0,1302800,0.0,0.0,MAYA,2026-02-10
220.0,222.0,218.0,220.0,3445700,0.0,0.0,MAYA,2026-02-11
220.0,224.0,218.0,222.0,767200,0.0,0.0,MAYA,2026-02-12
222.0,222.0,216.0,216.0,1434800,0.0,0.0,MAYA,2026-02-13
218.0,220.0,216.0,218.0,2743700,0.0,0.0,MAYA,2026-02-18
220.0,226.0,216.0,220.0,2196900,0.0,0.0,MAYA,2026-02-19
222.0,224.0,218.0,224.0,2107500,0.0,0.0,MAYA,2026-02-20
226.0,226.0,222.0,224.0,1007900,0.0,0.0,MAYA,2026-02-23
226.0,226.0,218.0,222.0,3524700,0.0,0.0,MAYA,2026-02-24
222.0,224.0,216.0,222.0,1544300,0.0,0.0,MAYA,2026-02-25
222.0,222.0,214.0,218.0,3392300,0.0,0.0,MAYA,2026-02-26
218.0,220.0,214.0,218.0,654300,0.0,0.0,MAYA,2026-02-27
212.0,216.0,202.0,208.0,4000600,0.0,0.0,MAYA,2026-03-02
208.0,216.0,204.0,210.0,1377600,0.0,0.0,MAYA,2026-03-03
208.0,208.0,200.0,200.0,7377600,0.0,0.0,MAYA,2026-03-04
200.0,204.0,200.0,202.0,1151900,0.0,0.0,MAYA,2026-03-05
200.0,202.0,198.0,199.0,2871100,0.0,0.0,MAYA,2026-03-06
199.0,199.0,180.0,190.0,2847300,0.0,0.0,MAYA,2026-03-09
189.0,196.0,189.0,196.0,1711300,0.0,0.0,MAYA,2026-03-10
195.0,200.0,194.0,195.0,682400,0.0,0.0,MAYA,2026-03-11
195.0,198.0,192.0,195.0,3168100,0.0,0.0,MAYA,2026-03-12
196.0,196.0,189.0,191.0,696900,0.0,0.0,MAYA,2026-03-13
191.0,191.0,182.0,190.0,1235400,0.0,0.0,MAYA,2026-03-16
189.0,193.0,188.0,190.0,1742800,0.0,0.0,MAYA,2026-03-17
192.0,195.0,188.0,188.0,1102500,0.0,0.0,MAYA,2026-03-25
190.0,191.0,182.0,189.0,1887000,0.0,0.0,MAYA,2026-03-26
189.0,190.0,188.0,189.0,154700,0.0,0.0,MAYA,2026-03-27
189.0,189.0,182.0,185.0,1019300,0.0,0.0,MAYA,2026-03-30
186.0,192.0,185.0,190.0,832600,0.0,0.0,MAYA,2026-03-31
191.0,193.0,185.0,187.0,628400,0.0,0.0,MAYA,2026-04-01
188.0,191.0,187.0,188.0,347600,0.0,0.0,MAYA,2026-04-02
189.0,189.0,185.0,187.0,243700,0.0,0.0,MAYA,2026-04-06
187.0,189.0,186.0,186.0,254500,0.0,0.0,MAYA,2026-04-07
186.0,198.0,186.0,192.0,2090300,0.0,0.0,MAYA,2026-04-08
193.0,193.0,188.0,191.0,522800,0.0,0.0,MAYA,2026-04-09
192.0,196.0,191.0,195.0,646800,0.0,0.0,MAYA,2026-04-10
195.0,195.0,191.0,194.0,1621300,0.0,0.0,MAYA,2026-04-13
195.0,198.0,194.0,196.0,689200,0.0,0.0,MAYA,2026-04-14
197.0,232.0,197.0,220.0,18814600,0.0,0.0,MAYA,2026-04-15
222.0,222.0,210.0,212.0,5512400,0.0,0.0,MAYA,2026-04-16
210.0,212.0,199.0,204.0,7533300,0.0,0.0,MAYA,2026-04-17
204.0,206.0,202.0,204.0,1345800,0.0,0.0,MAYA,2026-04-20
206.0,206.0,202.0,204.0,478400,0.0,0.0,MAYA,2026-04-21
204.0,208.0,204.0,206.0,1490500,0.0,0.0,MAYA,2026-04-22
208.0,212.0,202.0,206.0,4023000,0.0,0.0,MAYA,2026-04-23
206.0,206.0,199.0,199.0,2280200,0.0,0.0,MAYA,2026-04-24
199.0,204.0,198.0,199.0,823900,0.0,0.0,MAYA,2026-04-27
200.0,202.0,195.0,202.0,1414800,0.0,0.0,MAYA,2026-04-28
202.0,204.0,198.0,202.0,1006700,0.0,0.0,MAYA,2026-04-29
202.0,202.0,194.0,199.0,804500,0.0,0.0,MAYA,2026-04-30
199.0,200.0,197.0,197.0,865500,0.0,0.0,MAYA,2026-05-04
198.0,200.0,197.0,198.0,743300,0.0,0.0,MAYA,2026-05-05
200.0,200.0,197.0,199.0,534800,0.0,0.0,MAYA,2026-05-06
199.0,202.0,199.0,199.0,1083600,0.0,0.0,MAYA,2026-05-07
199.0,199.0,196.0,199.0,785100,0.0,0.0,MAYA,2026-05-08
199.0,199.0,194.0,195.0,5714500,0.0,0.0,MAYA,2026-05-11
196.0,197.0,193.0,194.0,633000,0.0,0.0,MAYA,2026-05-12
195.0,195.0,192.0,194.0,797500,0.0,0.0,MAYA,2026-05-13
194.0,194.0,194.0,194.0,0,0.0,0.0,MAYA,2026-05-14
194.0,194.0,194.0,194.0,0,0.0,0.0,MAYA,2026-05-15
194.0,194.0,185.0,188.0,2124300,0.0,0.0,MAYA,2026-05-18
188.0,191.0,185.0,187.0,955200,0.0,0.0,MAYA,2026-05-19
188.0,190.0,183.0,185.0,1545100,0.0,0.0,MAYA,2026-05-20
187.0,198.0,187.0,187.0,1322800,0.0,0.0,MAYA,2026-05-21
187.0,194.0,184.0,188.0,2231000,0.0,0.0,MAYA,2026-05-22
190.0,196.0,181.0,190.0,1020600,0.0,0.0,MAYA,2026-05-25
195.0,195.0,185.0,189.0,829800,0.0,0.0,MAYA,2026-05-26
189.0,189.0,189.0,189.0,0,0.0,0.0,MAYA,2026-05-27
189.0,189.0,189.0,189.0,0,0.0,0.0,MAYA,2026-05-28
188.0,190.0,185.0,187.0,817200,0.0,0.0,MAYA,2026-05-29
187.0,190.0,186.0,186.0,997200,0.0,0.0,MAYA,2026-06-02
188.0,188.0,170.0,180.0,2602300,0.0,0.0,MAYA,2026-06-03
180.0,181.0,164.0,176.0,1632000,0.0,0.0,MAYA,2026-06-04
176.0,180.0,169.0,171.0,1595300,0.0,0.0,MAYA,2026-06-05
172.0,175.0,159.0,165.0,1647500,0.0,0.0,MAYA,2026-06-08
165.0,181.0,158.0,169.0,4782800,0.0,0.0,MAYA,2026-06-09
170.0,182.0,169.0,181.0,3687100,0.0,0.0,MAYA,2026-06-10
181.0,187.0,179.0,180.0,806500,0.0,0.0,MAYA,2026-06-11
181.0,193.0,181.0,186.0,2247500,0.0,0.0,MAYA,2026-06-12
188.0,200.0,188.0,192.0,5640000,0.0,0.0,MAYA,2026-06-15
190.0,195.0,188.0,189.0,560400,0.0,0.0,MAYA,2026-06-17
192.0,193.0,186.0,191.0,668900,0.0,0.0,MAYA,2026-06-18
195.0,199.0,190.0,191.0,366900,0.0,0.0,MAYA,2026-06-19
191.0,198.0,190.0,191.0,588400,0.0,0.0,MAYA,2026-06-22
190.0,193.0,189.0,190.0,174100,0.0,0.0,MAYA,2026-06-23
190.0,192.0,185.0,186.0,1006300,0.0,0.0,MAYA,2026-06-24
186.0,190.0,186.0,189.0,244000,0.0,0.0,MAYA,2026-06-25
190.0,192.0,185.0,189.0,693600,0.0,0.0,MAYA,2026-06-26
189.0,199.0,186.0,188.0,747000,0.0,0.0,MAYA,2026-06-29
188.0,188.0,181.0,185.0,927000,0.0,0.0,MAYA,2026-06-30
189.0,189.0,185.0,187.0,588600,0.0,0.0,MAYA,2026-07-01
187.0,189.0,186.0,189.0,112100,0.0,0.0,MAYA,2026-07-02
189.0,192.0,188.0,190.0,402600,0.0,0.0,MAYA,2026-07-03
190.0,190.0,187.0,189.0,37300,0.0,0.0,MAYA,2026-07-06
189.0,196.0,188.0,191.0,77900,0.0,0.0,MAYA,2026-07-07
195.0,195.0,188.0,189.0,192700,0.0,0.0,MAYA,2026-07-08
192.0,192.0,187.0,191.0,391500,0.0,0.0,MAYA,2026-07-09
191.0,194.0,189.0,189.0,495200,0.0,0.0,MAYA,2026-07-10
191.0,194.0,184.0,190.0,583500,0.0,0.0,MAYA,2026-07-13
189.0,191.0,189.0,191.0,76300,0.0,0.0,MAYA,2026-07-14
191.0,192.0,187.0,188.0,983500,0.0,0.0,MAYA,2026-07-15
188.0,190.0,186.0,189.0,402500,0.0,0.0,MAYA,2026-07-16
189.0,208.0,189.0,198.0,4499800,0.0,0.0,MAYA,2026-07-17
199.0,202.0,196.0,199.0,2716800,0.0,0.0,MAYA,2026-07-20
200.0,202.0,194.0,200.0,1802900,0.0,0.0,MAYA,2026-07-21
200.0,200.0,196.0,200.0,1485100,0.0,0.0,MAYA,2026-07-22
200.0,202.0,196.0,199.0,428800,0.0,0.0,MAYA,2026-07-23
202.0,202.0,196.0,200.0,2323700,0.0,0.0,MAYA,2026-07-24
202.0,202.0,198.0,200.0,632300,0.0,0.0,MAYA,2026-07-27
200.0,200.0,198.0,199.0,67600,0.0,0.0,MAYA,2026-07-28
199.0,199.0,195.0,196.0,477800,0.0,0.0,MAYA,2026-07-29
196.0,198.0,196.0,197.0,189400,0.0,0.0,MAYA,2026-07-30
196.0,197.0,195.0,196.0,454200,0.0,0.0,MAYA,2026-07-31
196.0,208.0,196.0,199.0,1244800,0.0,0.0,MAYA,2026-08-03
200.0,206.0,198.0,202.0,1199300,0.0,0.0,MAYA,2026-08-04
204.0,204.0,200.0,204.0,463800,0.0,0.0,MAYA,2026-08-05
208.0,208.0,200.0,206.0,667100,0.0,0.0,MAYA,2026-08-06
202.0,204.0,200.0,202.0,250200,0.0,0.0,MAYA,2026-08-07
202.0,208.0,198.0,202.0,716700,0.0,0.0,MAYA,2026-08-10
202.0,202.0,198.0,200.0,467700,0.0,0.0,MAYA,2026-08-11
200.0,200.0,197.0,199.0,703900,0.0,0.0,MAYA,2026-08-12
198.0,200.0,198.0,198.0,124200,0.0,0.0,MAYA,2026-08-13
198.0,202.0,196.0,200.0,1743500,0.0,0.0,MAYA,2026-08-14
200.0,200.0,198.0,199.0,627100,0.0,0.0,MAYA,2026-08-18
199.0,200.0,192.0,198.0,578900,0.0,0.0,MAYA,2026-08-19
198.0,204.0,198.0,200.0,1212000,0.0,0.0,MAYA,2026-08-20
200.0,202.0,199.0,202.0,964600,0.0,0.0,MAYA,2026-08-21
202.0,202.0,199.0,199.0,271400,0.0,0.0,MAYA,2026-08-24
200.0,202.0,197.0,198.0,647100,0.0,0.0,MAYA,2026-08-26
196.0,204.0,195.0,198.0,1148800,0.0,0.0,MAYA,2026-08-27
198.0,202.0,198.0,202.0,1292300,0.0,0.0,MAYA,2026-08-28
202.0,202.0,196.0,197.0,1709700,0.0,0.0,MAYA,2026-08-31
198.0,200.0,198.0,200.0,781800,0.0,0.0,MAYA,2026-09-01
200.0,202.0,199.0,200.0,1132600,0.0,0.0,MAYA,2026-09-02
202.0,202.0,195.0,198.0,2773200,0.0,0.0,MAYA,2026-09-03
198.0,200.0,198.0,200.0,936200,0.0,0.0,MAYA,2026-09-04
202.0,202.0,197.0,198.0,590700,0.0,0.0,MAYA,2026-09-07
199.0,200.0,196.0,198.0,1324000,0.0,0.0,MAYA,2026-09-08
198.0,199.0,197.0,199.0,368100,0.0,0.0,MAYA,2026-09-09
198.0,198.0,195.0,196.0,1145800,0.0,0.0,MAYA,2026-09-10
197.0,197.0,193.0,197.0,476300,0.0,0.0,MAYA,2026-09-11
196.0,197.0,194.0,197.0,614800,0.0,0.0,MAYA,2026-09-14
197.0,199.0,196.0,197.0,77300,0.0,0.0,MAYA,2026-09-15
198.0,198.0,195.0,195.0,737400,0.0,0.0,MAYA,2026-09-16
196.0,197.0,194.0,195.0,668100,0.0,0.0,MAYA,2026-09-17
195.0,197.0,193.0,193.0,719700,0.0,0.0,MAYA,2026-09-18
195.0,222.0,192.0,210.0,13776900,0.0,0.0,MAYA,2026-09-21
102.0,104.0,101.0,103.0,2004200,0.0,0.0,BAIK,2025-12-01
104.0,105.0,102.0,103.0,1143300,0.0,0.0,BAIK,2025-12-02
103.0,104.0,103.0,103.0,1895400,0.0,0.0,BAIK,2025-12-03
103.0,104.0,103.0,103.0,821600,0.0,0.0,BAIK,2025-12-04
103.0,135.0,103.0,118.0,74828500,0.0,0.0,BAIK,2025-12-05
121.0,121.0,116.0,118.0,10233200,0.0,0.0,BAIK,2025-12-08
115.0,117.0,112.0,117.0,4786600,0.0,0.0,BAIK,2025-12-09
117.0,118.0,114.0,116.0,3028500,0.0,0.0,BAIK,2025-12-10
116.0,135.0,114.0,121.0,26749500,0.0,0.0,BAIK,2025-12-11
122.0,123.0,118.0,119.0,2034300,0.0,0.0,BAIK,2025-12-12
116.0,118.0,115.0,117.0,4236100,0.0,0.0,BAIK,2025-12-15
117.0,119.0,116.0,117.0,1196100,0.0,0.0,BAIK,2025-12-16
117.0,118.0,116.0,116.0,870400,0.0,0.0,BAIK,2025-12-17
117.0,118.0,115.0,115.0,1219400,0.0,0.0,BAIK,2025-12-18
115.0,155.0,115.0,155.0,103922200,0.0,0.0,BAIK,2025-12-19
167.0,193.0,132.0,132.0,138825600,0.0,0.0,BAIK,2025-12-22
132.0,135.0,125.0,131.0,15682300,0.0,0.0,BAIK,2025-12-23
132.0,143.0,126.0,130.0,17592500,0.0,0.0,BAIK,2025-12-24
130.0,131.0,127.0,129.0,3231600,0.0,0.0,BAIK,2025-12-29
131.0,135.0,130.0,132.0,4510400,0.0,0.0,BAIK,2025-12-30
131.0,133.0,129.0,132.0,4570600,0.0,0.0,BAIK,2026-01-02
132.0,143.0,131.0,139.0,10104600,0.0,0.0,BAIK,2026-01-05
139.0,140.0,135.0,136.0,3029700,0.0,0.0,BAIK,2026-01-06
136.0,159.0,136.0,143.0,31732100,0.0,0.0,BAIK,2026-01-07
143.0,192.0,140.0,173.0,66319300,0.0,0.0,BAIK,2026-01-08
167.0,190.0,166.0,167.0,26168300,0.0,0.0,BAIK,2026-01-09
170.0,173.0,163.0,171.0,13910000,0.0,0.0,BAIK,2026-01-12
171.0,172.0,168.0,171.0,4393800,0.0,0.0,BAIK,2026-01-13
171.0,178.0,171.0,178.0,6707200,0.0,0.0,BAIK,2026-01-14
175.0,182.0,160.0,173.0,11317900,0.0,0.0,BAIK,2026-01-15
173.0,210.0,170.0,196.0,41454400,0.0,0.0,BAIK,2026-01-19
196.0,264.0,196.0,264.0,46099300,0.0,0.0,BAIK,2026-01-20
264.0,264.0,264.0,264.0,0,0.0,0.0,BAIK,2026-01-21
264.0,290.0,236.0,260.0,27980700,0.0,0.0,BAIK,2026-01-22
260.0,324.0,250.0,324.0,99417500,0.0,0.0,BAIK,2026-01-23
324.0,324.0,324.0,324.0,0,0.0,0.0,BAIK,2026-01-26
324.0,324.0,324.0,324.0,0,0.0,0.0,BAIK,2026-01-27
324.0,324.0,324.0,324.0,0,0.0,0.0,BAIK,2026-01-28
324.0,324.0,324.0,324.0,0,0.0,0.0,BAIK,2026-01-29
324.0,324.0,324.0,324.0,0,0.0,0.0,BAIK,2026-01-30
324.0,324.0,324.0,324.0,0,0.0,0.0,BAIK,2026-02-02
324.0,324.0,324.0,324.0,0,0.0,0.0,BAIK,2026-02-03
292.0,356.0,292.0,356.0,29445400,0.0,0.0,BAIK,2026-02-04
390.0,390.0,324.0,330.0,7178700,0.0,0.0,BAIK,2026-02-05
324.0,324.0,306.0,320.0,4503600,0.0,0.0,BAIK,2026-02-06
322.0,330.0,322.0,330.0,3747400,0.0,0.0,BAIK,2026-02-09
338.0,344.0,338.0,344.0,16115700,0.0,0.0,BAIK,2026-02-10
368.0,378.0,368.0,378.0,9556300,0.0,0.0,BAIK,2026-02-11
400.0,414.0,400.0,414.0,9802200,0.0,0.0,BAIK,2026-02-12
490.0,515.0,490.0,515.0,32315800,0.0,0.0,BAIK,2026-02-13
540.0,640.0,462.0,474.0,155864600,0.0,0.0,BAIK,2026-02-18
476.0,500.0,476.0,486.0,32766100,0.0,0.0,BAIK,2026-02-19
498.0,515.0,436.0,442.0,36092200,0.0,0.0,BAIK,2026-02-20
442.0,444.0,382.0,416.0,19692000,0.0,0.0,BAIK,2026-02-23
416.0,432.0,392.0,428.0,20224100,0.0,0.0,BAIK,2026-02-24
426.0,426.0,388.0,392.0,12228800,0.0,0.0,BAIK,2026-02-25
386.0,390.0,352.0,360.0,8021100,0.0,0.0,BAIK,2026-02-26
356.0,390.0,336.0,346.0,12431400,0.0,0.0,BAIK,2026-02-27
340.0,366.0,320.0,342.0,5583600,0.0,0.0,BAIK,2026-03-02
344.0,346.0,328.0,330.0,1968600,0.0,0.0,BAIK,2026-03-03
328.0,328.0,308.0,312.0,2304300,0.0,0.0,BAIK,2026-03-04
312.0,324.0,310.0,310.0,3017400,0.0,0.0,BAIK,2026-03-05
314.0,330.0,308.0,318.0,2730600,0.0,0.0,BAIK,2026-03-06
320.0,320.0,298.0,306.0,2420000,0.0,0.0,BAIK,2026-03-09
306.0,312.0,294.0,294.0,1709800,0.0,0.0,BAIK,2026-03-10
296.0,304.0,290.0,294.0,1171200,0.0,0.0,BAIK,2026-03-11
294.0,328.0,290.0,296.0,7519500,0.0,0.0,BAIK,2026-03-12
296.0,304.0,286.0,286.0,2566800,0.0,0.0,BAIK,2026-03-13
286.0,298.0,282.0,284.0,3360400,0.0,0.0,BAIK,2026-03-16
286.0,288.0,242.0,260.0,5994200,0.0,0.0,BAIK,2026-03-17
260.0,274.0,250.0,266.0,2740800,0.0,0.0,BAIK,2026-03-25
266.0,278.0,264.0,276.0,3027700,0.0,0.0,BAIK,2026-03-26
276.0,310.0,272.0,300.0,5855000,0.0,0.0,BAIK,2026-03-27
300.0,364.0,298.0,336.0,27265400,0.0,0.0,BAIK,2026-03-30
338.0,358.0,326.0,332.0,21424100,0.0,0.0,BAIK,2026-03-31
332.0,340.0,330.0,330.0,3220300,0.0,0.0,BAIK,2026-04-01
324.0,332.0,324.0,326.0,2545300,0.0,0.0,BAIK,2026-04-02
326.0,330.0,314.0,324.0,1715300,0.0,0.0,BAIK,2026-04-06
312.0,328.0,312.0,320.0,2402400,0.0,0.0,BAIK,2026-04-07
318.0,324.0,318.0,322.0,2012400,0.0,0.0,BAIK,2026-04-08
322.0,324.0,318.0,322.0,922800,0.0,0.0,BAIK,2026-04-09
322.0,330.0,322.0,326.0,2164700,0.0,0.0,BAIK,2026-04-10
326.0,338.0,322.0,338.0,1775400,0.0,0.0,BAIK,2026-04-13
338.0,362.0,338.0,356.0,10211600,0.0,0.0,BAIK,2026-04-14
356.0,358.0,346.0,348.0,2090200,0.0,0.0,BAIK,2026-04-15
348.0,376.0,346.0,372.0,7268500,0.0,0.0,BAIK,2026-04-16
372.0,374.0,364.0,366.0,2612400,0.0,0.0,BAIK,2026-04-17
368.0,450.0,362.0,450.0,23948500,0.0,0.0,BAIK,2026-04-20
448.0,458.0,416.0,458.0,10938000,0.0,0.0,BAIK,2026-04-21
458.0,550.0,442.0,550.0,32852100,0.0,0.0,BAIK,2026-04-22
550.0,670.0,545.0,665.0,65460800,0.0,0.0,BAIK,2026-04-23
665.0,665.0,665.0,665.0,0,0.0,0.0,BAIK,2026-04-24
665.0,665.0,665.0,665.0,0,0.0,0.0,BAIK,2026-04-27
665.0,665.0,665.0,665.0,0,0.0,0.0,BAIK,2026-04-28
665.0,665.0,665.0,665.0,0,0.0,0.0,BAIK,2026-04-29
665.0,665.0,665.0,665.0,0,0.0,0.0,BAIK,2026-04-30
665.0,665.0,665.0,665.0,0,0.0,0.0,BAIK,2026-05-01
665.0,665.0,665.0,665.0,0,0.0,0.0,BAIK,2026-05-04
665.0,665.0,665.0,665.0,0,0.0,0.0,BAIK,2026-05-05
670.0,670.0,600.0,625.0,10485800,0.0,0.0,BAIK,2026-05-06
630.0,685.0,630.0,685.0,7067900,0.0,0.0,BAIK,2026-05-07
685.0,750.0,620.0,620.0,4796300,0.0,0.0,BAIK,2026-05-08
620.0,620.0,600.0,600.0,1460800,0.0,0.0,BAIK,2026-05-11
590.0,640.0,590.0,640.0,15614000,0.0,0.0,BAIK,2026-05-12
585.0,615.0,585.0,615.0,3938600,0.0,0.0,BAIK,2026-05-13
615.0,615.0,615.0,615.0,0,0.0,0.0,BAIK,2026-05-14
615.0,615.0,615.0,615.0,0,0.0,0.0,BAIK,2026-05-15
630.0,645.0,625.0,640.0,782300,0.0,0.0,BAIK,2026-05-18
625.0,650.0,545.0,545.0,7706000,0.0,0.0,BAIK,2026-05-19
545.0,625.0,500.0,600.0,8039900,0.0,0.0,BAIK,2026-05-20
610.0,615.0,545.0,560.0,1615200,0.0,0.0,BAIK,2026-05-21
545.0,545.0,482.0,494.0,1095600,0.0,0.0,BAIK,2026-05-22
496.0,525.0,440.0,525.0,1177600,0.0,0.0,BAIK,2026-05-25
525.0,545.0,500.0,525.0,2016900,0.0,0.0,BAIK,2026-05-26
525.0,525.0,525.0,525.0,0,0.0,0.0,BAIK,2026-05-27
525.0,525.0,525.0,525.0,0,0.0,0.0,BAIK,2026-05-28
525.0,530.0,470.0,530.0,9264100,0.0,0.0,BAIK,2026-05-29
535.0,540.0,510.0,515.0,1360400,0.0,0.0,BAIK,2026-06-02
515.0,550.0,498.0,520.0,2555900,0.0,0.0,BAIK,2026-06-03
525.0,550.0,500.0,515.0,2774100,0.0,0.0,BAIK,2026-06-04
505.0,515.0,492.0,494.0,941300,0.0,0.0,BAIK,2026-06-05
494.0,494.0,470.0,486.0,742500,0.0,0.0,BAIK,2026-06-08
486.0,486.0,462.0,478.0,763200,0.0,0.0,BAIK,2026-06-09
478.0,500.0,476.0,492.0,3515000,0.0,0.0,BAIK,2026-06-10
484.0,590.0,484.0,575.0,10880700,0.0,0.0,BAIK,2026-06-11
575.0,690.0,565.0,680.0,25364500,0.0,0.0,BAIK,2026-06-12
700.0,840.0,620.0,645.0,70138300,0.0,0.0,BAIK,2026-06-15
650.0,670.0,600.0,640.0,9750700,0.0,0.0,BAIK,2026-06-17
655.0,705.0,650.0,700.0,31167800,0.0,0.0,BAIK,2026-06-18
700.0,740.0,680.0,710.0,36366300,0.0,0.0,BAIK,2026-06-19
705.0,710.0,605.0,605.0,21832100,0.0,0.0,BAIK,2026-06-22
605.0,675.0,585.0,665.0,53333100,0.0,0.0,BAIK,2026-06-23
660.0,710.0,570.0,570.0,61430500,0.0,0.0,BAIK,2026-06-24
555.0,595.0,550.0,585.0,37011900,0.0,0.0,BAIK,2026-06-25
590.0,595.0,570.0,580.0,25145800,0.0,0.0,BAIK,2026-06-26
580.0,605.0,580.0,600.0,18492700,0.0,0.0,BAIK,2026-06-29
600.0,615.0,585.0,615.0,21699000,0.0,0.0,BAIK,2026-06-30
615.0,645.0,600.0,635.0,24817000,0.0,0.0,BAIK,2026-07-01
635.0,650.0,620.0,645.0,21647900,0.0,0.0,BAIK,2026-07-02
645.0,650.0,620.0,620.0,22442400,0.0,0.0,BAIK,2026-07-03
620.0,670.0,615.0,665.0,18399200,0.0,0.0,BAIK,2026-07-06
670.0,670.0,650.0,650.0,13474800,0.0,0.0,BAIK,2026-07-07
645.0,665.0,640.0,660.0,9705900,0.0,0.0,BAIK,2026-07-08
660.0,685.0,655.0,685.0,11547700,0.0,0.0,BAIK,2026-07-09
685.0,695.0,670.0,690.0,20950900,0.0,0.0,BAIK,2026-07-10
685.0,690.0,675.0,680.0,15520600,0.0,0.0,BAIK,2026-07-13
680.0,680.0,665.0,670.0,7224000,0.0,0.0,BAIK,2026-07-14
670.0,680.0,655.0,665.0,11987800,0.0,0.0,BAIK,2026-07-15
665.0,675.0,650.0,675.0,12463800,0.0,0.0,BAIK,2026-07-16
675.0,690.0,660.0,685.0,14364800,0.0,0.0,BAIK,2026-07-17
685.0,715.0,670.0,705.0,20761000,0.0,0.0,BAIK,2026-07-20
705.0,730.0,690.0,725.0,20682800,0.0,0.0,BAIK,2026-07-21
725.0,725.0,710.0,715.0,12745200,0.0,0.0,BAIK,2026-07-22
715.0,725.0,700.0,710.0,18384200,0.0,0.0,BAIK,2026-07-23
710.0,720.0,695.0,710.0,14466500,0.0,0.0,BAIK,2026-07-24
710.0,720.0,700.0,720.0,14226400,0.0,0.0,BAIK,2026-07-27
720.0,750.0,705.0,735.0,20364600,0.0,0.0,BAIK,2026-07-28
735.0,750.0,720.0,750.0,35448800,0.0,0.0,BAIK,2026-07-29
750.0,785.0,735.0,780.0,27129700,0.0,0.0,BAIK,2026-07-30
780.0,780.0,765.0,775.0,26687100,0.0,0.0,BAIK,2026-07-31
775.0,775.0,760.0,765.0,18508800,0.0,0.0,BAIK,2026-08-03
765.0,770.0,750.0,760.0,27009700,0.0,0.0,BAIK,2026-08-04
760.0,765.0,745.0,760.0,32901000,0.0,0.0,BAIK,2026-08-05
760.0,765.0,750.0,765.0,29924800,0.0,0.0,BAIK,2026-08-06
765.0,770.0,755.0,770.0,31837200,0.0,0.0,BAIK,2026-08-07
770.0,770.0,655.0,655.0,29224900,0.0,0.0,BAIK,2026-08-10
560.0,560.0,560.0,560.0,15202000,0.0,0.0,BAIK,2026-08-11
476.0,540.0,476.0,476.0,99075700,0.0,0.0,BAIK,2026-08-12
476.0,515.0,406.0,458.0,273556600,0.0,0.0,BAIK,2026-08-13
458.0,478.0,390.0,390.0,167728000,0.0,0.0,BAIK,2026-08-14
390.0,390.0,390.0,390.0,0,0.0,0.0,BAIK,2026-08-17
332.0,332.0,332.0,332.0,17034400,0.0,0.0,BAIK,2026-08-18
284.0,404.0,284.0,340.0,613252800,0.0,0.0,BAIK,2026-08-19
340.0,368.0,314.0,316.0,242137800,0.0,0.0,BAIK,2026-08-20
316.0,326.0,298.0,300.0,57153700,0.0,0.0,BAIK,2026-08-21
300.0,300.0,300.0,300.0,0,0.0,0.0,BAIK,2026-08-24
300.0,300.0,300.0,300.0,0,0.0,0.0,BAIK,2026-08-25
296.0,296.0,264.0,282.0,63069200,0.0,0.0,BAIK,2026-08-26
284.0,288.0,276.0,280.0,18177200,0.0,0.0,BAIK,2026-08-27
282.0,286.0,274.0,276.0,10618000,0.0,0.0,BAIK,2026-08-28
276.0,278.0,264.0,266.0,13838800,0.0,0.0,BAIK,2026-08-31
266.0,272.0,260.0,268.0,18541800,0.0,0.0,BAIK,2026-09-01
268.0,270.0,258.0,260.0,14530400,0.0,0.0,BAIK,2026-09-02
262.0,284.0,260.0,274.0,23560800,0.0,0.0,BAIK,2026-09-03
276.0,276.0,264.0,266.0,10217500,0.0,0.0,BAIK,2026-09-04
262.0,266.0,260.0,262.0,8773400,0.0,0.0,BAIK,2026-09-07
264.0,282.0,264.0,274.0,21339100,0.0,0.0,BAIK,2026-09-08
276.0,278.0,266.0,270.0,8946100,0.0,0.0,BAIK,2026-09-09
274.0,274.0,262.0,264.0,10057100,0.0,0.0,BAIK,2026-09-10
264.0,264.0,244.0,248.0,14655600,0.0,0.0,BAIK,2026-09-11
250.0,250.0,228.0,236.0,11496500,0.0,0.0,BAIK,2026-09-14
236.0,254.0,230.0,236.0,24547400,0.0,0.0,BAIK,2026-09-15
236.0,248.0,230.0,232.0,6159400,0.0,0.0,BAIK,2026-09-16
232.0,250.0,230.0,240.0,9239900,0.0,0.0,BAIK,2026-09-17
242.0,242.0,234.0,242.0,6330400,0.0,0.0,BAIK,2026-09-18
242.0,256.0,238.0,254.0,11005100,0.0,0.0,BAIK,2026-09-21
156.44003047943116,160.32673931121826,153.52499885559084,155.46835327148438,467900,0.0,0.0,SCNP,2025-12-01
155.46835573563664,160.32674185237528,154.49667851228892,156.44003295898438,158100,0.0,0.0,SCNP,2025-12-02
159.3550752843701,159.3550752843701,152.55333426613478,154.49668884277344,232300,0.0,0.0,SCNP,2025-12-03
153.52500672552995,157.41171575655602,152.55332946777344,152.55332946777344,232400,0.0,0.0,SCNP,2025-12-04
153.52500128894118,156.44003295898438,151.58164684224573,156.44003295898438,349100,0.0,0.0,SCNP,2025-12-05
156.44003782681892,162.27010134831528,155.4683605732362,158.38339233398438,526600,0.0,0.0,SCNP,2025-12-08
162.27010382675542,162.27010382675542,155.46836294778961,159.35507202148438,347900,0.0,0.0,SCNP,2025-12-09
159.35506210327148,159.35506210327148,154.4966760635376,155.46835327148438,215600,0.0,0.0,SCNP,2025-12-10
155.468361241043,156.4400384987995,150.6099749522604,152.55332946777344,137500,0.0,0.0,SCNP,2025-12-11
153.5250115544541,158.38339799605075,152.55333426613478,154.49668884277344,64900,0.0,0.0,SCNP,2025-12-12
154.49668884277344,159.3550752843701,153.5250115544541,154.49668884277344,262400,0.0,0.0,SCNP,2025-12-15
155.46836370154273,158.38339552094666,150.6099773358695,153.52500915527344,336900,0.0,0.0,SCNP,2025-12-16
157.41171824781202,157.41171824781202,153.52500915527344,153.52500915527344,25500,0.0,0.0,SCNP,2025-12-17
153.52499885559084,171.9868658065796,152.55332164764405,155.46835327148438,935400,0.0,0.0,SCNP,2025-12-18
155.46835573563664,156.44003295898438,152.55332406559344,156.44003295898438,94900,0.0,0.0,SCNP,2025-12-19
156.4400384987995,156.4400384987995,150.6099749522604,152.55332946777344,93600,0.0,0.0,SCNP,2025-12-22
156.4400384987995,156.4400384987995,150.6099749522604,152.55332946777344,58000,0.0,0.0,SCNP,2025-12-23
153.52500672552995,155.468361241043,150.6099749522604,152.55332946777344,169000,0.0,0.0,SCNP,2025-12-24
152.55332645369165,163.24177607783565,152.55332645369165,157.41171264648438,944200,0.0,0.0,SCNP,2025-12-29
157.41170768737794,159.35506210327148,152.55332164764405,155.46835327148438,113400,0.0,0.0,SCNP,2025-12-30
153.52500128894118,157.4117101823321,152.55332406559344,156.44003295898438,70700,0.0,0.0,SCNP,2026-01-02
156.44003047943116,156.44003047943116,153.52499885559084,155.46835327148438,7100,0.0,0.0,SCNP,2026-01-05
155.46835573563664,157.4117101823321,152.55332406559344,156.44003295898438,161400,0.0,0.0,SCNP,2026-01-06
156.44003047943116,159.35506210327148,153.52499885559084,155.46835327148438,477800,0.0,0.0,SCNP,2026-01-07
158.38338489532472,159.35506210327148,155.46835327148438,155.46835327148438,209400,0.0,0.0,SCNP,2026-01-08
157.41171764936604,209.8822901991547,157.41171764936604,177.8169403076172,34123900,0.0,0.0,SCNP,2026-01-09
176.84525570339628,180.73196461995443,165.18512895372177,174.9019012451172,2773100,0.0,0.0,SCNP,2026-01-12
172.9585467868381,177.8169329325358,169.07183787027995,174.9019012451172,603900,0.0,0.0,SCNP,2026-01-13
191.42041748046873,191.42041748046873,168.10016357421875,170.04351806640625,992800,0.0,0.0,SCNP,2026-01-14
170.04351269599445,177.81693041923992,167.1284810497774,173.9302215576172,259300,0.0,0.0,SCNP,2026-01-15
173.9302264471739,177.81693541806047,169.0718402335657,175.8735809326172,680900,0.0,0.0,SCNP,2026-01-19
176.84526380980753,178.78861835716808,170.0435228940457,171.98687744140625,392700,0.0,0.0,SCNP,2026-01-20
173.93022467571757,231.25918141240658,171.98687021006708,223.4857635498047,19351500,0.0,0.0,SCNP,2026-01-21
223.48576092960857,223.48576092960857,192.39208984375,192.39208984375,5558700,0.0,0.0,SCNP,2026-01-22
189.4770586490631,190.44873587290445,180.73196363449097,186.56202697753906,1351600,0.0,0.0,SCNP,2026-01-23
186.56202942843265,196.27880179449684,181.70364324540054,187.53370666503906,969800,0.0,0.0,SCNP,2026-01-26
188.50538142522174,194.33544476826984,181.7036408583323,186.56202697753906,268600,0.0,0.0,SCNP,2026-01-27
184.61867207228534,207.93892538667927,159.35506431502526,192.39208984375,2874700,0.0,0.0,SCNP,2026-01-28
194.33545388810623,194.33545388810623,164.21345853544975,177.8169403076172,980300,0.0,0.0,SCNP,2026-01-29
177.81692960249816,231.25917620434188,176.84525239155556,185.59034729003906,7893700,0.0,0.0,SCNP,2026-01-30
185.5903574326459,185.5903574326459,159.35507130342373,165.1851348876953,1600500,0.0,0.0,SCNP,2026-02-02
166.15680618286132,181.70364184909397,165.18512895372177,174.9019012451172,200600,0.0,0.0,SCNP,2026-02-03
167.1284810497774,181.70363928086266,159.35506332653196,173.9302215576172,128300,0.0,0.0,SCNP,2026-02-04
175.87357598842857,178.78860763464562,170.04351269599445,173.9302215576172,138900,0.0,0.0,SCNP,2026-02-05
173.93022705078124,175.87358154296874,168.10016357421875,170.04351806640625,53000,0.0,0.0,SCNP,2026-02-06
169.07183837890625,178.78861069953305,169.07183837890625,169.07183837890625,164800,0.0,0.0,SCNP,2026-02-09
169.0718432339755,177.8169385736639,169.0718432339755,171.01519775390625,128300,0.0,0.0,SCNP,2026-02-10
174.90190711388223,223.48577020107172,163.24177997295675,189.47706604003906,7571000,0.0,0.0,SCNP,2026-02-11
192.39209032058716,204.05221700668335,184.61867252985635,186.56202697753906,608000,0.0,0.0,SCNP,2026-02-12
186.5620342548077,190.44874330178286,178.78861616085737,189.47706604003906,282300,0.0,0.0,SCNP,2026-02-13
189.4770586490631,202.10886255900064,178.78860918680826,186.56202697753906,433200,0.0,0.0,SCNP,2026-02-18
188.50538192256803,196.27879973380794,179.76028688492312,180.73196411132812,379000,0.0,0.0,SCNP,2026-02-19
183.64699286815386,213.76898640737485,177.81692960249816,185.59034729003906,2960200,0.0,0.0,SCNP,2026-02-20
185.5903521918262,191.42041561146473,177.81693429897487,187.53370666503906,478600,0.0,0.0,SCNP,2026-02-23
186.56202348456324,186.56202348456324,161.2984161376953,161.2984161376953,1215100,0.0,0.0,SCNP,2026-02-24
169.071838923863,217.65570068359375,166.15680721827914,217.65570068359375,28854100,0.0,0.0,SCNP,2026-02-25
217.6557038297358,219.59905832821562,186.56203185405928,188.50538635253906,13168400,0.0,0.0,SCNP,2026-02-26
188.5053785295051,191.42041015625,179.76028364927032,191.42041015625,1385300,0.0,0.0,SCNP,2026-02-27
191.42042291501147,191.42042291501147,169.07184562036545,171.98687744140625,1924200,0.0,0.0,SCNP,2026-03-02
168.1001606411404,179.76028739081488,167.12848341200086,174.9019012451172,649700,0.0,0.0,SCNP,2026-03-03
171.98686502146168,174.90189663199493,161.29841578283975,167.12847900390625,624000,0.0,0.0,SCNP,2026-03-04
171.01519034501445,171.98686756288384,161.29841816632046,168.10015869140625,629100,0.0,0.0,SCNP,2026-03-05
165.18512661896605,175.87357598842857,163.24177218815467,173.9302215576172,950700,0.0,0.0,SCNP,2026-03-06
172.9585443422115,173.9302215576172,165.18512661896605,173.9302215576172,171000,0.0,0.0,SCNP,2026-03-09
174.90190679376775,179.76029309359464,167.12848871404475,171.01519775390625,164300,0.0,0.0,SCNP,2026-03-10
171.98686712680583,179.76028485005128,171.98686712680583,173.9302215576172,109700,0.0,0.0,SCNP,2026-03-11
174.90189877302288,177.81693041923992,172.9585443422115,173.9302215576172,132200,0.0,0.0,SCNP,2026-03-12
173.93022885165374,179.76029238858067,170.04351982703577,176.8452606201172,253700,0.0,0.0,SCNP,2026-03-13
176.84525067618722,178.78860507922226,165.1851242579771,172.9585418701172,174400,0.0,0.0,SCNP,2026-03-16
169.07183306404713,177.81692787770473,169.07183306404713,172.9585418701172,103100,0.0,0.0,SCNP,2026-03-17
172.9585467868381,176.84525570339628,172.9585467868381,174.9019012451172,216300,0.0,0.0,SCNP,2026-03-25
172.95855159549924,178.78861513242617,170.04351982703577,176.8452606201172,161700,0.0,0.0,SCNP,2026-03-26
176.84526303817665,186.562035732582,175.87358576873612,177.8169403076172,249300,0.0,0.0,SCNP,2026-03-27
178.78861513242617,178.78861513242617,173.93022885165374,176.8452606201172,191000,0.0,0.0,SCNP,2026-03-30
177.8169329325358,184.61867353651257,174.9019012451172,174.9019012451172,155600,0.0,0.0,SCNP,2026-03-31
175.8735809326172,189.47706233072017,174.90190368989553,175.8735809326172,131700,0.0,0.0,SCNP,2026-04-01
175.87358576873612,182.67532665481986,175.87358576873612,177.8169403076172,116400,0.0,0.0,SCNP,2026-04-02
175.87358653612728,175.87358653612728,169.07184562036545,171.98687744140625,150600,0.0,0.0,SCNP,2026-04-06
175.8735873573705,175.8735873573705,165.1851372969778,166.1568145751953,216800,0.0,0.0,SCNP,2026-04-07
168.10016357421875,171.0151953125,168.10016357421875,170.04351806640625,86600,0.0,0.0,SCNP,2026-04-08
169.07184640984786,171.98687824450042,164.2134600187603,166.1568145751953,93400,0.0,0.0,SCNP,2026-04-09
166.15680618286132,187.5337052239312,166.15680618286132,174.9019012451172,208000,0.0,0.0,SCNP,2026-04-10
178.78860507922226,178.78860507922226,171.98686466859968,172.9585418701172,124300,0.0,0.0,SCNP,2026-04-13
171.98687744140625,171.98687744140625,167.12849107300494,171.98687744140625,200200,0.0,0.0,SCNP,2026-04-14
171.98686756288384,171.98686756288384,162.27009538418986,168.10015869140625,293700,0.0,0.0,SCNP,2026-04-15
169.0718432339755,174.90190679376775,167.12848871404475,171.01519775390625,988600,0.0,0.0,SCNP,2026-04-16
171.01519034501445,175.87357643436147,168.10015869140625,168.10015869140625,216100,0.0,0.0,SCNP,2026-04-17
169.07184562036545,173.93023198876676,169.07184562036545,171.98687744140625,95600,0.0,0.0,SCNP,2026-04-20
169.07183341092843,171.0151878179506,166.1568018003952,167.12847900390625,617700,0.0,0.0,SCNP,2026-04-21
167.12848941578585,168.10016667983112,164.21345762365004,165.1851348876953,205500,0.0,0.0,SCNP,2026-04-22
164.21345221859286,170.04351561096894,164.21345221859286,169.07183837890625,104200,0.0,0.0,SCNP,2026-04-23
169.07184640984786,169.07184640984786,163.24178274054276,166.1568145751953,150900,0.0,0.0,SCNP,2026-04-24
166.1568096996059,166.1568096996059,163.24177795049002,164.2134552001953,170100,0.0,0.0,SCNP,2026-04-27
165.18512998308452,167.12848445347376,162.2700982775007,163.2417755126953,178200,0.0,0.0,SCNP,2026-04-28
164.21345274788993,167.12848445347376,161.29842104230607,163.2417755126953,56300,0.0,0.0,SCNP,2026-04-29
166.15681036264618,166.15681036264618,156.44003782681892,158.38339233398438,282800,0.0,0.0,SCNP,2026-04-30
158.3833898850429,202.10886562017745,156.44003540792582,157.41171264648438,11016200,0.0,0.0,SCNP,2026-05-04
162.2700988392771,163.24177607783565,151.5816492151331,157.41171264648438,918200,0.0,0.0,SCNP,2026-05-05
153.52500369225018,171.015193986304,153.52500369225018,157.41171264648438,303300,0.0,0.0,SCNP,2026-05-06
159.3550695875671,161.29842409473255,155.4683605732362,158.38339233398438,388800,0.0,0.0,SCNP,2026-05-07
158.38339233398438,162.27010134831528,152.55332881248802,158.38339233398438,386800,0.0,0.0,SCNP,2026-05-08
159.3550695875671,175.87358289847344,155.4683605732362,158.38339233398438,2006100,0.0,0.0,SCNP,2026-05-11
159.35506210327148,171.01518859863282,155.46835327148438,155.46835327148438,1292700,0.0,0.0,SCNP,2026-05-12
155.46835573563664,169.07183686250485,154.49667851228892,156.44003295898438,758700,0.0,0.0,SCNP,2026-05-13
156.44003295898438,156.44003295898438,156.44003295898438,156.44003295898438,0,0.0,0.0,SCNP,2026-05-14
156.44003295898438,156.44003295898438,156.44003295898438,156.44003295898438,0,0.0,0.0,SCNP,2026-05-15
156.44003295898438,163.24177352241847,155.46835573563664,156.44003295898438,179400,0.0,0.0,SCNP,2026-05-18
157.41172070773143,159.3550752843701,154.49668884277344,154.49668884277344,81600,0.0,0.0,SCNP,2026-05-19
153.52500915527344,156.44004097467737,149.63830006273488,153.52500915527344,159800,0.0,0.0,SCNP,2026-05-20
155.46835327148438,155.46835327148438,150.6099672317505,155.46835327148438,44600,0.0,0.0,SCNP,2026-05-21
153.5250099583676,160.3267509058902,147.6949462890625,147.6949462890625,381800,0.0,0.0,SCNP,2026-05-22
148.6666244088787,155.46836539490582,133.11978786938812,141.86488342285156,508600,0.0,0.0,SCNP,2026-05-25
132.14810324035236,187.53370533373533,132.14810324035236,144.7799072265625,16270900,0.0,0.0,SCNP,2026-05-26
144.7799072265625,144.7799072265625,144.7799072265625,144.7799072265625,0,0.0,0.0,SCNP,2026-05-27
144.7799072265625,144.7799072265625,144.7799072265625,144.7799072265625,0,0.0,0.0,SCNP,2026-05-28
144.77991369706166,160.32675006721593,126.31804550750347,153.52500915527344,2415600,0.0,0.0,SCNP,2026-05-29
158.3833972460603,158.3833972460603,138.94985157169708,141.86488342285156,1593700,0.0,0.0,SCNP,2026-06-02
141.8648709777399,142.83654817621758,137.00648498535156,137.00648498535156,144500,0.0,0.0,SCNP,2026-06-03
136.03481024083956,138.94984188885755,132.1481013768156,137.97816467285156,158000,0.0,0.0,SCNP,2026-06-04
137.97816467285156,151.5816456969355,136.03481024083956,137.97816467285156,985000,0.0,0.0,SCNP,2026-06-05
137.00648745684555,145.75158240089954,137.00648745684555,137.97816467285156,283200,0.0,0.0,SCNP,2026-06-08
137.97816467285156,138.94984188885755,137.97816467285156,137.97816467285156,61400,0.0,0.0,SCNP,2026-06-09
140.89319377926225,143.80822537469527,131.17642179448555,137.00648498535156,175800,0.0,0.0,SCNP,2026-06-10
137.00649784633092,142.83656158447266,133.11978868756975,136.03482055664062,100700,0.0,0.0,SCNP,2026-06-11
136.03481024083956,143.80822796888754,135.06313302483358,137.97816467285156,279600,0.0,0.0,SCNP,2026-06-12
141.86488100249193,142.83655826963226,137.9781719339305,140.89320373535156,271200,0.0,0.0,SCNP,2026-06-15
140.8931948190712,161.2984161376953,140.8931948190712,161.2984161376953,2786100,0.0,0.0,SCNP,2026-06-17
153.5249966889425,161.298414242813,148.66661071777344,148.66661071777344,1035600,0.0,0.0,SCNP,2026-06-18
156.0,156.0,146.0,151.0,416000,4.333384,0.0,SCNP,2026-06-19
151.0,153.0,143.0,150.0,255900,0.0,0.0,SCNP,2026-06-22
150.0,153.0,146.0,147.0,224700,0.0,0.0,SCNP,2026-06-23
148.0,149.0,143.0,143.0,22400,0.0,0.0,SCNP,2026-06-24
144.0,152.0,143.0,148.0,55700,0.0,0.0,SCNP,2026-06-25
147.0,151.0,144.0,150.0,14500,0.0,0.0,SCNP,2026-06-26
149.0,149.0,145.0,145.0,7900,0.0,0.0,SCNP,2026-06-29
144.0,144.0,143.0,143.0,1700,0.0,0.0,SCNP,2026-06-30
142.0,163.0,138.0,140.0,163900,0.0,0.0,SCNP,2026-07-01
139.0,144.0,139.0,143.0,26200,0.0,0.0,SCNP,2026-07-02
143.0,147.0,143.0,143.0,99100,0.0,0.0,SCNP,2026-07-03
145.0,157.0,145.0,150.0,426600,0.0,0.0,SCNP,2026-07-06
144.0,156.0,144.0,151.0,67500,0.0,0.0,SCNP,2026-07-07
160.0,160.0,149.0,150.0,82500,0.0,0.0,SCNP,2026-07-08
159.0,159.0,146.0,149.0,71700,0.0,0.0,SCNP,2026-07-09
150.0,160.0,148.0,152.0,168200,0.0,0.0,SCNP,2026-07-10
152.0,152.0,148.0,151.0,52900,0.0,0.0,SCNP,2026-07-13
151.0,159.0,147.0,149.0,121600,0.0,0.0,SCNP,2026-07-14
150.0,151.0,147.0,151.0,13500,0.0,0.0,SCNP,2026-07-15
151.0,165.0,149.0,150.0,488300,0.0,0.0,SCNP,2026-07-16
149.0,177.0,149.0,157.0,1966700,0.0,0.0,SCNP,2026-07-17
157.0,166.0,155.0,156.0,216400,0.0,0.0,SCNP,2026-07-20
169.0,189.0,160.0,165.0,1504500,0.0,0.0,SCNP,2026-07-21
165.0,165.0,157.0,157.0,175100,0.0,0.0,SCNP,2026-07-22
158.0,159.0,154.0,156.0,118800,0.0,0.0,SCNP,2026-07-23
156.0,159.0,154.0,154.0,14300,0.0,0.0,SCNP,2026-07-24
157.0,167.0,154.0,159.0,379800,0.0,0.0,SCNP,2026-07-27
159.0,165.0,154.0,154.0,88400,0.0,0.0,SCNP,2026-07-28
155.0,200.0,153.0,162.0,24661800,0.0,0.0,SCNP,2026-07-29
162.0,164.0,150.0,156.0,3857700,0.0,0.0,SCNP,2026-07-30
158.0,160.0,155.0,155.0,509800,0.0,0.0,SCNP,2026-07-31
156.0,161.0,152.0,152.0,596600,0.0,0.0,SCNP,2026-08-03
153.0,160.0,153.0,154.0,296500,0.0,0.0,SCNP,2026-08-04
158.0,158.0,154.0,155.0,350100,0.0,0.0,SCNP,2026-08-05
154.0,160.0,152.0,159.0,796900,0.0,0.0,SCNP,2026-08-06
157.0,160.0,156.0,159.0,473300,0.0,0.0,SCNP,2026-08-07
160.0,162.0,154.0,155.0,372300,0.0,0.0,SCNP,2026-08-10
157.0,173.0,146.0,149.0,3947700,0.0,0.0,SCNP,2026-08-11
150.0,151.0,147.0,150.0,234600,0.0,0.0,SCNP,2026-08-12
152.0,152.0,148.0,151.0,127500,0.0,0.0,SCNP,2026-08-13
151.0,151.0,138.0,150.0,420700,0.0,0.0,SCNP,2026-08-14
149.0,150.0,148.0,149.0,132100,0.0,0.0,SCNP,2026-08-18
149.0,150.0,146.0,148.0,96600,0.0,0.0,SCNP,2026-08-19
148.0,150.0,147.0,147.0,193800,0.0,0.0,SCNP,2026-08-20
147.0,150.0,147.0,150.0,113900,0.0,0.0,SCNP,2026-08-21
149.0,154.0,147.0,149.0,419700,0.0,0.0,SCNP,2026-08-24
149.0,151.0,149.0,149.0,442400,0.0,0.0,SCNP,2026-08-26
150.0,152.0,148.0,151.0,97100,0.0,0.0,SCNP,2026-08-27
150.0,159.0,150.0,153.0,611600,0.0,0.0,SCNP,2026-08-28
154.0,160.0,153.0,156.0,792700,0.0,0.0,SCNP,2026-08-31
157.0,159.0,155.0,155.0,205800,0.0,0.0,SCNP,2026-09-01
155.0,159.0,155.0,158.0,122500,0.0,0.0,SCNP,2026-09-02
158.0,158.0,155.0,157.0,148000,0.0,0.0,SCNP,2026-09-03
158.0,159.0,155.0,156.0,241600,0.0,0.0,SCNP,2026-09-04
159.0,159.0,156.0,156.0,296500,0.0,0.0,SCNP,2026-09-07
156.0,160.0,150.0,156.0,415900,0.0,0.0,SCNP,2026-09-08
160.0,160.0,156.0,156.0,240100,0.0,0.0,SCNP,2026-09-09
156.0,161.0,154.0,155.0,283200,0.0,0.0,SCNP,2026-09-10
155.0,175.0,151.0,153.0,4654000,0.0,0.0,SCNP,2026-09-11
153.0,158.0,153.0,155.0,345100,0.0,0.0,SCNP,2026-09-14
155.0,166.0,154.0,156.0,719400,0.0,0.0,SCNP,2026-09-15
157.0,160.0,155.0,156.0,357300,0.0,0.0,SCNP,2026-09-16
157.0,159.0,156.0,156.0,208600,0.0,0.0,SCNP,2026-09-17
160.0,160.0,156.0,159.0,293600,0.0,0.0,SCNP,2026-09-18
159.0,204.0,158.0,168.0,14656100,0.0,0.0,SCNP,2026-09-21
89.0,90.0,88.0,88.0,17497600,0.0,0.0,IOTF,2025-12-01
88.0,89.0,87.0,87.0,15831400,0.0,0.0,IOTF,2025-12-02
88.0,88.0,86.0,86.0,16013300,0.0,0.0,IOTF,2025-12-03
86.0,87.0,85.0,87.0,35119400,0.0,0.0,IOTF,2025-12-04
87.0,89.0,86.0,87.0,28779400,0.0,0.0,IOTF,2025-12-05
88.0,92.0,88.0,90.0,70652000,0.0,0.0,IOTF,2025-12-08
90.0,102.0,90.0,93.0,477832500,0.0,0.0,IOTF,2025-12-09
93.0,93.0,88.0,89.0,81702900,0.0,0.0,IOTF,2025-12-10
90.0,90.0,87.0,87.0,43589000,0.0,0.0,IOTF,2025-12-11
88.0,89.0,86.0,86.0,24986700,0.0,0.0,IOTF,2025-12-12
87.0,88.0,85.0,86.0,24371800,0.0,0.0,IOTF,2025-12-15
87.0,87.0,85.0,87.0,25913400,0.0,0.0,IOTF,2025-12-16
87.0,87.0,86.0,86.0,10827600,0.0,0.0,IOTF,2025-12-17
87.0,87.0,85.0,86.0,18716500,0.0,0.0,IOTF,2025-12-18
86.0,87.0,85.0,86.0,18327000,0.0,0.0,IOTF,2025-12-19
86.0,86.0,83.0,84.0,32662000,0.0,0.0,IOTF,2025-12-22
84.0,84.0,82.0,83.0,20676400,0.0,0.0,IOTF,2025-12-23
84.0,84.0,82.0,83.0,15974800,0.0,0.0,IOTF,2025-12-24
83.0,84.0,81.0,83.0,17375100,0.0,0.0,IOTF,2025-12-29
82.0,84.0,82.0,83.0,10113700,0.0,0.0,IOTF,2025-12-30
83.0,85.0,82.0,84.0,11480800,0.0,0.0,IOTF,2026-01-02
85.0,85.0,83.0,84.0,24176400,0.0,0.0,IOTF,2026-01-05
84.0,86.0,83.0,86.0,31230300,0.0,0.0,IOTF,2026-01-06
86.0,87.0,85.0,86.0,30402700,0.0,0.0,IOTF,2026-01-07
86.0,87.0,84.0,85.0,29257200,0.0,0.0,IOTF,2026-01-08
85.0,85.0,83.0,84.0,14980400,0.0,0.0,IOTF,2026-01-09
84.0,85.0,82.0,85.0,39275200,0.0,0.0,IOTF,2026-01-12
85.0,86.0,83.0,83.0,18892000,0.0,0.0,IOTF,2026-01-13
83.0,84.0,83.0,84.0,13957400,0.0,0.0,IOTF,2026-01-14
85.0,85.0,83.0,83.0,11205900,0.0,0.0,IOTF,2026-01-15
84.0,88.0,83.0,85.0,60473300,0.0,0.0,IOTF,2026-01-19
87.0,92.0,85.0,88.0,207134200,0.0,0.0,IOTF,2026-01-20
89.0,90.0,84.0,85.0,44892700,0.0,0.0,IOTF,2026-01-21
85.0,86.0,83.0,85.0,34181900,0.0,0.0,IOTF,2026-01-22
85.0,86.0,83.0,83.0,37613000,0.0,0.0,IOTF,2026-01-23
83.0,84.0,82.0,83.0,22627300,0.0,0.0,IOTF,2026-01-26
83.0,84.0,82.0,83.0,17104300,0.0,0.0,IOTF,2026-01-27
83.0,83.0,71.0,75.0,76159800,0.0,0.0,IOTF,2026-01-28
75.0,77.0,64.0,74.0,50235000,0.0,0.0,IOTF,2026-01-29
74.0,79.0,74.0,78.0,12595000,0.0,0.0,IOTF,2026-01-30
79.0,80.0,68.0,70.0,21389100,0.0,0.0,IOTF,2026-02-02
70.0,76.0,68.0,76.0,22092300,0.0,0.0,IOTF,2026-02-03
77.0,77.0,73.0,74.0,11421800,0.0,0.0,IOTF,2026-02-04
73.0,75.0,73.0,74.0,7871800,0.0,0.0,IOTF,2026-02-05
73.0,74.0,71.0,72.0,7978800,0.0,0.0,IOTF,2026-02-06
72.0,73.0,70.0,71.0,6833800,0.0,0.0,IOTF,2026-02-09
72.0,76.0,72.0,74.0,15029800,0.0,0.0,IOTF,2026-02-10
75.0,77.0,74.0,76.0,13885300,0.0,0.0,IOTF,2026-02-11
77.0,77.0,75.0,77.0,6679900,0.0,0.0,IOTF,2026-02-12
76.0,77.0,75.0,76.0,4401300,0.0,0.0,IOTF,2026-02-13
76.0,78.0,74.0,75.0,13852800,0.0,0.0,IOTF,2026-02-18
75.0,76.0,73.0,74.0,10231600,0.0,0.0,IOTF,2026-02-19
74.0,76.0,74.0,76.0,4933900,0.0,0.0,IOTF,2026-02-20
75.0,76.0,75.0,75.0,8125200,0.0,0.0,IOTF,2026-02-23
76.0,76.0,73.0,74.0,8415500,0.0,0.0,IOTF,2026-02-24
74.0,75.0,72.0,73.0,9963500,0.0,0.0,IOTF,2026-02-25
73.0,86.0,73.0,77.0,321500000,0.0,0.0,IOTF,2026-02-26
77.0,78.0,74.0,76.0,27994400,0.0,0.0,IOTF,2026-02-27
73.0,74.0,69.0,70.0,26865100,0.0,0.0,IOTF,2026-03-02
71.0,73.0,69.0,72.0,9713300,0.0,0.0,IOTF,2026-03-03
72.0,72.0,66.0,67.0,18794700,0.0,0.0,IOTF,2026-03-04
68.0,71.0,67.0,69.0,4652000,0.0,0.0,IOTF,2026-03-05
68.0,69.0,66.0,68.0,5063900,0.0,0.0,IOTF,2026-03-06
66.0,67.0,58.0,60.0,14768500,0.0,0.0,IOTF,2026-03-09
61.0,63.0,60.0,61.0,7856000,0.0,0.0,IOTF,2026-03-10
62.0,65.0,61.0,62.0,7440700,0.0,0.0,IOTF,2026-03-11
64.0,65.0,61.0,62.0,6566000,0.0,0.0,IOTF,2026-03-12
61.0,64.0,60.0,60.0,8921500,0.0,0.0,IOTF,2026-03-13
61.0,61.0,52.0,57.0,12265800,0.0,0.0,IOTF,2026-03-16
57.0,60.0,56.0,56.0,6799600,0.0,0.0,IOTF,2026-03-17
56.0,59.0,55.0,58.0,4980200,0.0,0.0,IOTF,2026-03-25
58.0,71.0,58.0,69.0,140459400,0.0,0.0,IOTF,2026-03-26
69.0,70.0,61.0,62.0,40786500,0.0,0.0,IOTF,2026-03-27
63.0,67.0,60.0,65.0,22249600,0.0,0.0,IOTF,2026-03-30
67.0,67.0,62.0,63.0,8903600,0.0,0.0,IOTF,2026-03-31
63.0,66.0,62.0,63.0,13713800,0.0,0.0,IOTF,2026-04-01
63.0,71.0,63.0,63.0,72146000,0.0,0.0,IOTF,2026-04-02
63.0,64.0,60.0,61.0,18110500,0.0,0.0,IOTF,2026-04-06
61.0,65.0,61.0,61.0,14607400,0.0,0.0,IOTF,2026-04-07
62.0,63.0,61.0,62.0,9745900,0.0,0.0,IOTF,2026-04-08
63.0,65.0,62.0,63.0,22184300,0.0,0.0,IOTF,2026-04-09
65.0,66.0,63.0,63.0,12544600,0.0,0.0,IOTF,2026-04-10
63.0,64.0,62.0,63.0,7880900,0.0,0.0,IOTF,2026-04-13
63.0,65.0,63.0,64.0,18370500,0.0,0.0,IOTF,2026-04-14
65.0,68.0,64.0,67.0,26403400,0.0,0.0,IOTF,2026-04-15
67.0,68.0,65.0,66.0,14821300,0.0,0.0,IOTF,2026-04-16
66.0,67.0,65.0,66.0,7525100,0.0,0.0,IOTF,2026-04-17
67.0,67.0,65.0,66.0,7798900,0.0,0.0,IOTF,2026-04-20
66.0,66.0,64.0,64.0,11456800,0.0,0.0,IOTF,2026-04-21
64.0,69.0,63.0,67.0,40541800,0.0,0.0,IOTF,2026-04-22
68.0,69.0,66.0,66.0,20356000,0.0,0.0,IOTF,2026-04-23
66.0,67.0,62.0,63.0,14134600,0.0,0.0,IOTF,2026-04-24
63.0,65.0,61.0,63.0,5081700,0.0,0.0,IOTF,2026-04-27
63.0,68.0,62.0,65.0,21776400,0.0,0.0,IOTF,2026-04-28
66.0,66.0,64.0,65.0,8764200,0.0,0.0,IOTF,2026-04-29
66.0,66.0,63.0,63.0,7641800,0.0,0.0,IOTF,2026-04-30
63.0,64.0,62.0,63.0,6578200,0.0,0.0,IOTF,2026-05-04
63.0,69.0,63.0,67.0,92769300,0.0,0.0,IOTF,2026-05-05
67.0,68.0,64.0,65.0,17949200,0.0,0.0,IOTF,2026-05-06
64.0,66.0,64.0,64.0,11893000,0.0,0.0,IOTF,2026-05-07
64.0,65.0,62.0,63.0,10924500,0.0,0.0,IOTF,2026-05-08
63.0,63.0,61.0,61.0,9675600,0.0,0.0,IOTF,2026-05-11
62.0,62.0,61.0,62.0,4231100,0.0,0.0,IOTF,2026-05-12
61.0,66.0,61.0,62.0,35152800,0.0,0.0,IOTF,2026-05-13
62.0,62.0,62.0,62.0,0,0.0,0.0,IOTF,2026-05-14
62.0,62.0,62.0,62.0,0,0.0,0.0,IOTF,2026-05-15
61.0,62.0,58.0,60.0,12548100,0.0,0.0,IOTF,2026-05-18
60.0,61.0,56.0,57.0,8948900,0.0,0.0,IOTF,2026-05-19
56.0,61.0,56.0,60.0,8693300,0.0,0.0,IOTF,2026-05-20
60.0,61.0,55.0,56.0,8766400,0.0,0.0,IOTF,2026-05-21
56.0,57.0,52.0,56.0,5651000,0.0,0.0,IOTF,2026-05-22
56.0,60.0,56.0,58.0,9123700,0.0,0.0,IOTF,2026-05-25
59.0,60.0,58.0,59.0,2397100,0.0,0.0,IOTF,2026-05-26
59.0,59.0,59.0,59.0,0,0.0,0.0,IOTF,2026-05-27
59.0,59.0,59.0,59.0,0,0.0,0.0,IOTF,2026-05-28
59.0,59.0,57.0,57.0,4389000,0.0,0.0,IOTF,2026-05-29
57.0,58.0,56.0,57.0,3561900,0.0,0.0,IOTF,2026-06-02
57.0,58.0,52.0,54.0,9905000,0.0,0.0,IOTF,2026-06-03
54.0,55.0,50.0,53.0,12231200,0.0,0.0,IOTF,2026-06-04
53.0,53.0,50.0,50.0,16323000,0.0,0.0,IOTF,2026-06-05
50.0,51.0,50.0,50.0,14992500,0.0,0.0,IOTF,2026-06-08
50.0,51.0,50.0,51.0,8107200,0.0,0.0,IOTF,2026-06-09
51.0,54.0,51.0,53.0,6115500,0.0,0.0,IOTF,2026-06-10
52.0,54.0,52.0,52.0,2325800,0.0,0.0,IOTF,2026-06-11
53.0,54.0,52.0,52.0,8438000,0.0,0.0,IOTF,2026-06-12
53.0,57.0,53.0,57.0,17319300,0.0,0.0,IOTF,2026-06-15
57.0,57.0,54.0,54.0,17297800,0.0,0.0,IOTF,2026-06-17
54.0,56.0,53.0,54.0,17872100,0.0,0.0,IOTF,2026-06-18
55.0,55.0,53.0,53.0,5032800,0.0,0.0,IOTF,2026-06-19
53.0,54.0,52.0,53.0,3534700,0.0,0.0,IOTF,2026-06-22
52.0,53.0,51.0,53.0,6433900,0.0,0.0,IOTF,2026-06-23
53.0,53.0,51.0,51.0,3490500,0.0,0.0,IOTF,2026-06-24
51.0,52.0,51.0,52.0,2857800,0.0,0.0,IOTF,2026-06-25
52.0,52.0,51.0,51.0,3434100,0.0,0.0,IOTF,2026-06-26
51.0,56.0,50.0,52.0,15105600,0.0,0.0,IOTF,2026-06-29
53.0,53.0,50.0,51.0,11386400,0.0,0.0,IOTF,2026-06-30
51.0,52.0,50.0,51.0,5695100,0.0,0.0,IOTF,2026-07-01
50.0,51.0,50.0,51.0,3516600,0.0,0.0,IOTF,2026-07-02
51.0,51.0,50.0,51.0,2783400,0.0,0.0,IOTF,2026-07-03
51.0,52.0,50.0,51.0,6268300,0.0,0.0,IOTF,2026-07-06
52.0,62.0,51.0,55.0,145688200,0.0,0.0,IOTF,2026-07-07
56.0,56.0,53.0,54.0,16454800,0.0,0.0,IOTF,2026-07-08
54.0,54.0,52.0,53.0,14742900,0.0,0.0,IOTF,2026-07-09
53.0,55.0,52.0,53.0,12708900,0.0,0.0,IOTF,2026-07-10
53.0,53.0,52.0,52.0,5531700,0.0,0.0,IOTF,2026-07-13
52.0,54.0,52.0,53.0,7226400,0.0,0.0,IOTF,2026-07-14
52.0,54.0,52.0,53.0,5986600,0.0,0.0,IOTF,2026-07-15
53.0,53.0,52.0,53.0,8194600,0.0,0.0,IOTF,2026-07-16
53.0,53.0,52.0,52.0,4429700,0.0,0.0,IOTF,2026-07-17
52.0,56.0,52.0,53.0,24873200,0.0,0.0,IOTF,2026-07-20
55.0,55.0,53.0,54.0,7958700,0.0,0.0,IOTF,2026-07-21
54.0,55.0,53.0,54.0,5774100,0.0,0.0,IOTF,2026-07-22
53.0,54.0,50.0,53.0,48198400,0.0,0.0,IOTF,2026-07-23
52.0,53.0,51.0,52.0,6735000,0.0,0.0,IOTF,2026-07-24
52.0,53.0,51.0,52.0,4938000,0.0,0.0,IOTF,2026-07-27
52.0,52.0,51.0,52.0,4300100,0.0,0.0,IOTF,2026-07-28
52.0,54.0,51.0,52.0,18376400,0.0,0.0,IOTF,2026-07-29
52.0,52.0,51.0,52.0,4979800,0.0,0.0,IOTF,2026-07-30
52.0,55.0,51.0,53.0,35839600,0.0,0.0,IOTF,2026-07-31
53.0,54.0,52.0,53.0,8617100,0.0,0.0,IOTF,2026-08-03
53.0,54.0,52.0,52.0,4550600,0.0,0.0,IOTF,2026-08-04
53.0,53.0,52.0,53.0,3697400,0.0,0.0,IOTF,2026-08-05
53.0,53.0,52.0,53.0,6546500,0.0,0.0,IOTF,2026-08-06
53.0,53.0,52.0,53.0,4429700,0.0,0.0,IOTF,2026-08-07
53.0,70.0,52.0,66.0,528528400,0.0,0.0,IOTF,2026-08-10
65.0,70.0,60.0,63.0,196791500,0.0,0.0,IOTF,2026-08-11
64.0,78.0,62.0,73.0,482277900,0.0,0.0,IOTF,2026-08-12
75.0,79.0,69.0,72.0,248070100,0.0,0.0,IOTF,2026-08-13
72.0,78.0,70.0,71.0,215010800,0.0,0.0,IOTF,2026-08-14
71.0,72.0,66.0,69.0,119344600,0.0,0.0,IOTF,2026-08-18
69.0,70.0,64.0,66.0,67943500,0.0,0.0,IOTF,2026-08-19
66.0,66.0,62.0,64.0,67005600,0.0,0.0,IOTF,2026-08-20
65.0,67.0,64.0,66.0,45648700,0.0,0.0,IOTF,2026-08-21
67.0,72.0,65.0,67.0,157460200,0.0,0.0,IOTF,2026-08-24
68.0,68.0,59.0,61.0,82395800,0.0,0.0,IOTF,2026-08-26
59.0,64.0,59.0,64.0,23058000,0.0,0.0,IOTF,2026-08-27
65.0,65.0,62.0,63.0,14911100,0.0,0.0,IOTF,2026-08-28
63.0,63.0,62.0,63.0,13539200,0.0,0.0,IOTF,2026-08-31
63.0,65.0,62.0,63.0,14622800,0.0,0.0,IOTF,2026-09-01
63.0,65.0,63.0,63.0,9635800,0.0,0.0,IOTF,2026-09-02
63.0,69.0,63.0,65.0,103760600,0.0,0.0,IOTF,2026-09-03
66.0,66.0,64.0,65.0,19880000,0.0,0.0,IOTF,2026-09-04
65.0,71.0,65.0,69.0,144205500,0.0,0.0,IOTF,2026-09-07
70.0,70.0,67.0,67.0,30722000,0.0,0.0,IOTF,2026-09-08
68.0,69.0,67.0,68.0,22533400,0.0,0.0,IOTF,2026-09-09
68.0,69.0,64.0,64.0,23257100,0.0,0.0,IOTF,2026-09-10
64.0,65.0,61.0,62.0,17893800,0.0,0.0,IOTF,2026-09-11
63.0,69.0,62.0,65.0,80177800,0.0,0.0,IOTF,2026-09-14
65.0,66.0,63.0,64.0,15069400,0.0,0.0,IOTF,2026-09-15
64.0,65.0,62.0,63.0,13744200,0.0,0.0,IOTF,2026-09-16
62.0,64.0,62.0,63.0,9224400,0.0,0.0,IOTF,2026-09-17
62.0,64.0,62.0,62.0,6270000,0.0,0.0,IOTF,2026-09-18
62.0,67.0,60.0,65.0,33465300,0.0,0.0,IOTF,2026-09-21
45.0,50.0,45.0,48.0,9687600,0.0,0.0,MSIE,2025-12-01
48.0,48.0,46.0,46.0,3630500,0.0,0.0,MSIE,2025-12-02
46.0,47.0,44.0,45.0,7070700,0.0,0.0,MSIE,2025-12-03
46.0,47.0,44.0,46.0,6781700,0.0,0.0,MSIE,2025-12-04
47.0,49.0,45.0,48.0,5950500,0.0,0.0,MSIE,2025-12-05
47.0,52.0,47.0,49.0,8496800,0.0,0.0,MSIE,2025-12-08
52.0,52.0,48.0,49.0,1292500,0.0,0.0,MSIE,2025-12-09
49.0,49.0,47.0,47.0,5496300,0.0,0.0,MSIE,2025-12-10
47.0,48.0,47.0,47.0,1079000,0.0,0.0,MSIE,2025-12-11
47.0,48.0,46.0,47.0,1918700,0.0,0.0,MSIE,2025-12-12
46.0,48.0,46.0,47.0,2654600,0.0,0.0,MSIE,2025-12-15
47.0,48.0,46.0,46.0,2126200,0.0,0.0,MSIE,2025-12-16
47.0,49.0,46.0,48.0,7124900,0.0,0.0,MSIE,2025-12-17
48.0,48.0,47.0,48.0,2141700,0.0,0.0,MSIE,2025-12-18
48.0,48.0,46.0,47.0,1495700,0.0,0.0,MSIE,2025-12-19
46.0,47.0,45.0,45.0,1932800,0.0,0.0,MSIE,2025-12-22
46.0,46.0,45.0,46.0,776600,0.0,0.0,MSIE,2025-12-23
46.0,50.0,45.0,48.0,6639400,0.0,0.0,MSIE,2025-12-24
48.0,49.0,46.0,48.0,1802100,0.0,0.0,MSIE,2025-12-29
48.0,48.0,47.0,48.0,890300,0.0,0.0,MSIE,2025-12-30
48.0,52.0,46.0,52.0,16795600,0.0,0.0,MSIE,2026-01-02
52.0,57.0,48.0,52.0,10205800,0.0,0.0,MSIE,2026-01-05
53.0,53.0,50.0,51.0,4039300,0.0,0.0,MSIE,2026-01-06
51.0,56.0,50.0,54.0,11782000,0.0,0.0,MSIE,2026-01-07
55.0,59.0,53.0,59.0,21732800,0.0,0.0,MSIE,2026-01-08
61.0,64.0,61.0,64.0,12883400,0.0,0.0,MSIE,2026-01-09
70.0,70.0,58.0,59.0,32069700,0.0,0.0,MSIE,2026-01-12
59.0,60.0,55.0,58.0,12274000,0.0,0.0,MSIE,2026-01-13
56.0,59.0,56.0,59.0,3686500,0.0,0.0,MSIE,2026-01-14
59.0,64.0,58.0,64.0,23439200,0.0,0.0,MSIE,2026-01-15
65.0,70.0,65.0,70.0,12903800,0.0,0.0,MSIE,2026-01-19
77.0,77.0,64.0,65.0,56958700,0.0,0.0,MSIE,2026-01-20
66.0,67.0,59.0,62.0,13163100,0.0,0.0,MSIE,2026-01-21
64.0,64.0,59.0,62.0,9810200,0.0,0.0,MSIE,2026-01-22
62.0,62.0,59.0,61.0,3063900,0.0,0.0,MSIE,2026-01-23
62.0,62.0,59.0,60.0,3041800,0.0,0.0,MSIE,2026-01-26
60.0,61.0,55.0,60.0,3372900,0.0,0.0,MSIE,2026-01-27
60.0,61.0,54.0,54.0,5133800,0.0,0.0,MSIE,2026-01-28
54.0,54.0,49.0,54.0,10575600,0.0,0.0,MSIE,2026-01-29
54.0,58.0,49.0,56.0,9389800,0.0,0.0,MSIE,2026-01-30
57.0,57.0,51.0,51.0,9535600,0.0,0.0,MSIE,2026-02-02
48.0,49.0,46.0,46.0,17158600,0.0,0.0,MSIE,2026-02-03
46.0,48.0,42.0,43.0,9474400,0.0,0.0,MSIE,2026-02-04
45.0,45.0,42.0,44.0,2472400,0.0,0.0,MSIE,2026-02-05
44.0,47.0,41.0,45.0,3250000,0.0,0.0,MSIE,2026-02-06
48.0,48.0,42.0,43.0,4529200,0.0,0.0,MSIE,2026-02-09
44.0,45.0,42.0,44.0,2049000,0.0,0.0,MSIE,2026-02-10
45.0,48.0,42.0,48.0,7879400,0.0,0.0,MSIE,2026-02-11
48.0,50.0,45.0,47.0,3569400,0.0,0.0,MSIE,2026-02-12
46.0,50.0,45.0,49.0,3588000,0.0,0.0,MSIE,2026-02-13
50.0,51.0,46.0,49.0,3334300,0.0,0.0,MSIE,2026-02-18
48.0,49.0,46.0,47.0,4039000,0.0,0.0,MSIE,2026-02-19
47.0,48.0,46.0,46.0,1214500,0.0,0.0,MSIE,2026-02-20
46.0,49.0,46.0,49.0,3312500,0.0,0.0,MSIE,2026-02-23
50.0,51.0,47.0,51.0,4085800,0.0,0.0,MSIE,2026-02-24
52.0,56.0,48.0,53.0,10129100,0.0,0.0,MSIE,2026-02-25
53.0,55.0,51.0,55.0,2275600,0.0,0.0,MSIE,2026-02-26
55.0,56.0,52.0,54.0,4643800,0.0,0.0,MSIE,2026-02-27
50.0,54.0,49.0,53.0,7338800,0.0,0.0,MSIE,2026-03-02
53.0,53.0,50.0,50.0,2400900,0.0,0.0,MSIE,2026-03-03
50.0,51.0,45.0,45.0,4345300,0.0,0.0,MSIE,2026-03-04
45.0,47.0,41.0,46.0,2608800,0.0,0.0,MSIE,2026-03-05
45.0,46.0,43.0,44.0,2812900,0.0,0.0,MSIE,2026-03-06
44.0,44.0,40.0,43.0,4273800,0.0,0.0,MSIE,2026-03-09
42.0,43.0,41.0,43.0,879800,0.0,0.0,MSIE,2026-03-10
43.0,46.0,42.0,44.0,1240400,0.0,0.0,MSIE,2026-03-11
44.0,46.0,43.0,45.0,382800,0.0,0.0,MSIE,2026-03-12
42.0,46.0,42.0,46.0,894600,0.0,0.0,MSIE,2026-03-13
46.0,46.0,43.0,45.0,589400,0.0,0.0,MSIE,2026-03-16
46.0,47.0,43.0,47.0,604400,0.0,0.0,MSIE,2026-03-17
47.0,47.0,43.0,43.0,6300500,0.0,0.0,MSIE,2026-03-25
44.0,46.0,39.0,42.0,5505200,0.0,0.0,MSIE,2026-03-26
43.0,43.0,40.0,41.0,1101600,0.0,0.0,MSIE,2026-03-27
41.0,41.0,39.0,41.0,332000,0.0,0.0,MSIE,2026-03-30
41.0,44.0,39.0,44.0,1441700,0.0,0.0,MSIE,2026-03-31
44.0,47.0,42.0,47.0,2473100,0.0,0.0,MSIE,2026-04-01
43.0,46.0,43.0,46.0,3637600,0.0,0.0,MSIE,2026-04-02
44.0,45.0,43.0,45.0,1096400,0.0,0.0,MSIE,2026-04-06
44.0,45.0,44.0,45.0,529200,0.0,0.0,MSIE,2026-04-07
45.0,47.0,44.0,47.0,1689500,0.0,0.0,MSIE,2026-04-08
47.0,48.0,44.0,46.0,2522600,0.0,0.0,MSIE,2026-04-09
47.0,48.0,45.0,47.0,1518200,0.0,0.0,MSIE,2026-04-10
47.0,48.0,45.0,47.0,685800,0.0,0.0,MSIE,2026-04-13
46.0,47.0,45.0,46.0,1294700,0.0,0.0,MSIE,2026-04-14
47.0,50.0,45.0,50.0,13731000,0.0,0.0,MSIE,2026-04-15
51.0,55.0,50.0,55.0,14813500,0.0,0.0,MSIE,2026-04-16
60.0,60.0,55.0,60.0,13301800,0.0,0.0,MSIE,2026-04-17
60.0,66.0,60.0,66.0,8455100,0.0,0.0,MSIE,2026-04-20
72.0,72.0,66.0,72.0,9004500,0.0,0.0,MSIE,2026-04-21
79.0,79.0,79.0,79.0,6467400,0.0,0.0,MSIE,2026-04-22
86.0,86.0,86.0,86.0,3760600,0.0,0.0,MSIE,2026-04-23
94.0,94.0,94.0,94.0,12431500,0.0,0.0,MSIE,2026-04-24
103.0,103.0,85.0,85.0,68973300,0.0,0.0,MSIE,2026-04-27
85.0,93.0,80.0,93.0,14318000,0.0,0.0,MSIE,2026-04-28
100.0,102.0,95.0,102.0,5191000,0.0,0.0,MSIE,2026-04-29
112.0,112.0,103.0,112.0,49050600,0.0,0.0,MSIE,2026-04-30
112.0,123.0,112.0,123.0,2723800,0.0,0.0,MSIE,2026-05-04
123.0,123.0,123.0,123.0,0,0.0,0.0,MSIE,2026-05-05
135.0,135.0,135.0,135.0,1938900,0.0,0.0,MSIE,2026-05-06
148.0,148.0,148.0,148.0,796900,0.0,0.0,MSIE,2026-05-07
148.0,148.0,148.0,148.0,0,0.0,0.0,MSIE,2026-05-08
148.0,148.0,148.0,148.0,0,0.0,0.0,MSIE,2026-05-11
148.0,148.0,148.0,148.0,0,0.0,0.0,MSIE,2026-05-12
148.0,148.0,148.0,148.0,0,0.0,0.0,MSIE,2026-05-13
148.0,148.0,148.0,148.0,0,0.0,0.0,MSIE,2026-05-14
148.0,148.0,148.0,148.0,0,0.0,0.0,MSIE,2026-05-15
148.0,148.0,148.0,148.0,0,0.0,0.0,MSIE,2026-05-18
148.0,148.0,148.0,148.0,0,0.0,0.0,MSIE,2026-05-19
148.0,148.0,148.0,148.0,0,0.0,0.0,MSIE,2026-05-20
148.0,148.0,148.0,148.0,0,0.0,0.0,MSIE,2026-05-21
148.0,148.0,148.0,148.0,0,0.0,0.0,MSIE,2026-05-22
148.0,148.0,148.0,148.0,0,0.0,0.0,MSIE,2026-05-25
148.0,148.0,148.0,148.0,0,0.0,0.0,MSIE,2026-05-26
148.0,148.0,148.0,148.0,0,0.0,0.0,MSIE,2026-05-27
148.0,148.0,148.0,148.0,0,0.0,0.0,MSIE,2026-05-28
148.0,148.0,148.0,148.0,0,0.0,0.0,MSIE,2026-05-29
148.0,148.0,148.0,148.0,0,0.0,0.0,MSIE,2026-06-01
148.0,148.0,148.0,148.0,0,0.0,0.0,MSIE,2026-06-02
162.0,162.0,134.0,134.0,18682900,0.0,0.0,MSIE,2026-06-03
121.0,121.0,121.0,121.0,617200,0.0,0.0,MSIE,2026-06-04
109.0,109.0,109.0,109.0,571900,0.0,0.0,MSIE,2026-06-05
99.0,99.0,99.0,99.0,128200,0.0,0.0,MSIE,2026-06-08
90.0,108.0,90.0,108.0,35357300,0.0,0.0,MSIE,2026-06-09
98.0,98.0,98.0,98.0,6360600,0.0,0.0,MSIE,2026-06-10
89.0,89.0,89.0,89.0,8885200,0.0,0.0,MSIE,2026-06-11
82.0,97.0,81.0,97.0,18944400,0.0,0.0,MSIE,2026-06-12
97.0,106.0,97.0,106.0,2905900,0.0,0.0,MSIE,2026-06-15
116.0,116.0,100.0,116.0,7303800,0.0,0.0,MSIE,2026-06-17
127.0,127.0,106.0,108.0,10243900,0.0,0.0,MSIE,2026-06-18
109.0,109.0,99.0,105.0,15436300,0.0,0.0,MSIE,2026-06-19
100.0,105.0,98.0,98.0,5124800,0.0,0.0,MSIE,2026-06-22
97.0,99.0,94.0,95.0,2126300,0.0,0.0,MSIE,2026-06-23
95.0,95.0,91.0,92.0,1063800,0.0,0.0,MSIE,2026-06-24
92.0,92.0,85.0,87.0,5116300,0.0,0.0,MSIE,2026-06-25
90.0,90.0,80.0,81.0,2953300,0.0,0.0,MSIE,2026-06-26
82.0,82.0,75.0,78.0,1752900,0.0,0.0,MSIE,2026-06-29
78.0,79.0,71.0,73.0,1845800,0.0,0.0,MSIE,2026-06-30
74.0,77.0,69.0,71.0,7299700,0.0,0.0,MSIE,2026-07-01
70.0,78.0,66.0,78.0,5626600,0.0,0.0,MSIE,2026-07-02
85.0,85.0,80.0,85.0,5415600,0.0,0.0,MSIE,2026-07-03
93.0,93.0,85.0,85.0,9534800,0.0,0.0,MSIE,2026-07-06
86.0,93.0,77.0,93.0,12995600,0.0,0.0,MSIE,2026-07-07
94.0,94.0,86.0,88.0,4760300,0.0,0.0,MSIE,2026-07-08
89.0,91.0,84.0,85.0,10443100,0.0,0.0,MSIE,2026-07-09
85.0,90.0,82.0,86.0,878600,0.0,0.0,MSIE,2026-07-10
86.0,88.0,83.0,86.0,923800,0.0,0.0,MSIE,2026-07-13
85.0,90.0,83.0,84.0,1543600,0.0,0.0,MSIE,2026-07-14
85.0,91.0,84.0,86.0,10165700,0.0,0.0,MSIE,2026-07-15
88.0,88.0,83.0,84.0,2749200,0.0,0.0,MSIE,2026-07-16
85.0,86.0,82.0,82.0,3913600,0.0,0.0,MSIE,2026-07-17
82.0,83.0,79.0,81.0,2289900,0.0,0.0,MSIE,2026-07-20
80.0,81.0,79.0,80.0,1979900,0.0,0.0,MSIE,2026-07-21
80.0,81.0,77.0,79.0,1376700,0.0,0.0,MSIE,2026-07-22
80.0,81.0,78.0,81.0,2005400,0.0,0.0,MSIE,2026-07-23
80.0,81.0,76.0,79.0,3459700,0.0,0.0,MSIE,2026-07-24
79.0,80.0,78.0,79.0,983900,0.0,0.0,MSIE,2026-07-27
80.0,86.0,79.0,86.0,12560600,0.0,0.0,MSIE,2026-07-28
86.0,94.0,86.0,94.0,20830500,0.0,0.0,MSIE,2026-07-29
99.0,103.0,97.0,103.0,21746600,0.0,0.0,MSIE,2026-07-30
102.0,103.0,94.0,96.0,11949700,0.0,0.0,MSIE,2026-07-31
96.0,97.0,90.0,95.0,9501100,0.0,0.0,MSIE,2026-08-03
95.0,103.0,94.0,98.0,24096200,0.0,0.0,MSIE,2026-08-04
99.0,106.0,96.0,102.0,13496000,0.0,0.0,MSIE,2026-08-05
102.0,103.0,97.0,97.0,13105700,0.0,0.0,MSIE,2026-08-06
98.0,98.0,94.0,97.0,2686700,0.0,0.0,MSIE,2026-08-07
97.0,98.0,94.0,94.0,2611200,0.0,0.0,MSIE,2026-08-10
96.0,96.0,93.0,94.0,2010100,0.0,0.0,MSIE,2026-08-11
94.0,102.0,93.0,98.0,16712300,0.0,0.0,MSIE,2026-08-12
99.0,102.0,96.0,97.0,7221300,0.0,0.0,MSIE,2026-08-13
97.0,99.0,95.0,98.0,1548600,0.0,0.0,MSIE,2026-08-14
98.0,100.0,96.0,97.0,4675300,0.0,0.0,MSIE,2026-08-18
97.0,98.0,95.0,95.0,1900300,0.0,0.0,MSIE,2026-08-19
94.0,99.0,93.0,97.0,6272300,0.0,0.0,MSIE,2026-08-20
98.0,98.0,90.0,94.0,8589000,0.0,0.0,MSIE,2026-08-21
93.0,95.0,91.0,94.0,1427500,0.0,0.0,MSIE,2026-08-24
94.0,98.0,86.0,96.0,22399700,0.0,0.0,MSIE,2026-08-26
97.0,97.0,92.0,96.0,3957900,0.0,0.0,MSIE,2026-08-27
96.0,105.0,94.0,105.0,19719700,0.0,0.0,MSIE,2026-08-28
115.0,115.0,107.0,115.0,6937100,0.0,0.0,MSIE,2026-08-31
126.0,126.0,115.0,126.0,3584200,0.0,0.0,MSIE,2026-09-01
138.0,138.0,115.0,117.0,51811400,0.0,0.0,MSIE,2026-09-02
117.0,119.0,106.0,112.0,24149500,0.0,0.0,MSIE,2026-09-03
112.0,123.0,110.0,123.0,20995500,0.0,0.0,MSIE,2026-09-04
134.0,135.0,124.0,135.0,29710400,0.0,0.0,MSIE,2026-09-07
135.0,148.0,127.0,137.0,16226600,0.0,0.0,MSIE,2026-09-08
142.0,146.0,132.0,137.0,7566900,0.0,0.0,MSIE,2026-09-09
135.0,150.0,135.0,150.0,19849400,0.0,0.0,MSIE,2026-09-10
150.0,165.0,139.0,165.0,17874400,0.0,0.0,MSIE,2026-09-11
165.0,181.0,149.0,159.0,21263800,0.0,0.0,MSIE,2026-09-14
159.0,174.0,154.0,173.0,13172100,0.0,0.0,MSIE,2026-09-15
173.0,188.0,166.0,180.0,9489800,0.0,0.0,MSIE,2026-09-16
181.0,184.0,170.0,174.0,4806100,0.0,0.0,MSIE,2026-09-17
173.0,182.0,170.0,173.0,3887600,0.0,0.0,MSIE,2026-09-18
173.0,190.0,170.0,185.0,10139200,0.0,0.0,MSIE,2026-09-21
128.0,128.0,125.0,126.0,8153700,0.0,0.0,CARS,2025-12-01
126.0,127.0,123.0,124.0,11018400,0.0,0.0,CARS,2025-12-02
126.0,126.0,121.0,122.0,23757500,0.0,0.0,CARS,2025-12-03
125.0,126.0,121.0,122.0,24661100,0.0,0.0,CARS,2025-12-04
122.0,125.0,122.0,123.0,15474800,0.0,0.0,CARS,2025-12-05
123.0,124.0,122.0,123.0,17608900,0.0,0.0,CARS,2025-12-08
123.0,124.0,121.0,122.0,12545900,0.0,0.0,CARS,2025-12-09
123.0,126.0,122.0,123.0,20142000,0.0,0.0,CARS,2025-12-10
124.0,125.0,122.0,125.0,16245600,0.0,0.0,CARS,2025-12-11
125.0,130.0,123.0,125.0,39047700,0.0,0.0,CARS,2025-12-12
126.0,126.0,123.0,123.0,12806800,0.0,0.0,CARS,2025-12-15
123.0,125.0,122.0,123.0,10461600,0.0,0.0,CARS,2025-12-16
125.0,128.0,122.0,125.0,21222100,0.0,0.0,CARS,2025-12-17
130.0,137.0,125.0,126.0,60181600,0.0,0.0,CARS,2025-12-18
126.0,127.0,124.0,124.0,16315900,0.0,0.0,CARS,2025-12-19
125.0,125.0,122.0,124.0,17505000,0.0,0.0,CARS,2025-12-22
124.0,124.0,122.0,123.0,12014500,0.0,0.0,CARS,2025-12-23
124.0,124.0,121.0,122.0,10985200,0.0,0.0,CARS,2025-12-24
122.0,123.0,121.0,122.0,5986400,0.0,0.0,CARS,2025-12-29
122.0,123.0,121.0,122.0,4639000,0.0,0.0,CARS,2025-12-30
123.0,125.0,121.0,122.0,15187400,0.0,0.0,CARS,2026-01-02
122.0,124.0,121.0,123.0,15649500,0.0,0.0,CARS,2026-01-05
124.0,124.0,122.0,122.0,13570600,0.0,0.0,CARS,2026-01-06
123.0,129.0,121.0,129.0,36789700,0.0,0.0,CARS,2026-01-07
129.0,130.0,122.0,127.0,29373100,0.0,0.0,CARS,2026-01-08
127.0,128.0,124.0,126.0,25414300,0.0,0.0,CARS,2026-01-09
127.0,127.0,122.0,122.0,27552300,0.0,0.0,CARS,2026-01-12
123.0,124.0,122.0,123.0,8595500,0.0,0.0,CARS,2026-01-13
123.0,124.0,122.0,122.0,3956200,0.0,0.0,CARS,2026-01-14
123.0,125.0,122.0,123.0,13250500,0.0,0.0,CARS,2026-01-15
123.0,124.0,122.0,122.0,6094300,0.0,0.0,CARS,2026-01-19
123.0,124.0,121.0,123.0,17897400,0.0,0.0,CARS,2026-01-20
123.0,123.0,118.0,119.0,17705500,0.0,0.0,CARS,2026-01-21
121.0,124.0,119.0,120.0,12040600,0.0,0.0,CARS,2026-01-22
120.0,121.0,118.0,119.0,6731500,0.0,0.0,CARS,2026-01-23
119.0,123.0,113.0,117.0,13031400,0.0,0.0,CARS,2026-01-26
117.0,121.0,115.0,119.0,12392700,0.0,0.0,CARS,2026-01-27
117.0,119.0,102.0,105.0,40466900,0.0,0.0,CARS,2026-01-28
103.0,109.0,90.0,107.0,35352400,0.0,0.0,CARS,2026-01-29
107.0,108.0,96.0,100.0,27388900,0.0,0.0,CARS,2026-01-30
102.0,102.0,88.0,91.0,16729200,0.0,0.0,CARS,2026-02-02
92.0,99.0,88.0,98.0,10683400,0.0,0.0,CARS,2026-02-03
99.0,99.0,94.0,95.0,3285100,0.0,0.0,CARS,2026-02-04
95.0,97.0,93.0,95.0,3202700,0.0,0.0,CARS,2026-02-05
94.0,94.0,89.0,90.0,5232100,0.0,0.0,CARS,2026-02-06
92.0,92.0,84.0,86.0,18286000,0.0,0.0,CARS,2026-02-09
88.0,89.0,85.0,89.0,11307900,0.0,0.0,CARS,2026-02-10
89.0,94.0,89.0,92.0,8586100,0.0,0.0,CARS,2026-02-11
93.0,93.0,90.0,92.0,3802800,0.0,0.0,CARS,2026-02-12
92.0,94.0,90.0,94.0,3093400,0.0,0.0,CARS,2026-02-13
95.0,96.0,91.0,94.0,6265900,0.0,0.0,CARS,2026-02-18
95.0,99.0,93.0,97.0,9019800,0.0,0.0,CARS,2026-02-19
98.0,99.0,94.0,97.0,7892300,0.0,0.0,CARS,2026-02-20
97.0,100.0,97.0,99.0,4035200,0.0,0.0,CARS,2026-02-23
100.0,100.0,94.0,94.0,6254700,0.0,0.0,CARS,2026-02-24
96.0,126.0,94.0,121.0,390840500,0.0,0.0,CARS,2026-02-25
125.0,125.0,108.0,115.0,137247900,0.0,0.0,CARS,2026-02-26
115.0,117.0,109.0,116.0,19194600,0.0,0.0,CARS,2026-02-27
109.0,112.0,100.0,100.0,22995000,0.0,0.0,CARS,2026-03-02
101.0,120.0,100.0,112.0,108556900,0.0,0.0,CARS,2026-03-03
113.0,116.0,100.0,106.0,29786600,0.0,0.0,CARS,2026-03-04
107.0,112.0,105.0,106.0,7762800,0.0,0.0,CARS,2026-03-05
107.0,107.0,97.0,103.0,11563500,0.0,0.0,CARS,2026-03-06
101.0,104.0,95.0,102.0,15500900,0.0,0.0,CARS,2026-03-09
103.0,106.0,99.0,104.0,2943100,0.0,0.0,CARS,2026-03-10
104.0,106.0,98.0,101.0,14413300,0.0,0.0,CARS,2026-03-11
101.0,101.0,96.0,96.0,10049700,0.0,0.0,CARS,2026-03-12
95.0,96.0,92.0,93.0,6423100,0.0,0.0,CARS,2026-03-13
93.0,94.0,90.0,91.0,6769400,0.0,0.0,CARS,2026-03-16
92.0,99.0,92.0,95.0,9523500,0.0,0.0,CARS,2026-03-17
97.0,97.0,94.0,96.0,1669600,0.0,0.0,CARS,2026-03-25
96.0,100.0,96.0,98.0,8479500,0.0,0.0,CARS,2026-03-26
98.0,100.0,96.0,97.0,660900,0.0,0.0,CARS,2026-03-27
96.0,96.0,91.0,93.0,8986600,0.0,0.0,CARS,2026-03-30
93.0,96.0,91.0,94.0,2346800,0.0,0.0,CARS,2026-03-31
93.0,95.0,92.0,94.0,1742800,0.0,0.0,CARS,2026-04-01
95.0,96.0,92.0,92.0,1456600,0.0,0.0,CARS,2026-04-02
92.0,95.0,90.0,94.0,1442100,0.0,0.0,CARS,2026-04-06
94.0,95.0,90.0,92.0,3744800,0.0,0.0,CARS,2026-04-07
92.0,97.0,91.0,95.0,5754300,0.0,0.0,CARS,2026-04-08
96.0,99.0,94.0,96.0,9323300,0.0,0.0,CARS,2026-04-09
99.0,99.0,94.0,97.0,7650600,0.0,0.0,CARS,2026-04-10
97.0,98.0,95.0,96.0,4417400,0.0,0.0,CARS,2026-04-13
96.0,98.0,94.0,98.0,7457400,0.0,0.0,CARS,2026-04-14
98.0,106.0,97.0,101.0,17454700,0.0,0.0,CARS,2026-04-15
102.0,108.0,101.0,104.0,13999400,0.0,0.0,CARS,2026-04-16
104.0,104.0,100.0,100.0,3183100,0.0,0.0,CARS,2026-04-17
100.0,101.0,98.0,98.0,4206800,0.0,0.0,CARS,2026-04-20
98.0,101.0,97.0,98.0,3142300,0.0,0.0,CARS,2026-04-21
98.0,99.0,96.0,98.0,5491100,0.0,0.0,CARS,2026-04-22
99.0,99.0,89.0,93.0,35003100,0.0,0.0,CARS,2026-04-23
94.0,94.0,91.0,92.0,4008800,0.0,0.0,CARS,2026-04-24
94.0,94.0,91.0,92.0,1240400,0.0,0.0,CARS,2026-04-27
92.0,100.0,91.0,92.0,25650300,0.0,0.0,CARS,2026-04-28
93.0,94.0,92.0,94.0,2101100,0.0,0.0,CARS,2026-04-29
94.0,95.0,91.0,93.0,5732700,0.0,0.0,CARS,2026-04-30
93.0,94.0,92.0,93.0,2124600,0.0,0.0,CARS,2026-05-04
93.0,95.0,92.0,94.0,2493100,0.0,0.0,CARS,2026-05-05
94.0,94.0,93.0,94.0,1462600,0.0,0.0,CARS,2026-05-06
94.0,97.0,94.0,96.0,6022900,0.0,0.0,CARS,2026-05-07
98.0,104.0,95.0,95.0,49966400,0.0,0.0,CARS,2026-05-08
96.0,97.0,90.0,95.0,7746900,0.0,0.0,CARS,2026-05-11
95.0,95.0,92.0,93.0,8290100,0.0,0.0,CARS,2026-05-12
94.0,94.0,92.0,93.0,1411200,0.0,0.0,CARS,2026-05-13
93.0,93.0,93.0,93.0,0,0.0,0.0,CARS,2026-05-14
93.0,93.0,93.0,93.0,0,0.0,0.0,CARS,2026-05-15
94.0,95.0,89.0,91.0,6772000,0.0,0.0,CARS,2026-05-18
91.0,94.0,80.0,87.0,12255300,0.0,0.0,CARS,2026-05-19
89.0,90.0,85.0,88.0,2050600,0.0,0.0,CARS,2026-05-20
88.0,89.0,75.0,83.0,18353000,0.0,0.0,CARS,2026-05-21
82.0,85.0,76.0,83.0,8848300,0.0,0.0,CARS,2026-05-22
86.0,96.0,85.0,94.0,28762100,0.0,0.0,CARS,2026-05-25
93.0,94.0,90.0,91.0,4855400,0.0,0.0,CARS,2026-05-26
91.0,91.0,91.0,91.0,0,0.0,0.0,CARS,2026-05-27
91.0,91.0,91.0,91.0,0,0.0,0.0,CARS,2026-05-28
91.0,96.0,88.0,92.0,5199500,0.0,0.0,CARS,2026-05-29
92.0,94.0,89.0,93.0,3509300,0.0,0.0,CARS,2026-06-02
93.0,93.0,86.0,88.0,5038900,0.0,0.0,CARS,2026-06-03
85.0,93.0,80.0,91.0,9940600,0.0,0.0,CARS,2026-06-04
90.0,91.0,86.0,88.0,4489600,0.0,0.0,CARS,2026-06-05
78.0,86.0,78.0,80.0,11930500,0.0,0.0,CARS,2026-06-08
80.0,89.0,80.0,87.0,4027100,0.0,0.0,CARS,2026-06-09
90.0,90.0,87.0,88.0,1413000,0.0,0.0,CARS,2026-06-10
90.0,90.0,86.0,88.0,4451100,0.0,0.0,CARS,2026-06-11
87.0,89.0,86.0,89.0,714300,0.0,0.0,CARS,2026-06-12
90.0,93.0,88.0,92.0,10914900,0.0,0.0,CARS,2026-06-15
92.0,94.0,90.0,90.0,2509100,0.0,0.0,CARS,2026-06-17
90.0,91.0,86.0,90.0,3865600,0.0,0.0,CARS,2026-06-18
90.0,91.0,88.0,90.0,1306000,0.0,0.0,CARS,2026-06-19
89.0,90.0,88.0,89.0,1330000,0.0,0.0,CARS,2026-06-22
89.0,89.0,87.0,89.0,1088900,0.0,0.0,CARS,2026-06-23
89.0,89.0,85.0,86.0,2205100,0.0,0.0,CARS,2026-06-24
86.0,89.0,86.0,88.0,812000,0.0,0.0,CARS,2026-06-25
88.0,89.0,85.0,86.0,1126000,0.0,0.0,CARS,2026-06-26
86.0,88.0,85.0,86.0,981100,0.0,0.0,CARS,2026-06-29
86.0,86.0,82.0,83.0,2107700,0.0,0.0,CARS,2026-06-30
86.0,90.0,82.0,87.0,461400,0.0,0.0,CARS,2026-07-01
86.0,88.0,84.0,84.0,4719200,0.0,0.0,CARS,2026-07-02
86.0,86.0,80.0,83.0,6146200,0.0,0.0,CARS,2026-07-03
82.0,87.0,81.0,83.0,3008700,0.0,0.0,CARS,2026-07-06
84.0,85.0,81.0,83.0,4765500,0.0,0.0,CARS,2026-07-07
83.0,85.0,80.0,83.0,4597900,0.0,0.0,CARS,2026-07-08
83.0,83.0,80.0,80.0,2960200,0.0,0.0,CARS,2026-07-09
81.0,83.0,80.0,82.0,4171500,0.0,0.0,CARS,2026-07-10
82.0,84.0,82.0,83.0,3107400,0.0,0.0,CARS,2026-07-13
83.0,83.0,82.0,82.0,2160800,0.0,0.0,CARS,2026-07-14
83.0,87.0,81.0,85.0,5088800,0.0,0.0,CARS,2026-07-15
85.0,85.0,83.0,84.0,4163900,0.0,0.0,CARS,2026-07-16
84.0,84.0,83.0,84.0,894800,0.0,0.0,CARS,2026-07-17
84.0,87.0,83.0,86.0,910000,0.0,0.0,CARS,2026-07-20
86.0,91.0,85.0,89.0,7192100,0.0,0.0,CARS,2026-07-21
89.0,93.0,88.0,90.0,4219200,0.0,0.0,CARS,2026-07-22
89.0,94.0,88.0,92.0,14798300,0.0,0.0,CARS,2026-07-23
93.0,93.0,88.0,88.0,11932300,0.0,0.0,CARS,2026-07-24
89.0,91.0,89.0,89.0,702000,0.0,0.0,CARS,2026-07-27
90.0,90.0,88.0,88.0,984100,0.0,0.0,CARS,2026-07-28
89.0,90.0,87.0,90.0,3673000,0.0,0.0,CARS,2026-07-29
90.0,92.0,89.0,91.0,2183200,0.0,0.0,CARS,2026-07-30
91.0,92.0,90.0,91.0,2009100,0.0,0.0,CARS,2026-07-31
91.0,99.0,91.0,91.0,10294400,0.0,0.0,CARS,2026-08-03
93.0,94.0,91.0,92.0,1593600,0.0,0.0,CARS,2026-08-04
92.0,95.0,92.0,94.0,1657100,0.0,0.0,CARS,2026-08-05
94.0,95.0,91.0,91.0,3308300,0.0,0.0,CARS,2026-08-06
92.0,93.0,89.0,90.0,7611200,0.0,0.0,CARS,2026-08-07
91.0,92.0,89.0,91.0,3309700,0.0,0.0,CARS,2026-08-10
91.0,96.0,89.0,92.0,7322000,0.0,0.0,CARS,2026-08-11
92.0,97.0,91.0,93.0,5545300,0.0,0.0,CARS,2026-08-12
93.0,94.0,90.0,91.0,3791000,0.0,0.0,CARS,2026-08-13
92.0,93.0,90.0,92.0,2125700,0.0,0.0,CARS,2026-08-14
92.0,95.0,91.0,93.0,3503000,0.0,0.0,CARS,2026-08-18
93.0,95.0,93.0,93.0,3166700,0.0,0.0,CARS,2026-08-19
94.0,96.0,93.0,96.0,4019900,0.0,0.0,CARS,2026-08-20
96.0,113.0,96.0,101.0,47535800,0.0,0.0,CARS,2026-08-21
103.0,109.0,102.0,107.0,16219800,0.0,0.0,CARS,2026-08-24
108.0,108.0,100.0,100.0,7588400,0.0,0.0,CARS,2026-08-26
101.0,106.0,100.0,104.0,6325200,0.0,0.0,CARS,2026-08-27
105.0,111.0,104.0,105.0,12292900,0.0,0.0,CARS,2026-08-28
105.0,112.0,104.0,109.0,10585200,0.0,0.0,CARS,2026-08-31
111.0,112.0,108.0,111.0,6026200,0.0,0.0,CARS,2026-09-01
112.0,118.0,109.0,112.0,25697300,0.0,0.0,CARS,2026-09-02
112.0,114.0,109.0,113.0,6656100,0.0,0.0,CARS,2026-09-03
111.0,115.0,111.0,112.0,3008100,0.0,0.0,CARS,2026-09-04
112.0,115.0,111.0,113.0,12766000,0.0,0.0,CARS,2026-09-07
115.0,115.0,112.0,112.0,8534900,0.0,0.0,CARS,2026-09-08
114.0,116.0,113.0,114.0,18715700,0.0,0.0,CARS,2026-09-09
115.0,115.0,110.0,114.0,4358900,0.0,0.0,CARS,2026-09-10
112.0,115.0,106.0,115.0,12179400,0.0,0.0,CARS,2026-09-11
114.0,114.0,110.0,113.0,4359700,0.0,0.0,CARS,2026-09-14
113.0,114.0,111.0,113.0,2746800,0.0,0.0,CARS,2026-09-15
114.0,117.0,111.0,113.0,7625200,0.0,0.0,CARS,2026-09-16
113.0,115.0,111.0,113.0,4527800,0.0,0.0,CARS,2026-09-17
113.0,115.0,112.0,114.0,4363700,0.0,0.0,CARS,2026-09-18
115.0,119.0,113.0,119.0,13607500,0.0,0.0,CARS,2026-09-21
274.0,274.0,268.0,270.0,333900,0.0,0.0,ARII,2025-12-01
270.0,274.0,268.0,270.0,81900,0.0,0.0,ARII,2025-12-02
270.0,272.0,266.0,270.0,256800,0.0,0.0,ARII,2025-12-03
268.0,270.0,264.0,268.0,308400,0.0,0.0,ARII,2025-12-04
268.0,274.0,264.0,270.0,170500,0.0,0.0,ARII,2025-12-05
268.0,272.0,264.0,270.0,183200,0.0,0.0,ARII,2025-12-08
270.0,284.0,270.0,284.0,756900,0.0,0.0,ARII,2025-12-09
284.0,286.0,278.0,284.0,764500,0.0,0.0,ARII,2025-12-10
288.0,308.0,286.0,306.0,3364300,0.0,0.0,ARII,2025-12-11
318.0,318.0,296.0,300.0,1193000,0.0,0.0,ARII,2025-12-12
300.0,310.0,296.0,302.0,1046800,0.0,0.0,ARII,2025-12-15
304.0,312.0,298.0,306.0,1073300,0.0,0.0,ARII,2025-12-16
308.0,308.0,296.0,296.0,399600,0.0,0.0,ARII,2025-12-17
302.0,360.0,296.0,336.0,10595700,0.0,0.0,ARII,2025-12-18
336.0,340.0,310.0,320.0,1678400,0.0,0.0,ARII,2025-12-19
320.0,322.0,298.0,314.0,858100,0.0,0.0,ARII,2025-12-22
316.0,326.0,300.0,306.0,695800,0.0,0.0,ARII,2025-12-23
306.0,328.0,304.0,308.0,1446000,0.0,0.0,ARII,2025-12-24
316.0,348.0,304.0,322.0,13597900,0.0,0.0,ARII,2025-12-29
324.0,330.0,316.0,322.0,1707900,0.0,0.0,ARII,2025-12-30
334.0,334.0,316.0,328.0,1037600,0.0,0.0,ARII,2026-01-02
330.0,334.0,326.0,328.0,1486700,0.0,0.0,ARII,2026-01-05
332.0,332.0,320.0,322.0,1394900,0.0,0.0,ARII,2026-01-06
324.0,326.0,310.0,314.0,925800,0.0,0.0,ARII,2026-01-07
316.0,320.0,310.0,320.0,779200,0.0,0.0,ARII,2026-01-08
320.0,324.0,316.0,324.0,869500,0.0,0.0,ARII,2026-01-09
326.0,334.0,316.0,326.0,1055300,0.0,0.0,ARII,2026-01-12
326.0,332.0,316.0,320.0,965700,0.0,0.0,ARII,2026-01-13
320.0,324.0,310.0,322.0,445200,0.0,0.0,ARII,2026-01-14
322.0,322.0,314.0,318.0,482200,0.0,0.0,ARII,2026-01-15
318.0,324.0,310.0,320.0,355600,0.0,0.0,ARII,2026-01-19
322.0,324.0,316.0,320.0,213000,0.0,0.0,ARII,2026-01-20
320.0,320.0,312.0,318.0,286000,0.0,0.0,ARII,2026-01-21
318.0,346.0,316.0,324.0,1370900,0.0,0.0,ARII,2026-01-22
330.0,330.0,300.0,316.0,801500,0.0,0.0,ARII,2026-01-23
324.0,334.0,312.0,320.0,638700,0.0,0.0,ARII,2026-01-26
324.0,338.0,312.0,318.0,977500,0.0,0.0,ARII,2026-01-27
318.0,318.0,280.0,284.0,2582800,0.0,0.0,ARII,2026-01-28
284.0,286.0,242.0,278.0,2981900,0.0,0.0,ARII,2026-01-29
284.0,286.0,276.0,280.0,147700,0.0,0.0,ARII,2026-01-30
280.0,280.0,242.0,264.0,270400,0.0,0.0,ARII,2026-02-02
250.0,284.0,248.0,276.0,97000,0.0,0.0,ARII,2026-02-03
276.0,304.0,276.0,288.0,273000,0.0,0.0,ARII,2026-02-04
288.0,300.0,288.0,298.0,231100,0.0,0.0,ARII,2026-02-05
300.0,300.0,254.0,272.0,782700,0.0,0.0,ARII,2026-02-06
280.0,288.0,256.0,282.0,240900,0.0,0.0,ARII,2026-02-09
272.0,288.0,268.0,282.0,148100,0.0,0.0,ARII,2026-02-10
282.0,300.0,274.0,298.0,217700,0.0,0.0,ARII,2026-02-11
298.0,298.0,292.0,296.0,75400,0.0,0.0,ARII,2026-02-12
296.0,300.0,282.0,298.0,134000,0.0,0.0,ARII,2026-02-13
298.0,300.0,286.0,296.0,39700,0.0,0.0,ARII,2026-02-18
296.0,298.0,286.0,298.0,55100,0.0,0.0,ARII,2026-02-19
298.0,298.0,290.0,296.0,16600,0.0,0.0,ARII,2026-02-20
294.0,294.0,284.0,294.0,104000,0.0,0.0,ARII,2026-02-23
294.0,314.0,290.0,292.0,272800,0.0,0.0,ARII,2026-02-24
292.0,304.0,290.0,292.0,41100,0.0,0.0,ARII,2026-02-25
292.0,296.0,288.0,288.0,22700,0.0,0.0,ARII,2026-02-26
288.0,300.0,284.0,292.0,33500,0.0,0.0,ARII,2026-02-27
290.0,290.0,284.0,286.0,96400,0.0,0.0,ARII,2026-03-02
284.0,294.0,284.0,290.0,81500,0.0,0.0,ARII,2026-03-03
294.0,296.0,274.0,282.0,283100,0.0,0.0,ARII,2026-03-04
282.0,294.0,274.0,280.0,762700,0.0,0.0,ARII,2026-03-05
282.0,294.0,258.0,286.0,490300,0.0,0.0,ARII,2026-03-06
266.0,292.0,260.0,284.0,454200,0.0,0.0,ARII,2026-03-09
286.0,286.0,272.0,284.0,77600,0.0,0.0,ARII,2026-03-10
284.0,294.0,270.0,280.0,880600,0.0,0.0,ARII,2026-03-11
282.0,292.0,282.0,292.0,80700,0.0,0.0,ARII,2026-03-12
292.0,292.0,270.0,280.0,344400,0.0,0.0,ARII,2026-03-13
280.0,280.0,260.0,270.0,210100,0.0,0.0,ARII,2026-03-16
262.0,278.0,262.0,274.0,21200,0.0,0.0,ARII,2026-03-17
286.0,290.0,272.0,280.0,239400,0.0,0.0,ARII,2026-03-25
280.0,282.0,262.0,270.0,62600,0.0,0.0,ARII,2026-03-26
270.0,270.0,262.0,264.0,92100,0.0,0.0,ARII,2026-03-27
266.0,266.0,240.0,258.0,482800,0.0,0.0,ARII,2026-03-30
260.0,306.0,260.0,278.0,574800,0.0,0.0,ARII,2026-03-31
280.0,290.0,270.0,270.0,377500,0.0,0.0,ARII,2026-04-01
276.0,276.0,270.0,274.0,126900,0.0,0.0,ARII,2026-04-02
240.0,280.0,240.0,268.0,315300,0.0,0.0,ARII,2026-04-06
268.0,276.0,258.0,268.0,69800,0.0,0.0,ARII,2026-04-07
266.0,280.0,266.0,278.0,195600,0.0,0.0,ARII,2026-04-08
278.0,278.0,270.0,272.0,20300,0.0,0.0,ARII,2026-04-09
272.0,284.0,268.0,268.0,300200,0.0,0.0,ARII,2026-04-10
274.0,280.0,268.0,280.0,193800,0.0,0.0,ARII,2026-04-13
284.0,286.0,274.0,280.0,281800,0.0,0.0,ARII,2026-04-14
280.0,280.0,270.0,278.0,93300,0.0,0.0,ARII,2026-04-15
274.0,280.0,270.0,274.0,447700,0.0,0.0,ARII,2026-04-16
274.0,274.0,270.0,272.0,67300,0.0,0.0,ARII,2026-04-17
272.0,290.0,272.0,280.0,2574100,0.0,0.0,ARII,2026-04-20
290.0,290.0,272.0,286.0,485500,0.0,0.0,ARII,2026-04-21
286.0,304.0,286.0,292.0,1235600,0.0,0.0,ARII,2026-04-22
300.0,304.0,290.0,296.0,1110800,0.0,0.0,ARII,2026-04-23
296.0,306.0,296.0,298.0,682500,0.0,0.0,ARII,2026-04-24
308.0,308.0,298.0,300.0,769400,0.0,0.0,ARII,2026-04-27
300.0,304.0,298.0,298.0,394700,0.0,0.0,ARII,2026-04-28
298.0,298.0,280.0,282.0,758000,0.0,0.0,ARII,2026-04-29
290.0,302.0,260.0,282.0,1752000,0.0,0.0,ARII,2026-04-30
284.0,328.0,284.0,292.0,1970500,0.0,0.0,ARII,2026-05-04
296.0,300.0,276.0,300.0,660500,0.0,0.0,ARII,2026-05-05
300.0,304.0,288.0,304.0,271100,0.0,0.0,ARII,2026-05-06
304.0,304.0,286.0,294.0,406300,0.0,0.0,ARII,2026-05-07
292.0,300.0,292.0,298.0,121000,0.0,0.0,ARII,2026-05-08
294.0,298.0,286.0,298.0,435500,0.0,0.0,ARII,2026-05-11
298.0,304.0,286.0,296.0,214600,0.0,0.0,ARII,2026-05-12
290.0,296.0,290.0,296.0,90100,0.0,0.0,ARII,2026-05-13
296.0,296.0,296.0,296.0,0,0.0,0.0,ARII,2026-05-14
296.0,296.0,296.0,296.0,0,0.0,0.0,ARII,2026-05-15
292.0,296.0,276.0,290.0,1638500,0.0,0.0,ARII,2026-05-18
290.0,290.0,262.0,270.0,497500,0.0,0.0,ARII,2026-05-19
278.0,284.0,264.0,276.0,92300,0.0,0.0,ARII,2026-05-20
270.0,280.0,260.0,264.0,216500,0.0,0.0,ARII,2026-05-21
262.0,274.0,262.0,268.0,40400,0.0,0.0,ARII,2026-05-22
268.0,280.0,268.0,274.0,266500,0.0,0.0,ARII,2026-05-25
274.0,282.0,260.0,270.0,1306100,0.0,0.0,ARII,2026-05-26
270.0,270.0,270.0,270.0,0,0.0,0.0,ARII,2026-05-27
270.0,270.0,270.0,270.0,0,0.0,0.0,ARII,2026-05-28
270.0,280.0,268.0,270.0,11100,0.0,0.0,ARII,2026-05-29
270.0,280.0,262.0,278.0,147300,0.0,0.0,ARII,2026-06-02
278.0,278.0,240.0,256.0,287000,0.0,0.0,ARII,2026-06-03
268.0,318.0,256.0,278.0,829000,0.0,0.0,ARII,2026-06-04
276.0,276.0,252.0,264.0,708500,0.0,0.0,ARII,2026-06-05
258.0,280.0,256.0,256.0,471400,0.0,0.0,ARII,2026-06-08
256.0,272.0,254.0,260.0,137500,0.0,0.0,ARII,2026-06-09
268.0,300.0,268.0,276.0,11452700,0.0,0.0,ARII,2026-06-10
294.0,294.0,272.0,278.0,152400,0.0,0.0,ARII,2026-06-11
278.0,286.0,276.0,284.0,91600,0.0,0.0,ARII,2026-06-12
286.0,294.0,280.0,288.0,126900,0.0,0.0,ARII,2026-06-15
290.0,290.0,280.0,282.0,48400,0.0,0.0,ARII,2026-06-17
288.0,290.0,274.0,288.0,102100,0.0,0.0,ARII,2026-06-18
290.0,296.0,282.0,282.0,74500,0.0,0.0,ARII,2026-06-19
288.0,306.0,280.0,288.0,150600,0.0,0.0,ARII,2026-06-22
286.0,288.0,274.0,288.0,66800,0.0,0.0,ARII,2026-06-23
288.0,296.0,274.0,274.0,128800,0.0,0.0,ARII,2026-06-24
276.0,286.0,276.0,284.0,12800,0.0,0.0,ARII,2026-06-25
284.0,286.0,272.0,276.0,72400,0.0,0.0,ARII,2026-06-26
278.0,306.0,278.0,290.0,111400,0.0,0.0,ARII,2026-06-29
290.0,290.0,272.0,280.0,112400,0.0,0.0,ARII,2026-06-30
280.0,286.0,278.0,282.0,49800,0.0,0.0,ARII,2026-07-01
284.0,286.0,260.0,274.0,330100,0.0,0.0,ARII,2026-07-02
274.0,278.0,266.0,272.0,212900,0.0,0.0,ARII,2026-07-03
274.0,274.0,262.0,272.0,102000,0.0,0.0,ARII,2026-07-06
272.0,280.0,266.0,274.0,59200,0.0,0.0,ARII,2026-07-07
274.0,276.0,270.0,276.0,35900,0.0,0.0,ARII,2026-07-08
266.0,280.0,266.0,280.0,91100,0.0,0.0,ARII,2026-07-09
280.0,280.0,270.0,272.0,37100,0.0,0.0,ARII,2026-07-10
278.0,282.0,272.0,278.0,37100,0.0,0.0,ARII,2026-07-13
284.0,284.0,270.0,270.0,178100,0.0,0.0,ARII,2026-07-14
270.0,276.0,262.0,268.0,160500,0.0,0.0,ARII,2026-07-15
270.0,280.0,266.0,268.0,94800,0.0,0.0,ARII,2026-07-16
270.0,276.0,268.0,268.0,65400,0.0,0.0,ARII,2026-07-17
272.0,280.0,268.0,276.0,292300,0.0,0.0,ARII,2026-07-20
276.0,280.0,274.0,276.0,40900,0.0,0.0,ARII,2026-07-21
278.0,278.0,268.0,274.0,200500,0.0,0.0,ARII,2026-07-22
274.0,274.0,272.0,272.0,81600,0.0,0.0,ARII,2026-07-23
274.0,274.0,266.0,270.0,55900,0.0,0.0,ARII,2026-07-24
266.0,270.0,266.0,270.0,14800,0.0,0.0,ARII,2026-07-27
270.0,272.0,268.0,272.0,44500,0.0,0.0,ARII,2026-07-28
272.0,310.0,250.0,272.0,738400,0.0,0.0,ARII,2026-07-29
272.0,280.0,272.0,274.0,252500,0.0,0.0,ARII,2026-07-30
278.0,278.0,260.0,274.0,98000,0.0,0.0,ARII,2026-07-31
274.0,276.0,266.0,270.0,80300,0.0,0.0,ARII,2026-08-03
272.0,274.0,272.0,274.0,7300,0.0,0.0,ARII,2026-08-04
274.0,298.0,274.0,280.0,253100,0.0,0.0,ARII,2026-08-05
282.0,286.0,274.0,280.0,90500,0.0,0.0,ARII,2026-08-06
280.0,286.0,268.0,278.0,120400,0.0,0.0,ARII,2026-08-07
284.0,284.0,272.0,274.0,87100,0.0,0.0,ARII,2026-08-10
280.0,300.0,274.0,280.0,450800,0.0,0.0,ARII,2026-08-11
288.0,300.0,274.0,282.0,144700,0.0,0.0,ARII,2026-08-12
288.0,288.0,280.0,284.0,24400,0.0,0.0,ARII,2026-08-13
286.0,318.0,268.0,280.0,177700,0.0,0.0,ARII,2026-08-14
280.0,288.0,278.0,286.0,53500,0.0,0.0,ARII,2026-08-18
286.0,294.0,282.0,282.0,126700,0.0,0.0,ARII,2026-08-19
286.0,296.0,280.0,284.0,206500,0.0,0.0,ARII,2026-08-20
294.0,294.0,286.0,288.0,43200,0.0,0.0,ARII,2026-08-21
290.0,296.0,288.0,294.0,77900,0.0,0.0,ARII,2026-08-24
298.0,298.0,290.0,298.0,103700,0.0,0.0,ARII,2026-08-26
290.0,296.0,288.0,296.0,97100,0.0,0.0,ARII,2026-08-27
296.0,300.0,290.0,292.0,14100,0.0,0.0,ARII,2026-08-28
298.0,298.0,290.0,292.0,21400,0.0,0.0,ARII,2026-08-31
296.0,296.0,290.0,296.0,173800,0.0,0.0,ARII,2026-09-01
298.0,298.0,292.0,296.0,17800,0.0,0.0,ARII,2026-09-02
300.0,314.0,288.0,302.0,373300,0.0,0.0,ARII,2026-09-03
314.0,320.0,302.0,310.0,203400,0.0,0.0,ARII,2026-09-04
310.0,320.0,308.0,312.0,436600,0.0,0.0,ARII,2026-09-07
312.0,318.0,304.0,310.0,512000,0.0,0.0,ARII,2026-09-08
310.0,310.0,304.0,306.0,82100,0.0,0.0,ARII,2026-09-09
306.0,310.0,302.0,304.0,440100,0.0,0.0,ARII,2026-09-10
304.0,308.0,302.0,302.0,211600,0.0,0.0,ARII,2026-09-11
302.0,302.0,292.0,296.0,350900,0.0,0.0,ARII,2026-09-14
298.0,308.0,292.0,298.0,267800,0.0,0.0,ARII,2026-09-15
294.0,304.0,292.0,304.0,36000,0.0,0.0,ARII,2026-09-16
304.0,304.0,290.0,296.0,177100,0.0,0.0,ARII,2026-09-17
300.0,300.0,284.0,284.0,379500,0.0,0.0,ARII,2026-09-18
288.0,318.0,284.0,302.0,3799500,0.0,0.0,ARII,2026-09-21
175.0,182.0,167.0,171.0,2871500,0.0,0.0,NATO,2025-12-01
172.0,174.0,163.0,172.0,1622700,0.0,0.0,NATO,2025-12-02
174.0,176.0,167.0,174.0,1371900,0.0,0.0,NATO,2025-12-03
176.0,234.0,172.0,234.0,552948600,0.0,0.0,NATO,2025-12-04
258.0,288.0,214.0,216.0,18478300,0.0,0.0,NATO,2025-12-05
224.0,224.0,208.0,214.0,3912800,0.0,0.0,NATO,2025-12-08
214.0,220.0,208.0,210.0,2426300,0.0,0.0,NATO,2025-12-09
210.0,214.0,200.0,206.0,3016100,0.0,0.0,NATO,2025-12-10
206.0,208.0,190.0,192.0,3318000,0.0,0.0,NATO,2025-12-11
190.0,248.0,181.0,204.0,20398500,0.0,0.0,NATO,2025-12-12
254.0,254.0,230.0,254.0,21663600,0.0,0.0,NATO,2025-12-15
254.0,254.0,254.0,254.0,0,0.0,0.0,NATO,2025-12-16
316.0,316.0,264.0,316.0,12887800,0.0,0.0,NATO,2025-12-17
316.0,316.0,316.0,316.0,0,0.0,0.0,NATO,2025-12-18
316.0,316.0,316.0,316.0,0,0.0,0.0,NATO,2025-12-19
316.0,316.0,316.0,316.0,0,0.0,0.0,NATO,2025-12-22
316.0,316.0,316.0,316.0,0,0.0,0.0,NATO,2025-12-23
316.0,316.0,316.0,316.0,0,0.0,0.0,NATO,2025-12-24
316.0,316.0,316.0,316.0,0,0.0,0.0,NATO,2025-12-29
316.0,316.0,316.0,316.0,0,0.0,0.0,NATO,2025-12-30
286.0,286.0,286.0,286.0,1431600,0.0,0.0,NATO,2026-01-02
294.0,314.0,294.0,314.0,4027500,0.0,0.0,NATO,2026-01-05
344.0,344.0,344.0,344.0,1516900,0.0,0.0,NATO,2026-01-06
378.0,378.0,378.0,378.0,1248200,0.0,0.0,NATO,2026-01-07
414.0,414.0,414.0,414.0,678500,0.0,0.0,NATO,2026-01-08
454.0,454.0,454.0,454.0,461600,0.0,0.0,NATO,2026-01-09
498.0,498.0,410.0,498.0,6824500,0.0,0.0,NATO,2026-01-12
432.0,490.0,424.0,426.0,18152700,0.0,0.0,NATO,2026-01-13
426.0,456.0,370.0,430.0,7610200,0.0,0.0,NATO,2026-01-14
500.0,535.0,436.0,535.0,7236300,0.0,0.0,NATO,2026-01-15
560.0,665.0,505.0,620.0,12562500,0.0,0.0,NATO,2026-01-19
620.0,775.0,530.0,775.0,8907900,0.0,0.0,NATO,2026-01-20
910.0,965.0,710.0,950.0,23505600,0.0,0.0,NATO,2026-01-21
950.0,1100.0,950.0,1000.0,6239000,0.0,0.0,NATO,2026-01-22
1000.0,1000.0,1000.0,1000.0,0,0.0,0.0,NATO,2026-01-23
1000.0,1000.0,1000.0,1000.0,0,0.0,0.0,NATO,2026-01-26
1000.0,1000.0,1000.0,1000.0,0,0.0,0.0,NATO,2026-01-27
1000.0,1000.0,1000.0,1000.0,0,0.0,0.0,NATO,2026-01-28
1000.0,1000.0,1000.0,1000.0,0,0.0,0.0,NATO,2026-01-29
1000.0,1000.0,1000.0,1000.0,0,0.0,0.0,NATO,2026-01-30
900.0,900.0,900.0,900.0,3935400,0.0,0.0,NATO,2026-02-02
890.0,990.0,890.0,990.0,795600,0.0,0.0,NATO,2026-02-03
990.0,990.0,900.0,900.0,1163500,0.0,0.0,NATO,2026-02-04
900.0,915.0,900.0,900.0,698900,0.0,0.0,NATO,2026-02-05
900.0,900.0,900.0,900.0,650300,0.0,0.0,NATO,2026-02-06
945.0,945.0,830.0,840.0,469600,0.0,0.0,NATO,2026-02-09
915.0,920.0,910.0,920.0,258600,0.0,0.0,NATO,2026-02-10
920.0,1095.0,825.0,825.0,1392800,0.0,0.0,NATO,2026-02-11
835.0,870.0,710.0,725.0,2374500,0.0,0.0,NATO,2026-02-12
745.0,775.0,660.0,680.0,850700,0.0,0.0,NATO,2026-02-13
680.0,720.0,615.0,650.0,2365300,0.0,0.0,NATO,2026-02-18
660.0,810.0,650.0,810.0,2971100,0.0,0.0,NATO,2026-02-19
895.0,945.0,710.0,730.0,2346300,0.0,0.0,NATO,2026-02-20
735.0,740.0,660.0,695.0,1526500,0.0,0.0,NATO,2026-02-23
715.0,770.0,690.0,695.0,505500,0.0,0.0,NATO,2026-02-24
705.0,710.0,630.0,655.0,1228600,0.0,0.0,NATO,2026-02-25
650.0,700.0,650.0,655.0,364400,0.0,0.0,NATO,2026-02-26
680.0,680.0,640.0,655.0,1169600,0.0,0.0,NATO,2026-02-27
650.0,660.0,590.0,635.0,2050300,0.0,0.0,NATO,2026-03-02
635.0,775.0,635.0,645.0,1559300,0.0,0.0,NATO,2026-03-03
655.0,715.0,620.0,620.0,1715500,0.0,0.0,NATO,2026-03-04
625.0,655.0,620.0,625.0,70400,0.0,0.0,NATO,2026-03-05
620.0,660.0,600.0,625.0,1301300,0.0,0.0,NATO,2026-03-06
605.0,610.0,590.0,590.0,1162700,0.0,0.0,NATO,2026-03-09
590.0,715.0,590.0,640.0,474300,0.0,0.0,NATO,2026-03-10
670.0,670.0,600.0,620.0,122900,0.0,0.0,NATO,2026-03-11
605.0,635.0,590.0,600.0,141800,0.0,0.0,NATO,2026-03-12
605.0,615.0,585.0,595.0,68600,0.0,0.0,NATO,2026-03-13
595.0,605.0,570.0,600.0,205000,0.0,0.0,NATO,2026-03-16
595.0,620.0,595.0,600.0,59700,0.0,0.0,NATO,2026-03-17
595.0,690.0,595.0,625.0,260800,0.0,0.0,NATO,2026-03-25
635.0,665.0,620.0,620.0,36000,0.0,0.0,NATO,2026-03-26
625.0,635.0,605.0,635.0,26100,0.0,0.0,NATO,2026-03-27
635.0,635.0,605.0,615.0,34300,0.0,0.0,NATO,2026-03-30
615.0,615.0,600.0,615.0,94800,0.0,0.0,NATO,2026-03-31
600.0,635.0,600.0,615.0,60200,0.0,0.0,NATO,2026-04-01
615.0,615.0,605.0,615.0,293700,0.0,0.0,NATO,2026-04-02
605.0,625.0,595.0,600.0,106900,0.0,0.0,NATO,2026-04-06
605.0,620.0,600.0,605.0,49200,0.0,0.0,NATO,2026-04-07
605.0,610.0,600.0,610.0,49500,0.0,0.0,NATO,2026-04-08
600.0,610.0,595.0,610.0,192200,0.0,0.0,NATO,2026-04-09
610.0,615.0,605.0,615.0,74600,0.0,0.0,NATO,2026-04-10
620.0,620.0,595.0,615.0,258200,0.0,0.0,NATO,2026-04-13
605.0,630.0,605.0,615.0,90700,0.0,0.0,NATO,2026-04-14
605.0,615.0,600.0,605.0,109200,0.0,0.0,NATO,2026-04-15
605.0,615.0,600.0,610.0,38600,0.0,0.0,NATO,2026-04-16
615.0,615.0,605.0,610.0,35300,0.0,0.0,NATO,2026-04-17
600.0,610.0,600.0,605.0,65200,0.0,0.0,NATO,2026-04-20
605.0,615.0,595.0,595.0,184300,0.0,0.0,NATO,2026-04-21
600.0,615.0,595.0,600.0,257800,0.0,0.0,NATO,2026-04-22
600.0,605.0,570.0,575.0,274500,0.0,0.0,NATO,2026-04-23
580.0,620.0,570.0,570.0,606600,0.0,0.0,NATO,2026-04-24
570.0,675.0,570.0,610.0,2149000,0.0,0.0,NATO,2026-04-27
610.0,610.0,600.0,610.0,981300,0.0,0.0,NATO,2026-04-28
610.0,610.0,600.0,600.0,725000,0.0,0.0,NATO,2026-04-29
600.0,625.0,595.0,615.0,933200,0.0,0.0,NATO,2026-04-30
635.0,640.0,600.0,625.0,808000,0.0,0.0,NATO,2026-05-04
630.0,640.0,615.0,620.0,858700,0.0,0.0,NATO,2026-05-05
625.0,625.0,605.0,620.0,807500,0.0,0.0,NATO,2026-05-06
620.0,775.0,620.0,775.0,6023400,0.0,0.0,NATO,2026-05-07
750.0,775.0,660.0,665.0,4219500,0.0,0.0,NATO,2026-05-08
670.0,690.0,625.0,660.0,652400,0.0,0.0,NATO,2026-05-11
650.0,695.0,620.0,625.0,491900,0.0,0.0,NATO,2026-05-12
625.0,685.0,600.0,610.0,601600,0.0,0.0,NATO,2026-05-13
610.0,610.0,610.0,610.0,0,0.0,0.0,NATO,2026-05-14
610.0,610.0,610.0,610.0,0,0.0,0.0,NATO,2026-05-15
610.0,675.0,605.0,645.0,156400,0.0,0.0,NATO,2026-05-18
640.0,640.0,600.0,605.0,298300,0.0,0.0,NATO,2026-05-19
640.0,640.0,590.0,595.0,195600,0.0,0.0,NATO,2026-05-20
610.0,610.0,575.0,590.0,517200,0.0,0.0,NATO,2026-05-21
590.0,600.0,575.0,590.0,271000,0.0,0.0,NATO,2026-05-22
590.0,620.0,575.0,590.0,647500,0.0,0.0,NATO,2026-05-25
595.0,600.0,590.0,590.0,91600,0.0,0.0,NATO,2026-05-26
590.0,590.0,590.0,590.0,0,0.0,0.0,NATO,2026-05-27
590.0,590.0,590.0,590.0,0,0.0,0.0,NATO,2026-05-28
590.0,605.0,575.0,590.0,253600,0.0,0.0,NATO,2026-05-29
590.0,600.0,575.0,590.0,106200,0.0,0.0,NATO,2026-06-02
590.0,590.0,570.0,580.0,575900,0.0,0.0,NATO,2026-06-03
580.0,585.0,515.0,575.0,1214600,0.0,0.0,NATO,2026-06-04
575.0,585.0,550.0,570.0,707000,0.0,0.0,NATO,2026-06-05
570.0,570.0,555.0,570.0,191900,0.0,0.0,NATO,2026-06-08
570.0,580.0,555.0,580.0,735800,0.0,0.0,NATO,2026-06-09
580.0,595.0,565.0,595.0,540800,0.0,0.0,NATO,2026-06-10
575.0,600.0,570.0,590.0,300500,0.0,0.0,NATO,2026-06-11
605.0,605.0,585.0,590.0,55100,0.0,0.0,NATO,2026-06-12
605.0,610.0,580.0,600.0,566800,0.0,0.0,NATO,2026-06-15
610.0,650.0,595.0,595.0,148400,0.0,0.0,NATO,2026-06-17
590.0,600.0,575.0,595.0,184600,0.0,0.0,NATO,2026-06-18
590.0,610.0,585.0,595.0,208800,0.0,0.0,NATO,2026-06-19
595.0,605.0,575.0,590.0,79600,0.0,0.0,NATO,2026-06-22
590.0,705.0,560.0,580.0,147927600,0.0,0.0,NATO,2026-06-23
580.0,590.0,550.0,580.0,521900,0.0,0.0,NATO,2026-06-24
580.0,670.0,570.0,600.0,153103300,0.0,0.0,NATO,2026-06-25
600.0,600.0,535.0,570.0,2394700,0.0,0.0,NATO,2026-06-26
570.0,605.0,550.0,555.0,719200,0.0,0.0,NATO,2026-06-29
555.0,555.0,505.0,540.0,590400,0.0,0.0,NATO,2026-06-30
540.0,560.0,525.0,550.0,299100,0.0,0.0,NATO,2026-07-01
555.0,580.0,540.0,580.0,496800,0.0,0.0,NATO,2026-07-02
585.0,600.0,555.0,590.0,416600,0.0,0.0,NATO,2026-07-03
585.0,595.0,580.0,590.0,170300,0.0,0.0,NATO,2026-07-06
595.0,605.0,575.0,600.0,335500,0.0,0.0,NATO,2026-07-07
600.0,600.0,580.0,600.0,100000,0.0,0.0,NATO,2026-07-08
600.0,615.0,585.0,605.0,153700,0.0,0.0,NATO,2026-07-09
605.0,615.0,595.0,600.0,81300,0.0,0.0,NATO,2026-07-10
610.0,620.0,600.0,605.0,86000,0.0,0.0,NATO,2026-07-13
605.0,610.0,600.0,605.0,85100,0.0,0.0,NATO,2026-07-14
615.0,615.0,600.0,610.0,112500,0.0,0.0,NATO,2026-07-15
610.0,640.0,605.0,640.0,145600,0.0,0.0,NATO,2026-07-16
645.0,670.0,620.0,645.0,114500,0.0,0.0,NATO,2026-07-17
660.0,660.0,630.0,645.0,59600,0.0,0.0,NATO,2026-07-20
630.0,650.0,625.0,650.0,116600,0.0,0.0,NATO,2026-07-21
660.0,660.0,630.0,655.0,81200,0.0,0.0,NATO,2026-07-22
650.0,685.0,640.0,660.0,76700,0.0,0.0,NATO,2026-07-23
665.0,680.0,640.0,650.0,72800,0.0,0.0,NATO,2026-07-24
660.0,665.0,630.0,660.0,41300,0.0,0.0,NATO,2026-07-27
655.0,675.0,620.0,660.0,96100,0.0,0.0,NATO,2026-07-28
680.0,680.0,610.0,660.0,139400,0.0,0.0,NATO,2026-07-29
650.0,680.0,640.0,670.0,179600,0.0,0.0,NATO,2026-07-30
675.0,675.0,650.0,670.0,316400,0.0,0.0,NATO,2026-07-31
670.0,680.0,640.0,655.0,157100,0.0,0.0,NATO,2026-08-03
675.0,675.0,650.0,660.0,93500,0.0,0.0,NATO,2026-08-04
650.0,670.0,650.0,655.0,66100,0.0,0.0,NATO,2026-08-05
680.0,700.0,650.0,655.0,136600,0.0,0.0,NATO,2026-08-06
655.0,685.0,630.0,655.0,126600,0.0,0.0,NATO,2026-08-07
675.0,675.0,645.0,650.0,141400,0.0,0.0,NATO,2026-08-10
650.0,675.0,635.0,650.0,86400,0.0,0.0,NATO,2026-08-11
650.0,660.0,635.0,655.0,179700,0.0,0.0,NATO,2026-08-12
660.0,660.0,645.0,650.0,16100,0.0,0.0,NATO,2026-08-13
650.0,675.0,620.0,645.0,246400,0.0,0.0,NATO,2026-08-14
645.0,685.0,645.0,650.0,66000,0.0,0.0,NATO,2026-08-18
650.0,660.0,615.0,635.0,192100,0.0,0.0,NATO,2026-08-19
635.0,665.0,635.0,660.0,125700,0.0,0.0,NATO,2026-08-20
660.0,675.0,650.0,665.0,161100,0.0,0.0,NATO,2026-08-21
650.0,670.0,650.0,665.0,86000,0.0,0.0,NATO,2026-08-24
665.0,670.0,645.0,665.0,100900,0.0,0.0,NATO,2026-08-26
665.0,680.0,650.0,680.0,152100,0.0,0.0,NATO,2026-08-27
680.0,695.0,665.0,685.0,104500,0.0,0.0,NATO,2026-08-28
685.0,855.0,685.0,800.0,1690400,0.0,0.0,NATO,2026-08-31
790.0,815.0,685.0,780.0,575400,0.0,0.0,NATO,2026-09-01
780.0,975.0,780.0,975.0,3562800,0.0,0.0,NATO,2026-09-02
1130.0,1170.0,960.0,1015.0,3177400,0.0,0.0,NATO,2026-09-03
1020.0,1265.0,1020.0,1265.0,2310700,0.0,0.0,NATO,2026-09-04
1265.0,1265.0,1265.0,1265.0,0,0.0,0.0,NATO,2026-09-07
1370.0,1575.0,1110.0,1220.0,3884200,0.0,0.0,NATO,2026-09-08
1260.0,1260.0,1050.0,1110.0,2076800,0.0,0.0,NATO,2026-09-09
1155.0,1165.0,980.0,1020.0,1881400,0.0,0.0,NATO,2026-09-10
1005.0,1180.0,955.0,1030.0,767600,0.0,0.0,NATO,2026-09-11
1020.0,1090.0,1000.0,1035.0,286600,0.0,0.0,NATO,2026-09-14
1015.0,1055.0,1010.0,1010.0,161200,0.0,0.0,NATO,2026-09-15
1035.0,1040.0,965.0,980.0,308300,0.0,0.0,NATO,2026-09-16
980.0,1055.0,940.0,1055.0,431300,0.0,0.0,NATO,2026-09-17
1100.0,1125.0,1030.0,1085.0,325500,0.0,0.0,NATO,2026-09-18
1090.0,1180.0,1030.0,1155.0,504400,0.0,0.0,NATO,2026-09-21
258.0,258.0,252.0,252.0,66900,0.0,0.0,AMIN,2025-12-01
252.0,254.0,246.0,250.0,149500,0.0,0.0,AMIN,2025-12-02
250.0,256.0,246.0,254.0,102000,0.0,0.0,AMIN,2025-12-03
254.0,254.0,248.0,252.0,95400,0.0,0.0,AMIN,2025-12-04
252.0,252.0,248.0,252.0,42100,0.0,0.0,AMIN,2025-12-05
252.0,256.0,248.0,254.0,175600,0.0,0.0,AMIN,2025-12-08
256.0,256.0,252.0,254.0,29800,0.0,0.0,AMIN,2025-12-09
248.0,256.0,248.0,248.0,91100,0.0,0.0,AMIN,2025-12-10
250.0,252.0,246.0,248.0,69000,0.0,0.0,AMIN,2025-12-11
246.0,248.0,244.0,246.0,31700,0.0,0.0,AMIN,2025-12-12
246.0,250.0,242.0,244.0,91000,0.0,0.0,AMIN,2025-12-15
244.0,250.0,244.0,246.0,41200,0.0,0.0,AMIN,2025-12-16
246.0,248.0,244.0,248.0,16000,0.0,0.0,AMIN,2025-12-17
248.0,250.0,216.0,246.0,132000,0.0,0.0,AMIN,2025-12-18
248.0,250.0,244.0,244.0,13500,0.0,0.0,AMIN,2025-12-19
244.0,260.0,244.0,252.0,266000,0.0,0.0,AMIN,2025-12-22
252.0,254.0,248.0,250.0,77800,0.0,0.0,AMIN,2025-12-23
248.0,254.0,246.0,248.0,59100,0.0,0.0,AMIN,2025-12-24
248.0,252.0,242.0,246.0,78800,0.0,0.0,AMIN,2025-12-29
246.0,250.0,246.0,250.0,9800,0.0,0.0,AMIN,2025-12-30
250.0,250.0,248.0,250.0,35900,0.0,0.0,AMIN,2026-01-02
270.0,270.0,248.0,254.0,235900,0.0,0.0,AMIN,2026-01-05
250.0,260.0,250.0,258.0,235300,0.0,0.0,AMIN,2026-01-06
258.0,260.0,252.0,254.0,49300,0.0,0.0,AMIN,2026-01-07
254.0,258.0,250.0,256.0,37900,0.0,0.0,AMIN,2026-01-08
256.0,258.0,252.0,252.0,28700,0.0,0.0,AMIN,2026-01-09
254.0,258.0,252.0,258.0,115300,0.0,0.0,AMIN,2026-01-12
260.0,260.0,248.0,252.0,134700,0.0,0.0,AMIN,2026-01-13
252.0,276.0,250.0,270.0,801600,0.0,0.0,AMIN,2026-01-14
270.0,302.0,262.0,278.0,5296500,0.0,0.0,AMIN,2026-01-15
278.0,302.0,274.0,292.0,5454000,0.0,0.0,AMIN,2026-01-19
292.0,292.0,276.0,280.0,715800,0.0,0.0,AMIN,2026-01-20
280.0,288.0,260.0,284.0,710200,0.0,0.0,AMIN,2026-01-21
270.0,284.0,270.0,282.0,523200,0.0,0.0,AMIN,2026-01-22
280.0,284.0,266.0,284.0,813200,0.0,0.0,AMIN,2026-01-23
284.0,284.0,272.0,282.0,588500,0.0,0.0,AMIN,2026-01-26
282.0,286.0,276.0,286.0,376600,0.0,0.0,AMIN,2026-01-27
276.0,284.0,264.0,276.0,764200,0.0,0.0,AMIN,2026-01-28
276.0,290.0,250.0,288.0,1007600,0.0,0.0,AMIN,2026-01-29
284.0,288.0,276.0,284.0,226600,0.0,0.0,AMIN,2026-01-30
284.0,284.0,270.0,270.0,126000,0.0,0.0,AMIN,2026-02-02
266.0,282.0,266.0,274.0,70000,0.0,0.0,AMIN,2026-02-03
282.0,282.0,270.0,270.0,54600,0.0,0.0,AMIN,2026-02-04
264.0,266.0,254.0,260.0,153100,0.0,0.0,AMIN,2026-02-05
262.0,276.0,254.0,262.0,183500,0.0,0.0,AMIN,2026-02-06
266.0,270.0,256.0,264.0,73300,0.0,0.0,AMIN,2026-02-09
264.0,270.0,262.0,264.0,15700,0.0,0.0,AMIN,2026-02-10
266.0,280.0,258.0,272.0,256500,0.0,0.0,AMIN,2026-02-11
274.0,274.0,254.0,262.0,183600,0.0,0.0,AMIN,2026-02-12
264.0,266.0,252.0,258.0,52600,0.0,0.0,AMIN,2026-02-13
258.0,262.0,256.0,260.0,51900,0.0,0.0,AMIN,2026-02-18
258.0,260.0,252.0,258.0,61100,0.0,0.0,AMIN,2026-02-19
258.0,260.0,254.0,258.0,24600,0.0,0.0,AMIN,2026-02-20
258.0,292.0,254.0,264.0,723900,0.0,0.0,AMIN,2026-02-23
268.0,290.0,258.0,268.0,175300,0.0,0.0,AMIN,2026-02-24
268.0,272.0,264.0,266.0,41600,0.0,0.0,AMIN,2026-02-25
264.0,272.0,264.0,268.0,58300,0.0,0.0,AMIN,2026-02-26
266.0,272.0,264.0,270.0,62000,0.0,0.0,AMIN,2026-02-27
270.0,270.0,260.0,266.0,46900,0.0,0.0,AMIN,2026-03-02
266.0,268.0,260.0,266.0,68000,0.0,0.0,AMIN,2026-03-03
266.0,266.0,252.0,254.0,51100,0.0,0.0,AMIN,2026-03-04
264.0,266.0,256.0,262.0,4300,0.0,0.0,AMIN,2026-03-05
256.0,260.0,242.0,258.0,50000,0.0,0.0,AMIN,2026-03-06
256.0,256.0,220.0,232.0,173700,0.0,0.0,AMIN,2026-03-09
248.0,248.0,232.0,244.0,46800,0.0,0.0,AMIN,2026-03-10
244.0,244.0,236.0,242.0,11500,0.0,0.0,AMIN,2026-03-11
242.0,242.0,230.0,238.0,27200,0.0,0.0,AMIN,2026-03-12
238.0,238.0,232.0,236.0,4600,0.0,0.0,AMIN,2026-03-13
236.0,236.0,228.0,234.0,7500,0.0,0.0,AMIN,2026-03-16
232.0,234.0,226.0,232.0,7800,0.0,0.0,AMIN,2026-03-17
226.0,232.0,208.0,232.0,35300,0.0,0.0,AMIN,2026-03-25
232.0,240.0,230.0,236.0,6000,0.0,0.0,AMIN,2026-03-26
232.0,232.0,228.0,230.0,3500,0.0,0.0,AMIN,2026-03-27
228.0,234.0,220.0,230.0,17500,0.0,0.0,AMIN,2026-03-30
230.0,230.0,224.0,230.0,4000,0.0,0.0,AMIN,2026-03-31
234.0,244.0,224.0,236.0,18600,0.0,0.0,AMIN,2026-04-01
232.0,236.0,226.0,236.0,3900,0.0,0.0,AMIN,2026-04-02
236.0,236.0,228.0,232.0,6200,0.0,0.0,AMIN,2026-04-06
234.0,238.0,230.0,238.0,3000,0.0,0.0,AMIN,2026-04-07
238.0,240.0,230.0,240.0,4200,0.0,0.0,AMIN,2026-04-08
238.0,244.0,230.0,234.0,38000,0.0,0.0,AMIN,2026-04-09
234.0,236.0,230.0,234.0,10400,0.0,0.0,AMIN,2026-04-10
236.0,236.0,226.0,236.0,21100,0.0,0.0,AMIN,2026-04-13
232.0,234.0,228.0,234.0,74600,0.0,0.0,AMIN,2026-04-14
234.0,240.0,234.0,234.0,79800,0.0,0.0,AMIN,2026-04-15
234.0,276.0,232.0,244.0,108900,0.0,0.0,AMIN,2026-04-16
244.0,244.0,240.0,240.0,27700,0.0,0.0,AMIN,2026-04-17
240.0,250.0,238.0,240.0,38700,0.0,0.0,AMIN,2026-04-20
244.0,244.0,236.0,240.0,74500,0.0,0.0,AMIN,2026-04-21
240.0,240.0,238.0,240.0,44500,0.0,0.0,AMIN,2026-04-22
258.0,300.0,240.0,240.0,16202900,0.0,0.0,AMIN,2026-04-23
230.0,236.0,204.0,204.0,3468100,0.0,0.0,AMIN,2026-04-24
206.0,234.0,190.0,216.0,2087900,0.0,0.0,AMIN,2026-04-27
216.0,220.0,200.0,218.0,841500,0.0,0.0,AMIN,2026-04-28
218.0,236.0,204.0,236.0,1287100,0.0,0.0,AMIN,2026-04-29
236.0,250.0,224.0,250.0,906600,0.0,0.0,AMIN,2026-04-30
252.0,272.0,238.0,268.0,907400,0.0,0.0,AMIN,2026-05-04
268.0,286.0,256.0,286.0,709900,0.0,0.0,AMIN,2026-05-05
286.0,296.0,274.0,292.0,696100,0.0,0.0,AMIN,2026-05-06
284.0,296.0,282.0,290.0,696700,0.0,0.0,AMIN,2026-05-07
276.0,298.0,270.0,278.0,163600,0.0,0.0,AMIN,2026-05-08
278.0,278.0,250.0,258.0,195700,0.0,0.0,AMIN,2026-05-11
258.0,258.0,240.0,250.0,150300,0.0,0.0,AMIN,2026-05-12
252.0,252.0,248.0,252.0,34200,0.0,0.0,AMIN,2026-05-13
252.0,252.0,252.0,252.0,0,0.0,0.0,AMIN,2026-05-14
252.0,252.0,252.0,252.0,0,0.0,0.0,AMIN,2026-05-15
252.0,252.0,238.0,240.0,52400,0.0,0.0,AMIN,2026-05-18
240.0,254.0,236.0,236.0,18800,0.0,0.0,AMIN,2026-05-19
234.0,248.0,210.0,236.0,107300,0.0,0.0,AMIN,2026-05-20
228.0,234.0,220.0,228.0,17300,0.0,0.0,AMIN,2026-05-21
228.0,264.0,204.0,252.0,244400,0.0,0.0,AMIN,2026-05-22
252.0,256.0,244.0,246.0,22600,0.0,0.0,AMIN,2026-05-25
230.0,254.0,210.0,254.0,116900,0.0,0.0,AMIN,2026-05-26
254.0,254.0,254.0,254.0,0,0.0,0.0,AMIN,2026-05-27
254.0,254.0,254.0,254.0,0,0.0,0.0,AMIN,2026-05-28
252.0,266.0,242.0,266.0,89700,0.0,0.0,AMIN,2026-05-29
266.0,274.0,258.0,274.0,68100,0.0,0.0,AMIN,2026-06-02
272.0,278.0,260.0,276.0,61800,0.0,0.0,AMIN,2026-06-03
280.0,280.0,244.0,274.0,31800,0.0,0.0,AMIN,2026-06-04
274.0,274.0,250.0,262.0,7700,0.0,0.0,AMIN,2026-06-05
262.0,262.0,234.0,248.0,114600,0.0,0.0,AMIN,2026-06-08
240.0,250.0,240.0,248.0,7000,0.0,0.0,AMIN,2026-06-09
250.0,278.0,248.0,272.0,67800,0.0,0.0,AMIN,2026-06-10
284.0,284.0,256.0,268.0,37300,0.0,0.0,AMIN,2026-06-11
268.0,270.0,260.0,260.0,67300,0.0,0.0,AMIN,2026-06-12
268.0,280.0,262.0,264.0,373700,0.0,0.0,AMIN,2026-06-15
264.0,270.0,264.0,264.0,83100,10.0,0.0,AMIN,2026-06-17
260.0,268.0,256.0,264.0,50000,0.0,0.0,AMIN,2026-06-18
256.0,262.0,250.0,254.0,25200,0.0,0.0,AMIN,2026-06-19
254.0,254.0,248.0,252.0,18600,0.0,0.0,AMIN,2026-06-22
254.0,254.0,248.0,252.0,5900,0.0,0.0,AMIN,2026-06-23
254.0,254.0,244.0,246.0,7000,0.0,0.0,AMIN,2026-06-24
246.0,250.0,242.0,248.0,51000,0.0,0.0,AMIN,2026-06-25
248.0,248.0,240.0,244.0,5800,0.0,0.0,AMIN,2026-06-26
242.0,248.0,240.0,246.0,4500,0.0,0.0,AMIN,2026-06-29
246.0,252.0,214.0,242.0,64000,0.0,0.0,AMIN,2026-06-30
242.0,246.0,230.0,244.0,27200,0.0,0.0,AMIN,2026-07-01
238.0,248.0,238.0,248.0,9800,0.0,0.0,AMIN,2026-07-02
250.0,250.0,246.0,246.0,14500,0.0,0.0,AMIN,2026-07-03
248.0,250.0,238.0,240.0,48400,0.0,0.0,AMIN,2026-07-06
240.0,246.0,240.0,242.0,2200,0.0,0.0,AMIN,2026-07-07
242.0,244.0,236.0,240.0,13300,0.0,0.0,AMIN,2026-07-08
240.0,244.0,236.0,242.0,8300,0.0,0.0,AMIN,2026-07-09
242.0,248.0,242.0,244.0,4600,0.0,0.0,AMIN,2026-07-10
242.0,242.0,238.0,242.0,5400,0.0,0.0,AMIN,2026-07-13
246.0,246.0,242.0,242.0,8800,0.0,0.0,AMIN,2026-07-14
242.0,246.0,240.0,242.0,5700,0.0,0.0,AMIN,2026-07-15
242.0,242.0,238.0,242.0,30200,0.0,0.0,AMIN,2026-07-16
244.0,246.0,242.0,244.0,18000,0.0,0.0,AMIN,2026-07-17
244.0,246.0,242.0,246.0,18300,0.0,0.0,AMIN,2026-07-20
238.0,248.0,238.0,246.0,56300,0.0,0.0,AMIN,2026-07-21
246.0,246.0,240.0,246.0,14100,0.0,0.0,AMIN,2026-07-22
246.0,248.0,240.0,246.0,13600,0.0,0.0,AMIN,2026-07-23
242.0,246.0,240.0,240.0,1600,0.0,0.0,AMIN,2026-07-24
238.0,246.0,238.0,244.0,21900,0.0,0.0,AMIN,2026-07-27
244.0,244.0,238.0,244.0,8000,0.0,0.0,AMIN,2026-07-28
240.0,260.0,230.0,240.0,98900,0.0,0.0,AMIN,2026-07-29
238.0,242.0,236.0,240.0,19900,0.0,0.0,AMIN,2026-07-30
240.0,246.0,236.0,244.0,12000,0.0,0.0,AMIN,2026-07-31
244.0,244.0,238.0,242.0,8700,0.0,0.0,AMIN,2026-08-03
242.0,250.0,234.0,240.0,25100,0.0,0.0,AMIN,2026-08-04
240.0,258.0,236.0,254.0,236400,0.0,0.0,AMIN,2026-08-05
256.0,256.0,244.0,248.0,75000,0.0,0.0,AMIN,2026-08-06
244.0,252.0,242.0,248.0,29600,0.0,0.0,AMIN,2026-08-07
252.0,252.0,244.0,246.0,15700,0.0,0.0,AMIN,2026-08-10
250.0,250.0,244.0,248.0,25800,0.0,0.0,AMIN,2026-08-11
246.0,250.0,246.0,246.0,44700,0.0,0.0,AMIN,2026-08-12
250.0,252.0,242.0,246.0,13900,0.0,0.0,AMIN,2026-08-13
250.0,250.0,230.0,244.0,65500,0.0,0.0,AMIN,2026-08-14
244.0,244.0,240.0,242.0,35700,0.0,0.0,AMIN,2026-08-18
242.0,242.0,236.0,242.0,61800,0.0,0.0,AMIN,2026-08-19
240.0,240.0,238.0,240.0,12800,0.0,0.0,AMIN,2026-08-20
242.0,242.0,238.0,240.0,5300,0.0,0.0,AMIN,2026-08-21
240.0,242.0,236.0,240.0,17300,0.0,0.0,AMIN,2026-08-24
236.0,244.0,234.0,234.0,55400,0.0,0.0,AMIN,2026-08-26
240.0,240.0,234.0,240.0,16200,0.0,0.0,AMIN,2026-08-27
240.0,300.0,234.0,244.0,2767900,0.0,0.0,AMIN,2026-08-28
244.0,262.0,238.0,248.0,514300,0.0,0.0,AMIN,2026-08-31
250.0,250.0,240.0,246.0,207700,0.0,0.0,AMIN,2026-09-01
246.0,248.0,236.0,238.0,311400,0.0,0.0,AMIN,2026-09-02
238.0,240.0,234.0,240.0,109900,0.0,0.0,AMIN,2026-09-03
240.0,242.0,240.0,240.0,59000,0.0,0.0,AMIN,2026-09-04
240.0,250.0,238.0,242.0,97000,0.0,0.0,AMIN,2026-09-07
244.0,246.0,244.0,244.0,150100,0.0,0.0,AMIN,2026-09-08
246.0,246.0,240.0,244.0,29000,0.0,0.0,AMIN,2026-09-09
244.0,246.0,238.0,242.0,90900,0.0,0.0,AMIN,2026-09-10
240.0,242.0,236.0,238.0,33400,0.0,0.0,AMIN,2026-09-11
236.0,240.0,232.0,236.0,131900,0.0,0.0,AMIN,2026-09-14
236.0,286.0,230.0,240.0,1326600,0.0,0.0,AMIN,2026-09-15
242.0,254.0,240.0,246.0,175100,0.0,0.0,AMIN,2026-09-16
246.0,268.0,242.0,250.0,244100,0.0,0.0,AMIN,2026-09-17
250.0,272.0,244.0,260.0,576200,0.0,0.0,AMIN,2026-09-18
260.0,298.0,258.0,274.0,1959900,0.0,0.0,AMIN,2026-09-21
161.0,162.0,146.0,152.0,2297100,0.0,0.0,BCIC,2025-12-01
152.0,156.0,140.0,150.0,2431300,0.0,0.0,BCIC,2025-12-02
150.0,151.0,144.0,146.0,2045200,0.0,0.0,BCIC,2025-12-03
148.0,166.0,145.0,155.0,4670800,0.0,0.0,BCIC,2025-12-04
156.0,156.0,147.0,150.0,1115500,0.0,0.0,BCIC,2025-12-05
150.0,176.0,140.0,162.0,13756800,0.0,0.0,BCIC,2025-12-08
163.0,173.0,154.0,164.0,2629400,0.0,0.0,BCIC,2025-12-09
164.0,165.0,158.0,163.0,3343100,0.0,0.0,BCIC,2025-12-10
163.0,163.0,150.0,158.0,2900400,0.0,0.0,BCIC,2025-12-11
158.0,162.0,154.0,154.0,899800,0.0,0.0,BCIC,2025-12-12
154.0,167.0,151.0,156.0,1703600,0.0,0.0,BCIC,2025-12-15
157.0,159.0,153.0,157.0,611200,0.0,0.0,BCIC,2025-12-16
165.0,166.0,150.0,152.0,1454800,0.0,0.0,BCIC,2025-12-17
154.0,170.0,154.0,162.0,5434200,0.0,0.0,BCIC,2025-12-18
164.0,175.0,156.0,165.0,11590700,0.0,0.0,BCIC,2025-12-19
167.0,170.0,157.0,160.0,3221800,0.0,0.0,BCIC,2025-12-22
160.0,161.0,156.0,158.0,972900,0.0,0.0,BCIC,2025-12-23
158.0,163.0,154.0,156.0,1451200,0.0,0.0,BCIC,2025-12-24
157.0,164.0,155.0,158.0,2913900,0.0,0.0,BCIC,2025-12-29
158.0,158.0,153.0,157.0,2335200,0.0,0.0,BCIC,2025-12-30
158.0,160.0,154.0,159.0,1531400,0.0,0.0,BCIC,2026-01-02
159.0,172.0,157.0,168.0,6779800,0.0,0.0,BCIC,2026-01-05
175.0,195.0,166.0,181.0,19923600,0.0,0.0,BCIC,2026-01-06
191.0,220.0,189.0,202.0,28487500,0.0,0.0,BCIC,2026-01-07
202.0,204.0,183.0,196.0,8480500,0.0,0.0,BCIC,2026-01-08
194.0,194.0,175.0,186.0,15835100,0.0,0.0,BCIC,2026-01-09
208.0,242.0,189.0,222.0,58784400,0.0,0.0,BCIC,2026-01-12
224.0,230.0,200.0,220.0,19770500,0.0,0.0,BCIC,2026-01-13
220.0,226.0,200.0,206.0,7254600,0.0,0.0,BCIC,2026-01-14
212.0,214.0,202.0,208.0,4241700,0.0,0.0,BCIC,2026-01-15
214.0,214.0,202.0,206.0,3586800,0.0,0.0,BCIC,2026-01-19
206.0,210.0,202.0,204.0,1708000,0.0,0.0,BCIC,2026-01-20
204.0,204.0,189.0,199.0,3688000,0.0,0.0,BCIC,2026-01-21
200.0,200.0,180.0,197.0,6323800,0.0,0.0,BCIC,2026-01-22
196.0,197.0,184.0,188.0,2292500,0.0,0.0,BCIC,2026-01-23
188.0,199.0,180.0,182.0,3678700,0.0,0.0,BCIC,2026-01-26
182.0,183.0,173.0,180.0,2031400,0.0,0.0,BCIC,2026-01-27
178.0,178.0,155.0,160.0,4540900,0.0,0.0,BCIC,2026-01-28
153.0,166.0,136.0,161.0,4807700,0.0,0.0,BCIC,2026-01-29
156.0,164.0,152.0,153.0,2901900,0.0,0.0,BCIC,2026-01-30
154.0,160.0,146.0,146.0,2182200,0.0,0.0,BCIC,2026-02-02
149.0,157.0,145.0,151.0,1539800,0.0,0.0,BCIC,2026-02-03
155.0,159.0,148.0,153.0,2181800,0.0,0.0,BCIC,2026-02-04
155.0,155.0,148.0,151.0,1164600,0.0,0.0,BCIC,2026-02-05
151.0,158.0,147.0,157.0,2721300,0.0,0.0,BCIC,2026-02-06
156.0,159.0,148.0,156.0,1058900,0.0,0.0,BCIC,2026-02-09
156.0,157.0,151.0,153.0,350700,0.0,0.0,BCIC,2026-02-10
155.0,156.0,152.0,155.0,726500,0.0,0.0,BCIC,2026-02-11
155.0,162.0,154.0,156.0,471800,0.0,0.0,BCIC,2026-02-12
156.0,159.0,151.0,154.0,353700,0.0,0.0,BCIC,2026-02-13
154.0,156.0,149.0,154.0,601800,0.0,0.0,BCIC,2026-02-18
155.0,156.0,152.0,154.0,415300,0.0,0.0,BCIC,2026-02-19
154.0,156.0,153.0,155.0,203800,0.0,0.0,BCIC,2026-02-20
154.0,158.0,153.0,158.0,727000,0.0,0.0,BCIC,2026-02-23
158.0,167.0,155.0,159.0,4285600,0.0,0.0,BCIC,2026-02-24
159.0,169.0,152.0,156.0,1165100,0.0,0.0,BCIC,2026-02-25
156.0,158.0,152.0,155.0,768500,0.0,0.0,BCIC,2026-02-26
155.0,155.0,151.0,153.0,321300,0.0,0.0,BCIC,2026-02-27
153.0,153.0,147.0,150.0,808500,0.0,0.0,BCIC,2026-03-02
151.0,151.0,146.0,150.0,599400,0.0,0.0,BCIC,2026-03-03
151.0,151.0,138.0,140.0,1675100,0.0,0.0,BCIC,2026-03-04
141.0,151.0,141.0,146.0,386600,0.0,0.0,BCIC,2026-03-05
147.0,151.0,140.0,148.0,471600,0.0,0.0,BCIC,2026-03-06
148.0,148.0,126.0,133.0,2078200,0.0,0.0,BCIC,2026-03-09
134.0,137.0,127.0,136.0,1219300,0.0,0.0,BCIC,2026-03-10
136.0,139.0,134.0,135.0,302800,0.0,0.0,BCIC,2026-03-11
135.0,138.0,120.0,134.0,1791900,0.0,0.0,BCIC,2026-03-12
127.0,135.0,119.0,126.0,1497000,0.0,0.0,BCIC,2026-03-13
126.0,126.0,113.0,125.0,253800,0.0,0.0,BCIC,2026-03-16
122.0,127.0,121.0,123.0,219500,0.0,0.0,BCIC,2026-03-17
120.0,130.0,119.0,123.0,289700,0.0,0.0,BCIC,2026-03-25
124.0,130.0,123.0,128.0,253900,0.0,0.0,BCIC,2026-03-26
129.0,131.0,121.0,131.0,258100,0.0,0.0,BCIC,2026-03-27
132.0,132.0,120.0,131.0,1216300,0.0,0.0,BCIC,2026-03-30
129.0,131.0,126.0,130.0,177500,0.0,0.0,BCIC,2026-03-31
129.0,145.0,121.0,129.0,3829800,0.0,0.0,BCIC,2026-04-01
124.0,128.0,123.0,128.0,494400,0.0,0.0,BCIC,2026-04-02
128.0,129.0,122.0,126.0,525000,0.0,0.0,BCIC,2026-04-06
126.0,132.0,122.0,125.0,483700,0.0,0.0,BCIC,2026-04-07
125.0,129.0,122.0,126.0,235700,0.0,0.0,BCIC,2026-04-08
126.0,129.0,124.0,124.0,169700,0.0,0.0,BCIC,2026-04-09
127.0,127.0,123.0,125.0,391600,0.0,0.0,BCIC,2026-04-10
125.0,130.0,124.0,128.0,402300,0.0,0.0,BCIC,2026-04-13
128.0,128.0,125.0,127.0,249000,0.0,0.0,BCIC,2026-04-14
127.0,130.0,126.0,128.0,538600,0.0,0.0,BCIC,2026-04-15
130.0,132.0,126.0,127.0,523000,0.0,0.0,BCIC,2026-04-16
127.0,140.0,127.0,131.0,632700,0.0,0.0,BCIC,2026-04-17
130.0,131.0,125.0,128.0,640400,0.0,0.0,BCIC,2026-04-20
126.0,129.0,125.0,129.0,364000,0.0,0.0,BCIC,2026-04-21
128.0,132.0,126.0,131.0,309200,0.0,0.0,BCIC,2026-04-22
131.0,132.0,128.0,129.0,203000,0.0,0.0,BCIC,2026-04-23
129.0,130.0,122.0,123.0,338600,0.0,0.0,BCIC,2026-04-24
123.0,133.0,123.0,130.0,554100,0.0,0.0,BCIC,2026-04-27
130.0,130.0,127.0,128.0,132500,0.0,0.0,BCIC,2026-04-28
129.0,129.0,127.0,128.0,152900,0.0,0.0,BCIC,2026-04-29
129.0,129.0,126.0,128.0,187400,0.0,0.0,BCIC,2026-04-30
128.0,129.0,123.0,127.0,586900,0.0,0.0,BCIC,2026-05-04
127.0,130.0,126.0,129.0,441900,0.0,0.0,BCIC,2026-05-05
129.0,132.0,128.0,129.0,169100,0.0,0.0,BCIC,2026-05-06
129.0,132.0,127.0,127.0,347800,0.0,0.0,BCIC,2026-05-07
128.0,130.0,127.0,127.0,110200,0.0,0.0,BCIC,2026-05-08
128.0,131.0,123.0,128.0,172900,0.0,0.0,BCIC,2026-05-11
131.0,131.0,124.0,125.0,224000,0.0,0.0,BCIC,2026-05-12
128.0,129.0,125.0,126.0,146200,0.0,0.0,BCIC,2026-05-13
126.0,126.0,126.0,126.0,0,0.0,0.0,BCIC,2026-05-14
126.0,126.0,126.0,126.0,0,0.0,0.0,BCIC,2026-05-15
126.0,126.0,121.0,121.0,242600,0.0,0.0,BCIC,2026-05-18
124.0,155.0,120.0,122.0,4897400,0.0,0.0,BCIC,2026-05-19
120.0,126.0,114.0,116.0,424700,0.0,0.0,BCIC,2026-05-20
116.0,122.0,110.0,115.0,425000,0.0,0.0,BCIC,2026-05-21
113.0,115.0,105.0,115.0,270200,0.0,0.0,BCIC,2026-05-22
115.0,120.0,114.0,118.0,143200,0.0,0.0,BCIC,2026-05-25
120.0,144.0,116.0,118.0,3244400,0.0,0.0,BCIC,2026-05-26
118.0,118.0,118.0,118.0,0,0.0,0.0,BCIC,2026-05-27
118.0,118.0,118.0,118.0,0,0.0,0.0,BCIC,2026-05-28
118.0,126.0,113.0,116.0,449300,0.0,0.0,BCIC,2026-05-29
119.0,123.0,116.0,122.0,141200,0.0,0.0,BCIC,2026-06-02
122.0,123.0,115.0,123.0,162800,0.0,0.0,BCIC,2026-06-03
122.0,122.0,105.0,105.0,1847000,0.0,0.0,BCIC,2026-06-04
106.0,110.0,90.0,90.0,4170000,0.0,0.0,BCIC,2026-06-05
91.0,95.0,78.0,78.0,1270400,0.0,0.0,BCIC,2026-06-08
88.0,105.0,83.0,92.0,2295500,0.0,0.0,BCIC,2026-06-09
92.0,97.0,87.0,92.0,910200,0.0,0.0,BCIC,2026-06-10
98.0,98.0,88.0,93.0,580200,0.0,0.0,BCIC,2026-06-11
93.0,110.0,93.0,110.0,385900,0.0,0.0,BCIC,2026-06-12
110.0,110.0,96.0,100.0,1518600,0.0,0.0,BCIC,2026-06-15
108.0,135.0,99.0,135.0,10963400,0.0,0.0,BCIC,2026-06-17
142.0,176.0,115.0,116.0,65260400,0.0,0.0,BCIC,2026-06-18
119.0,155.0,118.0,145.0,46837100,0.0,0.0,BCIC,2026-06-19
149.0,173.0,135.0,139.0,20415900,0.0,0.0,BCIC,2026-06-22
141.0,174.0,129.0,152.0,41069000,0.0,0.0,BCIC,2026-06-23
155.0,158.0,135.0,139.0,7375400,0.0,0.0,BCIC,2026-06-24
139.0,152.0,126.0,138.0,9104900,0.0,0.0,BCIC,2026-06-25
138.0,139.0,129.0,131.0,2733000,0.0,0.0,BCIC,2026-06-26
131.0,134.0,125.0,128.0,1693700,0.0,0.0,BCIC,2026-06-29
128.0,128.0,110.0,111.0,4436100,0.0,0.0,BCIC,2026-06-30
111.0,126.0,110.0,117.0,3785800,0.0,0.0,BCIC,2026-07-01
117.0,121.0,115.0,118.0,1163300,0.0,0.0,BCIC,2026-07-02
120.0,134.0,117.0,121.0,5683400,0.0,0.0,BCIC,2026-07-03
125.0,125.0,117.0,120.0,1102200,0.0,0.0,BCIC,2026-07-06
120.0,127.0,118.0,120.0,1418500,0.0,0.0,BCIC,2026-07-07
122.0,122.0,115.0,119.0,1527300,0.0,0.0,BCIC,2026-07-08
118.0,118.0,116.0,117.0,621800,0.0,0.0,BCIC,2026-07-09
117.0,119.0,116.0,116.0,437100,0.0,0.0,BCIC,2026-07-10
117.0,118.0,115.0,117.0,789000,0.0,0.0,BCIC,2026-07-13
116.0,120.0,112.0,116.0,1321000,0.0,0.0,BCIC,2026-07-14
118.0,138.0,114.0,126.0,13966500,0.0,0.0,BCIC,2026-07-15
125.0,125.0,121.0,125.0,1290700,0.0,0.0,BCIC,2026-07-16
125.0,133.0,121.0,127.0,6170000,0.0,0.0,BCIC,2026-07-17
128.0,131.0,122.0,125.0,2903600,0.0,0.0,BCIC,2026-07-20
126.0,127.0,121.0,124.0,1657000,0.0,0.0,BCIC,2026-07-21
125.0,127.0,116.0,124.0,2925400,0.0,0.0,BCIC,2026-07-22
124.0,127.0,121.0,122.0,1698400,0.0,0.0,BCIC,2026-07-23
122.0,150.0,118.0,127.0,51177800,0.0,0.0,BCIC,2026-07-24
129.0,130.0,122.0,125.0,3593700,0.0,0.0,BCIC,2026-07-27
126.0,143.0,122.0,128.0,17134100,0.0,0.0,BCIC,2026-07-28
132.0,132.0,124.0,125.0,1592100,0.0,0.0,BCIC,2026-07-29
128.0,130.0,123.0,125.0,2516300,0.0,0.0,BCIC,2026-07-30
126.0,127.0,124.0,126.0,849900,0.0,0.0,BCIC,2026-07-31
126.0,129.0,124.0,128.0,1822400,0.0,0.0,BCIC,2026-08-03
125.0,128.0,125.0,127.0,1795300,0.0,0.0,BCIC,2026-08-04
126.0,131.0,125.0,127.0,745800,0.0,0.0,BCIC,2026-08-05
127.0,128.0,126.0,127.0,774000,0.0,0.0,BCIC,2026-08-06
129.0,129.0,125.0,126.0,523400,0.0,0.0,BCIC,2026-08-07
128.0,138.0,127.0,129.0,3607800,0.0,0.0,BCIC,2026-08-10
129.0,133.0,125.0,127.0,883100,0.0,0.0,BCIC,2026-08-11
127.0,138.0,127.0,130.0,3236000,0.0,0.0,BCIC,2026-08-12
135.0,144.0,128.0,130.0,4664600,0.0,0.0,BCIC,2026-08-13
130.0,132.0,126.0,128.0,724200,0.0,0.0,BCIC,2026-08-14
128.0,136.0,127.0,131.0,846500,0.0,0.0,BCIC,2026-08-18
131.0,131.0,127.0,129.0,371400,0.0,0.0,BCIC,2026-08-19
130.0,131.0,127.0,130.0,730400,0.0,0.0,BCIC,2026-08-20
130.0,131.0,128.0,130.0,419400,0.0,0.0,BCIC,2026-08-21
130.0,130.0,124.0,130.0,846200,0.0,0.0,BCIC,2026-08-24
130.0,131.0,126.0,128.0,1348000,0.0,0.0,BCIC,2026-08-26
128.0,130.0,126.0,128.0,508800,0.0,0.0,BCIC,2026-08-27
128.0,151.0,127.0,135.0,10881800,0.0,0.0,BCIC,2026-08-28
136.0,140.0,135.0,137.0,1620800,0.0,0.0,BCIC,2026-08-31
137.0,141.0,135.0,141.0,1730400,0.0,0.0,BCIC,2026-09-01
140.0,140.0,136.0,136.0,513300,0.0,0.0,BCIC,2026-09-02
140.0,140.0,134.0,138.0,943100,0.0,0.0,BCIC,2026-09-03
139.0,139.0,134.0,134.0,757700,0.0,0.0,BCIC,2026-09-04
139.0,141.0,130.0,135.0,920300,0.0,0.0,BCIC,2026-09-07
132.0,137.0,132.0,134.0,271400,0.0,0.0,BCIC,2026-09-08
132.0,137.0,125.0,131.0,1048000,0.0,0.0,BCIC,2026-09-09
132.0,133.0,130.0,132.0,200400,0.0,0.0,BCIC,2026-09-10
130.0,131.0,128.0,131.0,479600,0.0,0.0,BCIC,2026-09-11
130.0,134.0,126.0,132.0,218400,0.0,0.0,BCIC,2026-09-14
132.0,132.0,128.0,128.0,212500,0.0,0.0,BCIC,2026-09-15
131.0,139.0,128.0,138.0,1326700,0.0,0.0,BCIC,2026-09-16
138.0,139.0,134.0,134.0,526400,0.0,0.0,BCIC,2026-09-17
135.0,136.0,133.0,135.0,596000,0.0,0.0,BCIC,2026-09-18
135.0,142.0,135.0,140.0,2129600,0.0,0.0,BCIC,2026-09-21
188.0,189.0,181.0,183.0,579700,0.0,0.0,URBN,2025-12-01
185.0,186.0,178.0,183.0,577100,0.0,0.0,URBN,2025-12-02
186.0,189.0,180.0,186.0,353900,0.0,0.0,URBN,2025-12-03
190.0,234.0,184.0,198.0,7166200,0.0,0.0,URBN,2025-12-04
202.0,212.0,194.0,199.0,2206100,0.0,0.0,URBN,2025-12-05
199.0,206.0,190.0,197.0,1905300,0.0,0.0,URBN,2025-12-08
200.0,202.0,190.0,191.0,1349200,0.0,0.0,URBN,2025-12-09
191.0,194.0,188.0,189.0,421900,0.0,0.0,URBN,2025-12-10
190.0,196.0,188.0,190.0,418200,0.0,0.0,URBN,2025-12-11
195.0,195.0,186.0,187.0,351800,0.0,0.0,URBN,2025-12-12
189.0,195.0,188.0,189.0,447700,0.0,0.0,URBN,2025-12-15
191.0,220.0,189.0,210.0,5512300,0.0,0.0,URBN,2025-12-16
232.0,246.0,186.0,238.0,11496500,0.0,0.0,URBN,2025-12-17
238.0,290.0,210.0,288.0,24394200,0.0,0.0,URBN,2025-12-18
288.0,288.0,248.0,256.0,6087000,0.0,0.0,URBN,2025-12-19
248.0,262.0,236.0,242.0,2069400,0.0,0.0,URBN,2025-12-22
242.0,242.0,220.0,228.0,1779300,0.0,0.0,URBN,2025-12-23
228.0,228.0,200.0,202.0,4076800,0.0,0.0,URBN,2025-12-24
208.0,208.0,196.0,202.0,1237200,0.0,0.0,URBN,2025-12-29
202.0,216.0,200.0,204.0,738600,0.0,0.0,URBN,2025-12-30
196.0,212.0,196.0,202.0,1014300,0.0,0.0,URBN,2026-01-02
204.0,204.0,194.0,197.0,1246000,0.0,0.0,URBN,2026-01-05
198.0,208.0,197.0,206.0,1288400,0.0,0.0,URBN,2026-01-06
208.0,208.0,200.0,206.0,505800,0.0,0.0,URBN,2026-01-07
206.0,210.0,200.0,206.0,1284300,0.0,0.0,URBN,2026-01-08
206.0,210.0,190.0,204.0,1166400,0.0,0.0,URBN,2026-01-09
200.0,218.0,200.0,212.0,1901700,0.0,0.0,URBN,2026-01-12
212.0,248.0,204.0,226.0,6346600,0.0,0.0,URBN,2026-01-13
226.0,228.0,212.0,220.0,1169700,0.0,0.0,URBN,2026-01-14
224.0,224.0,210.0,214.0,585100,0.0,0.0,URBN,2026-01-15
214.0,218.0,202.0,212.0,644400,0.0,0.0,URBN,2026-01-19
214.0,218.0,208.0,216.0,566700,0.0,0.0,URBN,2026-01-20
216.0,216.0,206.0,214.0,351900,0.0,0.0,URBN,2026-01-21
210.0,226.0,206.0,216.0,513100,0.0,0.0,URBN,2026-01-22
210.0,224.0,208.0,220.0,848200,0.0,0.0,URBN,2026-01-23
222.0,230.0,191.0,206.0,1299200,0.0,0.0,URBN,2026-01-26
204.0,210.0,200.0,200.0,464100,0.0,0.0,URBN,2026-01-27
208.0,242.0,172.0,183.0,6117200,0.0,0.0,URBN,2026-01-28
179.0,183.0,160.0,183.0,830100,0.0,0.0,URBN,2026-01-29
186.0,200.0,183.0,189.0,421100,0.0,0.0,URBN,2026-01-30
189.0,190.0,161.0,169.0,530400,0.0,0.0,URBN,2026-02-02
160.0,185.0,160.0,176.0,172900,0.0,0.0,URBN,2026-02-03
176.0,200.0,176.0,189.0,759500,0.0,0.0,URBN,2026-02-04
189.0,200.0,180.0,183.0,615500,0.0,0.0,URBN,2026-02-05
188.0,195.0,182.0,183.0,379900,0.0,0.0,URBN,2026-02-06
183.0,185.0,180.0,183.0,270800,0.0,0.0,URBN,2026-02-09
181.0,188.0,180.0,183.0,420200,0.0,0.0,URBN,2026-02-10
182.0,188.0,180.0,184.0,128800,0.0,0.0,URBN,2026-02-11
188.0,188.0,180.0,182.0,69100,0.0,0.0,URBN,2026-02-12
184.0,187.0,181.0,181.0,275600,0.0,0.0,URBN,2026-02-13
181.0,182.0,177.0,178.0,331300,0.0,0.0,URBN,2026-02-18
177.0,183.0,171.0,179.0,397700,0.0,0.0,URBN,2026-02-19
174.0,240.0,174.0,193.0,37412100,0.0,0.0,URBN,2026-02-20
194.0,208.0,188.0,202.0,3321400,0.0,0.0,URBN,2026-02-23
200.0,208.0,192.0,200.0,1362900,0.0,0.0,URBN,2026-02-24
198.0,199.0,190.0,192.0,1251100,0.0,0.0,URBN,2026-02-25
192.0,195.0,190.0,194.0,748800,0.0,0.0,URBN,2026-02-26
194.0,194.0,187.0,191.0,478800,0.0,0.0,URBN,2026-02-27
182.0,185.0,168.0,175.0,975400,0.0,0.0,URBN,2026-03-02
169.0,178.0,169.0,175.0,186700,0.0,0.0,URBN,2026-03-03
179.0,179.0,162.0,167.0,519500,0.0,0.0,URBN,2026-03-04
169.0,180.0,169.0,170.0,114100,0.0,0.0,URBN,2026-03-05
178.0,178.0,160.0,170.0,330400,0.0,0.0,URBN,2026-03-06
161.0,167.0,146.0,150.0,288700,0.0,0.0,URBN,2026-03-09
150.0,166.0,145.0,159.0,359400,0.0,0.0,URBN,2026-03-10
159.0,166.0,155.0,166.0,233900,0.0,0.0,URBN,2026-03-11
166.0,168.0,160.0,160.0,95800,0.0,0.0,URBN,2026-03-12
160.0,160.0,137.0,147.0,211400,0.0,0.0,URBN,2026-03-13
140.0,149.0,140.0,143.0,184300,0.0,0.0,URBN,2026-03-16
143.0,167.0,143.0,156.0,120100,0.0,0.0,URBN,2026-03-17
156.0,160.0,141.0,154.0,87400,0.0,0.0,URBN,2026-03-25
154.0,169.0,146.0,154.0,61500,0.0,0.0,URBN,2026-03-26
154.0,164.0,154.0,158.0,16400,0.0,0.0,URBN,2026-03-27
150.0,157.0,143.0,147.0,105700,0.0,0.0,URBN,2026-03-30
147.0,162.0,147.0,152.0,221200,0.0,0.0,URBN,2026-03-31
147.0,152.0,145.0,152.0,95700,0.0,0.0,URBN,2026-04-01
145.0,152.0,145.0,150.0,13500,0.0,0.0,URBN,2026-04-02
137.0,150.0,137.0,144.0,122300,0.0,0.0,URBN,2026-04-06
144.0,168.0,137.0,164.0,1172000,0.0,0.0,URBN,2026-04-07
169.0,206.0,167.0,184.0,3468700,0.0,0.0,URBN,2026-04-08
184.0,190.0,169.0,185.0,851700,0.0,0.0,URBN,2026-04-09
185.0,197.0,181.0,194.0,909400,0.0,0.0,URBN,2026-04-10
200.0,200.0,189.0,191.0,826700,0.0,0.0,URBN,2026-04-13
189.0,196.0,184.0,193.0,965200,0.0,0.0,URBN,2026-04-14
191.0,193.0,185.0,189.0,775400,0.0,0.0,URBN,2026-04-15
191.0,192.0,186.0,192.0,217000,0.0,0.0,URBN,2026-04-16
192.0,192.0,187.0,190.0,631500,0.0,0.0,URBN,2026-04-17
187.0,197.0,185.0,188.0,324100,0.0,0.0,URBN,2026-04-20
185.0,197.0,185.0,191.0,215300,0.0,0.0,URBN,2026-04-21
191.0,195.0,188.0,195.0,292400,0.0,0.0,URBN,2026-04-22
196.0,198.0,188.0,195.0,696400,0.0,0.0,URBN,2026-04-23
195.0,197.0,184.0,185.0,729200,0.0,0.0,URBN,2026-04-24
185.0,189.0,184.0,186.0,130000,0.0,0.0,URBN,2026-04-27
186.0,206.0,186.0,202.0,3703100,0.0,0.0,URBN,2026-04-28
206.0,220.0,204.0,218.0,3726500,0.0,0.0,URBN,2026-04-29
218.0,230.0,218.0,230.0,2434100,0.0,0.0,URBN,2026-04-30
248.0,252.0,248.0,252.0,3411800,0.0,0.0,URBN,2026-05-04
276.0,276.0,228.0,228.0,2104700,0.0,0.0,URBN,2026-05-05
206.0,206.0,206.0,206.0,1788900,0.0,0.0,URBN,2026-05-06
198.0,212.0,198.0,212.0,1164200,0.0,0.0,URBN,2026-05-07
232.0,232.0,232.0,232.0,1758700,0.0,0.0,URBN,2026-05-08
212.0,230.0,212.0,212.0,621400,0.0,0.0,URBN,2026-05-11
230.0,230.0,200.0,212.0,325600,0.0,0.0,URBN,2026-05-12
202.0,218.0,202.0,206.0,202700,0.0,0.0,URBN,2026-05-13
206.0,206.0,206.0,206.0,0,0.0,0.0,URBN,2026-05-14
206.0,206.0,206.0,206.0,0,0.0,0.0,URBN,2026-05-15
200.0,204.0,200.0,204.0,163700,0.0,0.0,URBN,2026-05-18
208.0,216.0,208.0,214.0,152300,0.0,0.0,URBN,2026-05-19
214.0,214.0,206.0,206.0,186500,0.0,0.0,URBN,2026-05-20
206.0,206.0,197.0,197.0,506600,0.0,0.0,URBN,2026-05-21
195.0,197.0,195.0,197.0,201500,0.0,0.0,URBN,2026-05-22
197.0,198.0,192.0,192.0,302300,0.0,0.0,URBN,2026-05-25
192.0,208.0,192.0,204.0,51500,0.0,0.0,URBN,2026-05-26
204.0,204.0,204.0,204.0,0,0.0,0.0,URBN,2026-05-27
204.0,204.0,204.0,204.0,0,0.0,0.0,URBN,2026-05-28
204.0,204.0,200.0,200.0,54400,0.0,0.0,URBN,2026-05-29
195.0,196.0,195.0,195.0,288000,0.0,0.0,URBN,2026-06-02
178.0,180.0,178.0,180.0,226700,0.0,0.0,URBN,2026-06-03
162.0,180.0,162.0,180.0,163900,0.0,0.0,URBN,2026-06-04
180.0,194.0,180.0,180.0,89400,0.0,0.0,URBN,2026-06-05
180.0,180.0,165.0,175.0,137000,0.0,0.0,URBN,2026-06-08
175.0,188.0,175.0,188.0,141700,0.0,0.0,URBN,2026-06-09
188.0,190.0,184.0,184.0,123400,0.0,0.0,URBN,2026-06-10
190.0,200.0,190.0,200.0,39200,0.0,0.0,URBN,2026-06-11
200.0,202.0,200.0,202.0,36300,0.0,0.0,URBN,2026-06-12
200.0,200.0,200.0,200.0,143200,0.0,0.0,URBN,2026-06-15
200.0,200.0,195.0,195.0,44400,0.0,0.0,URBN,2026-06-17
198.0,198.0,185.0,190.0,136100,0.0,0.0,URBN,2026-06-18
202.0,204.0,202.0,204.0,384300,0.0,0.0,URBN,2026-06-19
204.0,204.0,194.0,204.0,357100,0.0,0.0,URBN,2026-06-22
224.0,224.0,204.0,204.0,589800,0.0,0.0,URBN,2026-06-23
212.0,212.0,195.0,195.0,459000,0.0,0.0,URBN,2026-06-24
200.0,200.0,200.0,200.0,338800,0.0,0.0,URBN,2026-06-25
210.0,210.0,192.0,204.0,73300,0.0,0.0,URBN,2026-06-26
218.0,218.0,204.0,204.0,96300,0.0,0.0,URBN,2026-06-29
206.0,210.0,206.0,208.0,211600,0.0,0.0,URBN,2026-06-30
208.0,210.0,208.0,210.0,71500,0.0,0.0,URBN,2026-07-01
210.0,210.0,206.0,208.0,124000,0.0,0.0,URBN,2026-07-02
220.0,220.0,212.0,214.0,186700,0.0,0.0,URBN,2026-07-03
212.0,214.0,200.0,200.0,216100,0.0,0.0,URBN,2026-07-06
220.0,220.0,216.0,216.0,239100,0.0,0.0,URBN,2026-07-07
218.0,218.0,218.0,218.0,157900,0.0,0.0,URBN,2026-07-08
218.0,218.0,216.0,216.0,60200,0.0,0.0,URBN,2026-07-09
218.0,218.0,212.0,212.0,34000,0.0,0.0,URBN,2026-07-10
220.0,220.0,218.0,218.0,344400,0.0,0.0,URBN,2026-07-13
236.0,236.0,230.0,230.0,256700,0.0,0.0,URBN,2026-07-14
230.0,230.0,228.0,228.0,712600,0.0,0.0,URBN,2026-07-15
228.0,238.0,228.0,238.0,683500,0.0,0.0,URBN,2026-07-16
238.0,238.0,238.0,238.0,228300,0.0,0.0,URBN,2026-07-17
220.0,234.0,220.0,228.0,131300,0.0,0.0,URBN,2026-07-20
228.0,228.0,228.0,228.0,220300,0.0,0.0,URBN,2026-07-21
228.0,228.0,226.0,226.0,41800,0.0,0.0,URBN,2026-07-22
236.0,236.0,226.0,226.0,36200,0.0,0.0,URBN,2026-07-23
222.0,226.0,222.0,222.0,128200,0.0,0.0,URBN,2026-07-24
222.0,222.0,222.0,222.0,347600,0.0,0.0,URBN,2026-07-27
222.0,222.0,214.0,214.0,109700,0.0,0.0,URBN,2026-07-28
214.0,214.0,202.0,204.0,154600,0.0,0.0,URBN,2026-07-29
206.0,208.0,206.0,208.0,38000,0.0,0.0,URBN,2026-07-30
208.0,208.0,206.0,206.0,118900,0.0,0.0,URBN,2026-07-31
206.0,210.0,206.0,208.0,587000,0.0,0.0,URBN,2026-08-03
210.0,210.0,210.0,210.0,135400,0.0,0.0,URBN,2026-08-04
214.0,214.0,208.0,208.0,293200,0.0,0.0,URBN,2026-08-05
210.0,212.0,210.0,212.0,100700,0.0,0.0,URBN,2026-08-06
208.0,210.0,208.0,208.0,155800,0.0,0.0,URBN,2026-08-07
210.0,210.0,208.0,210.0,141200,0.0,0.0,URBN,2026-08-10
210.0,218.0,210.0,218.0,1200,0.0,0.0,URBN,2026-08-11
218.0,218.0,216.0,216.0,117800,0.0,0.0,URBN,2026-08-12
216.0,216.0,208.0,214.0,56100,0.0,0.0,URBN,2026-08-13
212.0,212.0,210.0,210.0,116500,0.0,0.0,URBN,2026-08-14
210.0,210.0,210.0,210.0,179600,0.0,0.0,URBN,2026-08-18
210.0,210.0,210.0,210.0,40200,0.0,0.0,URBN,2026-08-19
210.0,210.0,193.0,202.0,200800,0.0,0.0,URBN,2026-08-20
202.0,220.0,202.0,220.0,210000,0.0,0.0,URBN,2026-08-21
214.0,220.0,210.0,216.0,141300,0.0,0.0,URBN,2026-08-24
216.0,216.0,216.0,216.0,127500,0.0,0.0,URBN,2026-08-26
216.0,218.0,212.0,214.0,65200,0.0,0.0,URBN,2026-08-27
216.0,216.0,214.0,214.0,91600,0.0,0.0,URBN,2026-08-28
222.0,222.0,210.0,218.0,59900,0.0,0.0,URBN,2026-08-31
222.0,222.0,218.0,222.0,428300,0.0,0.0,URBN,2026-09-01
228.0,230.0,228.0,230.0,173900,0.0,0.0,URBN,2026-09-02
230.0,238.0,210.0,230.0,199700,0.0,0.0,URBN,2026-09-03
220.0,226.0,220.0,226.0,89700,0.0,0.0,URBN,2026-09-04
226.0,226.0,226.0,226.0,50100,0.0,0.0,URBN,2026-09-07
228.0,228.0,222.0,222.0,36900,0.0,0.0,URBN,2026-09-08
216.0,226.0,206.0,224.0,142500,0.0,0.0,URBN,2026-09-09
224.0,224.0,222.0,222.0,93900,0.0,0.0,URBN,2026-09-10
222.0,222.0,218.0,218.0,90400,0.0,0.0,URBN,2026-09-11
218.0,218.0,218.0,218.0,188200,0.0,0.0,URBN,2026-09-14
218.0,218.0,214.0,218.0,64200,0.0,0.0,URBN,2026-09-15
218.0,228.0,216.0,228.0,195100,0.0,0.0,URBN,2026-09-16
228.0,228.0,228.0,228.0,352700,0.0,0.0,URBN,2026-09-17
228.0,230.0,228.0,230.0,236000,0.0,0.0,URBN,2026-09-18
232.0,252.0,232.0,252.0,896100,0.0,0.0,URBN,2026-09-21
154.0,154.0,147.0,149.0,260000,0.0,0.0,VINS,2025-12-01
149.0,152.0,149.0,149.0,295900,0.0,0.0,VINS,2025-12-02
150.0,150.0,148.0,149.0,172500,0.0,0.0,VINS,2025-12-03
149.0,156.0,148.0,149.0,300400,0.0,0.0,VINS,2025-12-04
156.0,162.0,152.0,154.0,6862000,0.0,0.0,VINS,2025-12-05
158.0,161.0,153.0,154.0,3254700,0.0,0.0,VINS,2025-12-08
154.0,159.0,150.0,152.0,1068300,0.0,0.0,VINS,2025-12-09
153.0,157.0,150.0,151.0,932000,0.0,0.0,VINS,2025-12-10
152.0,155.0,149.0,149.0,505700,0.0,0.0,VINS,2025-12-11
149.0,165.0,149.0,158.0,7767200,0.0,0.0,VINS,2025-12-12
179.0,212.0,178.0,212.0,26326700,0.0,0.0,VINS,2025-12-15
238.0,262.0,181.0,181.0,35084900,0.0,0.0,VINS,2025-12-16
180.0,184.0,173.0,181.0,2848900,0.0,0.0,VINS,2025-12-17
181.0,183.0,176.0,180.0,1661100,0.0,0.0,VINS,2025-12-18
177.0,181.0,165.0,165.0,2108900,0.0,0.0,VINS,2025-12-19
165.0,169.0,155.0,155.0,1592200,0.0,0.0,VINS,2025-12-22
157.0,177.0,156.0,162.0,1318700,0.0,0.0,VINS,2025-12-23
162.0,167.0,155.0,157.0,1488000,0.0,0.0,VINS,2025-12-24
157.0,206.0,157.0,166.0,18996400,0.0,0.0,VINS,2025-12-29
167.0,176.0,165.0,165.0,3817300,0.0,0.0,VINS,2025-12-30
171.0,176.0,165.0,173.0,2095600,0.0,0.0,VINS,2026-01-02
175.0,232.0,175.0,232.0,27780100,0.0,0.0,VINS,2026-01-05
234.0,290.0,234.0,260.0,33645500,0.0,0.0,VINS,2026-01-06
262.0,270.0,228.0,250.0,9823500,0.0,0.0,VINS,2026-01-07
258.0,262.0,228.0,238.0,8906600,0.0,0.0,VINS,2026-01-08
240.0,248.0,230.0,238.0,2487500,0.0,0.0,VINS,2026-01-09
238.0,238.0,206.0,216.0,5495400,0.0,0.0,VINS,2026-01-12
218.0,222.0,214.0,220.0,1158100,0.0,0.0,VINS,2026-01-13
222.0,222.0,214.0,218.0,1321800,0.0,0.0,VINS,2026-01-14
220.0,222.0,208.0,216.0,653800,0.0,0.0,VINS,2026-01-15
216.0,220.0,210.0,216.0,994000,0.0,0.0,VINS,2026-01-19
210.0,216.0,210.0,214.0,512100,0.0,0.0,VINS,2026-01-20
214.0,214.0,202.0,208.0,493400,0.0,0.0,VINS,2026-01-21
222.0,242.0,208.0,212.0,7766400,0.0,0.0,VINS,2026-01-22
212.0,228.0,208.0,214.0,760200,0.0,0.0,VINS,2026-01-23
214.0,218.0,200.0,216.0,1292200,0.0,0.0,VINS,2026-01-26
218.0,218.0,210.0,214.0,209200,0.0,0.0,VINS,2026-01-27
210.0,212.0,182.0,182.0,2095200,0.0,0.0,VINS,2026-01-28
185.0,238.0,185.0,204.0,19510200,0.0,0.0,VINS,2026-01-29
204.0,238.0,190.0,202.0,11214400,0.0,0.0,VINS,2026-01-30
200.0,208.0,191.0,196.0,3013100,0.0,0.0,VINS,2026-02-02
192.0,204.0,168.0,200.0,1341400,0.0,0.0,VINS,2026-02-03
196.0,200.0,191.0,193.0,386800,0.0,0.0,VINS,2026-02-04
193.0,202.0,193.0,195.0,719900,0.0,0.0,VINS,2026-02-05
197.0,230.0,195.0,206.0,12962300,0.0,0.0,VINS,2026-02-06
208.0,212.0,192.0,196.0,2186900,0.0,0.0,VINS,2026-02-09
196.0,200.0,193.0,197.0,747400,0.0,0.0,VINS,2026-02-10
197.0,214.0,194.0,198.0,3309900,0.0,0.0,VINS,2026-02-11
202.0,202.0,193.0,196.0,941500,0.0,0.0,VINS,2026-02-12
196.0,210.0,195.0,197.0,1291300,0.0,0.0,VINS,2026-02-13
197.0,202.0,193.0,198.0,660400,0.0,0.0,VINS,2026-02-18
195.0,206.0,194.0,197.0,888800,0.0,0.0,VINS,2026-02-19
200.0,216.0,197.0,197.0,5273400,0.0,0.0,VINS,2026-02-20
198.0,208.0,195.0,204.0,1850500,0.0,0.0,VINS,2026-02-23
206.0,212.0,202.0,204.0,2144600,0.0,0.0,VINS,2026-02-24
204.0,214.0,195.0,206.0,2804500,0.0,0.0,VINS,2026-02-25
210.0,212.0,197.0,197.0,1183600,0.0,0.0,VINS,2026-02-26
195.0,202.0,193.0,196.0,870100,0.0,0.0,VINS,2026-02-27
193.0,193.0,175.0,185.0,1960500,0.0,0.0,VINS,2026-03-02
185.0,190.0,181.0,182.0,222300,0.0,0.0,VINS,2026-03-03
190.0,190.0,166.0,166.0,413000,0.0,0.0,VINS,2026-03-04
188.0,188.0,167.0,172.0,469800,0.0,0.0,VINS,2026-03-05
185.0,185.0,157.0,163.0,734600,0.0,0.0,VINS,2026-03-06
164.0,164.0,150.0,151.0,235100,0.0,0.0,VINS,2026-03-09
154.0,164.0,153.0,161.0,110500,0.0,0.0,VINS,2026-03-10
161.0,172.0,158.0,162.0,162200,0.0,0.0,VINS,2026-03-11
165.0,173.0,152.0,154.0,156400,0.0,0.0,VINS,2026-03-12
161.0,167.0,151.0,151.0,211100,0.0,0.0,VINS,2026-03-13
152.0,182.0,152.0,157.0,1143800,0.0,0.0,VINS,2026-03-16
157.0,165.0,153.0,156.0,215400,0.0,0.0,VINS,2026-03-17
153.0,174.0,150.0,159.0,310800,0.0,0.0,VINS,2026-03-25
177.0,182.0,163.0,166.0,425500,0.0,0.0,VINS,2026-03-26
158.0,170.0,158.0,163.0,44000,0.0,0.0,VINS,2026-03-27
170.0,170.0,160.0,160.0,64300,0.0,0.0,VINS,2026-03-30
160.0,166.0,156.0,160.0,21000,0.0,0.0,VINS,2026-03-31
160.0,175.0,151.0,163.0,212300,0.0,0.0,VINS,2026-04-01
162.0,165.0,155.0,160.0,51200,0.0,0.0,VINS,2026-04-02
159.0,169.0,155.0,163.0,226800,0.0,0.0,VINS,2026-04-06
168.0,181.0,160.0,162.0,136700,0.0,0.0,VINS,2026-04-07
162.0,172.0,160.0,168.0,112100,0.0,0.0,VINS,2026-04-08
162.0,170.0,161.0,165.0,21200,0.0,0.0,VINS,2026-04-09
165.0,181.0,165.0,167.0,302200,0.0,0.0,VINS,2026-04-10
166.0,188.0,153.0,172.0,1122000,0.0,0.0,VINS,2026-04-13
173.0,183.0,169.0,171.0,164200,0.0,0.0,VINS,2026-04-14
171.0,181.0,166.0,174.0,488700,0.0,0.0,VINS,2026-04-15
170.0,177.0,170.0,173.0,562500,0.0,0.0,VINS,2026-04-16
170.0,170.0,162.0,167.0,269500,0.0,0.0,VINS,2026-04-17
167.0,182.0,165.0,172.0,1352500,0.0,0.0,VINS,2026-04-20
172.0,172.0,165.0,170.0,296700,0.0,0.0,VINS,2026-04-21
177.0,178.0,170.0,170.0,346800,0.0,0.0,VINS,2026-04-22
171.0,172.0,160.0,166.0,465200,0.0,0.0,VINS,2026-04-23
166.0,169.0,151.0,158.0,229900,0.0,0.0,VINS,2026-04-24
158.0,164.0,150.0,161.0,241600,0.0,0.0,VINS,2026-04-27
158.0,161.0,156.0,158.0,29100,0.0,0.0,VINS,2026-04-28
158.0,185.0,157.0,173.0,2096000,0.0,0.0,VINS,2026-04-29
173.0,173.0,162.0,167.0,310300,0.0,0.0,VINS,2026-04-30
168.0,172.0,162.0,167.0,691800,0.0,0.0,VINS,2026-05-04
169.0,170.0,157.0,166.0,397300,0.0,0.0,VINS,2026-05-05
167.0,180.0,161.0,170.0,1379700,0.0,0.0,VINS,2026-05-06
176.0,176.0,167.0,168.0,328200,0.0,0.0,VINS,2026-05-07
173.0,173.0,165.0,165.0,98400,0.0,0.0,VINS,2026-05-08
168.0,168.0,161.0,161.0,440600,0.0,0.0,VINS,2026-05-11
160.0,167.0,160.0,160.0,498400,0.0,0.0,VINS,2026-05-12
160.0,166.0,158.0,162.0,92500,0.0,0.0,VINS,2026-05-13
162.0,162.0,162.0,162.0,0,0.0,0.0,VINS,2026-05-14
162.0,162.0,162.0,162.0,0,0.0,0.0,VINS,2026-05-15
158.0,162.0,154.0,154.0,99000,0.0,0.0,VINS,2026-05-18
155.0,161.0,144.0,147.0,160200,0.0,0.0,VINS,2026-05-19
147.0,150.0,145.0,145.0,175200,0.0,0.0,VINS,2026-05-20
146.0,148.0,135.0,137.0,209000,0.0,0.0,VINS,2026-05-21
137.0,150.0,135.0,149.0,117400,0.0,0.0,VINS,2026-05-22
154.0,154.0,142.0,151.0,192300,0.0,0.0,VINS,2026-05-25
154.0,154.0,146.0,148.0,51900,0.0,0.0,VINS,2026-05-26
148.0,148.0,148.0,148.0,0,0.0,0.0,VINS,2026-05-27
148.0,148.0,148.0,148.0,0,0.0,0.0,VINS,2026-05-28
148.0,155.0,148.0,148.0,76600,0.0,0.0,VINS,2026-05-29
148.0,149.0,136.0,148.0,83500,0.0,0.0,VINS,2026-06-02
149.0,149.0,135.0,140.0,83000,0.0,0.0,VINS,2026-06-03
137.0,137.0,125.0,125.0,461300,0.0,0.0,VINS,2026-06-04
125.0,130.0,120.0,120.0,347200,0.0,0.0,VINS,2026-06-05
123.0,123.0,111.0,115.0,28300,0.0,0.0,VINS,2026-06-08
111.0,121.0,110.0,119.0,112900,0.0,0.0,VINS,2026-06-09
118.0,133.0,115.0,130.0,390300,0.0,0.0,VINS,2026-06-10
129.0,130.0,121.0,126.0,76100,0.0,0.0,VINS,2026-06-11
129.0,148.0,121.0,139.0,162600,0.0,0.0,VINS,2026-06-12
144.0,145.0,139.0,140.0,95400,0.0,0.0,VINS,2026-06-15
140.0,140.0,128.0,131.0,461400,0.0,0.0,VINS,2026-06-17
132.0,132.0,125.0,131.0,120200,0.0,0.0,VINS,2026-06-18
131.0,134.0,129.0,134.0,42700,0.0,0.0,VINS,2026-06-19
133.0,136.0,128.0,133.0,73800,0.0,0.0,VINS,2026-06-22
133.0,134.0,128.0,132.0,26100,0.0,0.0,VINS,2026-06-23
132.0,139.0,131.0,131.0,72100,0.0,0.0,VINS,2026-06-24
147.0,147.0,129.0,136.0,641200,0.0,0.0,VINS,2026-06-25
136.0,136.0,132.0,132.0,42100,0.0,0.0,VINS,2026-06-26
131.0,143.0,131.0,131.0,40700,0.0,0.0,VINS,2026-06-29
131.0,133.0,126.0,133.0,15400,0.0,0.0,VINS,2026-06-30
135.0,136.0,133.0,136.0,18900,0.0,0.0,VINS,2026-07-01
133.0,138.0,130.0,131.0,36300,0.0,0.0,VINS,2026-07-02
135.0,136.0,131.0,136.0,6400,0.0,0.0,VINS,2026-07-03
136.0,141.0,132.0,137.0,91400,0.0,0.0,VINS,2026-07-06
137.0,140.0,137.0,139.0,38500,0.0,0.0,VINS,2026-07-07
140.0,141.0,137.0,137.0,129900,0.0,0.0,VINS,2026-07-08
137.0,137.0,123.0,133.0,97900,0.0,0.0,VINS,2026-07-09
136.0,144.0,133.0,140.0,495700,0.0,0.0,VINS,2026-07-10
133.0,138.0,131.0,138.0,287700,0.0,0.0,VINS,2026-07-13
138.0,140.0,135.0,140.0,82400,0.0,0.0,VINS,2026-07-14
140.0,141.0,139.0,141.0,131500,0.0,0.0,VINS,2026-07-15
143.0,143.0,135.0,141.0,52300,0.0,0.0,VINS,2026-07-16
146.0,157.0,137.0,142.0,2433900,0.0,0.0,VINS,2026-07-17
143.0,143.0,136.0,139.0,243900,0.0,0.0,VINS,2026-07-20
139.0,141.0,136.0,139.0,243000,0.0,0.0,VINS,2026-07-21
140.0,140.0,138.0,140.0,36300,0.0,0.0,VINS,2026-07-22
139.0,140.0,137.0,139.0,60200,0.0,0.0,VINS,2026-07-23
139.0,140.0,130.0,138.0,342300,0.0,0.0,VINS,2026-07-24
138.0,139.0,134.0,138.0,39800,0.0,0.0,VINS,2026-07-27
138.0,139.0,135.0,139.0,52400,0.0,0.0,VINS,2026-07-28
137.0,146.0,135.0,138.0,206300,0.0,0.0,VINS,2026-07-29
144.0,145.0,139.0,139.0,207000,0.0,0.0,VINS,2026-07-30
139.0,148.0,135.0,139.0,99900,0.0,0.0,VINS,2026-07-31
139.0,145.0,137.0,141.0,88200,0.0,0.0,VINS,2026-08-03
143.0,143.0,136.0,140.0,843500,0.0,0.0,VINS,2026-08-04
140.0,142.0,138.0,140.0,39200,0.0,0.0,VINS,2026-08-05
141.0,146.0,139.0,141.0,52900,0.0,0.0,VINS,2026-08-06
141.0,143.0,140.0,143.0,74500,0.0,0.0,VINS,2026-08-07
143.0,145.0,141.0,143.0,74100,0.0,0.0,VINS,2026-08-10
141.0,143.0,140.0,143.0,163200,0.0,0.0,VINS,2026-08-11
142.0,146.0,142.0,145.0,199300,0.0,0.0,VINS,2026-08-12
147.0,147.0,140.0,143.0,163500,0.0,0.0,VINS,2026-08-13
143.0,143.0,141.0,143.0,3700,0.0,0.0,VINS,2026-08-14
142.0,148.0,142.0,144.0,173900,0.0,0.0,VINS,2026-08-18
147.0,147.0,141.0,142.0,75400,0.0,0.0,VINS,2026-08-19
143.0,143.0,137.0,142.0,444100,0.0,0.0,VINS,2026-08-20
140.0,168.0,140.0,142.0,10901500,0.0,0.0,VINS,2026-08-21
147.0,149.0,144.0,146.0,1305800,0.0,0.0,VINS,2026-08-24
146.0,147.0,141.0,141.0,651300,0.0,0.0,VINS,2026-08-26
140.0,143.0,137.0,139.0,1181100,0.0,0.0,VINS,2026-08-27
141.0,144.0,140.0,142.0,355800,0.0,0.0,VINS,2026-08-28
141.0,143.0,139.0,142.0,458500,0.0,0.0,VINS,2026-08-31
143.0,144.0,140.0,143.0,364400,0.0,0.0,VINS,2026-09-01
147.0,147.0,143.0,143.0,247900,0.0,0.0,VINS,2026-09-02
146.0,146.0,142.0,143.0,177800,0.0,0.0,VINS,2026-09-03
145.0,145.0,141.0,141.0,160200,0.0,0.0,VINS,2026-09-04
142.0,148.0,142.0,146.0,383900,0.0,0.0,VINS,2026-09-07
146.0,146.0,142.0,144.0,106800,0.0,0.0,VINS,2026-09-08
145.0,161.0,140.0,142.0,6635100,0.0,0.0,VINS,2026-09-09
142.0,168.0,142.0,152.0,12044100,0.0,0.0,VINS,2026-09-10
158.0,158.0,143.0,145.0,1044500,0.0,0.0,VINS,2026-09-11
152.0,152.0,142.0,143.0,706000,0.0,0.0,VINS,2026-09-14
142.0,156.0,138.0,145.0,3289500,0.0,0.0,VINS,2026-09-15
148.0,149.0,142.0,145.0,577700,0.0,0.0,VINS,2026-09-16
146.0,146.0,142.0,143.0,324200,0.0,0.0,VINS,2026-09-17
144.0,147.0,142.0,143.0,175600,0.0,0.0,VINS,2026-09-18
142.0,157.0,142.0,150.0,1109300,0.0,0.0,VINS,2026-09-21
